ISO-10303-21;
HEADER;
/* Generated by software containing ST-Developer
 * from STEP Tools, Inc. (www.steptools.com) 
 */

FILE_DESCRIPTION(
/* description */ (''),
/* implementation_level */ '2;1');

FILE_NAME(
/* name */ 'PumpkinCover.step',
/* time_stamp */ '2026-09-28T16:38:41+02:00',
/* author */ (''),
/* organization */ (''),
/* preprocessor_version */ 'ST-DEVELOPER v20.2',
/* originating_system */ 'Autodesk Translation Framework v15.15.0.0',
/* authorisation */ '');

FILE_SCHEMA (('AUTOMOTIVE_DESIGN { 1 0 10303 214 3 1 1 }'));
ENDSEC;

DATA;
#10=MECHANICAL_DESIGN_GEOMETRIC_PRESENTATION_REPRESENTATION('',(#17),#9683);
#11=ITEM_DEFINED_TRANSFORMATION($,$,#3720,#4166);
#12=(
REPRESENTATION_RELATIONSHIP($,$,#9694,#9693)
REPRESENTATION_RELATIONSHIP_WITH_TRANSFORMATION(#11)
SHAPE_REPRESENTATION_RELATIONSHIP()
);
#13=CONTEXT_DEPENDENT_SHAPE_REPRESENTATION(#12,#9692);
#14=NEXT_ASSEMBLY_USAGE_OCCURRENCE('PumpkinCover:1','PumpkinCover:1',
'PumpkinCover:1',#9696,#9697,'PumpkinCover:1');
#15=SHAPE_REPRESENTATION_RELATIONSHIP('SRR','None',#9694,#16);
#16=ADVANCED_BREP_SHAPE_REPRESENTATION('',(#18),#9682);
#17=STYLED_ITEM('',(#9708),#18);
#18=MANIFOLD_SOLID_BREP('Body1',#3706);
#19=(
BOUNDED_CURVE()
B_SPLINE_CURVE(2,(#6164,#6165,#6166),.UNSPECIFIED.,.F.,.F.)
B_SPLINE_CURVE_WITH_KNOTS((3,3),(0.841522217201988,2.18866825488098),
 .UNSPECIFIED.)
CURVE()
GEOMETRIC_REPRESENTATION_ITEM()
RATIONAL_B_SPLINE_CURVE((1.,1.,1.))
REPRESENTATION_ITEM('')
);
#20=(
BOUNDED_CURVE()
B_SPLINE_CURVE(2,(#6170,#6171,#6172),.UNSPECIFIED.,.F.,.F.)
B_SPLINE_CURVE_WITH_KNOTS((3,3),(0.841522217201904,2.40150441898035),
 .UNSPECIFIED.)
CURVE()
GEOMETRIC_REPRESENTATION_ITEM()
RATIONAL_B_SPLINE_CURVE((1.,1.,1.))
REPRESENTATION_ITEM('')
);
#21=(
BOUNDED_CURVE()
B_SPLINE_CURVE(2,(#6245,#6246,#6247),.UNSPECIFIED.,.F.,.F.)
B_SPLINE_CURVE_WITH_KNOTS((3,3),(0.84152221720197,2.40150441898045),
 .UNSPECIFIED.)
CURVE()
GEOMETRIC_REPRESENTATION_ITEM()
RATIONAL_B_SPLINE_CURVE((1.,1.,1.))
REPRESENTATION_ITEM('')
);
#22=(
BOUNDED_CURVE()
B_SPLINE_CURVE(2,(#6251,#6252,#6253),.UNSPECIFIED.,.F.,.F.)
B_SPLINE_CURVE_WITH_KNOTS((3,3),(0.841522217202006,2.188668254881),
 .UNSPECIFIED.)
CURVE()
GEOMETRIC_REPRESENTATION_ITEM()
RATIONAL_B_SPLINE_CURVE((1.,1.,1.))
REPRESENTATION_ITEM('')
);
#23=CONICAL_SURFACE('',#3818,24.3059593023256,0.174532925199433);
#24=CONICAL_SURFACE('',#3819,3.,0.174532925199433);
#25=CONICAL_SURFACE('',#3821,3.00000000000001,0.174532925199433);
#26=CONICAL_SURFACE('',#3823,58.8504166667024,0.174532925199433);
#27=FACE_BOUND('',#493,.T.);
#28=FACE_BOUND('',#495,.T.);
#29=FACE_BOUND('',#582,.T.);
#30=FACE_BOUND('',#686,.T.);
#31=FACE_BOUND('',#687,.T.);
#32=FACE_BOUND('',#699,.T.);
#33=FACE_BOUND('',#700,.T.);
#34=FACE_BOUND('',#707,.T.);
#35=B_SPLINE_SURFACE_WITH_KNOTS('',3,3,((#5539,#5540,#5541,#5542,#5543),
(#5544,#5545,#5546,#5547,#5548),(#5549,#5550,#5551,#5552,#5553),(#5554,
#5555,#5556,#5557,#5558),(#5559,#5560,#5561,#5562,#5563)),.UNSPECIFIED.,
 .F.,.F.,.F.,(4,1,4),(4,1,4),(0.,0.571428571428571,1.),(0.744539052032908,
0.804109755010316,0.883537358980193),.UNSPECIFIED.);
#36=B_SPLINE_SURFACE_WITH_KNOTS('',3,3,((#5635,#5636,#5637,#5638,#5639),
(#5640,#5641,#5642,#5643,#5644),(#5645,#5646,#5647,#5648,#5649),(#5650,
#5651,#5652,#5653,#5654),(#5655,#5656,#5657,#5658,#5659)),.UNSPECIFIED.,
 .F.,.F.,.F.,(4,1,4),(4,1,4),(0.138773094650913,0.507870339800522,1.),(0.744539052032908,
0.803834090109631,0.882894140878595),.UNSPECIFIED.);
#37=B_SPLINE_SURFACE_WITH_KNOTS('',3,3,((#5849,#5850,#5851,#5852,#5853),
(#5854,#5855,#5856,#5857,#5858),(#5859,#5860,#5861,#5862,#5863),(#5864,
#5865,#5866,#5867,#5868),(#5869,#5870,#5871,#5872,#5873)),.UNSPECIFIED.,
 .F.,.F.,.F.,(4,1,4),(4,1,4),(0.,0.571428571428571,1.),(0.605540743299479,
0.665111446886396,0.74453905166895),.UNSPECIFIED.);
#38=B_SPLINE_SURFACE_WITH_KNOTS('',3,3,((#6784,#6785,#6786,#6787,#6788),
(#6789,#6790,#6791,#6792,#6793),(#6794,#6795,#6796,#6797,#6798),(#6799,
#6800,#6801,#6802,#6803),(#6804,#6805,#6806,#6807,#6808)),.UNSPECIFIED.,
 .F.,.F.,.F.,(4,1,4),(4,1,4),(0.,0.571428571428571,1.),(0.605153199799628,
0.664889993457909,0.74453905166895),.UNSPECIFIED.);
#39=B_SPLINE_SURFACE_WITH_KNOTS('',3,3,((#6878,#6879,#6880,#6881,#6882),
(#6883,#6884,#6885,#6886,#6887),(#6888,#6889,#6890,#6891,#6892),(#6893,
#6894,#6895,#6896,#6897),(#6898,#6899,#6900,#6901,#6902)),.UNSPECIFIED.,
 .F.,.F.,.F.,(4,1,4),(4,1,4),(0.,0.571428571428571,1.),(0.744539052032908,
0.804275845082623,0.883924902482243),.UNSPECIFIED.);
#40=B_SPLINE_SURFACE_WITH_KNOTS('',3,3,((#6947,#6948,#6949,#6950,#6951),
(#6952,#6953,#6954,#6955,#6956),(#6957,#6958,#6959,#6960,#6961),(#6962,
#6963,#6964,#6965,#6966),(#6967,#6968,#6969,#6970,#6971)),.UNSPECIFIED.,
 .F.,.F.,.F.,(4,1,4),(4,1,4),(0.,0.571428571428571,1.),(0.605153199799628,
0.664889993457909,0.74453905166895),.UNSPECIFIED.);
#41=B_SPLINE_SURFACE_WITH_KNOTS('',3,3,((#7003,#7004,#7005,#7006,#7007),
(#7008,#7009,#7010,#7011,#7012),(#7013,#7014,#7015,#7016,#7017),(#7018,
#7019,#7020,#7021,#7022),(#7023,#7024,#7025,#7026,#7027)),.UNSPECIFIED.,
 .F.,.F.,.F.,(4,1,4),(4,1,4),(0.,0.571428571428571,1.),(0.744539052032908,
0.804275845082623,0.883924902482243),.UNSPECIFIED.);
#42=B_SPLINE_SURFACE_WITH_KNOTS('',3,3,((#7046,#7047,#7048,#7049,#7050),
(#7051,#7052,#7053,#7054,#7055),(#7056,#7057,#7058,#7059,#7060),(#7061,
#7062,#7063,#7064,#7065),(#7066,#7067,#7068,#7069,#7070)),.UNSPECIFIED.,
 .F.,.F.,.F.,(4,1,4),(4,1,4),(0.,0.571428571428571,1.),(0.605153199799628,
0.664889993457909,0.74453905166895),.UNSPECIFIED.);
#43=B_SPLINE_SURFACE_WITH_KNOTS('',3,3,((#7144,#7145,#7146,#7147,#7148),
(#7149,#7150,#7151,#7152,#7153),(#7154,#7155,#7156,#7157,#7158),(#7159,
#7160,#7161,#7162,#7163),(#7164,#7165,#7166,#7167,#7168)),.UNSPECIFIED.,
 .F.,.F.,.F.,(4,1,4),(4,1,4),(0.,0.571428571428571,1.),(0.744539052032908,
0.804275845082623,0.883924902482243),.UNSPECIFIED.);
#44=B_SPLINE_SURFACE_WITH_KNOTS('',3,3,((#7182,#7183,#7184,#7185,#7186),
(#7187,#7188,#7189,#7190,#7191),(#7192,#7193,#7194,#7195,#7196),(#7197,
#7198,#7199,#7200,#7201),(#7202,#7203,#7204,#7205,#7206)),.UNSPECIFIED.,
 .F.,.F.,.F.,(4,1,4),(4,1,4),(0.,0.571428571428571,1.),(0.605153199799628,
0.664889993457909,0.74453905166895),.UNSPECIFIED.);
#45=B_SPLINE_SURFACE_WITH_KNOTS('',3,3,((#7283,#7284,#7285,#7286,#7287),
(#7288,#7289,#7290,#7291,#7292),(#7293,#7294,#7295,#7296,#7297),(#7298,
#7299,#7300,#7301,#7302),(#7303,#7304,#7305,#7306,#7307)),.UNSPECIFIED.,
 .F.,.F.,.F.,(4,1,4),(4,1,4),(0.,0.571428571428571,1.),(0.744539052032908,
0.804275845082623,0.883924902482243),.UNSPECIFIED.);
#46=B_SPLINE_SURFACE_WITH_KNOTS('',3,3,((#7352,#7353,#7354,#7355,#7356),
(#7357,#7358,#7359,#7360,#7361),(#7362,#7363,#7364,#7365,#7366),(#7367,
#7368,#7369,#7370,#7371),(#7372,#7373,#7374,#7375,#7376)),.UNSPECIFIED.,
 .F.,.F.,.F.,(4,1,4),(4,1,4),(0.,0.571428571428571,1.),(0.605153199799628,
0.664889993457909,0.74453905166895),.UNSPECIFIED.);
#47=B_SPLINE_SURFACE_WITH_KNOTS('',3,3,((#7450,#7451,#7452,#7453,#7454),
(#7455,#7456,#7457,#7458,#7459),(#7460,#7461,#7462,#7463,#7464),(#7465,
#7466,#7467,#7468,#7469),(#7470,#7471,#7472,#7473,#7474)),.UNSPECIFIED.,
 .F.,.F.,.F.,(4,1,4),(4,1,4),(0.,0.571428571428571,1.),(0.744539052032908,
0.804275845082623,0.883924902482243),.UNSPECIFIED.);
#48=B_SPLINE_SURFACE_WITH_KNOTS('',3,3,((#7488,#7489,#7490,#7491,#7492),
(#7493,#7494,#7495,#7496,#7497),(#7498,#7499,#7500,#7501,#7502),(#7503,
#7504,#7505,#7506,#7507),(#7508,#7509,#7510,#7511,#7512)),.UNSPECIFIED.,
 .F.,.F.,.F.,(4,1,4),(4,1,4),(0.138773094645447,0.507870339797398,1.),(0.606183961399702,
0.665479000086523,0.74453905166895),.UNSPECIFIED.);
#49=B_SPLINE_SURFACE_WITH_KNOTS('',3,3,((#7550,#7551,#7552,#7553,#7554),
(#7555,#7556,#7557,#7558,#7559),(#7560,#7561,#7562,#7563,#7564),(#7565,
#7566,#7567,#7568,#7569),(#7570,#7571,#7572,#7573,#7574)),.UNSPECIFIED.,
 .F.,.F.,.F.,(4,1,4),(4,1,4),(0.,0.571428571428571,1.),(0.605153199799628,
0.664889993457909,0.74453905166895),.UNSPECIFIED.);
#50=B_SPLINE_SURFACE_WITH_KNOTS('',3,3,((#7617,#7618,#7619,#7620,#7621),
(#7622,#7623,#7624,#7625,#7626),(#7627,#7628,#7629,#7630,#7631),(#7632,
#7633,#7634,#7635,#7636),(#7637,#7638,#7639,#7640,#7641)),.UNSPECIFIED.,
 .F.,.F.,.F.,(4,1,4),(4,1,4),(0.,0.571428571428571,1.),(0.744539052032908,
0.804275845082623,0.883924902482243),.UNSPECIFIED.);
#51=B_SPLINE_SURFACE_WITH_KNOTS('',3,3,((#7673,#7674,#7675,#7676,#7677),
(#7678,#7679,#7680,#7681,#7682),(#7683,#7684,#7685,#7686,#7687),(#7688,
#7689,#7690,#7691,#7692),(#7693,#7694,#7695,#7696,#7697)),.UNSPECIFIED.,
 .F.,.F.,.F.,(4,1,4),(4,1,4),(0.,0.571428571428571,1.),(0.605153199799628,
0.664889993457909,0.74453905166895),.UNSPECIFIED.);
#52=B_SPLINE_SURFACE_WITH_KNOTS('',3,3,((#7774,#7775,#7776,#7777,#7778),
(#7779,#7780,#7781,#7782,#7783),(#7784,#7785,#7786,#7787,#7788),(#7789,
#7790,#7791,#7792,#7793),(#7794,#7795,#7796,#7797,#7798)),.UNSPECIFIED.,
 .F.,.F.,.F.,(4,1,4),(4,1,4),(0.,0.571428571428571,1.),(0.744539052032908,
0.804275845082623,0.883924902482243),.UNSPECIFIED.);
#53=B_SPLINE_SURFACE_WITH_KNOTS('',3,3,((#7843,#7844,#7845,#7846,#7847),
(#7848,#7849,#7850,#7851,#7852),(#7853,#7854,#7855,#7856,#7857),(#7858,
#7859,#7860,#7861,#7862),(#7863,#7864,#7865,#7866,#7867)),.UNSPECIFIED.,
 .F.,.F.,.F.,(4,1,4),(4,1,4),(0.,0.571428571428571,1.),(0.605153199799628,
0.664889993457909,0.74453905166895),.UNSPECIFIED.);
#54=B_SPLINE_SURFACE_WITH_KNOTS('',3,3,((#7923,#7924,#7925,#7926,#7927),
(#7928,#7929,#7930,#7931,#7932),(#7933,#7934,#7935,#7936,#7937),(#7938,
#7939,#7940,#7941,#7942),(#7943,#7944,#7945,#7946,#7947)),.UNSPECIFIED.,
 .F.,.F.,.F.,(4,1,4),(4,1,4),(0.,0.571428571428571,1.),(0.744539052032908,
0.804275845082623,0.883924902482243),.UNSPECIFIED.);
#55=B_SPLINE_SURFACE_WITH_KNOTS('',3,3,((#7979,#7980,#7981,#7982,#7983),
(#7984,#7985,#7986,#7987,#7988),(#7989,#7990,#7991,#7992,#7993),(#7994,
#7995,#7996,#7997,#7998),(#7999,#8000,#8001,#8002,#8003)),.UNSPECIFIED.,
 .F.,.F.,.F.,(4,1,4),(4,1,4),(0.,0.571428571428571,1.),(0.605153199799628,
0.664889993457909,0.74453905166895),.UNSPECIFIED.);
#56=B_SPLINE_SURFACE_WITH_KNOTS('',3,3,((#8059,#8060,#8061,#8062,#8063),
(#8064,#8065,#8066,#8067,#8068),(#8069,#8070,#8071,#8072,#8073),(#8074,
#8075,#8076,#8077,#8078),(#8079,#8080,#8081,#8082,#8083)),.UNSPECIFIED.,
 .F.,.F.,.F.,(4,1,4),(4,1,4),(0.,0.571428571428571,1.),(0.744539052032908,
0.804275845082623,0.883924902482243),.UNSPECIFIED.);
#57=B_SPLINE_SURFACE_WITH_KNOTS('',3,3,((#8102,#8103,#8104,#8105,#8106),
(#8107,#8108,#8109,#8110,#8111),(#8112,#8113,#8114,#8115,#8116),(#8117,
#8118,#8119,#8120,#8121),(#8122,#8123,#8124,#8125,#8126)),.UNSPECIFIED.,
 .F.,.F.,.F.,(4,1,4),(4,1,4),(0.,0.571428571428571,1.),(0.605153199799628,
0.664889993457909,0.74453905166895),.UNSPECIFIED.);
#58=B_SPLINE_SURFACE_WITH_KNOTS('',3,3,((#8177,#8178,#8179,#8180,#8181),
(#8182,#8183,#8184,#8185,#8186),(#8187,#8188,#8189,#8190,#8191),(#8192,
#8193,#8194,#8195,#8196),(#8197,#8198,#8199,#8200,#8201)),.UNSPECIFIED.,
 .F.,.F.,.F.,(4,1,4),(4,1,4),(0.,0.571428571428571,1.),(0.744539052032908,
0.804275845082623,0.883924902482243),.UNSPECIFIED.);
#59=B_SPLINE_SURFACE_WITH_KNOTS('',3,3,((#8215,#8216,#8217,#8218,#8219),
(#8220,#8221,#8222,#8223,#8224),(#8225,#8226,#8227,#8228,#8229),(#8230,
#8231,#8232,#8233,#8234),(#8235,#8236,#8237,#8238,#8239)),.UNSPECIFIED.,
 .F.,.F.,.F.,(4,1,4),(4,1,4),(0.,0.571428571428571,1.),(0.605153199799628,
0.664889993457909,0.74453905166895),.UNSPECIFIED.);
#60=B_SPLINE_SURFACE_WITH_KNOTS('',3,3,((#8292,#8293,#8294,#8295,#8296),
(#8297,#8298,#8299,#8300,#8301),(#8302,#8303,#8304,#8305,#8306),(#8307,
#8308,#8309,#8310,#8311),(#8312,#8313,#8314,#8315,#8316)),.UNSPECIFIED.,
 .F.,.F.,.F.,(4,1,4),(4,1,4),(0.,0.571428571428571,1.),(0.744539052032908,
0.804275845082623,0.883924902482243),.UNSPECIFIED.);
#61=B_SPLINE_SURFACE_WITH_KNOTS('',3,3,((#8317,#8318,#8319,#8320,#8321),
(#8322,#8323,#8324,#8325,#8326),(#8327,#8328,#8329,#8330,#8331),(#8332,
#8333,#8334,#8335,#8336),(#8337,#8338,#8339,#8340,#8341)),.UNSPECIFIED.,
 .F.,.F.,.F.,(4,1,4),(4,1,4),(0.,0.571428571428571,1.),(0.605153199799628,
0.664889993457909,0.74453905166895),.UNSPECIFIED.);
#62=B_SPLINE_SURFACE_WITH_KNOTS('',3,3,((#8394,#8395,#8396,#8397,#8398),
(#8399,#8400,#8401,#8402,#8403),(#8404,#8405,#8406,#8407,#8408),(#8409,
#8410,#8411,#8412,#8413),(#8414,#8415,#8416,#8417,#8418)),.UNSPECIFIED.,
 .F.,.F.,.F.,(4,1,4),(4,1,4),(0.,0.571428571428571,1.),(0.744539052032908,
0.804275845082623,0.883924902482243),.UNSPECIFIED.);
#63=B_SPLINE_SURFACE_WITH_KNOTS('',3,3,((#8419,#8420,#8421,#8422,#8423),
(#8424,#8425,#8426,#8427,#8428),(#8429,#8430,#8431,#8432,#8433),(#8434,
#8435,#8436,#8437,#8438),(#8439,#8440,#8441,#8442,#8443)),.UNSPECIFIED.,
 .F.,.F.,.F.,(4,1,4),(4,1,4),(0.,0.571428571428571,1.),(0.605153199799628,
0.664889993457909,0.74453905166895),.UNSPECIFIED.);
#64=B_SPLINE_SURFACE_WITH_KNOTS('',3,3,((#8475,#8476,#8477,#8478,#8479),
(#8480,#8481,#8482,#8483,#8484),(#8485,#8486,#8487,#8488,#8489),(#8490,
#8491,#8492,#8493,#8494),(#8495,#8496,#8497,#8498,#8499)),.UNSPECIFIED.,
 .F.,.F.,.F.,(4,1,4),(4,1,4),(0.,0.571428571428571,1.),(0.744539052032908,
0.804275845082623,0.883924902482243),.UNSPECIFIED.);
#65=B_SPLINE_SURFACE_WITH_KNOTS('',3,3,((#8544,#8545,#8546,#8547,#8548),
(#8549,#8550,#8551,#8552,#8553),(#8554,#8555,#8556,#8557,#8558),(#8559,
#8560,#8561,#8562,#8563),(#8564,#8565,#8566,#8567,#8568)),.UNSPECIFIED.,
 .F.,.F.,.F.,(4,1,4),(4,1,4),(0.,0.571428571428571,1.),(0.605153199799628,
0.664889993457909,0.74453905166895),.UNSPECIFIED.);
#66=B_SPLINE_SURFACE_WITH_KNOTS('',3,3,((#8644,#8645,#8646,#8647,#8648),
(#8649,#8650,#8651,#8652,#8653),(#8654,#8655,#8656,#8657,#8658),(#8659,
#8660,#8661,#8662,#8663),(#8664,#8665,#8666,#8667,#8668)),.UNSPECIFIED.,
 .F.,.F.,.F.,(4,1,4),(4,1,4),(0.,0.571428571428571,1.),(0.744539052032908,
0.804275845082623,0.883924902482243),.UNSPECIFIED.);
#67=B_SPLINE_SURFACE_WITH_KNOTS('',3,3,((#8682,#8683,#8684,#8685,#8686),
(#8687,#8688,#8689,#8690,#8691),(#8692,#8693,#8694,#8695,#8696),(#8697,
#8698,#8699,#8700,#8701),(#8702,#8703,#8704,#8705,#8706)),.UNSPECIFIED.,
 .F.,.F.,.F.,(4,1,4),(4,1,4),(0.,0.571428571428571,1.),(0.605153199799628,
0.664889993457909,0.74453905166895),.UNSPECIFIED.);
#68=B_SPLINE_SURFACE_WITH_KNOTS('',3,3,((#8780,#8781,#8782,#8783,#8784),
(#8785,#8786,#8787,#8788,#8789),(#8790,#8791,#8792,#8793,#8794),(#8795,
#8796,#8797,#8798,#8799),(#8800,#8801,#8802,#8803,#8804)),.UNSPECIFIED.,
 .F.,.F.,.F.,(4,1,4),(4,1,4),(0.,0.571428571428571,1.),(0.744539052032908,
0.804275845082623,0.883924902482243),.UNSPECIFIED.);
#69=B_SPLINE_SURFACE_WITH_KNOTS('',3,3,((#8818,#8819,#8820,#8821,#8822),
(#8823,#8824,#8825,#8826,#8827),(#8828,#8829,#8830,#8831,#8832),(#8833,
#8834,#8835,#8836,#8837),(#8838,#8839,#8840,#8841,#8842)),.UNSPECIFIED.,
 .F.,.F.,.F.,(4,1,4),(4,1,4),(0.,0.571428571428571,1.),(0.605153199799628,
0.664889993457909,0.74453905166895),.UNSPECIFIED.);
#70=B_SPLINE_SURFACE_WITH_KNOTS('',3,3,((#8856,#8857,#8858,#8859,#8860),
(#8861,#8862,#8863,#8864,#8865),(#8866,#8867,#8868,#8869,#8870),(#8871,
#8872,#8873,#8874,#8875),(#8876,#8877,#8878,#8879,#8880)),.UNSPECIFIED.,
 .F.,.F.,.F.,(4,1,4),(4,1,4),(0.,0.571428571428571,1.),(0.744539052032908,
0.804275845082623,0.883924902482243),.UNSPECIFIED.);
#71=B_SPLINE_SURFACE_WITH_KNOTS('',3,3,((#8912,#8913,#8914,#8915,#8916),
(#8917,#8918,#8919,#8920,#8921),(#8922,#8923,#8924,#8925,#8926),(#8927,
#8928,#8929,#8930,#8931),(#8932,#8933,#8934,#8935,#8936)),.UNSPECIFIED.,
 .F.,.F.,.F.,(4,1,4),(4,1,4),(0.,0.571428571428571,1.),(0.605153199799628,
0.664889993457909,0.74453905166895),.UNSPECIFIED.);
#72=B_SPLINE_SURFACE_WITH_KNOTS('',3,3,((#8974,#8975,#8976,#8977,#8978),
(#8979,#8980,#8981,#8982,#8983),(#8984,#8985,#8986,#8987,#8988),(#8989,
#8990,#8991,#8992,#8993),(#8994,#8995,#8996,#8997,#8998)),.UNSPECIFIED.,
 .F.,.F.,.F.,(4,1,4),(4,1,4),(0.,0.571428571428571,1.),(0.744539052032908,
0.804275845082623,0.883924902482243),.UNSPECIFIED.);
#73=B_SPLINE_SURFACE_WITH_KNOTS('',3,3,((#9030,#9031,#9032,#9033,#9034),
(#9035,#9036,#9037,#9038,#9039),(#9040,#9041,#9042,#9043,#9044),(#9045,
#9046,#9047,#9048,#9049),(#9050,#9051,#9052,#9053,#9054)),.UNSPECIFIED.,
 .F.,.F.,.F.,(4,1,4),(4,1,4),(0.,0.571428571428571,1.),(0.605153199799628,
0.664889993457909,0.74453905166895),.UNSPECIFIED.);
#74=B_SPLINE_SURFACE_WITH_KNOTS('',3,3,((#9131,#9132,#9133,#9134,#9135),
(#9136,#9137,#9138,#9139,#9140),(#9141,#9142,#9143,#9144,#9145),(#9146,
#9147,#9148,#9149,#9150),(#9151,#9152,#9153,#9154,#9155)),.UNSPECIFIED.,
 .F.,.F.,.F.,(4,1,4),(4,1,4),(0.,0.571428571428571,1.),(0.744539052032908,
0.804275845082623,0.883924902482243),.UNSPECIFIED.);
#75=B_SPLINE_SURFACE_WITH_KNOTS('',3,3,((#9200,#9201,#9202,#9203,#9204),
(#9205,#9206,#9207,#9208,#9209),(#9210,#9211,#9212,#9213,#9214),(#9215,
#9216,#9217,#9218,#9219),(#9220,#9221,#9222,#9223,#9224)),.UNSPECIFIED.,
 .F.,.F.,.F.,(4,1,4),(4,1,4),(0.,0.571428571428571,1.),(0.605153199799628,
0.664889993457909,0.74453905166895),.UNSPECIFIED.);
#76=B_SPLINE_SURFACE_WITH_KNOTS('',3,3,((#9277,#9278,#9279,#9280,#9281),
(#9282,#9283,#9284,#9285,#9286),(#9287,#9288,#9289,#9290,#9291),(#9292,
#9293,#9294,#9295,#9296),(#9297,#9298,#9299,#9300,#9301)),.UNSPECIFIED.,
 .F.,.F.,.F.,(4,1,4),(4,1,4),(0.,0.571428571428571,1.),(0.744539052032908,
0.804275845082623,0.883924902482243),.UNSPECIFIED.);
#77=B_SPLINE_SURFACE_WITH_KNOTS('',3,3,((#9302,#9303,#9304,#9305,#9306),
(#9307,#9308,#9309,#9310,#9311),(#9312,#9313,#9314,#9315,#9316),(#9317,
#9318,#9319,#9320,#9321),(#9322,#9323,#9324,#9325,#9326)),.UNSPECIFIED.,
 .F.,.F.,.F.,(4,1,4),(4,1,4),(0.,0.571428571428571,1.),(0.605153199799628,
0.664889993457909,0.74453905166895),.UNSPECIFIED.);
#78=B_SPLINE_SURFACE_WITH_KNOTS('',3,3,((#9379,#9380,#9381,#9382,#9383),
(#9384,#9385,#9386,#9387,#9388),(#9389,#9390,#9391,#9392,#9393),(#9394,
#9395,#9396,#9397,#9398),(#9399,#9400,#9401,#9402,#9403)),.UNSPECIFIED.,
 .F.,.F.,.F.,(4,1,4),(4,1,4),(0.,0.571428571428571,1.),(0.744539052032908,
0.804275845082623,0.883924902482243),.UNSPECIFIED.);
#79=B_SPLINE_SURFACE_WITH_KNOTS('',3,3,((#9423,#9424,#9425,#9426,#9427),
(#9428,#9429,#9430,#9431,#9432),(#9433,#9434,#9435,#9436,#9437),(#9438,
#9439,#9440,#9441,#9442),(#9443,#9444,#9445,#9446,#9447)),.UNSPECIFIED.,
 .F.,.F.,.F.,(4,1,4),(4,1,4),(0.,0.571428571428571,1.),(0.605153199799628,
0.664889993457909,0.74453905166895),.UNSPECIFIED.);
#80=B_SPLINE_SURFACE_WITH_KNOTS('',3,3,((#9500,#9501,#9502,#9503,#9504),
(#9505,#9506,#9507,#9508,#9509),(#9510,#9511,#9512,#9513,#9514),(#9515,
#9516,#9517,#9518,#9519),(#9520,#9521,#9522,#9523,#9524)),.UNSPECIFIED.,
 .F.,.F.,.F.,(4,1,4),(4,1,4),(0.,0.571428571428571,1.),(0.744539052032908,
0.804275845082623,0.883924902482243),.UNSPECIFIED.);
#81=B_SPLINE_SURFACE_WITH_KNOTS('',3,3,((#9538,#9539,#9540,#9541,#9542),
(#9543,#9544,#9545,#9546,#9547),(#9548,#9549,#9550,#9551,#9552),(#9553,
#9554,#9555,#9556,#9557),(#9558,#9559,#9560,#9561,#9562)),.UNSPECIFIED.,
 .F.,.F.,.F.,(4,1,4),(4,1,4),(0.,0.571428571428571,1.),(0.605153199799628,
0.664889993457909,0.74453905166895),.UNSPECIFIED.);
#82=B_SPLINE_SURFACE_WITH_KNOTS('',3,3,((#9576,#9577,#9578,#9579,#9580),
(#9581,#9582,#9583,#9584,#9585),(#9586,#9587,#9588,#9589,#9590),(#9591,
#9592,#9593,#9594,#9595),(#9596,#9597,#9598,#9599,#9600)),.UNSPECIFIED.,
 .F.,.F.,.F.,(4,1,4),(4,1,4),(0.,0.571428571428571,1.),(0.744539052032908,
0.804275845082623,0.883924902482243),.UNSPECIFIED.);
#83=TOROIDAL_SURFACE('',#3737,29.6316867811057,3.25012605972361);
#84=TOROIDAL_SURFACE('',#3741,33.2216033769224,2.06654905579286);
#85=TOROIDAL_SURFACE('',#3745,33.2216033769224,2.06654905579286);
#86=TOROIDAL_SURFACE('',#3799,33.2216033769224,2.06654905579286);
#87=TOROIDAL_SURFACE('',#3803,33.2216033769224,2.06654905579286);
#88=TOROIDAL_SURFACE('',#3806,29.6316867811057,3.25012605972361);
#89=TOROIDAL_SURFACE('',#3833,33.2216033769224,2.06654905579286);
#90=TOROIDAL_SURFACE('',#3840,33.2216033769224,2.06654905579286);
#91=TOROIDAL_SURFACE('',#3843,33.2216033769224,2.06654905579286);
#92=TOROIDAL_SURFACE('',#3848,33.2216033769224,2.06654905579286);
#93=TOROIDAL_SURFACE('',#3851,33.2216033769224,2.06654905579286);
#94=TOROIDAL_SURFACE('',#3854,33.2216033769224,2.06654905579286);
#95=TOROIDAL_SURFACE('',#3862,33.2216033769224,2.06654905579286);
#96=TOROIDAL_SURFACE('',#3865,33.2216033769224,2.06654905579286);
#97=TOROIDAL_SURFACE('',#3867,33.2216033769224,2.06654905579286);
#98=TOROIDAL_SURFACE('',#3870,33.2216033769224,2.06654905579286);
#99=TOROIDAL_SURFACE('',#3879,33.2216033769224,2.06654905579286);
#100=TOROIDAL_SURFACE('',#3881,33.2216033769224,2.06654905579286);
#101=TOROIDAL_SURFACE('',#3884,33.2216033769224,2.06654905579286);
#102=TOROIDAL_SURFACE('',#3886,33.2216033769224,2.06654905579286);
#103=TOROIDAL_SURFACE('',#3888,33.2216033769224,2.06654905579286);
#104=TOROIDAL_SURFACE('',#3891,33.2216033769224,2.06654905579286);
#105=TOROIDAL_SURFACE('',#3900,33.2216033769224,2.06654905579286);
#106=TOROIDAL_SURFACE('',#3902,33.2216033769224,2.06654905579286);
#107=TOROIDAL_SURFACE('',#3905,33.2216033769224,2.06654905579286);
#108=TOROIDAL_SURFACE('',#3907,33.2216033769224,2.06654905579286);
#109=TOROIDAL_SURFACE('',#3909,33.2216033769224,2.06654905579286);
#110=TOROIDAL_SURFACE('',#3912,33.2216033769224,2.06654905579286);
#111=TOROIDAL_SURFACE('',#3916,33.2216033769224,2.06654905579286);
#112=TOROIDAL_SURFACE('',#3922,29.6316867811057,3.25012605972361);
#113=TOROIDAL_SURFACE('',#3923,33.2216033769224,2.06654905579286);
#114=TOROIDAL_SURFACE('',#3927,33.2216033769224,2.06654905579286);
#115=TOROIDAL_SURFACE('',#3931,29.6316867811057,3.25012605972361);
#116=TOROIDAL_SURFACE('',#3933,33.2216033769224,2.06654905579286);
#117=TOROIDAL_SURFACE('',#3940,29.6316867811057,3.25012605972361);
#118=TOROIDAL_SURFACE('',#3941,33.2216033769224,2.06654905579286);
#119=TOROIDAL_SURFACE('',#3945,33.2216033769224,2.06654905579286);
#120=TOROIDAL_SURFACE('',#3952,29.6316867811057,3.25012605972361);
#121=TOROIDAL_SURFACE('',#3953,33.2216033769224,2.06654905579286);
#122=TOROIDAL_SURFACE('',#3959,33.2216033769224,2.06654905579286);
#123=TOROIDAL_SURFACE('',#3966,29.6316867811057,3.25012605972361);
#124=TOROIDAL_SURFACE('',#3967,33.2216033769224,2.06654905579286);
#125=TOROIDAL_SURFACE('',#3970,33.2216033769224,2.06654905579286);
#126=TOROIDAL_SURFACE('',#3972,33.2216033769224,2.06654905579286);
#127=TOROIDAL_SURFACE('',#3975,33.2216033769224,2.06654905579286);
#128=TOROIDAL_SURFACE('',#3982,29.6316867811057,3.25012605972361);
#129=TOROIDAL_SURFACE('',#3983,33.2216033769224,2.06654905579286);
#130=TOROIDAL_SURFACE('',#3988,33.2216033769224,2.06654905579286);
#131=TOROIDAL_SURFACE('',#3995,29.6316867811057,3.25012605972361);
#132=TOROIDAL_SURFACE('',#3996,33.2216033769224,2.06654905579286);
#133=TOROIDAL_SURFACE('',#4002,33.2216033769224,2.06654905579286);
#134=TOROIDAL_SURFACE('',#4008,29.6316867811057,3.25012605972361);
#135=TOROIDAL_SURFACE('',#4009,33.2216033769224,2.06654905579286);
#136=TOROIDAL_SURFACE('',#4014,33.2216033769224,2.06654905579286);
#137=TOROIDAL_SURFACE('',#4020,29.6316867811057,3.25012605972361);
#138=TOROIDAL_SURFACE('',#4021,33.2216033769224,2.06654905579286);
#139=TOROIDAL_SURFACE('',#4025,33.2216033769224,2.06654905579286);
#140=TOROIDAL_SURFACE('',#4031,29.6316867811057,3.25012605972361);
#141=TOROIDAL_SURFACE('',#4032,33.2216033769224,2.06654905579286);
#142=TOROIDAL_SURFACE('',#4035,33.2216033769224,2.06654905579286);
#143=TOROIDAL_SURFACE('',#4041,29.6316867811057,3.25012605972361);
#144=TOROIDAL_SURFACE('',#4042,33.2216033769224,2.06654905579286);
#145=TOROIDAL_SURFACE('',#4045,33.2216033769224,2.06654905579286);
#146=TOROIDAL_SURFACE('',#4051,29.6316867811057,3.25012605972361);
#147=TOROIDAL_SURFACE('',#4052,33.2216033769224,2.06654905579286);
#148=TOROIDAL_SURFACE('',#4054,29.6316867811057,3.25012605972361);
#149=TOROIDAL_SURFACE('',#4058,33.2216033769224,2.06654905579286);
#150=TOROIDAL_SURFACE('',#4065,29.6316867811057,3.25012605972361);
#151=TOROIDAL_SURFACE('',#4066,33.2216033769224,2.06654905579286);
#152=TOROIDAL_SURFACE('',#4071,33.2216033769224,2.06654905579286);
#153=TOROIDAL_SURFACE('',#4078,29.6316867811057,3.25012605972361);
#154=TOROIDAL_SURFACE('',#4079,33.2216033769224,2.06654905579286);
#155=TOROIDAL_SURFACE('',#4082,29.6316867811057,3.25012605972361);
#156=TOROIDAL_SURFACE('',#4088,29.6316867811057,3.25012605972361);
#157=TOROIDAL_SURFACE('',#4089,33.2216033769224,2.06654905579286);
#158=TOROIDAL_SURFACE('',#4094,33.2216033769224,2.06654905579286);
#159=TOROIDAL_SURFACE('',#4101,29.6316867811057,3.25012605972361);
#160=TOROIDAL_SURFACE('',#4102,33.2216033769224,2.06654905579286);
#161=TOROIDAL_SURFACE('',#4108,33.2216033769224,2.06654905579286);
#162=TOROIDAL_SURFACE('',#4114,29.6316867811057,3.25012605972361);
#163=TOROIDAL_SURFACE('',#4115,33.2216033769224,2.06654905579286);
#164=TOROIDAL_SURFACE('',#4118,33.2216033769224,2.06654905579286);
#165=TOROIDAL_SURFACE('',#4124,29.6316867811057,3.25012605972361);
#166=TOROIDAL_SURFACE('',#4125,33.2216033769224,2.06654905579286);
#167=TOROIDAL_SURFACE('',#4127,33.2216033769224,2.06654905579286);
#168=TOROIDAL_SURFACE('',#4131,33.2216033769224,2.06654905579286);
#169=TOROIDAL_SURFACE('',#4133,33.2216033769224,2.06654905579286);
#170=TOROIDAL_SURFACE('',#4139,29.6316867811057,3.25012605972361);
#171=TOROIDAL_SURFACE('',#4140,33.2216033769224,2.06654905579286);
#172=TOROIDAL_SURFACE('',#4143,29.6316867811057,3.25012605972361);
#173=SPHERICAL_SURFACE('',#3732,35.352365193204);
#174=SPHERICAL_SURFACE('',#3837,35.352365193204);
#175=SPHERICAL_SURFACE('',#3856,35.352365193204);
#176=SPHERICAL_SURFACE('',#3859,35.352365193204);
#177=SPHERICAL_SURFACE('',#3872,35.352365193204);
#178=SPHERICAL_SURFACE('',#3875,35.352365193204);
#179=SPHERICAL_SURFACE('',#3893,35.352365193204);
#180=SPHERICAL_SURFACE('',#3896,35.352365193204);
#181=SPHERICAL_SURFACE('',#3914,35.352365193204);
#182=SPHERICAL_SURFACE('',#3919,35.352365193204);
#183=SPHERICAL_SURFACE('',#3929,35.352365193204);
#184=SPHERICAL_SURFACE('',#3936,35.352365193204);
#185=SPHERICAL_SURFACE('',#3948,35.352365193204);
#186=SPHERICAL_SURFACE('',#3962,35.352365193204);
#187=SPHERICAL_SURFACE('',#3978,35.352365193204);
#188=SPHERICAL_SURFACE('',#3991,35.352365193204);
#189=SPHERICAL_SURFACE('',#4004,35.352365193204);
#190=SPHERICAL_SURFACE('',#4016,35.352365193204);
#191=SPHERICAL_SURFACE('',#4027,35.352365193204);
#192=SPHERICAL_SURFACE('',#4037,35.352365193204);
#193=SPHERICAL_SURFACE('',#4047,35.352365193204);
#194=SPHERICAL_SURFACE('',#4061,35.352365193204);
#195=SPHERICAL_SURFACE('',#4074,35.352365193204);
#196=SPHERICAL_SURFACE('',#4084,35.352365193204);
#197=SPHERICAL_SURFACE('',#4097,35.352365193204);
#198=SPHERICAL_SURFACE('',#4110,35.352365193204);
#199=SPHERICAL_SURFACE('',#4120,35.352365193204);
#200=SPHERICAL_SURFACE('',#4129,35.352365193204);
#201=SPHERICAL_SURFACE('',#4135,35.352365193204);
#202=CYLINDRICAL_SURFACE('',#3723,1.49999999999973);
#203=CYLINDRICAL_SURFACE('',#3726,1.05);
#204=CYLINDRICAL_SURFACE('',#3727,1.49999999999972);
#205=CYLINDRICAL_SURFACE('',#3739,29.6316867811058);
#206=CYLINDRICAL_SURFACE('',#3747,29.6316867811058);
#207=CYLINDRICAL_SURFACE('',#3750,29.6316867811058);
#208=CYLINDRICAL_SURFACE('',#3802,29.6316867811058);
#209=CYLINDRICAL_SURFACE('',#3808,1.05);
#210=CYLINDRICAL_SURFACE('',#3811,4.05);
#211=CYLINDRICAL_SURFACE('',#3828,29.2316867811058);
#212=CYLINDRICAL_SURFACE('',#3830,29.2316867811058);
#213=CYLINDRICAL_SURFACE('',#3925,29.6316867811058);
#214=CYLINDRICAL_SURFACE('',#3926,29.6316867811058);
#215=CYLINDRICAL_SURFACE('',#3943,29.6316867811058);
#216=CYLINDRICAL_SURFACE('',#3956,29.6316867811058);
#217=CYLINDRICAL_SURFACE('',#3957,29.6316867811058);
#218=CYLINDRICAL_SURFACE('',#3969,29.6316867811058);
#219=CYLINDRICAL_SURFACE('',#3986,29.6316867811058);
#220=CYLINDRICAL_SURFACE('',#3999,29.6316867811058);
#221=CYLINDRICAL_SURFACE('',#4000,29.6316867811058);
#222=CYLINDRICAL_SURFACE('',#4012,29.6316867811058);
#223=CYLINDRICAL_SURFACE('',#4033,29.6316867811058);
#224=CYLINDRICAL_SURFACE('',#4055,29.6316867811058);
#225=CYLINDRICAL_SURFACE('',#4056,29.6316867811058);
#226=CYLINDRICAL_SURFACE('',#4069,29.6316867811058);
#227=CYLINDRICAL_SURFACE('',#4081,29.6316867811058);
#228=CYLINDRICAL_SURFACE('',#4083,29.6316867811058);
#229=CYLINDRICAL_SURFACE('',#4092,29.6316867811058);
#230=CYLINDRICAL_SURFACE('',#4105,29.6316867811058);
#231=CYLINDRICAL_SURFACE('',#4106,29.6316867811058);
#232=CYLINDRICAL_SURFACE('',#4142,29.6316867811058);
#233=CYLINDRICAL_SURFACE('',#4165,29.2316867811058);
#234=FACE_OUTER_BOUND('',#467,.T.);
#235=FACE_OUTER_BOUND('',#468,.T.);
#236=FACE_OUTER_BOUND('',#469,.T.);
#237=FACE_OUTER_BOUND('',#470,.T.);
#238=FACE_OUTER_BOUND('',#471,.T.);
#239=FACE_OUTER_BOUND('',#472,.T.);
#240=FACE_OUTER_BOUND('',#473,.T.);
#241=FACE_OUTER_BOUND('',#474,.T.);
#242=FACE_OUTER_BOUND('',#475,.T.);
#243=FACE_OUTER_BOUND('',#476,.T.);
#244=FACE_OUTER_BOUND('',#477,.T.);
#245=FACE_OUTER_BOUND('',#478,.T.);
#246=FACE_OUTER_BOUND('',#479,.T.);
#247=FACE_OUTER_BOUND('',#480,.T.);
#248=FACE_OUTER_BOUND('',#481,.T.);
#249=FACE_OUTER_BOUND('',#482,.T.);
#250=FACE_OUTER_BOUND('',#483,.T.);
#251=FACE_OUTER_BOUND('',#484,.T.);
#252=FACE_OUTER_BOUND('',#485,.T.);
#253=FACE_OUTER_BOUND('',#486,.T.);
#254=FACE_OUTER_BOUND('',#487,.T.);
#255=FACE_OUTER_BOUND('',#488,.T.);
#256=FACE_OUTER_BOUND('',#489,.T.);
#257=FACE_OUTER_BOUND('',#490,.T.);
#258=FACE_OUTER_BOUND('',#491,.T.);
#259=FACE_OUTER_BOUND('',#492,.T.);
#260=FACE_OUTER_BOUND('',#494,.T.);
#261=FACE_OUTER_BOUND('',#496,.T.);
#262=FACE_OUTER_BOUND('',#497,.T.);
#263=FACE_OUTER_BOUND('',#498,.T.);
#264=FACE_OUTER_BOUND('',#499,.T.);
#265=FACE_OUTER_BOUND('',#500,.T.);
#266=FACE_OUTER_BOUND('',#501,.T.);
#267=FACE_OUTER_BOUND('',#502,.T.);
#268=FACE_OUTER_BOUND('',#503,.T.);
#269=FACE_OUTER_BOUND('',#504,.T.);
#270=FACE_OUTER_BOUND('',#505,.T.);
#271=FACE_OUTER_BOUND('',#506,.T.);
#272=FACE_OUTER_BOUND('',#507,.T.);
#273=FACE_OUTER_BOUND('',#508,.T.);
#274=FACE_OUTER_BOUND('',#509,.T.);
#275=FACE_OUTER_BOUND('',#510,.T.);
#276=FACE_OUTER_BOUND('',#511,.T.);
#277=FACE_OUTER_BOUND('',#512,.T.);
#278=FACE_OUTER_BOUND('',#513,.T.);
#279=FACE_OUTER_BOUND('',#514,.T.);
#280=FACE_OUTER_BOUND('',#515,.T.);
#281=FACE_OUTER_BOUND('',#516,.T.);
#282=FACE_OUTER_BOUND('',#517,.T.);
#283=FACE_OUTER_BOUND('',#518,.T.);
#284=FACE_OUTER_BOUND('',#519,.T.);
#285=FACE_OUTER_BOUND('',#520,.T.);
#286=FACE_OUTER_BOUND('',#521,.T.);
#287=FACE_OUTER_BOUND('',#522,.T.);
#288=FACE_OUTER_BOUND('',#523,.T.);
#289=FACE_OUTER_BOUND('',#524,.T.);
#290=FACE_OUTER_BOUND('',#525,.T.);
#291=FACE_OUTER_BOUND('',#526,.T.);
#292=FACE_OUTER_BOUND('',#527,.T.);
#293=FACE_OUTER_BOUND('',#528,.T.);
#294=FACE_OUTER_BOUND('',#529,.T.);
#295=FACE_OUTER_BOUND('',#530,.T.);
#296=FACE_OUTER_BOUND('',#531,.T.);
#297=FACE_OUTER_BOUND('',#532,.T.);
#298=FACE_OUTER_BOUND('',#533,.T.);
#299=FACE_OUTER_BOUND('',#534,.T.);
#300=FACE_OUTER_BOUND('',#535,.T.);
#301=FACE_OUTER_BOUND('',#536,.T.);
#302=FACE_OUTER_BOUND('',#537,.T.);
#303=FACE_OUTER_BOUND('',#538,.T.);
#304=FACE_OUTER_BOUND('',#539,.T.);
#305=FACE_OUTER_BOUND('',#540,.T.);
#306=FACE_OUTER_BOUND('',#541,.T.);
#307=FACE_OUTER_BOUND('',#542,.T.);
#308=FACE_OUTER_BOUND('',#543,.T.);
#309=FACE_OUTER_BOUND('',#544,.T.);
#310=FACE_OUTER_BOUND('',#545,.T.);
#311=FACE_OUTER_BOUND('',#546,.T.);
#312=FACE_OUTER_BOUND('',#547,.T.);
#313=FACE_OUTER_BOUND('',#548,.T.);
#314=FACE_OUTER_BOUND('',#549,.T.);
#315=FACE_OUTER_BOUND('',#550,.T.);
#316=FACE_OUTER_BOUND('',#551,.T.);
#317=FACE_OUTER_BOUND('',#552,.T.);
#318=FACE_OUTER_BOUND('',#553,.T.);
#319=FACE_OUTER_BOUND('',#554,.T.);
#320=FACE_OUTER_BOUND('',#555,.T.);
#321=FACE_OUTER_BOUND('',#556,.T.);
#322=FACE_OUTER_BOUND('',#557,.T.);
#323=FACE_OUTER_BOUND('',#558,.T.);
#324=FACE_OUTER_BOUND('',#559,.T.);
#325=FACE_OUTER_BOUND('',#560,.T.);
#326=FACE_OUTER_BOUND('',#561,.T.);
#327=FACE_OUTER_BOUND('',#562,.T.);
#328=FACE_OUTER_BOUND('',#563,.T.);
#329=FACE_OUTER_BOUND('',#564,.T.);
#330=FACE_OUTER_BOUND('',#565,.T.);
#331=FACE_OUTER_BOUND('',#566,.T.);
#332=FACE_OUTER_BOUND('',#567,.T.);
#333=FACE_OUTER_BOUND('',#568,.T.);
#334=FACE_OUTER_BOUND('',#569,.T.);
#335=FACE_OUTER_BOUND('',#570,.T.);
#336=FACE_OUTER_BOUND('',#571,.T.);
#337=FACE_OUTER_BOUND('',#572,.T.);
#338=FACE_OUTER_BOUND('',#573,.T.);
#339=FACE_OUTER_BOUND('',#574,.T.);
#340=FACE_OUTER_BOUND('',#575,.T.);
#341=FACE_OUTER_BOUND('',#576,.T.);
#342=FACE_OUTER_BOUND('',#577,.T.);
#343=FACE_OUTER_BOUND('',#578,.T.);
#344=FACE_OUTER_BOUND('',#579,.T.);
#345=FACE_OUTER_BOUND('',#580,.T.);
#346=FACE_OUTER_BOUND('',#581,.T.);
#347=FACE_OUTER_BOUND('',#583,.T.);
#348=FACE_OUTER_BOUND('',#584,.T.);
#349=FACE_OUTER_BOUND('',#585,.T.);
#350=FACE_OUTER_BOUND('',#586,.T.);
#351=FACE_OUTER_BOUND('',#587,.T.);
#352=FACE_OUTER_BOUND('',#588,.T.);
#353=FACE_OUTER_BOUND('',#589,.T.);
#354=FACE_OUTER_BOUND('',#590,.T.);
#355=FACE_OUTER_BOUND('',#591,.T.);
#356=FACE_OUTER_BOUND('',#592,.T.);
#357=FACE_OUTER_BOUND('',#593,.T.);
#358=FACE_OUTER_BOUND('',#594,.T.);
#359=FACE_OUTER_BOUND('',#595,.T.);
#360=FACE_OUTER_BOUND('',#596,.T.);
#361=FACE_OUTER_BOUND('',#597,.T.);
#362=FACE_OUTER_BOUND('',#598,.T.);
#363=FACE_OUTER_BOUND('',#599,.T.);
#364=FACE_OUTER_BOUND('',#600,.T.);
#365=FACE_OUTER_BOUND('',#601,.T.);
#366=FACE_OUTER_BOUND('',#602,.T.);
#367=FACE_OUTER_BOUND('',#603,.T.);
#368=FACE_OUTER_BOUND('',#604,.T.);
#369=FACE_OUTER_BOUND('',#605,.T.);
#370=FACE_OUTER_BOUND('',#606,.T.);
#371=FACE_OUTER_BOUND('',#607,.T.);
#372=FACE_OUTER_BOUND('',#608,.T.);
#373=FACE_OUTER_BOUND('',#609,.T.);
#374=FACE_OUTER_BOUND('',#610,.T.);
#375=FACE_OUTER_BOUND('',#611,.T.);
#376=FACE_OUTER_BOUND('',#612,.T.);
#377=FACE_OUTER_BOUND('',#613,.T.);
#378=FACE_OUTER_BOUND('',#614,.T.);
#379=FACE_OUTER_BOUND('',#615,.T.);
#380=FACE_OUTER_BOUND('',#616,.T.);
#381=FACE_OUTER_BOUND('',#617,.T.);
#382=FACE_OUTER_BOUND('',#618,.T.);
#383=FACE_OUTER_BOUND('',#619,.T.);
#384=FACE_OUTER_BOUND('',#620,.T.);
#385=FACE_OUTER_BOUND('',#621,.T.);
#386=FACE_OUTER_BOUND('',#622,.T.);
#387=FACE_OUTER_BOUND('',#623,.T.);
#388=FACE_OUTER_BOUND('',#624,.T.);
#389=FACE_OUTER_BOUND('',#625,.T.);
#390=FACE_OUTER_BOUND('',#626,.T.);
#391=FACE_OUTER_BOUND('',#627,.T.);
#392=FACE_OUTER_BOUND('',#628,.T.);
#393=FACE_OUTER_BOUND('',#629,.T.);
#394=FACE_OUTER_BOUND('',#630,.T.);
#395=FACE_OUTER_BOUND('',#631,.T.);
#396=FACE_OUTER_BOUND('',#632,.T.);
#397=FACE_OUTER_BOUND('',#633,.T.);
#398=FACE_OUTER_BOUND('',#634,.T.);
#399=FACE_OUTER_BOUND('',#635,.T.);
#400=FACE_OUTER_BOUND('',#636,.T.);
#401=FACE_OUTER_BOUND('',#637,.T.);
#402=FACE_OUTER_BOUND('',#638,.T.);
#403=FACE_OUTER_BOUND('',#639,.T.);
#404=FACE_OUTER_BOUND('',#640,.T.);
#405=FACE_OUTER_BOUND('',#641,.T.);
#406=FACE_OUTER_BOUND('',#642,.T.);
#407=FACE_OUTER_BOUND('',#643,.T.);
#408=FACE_OUTER_BOUND('',#644,.T.);
#409=FACE_OUTER_BOUND('',#645,.T.);
#410=FACE_OUTER_BOUND('',#646,.T.);
#411=FACE_OUTER_BOUND('',#647,.T.);
#412=FACE_OUTER_BOUND('',#648,.T.);
#413=FACE_OUTER_BOUND('',#649,.T.);
#414=FACE_OUTER_BOUND('',#650,.T.);
#415=FACE_OUTER_BOUND('',#651,.T.);
#416=FACE_OUTER_BOUND('',#652,.T.);
#417=FACE_OUTER_BOUND('',#653,.T.);
#418=FACE_OUTER_BOUND('',#654,.T.);
#419=FACE_OUTER_BOUND('',#655,.T.);
#420=FACE_OUTER_BOUND('',#656,.T.);
#421=FACE_OUTER_BOUND('',#657,.T.);
#422=FACE_OUTER_BOUND('',#658,.T.);
#423=FACE_OUTER_BOUND('',#659,.T.);
#424=FACE_OUTER_BOUND('',#660,.T.);
#425=FACE_OUTER_BOUND('',#661,.T.);
#426=FACE_OUTER_BOUND('',#662,.T.);
#427=FACE_OUTER_BOUND('',#663,.T.);
#428=FACE_OUTER_BOUND('',#664,.T.);
#429=FACE_OUTER_BOUND('',#665,.T.);
#430=FACE_OUTER_BOUND('',#666,.T.);
#431=FACE_OUTER_BOUND('',#667,.T.);
#432=FACE_OUTER_BOUND('',#668,.T.);
#433=FACE_OUTER_BOUND('',#669,.T.);
#434=FACE_OUTER_BOUND('',#670,.T.);
#435=FACE_OUTER_BOUND('',#671,.T.);
#436=FACE_OUTER_BOUND('',#672,.T.);
#437=FACE_OUTER_BOUND('',#673,.T.);
#438=FACE_OUTER_BOUND('',#674,.T.);
#439=FACE_OUTER_BOUND('',#675,.T.);
#440=FACE_OUTER_BOUND('',#676,.T.);
#441=FACE_OUTER_BOUND('',#677,.T.);
#442=FACE_OUTER_BOUND('',#678,.T.);
#443=FACE_OUTER_BOUND('',#679,.T.);
#444=FACE_OUTER_BOUND('',#680,.T.);
#445=FACE_OUTER_BOUND('',#681,.T.);
#446=FACE_OUTER_BOUND('',#682,.T.);
#447=FACE_OUTER_BOUND('',#683,.T.);
#448=FACE_OUTER_BOUND('',#684,.T.);
#449=FACE_OUTER_BOUND('',#685,.T.);
#450=FACE_OUTER_BOUND('',#688,.T.);
#451=FACE_OUTER_BOUND('',#689,.T.);
#452=FACE_OUTER_BOUND('',#690,.T.);
#453=FACE_OUTER_BOUND('',#691,.T.);
#454=FACE_OUTER_BOUND('',#692,.T.);
#455=FACE_OUTER_BOUND('',#693,.T.);
#456=FACE_OUTER_BOUND('',#694,.T.);
#457=FACE_OUTER_BOUND('',#695,.T.);
#458=FACE_OUTER_BOUND('',#696,.T.);
#459=FACE_OUTER_BOUND('',#697,.T.);
#460=FACE_OUTER_BOUND('',#698,.T.);
#461=FACE_OUTER_BOUND('',#701,.T.);
#462=FACE_OUTER_BOUND('',#702,.T.);
#463=FACE_OUTER_BOUND('',#703,.T.);
#464=FACE_OUTER_BOUND('',#704,.T.);
#465=FACE_OUTER_BOUND('',#705,.T.);
#466=FACE_OUTER_BOUND('',#706,.T.);
#467=EDGE_LOOP('',(#2283,#2284,#2285,#2286,#2287,#2288,#2289,#2290));
#468=EDGE_LOOP('',(#2291,#2292,#2293,#2294,#2295,#2296));
#469=EDGE_LOOP('',(#2297,#2298,#2299,#2300,#2301,#2302,#2303,#2304));
#470=EDGE_LOOP('',(#2305,#2306,#2307,#2308,#2309,#2310));
#471=EDGE_LOOP('',(#2311,#2312,#2313,#2314,#2315,#2316));
#472=EDGE_LOOP('',(#2317,#2318,#2319,#2320,#2321,#2322,#2323,#2324));
#473=EDGE_LOOP('',(#2325,#2326,#2327,#2328,#2329,#2330,#2331,#2332));
#474=EDGE_LOOP('',(#2333,#2334,#2335,#2336,#2337));
#475=EDGE_LOOP('',(#2338,#2339,#2340));
#476=EDGE_LOOP('',(#2341,#2342,#2343,#2344,#2345));
#477=EDGE_LOOP('',(#2346,#2347,#2348,#2349));
#478=EDGE_LOOP('',(#2350,#2351,#2352,#2353));
#479=EDGE_LOOP('',(#2354,#2355,#2356));
#480=EDGE_LOOP('',(#2357,#2358,#2359,#2360));
#481=EDGE_LOOP('',(#2361,#2362,#2363,#2364));
#482=EDGE_LOOP('',(#2365,#2366,#2367,#2368));
#483=EDGE_LOOP('',(#2369,#2370,#2371,#2372,#2373,#2374,#2375,#2376,#2377,
#2378,#2379,#2380,#2381,#2382,#2383,#2384,#2385,#2386));
#484=EDGE_LOOP('',(#2387,#2388,#2389,#2390,#2391,#2392,#2393,#2394,#2395,
#2396,#2397,#2398,#2399,#2400,#2401,#2402,#2403,#2404,#2405,#2406,#2407,
#2408,#2409,#2410,#2411,#2412,#2413,#2414,#2415,#2416,#2417,#2418,#2419,
#2420,#2421,#2422,#2423,#2424));
#485=EDGE_LOOP('',(#2425,#2426,#2427,#2428));
#486=EDGE_LOOP('',(#2429,#2430,#2431,#2432));
#487=EDGE_LOOP('',(#2433,#2434,#2435,#2436,#2437));
#488=EDGE_LOOP('',(#2438,#2439,#2440,#2441,#2442));
#489=EDGE_LOOP('',(#2443,#2444,#2445));
#490=EDGE_LOOP('',(#2446,#2447,#2448,#2449));
#491=EDGE_LOOP('',(#2450,#2451,#2452,#2453));
#492=EDGE_LOOP('',(#2454));
#493=EDGE_LOOP('',(#2455));
#494=EDGE_LOOP('',(#2456,#2457,#2458,#2459,#2460,#2461,#2462,#2463,#2464,
#2465,#2466));
#495=EDGE_LOOP('',(#2467));
#496=EDGE_LOOP('',(#2468,#2469,#2470,#2471,#2472,#2473,#2474,#2475,#2476,
#2477,#2478,#2479,#2480,#2481,#2482,#2483,#2484,#2485,#2486,#2487));
#497=EDGE_LOOP('',(#2488,#2489,#2490,#2491,#2492,#2493,#2494,#2495));
#498=EDGE_LOOP('',(#2496,#2497,#2498,#2499,#2500,#2501,#2502,#2503));
#499=EDGE_LOOP('',(#2504,#2505,#2506,#2507,#2508,#2509,#2510,#2511,#2512,
#2513,#2514,#2515,#2516,#2517,#2518,#2519,#2520,#2521,#2522,#2523));
#500=EDGE_LOOP('',(#2524,#2525,#2526,#2527,#2528,#2529));
#501=EDGE_LOOP('',(#2530,#2531,#2532,#2533,#2534,#2535));
#502=EDGE_LOOP('',(#2536,#2537));
#503=EDGE_LOOP('',(#2538,#2539,#2540,#2541,#2542,#2543,#2544,#2545,#2546,
#2547,#2548,#2549,#2550,#2551));
#504=EDGE_LOOP('',(#2552,#2553,#2554,#2555));
#505=EDGE_LOOP('',(#2556,#2557,#2558,#2559));
#506=EDGE_LOOP('',(#2560,#2561,#2562,#2563));
#507=EDGE_LOOP('',(#2564,#2565,#2566,#2567,#2568,#2569,#2570));
#508=EDGE_LOOP('',(#2571,#2572,#2573,#2574));
#509=EDGE_LOOP('',(#2575,#2576,#2577,#2578));
#510=EDGE_LOOP('',(#2579,#2580,#2581,#2582));
#511=EDGE_LOOP('',(#2583,#2584,#2585,#2586));
#512=EDGE_LOOP('',(#2587,#2588,#2589,#2590));
#513=EDGE_LOOP('',(#2591,#2592,#2593,#2594));
#514=EDGE_LOOP('',(#2595,#2596,#2597,#2598));
#515=EDGE_LOOP('',(#2599,#2600,#2601,#2602));
#516=EDGE_LOOP('',(#2603,#2604,#2605,#2606));
#517=EDGE_LOOP('',(#2607,#2608,#2609,#2610));
#518=EDGE_LOOP('',(#2611,#2612,#2613,#2614,#2615,#2616));
#519=EDGE_LOOP('',(#2617,#2618,#2619,#2620,#2621));
#520=EDGE_LOOP('',(#2622,#2623,#2624,#2625));
#521=EDGE_LOOP('',(#2626,#2627,#2628,#2629));
#522=EDGE_LOOP('',(#2630,#2631,#2632,#2633));
#523=EDGE_LOOP('',(#2634,#2635,#2636,#2637));
#524=EDGE_LOOP('',(#2638,#2639,#2640,#2641));
#525=EDGE_LOOP('',(#2642,#2643,#2644,#2645));
#526=EDGE_LOOP('',(#2646,#2647,#2648,#2649,#2650,#2651,#2652,#2653,#2654,
#2655));
#527=EDGE_LOOP('',(#2656,#2657,#2658,#2659));
#528=EDGE_LOOP('',(#2660,#2661,#2662,#2663));
#529=EDGE_LOOP('',(#2664,#2665,#2666,#2667));
#530=EDGE_LOOP('',(#2668,#2669,#2670,#2671,#2672));
#531=EDGE_LOOP('',(#2673,#2674,#2675,#2676));
#532=EDGE_LOOP('',(#2677,#2678,#2679,#2680));
#533=EDGE_LOOP('',(#2681,#2682,#2683,#2684));
#534=EDGE_LOOP('',(#2685,#2686,#2687,#2688));
#535=EDGE_LOOP('',(#2689,#2690,#2691,#2692));
#536=EDGE_LOOP('',(#2693,#2694,#2695,#2696));
#537=EDGE_LOOP('',(#2697,#2698,#2699,#2700));
#538=EDGE_LOOP('',(#2701,#2702,#2703,#2704));
#539=EDGE_LOOP('',(#2705,#2706,#2707,#2708));
#540=EDGE_LOOP('',(#2709,#2710,#2711));
#541=EDGE_LOOP('',(#2712,#2713,#2714));
#542=EDGE_LOOP('',(#2715,#2716,#2717,#2718));
#543=EDGE_LOOP('',(#2719,#2720,#2721,#2722));
#544=EDGE_LOOP('',(#2723,#2724,#2725,#2726,#2727,#2728));
#545=EDGE_LOOP('',(#2729,#2730,#2731,#2732));
#546=EDGE_LOOP('',(#2733,#2734,#2735,#2736));
#547=EDGE_LOOP('',(#2737,#2738,#2739,#2740));
#548=EDGE_LOOP('',(#2741,#2742,#2743,#2744));
#549=EDGE_LOOP('',(#2745,#2746,#2747,#2748));
#550=EDGE_LOOP('',(#2749,#2750,#2751,#2752));
#551=EDGE_LOOP('',(#2753,#2754,#2755,#2756,#2757,#2758,#2759));
#552=EDGE_LOOP('',(#2760,#2761,#2762,#2763));
#553=EDGE_LOOP('',(#2764,#2765,#2766));
#554=EDGE_LOOP('',(#2767,#2768,#2769,#2770));
#555=EDGE_LOOP('',(#2771,#2772,#2773,#2774));
#556=EDGE_LOOP('',(#2775,#2776,#2777,#2778));
#557=EDGE_LOOP('',(#2779,#2780,#2781,#2782));
#558=EDGE_LOOP('',(#2783,#2784,#2785,#2786));
#559=EDGE_LOOP('',(#2787,#2788,#2789,#2790));
#560=EDGE_LOOP('',(#2791,#2792,#2793));
#561=EDGE_LOOP('',(#2794,#2795,#2796));
#562=EDGE_LOOP('',(#2797,#2798,#2799,#2800));
#563=EDGE_LOOP('',(#2801,#2802,#2803,#2804));
#564=EDGE_LOOP('',(#2805,#2806,#2807,#2808));
#565=EDGE_LOOP('',(#2809,#2810,#2811,#2812));
#566=EDGE_LOOP('',(#2813,#2814,#2815,#2816));
#567=EDGE_LOOP('',(#2817,#2818,#2819,#2820));
#568=EDGE_LOOP('',(#2821,#2822,#2823));
#569=EDGE_LOOP('',(#2824,#2825,#2826,#2827));
#570=EDGE_LOOP('',(#2828,#2829,#2830,#2831,#2832));
#571=EDGE_LOOP('',(#2833,#2834,#2835,#2836));
#572=EDGE_LOOP('',(#2837,#2838,#2839,#2840));
#573=EDGE_LOOP('',(#2841,#2842,#2843,#2844));
#574=EDGE_LOOP('',(#2845,#2846,#2847,#2848,#2849,#2850,#2851));
#575=EDGE_LOOP('',(#2852,#2853,#2854,#2855));
#576=EDGE_LOOP('',(#2856,#2857,#2858,#2859));
#577=EDGE_LOOP('',(#2860,#2861,#2862,#2863));
#578=EDGE_LOOP('',(#2864,#2865,#2866));
#579=EDGE_LOOP('',(#2867,#2868,#2869,#2870));
#580=EDGE_LOOP('',(#2871,#2872,#2873,#2874));
#581=EDGE_LOOP('',(#2875,#2876,#2877,#2878));
#582=EDGE_LOOP('',(#2879,#2880));
#583=EDGE_LOOP('',(#2881,#2882,#2883,#2884));
#584=EDGE_LOOP('',(#2885,#2886,#2887,#2888));
#585=EDGE_LOOP('',(#2889,#2890,#2891,#2892));
#586=EDGE_LOOP('',(#2893,#2894,#2895));
#587=EDGE_LOOP('',(#2896,#2897,#2898));
#588=EDGE_LOOP('',(#2899,#2900,#2901,#2902));
#589=EDGE_LOOP('',(#2903,#2904,#2905,#2906));
#590=EDGE_LOOP('',(#2907,#2908,#2909,#2910));
#591=EDGE_LOOP('',(#2911,#2912,#2913,#2914));
#592=EDGE_LOOP('',(#2915,#2916,#2917,#2918));
#593=EDGE_LOOP('',(#2919,#2920,#2921,#2922));
#594=EDGE_LOOP('',(#2923,#2924,#2925));
#595=EDGE_LOOP('',(#2926,#2927,#2928,#2929));
#596=EDGE_LOOP('',(#2930,#2931,#2932,#2933));
#597=EDGE_LOOP('',(#2934,#2935,#2936,#2937));
#598=EDGE_LOOP('',(#2938,#2939,#2940,#2941));
#599=EDGE_LOOP('',(#2942,#2943,#2944,#2945));
#600=EDGE_LOOP('',(#2946,#2947,#2948,#2949));
#601=EDGE_LOOP('',(#2950,#2951,#2952,#2953));
#602=EDGE_LOOP('',(#2954,#2955,#2956,#2957));
#603=EDGE_LOOP('',(#2958,#2959,#2960,#2961,#2962,#2963,#2964));
#604=EDGE_LOOP('',(#2965,#2966,#2967,#2968));
#605=EDGE_LOOP('',(#2969,#2970,#2971,#2972));
#606=EDGE_LOOP('',(#2973,#2974,#2975,#2976));
#607=EDGE_LOOP('',(#2977,#2978,#2979));
#608=EDGE_LOOP('',(#2980,#2981,#2982,#2983));
#609=EDGE_LOOP('',(#2984,#2985,#2986,#2987));
#610=EDGE_LOOP('',(#2988,#2989,#2990,#2991));
#611=EDGE_LOOP('',(#2992,#2993,#2994,#2995));
#612=EDGE_LOOP('',(#2996,#2997,#2998,#2999));
#613=EDGE_LOOP('',(#3000,#3001,#3002,#3003));
#614=EDGE_LOOP('',(#3004,#3005,#3006,#3007));
#615=EDGE_LOOP('',(#3008,#3009,#3010,#3011));
#616=EDGE_LOOP('',(#3012,#3013,#3014,#3015));
#617=EDGE_LOOP('',(#3016,#3017,#3018,#3019));
#618=EDGE_LOOP('',(#3020,#3021,#3022,#3023));
#619=EDGE_LOOP('',(#3024,#3025,#3026,#3027));
#620=EDGE_LOOP('',(#3028,#3029,#3030,#3031));
#621=EDGE_LOOP('',(#3032,#3033,#3034,#3035));
#622=EDGE_LOOP('',(#3036,#3037,#3038,#3039));
#623=EDGE_LOOP('',(#3040,#3041,#3042));
#624=EDGE_LOOP('',(#3043,#3044,#3045));
#625=EDGE_LOOP('',(#3046,#3047,#3048,#3049));
#626=EDGE_LOOP('',(#3050,#3051,#3052,#3053));
#627=EDGE_LOOP('',(#3054,#3055,#3056,#3057));
#628=EDGE_LOOP('',(#3058,#3059,#3060,#3061));
#629=EDGE_LOOP('',(#3062,#3063,#3064,#3065));
#630=EDGE_LOOP('',(#3066,#3067,#3068,#3069));
#631=EDGE_LOOP('',(#3070,#3071,#3072));
#632=EDGE_LOOP('',(#3073,#3074,#3075,#3076));
#633=EDGE_LOOP('',(#3077,#3078,#3079,#3080));
#634=EDGE_LOOP('',(#3081,#3082,#3083,#3084));
#635=EDGE_LOOP('',(#3085,#3086,#3087,#3088));
#636=EDGE_LOOP('',(#3089,#3090,#3091,#3092));
#637=EDGE_LOOP('',(#3093,#3094,#3095,#3096));
#638=EDGE_LOOP('',(#3097,#3098,#3099));
#639=EDGE_LOOP('',(#3100,#3101,#3102,#3103));
#640=EDGE_LOOP('',(#3104,#3105,#3106,#3107));
#641=EDGE_LOOP('',(#3108,#3109,#3110,#3111));
#642=EDGE_LOOP('',(#3112,#3113,#3114));
#643=EDGE_LOOP('',(#3115,#3116,#3117,#3118));
#644=EDGE_LOOP('',(#3119,#3120,#3121,#3122));
#645=EDGE_LOOP('',(#3123,#3124,#3125,#3126));
#646=EDGE_LOOP('',(#3127,#3128,#3129,#3130));
#647=EDGE_LOOP('',(#3131,#3132,#3133,#3134));
#648=EDGE_LOOP('',(#3135,#3136,#3137));
#649=EDGE_LOOP('',(#3138,#3139,#3140,#3141));
#650=EDGE_LOOP('',(#3142,#3143,#3144,#3145));
#651=EDGE_LOOP('',(#3146,#3147,#3148,#3149));
#652=EDGE_LOOP('',(#3150,#3151,#3152,#3153));
#653=EDGE_LOOP('',(#3154,#3155,#3156,#3157));
#654=EDGE_LOOP('',(#3158,#3159,#3160,#3161));
#655=EDGE_LOOP('',(#3162,#3163,#3164));
#656=EDGE_LOOP('',(#3165,#3166,#3167));
#657=EDGE_LOOP('',(#3168,#3169,#3170,#3171));
#658=EDGE_LOOP('',(#3172,#3173,#3174,#3175));
#659=EDGE_LOOP('',(#3176,#3177,#3178,#3179));
#660=EDGE_LOOP('',(#3180,#3181,#3182,#3183));
#661=EDGE_LOOP('',(#3184,#3185,#3186,#3187));
#662=EDGE_LOOP('',(#3188,#3189,#3190,#3191));
#663=EDGE_LOOP('',(#3192,#3193,#3194,#3195));
#664=EDGE_LOOP('',(#3196,#3197,#3198,#3199));
#665=EDGE_LOOP('',(#3200,#3201,#3202,#3203));
#666=EDGE_LOOP('',(#3204,#3205,#3206,#3207));
#667=EDGE_LOOP('',(#3208,#3209,#3210,#3211));
#668=EDGE_LOOP('',(#3212,#3213,#3214,#3215));
#669=EDGE_LOOP('',(#3216,#3217,#3218,#3219));
#670=EDGE_LOOP('',(#3220,#3221,#3222,#3223,#3224));
#671=EDGE_LOOP('',(#3225,#3226,#3227));
#672=EDGE_LOOP('',(#3228,#3229,#3230,#3231));
#673=EDGE_LOOP('',(#3232,#3233,#3234,#3235));
#674=EDGE_LOOP('',(#3236,#3237,#3238,#3239));
#675=EDGE_LOOP('',(#3240,#3241,#3242,#3243));
#676=EDGE_LOOP('',(#3244,#3245,#3246,#3247));
#677=EDGE_LOOP('',(#3248,#3249,#3250,#3251));
#678=EDGE_LOOP('',(#3252,#3253,#3254));
#679=EDGE_LOOP('',(#3255,#3256,#3257,#3258));
#680=EDGE_LOOP('',(#3259,#3260,#3261,#3262));
#681=EDGE_LOOP('',(#3263,#3264,#3265,#3266));
#682=EDGE_LOOP('',(#3267,#3268,#3269,#3270));
#683=EDGE_LOOP('',(#3271,#3272,#3273,#3274));
#684=EDGE_LOOP('',(#3275,#3276,#3277,#3278));
#685=EDGE_LOOP('',(#3279,#3280,#3281,#3282,#3283,#3284,#3285,#3286,#3287,
#3288,#3289,#3290,#3291,#3292,#3293,#3294,#3295,#3296,#3297,#3298,#3299,
#3300,#3301,#3302,#3303,#3304,#3305,#3306,#3307,#3308,#3309,#3310,#3311,
#3312,#3313,#3314,#3315,#3316,#3317,#3318,#3319,#3320,#3321,#3322,#3323,
#3324,#3325,#3326,#3327,#3328,#3329,#3330,#3331,#3332,#3333,#3334,#3335,
#3336,#3337,#3338,#3339,#3340,#3341,#3342,#3343,#3344,#3345,#3346,#3347,
#3348,#3349,#3350));
#686=EDGE_LOOP('',(#3351));
#687=EDGE_LOOP('',(#3352,#3353,#3354,#3355));
#688=EDGE_LOOP('',(#3356,#3357));
#689=EDGE_LOOP('',(#3358,#3359,#3360,#3361,#3362,#3363,#3364));
#690=EDGE_LOOP('',(#3365,#3366,#3367,#3368));
#691=EDGE_LOOP('',(#3369,#3370,#3371));
#692=EDGE_LOOP('',(#3372,#3373,#3374,#3375));
#693=EDGE_LOOP('',(#3376,#3377,#3378,#3379));
#694=EDGE_LOOP('',(#3380,#3381,#3382,#3383));
#695=EDGE_LOOP('',(#3384,#3385,#3386,#3387));
#696=EDGE_LOOP('',(#3388,#3389,#3390,#3391,#3392,#3393,#3394));
#697=EDGE_LOOP('',(#3395,#3396,#3397,#3398));
#698=EDGE_LOOP('',(#3399,#3400,#3401,#3402,#3403,#3404,#3405,#3406));
#699=EDGE_LOOP('',(#3407,#3408));
#700=EDGE_LOOP('',(#3409,#3410));
#701=EDGE_LOOP('',(#3411,#3412,#3413,#3414));
#702=EDGE_LOOP('',(#3415,#3416,#3417,#3418));
#703=EDGE_LOOP('',(#3419,#3420,#3421,#3422));
#704=EDGE_LOOP('',(#3423,#3424,#3425,#3426,#3427,#3428,#3429,#3430,#3431,
#3432));
#705=EDGE_LOOP('',(#3433,#3434,#3435,#3436));
#706=EDGE_LOOP('',(#3437,#3438,#3439,#3440));
#707=EDGE_LOOP('',(#3441,#3442));
#708=CIRCLE('',#3722,27.4338394056085);
#709=CIRCLE('',#3725,29.6209379069801);
#710=CIRCLE('',#3729,27.4338394056093);
#711=CIRCLE('',#3731,29.6209379069807);
#712=CIRCLE('',#3733,32.6316867811238);
#713=CIRCLE('',#3734,35.284165785099);
#714=CIRCLE('',#3735,32.6316867811182);
#715=CIRCLE('',#3736,35.284165785099);
#716=CIRCLE('',#3738,2.06654905576268);
#717=CIRCLE('',#3740,29.6316867811058);
#718=CIRCLE('',#3742,35.284165785099);
#719=CIRCLE('',#3743,2.06654905576268);
#720=CIRCLE('',#3744,33.2216033769224);
#721=CIRCLE('',#3746,2.06654905579331);
#722=CIRCLE('',#3748,29.6316867811058);
#723=CIRCLE('',#3749,2.06654905576268);
#724=CIRCLE('',#3751,29.6316867811058);
#725=CIRCLE('',#3753,29.6316867811058);
#726=CIRCLE('',#3754,29.6316867811058);
#727=CIRCLE('',#3755,29.6316867811058);
#728=CIRCLE('',#3756,29.6316867811058);
#729=CIRCLE('',#3757,29.6316867811058);
#730=CIRCLE('',#3758,29.6316867811058);
#731=CIRCLE('',#3759,29.6316867811058);
#732=CIRCLE('',#3760,29.6316867811058);
#733=CIRCLE('',#3761,29.6316867811058);
#734=CIRCLE('',#3762,29.2316867811058);
#735=CIRCLE('',#3764,29.2316867811058);
#736=CIRCLE('',#3765,29.6316867811058);
#737=CIRCLE('',#3766,29.6316867811058);
#738=CIRCLE('',#3767,29.6316867811058);
#739=CIRCLE('',#3768,29.6316867811058);
#740=CIRCLE('',#3769,29.6316867811058);
#741=CIRCLE('',#3770,29.6316867811058);
#742=CIRCLE('',#3771,29.6316867811058);
#743=CIRCLE('',#3772,29.6316867811058);
#744=CIRCLE('',#3773,29.6316867811058);
#745=CIRCLE('',#3774,29.6316867811058);
#746=CIRCLE('',#3775,29.6316867811058);
#747=CIRCLE('',#3776,29.6316867811058);
#748=CIRCLE('',#3777,29.6316867811058);
#749=CIRCLE('',#3778,29.6316867811058);
#750=CIRCLE('',#3779,29.6316867811058);
#751=CIRCLE('',#3780,29.6316867811058);
#752=CIRCLE('',#3781,29.6316867811058);
#753=CIRCLE('',#3782,29.6316867811058);
#754=CIRCLE('',#3783,29.6316867811058);
#755=CIRCLE('',#3784,29.6316867811058);
#756=CIRCLE('',#3785,29.6316867811058);
#757=CIRCLE('',#3786,29.6316867811058);
#758=CIRCLE('',#3787,29.6316867811058);
#759=CIRCLE('',#3788,29.6316867811058);
#760=CIRCLE('',#3789,29.6316867811058);
#761=CIRCLE('',#3790,29.6316867811058);
#762=CIRCLE('',#3791,29.6316867811058);
#763=CIRCLE('',#3792,29.6316867811058);
#764=CIRCLE('',#3793,29.6316867811058);
#765=CIRCLE('',#3794,29.6316867811058);
#766=CIRCLE('',#3795,29.6316867811058);
#767=CIRCLE('',#3796,29.6316867811058);
#768=CIRCLE('',#3797,29.6316867811058);
#769=CIRCLE('',#3798,29.6316867811058);
#770=CIRCLE('',#3800,35.284165785099);
#771=CIRCLE('',#3801,33.2216033769224);
#772=CIRCLE('',#3804,35.284165785099);
#773=CIRCLE('',#3805,2.06654905579331);
#774=CIRCLE('',#3807,32.6316867811238);
#775=CIRCLE('',#3809,1.05);
#776=CIRCLE('',#3810,1.05);
#777=CIRCLE('',#3812,4.05);
#778=CIRCLE('',#3813,4.05);
#779=CIRCLE('',#3816,29.2316867811058);
#780=CIRCLE('',#3817,29.2316867811058);
#781=CIRCLE('',#3820,3.);
#782=CIRCLE('',#3822,3.00000000000001);
#783=CIRCLE('',#3825,35.3052167840179);
#784=CIRCLE('',#3827,35.3052167840179);
#785=CIRCLE('',#3829,29.2316867811058);
#786=CIRCLE('',#3831,29.2316867811058);
#787=CIRCLE('',#3832,29.2316867811058);
#788=CIRCLE('',#3834,33.2216033769224);
#789=CIRCLE('',#3835,2.06654905579331);
#790=CIRCLE('',#3836,35.284165785099);
#791=CIRCLE('',#3838,32.6316867811238);
#792=CIRCLE('',#3839,35.284165785099);
#793=CIRCLE('',#3841,2.06654905576268);
#794=CIRCLE('',#3842,33.2216033769224);
#795=CIRCLE('',#3844,33.2216033769224);
#796=CIRCLE('',#3845,2.06654905579331);
#797=CIRCLE('',#3846,35.284165785099);
#798=CIRCLE('',#3847,33.2216033769224);
#799=CIRCLE('',#3849,2.06654905579331);
#800=CIRCLE('',#3850,35.284165785099);
#801=CIRCLE('',#3852,35.284165785099);
#802=CIRCLE('',#3853,2.06654905576268);
#803=CIRCLE('',#3855,35.284165785099);
#804=CIRCLE('',#3857,35.284165785099);
#805=CIRCLE('',#3858,32.6316867811239);
#806=CIRCLE('',#3860,32.6316867811182);
#807=CIRCLE('',#3861,35.284165785099);
#808=CIRCLE('',#3863,33.2216033769224);
#809=CIRCLE('',#3864,2.06654905579331);
#810=CIRCLE('',#3866,33.2216033769224);
#811=CIRCLE('',#3868,35.284165785099);
#812=CIRCLE('',#3869,2.06654905576268);
#813=CIRCLE('',#3871,35.284165785099);
#814=CIRCLE('',#3873,35.284165785099);
#815=CIRCLE('',#3874,32.6316867811238);
#816=CIRCLE('',#3876,32.6316867811182);
#817=CIRCLE('',#3877,35.284165785099);
#818=CIRCLE('',#3878,35.284165785099);
#819=CIRCLE('',#3880,33.2216033769224);
#820=CIRCLE('',#3882,33.2216033769224);
#821=CIRCLE('',#3883,2.06654905579331);
#822=CIRCLE('',#3885,33.2216033769224);
#823=CIRCLE('',#3887,35.284165785099);
#824=CIRCLE('',#3889,35.284165785099);
#825=CIRCLE('',#3890,2.06654905576268);
#826=CIRCLE('',#3892,35.284165785099);
#827=CIRCLE('',#3894,35.284165785099);
#828=CIRCLE('',#3895,32.6316867811238);
#829=CIRCLE('',#3897,32.6316867811182);
#830=CIRCLE('',#3898,35.284165785099);
#831=CIRCLE('',#3899,35.284165785099);
#832=CIRCLE('',#3901,33.2216033769224);
#833=CIRCLE('',#3903,33.2216033769224);
#834=CIRCLE('',#3904,2.06654905579331);
#835=CIRCLE('',#3906,33.2216033769224);
#836=CIRCLE('',#3908,35.284165785099);
#837=CIRCLE('',#3910,35.284165785099);
#838=CIRCLE('',#3911,2.06654905576268);
#839=CIRCLE('',#3913,35.284165785099);
#840=CIRCLE('',#3915,32.6316867811238);
#841=CIRCLE('',#3917,35.284165785099);
#842=CIRCLE('',#3918,33.2216033769224);
#843=CIRCLE('',#3920,35.284165785099);
#844=CIRCLE('',#3921,32.6316867811182);
#845=CIRCLE('',#3924,33.2216033769224);
#846=CIRCLE('',#3928,35.284165785099);
#847=CIRCLE('',#3930,32.6316867811182);
#848=CIRCLE('',#3932,2.06654905579331);
#849=CIRCLE('',#3934,33.2216033769224);
#850=CIRCLE('',#3935,35.284165785099);
#851=CIRCLE('',#3937,32.6316867811238);
#852=CIRCLE('',#3938,35.284165785099);
#853=CIRCLE('',#3939,32.6316867811182);
#854=CIRCLE('',#3942,2.06654905576268);
#855=CIRCLE('',#3944,2.06654905579331);
#856=CIRCLE('',#3946,33.2216033769224);
#857=CIRCLE('',#3947,35.284165785099);
#858=CIRCLE('',#3949,32.6316867811238);
#859=CIRCLE('',#3950,35.284165785099);
#860=CIRCLE('',#3951,32.6316867811182);
#861=CIRCLE('',#3954,2.06654905576268);
#862=CIRCLE('',#3955,33.2216033769224);
#863=CIRCLE('',#3958,2.06654905579331);
#864=CIRCLE('',#3960,33.2216033769224);
#865=CIRCLE('',#3961,35.284165785099);
#866=CIRCLE('',#3963,32.6316867811238);
#867=CIRCLE('',#3964,35.284165785099);
#868=CIRCLE('',#3965,32.6316867811182);
#869=CIRCLE('',#3968,2.06654905576268);
#870=CIRCLE('',#3971,33.2216033769224);
#871=CIRCLE('',#3973,33.2216033769224);
#872=CIRCLE('',#3974,2.06654905579331);
#873=CIRCLE('',#3976,33.2216033769224);
#874=CIRCLE('',#3977,35.284165785099);
#875=CIRCLE('',#3979,32.6316867811238);
#876=CIRCLE('',#3980,35.284165785099);
#877=CIRCLE('',#3981,32.6316867811182);
#878=CIRCLE('',#3984,2.06654905576268);
#879=CIRCLE('',#3985,33.2216033769224);
#880=CIRCLE('',#3987,2.06654905579331);
#881=CIRCLE('',#3989,33.2216033769224);
#882=CIRCLE('',#3990,35.284165785099);
#883=CIRCLE('',#3992,32.6316867811238);
#884=CIRCLE('',#3993,35.284165785099);
#885=CIRCLE('',#3994,32.6316867811182);
#886=CIRCLE('',#3997,2.06654905576268);
#887=CIRCLE('',#3998,33.2216033769224);
#888=CIRCLE('',#4001,2.06654905579331);
#889=CIRCLE('',#4003,35.284165785099);
#890=CIRCLE('',#4005,32.6316867811238);
#891=CIRCLE('',#4006,35.284165785099);
#892=CIRCLE('',#4007,32.6316867811182);
#893=CIRCLE('',#4010,2.06654905576268);
#894=CIRCLE('',#4011,33.2216033769224);
#895=CIRCLE('',#4013,2.06654905579331);
#896=CIRCLE('',#4015,35.284165785099);
#897=CIRCLE('',#4017,32.6316867811238);
#898=CIRCLE('',#4018,35.284165785099);
#899=CIRCLE('',#4019,32.6316867811182);
#900=CIRCLE('',#4022,2.06654905576268);
#901=CIRCLE('',#4023,33.2216033769224);
#902=CIRCLE('',#4024,2.06654905579331);
#903=CIRCLE('',#4026,35.284165785099);
#904=CIRCLE('',#4028,35.284165785099);
#905=CIRCLE('',#4029,32.6316867811182);
#906=CIRCLE('',#4030,32.6316867811238);
#907=CIRCLE('',#4034,2.06654905579331);
#908=CIRCLE('',#4036,35.284165785099);
#909=CIRCLE('',#4038,32.6316867811238);
#910=CIRCLE('',#4039,35.284165785099);
#911=CIRCLE('',#4040,32.6316867811182);
#912=CIRCLE('',#4043,2.06654905576268);
#913=CIRCLE('',#4044,2.06654905579331);
#914=CIRCLE('',#4046,35.284165785099);
#915=CIRCLE('',#4048,32.6316867811238);
#916=CIRCLE('',#4049,35.284165785099);
#917=CIRCLE('',#4050,32.6316867811182);
#918=CIRCLE('',#4053,2.06654905576268);
#919=CIRCLE('',#4057,2.06654905579331);
#920=CIRCLE('',#4059,33.2216033769224);
#921=CIRCLE('',#4060,35.284165785099);
#922=CIRCLE('',#4062,32.6316867811239);
#923=CIRCLE('',#4063,35.284165785099);
#924=CIRCLE('',#4064,32.6316867811182);
#925=CIRCLE('',#4067,2.06654905576268);
#926=CIRCLE('',#4068,33.2216033769224);
#927=CIRCLE('',#4070,2.06654905579331);
#928=CIRCLE('',#4072,33.2216033769224);
#929=CIRCLE('',#4073,35.284165785099);
#930=CIRCLE('',#4075,32.6316867811238);
#931=CIRCLE('',#4076,35.284165785099);
#932=CIRCLE('',#4077,32.6316867811182);
#933=CIRCLE('',#4080,2.06654905576268);
#934=CIRCLE('',#4085,32.6316867811238);
#935=CIRCLE('',#4086,35.284165785099);
#936=CIRCLE('',#4087,32.6316867811182);
#937=CIRCLE('',#4090,2.06654905576268);
#938=CIRCLE('',#4091,33.2216033769224);
#939=CIRCLE('',#4093,2.06654905579331);
#940=CIRCLE('',#4095,33.2216033769224);
#941=CIRCLE('',#4096,35.284165785099);
#942=CIRCLE('',#4098,32.6316867811238);
#943=CIRCLE('',#4099,35.284165785099);
#944=CIRCLE('',#4100,32.6316867811182);
#945=CIRCLE('',#4103,2.06654905576268);
#946=CIRCLE('',#4104,33.2216033769224);
#947=CIRCLE('',#4107,2.06654905579331);
#948=CIRCLE('',#4109,35.284165785099);
#949=CIRCLE('',#4111,32.6316867811238);
#950=CIRCLE('',#4112,35.284165785099);
#951=CIRCLE('',#4113,32.6316867811182);
#952=CIRCLE('',#4116,2.06654905576268);
#953=CIRCLE('',#4117,2.06654905579331);
#954=CIRCLE('',#4119,35.284165785099);
#955=CIRCLE('',#4121,32.6316867811238);
#956=CIRCLE('',#4122,35.284165785099);
#957=CIRCLE('',#4123,32.6316867811182);
#958=CIRCLE('',#4126,2.06654905576268);
#959=CIRCLE('',#4128,35.284165785099);
#960=CIRCLE('',#4130,32.6316867811182);
#961=CIRCLE('',#4132,2.06654905579331);
#962=CIRCLE('',#4134,35.284165785099);
#963=CIRCLE('',#4136,32.6316867811238);
#964=CIRCLE('',#4137,35.284165785099);
#965=CIRCLE('',#4138,32.6316867811182);
#966=CIRCLE('',#4141,2.06654905576268);
#967=CIRCLE('',#4151,29.2316867811058);
#968=LINE('',#5149,#1042);
#969=LINE('',#5151,#1043);
#970=LINE('',#5153,#1044);
#971=LINE('',#5155,#1045);
#972=LINE('',#5222,#1046);
#973=LINE('',#5286,#1047);
#974=LINE('',#5288,#1048);
#975=LINE('',#5289,#1049);
#976=LINE('',#5330,#1050);
#977=LINE('',#5394,#1051);
#978=LINE('',#5444,#1052);
#979=LINE('',#5447,#1053);
#980=LINE('',#5474,#1054);
#981=LINE('',#5475,#1055);
#982=LINE('',#5478,#1056);
#983=LINE('',#5480,#1057);
#984=LINE('',#5482,#1058);
#985=LINE('',#5712,#1059);
#986=LINE('',#5714,#1060);
#987=LINE('',#5718,#1061);
#988=LINE('',#5719,#1062);
#989=LINE('',#5893,#1063);
#990=LINE('',#5899,#1064);
#991=LINE('',#5905,#1065);
#992=LINE('',#5907,#1066);
#993=LINE('',#5909,#1067);
#994=LINE('',#5911,#1068);
#995=LINE('',#5913,#1069);
#996=LINE('',#5915,#1070);
#997=LINE('',#5919,#1071);
#998=LINE('',#5923,#1072);
#999=LINE('',#5924,#1073);
#1000=LINE('',#6530,#1074);
#1001=LINE('',#6556,#1075);
#1002=LINE('',#6560,#1076);
#1003=LINE('',#6562,#1077);
#1004=LINE('',#6566,#1078);
#1005=LINE('',#6567,#1079);
#1006=LINE('',#9604,#1080);
#1007=LINE('',#9606,#1081);
#1008=LINE('',#9608,#1082);
#1009=LINE('',#9609,#1083);
#1010=LINE('',#9612,#1084);
#1011=LINE('',#9614,#1085);
#1012=LINE('',#9615,#1086);
#1013=LINE('',#9618,#1087);
#1014=LINE('',#9620,#1088);
#1015=LINE('',#9621,#1089);
#1016=LINE('',#9623,#1090);
#1017=LINE('',#9624,#1091);
#1018=LINE('',#9626,#1092);
#1019=LINE('',#9629,#1093);
#1020=LINE('',#9631,#1094);
#1021=LINE('',#9633,#1095);
#1022=LINE('',#9635,#1096);
#1023=LINE('',#9637,#1097);
#1024=LINE('',#9638,#1098);
#1025=LINE('',#9642,#1099);
#1026=LINE('',#9644,#1100);
#1027=LINE('',#9646,#1101);
#1028=LINE('',#9650,#1102);
#1029=LINE('',#9651,#1103);
#1030=LINE('',#9653,#1104);
#1031=LINE('',#9655,#1105);
#1032=LINE('',#9657,#1106);
#1033=LINE('',#9659,#1107);
#1034=LINE('',#9661,#1108);
#1035=LINE('',#9663,#1109);
#1036=LINE('',#9665,#1110);
#1037=LINE('',#9667,#1111);
#1038=LINE('',#9670,#1112);
#1039=LINE('',#9671,#1113);
#1040=LINE('',#9673,#1114);
#1041=LINE('',#9675,#1115);
#1042=VECTOR('',#4173,10.);
#1043=VECTOR('',#4174,10.);
#1044=VECTOR('',#4175,10.);
#1045=VECTOR('',#4176,10.);
#1046=VECTOR('',#4181,10.);
#1047=VECTOR('',#4186,10.);
#1048=VECTOR('',#4187,10.);
#1049=VECTOR('',#4188,10.);
#1050=VECTOR('',#4191,1.05);
#1051=VECTOR('',#4194,10.);
#1052=VECTOR('',#4195,10.);
#1053=VECTOR('',#4198,10.);
#1054=VECTOR('',#4201,10.);
#1055=VECTOR('',#4202,10.);
#1056=VECTOR('',#4205,10.);
#1057=VECTOR('',#4206,10.);
#1058=VECTOR('',#4207,10.);
#1059=VECTOR('',#4270,10.);
#1060=VECTOR('',#4271,10.);
#1061=VECTOR('',#4274,10.);
#1062=VECTOR('',#4275,10.);
#1063=VECTOR('',#4370,1.05);
#1064=VECTOR('',#4377,4.05);
#1065=VECTOR('',#4384,10.);
#1066=VECTOR('',#4385,10.);
#1067=VECTOR('',#4386,10.);
#1068=VECTOR('',#4387,10.);
#1069=VECTOR('',#4388,10.);
#1070=VECTOR('',#4389,10.);
#1071=VECTOR('',#4392,10.);
#1072=VECTOR('',#4395,10.);
#1073=VECTOR('',#4396,10.);
#1074=VECTOR('',#4413,10.);
#1075=VECTOR('',#4418,10.);
#1076=VECTOR('',#4425,10.);
#1077=VECTOR('',#4426,10.);
#1078=VECTOR('',#4431,10.);
#1079=VECTOR('',#4432,10.);
#1080=VECTOR('',#5057,10.);
#1081=VECTOR('',#5058,10.);
#1082=VECTOR('',#5059,10.);
#1083=VECTOR('',#5060,10.);
#1084=VECTOR('',#5063,10.);
#1085=VECTOR('',#5064,10.);
#1086=VECTOR('',#5065,10.);
#1087=VECTOR('',#5068,10.);
#1088=VECTOR('',#5069,10.);
#1089=VECTOR('',#5070,10.);
#1090=VECTOR('',#5073,10.);
#1091=VECTOR('',#5074,10.);
#1092=VECTOR('',#5077,10.);
#1093=VECTOR('',#5080,10.);
#1094=VECTOR('',#5081,10.);
#1095=VECTOR('',#5082,10.);
#1096=VECTOR('',#5083,10.);
#1097=VECTOR('',#5084,10.);
#1098=VECTOR('',#5085,10.);
#1099=VECTOR('',#5088,10.);
#1100=VECTOR('',#5089,10.);
#1101=VECTOR('',#5090,10.);
#1102=VECTOR('',#5095,10.);
#1103=VECTOR('',#5096,10.);
#1104=VECTOR('',#5099,10.);
#1105=VECTOR('',#5102,10.);
#1106=VECTOR('',#5105,10.);
#1107=VECTOR('',#5108,10.);
#1108=VECTOR('',#5111,10.);
#1109=VECTOR('',#5114,10.);
#1110=VECTOR('',#5117,10.);
#1111=VECTOR('',#5120,10.);
#1112=VECTOR('',#5125,10.);
#1113=VECTOR('',#5126,10.);
#1114=VECTOR('',#5129,10.);
#1115=VECTOR('',#5132,10.);
#1116=B_SPLINE_CURVE_WITH_KNOTS('',3,(#5142,#5143,#5144,#5145,#5146,#5147),
 .UNSPECIFIED.,.F.,.F.,(4,2,4),(2.90927802388304,3.18834041133997,3.64175586753586),
 .UNSPECIFIED.);
#1117=B_SPLINE_CURVE_WITH_KNOTS('',3,(#5157,#5158,#5159,#5160),
 .UNSPECIFIED.,.F.,.F.,(4,4),(-0.0223684768212992,-0.00174297679985062),
 .UNSPECIFIED.);
#1118=B_SPLINE_CURVE_WITH_KNOTS('',3,(#5162,#5163,#5164,#5165,#5166,#5167,
#5168,#5169,#5170,#5171),.UNSPECIFIED.,.F.,.F.,(4,2,2,2,4),(0.124439628810451,
0.234051119506335,0.391433473162726,0.491593635104783,0.571504734809786),
 .UNSPECIFIED.);
#1119=B_SPLINE_CURVE_WITH_KNOTS('',3,(#5175,#5176,#5177,#5178,#5179,#5180,
#5181,#5182,#5183,#5184,#5185,#5186,#5187,#5188,#5189,#5190,#5191,#5192,
#5193,#5194),.UNSPECIFIED.,.F.,.F.,(4,2,2,2,2,2,2,2,2,4),(-0.358931039565258,
-0.302942571509744,-0.280543232183827,-0.264196064356314,-0.24675461815959,
-0.218879535953817,-0.170335494329463,-0.117331900727741,-0.0571659562130792,
-0.0356044860157651),.UNSPECIFIED.);
#1120=B_SPLINE_CURVE_WITH_KNOTS('',3,(#5196,#5197,#5198,#5199,#5200,#5201,
#5202,#5203,#5204,#5205,#5206,#5207,#5208,#5209,#5210,#5211),
 .UNSPECIFIED.,.F.,.F.,(4,2,2,2,2,2,2,4),(-0.539080785598775,-0.502850309953534,
-0.454433464920503,-0.41310961583723,-0.344649784072933,-0.26841830773415,
-0.216005223956557,-0.196686386104735),.UNSPECIFIED.);
#1121=B_SPLINE_CURVE_WITH_KNOTS('',3,(#5213,#5214,#5215,#5216,#5217,#5218,
#5219,#5220),.UNSPECIFIED.,.F.,.F.,(4,2,2,4),(0.,0.055280988443649,0.110561976887298,
0.113979853319708),.UNSPECIFIED.);
#1122=B_SPLINE_CURVE_WITH_KNOTS('',3,(#5223,#5224,#5225,#5226,#5227,#5228,
#5229,#5230,#5231,#5232,#5233,#5234,#5235,#5236,#5237,#5238,#5239,#5240,
#5241,#5242),.UNSPECIFIED.,.F.,.F.,(4,2,2,2,2,2,2,2,2,4),(-0.553296079961979,
-0.525098202768654,-0.49690032557533,-0.440504571188682,-0.355659338776314,
-0.270814106363946,-0.190915725125311,-0.111017343886676,-0.0555086719433382,
0.),.UNSPECIFIED.);
#1123=B_SPLINE_CURVE_WITH_KNOTS('',3,(#5247,#5248,#5249,#5250,#5251,#5252,
#5253,#5254,#5255,#5256,#5257,#5258,#5259,#5260,#5261,#5262,#5263,#5264,
#5265,#5266),.UNSPECIFIED.,.F.,.F.,(4,2,2,2,2,2,2,2,2,4),(3.35903351445197,
3.50110743092819,3.55555084109327,3.5796319192655,3.59998323959966,3.62476033910649,
3.66616898373989,3.85904370096424,4.10687541513525,4.17665066819655),
 .UNSPECIFIED.);
#1124=B_SPLINE_CURVE_WITH_KNOTS('',3,(#5268,#5269,#5270,#5271,#5272,#5273),
 .UNSPECIFIED.,.F.,.F.,(4,2,4),(0.725517686353143,0.73727713047221,1.02828131094967),
 .UNSPECIFIED.);
#1125=B_SPLINE_CURVE_WITH_KNOTS('',3,(#5275,#5276,#5277,#5278,#5279,#5280,
#5281,#5282,#5283,#5284),.UNSPECIFIED.,.F.,.F.,(4,2,2,2,4),(-0.363851567707366,
-0.303908235195428,-0.24163405869814,-0.130673910153598,0.),
 .UNSPECIFIED.);
#1126=B_SPLINE_CURVE_WITH_KNOTS('',3,(#5293,#5294,#5295,#5296,#5297,#5298,
#5299,#5300,#5301,#5302,#5303,#5304,#5305,#5306,#5307,#5308,#5309,#5310),
 .UNSPECIFIED.,.F.,.F.,(4,2,2,2,2,2,2,2,4),(0.,0.0415065403754368,0.0830130807508737,
0.12308479450587,0.163156508260866,0.202586500556964,0.242016492853061,
0.28416322760461,0.326309962356159),.UNSPECIFIED.);
#1127=B_SPLINE_CURVE_WITH_KNOTS('',3,(#5311,#5312,#5313,#5314,#5315,#5316,
#5317,#5318,#5319,#5320,#5321,#5322,#5323,#5324,#5325,#5326,#5327,#5328),
 .UNSPECIFIED.,.F.,.F.,(4,2,2,2,2,2,2,2,4),(0.326309962356159,0.368499518382249,
0.410689074408338,0.450123920169558,0.489558765930778,0.528993611691998,
0.568428457453218,0.610618013479308,0.652807569505398),.UNSPECIFIED.);
#1128=B_SPLINE_CURVE_WITH_KNOTS('',3,(#5332,#5333,#5334,#5335,#5336,#5337,
#5338,#5339,#5340,#5341,#5342,#5343,#5344,#5345,#5346,#5347,#5348,#5349),
 .UNSPECIFIED.,.F.,.F.,(4,2,2,2,2,2,2,2,4),(0.,0.03955575336552,0.0791115067310399,
0.118667257873421,0.158223009015802,0.197778760158182,0.237334511300563,
0.276890264666083,0.316446018031603),.UNSPECIFIED.);
#1129=B_SPLINE_CURVE_WITH_KNOTS('',3,(#5350,#5351,#5352,#5353,#5354,#5355,
#5356,#5357,#5358,#5359,#5360,#5361,#5362,#5363,#5364,#5365,#5366,#5367),
 .UNSPECIFIED.,.F.,.F.,(4,2,2,2,2,2,2,2,4),(0.316446018031603,0.356001771397123,
0.395557524762643,0.435113275905023,0.474669027047404,0.514224778189785,
0.553780529332166,0.593336282697686,0.632892036063206),.UNSPECIFIED.);
#1130=B_SPLINE_CURVE_WITH_KNOTS('',3,(#5371,#5372,#5373,#5374,#5375,#5376,
#5377,#5378,#5379,#5380,#5381,#5382,#5383,#5384,#5385,#5386,#5387,#5388,
#5389,#5390,#5391,#5392),.UNSPECIFIED.,.F.,.F.,(4,2,2,2,2,2,2,2,2,2,4),
(-0.553421331368794,-0.522889746052518,-0.492358160736243,-0.431294990103692,
-0.356888481850857,-0.282481973598023,-0.19763674118566,-0.112791508773297,
-0.0563957543866485,-0.0281978771933242,0.),.UNSPECIFIED.);
#1131=B_SPLINE_CURVE_WITH_KNOTS('',3,(#5396,#5397,#5398,#5399,#5400,#5401,
#5402,#5403),.UNSPECIFIED.,.F.,.F.,(4,2,2,4),(0.394456505251983,0.39787438168465,
0.453155370128299,0.508436358571948),.UNSPECIFIED.);
#1132=B_SPLINE_CURVE_WITH_KNOTS('',3,(#5405,#5406,#5407,#5408,#5409,#5410,
#5411,#5412,#5413,#5414,#5415,#5416,#5417,#5418,#5419,#5420),
 .UNSPECIFIED.,.F.,.F.,(4,2,2,2,2,2,2,4),(-0.344082202159543,-0.33195658059628,
-0.282864852299765,-0.210319137049508,-0.135484761434638,-0.0940937391596794,
-0.0491950909852425,-0.00732759927584535),.UNSPECIFIED.);
#1133=B_SPLINE_CURVE_WITH_KNOTS('',3,(#5422,#5423,#5424,#5425,#5426,#5427,
#5428,#5429,#5430,#5431,#5432,#5433,#5434,#5435,#5436,#5437,#5438,#5439,
#5440,#5441,#5442,#5443),.UNSPECIFIED.,.F.,.F.,(4,2,2,2,2,2,2,2,2,2,4),
(-0.56038467700881,-0.536995098748413,-0.484541304353457,-0.43944465192626,
-0.389696828925647,-0.359826159800482,-0.342389088374446,-0.326837645520311,
-0.306722272846563,-0.261921123453525,-0.249029230686842),.UNSPECIFIED.);
#1134=B_SPLINE_CURVE_WITH_KNOTS('',3,(#5449,#5450,#5451,#5452,#5453,#5454),
 .UNSPECIFIED.,.F.,.F.,(4,2,4),(1.67507556464359,2.12849102084016,2.40755340829726),
 .UNSPECIFIED.);
#1135=B_SPLINE_CURVE_WITH_KNOTS('',3,(#5458,#5459,#5460,#5461,#5462,#5463,
#5464,#5465,#5466,#5467),.UNSPECIFIED.,.F.,.F.,(4,2,2,2,4),(1.90460364885938,
1.98451474856465,2.0846749105067,2.24205726416308,2.35166875485897),
 .UNSPECIFIED.);
#1136=B_SPLINE_CURVE_WITH_KNOTS('',3,(#5469,#5470,#5471,#5472),
 .UNSPECIFIED.,.F.,.F.,(4,4),(-0.0206255362644489,0.),.UNSPECIFIED.);
#1137=B_SPLINE_CURVE_WITH_KNOTS('',3,(#5484,#5485,#5486,#5487,#5488,#5489,
#5490,#5491,#5492,#5493),.UNSPECIFIED.,.F.,.F.,(4,2,2,2,4),(-0.364630778926321,
-0.288694540403488,-0.203145151197768,-0.102223866894702,-0.00353651285625493),
 .UNSPECIFIED.);
#1138=B_SPLINE_CURVE_WITH_KNOTS('',3,(#5495,#5496,#5497,#5498,#5499,#5500),
 .UNSPECIFIED.,.F.,.F.,(4,2,4),(2.15160653509129,2.44261071556857,2.45437015968667),
 .UNSPECIFIED.);
#1139=B_SPLINE_CURVE_WITH_KNOTS('',3,(#5502,#5503,#5504,#5505,#5506,#5507,
#5508,#5509,#5510,#5511,#5512,#5513,#5514,#5515,#5516,#5517,#5518,#5519,
#5520,#5521),.UNSPECIFIED.,.F.,.F.,(4,2,2,2,2,2,2,2,2,4),(0.67371988945299,
0.743495142513365,0.991326856684487,1.184201573909,1.22561021854245,1.25038731804931,
1.27073863838348,1.2948197165557,1.34926312672076,1.49133704319693),
 .UNSPECIFIED.);
#1140=B_SPLINE_CURVE_WITH_KNOTS('',3,(#5532,#5533,#5534,#5535,#5536,#5537,
#5538),.UNSPECIFIED.,.F.,.F.,(4,3,4),(0.744539052033061,0.804109755010228,
0.878953024744564),.UNSPECIFIED.);
#1141=B_SPLINE_CURVE_WITH_KNOTS('',3,(#5565,#5566,#5567,#5568,#5569,#5570,
#5571,#5572,#5573,#5574,#5575,#5576),.UNSPECIFIED.,.F.,.F.,(4,2,2,2,2,4),
(0.,0.0814346432514062,0.16225049985887,0.24296887220132,0.284435405862854,
0.310051253384684),.UNSPECIFIED.);
#1142=B_SPLINE_CURVE_WITH_KNOTS('',3,(#5578,#5579,#5580,#5581,#5582),
 .UNSPECIFIED.,.F.,.F.,(4,1,4),(-0.74453905166895,-0.664889993457909,-0.612371809145136),
 .UNSPECIFIED.);
#1143=B_SPLINE_CURVE_WITH_KNOTS('',3,(#5587,#5588,#5589,#5590,#5591,#5592,
#5593,#5594,#5595,#5596,#5597,#5598),.UNSPECIFIED.,.F.,.F.,(4,2,2,2,2,4),
(0.,0.0807595465437723,0.161440956420667,0.242181261728874,0.284017736571275,
0.325786233594585),.UNSPECIFIED.);
#1144=B_SPLINE_CURVE_WITH_KNOTS('',3,(#5609,#5610,#5611,#5612,#5613,#5614,
#5615,#5616,#5617,#5618,#5619,#5620),.UNSPECIFIED.,.F.,.F.,(4,2,2,2,2,4),
(0.045181215549814,0.0807595465437565,0.161440956420628,0.242181261728815,
0.284017736571205,0.325786233594499),.UNSPECIFIED.);
#1145=B_SPLINE_CURVE_WITH_KNOTS('',3,(#5622,#5623,#5624,#5625,#5626,#5627,
#5628,#5629,#5630,#5631,#5632,#5633),.UNSPECIFIED.,.F.,.F.,(4,2,2,2,2,4),
(0.,0.0814346432514057,0.16225049985887,0.24296887220132,0.284435405862855,
0.325867964692343),.UNSPECIFIED.);
#1146=B_SPLINE_CURVE_WITH_KNOTS('',3,(#5661,#5662,#5663,#5664,#5665,#5666,
#5667,#5668,#5669,#5670),.UNSPECIFIED.,.F.,.F.,(4,2,2,2,4),(0.,0.081434643251403,
0.162250499858864,0.242968872201313,0.280791630337848),.UNSPECIFIED.);
#1147=B_SPLINE_CURVE_WITH_KNOTS('',3,(#5672,#5673,#5674,#5675,#5676),
 .UNSPECIFIED.,.F.,.F.,(4,1,4),(-0.876704468181975,-0.803834090109631,-0.744539052032908),
 .UNSPECIFIED.);
#1148=B_SPLINE_CURVE_WITH_KNOTS('',3,(#5681,#5682,#5683,#5684,#5685,#5686,
#5687,#5688,#5689,#5690,#5691,#5692),.UNSPECIFIED.,.F.,.F.,(4,2,2,2,2,4),
(0.,0.0807595465437682,0.161440956420658,0.24218126172886,0.28401773657126,
0.325786233594573),.UNSPECIFIED.);
#1149=B_SPLINE_CURVE_WITH_KNOTS('',3,(#5793,#5794,#5795,#5796,#5797,#5798,
#5799,#5800,#5801,#5802,#5803,#5804,#5805),.UNSPECIFIED.,.F.,.F.,(4,3,2,
2,2,4),(-0.0125089645181198,0.,0.074471481078531,0.152102513407389,0.233977594544113,
0.320046776479071),.UNSPECIFIED.);
#1150=B_SPLINE_CURVE_WITH_KNOTS('',3,(#5809,#5810,#5811,#5812,#5813,#5814,
#5815,#5816,#5817,#5818,#5819,#5820),.UNSPECIFIED.,.F.,.F.,(4,2,2,2,2,4),
(0.0158271216803125,0.080759546543762,0.161440956420642,0.242181261728836,
0.284017736571227,0.325786233594521),.UNSPECIFIED.);
#1151=B_SPLINE_CURVE_WITH_KNOTS('',3,(#5821,#5822,#5823,#5824,#5825,#5826,
#5827,#5828,#5829,#5830,#5831,#5832),.UNSPECIFIED.,.F.,.F.,(4,2,2,2,2,4),
(0.,0.081434643251408,0.162250499858871,0.242968872201318,0.284435405862855,
0.325867964692346),.UNSPECIFIED.);
#1152=B_SPLINE_CURVE_WITH_KNOTS('',3,(#5835,#5836,#5837,#5838,#5839,#5840,
#5841,#5842,#5843,#5844,#5845,#5846,#5847),.UNSPECIFIED.,.F.,.F.,(4,2,2,
2,3,4),(-0.320046776479071,-0.233977594544113,-0.152102513407389,-0.0744714810785312,
0.,0.0125089645181196),.UNSPECIFIED.);
#1153=B_SPLINE_CURVE_WITH_KNOTS('',3,(#5875,#5876,#5877,#5878,#5879),
 .UNSPECIFIED.,.F.,.F.,(4,1,4),(0.610125077590535,0.665111446886396,0.74453905166895),
 .UNSPECIFIED.);
#1154=B_SPLINE_CURVE_WITH_KNOTS('',3,(#5882,#5883,#5884,#5885,#5886),
 .UNSPECIFIED.,.F.,.F.,(4,1,4),(-0.74453905166895,-0.665111446886396,-0.612371896517767),
 .UNSPECIFIED.);
#1155=B_SPLINE_CURVE_WITH_KNOTS('',3,(#5928,#5929,#5930,#5931,#5932,#5933,
#5934,#5935,#5936,#5937,#5938,#5939,#5940,#5941,#5942,#5943,#5944,#5945,
#5946,#5947,#5948,#5949),.UNSPECIFIED.,.F.,.F.,(4,2,2,2,2,2,2,2,2,2,4),
(9.5631488360857,9.82577074504075,10.3183746313243,10.8109785176078,11.3035824038914,
11.7961862901749,12.2887901764585,12.781394062742,13.2739979490256,13.7666018353091,
14.0292237442642),.UNSPECIFIED.);
#1156=B_SPLINE_CURVE_WITH_KNOTS('',3,(#5951,#5952,#5953,#5954,#5955,#5956),
 .UNSPECIFIED.,.F.,.F.,(4,2,4),(2.10307478752168,2.50469016162913,2.58338751812872),
 .UNSPECIFIED.);
#1157=B_SPLINE_CURVE_WITH_KNOTS('',3,(#5958,#5959,#5960,#5961,#5962,#5963),
 .UNSPECIFIED.,.F.,.F.,(4,2,4),(-0.785875984591784,-0.742145171446678,-0.701886049582069),
 .UNSPECIFIED.);
#1158=B_SPLINE_CURVE_WITH_KNOTS('',3,(#5965,#5966,#5967,#5968,#5969,#5970,
#5971,#5972,#5973,#5974,#5975,#5976,#5977,#5978,#5979,#5980),
 .UNSPECIFIED.,.F.,.F.,(4,2,2,2,2,2,2,4),(-1.04874757760943,-0.968641578960577,
-0.886608786019783,-0.810693371028068,-0.756647519026947,-0.707438007694691,
-0.652271763565682,-0.620740150258908),.UNSPECIFIED.);
#1159=B_SPLINE_CURVE_WITH_KNOTS('',3,(#5982,#5983,#5984,#5985,#5986,#5987,
#5988,#5989),.UNSPECIFIED.,.F.,.F.,(4,2,2,4),(6.47071640845156,6.53440287661026,
6.96384351961096,7.10202851335933),.UNSPECIFIED.);
#1160=B_SPLINE_CURVE_WITH_KNOTS('',3,(#5991,#5992,#5993,#5994,#5995,#5996,
#5997,#5998,#5999,#6000),.UNSPECIFIED.,.F.,.F.,(4,2,2,2,4),(-0.591770783847323,
-0.511778419688003,-0.413749914302448,-0.296577981436049,-0.193773280936029),
 .UNSPECIFIED.);
#1161=B_SPLINE_CURVE_WITH_KNOTS('',3,(#6002,#6003,#6004,#6005,#6006,#6007,
#6008,#6009,#6010,#6011,#6012,#6013,#6014,#6015),.UNSPECIFIED.,.F.,.F.,
(4,2,2,2,2,2,4),(-0.813607269362063,-0.762859382492475,-0.677537421750287,
-0.604359660702735,-0.536433618844134,-0.465497541538134,-0.457319159951954),
 .UNSPECIFIED.);
#1162=B_SPLINE_CURVE_WITH_KNOTS('',3,(#6017,#6018,#6019,#6020,#6021,#6022),
 .UNSPECIFIED.,.F.,.F.,(4,2,4),(4.74965471118219,5.03556541953771,5.22523559838646),
 .UNSPECIFIED.);
#1163=B_SPLINE_CURVE_WITH_KNOTS('',3,(#6024,#6025,#6026,#6027,#6028,#6029,
#6030,#6031,#6032,#6033,#6034,#6035),.UNSPECIFIED.,.F.,.F.,(4,2,2,2,2,4),
(-0.413849454814025,-0.342527340234351,-0.256997185870598,-0.170296215227473,
-0.0838564122386126,-0.0644444084399731),.UNSPECIFIED.);
#1164=B_SPLINE_CURVE_WITH_KNOTS('',3,(#6037,#6038,#6039,#6040,#6041,#6042,
#6043,#6044,#6045,#6046,#6047,#6048,#6049,#6050),.UNSPECIFIED.,.F.,.F.,
(4,2,2,2,2,2,4),(-0.463813381116382,-0.449159561276299,-0.407380773799315,
-0.327650397263606,-0.248640594180023,-0.168545736817744,-0.123723018640436),
 .UNSPECIFIED.);
#1165=B_SPLINE_CURVE_WITH_KNOTS('',3,(#6052,#6053,#6054,#6055,#6056,#6057),
 .UNSPECIFIED.,.F.,.F.,(4,2,4),(3.58334903302026,3.82154310316073,3.99148666118975),
 .UNSPECIFIED.);
#1166=B_SPLINE_CURVE_WITH_KNOTS('',3,(#6059,#6060,#6061,#6062,#6063,#6064,
#6065,#6066,#6067,#6068,#6069,#6070),.UNSPECIFIED.,.F.,.F.,(4,2,2,2,2,4),
(-0.367317359538706,-0.321199088546914,-0.241931618291901,-0.162324053144951,
-0.0816223616600331,-0.0272239627782958),.UNSPECIFIED.);
#1167=B_SPLINE_CURVE_WITH_KNOTS('',3,(#6072,#6073,#6074,#6075,#6076,#6077,
#6078,#6079,#6080,#6081,#6082,#6083),.UNSPECIFIED.,.F.,.F.,(4,2,2,2,2,4),
(-0.465134708876493,-0.415040083999511,-0.328417923619231,-0.242911518916028,
-0.159340522580398,-0.116107487410706),.UNSPECIFIED.);
#1168=B_SPLINE_CURVE_WITH_KNOTS('',3,(#6085,#6086,#6087,#6088,#6089,#6090),
 .UNSPECIFIED.,.F.,.F.,(4,2,4),(3.01459390569668,3.10612278986958,3.48322934878163),
 .UNSPECIFIED.);
#1169=B_SPLINE_CURVE_WITH_KNOTS('',3,(#6092,#6093,#6094,#6095,#6096,#6097,
#6098,#6099,#6100,#6101,#6102,#6103),.UNSPECIFIED.,.F.,.F.,(4,2,2,2,2,4),
(-0.474673174682657,-0.43067286125847,-0.361904588244133,-0.288174305115166,
-0.201965585688777,-0.117139219433096),.UNSPECIFIED.);
#1170=B_SPLINE_CURVE_WITH_KNOTS('',3,(#6105,#6106,#6107,#6108,#6109,#6110,
#6111,#6112,#6113,#6114,#6115,#6116),.UNSPECIFIED.,.F.,.F.,(4,2,2,2,2,4),
(-0.604759828478255,-0.489345389639806,-0.380694581480888,-0.289623259639638,
-0.212532802213765,-0.206054414756885),.UNSPECIFIED.);
#1171=B_SPLINE_CURVE_WITH_KNOTS('',3,(#6118,#6119,#6120,#6121,#6122,#6123,
#6124,#6125),.UNSPECIFIED.,.F.,.F.,(4,2,2,4),(2.6080819124528,2.65232144234023,
3.08859293033627,3.25672532652609),.UNSPECIFIED.);
#1172=B_SPLINE_CURVE_WITH_KNOTS('',3,(#6127,#6128,#6129,#6130,#6131,#6132,
#6133,#6134,#6135,#6136,#6137,#6138,#6139,#6140),.UNSPECIFIED.,.F.,.F.,
(4,2,2,2,2,2,4),(-0.52407696482548,-0.484181531523436,-0.416497811727526,
-0.350396938257215,-0.271808272132267,-0.16136627725555,-0.00721633931375437),
 .UNSPECIFIED.);
#1173=B_SPLINE_CURVE_WITH_KNOTS('',3,(#6142,#6143,#6144,#6145,#6146,#6147),
 .UNSPECIFIED.,.F.,.F.,(4,2,4),(-0.427163046003992,-0.379755038956095,-0.335448605866311),
 .UNSPECIFIED.);
#1174=B_SPLINE_CURVE_WITH_KNOTS('',3,(#6148,#6149,#6150,#6151),
 .UNSPECIFIED.,.F.,.F.,(4,4),(2.09010811284409,2.57606572045309),
 .UNSPECIFIED.);
#1175=B_SPLINE_CURVE_WITH_KNOTS('',3,(#6155,#6156,#6157,#6158,#6159,#6160,
#6161,#6162),.UNSPECIFIED.,.F.,.F.,(4,2,2,4),(-0.209744802488956,-0.160830858182384,
-0.0824250685908528,-0.0633887308392648),.UNSPECIFIED.);
#1176=B_SPLINE_CURVE_WITH_KNOTS('',3,(#6174,#6175,#6176,#6177,#6178,#6179,
#6180,#6181,#6182,#6183,#6184),.UNSPECIFIED.,.F.,.F.,(4,2,2,3,4),(-0.410724619640963,
-0.395056843049317,-0.197528421524658,0.,0.0968619370533542),
 .UNSPECIFIED.);
#1177=B_SPLINE_CURVE_WITH_KNOTS('',3,(#6186,#6187,#6188,#6189,#6190,#6191,
#6192,#6193,#6194,#6195,#6196,#6197,#6198,#6199),.UNSPECIFIED.,.F.,.F.,
(4,2,2,2,2,2,4),(-0.489696282119582,-0.453952642550658,-0.365690293582649,
-0.284855807551124,-0.204343520841978,-0.113154060740309,-0.056125471002483),
 .UNSPECIFIED.);
#1178=B_SPLINE_CURVE_WITH_KNOTS('',3,(#6201,#6202,#6203,#6204,#6205,#6206,
#6207,#6208,#6209,#6210,#6211,#6212),.UNSPECIFIED.,.F.,.F.,(4,2,2,2,2,4),
(-0.753234903278367,-0.718994321105524,-0.647029810212114,-0.56875227777385,
-0.479248037181851,-0.404172596917918),.UNSPECIFIED.);
#1179=B_SPLINE_CURVE_WITH_KNOTS('',3,(#6213,#6214,#6215,#6216,#6217,#6218,
#6219,#6220,#6221,#6222,#6223,#6224,#6225,#6226,#6227,#6228,#6229,#6230),
 .UNSPECIFIED.,.F.,.F.,(4,2,2,2,2,2,2,2,4),(0.827561927508712,0.953874831441651,
1.13592016103974,1.31804155805945,1.50016295507916,1.68994141640737,1.87971987773558,
2.07598577623555,2.19412862011205),.UNSPECIFIED.);
#1180=B_SPLINE_CURVE_WITH_KNOTS('',3,(#6234,#6235,#6236,#6237,#6238,#6239,
#6240,#6241,#6242,#6243),.UNSPECIFIED.,.F.,.F.,(4,2,2,2,4),(1.40330101802581,
1.50016295507916,1.69769137660382,1.89521979812847,1.91088757466101),
 .UNSPECIFIED.);
#1181=B_SPLINE_CURVE_WITH_KNOTS('',3,(#6255,#6256,#6257,#6258,#6259,#6260,
#6261,#6262),.UNSPECIFIED.,.F.,.F.,(4,2,2,4),(-0.475165048995577,-0.467701338888653,
-0.397478811265276,-0.329019032630627),.UNSPECIFIED.);
#1182=B_SPLINE_CURVE_WITH_KNOTS('',3,(#6264,#6265,#6266,#6267,#6268,#6269,
#6270,#6271,#6272,#6273,#6274,#6275,#6276,#6277,#6278,#6279,#6280,#6281,
#6282),.UNSPECIFIED.,.F.,.F.,(4,2,2,2,3,2,2,2,4),(-0.69396566503288,-0.575822821156398,
-0.379556922656424,-0.189778461328212,0.,0.182121397019707,0.364242794039414,
0.546288123637507,0.67260102757043),.UNSPECIFIED.);
#1183=B_SPLINE_CURVE_WITH_KNOTS('',3,(#6284,#6285,#6286,#6287,#6288,#6289,
#6290,#6291,#6292,#6293,#6294,#6295,#6296,#6297),.UNSPECIFIED.,.F.,.F.,
(4,2,2,2,2,2,4),(-0.413721527215834,-0.38687732450789,-0.29824500603413,
-0.219149406117211,-0.148528894981694,-0.0775295501870575,-0.0649483825498938),
 .UNSPECIFIED.);
#1184=B_SPLINE_CURVE_WITH_KNOTS('',3,(#6298,#6299,#6300,#6301,#6302,#6303,
#6304,#6305,#6306,#6307,#6308,#6309,#6310,#6311),.UNSPECIFIED.,.F.,.F.,
(4,2,2,2,2,2,4),(-1.28454674537929,-1.23499943976818,-1.15346203846756,
-1.07612371354135,-0.996312886037674,-0.908950872784926,-0.878174326454163),
 .UNSPECIFIED.);
#1185=B_SPLINE_CURVE_WITH_KNOTS('',3,(#6313,#6314,#6315,#6316,#6317,#6318,
#6319,#6320,#6321,#6322,#6323,#6324,#6325,#6326,#6327,#6328,#6329,#6330),
 .UNSPECIFIED.,.F.,.F.,(4,2,2,2,2,2,2,2,4),(11.9461428447315,12.2922278240747,
12.8200679486827,13.3479080732907,13.8757481978988,14.4035883225068,14.9314284471149,
15.4592685717229,15.805353551066),.UNSPECIFIED.);
#1186=B_SPLINE_CURVE_WITH_KNOTS('',3,(#6332,#6333,#6334,#6335,#6336,#6337),
 .UNSPECIFIED.,.F.,.F.,(4,2,4),(-0.551405673520728,-0.493468556283694,-0.48888946209635),
 .UNSPECIFIED.);
#1187=B_SPLINE_CURVE_WITH_KNOTS('',3,(#6339,#6340,#6341,#6342,#6343,#6344,
#6345,#6346,#6347,#6348,#6349,#6350),.UNSPECIFIED.,.F.,.F.,(4,2,2,2,2,4),
(-0.718680798960376,-0.654324852373167,-0.589525763676363,-0.511627579073116,
-0.428635459216772,-0.373633844367161),.UNSPECIFIED.);
#1188=B_SPLINE_CURVE_WITH_KNOTS('',3,(#6352,#6353,#6354,#6355),
 .UNSPECIFIED.,.F.,.F.,(4,4),(5.12575179663831,5.6037547109453),
 .UNSPECIFIED.);
#1189=B_SPLINE_CURVE_WITH_KNOTS('',3,(#6357,#6358,#6359,#6360,#6361,#6362,
#6363,#6364,#6365,#6366,#6367,#6368),.UNSPECIFIED.,.F.,.F.,(4,2,2,2,2,4),
(-0.517931639085545,-0.494284412707788,-0.405733999592146,-0.318240115106092,
-0.233992954353036,-0.166281618518839),.UNSPECIFIED.);
#1190=B_SPLINE_CURVE_WITH_KNOTS('',3,(#6370,#6371,#6372,#6373,#6374,#6375,
#6376,#6377,#6378,#6379,#6380,#6381,#6382,#6383),.UNSPECIFIED.,.F.,.F.,
(4,2,2,2,2,2,4),(-0.672263786135672,-0.628645677716026,-0.581621795789023,
-0.503720940278548,-0.422844925475859,-0.337093769285399,-0.329776014620705),
 .UNSPECIFIED.);
#1191=B_SPLINE_CURVE_WITH_KNOTS('',3,(#6385,#6386,#6387,#6388,#6389,#6390),
 .UNSPECIFIED.,.F.,.F.,(4,2,4),(3.92126631941023,4.06065050771342,4.39464462593215),
 .UNSPECIFIED.);
#1192=B_SPLINE_CURVE_WITH_KNOTS('',3,(#6392,#6393,#6394,#6395,#6396,#6397,
#6398,#6399,#6400,#6401,#6402,#6403),.UNSPECIFIED.,.F.,.F.,(4,2,2,2,2,4),
(-0.407746223553347,-0.325306156518643,-0.241189020645552,-0.159023686479562,
-0.0788304126589007,-0.0626366871890509),.UNSPECIFIED.);
#1193=B_SPLINE_CURVE_WITH_KNOTS('',3,(#6405,#6406,#6407,#6408,#6409,#6410,
#6411,#6412,#6413,#6414,#6415,#6416),.UNSPECIFIED.,.F.,.F.,(4,2,2,2,2,4),
(-0.672576171997889,-0.641817980129655,-0.574855920655303,-0.494311314500906,
-0.411413578692311,-0.330504235722627),.UNSPECIFIED.);
#1194=B_SPLINE_CURVE_WITH_KNOTS('',3,(#6418,#6419,#6420,#6421,#6422,#6423),
 .UNSPECIFIED.,.F.,.F.,(4,2,4),(2.78949651405246,3.03031171549044,3.2711269169284),
 .UNSPECIFIED.);
#1195=B_SPLINE_CURVE_WITH_KNOTS('',3,(#6425,#6426,#6427,#6428,#6429,#6430,
#6431,#6432,#6433,#6434,#6435,#6436),.UNSPECIFIED.,.F.,.F.,(4,2,2,2,2,4),
(-0.378475806716989,-0.320752370037564,-0.238927168249326,-0.158935467448696,
-0.0796491648330514,-0.0362571981134867),.UNSPECIFIED.);
#1196=B_SPLINE_CURVE_WITH_KNOTS('',3,(#6438,#6439,#6440,#6441,#6442,#6443,
#6444,#6445,#6446,#6447,#6448,#6449),.UNSPECIFIED.,.F.,.F.,(4,2,2,2,2,4),
(-0.751274824613252,-0.736630620908943,-0.6550059896802,-0.571328880711007,
-0.486056935088012,-0.405947106616175),.UNSPECIFIED.);
#1197=B_SPLINE_CURVE_WITH_KNOTS('',3,(#6451,#6452,#6453,#6454,#6455,#6456),
 .UNSPECIFIED.,.F.,.F.,(4,2,4),(2.10239618640932,2.43639030462805,2.57577449293124),
 .UNSPECIFIED.);
#1198=B_SPLINE_CURVE_WITH_KNOTS('',3,(#6458,#6459,#6460,#6461,#6462,#6463,
#6464,#6465,#6466,#6467,#6468,#6469),.UNSPECIFIED.,.F.,.F.,(4,2,2,2,2,4),
(-0.34628481604438,-0.317000695431812,-0.236014952178224,-0.157909026934583,
-0.0799841831354633,-0.00359282602998022),.UNSPECIFIED.);
#1199=B_SPLINE_CURVE_WITH_KNOTS('',3,(#6471,#6472,#6473,#6474,#6475,#6476,
#6477,#6478,#6479,#6480,#6481,#6482),.UNSPECIFIED.,.F.,.F.,(4,2,2,2,2,4),
(-0.673006025041621,-0.662862450696801,-0.578194737129436,-0.490381913016484,
-0.401804354885343,-0.321244587220656),.UNSPECIFIED.);
#1200=B_SPLINE_CURVE_WITH_KNOTS('',3,(#6484,#6485,#6486,#6487),
 .UNSPECIFIED.,.F.,.F.,(4,4),(1.58833061424632,2.06633352855336),
 .UNSPECIFIED.);
#1201=B_SPLINE_CURVE_WITH_KNOTS('',3,(#6489,#6490,#6491,#6492,#6493,#6494,
#6495,#6496,#6497,#6498,#6499,#6500),.UNSPECIFIED.,.F.,.F.,(4,2,2,2,2,4),
(-0.346166462163765,-0.312520238365993,-0.23164744865666,-0.155433946966047,
-0.0795723159644391,-0.000917188096178537),.UNSPECIFIED.);
#1202=B_SPLINE_CURVE_WITH_KNOTS('',3,(#6501,#6502,#6503,#6504),
 .UNSPECIFIED.,.F.,.F.,(4,4),(-0.315307572893037,-0.252815371585208),
 .UNSPECIFIED.);
#1203=B_SPLINE_CURVE_WITH_KNOTS('',3,(#6507,#6508,#6509,#6510,#6511,#6512,
#6513,#6514),.UNSPECIFIED.,.F.,.F.,(4,2,2,4),(1.07988197780904,1.15034980407382,
1.23427758022021,1.28117101255552),.UNSPECIFIED.);
#1204=B_SPLINE_CURVE_WITH_KNOTS('',3,(#6516,#6517,#6518,#6519,#6520,#6521,
#6522,#6523,#6524,#6525,#6526,#6527,#6528),.UNSPECIFIED.,.F.,.F.,(4,3,2,
2,2,4),(-0.0169685698818967,0.,0.111865794287632,0.206496969066546,0.285909104668605,
0.355709284492734),.UNSPECIFIED.);
#1205=B_SPLINE_CURVE_WITH_KNOTS('',3,(#6535,#6536,#6537,#6538,#6539,#6540,
#6541,#6542,#6543,#6544,#6545,#6546,#6547),.UNSPECIFIED.,.F.,.F.,(4,2,2,
2,3,4),(-0.355709284492735,-0.285909104668607,-0.206496969066548,-0.111865794287632,
0.,0.0169400278740651),.UNSPECIFIED.);
#1206=B_SPLINE_CURVE_WITH_KNOTS('',3,(#6548,#6549,#6550,#6551,#6552,#6553,
#6554,#6555),.UNSPECIFIED.,.F.,.F.,(4,2,2,4),(0.164389237100453,0.211282669435744,
0.29521044558214,0.36567827184692),.UNSPECIFIED.);
#1207=B_SPLINE_CURVE_WITH_KNOTS('',3,(#6590,#6591,#6592,#6593,#6594,#6595,
#6596,#6597,#6598,#6599,#6600,#6601,#6602),.UNSPECIFIED.,.F.,.F.,(4,3,2,
2,2,4),(-0.0125089645181198,0.,0.074471481078531,0.152102513407389,0.233977594544113,
0.320046776479071),.UNSPECIFIED.);
#1208=B_SPLINE_CURVE_WITH_KNOTS('',3,(#6614,#6615,#6616,#6617,#6618,#6619,
#6620,#6621,#6622,#6623,#6624,#6625,#6626),.UNSPECIFIED.,.F.,.F.,(4,2,2,
2,3,4),(-0.320046776479071,-0.233977594544113,-0.152102513407389,-0.0744714810785312,
0.,0.0125089645181196),.UNSPECIFIED.);
#1209=B_SPLINE_CURVE_WITH_KNOTS('',3,(#6642,#6643,#6644,#6645,#6646,#6647,
#6648,#6649,#6650,#6651,#6652,#6653,#6654),.UNSPECIFIED.,.F.,.F.,(4,3,2,
2,2,4),(-0.0125089645181198,0.,0.074471481078531,0.152102513407389,0.233977594544113,
0.320046776479071),.UNSPECIFIED.);
#1210=B_SPLINE_CURVE_WITH_KNOTS('',3,(#6662,#6663,#6664,#6665,#6666,#6667,
#6668,#6669,#6670,#6671,#6672,#6673,#6674),.UNSPECIFIED.,.F.,.F.,(4,2,2,
2,3,4),(-0.320046776479071,-0.233977594544113,-0.152102513407389,-0.0744714810785312,
0.,0.0125089645181196),.UNSPECIFIED.);
#1211=B_SPLINE_CURVE_WITH_KNOTS('',3,(#6687,#6688,#6689,#6690,#6691,#6692,
#6693,#6694,#6695,#6696,#6697,#6698,#6699),.UNSPECIFIED.,.F.,.F.,(4,3,2,
2,2,4),(-0.0125089645181198,0.,0.074471481078531,0.152102513407389,0.233977594544113,
0.320046776479071),.UNSPECIFIED.);
#1212=B_SPLINE_CURVE_WITH_KNOTS('',3,(#6709,#6710,#6711,#6712,#6713,#6714,
#6715,#6716,#6717,#6718,#6719,#6720,#6721),.UNSPECIFIED.,.F.,.F.,(4,2,2,
2,3,4),(-0.320046776479071,-0.233977594544113,-0.152102513407389,-0.0744714810785312,
0.,0.0125089645181196),.UNSPECIFIED.);
#1213=B_SPLINE_CURVE_WITH_KNOTS('',3,(#6740,#6741,#6742,#6743,#6744,#6745,
#6746,#6747,#6748,#6749,#6750,#6751,#6752),.UNSPECIFIED.,.F.,.F.,(4,3,2,
2,2,4),(-0.0125089645181198,0.,0.074471481078531,0.152102513407389,0.233977594544113,
0.320046776479071),.UNSPECIFIED.);
#1214=B_SPLINE_CURVE_WITH_KNOTS('',3,(#6762,#6763,#6764,#6765,#6766,#6767,
#6768,#6769,#6770,#6771,#6772,#6773,#6774),.UNSPECIFIED.,.F.,.F.,(4,2,2,
2,3,4),(-0.320046776479071,-0.233977594544113,-0.152102513407389,-0.0744714810785312,
0.,0.0125089645181196),.UNSPECIFIED.);
#1215=B_SPLINE_CURVE_WITH_KNOTS('',3,(#6810,#6811,#6812,#6813,#6814,#6815,
#6816,#6817,#6818,#6819,#6820,#6821),.UNSPECIFIED.,.F.,.F.,(4,2,2,2,2,4),
(0.,0.0807595465437622,0.161440956420645,0.242181261728845,0.284017736571237,
0.32578623359453),.UNSPECIFIED.);
#1216=B_SPLINE_CURVE_WITH_KNOTS('',3,(#6822,#6823,#6824,#6825,#6826),
 .UNSPECIFIED.,.F.,.F.,(4,1,4),(0.605153199799628,0.664889993457909,0.74453905166895),
 .UNSPECIFIED.);
#1217=B_SPLINE_CURVE_WITH_KNOTS('',3,(#6827,#6828,#6829,#6830,#6831),
 .UNSPECIFIED.,.F.,.F.,(4,1,4),(-0.876704140825894,-0.804275845082623,-0.744539052032908),
 .UNSPECIFIED.);
#1218=B_SPLINE_CURVE_WITH_KNOTS('',3,(#6836,#6837,#6838,#6839,#6840,#6841,
#6842,#6843,#6844,#6845,#6846,#6847,#6848),.UNSPECIFIED.,.F.,.F.,(4,3,2,
2,2,4),(-0.0125089645181198,0.,0.074471481078531,0.152102513407389,0.233977594544113,
0.320046776479071),.UNSPECIFIED.);
#1219=B_SPLINE_CURVE_WITH_KNOTS('',3,(#6855,#6856,#6857,#6858,#6859,#6860,
#6861),.UNSPECIFIED.,.F.,.F.,(4,3,4),(0.744539052033061,0.804275845082535,
0.883924902482243),.UNSPECIFIED.);
#1220=B_SPLINE_CURVE_WITH_KNOTS('',3,(#6865,#6866,#6867,#6868,#6869,#6870,
#6871,#6872,#6873,#6874,#6875,#6876,#6877),.UNSPECIFIED.,.F.,.F.,(4,2,2,
2,3,4),(-0.320046776479071,-0.233977594544113,-0.152102513407389,-0.0744714810785312,
0.,0.0125089645181196),.UNSPECIFIED.);
#1221=B_SPLINE_CURVE_WITH_KNOTS('',3,(#6904,#6905,#6906,#6907,#6908,#6909,
#6910,#6911,#6912,#6913,#6914,#6915),.UNSPECIFIED.,.F.,.F.,(4,2,2,2,2,4),
(0.,0.081434643251408,0.162250499858877,0.242968872201333,0.284435405862868,
0.325867964692354),.UNSPECIFIED.);
#1222=B_SPLINE_CURVE_WITH_KNOTS('',3,(#6916,#6917,#6918,#6919,#6920),
 .UNSPECIFIED.,.F.,.F.,(4,1,4),(-0.74453905166895,-0.664889993457909,-0.612371809195854),
 .UNSPECIFIED.);
#1223=B_SPLINE_CURVE_WITH_KNOTS('',3,(#6922,#6923,#6924,#6925,#6926,#6927,
#6928,#6929,#6930,#6931,#6932,#6933),.UNSPECIFIED.,.F.,.F.,(4,2,2,2,2,4),
(0.,0.0807595465437628,0.161440956420645,0.242181261728843,0.28401773657124,
0.325786233594549),.UNSPECIFIED.);
#1224=B_SPLINE_CURVE_WITH_KNOTS('',3,(#6935,#6936,#6937,#6938,#6939,#6940,
#6941,#6942,#6943,#6944,#6945,#6946),.UNSPECIFIED.,.F.,.F.,(4,2,2,2,2,4),
(0.,0.0814346432514077,0.16225049985887,0.242968872201318,0.284435405862851,
0.325867964692345),.UNSPECIFIED.);
#1225=B_SPLINE_CURVE_WITH_KNOTS('',3,(#6972,#6973,#6974,#6975,#6976),
 .UNSPECIFIED.,.F.,.F.,(4,1,4),(0.605153199799628,0.664889993457909,0.74453905166895),
 .UNSPECIFIED.);
#1226=B_SPLINE_CURVE_WITH_KNOTS('',3,(#6980,#6981,#6982,#6983,#6984,#6985,
#6986,#6987,#6988,#6989,#6990,#6991,#6992),.UNSPECIFIED.,.F.,.F.,(4,3,2,
2,2,4),(-0.0125089645181198,0.,0.074471481078531,0.152102513407389,0.233977594544113,
0.320046776479071),.UNSPECIFIED.);
#1227=B_SPLINE_CURVE_WITH_KNOTS('',3,(#6996,#6997,#6998,#6999,#7000,#7001,
#7002),.UNSPECIFIED.,.F.,.F.,(4,3,4),(0.744539052033061,0.804275845082535,
0.883924902482243),.UNSPECIFIED.);
#1228=B_SPLINE_CURVE_WITH_KNOTS('',3,(#7029,#7030,#7031,#7032,#7033,#7034,
#7035,#7036,#7037,#7038,#7039,#7040),.UNSPECIFIED.,.F.,.F.,(4,2,2,2,2,4),
(0.,0.0814346432514091,0.162250499858871,0.242968872201316,0.284435405862849,
0.325867964692338),.UNSPECIFIED.);
#1229=B_SPLINE_CURVE_WITH_KNOTS('',3,(#7041,#7042,#7043,#7044,#7045),
 .UNSPECIFIED.,.F.,.F.,(4,1,4),(-0.74453905166895,-0.664889993457909,-0.612371809214292),
 .UNSPECIFIED.);
#1230=B_SPLINE_CURVE_WITH_KNOTS('',3,(#7072,#7073,#7074,#7075,#7076,#7077,
#7078,#7079,#7080,#7081,#7082,#7083),.UNSPECIFIED.,.F.,.F.,(4,2,2,2,2,4),
(0.,0.0807595465437618,0.161440956420644,0.242181261728844,0.284017736571236,
0.325786233594529),.UNSPECIFIED.);
#1231=B_SPLINE_CURVE_WITH_KNOTS('',3,(#7085,#7086,#7087,#7088,#7089),
 .UNSPECIFIED.,.F.,.F.,(4,1,4),(0.605153199799628,0.664889993457909,0.74453905166895),
 .UNSPECIFIED.);
#1232=B_SPLINE_CURVE_WITH_KNOTS('',3,(#7092,#7093,#7094,#7095,#7096),
 .UNSPECIFIED.,.F.,.F.,(4,1,4),(-0.876704140843305,-0.804275845082623,-0.744539052032908),
 .UNSPECIFIED.);
#1233=B_SPLINE_CURVE_WITH_KNOTS('',3,(#7100,#7101,#7102,#7103,#7104,#7105,
#7106,#7107,#7108,#7109,#7110,#7111,#7112),.UNSPECIFIED.,.F.,.F.,(4,3,2,
2,2,4),(-0.0125089645181198,0.,0.074471481078531,0.152102513407389,0.233977594544113,
0.320046776479071),.UNSPECIFIED.);
#1234=B_SPLINE_CURVE_WITH_KNOTS('',3,(#7122,#7123,#7124,#7125,#7126,#7127,
#7128),.UNSPECIFIED.,.F.,.F.,(4,3,4),(0.744539052033061,0.804275845082535,
0.883924902482243),.UNSPECIFIED.);
#1235=B_SPLINE_CURVE_WITH_KNOTS('',3,(#7130,#7131,#7132,#7133,#7134,#7135,
#7136,#7137,#7138,#7139,#7140,#7141,#7142),.UNSPECIFIED.,.F.,.F.,(4,2,2,
2,3,4),(-0.320046776479071,-0.233977594544113,-0.152102513407389,-0.0744714810785312,
0.,0.0125089645181196),.UNSPECIFIED.);
#1236=B_SPLINE_CURVE_WITH_KNOTS('',3,(#7170,#7171,#7172,#7173,#7174,#7175,
#7176,#7177,#7178,#7179,#7180,#7181),.UNSPECIFIED.,.F.,.F.,(4,2,2,2,2,4),
(0.,0.0814346432513987,0.162250499858845,0.242968872201281,0.284435405862812,
0.3258679646923),.UNSPECIFIED.);
#1237=B_SPLINE_CURVE_WITH_KNOTS('',3,(#7208,#7209,#7210,#7211,#7212,#7213,
#7214,#7215,#7216,#7217,#7218,#7219),.UNSPECIFIED.,.F.,.F.,(4,2,2,2,2,4),
(0.,0.0807595465437605,0.161440956420641,0.242181261728838,0.284017736571232,
0.325786233594531),.UNSPECIFIED.);
#1238=B_SPLINE_CURVE_WITH_KNOTS('',3,(#7221,#7222,#7223,#7224,#7225),
 .UNSPECIFIED.,.F.,.F.,(4,1,4),(0.605153199799628,0.664889993457909,0.74453905166895),
 .UNSPECIFIED.);
#1239=B_SPLINE_CURVE_WITH_KNOTS('',3,(#7228,#7229,#7230,#7231,#7232),
 .UNSPECIFIED.,.F.,.F.,(4,1,4),(-0.876704140844198,-0.804275845082623,-0.744539052032908),
 .UNSPECIFIED.);
#1240=B_SPLINE_CURVE_WITH_KNOTS('',3,(#7236,#7237,#7238,#7239,#7240,#7241,
#7242,#7243,#7244,#7245,#7246,#7247,#7248),.UNSPECIFIED.,.F.,.F.,(4,3,2,
2,2,4),(-0.0125089645181198,0.,0.074471481078531,0.152102513407389,0.233977594544113,
0.320046776479071),.UNSPECIFIED.);
#1241=B_SPLINE_CURVE_WITH_KNOTS('',3,(#7258,#7259,#7260,#7261,#7262,#7263,
#7264),.UNSPECIFIED.,.F.,.F.,(4,3,4),(0.744539052033061,0.804275845082535,
0.883924902482243),.UNSPECIFIED.);
#1242=B_SPLINE_CURVE_WITH_KNOTS('',3,(#7267,#7268,#7269,#7270,#7271,#7272,
#7273,#7274,#7275,#7276,#7277,#7278,#7279),.UNSPECIFIED.,.F.,.F.,(4,2,2,
2,3,4),(-0.320046776479071,-0.233977594544113,-0.152102513407389,-0.0744714810785312,
0.,0.0125089645181196),.UNSPECIFIED.);
#1243=B_SPLINE_CURVE_WITH_KNOTS('',3,(#7309,#7310,#7311,#7312,#7313,#7314,
#7315,#7316,#7317,#7318,#7319,#7320),.UNSPECIFIED.,.F.,.F.,(4,2,2,2,2,4),
(0.,0.0814346432514075,0.162250499858872,0.24296887220132,0.284435405862858,
0.325867964692361),.UNSPECIFIED.);
#1244=B_SPLINE_CURVE_WITH_KNOTS('',3,(#7321,#7322,#7323,#7324,#7325),
 .UNSPECIFIED.,.F.,.F.,(4,1,4),(-0.74453905166895,-0.664889993457909,-0.61237180925109),
 .UNSPECIFIED.);
#1245=B_SPLINE_CURVE_WITH_KNOTS('',3,(#7327,#7328,#7329,#7330,#7331,#7332,
#7333,#7334,#7335,#7336,#7337,#7338),.UNSPECIFIED.,.F.,.F.,(4,2,2,2,2,4),
(0.,0.0814346432514054,0.162250499858867,0.242968872201314,0.28443540586285,
0.325867964692342),.UNSPECIFIED.);
#1246=B_SPLINE_CURVE_WITH_KNOTS('',3,(#7340,#7341,#7342,#7343,#7344,#7345,
#7346,#7347,#7348,#7349,#7350,#7351),.UNSPECIFIED.,.F.,.F.,(4,2,2,2,2,4),
(0.,0.0807595465437714,0.161440956420666,0.242181261728874,0.284017736571272,
0.325786233594572),.UNSPECIFIED.);
#1247=B_SPLINE_CURVE_WITH_KNOTS('',3,(#7378,#7379,#7380,#7381,#7382,#7383,
#7384,#7385,#7386,#7387,#7388,#7389),.UNSPECIFIED.,.F.,.F.,(4,2,2,2,2,4),
(0.,0.0807595465437558,0.161440956420629,0.242181261728817,0.284017736571208,
0.325786233594507),.UNSPECIFIED.);
#1248=B_SPLINE_CURVE_WITH_KNOTS('',3,(#7391,#7392,#7393,#7394,#7395),
 .UNSPECIFIED.,.F.,.F.,(4,1,4),(0.605153199799628,0.664889993457909,0.74453905166895),
 .UNSPECIFIED.);
#1249=B_SPLINE_CURVE_WITH_KNOTS('',3,(#7398,#7399,#7400,#7401,#7402),
 .UNSPECIFIED.,.F.,.F.,(4,1,4),(-0.876704140811241,-0.804275845082623,-0.744539052032908),
 .UNSPECIFIED.);
#1250=B_SPLINE_CURVE_WITH_KNOTS('',3,(#7406,#7407,#7408,#7409,#7410,#7411,
#7412,#7413,#7414,#7415,#7416,#7417,#7418),.UNSPECIFIED.,.F.,.F.,(4,3,2,
2,2,4),(-0.0125089645181198,0.,0.074471481078531,0.152102513407389,0.233977594544113,
0.320046776479071),.UNSPECIFIED.);
#1251=B_SPLINE_CURVE_WITH_KNOTS('',3,(#7428,#7429,#7430,#7431,#7432,#7433,
#7434),.UNSPECIFIED.,.F.,.F.,(4,3,4),(0.744539052033061,0.804275845082535,
0.883924902482243),.UNSPECIFIED.);
#1252=B_SPLINE_CURVE_WITH_KNOTS('',3,(#7436,#7437,#7438,#7439,#7440,#7441,
#7442,#7443,#7444,#7445,#7446,#7447,#7448),.UNSPECIFIED.,.F.,.F.,(4,2,2,
2,3,4),(-0.320046776479071,-0.233977594544113,-0.152102513407389,-0.0744714810785312,
0.,0.0125089645181196),.UNSPECIFIED.);
#1253=B_SPLINE_CURVE_WITH_KNOTS('',3,(#7476,#7477,#7478,#7479,#7480,#7481,
#7482,#7483,#7484,#7485,#7486,#7487),.UNSPECIFIED.,.F.,.F.,(4,2,2,2,2,4),
(0.,0.0814346432514051,0.162250499858867,0.242968872201313,0.284435405862847,
0.325867964692342),.UNSPECIFIED.);
#1254=B_SPLINE_CURVE_WITH_KNOTS('',3,(#7513,#7514,#7515,#7516,#7517),
 .UNSPECIFIED.,.F.,.F.,(4,1,4),(-0.876704140890845,-0.804275845082623,-0.744539052032908),
 .UNSPECIFIED.);
#1255=B_SPLINE_CURVE_WITH_KNOTS('',3,(#7520,#7521,#7522,#7523,#7524,#7525,
#7526,#7527,#7528,#7529,#7530,#7531,#7532),.UNSPECIFIED.,.F.,.F.,(4,3,2,
2,2,4),(-0.0125089645181198,0.,0.074471481078531,0.152102513407389,0.233977594544113,
0.320046776479071),.UNSPECIFIED.);
#1256=B_SPLINE_CURVE_WITH_KNOTS('',3,(#7536,#7537,#7538,#7539,#7540,#7541,
#7542,#7543,#7544,#7545,#7546,#7547,#7548),.UNSPECIFIED.,.F.,.F.,(4,2,2,
2,3,4),(-0.320046776479071,-0.233977594544113,-0.152102513407389,-0.0744714810785312,
0.,0.0125089645181196),.UNSPECIFIED.);
#1257=B_SPLINE_CURVE_WITH_KNOTS('',3,(#7576,#7577,#7578,#7579,#7580),
 .UNSPECIFIED.,.F.,.F.,(4,1,4),(0.605153199799628,0.664889993457909,0.74453905166895),
 .UNSPECIFIED.);
#1258=B_SPLINE_CURVE_WITH_KNOTS('',3,(#7592,#7593,#7594,#7595,#7596,#7597,
#7598),.UNSPECIFIED.,.F.,.F.,(4,3,4),(0.744539052033061,0.804275845082535,
0.883924902482243),.UNSPECIFIED.);
#1259=B_SPLINE_CURVE_WITH_KNOTS('',3,(#7601,#7602,#7603,#7604,#7605,#7606,
#7607,#7608,#7609,#7610,#7611,#7612,#7613),.UNSPECIFIED.,.F.,.F.,(4,2,2,
2,3,4),(-0.320046776479071,-0.233977594544113,-0.152102513407389,-0.0744714810785312,
0.,0.0125089645181196),.UNSPECIFIED.);
#1260=B_SPLINE_CURVE_WITH_KNOTS('',3,(#7643,#7644,#7645,#7646,#7647,#7648,
#7649,#7650,#7651,#7652,#7653,#7654),.UNSPECIFIED.,.F.,.F.,(4,2,2,2,2,4),
(0.,0.0814346432514031,0.162250499858864,0.242968872201311,0.284435405862851,
0.325867964692339),.UNSPECIFIED.);
#1261=B_SPLINE_CURVE_WITH_KNOTS('',3,(#7655,#7656,#7657,#7658,#7659),
 .UNSPECIFIED.,.F.,.F.,(4,1,4),(-0.74453905166895,-0.664889993457909,-0.612371806402292),
 .UNSPECIFIED.);
#1262=B_SPLINE_CURVE_WITH_KNOTS('',3,(#7661,#7662,#7663,#7664,#7665,#7666,
#7667,#7668,#7669,#7670,#7671,#7672),.UNSPECIFIED.,.F.,.F.,(4,2,2,2,2,4),
(0.,0.0807595465437653,0.16144095642065,0.24218126172885,0.284017736571245,
0.325786233594547),.UNSPECIFIED.);
#1263=B_SPLINE_CURVE_WITH_KNOTS('',3,(#7699,#7700,#7701,#7702,#7703,#7704,
#7705,#7706,#7707,#7708,#7709,#7710),.UNSPECIFIED.,.F.,.F.,(4,2,2,2,2,4),
(0.,0.0807595465437627,0.161440956420644,0.242181261728841,0.284017736571237,
0.325786233594542),.UNSPECIFIED.);
#1264=B_SPLINE_CURVE_WITH_KNOTS('',3,(#7712,#7713,#7714,#7715,#7716),
 .UNSPECIFIED.,.F.,.F.,(4,1,4),(0.605153199799628,0.664889993457909,0.74453905166895),
 .UNSPECIFIED.);
#1265=B_SPLINE_CURVE_WITH_KNOTS('',3,(#7719,#7720,#7721,#7722,#7723),
 .UNSPECIFIED.,.F.,.F.,(4,1,4),(-0.876704142047757,-0.804275845082623,-0.744539052032908),
 .UNSPECIFIED.);
#1266=B_SPLINE_CURVE_WITH_KNOTS('',3,(#7727,#7728,#7729,#7730,#7731,#7732,
#7733,#7734,#7735,#7736,#7737,#7738,#7739),.UNSPECIFIED.,.F.,.F.,(4,3,2,
2,2,4),(-0.0125089645181198,0.,0.074471481078531,0.152102513407389,0.233977594544113,
0.320046776479071),.UNSPECIFIED.);
#1267=B_SPLINE_CURVE_WITH_KNOTS('',3,(#7749,#7750,#7751,#7752,#7753,#7754,
#7755),.UNSPECIFIED.,.F.,.F.,(4,3,4),(0.744539052033061,0.804275845082535,
0.883924902482243),.UNSPECIFIED.);
#1268=B_SPLINE_CURVE_WITH_KNOTS('',3,(#7758,#7759,#7760,#7761,#7762,#7763,
#7764,#7765,#7766,#7767,#7768,#7769,#7770),.UNSPECIFIED.,.F.,.F.,(4,2,2,
2,3,4),(-0.320046776479071,-0.233977594544113,-0.152102513407389,-0.0744714810785312,
0.,0.0125089645181196),.UNSPECIFIED.);
#1269=B_SPLINE_CURVE_WITH_KNOTS('',3,(#7800,#7801,#7802,#7803,#7804,#7805,
#7806,#7807,#7808,#7809,#7810,#7811),.UNSPECIFIED.,.F.,.F.,(4,2,2,2,2,4),
(0.,0.0814346432514132,0.162250499858886,0.242968872201343,0.284435405862879,
0.325867964692373),.UNSPECIFIED.);
#1270=B_SPLINE_CURVE_WITH_KNOTS('',3,(#7812,#7813,#7814,#7815,#7816),
 .UNSPECIFIED.,.F.,.F.,(4,1,4),(-0.74453905166895,-0.664889993457909,-0.612371809233066),
 .UNSPECIFIED.);
#1271=B_SPLINE_CURVE_WITH_KNOTS('',3,(#7818,#7819,#7820,#7821,#7822,#7823,
#7824,#7825,#7826,#7827,#7828,#7829),.UNSPECIFIED.,.F.,.F.,(4,2,2,2,2,4),
(0.,0.0807595465437589,0.161440956420634,0.242181261728823,0.284017736571214,
0.32578623359452),.UNSPECIFIED.);
#1272=B_SPLINE_CURVE_WITH_KNOTS('',3,(#7831,#7832,#7833,#7834,#7835,#7836,
#7837,#7838,#7839,#7840,#7841,#7842),.UNSPECIFIED.,.F.,.F.,(4,2,2,2,2,4),
(0.,0.0814346432514044,0.162250499858864,0.242968872201307,0.284435405862841,
0.325867964692325),.UNSPECIFIED.);
#1273=B_SPLINE_CURVE_WITH_KNOTS('',3,(#7869,#7870,#7871,#7872,#7873),
 .UNSPECIFIED.,.F.,.F.,(4,1,4),(0.605153199799628,0.664889993457909,0.74453905166895),
 .UNSPECIFIED.);
#1274=B_SPLINE_CURVE_WITH_KNOTS('',3,(#7877,#7878,#7879,#7880,#7881,#7882,
#7883,#7884,#7885,#7886,#7887,#7888,#7889),.UNSPECIFIED.,.F.,.F.,(4,3,2,
2,2,4),(-0.0125089645181198,0.,0.074471481078531,0.152102513407389,0.233977594544113,
0.320046776479071),.UNSPECIFIED.);
#1275=B_SPLINE_CURVE_WITH_KNOTS('',3,(#7898,#7899,#7900,#7901,#7902,#7903,
#7904),.UNSPECIFIED.,.F.,.F.,(4,3,4),(0.744539052033061,0.804275845082535,
0.883924902482243),.UNSPECIFIED.);
#1276=B_SPLINE_CURVE_WITH_KNOTS('',3,(#7907,#7908,#7909,#7910,#7911,#7912,
#7913,#7914,#7915,#7916,#7917,#7918,#7919),.UNSPECIFIED.,.F.,.F.,(4,2,2,
2,3,4),(-0.320046776479071,-0.233977594544113,-0.152102513407389,-0.0744714810785312,
0.,0.0125089645181196),.UNSPECIFIED.);
#1277=B_SPLINE_CURVE_WITH_KNOTS('',3,(#7949,#7950,#7951,#7952,#7953,#7954,
#7955,#7956,#7957,#7958,#7959,#7960),.UNSPECIFIED.,.F.,.F.,(4,2,2,2,2,4),
(0.,0.0814346432514022,0.16225049985886,0.242968872201302,0.284435405862833,
0.32586796469232),.UNSPECIFIED.);
#1278=B_SPLINE_CURVE_WITH_KNOTS('',3,(#7961,#7962,#7963,#7964,#7965),
 .UNSPECIFIED.,.F.,.F.,(4,1,4),(-0.74453905166895,-0.664889993457909,-0.612371809197859),
 .UNSPECIFIED.);
#1279=B_SPLINE_CURVE_WITH_KNOTS('',3,(#7967,#7968,#7969,#7970,#7971,#7972,
#7973,#7974,#7975,#7976,#7977,#7978),.UNSPECIFIED.,.F.,.F.,(4,2,2,2,2,4),
(0.,0.0807595465437669,0.161440956420655,0.242181261728858,0.284017736571251,
0.325786233594545),.UNSPECIFIED.);
#1280=B_SPLINE_CURVE_WITH_KNOTS('',3,(#8005,#8006,#8007,#8008,#8009),
 .UNSPECIFIED.,.F.,.F.,(4,1,4),(0.605153199799628,0.664889993457909,0.74453905166895),
 .UNSPECIFIED.);
#1281=B_SPLINE_CURVE_WITH_KNOTS('',3,(#8013,#8014,#8015,#8016,#8017,#8018,
#8019,#8020,#8021,#8022,#8023,#8024,#8025),.UNSPECIFIED.,.F.,.F.,(4,3,2,
2,2,4),(-0.0125089645181198,0.,0.074471481078531,0.152102513407389,0.233977594544113,
0.320046776479071),.UNSPECIFIED.);
#1282=B_SPLINE_CURVE_WITH_KNOTS('',3,(#8034,#8035,#8036,#8037,#8038,#8039,
#8040),.UNSPECIFIED.,.F.,.F.,(4,3,4),(0.744539052033061,0.804275845082535,
0.883924902482243),.UNSPECIFIED.);
#1283=B_SPLINE_CURVE_WITH_KNOTS('',3,(#8043,#8044,#8045,#8046,#8047,#8048,
#8049,#8050,#8051,#8052,#8053,#8054,#8055),.UNSPECIFIED.,.F.,.F.,(4,2,2,
2,3,4),(-0.320046776479071,-0.233977594544113,-0.152102513407389,-0.0744714810785312,
0.,0.0125089645181196),.UNSPECIFIED.);
#1284=B_SPLINE_CURVE_WITH_KNOTS('',3,(#8085,#8086,#8087,#8088,#8089,#8090,
#8091,#8092,#8093,#8094,#8095,#8096),.UNSPECIFIED.,.F.,.F.,(4,2,2,2,2,4),
(0.,0.0814346432514043,0.162250499858862,0.242968872201305,0.284435405862838,
0.325867964692318),.UNSPECIFIED.);
#1285=B_SPLINE_CURVE_WITH_KNOTS('',3,(#8097,#8098,#8099,#8100,#8101),
 .UNSPECIFIED.,.F.,.F.,(4,1,4),(-0.74453905166895,-0.664889993457909,-0.612371809140467),
 .UNSPECIFIED.);
#1286=B_SPLINE_CURVE_WITH_KNOTS('',3,(#8128,#8129,#8130,#8131,#8132),
 .UNSPECIFIED.,.F.,.F.,(4,1,4),(0.605153199799628,0.664889993457909,0.74453905166895),
 .UNSPECIFIED.);
#1287=B_SPLINE_CURVE_WITH_KNOTS('',3,(#8136,#8137,#8138,#8139,#8140,#8141,
#8142,#8143,#8144,#8145,#8146,#8147,#8148),.UNSPECIFIED.,.F.,.F.,(4,3,2,
2,2,4),(-0.0125089645181198,0.,0.074471481078531,0.152102513407389,0.233977594544113,
0.320046776479071),.UNSPECIFIED.);
#1288=B_SPLINE_CURVE_WITH_KNOTS('',3,(#8156,#8157,#8158,#8159,#8160,#8161,
#8162),.UNSPECIFIED.,.F.,.F.,(4,3,4),(0.744539052033061,0.804275845082535,
0.883924902482243),.UNSPECIFIED.);
#1289=B_SPLINE_CURVE_WITH_KNOTS('',3,(#8164,#8165,#8166,#8167,#8168,#8169,
#8170,#8171,#8172,#8173,#8174,#8175,#8176),.UNSPECIFIED.,.F.,.F.,(4,2,2,
2,3,4),(-0.320046776479071,-0.233977594544113,-0.152102513407389,-0.0744714810785312,
0.,0.0125089645181196),.UNSPECIFIED.);
#1290=B_SPLINE_CURVE_WITH_KNOTS('',3,(#8203,#8204,#8205,#8206,#8207,#8208,
#8209,#8210,#8211,#8212,#8213,#8214),.UNSPECIFIED.,.F.,.F.,(4,2,2,2,2,4),
(0.,0.0807595465437582,0.161440956420633,0.242181261728823,0.284017736571212,
0.325786233594506),.UNSPECIFIED.);
#1291=B_SPLINE_CURVE_WITH_KNOTS('',3,(#8241,#8242,#8243,#8244,#8245),
 .UNSPECIFIED.,.F.,.F.,(4,1,4),(0.605153199799628,0.664889993457909,0.74453905166895),
 .UNSPECIFIED.);
#1292=B_SPLINE_CURVE_WITH_KNOTS('',3,(#8249,#8250,#8251,#8252,#8253,#8254,
#8255,#8256,#8257,#8258,#8259,#8260,#8261),.UNSPECIFIED.,.F.,.F.,(4,3,2,
2,2,4),(-0.0125089645181198,0.,0.074471481078531,0.152102513407389,0.233977594544113,
0.320046776479071),.UNSPECIFIED.);
#1293=B_SPLINE_CURVE_WITH_KNOTS('',3,(#8270,#8271,#8272,#8273,#8274,#8275,
#8276),.UNSPECIFIED.,.F.,.F.,(4,3,4),(0.744539052033061,0.804275845082535,
0.883924902482243),.UNSPECIFIED.);
#1294=B_SPLINE_CURVE_WITH_KNOTS('',3,(#8278,#8279,#8280,#8281,#8282,#8283,
#8284,#8285,#8286,#8287,#8288,#8289,#8290),.UNSPECIFIED.,.F.,.F.,(4,2,2,
2,3,4),(-0.320046776479071,-0.233977594544113,-0.152102513407389,-0.0744714810785312,
0.,0.0125089645181196),.UNSPECIFIED.);
#1295=B_SPLINE_CURVE_WITH_KNOTS('',3,(#8343,#8344,#8345,#8346,#8347),
 .UNSPECIFIED.,.F.,.F.,(4,1,4),(0.605153199799628,0.664889993457909,0.74453905166895),
 .UNSPECIFIED.);
#1296=B_SPLINE_CURVE_WITH_KNOTS('',3,(#8351,#8352,#8353,#8354,#8355,#8356,
#8357,#8358,#8359,#8360,#8361,#8362,#8363),.UNSPECIFIED.,.F.,.F.,(4,3,2,
2,2,4),(-0.0125089645181198,0.,0.074471481078531,0.152102513407389,0.233977594544113,
0.320046776479071),.UNSPECIFIED.);
#1297=B_SPLINE_CURVE_WITH_KNOTS('',3,(#8372,#8373,#8374,#8375,#8376,#8377,
#8378),.UNSPECIFIED.,.F.,.F.,(4,3,4),(0.744539052033061,0.804275845082535,
0.883924902482243),.UNSPECIFIED.);
#1298=B_SPLINE_CURVE_WITH_KNOTS('',3,(#8380,#8381,#8382,#8383,#8384,#8385,
#8386,#8387,#8388,#8389,#8390,#8391,#8392),.UNSPECIFIED.,.F.,.F.,(4,2,2,
2,3,4),(-0.320046776479071,-0.233977594544113,-0.152102513407389,-0.0744714810785312,
0.,0.0125089645181196),.UNSPECIFIED.);
#1299=B_SPLINE_CURVE_WITH_KNOTS('',3,(#8445,#8446,#8447,#8448,#8449,#8450,
#8451,#8452,#8453,#8454,#8455,#8456),.UNSPECIFIED.,.F.,.F.,(4,2,2,2,2,4),
(0.,0.0807595465437659,0.161440956420653,0.242181261728854,0.28401773657125,
0.325786233594555),.UNSPECIFIED.);
#1300=B_SPLINE_CURVE_WITH_KNOTS('',3,(#8457,#8458,#8459,#8460,#8461),
 .UNSPECIFIED.,.F.,.F.,(4,1,4),(0.605153199799628,0.664889993457909,0.74453905166895),
 .UNSPECIFIED.);
#1301=B_SPLINE_CURVE_WITH_KNOTS('',3,(#8462,#8463,#8464,#8465,#8466),
 .UNSPECIFIED.,.F.,.F.,(4,1,4),(-0.876704141296295,-0.804275845082623,-0.744539052032908),
 .UNSPECIFIED.);
#1302=B_SPLINE_CURVE_WITH_KNOTS('',3,(#8468,#8469,#8470,#8471,#8472,#8473,
#8474),.UNSPECIFIED.,.F.,.F.,(4,3,4),(0.744539052033061,0.804275845082535,
0.883924902482243),.UNSPECIFIED.);
#1303=B_SPLINE_CURVE_WITH_KNOTS('',3,(#8501,#8502,#8503,#8504,#8505,#8506,
#8507,#8508,#8509,#8510,#8511,#8512),.UNSPECIFIED.,.F.,.F.,(4,2,2,2,2,4),
(0.,0.0814346432514054,0.162250499858868,0.242968872201315,0.284435405862846,
0.325867964692332),.UNSPECIFIED.);
#1304=B_SPLINE_CURVE_WITH_KNOTS('',3,(#8513,#8514,#8515,#8516,#8517),
 .UNSPECIFIED.,.F.,.F.,(4,1,4),(-0.74453905166895,-0.664889993457909,-0.612371805433715),
 .UNSPECIFIED.);
#1305=B_SPLINE_CURVE_WITH_KNOTS('',3,(#8519,#8520,#8521,#8522,#8523,#8524,
#8525,#8526,#8527,#8528,#8529,#8530),.UNSPECIFIED.,.F.,.F.,(4,2,2,2,2,4),
(0.,0.0807595465437636,0.161440956420647,0.242181261728846,0.284017736571241,
0.325786233594536),.UNSPECIFIED.);
#1306=B_SPLINE_CURVE_WITH_KNOTS('',3,(#8532,#8533,#8534,#8535,#8536,#8537,
#8538,#8539,#8540,#8541,#8542,#8543),.UNSPECIFIED.,.F.,.F.,(4,2,2,2,2,4),
(0.,0.0814346432514046,0.162250499858865,0.24296887220131,0.284435405862844,
0.325867964692326),.UNSPECIFIED.);
#1307=B_SPLINE_CURVE_WITH_KNOTS('',3,(#8570,#8571,#8572,#8573,#8574,#8575,
#8576,#8577,#8578,#8579,#8580,#8581),.UNSPECIFIED.,.F.,.F.,(4,2,2,2,2,4),
(0.,0.0807595465437657,0.161440956420653,0.242181261728857,0.284017736571251,
0.32578623359455),.UNSPECIFIED.);
#1308=B_SPLINE_CURVE_WITH_KNOTS('',3,(#8583,#8584,#8585,#8586,#8587),
 .UNSPECIFIED.,.F.,.F.,(4,1,4),(0.605153199799628,0.664889993457909,0.74453905166895),
 .UNSPECIFIED.);
#1309=B_SPLINE_CURVE_WITH_KNOTS('',3,(#8590,#8591,#8592,#8593,#8594),
 .UNSPECIFIED.,.F.,.F.,(4,1,4),(-0.876704148547168,-0.804275845082623,-0.744539052032908),
 .UNSPECIFIED.);
#1310=B_SPLINE_CURVE_WITH_KNOTS('',3,(#8598,#8599,#8600,#8601,#8602,#8603,
#8604,#8605,#8606,#8607,#8608,#8609,#8610),.UNSPECIFIED.,.F.,.F.,(4,3,2,
2,2,4),(-0.0125089645181198,0.,0.074471481078531,0.152102513407389,0.233977594544113,
0.320046776479071),.UNSPECIFIED.);
#1311=B_SPLINE_CURVE_WITH_KNOTS('',3,(#8620,#8621,#8622,#8623,#8624,#8625,
#8626),.UNSPECIFIED.,.F.,.F.,(4,3,4),(0.744539052033061,0.804275845082535,
0.883924902482243),.UNSPECIFIED.);
#1312=B_SPLINE_CURVE_WITH_KNOTS('',3,(#8629,#8630,#8631,#8632,#8633,#8634,
#8635,#8636,#8637,#8638,#8639,#8640,#8641),.UNSPECIFIED.,.F.,.F.,(4,2,2,
2,3,4),(-0.320046776479071,-0.233977594544113,-0.152102513407389,-0.0744714810785312,
0.,0.0125089645181196),.UNSPECIFIED.);
#1313=B_SPLINE_CURVE_WITH_KNOTS('',3,(#8670,#8671,#8672,#8673,#8674,#8675,
#8676,#8677,#8678,#8679,#8680,#8681),.UNSPECIFIED.,.F.,.F.,(4,2,2,2,2,4),
(0.,0.0814346432514044,0.162250499858868,0.242968872201314,0.284435405862851,
0.325867964692342),.UNSPECIFIED.);
#1314=B_SPLINE_CURVE_WITH_KNOTS('',3,(#8708,#8709,#8710,#8711,#8712,#8713,
#8714,#8715,#8716,#8717,#8718,#8719),.UNSPECIFIED.,.F.,.F.,(4,2,2,2,2,4),
(0.,0.0807595465437664,0.161440956420653,0.242181261728854,0.284017736571251,
0.325786233594556),.UNSPECIFIED.);
#1315=B_SPLINE_CURVE_WITH_KNOTS('',3,(#8721,#8722,#8723,#8724,#8725),
 .UNSPECIFIED.,.F.,.F.,(4,1,4),(0.605153199799628,0.664889993457909,0.74453905166895),
 .UNSPECIFIED.);
#1316=B_SPLINE_CURVE_WITH_KNOTS('',3,(#8728,#8729,#8730,#8731,#8732),
 .UNSPECIFIED.,.F.,.F.,(4,1,4),(-0.876704150745161,-0.804275845082623,-0.744539052032908),
 .UNSPECIFIED.);
#1317=B_SPLINE_CURVE_WITH_KNOTS('',3,(#8736,#8737,#8738,#8739,#8740,#8741,
#8742,#8743,#8744,#8745,#8746,#8747,#8748),.UNSPECIFIED.,.F.,.F.,(4,3,2,
2,2,4),(-0.0125089645181198,0.,0.074471481078531,0.152102513407389,0.233977594544113,
0.320046776479071),.UNSPECIFIED.);
#1318=B_SPLINE_CURVE_WITH_KNOTS('',3,(#8758,#8759,#8760,#8761,#8762,#8763,
#8764),.UNSPECIFIED.,.F.,.F.,(4,3,4),(0.744539052033061,0.804275845082535,
0.883924902482243),.UNSPECIFIED.);
#1319=B_SPLINE_CURVE_WITH_KNOTS('',3,(#8766,#8767,#8768,#8769,#8770,#8771,
#8772,#8773,#8774,#8775,#8776,#8777,#8778),.UNSPECIFIED.,.F.,.F.,(4,2,2,
2,3,4),(-0.320046776479071,-0.233977594544113,-0.152102513407389,-0.0744714810785312,
0.,0.0125089645181196),.UNSPECIFIED.);
#1320=B_SPLINE_CURVE_WITH_KNOTS('',3,(#8806,#8807,#8808,#8809,#8810,#8811,
#8812,#8813,#8814,#8815,#8816,#8817),.UNSPECIFIED.,.F.,.F.,(4,2,2,2,2,4),
(0.,0.0814346432514049,0.162250499858865,0.242968872201312,0.284435405862847,
0.325867964692332),.UNSPECIFIED.);
#1321=B_SPLINE_CURVE_WITH_KNOTS('',3,(#8843,#8844,#8845,#8846,#8847),
 .UNSPECIFIED.,.F.,.F.,(4,1,4),(0.605153199799628,0.664889993457909,0.74453905166895),
 .UNSPECIFIED.);
#1322=B_SPLINE_CURVE_WITH_KNOTS('',3,(#8849,#8850,#8851,#8852,#8853,#8854,
#8855),.UNSPECIFIED.,.F.,.F.,(4,3,4),(0.744539052033061,0.804275845082535,
0.883924902482243),.UNSPECIFIED.);
#1323=B_SPLINE_CURVE_WITH_KNOTS('',3,(#8882,#8883,#8884,#8885,#8886,#8887,
#8888,#8889,#8890,#8891,#8892,#8893),.UNSPECIFIED.,.F.,.F.,(4,2,2,2,2,4),
(0.,0.0814346432514023,0.162250499858862,0.242968872201308,0.28443540586284,
0.325867964692324),.UNSPECIFIED.);
#1324=B_SPLINE_CURVE_WITH_KNOTS('',3,(#8894,#8895,#8896,#8897,#8898),
 .UNSPECIFIED.,.F.,.F.,(4,1,4),(-0.74453905166895,-0.664889993457909,-0.612371802104326),
 .UNSPECIFIED.);
#1325=B_SPLINE_CURVE_WITH_KNOTS('',3,(#8900,#8901,#8902,#8903,#8904,#8905,
#8906,#8907,#8908,#8909,#8910,#8911),.UNSPECIFIED.,.F.,.F.,(4,2,2,2,2,4),
(0.,0.0807595465437648,0.16144095642065,0.242181261728851,0.284017736571246,
0.325786233594542),.UNSPECIFIED.);
#1326=B_SPLINE_CURVE_WITH_KNOTS('',3,(#8937,#8938,#8939,#8940,#8941),
 .UNSPECIFIED.,.F.,.F.,(4,1,4),(0.605153199799628,0.664889993457909,0.74453905166895),
 .UNSPECIFIED.);
#1327=B_SPLINE_CURVE_WITH_KNOTS('',3,(#8949,#8950,#8951,#8952,#8953,#8954,
#8955),.UNSPECIFIED.,.F.,.F.,(4,3,4),(0.744539052033061,0.804275845082535,
0.883924902482243),.UNSPECIFIED.);
#1328=B_SPLINE_CURVE_WITH_KNOTS('',3,(#8958,#8959,#8960,#8961,#8962,#8963,
#8964,#8965,#8966,#8967,#8968,#8969,#8970),.UNSPECIFIED.,.F.,.F.,(4,2,2,
2,3,4),(-0.320046776479071,-0.233977594544113,-0.152102513407389,-0.0744714810785312,
0.,0.0125089645181196),.UNSPECIFIED.);
#1329=B_SPLINE_CURVE_WITH_KNOTS('',3,(#9000,#9001,#9002,#9003,#9004,#9005,
#9006,#9007,#9008,#9009,#9010,#9011),.UNSPECIFIED.,.F.,.F.,(4,2,2,2,2,4),
(0.,0.0814346432514046,0.162250499858867,0.242968872201317,0.284435405862853,
0.32586796469234),.UNSPECIFIED.);
#1330=B_SPLINE_CURVE_WITH_KNOTS('',3,(#9012,#9013,#9014,#9015,#9016),
 .UNSPECIFIED.,.F.,.F.,(4,1,4),(-0.74453905166895,-0.664889993457909,-0.612371801898204),
 .UNSPECIFIED.);
#1331=B_SPLINE_CURVE_WITH_KNOTS('',3,(#9018,#9019,#9020,#9021,#9022,#9023,
#9024,#9025,#9026,#9027,#9028,#9029),.UNSPECIFIED.,.F.,.F.,(4,2,2,2,2,4),
(0.,0.0807595465437643,0.161440956420648,0.242181261728845,0.284017736571239,
0.32578623359454),.UNSPECIFIED.);
#1332=B_SPLINE_CURVE_WITH_KNOTS('',3,(#9056,#9057,#9058,#9059,#9060,#9061,
#9062,#9063,#9064,#9065,#9066,#9067),.UNSPECIFIED.,.F.,.F.,(4,2,2,2,2,4),
(0.,0.0807595465437656,0.161440956420652,0.242181261728853,0.284017736571249,
0.325786233594549),.UNSPECIFIED.);
#1333=B_SPLINE_CURVE_WITH_KNOTS('',3,(#9069,#9070,#9071,#9072,#9073),
 .UNSPECIFIED.,.F.,.F.,(4,1,4),(0.605153199799628,0.664889993457909,0.74453905166895),
 .UNSPECIFIED.);
#1334=B_SPLINE_CURVE_WITH_KNOTS('',3,(#9076,#9077,#9078,#9079,#9080),
 .UNSPECIFIED.,.F.,.F.,(4,1,4),(-0.876704147669588,-0.804275845082623,-0.744539052032908),
 .UNSPECIFIED.);
#1335=B_SPLINE_CURVE_WITH_KNOTS('',3,(#9084,#9085,#9086,#9087,#9088,#9089,
#9090,#9091,#9092,#9093,#9094,#9095,#9096),.UNSPECIFIED.,.F.,.F.,(4,3,2,
2,2,4),(-0.0125089645181198,0.,0.074471481078531,0.152102513407389,0.233977594544113,
0.320046776479071),.UNSPECIFIED.);
#1336=B_SPLINE_CURVE_WITH_KNOTS('',3,(#9106,#9107,#9108,#9109,#9110,#9111,
#9112),.UNSPECIFIED.,.F.,.F.,(4,3,4),(0.744539052033061,0.804275845082535,
0.883924902482243),.UNSPECIFIED.);
#1337=B_SPLINE_CURVE_WITH_KNOTS('',3,(#9115,#9116,#9117,#9118,#9119,#9120,
#9121,#9122,#9123,#9124,#9125,#9126,#9127),.UNSPECIFIED.,.F.,.F.,(4,2,2,
2,3,4),(-0.320046776479071,-0.233977594544113,-0.152102513407389,-0.0744714810785312,
0.,0.0125089645181196),.UNSPECIFIED.);
#1338=B_SPLINE_CURVE_WITH_KNOTS('',3,(#9157,#9158,#9159,#9160,#9161,#9162,
#9163,#9164,#9165,#9166,#9167,#9168),.UNSPECIFIED.,.F.,.F.,(4,2,2,2,2,4),
(0.,0.0814346432514037,0.162250499858863,0.242968872201308,0.28443540586284,
0.325867964692328),.UNSPECIFIED.);
#1339=B_SPLINE_CURVE_WITH_KNOTS('',3,(#9169,#9170,#9171,#9172,#9173),
 .UNSPECIFIED.,.F.,.F.,(4,1,4),(-0.74453905166895,-0.664889993457909,-0.612371798780608),
 .UNSPECIFIED.);
#1340=B_SPLINE_CURVE_WITH_KNOTS('',3,(#9175,#9176,#9177,#9178,#9179,#9180,
#9181,#9182,#9183,#9184,#9185,#9186),.UNSPECIFIED.,.F.,.F.,(4,2,2,2,2,4),
(0.,0.0814346432514047,0.162250499858866,0.242968872201311,0.284435405862847,
0.325867964692334),.UNSPECIFIED.);
#1341=B_SPLINE_CURVE_WITH_KNOTS('',3,(#9188,#9189,#9190,#9191,#9192,#9193,
#9194,#9195,#9196,#9197,#9198,#9199),.UNSPECIFIED.,.F.,.F.,(4,2,2,2,2,4),
(0.,0.0807595465437679,0.161440956420657,0.242181261728862,0.28401773657126,
0.325786233594567),.UNSPECIFIED.);
#1342=B_SPLINE_CURVE_WITH_KNOTS('',3,(#9226,#9227,#9228,#9229,#9230),
 .UNSPECIFIED.,.F.,.F.,(4,1,4),(0.605153199799628,0.664889993457909,0.74453905166895),
 .UNSPECIFIED.);
#1343=B_SPLINE_CURVE_WITH_KNOTS('',3,(#9234,#9235,#9236,#9237,#9238,#9239,
#9240,#9241,#9242,#9243,#9244,#9245,#9246),.UNSPECIFIED.,.F.,.F.,(4,3,2,
2,2,4),(-0.0125089645181198,0.,0.074471481078531,0.152102513407389,0.233977594544113,
0.320046776479071),.UNSPECIFIED.);
#1344=B_SPLINE_CURVE_WITH_KNOTS('',3,(#9255,#9256,#9257,#9258,#9259,#9260,
#9261),.UNSPECIFIED.,.F.,.F.,(4,3,4),(0.744539052033061,0.804275845082535,
0.883924902482243),.UNSPECIFIED.);
#1345=B_SPLINE_CURVE_WITH_KNOTS('',3,(#9263,#9264,#9265,#9266,#9267,#9268,
#9269,#9270,#9271,#9272,#9273,#9274,#9275),.UNSPECIFIED.,.F.,.F.,(4,2,2,
2,3,4),(-0.320046776479071,-0.233977594544113,-0.152102513407389,-0.0744714810785312,
0.,0.0125089645181196),.UNSPECIFIED.);
#1346=B_SPLINE_CURVE_WITH_KNOTS('',3,(#9328,#9329,#9330,#9331,#9332),
 .UNSPECIFIED.,.F.,.F.,(4,1,4),(0.605153199799628,0.664889993457909,0.74453905166895),
 .UNSPECIFIED.);
#1347=B_SPLINE_CURVE_WITH_KNOTS('',3,(#9336,#9337,#9338,#9339,#9340,#9341,
#9342,#9343,#9344,#9345,#9346,#9347,#9348),.UNSPECIFIED.,.F.,.F.,(4,3,2,
2,2,4),(-0.0125089645181198,0.,0.074471481078531,0.152102513407389,0.233977594544113,
0.320046776479071),.UNSPECIFIED.);
#1348=B_SPLINE_CURVE_WITH_KNOTS('',3,(#9357,#9358,#9359,#9360,#9361,#9362,
#9363),.UNSPECIFIED.,.F.,.F.,(4,3,4),(0.744539052033061,0.804275845082535,
0.883924902482243),.UNSPECIFIED.);
#1349=B_SPLINE_CURVE_WITH_KNOTS('',3,(#9365,#9366,#9367,#9368,#9369,#9370,
#9371,#9372,#9373,#9374,#9375,#9376,#9377),.UNSPECIFIED.,.F.,.F.,(4,2,2,
2,3,4),(-0.320046776479071,-0.233977594544113,-0.152102513407389,-0.0744714810785312,
0.,0.0125089645181196),.UNSPECIFIED.);
#1350=B_SPLINE_CURVE_WITH_KNOTS('',3,(#9406,#9407,#9408,#9409,#9410,#9411,
#9412,#9413,#9414,#9415,#9416,#9417,#9418),.UNSPECIFIED.,.F.,.F.,(4,3,2,
2,2,4),(-0.0125089645181198,0.,0.074471481078531,0.152102513407389,0.233977594544113,
0.320046776479071),.UNSPECIFIED.);
#1351=B_SPLINE_CURVE_WITH_KNOTS('',3,(#9449,#9450,#9451,#9452,#9453),
 .UNSPECIFIED.,.F.,.F.,(4,1,4),(0.605153199799628,0.664889993457909,0.74453905166895),
 .UNSPECIFIED.);
#1352=B_SPLINE_CURVE_WITH_KNOTS('',3,(#9457,#9458,#9459,#9460,#9461,#9462,
#9463,#9464,#9465,#9466,#9467,#9468,#9469),.UNSPECIFIED.,.F.,.F.,(4,3,2,
2,2,4),(-0.0125089645181198,0.,0.074471481078531,0.152102513407389,0.233977594544113,
0.320046776479071),.UNSPECIFIED.);
#1353=B_SPLINE_CURVE_WITH_KNOTS('',3,(#9478,#9479,#9480,#9481,#9482,#9483,
#9484),.UNSPECIFIED.,.F.,.F.,(4,3,4),(0.744539052033061,0.804275845082535,
0.883924902482243),.UNSPECIFIED.);
#1354=B_SPLINE_CURVE_WITH_KNOTS('',3,(#9486,#9487,#9488,#9489,#9490,#9491,
#9492,#9493,#9494,#9495,#9496,#9497,#9498),.UNSPECIFIED.,.F.,.F.,(4,2,2,
2,3,4),(-0.320046776479071,-0.233977594544113,-0.152102513407389,-0.0744714810785312,
0.,0.0125089645181196),.UNSPECIFIED.);
#1355=B_SPLINE_CURVE_WITH_KNOTS('',3,(#9526,#9527,#9528,#9529,#9530,#9531,
#9532,#9533,#9534,#9535,#9536,#9537),.UNSPECIFIED.,.F.,.F.,(4,2,2,2,2,4),
(0.,0.0807595465437669,0.161440956420654,0.242181261728856,0.284017736571253,
0.325786233594552),.UNSPECIFIED.);
#1356=B_SPLINE_CURVE_WITH_KNOTS('',3,(#9563,#9564,#9565,#9566,#9567),
 .UNSPECIFIED.,.F.,.F.,(4,1,4),(0.605153199799628,0.664889993457909,0.74453905166895),
 .UNSPECIFIED.);
#1357=B_SPLINE_CURVE_WITH_KNOTS('',3,(#9569,#9570,#9571,#9572,#9573,#9574,
#9575),.UNSPECIFIED.,.F.,.F.,(4,3,4),(0.744539052033061,0.804275845082535,
0.883924902482243),.UNSPECIFIED.);
#1358=VERTEX_POINT('',#5140);
#1359=VERTEX_POINT('',#5141);
#1360=VERTEX_POINT('',#5148);
#1361=VERTEX_POINT('',#5150);
#1362=VERTEX_POINT('',#5152);
#1363=VERTEX_POINT('',#5154);
#1364=VERTEX_POINT('',#5156);
#1365=VERTEX_POINT('',#5161);
#1366=VERTEX_POINT('',#5174);
#1367=VERTEX_POINT('',#5195);
#1368=VERTEX_POINT('',#5212);
#1369=VERTEX_POINT('',#5221);
#1370=VERTEX_POINT('',#5244);
#1371=VERTEX_POINT('',#5246);
#1372=VERTEX_POINT('',#5267);
#1373=VERTEX_POINT('',#5274);
#1374=VERTEX_POINT('',#5285);
#1375=VERTEX_POINT('',#5287);
#1376=VERTEX_POINT('',#5291);
#1377=VERTEX_POINT('',#5292);
#1378=VERTEX_POINT('',#5329);
#1379=VERTEX_POINT('',#5331);
#1380=VERTEX_POINT('',#5369);
#1381=VERTEX_POINT('',#5370);
#1382=VERTEX_POINT('',#5393);
#1383=VERTEX_POINT('',#5395);
#1384=VERTEX_POINT('',#5404);
#1385=VERTEX_POINT('',#5421);
#1386=VERTEX_POINT('',#5446);
#1387=VERTEX_POINT('',#5448);
#1388=VERTEX_POINT('',#5455);
#1389=VERTEX_POINT('',#5457);
#1390=VERTEX_POINT('',#5468);
#1391=VERTEX_POINT('',#5473);
#1392=VERTEX_POINT('',#5477);
#1393=VERTEX_POINT('',#5479);
#1394=VERTEX_POINT('',#5481);
#1395=VERTEX_POINT('',#5483);
#1396=VERTEX_POINT('',#5494);
#1397=VERTEX_POINT('',#5501);
#1398=VERTEX_POINT('',#5524);
#1399=VERTEX_POINT('',#5526);
#1400=VERTEX_POINT('',#5528);
#1401=VERTEX_POINT('',#5564);
#1402=VERTEX_POINT('',#5577);
#1403=VERTEX_POINT('',#5585);
#1404=VERTEX_POINT('',#5600);
#1405=VERTEX_POINT('',#5602);
#1406=VERTEX_POINT('',#5608);
#1407=VERTEX_POINT('',#5621);
#1408=VERTEX_POINT('',#5660);
#1409=VERTEX_POINT('',#5671);
#1410=VERTEX_POINT('',#5679);
#1411=VERTEX_POINT('',#5694);
#1412=VERTEX_POINT('',#5696);
#1413=VERTEX_POINT('',#5698);
#1414=VERTEX_POINT('',#5700);
#1415=VERTEX_POINT('',#5702);
#1416=VERTEX_POINT('',#5704);
#1417=VERTEX_POINT('',#5706);
#1418=VERTEX_POINT('',#5708);
#1419=VERTEX_POINT('',#5711);
#1420=VERTEX_POINT('',#5713);
#1421=VERTEX_POINT('',#5715);
#1422=VERTEX_POINT('',#5717);
#1423=VERTEX_POINT('',#5722);
#1424=VERTEX_POINT('',#5724);
#1425=VERTEX_POINT('',#5726);
#1426=VERTEX_POINT('',#5728);
#1427=VERTEX_POINT('',#5730);
#1428=VERTEX_POINT('',#5732);
#1429=VERTEX_POINT('',#5734);
#1430=VERTEX_POINT('',#5736);
#1431=VERTEX_POINT('',#5738);
#1432=VERTEX_POINT('',#5740);
#1433=VERTEX_POINT('',#5742);
#1434=VERTEX_POINT('',#5744);
#1435=VERTEX_POINT('',#5746);
#1436=VERTEX_POINT('',#5748);
#1437=VERTEX_POINT('',#5750);
#1438=VERTEX_POINT('',#5752);
#1439=VERTEX_POINT('',#5754);
#1440=VERTEX_POINT('',#5756);
#1441=VERTEX_POINT('',#5758);
#1442=VERTEX_POINT('',#5760);
#1443=VERTEX_POINT('',#5762);
#1444=VERTEX_POINT('',#5764);
#1445=VERTEX_POINT('',#5766);
#1446=VERTEX_POINT('',#5768);
#1447=VERTEX_POINT('',#5770);
#1448=VERTEX_POINT('',#5772);
#1449=VERTEX_POINT('',#5774);
#1450=VERTEX_POINT('',#5776);
#1451=VERTEX_POINT('',#5778);
#1452=VERTEX_POINT('',#5780);
#1453=VERTEX_POINT('',#5782);
#1454=VERTEX_POINT('',#5784);
#1455=VERTEX_POINT('',#5786);
#1456=VERTEX_POINT('',#5790);
#1457=VERTEX_POINT('',#5792);
#1458=VERTEX_POINT('',#5808);
#1459=VERTEX_POINT('',#5834);
#1460=VERTEX_POINT('',#5874);
#1461=VERTEX_POINT('',#5880);
#1462=VERTEX_POINT('',#5890);
#1463=VERTEX_POINT('',#5892);
#1464=VERTEX_POINT('',#5896);
#1465=VERTEX_POINT('',#5898);
#1466=VERTEX_POINT('',#5903);
#1467=VERTEX_POINT('',#5904);
#1468=VERTEX_POINT('',#5906);
#1469=VERTEX_POINT('',#5908);
#1470=VERTEX_POINT('',#5910);
#1471=VERTEX_POINT('',#5912);
#1472=VERTEX_POINT('',#5914);
#1473=VERTEX_POINT('',#5916);
#1474=VERTEX_POINT('',#5918);
#1475=VERTEX_POINT('',#5920);
#1476=VERTEX_POINT('',#5922);
#1477=VERTEX_POINT('',#5926);
#1478=VERTEX_POINT('',#5927);
#1479=VERTEX_POINT('',#5950);
#1480=VERTEX_POINT('',#5957);
#1481=VERTEX_POINT('',#5964);
#1482=VERTEX_POINT('',#5981);
#1483=VERTEX_POINT('',#5990);
#1484=VERTEX_POINT('',#6001);
#1485=VERTEX_POINT('',#6016);
#1486=VERTEX_POINT('',#6023);
#1487=VERTEX_POINT('',#6036);
#1488=VERTEX_POINT('',#6051);
#1489=VERTEX_POINT('',#6058);
#1490=VERTEX_POINT('',#6071);
#1491=VERTEX_POINT('',#6084);
#1492=VERTEX_POINT('',#6091);
#1493=VERTEX_POINT('',#6104);
#1494=VERTEX_POINT('',#6117);
#1495=VERTEX_POINT('',#6126);
#1496=VERTEX_POINT('',#6141);
#1497=VERTEX_POINT('',#6153);
#1498=VERTEX_POINT('',#6154);
#1499=VERTEX_POINT('',#6163);
#1500=VERTEX_POINT('',#6167);
#1501=VERTEX_POINT('',#6169);
#1502=VERTEX_POINT('',#6173);
#1503=VERTEX_POINT('',#6185);
#1504=VERTEX_POINT('',#6200);
#1505=VERTEX_POINT('',#6232);
#1506=VERTEX_POINT('',#6233);
#1507=VERTEX_POINT('',#6244);
#1508=VERTEX_POINT('',#6248);
#1509=VERTEX_POINT('',#6250);
#1510=VERTEX_POINT('',#6254);
#1511=VERTEX_POINT('',#6263);
#1512=VERTEX_POINT('',#6283);
#1513=VERTEX_POINT('',#6331);
#1514=VERTEX_POINT('',#6338);
#1515=VERTEX_POINT('',#6351);
#1516=VERTEX_POINT('',#6356);
#1517=VERTEX_POINT('',#6369);
#1518=VERTEX_POINT('',#6384);
#1519=VERTEX_POINT('',#6391);
#1520=VERTEX_POINT('',#6404);
#1521=VERTEX_POINT('',#6417);
#1522=VERTEX_POINT('',#6424);
#1523=VERTEX_POINT('',#6437);
#1524=VERTEX_POINT('',#6450);
#1525=VERTEX_POINT('',#6457);
#1526=VERTEX_POINT('',#6470);
#1527=VERTEX_POINT('',#6483);
#1528=VERTEX_POINT('',#6488);
#1529=VERTEX_POINT('',#6506);
#1530=VERTEX_POINT('',#6515);
#1531=VERTEX_POINT('',#6532);
#1532=VERTEX_POINT('',#6534);
#1533=VERTEX_POINT('',#6561);
#1534=VERTEX_POINT('',#6564);
#1535=VERTEX_POINT('',#6569);
#1536=VERTEX_POINT('',#6571);
#1537=VERTEX_POINT('',#6575);
#1538=VERTEX_POINT('',#6579);
#1539=VERTEX_POINT('',#6583);
#1540=VERTEX_POINT('',#6585);
#1541=VERTEX_POINT('',#6587);
#1542=VERTEX_POINT('',#6589);
#1543=VERTEX_POINT('',#6605);
#1544=VERTEX_POINT('',#6609);
#1545=VERTEX_POINT('',#6613);
#1546=VERTEX_POINT('',#6629);
#1547=VERTEX_POINT('',#6633);
#1548=VERTEX_POINT('',#6637);
#1549=VERTEX_POINT('',#6641);
#1550=VERTEX_POINT('',#6657);
#1551=VERTEX_POINT('',#6661);
#1552=VERTEX_POINT('',#6677);
#1553=VERTEX_POINT('',#6681);
#1554=VERTEX_POINT('',#6686);
#1555=VERTEX_POINT('',#6702);
#1556=VERTEX_POINT('',#6708);
#1557=VERTEX_POINT('',#6724);
#1558=VERTEX_POINT('',#6730);
#1559=VERTEX_POINT('',#6734);
#1560=VERTEX_POINT('',#6739);
#1561=VERTEX_POINT('',#6755);
#1562=VERTEX_POINT('',#6761);
#1563=VERTEX_POINT('',#6777);
#1564=VERTEX_POINT('',#6809);
#1565=VERTEX_POINT('',#6833);
#1566=VERTEX_POINT('',#6835);
#1567=VERTEX_POINT('',#6851);
#1568=VERTEX_POINT('',#6863);
#1569=VERTEX_POINT('',#6903);
#1570=VERTEX_POINT('',#6978);
#1571=VERTEX_POINT('',#7028);
#1572=VERTEX_POINT('',#7071);
#1573=VERTEX_POINT('',#7084);
#1574=VERTEX_POINT('',#7090);
#1575=VERTEX_POINT('',#7098);
#1576=VERTEX_POINT('',#7099);
#1577=VERTEX_POINT('',#7116);
#1578=VERTEX_POINT('',#7118);
#1579=VERTEX_POINT('',#7207);
#1580=VERTEX_POINT('',#7220);
#1581=VERTEX_POINT('',#7226);
#1582=VERTEX_POINT('',#7234);
#1583=VERTEX_POINT('',#7235);
#1584=VERTEX_POINT('',#7252);
#1585=VERTEX_POINT('',#7254);
#1586=VERTEX_POINT('',#7266);
#1587=VERTEX_POINT('',#7280);
#1588=VERTEX_POINT('',#7308);
#1589=VERTEX_POINT('',#7377);
#1590=VERTEX_POINT('',#7390);
#1591=VERTEX_POINT('',#7396);
#1592=VERTEX_POINT('',#7404);
#1593=VERTEX_POINT('',#7405);
#1594=VERTEX_POINT('',#7422);
#1595=VERTEX_POINT('',#7424);
#1596=VERTEX_POINT('',#7519);
#1597=VERTEX_POINT('',#7535);
#1598=VERTEX_POINT('',#7575);
#1599=VERTEX_POINT('',#7586);
#1600=VERTEX_POINT('',#7588);
#1601=VERTEX_POINT('',#7600);
#1602=VERTEX_POINT('',#7614);
#1603=VERTEX_POINT('',#7642);
#1604=VERTEX_POINT('',#7698);
#1605=VERTEX_POINT('',#7711);
#1606=VERTEX_POINT('',#7717);
#1607=VERTEX_POINT('',#7725);
#1608=VERTEX_POINT('',#7726);
#1609=VERTEX_POINT('',#7743);
#1610=VERTEX_POINT('',#7745);
#1611=VERTEX_POINT('',#7757);
#1612=VERTEX_POINT('',#7771);
#1613=VERTEX_POINT('',#7799);
#1614=VERTEX_POINT('',#7868);
#1615=VERTEX_POINT('',#7876);
#1616=VERTEX_POINT('',#7892);
#1617=VERTEX_POINT('',#7894);
#1618=VERTEX_POINT('',#7906);
#1619=VERTEX_POINT('',#7920);
#1620=VERTEX_POINT('',#7948);
#1621=VERTEX_POINT('',#8004);
#1622=VERTEX_POINT('',#8012);
#1623=VERTEX_POINT('',#8028);
#1624=VERTEX_POINT('',#8030);
#1625=VERTEX_POINT('',#8042);
#1626=VERTEX_POINT('',#8056);
#1627=VERTEX_POINT('',#8084);
#1628=VERTEX_POINT('',#8127);
#1629=VERTEX_POINT('',#8135);
#1630=VERTEX_POINT('',#8151);
#1631=VERTEX_POINT('',#8240);
#1632=VERTEX_POINT('',#8248);
#1633=VERTEX_POINT('',#8264);
#1634=VERTEX_POINT('',#8266);
#1635=VERTEX_POINT('',#8342);
#1636=VERTEX_POINT('',#8350);
#1637=VERTEX_POINT('',#8366);
#1638=VERTEX_POINT('',#8368);
#1639=VERTEX_POINT('',#8444);
#1640=VERTEX_POINT('',#8500);
#1641=VERTEX_POINT('',#8569);
#1642=VERTEX_POINT('',#8582);
#1643=VERTEX_POINT('',#8588);
#1644=VERTEX_POINT('',#8596);
#1645=VERTEX_POINT('',#8597);
#1646=VERTEX_POINT('',#8614);
#1647=VERTEX_POINT('',#8616);
#1648=VERTEX_POINT('',#8628);
#1649=VERTEX_POINT('',#8707);
#1650=VERTEX_POINT('',#8720);
#1651=VERTEX_POINT('',#8726);
#1652=VERTEX_POINT('',#8734);
#1653=VERTEX_POINT('',#8735);
#1654=VERTEX_POINT('',#8752);
#1655=VERTEX_POINT('',#8754);
#1656=VERTEX_POINT('',#8881);
#1657=VERTEX_POINT('',#8943);
#1658=VERTEX_POINT('',#8945);
#1659=VERTEX_POINT('',#8957);
#1660=VERTEX_POINT('',#8971);
#1661=VERTEX_POINT('',#8999);
#1662=VERTEX_POINT('',#9055);
#1663=VERTEX_POINT('',#9068);
#1664=VERTEX_POINT('',#9074);
#1665=VERTEX_POINT('',#9082);
#1666=VERTEX_POINT('',#9083);
#1667=VERTEX_POINT('',#9100);
#1668=VERTEX_POINT('',#9102);
#1669=VERTEX_POINT('',#9114);
#1670=VERTEX_POINT('',#9128);
#1671=VERTEX_POINT('',#9156);
#1672=VERTEX_POINT('',#9225);
#1673=VERTEX_POINT('',#9233);
#1674=VERTEX_POINT('',#9249);
#1675=VERTEX_POINT('',#9251);
#1676=VERTEX_POINT('',#9327);
#1677=VERTEX_POINT('',#9335);
#1678=VERTEX_POINT('',#9351);
#1679=VERTEX_POINT('',#9353);
#1680=VERTEX_POINT('',#9405);
#1681=VERTEX_POINT('',#9448);
#1682=VERTEX_POINT('',#9456);
#1683=VERTEX_POINT('',#9472);
#1684=VERTEX_POINT('',#9474);
#1685=VERTEX_POINT('',#9602);
#1686=VERTEX_POINT('',#9603);
#1687=VERTEX_POINT('',#9605);
#1688=VERTEX_POINT('',#9607);
#1689=VERTEX_POINT('',#9611);
#1690=VERTEX_POINT('',#9613);
#1691=VERTEX_POINT('',#9617);
#1692=VERTEX_POINT('',#9619);
#1693=VERTEX_POINT('',#9628);
#1694=VERTEX_POINT('',#9630);
#1695=VERTEX_POINT('',#9632);
#1696=VERTEX_POINT('',#9634);
#1697=VERTEX_POINT('',#9636);
#1698=VERTEX_POINT('',#9640);
#1699=VERTEX_POINT('',#9641);
#1700=VERTEX_POINT('',#9643);
#1701=VERTEX_POINT('',#9645);
#1702=VERTEX_POINT('',#9649);
#1703=EDGE_CURVE('',#1358,#1359,#1116,.T.);
#1704=EDGE_CURVE('',#1358,#1360,#968,.T.);
#1705=EDGE_CURVE('',#1361,#1360,#969,.T.);
#1706=EDGE_CURVE('',#1362,#1361,#970,.T.);
#1707=EDGE_CURVE('',#1363,#1362,#971,.T.);
#1708=EDGE_CURVE('',#1364,#1363,#1117,.T.);
#1709=EDGE_CURVE('',#1365,#1364,#1118,.T.);
#1710=EDGE_CURVE('',#1359,#1365,#708,.T.);
#1711=EDGE_CURVE('',#1366,#1358,#1119,.T.);
#1712=EDGE_CURVE('',#1367,#1366,#1120,.T.);
#1713=EDGE_CURVE('',#1368,#1367,#1121,.T.);
#1714=EDGE_CURVE('',#1368,#1369,#972,.T.);
#1715=EDGE_CURVE('',#1360,#1369,#1122,.T.);
#1716=EDGE_CURVE('',#1370,#1368,#709,.T.);
#1717=EDGE_CURVE('',#1371,#1370,#1123,.T.);
#1718=EDGE_CURVE('',#1372,#1371,#1124,.T.);
#1719=EDGE_CURVE('',#1373,#1372,#1125,.T.);
#1720=EDGE_CURVE('',#1374,#1373,#973,.T.);
#1721=EDGE_CURVE('',#1375,#1374,#974,.T.);
#1722=EDGE_CURVE('',#1375,#1369,#975,.T.);
#1723=EDGE_CURVE('',#1376,#1377,#1126,.T.);
#1724=EDGE_CURVE('',#1377,#1376,#1127,.T.);
#1725=EDGE_CURVE('',#1377,#1378,#976,.T.);
#1726=EDGE_CURVE('',#1379,#1378,#1128,.T.);
#1727=EDGE_CURVE('',#1378,#1379,#1129,.T.);
#1728=EDGE_CURVE('',#1380,#1381,#1130,.T.);
#1729=EDGE_CURVE('',#1382,#1380,#977,.T.);
#1730=EDGE_CURVE('',#1383,#1382,#1131,.T.);
#1731=EDGE_CURVE('',#1384,#1383,#1132,.T.);
#1732=EDGE_CURVE('',#1385,#1384,#1133,.T.);
#1733=EDGE_CURVE('',#1385,#1381,#978,.T.);
#1734=EDGE_CURVE('',#1381,#1386,#979,.T.);
#1735=EDGE_CURVE('',#1387,#1385,#1134,.T.);
#1736=EDGE_CURVE('',#1388,#1387,#710,.T.);
#1737=EDGE_CURVE('',#1389,#1388,#1135,.T.);
#1738=EDGE_CURVE('',#1390,#1389,#1136,.T.);
#1739=EDGE_CURVE('',#1391,#1390,#980,.T.);
#1740=EDGE_CURVE('',#1386,#1391,#981,.T.);
#1741=EDGE_CURVE('',#1392,#1380,#982,.T.);
#1742=EDGE_CURVE('',#1393,#1392,#983,.T.);
#1743=EDGE_CURVE('',#1394,#1393,#984,.T.);
#1744=EDGE_CURVE('',#1395,#1394,#1137,.T.);
#1745=EDGE_CURVE('',#1396,#1395,#1138,.T.);
#1746=EDGE_CURVE('',#1397,#1396,#1139,.T.);
#1747=EDGE_CURVE('',#1382,#1397,#711,.T.);
#1748=EDGE_CURVE('',#1398,#1365,#712,.T.);
#1749=EDGE_CURVE('',#1399,#1398,#713,.T.);
#1750=EDGE_CURVE('',#1399,#1400,#714,.T.);
#1751=EDGE_CURVE('',#1359,#1400,#715,.T.);
#1752=EDGE_CURVE('',#1398,#1364,#1140,.T.);
#1753=EDGE_CURVE('',#1401,#1363,#1141,.T.);
#1754=EDGE_CURVE('',#1402,#1401,#1142,.T.);
#1755=EDGE_CURVE('',#1398,#1402,#716,.T.);
#1756=EDGE_CURVE('',#1403,#1362,#717,.T.);
#1757=EDGE_CURVE('',#1403,#1401,#1143,.T.);
#1758=EDGE_CURVE('',#1370,#1404,#718,.T.);
#1759=EDGE_CURVE('',#1404,#1405,#719,.T.);
#1760=EDGE_CURVE('',#1405,#1371,#720,.T.);
#1761=EDGE_CURVE('',#1372,#1405,#721,.T.);
#1762=EDGE_CURVE('',#1373,#1406,#1144,.T.);
#1763=EDGE_CURVE('',#1406,#1407,#1145,.T.);
#1764=EDGE_CURVE('',#1374,#1407,#722,.T.);
#1765=EDGE_CURVE('',#1408,#1394,#1146,.T.);
#1766=EDGE_CURVE('',#1408,#1409,#1147,.T.);
#1767=EDGE_CURVE('',#1395,#1409,#723,.T.);
#1768=EDGE_CURVE('',#1410,#1393,#724,.T.);
#1769=EDGE_CURVE('',#1410,#1408,#1148,.T.);
#1770=EDGE_CURVE('',#1407,#1411,#725,.T.);
#1771=EDGE_CURVE('',#1411,#1412,#726,.T.);
#1772=EDGE_CURVE('',#1412,#1413,#727,.T.);
#1773=EDGE_CURVE('',#1413,#1414,#728,.T.);
#1774=EDGE_CURVE('',#1414,#1415,#729,.T.);
#1775=EDGE_CURVE('',#1415,#1416,#730,.T.);
#1776=EDGE_CURVE('',#1416,#1417,#731,.T.);
#1777=EDGE_CURVE('',#1417,#1418,#732,.T.);
#1778=EDGE_CURVE('',#1418,#1410,#733,.T.);
#1779=EDGE_CURVE('',#1392,#1419,#985,.T.);
#1780=EDGE_CURVE('',#1419,#1420,#986,.T.);
#1781=EDGE_CURVE('',#1420,#1421,#734,.T.);
#1782=EDGE_CURVE('',#1421,#1422,#987,.T.);
#1783=EDGE_CURVE('',#1422,#1375,#988,.T.);
#1784=EDGE_CURVE('',#1361,#1386,#735,.T.);
#1785=EDGE_CURVE('',#1391,#1423,#736,.T.);
#1786=EDGE_CURVE('',#1423,#1424,#737,.T.);
#1787=EDGE_CURVE('',#1424,#1425,#738,.T.);
#1788=EDGE_CURVE('',#1425,#1426,#739,.T.);
#1789=EDGE_CURVE('',#1426,#1427,#740,.T.);
#1790=EDGE_CURVE('',#1427,#1428,#741,.T.);
#1791=EDGE_CURVE('',#1428,#1429,#742,.T.);
#1792=EDGE_CURVE('',#1429,#1430,#743,.T.);
#1793=EDGE_CURVE('',#1430,#1431,#744,.T.);
#1794=EDGE_CURVE('',#1431,#1432,#745,.T.);
#1795=EDGE_CURVE('',#1432,#1433,#746,.T.);
#1796=EDGE_CURVE('',#1433,#1434,#747,.T.);
#1797=EDGE_CURVE('',#1434,#1435,#748,.T.);
#1798=EDGE_CURVE('',#1435,#1436,#749,.T.);
#1799=EDGE_CURVE('',#1436,#1437,#750,.T.);
#1800=EDGE_CURVE('',#1437,#1438,#751,.T.);
#1801=EDGE_CURVE('',#1438,#1439,#752,.T.);
#1802=EDGE_CURVE('',#1439,#1440,#753,.T.);
#1803=EDGE_CURVE('',#1440,#1441,#754,.T.);
#1804=EDGE_CURVE('',#1441,#1442,#755,.T.);
#1805=EDGE_CURVE('',#1442,#1443,#756,.T.);
#1806=EDGE_CURVE('',#1443,#1444,#757,.T.);
#1807=EDGE_CURVE('',#1444,#1445,#758,.T.);
#1808=EDGE_CURVE('',#1445,#1446,#759,.T.);
#1809=EDGE_CURVE('',#1446,#1447,#760,.T.);
#1810=EDGE_CURVE('',#1447,#1448,#761,.T.);
#1811=EDGE_CURVE('',#1448,#1449,#762,.T.);
#1812=EDGE_CURVE('',#1449,#1450,#763,.T.);
#1813=EDGE_CURVE('',#1450,#1451,#764,.T.);
#1814=EDGE_CURVE('',#1451,#1452,#765,.T.);
#1815=EDGE_CURVE('',#1452,#1453,#766,.T.);
#1816=EDGE_CURVE('',#1453,#1454,#767,.T.);
#1817=EDGE_CURVE('',#1454,#1455,#768,.T.);
#1818=EDGE_CURVE('',#1455,#1403,#769,.T.);
#1819=EDGE_CURVE('',#1383,#1456,#770,.T.);
#1820=EDGE_CURVE('',#1456,#1457,#1149,.T.);
#1821=EDGE_CURVE('',#1384,#1457,#771,.T.);
#1822=EDGE_CURVE('',#1390,#1458,#1150,.T.);
#1823=EDGE_CURVE('',#1458,#1423,#1151,.T.);
#1824=EDGE_CURVE('',#1457,#1459,#1152,.T.);
#1825=EDGE_CURVE('',#1459,#1387,#772,.T.);
#1826=EDGE_CURVE('',#1389,#1460,#1153,.T.);
#1827=EDGE_CURVE('',#1460,#1461,#773,.T.);
#1828=EDGE_CURVE('',#1461,#1458,#1154,.T.);
#1829=EDGE_CURVE('',#1388,#1460,#774,.T.);
#1830=EDGE_CURVE('',#1462,#1462,#775,.T.);
#1831=EDGE_CURVE('',#1462,#1463,#989,.T.);
#1832=EDGE_CURVE('',#1463,#1463,#776,.T.);
#1833=EDGE_CURVE('',#1464,#1464,#777,.T.);
#1834=EDGE_CURVE('',#1464,#1465,#990,.T.);
#1835=EDGE_CURVE('',#1465,#1465,#778,.T.);
#1836=EDGE_CURVE('',#1466,#1467,#991,.T.);
#1837=EDGE_CURVE('',#1467,#1468,#992,.T.);
#1838=EDGE_CURVE('',#1468,#1469,#993,.T.);
#1839=EDGE_CURVE('',#1469,#1470,#994,.T.);
#1840=EDGE_CURVE('',#1470,#1471,#995,.T.);
#1841=EDGE_CURVE('',#1471,#1472,#996,.T.);
#1842=EDGE_CURVE('',#1472,#1473,#779,.T.);
#1843=EDGE_CURVE('',#1473,#1474,#997,.T.);
#1844=EDGE_CURVE('',#1474,#1475,#780,.T.);
#1845=EDGE_CURVE('',#1475,#1476,#998,.T.);
#1846=EDGE_CURVE('',#1476,#1466,#999,.T.);
#1847=EDGE_CURVE('',#1477,#1478,#1155,.T.);
#1848=EDGE_CURVE('',#1477,#1479,#1156,.T.);
#1849=EDGE_CURVE('',#1480,#1479,#1157,.T.);
#1850=EDGE_CURVE('',#1481,#1480,#1158,.T.);
#1851=EDGE_CURVE('',#1482,#1481,#1159,.T.);
#1852=EDGE_CURVE('',#1483,#1482,#1160,.T.);
#1853=EDGE_CURVE('',#1484,#1483,#1161,.T.);
#1854=EDGE_CURVE('',#1485,#1484,#1162,.T.);
#1855=EDGE_CURVE('',#1486,#1485,#1163,.T.);
#1856=EDGE_CURVE('',#1487,#1486,#1164,.T.);
#1857=EDGE_CURVE('',#1488,#1487,#1165,.T.);
#1858=EDGE_CURVE('',#1489,#1488,#1166,.T.);
#1859=EDGE_CURVE('',#1490,#1489,#1167,.T.);
#1860=EDGE_CURVE('',#1491,#1490,#1168,.T.);
#1861=EDGE_CURVE('',#1492,#1491,#1169,.T.);
#1862=EDGE_CURVE('',#1493,#1492,#1170,.T.);
#1863=EDGE_CURVE('',#1494,#1493,#1171,.T.);
#1864=EDGE_CURVE('',#1495,#1494,#1172,.T.);
#1865=EDGE_CURVE('',#1496,#1495,#1173,.T.);
#1866=EDGE_CURVE('',#1478,#1496,#1174,.T.);
#1867=EDGE_CURVE('',#1497,#1498,#1175,.T.);
#1868=EDGE_CURVE('',#1499,#1497,#19,.T.);
#1869=EDGE_CURVE('',#1500,#1499,#781,.T.);
#1870=EDGE_CURVE('',#1500,#1501,#20,.T.);
#1871=EDGE_CURVE('',#1502,#1501,#1176,.T.);
#1872=EDGE_CURVE('',#1503,#1502,#1177,.T.);
#1873=EDGE_CURVE('',#1504,#1503,#1178,.T.);
#1874=EDGE_CURVE('',#1498,#1504,#1179,.T.);
#1875=EDGE_CURVE('',#1505,#1506,#1180,.T.);
#1876=EDGE_CURVE('',#1507,#1505,#21,.T.);
#1877=EDGE_CURVE('',#1508,#1507,#782,.T.);
#1878=EDGE_CURVE('',#1508,#1509,#22,.T.);
#1879=EDGE_CURVE('',#1510,#1509,#1181,.T.);
#1880=EDGE_CURVE('',#1511,#1510,#1182,.T.);
#1881=EDGE_CURVE('',#1512,#1511,#1183,.T.);
#1882=EDGE_CURVE('',#1506,#1512,#1184,.T.);
#1883=EDGE_CURVE('',#1478,#1477,#1185,.T.);
#1884=EDGE_CURVE('',#1513,#1496,#1186,.T.);
#1885=EDGE_CURVE('',#1514,#1513,#1187,.T.);
#1886=EDGE_CURVE('',#1515,#1514,#1188,.T.);
#1887=EDGE_CURVE('',#1516,#1515,#1189,.T.);
#1888=EDGE_CURVE('',#1517,#1516,#1190,.T.);
#1889=EDGE_CURVE('',#1518,#1517,#1191,.T.);
#1890=EDGE_CURVE('',#1519,#1518,#1192,.T.);
#1891=EDGE_CURVE('',#1520,#1519,#1193,.T.);
#1892=EDGE_CURVE('',#1521,#1520,#1194,.T.);
#1893=EDGE_CURVE('',#1522,#1521,#1195,.T.);
#1894=EDGE_CURVE('',#1523,#1522,#1196,.T.);
#1895=EDGE_CURVE('',#1524,#1523,#1197,.T.);
#1896=EDGE_CURVE('',#1525,#1524,#1198,.T.);
#1897=EDGE_CURVE('',#1526,#1525,#1199,.T.);
#1898=EDGE_CURVE('',#1527,#1526,#1200,.T.);
#1899=EDGE_CURVE('',#1528,#1527,#1201,.T.);
#1900=EDGE_CURVE('',#1479,#1528,#1202,.T.);
#1901=EDGE_CURVE('',#1529,#1497,#1203,.T.);
#1902=EDGE_CURVE('',#1530,#1529,#1204,.T.);
#1903=EDGE_CURVE('',#1501,#1530,#783,.T.);
#1904=EDGE_CURVE('',#1499,#1500,#1000,.T.);
#1905=EDGE_CURVE('',#1531,#1505,#784,.T.);
#1906=EDGE_CURVE('',#1532,#1531,#1205,.T.);
#1907=EDGE_CURVE('',#1509,#1532,#1206,.T.);
#1908=EDGE_CURVE('',#1507,#1508,#1001,.T.);
#1909=EDGE_CURVE('',#1477,#1478,#785,.T.);
#1910=EDGE_CURVE('',#1369,#1473,#1002,.T.);
#1911=EDGE_CURVE('',#1533,#1472,#1003,.T.);
#1912=EDGE_CURVE('',#1533,#1477,#786,.T.);
#1913=EDGE_CURVE('',#1478,#1534,#787,.T.);
#1914=EDGE_CURVE('',#1534,#1475,#1004,.T.);
#1915=EDGE_CURVE('',#1380,#1474,#1005,.T.);
#1916=EDGE_CURVE('',#1535,#1480,#788,.T.);
#1917=EDGE_CURVE('',#1536,#1535,#789,.T.);
#1918=EDGE_CURVE('',#1536,#1481,#790,.T.);
#1919=EDGE_CURVE('',#1537,#1536,#791,.T.);
#1920=EDGE_CURVE('',#1482,#1537,#792,.T.);
#1921=EDGE_CURVE('',#1537,#1538,#793,.T.);
#1922=EDGE_CURVE('',#1483,#1538,#794,.T.);
#1923=EDGE_CURVE('',#1495,#1539,#795,.T.);
#1924=EDGE_CURVE('',#1540,#1539,#796,.T.);
#1925=EDGE_CURVE('',#1540,#1541,#797,.T.);
#1926=EDGE_CURVE('',#1541,#1542,#1207,.T.);
#1927=EDGE_CURVE('',#1542,#1513,#798,.T.);
#1928=EDGE_CURVE('',#1543,#1538,#799,.T.);
#1929=EDGE_CURVE('',#1543,#1484,#800,.T.);
#1930=EDGE_CURVE('',#1494,#1544,#801,.T.);
#1931=EDGE_CURVE('',#1544,#1539,#802,.T.);
#1932=EDGE_CURVE('',#1542,#1545,#1208,.T.);
#1933=EDGE_CURVE('',#1545,#1514,#803,.T.);
#1934=EDGE_CURVE('',#1546,#1493,#804,.T.);
#1935=EDGE_CURVE('',#1544,#1546,#805,.T.);
#1936=EDGE_CURVE('',#1545,#1547,#806,.T.);
#1937=EDGE_CURVE('',#1515,#1547,#807,.T.);
#1938=EDGE_CURVE('',#1492,#1548,#808,.T.);
#1939=EDGE_CURVE('',#1546,#1548,#809,.T.);
#1940=EDGE_CURVE('',#1547,#1549,#1209,.T.);
#1941=EDGE_CURVE('',#1549,#1516,#810,.T.);
#1942=EDGE_CURVE('',#1491,#1550,#811,.T.);
#1943=EDGE_CURVE('',#1550,#1548,#812,.T.);
#1944=EDGE_CURVE('',#1549,#1551,#1210,.T.);
#1945=EDGE_CURVE('',#1551,#1517,#813,.T.);
#1946=EDGE_CURVE('',#1552,#1490,#814,.T.);
#1947=EDGE_CURVE('',#1550,#1552,#815,.T.);
#1948=EDGE_CURVE('',#1551,#1553,#816,.T.);
#1949=EDGE_CURVE('',#1498,#1553,#817,.T.);
#1950=EDGE_CURVE('',#1518,#1504,#818,.T.);
#1951=EDGE_CURVE('',#1553,#1554,#1211,.T.);
#1952=EDGE_CURVE('',#1529,#1554,#819,.T.);
#1953=EDGE_CURVE('',#1555,#1489,#820,.T.);
#1954=EDGE_CURVE('',#1552,#1555,#821,.T.);
#1955=EDGE_CURVE('',#1519,#1503,#822,.T.);
#1956=EDGE_CURVE('',#1554,#1556,#1212,.T.);
#1957=EDGE_CURVE('',#1556,#1530,#823,.T.);
#1958=EDGE_CURVE('',#1488,#1557,#824,.T.);
#1959=EDGE_CURVE('',#1557,#1555,#825,.T.);
#1960=EDGE_CURVE('',#1502,#1520,#826,.T.);
#1961=EDGE_CURVE('',#1558,#1487,#827,.T.);
#1962=EDGE_CURVE('',#1557,#1558,#828,.T.);
#1963=EDGE_CURVE('',#1556,#1559,#829,.T.);
#1964=EDGE_CURVE('',#1531,#1559,#830,.T.);
#1965=EDGE_CURVE('',#1521,#1506,#831,.T.);
#1966=EDGE_CURVE('',#1559,#1560,#1213,.T.);
#1967=EDGE_CURVE('',#1560,#1532,#832,.T.);
#1968=EDGE_CURVE('',#1486,#1561,#833,.T.);
#1969=EDGE_CURVE('',#1558,#1561,#834,.T.);
#1970=EDGE_CURVE('',#1512,#1522,#835,.T.);
#1971=EDGE_CURVE('',#1560,#1562,#1214,.T.);
#1972=EDGE_CURVE('',#1562,#1510,#836,.T.);
#1973=EDGE_CURVE('',#1485,#1563,#837,.T.);
#1974=EDGE_CURVE('',#1563,#1561,#838,.T.);
#1975=EDGE_CURVE('',#1511,#1523,#839,.T.);
#1976=EDGE_CURVE('',#1563,#1543,#840,.T.);
#1977=EDGE_CURVE('',#1444,#1564,#1215,.T.);
#1978=EDGE_CURVE('',#1444,#1536,#1216,.T.);
#1979=EDGE_CURVE('',#1564,#1535,#1217,.T.);
#1980=EDGE_CURVE('',#1527,#1565,#841,.T.);
#1981=EDGE_CURVE('',#1565,#1566,#1218,.T.);
#1982=EDGE_CURVE('',#1528,#1566,#842,.T.);
#1983=EDGE_CURVE('',#1567,#1526,#843,.T.);
#1984=EDGE_CURVE('',#1567,#1565,#844,.T.);
#1985=EDGE_CURVE('',#1537,#1443,#1219,.T.);
#1986=EDGE_CURVE('',#1568,#1525,#845,.T.);
#1987=EDGE_CURVE('',#1568,#1567,#1220,.T.);
#1988=EDGE_CURVE('',#1569,#1443,#1221,.T.);
#1989=EDGE_CURVE('',#1538,#1569,#1222,.T.);
#1990=EDGE_CURVE('',#1442,#1569,#1223,.T.);
#1991=EDGE_CURVE('',#1564,#1445,#1224,.T.);
#1992=EDGE_CURVE('',#1442,#1543,#1225,.T.);
#1993=EDGE_CURVE('',#1524,#1570,#846,.T.);
#1994=EDGE_CURVE('',#1570,#1568,#1226,.T.);
#1995=EDGE_CURVE('',#1562,#1570,#847,.T.);
#1996=EDGE_CURVE('',#1563,#1441,#1227,.T.);
#1997=EDGE_CURVE('',#1571,#1441,#1228,.T.);
#1998=EDGE_CURVE('',#1561,#1571,#1229,.T.);
#1999=EDGE_CURVE('',#1446,#1572,#1230,.T.);
#2000=EDGE_CURVE('',#1446,#1573,#1231,.T.);
#2001=EDGE_CURVE('',#1573,#1574,#848,.T.);
#2002=EDGE_CURVE('',#1572,#1574,#1232,.T.);
#2003=EDGE_CURVE('',#1575,#1576,#1233,.T.);
#2004=EDGE_CURVE('',#1574,#1576,#849,.T.);
#2005=EDGE_CURVE('',#1573,#1575,#850,.T.);
#2006=EDGE_CURVE('',#1577,#1573,#851,.T.);
#2007=EDGE_CURVE('',#1578,#1577,#852,.T.);
#2008=EDGE_CURVE('',#1578,#1575,#853,.T.);
#2009=EDGE_CURVE('',#1577,#1445,#1234,.T.);
#2010=EDGE_CURVE('',#1566,#1578,#1235,.T.);
#2011=EDGE_CURVE('',#1577,#1535,#854,.T.);
#2012=EDGE_CURVE('',#1572,#1447,#1236,.T.);
#2013=EDGE_CURVE('',#1450,#1579,#1237,.T.);
#2014=EDGE_CURVE('',#1450,#1580,#1238,.T.);
#2015=EDGE_CURVE('',#1580,#1581,#855,.T.);
#2016=EDGE_CURVE('',#1579,#1581,#1239,.T.);
#2017=EDGE_CURVE('',#1582,#1583,#1240,.T.);
#2018=EDGE_CURVE('',#1581,#1583,#856,.T.);
#2019=EDGE_CURVE('',#1580,#1582,#857,.T.);
#2020=EDGE_CURVE('',#1584,#1580,#858,.T.);
#2021=EDGE_CURVE('',#1585,#1584,#859,.T.);
#2022=EDGE_CURVE('',#1585,#1582,#860,.T.);
#2023=EDGE_CURVE('',#1584,#1449,#1241,.T.);
#2024=EDGE_CURVE('',#1586,#1585,#1242,.T.);
#2025=EDGE_CURVE('',#1584,#1587,#861,.T.);
#2026=EDGE_CURVE('',#1586,#1587,#862,.T.);
#2027=EDGE_CURVE('',#1588,#1449,#1243,.T.);
#2028=EDGE_CURVE('',#1587,#1588,#1244,.T.);
#2029=EDGE_CURVE('',#1579,#1451,#1245,.T.);
#2030=EDGE_CURVE('',#1448,#1588,#1246,.T.);
#2031=EDGE_CURVE('',#1452,#1589,#1247,.T.);
#2032=EDGE_CURVE('',#1452,#1590,#1248,.T.);
#2033=EDGE_CURVE('',#1590,#1591,#863,.T.);
#2034=EDGE_CURVE('',#1589,#1591,#1249,.T.);
#2035=EDGE_CURVE('',#1592,#1593,#1250,.T.);
#2036=EDGE_CURVE('',#1591,#1593,#864,.T.);
#2037=EDGE_CURVE('',#1590,#1592,#865,.T.);
#2038=EDGE_CURVE('',#1594,#1590,#866,.T.);
#2039=EDGE_CURVE('',#1595,#1594,#867,.T.);
#2040=EDGE_CURVE('',#1595,#1592,#868,.T.);
#2041=EDGE_CURVE('',#1594,#1451,#1251,.T.);
#2042=EDGE_CURVE('',#1583,#1595,#1252,.T.);
#2043=EDGE_CURVE('',#1594,#1581,#869,.T.);
#2044=EDGE_CURVE('',#1589,#1453,#1253,.T.);
#2045=EDGE_CURVE('',#1406,#1405,#1254,.T.);
#2046=EDGE_CURVE('',#1400,#1596,#1255,.T.);
#2047=EDGE_CURVE('',#1366,#1596,#870,.T.);
#2048=EDGE_CURVE('',#1597,#1399,#1256,.T.);
#2049=EDGE_CURVE('',#1597,#1402,#871,.T.);
#2050=EDGE_CURVE('',#1410,#1598,#1257,.T.);
#2051=EDGE_CURVE('',#1598,#1409,#872,.T.);
#2052=EDGE_CURVE('',#1409,#1396,#873,.T.);
#2053=EDGE_CURVE('',#1598,#1397,#874,.T.);
#2054=EDGE_CURVE('',#1599,#1598,#875,.T.);
#2055=EDGE_CURVE('',#1600,#1599,#876,.T.);
#2056=EDGE_CURVE('',#1600,#1456,#877,.T.);
#2057=EDGE_CURVE('',#1599,#1418,#1258,.T.);
#2058=EDGE_CURVE('',#1601,#1600,#1259,.T.);
#2059=EDGE_CURVE('',#1599,#1602,#878,.T.);
#2060=EDGE_CURVE('',#1601,#1602,#879,.T.);
#2061=EDGE_CURVE('',#1603,#1418,#1260,.T.);
#2062=EDGE_CURVE('',#1602,#1603,#1261,.T.);
#2063=EDGE_CURVE('',#1417,#1603,#1262,.T.);
#2064=EDGE_CURVE('',#1415,#1604,#1263,.T.);
#2065=EDGE_CURVE('',#1415,#1605,#1264,.T.);
#2066=EDGE_CURVE('',#1605,#1606,#880,.T.);
#2067=EDGE_CURVE('',#1604,#1606,#1265,.T.);
#2068=EDGE_CURVE('',#1607,#1608,#1266,.T.);
#2069=EDGE_CURVE('',#1606,#1608,#881,.T.);
#2070=EDGE_CURVE('',#1605,#1607,#882,.T.);
#2071=EDGE_CURVE('',#1609,#1605,#883,.T.);
#2072=EDGE_CURVE('',#1610,#1609,#884,.T.);
#2073=EDGE_CURVE('',#1610,#1607,#885,.T.);
#2074=EDGE_CURVE('',#1609,#1414,#1267,.T.);
#2075=EDGE_CURVE('',#1611,#1610,#1268,.T.);
#2076=EDGE_CURVE('',#1609,#1612,#886,.T.);
#2077=EDGE_CURVE('',#1611,#1612,#887,.T.);
#2078=EDGE_CURVE('',#1613,#1414,#1269,.T.);
#2079=EDGE_CURVE('',#1612,#1613,#1270,.T.);
#2080=EDGE_CURVE('',#1413,#1613,#1271,.T.);
#2081=EDGE_CURVE('',#1604,#1416,#1272,.T.);
#2082=EDGE_CURVE('',#1413,#1614,#1273,.T.);
#2083=EDGE_CURVE('',#1614,#1612,#888,.T.);
#2084=EDGE_CURVE('',#1615,#1611,#1274,.T.);
#2085=EDGE_CURVE('',#1614,#1615,#889,.T.);
#2086=EDGE_CURVE('',#1616,#1614,#890,.T.);
#2087=EDGE_CURVE('',#1617,#1616,#891,.T.);
#2088=EDGE_CURVE('',#1617,#1615,#892,.T.);
#2089=EDGE_CURVE('',#1616,#1412,#1275,.T.);
#2090=EDGE_CURVE('',#1618,#1617,#1276,.T.);
#2091=EDGE_CURVE('',#1616,#1619,#893,.T.);
#2092=EDGE_CURVE('',#1618,#1619,#894,.T.);
#2093=EDGE_CURVE('',#1620,#1412,#1277,.T.);
#2094=EDGE_CURVE('',#1619,#1620,#1278,.T.);
#2095=EDGE_CURVE('',#1411,#1620,#1279,.T.);
#2096=EDGE_CURVE('',#1403,#1621,#1280,.T.);
#2097=EDGE_CURVE('',#1621,#1402,#895,.T.);
#2098=EDGE_CURVE('',#1622,#1597,#1281,.T.);
#2099=EDGE_CURVE('',#1621,#1622,#896,.T.);
#2100=EDGE_CURVE('',#1623,#1621,#897,.T.);
#2101=EDGE_CURVE('',#1624,#1623,#898,.T.);
#2102=EDGE_CURVE('',#1624,#1622,#899,.T.);
#2103=EDGE_CURVE('',#1623,#1455,#1282,.T.);
#2104=EDGE_CURVE('',#1625,#1624,#1283,.T.);
#2105=EDGE_CURVE('',#1623,#1626,#900,.T.);
#2106=EDGE_CURVE('',#1625,#1626,#901,.T.);
#2107=EDGE_CURVE('',#1627,#1455,#1284,.T.);
#2108=EDGE_CURVE('',#1626,#1627,#1285,.T.);
#2109=EDGE_CURVE('',#1411,#1628,#1286,.T.);
#2110=EDGE_CURVE('',#1628,#1619,#902,.T.);
#2111=EDGE_CURVE('',#1629,#1618,#1287,.T.);
#2112=EDGE_CURVE('',#1628,#1629,#903,.T.);
#2113=EDGE_CURVE('',#1630,#1367,#904,.T.);
#2114=EDGE_CURVE('',#1630,#1629,#905,.T.);
#2115=EDGE_CURVE('',#1404,#1628,#906,.T.);
#2116=EDGE_CURVE('',#1404,#1407,#1288,.T.);
#2117=EDGE_CURVE('',#1596,#1630,#1289,.T.);
#2118=EDGE_CURVE('',#1454,#1627,#1290,.T.);
#2119=EDGE_CURVE('',#1454,#1631,#1291,.T.);
#2120=EDGE_CURVE('',#1631,#1626,#907,.T.);
#2121=EDGE_CURVE('',#1632,#1625,#1292,.T.);
#2122=EDGE_CURVE('',#1631,#1632,#908,.T.);
#2123=EDGE_CURVE('',#1633,#1631,#909,.T.);
#2124=EDGE_CURVE('',#1634,#1633,#910,.T.);
#2125=EDGE_CURVE('',#1634,#1632,#911,.T.);
#2126=EDGE_CURVE('',#1633,#1453,#1293,.T.);
#2127=EDGE_CURVE('',#1593,#1634,#1294,.T.);
#2128=EDGE_CURVE('',#1633,#1591,#912,.T.);
#2129=EDGE_CURVE('',#1417,#1635,#1295,.T.);
#2130=EDGE_CURVE('',#1635,#1602,#913,.T.);
#2131=EDGE_CURVE('',#1636,#1601,#1296,.T.);
#2132=EDGE_CURVE('',#1635,#1636,#914,.T.);
#2133=EDGE_CURVE('',#1637,#1635,#915,.T.);
#2134=EDGE_CURVE('',#1638,#1637,#916,.T.);
#2135=EDGE_CURVE('',#1638,#1636,#917,.T.);
#2136=EDGE_CURVE('',#1637,#1416,#1297,.T.);
#2137=EDGE_CURVE('',#1608,#1638,#1298,.T.);
#2138=EDGE_CURVE('',#1637,#1606,#918,.T.);
#2139=EDGE_CURVE('',#1438,#1639,#1299,.T.);
#2140=EDGE_CURVE('',#1438,#1552,#1300,.T.);
#2141=EDGE_CURVE('',#1639,#1555,#1301,.T.);
#2142=EDGE_CURVE('',#1550,#1437,#1302,.T.);
#2143=EDGE_CURVE('',#1640,#1437,#1303,.T.);
#2144=EDGE_CURVE('',#1548,#1640,#1304,.T.);
#2145=EDGE_CURVE('',#1436,#1640,#1305,.T.);
#2146=EDGE_CURVE('',#1639,#1439,#1306,.T.);
#2147=EDGE_CURVE('',#1424,#1641,#1307,.T.);
#2148=EDGE_CURVE('',#1424,#1642,#1308,.T.);
#2149=EDGE_CURVE('',#1642,#1643,#919,.T.);
#2150=EDGE_CURVE('',#1641,#1643,#1309,.T.);
#2151=EDGE_CURVE('',#1644,#1645,#1310,.T.);
#2152=EDGE_CURVE('',#1643,#1645,#920,.T.);
#2153=EDGE_CURVE('',#1642,#1644,#921,.T.);
#2154=EDGE_CURVE('',#1646,#1642,#922,.T.);
#2155=EDGE_CURVE('',#1647,#1646,#923,.T.);
#2156=EDGE_CURVE('',#1647,#1644,#924,.T.);
#2157=EDGE_CURVE('',#1646,#1423,#1311,.T.);
#2158=EDGE_CURVE('',#1648,#1647,#1312,.T.);
#2159=EDGE_CURVE('',#1646,#1461,#925,.T.);
#2160=EDGE_CURVE('',#1648,#1461,#926,.T.);
#2161=EDGE_CURVE('',#1641,#1425,#1313,.T.);
#2162=EDGE_CURVE('',#1426,#1649,#1314,.T.);
#2163=EDGE_CURVE('',#1426,#1650,#1315,.T.);
#2164=EDGE_CURVE('',#1650,#1651,#927,.T.);
#2165=EDGE_CURVE('',#1649,#1651,#1316,.T.);
#2166=EDGE_CURVE('',#1652,#1653,#1317,.T.);
#2167=EDGE_CURVE('',#1651,#1653,#928,.T.);
#2168=EDGE_CURVE('',#1650,#1652,#929,.T.);
#2169=EDGE_CURVE('',#1654,#1650,#930,.T.);
#2170=EDGE_CURVE('',#1655,#1654,#931,.T.);
#2171=EDGE_CURVE('',#1655,#1652,#932,.T.);
#2172=EDGE_CURVE('',#1654,#1425,#1318,.T.);
#2173=EDGE_CURVE('',#1645,#1655,#1319,.T.);
#2174=EDGE_CURVE('',#1654,#1643,#933,.T.);
#2175=EDGE_CURVE('',#1649,#1427,#1320,.T.);
#2176=EDGE_CURVE('',#1436,#1546,#1321,.T.);
#2177=EDGE_CURVE('',#1544,#1435,#1322,.T.);
#2178=EDGE_CURVE('',#1656,#1435,#1323,.T.);
#2179=EDGE_CURVE('',#1539,#1656,#1324,.T.);
#2180=EDGE_CURVE('',#1434,#1656,#1325,.T.);
#2181=EDGE_CURVE('',#1434,#1540,#1326,.T.);
#2182=EDGE_CURVE('',#1657,#1540,#934,.T.);
#2183=EDGE_CURVE('',#1658,#1657,#935,.T.);
#2184=EDGE_CURVE('',#1658,#1541,#936,.T.);
#2185=EDGE_CURVE('',#1657,#1433,#1327,.T.);
#2186=EDGE_CURVE('',#1659,#1658,#1328,.T.);
#2187=EDGE_CURVE('',#1657,#1660,#937,.T.);
#2188=EDGE_CURVE('',#1659,#1660,#938,.T.);
#2189=EDGE_CURVE('',#1661,#1433,#1329,.T.);
#2190=EDGE_CURVE('',#1660,#1661,#1330,.T.);
#2191=EDGE_CURVE('',#1432,#1661,#1331,.T.);
#2192=EDGE_CURVE('',#1430,#1662,#1332,.T.);
#2193=EDGE_CURVE('',#1430,#1663,#1333,.T.);
#2194=EDGE_CURVE('',#1663,#1664,#939,.T.);
#2195=EDGE_CURVE('',#1662,#1664,#1334,.T.);
#2196=EDGE_CURVE('',#1665,#1666,#1335,.T.);
#2197=EDGE_CURVE('',#1664,#1666,#940,.T.);
#2198=EDGE_CURVE('',#1663,#1665,#941,.T.);
#2199=EDGE_CURVE('',#1667,#1663,#942,.T.);
#2200=EDGE_CURVE('',#1668,#1667,#943,.T.);
#2201=EDGE_CURVE('',#1668,#1665,#944,.T.);
#2202=EDGE_CURVE('',#1667,#1429,#1336,.T.);
#2203=EDGE_CURVE('',#1669,#1668,#1337,.T.);
#2204=EDGE_CURVE('',#1667,#1670,#945,.T.);
#2205=EDGE_CURVE('',#1669,#1670,#946,.T.);
#2206=EDGE_CURVE('',#1671,#1429,#1338,.T.);
#2207=EDGE_CURVE('',#1670,#1671,#1339,.T.);
#2208=EDGE_CURVE('',#1662,#1431,#1340,.T.);
#2209=EDGE_CURVE('',#1428,#1671,#1341,.T.);
#2210=EDGE_CURVE('',#1432,#1672,#1342,.T.);
#2211=EDGE_CURVE('',#1672,#1660,#947,.T.);
#2212=EDGE_CURVE('',#1673,#1659,#1343,.T.);
#2213=EDGE_CURVE('',#1672,#1673,#948,.T.);
#2214=EDGE_CURVE('',#1674,#1672,#949,.T.);
#2215=EDGE_CURVE('',#1675,#1674,#950,.T.);
#2216=EDGE_CURVE('',#1675,#1673,#951,.T.);
#2217=EDGE_CURVE('',#1674,#1431,#1344,.T.);
#2218=EDGE_CURVE('',#1666,#1675,#1345,.T.);
#2219=EDGE_CURVE('',#1674,#1664,#952,.T.);
#2220=EDGE_CURVE('',#1428,#1676,#1346,.T.);
#2221=EDGE_CURVE('',#1676,#1670,#953,.T.);
#2222=EDGE_CURVE('',#1677,#1669,#1347,.T.);
#2223=EDGE_CURVE('',#1676,#1677,#954,.T.);
#2224=EDGE_CURVE('',#1678,#1676,#955,.T.);
#2225=EDGE_CURVE('',#1679,#1678,#956,.T.);
#2226=EDGE_CURVE('',#1679,#1677,#957,.T.);
#2227=EDGE_CURVE('',#1678,#1427,#1348,.T.);
#2228=EDGE_CURVE('',#1653,#1679,#1349,.T.);
#2229=EDGE_CURVE('',#1678,#1651,#958,.T.);
#2230=EDGE_CURVE('',#1680,#1648,#1350,.T.);
#2231=EDGE_CURVE('',#1460,#1680,#959,.T.);
#2232=EDGE_CURVE('',#1459,#1680,#960,.T.);
#2233=EDGE_CURVE('',#1448,#1681,#1351,.T.);
#2234=EDGE_CURVE('',#1681,#1587,#961,.T.);
#2235=EDGE_CURVE('',#1682,#1586,#1352,.T.);
#2236=EDGE_CURVE('',#1681,#1682,#962,.T.);
#2237=EDGE_CURVE('',#1683,#1681,#963,.T.);
#2238=EDGE_CURVE('',#1684,#1683,#964,.T.);
#2239=EDGE_CURVE('',#1684,#1682,#965,.T.);
#2240=EDGE_CURVE('',#1683,#1447,#1353,.T.);
#2241=EDGE_CURVE('',#1576,#1684,#1354,.T.);
#2242=EDGE_CURVE('',#1683,#1574,#966,.T.);
#2243=EDGE_CURVE('',#1440,#1571,#1355,.T.);
#2244=EDGE_CURVE('',#1440,#1558,#1356,.T.);
#2245=EDGE_CURVE('',#1557,#1439,#1357,.T.);
#2246=EDGE_CURVE('',#1685,#1686,#1006,.T.);
#2247=EDGE_CURVE('',#1686,#1687,#1007,.T.);
#2248=EDGE_CURVE('',#1687,#1688,#1008,.T.);
#2249=EDGE_CURVE('',#1688,#1685,#1009,.T.);
#2250=EDGE_CURVE('',#1467,#1689,#1010,.T.);
#2251=EDGE_CURVE('',#1690,#1689,#1011,.T.);
#2252=EDGE_CURVE('',#1468,#1690,#1012,.T.);
#2253=EDGE_CURVE('',#1688,#1691,#1013,.T.);
#2254=EDGE_CURVE('',#1692,#1691,#1014,.T.);
#2255=EDGE_CURVE('',#1685,#1692,#1015,.T.);
#2256=EDGE_CURVE('',#1691,#1690,#1016,.T.);
#2257=EDGE_CURVE('',#1689,#1692,#1017,.T.);
#2258=EDGE_CURVE('',#1478,#1477,#1018,.T.);
#2259=EDGE_CURVE('',#1693,#1533,#1019,.T.);
#2260=EDGE_CURVE('',#1694,#1693,#1020,.T.);
#2261=EDGE_CURVE('',#1695,#1694,#1021,.T.);
#2262=EDGE_CURVE('',#1696,#1695,#1022,.T.);
#2263=EDGE_CURVE('',#1697,#1696,#1023,.T.);
#2264=EDGE_CURVE('',#1477,#1697,#1024,.T.);
#2265=EDGE_CURVE('',#1698,#1699,#1025,.T.);
#2266=EDGE_CURVE('',#1700,#1698,#1026,.T.);
#2267=EDGE_CURVE('',#1701,#1700,#1027,.T.);
#2268=EDGE_CURVE('',#1699,#1701,#967,.T.);
#2269=EDGE_CURVE('',#1702,#1478,#1028,.T.);
#2270=EDGE_CURVE('',#1534,#1702,#1029,.T.);
#2271=EDGE_CURVE('',#1693,#1471,#1030,.T.);
#2272=EDGE_CURVE('',#1694,#1470,#1031,.T.);
#2273=EDGE_CURVE('',#1695,#1469,#1032,.T.);
#2274=EDGE_CURVE('',#1696,#1468,#1033,.T.);
#2275=EDGE_CURVE('',#1697,#1687,#1034,.T.);
#2276=EDGE_CURVE('',#1477,#1686,#1035,.T.);
#2277=EDGE_CURVE('',#1478,#1466,#1036,.T.);
#2278=EDGE_CURVE('',#1702,#1476,#1037,.T.);
#2279=EDGE_CURVE('',#1422,#1700,#1038,.T.);
#2280=EDGE_CURVE('',#1421,#1701,#1039,.T.);
#2281=EDGE_CURVE('',#1419,#1698,#1040,.T.);
#2282=EDGE_CURVE('',#1420,#1699,#1041,.T.);
#2283=ORIENTED_EDGE('',*,*,#1703,.F.);
#2284=ORIENTED_EDGE('',*,*,#1704,.T.);
#2285=ORIENTED_EDGE('',*,*,#1705,.F.);
#2286=ORIENTED_EDGE('',*,*,#1706,.F.);
#2287=ORIENTED_EDGE('',*,*,#1707,.F.);
#2288=ORIENTED_EDGE('',*,*,#1708,.F.);
#2289=ORIENTED_EDGE('',*,*,#1709,.F.);
#2290=ORIENTED_EDGE('',*,*,#1710,.F.);
#2291=ORIENTED_EDGE('',*,*,#1711,.F.);
#2292=ORIENTED_EDGE('',*,*,#1712,.F.);
#2293=ORIENTED_EDGE('',*,*,#1713,.F.);
#2294=ORIENTED_EDGE('',*,*,#1714,.T.);
#2295=ORIENTED_EDGE('',*,*,#1715,.F.);
#2296=ORIENTED_EDGE('',*,*,#1704,.F.);
#2297=ORIENTED_EDGE('',*,*,#1716,.F.);
#2298=ORIENTED_EDGE('',*,*,#1717,.F.);
#2299=ORIENTED_EDGE('',*,*,#1718,.F.);
#2300=ORIENTED_EDGE('',*,*,#1719,.F.);
#2301=ORIENTED_EDGE('',*,*,#1720,.F.);
#2302=ORIENTED_EDGE('',*,*,#1721,.F.);
#2303=ORIENTED_EDGE('',*,*,#1722,.T.);
#2304=ORIENTED_EDGE('',*,*,#1714,.F.);
#2305=ORIENTED_EDGE('',*,*,#1723,.F.);
#2306=ORIENTED_EDGE('',*,*,#1724,.F.);
#2307=ORIENTED_EDGE('',*,*,#1725,.T.);
#2308=ORIENTED_EDGE('',*,*,#1726,.F.);
#2309=ORIENTED_EDGE('',*,*,#1727,.F.);
#2310=ORIENTED_EDGE('',*,*,#1725,.F.);
#2311=ORIENTED_EDGE('',*,*,#1728,.F.);
#2312=ORIENTED_EDGE('',*,*,#1729,.F.);
#2313=ORIENTED_EDGE('',*,*,#1730,.F.);
#2314=ORIENTED_EDGE('',*,*,#1731,.F.);
#2315=ORIENTED_EDGE('',*,*,#1732,.F.);
#2316=ORIENTED_EDGE('',*,*,#1733,.T.);
#2317=ORIENTED_EDGE('',*,*,#1734,.F.);
#2318=ORIENTED_EDGE('',*,*,#1733,.F.);
#2319=ORIENTED_EDGE('',*,*,#1735,.F.);
#2320=ORIENTED_EDGE('',*,*,#1736,.F.);
#2321=ORIENTED_EDGE('',*,*,#1737,.F.);
#2322=ORIENTED_EDGE('',*,*,#1738,.F.);
#2323=ORIENTED_EDGE('',*,*,#1739,.F.);
#2324=ORIENTED_EDGE('',*,*,#1740,.F.);
#2325=ORIENTED_EDGE('',*,*,#1741,.F.);
#2326=ORIENTED_EDGE('',*,*,#1742,.F.);
#2327=ORIENTED_EDGE('',*,*,#1743,.F.);
#2328=ORIENTED_EDGE('',*,*,#1744,.F.);
#2329=ORIENTED_EDGE('',*,*,#1745,.F.);
#2330=ORIENTED_EDGE('',*,*,#1746,.F.);
#2331=ORIENTED_EDGE('',*,*,#1747,.F.);
#2332=ORIENTED_EDGE('',*,*,#1729,.T.);
#2333=ORIENTED_EDGE('',*,*,#1710,.T.);
#2334=ORIENTED_EDGE('',*,*,#1748,.F.);
#2335=ORIENTED_EDGE('',*,*,#1749,.F.);
#2336=ORIENTED_EDGE('',*,*,#1750,.T.);
#2337=ORIENTED_EDGE('',*,*,#1751,.F.);
#2338=ORIENTED_EDGE('',*,*,#1709,.T.);
#2339=ORIENTED_EDGE('',*,*,#1752,.F.);
#2340=ORIENTED_EDGE('',*,*,#1748,.T.);
#2341=ORIENTED_EDGE('',*,*,#1708,.T.);
#2342=ORIENTED_EDGE('',*,*,#1753,.F.);
#2343=ORIENTED_EDGE('',*,*,#1754,.F.);
#2344=ORIENTED_EDGE('',*,*,#1755,.F.);
#2345=ORIENTED_EDGE('',*,*,#1752,.T.);
#2346=ORIENTED_EDGE('',*,*,#1707,.T.);
#2347=ORIENTED_EDGE('',*,*,#1756,.F.);
#2348=ORIENTED_EDGE('',*,*,#1757,.T.);
#2349=ORIENTED_EDGE('',*,*,#1753,.T.);
#2350=ORIENTED_EDGE('',*,*,#1717,.T.);
#2351=ORIENTED_EDGE('',*,*,#1758,.T.);
#2352=ORIENTED_EDGE('',*,*,#1759,.T.);
#2353=ORIENTED_EDGE('',*,*,#1760,.T.);
#2354=ORIENTED_EDGE('',*,*,#1718,.T.);
#2355=ORIENTED_EDGE('',*,*,#1760,.F.);
#2356=ORIENTED_EDGE('',*,*,#1761,.F.);
#2357=ORIENTED_EDGE('',*,*,#1720,.T.);
#2358=ORIENTED_EDGE('',*,*,#1762,.T.);
#2359=ORIENTED_EDGE('',*,*,#1763,.T.);
#2360=ORIENTED_EDGE('',*,*,#1764,.F.);
#2361=ORIENTED_EDGE('',*,*,#1744,.T.);
#2362=ORIENTED_EDGE('',*,*,#1765,.F.);
#2363=ORIENTED_EDGE('',*,*,#1766,.T.);
#2364=ORIENTED_EDGE('',*,*,#1767,.F.);
#2365=ORIENTED_EDGE('',*,*,#1743,.T.);
#2366=ORIENTED_EDGE('',*,*,#1768,.F.);
#2367=ORIENTED_EDGE('',*,*,#1769,.T.);
#2368=ORIENTED_EDGE('',*,*,#1765,.T.);
#2369=ORIENTED_EDGE('',*,*,#1721,.T.);
#2370=ORIENTED_EDGE('',*,*,#1764,.T.);
#2371=ORIENTED_EDGE('',*,*,#1770,.T.);
#2372=ORIENTED_EDGE('',*,*,#1771,.T.);
#2373=ORIENTED_EDGE('',*,*,#1772,.T.);
#2374=ORIENTED_EDGE('',*,*,#1773,.T.);
#2375=ORIENTED_EDGE('',*,*,#1774,.T.);
#2376=ORIENTED_EDGE('',*,*,#1775,.T.);
#2377=ORIENTED_EDGE('',*,*,#1776,.T.);
#2378=ORIENTED_EDGE('',*,*,#1777,.T.);
#2379=ORIENTED_EDGE('',*,*,#1778,.T.);
#2380=ORIENTED_EDGE('',*,*,#1768,.T.);
#2381=ORIENTED_EDGE('',*,*,#1742,.T.);
#2382=ORIENTED_EDGE('',*,*,#1779,.T.);
#2383=ORIENTED_EDGE('',*,*,#1780,.T.);
#2384=ORIENTED_EDGE('',*,*,#1781,.T.);
#2385=ORIENTED_EDGE('',*,*,#1782,.T.);
#2386=ORIENTED_EDGE('',*,*,#1783,.T.);
#2387=ORIENTED_EDGE('',*,*,#1706,.T.);
#2388=ORIENTED_EDGE('',*,*,#1784,.T.);
#2389=ORIENTED_EDGE('',*,*,#1740,.T.);
#2390=ORIENTED_EDGE('',*,*,#1785,.T.);
#2391=ORIENTED_EDGE('',*,*,#1786,.T.);
#2392=ORIENTED_EDGE('',*,*,#1787,.T.);
#2393=ORIENTED_EDGE('',*,*,#1788,.T.);
#2394=ORIENTED_EDGE('',*,*,#1789,.T.);
#2395=ORIENTED_EDGE('',*,*,#1790,.T.);
#2396=ORIENTED_EDGE('',*,*,#1791,.T.);
#2397=ORIENTED_EDGE('',*,*,#1792,.T.);
#2398=ORIENTED_EDGE('',*,*,#1793,.T.);
#2399=ORIENTED_EDGE('',*,*,#1794,.T.);
#2400=ORIENTED_EDGE('',*,*,#1795,.T.);
#2401=ORIENTED_EDGE('',*,*,#1796,.T.);
#2402=ORIENTED_EDGE('',*,*,#1797,.T.);
#2403=ORIENTED_EDGE('',*,*,#1798,.T.);
#2404=ORIENTED_EDGE('',*,*,#1799,.T.);
#2405=ORIENTED_EDGE('',*,*,#1800,.T.);
#2406=ORIENTED_EDGE('',*,*,#1801,.T.);
#2407=ORIENTED_EDGE('',*,*,#1802,.T.);
#2408=ORIENTED_EDGE('',*,*,#1803,.T.);
#2409=ORIENTED_EDGE('',*,*,#1804,.T.);
#2410=ORIENTED_EDGE('',*,*,#1805,.T.);
#2411=ORIENTED_EDGE('',*,*,#1806,.T.);
#2412=ORIENTED_EDGE('',*,*,#1807,.T.);
#2413=ORIENTED_EDGE('',*,*,#1808,.T.);
#2414=ORIENTED_EDGE('',*,*,#1809,.T.);
#2415=ORIENTED_EDGE('',*,*,#1810,.T.);
#2416=ORIENTED_EDGE('',*,*,#1811,.T.);
#2417=ORIENTED_EDGE('',*,*,#1812,.T.);
#2418=ORIENTED_EDGE('',*,*,#1813,.T.);
#2419=ORIENTED_EDGE('',*,*,#1814,.T.);
#2420=ORIENTED_EDGE('',*,*,#1815,.T.);
#2421=ORIENTED_EDGE('',*,*,#1816,.T.);
#2422=ORIENTED_EDGE('',*,*,#1817,.T.);
#2423=ORIENTED_EDGE('',*,*,#1818,.T.);
#2424=ORIENTED_EDGE('',*,*,#1756,.T.);
#2425=ORIENTED_EDGE('',*,*,#1731,.T.);
#2426=ORIENTED_EDGE('',*,*,#1819,.T.);
#2427=ORIENTED_EDGE('',*,*,#1820,.T.);
#2428=ORIENTED_EDGE('',*,*,#1821,.F.);
#2429=ORIENTED_EDGE('',*,*,#1739,.T.);
#2430=ORIENTED_EDGE('',*,*,#1822,.T.);
#2431=ORIENTED_EDGE('',*,*,#1823,.T.);
#2432=ORIENTED_EDGE('',*,*,#1785,.F.);
#2433=ORIENTED_EDGE('',*,*,#1732,.T.);
#2434=ORIENTED_EDGE('',*,*,#1821,.T.);
#2435=ORIENTED_EDGE('',*,*,#1824,.T.);
#2436=ORIENTED_EDGE('',*,*,#1825,.T.);
#2437=ORIENTED_EDGE('',*,*,#1735,.T.);
#2438=ORIENTED_EDGE('',*,*,#1738,.T.);
#2439=ORIENTED_EDGE('',*,*,#1826,.T.);
#2440=ORIENTED_EDGE('',*,*,#1827,.T.);
#2441=ORIENTED_EDGE('',*,*,#1828,.T.);
#2442=ORIENTED_EDGE('',*,*,#1822,.F.);
#2443=ORIENTED_EDGE('',*,*,#1737,.T.);
#2444=ORIENTED_EDGE('',*,*,#1829,.T.);
#2445=ORIENTED_EDGE('',*,*,#1826,.F.);
#2446=ORIENTED_EDGE('',*,*,#1830,.F.);
#2447=ORIENTED_EDGE('',*,*,#1831,.T.);
#2448=ORIENTED_EDGE('',*,*,#1832,.F.);
#2449=ORIENTED_EDGE('',*,*,#1831,.F.);
#2450=ORIENTED_EDGE('',*,*,#1833,.F.);
#2451=ORIENTED_EDGE('',*,*,#1834,.T.);
#2452=ORIENTED_EDGE('',*,*,#1835,.F.);
#2453=ORIENTED_EDGE('',*,*,#1834,.F.);
#2454=ORIENTED_EDGE('',*,*,#1833,.T.);
#2455=ORIENTED_EDGE('',*,*,#1830,.T.);
#2456=ORIENTED_EDGE('',*,*,#1836,.T.);
#2457=ORIENTED_EDGE('',*,*,#1837,.T.);
#2458=ORIENTED_EDGE('',*,*,#1838,.T.);
#2459=ORIENTED_EDGE('',*,*,#1839,.T.);
#2460=ORIENTED_EDGE('',*,*,#1840,.T.);
#2461=ORIENTED_EDGE('',*,*,#1841,.T.);
#2462=ORIENTED_EDGE('',*,*,#1842,.T.);
#2463=ORIENTED_EDGE('',*,*,#1843,.T.);
#2464=ORIENTED_EDGE('',*,*,#1844,.T.);
#2465=ORIENTED_EDGE('',*,*,#1845,.T.);
#2466=ORIENTED_EDGE('',*,*,#1846,.T.);
#2467=ORIENTED_EDGE('',*,*,#1835,.T.);
#2468=ORIENTED_EDGE('',*,*,#1847,.F.);
#2469=ORIENTED_EDGE('',*,*,#1848,.T.);
#2470=ORIENTED_EDGE('',*,*,#1849,.F.);
#2471=ORIENTED_EDGE('',*,*,#1850,.F.);
#2472=ORIENTED_EDGE('',*,*,#1851,.F.);
#2473=ORIENTED_EDGE('',*,*,#1852,.F.);
#2474=ORIENTED_EDGE('',*,*,#1853,.F.);
#2475=ORIENTED_EDGE('',*,*,#1854,.F.);
#2476=ORIENTED_EDGE('',*,*,#1855,.F.);
#2477=ORIENTED_EDGE('',*,*,#1856,.F.);
#2478=ORIENTED_EDGE('',*,*,#1857,.F.);
#2479=ORIENTED_EDGE('',*,*,#1858,.F.);
#2480=ORIENTED_EDGE('',*,*,#1859,.F.);
#2481=ORIENTED_EDGE('',*,*,#1860,.F.);
#2482=ORIENTED_EDGE('',*,*,#1861,.F.);
#2483=ORIENTED_EDGE('',*,*,#1862,.F.);
#2484=ORIENTED_EDGE('',*,*,#1863,.F.);
#2485=ORIENTED_EDGE('',*,*,#1864,.F.);
#2486=ORIENTED_EDGE('',*,*,#1865,.F.);
#2487=ORIENTED_EDGE('',*,*,#1866,.F.);
#2488=ORIENTED_EDGE('',*,*,#1867,.F.);
#2489=ORIENTED_EDGE('',*,*,#1868,.F.);
#2490=ORIENTED_EDGE('',*,*,#1869,.F.);
#2491=ORIENTED_EDGE('',*,*,#1870,.T.);
#2492=ORIENTED_EDGE('',*,*,#1871,.F.);
#2493=ORIENTED_EDGE('',*,*,#1872,.F.);
#2494=ORIENTED_EDGE('',*,*,#1873,.F.);
#2495=ORIENTED_EDGE('',*,*,#1874,.F.);
#2496=ORIENTED_EDGE('',*,*,#1875,.F.);
#2497=ORIENTED_EDGE('',*,*,#1876,.F.);
#2498=ORIENTED_EDGE('',*,*,#1877,.F.);
#2499=ORIENTED_EDGE('',*,*,#1878,.T.);
#2500=ORIENTED_EDGE('',*,*,#1879,.F.);
#2501=ORIENTED_EDGE('',*,*,#1880,.F.);
#2502=ORIENTED_EDGE('',*,*,#1881,.F.);
#2503=ORIENTED_EDGE('',*,*,#1882,.F.);
#2504=ORIENTED_EDGE('',*,*,#1883,.F.);
#2505=ORIENTED_EDGE('',*,*,#1866,.T.);
#2506=ORIENTED_EDGE('',*,*,#1884,.F.);
#2507=ORIENTED_EDGE('',*,*,#1885,.F.);
#2508=ORIENTED_EDGE('',*,*,#1886,.F.);
#2509=ORIENTED_EDGE('',*,*,#1887,.F.);
#2510=ORIENTED_EDGE('',*,*,#1888,.F.);
#2511=ORIENTED_EDGE('',*,*,#1889,.F.);
#2512=ORIENTED_EDGE('',*,*,#1890,.F.);
#2513=ORIENTED_EDGE('',*,*,#1891,.F.);
#2514=ORIENTED_EDGE('',*,*,#1892,.F.);
#2515=ORIENTED_EDGE('',*,*,#1893,.F.);
#2516=ORIENTED_EDGE('',*,*,#1894,.F.);
#2517=ORIENTED_EDGE('',*,*,#1895,.F.);
#2518=ORIENTED_EDGE('',*,*,#1896,.F.);
#2519=ORIENTED_EDGE('',*,*,#1897,.F.);
#2520=ORIENTED_EDGE('',*,*,#1898,.F.);
#2521=ORIENTED_EDGE('',*,*,#1899,.F.);
#2522=ORIENTED_EDGE('',*,*,#1900,.F.);
#2523=ORIENTED_EDGE('',*,*,#1848,.F.);
#2524=ORIENTED_EDGE('',*,*,#1901,.F.);
#2525=ORIENTED_EDGE('',*,*,#1902,.F.);
#2526=ORIENTED_EDGE('',*,*,#1903,.F.);
#2527=ORIENTED_EDGE('',*,*,#1870,.F.);
#2528=ORIENTED_EDGE('',*,*,#1904,.F.);
#2529=ORIENTED_EDGE('',*,*,#1868,.T.);
#2530=ORIENTED_EDGE('',*,*,#1905,.F.);
#2531=ORIENTED_EDGE('',*,*,#1906,.F.);
#2532=ORIENTED_EDGE('',*,*,#1907,.F.);
#2533=ORIENTED_EDGE('',*,*,#1878,.F.);
#2534=ORIENTED_EDGE('',*,*,#1908,.F.);
#2535=ORIENTED_EDGE('',*,*,#1876,.T.);
#2536=ORIENTED_EDGE('',*,*,#1883,.T.);
#2537=ORIENTED_EDGE('',*,*,#1909,.T.);
#2538=ORIENTED_EDGE('',*,*,#1715,.T.);
#2539=ORIENTED_EDGE('',*,*,#1910,.T.);
#2540=ORIENTED_EDGE('',*,*,#1842,.F.);
#2541=ORIENTED_EDGE('',*,*,#1911,.F.);
#2542=ORIENTED_EDGE('',*,*,#1912,.T.);
#2543=ORIENTED_EDGE('',*,*,#1847,.T.);
#2544=ORIENTED_EDGE('',*,*,#1913,.T.);
#2545=ORIENTED_EDGE('',*,*,#1914,.T.);
#2546=ORIENTED_EDGE('',*,*,#1844,.F.);
#2547=ORIENTED_EDGE('',*,*,#1915,.F.);
#2548=ORIENTED_EDGE('',*,*,#1728,.T.);
#2549=ORIENTED_EDGE('',*,*,#1734,.T.);
#2550=ORIENTED_EDGE('',*,*,#1784,.F.);
#2551=ORIENTED_EDGE('',*,*,#1705,.T.);
#2552=ORIENTED_EDGE('',*,*,#1850,.T.);
#2553=ORIENTED_EDGE('',*,*,#1916,.F.);
#2554=ORIENTED_EDGE('',*,*,#1917,.F.);
#2555=ORIENTED_EDGE('',*,*,#1918,.T.);
#2556=ORIENTED_EDGE('',*,*,#1851,.T.);
#2557=ORIENTED_EDGE('',*,*,#1918,.F.);
#2558=ORIENTED_EDGE('',*,*,#1919,.F.);
#2559=ORIENTED_EDGE('',*,*,#1920,.F.);
#2560=ORIENTED_EDGE('',*,*,#1852,.T.);
#2561=ORIENTED_EDGE('',*,*,#1920,.T.);
#2562=ORIENTED_EDGE('',*,*,#1921,.T.);
#2563=ORIENTED_EDGE('',*,*,#1922,.F.);
#2564=ORIENTED_EDGE('',*,*,#1884,.T.);
#2565=ORIENTED_EDGE('',*,*,#1865,.T.);
#2566=ORIENTED_EDGE('',*,*,#1923,.T.);
#2567=ORIENTED_EDGE('',*,*,#1924,.F.);
#2568=ORIENTED_EDGE('',*,*,#1925,.T.);
#2569=ORIENTED_EDGE('',*,*,#1926,.T.);
#2570=ORIENTED_EDGE('',*,*,#1927,.T.);
#2571=ORIENTED_EDGE('',*,*,#1853,.T.);
#2572=ORIENTED_EDGE('',*,*,#1922,.T.);
#2573=ORIENTED_EDGE('',*,*,#1928,.F.);
#2574=ORIENTED_EDGE('',*,*,#1929,.T.);
#2575=ORIENTED_EDGE('',*,*,#1864,.T.);
#2576=ORIENTED_EDGE('',*,*,#1930,.T.);
#2577=ORIENTED_EDGE('',*,*,#1931,.T.);
#2578=ORIENTED_EDGE('',*,*,#1923,.F.);
#2579=ORIENTED_EDGE('',*,*,#1885,.T.);
#2580=ORIENTED_EDGE('',*,*,#1927,.F.);
#2581=ORIENTED_EDGE('',*,*,#1932,.T.);
#2582=ORIENTED_EDGE('',*,*,#1933,.T.);
#2583=ORIENTED_EDGE('',*,*,#1863,.T.);
#2584=ORIENTED_EDGE('',*,*,#1934,.F.);
#2585=ORIENTED_EDGE('',*,*,#1935,.F.);
#2586=ORIENTED_EDGE('',*,*,#1930,.F.);
#2587=ORIENTED_EDGE('',*,*,#1886,.T.);
#2588=ORIENTED_EDGE('',*,*,#1933,.F.);
#2589=ORIENTED_EDGE('',*,*,#1936,.T.);
#2590=ORIENTED_EDGE('',*,*,#1937,.F.);
#2591=ORIENTED_EDGE('',*,*,#1862,.T.);
#2592=ORIENTED_EDGE('',*,*,#1938,.T.);
#2593=ORIENTED_EDGE('',*,*,#1939,.F.);
#2594=ORIENTED_EDGE('',*,*,#1934,.T.);
#2595=ORIENTED_EDGE('',*,*,#1887,.T.);
#2596=ORIENTED_EDGE('',*,*,#1937,.T.);
#2597=ORIENTED_EDGE('',*,*,#1940,.T.);
#2598=ORIENTED_EDGE('',*,*,#1941,.T.);
#2599=ORIENTED_EDGE('',*,*,#1861,.T.);
#2600=ORIENTED_EDGE('',*,*,#1942,.T.);
#2601=ORIENTED_EDGE('',*,*,#1943,.T.);
#2602=ORIENTED_EDGE('',*,*,#1938,.F.);
#2603=ORIENTED_EDGE('',*,*,#1888,.T.);
#2604=ORIENTED_EDGE('',*,*,#1941,.F.);
#2605=ORIENTED_EDGE('',*,*,#1944,.T.);
#2606=ORIENTED_EDGE('',*,*,#1945,.T.);
#2607=ORIENTED_EDGE('',*,*,#1860,.T.);
#2608=ORIENTED_EDGE('',*,*,#1946,.F.);
#2609=ORIENTED_EDGE('',*,*,#1947,.F.);
#2610=ORIENTED_EDGE('',*,*,#1942,.F.);
#2611=ORIENTED_EDGE('',*,*,#1889,.T.);
#2612=ORIENTED_EDGE('',*,*,#1945,.F.);
#2613=ORIENTED_EDGE('',*,*,#1948,.T.);
#2614=ORIENTED_EDGE('',*,*,#1949,.F.);
#2615=ORIENTED_EDGE('',*,*,#1874,.T.);
#2616=ORIENTED_EDGE('',*,*,#1950,.F.);
#2617=ORIENTED_EDGE('',*,*,#1867,.T.);
#2618=ORIENTED_EDGE('',*,*,#1949,.T.);
#2619=ORIENTED_EDGE('',*,*,#1951,.T.);
#2620=ORIENTED_EDGE('',*,*,#1952,.F.);
#2621=ORIENTED_EDGE('',*,*,#1901,.T.);
#2622=ORIENTED_EDGE('',*,*,#1859,.T.);
#2623=ORIENTED_EDGE('',*,*,#1953,.F.);
#2624=ORIENTED_EDGE('',*,*,#1954,.F.);
#2625=ORIENTED_EDGE('',*,*,#1946,.T.);
#2626=ORIENTED_EDGE('',*,*,#1890,.T.);
#2627=ORIENTED_EDGE('',*,*,#1950,.T.);
#2628=ORIENTED_EDGE('',*,*,#1873,.T.);
#2629=ORIENTED_EDGE('',*,*,#1955,.F.);
#2630=ORIENTED_EDGE('',*,*,#1902,.T.);
#2631=ORIENTED_EDGE('',*,*,#1952,.T.);
#2632=ORIENTED_EDGE('',*,*,#1956,.T.);
#2633=ORIENTED_EDGE('',*,*,#1957,.T.);
#2634=ORIENTED_EDGE('',*,*,#1858,.T.);
#2635=ORIENTED_EDGE('',*,*,#1958,.T.);
#2636=ORIENTED_EDGE('',*,*,#1959,.T.);
#2637=ORIENTED_EDGE('',*,*,#1953,.T.);
#2638=ORIENTED_EDGE('',*,*,#1891,.T.);
#2639=ORIENTED_EDGE('',*,*,#1955,.T.);
#2640=ORIENTED_EDGE('',*,*,#1872,.T.);
#2641=ORIENTED_EDGE('',*,*,#1960,.T.);
#2642=ORIENTED_EDGE('',*,*,#1857,.T.);
#2643=ORIENTED_EDGE('',*,*,#1961,.F.);
#2644=ORIENTED_EDGE('',*,*,#1962,.F.);
#2645=ORIENTED_EDGE('',*,*,#1958,.F.);
#2646=ORIENTED_EDGE('',*,*,#1892,.T.);
#2647=ORIENTED_EDGE('',*,*,#1960,.F.);
#2648=ORIENTED_EDGE('',*,*,#1871,.T.);
#2649=ORIENTED_EDGE('',*,*,#1903,.T.);
#2650=ORIENTED_EDGE('',*,*,#1957,.F.);
#2651=ORIENTED_EDGE('',*,*,#1963,.T.);
#2652=ORIENTED_EDGE('',*,*,#1964,.F.);
#2653=ORIENTED_EDGE('',*,*,#1905,.T.);
#2654=ORIENTED_EDGE('',*,*,#1875,.T.);
#2655=ORIENTED_EDGE('',*,*,#1965,.F.);
#2656=ORIENTED_EDGE('',*,*,#1906,.T.);
#2657=ORIENTED_EDGE('',*,*,#1964,.T.);
#2658=ORIENTED_EDGE('',*,*,#1966,.T.);
#2659=ORIENTED_EDGE('',*,*,#1967,.T.);
#2660=ORIENTED_EDGE('',*,*,#1856,.T.);
#2661=ORIENTED_EDGE('',*,*,#1968,.T.);
#2662=ORIENTED_EDGE('',*,*,#1969,.F.);
#2663=ORIENTED_EDGE('',*,*,#1961,.T.);
#2664=ORIENTED_EDGE('',*,*,#1893,.T.);
#2665=ORIENTED_EDGE('',*,*,#1965,.T.);
#2666=ORIENTED_EDGE('',*,*,#1882,.T.);
#2667=ORIENTED_EDGE('',*,*,#1970,.T.);
#2668=ORIENTED_EDGE('',*,*,#1907,.T.);
#2669=ORIENTED_EDGE('',*,*,#1967,.F.);
#2670=ORIENTED_EDGE('',*,*,#1971,.T.);
#2671=ORIENTED_EDGE('',*,*,#1972,.T.);
#2672=ORIENTED_EDGE('',*,*,#1879,.T.);
#2673=ORIENTED_EDGE('',*,*,#1855,.T.);
#2674=ORIENTED_EDGE('',*,*,#1973,.T.);
#2675=ORIENTED_EDGE('',*,*,#1974,.T.);
#2676=ORIENTED_EDGE('',*,*,#1968,.F.);
#2677=ORIENTED_EDGE('',*,*,#1894,.T.);
#2678=ORIENTED_EDGE('',*,*,#1970,.F.);
#2679=ORIENTED_EDGE('',*,*,#1881,.T.);
#2680=ORIENTED_EDGE('',*,*,#1975,.T.);
#2681=ORIENTED_EDGE('',*,*,#1854,.T.);
#2682=ORIENTED_EDGE('',*,*,#1929,.F.);
#2683=ORIENTED_EDGE('',*,*,#1976,.F.);
#2684=ORIENTED_EDGE('',*,*,#1973,.F.);
#2685=ORIENTED_EDGE('',*,*,#1977,.F.);
#2686=ORIENTED_EDGE('',*,*,#1978,.T.);
#2687=ORIENTED_EDGE('',*,*,#1917,.T.);
#2688=ORIENTED_EDGE('',*,*,#1979,.F.);
#2689=ORIENTED_EDGE('',*,*,#1899,.T.);
#2690=ORIENTED_EDGE('',*,*,#1980,.T.);
#2691=ORIENTED_EDGE('',*,*,#1981,.T.);
#2692=ORIENTED_EDGE('',*,*,#1982,.F.);
#2693=ORIENTED_EDGE('',*,*,#1898,.T.);
#2694=ORIENTED_EDGE('',*,*,#1983,.F.);
#2695=ORIENTED_EDGE('',*,*,#1984,.T.);
#2696=ORIENTED_EDGE('',*,*,#1980,.F.);
#2697=ORIENTED_EDGE('',*,*,#1978,.F.);
#2698=ORIENTED_EDGE('',*,*,#1806,.F.);
#2699=ORIENTED_EDGE('',*,*,#1985,.F.);
#2700=ORIENTED_EDGE('',*,*,#1919,.T.);
#2701=ORIENTED_EDGE('',*,*,#1897,.T.);
#2702=ORIENTED_EDGE('',*,*,#1986,.F.);
#2703=ORIENTED_EDGE('',*,*,#1987,.T.);
#2704=ORIENTED_EDGE('',*,*,#1983,.T.);
#2705=ORIENTED_EDGE('',*,*,#1988,.F.);
#2706=ORIENTED_EDGE('',*,*,#1989,.F.);
#2707=ORIENTED_EDGE('',*,*,#1921,.F.);
#2708=ORIENTED_EDGE('',*,*,#1985,.T.);
#2709=ORIENTED_EDGE('',*,*,#1988,.T.);
#2710=ORIENTED_EDGE('',*,*,#1805,.F.);
#2711=ORIENTED_EDGE('',*,*,#1990,.T.);
#2712=ORIENTED_EDGE('',*,*,#1977,.T.);
#2713=ORIENTED_EDGE('',*,*,#1991,.T.);
#2714=ORIENTED_EDGE('',*,*,#1807,.F.);
#2715=ORIENTED_EDGE('',*,*,#1990,.F.);
#2716=ORIENTED_EDGE('',*,*,#1992,.T.);
#2717=ORIENTED_EDGE('',*,*,#1928,.T.);
#2718=ORIENTED_EDGE('',*,*,#1989,.T.);
#2719=ORIENTED_EDGE('',*,*,#1896,.T.);
#2720=ORIENTED_EDGE('',*,*,#1993,.T.);
#2721=ORIENTED_EDGE('',*,*,#1994,.T.);
#2722=ORIENTED_EDGE('',*,*,#1986,.T.);
#2723=ORIENTED_EDGE('',*,*,#1895,.T.);
#2724=ORIENTED_EDGE('',*,*,#1975,.F.);
#2725=ORIENTED_EDGE('',*,*,#1880,.T.);
#2726=ORIENTED_EDGE('',*,*,#1972,.F.);
#2727=ORIENTED_EDGE('',*,*,#1995,.T.);
#2728=ORIENTED_EDGE('',*,*,#1993,.F.);
#2729=ORIENTED_EDGE('',*,*,#1992,.F.);
#2730=ORIENTED_EDGE('',*,*,#1804,.F.);
#2731=ORIENTED_EDGE('',*,*,#1996,.F.);
#2732=ORIENTED_EDGE('',*,*,#1976,.T.);
#2733=ORIENTED_EDGE('',*,*,#1997,.F.);
#2734=ORIENTED_EDGE('',*,*,#1998,.F.);
#2735=ORIENTED_EDGE('',*,*,#1974,.F.);
#2736=ORIENTED_EDGE('',*,*,#1996,.T.);
#2737=ORIENTED_EDGE('',*,*,#1999,.F.);
#2738=ORIENTED_EDGE('',*,*,#2000,.T.);
#2739=ORIENTED_EDGE('',*,*,#2001,.T.);
#2740=ORIENTED_EDGE('',*,*,#2002,.F.);
#2741=ORIENTED_EDGE('',*,*,#2003,.T.);
#2742=ORIENTED_EDGE('',*,*,#2004,.F.);
#2743=ORIENTED_EDGE('',*,*,#2001,.F.);
#2744=ORIENTED_EDGE('',*,*,#2005,.T.);
#2745=ORIENTED_EDGE('',*,*,#2005,.F.);
#2746=ORIENTED_EDGE('',*,*,#2006,.F.);
#2747=ORIENTED_EDGE('',*,*,#2007,.F.);
#2748=ORIENTED_EDGE('',*,*,#2008,.T.);
#2749=ORIENTED_EDGE('',*,*,#2000,.F.);
#2750=ORIENTED_EDGE('',*,*,#1808,.F.);
#2751=ORIENTED_EDGE('',*,*,#2009,.F.);
#2752=ORIENTED_EDGE('',*,*,#2006,.T.);
#2753=ORIENTED_EDGE('',*,*,#1900,.T.);
#2754=ORIENTED_EDGE('',*,*,#1982,.T.);
#2755=ORIENTED_EDGE('',*,*,#2010,.T.);
#2756=ORIENTED_EDGE('',*,*,#2007,.T.);
#2757=ORIENTED_EDGE('',*,*,#2011,.T.);
#2758=ORIENTED_EDGE('',*,*,#1916,.T.);
#2759=ORIENTED_EDGE('',*,*,#1849,.T.);
#2760=ORIENTED_EDGE('',*,*,#1991,.F.);
#2761=ORIENTED_EDGE('',*,*,#1979,.T.);
#2762=ORIENTED_EDGE('',*,*,#2011,.F.);
#2763=ORIENTED_EDGE('',*,*,#2009,.T.);
#2764=ORIENTED_EDGE('',*,*,#1999,.T.);
#2765=ORIENTED_EDGE('',*,*,#2012,.T.);
#2766=ORIENTED_EDGE('',*,*,#1809,.F.);
#2767=ORIENTED_EDGE('',*,*,#2013,.F.);
#2768=ORIENTED_EDGE('',*,*,#2014,.T.);
#2769=ORIENTED_EDGE('',*,*,#2015,.T.);
#2770=ORIENTED_EDGE('',*,*,#2016,.F.);
#2771=ORIENTED_EDGE('',*,*,#2017,.T.);
#2772=ORIENTED_EDGE('',*,*,#2018,.F.);
#2773=ORIENTED_EDGE('',*,*,#2015,.F.);
#2774=ORIENTED_EDGE('',*,*,#2019,.T.);
#2775=ORIENTED_EDGE('',*,*,#2019,.F.);
#2776=ORIENTED_EDGE('',*,*,#2020,.F.);
#2777=ORIENTED_EDGE('',*,*,#2021,.F.);
#2778=ORIENTED_EDGE('',*,*,#2022,.T.);
#2779=ORIENTED_EDGE('',*,*,#2014,.F.);
#2780=ORIENTED_EDGE('',*,*,#1812,.F.);
#2781=ORIENTED_EDGE('',*,*,#2023,.F.);
#2782=ORIENTED_EDGE('',*,*,#2020,.T.);
#2783=ORIENTED_EDGE('',*,*,#2024,.T.);
#2784=ORIENTED_EDGE('',*,*,#2021,.T.);
#2785=ORIENTED_EDGE('',*,*,#2025,.T.);
#2786=ORIENTED_EDGE('',*,*,#2026,.F.);
#2787=ORIENTED_EDGE('',*,*,#2027,.F.);
#2788=ORIENTED_EDGE('',*,*,#2028,.F.);
#2789=ORIENTED_EDGE('',*,*,#2025,.F.);
#2790=ORIENTED_EDGE('',*,*,#2023,.T.);
#2791=ORIENTED_EDGE('',*,*,#2013,.T.);
#2792=ORIENTED_EDGE('',*,*,#2029,.T.);
#2793=ORIENTED_EDGE('',*,*,#1813,.F.);
#2794=ORIENTED_EDGE('',*,*,#2027,.T.);
#2795=ORIENTED_EDGE('',*,*,#1811,.F.);
#2796=ORIENTED_EDGE('',*,*,#2030,.T.);
#2797=ORIENTED_EDGE('',*,*,#2031,.F.);
#2798=ORIENTED_EDGE('',*,*,#2032,.T.);
#2799=ORIENTED_EDGE('',*,*,#2033,.T.);
#2800=ORIENTED_EDGE('',*,*,#2034,.F.);
#2801=ORIENTED_EDGE('',*,*,#2035,.T.);
#2802=ORIENTED_EDGE('',*,*,#2036,.F.);
#2803=ORIENTED_EDGE('',*,*,#2033,.F.);
#2804=ORIENTED_EDGE('',*,*,#2037,.T.);
#2805=ORIENTED_EDGE('',*,*,#2037,.F.);
#2806=ORIENTED_EDGE('',*,*,#2038,.F.);
#2807=ORIENTED_EDGE('',*,*,#2039,.F.);
#2808=ORIENTED_EDGE('',*,*,#2040,.T.);
#2809=ORIENTED_EDGE('',*,*,#2032,.F.);
#2810=ORIENTED_EDGE('',*,*,#1814,.F.);
#2811=ORIENTED_EDGE('',*,*,#2041,.F.);
#2812=ORIENTED_EDGE('',*,*,#2038,.T.);
#2813=ORIENTED_EDGE('',*,*,#2042,.T.);
#2814=ORIENTED_EDGE('',*,*,#2039,.T.);
#2815=ORIENTED_EDGE('',*,*,#2043,.T.);
#2816=ORIENTED_EDGE('',*,*,#2018,.T.);
#2817=ORIENTED_EDGE('',*,*,#2029,.F.);
#2818=ORIENTED_EDGE('',*,*,#2016,.T.);
#2819=ORIENTED_EDGE('',*,*,#2043,.F.);
#2820=ORIENTED_EDGE('',*,*,#2041,.T.);
#2821=ORIENTED_EDGE('',*,*,#2031,.T.);
#2822=ORIENTED_EDGE('',*,*,#2044,.T.);
#2823=ORIENTED_EDGE('',*,*,#1815,.F.);
#2824=ORIENTED_EDGE('',*,*,#1719,.T.);
#2825=ORIENTED_EDGE('',*,*,#1761,.T.);
#2826=ORIENTED_EDGE('',*,*,#2045,.F.);
#2827=ORIENTED_EDGE('',*,*,#1762,.F.);
#2828=ORIENTED_EDGE('',*,*,#1703,.T.);
#2829=ORIENTED_EDGE('',*,*,#1751,.T.);
#2830=ORIENTED_EDGE('',*,*,#2046,.T.);
#2831=ORIENTED_EDGE('',*,*,#2047,.F.);
#2832=ORIENTED_EDGE('',*,*,#1711,.T.);
#2833=ORIENTED_EDGE('',*,*,#2048,.T.);
#2834=ORIENTED_EDGE('',*,*,#1749,.T.);
#2835=ORIENTED_EDGE('',*,*,#1755,.T.);
#2836=ORIENTED_EDGE('',*,*,#2049,.F.);
#2837=ORIENTED_EDGE('',*,*,#1769,.F.);
#2838=ORIENTED_EDGE('',*,*,#2050,.T.);
#2839=ORIENTED_EDGE('',*,*,#2051,.T.);
#2840=ORIENTED_EDGE('',*,*,#1766,.F.);
#2841=ORIENTED_EDGE('',*,*,#1746,.T.);
#2842=ORIENTED_EDGE('',*,*,#2052,.F.);
#2843=ORIENTED_EDGE('',*,*,#2051,.F.);
#2844=ORIENTED_EDGE('',*,*,#2053,.T.);
#2845=ORIENTED_EDGE('',*,*,#1747,.T.);
#2846=ORIENTED_EDGE('',*,*,#2053,.F.);
#2847=ORIENTED_EDGE('',*,*,#2054,.F.);
#2848=ORIENTED_EDGE('',*,*,#2055,.F.);
#2849=ORIENTED_EDGE('',*,*,#2056,.T.);
#2850=ORIENTED_EDGE('',*,*,#1819,.F.);
#2851=ORIENTED_EDGE('',*,*,#1730,.T.);
#2852=ORIENTED_EDGE('',*,*,#2050,.F.);
#2853=ORIENTED_EDGE('',*,*,#1778,.F.);
#2854=ORIENTED_EDGE('',*,*,#2057,.F.);
#2855=ORIENTED_EDGE('',*,*,#2054,.T.);
#2856=ORIENTED_EDGE('',*,*,#2058,.T.);
#2857=ORIENTED_EDGE('',*,*,#2055,.T.);
#2858=ORIENTED_EDGE('',*,*,#2059,.T.);
#2859=ORIENTED_EDGE('',*,*,#2060,.F.);
#2860=ORIENTED_EDGE('',*,*,#2061,.F.);
#2861=ORIENTED_EDGE('',*,*,#2062,.F.);
#2862=ORIENTED_EDGE('',*,*,#2059,.F.);
#2863=ORIENTED_EDGE('',*,*,#2057,.T.);
#2864=ORIENTED_EDGE('',*,*,#2061,.T.);
#2865=ORIENTED_EDGE('',*,*,#1777,.F.);
#2866=ORIENTED_EDGE('',*,*,#2063,.T.);
#2867=ORIENTED_EDGE('',*,*,#2064,.F.);
#2868=ORIENTED_EDGE('',*,*,#2065,.T.);
#2869=ORIENTED_EDGE('',*,*,#2066,.T.);
#2870=ORIENTED_EDGE('',*,*,#2067,.F.);
#2871=ORIENTED_EDGE('',*,*,#2068,.T.);
#2872=ORIENTED_EDGE('',*,*,#2069,.F.);
#2873=ORIENTED_EDGE('',*,*,#2066,.F.);
#2874=ORIENTED_EDGE('',*,*,#2070,.T.);
#2875=ORIENTED_EDGE('',*,*,#2070,.F.);
#2876=ORIENTED_EDGE('',*,*,#2071,.F.);
#2877=ORIENTED_EDGE('',*,*,#2072,.F.);
#2878=ORIENTED_EDGE('',*,*,#2073,.T.);
#2879=ORIENTED_EDGE('',*,*,#1723,.T.);
#2880=ORIENTED_EDGE('',*,*,#1724,.T.);
#2881=ORIENTED_EDGE('',*,*,#2065,.F.);
#2882=ORIENTED_EDGE('',*,*,#1774,.F.);
#2883=ORIENTED_EDGE('',*,*,#2074,.F.);
#2884=ORIENTED_EDGE('',*,*,#2071,.T.);
#2885=ORIENTED_EDGE('',*,*,#2075,.T.);
#2886=ORIENTED_EDGE('',*,*,#2072,.T.);
#2887=ORIENTED_EDGE('',*,*,#2076,.T.);
#2888=ORIENTED_EDGE('',*,*,#2077,.F.);
#2889=ORIENTED_EDGE('',*,*,#2078,.F.);
#2890=ORIENTED_EDGE('',*,*,#2079,.F.);
#2891=ORIENTED_EDGE('',*,*,#2076,.F.);
#2892=ORIENTED_EDGE('',*,*,#2074,.T.);
#2893=ORIENTED_EDGE('',*,*,#2078,.T.);
#2894=ORIENTED_EDGE('',*,*,#1773,.F.);
#2895=ORIENTED_EDGE('',*,*,#2080,.T.);
#2896=ORIENTED_EDGE('',*,*,#2064,.T.);
#2897=ORIENTED_EDGE('',*,*,#2081,.T.);
#2898=ORIENTED_EDGE('',*,*,#1775,.F.);
#2899=ORIENTED_EDGE('',*,*,#2080,.F.);
#2900=ORIENTED_EDGE('',*,*,#2082,.T.);
#2901=ORIENTED_EDGE('',*,*,#2083,.T.);
#2902=ORIENTED_EDGE('',*,*,#2079,.T.);
#2903=ORIENTED_EDGE('',*,*,#2084,.T.);
#2904=ORIENTED_EDGE('',*,*,#2077,.T.);
#2905=ORIENTED_EDGE('',*,*,#2083,.F.);
#2906=ORIENTED_EDGE('',*,*,#2085,.T.);
#2907=ORIENTED_EDGE('',*,*,#2085,.F.);
#2908=ORIENTED_EDGE('',*,*,#2086,.F.);
#2909=ORIENTED_EDGE('',*,*,#2087,.F.);
#2910=ORIENTED_EDGE('',*,*,#2088,.T.);
#2911=ORIENTED_EDGE('',*,*,#2082,.F.);
#2912=ORIENTED_EDGE('',*,*,#1772,.F.);
#2913=ORIENTED_EDGE('',*,*,#2089,.F.);
#2914=ORIENTED_EDGE('',*,*,#2086,.T.);
#2915=ORIENTED_EDGE('',*,*,#2090,.T.);
#2916=ORIENTED_EDGE('',*,*,#2087,.T.);
#2917=ORIENTED_EDGE('',*,*,#2091,.T.);
#2918=ORIENTED_EDGE('',*,*,#2092,.F.);
#2919=ORIENTED_EDGE('',*,*,#2093,.F.);
#2920=ORIENTED_EDGE('',*,*,#2094,.F.);
#2921=ORIENTED_EDGE('',*,*,#2091,.F.);
#2922=ORIENTED_EDGE('',*,*,#2089,.T.);
#2923=ORIENTED_EDGE('',*,*,#2093,.T.);
#2924=ORIENTED_EDGE('',*,*,#1771,.F.);
#2925=ORIENTED_EDGE('',*,*,#2095,.T.);
#2926=ORIENTED_EDGE('',*,*,#1757,.F.);
#2927=ORIENTED_EDGE('',*,*,#2096,.T.);
#2928=ORIENTED_EDGE('',*,*,#2097,.T.);
#2929=ORIENTED_EDGE('',*,*,#1754,.T.);
#2930=ORIENTED_EDGE('',*,*,#2098,.T.);
#2931=ORIENTED_EDGE('',*,*,#2049,.T.);
#2932=ORIENTED_EDGE('',*,*,#2097,.F.);
#2933=ORIENTED_EDGE('',*,*,#2099,.T.);
#2934=ORIENTED_EDGE('',*,*,#2099,.F.);
#2935=ORIENTED_EDGE('',*,*,#2100,.F.);
#2936=ORIENTED_EDGE('',*,*,#2101,.F.);
#2937=ORIENTED_EDGE('',*,*,#2102,.T.);
#2938=ORIENTED_EDGE('',*,*,#2096,.F.);
#2939=ORIENTED_EDGE('',*,*,#1818,.F.);
#2940=ORIENTED_EDGE('',*,*,#2103,.F.);
#2941=ORIENTED_EDGE('',*,*,#2100,.T.);
#2942=ORIENTED_EDGE('',*,*,#2104,.T.);
#2943=ORIENTED_EDGE('',*,*,#2101,.T.);
#2944=ORIENTED_EDGE('',*,*,#2105,.T.);
#2945=ORIENTED_EDGE('',*,*,#2106,.F.);
#2946=ORIENTED_EDGE('',*,*,#2107,.F.);
#2947=ORIENTED_EDGE('',*,*,#2108,.F.);
#2948=ORIENTED_EDGE('',*,*,#2105,.F.);
#2949=ORIENTED_EDGE('',*,*,#2103,.T.);
#2950=ORIENTED_EDGE('',*,*,#2095,.F.);
#2951=ORIENTED_EDGE('',*,*,#2109,.T.);
#2952=ORIENTED_EDGE('',*,*,#2110,.T.);
#2953=ORIENTED_EDGE('',*,*,#2094,.T.);
#2954=ORIENTED_EDGE('',*,*,#2111,.T.);
#2955=ORIENTED_EDGE('',*,*,#2092,.T.);
#2956=ORIENTED_EDGE('',*,*,#2110,.F.);
#2957=ORIENTED_EDGE('',*,*,#2112,.T.);
#2958=ORIENTED_EDGE('',*,*,#1713,.T.);
#2959=ORIENTED_EDGE('',*,*,#2113,.F.);
#2960=ORIENTED_EDGE('',*,*,#2114,.T.);
#2961=ORIENTED_EDGE('',*,*,#2112,.F.);
#2962=ORIENTED_EDGE('',*,*,#2115,.F.);
#2963=ORIENTED_EDGE('',*,*,#1758,.F.);
#2964=ORIENTED_EDGE('',*,*,#1716,.T.);
#2965=ORIENTED_EDGE('',*,*,#2109,.F.);
#2966=ORIENTED_EDGE('',*,*,#1770,.F.);
#2967=ORIENTED_EDGE('',*,*,#2116,.F.);
#2968=ORIENTED_EDGE('',*,*,#2115,.T.);
#2969=ORIENTED_EDGE('',*,*,#1712,.T.);
#2970=ORIENTED_EDGE('',*,*,#2047,.T.);
#2971=ORIENTED_EDGE('',*,*,#2117,.T.);
#2972=ORIENTED_EDGE('',*,*,#2113,.T.);
#2973=ORIENTED_EDGE('',*,*,#1763,.F.);
#2974=ORIENTED_EDGE('',*,*,#2045,.T.);
#2975=ORIENTED_EDGE('',*,*,#1759,.F.);
#2976=ORIENTED_EDGE('',*,*,#2116,.T.);
#2977=ORIENTED_EDGE('',*,*,#2107,.T.);
#2978=ORIENTED_EDGE('',*,*,#1817,.F.);
#2979=ORIENTED_EDGE('',*,*,#2118,.T.);
#2980=ORIENTED_EDGE('',*,*,#2118,.F.);
#2981=ORIENTED_EDGE('',*,*,#2119,.T.);
#2982=ORIENTED_EDGE('',*,*,#2120,.T.);
#2983=ORIENTED_EDGE('',*,*,#2108,.T.);
#2984=ORIENTED_EDGE('',*,*,#2121,.T.);
#2985=ORIENTED_EDGE('',*,*,#2106,.T.);
#2986=ORIENTED_EDGE('',*,*,#2120,.F.);
#2987=ORIENTED_EDGE('',*,*,#2122,.T.);
#2988=ORIENTED_EDGE('',*,*,#2122,.F.);
#2989=ORIENTED_EDGE('',*,*,#2123,.F.);
#2990=ORIENTED_EDGE('',*,*,#2124,.F.);
#2991=ORIENTED_EDGE('',*,*,#2125,.T.);
#2992=ORIENTED_EDGE('',*,*,#2119,.F.);
#2993=ORIENTED_EDGE('',*,*,#1816,.F.);
#2994=ORIENTED_EDGE('',*,*,#2126,.F.);
#2995=ORIENTED_EDGE('',*,*,#2123,.T.);
#2996=ORIENTED_EDGE('',*,*,#2127,.T.);
#2997=ORIENTED_EDGE('',*,*,#2124,.T.);
#2998=ORIENTED_EDGE('',*,*,#2128,.T.);
#2999=ORIENTED_EDGE('',*,*,#2036,.T.);
#3000=ORIENTED_EDGE('',*,*,#2044,.F.);
#3001=ORIENTED_EDGE('',*,*,#2034,.T.);
#3002=ORIENTED_EDGE('',*,*,#2128,.F.);
#3003=ORIENTED_EDGE('',*,*,#2126,.T.);
#3004=ORIENTED_EDGE('',*,*,#2063,.F.);
#3005=ORIENTED_EDGE('',*,*,#2129,.T.);
#3006=ORIENTED_EDGE('',*,*,#2130,.T.);
#3007=ORIENTED_EDGE('',*,*,#2062,.T.);
#3008=ORIENTED_EDGE('',*,*,#2131,.T.);
#3009=ORIENTED_EDGE('',*,*,#2060,.T.);
#3010=ORIENTED_EDGE('',*,*,#2130,.F.);
#3011=ORIENTED_EDGE('',*,*,#2132,.T.);
#3012=ORIENTED_EDGE('',*,*,#2132,.F.);
#3013=ORIENTED_EDGE('',*,*,#2133,.F.);
#3014=ORIENTED_EDGE('',*,*,#2134,.F.);
#3015=ORIENTED_EDGE('',*,*,#2135,.T.);
#3016=ORIENTED_EDGE('',*,*,#2129,.F.);
#3017=ORIENTED_EDGE('',*,*,#1776,.F.);
#3018=ORIENTED_EDGE('',*,*,#2136,.F.);
#3019=ORIENTED_EDGE('',*,*,#2133,.T.);
#3020=ORIENTED_EDGE('',*,*,#2137,.T.);
#3021=ORIENTED_EDGE('',*,*,#2134,.T.);
#3022=ORIENTED_EDGE('',*,*,#2138,.T.);
#3023=ORIENTED_EDGE('',*,*,#2069,.T.);
#3024=ORIENTED_EDGE('',*,*,#2081,.F.);
#3025=ORIENTED_EDGE('',*,*,#2067,.T.);
#3026=ORIENTED_EDGE('',*,*,#2138,.F.);
#3027=ORIENTED_EDGE('',*,*,#2136,.T.);
#3028=ORIENTED_EDGE('',*,*,#2139,.F.);
#3029=ORIENTED_EDGE('',*,*,#2140,.T.);
#3030=ORIENTED_EDGE('',*,*,#1954,.T.);
#3031=ORIENTED_EDGE('',*,*,#2141,.F.);
#3032=ORIENTED_EDGE('',*,*,#2140,.F.);
#3033=ORIENTED_EDGE('',*,*,#1800,.F.);
#3034=ORIENTED_EDGE('',*,*,#2142,.F.);
#3035=ORIENTED_EDGE('',*,*,#1947,.T.);
#3036=ORIENTED_EDGE('',*,*,#2143,.F.);
#3037=ORIENTED_EDGE('',*,*,#2144,.F.);
#3038=ORIENTED_EDGE('',*,*,#1943,.F.);
#3039=ORIENTED_EDGE('',*,*,#2142,.T.);
#3040=ORIENTED_EDGE('',*,*,#2143,.T.);
#3041=ORIENTED_EDGE('',*,*,#1799,.F.);
#3042=ORIENTED_EDGE('',*,*,#2145,.T.);
#3043=ORIENTED_EDGE('',*,*,#2139,.T.);
#3044=ORIENTED_EDGE('',*,*,#2146,.T.);
#3045=ORIENTED_EDGE('',*,*,#1801,.F.);
#3046=ORIENTED_EDGE('',*,*,#2147,.F.);
#3047=ORIENTED_EDGE('',*,*,#2148,.T.);
#3048=ORIENTED_EDGE('',*,*,#2149,.T.);
#3049=ORIENTED_EDGE('',*,*,#2150,.F.);
#3050=ORIENTED_EDGE('',*,*,#2151,.T.);
#3051=ORIENTED_EDGE('',*,*,#2152,.F.);
#3052=ORIENTED_EDGE('',*,*,#2149,.F.);
#3053=ORIENTED_EDGE('',*,*,#2153,.T.);
#3054=ORIENTED_EDGE('',*,*,#2153,.F.);
#3055=ORIENTED_EDGE('',*,*,#2154,.F.);
#3056=ORIENTED_EDGE('',*,*,#2155,.F.);
#3057=ORIENTED_EDGE('',*,*,#2156,.T.);
#3058=ORIENTED_EDGE('',*,*,#2148,.F.);
#3059=ORIENTED_EDGE('',*,*,#1786,.F.);
#3060=ORIENTED_EDGE('',*,*,#2157,.F.);
#3061=ORIENTED_EDGE('',*,*,#2154,.T.);
#3062=ORIENTED_EDGE('',*,*,#2158,.T.);
#3063=ORIENTED_EDGE('',*,*,#2155,.T.);
#3064=ORIENTED_EDGE('',*,*,#2159,.T.);
#3065=ORIENTED_EDGE('',*,*,#2160,.F.);
#3066=ORIENTED_EDGE('',*,*,#1823,.F.);
#3067=ORIENTED_EDGE('',*,*,#1828,.F.);
#3068=ORIENTED_EDGE('',*,*,#2159,.F.);
#3069=ORIENTED_EDGE('',*,*,#2157,.T.);
#3070=ORIENTED_EDGE('',*,*,#2147,.T.);
#3071=ORIENTED_EDGE('',*,*,#2161,.T.);
#3072=ORIENTED_EDGE('',*,*,#1787,.F.);
#3073=ORIENTED_EDGE('',*,*,#2162,.F.);
#3074=ORIENTED_EDGE('',*,*,#2163,.T.);
#3075=ORIENTED_EDGE('',*,*,#2164,.T.);
#3076=ORIENTED_EDGE('',*,*,#2165,.F.);
#3077=ORIENTED_EDGE('',*,*,#2166,.T.);
#3078=ORIENTED_EDGE('',*,*,#2167,.F.);
#3079=ORIENTED_EDGE('',*,*,#2164,.F.);
#3080=ORIENTED_EDGE('',*,*,#2168,.T.);
#3081=ORIENTED_EDGE('',*,*,#2168,.F.);
#3082=ORIENTED_EDGE('',*,*,#2169,.F.);
#3083=ORIENTED_EDGE('',*,*,#2170,.F.);
#3084=ORIENTED_EDGE('',*,*,#2171,.T.);
#3085=ORIENTED_EDGE('',*,*,#2163,.F.);
#3086=ORIENTED_EDGE('',*,*,#1788,.F.);
#3087=ORIENTED_EDGE('',*,*,#2172,.F.);
#3088=ORIENTED_EDGE('',*,*,#2169,.T.);
#3089=ORIENTED_EDGE('',*,*,#2173,.T.);
#3090=ORIENTED_EDGE('',*,*,#2170,.T.);
#3091=ORIENTED_EDGE('',*,*,#2174,.T.);
#3092=ORIENTED_EDGE('',*,*,#2152,.T.);
#3093=ORIENTED_EDGE('',*,*,#2161,.F.);
#3094=ORIENTED_EDGE('',*,*,#2150,.T.);
#3095=ORIENTED_EDGE('',*,*,#2174,.F.);
#3096=ORIENTED_EDGE('',*,*,#2172,.T.);
#3097=ORIENTED_EDGE('',*,*,#2162,.T.);
#3098=ORIENTED_EDGE('',*,*,#2175,.T.);
#3099=ORIENTED_EDGE('',*,*,#1789,.F.);
#3100=ORIENTED_EDGE('',*,*,#2145,.F.);
#3101=ORIENTED_EDGE('',*,*,#2176,.T.);
#3102=ORIENTED_EDGE('',*,*,#1939,.T.);
#3103=ORIENTED_EDGE('',*,*,#2144,.T.);
#3104=ORIENTED_EDGE('',*,*,#2176,.F.);
#3105=ORIENTED_EDGE('',*,*,#1798,.F.);
#3106=ORIENTED_EDGE('',*,*,#2177,.F.);
#3107=ORIENTED_EDGE('',*,*,#1935,.T.);
#3108=ORIENTED_EDGE('',*,*,#2178,.F.);
#3109=ORIENTED_EDGE('',*,*,#2179,.F.);
#3110=ORIENTED_EDGE('',*,*,#1931,.F.);
#3111=ORIENTED_EDGE('',*,*,#2177,.T.);
#3112=ORIENTED_EDGE('',*,*,#2178,.T.);
#3113=ORIENTED_EDGE('',*,*,#1797,.F.);
#3114=ORIENTED_EDGE('',*,*,#2180,.T.);
#3115=ORIENTED_EDGE('',*,*,#2180,.F.);
#3116=ORIENTED_EDGE('',*,*,#2181,.T.);
#3117=ORIENTED_EDGE('',*,*,#1924,.T.);
#3118=ORIENTED_EDGE('',*,*,#2179,.T.);
#3119=ORIENTED_EDGE('',*,*,#1925,.F.);
#3120=ORIENTED_EDGE('',*,*,#2182,.F.);
#3121=ORIENTED_EDGE('',*,*,#2183,.F.);
#3122=ORIENTED_EDGE('',*,*,#2184,.T.);
#3123=ORIENTED_EDGE('',*,*,#2181,.F.);
#3124=ORIENTED_EDGE('',*,*,#1796,.F.);
#3125=ORIENTED_EDGE('',*,*,#2185,.F.);
#3126=ORIENTED_EDGE('',*,*,#2182,.T.);
#3127=ORIENTED_EDGE('',*,*,#2186,.T.);
#3128=ORIENTED_EDGE('',*,*,#2183,.T.);
#3129=ORIENTED_EDGE('',*,*,#2187,.T.);
#3130=ORIENTED_EDGE('',*,*,#2188,.F.);
#3131=ORIENTED_EDGE('',*,*,#2189,.F.);
#3132=ORIENTED_EDGE('',*,*,#2190,.F.);
#3133=ORIENTED_EDGE('',*,*,#2187,.F.);
#3134=ORIENTED_EDGE('',*,*,#2185,.T.);
#3135=ORIENTED_EDGE('',*,*,#2189,.T.);
#3136=ORIENTED_EDGE('',*,*,#1795,.F.);
#3137=ORIENTED_EDGE('',*,*,#2191,.T.);
#3138=ORIENTED_EDGE('',*,*,#2192,.F.);
#3139=ORIENTED_EDGE('',*,*,#2193,.T.);
#3140=ORIENTED_EDGE('',*,*,#2194,.T.);
#3141=ORIENTED_EDGE('',*,*,#2195,.F.);
#3142=ORIENTED_EDGE('',*,*,#2196,.T.);
#3143=ORIENTED_EDGE('',*,*,#2197,.F.);
#3144=ORIENTED_EDGE('',*,*,#2194,.F.);
#3145=ORIENTED_EDGE('',*,*,#2198,.T.);
#3146=ORIENTED_EDGE('',*,*,#2198,.F.);
#3147=ORIENTED_EDGE('',*,*,#2199,.F.);
#3148=ORIENTED_EDGE('',*,*,#2200,.F.);
#3149=ORIENTED_EDGE('',*,*,#2201,.T.);
#3150=ORIENTED_EDGE('',*,*,#2193,.F.);
#3151=ORIENTED_EDGE('',*,*,#1792,.F.);
#3152=ORIENTED_EDGE('',*,*,#2202,.F.);
#3153=ORIENTED_EDGE('',*,*,#2199,.T.);
#3154=ORIENTED_EDGE('',*,*,#2203,.T.);
#3155=ORIENTED_EDGE('',*,*,#2200,.T.);
#3156=ORIENTED_EDGE('',*,*,#2204,.T.);
#3157=ORIENTED_EDGE('',*,*,#2205,.F.);
#3158=ORIENTED_EDGE('',*,*,#2206,.F.);
#3159=ORIENTED_EDGE('',*,*,#2207,.F.);
#3160=ORIENTED_EDGE('',*,*,#2204,.F.);
#3161=ORIENTED_EDGE('',*,*,#2202,.T.);
#3162=ORIENTED_EDGE('',*,*,#2192,.T.);
#3163=ORIENTED_EDGE('',*,*,#2208,.T.);
#3164=ORIENTED_EDGE('',*,*,#1793,.F.);
#3165=ORIENTED_EDGE('',*,*,#2206,.T.);
#3166=ORIENTED_EDGE('',*,*,#1791,.F.);
#3167=ORIENTED_EDGE('',*,*,#2209,.T.);
#3168=ORIENTED_EDGE('',*,*,#2191,.F.);
#3169=ORIENTED_EDGE('',*,*,#2210,.T.);
#3170=ORIENTED_EDGE('',*,*,#2211,.T.);
#3171=ORIENTED_EDGE('',*,*,#2190,.T.);
#3172=ORIENTED_EDGE('',*,*,#2212,.T.);
#3173=ORIENTED_EDGE('',*,*,#2188,.T.);
#3174=ORIENTED_EDGE('',*,*,#2211,.F.);
#3175=ORIENTED_EDGE('',*,*,#2213,.T.);
#3176=ORIENTED_EDGE('',*,*,#2213,.F.);
#3177=ORIENTED_EDGE('',*,*,#2214,.F.);
#3178=ORIENTED_EDGE('',*,*,#2215,.F.);
#3179=ORIENTED_EDGE('',*,*,#2216,.T.);
#3180=ORIENTED_EDGE('',*,*,#2210,.F.);
#3181=ORIENTED_EDGE('',*,*,#1794,.F.);
#3182=ORIENTED_EDGE('',*,*,#2217,.F.);
#3183=ORIENTED_EDGE('',*,*,#2214,.T.);
#3184=ORIENTED_EDGE('',*,*,#2218,.T.);
#3185=ORIENTED_EDGE('',*,*,#2215,.T.);
#3186=ORIENTED_EDGE('',*,*,#2219,.T.);
#3187=ORIENTED_EDGE('',*,*,#2197,.T.);
#3188=ORIENTED_EDGE('',*,*,#2208,.F.);
#3189=ORIENTED_EDGE('',*,*,#2195,.T.);
#3190=ORIENTED_EDGE('',*,*,#2219,.F.);
#3191=ORIENTED_EDGE('',*,*,#2217,.T.);
#3192=ORIENTED_EDGE('',*,*,#2209,.F.);
#3193=ORIENTED_EDGE('',*,*,#2220,.T.);
#3194=ORIENTED_EDGE('',*,*,#2221,.T.);
#3195=ORIENTED_EDGE('',*,*,#2207,.T.);
#3196=ORIENTED_EDGE('',*,*,#2222,.T.);
#3197=ORIENTED_EDGE('',*,*,#2205,.T.);
#3198=ORIENTED_EDGE('',*,*,#2221,.F.);
#3199=ORIENTED_EDGE('',*,*,#2223,.T.);
#3200=ORIENTED_EDGE('',*,*,#2223,.F.);
#3201=ORIENTED_EDGE('',*,*,#2224,.F.);
#3202=ORIENTED_EDGE('',*,*,#2225,.F.);
#3203=ORIENTED_EDGE('',*,*,#2226,.T.);
#3204=ORIENTED_EDGE('',*,*,#2220,.F.);
#3205=ORIENTED_EDGE('',*,*,#1790,.F.);
#3206=ORIENTED_EDGE('',*,*,#2227,.F.);
#3207=ORIENTED_EDGE('',*,*,#2224,.T.);
#3208=ORIENTED_EDGE('',*,*,#2228,.T.);
#3209=ORIENTED_EDGE('',*,*,#2225,.T.);
#3210=ORIENTED_EDGE('',*,*,#2229,.T.);
#3211=ORIENTED_EDGE('',*,*,#2167,.T.);
#3212=ORIENTED_EDGE('',*,*,#2175,.F.);
#3213=ORIENTED_EDGE('',*,*,#2165,.T.);
#3214=ORIENTED_EDGE('',*,*,#2229,.F.);
#3215=ORIENTED_EDGE('',*,*,#2227,.T.);
#3216=ORIENTED_EDGE('',*,*,#2230,.T.);
#3217=ORIENTED_EDGE('',*,*,#2160,.T.);
#3218=ORIENTED_EDGE('',*,*,#1827,.F.);
#3219=ORIENTED_EDGE('',*,*,#2231,.T.);
#3220=ORIENTED_EDGE('',*,*,#1736,.T.);
#3221=ORIENTED_EDGE('',*,*,#1825,.F.);
#3222=ORIENTED_EDGE('',*,*,#2232,.T.);
#3223=ORIENTED_EDGE('',*,*,#2231,.F.);
#3224=ORIENTED_EDGE('',*,*,#1829,.F.);
#3225=ORIENTED_EDGE('',*,*,#1745,.T.);
#3226=ORIENTED_EDGE('',*,*,#1767,.T.);
#3227=ORIENTED_EDGE('',*,*,#2052,.T.);
#3228=ORIENTED_EDGE('',*,*,#2030,.F.);
#3229=ORIENTED_EDGE('',*,*,#2233,.T.);
#3230=ORIENTED_EDGE('',*,*,#2234,.T.);
#3231=ORIENTED_EDGE('',*,*,#2028,.T.);
#3232=ORIENTED_EDGE('',*,*,#2235,.T.);
#3233=ORIENTED_EDGE('',*,*,#2026,.T.);
#3234=ORIENTED_EDGE('',*,*,#2234,.F.);
#3235=ORIENTED_EDGE('',*,*,#2236,.T.);
#3236=ORIENTED_EDGE('',*,*,#2236,.F.);
#3237=ORIENTED_EDGE('',*,*,#2237,.F.);
#3238=ORIENTED_EDGE('',*,*,#2238,.F.);
#3239=ORIENTED_EDGE('',*,*,#2239,.T.);
#3240=ORIENTED_EDGE('',*,*,#2233,.F.);
#3241=ORIENTED_EDGE('',*,*,#1810,.F.);
#3242=ORIENTED_EDGE('',*,*,#2240,.F.);
#3243=ORIENTED_EDGE('',*,*,#2237,.T.);
#3244=ORIENTED_EDGE('',*,*,#2241,.T.);
#3245=ORIENTED_EDGE('',*,*,#2238,.T.);
#3246=ORIENTED_EDGE('',*,*,#2242,.T.);
#3247=ORIENTED_EDGE('',*,*,#2004,.T.);
#3248=ORIENTED_EDGE('',*,*,#2012,.F.);
#3249=ORIENTED_EDGE('',*,*,#2002,.T.);
#3250=ORIENTED_EDGE('',*,*,#2242,.F.);
#3251=ORIENTED_EDGE('',*,*,#2240,.T.);
#3252=ORIENTED_EDGE('',*,*,#1997,.T.);
#3253=ORIENTED_EDGE('',*,*,#1803,.F.);
#3254=ORIENTED_EDGE('',*,*,#2243,.T.);
#3255=ORIENTED_EDGE('',*,*,#2243,.F.);
#3256=ORIENTED_EDGE('',*,*,#2244,.T.);
#3257=ORIENTED_EDGE('',*,*,#1969,.T.);
#3258=ORIENTED_EDGE('',*,*,#1998,.T.);
#3259=ORIENTED_EDGE('',*,*,#2244,.F.);
#3260=ORIENTED_EDGE('',*,*,#1802,.F.);
#3261=ORIENTED_EDGE('',*,*,#2245,.F.);
#3262=ORIENTED_EDGE('',*,*,#1962,.T.);
#3263=ORIENTED_EDGE('',*,*,#2146,.F.);
#3264=ORIENTED_EDGE('',*,*,#2141,.T.);
#3265=ORIENTED_EDGE('',*,*,#1959,.F.);
#3266=ORIENTED_EDGE('',*,*,#2245,.T.);
#3267=ORIENTED_EDGE('',*,*,#2246,.T.);
#3268=ORIENTED_EDGE('',*,*,#2247,.T.);
#3269=ORIENTED_EDGE('',*,*,#2248,.T.);
#3270=ORIENTED_EDGE('',*,*,#2249,.T.);
#3271=ORIENTED_EDGE('',*,*,#1837,.F.);
#3272=ORIENTED_EDGE('',*,*,#2250,.T.);
#3273=ORIENTED_EDGE('',*,*,#2251,.F.);
#3274=ORIENTED_EDGE('',*,*,#2252,.F.);
#3275=ORIENTED_EDGE('',*,*,#2249,.F.);
#3276=ORIENTED_EDGE('',*,*,#2253,.T.);
#3277=ORIENTED_EDGE('',*,*,#2254,.F.);
#3278=ORIENTED_EDGE('',*,*,#2255,.F.);
#3279=ORIENTED_EDGE('',*,*,#1951,.F.);
#3280=ORIENTED_EDGE('',*,*,#1948,.F.);
#3281=ORIENTED_EDGE('',*,*,#1944,.F.);
#3282=ORIENTED_EDGE('',*,*,#1940,.F.);
#3283=ORIENTED_EDGE('',*,*,#1936,.F.);
#3284=ORIENTED_EDGE('',*,*,#1932,.F.);
#3285=ORIENTED_EDGE('',*,*,#1926,.F.);
#3286=ORIENTED_EDGE('',*,*,#2184,.F.);
#3287=ORIENTED_EDGE('',*,*,#2186,.F.);
#3288=ORIENTED_EDGE('',*,*,#2212,.F.);
#3289=ORIENTED_EDGE('',*,*,#2216,.F.);
#3290=ORIENTED_EDGE('',*,*,#2218,.F.);
#3291=ORIENTED_EDGE('',*,*,#2196,.F.);
#3292=ORIENTED_EDGE('',*,*,#2201,.F.);
#3293=ORIENTED_EDGE('',*,*,#2203,.F.);
#3294=ORIENTED_EDGE('',*,*,#2222,.F.);
#3295=ORIENTED_EDGE('',*,*,#2226,.F.);
#3296=ORIENTED_EDGE('',*,*,#2228,.F.);
#3297=ORIENTED_EDGE('',*,*,#2166,.F.);
#3298=ORIENTED_EDGE('',*,*,#2171,.F.);
#3299=ORIENTED_EDGE('',*,*,#2173,.F.);
#3300=ORIENTED_EDGE('',*,*,#2151,.F.);
#3301=ORIENTED_EDGE('',*,*,#2156,.F.);
#3302=ORIENTED_EDGE('',*,*,#2158,.F.);
#3303=ORIENTED_EDGE('',*,*,#2230,.F.);
#3304=ORIENTED_EDGE('',*,*,#2232,.F.);
#3305=ORIENTED_EDGE('',*,*,#1824,.F.);
#3306=ORIENTED_EDGE('',*,*,#1820,.F.);
#3307=ORIENTED_EDGE('',*,*,#2056,.F.);
#3308=ORIENTED_EDGE('',*,*,#2058,.F.);
#3309=ORIENTED_EDGE('',*,*,#2131,.F.);
#3310=ORIENTED_EDGE('',*,*,#2135,.F.);
#3311=ORIENTED_EDGE('',*,*,#2137,.F.);
#3312=ORIENTED_EDGE('',*,*,#2068,.F.);
#3313=ORIENTED_EDGE('',*,*,#2073,.F.);
#3314=ORIENTED_EDGE('',*,*,#2075,.F.);
#3315=ORIENTED_EDGE('',*,*,#2084,.F.);
#3316=ORIENTED_EDGE('',*,*,#2088,.F.);
#3317=ORIENTED_EDGE('',*,*,#2090,.F.);
#3318=ORIENTED_EDGE('',*,*,#2111,.F.);
#3319=ORIENTED_EDGE('',*,*,#2114,.F.);
#3320=ORIENTED_EDGE('',*,*,#2117,.F.);
#3321=ORIENTED_EDGE('',*,*,#2046,.F.);
#3322=ORIENTED_EDGE('',*,*,#1750,.F.);
#3323=ORIENTED_EDGE('',*,*,#2048,.F.);
#3324=ORIENTED_EDGE('',*,*,#2098,.F.);
#3325=ORIENTED_EDGE('',*,*,#2102,.F.);
#3326=ORIENTED_EDGE('',*,*,#2104,.F.);
#3327=ORIENTED_EDGE('',*,*,#2121,.F.);
#3328=ORIENTED_EDGE('',*,*,#2125,.F.);
#3329=ORIENTED_EDGE('',*,*,#2127,.F.);
#3330=ORIENTED_EDGE('',*,*,#2035,.F.);
#3331=ORIENTED_EDGE('',*,*,#2040,.F.);
#3332=ORIENTED_EDGE('',*,*,#2042,.F.);
#3333=ORIENTED_EDGE('',*,*,#2017,.F.);
#3334=ORIENTED_EDGE('',*,*,#2022,.F.);
#3335=ORIENTED_EDGE('',*,*,#2024,.F.);
#3336=ORIENTED_EDGE('',*,*,#2235,.F.);
#3337=ORIENTED_EDGE('',*,*,#2239,.F.);
#3338=ORIENTED_EDGE('',*,*,#2241,.F.);
#3339=ORIENTED_EDGE('',*,*,#2003,.F.);
#3340=ORIENTED_EDGE('',*,*,#2008,.F.);
#3341=ORIENTED_EDGE('',*,*,#2010,.F.);
#3342=ORIENTED_EDGE('',*,*,#1981,.F.);
#3343=ORIENTED_EDGE('',*,*,#1984,.F.);
#3344=ORIENTED_EDGE('',*,*,#1987,.F.);
#3345=ORIENTED_EDGE('',*,*,#1994,.F.);
#3346=ORIENTED_EDGE('',*,*,#1995,.F.);
#3347=ORIENTED_EDGE('',*,*,#1971,.F.);
#3348=ORIENTED_EDGE('',*,*,#1966,.F.);
#3349=ORIENTED_EDGE('',*,*,#1963,.F.);
#3350=ORIENTED_EDGE('',*,*,#1956,.F.);
#3351=ORIENTED_EDGE('',*,*,#1832,.T.);
#3352=ORIENTED_EDGE('',*,*,#2254,.T.);
#3353=ORIENTED_EDGE('',*,*,#2256,.T.);
#3354=ORIENTED_EDGE('',*,*,#2251,.T.);
#3355=ORIENTED_EDGE('',*,*,#2257,.T.);
#3356=ORIENTED_EDGE('',*,*,#1909,.F.);
#3357=ORIENTED_EDGE('',*,*,#2258,.F.);
#3358=ORIENTED_EDGE('',*,*,#1912,.F.);
#3359=ORIENTED_EDGE('',*,*,#2259,.F.);
#3360=ORIENTED_EDGE('',*,*,#2260,.F.);
#3361=ORIENTED_EDGE('',*,*,#2261,.F.);
#3362=ORIENTED_EDGE('',*,*,#2262,.F.);
#3363=ORIENTED_EDGE('',*,*,#2263,.F.);
#3364=ORIENTED_EDGE('',*,*,#2264,.F.);
#3365=ORIENTED_EDGE('',*,*,#2265,.F.);
#3366=ORIENTED_EDGE('',*,*,#2266,.F.);
#3367=ORIENTED_EDGE('',*,*,#2267,.F.);
#3368=ORIENTED_EDGE('',*,*,#2268,.F.);
#3369=ORIENTED_EDGE('',*,*,#1913,.F.);
#3370=ORIENTED_EDGE('',*,*,#2269,.F.);
#3371=ORIENTED_EDGE('',*,*,#2270,.F.);
#3372=ORIENTED_EDGE('',*,*,#2259,.T.);
#3373=ORIENTED_EDGE('',*,*,#1911,.T.);
#3374=ORIENTED_EDGE('',*,*,#1841,.F.);
#3375=ORIENTED_EDGE('',*,*,#2271,.F.);
#3376=ORIENTED_EDGE('',*,*,#2260,.T.);
#3377=ORIENTED_EDGE('',*,*,#2271,.T.);
#3378=ORIENTED_EDGE('',*,*,#1840,.F.);
#3379=ORIENTED_EDGE('',*,*,#2272,.F.);
#3380=ORIENTED_EDGE('',*,*,#2261,.T.);
#3381=ORIENTED_EDGE('',*,*,#2272,.T.);
#3382=ORIENTED_EDGE('',*,*,#1839,.F.);
#3383=ORIENTED_EDGE('',*,*,#2273,.F.);
#3384=ORIENTED_EDGE('',*,*,#2262,.T.);
#3385=ORIENTED_EDGE('',*,*,#2273,.T.);
#3386=ORIENTED_EDGE('',*,*,#1838,.F.);
#3387=ORIENTED_EDGE('',*,*,#2274,.F.);
#3388=ORIENTED_EDGE('',*,*,#2263,.T.);
#3389=ORIENTED_EDGE('',*,*,#2274,.T.);
#3390=ORIENTED_EDGE('',*,*,#2252,.T.);
#3391=ORIENTED_EDGE('',*,*,#2256,.F.);
#3392=ORIENTED_EDGE('',*,*,#2253,.F.);
#3393=ORIENTED_EDGE('',*,*,#2248,.F.);
#3394=ORIENTED_EDGE('',*,*,#2275,.F.);
#3395=ORIENTED_EDGE('',*,*,#2264,.T.);
#3396=ORIENTED_EDGE('',*,*,#2275,.T.);
#3397=ORIENTED_EDGE('',*,*,#2247,.F.);
#3398=ORIENTED_EDGE('',*,*,#2276,.F.);
#3399=ORIENTED_EDGE('',*,*,#2258,.T.);
#3400=ORIENTED_EDGE('',*,*,#2276,.T.);
#3401=ORIENTED_EDGE('',*,*,#2246,.F.);
#3402=ORIENTED_EDGE('',*,*,#2255,.T.);
#3403=ORIENTED_EDGE('',*,*,#2257,.F.);
#3404=ORIENTED_EDGE('',*,*,#2250,.F.);
#3405=ORIENTED_EDGE('',*,*,#1836,.F.);
#3406=ORIENTED_EDGE('',*,*,#2277,.F.);
#3407=ORIENTED_EDGE('',*,*,#1869,.T.);
#3408=ORIENTED_EDGE('',*,*,#1904,.T.);
#3409=ORIENTED_EDGE('',*,*,#1908,.T.);
#3410=ORIENTED_EDGE('',*,*,#1877,.T.);
#3411=ORIENTED_EDGE('',*,*,#2269,.T.);
#3412=ORIENTED_EDGE('',*,*,#2277,.T.);
#3413=ORIENTED_EDGE('',*,*,#1846,.F.);
#3414=ORIENTED_EDGE('',*,*,#2278,.F.);
#3415=ORIENTED_EDGE('',*,*,#2270,.T.);
#3416=ORIENTED_EDGE('',*,*,#2278,.T.);
#3417=ORIENTED_EDGE('',*,*,#1845,.F.);
#3418=ORIENTED_EDGE('',*,*,#1914,.F.);
#3419=ORIENTED_EDGE('',*,*,#2267,.T.);
#3420=ORIENTED_EDGE('',*,*,#2279,.F.);
#3421=ORIENTED_EDGE('',*,*,#1782,.F.);
#3422=ORIENTED_EDGE('',*,*,#2280,.T.);
#3423=ORIENTED_EDGE('',*,*,#2281,.F.);
#3424=ORIENTED_EDGE('',*,*,#1779,.F.);
#3425=ORIENTED_EDGE('',*,*,#1741,.T.);
#3426=ORIENTED_EDGE('',*,*,#1915,.T.);
#3427=ORIENTED_EDGE('',*,*,#1843,.F.);
#3428=ORIENTED_EDGE('',*,*,#1910,.F.);
#3429=ORIENTED_EDGE('',*,*,#1722,.F.);
#3430=ORIENTED_EDGE('',*,*,#1783,.F.);
#3431=ORIENTED_EDGE('',*,*,#2279,.T.);
#3432=ORIENTED_EDGE('',*,*,#2266,.T.);
#3433=ORIENTED_EDGE('',*,*,#2265,.T.);
#3434=ORIENTED_EDGE('',*,*,#2282,.F.);
#3435=ORIENTED_EDGE('',*,*,#1780,.F.);
#3436=ORIENTED_EDGE('',*,*,#2281,.T.);
#3437=ORIENTED_EDGE('',*,*,#2268,.T.);
#3438=ORIENTED_EDGE('',*,*,#2280,.F.);
#3439=ORIENTED_EDGE('',*,*,#1781,.F.);
#3440=ORIENTED_EDGE('',*,*,#2282,.T.);
#3441=ORIENTED_EDGE('',*,*,#1726,.T.);
#3442=ORIENTED_EDGE('',*,*,#1727,.T.);
#3443=PLANE('',#3721);
#3444=PLANE('',#3724);
#3445=PLANE('',#3728);
#3446=PLANE('',#3730);
#3447=PLANE('',#3752);
#3448=PLANE('',#3763);
#3449=PLANE('',#3814);
#3450=PLANE('',#3815);
#3451=PLANE('',#3824);
#3452=PLANE('',#3826);
#3453=PLANE('',#4144);
#3454=PLANE('',#4145);
#3455=PLANE('',#4146);
#3456=PLANE('',#4147);
#3457=PLANE('',#4148);
#3458=PLANE('',#4149);
#3459=PLANE('',#4150);
#3460=PLANE('',#4152);
#3461=PLANE('',#4153);
#3462=PLANE('',#4154);
#3463=PLANE('',#4155);
#3464=PLANE('',#4156);
#3465=PLANE('',#4157);
#3466=PLANE('',#4158);
#3467=PLANE('',#4159);
#3468=PLANE('',#4160);
#3469=PLANE('',#4161);
#3470=PLANE('',#4162);
#3471=PLANE('',#4163);
#3472=PLANE('',#4164);
#3473=ADVANCED_FACE('',(#234),#3443,.F.);
#3474=ADVANCED_FACE('',(#235),#202,.F.);
#3475=ADVANCED_FACE('',(#236),#3444,.F.);
#3476=ADVANCED_FACE('',(#237),#203,.F.);
#3477=ADVANCED_FACE('',(#238),#204,.F.);
#3478=ADVANCED_FACE('',(#239),#3445,.F.);
#3479=ADVANCED_FACE('',(#240),#3446,.F.);
#3480=ADVANCED_FACE('',(#241),#173,.T.);
#3481=ADVANCED_FACE('',(#242),#83,.T.);
#3482=ADVANCED_FACE('',(#243),#35,.F.);
#3483=ADVANCED_FACE('',(#244),#205,.T.);
#3484=ADVANCED_FACE('',(#245),#84,.T.);
#3485=ADVANCED_FACE('',(#246),#85,.T.);
#3486=ADVANCED_FACE('',(#247),#206,.T.);
#3487=ADVANCED_FACE('',(#248),#36,.F.);
#3488=ADVANCED_FACE('',(#249),#207,.T.);
#3489=ADVANCED_FACE('',(#250),#3447,.T.);
#3490=ADVANCED_FACE('',(#251),#3448,.T.);
#3491=ADVANCED_FACE('',(#252),#86,.T.);
#3492=ADVANCED_FACE('',(#253),#208,.T.);
#3493=ADVANCED_FACE('',(#254),#87,.T.);
#3494=ADVANCED_FACE('',(#255),#37,.F.);
#3495=ADVANCED_FACE('',(#256),#88,.T.);
#3496=ADVANCED_FACE('',(#257),#209,.F.);
#3497=ADVANCED_FACE('',(#258),#210,.T.);
#3498=ADVANCED_FACE('',(#259,#27),#3449,.F.);
#3499=ADVANCED_FACE('',(#260,#28),#3450,.F.);
#3500=ADVANCED_FACE('',(#261),#23,.F.);
#3501=ADVANCED_FACE('',(#262),#24,.F.);
#3502=ADVANCED_FACE('',(#263),#25,.F.);
#3503=ADVANCED_FACE('',(#264),#26,.T.);
#3504=ADVANCED_FACE('',(#265),#3451,.F.);
#3505=ADVANCED_FACE('',(#266),#3452,.F.);
#3506=ADVANCED_FACE('',(#267),#211,.F.);
#3507=ADVANCED_FACE('',(#268),#212,.F.);
#3508=ADVANCED_FACE('',(#269),#89,.T.);
#3509=ADVANCED_FACE('',(#270),#174,.T.);
#3510=ADVANCED_FACE('',(#271),#90,.T.);
#3511=ADVANCED_FACE('',(#272),#91,.T.);
#3512=ADVANCED_FACE('',(#273),#92,.T.);
#3513=ADVANCED_FACE('',(#274),#93,.T.);
#3514=ADVANCED_FACE('',(#275),#94,.T.);
#3515=ADVANCED_FACE('',(#276),#175,.T.);
#3516=ADVANCED_FACE('',(#277),#176,.T.);
#3517=ADVANCED_FACE('',(#278),#95,.T.);
#3518=ADVANCED_FACE('',(#279),#96,.T.);
#3519=ADVANCED_FACE('',(#280),#97,.T.);
#3520=ADVANCED_FACE('',(#281),#98,.T.);
#3521=ADVANCED_FACE('',(#282),#177,.T.);
#3522=ADVANCED_FACE('',(#283),#178,.T.);
#3523=ADVANCED_FACE('',(#284),#99,.T.);
#3524=ADVANCED_FACE('',(#285),#100,.T.);
#3525=ADVANCED_FACE('',(#286),#101,.T.);
#3526=ADVANCED_FACE('',(#287),#102,.T.);
#3527=ADVANCED_FACE('',(#288),#103,.T.);
#3528=ADVANCED_FACE('',(#289),#104,.T.);
#3529=ADVANCED_FACE('',(#290),#179,.T.);
#3530=ADVANCED_FACE('',(#291),#180,.T.);
#3531=ADVANCED_FACE('',(#292),#105,.T.);
#3532=ADVANCED_FACE('',(#293),#106,.T.);
#3533=ADVANCED_FACE('',(#294),#107,.T.);
#3534=ADVANCED_FACE('',(#295),#108,.T.);
#3535=ADVANCED_FACE('',(#296),#109,.T.);
#3536=ADVANCED_FACE('',(#297),#110,.T.);
#3537=ADVANCED_FACE('',(#298),#181,.T.);
#3538=ADVANCED_FACE('',(#299),#38,.F.);
#3539=ADVANCED_FACE('',(#300),#111,.T.);
#3540=ADVANCED_FACE('',(#301),#182,.T.);
#3541=ADVANCED_FACE('',(#302),#112,.T.);
#3542=ADVANCED_FACE('',(#303),#113,.T.);
#3543=ADVANCED_FACE('',(#304),#39,.F.);
#3544=ADVANCED_FACE('',(#305),#213,.T.);
#3545=ADVANCED_FACE('',(#306),#214,.T.);
#3546=ADVANCED_FACE('',(#307),#40,.F.);
#3547=ADVANCED_FACE('',(#308),#114,.T.);
#3548=ADVANCED_FACE('',(#309),#183,.T.);
#3549=ADVANCED_FACE('',(#310),#115,.T.);
#3550=ADVANCED_FACE('',(#311),#41,.F.);
#3551=ADVANCED_FACE('',(#312),#42,.F.);
#3552=ADVANCED_FACE('',(#313),#116,.T.);
#3553=ADVANCED_FACE('',(#314),#184,.T.);
#3554=ADVANCED_FACE('',(#315),#117,.T.);
#3555=ADVANCED_FACE('',(#316),#118,.T.);
#3556=ADVANCED_FACE('',(#317),#43,.F.);
#3557=ADVANCED_FACE('',(#318),#215,.T.);
#3558=ADVANCED_FACE('',(#319),#44,.F.);
#3559=ADVANCED_FACE('',(#320),#119,.T.);
#3560=ADVANCED_FACE('',(#321),#185,.T.);
#3561=ADVANCED_FACE('',(#322),#120,.T.);
#3562=ADVANCED_FACE('',(#323),#121,.T.);
#3563=ADVANCED_FACE('',(#324),#45,.F.);
#3564=ADVANCED_FACE('',(#325),#216,.T.);
#3565=ADVANCED_FACE('',(#326),#217,.T.);
#3566=ADVANCED_FACE('',(#327),#46,.F.);
#3567=ADVANCED_FACE('',(#328),#122,.T.);
#3568=ADVANCED_FACE('',(#329),#186,.T.);
#3569=ADVANCED_FACE('',(#330),#123,.T.);
#3570=ADVANCED_FACE('',(#331),#124,.T.);
#3571=ADVANCED_FACE('',(#332),#47,.F.);
#3572=ADVANCED_FACE('',(#333),#218,.T.);
#3573=ADVANCED_FACE('',(#334),#48,.F.);
#3574=ADVANCED_FACE('',(#335),#125,.T.);
#3575=ADVANCED_FACE('',(#336),#126,.T.);
#3576=ADVANCED_FACE('',(#337),#49,.F.);
#3577=ADVANCED_FACE('',(#338),#127,.T.);
#3578=ADVANCED_FACE('',(#339),#187,.T.);
#3579=ADVANCED_FACE('',(#340),#128,.T.);
#3580=ADVANCED_FACE('',(#341),#129,.T.);
#3581=ADVANCED_FACE('',(#342),#50,.F.);
#3582=ADVANCED_FACE('',(#343),#219,.T.);
#3583=ADVANCED_FACE('',(#344),#51,.F.);
#3584=ADVANCED_FACE('',(#345),#130,.T.);
#3585=ADVANCED_FACE('',(#346,#29),#188,.T.);
#3586=ADVANCED_FACE('',(#347),#131,.T.);
#3587=ADVANCED_FACE('',(#348),#132,.T.);
#3588=ADVANCED_FACE('',(#349),#52,.F.);
#3589=ADVANCED_FACE('',(#350),#220,.T.);
#3590=ADVANCED_FACE('',(#351),#221,.T.);
#3591=ADVANCED_FACE('',(#352),#53,.F.);
#3592=ADVANCED_FACE('',(#353),#133,.T.);
#3593=ADVANCED_FACE('',(#354),#189,.T.);
#3594=ADVANCED_FACE('',(#355),#134,.T.);
#3595=ADVANCED_FACE('',(#356),#135,.T.);
#3596=ADVANCED_FACE('',(#357),#54,.F.);
#3597=ADVANCED_FACE('',(#358),#222,.T.);
#3598=ADVANCED_FACE('',(#359),#55,.F.);
#3599=ADVANCED_FACE('',(#360),#136,.T.);
#3600=ADVANCED_FACE('',(#361),#190,.T.);
#3601=ADVANCED_FACE('',(#362),#137,.T.);
#3602=ADVANCED_FACE('',(#363),#138,.T.);
#3603=ADVANCED_FACE('',(#364),#56,.F.);
#3604=ADVANCED_FACE('',(#365),#57,.F.);
#3605=ADVANCED_FACE('',(#366),#139,.T.);
#3606=ADVANCED_FACE('',(#367),#191,.T.);
#3607=ADVANCED_FACE('',(#368),#140,.T.);
#3608=ADVANCED_FACE('',(#369),#141,.T.);
#3609=ADVANCED_FACE('',(#370),#58,.F.);
#3610=ADVANCED_FACE('',(#371),#223,.T.);
#3611=ADVANCED_FACE('',(#372),#59,.F.);
#3612=ADVANCED_FACE('',(#373),#142,.T.);
#3613=ADVANCED_FACE('',(#374),#192,.T.);
#3614=ADVANCED_FACE('',(#375),#143,.T.);
#3615=ADVANCED_FACE('',(#376),#144,.T.);
#3616=ADVANCED_FACE('',(#377),#60,.F.);
#3617=ADVANCED_FACE('',(#378),#61,.F.);
#3618=ADVANCED_FACE('',(#379),#145,.T.);
#3619=ADVANCED_FACE('',(#380),#193,.T.);
#3620=ADVANCED_FACE('',(#381),#146,.T.);
#3621=ADVANCED_FACE('',(#382),#147,.T.);
#3622=ADVANCED_FACE('',(#383),#62,.F.);
#3623=ADVANCED_FACE('',(#384),#63,.F.);
#3624=ADVANCED_FACE('',(#385),#148,.T.);
#3625=ADVANCED_FACE('',(#386),#64,.F.);
#3626=ADVANCED_FACE('',(#387),#224,.T.);
#3627=ADVANCED_FACE('',(#388),#225,.T.);
#3628=ADVANCED_FACE('',(#389),#65,.F.);
#3629=ADVANCED_FACE('',(#390),#149,.T.);
#3630=ADVANCED_FACE('',(#391),#194,.T.);
#3631=ADVANCED_FACE('',(#392),#150,.T.);
#3632=ADVANCED_FACE('',(#393),#151,.T.);
#3633=ADVANCED_FACE('',(#394),#66,.F.);
#3634=ADVANCED_FACE('',(#395),#226,.T.);
#3635=ADVANCED_FACE('',(#396),#67,.F.);
#3636=ADVANCED_FACE('',(#397),#152,.T.);
#3637=ADVANCED_FACE('',(#398),#195,.T.);
#3638=ADVANCED_FACE('',(#399),#153,.T.);
#3639=ADVANCED_FACE('',(#400),#154,.T.);
#3640=ADVANCED_FACE('',(#401),#68,.F.);
#3641=ADVANCED_FACE('',(#402),#227,.T.);
#3642=ADVANCED_FACE('',(#403),#69,.F.);
#3643=ADVANCED_FACE('',(#404),#155,.T.);
#3644=ADVANCED_FACE('',(#405),#70,.F.);
#3645=ADVANCED_FACE('',(#406),#228,.T.);
#3646=ADVANCED_FACE('',(#407),#71,.F.);
#3647=ADVANCED_FACE('',(#408),#196,.T.);
#3648=ADVANCED_FACE('',(#409),#156,.T.);
#3649=ADVANCED_FACE('',(#410),#157,.T.);
#3650=ADVANCED_FACE('',(#411),#72,.F.);
#3651=ADVANCED_FACE('',(#412),#229,.T.);
#3652=ADVANCED_FACE('',(#413),#73,.F.);
#3653=ADVANCED_FACE('',(#414),#158,.T.);
#3654=ADVANCED_FACE('',(#415),#197,.T.);
#3655=ADVANCED_FACE('',(#416),#159,.T.);
#3656=ADVANCED_FACE('',(#417),#160,.T.);
#3657=ADVANCED_FACE('',(#418),#74,.F.);
#3658=ADVANCED_FACE('',(#419),#230,.T.);
#3659=ADVANCED_FACE('',(#420),#231,.T.);
#3660=ADVANCED_FACE('',(#421),#75,.F.);
#3661=ADVANCED_FACE('',(#422),#161,.T.);
#3662=ADVANCED_FACE('',(#423),#198,.T.);
#3663=ADVANCED_FACE('',(#424),#162,.T.);
#3664=ADVANCED_FACE('',(#425),#163,.T.);
#3665=ADVANCED_FACE('',(#426),#76,.F.);
#3666=ADVANCED_FACE('',(#427),#77,.F.);
#3667=ADVANCED_FACE('',(#428),#164,.T.);
#3668=ADVANCED_FACE('',(#429),#199,.T.);
#3669=ADVANCED_FACE('',(#430),#165,.T.);
#3670=ADVANCED_FACE('',(#431),#166,.T.);
#3671=ADVANCED_FACE('',(#432),#78,.F.);
#3672=ADVANCED_FACE('',(#433),#167,.T.);
#3673=ADVANCED_FACE('',(#434),#200,.T.);
#3674=ADVANCED_FACE('',(#435),#168,.T.);
#3675=ADVANCED_FACE('',(#436),#79,.F.);
#3676=ADVANCED_FACE('',(#437),#169,.T.);
#3677=ADVANCED_FACE('',(#438),#201,.T.);
#3678=ADVANCED_FACE('',(#439),#170,.T.);
#3679=ADVANCED_FACE('',(#440),#171,.T.);
#3680=ADVANCED_FACE('',(#441),#80,.F.);
#3681=ADVANCED_FACE('',(#442),#232,.T.);
#3682=ADVANCED_FACE('',(#443),#81,.F.);
#3683=ADVANCED_FACE('',(#444),#172,.T.);
#3684=ADVANCED_FACE('',(#445),#82,.F.);
#3685=ADVANCED_FACE('',(#446),#3453,.F.);
#3686=ADVANCED_FACE('',(#447),#3454,.T.);
#3687=ADVANCED_FACE('',(#448),#3455,.T.);
#3688=ADVANCED_FACE('',(#449,#30,#31),#3456,.T.);
#3689=ADVANCED_FACE('',(#450),#3457,.F.);
#3690=ADVANCED_FACE('',(#451),#3458,.F.);
#3691=ADVANCED_FACE('',(#452),#3459,.F.);
#3692=ADVANCED_FACE('',(#453),#3460,.F.);
#3693=ADVANCED_FACE('',(#454),#3461,.T.);
#3694=ADVANCED_FACE('',(#455),#3462,.T.);
#3695=ADVANCED_FACE('',(#456),#3463,.T.);
#3696=ADVANCED_FACE('',(#457),#3464,.T.);
#3697=ADVANCED_FACE('',(#458),#3465,.T.);
#3698=ADVANCED_FACE('',(#459),#3466,.T.);
#3699=ADVANCED_FACE('',(#460,#32,#33),#3467,.T.);
#3700=ADVANCED_FACE('',(#461),#3468,.T.);
#3701=ADVANCED_FACE('',(#462),#3469,.T.);
#3702=ADVANCED_FACE('',(#463),#3470,.T.);
#3703=ADVANCED_FACE('',(#464),#3471,.T.);
#3704=ADVANCED_FACE('',(#465),#3472,.T.);
#3705=ADVANCED_FACE('',(#466,#34),#233,.F.);
#3706=CLOSED_SHELL('',(#3473,#3474,#3475,#3476,#3477,#3478,#3479,#3480,
#3481,#3482,#3483,#3484,#3485,#3486,#3487,#3488,#3489,#3490,#3491,#3492,
#3493,#3494,#3495,#3496,#3497,#3498,#3499,#3500,#3501,#3502,#3503,#3504,
#3505,#3506,#3507,#3508,#3509,#3510,#3511,#3512,#3513,#3514,#3515,#3516,
#3517,#3518,#3519,#3520,#3521,#3522,#3523,#3524,#3525,#3526,#3527,#3528,
#3529,#3530,#3531,#3532,#3533,#3534,#3535,#3536,#3537,#3538,#3539,#3540,
#3541,#3542,#3543,#3544,#3545,#3546,#3547,#3548,#3549,#3550,#3551,#3552,
#3553,#3554,#3555,#3556,#3557,#3558,#3559,#3560,#3561,#3562,#3563,#3564,
#3565,#3566,#3567,#3568,#3569,#3570,#3571,#3572,#3573,#3574,#3575,#3576,
#3577,#3578,#3579,#3580,#3581,#3582,#3583,#3584,#3585,#3586,#3587,#3588,
#3589,#3590,#3591,#3592,#3593,#3594,#3595,#3596,#3597,#3598,#3599,#3600,
#3601,#3602,#3603,#3604,#3605,#3606,#3607,#3608,#3609,#3610,#3611,#3612,
#3613,#3614,#3615,#3616,#3617,#3618,#3619,#3620,#3621,#3622,#3623,#3624,
#3625,#3626,#3627,#3628,#3629,#3630,#3631,#3632,#3633,#3634,#3635,#3636,
#3637,#3638,#3639,#3640,#3641,#3642,#3643,#3644,#3645,#3646,#3647,#3648,
#3649,#3650,#3651,#3652,#3653,#3654,#3655,#3656,#3657,#3658,#3659,#3660,
#3661,#3662,#3663,#3664,#3665,#3666,#3667,#3668,#3669,#3670,#3671,#3672,
#3673,#3674,#3675,#3676,#3677,#3678,#3679,#3680,#3681,#3682,#3683,#3684,
#3685,#3686,#3687,#3688,#3689,#3690,#3691,#3692,#3693,#3694,#3695,#3696,
#3697,#3698,#3699,#3700,#3701,#3702,#3703,#3704,#3705));
#3707=DERIVED_UNIT_ELEMENT(#3709,1.);
#3708=DERIVED_UNIT_ELEMENT(#9685,-3.);
#3709=(
MASS_UNIT()
NAMED_UNIT(*)
SI_UNIT(.KILO.,.GRAM.)
);
#3710=DERIVED_UNIT((#3707,#3708));
#3711=MEASURE_REPRESENTATION_ITEM('density measure',
POSITIVE_RATIO_MEASURE(7850.),#3710);
#3712=PROPERTY_DEFINITION_REPRESENTATION(#3717,#3714);
#3713=PROPERTY_DEFINITION_REPRESENTATION(#3718,#3715);
#3714=REPRESENTATION('material name',(#3716),#9682);
#3715=REPRESENTATION('density',(#3711),#9682);
#3716=DESCRIPTIVE_REPRESENTATION_ITEM('Steel','Steel');
#3717=PROPERTY_DEFINITION('material property','material name',#9697);
#3718=PROPERTY_DEFINITION('material property','density of part',#9697);
#3719=AXIS2_PLACEMENT_3D('',#5137,#4167,#4168);
#3720=AXIS2_PLACEMENT_3D('',#5138,#4169,#4170);
#3721=AXIS2_PLACEMENT_3D('',#5139,#4171,#4172);
#3722=AXIS2_PLACEMENT_3D('',#5172,#4177,#4178);
#3723=AXIS2_PLACEMENT_3D('',#5173,#4179,#4180);
#3724=AXIS2_PLACEMENT_3D('',#5243,#4182,#4183);
#3725=AXIS2_PLACEMENT_3D('',#5245,#4184,#4185);
#3726=AXIS2_PLACEMENT_3D('',#5290,#4189,#4190);
#3727=AXIS2_PLACEMENT_3D('',#5368,#4192,#4193);
#3728=AXIS2_PLACEMENT_3D('',#5445,#4196,#4197);
#3729=AXIS2_PLACEMENT_3D('',#5456,#4199,#4200);
#3730=AXIS2_PLACEMENT_3D('',#5476,#4203,#4204);
#3731=AXIS2_PLACEMENT_3D('',#5522,#4208,#4209);
#3732=AXIS2_PLACEMENT_3D('',#5523,#4210,#4211);
#3733=AXIS2_PLACEMENT_3D('',#5525,#4212,#4213);
#3734=AXIS2_PLACEMENT_3D('',#5527,#4214,#4215);
#3735=AXIS2_PLACEMENT_3D('',#5529,#4216,#4217);
#3736=AXIS2_PLACEMENT_3D('',#5530,#4218,#4219);
#3737=AXIS2_PLACEMENT_3D('',#5531,#4220,#4221);
#3738=AXIS2_PLACEMENT_3D('',#5583,#4222,#4223);
#3739=AXIS2_PLACEMENT_3D('',#5584,#4224,#4225);
#3740=AXIS2_PLACEMENT_3D('',#5586,#4226,#4227);
#3741=AXIS2_PLACEMENT_3D('',#5599,#4228,#4229);
#3742=AXIS2_PLACEMENT_3D('',#5601,#4230,#4231);
#3743=AXIS2_PLACEMENT_3D('',#5603,#4232,#4233);
#3744=AXIS2_PLACEMENT_3D('',#5604,#4234,#4235);
#3745=AXIS2_PLACEMENT_3D('',#5605,#4236,#4237);
#3746=AXIS2_PLACEMENT_3D('',#5606,#4238,#4239);
#3747=AXIS2_PLACEMENT_3D('',#5607,#4240,#4241);
#3748=AXIS2_PLACEMENT_3D('',#5634,#4242,#4243);
#3749=AXIS2_PLACEMENT_3D('',#5677,#4244,#4245);
#3750=AXIS2_PLACEMENT_3D('',#5678,#4246,#4247);
#3751=AXIS2_PLACEMENT_3D('',#5680,#4248,#4249);
#3752=AXIS2_PLACEMENT_3D('',#5693,#4250,#4251);
#3753=AXIS2_PLACEMENT_3D('',#5695,#4252,#4253);
#3754=AXIS2_PLACEMENT_3D('',#5697,#4254,#4255);
#3755=AXIS2_PLACEMENT_3D('',#5699,#4256,#4257);
#3756=AXIS2_PLACEMENT_3D('',#5701,#4258,#4259);
#3757=AXIS2_PLACEMENT_3D('',#5703,#4260,#4261);
#3758=AXIS2_PLACEMENT_3D('',#5705,#4262,#4263);
#3759=AXIS2_PLACEMENT_3D('',#5707,#4264,#4265);
#3760=AXIS2_PLACEMENT_3D('',#5709,#4266,#4267);
#3761=AXIS2_PLACEMENT_3D('',#5710,#4268,#4269);
#3762=AXIS2_PLACEMENT_3D('',#5716,#4272,#4273);
#3763=AXIS2_PLACEMENT_3D('',#5720,#4276,#4277);
#3764=AXIS2_PLACEMENT_3D('',#5721,#4278,#4279);
#3765=AXIS2_PLACEMENT_3D('',#5723,#4280,#4281);
#3766=AXIS2_PLACEMENT_3D('',#5725,#4282,#4283);
#3767=AXIS2_PLACEMENT_3D('',#5727,#4284,#4285);
#3768=AXIS2_PLACEMENT_3D('',#5729,#4286,#4287);
#3769=AXIS2_PLACEMENT_3D('',#5731,#4288,#4289);
#3770=AXIS2_PLACEMENT_3D('',#5733,#4290,#4291);
#3771=AXIS2_PLACEMENT_3D('',#5735,#4292,#4293);
#3772=AXIS2_PLACEMENT_3D('',#5737,#4294,#4295);
#3773=AXIS2_PLACEMENT_3D('',#5739,#4296,#4297);
#3774=AXIS2_PLACEMENT_3D('',#5741,#4298,#4299);
#3775=AXIS2_PLACEMENT_3D('',#5743,#4300,#4301);
#3776=AXIS2_PLACEMENT_3D('',#5745,#4302,#4303);
#3777=AXIS2_PLACEMENT_3D('',#5747,#4304,#4305);
#3778=AXIS2_PLACEMENT_3D('',#5749,#4306,#4307);
#3779=AXIS2_PLACEMENT_3D('',#5751,#4308,#4309);
#3780=AXIS2_PLACEMENT_3D('',#5753,#4310,#4311);
#3781=AXIS2_PLACEMENT_3D('',#5755,#4312,#4313);
#3782=AXIS2_PLACEMENT_3D('',#5757,#4314,#4315);
#3783=AXIS2_PLACEMENT_3D('',#5759,#4316,#4317);
#3784=AXIS2_PLACEMENT_3D('',#5761,#4318,#4319);
#3785=AXIS2_PLACEMENT_3D('',#5763,#4320,#4321);
#3786=AXIS2_PLACEMENT_3D('',#5765,#4322,#4323);
#3787=AXIS2_PLACEMENT_3D('',#5767,#4324,#4325);
#3788=AXIS2_PLACEMENT_3D('',#5769,#4326,#4327);
#3789=AXIS2_PLACEMENT_3D('',#5771,#4328,#4329);
#3790=AXIS2_PLACEMENT_3D('',#5773,#4330,#4331);
#3791=AXIS2_PLACEMENT_3D('',#5775,#4332,#4333);
#3792=AXIS2_PLACEMENT_3D('',#5777,#4334,#4335);
#3793=AXIS2_PLACEMENT_3D('',#5779,#4336,#4337);
#3794=AXIS2_PLACEMENT_3D('',#5781,#4338,#4339);
#3795=AXIS2_PLACEMENT_3D('',#5783,#4340,#4341);
#3796=AXIS2_PLACEMENT_3D('',#5785,#4342,#4343);
#3797=AXIS2_PLACEMENT_3D('',#5787,#4344,#4345);
#3798=AXIS2_PLACEMENT_3D('',#5788,#4346,#4347);
#3799=AXIS2_PLACEMENT_3D('',#5789,#4348,#4349);
#3800=AXIS2_PLACEMENT_3D('',#5791,#4350,#4351);
#3801=AXIS2_PLACEMENT_3D('',#5806,#4352,#4353);
#3802=AXIS2_PLACEMENT_3D('',#5807,#4354,#4355);
#3803=AXIS2_PLACEMENT_3D('',#5833,#4356,#4357);
#3804=AXIS2_PLACEMENT_3D('',#5848,#4358,#4359);
#3805=AXIS2_PLACEMENT_3D('',#5881,#4360,#4361);
#3806=AXIS2_PLACEMENT_3D('',#5887,#4362,#4363);
#3807=AXIS2_PLACEMENT_3D('',#5888,#4364,#4365);
#3808=AXIS2_PLACEMENT_3D('',#5889,#4366,#4367);
#3809=AXIS2_PLACEMENT_3D('',#5891,#4368,#4369);
#3810=AXIS2_PLACEMENT_3D('',#5894,#4371,#4372);
#3811=AXIS2_PLACEMENT_3D('',#5895,#4373,#4374);
#3812=AXIS2_PLACEMENT_3D('',#5897,#4375,#4376);
#3813=AXIS2_PLACEMENT_3D('',#5900,#4378,#4379);
#3814=AXIS2_PLACEMENT_3D('',#5901,#4380,#4381);
#3815=AXIS2_PLACEMENT_3D('',#5902,#4382,#4383);
#3816=AXIS2_PLACEMENT_3D('',#5917,#4390,#4391);
#3817=AXIS2_PLACEMENT_3D('',#5921,#4393,#4394);
#3818=AXIS2_PLACEMENT_3D('',#5925,#4397,#4398);
#3819=AXIS2_PLACEMENT_3D('',#6152,#4399,#4400);
#3820=AXIS2_PLACEMENT_3D('',#6168,#4401,#4402);
#3821=AXIS2_PLACEMENT_3D('',#6231,#4403,#4404);
#3822=AXIS2_PLACEMENT_3D('',#6249,#4405,#4406);
#3823=AXIS2_PLACEMENT_3D('',#6312,#4407,#4408);
#3824=AXIS2_PLACEMENT_3D('',#6505,#4409,#4410);
#3825=AXIS2_PLACEMENT_3D('',#6529,#4411,#4412);
#3826=AXIS2_PLACEMENT_3D('',#6531,#4414,#4415);
#3827=AXIS2_PLACEMENT_3D('',#6533,#4416,#4417);
#3828=AXIS2_PLACEMENT_3D('',#6557,#4419,#4420);
#3829=AXIS2_PLACEMENT_3D('',#6558,#4421,#4422);
#3830=AXIS2_PLACEMENT_3D('',#6559,#4423,#4424);
#3831=AXIS2_PLACEMENT_3D('',#6563,#4427,#4428);
#3832=AXIS2_PLACEMENT_3D('',#6565,#4429,#4430);
#3833=AXIS2_PLACEMENT_3D('',#6568,#4433,#4434);
#3834=AXIS2_PLACEMENT_3D('',#6570,#4435,#4436);
#3835=AXIS2_PLACEMENT_3D('',#6572,#4437,#4438);
#3836=AXIS2_PLACEMENT_3D('',#6573,#4439,#4440);
#3837=AXIS2_PLACEMENT_3D('',#6574,#4441,#4442);
#3838=AXIS2_PLACEMENT_3D('',#6576,#4443,#4444);
#3839=AXIS2_PLACEMENT_3D('',#6577,#4445,#4446);
#3840=AXIS2_PLACEMENT_3D('',#6578,#4447,#4448);
#3841=AXIS2_PLACEMENT_3D('',#6580,#4449,#4450);
#3842=AXIS2_PLACEMENT_3D('',#6581,#4451,#4452);
#3843=AXIS2_PLACEMENT_3D('',#6582,#4453,#4454);
#3844=AXIS2_PLACEMENT_3D('',#6584,#4455,#4456);
#3845=AXIS2_PLACEMENT_3D('',#6586,#4457,#4458);
#3846=AXIS2_PLACEMENT_3D('',#6588,#4459,#4460);
#3847=AXIS2_PLACEMENT_3D('',#6603,#4461,#4462);
#3848=AXIS2_PLACEMENT_3D('',#6604,#4463,#4464);
#3849=AXIS2_PLACEMENT_3D('',#6606,#4465,#4466);
#3850=AXIS2_PLACEMENT_3D('',#6607,#4467,#4468);
#3851=AXIS2_PLACEMENT_3D('',#6608,#4469,#4470);
#3852=AXIS2_PLACEMENT_3D('',#6610,#4471,#4472);
#3853=AXIS2_PLACEMENT_3D('',#6611,#4473,#4474);
#3854=AXIS2_PLACEMENT_3D('',#6612,#4475,#4476);
#3855=AXIS2_PLACEMENT_3D('',#6627,#4477,#4478);
#3856=AXIS2_PLACEMENT_3D('',#6628,#4479,#4480);
#3857=AXIS2_PLACEMENT_3D('',#6630,#4481,#4482);
#3858=AXIS2_PLACEMENT_3D('',#6631,#4483,#4484);
#3859=AXIS2_PLACEMENT_3D('',#6632,#4485,#4486);
#3860=AXIS2_PLACEMENT_3D('',#6634,#4487,#4488);
#3861=AXIS2_PLACEMENT_3D('',#6635,#4489,#4490);
#3862=AXIS2_PLACEMENT_3D('',#6636,#4491,#4492);
#3863=AXIS2_PLACEMENT_3D('',#6638,#4493,#4494);
#3864=AXIS2_PLACEMENT_3D('',#6639,#4495,#4496);
#3865=AXIS2_PLACEMENT_3D('',#6640,#4497,#4498);
#3866=AXIS2_PLACEMENT_3D('',#6655,#4499,#4500);
#3867=AXIS2_PLACEMENT_3D('',#6656,#4501,#4502);
#3868=AXIS2_PLACEMENT_3D('',#6658,#4503,#4504);
#3869=AXIS2_PLACEMENT_3D('',#6659,#4505,#4506);
#3870=AXIS2_PLACEMENT_3D('',#6660,#4507,#4508);
#3871=AXIS2_PLACEMENT_3D('',#6675,#4509,#4510);
#3872=AXIS2_PLACEMENT_3D('',#6676,#4511,#4512);
#3873=AXIS2_PLACEMENT_3D('',#6678,#4513,#4514);
#3874=AXIS2_PLACEMENT_3D('',#6679,#4515,#4516);
#3875=AXIS2_PLACEMENT_3D('',#6680,#4517,#4518);
#3876=AXIS2_PLACEMENT_3D('',#6682,#4519,#4520);
#3877=AXIS2_PLACEMENT_3D('',#6683,#4521,#4522);
#3878=AXIS2_PLACEMENT_3D('',#6684,#4523,#4524);
#3879=AXIS2_PLACEMENT_3D('',#6685,#4525,#4526);
#3880=AXIS2_PLACEMENT_3D('',#6700,#4527,#4528);
#3881=AXIS2_PLACEMENT_3D('',#6701,#4529,#4530);
#3882=AXIS2_PLACEMENT_3D('',#6703,#4531,#4532);
#3883=AXIS2_PLACEMENT_3D('',#6704,#4533,#4534);
#3884=AXIS2_PLACEMENT_3D('',#6705,#4535,#4536);
#3885=AXIS2_PLACEMENT_3D('',#6706,#4537,#4538);
#3886=AXIS2_PLACEMENT_3D('',#6707,#4539,#4540);
#3887=AXIS2_PLACEMENT_3D('',#6722,#4541,#4542);
#3888=AXIS2_PLACEMENT_3D('',#6723,#4543,#4544);
#3889=AXIS2_PLACEMENT_3D('',#6725,#4545,#4546);
#3890=AXIS2_PLACEMENT_3D('',#6726,#4547,#4548);
#3891=AXIS2_PLACEMENT_3D('',#6727,#4549,#4550);
#3892=AXIS2_PLACEMENT_3D('',#6728,#4551,#4552);
#3893=AXIS2_PLACEMENT_3D('',#6729,#4553,#4554);
#3894=AXIS2_PLACEMENT_3D('',#6731,#4555,#4556);
#3895=AXIS2_PLACEMENT_3D('',#6732,#4557,#4558);
#3896=AXIS2_PLACEMENT_3D('',#6733,#4559,#4560);
#3897=AXIS2_PLACEMENT_3D('',#6735,#4561,#4562);
#3898=AXIS2_PLACEMENT_3D('',#6736,#4563,#4564);
#3899=AXIS2_PLACEMENT_3D('',#6737,#4565,#4566);
#3900=AXIS2_PLACEMENT_3D('',#6738,#4567,#4568);
#3901=AXIS2_PLACEMENT_3D('',#6753,#4569,#4570);
#3902=AXIS2_PLACEMENT_3D('',#6754,#4571,#4572);
#3903=AXIS2_PLACEMENT_3D('',#6756,#4573,#4574);
#3904=AXIS2_PLACEMENT_3D('',#6757,#4575,#4576);
#3905=AXIS2_PLACEMENT_3D('',#6758,#4577,#4578);
#3906=AXIS2_PLACEMENT_3D('',#6759,#4579,#4580);
#3907=AXIS2_PLACEMENT_3D('',#6760,#4581,#4582);
#3908=AXIS2_PLACEMENT_3D('',#6775,#4583,#4584);
#3909=AXIS2_PLACEMENT_3D('',#6776,#4585,#4586);
#3910=AXIS2_PLACEMENT_3D('',#6778,#4587,#4588);
#3911=AXIS2_PLACEMENT_3D('',#6779,#4589,#4590);
#3912=AXIS2_PLACEMENT_3D('',#6780,#4591,#4592);
#3913=AXIS2_PLACEMENT_3D('',#6781,#4593,#4594);
#3914=AXIS2_PLACEMENT_3D('',#6782,#4595,#4596);
#3915=AXIS2_PLACEMENT_3D('',#6783,#4597,#4598);
#3916=AXIS2_PLACEMENT_3D('',#6832,#4599,#4600);
#3917=AXIS2_PLACEMENT_3D('',#6834,#4601,#4602);
#3918=AXIS2_PLACEMENT_3D('',#6849,#4603,#4604);
#3919=AXIS2_PLACEMENT_3D('',#6850,#4605,#4606);
#3920=AXIS2_PLACEMENT_3D('',#6852,#4607,#4608);
#3921=AXIS2_PLACEMENT_3D('',#6853,#4609,#4610);
#3922=AXIS2_PLACEMENT_3D('',#6854,#4611,#4612);
#3923=AXIS2_PLACEMENT_3D('',#6862,#4613,#4614);
#3924=AXIS2_PLACEMENT_3D('',#6864,#4615,#4616);
#3925=AXIS2_PLACEMENT_3D('',#6921,#4617,#4618);
#3926=AXIS2_PLACEMENT_3D('',#6934,#4619,#4620);
#3927=AXIS2_PLACEMENT_3D('',#6977,#4621,#4622);
#3928=AXIS2_PLACEMENT_3D('',#6979,#4623,#4624);
#3929=AXIS2_PLACEMENT_3D('',#6993,#4625,#4626);
#3930=AXIS2_PLACEMENT_3D('',#6994,#4627,#4628);
#3931=AXIS2_PLACEMENT_3D('',#6995,#4629,#4630);
#3932=AXIS2_PLACEMENT_3D('',#7091,#4631,#4632);
#3933=AXIS2_PLACEMENT_3D('',#7097,#4633,#4634);
#3934=AXIS2_PLACEMENT_3D('',#7113,#4635,#4636);
#3935=AXIS2_PLACEMENT_3D('',#7114,#4637,#4638);
#3936=AXIS2_PLACEMENT_3D('',#7115,#4639,#4640);
#3937=AXIS2_PLACEMENT_3D('',#7117,#4641,#4642);
#3938=AXIS2_PLACEMENT_3D('',#7119,#4643,#4644);
#3939=AXIS2_PLACEMENT_3D('',#7120,#4645,#4646);
#3940=AXIS2_PLACEMENT_3D('',#7121,#4647,#4648);
#3941=AXIS2_PLACEMENT_3D('',#7129,#4649,#4650);
#3942=AXIS2_PLACEMENT_3D('',#7143,#4651,#4652);
#3943=AXIS2_PLACEMENT_3D('',#7169,#4653,#4654);
#3944=AXIS2_PLACEMENT_3D('',#7227,#4655,#4656);
#3945=AXIS2_PLACEMENT_3D('',#7233,#4657,#4658);
#3946=AXIS2_PLACEMENT_3D('',#7249,#4659,#4660);
#3947=AXIS2_PLACEMENT_3D('',#7250,#4661,#4662);
#3948=AXIS2_PLACEMENT_3D('',#7251,#4663,#4664);
#3949=AXIS2_PLACEMENT_3D('',#7253,#4665,#4666);
#3950=AXIS2_PLACEMENT_3D('',#7255,#4667,#4668);
#3951=AXIS2_PLACEMENT_3D('',#7256,#4669,#4670);
#3952=AXIS2_PLACEMENT_3D('',#7257,#4671,#4672);
#3953=AXIS2_PLACEMENT_3D('',#7265,#4673,#4674);
#3954=AXIS2_PLACEMENT_3D('',#7281,#4675,#4676);
#3955=AXIS2_PLACEMENT_3D('',#7282,#4677,#4678);
#3956=AXIS2_PLACEMENT_3D('',#7326,#4679,#4680);
#3957=AXIS2_PLACEMENT_3D('',#7339,#4681,#4682);
#3958=AXIS2_PLACEMENT_3D('',#7397,#4683,#4684);
#3959=AXIS2_PLACEMENT_3D('',#7403,#4685,#4686);
#3960=AXIS2_PLACEMENT_3D('',#7419,#4687,#4688);
#3961=AXIS2_PLACEMENT_3D('',#7420,#4689,#4690);
#3962=AXIS2_PLACEMENT_3D('',#7421,#4691,#4692);
#3963=AXIS2_PLACEMENT_3D('',#7423,#4693,#4694);
#3964=AXIS2_PLACEMENT_3D('',#7425,#4695,#4696);
#3965=AXIS2_PLACEMENT_3D('',#7426,#4697,#4698);
#3966=AXIS2_PLACEMENT_3D('',#7427,#4699,#4700);
#3967=AXIS2_PLACEMENT_3D('',#7435,#4701,#4702);
#3968=AXIS2_PLACEMENT_3D('',#7449,#4703,#4704);
#3969=AXIS2_PLACEMENT_3D('',#7475,#4705,#4706);
#3970=AXIS2_PLACEMENT_3D('',#7518,#4707,#4708);
#3971=AXIS2_PLACEMENT_3D('',#7533,#4709,#4710);
#3972=AXIS2_PLACEMENT_3D('',#7534,#4711,#4712);
#3973=AXIS2_PLACEMENT_3D('',#7549,#4713,#4714);
#3974=AXIS2_PLACEMENT_3D('',#7581,#4715,#4716);
#3975=AXIS2_PLACEMENT_3D('',#7582,#4717,#4718);
#3976=AXIS2_PLACEMENT_3D('',#7583,#4719,#4720);
#3977=AXIS2_PLACEMENT_3D('',#7584,#4721,#4722);
#3978=AXIS2_PLACEMENT_3D('',#7585,#4723,#4724);
#3979=AXIS2_PLACEMENT_3D('',#7587,#4725,#4726);
#3980=AXIS2_PLACEMENT_3D('',#7589,#4727,#4728);
#3981=AXIS2_PLACEMENT_3D('',#7590,#4729,#4730);
#3982=AXIS2_PLACEMENT_3D('',#7591,#4731,#4732);
#3983=AXIS2_PLACEMENT_3D('',#7599,#4733,#4734);
#3984=AXIS2_PLACEMENT_3D('',#7615,#4735,#4736);
#3985=AXIS2_PLACEMENT_3D('',#7616,#4737,#4738);
#3986=AXIS2_PLACEMENT_3D('',#7660,#4739,#4740);
#3987=AXIS2_PLACEMENT_3D('',#7718,#4741,#4742);
#3988=AXIS2_PLACEMENT_3D('',#7724,#4743,#4744);
#3989=AXIS2_PLACEMENT_3D('',#7740,#4745,#4746);
#3990=AXIS2_PLACEMENT_3D('',#7741,#4747,#4748);
#3991=AXIS2_PLACEMENT_3D('',#7742,#4749,#4750);
#3992=AXIS2_PLACEMENT_3D('',#7744,#4751,#4752);
#3993=AXIS2_PLACEMENT_3D('',#7746,#4753,#4754);
#3994=AXIS2_PLACEMENT_3D('',#7747,#4755,#4756);
#3995=AXIS2_PLACEMENT_3D('',#7748,#4757,#4758);
#3996=AXIS2_PLACEMENT_3D('',#7756,#4759,#4760);
#3997=AXIS2_PLACEMENT_3D('',#7772,#4761,#4762);
#3998=AXIS2_PLACEMENT_3D('',#7773,#4763,#4764);
#3999=AXIS2_PLACEMENT_3D('',#7817,#4765,#4766);
#4000=AXIS2_PLACEMENT_3D('',#7830,#4767,#4768);
#4001=AXIS2_PLACEMENT_3D('',#7874,#4769,#4770);
#4002=AXIS2_PLACEMENT_3D('',#7875,#4771,#4772);
#4003=AXIS2_PLACEMENT_3D('',#7890,#4773,#4774);
#4004=AXIS2_PLACEMENT_3D('',#7891,#4775,#4776);
#4005=AXIS2_PLACEMENT_3D('',#7893,#4777,#4778);
#4006=AXIS2_PLACEMENT_3D('',#7895,#4779,#4780);
#4007=AXIS2_PLACEMENT_3D('',#7896,#4781,#4782);
#4008=AXIS2_PLACEMENT_3D('',#7897,#4783,#4784);
#4009=AXIS2_PLACEMENT_3D('',#7905,#4785,#4786);
#4010=AXIS2_PLACEMENT_3D('',#7921,#4787,#4788);
#4011=AXIS2_PLACEMENT_3D('',#7922,#4789,#4790);
#4012=AXIS2_PLACEMENT_3D('',#7966,#4791,#4792);
#4013=AXIS2_PLACEMENT_3D('',#8010,#4793,#4794);
#4014=AXIS2_PLACEMENT_3D('',#8011,#4795,#4796);
#4015=AXIS2_PLACEMENT_3D('',#8026,#4797,#4798);
#4016=AXIS2_PLACEMENT_3D('',#8027,#4799,#4800);
#4017=AXIS2_PLACEMENT_3D('',#8029,#4801,#4802);
#4018=AXIS2_PLACEMENT_3D('',#8031,#4803,#4804);
#4019=AXIS2_PLACEMENT_3D('',#8032,#4805,#4806);
#4020=AXIS2_PLACEMENT_3D('',#8033,#4807,#4808);
#4021=AXIS2_PLACEMENT_3D('',#8041,#4809,#4810);
#4022=AXIS2_PLACEMENT_3D('',#8057,#4811,#4812);
#4023=AXIS2_PLACEMENT_3D('',#8058,#4813,#4814);
#4024=AXIS2_PLACEMENT_3D('',#8133,#4815,#4816);
#4025=AXIS2_PLACEMENT_3D('',#8134,#4817,#4818);
#4026=AXIS2_PLACEMENT_3D('',#8149,#4819,#4820);
#4027=AXIS2_PLACEMENT_3D('',#8150,#4821,#4822);
#4028=AXIS2_PLACEMENT_3D('',#8152,#4823,#4824);
#4029=AXIS2_PLACEMENT_3D('',#8153,#4825,#4826);
#4030=AXIS2_PLACEMENT_3D('',#8154,#4827,#4828);
#4031=AXIS2_PLACEMENT_3D('',#8155,#4829,#4830);
#4032=AXIS2_PLACEMENT_3D('',#8163,#4831,#4832);
#4033=AXIS2_PLACEMENT_3D('',#8202,#4833,#4834);
#4034=AXIS2_PLACEMENT_3D('',#8246,#4835,#4836);
#4035=AXIS2_PLACEMENT_3D('',#8247,#4837,#4838);
#4036=AXIS2_PLACEMENT_3D('',#8262,#4839,#4840);
#4037=AXIS2_PLACEMENT_3D('',#8263,#4841,#4842);
#4038=AXIS2_PLACEMENT_3D('',#8265,#4843,#4844);
#4039=AXIS2_PLACEMENT_3D('',#8267,#4845,#4846);
#4040=AXIS2_PLACEMENT_3D('',#8268,#4847,#4848);
#4041=AXIS2_PLACEMENT_3D('',#8269,#4849,#4850);
#4042=AXIS2_PLACEMENT_3D('',#8277,#4851,#4852);
#4043=AXIS2_PLACEMENT_3D('',#8291,#4853,#4854);
#4044=AXIS2_PLACEMENT_3D('',#8348,#4855,#4856);
#4045=AXIS2_PLACEMENT_3D('',#8349,#4857,#4858);
#4046=AXIS2_PLACEMENT_3D('',#8364,#4859,#4860);
#4047=AXIS2_PLACEMENT_3D('',#8365,#4861,#4862);
#4048=AXIS2_PLACEMENT_3D('',#8367,#4863,#4864);
#4049=AXIS2_PLACEMENT_3D('',#8369,#4865,#4866);
#4050=AXIS2_PLACEMENT_3D('',#8370,#4867,#4868);
#4051=AXIS2_PLACEMENT_3D('',#8371,#4869,#4870);
#4052=AXIS2_PLACEMENT_3D('',#8379,#4871,#4872);
#4053=AXIS2_PLACEMENT_3D('',#8393,#4873,#4874);
#4054=AXIS2_PLACEMENT_3D('',#8467,#4875,#4876);
#4055=AXIS2_PLACEMENT_3D('',#8518,#4877,#4878);
#4056=AXIS2_PLACEMENT_3D('',#8531,#4879,#4880);
#4057=AXIS2_PLACEMENT_3D('',#8589,#4881,#4882);
#4058=AXIS2_PLACEMENT_3D('',#8595,#4883,#4884);
#4059=AXIS2_PLACEMENT_3D('',#8611,#4885,#4886);
#4060=AXIS2_PLACEMENT_3D('',#8612,#4887,#4888);
#4061=AXIS2_PLACEMENT_3D('',#8613,#4889,#4890);
#4062=AXIS2_PLACEMENT_3D('',#8615,#4891,#4892);
#4063=AXIS2_PLACEMENT_3D('',#8617,#4893,#4894);
#4064=AXIS2_PLACEMENT_3D('',#8618,#4895,#4896);
#4065=AXIS2_PLACEMENT_3D('',#8619,#4897,#4898);
#4066=AXIS2_PLACEMENT_3D('',#8627,#4899,#4900);
#4067=AXIS2_PLACEMENT_3D('',#8642,#4901,#4902);
#4068=AXIS2_PLACEMENT_3D('',#8643,#4903,#4904);
#4069=AXIS2_PLACEMENT_3D('',#8669,#4905,#4906);
#4070=AXIS2_PLACEMENT_3D('',#8727,#4907,#4908);
#4071=AXIS2_PLACEMENT_3D('',#8733,#4909,#4910);
#4072=AXIS2_PLACEMENT_3D('',#8749,#4911,#4912);
#4073=AXIS2_PLACEMENT_3D('',#8750,#4913,#4914);
#4074=AXIS2_PLACEMENT_3D('',#8751,#4915,#4916);
#4075=AXIS2_PLACEMENT_3D('',#8753,#4917,#4918);
#4076=AXIS2_PLACEMENT_3D('',#8755,#4919,#4920);
#4077=AXIS2_PLACEMENT_3D('',#8756,#4921,#4922);
#4078=AXIS2_PLACEMENT_3D('',#8757,#4923,#4924);
#4079=AXIS2_PLACEMENT_3D('',#8765,#4925,#4926);
#4080=AXIS2_PLACEMENT_3D('',#8779,#4927,#4928);
#4081=AXIS2_PLACEMENT_3D('',#8805,#4929,#4930);
#4082=AXIS2_PLACEMENT_3D('',#8848,#4931,#4932);
#4083=AXIS2_PLACEMENT_3D('',#8899,#4933,#4934);
#4084=AXIS2_PLACEMENT_3D('',#8942,#4935,#4936);
#4085=AXIS2_PLACEMENT_3D('',#8944,#4937,#4938);
#4086=AXIS2_PLACEMENT_3D('',#8946,#4939,#4940);
#4087=AXIS2_PLACEMENT_3D('',#8947,#4941,#4942);
#4088=AXIS2_PLACEMENT_3D('',#8948,#4943,#4944);
#4089=AXIS2_PLACEMENT_3D('',#8956,#4945,#4946);
#4090=AXIS2_PLACEMENT_3D('',#8972,#4947,#4948);
#4091=AXIS2_PLACEMENT_3D('',#8973,#4949,#4950);
#4092=AXIS2_PLACEMENT_3D('',#9017,#4951,#4952);
#4093=AXIS2_PLACEMENT_3D('',#9075,#4953,#4954);
#4094=AXIS2_PLACEMENT_3D('',#9081,#4955,#4956);
#4095=AXIS2_PLACEMENT_3D('',#9097,#4957,#4958);
#4096=AXIS2_PLACEMENT_3D('',#9098,#4959,#4960);
#4097=AXIS2_PLACEMENT_3D('',#9099,#4961,#4962);
#4098=AXIS2_PLACEMENT_3D('',#9101,#4963,#4964);
#4099=AXIS2_PLACEMENT_3D('',#9103,#4965,#4966);
#4100=AXIS2_PLACEMENT_3D('',#9104,#4967,#4968);
#4101=AXIS2_PLACEMENT_3D('',#9105,#4969,#4970);
#4102=AXIS2_PLACEMENT_3D('',#9113,#4971,#4972);
#4103=AXIS2_PLACEMENT_3D('',#9129,#4973,#4974);
#4104=AXIS2_PLACEMENT_3D('',#9130,#4975,#4976);
#4105=AXIS2_PLACEMENT_3D('',#9174,#4977,#4978);
#4106=AXIS2_PLACEMENT_3D('',#9187,#4979,#4980);
#4107=AXIS2_PLACEMENT_3D('',#9231,#4981,#4982);
#4108=AXIS2_PLACEMENT_3D('',#9232,#4983,#4984);
#4109=AXIS2_PLACEMENT_3D('',#9247,#4985,#4986);
#4110=AXIS2_PLACEMENT_3D('',#9248,#4987,#4988);
#4111=AXIS2_PLACEMENT_3D('',#9250,#4989,#4990);
#4112=AXIS2_PLACEMENT_3D('',#9252,#4991,#4992);
#4113=AXIS2_PLACEMENT_3D('',#9253,#4993,#4994);
#4114=AXIS2_PLACEMENT_3D('',#9254,#4995,#4996);
#4115=AXIS2_PLACEMENT_3D('',#9262,#4997,#4998);
#4116=AXIS2_PLACEMENT_3D('',#9276,#4999,#5000);
#4117=AXIS2_PLACEMENT_3D('',#9333,#5001,#5002);
#4118=AXIS2_PLACEMENT_3D('',#9334,#5003,#5004);
#4119=AXIS2_PLACEMENT_3D('',#9349,#5005,#5006);
#4120=AXIS2_PLACEMENT_3D('',#9350,#5007,#5008);
#4121=AXIS2_PLACEMENT_3D('',#9352,#5009,#5010);
#4122=AXIS2_PLACEMENT_3D('',#9354,#5011,#5012);
#4123=AXIS2_PLACEMENT_3D('',#9355,#5013,#5014);
#4124=AXIS2_PLACEMENT_3D('',#9356,#5015,#5016);
#4125=AXIS2_PLACEMENT_3D('',#9364,#5017,#5018);
#4126=AXIS2_PLACEMENT_3D('',#9378,#5019,#5020);
#4127=AXIS2_PLACEMENT_3D('',#9404,#5021,#5022);
#4128=AXIS2_PLACEMENT_3D('',#9419,#5023,#5024);
#4129=AXIS2_PLACEMENT_3D('',#9420,#5025,#5026);
#4130=AXIS2_PLACEMENT_3D('',#9421,#5027,#5028);
#4131=AXIS2_PLACEMENT_3D('',#9422,#5029,#5030);
#4132=AXIS2_PLACEMENT_3D('',#9454,#5031,#5032);
#4133=AXIS2_PLACEMENT_3D('',#9455,#5033,#5034);
#4134=AXIS2_PLACEMENT_3D('',#9470,#5035,#5036);
#4135=AXIS2_PLACEMENT_3D('',#9471,#5037,#5038);
#4136=AXIS2_PLACEMENT_3D('',#9473,#5039,#5040);
#4137=AXIS2_PLACEMENT_3D('',#9475,#5041,#5042);
#4138=AXIS2_PLACEMENT_3D('',#9476,#5043,#5044);
#4139=AXIS2_PLACEMENT_3D('',#9477,#5045,#5046);
#4140=AXIS2_PLACEMENT_3D('',#9485,#5047,#5048);
#4141=AXIS2_PLACEMENT_3D('',#9499,#5049,#5050);
#4142=AXIS2_PLACEMENT_3D('',#9525,#5051,#5052);
#4143=AXIS2_PLACEMENT_3D('',#9568,#5053,#5054);
#4144=AXIS2_PLACEMENT_3D('',#9601,#5055,#5056);
#4145=AXIS2_PLACEMENT_3D('',#9610,#5061,#5062);
#4146=AXIS2_PLACEMENT_3D('',#9616,#5066,#5067);
#4147=AXIS2_PLACEMENT_3D('',#9622,#5071,#5072);
#4148=AXIS2_PLACEMENT_3D('',#9625,#5075,#5076);
#4149=AXIS2_PLACEMENT_3D('',#9627,#5078,#5079);
#4150=AXIS2_PLACEMENT_3D('',#9639,#5086,#5087);
#4151=AXIS2_PLACEMENT_3D('',#9647,#5091,#5092);
#4152=AXIS2_PLACEMENT_3D('',#9648,#5093,#5094);
#4153=AXIS2_PLACEMENT_3D('',#9652,#5097,#5098);
#4154=AXIS2_PLACEMENT_3D('',#9654,#5100,#5101);
#4155=AXIS2_PLACEMENT_3D('',#9656,#5103,#5104);
#4156=AXIS2_PLACEMENT_3D('',#9658,#5106,#5107);
#4157=AXIS2_PLACEMENT_3D('',#9660,#5109,#5110);
#4158=AXIS2_PLACEMENT_3D('',#9662,#5112,#5113);
#4159=AXIS2_PLACEMENT_3D('',#9664,#5115,#5116);
#4160=AXIS2_PLACEMENT_3D('',#9666,#5118,#5119);
#4161=AXIS2_PLACEMENT_3D('',#9668,#5121,#5122);
#4162=AXIS2_PLACEMENT_3D('',#9669,#5123,#5124);
#4163=AXIS2_PLACEMENT_3D('',#9672,#5127,#5128);
#4164=AXIS2_PLACEMENT_3D('',#9674,#5130,#5131);
#4165=AXIS2_PLACEMENT_3D('',#9676,#5133,#5134);
#4166=AXIS2_PLACEMENT_3D('',#9677,#5135,#5136);
#4167=DIRECTION('axis',(0.,0.,1.));
#4168=DIRECTION('refdir',(1.,0.,0.));
#4169=DIRECTION('axis',(0.,0.,1.));
#4170=DIRECTION('refdir',(1.,0.,0.));
#4171=DIRECTION('center_axis',(1.24344978758018E-14,-1.,4.30424926470061E-14));
#4172=DIRECTION('ref_axis',(5.2909315491388E-28,-4.30424926470061E-14,-1.));
#4173=DIRECTION('',(1.,1.24344978758018E-14,0.));
#4174=DIRECTION('',(0.,0.,1.));
#4175=DIRECTION('',(1.,1.24344978758018E-14,0.));
#4176=DIRECTION('',(0.,0.,-1.));
#4177=DIRECTION('center_axis',(1.24344978758018E-14,-1.,4.30424926470061E-14));
#4178=DIRECTION('ref_axis',(0.,4.30424926470061E-14,1.));
#4179=DIRECTION('center_axis',(1.,1.24344978758018E-14,0.));
#4180=DIRECTION('ref_axis',(-1.24344978758018E-14,1.,3.70074341541786E-16));
#4181=DIRECTION('',(1.,1.24344978758018E-14,0.));
#4182=DIRECTION('center_axis',(-1.24344978758018E-14,1.,0.));
#4183=DIRECTION('ref_axis',(0.,0.,1.));
#4184=DIRECTION('center_axis',(-1.24344978758018E-14,1.,0.));
#4185=DIRECTION('ref_axis',(0.,0.,-1.));
#4186=DIRECTION('',(0.,0.,1.));
#4187=DIRECTION('',(-1.,-1.24344978758018E-14,0.));
#4188=DIRECTION('',(0.,0.,1.));
#4189=DIRECTION('center_axis',(1.,1.24344978758018E-14,0.));
#4190=DIRECTION('ref_axis',(-1.24344978758018E-14,1.,0.));
#4191=DIRECTION('',(1.,1.24344978758018E-14,0.));
#4192=DIRECTION('center_axis',(1.,1.2267964422108E-14,0.));
#4193=DIRECTION('ref_axis',(-1.2267964422108E-14,1.,-3.70074341541787E-16));
#4194=DIRECTION('',(1.,1.2267964422108E-14,0.));
#4195=DIRECTION('',(1.,1.2267964422108E-14,0.));
#4196=DIRECTION('center_axis',(-1.2267964422108E-14,1.,4.2444680249131E-14));
#4197=DIRECTION('ref_axis',(5.2174463887341E-28,-4.2444680249131E-14,1.));
#4198=DIRECTION('',(0.,0.,-1.));
#4199=DIRECTION('center_axis',(-1.2267964422108E-14,1.,4.2444680249131E-14));
#4200=DIRECTION('ref_axis',(0.,4.2444680249131E-14,-1.));
#4201=DIRECTION('',(0.,0.,1.));
#4202=DIRECTION('',(-1.,-1.2267964422108E-14,0.));
#4203=DIRECTION('center_axis',(1.2267964422108E-14,-1.,0.));
#4204=DIRECTION('ref_axis',(0.,0.,-1.));
#4205=DIRECTION('',(0.,0.,1.));
#4206=DIRECTION('',(1.,1.2267964422108E-14,0.));
#4207=DIRECTION('',(0.,0.,-1.));
#4208=DIRECTION('center_axis',(1.2267964422108E-14,-1.,0.));
#4209=DIRECTION('ref_axis',(0.,0.,1.));
#4210=DIRECTION('center_axis',(1.09915717518528E-17,0.,1.));
#4211=DIRECTION('ref_axis',(-0.70709913944042,-0.707114422850091,5.02471851513271E-17));
#4212=DIRECTION('center_axis',(-2.39480410390989E-14,-2.09769854308544E-14,
-1.));
#4213=DIRECTION('ref_axis',(-0.707106781186551,-0.707106781186544,3.17630676328142E-14));
#4214=DIRECTION('center_axis',(0.793353340291235,-0.608761429008721,1.13949497371511E-17));
#4215=DIRECTION('ref_axis',(-0.608761429008721,-0.793353340291235,1.22400665727437E-12));
#4216=DIRECTION('center_axis',(-5.37702896809512E-17,-2.22723832385801E-17,
-1.));
#4217=DIRECTION('ref_axis',(-0.707106781186548,-0.707106781186547,5.37702896809512E-17));
#4218=DIRECTION('center_axis',(-0.608761429008721,0.793353340291235,-2.54318120703985E-17));
#4219=DIRECTION('ref_axis',(-0.793353340291235,-0.608761429008721,1.22395439690877E-12));
#4220=DIRECTION('center_axis',(-2.48887589369083E-17,-5.1153913982623E-17,
-1.));
#4221=DIRECTION('ref_axis',(-0.707106781186547,-0.707106781186548,5.40224727875876E-17));
#4222=DIRECTION('center_axis',(-0.234643972200124,-0.305793978155449,0.922730865005616));
#4223=DIRECTION('ref_axis',(-0.60989464390424,-0.692844451170207,-0.384701299477369));
#4224=DIRECTION('center_axis',(0.,0.,1.));
#4225=DIRECTION('ref_axis',(1.,0.,0.));
#4226=DIRECTION('center_axis',(0.,0.,-1.));
#4227=DIRECTION('ref_axis',(1.,0.,0.));
#4228=DIRECTION('center_axis',(0.608761429008721,-0.793353340291235,2.54318120703985E-17));
#4229=DIRECTION('ref_axis',(-1.57308182504319E-17,0.,-1.));
#4230=DIRECTION('center_axis',(0.608761429008721,-0.793353340291235,2.54318120703985E-17));
#4231=DIRECTION('ref_axis',(-0.793353340291235,-0.608761429008721,1.22399262041204E-12));
#4232=DIRECTION('center_axis',(-0.305793978155448,-0.234643972200124,0.922730865005616));
#4233=DIRECTION('ref_axis',(-0.768434327118933,-0.511383999637941,-0.384701299477369));
#4234=DIRECTION('center_axis',(-0.608761429008721,0.793353340291235,-2.54318120703985E-17));
#4235=DIRECTION('ref_axis',(-0.793353340291235,-0.608761429008721,1.22399262041204E-12));
#4236=DIRECTION('center_axis',(-0.608761429008721,0.793353340291235,-2.54318120703985E-17));
#4237=DIRECTION('ref_axis',(2.5169309200691E-17,0.,1.));
#4238=DIRECTION('center_axis',(0.305793978154023,0.23464397219903,-0.922730865006366));
#4239=DIRECTION('ref_axis',(-0.692844451171328,-0.609894643904084,-0.384701299475595));
#4240=DIRECTION('center_axis',(0.,0.,1.));
#4241=DIRECTION('ref_axis',(1.,0.,0.));
#4242=DIRECTION('center_axis',(0.,0.,-1.));
#4243=DIRECTION('ref_axis',(1.,0.,0.));
#4244=DIRECTION('center_axis',(-0.305793978155449,0.234643972200124,0.922730865005616));
#4245=DIRECTION('ref_axis',(-0.692844451170207,0.60989464390424,-0.384701299477369));
#4246=DIRECTION('center_axis',(0.,0.,1.));
#4247=DIRECTION('ref_axis',(1.,0.,0.));
#4248=DIRECTION('center_axis',(0.,0.,-1.));
#4249=DIRECTION('ref_axis',(1.,0.,0.));
#4250=DIRECTION('center_axis',(0.,0.,-1.));
#4251=DIRECTION('ref_axis',(1.,0.,0.));
#4252=DIRECTION('center_axis',(0.,0.,-1.));
#4253=DIRECTION('ref_axis',(1.,0.,0.));
#4254=DIRECTION('center_axis',(0.,0.,-1.));
#4255=DIRECTION('ref_axis',(1.,0.,0.));
#4256=DIRECTION('center_axis',(0.,0.,-1.));
#4257=DIRECTION('ref_axis',(1.,0.,0.));
#4258=DIRECTION('center_axis',(0.,0.,-1.));
#4259=DIRECTION('ref_axis',(1.,0.,0.));
#4260=DIRECTION('center_axis',(0.,0.,-1.));
#4261=DIRECTION('ref_axis',(1.,0.,0.));
#4262=DIRECTION('center_axis',(0.,0.,-1.));
#4263=DIRECTION('ref_axis',(1.,0.,0.));
#4264=DIRECTION('center_axis',(0.,0.,-1.));
#4265=DIRECTION('ref_axis',(1.,0.,0.));
#4266=DIRECTION('center_axis',(0.,0.,-1.));
#4267=DIRECTION('ref_axis',(1.,0.,0.));
#4268=DIRECTION('center_axis',(0.,0.,-1.));
#4269=DIRECTION('ref_axis',(1.,0.,0.));
#4270=DIRECTION('',(1.33144694803794E-14,-1.,0.));
#4271=DIRECTION('',(-1.,2.73947531326257E-13,0.));
#4272=DIRECTION('center_axis',(0.,0.,1.));
#4273=DIRECTION('ref_axis',(1.,0.,0.));
#4274=DIRECTION('',(1.,0.,0.));
#4275=DIRECTION('',(1.22031122590441E-14,-1.,0.));
#4276=DIRECTION('center_axis',(0.,0.,-1.));
#4277=DIRECTION('ref_axis',(1.,0.,0.));
#4278=DIRECTION('center_axis',(0.,0.,1.));
#4279=DIRECTION('ref_axis',(1.,0.,0.));
#4280=DIRECTION('center_axis',(0.,0.,-1.));
#4281=DIRECTION('ref_axis',(1.,0.,0.));
#4282=DIRECTION('center_axis',(0.,0.,-1.));
#4283=DIRECTION('ref_axis',(1.,0.,0.));
#4284=DIRECTION('center_axis',(0.,0.,-1.));
#4285=DIRECTION('ref_axis',(1.,0.,0.));
#4286=DIRECTION('center_axis',(0.,0.,-1.));
#4287=DIRECTION('ref_axis',(1.,0.,0.));
#4288=DIRECTION('center_axis',(0.,0.,-1.));
#4289=DIRECTION('ref_axis',(1.,0.,0.));
#4290=DIRECTION('center_axis',(0.,0.,-1.));
#4291=DIRECTION('ref_axis',(1.,0.,0.));
#4292=DIRECTION('center_axis',(0.,0.,-1.));
#4293=DIRECTION('ref_axis',(1.,0.,0.));
#4294=DIRECTION('center_axis',(0.,0.,-1.));
#4295=DIRECTION('ref_axis',(1.,0.,0.));
#4296=DIRECTION('center_axis',(0.,0.,-1.));
#4297=DIRECTION('ref_axis',(1.,0.,0.));
#4298=DIRECTION('center_axis',(0.,0.,-1.));
#4299=DIRECTION('ref_axis',(1.,0.,0.));
#4300=DIRECTION('center_axis',(0.,0.,-1.));
#4301=DIRECTION('ref_axis',(1.,0.,0.));
#4302=DIRECTION('center_axis',(0.,0.,-1.));
#4303=DIRECTION('ref_axis',(1.,0.,0.));
#4304=DIRECTION('center_axis',(0.,0.,-1.));
#4305=DIRECTION('ref_axis',(1.,0.,0.));
#4306=DIRECTION('center_axis',(0.,0.,-1.));
#4307=DIRECTION('ref_axis',(1.,0.,0.));
#4308=DIRECTION('center_axis',(0.,0.,-1.));
#4309=DIRECTION('ref_axis',(1.,0.,0.));
#4310=DIRECTION('center_axis',(0.,0.,-1.));
#4311=DIRECTION('ref_axis',(1.,0.,0.));
#4312=DIRECTION('center_axis',(0.,0.,-1.));
#4313=DIRECTION('ref_axis',(1.,0.,0.));
#4314=DIRECTION('center_axis',(0.,0.,-1.));
#4315=DIRECTION('ref_axis',(1.,0.,0.));
#4316=DIRECTION('center_axis',(0.,0.,-1.));
#4317=DIRECTION('ref_axis',(1.,0.,0.));
#4318=DIRECTION('center_axis',(0.,0.,-1.));
#4319=DIRECTION('ref_axis',(1.,0.,0.));
#4320=DIRECTION('center_axis',(0.,0.,-1.));
#4321=DIRECTION('ref_axis',(1.,0.,0.));
#4322=DIRECTION('center_axis',(0.,0.,-1.));
#4323=DIRECTION('ref_axis',(1.,0.,0.));
#4324=DIRECTION('center_axis',(0.,0.,-1.));
#4325=DIRECTION('ref_axis',(1.,0.,0.));
#4326=DIRECTION('center_axis',(0.,0.,-1.));
#4327=DIRECTION('ref_axis',(1.,0.,0.));
#4328=DIRECTION('center_axis',(0.,0.,-1.));
#4329=DIRECTION('ref_axis',(1.,0.,0.));
#4330=DIRECTION('center_axis',(0.,0.,-1.));
#4331=DIRECTION('ref_axis',(1.,0.,0.));
#4332=DIRECTION('center_axis',(0.,0.,-1.));
#4333=DIRECTION('ref_axis',(1.,0.,0.));
#4334=DIRECTION('center_axis',(0.,0.,-1.));
#4335=DIRECTION('ref_axis',(1.,0.,0.));
#4336=DIRECTION('center_axis',(0.,0.,-1.));
#4337=DIRECTION('ref_axis',(1.,0.,0.));
#4338=DIRECTION('center_axis',(0.,0.,-1.));
#4339=DIRECTION('ref_axis',(1.,0.,0.));
#4340=DIRECTION('center_axis',(0.,0.,-1.));
#4341=DIRECTION('ref_axis',(1.,0.,0.));
#4342=DIRECTION('center_axis',(0.,0.,-1.));
#4343=DIRECTION('ref_axis',(1.,0.,0.));
#4344=DIRECTION('center_axis',(0.,0.,-1.));
#4345=DIRECTION('ref_axis',(1.,0.,0.));
#4346=DIRECTION('center_axis',(0.,0.,-1.));
#4347=DIRECTION('ref_axis',(1.,0.,0.));
#4348=DIRECTION('center_axis',(0.608761429008721,0.793353340291235,-2.54318120703985E-17));
#4349=DIRECTION('ref_axis',(-1.57308182504319E-17,0.,1.));
#4350=DIRECTION('center_axis',(0.608761429008721,0.793353340291235,-2.54318120703985E-17));
#4351=DIRECTION('ref_axis',(-0.793353340291235,0.608761429008721,1.2238618132163E-12));
#4352=DIRECTION('center_axis',(0.608761429008721,0.793353340291235,-2.54318120703985E-17));
#4353=DIRECTION('ref_axis',(-0.793353340291235,0.608761429008721,1.22390003671957E-12));
#4354=DIRECTION('center_axis',(0.,0.,1.));
#4355=DIRECTION('ref_axis',(1.,0.,0.));
#4356=DIRECTION('center_axis',(-0.608761429008721,-0.793353340291235,2.54318120703985E-17));
#4357=DIRECTION('ref_axis',(2.5169309200691E-17,0.,-1.));
#4358=DIRECTION('center_axis',(-0.608761429008721,-0.793353340291235,2.54318120703985E-17));
#4359=DIRECTION('ref_axis',(-0.793353340291235,0.608761429008721,1.22390003671957E-12));
#4360=DIRECTION('center_axis',(0.234643972199031,-0.305793978154024,-0.922730865006366));
#4361=DIRECTION('ref_axis',(-0.609894643904084,0.692844451171328,-0.384701299475595));
#4362=DIRECTION('center_axis',(2.48887589369083E-17,-5.11539139826229E-17,
-1.));
#4363=DIRECTION('ref_axis',(-0.707106781186548,0.707106781186547,-5.40224727875875E-17));
#4364=DIRECTION('center_axis',(-2.09009427579349E-14,2.38719983661794E-14,
-1.));
#4365=DIRECTION('ref_axis',(-0.707106781186544,0.707106781186551,3.16555270534523E-14));
#4366=DIRECTION('center_axis',(0.,0.,-1.));
#4367=DIRECTION('ref_axis',(-1.,0.,0.));
#4368=DIRECTION('center_axis',(0.,0.,1.));
#4369=DIRECTION('ref_axis',(-1.,0.,0.));
#4370=DIRECTION('',(0.,0.,1.));
#4371=DIRECTION('center_axis',(0.,0.,-1.));
#4372=DIRECTION('ref_axis',(-1.,0.,0.));
#4373=DIRECTION('center_axis',(0.,0.,-1.));
#4374=DIRECTION('ref_axis',(-1.,0.,0.));
#4375=DIRECTION('center_axis',(0.,0.,-1.));
#4376=DIRECTION('ref_axis',(-1.,0.,0.));
#4377=DIRECTION('',(0.,0.,1.));
#4378=DIRECTION('center_axis',(0.,0.,1.));
#4379=DIRECTION('ref_axis',(-1.,0.,0.));
#4380=DIRECTION('center_axis',(0.,0.,1.));
#4381=DIRECTION('ref_axis',(-1.,0.,0.));
#4382=DIRECTION('center_axis',(0.,0.,1.));
#4383=DIRECTION('ref_axis',(1.,0.,0.));
#4384=DIRECTION('',(9.57604765175337E-16,-1.,0.));
#4385=DIRECTION('',(-1.,-3.98004480526002E-15,0.));
#4386=DIRECTION('',(-1.,0.,0.));
#4387=DIRECTION('',(-9.31094117036973E-15,1.,0.));
#4388=DIRECTION('',(-1.,-1.11022302462516E-14,0.));
#4389=DIRECTION('',(0.,-1.,0.));
#4390=DIRECTION('center_axis',(0.,0.,-1.));
#4391=DIRECTION('ref_axis',(-0.751130638834806,-0.660153590767797,0.));
#4392=DIRECTION('',(-1.22031122590709E-14,1.,0.));
#4393=DIRECTION('center_axis',(0.,0.,-1.));
#4394=DIRECTION('ref_axis',(-0.751130638834806,-0.660153590767797,0.));
#4395=DIRECTION('',(-3.49010527962299E-14,-1.,0.));
#4396=DIRECTION('',(1.,4.2081033997889E-15,0.));
#4397=DIRECTION('center_axis',(1.,7.18869408444789E-16,0.));
#4398=DIRECTION('ref_axis',(-5.48123862538813E-16,0.763187322469727,-0.646177306024817));
#4399=DIRECTION('center_axis',(1.,7.105427357601E-16,0.));
#4400=DIRECTION('ref_axis',(-4.91702977189272E-16,0.702792091423583,-0.711395302368849));
#4401=DIRECTION('center_axis',(1.,9.57604765175337E-16,0.));
#4402=DIRECTION('ref_axis',(7.18203573881503E-16,-1.,0.));
#4403=DIRECTION('center_axis',(1.,7.105427357601E-16,0.));
#4404=DIRECTION('ref_axis',(5.07024653432081E-16,-0.702792091423587,-0.711395302368845));
#4405=DIRECTION('center_axis',(1.,9.57604765175337E-16,0.));
#4406=DIRECTION('ref_axis',(7.18203573881503E-16,-1.,0.));
#4407=DIRECTION('center_axis',(-1.,-7.18869408444789E-16,0.));
#4408=DIRECTION('ref_axis',(-2.26382021574366E-16,0.315205924625094,-0.949023300599748));
#4409=DIRECTION('center_axis',(-0.17364817766693,-0.699247698930736,0.693468792328123));
#4410=DIRECTION('ref_axis',(5.05735016303404E-16,-0.704166666242245,-0.710034721794141));
#4411=DIRECTION('center_axis',(-0.17364817766693,-0.699247698930736,0.693468792328123));
#4412=DIRECTION('ref_axis',(0.,0.704166666242245,0.710034721794141));
#4413=DIRECTION('',(6.74313355071205E-16,-0.704166666242245,-0.71003472179414));
#4414=DIRECTION('center_axis',(-0.173648177666931,0.699247698930742,0.693468792328116));
#4415=DIRECTION('ref_axis',(5.05735016303399E-16,-0.704166666242238,0.710034721794147));
#4416=DIRECTION('center_axis',(-0.173648177666931,0.699247698930742,0.693468792328116));
#4417=DIRECTION('ref_axis',(0.,0.704166666242238,-0.710034721794147));
#4418=DIRECTION('',(6.74313355071199E-16,-0.704166666242238,0.710034721794147));
#4419=DIRECTION('center_axis',(0.,0.,1.));
#4420=DIRECTION('ref_axis',(1.,0.,0.));
#4421=DIRECTION('center_axis',(0.,0.,1.));
#4422=DIRECTION('ref_axis',(1.,0.,0.));
#4423=DIRECTION('center_axis',(0.,0.,1.));
#4424=DIRECTION('ref_axis',(1.,0.,0.));
#4425=DIRECTION('',(0.,0.,1.));
#4426=DIRECTION('',(0.,0.,1.));
#4427=DIRECTION('center_axis',(0.,0.,1.));
#4428=DIRECTION('ref_axis',(1.,0.,0.));
#4429=DIRECTION('center_axis',(0.,0.,1.));
#4430=DIRECTION('ref_axis',(1.,0.,0.));
#4431=DIRECTION('',(0.,0.,1.));
#4432=DIRECTION('',(0.,0.,1.));
#4433=DIRECTION('center_axis',(-0.608761429008721,-0.793353340291235,9.52256050603695E-17));
#4434=DIRECTION('ref_axis',(1.88769819005182E-17,1.00677236802764E-16,1.));
#4435=DIRECTION('center_axis',(-0.60876142900872,-0.793353340291235,9.52256050603695E-17));
#4436=DIRECTION('ref_axis',(0.793353340291235,-0.60876142900872,1.22399262041204E-12));
#4437=DIRECTION('center_axis',(-0.305793978154023,0.234643972199031,-0.922730865006366));
#4438=DIRECTION('ref_axis',(0.768434327119073,-0.511383999639064,-0.384701299475595));
#4439=DIRECTION('center_axis',(-0.608761429008721,-0.793353340291235,9.52256050603695E-17));
#4440=DIRECTION('ref_axis',(0.793353340291235,-0.608761429008721,1.22395439690877E-12));
#4441=DIRECTION('center_axis',(9.10730230867803E-17,1.00494370302654E-16,
1.));
#4442=DIRECTION('ref_axis',(0.865802136251792,-0.500386511470716,5.02471851513271E-17));
#4443=DIRECTION('center_axis',(2.63869695174943E-14,-1.77985119552645E-14,
-1.));
#4444=DIRECTION('ref_axis',(0.866025403784436,-0.500000000000005,3.1747318679593E-14));
#4445=DIRECTION('center_axis',(0.38268343236509,0.923879532511287,-1.05151165602791E-16));
#4446=DIRECTION('ref_axis',(0.923879532511287,-0.38268343236509,1.22397542883688E-12));
#4447=DIRECTION('center_axis',(0.38268343236509,0.923879532511287,-1.05151165602791E-16));
#4448=DIRECTION('ref_axis',(-1.88769819005182E-17,-1.00677236802764E-16,
-1.));
#4449=DIRECTION('center_axis',(0.356104629847922,-0.14750336730686,0.922730865005616));
#4450=DIRECTION('ref_axis',(0.827088698334815,-0.409791648606027,-0.384701299477369));
#4451=DIRECTION('center_axis',(0.382683432365089,0.923879532511287,-1.05151165602791E-16));
#4452=DIRECTION('ref_axis',(0.923879532511287,-0.382683432365089,1.22393720533361E-12));
#4453=DIRECTION('center_axis',(0.608761429008721,-0.793353340291235,9.52256050603694E-17));
#4454=DIRECTION('ref_axis',(-2.20231455506046E-17,1.00677236802764E-16,
1.));
#4455=DIRECTION('center_axis',(-0.608761429008721,0.793353340291235,-9.52256050603694E-17));
#4456=DIRECTION('ref_axis',(0.793353340291235,0.608761429008721,1.2238618132163E-12));
#4457=DIRECTION('center_axis',(-0.305793978154024,-0.234643972199031,-0.922730865006366));
#4458=DIRECTION('ref_axis',(0.692844451171328,0.609894643904084,-0.384701299475595));
#4459=DIRECTION('center_axis',(0.608761429008721,-0.793353340291235,9.52256050603694E-17));
#4460=DIRECTION('ref_axis',(0.793353340291235,0.608761429008721,1.2238618132163E-12));
#4461=DIRECTION('center_axis',(-0.608761429008721,0.793353340291235,-9.52256050603694E-17));
#4462=DIRECTION('ref_axis',(0.793353340291235,0.608761429008721,1.2238618132163E-12));
#4463=DIRECTION('center_axis',(-0.382683432365089,-0.923879532511287,1.05151165602791E-16));
#4464=DIRECTION('ref_axis',(6.29232730017275E-18,1.00677236802764E-16,1.));
#4465=DIRECTION('center_axis',(-0.356104629846262,0.147503367306173,-0.922730865006366));
#4466=DIRECTION('ref_axis',(0.874606480838665,-0.295073573633415,-0.384701299475595));
#4467=DIRECTION('center_axis',(-0.382683432365089,-0.923879532511287,1.05151165602791E-16));
#4468=DIRECTION('ref_axis',(0.923879532511287,-0.38268343236509,1.22393720533361E-12));
#4469=DIRECTION('center_axis',(-0.608761429008721,0.793353340291235,-9.52256050603694E-17));
#4470=DIRECTION('ref_axis',(1.88769819005182E-17,-1.00677236802764E-16,
-1.));
#4471=DIRECTION('center_axis',(-0.608761429008721,0.793353340291235,-9.52256050603694E-17));
#4472=DIRECTION('ref_axis',(0.793353340291235,0.608761429008721,1.22390003671957E-12));
#4473=DIRECTION('center_axis',(0.305793978155448,0.234643972200125,0.922730865005616));
#4474=DIRECTION('ref_axis',(0.768434327118933,0.511383999637941,-0.384701299477369));
#4475=DIRECTION('center_axis',(-0.608761429008721,0.793353340291235,-9.52256050603694E-17));
#4476=DIRECTION('ref_axis',(1.88769819005182E-17,-1.00677236802764E-16,
-1.));
#4477=DIRECTION('center_axis',(-0.608761429008721,0.793353340291235,-9.52256050603694E-17));
#4478=DIRECTION('ref_axis',(0.793353340291235,0.608761429008721,1.22390003671957E-12));
#4479=DIRECTION('center_axis',(1.57022453597897E-17,2.00988740605308E-16,
1.));
#4480=DIRECTION('ref_axis',(0.865802136251792,0.500386511470716,-5.02471851513271E-17));
#4481=DIRECTION('center_axis',(0.38268343236509,-0.923879532511287,1.05151165602791E-16));
#4482=DIRECTION('ref_axis',(0.923879532511287,0.38268343236509,1.22387900479146E-12));
#4483=DIRECTION('center_axis',(2.85415933750473E-14,1.39145086169437E-14,
-1.));
#4484=DIRECTION('ref_axis',(0.866025403784441,0.499999999999995,3.16712760066735E-14));
#4485=DIRECTION('center_axis',(1.57022453597897E-17,2.00988740605308E-16,
1.));
#4486=DIRECTION('ref_axis',(0.866041766255379,0.499971658298012,-5.02471851513271E-17));
#4487=DIRECTION('center_axis',(3.80213364597657E-17,-1.41897559439516E-16,
-1.));
#4488=DIRECTION('ref_axis',(0.866025403784439,0.499999999999999,-3.80213364597655E-17));
#4489=DIRECTION('center_axis',(0.38268343236509,-0.923879532511287,1.05151165602791E-16));
#4490=DIRECTION('ref_axis',(0.923879532511287,0.38268343236509,1.22387900479146E-12));
#4491=DIRECTION('center_axis',(0.38268343236509,-0.923879532511287,1.05151165602791E-16));
#4492=DIRECTION('ref_axis',(-1.88769819005182E-17,1.00677236802764E-16,
1.));
#4493=DIRECTION('center_axis',(-0.38268343236509,0.923879532511287,-1.05151165602791E-16));
#4494=DIRECTION('ref_axis',(0.923879532511287,0.38268343236509,1.22387900479146E-12));
#4495=DIRECTION('center_axis',(-0.356104629846262,-0.147503367306172,-0.922730865006366));
#4496=DIRECTION('ref_axis',(0.827088698335858,0.409791648605586,-0.384701299475595));
#4497=DIRECTION('center_axis',(0.38268343236509,-0.923879532511287,1.05151165602791E-16));
#4498=DIRECTION('ref_axis',(-1.88769819005182E-17,1.00677236802764E-16,
1.));
#4499=DIRECTION('center_axis',(-0.38268343236509,0.923879532511287,-1.05151165602791E-16));
#4500=DIRECTION('ref_axis',(0.923879532511287,0.38268343236509,1.22387900479146E-12));
#4501=DIRECTION('center_axis',(-0.38268343236509,0.923879532511287,-1.05151165602791E-16));
#4502=DIRECTION('ref_axis',(6.29232730017275E-18,-1.00677236802764E-16,
-1.));
#4503=DIRECTION('center_axis',(-0.38268343236509,0.923879532511287,-1.05151165602791E-16));
#4504=DIRECTION('ref_axis',(0.923879532511287,0.38268343236509,1.22391722829472E-12));
#4505=DIRECTION('center_axis',(0.356104629847921,0.14750336730686,0.922730865005616));
#4506=DIRECTION('ref_axis',(0.874606480838239,0.295073573632366,-0.384701299477369));
#4507=DIRECTION('center_axis',(-0.38268343236509,0.923879532511287,-1.05151165602791E-16));
#4508=DIRECTION('ref_axis',(6.29232730017275E-18,-1.00677236802764E-16,
-1.));
#4509=DIRECTION('center_axis',(-0.38268343236509,0.923879532511287,-1.05151165602791E-16));
#4510=DIRECTION('ref_axis',(0.923879532511287,0.38268343236509,1.22391722829472E-12));
#4511=DIRECTION('center_axis',(3.92556133994743E-17,2.00988740605308E-16,
1.));
#4512=DIRECTION('ref_axis',(0.965802674043178,0.259278218929102,-2.51235925756635E-17));
#4513=DIRECTION('center_axis',(0.130526192220052,-0.99144486137381,1.10289013806184E-16));
#4514=DIRECTION('ref_axis',(0.99144486137381,0.130526192220052,1.22389817950199E-12));
#4515=DIRECTION('center_axis',(3.11900832896994E-14,6.05068419894701E-15,
-1.));
#4516=DIRECTION('ref_axis',(0.96592582628907,0.258819045102516,3.16896160511411E-14));
#4517=DIRECTION('center_axis',(3.92556133994743E-17,2.00988740605308E-16,
1.));
#4518=DIRECTION('ref_axis',(0.965901128075857,0.258911202503457,-2.51235925756635E-17));
#4519=DIRECTION('center_axis',(1.96812919920764E-17,-1.49494254592559E-16,
-1.));
#4520=DIRECTION('ref_axis',(0.965925826289069,0.25881904510252,-1.96812919920762E-17));
#4521=DIRECTION('center_axis',(0.130526192220052,-0.99144486137381,1.10289013806184E-16));
#4522=DIRECTION('ref_axis',(0.99144486137381,0.130526192220052,1.22389817950199E-12));
#4523=DIRECTION('center_axis',(0.130526192220052,-0.99144486137381,1.10289013806184E-16));
#4524=DIRECTION('ref_axis',(0.99144486137381,0.130526192220052,1.22389817950199E-12));
#4525=DIRECTION('center_axis',(0.130526192220052,-0.99144486137381,1.10289013806184E-16));
#4526=DIRECTION('ref_axis',(-9.04522049399832E-18,1.00677236802764E-16,
1.));
#4527=DIRECTION('center_axis',(0.130526192220052,-0.99144486137381,1.10289013806184E-16));
#4528=DIRECTION('ref_axis',(0.99144486137381,0.130526192220052,1.22393640300526E-12));
#4529=DIRECTION('center_axis',(0.130526192220052,-0.99144486137381,1.10289013806184E-16));
#4530=DIRECTION('ref_axis',(-9.04522049399832E-18,1.00677236802764E-16,
1.));
#4531=DIRECTION('center_axis',(0.130526192220052,-0.99144486137381,1.10289013806184E-16));
#4532=DIRECTION('ref_axis',(0.99144486137381,0.130526192220052,1.22393640300526E-12));
#4533=DIRECTION('center_axis',(-0.382147339505203,-0.0503106516922384,-0.922730865006366));
#4534=DIRECTION('ref_axis',(0.904968217537499,0.181762029667337,-0.384701299475595));
#4535=DIRECTION('center_axis',(0.130526192220052,-0.99144486137381,1.10289013806184E-16));
#4536=DIRECTION('ref_axis',(-9.04522049399832E-18,1.00677236802764E-16,
1.));
#4537=DIRECTION('center_axis',(0.130526192220052,-0.99144486137381,1.10289013806184E-16));
#4538=DIRECTION('ref_axis',(0.99144486137381,0.130526192220052,1.22393640300526E-12));
#4539=DIRECTION('center_axis',(-0.130526192220052,0.99144486137381,-1.10289013806184E-16));
#4540=DIRECTION('ref_axis',(0.,-1.00677236802764E-16,-1.));
#4541=DIRECTION('center_axis',(-0.130526192220052,0.99144486137381,-1.10289013806184E-16));
#4542=DIRECTION('ref_axis',(0.99144486137381,0.130526192220052,1.22393640300526E-12));
#4543=DIRECTION('center_axis',(-0.130526192220052,0.99144486137381,-1.10289013806184E-16));
#4544=DIRECTION('ref_axis',(0.,-1.00677236802764E-16,-1.));
#4545=DIRECTION('center_axis',(-0.130526192220052,0.99144486137381,-1.10289013806184E-16));
#4546=DIRECTION('ref_axis',(0.99144486137381,0.130526192220052,1.22393640300526E-12));
#4547=DIRECTION('center_axis',(0.382147339506984,0.0503106516924731,0.922730865005616));
#4548=DIRECTION('ref_axis',(0.921175648243967,0.0586543712158823,-0.384701299477369));
#4549=DIRECTION('center_axis',(-0.130526192220052,0.99144486137381,-1.10289013806184E-16));
#4550=DIRECTION('ref_axis',(0.,-1.00677236802764E-16,-1.));
#4551=DIRECTION('center_axis',(-0.130526192220052,0.99144486137381,-1.10289013806184E-16));
#4552=DIRECTION('ref_axis',(0.99144486137381,0.130526192220052,1.22393640300526E-12));
#4553=DIRECTION('center_axis',(6.12387569031799E-17,2.00988740605308E-16,
1.));
#4554=DIRECTION('ref_axis',(1.,2.00988740605308E-16,0.));
#4555=DIRECTION('center_axis',(-0.130526192220052,-0.99144486137381,1.10289013806184E-16));
#4556=DIRECTION('ref_axis',(0.99144486137381,-0.130526192220052,1.22391803062308E-12));
#4557=DIRECTION('center_axis',(3.17130205722082E-14,-2.23066653047249E-15,
-1.));
#4558=DIRECTION('ref_axis',(1.,-5.52532862369053E-15,3.17092973431332E-14));
#4559=DIRECTION('center_axis',(6.12387569031799E-17,2.00988740605308E-16,
1.));
#4560=DIRECTION('ref_axis',(1.,0.,0.));
#4561=DIRECTION('center_axis',(9.31254159895131E-33,-1.52085345839063E-16,
-1.));
#4562=DIRECTION('ref_axis',(1.,-1.17040366669392E-15,1.87313788019404E-31));
#4563=DIRECTION('center_axis',(-0.130526192220052,-0.99144486137381,1.10289013806184E-16));
#4564=DIRECTION('ref_axis',(0.99144486137381,-0.130526192220052,1.22391803062308E-12));
#4565=DIRECTION('center_axis',(-0.130526192220052,-0.99144486137381,1.10289013806184E-16));
#4566=DIRECTION('ref_axis',(0.99144486137381,-0.130526192220052,1.22391803062308E-12));
#4567=DIRECTION('center_axis',(-0.130526192220052,-0.99144486137381,1.10289013806184E-16));
#4568=DIRECTION('ref_axis',(0.,1.00677236802764E-16,1.));
#4569=DIRECTION('center_axis',(0.130526192220052,0.99144486137381,-1.10289013806184E-16));
#4570=DIRECTION('ref_axis',(0.99144486137381,-0.130526192220052,1.22391803062308E-12));
#4571=DIRECTION('center_axis',(-0.130526192220052,-0.99144486137381,1.10289013806184E-16));
#4572=DIRECTION('ref_axis',(0.,1.00677236802764E-16,1.));
#4573=DIRECTION('center_axis',(0.130526192220052,0.99144486137381,-1.10289013806184E-16));
#4574=DIRECTION('ref_axis',(0.99144486137381,-0.130526192220052,1.22391803062308E-12));
#4575=DIRECTION('center_axis',(-0.382147339505203,0.0503106516922387,-0.922730865006366));
#4576=DIRECTION('ref_axis',(0.92117564824465,-0.0586543712167856,-0.384701299475595));
#4577=DIRECTION('center_axis',(-0.130526192220052,-0.99144486137381,1.10289013806184E-16));
#4578=DIRECTION('ref_axis',(0.,1.00677236802764E-16,1.));
#4579=DIRECTION('center_axis',(0.130526192220052,0.99144486137381,-1.10289013806184E-16));
#4580=DIRECTION('ref_axis',(0.99144486137381,-0.130526192220052,1.22391803062308E-12));
#4581=DIRECTION('center_axis',(0.130526192220051,0.991444861373811,-1.10289013806184E-16));
#4582=DIRECTION('ref_axis',(-9.04522049399832E-18,-1.00677236802764E-16,
-1.));
#4583=DIRECTION('center_axis',(0.130526192220051,0.991444861373811,-1.10289013806184E-16));
#4584=DIRECTION('ref_axis',(0.99144486137381,-0.130526192220051,1.22395625412635E-12));
#4585=DIRECTION('center_axis',(0.130526192220051,0.991444861373811,-1.10289013806184E-16));
#4586=DIRECTION('ref_axis',(-9.04522049399832E-18,-1.00677236802764E-16,
-1.));
#4587=DIRECTION('center_axis',(0.130526192220051,0.991444861373811,-1.10289013806184E-16));
#4588=DIRECTION('ref_axis',(0.99144486137381,-0.130526192220051,1.22395625412635E-12));
#4589=DIRECTION('center_axis',(0.382147339506984,-0.0503106516924727,0.922730865005616));
#4590=DIRECTION('ref_axis',(0.904968217536606,-0.181762029668032,-0.384701299477369));
#4591=DIRECTION('center_axis',(0.130526192220051,0.991444861373811,-1.10289013806184E-16));
#4592=DIRECTION('ref_axis',(-9.04522049399832E-18,-1.00677236802764E-16,
-1.));
#4593=DIRECTION('center_axis',(0.130526192220051,0.991444861373811,-1.10289013806184E-16));
#4594=DIRECTION('ref_axis',(0.99144486137381,-0.130526192220051,1.22395625412635E-12));
#4595=DIRECTION('center_axis',(7.85112267989486E-17,1.00494370302654E-16,
1.));
#4596=DIRECTION('ref_axis',(0.965802674043178,-0.259278218929102,2.51235925756635E-17));
#4597=DIRECTION('center_axis',(3.00747679109654E-14,-1.0365183204684E-14,
-1.));
#4598=DIRECTION('ref_axis',(0.965925826289067,-0.258819045102526,3.17289786351253E-14));
#4599=DIRECTION('center_axis',(-0.608761429008721,-0.793353340291235,9.52256050603695E-17));
#4600=DIRECTION('ref_axis',(1.88769819005182E-17,1.00677236802764E-16,1.));
#4601=DIRECTION('center_axis',(-0.608761429008721,-0.793353340291235,9.52256050603695E-17));
#4602=DIRECTION('ref_axis',(0.793353340291235,-0.608761429008721,1.22395439690877E-12));
#4603=DIRECTION('center_axis',(-0.60876142900872,-0.793353340291235,9.52256050603695E-17));
#4604=DIRECTION('ref_axis',(0.793353340291235,-0.60876142900872,1.22399262041204E-12));
#4605=DIRECTION('center_axis',(9.10730230867803E-17,1.00494370302654E-16,
1.));
#4606=DIRECTION('ref_axis',(0.866041766255379,-0.499971658298012,5.02471851513271E-17));
#4607=DIRECTION('center_axis',(0.38268343236509,0.923879532511287,-1.05151165602791E-16));
#4608=DIRECTION('ref_axis',(0.923879532511287,-0.38268343236509,1.22397542883688E-12));
#4609=DIRECTION('center_axis',(-3.80213364597656E-17,-1.41897559439516E-16,
-1.));
#4610=DIRECTION('ref_axis',(0.866025403784438,-0.500000000000001,3.80213364597658E-17));
#4611=DIRECTION('center_axis',(-1.75990102196051E-17,-1.06525052782811E-16,
-1.));
#4612=DIRECTION('ref_axis',(0.866025403784439,-0.5,2.70112363937938E-17));
#4613=DIRECTION('center_axis',(0.38268343236509,0.923879532511287,-1.05151165602791E-16));
#4614=DIRECTION('ref_axis',(-1.88769819005182E-17,-1.00677236802764E-16,
-1.));
#4615=DIRECTION('center_axis',(0.382683432365089,0.923879532511287,-1.05151165602791E-16));
#4616=DIRECTION('ref_axis',(0.923879532511287,-0.382683432365089,1.22393720533361E-12));
#4617=DIRECTION('center_axis',(0.,0.,1.));
#4618=DIRECTION('ref_axis',(1.,0.,0.));
#4619=DIRECTION('center_axis',(0.,0.,1.));
#4620=DIRECTION('ref_axis',(1.,0.,0.));
#4621=DIRECTION('center_axis',(-0.382683432365089,-0.923879532511287,1.05151165602791E-16));
#4622=DIRECTION('ref_axis',(6.29232730017275E-18,1.00677236802764E-16,1.));
#4623=DIRECTION('center_axis',(-0.382683432365089,-0.923879532511287,1.05151165602791E-16));
#4624=DIRECTION('ref_axis',(0.923879532511287,-0.38268343236509,1.22393720533361E-12));
#4625=DIRECTION('center_axis',(7.85112267989486E-17,1.00494370302654E-16,
1.));
#4626=DIRECTION('ref_axis',(0.965901128075857,-0.258911202503457,2.51235925756635E-17));
#4627=DIRECTION('center_axis',(-1.96812919920764E-17,-1.49494254592559E-16,
-1.));
#4628=DIRECTION('ref_axis',(0.965925826289068,-0.258819045102522,1.96812919920766E-17));
#4629=DIRECTION('center_axis',(-9.10991803957539E-18,-1.10041349896015E-16,
-1.));
#4630=DIRECTION('ref_axis',(0.965925826289068,-0.25881904510252,2.70112363937938E-17));
#4631=DIRECTION('center_axis',(-0.234643972199031,0.305793978154023,-0.922730865006366));
#4632=DIRECTION('ref_axis',(0.609894643904084,-0.692844451171328,-0.384701299475595));
#4633=DIRECTION('center_axis',(-0.793353340291235,-0.608761429008721,8.11887427271221E-17));
#4634=DIRECTION('ref_axis',(2.5169309200691E-17,1.00677236802764E-16,1.));
#4635=DIRECTION('center_axis',(-0.793353340291235,-0.608761429008721,8.11887427271221E-17));
#4636=DIRECTION('ref_axis',(0.608761429008721,-0.793353340291235,1.22400665727437E-12));
#4637=DIRECTION('center_axis',(-0.793353340291235,-0.608761429008721,8.11887427271221E-17));
#4638=DIRECTION('ref_axis',(0.608761429008721,-0.793353340291235,1.2239684337711E-12));
#4639=DIRECTION('center_axis',(9.73539212306962E-17,1.00494370302654E-16,
1.));
#4640=DIRECTION('ref_axis',(0.707106781186547,-0.707106781186549,5.02471851513271E-17));
#4641=DIRECTION('center_axis',(2.09009427579349E-14,-2.40240837120184E-14,
-1.));
#4642=DIRECTION('ref_axis',(0.707106781186544,-0.707106781186551,3.17630676328142E-14));
#4643=DIRECTION('center_axis',(0.60876142900872,0.793353340291235,-9.52256050603695E-17));
#4644=DIRECTION('ref_axis',(0.793353340291235,-0.60876142900872,1.22399262041204E-12));
#4645=DIRECTION('center_axis',(-5.37702896809512E-17,-1.29812962600483E-16,
-1.));
#4646=DIRECTION('ref_axis',(0.707106781186547,-0.707106781186548,5.37702896809513E-17));
#4647=DIRECTION('center_axis',(-2.48887589369083E-17,-1.0093143185644E-16,
-1.));
#4648=DIRECTION('ref_axis',(0.707106781186548,-0.707106781186547,5.40224727875875E-17));
#4649=DIRECTION('center_axis',(0.60876142900872,0.793353340291235,-9.52256050603695E-17));
#4650=DIRECTION('ref_axis',(-2.20231455506046E-17,-1.00677236802764E-16,
-1.));
#4651=DIRECTION('center_axis',(0.305793978155449,-0.234643972200124,0.922730865005616));
#4652=DIRECTION('ref_axis',(0.692844451170207,-0.609894643904239,-0.384701299477369));
#4653=DIRECTION('center_axis',(0.,0.,1.));
#4654=DIRECTION('ref_axis',(1.,0.,0.));
#4655=DIRECTION('center_axis',(-0.0503106516922385,0.382147339505203,-0.922730865006366));
#4656=DIRECTION('ref_axis',(0.181762029667337,-0.904968217537499,-0.384701299475595));
#4657=DIRECTION('center_axis',(-0.99144486137381,-0.130526192220052,4.48224570374067E-17));
#4658=DIRECTION('ref_axis',(3.77539638010365E-17,1.00677236802764E-16,1.));
#4659=DIRECTION('center_axis',(-0.99144486137381,-0.130526192220052,4.48224570374067E-17));
#4660=DIRECTION('ref_axis',(0.130526192220052,-0.99144486137381,1.22402172068311E-12));
#4661=DIRECTION('center_axis',(-0.99144486137381,-0.130526192220052,4.48224570374067E-17));
#4662=DIRECTION('ref_axis',(0.130526192220052,-0.99144486137381,1.22398349717985E-12));
#4663=DIRECTION('center_axis',(8.95027985508014E-17,0.,1.));
#4664=DIRECTION('ref_axis',(0.258819045102518,-0.965925826289069,7.53707777269906E-17));
#4665=DIRECTION('center_axis',(6.12672687186655E-15,-3.12661259626189E-14,
-1.));
#4666=DIRECTION('ref_axis',(0.258819045102516,-0.96592582628907,3.17827489248063E-14));
#4667=DIRECTION('center_axis',(0.923879532511287,0.38268343236509,-6.39971675740476E-17));
#4668=DIRECTION('ref_axis',(0.38268343236509,-0.923879532511287,1.22401658283491E-12));
#4669=DIRECTION('center_axis',(-7.34515816730276E-17,-9.57239649116077E-17,
-1.));
#4670=DIRECTION('ref_axis',(0.25881904510252,-0.965925826289068,7.34515816730277E-17));
#4671=DIRECTION('center_axis',(-3.39986769764838E-17,-8.51525909591067E-17,
-1.));
#4672=DIRECTION('ref_axis',(0.258819045102522,-0.965925826289068,5.40224727875875E-17));
#4673=DIRECTION('center_axis',(0.923879532511287,0.38268343236509,-6.39971675740476E-17));
#4674=DIRECTION('ref_axis',(-3.14616365008637E-17,-1.00677236802764E-16,
-1.));
#4675=DIRECTION('center_axis',(0.14750336730686,-0.356104629847921,0.922730865005616));
#4676=DIRECTION('ref_axis',(0.295073573632367,-0.874606480838239,-0.384701299477369));
#4677=DIRECTION('center_axis',(0.923879532511287,0.38268343236509,-6.39971675740476E-17));
#4678=DIRECTION('ref_axis',(0.38268343236509,-0.923879532511287,1.22397835933164E-12));
#4679=DIRECTION('center_axis',(0.,0.,1.));
#4680=DIRECTION('ref_axis',(1.,0.,0.));
#4681=DIRECTION('center_axis',(0.,0.,1.));
#4682=DIRECTION('ref_axis',(1.,0.,0.));
#4683=DIRECTION('center_axis',(0.0503106516922388,0.382147339505203,-0.922730865006366));
#4684=DIRECTION('ref_axis',(-0.0586543712167856,-0.92117564824465,-0.384701299475595));
#4685=DIRECTION('center_axis',(-0.99144486137381,0.130526192220052,2.49713359525642E-17));
#4686=DIRECTION('ref_axis',(3.77539638010365E-17,1.00677236802764E-16,1.));
#4687=DIRECTION('center_axis',(-0.991444861373811,0.130526192220051,2.49713359525642E-17));
#4688=DIRECTION('ref_axis',(-0.130526192220051,-0.99144486137381,1.22402172068311E-12));
#4689=DIRECTION('center_axis',(-0.99144486137381,0.130526192220052,2.49713359525642E-17));
#4690=DIRECTION('ref_axis',(-0.130526192220051,-0.99144486137381,1.22398349717985E-12));
#4691=DIRECTION('center_axis',(7.53707777269906E-17,0.,1.));
#4692=DIRECTION('ref_axis',(-1.71468519328904E-15,-1.,7.53707777269906E-17));
#4693=DIRECTION('center_axis',(-2.15462385755296E-15,-3.17890632451277E-14,
-1.));
#4694=DIRECTION('ref_axis',(-5.46409628373317E-15,-1.,3.17853400160528E-14));
#4695=DIRECTION('center_axis',(0.99144486137381,0.130526192220052,-4.48224570374067E-17));
#4696=DIRECTION('ref_axis',(0.130526192220052,-0.99144486137381,1.22402172068311E-12));
#4697=DIRECTION('center_axis',(-7.60426729195313E-17,-7.60426729195313E-17,
-1.));
#4698=DIRECTION('ref_axis',(-1.10917132673656E-15,-1.,7.60426729195314E-17));
#4699=DIRECTION('center_axis',(-3.51980204392103E-17,-7.60426729195313E-17,
-1.));
#4700=DIRECTION('ref_axis',(1.8401404793272E-16,-1.,8.10337091813813E-17));
#4701=DIRECTION('center_axis',(0.99144486137381,0.130526192220052,-4.48224570374067E-17));
#4702=DIRECTION('ref_axis',(-3.14616365008637E-17,-1.00677236802764E-16,
-1.));
#4703=DIRECTION('center_axis',(0.0503106516924731,-0.382147339506984,0.922730865005616));
#4704=DIRECTION('ref_axis',(0.0586543712158824,-0.921175648243967,-0.384701299477369));
#4705=DIRECTION('center_axis',(0.,0.,1.));
#4706=DIRECTION('ref_axis',(1.,0.,0.));
#4707=DIRECTION('center_axis',(-0.608761429008721,0.793353340291235,-2.54318120703985E-17));
#4708=DIRECTION('ref_axis',(2.5169309200691E-17,0.,1.));
#4709=DIRECTION('center_axis',(-0.608761429008721,0.793353340291235,-2.54318120703985E-17));
#4710=DIRECTION('ref_axis',(-0.793353340291235,-0.608761429008721,1.22399262041204E-12));
#4711=DIRECTION('center_axis',(0.793353340291235,-0.608761429008721,1.13949497371511E-17));
#4712=DIRECTION('ref_axis',(-2.5169309200691E-17,0.,-1.));
#4713=DIRECTION('center_axis',(0.793353340291236,-0.60876142900872,1.13949497371511E-17));
#4714=DIRECTION('ref_axis',(-0.60876142900872,-0.793353340291235,1.2239684337711E-12));
#4715=DIRECTION('center_axis',(0.305793978154023,-0.234643972199031,-0.922730865006366));
#4716=DIRECTION('ref_axis',(-0.768434327119073,0.511383999639064,-0.384701299475595));
#4717=DIRECTION('center_axis',(0.608761429008721,0.793353340291235,-2.54318120703985E-17));
#4718=DIRECTION('ref_axis',(-1.57308182504319E-17,0.,1.));
#4719=DIRECTION('center_axis',(0.608761429008721,0.793353340291235,-2.54318120703985E-17));
#4720=DIRECTION('ref_axis',(-0.793353340291235,0.608761429008721,1.22390003671957E-12));
#4721=DIRECTION('center_axis',(0.608761429008721,0.793353340291235,-2.54318120703985E-17));
#4722=DIRECTION('ref_axis',(-0.793353340291235,0.608761429008721,1.2238618132163E-12));
#4723=DIRECTION('center_axis',(-9.10730230867803E-17,0.,1.));
#4724=DIRECTION('ref_axis',(-0.866377393161884,0.499389840323187,-5.02471851513271E-17));
#4725=DIRECTION('center_axis',(-2.63869695174943E-14,1.76464266094255E-14,
-1.));
#4726=DIRECTION('ref_axis',(-0.866025403784436,0.500000000000005,3.16712760066735E-14));
#4727=DIRECTION('center_axis',(-0.38268343236509,-0.923879532511287,3.53573726128198E-17));
#4728=DIRECTION('ref_axis',(-0.923879532511287,0.38268343236509,1.22391722829472E-12));
#4729=DIRECTION('center_axis',(3.80213364597656E-17,-1.01877863995462E-17,
-1.));
#4730=DIRECTION('ref_axis',(-0.866025403784438,0.500000000000001,-3.80213364597656E-17));
#4731=DIRECTION('center_axis',(1.75990102196052E-17,-4.55602930562512E-17,
-1.));
#4732=DIRECTION('ref_axis',(-0.866025403784439,0.5,-2.70112363937938E-17));
#4733=DIRECTION('center_axis',(-0.38268343236509,-0.923879532511287,3.53573726128198E-17));
#4734=DIRECTION('ref_axis',(1.88769819005182E-17,0.,-1.));
#4735=DIRECTION('center_axis',(-0.356104629847922,0.14750336730686,0.922730865005616));
#4736=DIRECTION('ref_axis',(-0.827088698334815,0.409791648606027,-0.384701299477369));
#4737=DIRECTION('center_axis',(-0.38268343236509,-0.923879532511287,3.53573726128198E-17));
#4738=DIRECTION('ref_axis',(-0.923879532511287,0.38268343236509,1.22387900479146E-12));
#4739=DIRECTION('center_axis',(0.,0.,1.));
#4740=DIRECTION('ref_axis',(1.,0.,0.));
#4741=DIRECTION('center_axis',(0.382147339505203,-0.0503106516922389,-0.922730865006366));
#4742=DIRECTION('ref_axis',(-0.92117564824465,0.0586543712167857,-0.384701299475595));
#4743=DIRECTION('center_axis',(0.130526192220052,0.99144486137381,-4.04952208162132E-17));
#4744=DIRECTION('ref_axis',(0.,0.,1.));
#4745=DIRECTION('center_axis',(0.130526192220052,0.99144486137381,-4.04952208162133E-17));
#4746=DIRECTION('ref_axis',(-0.99144486137381,0.130526192220052,1.22393640300526E-12));
#4747=DIRECTION('center_axis',(0.130526192220052,0.99144486137381,-4.04952208162132E-17));
#4748=DIRECTION('ref_axis',(-0.99144486137381,0.130526192220052,1.22389817950199E-12));
#4749=DIRECTION('center_axis',(-6.12387569031799E-17,0.,1.));
#4750=DIRECTION('ref_axis',(-1.,3.7182917011982E-15,0.));
#4751=DIRECTION('center_axis',(-3.17130205722082E-14,2.07858118463344E-15,
-1.));
#4752=DIRECTION('ref_axis',(-1.,5.64779330360527E-15,3.17092973431332E-14));
#4753=DIRECTION('center_axis',(0.130526192220052,-0.99144486137381,4.04952208162133E-17));
#4754=DIRECTION('ref_axis',(-0.99144486137381,-0.130526192220052,1.22395625412635E-12));
#4755=DIRECTION('center_axis',(0.,0.,-1.));
#4756=DIRECTION('ref_axis',(-1.,1.29286834660866E-15,0.));
#4757=DIRECTION('center_axis',(-1.25200282178772E-32,-4.08446524803209E-17,
-1.));
#4758=DIRECTION('ref_axis',(-1.,0.,0.));
#4759=DIRECTION('center_axis',(0.130526192220052,-0.99144486137381,4.04952208162133E-17));
#4760=DIRECTION('ref_axis',(0.,0.,-1.));
#4761=DIRECTION('center_axis',(-0.382147339506984,-0.0503106516924729,0.922730865005616));
#4762=DIRECTION('ref_axis',(-0.921175648243967,-0.0586543712158823,-0.384701299477369));
#4763=DIRECTION('center_axis',(0.130526192220052,-0.99144486137381,4.04952208162132E-17));
#4764=DIRECTION('ref_axis',(-0.99144486137381,-0.130526192220052,1.22391803062308E-12));
#4765=DIRECTION('center_axis',(0.,0.,1.));
#4766=DIRECTION('ref_axis',(1.,0.,0.));
#4767=DIRECTION('center_axis',(0.,0.,1.));
#4768=DIRECTION('ref_axis',(1.,0.,0.));
#4769=DIRECTION('center_axis',(0.382147339505203,0.0503106516922384,-0.922730865006366));
#4770=DIRECTION('ref_axis',(-0.904968217537499,-0.181762029667337,-0.384701299475595));
#4771=DIRECTION('center_axis',(-0.130526192220052,0.99144486137381,-4.04952208162132E-17));
#4772=DIRECTION('ref_axis',(9.43849095025912E-18,0.,1.));
#4773=DIRECTION('center_axis',(-0.130526192220052,0.99144486137381,-4.04952208162132E-17));
#4774=DIRECTION('ref_axis',(-0.99144486137381,-0.130526192220052,1.22391803062308E-12));
#4775=DIRECTION('center_axis',(-3.92556133994743E-17,0.,1.));
#4776=DIRECTION('ref_axis',(-0.965925826289068,-0.258819045102521,2.51235925756635E-17));
#4777=DIRECTION('center_axis',(-3.11900832896994E-14,-6.20276954478609E-15,
-1.));
#4778=DIRECTION('ref_axis',(-0.96592582628907,-0.258819045102516,3.17289786351253E-14));
#4779=DIRECTION('center_axis',(0.382683432365091,-0.923879532511287,3.53573726128198E-17));
#4780=DIRECTION('ref_axis',(-0.923879532511287,-0.38268343236509,1.22397542883688E-12));
#4781=DIRECTION('center_axis',(-1.96812919920765E-17,-2.59109124650368E-18,
-1.));
#4782=DIRECTION('ref_axis',(-0.965925826289068,-0.25881904510252,1.96812919920765E-17));
#4783=DIRECTION('center_axis',(-9.10991803957547E-18,-4.20439959430475E-17,
-1.));
#4784=DIRECTION('ref_axis',(-0.965925826289068,-0.258819045102522,2.70112363937938E-17));
#4785=DIRECTION('center_axis',(0.382683432365091,-0.923879532511287,3.53573726128198E-17));
#4786=DIRECTION('ref_axis',(-7.86540912521593E-18,0.,-1.));
#4787=DIRECTION('center_axis',(-0.356104629847921,-0.14750336730686,0.922730865005616));
#4788=DIRECTION('ref_axis',(-0.874606480838239,-0.295073573632367,-0.384701299477369));
#4789=DIRECTION('center_axis',(0.38268343236509,-0.923879532511287,3.53573726128198E-17));
#4790=DIRECTION('ref_axis',(-0.923879532511287,-0.38268343236509,1.22393720533361E-12));
#4791=DIRECTION('center_axis',(0.,0.,1.));
#4792=DIRECTION('ref_axis',(1.,0.,0.));
#4793=DIRECTION('center_axis',(0.234643972199031,0.305793978154023,-0.922730865006366));
#4794=DIRECTION('ref_axis',(-0.511383999639064,-0.768434327119073,-0.384701299475595));
#4795=DIRECTION('center_axis',(-0.793353340291236,0.60876142900872,-1.13949497371511E-17));
#4796=DIRECTION('ref_axis',(3.14616365008637E-17,1.00677236802764E-16,1.));
#4797=DIRECTION('center_axis',(-0.793353340291236,0.60876142900872,-1.13949497371511E-17));
#4798=DIRECTION('ref_axis',(-0.60876142900872,-0.793353340291235,1.2239684337711E-12));
#4799=DIRECTION('center_axis',(3.45449397915374E-17,0.,1.));
#4800=DIRECTION('ref_axis',(-0.500000000000002,-0.866025403784438,7.53707777269906E-17));
#4801=DIRECTION('center_axis',(-1.7722469282345E-14,-2.64630121904139E-14,
-1.));
#4802=DIRECTION('ref_axis',(-0.500000000000004,-0.866025403784436,3.17751522296532E-14));
#4803=DIRECTION('center_axis',(0.923879532511287,-0.382683432365089,-5.7966254159234E-18));
#4804=DIRECTION('ref_axis',(-0.382683432365089,-0.923879532511287,1.22401658283491E-12));
#4805=DIRECTION('center_axis',(-6.58548865199851E-17,-3.80213364597657E-17,
-1.));
#4806=DIRECTION('ref_axis',(-0.5,-0.866025403784438,6.58548865199852E-17));
#4807=DIRECTION('center_axis',(-3.04823798632801E-17,-5.84436626999261E-17,
-1.));
#4808=DIRECTION('ref_axis',(-0.499999999999999,-0.866025403784439,5.40224727875875E-17));
#4809=DIRECTION('center_axis',(0.923879532511287,-0.382683432365089,-5.7966254159234E-18));
#4810=DIRECTION('ref_axis',(-3.14616365008637E-17,-1.00677236802764E-16,
-1.));
#4811=DIRECTION('center_axis',(-0.14750336730686,-0.356104629847922,0.922730865005616));
#4812=DIRECTION('ref_axis',(-0.409791648606026,-0.827088698334815,-0.384701299477369));
#4813=DIRECTION('center_axis',(0.923879532511287,-0.382683432365089,-5.79662541592338E-18));
#4814=DIRECTION('ref_axis',(-0.382683432365089,-0.923879532511287,1.22397835933164E-12));
#4815=DIRECTION('center_axis',(0.356104629846262,0.147503367306172,-0.922730865006366));
#4816=DIRECTION('ref_axis',(-0.827088698335858,-0.409791648605586,-0.384701299475595));
#4817=DIRECTION('center_axis',(-0.38268343236509,0.923879532511287,-3.53573726128198E-17));
#4818=DIRECTION('ref_axis',(1.88769819005182E-17,0.,1.));
#4819=DIRECTION('center_axis',(-0.38268343236509,0.923879532511287,-3.53573726128198E-17));
#4820=DIRECTION('ref_axis',(-0.923879532511287,-0.38268343236509,1.22393720533361E-12));
#4821=DIRECTION('center_axis',(-1.57022453597897E-17,0.,1.));
#4822=DIRECTION('ref_axis',(-0.866377393161885,-0.499389840323185,5.02471851513271E-17));
#4823=DIRECTION('center_axis',(0.608761429008721,-0.793353340291235,2.54318120703985E-17));
#4824=DIRECTION('ref_axis',(-0.793353340291235,-0.608761429008721,1.22399262041204E-12));
#4825=DIRECTION('center_axis',(-3.80213364597657E-17,-1.01877863995462E-17,
-1.));
#4826=DIRECTION('ref_axis',(-0.866025403784439,-0.499999999999999,3.80213364597657E-17));
#4827=DIRECTION('center_axis',(-2.85415933750473E-14,-1.40665939627827E-14,
-1.));
#4828=DIRECTION('ref_axis',(-0.866025403784441,-0.499999999999996,3.1747318679593E-14));
#4829=DIRECTION('center_axis',(-1.75990102196052E-17,-4.55602930562512E-17,
-1.));
#4830=DIRECTION('ref_axis',(-0.866025403784438,-0.5,2.70112363937938E-17));
#4831=DIRECTION('center_axis',(0.608761429008721,-0.793353340291235,2.54318120703985E-17));
#4832=DIRECTION('ref_axis',(-1.57308182504319E-17,0.,-1.));
#4833=DIRECTION('center_axis',(0.,0.,1.));
#4834=DIRECTION('ref_axis',(1.,0.,0.));
#4835=DIRECTION('center_axis',(0.147503367306173,0.356104629846262,-0.922730865006366));
#4836=DIRECTION('ref_axis',(-0.295073573633415,-0.874606480838665,-0.384701299475595));
#4837=DIRECTION('center_axis',(-0.923879532511287,0.382683432365089,5.79662541592338E-18));
#4838=DIRECTION('ref_axis',(3.77539638010365E-17,1.00677236802764E-16,1.));
#4839=DIRECTION('center_axis',(-0.923879532511287,0.382683432365089,5.79662541592338E-18));
#4840=DIRECTION('ref_axis',(-0.382683432365089,-0.923879532511287,1.22397835933164E-12));
#4841=DIRECTION('center_axis',(5.80983078312219E-17,0.,1.));
#4842=DIRECTION('ref_axis',(-0.258819045102524,-0.965925826289068,7.53707777269906E-17));
#4843=DIRECTION('center_axis',(-1.02891405317645E-14,-3.0150810583885E-14,
-1.));
#4844=DIRECTION('ref_axis',(-0.258819045102526,-0.965925826289067,3.17827489248063E-14));
#4845=DIRECTION('center_axis',(0.991444861373811,-0.130526192220051,-2.49713359525642E-17));
#4846=DIRECTION('ref_axis',(-0.130526192220051,-0.99144486137381,1.22402172068311E-12));
#4847=DIRECTION('center_axis',(-7.34515816730276E-17,-5.63613809274549E-17,
-1.));
#4848=DIRECTION('ref_axis',(-0.258819045102522,-0.965925826289068,7.34515816730277E-17));
#4849=DIRECTION('center_axis',(-3.39986769764838E-17,-6.69327548799559E-17,
-1.));
#4850=DIRECTION('ref_axis',(-0.25881904510252,-0.965925826289068,5.40224727875876E-17));
#4851=DIRECTION('center_axis',(0.991444861373811,-0.130526192220051,-2.49713359525642E-17));
#4852=DIRECTION('ref_axis',(-3.14616365008637E-17,-1.00677236802764E-16,
-1.));
#4853=DIRECTION('center_axis',(-0.0503106516924728,-0.382147339506984,0.922730865005616));
#4854=DIRECTION('ref_axis',(-0.181762029668032,-0.904968217536606,-0.384701299477369));
#4855=DIRECTION('center_axis',(0.356104629846262,-0.147503367306173,-0.922730865006366));
#4856=DIRECTION('ref_axis',(-0.874606480838665,0.295073573633415,-0.384701299475595));
#4857=DIRECTION('center_axis',(0.38268343236509,0.923879532511287,-3.53573726128198E-17));
#4858=DIRECTION('ref_axis',(-7.86540912521594E-18,0.,1.));
#4859=DIRECTION('center_axis',(0.38268343236509,0.923879532511287,-3.53573726128198E-17));
#4860=DIRECTION('ref_axis',(-0.923879532511287,0.38268343236509,1.22387900479146E-12));
#4861=DIRECTION('center_axis',(-7.85112267989486E-17,0.,1.));
#4862=DIRECTION('ref_axis',(-0.965925826289068,0.258819045102523,-2.51235925756635E-17));
#4863=DIRECTION('center_axis',(-3.00747679109654E-14,1.0213097858845E-14,
-1.));
#4864=DIRECTION('ref_axis',(-0.965925826289067,0.258819045102526,3.16896160511411E-14));
#4865=DIRECTION('center_axis',(-0.130526192220052,-0.99144486137381,4.04952208162133E-17));
#4866=DIRECTION('ref_axis',(-0.99144486137381,0.130526192220052,1.22393640300526E-12));
#4867=DIRECTION('center_axis',(1.96812919920764E-17,-2.59109124650367E-18,
-1.));
#4868=DIRECTION('ref_axis',(-0.965925826289068,0.258819045102522,-1.96812919920764E-17));
#4869=DIRECTION('center_axis',(9.10991803957542E-18,-4.20439959430475E-17,
-1.));
#4870=DIRECTION('ref_axis',(-0.965925826289068,0.258819045102521,-2.70112363937938E-17));
#4871=DIRECTION('center_axis',(-0.130526192220052,-0.99144486137381,4.04952208162133E-17));
#4872=DIRECTION('ref_axis',(9.43849095025912E-18,0.,-1.));
#4873=DIRECTION('center_axis',(-0.382147339506984,0.050310651692473,0.922730865005616));
#4874=DIRECTION('ref_axis',(-0.904968217536606,0.181762029668032,-0.384701299477369));
#4875=DIRECTION('center_axis',(9.10991803957545E-18,-1.10041349896015E-16,
-1.));
#4876=DIRECTION('ref_axis',(0.965925826289068,0.258819045102521,-2.70112363937938E-17));
#4877=DIRECTION('center_axis',(0.,0.,1.));
#4878=DIRECTION('ref_axis',(1.,0.,0.));
#4879=DIRECTION('center_axis',(0.,0.,1.));
#4880=DIRECTION('ref_axis',(1.,0.,0.));
#4881=DIRECTION('center_axis',(0.147503367306172,-0.356104629846262,-0.922730865006366));
#4882=DIRECTION('ref_axis',(-0.409791648605586,0.827088698335858,-0.384701299475595));
#4883=DIRECTION('center_axis',(0.923879532511287,0.38268343236509,5.79662541592335E-18));
#4884=DIRECTION('ref_axis',(-3.14616365008637E-17,1.00677236802764E-16,
1.));
#4885=DIRECTION('center_axis',(0.923879532511287,0.38268343236509,5.79662541592333E-18));
#4886=DIRECTION('ref_axis',(-0.38268343236509,0.923879532511287,1.22387607429669E-12));
#4887=DIRECTION('center_axis',(0.923879532511287,0.38268343236509,5.79662541592335E-18));
#4888=DIRECTION('ref_axis',(-0.38268343236509,0.923879532511287,1.22383785079343E-12));
#4889=DIRECTION('center_axis',(-9.57836966947173E-17,1.00494370302654E-16,
1.));
#4890=DIRECTION('ref_axis',(-0.499999999999998,0.86602540378444,-7.53707777269906E-17));
#4891=DIRECTION('center_axis',(-1.39905512898632E-14,2.84655507021277E-14,
-1.));
#4892=DIRECTION('ref_axis',(-0.499999999999995,0.866025403784441,3.16434424566132E-14));
#4893=DIRECTION('center_axis',(-0.793353340291235,-0.608761429008721,1.13949497371512E-17));
#4894=DIRECTION('ref_axis',(-0.608761429008721,0.793353340291235,1.22388599985724E-12));
#4895=DIRECTION('center_axis',(6.58548865199851E-17,-3.80213364597656E-17,
-1.));
#4896=DIRECTION('ref_axis',(-0.499999999999999,0.866025403784439,-6.5854886519985E-17));
#4897=DIRECTION('center_axis',(3.048237986328E-17,-5.84436626999261E-17,
-1.));
#4898=DIRECTION('ref_axis',(-0.5,0.866025403784439,-5.40224727875875E-17));
#4899=DIRECTION('center_axis',(-0.793353340291235,-0.608761429008721,1.13949497371512E-17));
#4900=DIRECTION('ref_axis',(3.14616365008637E-17,-1.00677236802764E-16,
-1.));
#4901=DIRECTION('center_axis',(-0.234643972200124,0.305793978155449,0.922730865005616));
#4902=DIRECTION('ref_axis',(-0.511383999637941,0.768434327118933,-0.384701299477369));
#4903=DIRECTION('center_axis',(-0.793353340291235,-0.608761429008721,1.13949497371512E-17));
#4904=DIRECTION('ref_axis',(-0.608761429008721,0.793353340291235,1.22384777635397E-12));
#4905=DIRECTION('center_axis',(0.,0.,1.));
#4906=DIRECTION('ref_axis',(1.,0.,0.));
#4907=DIRECTION('center_axis',(0.0503106516922383,-0.382147339505203,-0.922730865006366));
#4908=DIRECTION('ref_axis',(-0.181762029667337,0.904968217537499,-0.384701299475595));
#4909=DIRECTION('center_axis',(0.99144486137381,0.130526192220052,2.49713359525642E-17));
#4910=DIRECTION('ref_axis',(-3.14616365008637E-17,1.00677236802764E-16,
1.));
#4911=DIRECTION('center_axis',(0.99144486137381,0.130526192220052,2.49713359525642E-17));
#4912=DIRECTION('ref_axis',(-0.130526192220052,0.99144486137381,1.22387093644849E-12));
#4913=DIRECTION('center_axis',(0.99144486137381,0.130526192220052,2.49713359525642E-17));
#4914=DIRECTION('ref_axis',(-0.130526192220052,0.99144486137381,1.22383271294522E-12));
#4915=DIRECTION('center_axis',(-8.95027985508014E-17,1.00494370302654E-16,
1.));
#4916=DIRECTION('ref_axis',(-0.258819045102519,0.965925826289069,-7.53707777269906E-17));
#4917=DIRECTION('center_axis',(-6.12672687186654E-15,3.11140406167798E-14,
-1.));
#4918=DIRECTION('ref_axis',(-0.258819045102516,0.96592582628907,3.16358457614602E-14));
#4919=DIRECTION('center_axis',(-0.923879532511287,-0.38268343236509,-5.79662541592333E-18));
#4920=DIRECTION('ref_axis',(-0.38268343236509,0.923879532511287,1.2238760742967E-12));
#4921=DIRECTION('center_axis',(7.34515816730276E-17,-5.63613809274549E-17,
-1.));
#4922=DIRECTION('ref_axis',(-0.25881904510252,0.965925826289069,-7.34515816730275E-17));
#4923=DIRECTION('center_axis',(3.39986769764837E-17,-6.69327548799558E-17,
-1.));
#4924=DIRECTION('ref_axis',(-0.258819045102521,0.965925826289068,-5.40224727875876E-17));
#4925=DIRECTION('center_axis',(-0.923879532511287,-0.38268343236509,-5.79662541592333E-18));
#4926=DIRECTION('ref_axis',(3.77539638010365E-17,-1.00677236802764E-16,
-1.));
#4927=DIRECTION('center_axis',(-0.14750336730686,0.356104629847922,0.922730865005616));
#4928=DIRECTION('ref_axis',(-0.295073573632366,0.874606480838239,-0.384701299477369));
#4929=DIRECTION('center_axis',(0.,0.,1.));
#4930=DIRECTION('ref_axis',(1.,0.,0.));
#4931=DIRECTION('center_axis',(1.75990102196052E-17,-1.06525052782811E-16,
-1.));
#4932=DIRECTION('ref_axis',(0.866025403784438,0.5,-2.70112363937938E-17));
#4933=DIRECTION('center_axis',(0.,0.,1.));
#4934=DIRECTION('ref_axis',(1.,0.,0.));
#4935=DIRECTION('center_axis',(-1.09915717518528E-17,2.00988740605308E-16,
1.));
#4936=DIRECTION('ref_axis',(0.707106781186549,0.707106781186546,-5.02471851513271E-17));
#4937=DIRECTION('center_axis',(2.39480410390989E-14,2.08249000850153E-14,
-1.));
#4938=DIRECTION('ref_axis',(0.707106781186551,0.707106781186544,3.16555270534523E-14));
#4939=DIRECTION('center_axis',(-0.793353340291235,0.608761429008721,-8.11887427271221E-17));
#4940=DIRECTION('ref_axis',(0.608761429008721,0.793353340291235,1.22388599985724E-12));
#4941=DIRECTION('center_axis',(5.37702896809512E-17,-1.29812962600482E-16,
-1.));
#4942=DIRECTION('ref_axis',(0.707106781186548,0.707106781186547,-5.3770289680951E-17));
#4943=DIRECTION('center_axis',(2.48887589369083E-17,-1.0093143185644E-16,
-1.));
#4944=DIRECTION('ref_axis',(0.707106781186547,0.707106781186548,-5.40224727875875E-17));
#4945=DIRECTION('center_axis',(-0.793353340291235,0.608761429008721,-8.11887427271221E-17));
#4946=DIRECTION('ref_axis',(2.5169309200691E-17,-1.00677236802764E-16,-1.));
#4947=DIRECTION('center_axis',(0.234643972200124,0.305793978155449,0.922730865005616));
#4948=DIRECTION('ref_axis',(0.60989464390424,0.692844451170207,-0.384701299477369));
#4949=DIRECTION('center_axis',(-0.793353340291235,0.608761429008721,-8.11887427271221E-17));
#4950=DIRECTION('ref_axis',(0.60876142900872,0.793353340291235,1.22384777635397E-12));
#4951=DIRECTION('center_axis',(0.,0.,1.));
#4952=DIRECTION('ref_axis',(1.,0.,0.));
#4953=DIRECTION('center_axis',(-0.147503367306173,-0.356104629846262,-0.922730865006366));
#4954=DIRECTION('ref_axis',(0.295073573633415,0.874606480838665,-0.384701299475595));
#4955=DIRECTION('center_axis',(0.923879532511287,-0.38268343236509,6.39971675740475E-17));
#4956=DIRECTION('ref_axis',(-3.14616365008637E-17,1.00677236802764E-16,
1.));
#4957=DIRECTION('center_axis',(0.923879532511287,-0.38268343236509,6.39971675740475E-17));
#4958=DIRECTION('ref_axis',(0.38268343236509,0.923879532511287,1.22387607429669E-12));
#4959=DIRECTION('center_axis',(0.923879532511287,-0.38268343236509,6.39971675740475E-17));
#4960=DIRECTION('ref_axis',(0.38268343236509,0.923879532511287,1.22383785079343E-12));
#4961=DIRECTION('center_axis',(-5.80983078312219E-17,2.00988740605308E-16,
1.));
#4962=DIRECTION('ref_axis',(0.258819045102523,0.965925826289068,-7.53707777269906E-17));
#4963=DIRECTION('center_axis',(1.02891405317645E-14,2.99987252380459E-14,
-1.));
#4964=DIRECTION('ref_axis',(0.258819045102526,0.965925826289067,3.16358457614602E-14));
#4965=DIRECTION('center_axis',(-0.99144486137381,0.130526192220052,-4.48224570374067E-17));
#4966=DIRECTION('ref_axis',(0.130526192220051,0.99144486137381,1.22387093644849E-12));
#4967=DIRECTION('center_axis',(7.34515816730276E-17,-9.57239649116077E-17,
-1.));
#4968=DIRECTION('ref_axis',(0.258819045102522,0.965925826289068,-7.34515816730275E-17));
#4969=DIRECTION('center_axis',(3.39986769764838E-17,-8.51525909591067E-17,
-1.));
#4970=DIRECTION('ref_axis',(0.258819045102521,0.965925826289068,-5.40224727875875E-17));
#4971=DIRECTION('center_axis',(-0.99144486137381,0.130526192220052,-4.48224570374067E-17));
#4972=DIRECTION('ref_axis',(3.77539638010365E-17,-1.00677236802764E-16,
-1.));
#4973=DIRECTION('center_axis',(0.0503106516924729,0.382147339506984,0.922730865005616));
#4974=DIRECTION('ref_axis',(0.181762029668032,0.904968217536606,-0.384701299477369));
#4975=DIRECTION('center_axis',(-0.99144486137381,0.130526192220052,-4.48224570374067E-17));
#4976=DIRECTION('ref_axis',(0.130526192220052,0.99144486137381,1.22383271294522E-12));
#4977=DIRECTION('center_axis',(0.,0.,1.));
#4978=DIRECTION('ref_axis',(1.,0.,0.));
#4979=DIRECTION('center_axis',(0.,0.,1.));
#4980=DIRECTION('ref_axis',(1.,0.,0.));
#4981=DIRECTION('center_axis',(-0.234643972199031,-0.305793978154023,-0.922730865006366));
#4982=DIRECTION('ref_axis',(0.511383999639064,0.768434327119073,-0.384701299475595));
#4983=DIRECTION('center_axis',(0.793353340291235,-0.608761429008721,8.11887427271221E-17));
#4984=DIRECTION('ref_axis',(-3.14616365008637E-17,1.00677236802764E-16,
1.));
#4985=DIRECTION('center_axis',(0.793353340291235,-0.608761429008721,8.11887427271221E-17));
#4986=DIRECTION('ref_axis',(0.608761429008721,0.793353340291235,1.22384777635397E-12));
#4987=DIRECTION('center_axis',(-3.45449397915374E-17,2.00988740605308E-16,
1.));
#4988=DIRECTION('ref_axis',(0.500000000000001,0.866025403784438,-7.53707777269906E-17));
#4989=DIRECTION('center_axis',(1.7722469282345E-14,2.63109268445748E-14,
-1.));
#4990=DIRECTION('ref_axis',(0.500000000000005,0.866025403784436,3.16434424566132E-14));
#4991=DIRECTION('center_axis',(-0.923879532511287,0.38268343236509,-6.39971675740475E-17));
#4992=DIRECTION('ref_axis',(0.38268343236509,0.923879532511287,1.2238760742967E-12));
#4993=DIRECTION('center_axis',(6.58548865199851E-17,-1.14064009379297E-16,
-1.));
#4994=DIRECTION('ref_axis',(0.500000000000001,0.866025403784438,-6.58548865199849E-17));
#4995=DIRECTION('center_axis',(3.04823798632801E-17,-9.36416831391364E-17,
-1.));
#4996=DIRECTION('ref_axis',(0.5,0.866025403784439,-5.40224727875875E-17));
#4997=DIRECTION('center_axis',(-0.923879532511287,0.38268343236509,-6.39971675740475E-17));
#4998=DIRECTION('ref_axis',(2.5169309200691E-17,-1.00677236802764E-16,-1.));
#4999=DIRECTION('center_axis',(0.14750336730686,0.356104629847922,0.922730865005616));
#5000=DIRECTION('ref_axis',(0.409791648606027,0.827088698334815,-0.384701299477369));
#5001=DIRECTION('center_axis',(-0.0503106516922388,-0.382147339505203,-0.922730865006366));
#5002=DIRECTION('ref_axis',(0.0586543712167857,0.92117564824465,-0.384701299475595));
#5003=DIRECTION('center_axis',(0.99144486137381,-0.130526192220052,4.48224570374067E-17));
#5004=DIRECTION('ref_axis',(-3.14616365008637E-17,1.00677236802764E-16,
1.));
#5005=DIRECTION('center_axis',(0.99144486137381,-0.130526192220052,4.48224570374067E-17));
#5006=DIRECTION('ref_axis',(0.130526192220052,0.99144486137381,1.22383271294522E-12));
#5007=DIRECTION('center_axis',(-7.53707777269906E-17,1.00494370302654E-16,
1.));
#5008=DIRECTION('ref_axis',(3.17028333814154E-15,1.,-7.53707777269906E-17));
#5009=DIRECTION('center_axis',(2.15462385755296E-15,3.16369778992887E-14,
-1.));
#5010=DIRECTION('ref_axis',(5.5865609636479E-15,1.,3.16332546702137E-14));
#5011=DIRECTION('center_axis',(-0.99144486137381,-0.130526192220052,-2.49713359525642E-17));
#5012=DIRECTION('ref_axis',(-0.130526192220052,0.99144486137381,1.22387093644849E-12));
#5013=DIRECTION('center_axis',(7.60426729195313E-17,-7.60426729195313E-17,
-1.));
#5014=DIRECTION('ref_axis',(1.23163600665129E-15,1.,-7.60426729195312E-17));
#5015=DIRECTION('center_axis',(3.51980204392103E-17,-7.60426729195313E-17,
-1.));
#5016=DIRECTION('ref_axis',(-6.24634841606481E-17,1.,-8.10337091813813E-17));
#5017=DIRECTION('center_axis',(-0.99144486137381,-0.130526192220052,-2.49713359525642E-17));
#5018=DIRECTION('ref_axis',(3.77539638010365E-17,-1.00677236802764E-16,
-1.));
#5019=DIRECTION('center_axis',(-0.050310651692473,0.382147339506984,0.922730865005616));
#5020=DIRECTION('ref_axis',(-0.0586543712158823,0.921175648243967,-0.384701299477369));
#5021=DIRECTION('center_axis',(0.793353340291235,0.608761429008721,-1.13949497371512E-17));
#5022=DIRECTION('ref_axis',(-2.5169309200691E-17,0.,1.));
#5023=DIRECTION('center_axis',(0.793353340291235,0.608761429008721,-1.13949497371512E-17));
#5024=DIRECTION('ref_axis',(-0.608761429008721,0.793353340291235,1.22384777635397E-12));
#5025=DIRECTION('center_axis',(-9.73539212306962E-17,1.00494370302654E-16,
1.));
#5026=DIRECTION('ref_axis',(-0.70709913944042,0.707114422850092,-5.02471851513271E-17));
#5027=DIRECTION('center_axis',(5.37702896809512E-17,-2.22723832385801E-17,
-1.));
#5028=DIRECTION('ref_axis',(-0.707106781186547,0.707106781186548,-5.37702896809512E-17));
#5029=DIRECTION('center_axis',(-0.608761429008721,-0.793353340291235,2.54318120703985E-17));
#5030=DIRECTION('ref_axis',(2.5169309200691E-17,0.,-1.));
#5031=DIRECTION('center_axis',(-0.147503367306172,0.356104629846262,-0.922730865006366));
#5032=DIRECTION('ref_axis',(0.409791648605586,-0.827088698335858,-0.384701299475595));
#5033=DIRECTION('center_axis',(-0.923879532511287,-0.38268343236509,6.39971675740476E-17));
#5034=DIRECTION('ref_axis',(2.5169309200691E-17,1.00677236802764E-16,1.));
#5035=DIRECTION('center_axis',(-0.923879532511287,-0.38268343236509,6.39971675740476E-17));
#5036=DIRECTION('ref_axis',(0.38268343236509,-0.923879532511287,1.22397835933164E-12));
#5037=DIRECTION('center_axis',(9.57836966947173E-17,1.00494370302654E-16,
1.));
#5038=DIRECTION('ref_axis',(0.5,-0.866025403784438,7.53707777269906E-17));
#5039=DIRECTION('center_axis',(1.39905512898632E-14,-2.86176360479668E-14,
-1.));
#5040=DIRECTION('ref_axis',(0.499999999999996,-0.866025403784441,3.17751522296532E-14));
#5041=DIRECTION('center_axis',(0.793353340291235,0.608761429008721,-8.11887427271221E-17));
#5042=DIRECTION('ref_axis',(0.608761429008721,-0.793353340291235,1.22400665727437E-12));
#5043=DIRECTION('center_axis',(-6.5854886519985E-17,-1.14064009379297E-16,
-1.));
#5044=DIRECTION('ref_axis',(0.499999999999999,-0.866025403784439,6.58548865199852E-17));
#5045=DIRECTION('center_axis',(-3.048237986328E-17,-9.36416831391365E-17,
-1.));
#5046=DIRECTION('ref_axis',(0.5,-0.866025403784438,5.40224727875875E-17));
#5047=DIRECTION('center_axis',(0.793353340291235,0.608761429008721,-8.11887427271221E-17));
#5048=DIRECTION('ref_axis',(-3.14616365008637E-17,-1.00677236802764E-16,
-1.));
#5049=DIRECTION('center_axis',(0.234643972200124,-0.305793978155448,0.922730865005616));
#5050=DIRECTION('ref_axis',(0.511383999637941,-0.768434327118933,-0.384701299477369));
#5051=DIRECTION('center_axis',(0.,0.,1.));
#5052=DIRECTION('ref_axis',(1.,0.,0.));
#5053=DIRECTION('center_axis',(1.68305425245974E-32,-1.11240693358742E-16,
-1.));
#5054=DIRECTION('ref_axis',(1.,1.08044945575175E-16,0.));
#5055=DIRECTION('center_axis',(0.,0.,1.));
#5056=DIRECTION('ref_axis',(1.,0.,0.));
#5057=DIRECTION('',(9.57604765175337E-16,-1.,0.));
#5058=DIRECTION('',(-1.,-1.0054850034341E-14,0.));
#5059=DIRECTION('',(6.23283101543947E-16,1.,0.));
#5060=DIRECTION('',(1.,1.08927542038695E-14,0.));
#5061=DIRECTION('center_axis',(3.98004480526002E-15,-1.,0.));
#5062=DIRECTION('ref_axis',(1.,3.98004480526002E-15,0.));
#5063=DIRECTION('',(0.,0.,1.));
#5064=DIRECTION('',(1.,3.98004480526002E-15,0.));
#5065=DIRECTION('',(0.,0.,1.));
#5066=DIRECTION('center_axis',(-1.08927542038695E-14,1.,0.));
#5067=DIRECTION('ref_axis',(-1.,-1.08927542038695E-14,0.));
#5068=DIRECTION('',(0.,0.,1.));
#5069=DIRECTION('',(-1.,-1.08927542038695E-14,0.));
#5070=DIRECTION('',(0.,0.,1.));
#5071=DIRECTION('center_axis',(0.,0.,1.));
#5072=DIRECTION('ref_axis',(1.,0.,0.));
#5073=DIRECTION('',(6.23283101543947E-16,1.,0.));
#5074=DIRECTION('',(9.57604765175337E-16,-1.,0.));
#5075=DIRECTION('center_axis',(0.,0.,1.));
#5076=DIRECTION('ref_axis',(-1.,0.,0.));
#5077=DIRECTION('',(9.57604765175337E-16,-1.,0.));
#5078=DIRECTION('center_axis',(0.,0.,1.));
#5079=DIRECTION('ref_axis',(-1.,0.,0.));
#5080=DIRECTION('',(0.,-1.,0.));
#5081=DIRECTION('',(-1.,-1.11022302462516E-14,0.));
#5082=DIRECTION('',(-9.31094117036973E-15,1.,0.));
#5083=DIRECTION('',(-1.,0.,0.));
#5084=DIRECTION('',(6.23283101543947E-16,1.,0.));
#5085=DIRECTION('',(-1.,-1.0054850034341E-14,0.));
#5086=DIRECTION('center_axis',(0.,0.,1.));
#5087=DIRECTION('ref_axis',(-1.,0.,0.));
#5088=DIRECTION('',(-1.,2.73947531326257E-13,0.));
#5089=DIRECTION('',(-1.22031122590709E-14,1.,0.));
#5090=DIRECTION('',(1.,0.,0.));
#5091=DIRECTION('center_axis',(0.,0.,1.));
#5092=DIRECTION('ref_axis',(1.,0.,0.));
#5093=DIRECTION('center_axis',(0.,0.,1.));
#5094=DIRECTION('ref_axis',(-1.,0.,0.));
#5095=DIRECTION('',(1.,4.2081033997889E-15,0.));
#5096=DIRECTION('',(-3.49010527962299E-14,-1.,0.));
#5097=DIRECTION('center_axis',(-1.,0.,0.));
#5098=DIRECTION('ref_axis',(0.,-1.,0.));
#5099=DIRECTION('',(0.,0.,1.));
#5100=DIRECTION('center_axis',(-1.11022302462516E-14,1.,0.));
#5101=DIRECTION('ref_axis',(-1.,-1.11022302462516E-14,0.));
#5102=DIRECTION('',(0.,0.,1.));
#5103=DIRECTION('center_axis',(1.,9.31094117036973E-15,0.));
#5104=DIRECTION('ref_axis',(-9.31094117036973E-15,1.,0.));
#5105=DIRECTION('',(0.,0.,1.));
#5106=DIRECTION('center_axis',(0.,1.,0.));
#5107=DIRECTION('ref_axis',(-1.,0.,0.));
#5108=DIRECTION('',(0.,0.,1.));
#5109=DIRECTION('center_axis',(1.,-6.23283101543947E-16,0.));
#5110=DIRECTION('ref_axis',(6.23283101543947E-16,1.,0.));
#5111=DIRECTION('',(0.,0.,1.));
#5112=DIRECTION('center_axis',(-1.0054850034341E-14,1.,0.));
#5113=DIRECTION('ref_axis',(-1.,-1.0054850034341E-14,0.));
#5114=DIRECTION('',(0.,0.,1.));
#5115=DIRECTION('center_axis',(-1.,-9.57604765175337E-16,0.));
#5116=DIRECTION('ref_axis',(9.57604765175337E-16,-1.,0.));
#5117=DIRECTION('',(0.,0.,1.));
#5118=DIRECTION('center_axis',(4.2081033997889E-15,-1.,0.));
#5119=DIRECTION('ref_axis',(1.,4.2081033997889E-15,0.));
#5120=DIRECTION('',(0.,0.,1.));
#5121=DIRECTION('center_axis',(-1.,3.49010527962299E-14,0.));
#5122=DIRECTION('ref_axis',(-3.49010527962299E-14,-1.,0.));
#5123=DIRECTION('center_axis',(0.,1.,0.));
#5124=DIRECTION('ref_axis',(-1.,0.,0.));
#5125=DIRECTION('',(0.,0.,1.));
#5126=DIRECTION('',(0.,0.,1.));
#5127=DIRECTION('center_axis',(1.,1.33144694803794E-14,0.));
#5128=DIRECTION('ref_axis',(-1.33144694803794E-14,1.,0.));
#5129=DIRECTION('',(0.,0.,1.));
#5130=DIRECTION('center_axis',(-2.73947531326257E-13,-1.,0.));
#5131=DIRECTION('ref_axis',(1.,-2.73947531326257E-13,0.));
#5132=DIRECTION('',(0.,0.,1.));
#5133=DIRECTION('center_axis',(0.,0.,1.));
#5134=DIRECTION('ref_axis',(-1.,7.33971843051751E-14,0.));
#5135=DIRECTION('',(0.,0.,-1.));
#5136=DIRECTION('',(1.,0.,0.));
#5137=CARTESIAN_POINT('',(0.,0.,0.));
#5138=CARTESIAN_POINT('',(0.,0.,0.));
#5139=CARTESIAN_POINT('Origin',(-21.6568155661109,-41.7474029927457,4.8));
#5140=CARTESIAN_POINT('',(-26.7289627601483,-41.7474029927458,4.8));
#5141=CARTESIAN_POINT('',(-25.1531047860909,-41.7474029927461,-2.83508990037625));
#5142=CARTESIAN_POINT('Ctrl Pts',(-26.7289627601483,-41.7474029927458,4.8));
#5143=CARTESIAN_POINT('Ctrl Pts',(-26.6597419426757,-41.7474029927458,3.81038323442563));
#5144=CARTESIAN_POINT('Ctrl Pts',(-26.5478912165381,-41.7474029927459,2.80153950925878));
#5145=CARTESIAN_POINT('Ctrl Pts',(-26.1210920813569,-41.747402992746,0.18356773153224));
#5146=CARTESIAN_POINT('Ctrl Pts',(-25.7275277633444,-41.747402992746,-1.40657364790918));
#5147=CARTESIAN_POINT('Ctrl Pts',(-25.1531047860909,-41.7474029927461,-2.83508990037625));
#5148=CARTESIAN_POINT('',(-18.6028392536074,-41.7474029927457,4.8));
#5149=CARTESIAN_POINT('',(-21.6568155661109,-41.7474029927457,4.8));
#5150=CARTESIAN_POINT('',(-18.6028392536067,-41.7474029927462,-8.2));
#5151=CARTESIAN_POINT('',(-18.6028392536067,-41.7474029927462,-8.2));
#5152=CARTESIAN_POINT('',(-19.215703453183,-41.7474029927462,-8.2));
#5153=CARTESIAN_POINT('',(-10.6784077830553,-41.7474029927462,-8.2));
#5154=CARTESIAN_POINT('',(-19.2157034531831,-41.7474029927462,-8.19397219546966));
#5155=CARTESIAN_POINT('',(-19.215703453183,-41.7474029927462,-8.2));
#5156=CARTESIAN_POINT('',(-19.4218248854381,-41.7474029927463,-8.19714672239701));
#5157=CARTESIAN_POINT('Ctrl Pts',(-19.4218102990866,-41.7473871738511,-8.19706116449009));
#5158=CARTESIAN_POINT('Ctrl Pts',(-19.3531066130511,-41.7474139166799,-8.19902862396362));
#5159=CARTESIAN_POINT('Ctrl Pts',(-19.2843776095128,-41.7473849225849,-8.19786181995458));
#5160=CARTESIAN_POINT('Ctrl Pts',(-19.2158036172503,-41.7473246802791,-8.19361821018843));
#5161=CARTESIAN_POINT('',(-23.5254654091025,-41.7474029927462,-6.20020165891293));
#5162=CARTESIAN_POINT('Ctrl Pts',(-23.5254654091025,-41.7474029927462,-6.20020165891293));
#5163=CARTESIAN_POINT('Ctrl Pts',(-23.337221614906,-41.7474029927462,-6.52997833214363));
#5164=CARTESIAN_POINT('Ctrl Pts',(-23.0515193489721,-41.7474029927462,-6.84975889798619));
#5165=CARTESIAN_POINT('Ctrl Pts',(-22.3656415936261,-41.7474029927463,-7.4168877913012));
#5166=CARTESIAN_POINT('Ctrl Pts',(-21.8064501312206,-41.7474029927463,-7.70604552032054));
#5167=CARTESIAN_POINT('Ctrl Pts',(-20.993105460916,-41.7474029927463,-7.98072690335317));
#5168=CARTESIAN_POINT('Ctrl Pts',(-20.6373276647577,-41.7474029927463,-8.06698371011475));
#5169=CARTESIAN_POINT('Ctrl Pts',(-19.9884915838847,-41.7474029927463,-8.16535731558048));
#5170=CARTESIAN_POINT('Ctrl Pts',(-19.6973419164296,-41.7474029927463,-8.18949302713281));
#5171=CARTESIAN_POINT('Ctrl Pts',(-19.4218248854381,-41.7474029927463,-8.19714672239701));
#5172=CARTESIAN_POINT('Origin',(0.300000000000277,-41.7474029927453,7.39989917050121));
#5173=CARTESIAN_POINT('Origin',(-21.656815566111,-40.247402992746,4.8));
#5174=CARTESIAN_POINT('',(-26.0387058230237,-39.6603998064436,6.18037214520933));
#5175=CARTESIAN_POINT('Ctrl Pts',(-26.0387058230237,-39.6603998064436,6.18037214520937));
#5176=CARTESIAN_POINT('Ctrl Pts',(-26.1817629070883,-39.7701713678679,6.22705249626187));
#5177=CARTESIAN_POINT('Ctrl Pts',(-26.3120967347813,-39.899329019532,6.26653926318664));
#5178=CARTESIAN_POINT('Ctrl Pts',(-26.4696345817718,-40.1046102253072,6.29436084202619));
#5179=CARTESIAN_POINT('Ctrl Pts',(-26.5116266937206,-40.1658483096057,6.29912793232865));
#5180=CARTESIAN_POINT('Ctrl Pts',(-26.5784557283174,-40.2757303428413,6.30044895094081));
#5181=CARTESIAN_POINT('Ctrl Pts',(-26.604769773689,-40.3231538102354,6.29887068214643));
#5182=CARTESIAN_POINT('Ctrl Pts',(-26.6550806551335,-40.4230410966518,6.2905797936432));
#5183=CARTESIAN_POINT('Ctrl Pts',(-26.6786870257555,-40.475397524484,6.28354966106201));
#5184=CARTESIAN_POINT('Ctrl Pts',(-26.7337784000786,-40.6128661891415,6.25734239706442));
#5185=CARTESIAN_POINT('Ctrl Pts',(-26.7611022619358,-40.6977876706417,6.23361791488549));
#5186=CARTESIAN_POINT('Ctrl Pts',(-26.8190646207322,-40.9284198472242,6.1456603419986));
#5187=CARTESIAN_POINT('Ctrl Pts',(-26.8358023050468,-41.0672130743527,6.06641976605131));
#5188=CARTESIAN_POINT('Ctrl Pts',(-26.8423243059417,-41.3287271446665,5.85433598804351));
#5189=CARTESIAN_POINT('Ctrl Pts',(-26.8295714434142,-41.4444855663366,5.72067303339145));
#5190=CARTESIAN_POINT('Ctrl Pts',(-26.7917357154195,-41.6364733879084,5.39997564699825));
#5191=CARTESIAN_POINT('Ctrl Pts',(-26.7659912934758,-41.7037769102057,5.21086272917829));
#5192=CARTESIAN_POINT('Ctrl Pts',(-26.7399752223426,-41.7423297617373,4.94251174400255));
#5193=CARTESIAN_POINT('Ctrl Pts',(-26.7339464766813,-41.7474029927458,4.87124980050709));
#5194=CARTESIAN_POINT('Ctrl Pts',(-26.7289627601483,-41.7474029927458,4.8));
#5195=CARTESIAN_POINT('',(-29.0016145909938,-39.1673709045033,5.84092780170648));
#5196=CARTESIAN_POINT('Ctrl Pts',(-29.0016145909938,-39.1673709045034,5.8409278017064));
#5197=CARTESIAN_POINT('Ctrl Pts',(-28.9549615710632,-39.2428969456397,5.91929111162224));
#5198=CARTESIAN_POINT('Ctrl Pts',(-28.8975755566272,-39.3227039212518,5.98504891845478));
#5199=CARTESIAN_POINT('Ctrl Pts',(-28.7351864306612,-39.5100007725516,6.11264678509952));
#5200=CARTESIAN_POINT('Ctrl Pts',(-28.6247683316046,-39.6128055119529,6.16268982034749));
#5201=CARTESIAN_POINT('Ctrl Pts',(-28.3906559111081,-39.7824203087194,6.22856980562265));
#5202=CARTESIAN_POINT('Ctrl Pts',(-28.2734970805347,-39.8507383084456,6.24775733681892));
#5203=CARTESIAN_POINT('Ctrl Pts',(-27.9439913542732,-40.0003634420292,6.28261583111341));
#5204=CARTESIAN_POINT('Ctrl Pts',(-27.7107893989437,-40.0647373668752,6.2889639264976));
#5205=CARTESIAN_POINT('Ctrl Pts',(-27.1797515702508,-40.10570910994,6.2934504997934));
#5206=CARTESIAN_POINT('Ctrl Pts',(-26.9094906931466,-40.0688817215311,6.29148314574451));
#5207=CARTESIAN_POINT('Ctrl Pts',(-26.4982114430926,-39.9359633828709,6.26834156686244));
#5208=CARTESIAN_POINT('Ctrl Pts',(-26.3392841363594,-39.8608358475345,6.25261564442812));
#5209=CARTESIAN_POINT('Ctrl Pts',(-26.1394498155174,-39.7342529894415,6.20995436081224));
#5210=CARTESIAN_POINT('Ctrl Pts',(-26.087905383859,-39.6981519572692,6.19642624547599));
#5211=CARTESIAN_POINT('Ctrl Pts',(-26.0387058230237,-39.6603998064436,6.18037214520938));
#5212=CARTESIAN_POINT('',(-29.2066176779446,-38.7474029927464,4.8));
#5213=CARTESIAN_POINT('Ctrl Pts',(-29.2066176779446,-38.7474029927464,4.8));
#5214=CARTESIAN_POINT('Ctrl Pts',(-29.2227914845101,-38.7474029927464,4.98355878264085));
#5215=CARTESIAN_POINT('Ctrl Pts',(-29.2145693426853,-38.783490234127,5.17870364162314));
#5216=CARTESIAN_POINT('Ctrl Pts',(-29.1459835156141,-38.9250477922626,5.53337138285809));
#5217=CARTESIAN_POINT('Ctrl Pts',(-29.0857746081517,-39.030258446477,5.69302775753687));
#5218=CARTESIAN_POINT('Ctrl Pts',(-29.0105720673897,-39.1528451295294,5.82569669419419));
#5219=CARTESIAN_POINT('Ctrl Pts',(-29.0061262245126,-39.1600670725275,5.83334958841616));
#5220=CARTESIAN_POINT('Ctrl Pts',(-29.0016145909938,-39.1673709045034,5.8409278017064));
#5221=CARTESIAN_POINT('',(-21.6568155661102,-38.7474029927463,4.8));
#5222=CARTESIAN_POINT('',(-21.656815566111,-38.7474029927463,4.8));
#5223=CARTESIAN_POINT('Ctrl Pts',(-18.6028392536074,-41.7474029927457,4.8));
#5224=CARTESIAN_POINT('Ctrl Pts',(-18.6028392536074,-41.7474029927457,4.89399292397775));
#5225=CARTESIAN_POINT('Ctrl Pts',(-18.6134447844803,-41.7384249307281,4.98879722731823));
#5226=CARTESIAN_POINT('Ctrl Pts',(-18.6547905187037,-41.7032724391264,5.1731913911579));
#5227=CARTESIAN_POINT('Ctrl Pts',(-18.6855302600104,-41.6770943257795,5.26278065297527));
#5228=CARTESIAN_POINT('Ctrl Pts',(-18.8009884048951,-41.5781276203282,5.51547521640322));
#5229=CARTESIAN_POINT('Ctrl Pts',(-18.9098490957856,-41.4839600883094,5.66242185409484));
#5230=CARTESIAN_POINT('Ctrl Pts',(-19.1897866448871,-41.2373804672667,5.94963117903663));
#5231=CARTESIAN_POINT('Ctrl Pts',(-19.3942079945038,-41.0535647359939,6.08332034933517));
#5232=CARTESIAN_POINT('Ctrl Pts',(-19.8195006748286,-40.6580534332371,6.25882627502702));
#5233=CARTESIAN_POINT('Ctrl Pts',(-20.0404383054918,-40.4461441058652,6.29999999999973));
#5234=CARTESIAN_POINT('Ctrl Pts',(-20.4311375433015,-40.0602493628684,6.29999999999973));
#5235=CARTESIAN_POINT('Ctrl Pts',(-20.6338620940099,-39.8543842659487,6.26328736702428));
#5236=CARTESIAN_POINT('Ctrl Pts',(-21.009886790482,-39.4613518829637,6.09529819816396));
#5237=CARTESIAN_POINT('Ctrl Pts',(-21.1832897085776,-39.274264793524,5.96406410407987));
#5238=CARTESIAN_POINT('Ctrl Pts',(-21.4162002429341,-39.0182979800402,5.67431132333023));
#5239=CARTESIAN_POINT('Ctrl Pts',(-21.5044798693648,-38.919576164657,5.52190809585691));
#5240=CARTESIAN_POINT('Ctrl Pts',(-21.624876410689,-38.7838959429606,5.17738948998038));
#5241=CARTESIAN_POINT('Ctrl Pts',(-21.6568155661102,-38.7474029927463,4.98502890647779));
#5242=CARTESIAN_POINT('Ctrl Pts',(-21.6568155661102,-38.7474029927463,4.8));
#5243=CARTESIAN_POINT('Origin',(-21.656815566111,-38.7474029927463,-8.2));
#5244=CARTESIAN_POINT('',(-28.454301752613,-38.7474029927464,0.287227857355082));
#5245=CARTESIAN_POINT('Origin',(0.300000000000242,-38.747402992746,7.39989917050025));
#5246=CARTESIAN_POINT('',(-24.8488652100902,-38.7474029927463,-2.54091303543916));
#5247=CARTESIAN_POINT('Ctrl Pts',(-24.8488652100902,-38.7474029927463,-2.54091303543918));
#5248=CARTESIAN_POINT('Ctrl Pts',(-24.8488652100902,-38.7474029927463,-3.01449275702658));
#5249=CARTESIAN_POINT('Ctrl Pts',(-24.86925869803,-38.7474029927463,-3.58242239134401));
#5250=CARTESIAN_POINT('Ctrl Pts',(-25.0310532068096,-38.7474029927463,-4.21718470901218));
#5251=CARTESIAN_POINT('Ctrl Pts',(-25.1044223097245,-38.7474029927463,-4.42222698100483));
#5252=CARTESIAN_POINT('Ctrl Pts',(-25.2629121158279,-38.7474029927463,-4.63053720882105));
#5253=CARTESIAN_POINT('Ctrl Pts',(-25.3330795465598,-38.7474029927463,-4.69652891193198));
#5254=CARTESIAN_POINT('Ctrl Pts',(-25.4639824515089,-38.7474029927463,-4.76581388624192));
#5255=CARTESIAN_POINT('Ctrl Pts',(-25.5429392783146,-38.7474029927463,-4.78562901506454));
#5256=CARTESIAN_POINT('Ctrl Pts',(-25.693348340053,-38.7474029927463,-4.78802008774967));
#5257=CARTESIAN_POINT('Ctrl Pts',(-25.7895652137213,-38.7474029927463,-4.76425482358031));
#5258=CARTESIAN_POINT('Ctrl Pts',(-25.9931844105622,-38.7474029927463,-4.67933114749373));
#5259=CARTESIAN_POINT('Ctrl Pts',(-26.1280378899205,-38.7474029927463,-4.5831575923397));
#5260=CARTESIAN_POINT('Ctrl Pts',(-26.7159877510519,-38.7474029927463,-4.06916407622225));
#5261=CARTESIAN_POINT('Ctrl Pts',(-27.0955863851701,-38.7474029927463,-3.397512841067));
#5262=CARTESIAN_POINT('Ctrl Pts',(-27.7365722274336,-38.7474029927464,-2.07571061105078));
#5263=CARTESIAN_POINT('Ctrl Pts',(-28.0238401430338,-38.7474029927464,-1.26955973879418));
#5264=CARTESIAN_POINT('Ctrl Pts',(-28.3311008184267,-38.7474029927464,-0.193312544983027));
#5265=CARTESIAN_POINT('Ctrl Pts',(-28.3945978142459,-38.7474029927464,0.0458635394999193));
#5266=CARTESIAN_POINT('Ctrl Pts',(-28.454301752613,-38.7474029927464,0.287227857355081));
#5267=CARTESIAN_POINT('',(-24.5374702052811,-38.7474029927463,-5.7384584725837));
#5268=CARTESIAN_POINT('Ctrl Pts',(-24.5374702052948,-38.7474029927463,-5.73845847258627));
#5269=CARTESIAN_POINT('Ctrl Pts',(-24.5453686093441,-38.7474029927463,-5.69637665259549));
#5270=CARTESIAN_POINT('Ctrl Pts',(-24.5531249657413,-38.7474029927463,-5.65426285635812));
#5271=CARTESIAN_POINT('Ctrl Pts',(-24.7491326252914,-38.7474029927463,-4.56933440239308));
#5272=CARTESIAN_POINT('Ctrl Pts',(-24.8488652100903,-38.7474029927463,-3.51092697036399));
#5273=CARTESIAN_POINT('Ctrl Pts',(-24.8488652100903,-38.7474029927463,-2.54091303543913));
#5274=CARTESIAN_POINT('',(-22.1865982137942,-38.7474029927521,-8.15120825927829));
#5275=CARTESIAN_POINT('Ctrl Pts',(-22.1865982137939,-38.7474029927463,-8.15120825927634));
#5276=CARTESIAN_POINT('Ctrl Pts',(-22.3830333719939,-38.7474029927463,-8.12343414306429));
#5277=CARTESIAN_POINT('Ctrl Pts',(-22.5756346815514,-38.7474029927463,-8.07366018604641));
#5278=CARTESIAN_POINT('Ctrl Pts',(-22.9536219777999,-38.7474029927463,-7.92908179551398));
#5279=CARTESIAN_POINT('Ctrl Pts',(-23.1367580903177,-38.7474029927463,-7.83325010097049));
#5280=CARTESIAN_POINT('Ctrl Pts',(-23.6111720323734,-38.7474029927463,-7.51060338676814));
#5281=CARTESIAN_POINT('Ctrl Pts',(-23.8676189109493,-38.7474029927463,-7.24534967566173));
#5282=CARTESIAN_POINT('Ctrl Pts',(-24.3063778922343,-38.7474029927463,-6.57340224417044));
#5283=CARTESIAN_POINT('Ctrl Pts',(-24.457118623455,-38.7474029927463,-6.16656278089665));
#5284=CARTESIAN_POINT('Ctrl Pts',(-24.5374702052805,-38.7474029927463,-5.73845847258353));
#5285=CARTESIAN_POINT('',(-22.1865982138042,-38.7474029927463,-8.2));
#5286=CARTESIAN_POINT('',(-22.1865982138042,-38.7474029927463,-8.2));
#5287=CARTESIAN_POINT('',(-21.6568155661109,-38.7474029927454,-8.2));
#5288=CARTESIAN_POINT('',(-10.6784077830554,-38.7474029927461,-8.2));
#5289=CARTESIAN_POINT('',(-21.6568155661109,-38.7474029927454,-8.2));
#5290=CARTESIAN_POINT('Origin',(-21.6568155661112,-19.4499999999996,-4.55000000000001));
#5291=CARTESIAN_POINT('',(-32.9548813645236,-18.3999999999998,-4.55000000000001));
#5292=CARTESIAN_POINT('',(-32.9548813645235,-20.4999999999998,-4.55000000000001));
#5293=CARTESIAN_POINT('Ctrl Pts',(-32.9548813645236,-18.3999999999998,-4.55000000000001));
#5294=CARTESIAN_POINT('Ctrl Pts',(-33.0016691713071,-18.3999999999998,-4.41979614290522));
#5295=CARTESIAN_POINT('Ctrl Pts',(-33.0517104245128,-18.4256538082597,-4.2802357338552));
#5296=CARTESIAN_POINT('Ctrl Pts',(-33.1442758742318,-18.5319705811478,-4.02153059899155));
#5297=CARTESIAN_POINT('Ctrl Pts',(-33.1867994422105,-18.6126736346118,-3.90240212489626));
#5298=CARTESIAN_POINT('Ctrl Pts',(-33.2532674482077,-18.7991227924576,-3.71595296705039));
#5299=CARTESIAN_POINT('Ctrl Pts',(-33.2820455348104,-18.9160797845788,-3.63508521384046));
#5300=CARTESIAN_POINT('Ctrl Pts',(-33.3204555786497,-19.1747201534261,-3.52708216705443));
#5301=CARTESIAN_POINT('Ctrl Pts',(-33.3300746776838,-19.3164276208164,-3.50000000000001));
#5302=CARTESIAN_POINT('Ctrl Pts',(-33.3300746776838,-19.5814333076534,-3.50000000000001));
#5303=CARTESIAN_POINT('Ctrl Pts',(-33.3207582109109,-19.7210394624532,-3.52622984387393));
#5304=CARTESIAN_POINT('Ctrl Pts',(-33.2834572522973,-19.9765184870774,-3.63111699172959));
#5305=CARTESIAN_POINT('Ctrl Pts',(-33.2554859669631,-20.0924150975783,-3.70972115745714));
#5306=CARTESIAN_POINT('Ctrl Pts',(-33.1897670748398,-20.2811806150408,-3.89408604303199));
#5307=CARTESIAN_POINT('Ctrl Pts',(-33.1468478114713,-20.3641643650986,-4.0143344089495));
#5308=CARTESIAN_POINT('Ctrl Pts',(-33.0531595399681,-20.4735545992406,-4.27619340793478));
#5309=CARTESIAN_POINT('Ctrl Pts',(-33.0023908236178,-20.4999999999998,-4.41778788646403));
#5310=CARTESIAN_POINT('Ctrl Pts',(-32.9548813645235,-20.4999999999998,-4.55000000000001));
#5311=CARTESIAN_POINT('Ctrl Pts',(-32.9548813645235,-20.4999999999998,-4.55000000000001));
#5312=CARTESIAN_POINT('Ctrl Pts',(-32.9073236356023,-20.4999999999998,-4.68234644164573));
#5313=CARTESIAN_POINT('Ctrl Pts',(-32.8563073032319,-20.4735059385119,-4.82400458112514));
#5314=CARTESIAN_POINT('Ctrl Pts',(-32.7617837986922,-20.3640337646073,-5.08589658496556));
#5315=CARTESIAN_POINT('Ctrl Pts',(-32.7182860270285,-20.2810202554516,-5.20611904478945));
#5316=CARTESIAN_POINT('Ctrl Pts',(-32.6515329862762,-20.0922763593474,-5.39036895231757));
#5317=CARTESIAN_POINT('Ctrl Pts',(-32.6230237151908,-19.9764419095504,-5.46892015768432));
#5318=CARTESIAN_POINT('Ctrl Pts',(-32.5849472645769,-19.721041839213,-5.57376346824595));
#5319=CARTESIAN_POINT('Ctrl Pts',(-32.575406405252,-19.5814494858705,-5.60000000000001));
#5320=CARTESIAN_POINT('Ctrl Pts',(-32.575406405252,-19.318550514129,-5.60000000000001));
#5321=CARTESIAN_POINT('Ctrl Pts',(-32.5849472645769,-19.1789581607865,-5.57376346824595));
#5322=CARTESIAN_POINT('Ctrl Pts',(-32.6230237151908,-18.9235580904491,-5.46892015768432));
#5323=CARTESIAN_POINT('Ctrl Pts',(-32.6515329862762,-18.8077236406522,-5.39036895231757));
#5324=CARTESIAN_POINT('Ctrl Pts',(-32.7182860270286,-18.6189797445479,-5.20611904478945));
#5325=CARTESIAN_POINT('Ctrl Pts',(-32.7617837986923,-18.5359662353922,-5.08589658496556));
#5326=CARTESIAN_POINT('Ctrl Pts',(-32.8563073032319,-18.4264940614876,-4.82400458112514));
#5327=CARTESIAN_POINT('Ctrl Pts',(-32.9073236356024,-18.3999999999998,-4.68234644164574));
#5328=CARTESIAN_POINT('Ctrl Pts',(-32.9548813645236,-18.3999999999998,-4.55000000000001));
#5329=CARTESIAN_POINT('',(-28.9128227336674,-20.4999999999997,-4.55000000000001));
#5330=CARTESIAN_POINT('',(-21.6568155661112,-20.4999999999996,-4.55000000000001));
#5331=CARTESIAN_POINT('',(-28.9128227336674,-18.3999999999997,-4.55000000000001));
#5332=CARTESIAN_POINT('Ctrl Pts',(-28.9128227336674,-18.3999999999997,-4.55000000000001));
#5333=CARTESIAN_POINT('Ctrl Pts',(-28.9128227336674,-18.3999999999997,-4.68185251121841));
#5334=CARTESIAN_POINT('Ctrl Pts',(-28.9138072325167,-18.426353075819,-4.82248587425877));
#5335=CARTESIAN_POINT('Ctrl Pts',(-28.917365341948,-18.5335129474089,-5.08118081795666));
#5336=CARTESIAN_POINT('Ctrl Pts',(-28.919887831388,-18.6143191177801,-5.19924335827217));
#5337=CARTESIAN_POINT('Ctrl Pts',(-28.9246247276122,-18.8007566364884,-5.38568087698045));
#5338=CARTESIAN_POINT('Ctrl Pts',(-28.9271465069033,-18.9188191793017,-5.46648705103452));
#5339=CARTESIAN_POINT('Ctrl Pts',(-28.9307029927619,-19.1775141303457,-5.57364692650897));
#5340=CARTESIAN_POINT('Ctrl Pts',(-28.9316867811058,-19.3181474961918,-5.60000000000001));
#5341=CARTESIAN_POINT('Ctrl Pts',(-28.9316867811058,-19.5818525038076,-5.60000000000001));
#5342=CARTESIAN_POINT('Ctrl Pts',(-28.9307029927619,-19.7224858696537,-5.57364692650896));
#5343=CARTESIAN_POINT('Ctrl Pts',(-28.9271465069033,-19.9811808206977,-5.46648705103452));
#5344=CARTESIAN_POINT('Ctrl Pts',(-28.9246247276122,-20.099243363511,-5.38568087698045));
#5345=CARTESIAN_POINT('Ctrl Pts',(-28.919887831388,-20.2856808822193,-5.19924335827217));
#5346=CARTESIAN_POINT('Ctrl Pts',(-28.9173653419479,-20.3664870525905,-5.08118081795666));
#5347=CARTESIAN_POINT('Ctrl Pts',(-28.9138072325167,-20.4736469241805,-4.82248587425877));
#5348=CARTESIAN_POINT('Ctrl Pts',(-28.9128227336674,-20.4999999999997,-4.68185251121841));
#5349=CARTESIAN_POINT('Ctrl Pts',(-28.9128227336674,-20.4999999999997,-4.55000000000001));
#5350=CARTESIAN_POINT('Ctrl Pts',(-28.9128227336674,-20.4999999999997,-4.55000000000001));
#5351=CARTESIAN_POINT('Ctrl Pts',(-28.9128227336674,-20.4999999999997,-4.41814748878161));
#5352=CARTESIAN_POINT('Ctrl Pts',(-28.9138072325167,-20.4736469241805,-4.27751412574125));
#5353=CARTESIAN_POINT('Ctrl Pts',(-28.9173653419479,-20.3664870525905,-4.01881918204336));
#5354=CARTESIAN_POINT('Ctrl Pts',(-28.919887831388,-20.2856808822193,-3.90075664172785));
#5355=CARTESIAN_POINT('Ctrl Pts',(-28.9246247276122,-20.099243363511,-3.71431912301957));
#5356=CARTESIAN_POINT('Ctrl Pts',(-28.9271465069033,-19.9811808206977,-3.6335129489655));
#5357=CARTESIAN_POINT('Ctrl Pts',(-28.9307029927619,-19.7224858696537,-3.52635307349105));
#5358=CARTESIAN_POINT('Ctrl Pts',(-28.9316867811058,-19.5818525038076,-3.50000000000001));
#5359=CARTESIAN_POINT('Ctrl Pts',(-28.9316867811058,-19.3181474961918,-3.50000000000001));
#5360=CARTESIAN_POINT('Ctrl Pts',(-28.9307029927619,-19.1775141303457,-3.52635307349105));
#5361=CARTESIAN_POINT('Ctrl Pts',(-28.9271465069033,-18.9188191793017,-3.6335129489655));
#5362=CARTESIAN_POINT('Ctrl Pts',(-28.9246247276122,-18.8007566364884,-3.71431912301957));
#5363=CARTESIAN_POINT('Ctrl Pts',(-28.919887831388,-18.6143191177801,-3.90075664172785));
#5364=CARTESIAN_POINT('Ctrl Pts',(-28.917365341948,-18.5335129474089,-4.01881918204336));
#5365=CARTESIAN_POINT('Ctrl Pts',(-28.9138072325167,-18.426353075819,-4.27751412574125));
#5366=CARTESIAN_POINT('Ctrl Pts',(-28.9128227336674,-18.3999999999997,-4.41814748878161));
#5367=CARTESIAN_POINT('Ctrl Pts',(-28.9128227336674,-18.3999999999997,-4.55000000000001));
#5368=CARTESIAN_POINT('Origin',(-21.6568155661115,1.34740299274676,4.8));
#5369=CARTESIAN_POINT('',(-21.6568155661115,-0.152597007252962,4.8));
#5370=CARTESIAN_POINT('',(-18.602839253609,2.84740299274652,4.8));
#5371=CARTESIAN_POINT('Ctrl Pts',(-21.6568155661114,-0.152597007252961,
4.8));
#5372=CARTESIAN_POINT('Ctrl Pts',(-21.6568155661114,-0.152597007252961,
4.90177195105425));
#5373=CARTESIAN_POINT('Ctrl Pts',(-21.6475728976601,-0.142064596130537,
5.00505715974177));
#5374=CARTESIAN_POINT('Ctrl Pts',(-21.6106278250195,-0.100151206831142,
5.20641894924775));
#5375=CARTESIAN_POINT('Ctrl Pts',(-21.5829204678669,-0.0687680932881885,
5.3044941768018));
#5376=CARTESIAN_POINT('Ctrl Pts',(-21.4765799023848,0.0508580906475689,
5.58050641552963));
#5377=CARTESIAN_POINT('Ctrl Pts',(-21.3733527891038,0.165915010728499,5.73983236154098));
#5378=CARTESIAN_POINT('Ctrl Pts',(-21.1279944369056,0.433973555410876,6.00789090622336));
#5379=CARTESIAN_POINT('Ctrl Pts',(-20.9623796480427,0.611614363185151,6.12215618623795));
#5380=CARTESIAN_POINT('Ctrl Pts',(-20.6074580306631,0.981234862653218,6.26812897837283));
#5381=CARTESIAN_POINT('Ctrl Pts',(-20.4181132412244,1.17311350289533,6.29999999999972));
#5382=CARTESIAN_POINT('Ctrl Pts',(-20.0404383054932,1.54614410586595,6.29999999999972));
#5383=CARTESIAN_POINT('Ctrl Pts',(-19.8195006748301,1.75805343323789,6.25882627502702));
#5384=CARTESIAN_POINT('Ctrl Pts',(-19.3942079945054,2.1535647359947,6.08332034933517));
#5385=CARTESIAN_POINT('Ctrl Pts',(-19.1897866448886,2.33738046726747,5.94963117903663));
#5386=CARTESIAN_POINT('Ctrl Pts',(-18.9098490957873,2.58396008831021,5.66242185409484));
#5387=CARTESIAN_POINT('Ctrl Pts',(-18.8009884048967,2.67812762032905,5.51547521640323));
#5388=CARTESIAN_POINT('Ctrl Pts',(-18.6855302600121,2.77709432578036,5.26278065297527));
#5389=CARTESIAN_POINT('Ctrl Pts',(-18.6547905187053,2.8032724391272,5.17319139115791));
#5390=CARTESIAN_POINT('Ctrl Pts',(-18.6134447844819,2.83842493072892,4.98879722731823));
#5391=CARTESIAN_POINT('Ctrl Pts',(-18.602839253609,2.84740299274652,4.89399292397775));
#5392=CARTESIAN_POINT('Ctrl Pts',(-18.602839253609,2.84740299274652,4.8));
#5393=CARTESIAN_POINT('',(-29.2066176779456,-0.152597007253055,4.8));
#5394=CARTESIAN_POINT('',(-21.6568155661114,-0.152597007252961,4.8));
#5395=CARTESIAN_POINT('',(-29.0016145909939,0.26737090450561,5.84092780170813));
#5396=CARTESIAN_POINT('Ctrl Pts',(-29.0016145909938,0.267370904505627,5.8409278017081));
#5397=CARTESIAN_POINT('Ctrl Pts',(-29.0061262245131,0.260067072529199,5.8333495884173));
#5398=CARTESIAN_POINT('Ctrl Pts',(-29.0105720673904,0.252845129530559,5.82569669419478));
#5399=CARTESIAN_POINT('Ctrl Pts',(-29.0857746081528,0.130258446477596,5.69302775753687));
#5400=CARTESIAN_POINT('Ctrl Pts',(-29.1459835156152,0.025047792263141,5.5333713828581));
#5401=CARTESIAN_POINT('Ctrl Pts',(-29.2145693426864,-0.116509765872423,
5.17870364162315));
#5402=CARTESIAN_POINT('Ctrl Pts',(-29.2227914845112,-0.152597007253054,
4.98355878264085));
#5403=CARTESIAN_POINT('Ctrl Pts',(-29.2066176779457,-0.152597007253054,
4.8));
#5404=CARTESIAN_POINT('',(-26.0387058230237,0.760399806445834,6.18037214520998));
#5405=CARTESIAN_POINT('Ctrl Pts',(-26.0387058230237,0.760399806445824,6.18037214521004));
#5406=CARTESIAN_POINT('Ctrl Pts',(-26.0700087101156,0.78441935651304,6.19058645768505));
#5407=CARTESIAN_POINT('Ctrl Pts',(-26.1023242410199,0.807820126059014,6.19979786351125));
#5408=CARTESIAN_POINT('Ctrl Pts',(-26.2705667743105,0.922325418903554,6.24183113556597));
#5409=CARTESIAN_POINT('Ctrl Pts',(-26.4178627243884,0.99936311366083,6.26029019052904));
#5410=CARTESIAN_POINT('Ctrl Pts',(-26.8047971543271,1.14481463559521,6.28888350875492));
#5411=CARTESIAN_POINT('Ctrl Pts',(-27.0641611661796,1.19485171341317,6.29223086195125));
#5412=CARTESIAN_POINT('Ctrl Pts',(-27.6208751797995,1.18478287377734,6.29116770585846));
#5413=CARTESIAN_POINT('Ctrl Pts',(-27.8843753016222,1.12182640062997,6.2864168311049));
#5414=CARTESIAN_POINT('Ctrl Pts',(-28.2413964662538,0.967794471871528,6.25225838546261));
#5415=CARTESIAN_POINT('Ctrl Pts',(-28.3618055677309,0.900375876492481,6.23424762667243));
#5416=CARTESIAN_POINT('Ctrl Pts',(-28.5933081607332,0.738156236722214,6.17365818645624));
#5417=CARTESIAN_POINT('Ctrl Pts',(-28.7003446910217,0.643152537120721,6.12969778240991));
#5418=CARTESIAN_POINT('Ctrl Pts',(-28.8779003096123,0.449705114145574,6.00680091435692));
#5419=CARTESIAN_POINT('Ctrl Pts',(-28.9470262348761,0.35574337076505,5.93262013533638));
#5420=CARTESIAN_POINT('Ctrl Pts',(-29.0016145909939,0.267370904505628,5.8409278017081));
#5421=CARTESIAN_POINT('',(-26.7289627601487,2.84740299274642,4.8));
#5422=CARTESIAN_POINT('Ctrl Pts',(-26.7289627601487,2.84740299274642,4.8));
#5423=CARTESIAN_POINT('Ctrl Pts',(-26.7345998989999,2.84740299274642,4.88059146540988));
#5424=CARTESIAN_POINT('Ctrl Pts',(-26.7415618852303,2.84091217072688,4.96094803479424));
#5425=CARTESIAN_POINT('Ctrl Pts',(-26.7673144430058,2.79910347469567,5.21847960779217));
#5426=CARTESIAN_POINT('Ctrl Pts',(-26.7901290165583,2.73844560913208,5.38935262238165));
#5427=CARTESIAN_POINT('Ctrl Pts',(-26.824974355585,2.57225963849149,5.67956098603052));
#5428=CARTESIAN_POINT('Ctrl Pts',(-26.8376891509022,2.47493588826929,5.80139258201569));
#5429=CARTESIAN_POINT('Ctrl Pts',(-26.8410728271343,2.23405394733058,6.02196523131014));
#5430=CARTESIAN_POINT('Ctrl Pts',(-26.8291299263081,2.09014561972332,6.11397726806146));
#5431=CARTESIAN_POINT('Ctrl Pts',(-26.7744173577935,1.84290305760077,6.21938284989427));
#5432=CARTESIAN_POINT('Ctrl Pts',(-26.7463580499304,1.74856585060528,6.24856811598878));
#5433=CARTESIAN_POINT('Ctrl Pts',(-26.6889088129953,1.599215402313,6.27978148494253));
#5434=CARTESIAN_POINT('Ctrl Pts',(-26.6651267856906,1.54467109596175,6.28795238076001));
#5435=CARTESIAN_POINT('Ctrl Pts',(-26.6152571497388,1.44296192046104,6.29772785017967));
#5436=CARTESIAN_POINT('Ctrl Pts',(-26.5898010059787,1.39584803404487,6.29992668058615));
#5437=CARTESIAN_POINT('Ctrl Pts',(-26.5271424952298,1.29007530223759,6.30009070050389));
#5438=CARTESIAN_POINT('Ctrl Pts',(-26.4888368281273,1.23234248703066,6.29662560744673));
#5439=CARTESIAN_POINT('Ctrl Pts',(-26.356487414793,1.05304580431528,6.27609818443414));
#5440=CARTESIAN_POINT('Ctrl Pts',(-26.2524846945516,0.941103029559072,6.24773466071556));
#5441=CARTESIAN_POINT('Ctrl Pts',(-26.106197930391,0.813841701530802,6.2022212621165));
#5442=CARTESIAN_POINT('Ctrl Pts',(-26.0727803285524,0.78654609414003,6.19149085275547));
#5443=CARTESIAN_POINT('Ctrl Pts',(-26.0387058230237,0.760399806445819,6.18037214521004));
#5444=CARTESIAN_POINT('',(-21.6568155661115,2.84740299274648,4.8));
#5445=CARTESIAN_POINT('Origin',(-21.6568155661115,2.84740299274704,-8.2));
#5446=CARTESIAN_POINT('',(-18.6028392536084,2.84740299274707,-8.2));
#5447=CARTESIAN_POINT('',(-18.6028392536084,2.84740299274707,-8.2));
#5448=CARTESIAN_POINT('',(-25.1531047860889,2.84740299274676,-2.8350899003847));
#5449=CARTESIAN_POINT('Ctrl Pts',(-25.1531047860889,2.84740299274677,-2.8350899003847));
#5450=CARTESIAN_POINT('Ctrl Pts',(-25.7275277633436,2.8474029927467,-1.40657364791584));
#5451=CARTESIAN_POINT('Ctrl Pts',(-26.1210920813568,2.84740299274663,0.183567731527959));
#5452=CARTESIAN_POINT('Ctrl Pts',(-26.5478912165385,2.84740299274651,2.80153950925756));
#5453=CARTESIAN_POINT('Ctrl Pts',(-26.6597419426761,2.84740299274647,3.81038323442503));
#5454=CARTESIAN_POINT('Ctrl Pts',(-26.7289627601487,2.84740299274642,4.8));
#5455=CARTESIAN_POINT('',(-23.525465409104,2.84740299274693,-6.20020165891294));
#5456=CARTESIAN_POINT('Origin',(0.299999999999729,2.84740299274665,7.3998991705012));
#5457=CARTESIAN_POINT('',(-19.4218248854369,2.84740299274706,-8.19714672239709));
#5458=CARTESIAN_POINT('Ctrl Pts',(-19.4218248854369,2.84740299274706,-8.19714672239709));
#5459=CARTESIAN_POINT('Ctrl Pts',(-19.6973419164292,2.84740299274706,-8.18949302713297));
#5460=CARTESIAN_POINT('Ctrl Pts',(-19.9884915838852,2.84740299274706,-8.16535731558064));
#5461=CARTESIAN_POINT('Ctrl Pts',(-20.6373276647592,2.84740299274704,-8.06698371011476));
#5462=CARTESIAN_POINT('Ctrl Pts',(-20.9931054609175,2.84740299274703,-7.98072690335318));
#5463=CARTESIAN_POINT('Ctrl Pts',(-21.806450131222,2.84740299274701,-7.70604552032056));
#5464=CARTESIAN_POINT('Ctrl Pts',(-22.3656415936275,2.84740299274699,-7.41688779130122));
#5465=CARTESIAN_POINT('Ctrl Pts',(-23.0515193489735,2.84740299274696,-6.84975889798621));
#5466=CARTESIAN_POINT('Ctrl Pts',(-23.3372216149074,2.84740299274695,-6.52997833214364));
#5467=CARTESIAN_POINT('Ctrl Pts',(-23.525465409104,2.84740299274693,-6.20020165891293));
#5468=CARTESIAN_POINT('',(-19.2157034531886,2.84740299274532,-8.19397219547022));
#5469=CARTESIAN_POINT('Ctrl Pts',(-19.2158002553676,2.84732728573018,-8.19362448810801));
#5470=CARTESIAN_POINT('Ctrl Pts',(-19.2843764216528,2.84738584319123,-8.19786403816126));
#5471=CARTESIAN_POINT('Ctrl Pts',(-19.3531132455363,2.84742175119377,-8.19904531162423));
#5472=CARTESIAN_POINT('Ctrl Pts',(-19.421828316328,2.84740821320124,-8.19710771938318));
#5473=CARTESIAN_POINT('',(-19.2157034531846,2.84740299274707,-8.2));
#5474=CARTESIAN_POINT('',(-19.2157034531846,2.84740299274707,-8.2));
#5475=CARTESIAN_POINT('',(-10.6784077830559,2.84740299274717,-8.2));
#5476=CARTESIAN_POINT('Origin',(-21.6568155661114,-0.152597007252963,4.8));
#5477=CARTESIAN_POINT('',(-21.6568155661114,-0.152597007252963,-8.2));
#5478=CARTESIAN_POINT('',(-21.6568155661114,-0.152597007252963,6.4));
#5479=CARTESIAN_POINT('',(-22.1865982138055,-0.152597007252969,-8.2));
#5480=CARTESIAN_POINT('',(-10.6784077830558,-0.152597007252829,-8.2));
#5481=CARTESIAN_POINT('',(-22.1865982138055,-0.152597007252969,-8.15120825927446));
#5482=CARTESIAN_POINT('',(-22.1865982138055,-0.152597007252969,-8.2));
#5483=CARTESIAN_POINT('',(-24.5374702052608,-0.152597007252999,-5.73845847257567));
#5484=CARTESIAN_POINT('Ctrl Pts',(-24.5374702052806,-0.152597007252998,
-5.73845847257842));
#5485=CARTESIAN_POINT('Ctrl Pts',(-24.4905965221207,-0.152597007252998,
-5.98819625311186));
#5486=CARTESIAN_POINT('Ctrl Pts',(-24.4194393319934,-0.152597007252997,
-6.23245395124903));
#5487=CARTESIAN_POINT('Ctrl Pts',(-24.2074701049963,-0.152597007252995,
-6.72959289194148));
#5488=CARTESIAN_POINT('Ctrl Pts',(-24.0609997343229,-0.152597007252992,
-6.97493388945481));
#5489=CARTESIAN_POINT('Ctrl Pts',(-23.6643652545505,-0.152597007252987,
-7.45515213167013));
#5490=CARTESIAN_POINT('Ctrl Pts',(-23.4059633696934,-0.152597007252985,
-7.6731259629238));
#5491=CARTESIAN_POINT('Ctrl Pts',(-22.8255836375045,-0.152597007252978,
-7.99900101493397));
#5492=CARTESIAN_POINT('Ctrl Pts',(-22.5120649256261,-0.152597007252974,
-8.10519027369393));
#5493=CARTESIAN_POINT('Ctrl Pts',(-22.1865982138055,-0.15259700725297,-8.15120825927446));
#5494=CARTESIAN_POINT('',(-24.8488652100882,-0.152597007253006,-2.54091303544726));
#5495=CARTESIAN_POINT('Ctrl Pts',(-24.8488652100882,-0.152597007253002,
-2.5409130354472));
#5496=CARTESIAN_POINT('Ctrl Pts',(-24.8488652100882,-0.152597007253002,
-3.51092697037147));
#5497=CARTESIAN_POINT('Ctrl Pts',(-24.7491326252893,-0.152597007253001,
-4.56933440239992));
#5498=CARTESIAN_POINT('Ctrl Pts',(-24.5531249657399,-0.152597007252999,
-5.65426285636084));
#5499=CARTESIAN_POINT('Ctrl Pts',(-24.5453686093433,-0.152597007252999,
-5.69637665259473));
#5500=CARTESIAN_POINT('Ctrl Pts',(-24.5374702052947,-0.152597007252998,
-5.73845847258204));
#5501=CARTESIAN_POINT('',(-28.4543017526109,-0.152597007253048,0.287227857342086));
#5502=CARTESIAN_POINT('Ctrl Pts',(-28.4543017526109,-0.152597007253047,
0.287227857342086));
#5503=CARTESIAN_POINT('Ctrl Pts',(-28.3945978142445,-0.152597007253046,
0.0458635394901722));
#5504=CARTESIAN_POINT('Ctrl Pts',(-28.3311008184261,-0.152597007253045,
-0.193312544989574));
#5505=CARTESIAN_POINT('Ctrl Pts',(-28.023840143034,-0.152597007253041,-1.26955973879798));
#5506=CARTESIAN_POINT('Ctrl Pts',(-27.7365722274337,-0.152597007253039,
-2.07571061105494));
#5507=CARTESIAN_POINT('Ctrl Pts',(-27.0955863851698,-0.152597007253031,
-3.39751284107202));
#5508=CARTESIAN_POINT('Ctrl Pts',(-26.7159877510513,-0.152597007253025,
-4.06916407622786));
#5509=CARTESIAN_POINT('Ctrl Pts',(-26.1280378899195,-0.152597007253018,
-4.58315759234596));
#5510=CARTESIAN_POINT('Ctrl Pts',(-25.9931844105611,-0.152597007253019,
-4.67933114750014));
#5511=CARTESIAN_POINT('Ctrl Pts',(-25.78956521372,-0.152597007253016,-4.76425482358693));
#5512=CARTESIAN_POINT('Ctrl Pts',(-25.6933483400516,-0.152597007253014,
-4.78802008775638));
#5513=CARTESIAN_POINT('Ctrl Pts',(-25.5429392783131,-0.152597007253012,
-4.78562901507137));
#5514=CARTESIAN_POINT('Ctrl Pts',(-25.4639824515073,-0.152597007253011,
-4.76581388624883));
#5515=CARTESIAN_POINT('Ctrl Pts',(-25.3330795465582,-0.152597007253009,
-4.69652891193902));
#5516=CARTESIAN_POINT('Ctrl Pts',(-25.2629121158263,-0.152597007253006,
-4.63053720882818));
#5517=CARTESIAN_POINT('Ctrl Pts',(-25.1044223097228,-0.152597007253004,
-4.42222698101217));
#5518=CARTESIAN_POINT('Ctrl Pts',(-25.0310532068078,-0.152597007253006,
-4.21718470901961));
#5519=CARTESIAN_POINT('Ctrl Pts',(-24.8692586980281,-0.152597007253004,
-3.58242239135171));
#5520=CARTESIAN_POINT('Ctrl Pts',(-24.8488652100882,-0.152597007253002,
-3.01449275703448));
#5521=CARTESIAN_POINT('Ctrl Pts',(-24.8488652100882,-0.152597007253002,
-2.54091303544725));
#5522=CARTESIAN_POINT('Origin',(0.299999999999767,-0.152597007252695,7.39989917050025));
#5523=CARTESIAN_POINT('Origin',(0.3,-19.4499999999989,7.39989917050025));
#5524=CARTESIAN_POINT('',(-21.2612181806404,-43.9436900598519,-6.20020165891294));
#5525=CARTESIAN_POINT('Origin',(0.300000000000711,-19.4499999999984,-6.20020165891397));
#5526=CARTESIAN_POINT('',(-21.2612181806371,-43.9436900598476,21.0000000000049));
#5527=CARTESIAN_POINT('Origin',(-1.4412921357345,-18.1138595502943,7.39989917050025));
#5528=CARTESIAN_POINT('',(-24.1936900598487,-41.011218180636,21.0000000000049));
#5529=CARTESIAN_POINT('Origin',(0.300000000000451,-19.4499999999985,21.0000000000049));
#5530=CARTESIAN_POINT('Origin',(1.63614044970461,-21.1912921357334,7.39989917050025));
#5531=CARTESIAN_POINT('Origin',(0.299999999999998,-19.4499999999989,-4.94987394027639));
#5532=CARTESIAN_POINT('Ctrl Pts',(-21.2612181806405,-43.9436900598518,-6.20020165891292));
#5533=CARTESIAN_POINT('Ctrl Pts',(-21.1267658388308,-43.7826763507721,-6.70334323470702));
#5534=CARTESIAN_POINT('Ctrl Pts',(-20.9094955139506,-43.5225447020289,-7.15270196257928));
#5535=CARTESIAN_POINT('Ctrl Pts',(-20.6361921229193,-43.1959155893082,-7.49135390497368));
#5536=CARTESIAN_POINT('Ctrl Pts',(-20.2928199887662,-42.7855462371819,-7.91682846552061));
#5537=CARTESIAN_POINT('Ctrl Pts',(-19.8610005825259,-42.2702117333425,-8.16755418846808));
#5538=CARTESIAN_POINT('Ctrl Pts',(-19.4218102990866,-41.7473871738511,-8.19706116449009));
#5539=CARTESIAN_POINT('Ctrl Pts',(-21.2612181806426,-43.9436900598542,-6.20020165890514));
#5540=CARTESIAN_POINT('Ctrl Pts',(-21.126765838833,-43.7826763507748,-6.70334323470239));
#5541=CARTESIAN_POINT('Ctrl Pts',(-20.6198017474441,-43.1757025037049,-7.75184693307772));
#5542=CARTESIAN_POINT('Ctrl Pts',(-19.8077687403398,-42.2066869083095,-8.19761368828965));
#5543=CARTESIAN_POINT('Ctrl Pts',(-19.3410415145807,-41.6512524015785,-8.19998266192832));
#5544=CARTESIAN_POINT('Ctrl Pts',(-20.7746789364243,-44.3634384921393,-6.21558322093632));
#5545=CARTESIAN_POINT('Ctrl Pts',(-20.6378984064677,-44.1969515939869,-6.72503155654813));
#5546=CARTESIAN_POINT('Ctrl Pts',(-20.1242363615579,-43.5720428713741,-7.77972739768068));
#5547=CARTESIAN_POINT('Ctrl Pts',(-19.3132224305984,-42.5881235342862,-8.20767008504727));
#5548=CARTESIAN_POINT('Ctrl Pts',(-18.8504323481677,-42.0277106340209,-8.20012351436228));
#5549=CARTESIAN_POINT('Ctrl Pts',(-19.589957824634,-44.6979501080733,-6.02517447174913));
#5550=CARTESIAN_POINT('Ctrl Pts',(-19.4759439946673,-44.552995409249,-6.45593570272819));
#5551=CARTESIAN_POINT('Ctrl Pts',(-19.0467047869404,-44.0072493744771,-7.34495897839996));
#5552=CARTESIAN_POINT('Ctrl Pts',(-18.3769775843117,-43.1565319724746,-7.69414445035586));
#5553=CARTESIAN_POINT('Ctrl Pts',(-18.0000132826477,-42.6781272781057,-7.68082195806877));
#5554=CARTESIAN_POINT('Ctrl Pts',(-18.6321289269082,-44.1228307794466,-5.59101016679954));
#5555=CARTESIAN_POINT('Ctrl Pts',(-18.5659250286545,-44.0365093137266,-5.84826542279417));
#5556=CARTESIAN_POINT('Ctrl Pts',(-18.3161968072178,-43.7110995163735,-6.38197765748349));
#5557=CARTESIAN_POINT('Ctrl Pts',(-17.9217888320648,-43.197232221308,-6.60058475158047));
#5558=CARTESIAN_POINT('Ctrl Pts',(-17.6979852796588,-42.9054310764727,-6.59724193456962));
#5559=CARTESIAN_POINT('Ctrl Pts',(-18.3613373838594,-43.7699283697946,-5.40519755171564));
#5560=CARTESIAN_POINT('Ctrl Pts',(-18.3147443626153,-43.709207162312,-5.58842330600703));
#5561=CARTESIAN_POINT('Ctrl Pts',(-18.1390844417967,-43.4802826965099,-5.97024999307378));
#5562=CARTESIAN_POINT('Ctrl Pts',(-17.8582393334826,-43.1142782255166,-6.1325819367863));
#5563=CARTESIAN_POINT('Ctrl Pts',(-17.6970652879585,-42.9042321199461,-6.13344463031576));
#5564=CARTESIAN_POINT('',(-17.7386279887902,-42.9583976862338,-6.13126050384225));
#5565=CARTESIAN_POINT('Ctrl Pts',(-17.7386279888048,-42.9583976862528,-6.13126050383934));
#5566=CARTESIAN_POINT('Ctrl Pts',(-17.7386279888048,-42.9583976862528,-6.40270931467736));
#5567=CARTESIAN_POINT('Ctrl Pts',(-17.7809845618549,-42.9260645896456,-6.67136890966953));
#5568=CARTESIAN_POINT('Ctrl Pts',(-17.94420317721,-42.7994432273167,-7.17105330527506));
#5569=CARTESIAN_POINT('Ctrl Pts',(-18.0628345522231,-42.70680862571,-7.39743681716597));
#5570=CARTESIAN_POINT('Ctrl Pts',(-18.358885449014,-42.4699641029104,-7.77955068784735));
#5571=CARTESIAN_POINT('Ctrl Pts',(-18.5333277197071,-42.3280242780464,-7.9316883154143));
#5572=CARTESIAN_POINT('Ctrl Pts',(-18.8208311359071,-42.0872894395897,-8.09035240153952));
#5573=CARTESIAN_POINT('Ctrl Pts',(-18.9217594491415,-42.0016998516773,-8.13130480757038));
#5574=CARTESIAN_POINT('Ctrl Pts',(-19.0878486061331,-41.8588194038601,-8.17571654491455));
#5575=CARTESIAN_POINT('Ctrl Pts',(-19.1517337416692,-41.8033922001125,-8.18746988822912));
#5576=CARTESIAN_POINT('Ctrl Pts',(-19.2157034531831,-41.7474029927462,-8.19397219546966));
#5577=CARTESIAN_POINT('',(-18.3613373838588,-43.7699283697939,-5.40519755171798));
#5578=CARTESIAN_POINT('Ctrl Pts',(-18.3613373838588,-43.7699283697939,-5.40519755171798));
#5579=CARTESIAN_POINT('Ctrl Pts',(-18.299040145857,-43.6887410285719,-5.65017969965134));
#5580=CARTESIAN_POINT('Ctrl Pts',(-18.1093226756658,-43.4414964077475,-5.99566824688373));
#5581=CARTESIAN_POINT('Ctrl Pts',(-17.8450180043451,-43.0970478539219,-6.12047594209594));
#5582=CARTESIAN_POINT('Ctrl Pts',(-17.7386268163436,-42.9583961582716,-6.13122879146237));
#5583=CARTESIAN_POINT('Origin',(-20.0008409801654,-42.5118930134957,-5.40519755172731));
#5584=CARTESIAN_POINT('Origin',(0.300000000000001,-19.4499999999989,-8.2));
#5585=CARTESIAN_POINT('',(-16.0552024796862,-44.1591928913506,-8.2));
#5586=CARTESIAN_POINT('Origin',(0.300000000000001,-19.4499999999989,-8.2));
#5587=CARTESIAN_POINT('Ctrl Pts',(-16.0552024796862,-44.1591928913506,-8.2));
#5588=CARTESIAN_POINT('Ctrl Pts',(-16.2796810059014,-44.0106088495838,-8.2));
#5589=CARTESIAN_POINT('Ctrl Pts',(-16.499861569356,-43.8603163737724,-8.14750182214947));
#5590=CARTESIAN_POINT('Ctrl Pts',(-16.9076144562661,-43.5746094054113,-7.94335390688782));
#5591=CARTESIAN_POINT('Ctrl Pts',(-17.0912866353247,-43.4420132570334,-7.7937784152032));
#5592=CARTESIAN_POINT('Ctrl Pts',(-17.400111024411,-43.2150936094428,-7.41612388334737));
#5593=CARTESIAN_POINT('Ctrl Pts',(-17.5222993541429,-43.123057998665,-7.19162607533619));
#5594=CARTESIAN_POINT('Ctrl Pts',(-17.6501273993784,-43.0261062579587,-6.81585711143297));
#5595=CARTESIAN_POINT('Ctrl Pts',(-17.6832201028505,-43.0008266304411,-6.68240123486491));
#5596=CARTESIAN_POINT('Ctrl Pts',(-17.7275109274774,-42.9669404361132,-6.409352128746));
#5597=CARTESIAN_POINT('Ctrl Pts',(-17.7386279888048,-42.9583976862528,-6.27049786402564));
#5598=CARTESIAN_POINT('Ctrl Pts',(-17.7386279888048,-42.9583976862528,-6.13126050383934));
#5599=CARTESIAN_POINT('Origin',(-0.958035356321082,-17.8104964037099,7.39989917050025));
#5600=CARTESIAN_POINT('',(-26.8659709592622,-37.5286339091703,-6.20020165891294));
#5601=CARTESIAN_POINT('Origin',(-1.03614044970461,-17.7087078642644,7.39989917050025));
#5602=CARTESIAN_POINT('',(-24.0199283698179,-38.1113373838753,-5.40519755172731));
#5603=CARTESIAN_POINT('Origin',(-25.2779637261389,-36.4718337875864,-5.40519755172731));
#5604=CARTESIAN_POINT('Origin',(0.3,-19.4499999999989,7.39989917050025));
#5605=CARTESIAN_POINT('Origin',(1.55803535632108,-21.0895035962878,7.39989917050025));
#5606=CARTESIAN_POINT('Origin',(-22.7618930134739,-39.7508409801467,-5.40519755171798));
#5607=CARTESIAN_POINT('Origin',(0.300000000000001,-19.4499999999989,-8.2));
#5608=CARTESIAN_POINT('',(-23.2083976862523,-37.4886279888024,-6.13126050383959));
#5609=CARTESIAN_POINT('Ctrl Pts',(-22.1865982137942,-38.7474029927579,-8.15120825927829));
#5610=CARTESIAN_POINT('Ctrl Pts',(-22.2616510228216,-38.6599465426828,-8.12572649900378));
#5611=CARTESIAN_POINT('Ctrl Pts',(-22.3348063862615,-38.5736618023818,-8.09036854464678));
#5612=CARTESIAN_POINT('Ctrl Pts',(-22.5651875819127,-38.2989249317597,-7.94335390688783));
#5613=CARTESIAN_POINT('Ctrl Pts',(-22.7082828747288,-38.1233090295792,-7.79377841520321));
#5614=CARTESIAN_POINT('Ctrl Pts',(-22.9478532014307,-37.8241918479914,-7.41612388334738));
#5615=CARTESIAN_POINT('Ctrl Pts',(-23.042057495893,-37.703667607779,-7.19162607533619));
#5616=CARTESIAN_POINT('Ctrl Pts',(-23.1404369491594,-37.5769350849219,-6.81585711143299));
#5617=CARTESIAN_POINT('Ctrl Pts',(-23.1658591970501,-37.5439518179112,-6.68240123486494));
#5618=CARTESIAN_POINT('Ctrl Pts',(-23.1998704559668,-37.4997569587184,-6.409352128746));
#5619=CARTESIAN_POINT('Ctrl Pts',(-23.2083976862539,-37.4886279888037,-6.27049786402564));
#5620=CARTESIAN_POINT('Ctrl Pts',(-23.2083976862539,-37.4886279888037,-6.13126050383934));
#5621=CARTESIAN_POINT('',(-24.4091928913517,-35.8052024796851,-8.2));
#5622=CARTESIAN_POINT('Ctrl Pts',(-23.2083976862539,-37.4886279888037,-6.13126050383935));
#5623=CARTESIAN_POINT('Ctrl Pts',(-23.2083976862539,-37.4886279888037,-6.40270931467736));
#5624=CARTESIAN_POINT('Ctrl Pts',(-23.240942572887,-37.4464339279562,-6.67136890966953));
#5625=CARTESIAN_POINT('Ctrl Pts',(-23.3658276287021,-37.2818829977536,-7.17105330527508));
#5626=CARTESIAN_POINT('Ctrl Pts',(-23.4564411385042,-37.1617007844537,-7.39743681716599));
#5627=CARTESIAN_POINT('Ctrl Pts',(-23.6811044723818,-36.8563029326572,-7.77955068784735));
#5628=CARTESIAN_POINT('Ctrl Pts',(-23.8128660369074,-36.6740506081159,-7.9316883154143));
#5629=CARTESIAN_POINT('Ctrl Pts',(-24.0282662507491,-36.3671072507184,-8.09035240153952));
#5630=CARTESIAN_POINT('Ctrl Pts',(-24.1036032996918,-36.2583118876373,-8.13130480757038));
#5631=CARTESIAN_POINT('Ctrl Pts',(-24.2561599279997,-36.034636929064,-8.18618796253349));
#5632=CARTESIAN_POINT('Ctrl Pts',(-24.3329846148319,-35.9203367928667,-8.2));
#5633=CARTESIAN_POINT('Ctrl Pts',(-24.4091928913517,-35.8052024796851,-8.2));
#5634=CARTESIAN_POINT('Origin',(0.300000000000001,-19.4499999999989,-8.2));
#5635=CARTESIAN_POINT('Ctrl Pts',(-24.4602865249198,1.7275496863773,-6.19098780662077));
#5636=CARTESIAN_POINT('Ctrl Pts',(-24.2991780472688,1.59468931889329,-6.68743763089874));
#5637=CARTESIAN_POINT('Ctrl Pts',(-23.6933678918446,1.09499305911769,-7.7192334605093));
#5638=CARTESIAN_POINT('Ctrl Pts',(-22.7340370024836,0.301375290712393,-8.15099317038557));
#5639=CARTESIAN_POINT('Ctrl Pts',(-22.1865982138055,-0.152597007252965,
-8.15120825927446));
#5640=CARTESIAN_POINT('Ctrl Pts',(-24.6598521940007,1.3644289139746,-6.16478501933997));
#5641=CARTESIAN_POINT('Ctrl Pts',(-24.5004255950767,1.23447626502763,-6.65040389339316));
#5642=CARTESIAN_POINT('Ctrl Pts',(-23.9014790973694,0.746207806645626,-7.65693083096289));
#5643=CARTESIAN_POINT('Ctrl Pts',(-22.9589947212473,-0.0240091950240418,
-8.06934987008674));
#5644=CARTESIAN_POINT('Ctrl Pts',(-22.4234974564237,-0.462557272692583,
-8.06501117942687));
#5645=CARTESIAN_POINT('Ctrl Pts',(-24.8792406543028,0.388727839517196,-5.98937666150793));
#5646=CARTESIAN_POINT('Ctrl Pts',(-24.7399072994057,0.279017194310193,-6.40403519993484));
#5647=CARTESIAN_POINT('Ctrl Pts',(-24.2163990424731,-0.13314621263709,-7.26064658530812));
#5648=CARTESIAN_POINT('Ctrl Pts',(-23.3993771224866,-0.776992148430257,
-7.60181561060073));
#5649=CARTESIAN_POINT('Ctrl Pts',(-22.9385483850478,-1.14050790423631,-7.59276727630064));
#5650=CARTESIAN_POINT('Ctrl Pts',(-24.4251671033355,-0.477711999319982,
-5.61856664966702));
#5651=CARTESIAN_POINT('Ctrl Pts',(-24.3352672703243,-0.546640643049292,
-5.88603783317959));
#5652=CARTESIAN_POINT('Ctrl Pts',(-23.9978615817102,-0.805599792165315,
-6.44044112857791));
#5653=CARTESIAN_POINT('Ctrl Pts',(-23.4660525636808,-1.21384583152427,-6.66809756111343));
#5654=CARTESIAN_POINT('Ctrl Pts',(-23.1629976873346,-1.4462086556191,-6.66609683288415));
#5655=CARTESIAN_POINT('Ctrl Pts',(-24.0199283697957,-0.788662616139455,
-5.40519755171565));
#5656=CARTESIAN_POINT('Ctrl Pts',(-23.9594881512018,-0.835040027025931,
-5.58757542429953));
#5657=CARTESIAN_POINT('Ctrl Pts',(-23.7320468672215,-1.00956186240463,-5.96786051773263));
#5658=CARTESIAN_POINT('Ctrl Pts',(-23.3684023501371,-1.28859611439405,-6.13112238521061));
#5659=CARTESIAN_POINT('Ctrl Pts',(-23.1593350155696,-1.44901912251249,-6.1334062788659));
#5660=CARTESIAN_POINT('',(-23.2083976862523,-1.41137201119534,-6.13126050383959));
#5661=CARTESIAN_POINT('Ctrl Pts',(-23.2083976862539,-1.41137201119412,-6.13126050383935));
#5662=CARTESIAN_POINT('Ctrl Pts',(-23.2083976862539,-1.41137201119412,-6.40270931467736));
#5663=CARTESIAN_POINT('Ctrl Pts',(-23.1760645896467,-1.36901543814398,-6.67136890966953));
#5664=CARTESIAN_POINT('Ctrl Pts',(-23.0494432273177,-1.20579682278885,-7.17105330527508));
#5665=CARTESIAN_POINT('Ctrl Pts',(-22.9568086257111,-1.0871654477758,-7.39743681716598));
#5666=CARTESIAN_POINT('Ctrl Pts',(-22.7199641029115,-0.791114550984884,
-7.77955068784735));
#5667=CARTESIAN_POINT('Ctrl Pts',(-22.5780242780475,-0.616672280291815,
-7.93168831541431));
#5668=CARTESIAN_POINT('Ctrl Pts',(-22.3444685891361,-0.337742737457701,
-8.08562075069469));
#5669=CARTESIAN_POINT('Ctrl Pts',(-22.2667126306566,-0.245951574369701,
-8.12400799333808));
#5670=CARTESIAN_POINT('Ctrl Pts',(-22.1865982138055,-0.152597007252968,
-8.15120825927446));
#5671=CARTESIAN_POINT('',(-24.0199283698179,-0.788662616122469,-5.40519755172731));
#5672=CARTESIAN_POINT('Ctrl Pts',(-23.2083950524118,-1.41137403221228,-6.13120602525984));
#5673=CARTESIAN_POINT('Ctrl Pts',(-23.4006669017272,-1.26383865320394,-6.11608014002678));
#5674=CARTESIAN_POINT('Ctrl Pts',(-23.7422220412413,-1.00175417677181,-5.95084748063083));
#5675=CARTESIAN_POINT('Ctrl Pts',(-23.9594881512018,-0.835040027025931,
-5.58757542429953));
#5676=CARTESIAN_POINT('Ctrl Pts',(-24.0199283697957,-0.788662616139455,
-5.40519755171565));
#5677=CARTESIAN_POINT('Origin',(-22.7618930134968,0.850840980166494,-5.40519755172731));
#5678=CARTESIAN_POINT('Origin',(0.300000000000001,-19.4499999999989,-8.2));
#5679=CARTESIAN_POINT('',(-24.4091928913517,-3.0947975203127,-8.2));
#5680=CARTESIAN_POINT('Origin',(0.300000000000001,-19.4499999999989,-8.2));
#5681=CARTESIAN_POINT('Ctrl Pts',(-24.4091928913517,-3.0947975203127,-8.2));
#5682=CARTESIAN_POINT('Ctrl Pts',(-24.2606088495849,-2.87031899409748,-8.2));
#5683=CARTESIAN_POINT('Ctrl Pts',(-24.1103163737735,-2.65013843064289,-8.14750182214947));
#5684=CARTESIAN_POINT('Ctrl Pts',(-23.8246094054124,-2.24238554373275,-7.94335390688783));
#5685=CARTESIAN_POINT('Ctrl Pts',(-23.6920132570345,-2.05871336467413,-7.79377841520321));
#5686=CARTESIAN_POINT('Ctrl Pts',(-23.4650936094439,-1.74988897558793,-7.41612388334738));
#5687=CARTESIAN_POINT('Ctrl Pts',(-23.3730579986661,-1.62770064585599,-7.19162607533621));
#5688=CARTESIAN_POINT('Ctrl Pts',(-23.2761062579598,-1.49987260062045,-6.81585711143297));
#5689=CARTESIAN_POINT('Ctrl Pts',(-23.2508266304422,-1.46677989714836,-6.68240123486489));
#5690=CARTESIAN_POINT('Ctrl Pts',(-23.2169404361143,-1.42248907252151,-6.40935212874602));
#5691=CARTESIAN_POINT('Ctrl Pts',(-23.2083976862539,-1.41137201119412,-6.27049786402567));
#5692=CARTESIAN_POINT('Ctrl Pts',(-23.2083976862539,-1.41137201119412,-6.13126050383935));
#5693=CARTESIAN_POINT('Origin',(0.300000000000002,-19.4499999999989,-8.2));
#5694=CARTESIAN_POINT('',(-26.2186172771223,-32.6711875110762,-8.2));
#5695=CARTESIAN_POINT('Origin',(0.300000000000001,-19.4499999999989,-8.2));
#5696=CARTESIAN_POINT('',(-27.8002854487656,-28.8527027599212,-8.2));
#5697=CARTESIAN_POINT('Origin',(0.300000000000001,-19.4499999999989,-8.2));
#5698=CARTESIAN_POINT('',(-28.7369124321864,-25.357163270055,-8.2));
#5699=CARTESIAN_POINT('Origin',(0.300000000000001,-19.4499999999989,-8.2));
#5700=CARTESIAN_POINT('',(-29.2763899907635,-21.2594243857695,-8.2));
#5701=CARTESIAN_POINT('Origin',(0.300000000000001,-19.4499999999989,-8.2));
#5702=CARTESIAN_POINT('',(-29.2763899907635,-17.6405756142283,-8.2));
#5703=CARTESIAN_POINT('Origin',(0.300000000000001,-19.4499999999989,-8.2));
#5704=CARTESIAN_POINT('',(-28.7369124321864,-13.5428367299428,-8.2));
#5705=CARTESIAN_POINT('Origin',(0.300000000000001,-19.4499999999989,-8.2));
#5706=CARTESIAN_POINT('',(-27.8002854487656,-10.0472972400766,-8.2));
#5707=CARTESIAN_POINT('Origin',(0.300000000000001,-19.4499999999989,-8.2));
#5708=CARTESIAN_POINT('',(-26.2186172771223,-6.22881248892154,-8.2));
#5709=CARTESIAN_POINT('Origin',(0.300000000000001,-19.4499999999989,-8.2));
#5710=CARTESIAN_POINT('Origin',(0.300000000000001,-19.4499999999989,-8.2));
#5711=CARTESIAN_POINT('',(-21.6568155661114,-2.69999999999338,-8.2));
#5712=CARTESIAN_POINT('',(-21.6568155661114,-0.152597007252963,-8.2));
#5713=CARTESIAN_POINT('',(-23.6568155661114,-2.69999999999283,-8.2));
#5714=CARTESIAN_POINT('',(-21.6568155661114,-2.69999999999338,-8.2));
#5715=CARTESIAN_POINT('',(-23.656815566111,-36.1999999999994,-8.2));
#5716=CARTESIAN_POINT('Origin',(0.300000000000001,-19.4499999999989,-8.2));
#5717=CARTESIAN_POINT('',(-21.656815566111,-36.1999999999994,-8.2));
#5718=CARTESIAN_POINT('',(-21.656815566111,-36.1999999999994,-8.2));
#5719=CARTESIAN_POINT('',(-21.6568155661109,-38.7474029927454,-8.2));
#5720=CARTESIAN_POINT('Origin',(0.300000000000002,-19.4499999999989,-8.2));
#5721=CARTESIAN_POINT('Origin',(0.300000000000001,-19.4499999999989,-8.2));
#5722=CARTESIAN_POINT('',(-16.0552024796862,5.25919289135282,-8.2));
#5723=CARTESIAN_POINT('Origin',(0.300000000000001,-19.4499999999989,-8.2));
#5724=CARTESIAN_POINT('',(-12.9211875110773,7.06861727712344,-8.2));
#5725=CARTESIAN_POINT('Origin',(0.300000000000001,-19.4499999999989,-8.2));
#5726=CARTESIAN_POINT('',(-9.10270275992226,8.65028544876674,-8.2));
#5727=CARTESIAN_POINT('Origin',(0.300000000000001,-19.4499999999989,-8.2));
#5728=CARTESIAN_POINT('',(-5.60716327005608,9.58691243218747,-8.2));
#5729=CARTESIAN_POINT('Origin',(0.300000000000001,-19.4499999999989,-8.2));
#5730=CARTESIAN_POINT('',(-1.50942438577062,10.1263899907647,-8.2));
#5731=CARTESIAN_POINT('Origin',(0.300000000000001,-19.4499999999989,-8.2));
#5732=CARTESIAN_POINT('',(2.10942438577063,10.1263899907646,-8.2));
#5733=CARTESIAN_POINT('Origin',(0.300000000000001,-19.4499999999989,-8.2));
#5734=CARTESIAN_POINT('',(6.20716327005609,9.58691243218748,-8.2));
#5735=CARTESIAN_POINT('Origin',(0.300000000000001,-19.4499999999989,-8.2));
#5736=CARTESIAN_POINT('',(9.70270275992226,8.65028544876673,-8.2));
#5737=CARTESIAN_POINT('Origin',(0.300000000000001,-19.4499999999989,-8.2));
#5738=CARTESIAN_POINT('',(13.5211875110774,7.06861727712345,-8.2));
#5739=CARTESIAN_POINT('Origin',(0.300000000000001,-19.4499999999989,-8.2));
#5740=CARTESIAN_POINT('',(16.6552024796862,5.25919289135281,-8.2));
#5741=CARTESIAN_POINT('Origin',(0.300000000000001,-19.4499999999989,-8.2));
#5742=CARTESIAN_POINT('',(19.9342096722641,2.74312217871066,-8.2));
#5743=CARTESIAN_POINT('Origin',(0.300000000000001,-19.4499999999989,-8.2));
#5744=CARTESIAN_POINT('',(22.4931221787095,0.184209672265219,-8.2));
#5745=CARTESIAN_POINT('Origin',(0.300000000000001,-19.4499999999989,-8.2));
#5746=CARTESIAN_POINT('',(25.0091928913517,-3.09479752031269,-8.2));
#5747=CARTESIAN_POINT('Origin',(0.300000000000001,-19.4499999999989,-8.2));
#5748=CARTESIAN_POINT('',(26.8186172771223,-6.22881248892154,-8.2));
#5749=CARTESIAN_POINT('Origin',(0.300000000000001,-19.4499999999989,-8.2));
#5750=CARTESIAN_POINT('',(28.4002854487656,-10.0472972400766,-8.2));
#5751=CARTESIAN_POINT('Origin',(0.300000000000001,-19.4499999999989,-8.2));
#5752=CARTESIAN_POINT('',(29.3369124321864,-13.5428367299428,-8.2));
#5753=CARTESIAN_POINT('Origin',(0.300000000000001,-19.4499999999989,-8.2));
#5754=CARTESIAN_POINT('',(29.8763899907635,-17.6405756142283,-8.2));
#5755=CARTESIAN_POINT('Origin',(0.300000000000001,-19.4499999999989,-8.2));
#5756=CARTESIAN_POINT('',(29.8763899907635,-21.2594243857695,-8.2));
#5757=CARTESIAN_POINT('Origin',(0.300000000000001,-19.4499999999989,-8.2));
#5758=CARTESIAN_POINT('',(29.3369124321864,-25.357163270055,-8.2));
#5759=CARTESIAN_POINT('Origin',(0.300000000000001,-19.4499999999989,-8.2));
#5760=CARTESIAN_POINT('',(28.4002854487656,-28.8527027599211,-8.2));
#5761=CARTESIAN_POINT('Origin',(0.300000000000001,-19.4499999999989,-8.2));
#5762=CARTESIAN_POINT('',(26.8186172771223,-32.6711875110762,-8.2));
#5763=CARTESIAN_POINT('Origin',(0.300000000000001,-19.4499999999989,-8.2));
#5764=CARTESIAN_POINT('',(25.0091928913517,-35.8052024796851,-8.2));
#5765=CARTESIAN_POINT('Origin',(0.300000000000001,-19.4499999999989,-8.2));
#5766=CARTESIAN_POINT('',(22.4931221787096,-39.084209672263,-8.2));
#5767=CARTESIAN_POINT('Origin',(0.300000000000001,-19.4499999999989,-8.2));
#5768=CARTESIAN_POINT('',(19.9342096722641,-41.6431221787084,-8.2));
#5769=CARTESIAN_POINT('Origin',(0.300000000000001,-19.4499999999989,-8.2));
#5770=CARTESIAN_POINT('',(16.6552024796862,-44.1591928913506,-8.2));
#5771=CARTESIAN_POINT('Origin',(0.300000000000001,-19.4499999999989,-8.2));
#5772=CARTESIAN_POINT('',(13.5211875110774,-45.9686172771212,-8.2));
#5773=CARTESIAN_POINT('Origin',(0.300000000000001,-19.4499999999989,-8.2));
#5774=CARTESIAN_POINT('',(9.70270275992228,-47.5502854487645,-8.2));
#5775=CARTESIAN_POINT('Origin',(0.300000000000001,-19.4499999999989,-8.2));
#5776=CARTESIAN_POINT('',(6.20716327005611,-48.4869124321852,-8.2));
#5777=CARTESIAN_POINT('Origin',(0.300000000000001,-19.4499999999989,-8.2));
#5778=CARTESIAN_POINT('',(2.10942438577063,-49.0263899907624,-8.2));
#5779=CARTESIAN_POINT('Origin',(0.300000000000001,-19.4499999999989,-8.2));
#5780=CARTESIAN_POINT('',(-1.50942438577063,-49.0263899907624,-8.2));
#5781=CARTESIAN_POINT('Origin',(0.300000000000001,-19.4499999999989,-8.2));
#5782=CARTESIAN_POINT('',(-5.60716327005608,-48.4869124321853,-8.2));
#5783=CARTESIAN_POINT('Origin',(0.300000000000001,-19.4499999999989,-8.2));
#5784=CARTESIAN_POINT('',(-9.10270275992224,-47.5502854487645,-8.2));
#5785=CARTESIAN_POINT('Origin',(0.300000000000001,-19.4499999999989,-8.2));
#5786=CARTESIAN_POINT('',(-12.9211875110773,-45.9686172771212,-8.2));
#5787=CARTESIAN_POINT('Origin',(0.300000000000001,-19.4499999999989,-8.2));
#5788=CARTESIAN_POINT('Origin',(0.300000000000001,-19.4499999999989,-8.2));
#5789=CARTESIAN_POINT('Origin',(-0.958035356321076,-21.0895035962878,7.39989917050025));
#5790=CARTESIAN_POINT('',(-26.8659709592579,-1.37136609083081,21.0000000000049));
#5791=CARTESIAN_POINT('Origin',(-1.0361404497046,-21.1912921357334,7.39989917050025));
#5792=CARTESIAN_POINT('',(-23.7467502968344,-0.998279524046741,21.));
#5793=CARTESIAN_POINT('Ctrl Pts',(-26.8659709592596,-1.37136609082967,21.));
#5794=CARTESIAN_POINT('Ctrl Pts',(-26.8417279631238,-1.33493720287826,21.));
#5795=CARTESIAN_POINT('Ctrl Pts',(-26.8166767560517,-1.30002752681422,21.));
#5796=CARTESIAN_POINT('Ctrl Pts',(-26.7912935056668,-1.26694743086744,21.));
#5797=CARTESIAN_POINT('Ctrl Pts',(-26.6401756215276,-1.07000676996714,21.));
#5798=CARTESIAN_POINT('Ctrl Pts',(-26.413993260743,-0.87615743781873,21.));
#5799=CARTESIAN_POINT('Ctrl Pts',(-25.9707675525223,-0.629969568581778,
21.));
#5800=CARTESIAN_POINT('Ctrl Pts',(-25.6740164829106,-0.538514456251102,
21.));
#5801=CARTESIAN_POINT('Ctrl Pts',(-25.1453186012658,-0.482214690326863,
21.));
#5802=CARTESIAN_POINT('Ctrl Pts',(-24.8192801391848,-0.513123974080163,
21.));
#5803=CARTESIAN_POINT('Ctrl Pts',(-24.2811353964464,-0.667371132396011,
21.));
#5804=CARTESIAN_POINT('Ctrl Pts',(-23.9743612067819,-0.823627530085613,
21.));
#5805=CARTESIAN_POINT('Ctrl Pts',(-23.7467502968344,-0.998279524046734,
21.));
#5806=CARTESIAN_POINT('Origin',(0.300000000000005,-19.4499999999989,7.39989917050025));
#5807=CARTESIAN_POINT('Origin',(0.300000000000001,-19.4499999999989,-8.2));
#5808=CARTESIAN_POINT('',(-17.7386279887902,4.05839768623603,-6.13126050384226));
#5809=CARTESIAN_POINT('Ctrl Pts',(-19.2157034531886,2.84740299274358,-8.19397219547022));
#5810=CARTESIAN_POINT('Ctrl Pts',(-19.0538056279747,2.98910334895188,-8.17751582297529));
#5811=CARTESIAN_POINT('Ctrl Pts',(-18.8930293394964,3.12663808834406,-8.12748785563649));
#5812=CARTESIAN_POINT('Ctrl Pts',(-18.5489249317608,3.41518758191382,-7.94335390688783));
#5813=CARTESIAN_POINT('Ctrl Pts',(-18.3733090295803,3.5582828747299,-7.79377841520321));
#5814=CARTESIAN_POINT('Ctrl Pts',(-18.0741918479925,3.7978532014318,-7.41612388334738));
#5815=CARTESIAN_POINT('Ctrl Pts',(-17.9536676077801,3.89205749589408,-7.1916260753362));
#5816=CARTESIAN_POINT('Ctrl Pts',(-17.826935084923,3.99043694916049,-6.81585711143299));
#5817=CARTESIAN_POINT('Ctrl Pts',(-17.7939518179123,4.01585919705125,-6.68240123486494));
#5818=CARTESIAN_POINT('Ctrl Pts',(-17.7497569587195,4.04987045596787,-6.409352128746));
#5819=CARTESIAN_POINT('Ctrl Pts',(-17.7386279888048,4.05839768625502,-6.27049786402562));
#5820=CARTESIAN_POINT('Ctrl Pts',(-17.7386279888048,4.05839768625502,-6.13126050383935));
#5821=CARTESIAN_POINT('Ctrl Pts',(-17.7386279888048,4.05839768625502,-6.13126050383935));
#5822=CARTESIAN_POINT('Ctrl Pts',(-17.7386279888048,4.05839768625502,-6.40270931467738));
#5823=CARTESIAN_POINT('Ctrl Pts',(-17.6964339279573,4.09094257288816,-6.67136890966953));
#5824=CARTESIAN_POINT('Ctrl Pts',(-17.5318829977547,4.21582762870326,-7.17105330527506));
#5825=CARTESIAN_POINT('Ctrl Pts',(-17.4117007844548,4.30644113850527,-7.39743681716598));
#5826=CARTESIAN_POINT('Ctrl Pts',(-17.1063029326583,4.53110447238289,-7.77955068784735));
#5827=CARTESIAN_POINT('Ctrl Pts',(-16.924050608117,4.66286603690852,-7.93168831541431));
#5828=CARTESIAN_POINT('Ctrl Pts',(-16.6171072507195,4.87826625075019,-8.09035240153953));
#5829=CARTESIAN_POINT('Ctrl Pts',(-16.5083118876384,4.95360329969289,-8.13130480757038));
#5830=CARTESIAN_POINT('Ctrl Pts',(-16.2846369290651,5.10615992800082,-8.18618796253349));
#5831=CARTESIAN_POINT('Ctrl Pts',(-16.1703367928678,5.18298461483301,-8.2));
#5832=CARTESIAN_POINT('Ctrl Pts',(-16.0552024796862,5.25919289135282,-8.2));
#5833=CARTESIAN_POINT('Origin',(1.55803535632109,-17.8104964037099,7.39989917050025));
#5834=CARTESIAN_POINT('',(-24.1936900598487,2.1112181806382,21.0000000000049));
#5835=CARTESIAN_POINT('Ctrl Pts',(-23.7467502968344,-0.998279524046741,
21.));
#5836=CARTESIAN_POINT('Ctrl Pts',(-23.9743612067819,-0.823627530085616,
21.));
#5837=CARTESIAN_POINT('Ctrl Pts',(-24.2046922996642,-0.567748549090949,
21.));
#5838=CARTESIAN_POINT('Ctrl Pts',(-24.4929657219557,-0.0878627460233639,
21.));
#5839=CARTESIAN_POINT('Ctrl Pts',(-24.6072067608276,0.219066313558469,21.));
#5840=CARTESIAN_POINT('Ctrl Pts',(-24.6896624437824,0.744320703399517,21.));
#5841=CARTESIAN_POINT('Ctrl Pts',(-24.6781284173061,1.05463055035953,21.));
#5842=CARTESIAN_POINT('Ctrl Pts',(-24.5550444508576,1.5464718180369,21.));
#5843=CARTESIAN_POINT('Ctrl Pts',(-24.4263406771639,1.81511910081019,21.));
#5844=CARTESIAN_POINT('Ctrl Pts',(-24.2752227930247,2.01205976171048,21.));
#5845=CARTESIAN_POINT('Ctrl Pts',(-24.2498395426398,2.04513985765727,21.));
#5846=CARTESIAN_POINT('Ctrl Pts',(-24.2226031144352,2.07837275457159,21.));
#5847=CARTESIAN_POINT('Ctrl Pts',(-24.1936900598502,2.11121818063956,21.));
#5848=CARTESIAN_POINT('Origin',(1.63614044970461,-17.7087078642644,7.39989917050025));
#5849=CARTESIAN_POINT('Ctrl Pts',(-19.3410415145804,2.75125240158035,-8.19998266192833));
#5850=CARTESIAN_POINT('Ctrl Pts',(-19.6910869389477,3.16782828763606,-8.19820593167378));
#5851=CARTESIAN_POINT('Ctrl Pts',(-20.5068435248357,4.14055733253251,-7.86939327555442));
#5852=CARTESIAN_POINT('Ctrl Pts',(-21.0819483897263,4.82900511221752,-6.87105710017126));
#5853=CARTESIAN_POINT('Ctrl Pts',(-21.2612181806409,5.04369005985442,-6.20020165891155));
#5854=CARTESIAN_POINT('Ctrl Pts',(-18.8504323481673,3.12771063402278,-8.20012351436228));
#5855=CARTESIAN_POINT('Ctrl Pts',(-19.1975249149958,3.54802031528302,-8.20578344245772));
#5856=CARTESIAN_POINT('Ctrl Pts',(-20.0111153454201,4.53462446137706,-7.89485429978251));
#5857=CARTESIAN_POINT('Ctrl Pts',(-20.5923048946135,5.2414559589971,-6.89484767537462));
#5858=CARTESIAN_POINT('Ctrl Pts',(-20.7746789364225,5.46343849213944,-6.2155832209428));
#5859=CARTESIAN_POINT('Ctrl Pts',(-17.9997258275861,3.7783500548077,-7.6813587455812));
#5860=CARTESIAN_POINT('Ctrl Pts',(-18.2824490579112,4.13715358075865,-7.69135061494068));
#5861=CARTESIAN_POINT('Ctrl Pts',(-18.9513814781945,4.98665537535073,-7.44186934801166));
#5862=CARTESIAN_POINT('Ctrl Pts',(-19.4379830755483,5.60538683967302,-6.5997690801204));
#5863=CARTESIAN_POINT('Ctrl Pts',(-19.5900015170601,5.79865977341729,-6.02542076627228));
#5864=CARTESIAN_POINT('Ctrl Pts',(-17.6979852796586,4.00543107647476,-6.59724193456962));
#5865=CARTESIAN_POINT('Ctrl Pts',(-17.8658379463837,4.22428193825727,-6.59974904736395));
#5866=CARTESIAN_POINT('Ctrl Pts',(-18.260516914733,4.73867099130143,-6.4409948684297));
#5867=CARTESIAN_POINT('Ctrl Pts',(-18.5438570616655,5.10773549064283,-5.93401717830494));
#5868=CARTESIAN_POINT('Ctrl Pts',(-18.6321289269074,5.22283077944774,-5.59101016680283));
#5869=CARTESIAN_POINT('Ctrl Pts',(-17.6970652879583,4.00423211994816,-6.13344463031576));
#5870=CARTESIAN_POINT('Ctrl Pts',(-17.8179458238447,4.16176670139786,-6.13279761015937));
#5871=CARTESIAN_POINT('Ctrl Pts',(-18.0999608008574,4.52929577496211,-6.01305607052895));
#5872=CARTESIAN_POINT('Ctrl Pts',(-18.2992133548974,4.7889667589904,-5.64949855993928));
#5873=CARTESIAN_POINT('Ctrl Pts',(-18.3613373838588,4.86992836979608,-5.40519755171798));
#5874=CARTESIAN_POINT('',(-21.2612181806412,5.04369005985474,-6.20020165891173));
#5875=CARTESIAN_POINT('Ctrl Pts',(-19.421828316328,2.84740821320123,-8.19710771938318));
#5876=CARTESIAN_POINT('Ctrl Pts',(-19.7446344681206,3.23168264583274,-8.17578836254559));
#5877=CARTESIAN_POINT('Ctrl Pts',(-20.5258111869892,4.1632631827046,-7.83646692690674));
#5878=CARTESIAN_POINT('Ctrl Pts',(-21.0819483897263,4.82900511221752,-6.87105710017126));
#5879=CARTESIAN_POINT('Ctrl Pts',(-21.2612181806409,5.04369005985442,-6.20020165891155));
#5880=CARTESIAN_POINT('',(-18.3613373838588,4.86992836979607,-5.40519755171798));
#5881=CARTESIAN_POINT('Origin',(-20.0008409801478,3.61189301347499,-5.40519755171798));
#5882=CARTESIAN_POINT('Ctrl Pts',(-18.3613373838588,4.86992836979608,-5.40519755171798));
#5883=CARTESIAN_POINT('Ctrl Pts',(-18.2992133548974,4.7889667589904,-5.64949855993928));
#5884=CARTESIAN_POINT('Ctrl Pts',(-18.109753184245,4.54205745745342,-5.99518882388667));
#5885=CARTESIAN_POINT('Ctrl Pts',(-17.8454655109201,4.19763105584718,-6.12043918813984));
#5886=CARTESIAN_POINT('Ctrl Pts',(-17.7386269341408,4.05839631179025,-6.13123197433065));
#5887=CARTESIAN_POINT('Origin',(0.300000000000007,-19.4499999999989,-4.94987394027639));
#5888=CARTESIAN_POINT('Origin',(0.300000000000462,-19.4499999999996,-6.20020165891397));
#5889=CARTESIAN_POINT('Origin',(0.300000000000002,-19.4499999999989,21.));
#5890=CARTESIAN_POINT('',(1.35,-19.4499999999989,16.));
#5891=CARTESIAN_POINT('Origin',(0.300000000000002,-19.4499999999989,16.));
#5892=CARTESIAN_POINT('',(1.35,-19.4499999999989,21.));
#5893=CARTESIAN_POINT('',(1.35,-19.4499999999989,21.));
#5894=CARTESIAN_POINT('Origin',(0.300000000000002,-19.4499999999989,21.));
#5895=CARTESIAN_POINT('Origin',(0.300000000000002,-19.4499999999989,21.));
#5896=CARTESIAN_POINT('',(4.35,-19.4499999999989,16.));
#5897=CARTESIAN_POINT('Origin',(0.300000000000002,-19.4499999999989,16.));
#5898=CARTESIAN_POINT('',(4.35,-19.4499999999989,19.5));
#5899=CARTESIAN_POINT('',(4.35,-19.4499999999989,21.));
#5900=CARTESIAN_POINT('Origin',(0.300000000000002,-19.4499999999989,19.5));
#5901=CARTESIAN_POINT('Origin',(0.300000000000002,-19.4499999999989,16.));
#5902=CARTESIAN_POINT('Origin',(0.300000000000002,-19.4499999999989,19.5));
#5903=CARTESIAN_POINT('',(22.8917908114579,-0.899999999998879,19.5));
#5904=CARTESIAN_POINT('',(22.8917908114579,-9.4999999999989,19.5));
#5905=CARTESIAN_POINT('',(22.8917908114579,-0.899999999998877,19.5));
#5906=CARTESIAN_POINT('',(17.591790811458,-9.49999999999892,19.5));
#5907=CARTESIAN_POINT('',(8.94589540572896,-9.49999999999895,19.5));
#5908=CARTESIAN_POINT('',(13.5917908114579,-9.49999999999892,19.5));
#5909=CARTESIAN_POINT('',(17.591790811458,-9.49999999999892,19.5));
#5910=CARTESIAN_POINT('',(13.5917908114578,4.58497280761353,19.5));
#5911=CARTESIAN_POINT('',(13.5917908114579,-0.899999999998917,19.5));
#5912=CARTESIAN_POINT('',(12.0917908114578,4.58497280761351,19.5));
#5913=CARTESIAN_POINT('',(13.5917908114578,4.58497280761353,19.5));
#5914=CARTESIAN_POINT('',(12.0917908114578,-46.1978070414648,19.5));
#5915=CARTESIAN_POINT('',(12.0917908114578,4.58497280761352,19.5));
#5916=CARTESIAN_POINT('',(-21.6568155661109,-38.7474029927454,19.5));
#5917=CARTESIAN_POINT('Origin',(0.300000000000001,-19.4499999999989,19.5));
#5918=CARTESIAN_POINT('',(-21.6568155661114,-0.152597007252959,19.5));
#5919=CARTESIAN_POINT('',(-21.6568155661114,-2.69999999999338,19.5));
#5920=CARTESIAN_POINT('',(19.9917908114579,2.15381648474418,19.5));
#5921=CARTESIAN_POINT('Origin',(0.300000000000001,-19.4499999999989,19.5));
#5922=CARTESIAN_POINT('',(19.9917908114578,-0.899999999998888,19.5));
#5923=CARTESIAN_POINT('',(19.9917908114578,-0.89999999999889,19.5));
#5924=CARTESIAN_POINT('',(13.5917908114579,-0.899999999998917,19.5));
#5925=CARTESIAN_POINT('Origin',(22.8917908114579,-19.4499999999989,22.1059593023256));
#5926=CARTESIAN_POINT('',(22.8917908114579,-37.9999999999989,6.4));
#5927=CARTESIAN_POINT('',(22.8917908114579,-0.899999999998877,6.4));
#5928=CARTESIAN_POINT('Ctrl Pts',(22.8917908114579,-37.9999999999989,6.4));
#5929=CARTESIAN_POINT('Ctrl Pts',(23.2804684145371,-37.5266348732138,5.73485653569962));
#5930=CARTESIAN_POINT('Ctrl Pts',(23.6660845423299,-37.0263595238464,5.10216715521627));
#5931=CARTESIAN_POINT('Ctrl Pts',(24.7415208195804,-35.529456581368,3.38748980530346));
#5932=CARTESIAN_POINT('Ctrl Pts',(25.4560817386052,-34.40579406478,2.31249170658243));
#5933=CARTESIAN_POINT('Ctrl Pts',(26.786139683672,-31.8994429319524,0.377261538076631));
#5934=CARTESIAN_POINT('Ctrl Pts',(27.4010408344433,-30.5165278516275,-0.483086716935941));
#5935=CARTESIAN_POINT('Ctrl Pts',(28.4265868448693,-27.5635448591324,-1.89433849508354));
#5936=CARTESIAN_POINT('Ctrl Pts',(28.8379870283986,-25.9897727264592,-2.44663882782867));
#5937=CARTESIAN_POINT('Ctrl Pts',(29.3906938978125,-22.7540671228888,-3.18501303148059));
#5938=CARTESIAN_POINT('Ctrl Pts',(29.5316867811058,-21.0920129542774,-3.37079280854632));
#5939=CARTESIAN_POINT('Ctrl Pts',(29.5316867811058,-17.8079870457204,-3.37079280854632));
#5940=CARTESIAN_POINT('Ctrl Pts',(29.3906938978125,-16.1459328771089,-3.18501303148059));
#5941=CARTESIAN_POINT('Ctrl Pts',(28.8379870283986,-12.9102272735386,-2.44663882782868));
#5942=CARTESIAN_POINT('Ctrl Pts',(28.4265868448693,-11.3364551408653,-1.89433849508355));
#5943=CARTESIAN_POINT('Ctrl Pts',(27.4010408344433,-8.38347214837024,-0.483086716935948));
#5944=CARTESIAN_POINT('Ctrl Pts',(26.7861396836719,-7.00055706804537,0.377261538076624));
#5945=CARTESIAN_POINT('Ctrl Pts',(25.4560817386052,-4.49420593521778,2.31249170658241));
#5946=CARTESIAN_POINT('Ctrl Pts',(24.7415208195804,-3.37054341862976,3.38748980530345));
#5947=CARTESIAN_POINT('Ctrl Pts',(23.6660845423299,-1.8736404761514,5.10216715521625));
#5948=CARTESIAN_POINT('Ctrl Pts',(23.2804684145371,-1.373365126784,5.73485653569961));
#5949=CARTESIAN_POINT('Ctrl Pts',(22.8917908114579,-0.899999999998879,6.4));
#5950=CARTESIAN_POINT('',(27.0600922442367,-40.0867968510802,7.92246687065508));
#5951=CARTESIAN_POINT('Ctrl Pts',(22.8917908114579,-37.9999999999989,6.40000000000001));
#5952=CARTESIAN_POINT('Ctrl Pts',(24.0634076980963,-38.6330128152379,6.82793159834779));
#5953=CARTESIAN_POINT('Ctrl Pts',(25.2345629642112,-39.2220597617609,7.25569459037836));
#5954=CARTESIAN_POINT('Ctrl Pts',(26.6076019983804,-39.8752041967865,7.75719537547865));
#5955=CARTESIAN_POINT('Ctrl Pts',(26.8334284797212,-39.9814005473262,7.83967821454623));
#5956=CARTESIAN_POINT('Ctrl Pts',(27.0600922453812,-40.0867968502385,7.92246687066119));
#5957=CARTESIAN_POINT('',(26.6564256477824,-39.6739967062031,7.46085188904122));
#5958=CARTESIAN_POINT('Ctrl Pts',(26.6564256477824,-39.6739967062031,7.46085188904123));
#5959=CARTESIAN_POINT('Ctrl Pts',(26.7368200550662,-39.7356855045946,7.52187090658492));
#5960=CARTESIAN_POINT('Ctrl Pts',(26.8124130801425,-39.8031059129181,7.59298849438091));
#5961=CARTESIAN_POINT('Ctrl Pts',(26.9469101202662,-39.9423288055103,7.74893576872215));
#5962=CARTESIAN_POINT('Ctrl Pts',(27.0062622356203,-40.0129405099971,7.83176441512617));
#5963=CARTESIAN_POINT('Ctrl Pts',(27.0600922421419,-40.0867968506413,7.92246687225566));
#5964=CARTESIAN_POINT('',(29.6054877614058,-39.1703428926895,5.9555349455011));
#5965=CARTESIAN_POINT('Ctrl Pts',(29.6054877614058,-39.1703428926895,5.95553494550111));
#5966=CARTESIAN_POINT('Ctrl Pts',(29.5196722924857,-39.3123153132392,6.15277095802041));
#5967=CARTESIAN_POINT('Ctrl Pts',(29.4140976542563,-39.4451581466717,6.34993551187877));
#5968=CARTESIAN_POINT('Ctrl Pts',(29.160102065822,-39.6861347943047,6.7345002743615));
#5969=CARTESIAN_POINT('Ctrl Pts',(29.0078490129798,-39.7962109218015,6.92585217216462));
#5970=CARTESIAN_POINT('Ctrl Pts',(28.6691941907853,-39.9670954973098,7.25943104128016));
#5971=CARTESIAN_POINT('Ctrl Pts',(28.4814137560666,-40.0332636404087,7.40882970945604));
#5972=CARTESIAN_POINT('Ctrl Pts',(28.1229070218303,-40.0957314122974,7.60664968655704));
#5973=CARTESIAN_POINT('Ctrl Pts',(27.962849306692,-40.1066409570522,7.67162319467513));
#5974=CARTESIAN_POINT('Ctrl Pts',(27.6426373101809,-40.0879321155793,7.74350784601332));
#5975=CARTESIAN_POINT('Ctrl Pts',(27.4900916050041,-40.062221993565,7.75362365991789));
#5976=CARTESIAN_POINT('Ctrl Pts',(27.1724102740188,-39.9706875133055,7.720402413435));
#5977=CARTESIAN_POINT('Ctrl Pts',(27.0181891199734,-39.9033232944847,7.67157936927983));
#5978=CARTESIAN_POINT('Ctrl Pts',(26.7992555121995,-39.7767154488003,7.5603151772247));
#5979=CARTESIAN_POINT('Ctrl Pts',(26.7251715230502,-39.7267472716084,7.51302971969827));
#5980=CARTESIAN_POINT('Ctrl Pts',(26.6564256477824,-39.6739967062031,7.46085188904124));
#5981=CARTESIAN_POINT('',(31.5688336877965,-34.7776642735361,1.3078984748081));
#5982=CARTESIAN_POINT('Ctrl Pts',(31.5688336877965,-34.7776642735361,1.3078984748081));
#5983=CARTESIAN_POINT('Ctrl Pts',(31.5132832162022,-34.9447728440336,1.44322111336889));
#5984=CARTESIAN_POINT('Ctrl Pts',(31.4565976474505,-35.1103387696965,1.58098440408539));
#5985=CARTESIAN_POINT('Ctrl Pts',(31.0090309574646,-36.3792793511628,2.66593460875869));
#5986=CARTESIAN_POINT('Ctrl Pts',(30.5679247650891,-37.4064980459728,3.71920680665583));
#5987=CARTESIAN_POINT('Ctrl Pts',(29.9292067917402,-38.6161361378326,5.2086821000798));
#5988=CARTESIAN_POINT('Ctrl Pts',(29.7693261265937,-38.8992900210184,5.57897316411184));
#5989=CARTESIAN_POINT('Ctrl Pts',(29.6054877614058,-39.1703428926895,5.9555349455011));
#5990=CARTESIAN_POINT('',(30.1583637203573,-31.8177392032396,-0.293739362535605));
#5991=CARTESIAN_POINT('Ctrl Pts',(30.1583637203573,-31.8177392032396,-0.293739362535612));
#5992=CARTESIAN_POINT('Ctrl Pts',(30.4044771219962,-31.9196827120803,-0.287024305413469));
#5993=CARTESIAN_POINT('Ctrl Pts',(30.6284633889208,-32.064459739421,-0.251681424194151));
#5994=CARTESIAN_POINT('Ctrl Pts',(31.0613421967919,-32.4500896912363,-0.118513081747483));
#5995=CARTESIAN_POINT('Ctrl Pts',(31.2508478680857,-32.7006399726858,-0.00990146754180049));
#5996=CARTESIAN_POINT('Ctrl Pts',(31.5554854939039,-33.2841603291727,0.28585296768278));
#5997=CARTESIAN_POINT('Ctrl Pts',(31.6476109273371,-33.6205603918789,0.482720375921705));
#5998=CARTESIAN_POINT('Ctrl Pts',(31.6894470644308,-34.2360197527322,0.890665463390336));
#5999=CARTESIAN_POINT('Ctrl Pts',(31.6552357479244,-34.5177470425635,1.09742042812326));
#6000=CARTESIAN_POINT('Ctrl Pts',(31.5688336877965,-34.7776642735361,1.3078984748081));
#6001=CARTESIAN_POINT('',(32.6912864452703,-30.4912208678785,-1.47059849991287));
#6002=CARTESIAN_POINT('Ctrl Pts',(32.6912864452703,-30.4912208678785,-1.47059849991288));
#6003=CARTESIAN_POINT('Ctrl Pts',(32.6612844877441,-30.6398505086004,-1.39515169687652));
#6004=CARTESIAN_POINT('Ctrl Pts',(32.6156899438951,-30.7838490350635,-1.31705180101129));
#6005=CARTESIAN_POINT('Ctrl Pts',(32.4516358632762,-31.1501927293276,-1.10481067927881));
#6006=CARTESIAN_POINT('Ctrl Pts',(32.3050925743735,-31.3580853812441,-0.969208212084032));
#6007=CARTESIAN_POINT('Ctrl Pts',(31.9555997109402,-31.6750082020447,-0.732754617876522));
#6008=CARTESIAN_POINT('Ctrl Pts',(31.7654948569881,-31.7920861441742,-0.631115289131796));
#6009=CARTESIAN_POINT('Ctrl Pts',(31.3529835030466,-31.9424263581689,-0.46572794182307));
#6010=CARTESIAN_POINT('Ctrl Pts',(31.1391913624011,-31.9791209271719,-0.402024280719921));
#6011=CARTESIAN_POINT('Ctrl Pts',(30.6862411224405,-31.9744448538936,-0.313186351823504));
#6012=CARTESIAN_POINT('Ctrl Pts',(30.4554947789862,-31.9296827006376,-0.291676980868583));
#6013=CARTESIAN_POINT('Ctrl Pts',(30.2087373971748,-31.8380634824665,-0.292657819110578));
#6014=CARTESIAN_POINT('Ctrl Pts',(30.1834407344354,-31.8281264425746,-0.293055151188863));
#6015=CARTESIAN_POINT('Ctrl Pts',(30.1583637203573,-31.8177392032397,-0.293739362535609));
#6016=CARTESIAN_POINT('',(33.3766406111141,-26.0184123302645,-3.21054521682252));
#6017=CARTESIAN_POINT('Ctrl Pts',(33.3766406111141,-26.0184123302645,-3.21054521682253));
#6018=CARTESIAN_POINT('Ctrl Pts',(33.2727580390094,-26.9715936287729,-2.94431684902577));
#6019=CARTESIAN_POINT('Ctrl Pts',(33.1474622298218,-27.8913684198523,-2.62434773634591));
#6020=CARTESIAN_POINT('Ctrl Pts',(32.911648901987,-29.3403758727655,-2.02614270741397));
#6021=CARTESIAN_POINT('Ctrl Pts',(32.8068812221497,-29.9185645623056,-1.76128807760569));
#6022=CARTESIAN_POINT('Ctrl Pts',(32.6912864452703,-30.4912208678785,-1.47059849991288));
#6023=CARTESIAN_POINT('',(31.4545206424227,-23.5515704537119,-3.38193250540838));
#6024=CARTESIAN_POINT('Ctrl Pts',(31.4545206424227,-23.5515704537119,-3.38193250540838));
#6025=CARTESIAN_POINT('Ctrl Pts',(31.6868007842815,-23.5821507145276,-3.41849564010203));
#6026=CARTESIAN_POINT('Ctrl Pts',(31.9137358525667,-23.6519377438223,-3.44783877299624));
#6027=CARTESIAN_POINT('Ctrl Pts',(32.3806013171856,-23.8835143419932,-3.49231646751946));
#6028=CARTESIAN_POINT('Ctrl Pts',(32.6092874530952,-24.0584071103349,-3.50295501149637));
#6029=CARTESIAN_POINT('Ctrl Pts',(32.9934585914441,-24.4855321621464,-3.49146673315565));
#6030=CARTESIAN_POINT('Ctrl Pts',(33.1443435819594,-24.7347684219405,-3.46889107875874));
#6031=CARTESIAN_POINT('Ctrl Pts',(33.3454626097042,-25.2703925119441,-3.38870144961866));
#6032=CARTESIAN_POINT('Ctrl Pts',(33.3943071818498,-25.5520984436331,-3.33180602079381));
#6033=CARTESIAN_POINT('Ctrl Pts',(33.3873962956629,-25.8941632799803,-3.24449635558471));
#6034=CARTESIAN_POINT('Ctrl Pts',(33.3833821638592,-25.9565547744755,-3.22782234567449));
#6035=CARTESIAN_POINT('Ctrl Pts',(33.3766406111141,-26.0184123302645,-3.21054521682252));
#6036=CARTESIAN_POINT('',(33.6883315993385,-21.6318672633162,-4.01274701745899));
#6037=CARTESIAN_POINT('Ctrl Pts',(33.6883315993385,-21.6318672633162,-4.01274701745899));
#6038=CARTESIAN_POINT('Ctrl Pts',(33.6866475902413,-21.6804038384429,-4.0083944677197));
#6039=CARTESIAN_POINT('Ctrl Pts',(33.6833090371602,-21.7288570790091,-4.00361958246231));
#6040=CARTESIAN_POINT('Ctrl Pts',(33.6640684181727,-21.9147836996218,-3.98363862730108));
#6041=CARTESIAN_POINT('Ctrl Pts',(33.6364213052055,-22.0503458729001,-3.96554814323864));
#6042=CARTESIAN_POINT('Ctrl Pts',(33.5179086755795,-22.4325027343447,-3.90446233000571));
#6043=CARTESIAN_POINT('Ctrl Pts',(33.3935385139147,-22.6645480222077,-3.85428669470462));
#6044=CARTESIAN_POINT('Ctrl Pts',(33.0647180150714,-23.0633310706334,-3.74323576758167));
#6045=CARTESIAN_POINT('Ctrl Pts',(32.8642668050827,-23.2266456298681,-3.68366454787455));
#6046=CARTESIAN_POINT('Ctrl Pts',(32.4069001134423,-23.4668955740124,-3.56572292811963));
#6047=CARTESIAN_POINT('Ctrl Pts',(32.154482415927,-23.5399006325759,-3.50881821911844));
#6048=CARTESIAN_POINT('Ctrl Pts',(31.7471724711637,-23.5744289913899,-3.43052148691848));
#6049=CARTESIAN_POINT('Ctrl Pts',(31.6001004070123,-23.5707363933183,-3.40484816448609));
#6050=CARTESIAN_POINT('Ctrl Pts',(31.4545206424227,-23.5515704537119,-3.38193250540838));
#6051=CARTESIAN_POINT('',(33.6883315993385,-17.2681327366815,-4.01274701745899));
#6052=CARTESIAN_POINT('Ctrl Pts',(33.6883315993384,-17.2681327366815,-4.01274701745899));
#6053=CARTESIAN_POINT('Ctrl Pts',(33.7175540665133,-18.1103838122875,-4.08827644428761));
#6054=CARTESIAN_POINT('Ctrl Pts',(33.7299437339719,-18.9629056632003,-4.12035909403674));
#6055=CARTESIAN_POINT('Ctrl Pts',(33.7215349631291,-20.4217084482732,-4.09860381843291));
#6056=CARTESIAN_POINT('Ctrl Pts',(33.709250261855,-21.0289487657294,-4.06681413576376));
#6057=CARTESIAN_POINT('Ctrl Pts',(33.6883315993385,-21.6318672633162,-4.01274701745899));
#6058=CARTESIAN_POINT('',(31.4545206424227,-15.3484295462859,-3.38193250540839));
#6059=CARTESIAN_POINT('Ctrl Pts',(31.4545206424227,-15.3484295462859,-3.38193250540839));
#6060=CARTESIAN_POINT('Ctrl Pts',(31.6044171294728,-15.3286952993861,-3.4055276582366));
#6061=CARTESIAN_POINT('Ctrl Pts',(31.7558476306844,-15.3253720311368,-3.43203983584129));
#6062=CARTESIAN_POINT('Ctrl Pts',(32.1645496167277,-15.3626721627572,-3.51102809893027));
#6063=CARTESIAN_POINT('Ctrl Pts',(32.4140658977704,-15.4360968615603,-3.56746647828291));
#6064=CARTESIAN_POINT('Ctrl Pts',(32.8703113622074,-15.6773201271346,-3.68533012231019));
#6065=CARTESIAN_POINT('Ctrl Pts',(33.0716923211687,-15.842829376387,-3.74535815751118));
#6066=CARTESIAN_POINT('Ctrl Pts',(33.4016162057289,-16.2476805025089,-3.85726137692468));
#6067=CARTESIAN_POINT('Ctrl Pts',(33.5257066256118,-16.4837791338339,-3.90774731856248));
#6068=CARTESIAN_POINT('Ctrl Pts',(33.6531955045825,-16.9103365099249,-3.97474039162887));
#6069=CARTESIAN_POINT('Ctrl Pts',(33.6820952189619,-17.0883875410214,-3.99662824718181));
#6070=CARTESIAN_POINT('Ctrl Pts',(33.6883315993384,-17.2681327366815,-4.01274701745899));
#6071=CARTESIAN_POINT('',(33.3766406111141,-12.8815876697333,-3.21054521682253));
#6072=CARTESIAN_POINT('Ctrl Pts',(33.3766406111141,-12.8815876697333,-3.21054521682254));
#6073=CARTESIAN_POINT('Ctrl Pts',(33.3940864443231,-13.0416630472942,-3.25525508110458));
#6074=CARTESIAN_POINT('Ctrl Pts',(33.3931904412084,-13.2045490579046,-3.29569506576876));
#6075=CARTESIAN_POINT('Ctrl Pts',(33.3411232773407,-13.6476824181568,-3.39222750504155));
#6076=CARTESIAN_POINT('Ctrl Pts',(33.254235918216,-13.9231655256404,-3.43732860608415));
#6077=CARTESIAN_POINT('Ctrl Pts',(32.9836512619231,-14.4272850537043,-3.49257032619686));
#6078=CARTESIAN_POINT('Ctrl Pts',(32.8035156825269,-14.6521487871529,-3.50277028130434));
#6079=CARTESIAN_POINT('Ctrl Pts',(32.3747629293584,-15.0191138966854,-3.49205906363695));
#6080=CARTESIAN_POINT('Ctrl Pts',(32.1315698722979,-15.1596733196858,-3.47203549925709));
#6081=CARTESIAN_POINT('Ctrl Pts',(31.7342948239968,-15.2969647075617,-3.42361590160711));
#6082=CARTESIAN_POINT('Ctrl Pts',(31.595154570915,-15.3299147383543,-3.40406964218131));
#6083=CARTESIAN_POINT('Ctrl Pts',(31.4545206424227,-15.3484295462859,-3.38193250540839));
#6084=CARTESIAN_POINT('',(32.6912864452703,-8.40877913211926,-1.47059849991289));
#6085=CARTESIAN_POINT('Ctrl Pts',(32.6912864452703,-8.40877913211925,-1.47059849991289));
#6086=CARTESIAN_POINT('Ctrl Pts',(32.7486082775814,-8.69275138074607,-1.61474739380698));
#6087=CARTESIAN_POINT('Ctrl Pts',(32.8034801602802,-8.97909872854702,-1.75308038626272));
#6088=CARTESIAN_POINT('Ctrl Pts',(33.0717119698606,-10.4545873863064,-2.43070602518619));
#6089=CARTESIAN_POINT('Ctrl Pts',(33.244995919194,-11.673673234772,-2.87316859291993));
#6090=CARTESIAN_POINT('Ctrl Pts',(33.3766406111141,-12.8815876697333,-3.21054521682253));
#6091=CARTESIAN_POINT('',(30.1583637203573,-7.08226079675812,-0.293739362535627));
#6092=CARTESIAN_POINT('Ctrl Pts',(30.1583637203573,-7.08226079675812,-0.293739362535628));
#6093=CARTESIAN_POINT('Ctrl Pts',(30.2922968465307,-7.02678387944604,-0.290085077206943));
#6094=CARTESIAN_POINT('Ctrl Pts',(30.4314588843227,-6.98456217901826,-0.294647771469337));
#6095=CARTESIAN_POINT('Ctrl Pts',(30.7969943346752,-6.9153352351209,-0.329853140838941));
#6096=CARTESIAN_POINT('Ctrl Pts',(31.0205937011849,-6.91174788758613,-0.373074101204179));
#6097=CARTESIAN_POINT('Ctrl Pts',(31.4679756622866,-6.98571333188818,-0.50430333582945));
#6098=CARTESIAN_POINT('Ctrl Pts',(31.6818280486283,-7.0676779075234,-0.592666002079118));
#6099=CARTESIAN_POINT('Ctrl Pts',(32.0917115361258,-7.3229048757504,-0.812027045611348));
#6100=CARTESIAN_POINT('Ctrl Pts',(32.2733987809043,-7.5058657315644,-0.944669531255484));
#6101=CARTESIAN_POINT('Ctrl Pts',(32.5479130158313,-7.92611654138448,-1.21157636680838));
#6102=CARTESIAN_POINT('Ctrl Pts',(32.6412472993777,-8.16088529820689,-1.34476359127507));
#6103=CARTESIAN_POINT('Ctrl Pts',(32.6912864452703,-8.40877913211925,-1.47059849991289));
#6104=CARTESIAN_POINT('',(31.5688336877965,-4.12233572646171,1.30789847480808));
#6105=CARTESIAN_POINT('Ctrl Pts',(31.5688336877965,-4.12233572646171,1.30789847480808));
#6106=CARTESIAN_POINT('Ctrl Pts',(31.6655625176832,-4.41331825144024,1.07226410286696));
#6107=CARTESIAN_POINT('Ctrl Pts',(31.6969392316044,-4.731705244082,0.841327502578325));
#6108=CARTESIAN_POINT('Ctrl Pts',(31.6262671566951,-5.35994725499176,0.435196055317787));
#6109=CARTESIAN_POINT('Ctrl Pts',(31.5318670240673,-5.66973409020644,0.257145143295191));
#6110=CARTESIAN_POINT('Ctrl Pts',(31.2421429841585,-6.20795447907753,-0.0129580665713037));
#6111=CARTESIAN_POINT('Ctrl Pts',(31.0663702205962,-6.43968287832069,-0.113433837810638));
#6112=CARTESIAN_POINT('Ctrl Pts',(30.6638661254073,-6.80828602033382,-0.243423366933663));
#6113=CARTESIAN_POINT('Ctrl Pts',(30.4515992045094,-6.95172109409135,-0.280612566295276));
#6114=CARTESIAN_POINT('Ctrl Pts',(30.1980072336143,-7.06549997645948,-0.292466290270537));
#6115=CARTESIAN_POINT('Ctrl Pts',(30.1782374255293,-7.07402883854124,-0.293197120363645));
#6116=CARTESIAN_POINT('Ctrl Pts',(30.1583637203573,-7.08226079675812,-0.29373936253563));
#6117=CARTESIAN_POINT('',(29.6054877614058,0.270342892691756,5.95553494550107));
#6118=CARTESIAN_POINT('Ctrl Pts',(29.6054877614058,0.270342892691756,5.95553494550107));
#6119=CARTESIAN_POINT('Ctrl Pts',(29.654711903689,0.188906868192316,5.84239947393899));
#6120=CARTESIAN_POINT('Ctrl Pts',(29.7035024366095,0.106507132695851,5.73000577916438));
#6121=CARTESIAN_POINT('Ctrl Pts',(30.2287007790466,-0.79874645099193,4.51751396092688));
#6122=CARTESIAN_POINT('Ctrl Pts',(30.6860898091194,-1.75511431236461,3.43709202492445));
#6123=CARTESIAN_POINT('Ctrl Pts',(31.2649352956866,-3.24370141423264,2.04587552570603));
#6124=CARTESIAN_POINT('Ctrl Pts',(31.4201840545493,-3.67516350624504,1.67001350308356));
#6125=CARTESIAN_POINT('Ctrl Pts',(31.5688336877965,-4.12233572646171,1.30789847480808));
#6126=CARTESIAN_POINT('',(26.6564256477824,0.773996706205382,7.46085188904121));
#6127=CARTESIAN_POINT('Ctrl Pts',(26.6564256477824,0.773996706205392,7.46085188904121));
#6128=CARTESIAN_POINT('Ctrl Pts',(26.7219625758592,0.824284959827956,7.51059414225494));
#6129=CARTESIAN_POINT('Ctrl Pts',(26.7924138698138,0.872090523316145,7.55593459978929));
#6130=CARTESIAN_POINT('Ctrl Pts',(26.9960637658527,0.991540823165631,7.6617036335991));
#6131=CARTESIAN_POINT('Ctrl Pts',(27.1373852301362,1.05576763756716,7.70987737572935));
#6132=CARTESIAN_POINT('Ctrl Pts',(27.4411327873914,1.15151666901101,7.75333745163056));
#6133=CARTESIAN_POINT('Ctrl Pts',(27.595236809161,1.18133589297932,7.74866908490611));
#6134=CARTESIAN_POINT('Ctrl Pts',(27.9354532679535,1.20854005927373,7.6827851378181));
#6135=CARTESIAN_POINT('Ctrl Pts',(28.111853060474,1.19793095695004,7.61312457039031));
#6136=CARTESIAN_POINT('Ctrl Pts',(28.5050201725863,1.12875932991764,7.3952671047424));
#6137=CARTESIAN_POINT('Ctrl Pts',(28.7237323345966,1.05002101800203,7.21864933323098));
#6138=CARTESIAN_POINT('Ctrl Pts',(29.1992756548356,0.777821682363481,6.71026152113759));
#6139=CARTESIAN_POINT('Ctrl Pts',(29.4353114755967,0.55188116918763,6.34666363664137));
#6140=CARTESIAN_POINT('Ctrl Pts',(29.6054877614058,0.270342892691756,5.95553494550107));
#6141=CARTESIAN_POINT('',(27.0600922400373,1.1867968477559,7.92246686870932));
#6142=CARTESIAN_POINT('Ctrl Pts',(27.0600922400373,1.1867968477559,7.92246686870933));
#6143=CARTESIAN_POINT('Ctrl Pts',(27.0031519319878,1.10867308290132,7.82652361776046));
#6144=CARTESIAN_POINT('Ctrl Pts',(26.9401151649448,1.03428931950641,7.73952254810828));
#6145=CARTESIAN_POINT('Ctrl Pts',(26.8073394234869,0.898963550825827,7.58879871225898));
#6146=CARTESIAN_POINT('Ctrl Pts',(26.7357650939867,0.834876004489222,7.52107019555542));
#6147=CARTESIAN_POINT('Ctrl Pts',(26.6564256477824,0.773996706205379,7.46085188904119));
#6148=CARTESIAN_POINT('Ctrl Pts',(22.8917908114579,-0.899999999998884,6.39999999999999));
#6149=CARTESIAN_POINT('Ctrl Pts',(24.2486068287774,-0.166925957895318,6.89557534854363));
#6150=CARTESIAN_POINT('Ctrl Pts',(25.6398745851635,0.526410350843793,7.40373415157032));
#6151=CARTESIAN_POINT('Ctrl Pts',(27.0600922400373,1.1867968477559,7.92246686870932));
#6152=CARTESIAN_POINT('Origin',(22.8917908114579,-13.4499999999988,13.450000000001));
#6153=CARTESIAN_POINT('',(33.0798114971368,-14.2982428153399,18.1708216466982));
#6154=CARTESIAN_POINT('',(33.2998650871763,-12.8916953592133,18.2528835167743));
#6155=CARTESIAN_POINT('Ctrl Pts',(33.0798114971368,-14.2982428153398,18.1708216466982));
#6156=CARTESIAN_POINT('Ctrl Pts',(33.1517396656952,-14.1578989923598,18.2089247766183));
#6157=CARTESIAN_POINT('Ctrl Pts',(33.2087211266529,-14.0080691848611,18.2393263163377));
#6158=CARTESIAN_POINT('Ctrl Pts',(33.3156749123767,-13.6007338422956,18.2922608585233));
#6159=CARTESIAN_POINT('Ctrl Pts',(33.3392852733954,-13.3390102577304,18.2979230213909));
#6160=CARTESIAN_POINT('Ctrl Pts',(33.3162281448977,-13.0161556063608,18.2690344045255));
#6161=CARTESIAN_POINT('Ctrl Pts',(33.3092510921464,-12.9535864828518,18.2617441160893));
#6162=CARTESIAN_POINT('Ctrl Pts',(33.2998650871763,-12.8916953592133,18.2528835167743));
#6163=CARTESIAN_POINT('',(22.8917908114579,-13.4748958369185,16.4498966977731));
#6164=CARTESIAN_POINT('Ctrl Pts',(22.8917908114565,-13.4748958369184,16.4498966977728));
#6165=CARTESIAN_POINT('Ctrl Pts',(27.3137266016628,-13.8024267489866,17.2269119882925));
#6166=CARTESIAN_POINT('Ctrl Pts',(33.0798114971368,-14.2982428153399,18.1708216466982));
#6167=CARTESIAN_POINT('',(22.8917908114579,-16.4499999999988,13.450000000001));
#6168=CARTESIAN_POINT('Origin',(22.8917908114579,-13.4499999999988,13.450000000001));
#6169=CARTESIAN_POINT('',(34.9353350779601,-18.4814461095755,14.417391040993));
#6170=CARTESIAN_POINT('Ctrl Pts',(22.8917908114565,-16.4499999999986,13.4500000000009));
#6171=CARTESIAN_POINT('Ctrl Pts',(28.0123500806017,-17.3528927554657,13.8217977029881));
#6172=CARTESIAN_POINT('Ctrl Pts',(34.9353350779601,-18.4814461095755,14.417391040993));
#6173=CARTESIAN_POINT('',(35.4977658505411,-17.0299161982905,9.64716379151149));
#6174=CARTESIAN_POINT('Ctrl Pts',(35.4977658505411,-17.0299161982905,9.6471637915115));
#6175=CARTESIAN_POINT('Ctrl Pts',(35.4981035034972,-17.068336094351,9.68324976806928));
#6176=CARTESIAN_POINT('Ctrl Pts',(35.4982432749941,-17.1060189370689,9.71978611419874));
#6177=CARTESIAN_POINT('Ctrl Pts',(35.4975239600674,-17.6084601326181,10.2223609110129));
#6178=CARTESIAN_POINT('Ctrl Pts',(35.4643452811738,-18.0048853150511,10.8138529137081));
#6179=CARTESIAN_POINT('Ctrl Pts',(35.3324683704625,-18.5137128365822,12.1035298838101));
#6180=CARTESIAN_POINT('Ctrl Pts',(35.2337301019358,-18.626216891176,12.8016706238337));
#6181=CARTESIAN_POINT('Ctrl Pts',(35.1205991109401,-18.6062688451091,13.450000000001));
#6182=CARTESIAN_POINT('Ctrl Pts',(35.065123109846,-18.5964869293344,13.7679210299947));
#6183=CARTESIAN_POINT('Ctrl Pts',(35.0028354643019,-18.5556520385991,14.0944799355139));
#6184=CARTESIAN_POINT('Ctrl Pts',(34.9353350779601,-18.4814461095755,14.417391040993));
#6185=CARTESIAN_POINT('',(33.2024340537781,-15.1183123801144,8.93001244541316));
#6186=CARTESIAN_POINT('Ctrl Pts',(33.2024340537781,-15.1183123801144,8.93001244541315));
#6187=CARTESIAN_POINT('Ctrl Pts',(33.2978864738957,-15.1057458306052,8.90743347760116));
#6188=CARTESIAN_POINT('Ctrl Pts',(33.3947559482843,-15.0996178019379,8.88707667097077));
#6189=CARTESIAN_POINT('Ctrl Pts',(33.7334983022723,-15.1020137993645,8.82445271897506));
#6190=CARTESIAN_POINT('Ctrl Pts',(33.9751197043404,-15.1454798924852,8.79423718285242));
#6191=CARTESIAN_POINT('Ctrl Pts',(34.4140089929455,-15.3092825176697,8.77392166018489));
#6192=CARTESIAN_POINT('Ctrl Pts',(34.6092342491801,-15.4213302028693,8.78106076609658));
#6193=CARTESIAN_POINT('Ctrl Pts',(34.9520714113126,-15.7016908155599,8.84228600013815));
#6194=CARTESIAN_POINT('Ctrl Pts',(35.0940888555189,-15.864815764407,8.89535587902349));
#6195=CARTESIAN_POINT('Ctrl Pts',(35.3308452499172,-16.2416508334399,9.06534628995831));
#6196=CARTESIAN_POINT('Ctrl Pts',(35.4109206770131,-16.448970254764,9.18546071675891));
#6197=CARTESIAN_POINT('Ctrl Pts',(35.4826455812254,-16.7774646109938,9.42483729739608));
#6198=CARTESIAN_POINT('Ctrl Pts',(35.4966631550765,-16.9044458170147,9.52931544464746));
#6199=CARTESIAN_POINT('Ctrl Pts',(35.4977658505411,-17.0299161982905,9.6471637915115));
#6200=CARTESIAN_POINT('',(34.9823842985679,-12.6701875027948,8.37769599135181));
#6201=CARTESIAN_POINT('Ctrl Pts',(34.9823842985679,-12.6701875027948,8.37769599135181));
#6202=CARTESIAN_POINT('Ctrl Pts',(35.0043650020675,-12.7796382686518,8.35694777934329));
#6203=CARTESIAN_POINT('Ctrl Pts',(35.0174566287276,-12.8915128797786,8.34109193773314));
#6204=CARTESIAN_POINT('Ctrl Pts',(35.0287800298606,-13.2431522799264,8.30851372934172));
#6205=CARTESIAN_POINT('Ctrl Pts',(34.9945919973822,-13.4801306393063,8.31101363063735));
#6206=CARTESIAN_POINT('Ctrl Pts',(34.8394040156372,-13.9524761101867,8.36208944890011));
#6207=CARTESIAN_POINT('Ctrl Pts',(34.7138620269237,-14.1772543584262,8.41362347287272));
#6208=CARTESIAN_POINT('Ctrl Pts',(34.3699126630439,-14.5946811590048,8.55272042383106));
#6209=CARTESIAN_POINT('Ctrl Pts',(34.143094354699,-14.775250708417,8.6431929824173));
#6210=CARTESIAN_POINT('Ctrl Pts',(33.676002041758,-15.0136344908647,8.80285762955299));
#6211=CARTESIAN_POINT('Ctrl Pts',(33.4438463116148,-15.086529853422,8.87290714004329));
#6212=CARTESIAN_POINT('Ctrl Pts',(33.2024340537781,-15.1183123801144,8.93001244541315));
#6213=CARTESIAN_POINT('Ctrl Pts',(33.2998650871763,-12.8916953592133,18.2528835167743));
#6214=CARTESIAN_POINT('Ctrl Pts',(33.2351529728931,-12.4649850091968,18.191793828742));
#6215=CARTESIAN_POINT('Ctrl Pts',(33.1796147167508,-12.0318891077877,18.0719535511194));
#6216=CARTESIAN_POINT('Ctrl Pts',(33.0788155549125,-11.0321917402711,17.6417665171681));
#6217=CARTESIAN_POINT('Ctrl Pts',(33.0496790995025,-10.4914488191265,17.2670584462633));
#6218=CARTESIAN_POINT('Ctrl Pts',(33.0508896784028,-9.63290633212293,16.4089034181731));
#6219=CARTESIAN_POINT('Ctrl Pts',(33.0813411679404,-9.25788382375557,15.8681269736986));
#6220=CARTESIAN_POINT('Ctrl Pts',(33.2027864515157,-8.74942901817971,14.6876194885979));
#6221=CARTESIAN_POINT('Ctrl Pts',(33.2936871441493,-8.61586502601288,14.0479355982586));
#6222=CARTESIAN_POINT('Ctrl Pts',(33.5046873029096,-8.57866000508967,12.826924954083));
#6223=CARTESIAN_POINT('Ctrl Pts',(33.6408394991576,-8.68177390856593,12.1619236864432));
#6224=CARTESIAN_POINT('Ctrl Pts',(33.9377712000799,-9.14112146056021,10.9312616703613));
#6225=CARTESIAN_POINT('Ctrl Pts',(34.0984894465739,-9.49726621878299,10.365552965985));
#6226=CARTESIAN_POINT('Ctrl Pts',(34.4040516596275,-10.3422291584668,9.44437925476728));
#6227=CARTESIAN_POINT('Ctrl Pts',(34.5700106379163,-10.8955334887394,9.03086668523634));
#6228=CARTESIAN_POINT('Ctrl Pts',(34.8152871872065,-11.8820912852934,8.57735179877193));
#6229=CARTESIAN_POINT('Ctrl Pts',(34.9030436596969,-12.2751185420509,8.45258787987649));
#6230=CARTESIAN_POINT('Ctrl Pts',(34.9823842985679,-12.6701875027948,8.37769599135181));
#6231=CARTESIAN_POINT('Origin',(22.8917908114579,-25.4499999999988,13.450000000001));
#6232=CARTESIAN_POINT('',(34.9353350779601,-20.4185538904221,14.4173910409931));
#6233=CARTESIAN_POINT('',(35.4977658505411,-21.8700838017072,9.64716379151139));
#6234=CARTESIAN_POINT('Ctrl Pts',(34.9353350779601,-20.4185538904221,14.4173910409931));
#6235=CARTESIAN_POINT('Ctrl Pts',(35.0028354643019,-20.3443479613985,14.0944799355139));
#6236=CARTESIAN_POINT('Ctrl Pts',(35.065123109846,-20.3035130706632,13.7679210299947));
#6237=CARTESIAN_POINT('Ctrl Pts',(35.2337301019358,-20.2737831088217,12.8016706238338));
#6238=CARTESIAN_POINT('Ctrl Pts',(35.3324683704625,-20.3862871634154,12.1035298838101));
#6239=CARTESIAN_POINT('Ctrl Pts',(35.4643452811738,-20.8951146849465,10.8138529137082));
#6240=CARTESIAN_POINT('Ctrl Pts',(35.4975239600674,-21.2915398673795,10.2223609110129));
#6241=CARTESIAN_POINT('Ctrl Pts',(35.4982432749939,-21.7939810627894,9.71978611433815));
#6242=CARTESIAN_POINT('Ctrl Pts',(35.4981035034984,-21.8316639055144,9.68324976819352));
#6243=CARTESIAN_POINT('Ctrl Pts',(35.4977658505411,-21.8700838017072,9.6471637915114));
#6244=CARTESIAN_POINT('',(22.8917908114579,-22.4499999999988,13.450000000001));
#6245=CARTESIAN_POINT('Ctrl Pts',(22.8917908114565,-22.4499999999991,13.4500000000009));
#6246=CARTESIAN_POINT('Ctrl Pts',(28.0123500806015,-21.547107244532,13.8217977029882));
#6247=CARTESIAN_POINT('Ctrl Pts',(34.9353350779601,-20.4185538904221,14.4173910409931));
#6248=CARTESIAN_POINT('',(22.8917908114579,-25.4251041630791,16.4498966977731));
#6249=CARTESIAN_POINT('Origin',(22.8917908114579,-25.4499999999988,13.450000000001));
#6250=CARTESIAN_POINT('',(33.0798114971367,-24.6017571846577,18.1708216466983));
#6251=CARTESIAN_POINT('Ctrl Pts',(22.8917908114565,-25.4251041630792,16.4498966977729));
#6252=CARTESIAN_POINT('Ctrl Pts',(27.3137266016627,-25.097573251011,17.2269119882925));
#6253=CARTESIAN_POINT('Ctrl Pts',(33.0798114971367,-24.6017571846577,18.1708216466983));
#6254=CARTESIAN_POINT('',(33.2998650871763,-26.0083046407845,18.2528835167743));
#6255=CARTESIAN_POINT('Ctrl Pts',(33.2998650871763,-26.0083046407845,18.2528835167743));
#6256=CARTESIAN_POINT('Ctrl Pts',(33.3035591563482,-25.9839460246774,18.256370800968));
#6257=CARTESIAN_POINT('Ctrl Pts',(33.3068805070155,-25.959478763298,18.2596155422025));
#6258=CARTESIAN_POINT('Ctrl Pts',(33.3375298363422,-25.7037881828994,18.290810296826));
#6259=CARTESIAN_POINT('Ctrl Pts',(33.3315269563087,-25.4684288599581,18.2962728987471));
#6260=CARTESIAN_POINT('Ctrl Pts',(33.2519076085076,-25.0135986310384,18.2622644715664));
#6261=CARTESIAN_POINT('Ctrl Pts',(33.1807872398988,-24.7987776573254,18.2243123989635));
#6262=CARTESIAN_POINT('Ctrl Pts',(33.0798114971367,-24.6017571846577,18.1708216466982));
#6263=CARTESIAN_POINT('',(34.9823842985679,-26.229812497203,8.3776959913519));
#6264=CARTESIAN_POINT('Ctrl Pts',(34.9823842985679,-26.229812497203,8.3776959913519));
#6265=CARTESIAN_POINT('Ctrl Pts',(34.9030436596969,-26.6248814579468,8.45258787987657));
#6266=CARTESIAN_POINT('Ctrl Pts',(34.8152871872065,-27.0179087147042,8.57735179877201));
#6267=CARTESIAN_POINT('Ctrl Pts',(34.5700106379163,-28.0044665112582,9.03086668523639));
#6268=CARTESIAN_POINT('Ctrl Pts',(34.4040516596276,-28.5577708415309,9.44437925476733));
#6269=CARTESIAN_POINT('Ctrl Pts',(34.0984894465739,-29.4027337812146,10.3655529659851));
#6270=CARTESIAN_POINT('Ctrl Pts',(33.9377712000799,-29.7588785394374,10.9312616703614));
#6271=CARTESIAN_POINT('Ctrl Pts',(33.6408394991577,-30.2182260914317,12.1619236864433));
#6272=CARTESIAN_POINT('Ctrl Pts',(33.5046873029097,-30.321339994908,12.8269249540831));
#6273=CARTESIAN_POINT('Ctrl Pts',(33.3970150772535,-30.3023544764518,13.450000000001));
#6274=CARTESIAN_POINT('Ctrl Pts',(33.2936871441493,-30.2841349739847,14.0479355982587));
#6275=CARTESIAN_POINT('Ctrl Pts',(33.2027864515157,-30.1505709818179,14.687619488598));
#6276=CARTESIAN_POINT('Ctrl Pts',(33.0813411679405,-29.642116176242,15.8681269736987));
#6277=CARTESIAN_POINT('Ctrl Pts',(33.0508896784029,-29.2670936678747,16.4089034181732));
#6278=CARTESIAN_POINT('Ctrl Pts',(33.0496790995025,-28.4085511808711,17.2670584462634));
#6279=CARTESIAN_POINT('Ctrl Pts',(33.0788155549125,-27.8678082597265,17.6417665171681));
#6280=CARTESIAN_POINT('Ctrl Pts',(33.1796147167508,-26.8681108922099,18.0719535511194));
#6281=CARTESIAN_POINT('Ctrl Pts',(33.2351529728931,-26.4350149908009,18.191793828742));
#6282=CARTESIAN_POINT('Ctrl Pts',(33.2998650871763,-26.0083046407845,18.2528835167743));
#6283=CARTESIAN_POINT('',(33.2024340537781,-23.7816876198834,8.93001244541315));
#6284=CARTESIAN_POINT('Ctrl Pts',(33.2024340537781,-23.7816876198833,8.93001244541315));
#6285=CARTESIAN_POINT('Ctrl Pts',(33.2884887469583,-23.7930169351696,8.90965648015851));
#6286=CARTESIAN_POINT('Ctrl Pts',(33.3735795220655,-23.8096027387575,8.88763769014884));
#6287=CARTESIAN_POINT('Ctrl Pts',(33.7335312650905,-23.9028461100499,8.78741563779912));
#6288=CARTESIAN_POINT('Ctrl Pts',(33.9916437189222,-24.0291923753084,8.69704122941753));
#6289=CARTESIAN_POINT('Ctrl Pts',(34.4157711855169,-24.3554855549088,8.5356154777712));
#6290=CARTESIAN_POINT('Ctrl Pts',(34.5885512570065,-24.5459031544176,8.46383293158444));
#6291=CARTESIAN_POINT('Ctrl Pts',(34.8426802862751,-24.9626632502549,8.36205794906804));
#6292=CARTESIAN_POINT('Ctrl Pts',(34.9298118915464,-25.1796156722483,8.32934902709212));
#6293=CARTESIAN_POINT('Ctrl Pts',(35.0270404290231,-25.6405136562552,8.30856187808492));
#6294=CARTESIAN_POINT('Ctrl Pts',(35.035028735644,-25.8763662409921,8.32117945055783));
#6295=CARTESIAN_POINT('Ctrl Pts',(34.9973570097585,-26.1489490513183,8.36308812616933));
#6296=CARTESIAN_POINT('Ctrl Pts',(34.9904614665537,-26.1895930282484,8.37007172246528));
#6297=CARTESIAN_POINT('Ctrl Pts',(34.9823842985679,-26.229812497203,8.37769599135189));
#6298=CARTESIAN_POINT('Ctrl Pts',(35.4977658505411,-21.8700838017073,9.6471637915114));
#6299=CARTESIAN_POINT('Ctrl Pts',(35.4967491231032,-21.9857722971983,9.53850310357712));
#6300=CARTESIAN_POINT('Ctrl Pts',(35.4847532459367,-22.1027840656563,9.44117526563966));
#6301=CARTESIAN_POINT('Ctrl Pts',(35.4225216140723,-22.4115198803042,9.211626409559));
#6302=CARTESIAN_POINT('Ctrl Pts',(35.3514647222448,-22.6093536115253,9.0928633721998));
#6303=CARTESIAN_POINT('Ctrl Pts',(35.1323040162927,-22.9856782061153,8.9138882917405));
#6304=CARTESIAN_POINT('Ctrl Pts',(34.9927789744518,-23.1564108741925,8.85469985690959));
#6305=CARTESIAN_POINT('Ctrl Pts',(34.6449091332633,-23.4565455233932,8.78321518467531));
#6306=CARTESIAN_POINT('Ctrl Pts',(34.4412502523108,-23.5783023717138,8.77361238605518));
#6307=CARTESIAN_POINT('Ctrl Pts',(33.9793616300473,-23.7552278635231,8.79307092563392));
#6308=CARTESIAN_POINT('Ctrl Pts',(33.7236266474374,-23.8007750512914,8.8252929034762));
#6309=CARTESIAN_POINT('Ctrl Pts',(33.3791695619108,-23.7993568040169,8.89036944333756));
#6310=CARTESIAN_POINT('Ctrl Pts',(33.2901844719805,-23.7932401816041,8.90925536177253));
#6311=CARTESIAN_POINT('Ctrl Pts',(33.2024340537781,-23.7816876198834,8.93001244541314));
#6312=CARTESIAN_POINT('Origin',(22.8917908114579,-19.4499999999989,62.2504166667043));
#6313=CARTESIAN_POINT('Ctrl Pts',(22.8917908114579,-0.899999999998878,6.4));
#6314=CARTESIAN_POINT('Ctrl Pts',(23.6330375672799,-1.80275426669438,6.23788417962789));
#6315=CARTESIAN_POINT('Ctrl Pts',(24.3331312500223,-2.7664074725341,6.07015036039995));
#6316=CARTESIAN_POINT('Ctrl Pts',(25.9587027638633,-5.32636225880103,5.65571703598584));
#6317=CARTESIAN_POINT('Ctrl Pts',(26.8085374436529,-6.99000493676656,5.41440407775077));
#6318=CARTESIAN_POINT('Ctrl Pts',(28.1744885222307,-10.4518372888851,5.00830944856484));
#6319=CARTESIAN_POINT('Ctrl Pts',(28.6915761363821,-12.2527815990706,4.84368431451717));
#6320=CARTESIAN_POINT('Ctrl Pts',(29.3702638618813,-15.8721085505046,4.62485567478502));
#6321=CARTESIAN_POINT('Ctrl Pts',(29.5316867811058,-17.6905329179721,4.57079280854824));
#6322=CARTESIAN_POINT('Ctrl Pts',(29.5316867811058,-21.2094670820257,4.57079280854824));
#6323=CARTESIAN_POINT('Ctrl Pts',(29.3702638618813,-23.0278914494932,4.62485567478502));
#6324=CARTESIAN_POINT('Ctrl Pts',(28.6915761363821,-26.6472184009272,4.84368431451718));
#6325=CARTESIAN_POINT('Ctrl Pts',(28.1744885222307,-28.4481627111127,5.00830944856485));
#6326=CARTESIAN_POINT('Ctrl Pts',(26.8085374436529,-31.9099950632312,5.41440407775077));
#6327=CARTESIAN_POINT('Ctrl Pts',(25.9587027638634,-33.5736377411967,5.65571703598585));
#6328=CARTESIAN_POINT('Ctrl Pts',(24.3331312500223,-36.1335925274637,6.07015036039996));
#6329=CARTESIAN_POINT('Ctrl Pts',(23.6330375672799,-37.0972457333034,6.2378841796279));
#6330=CARTESIAN_POINT('Ctrl Pts',(22.8917908114579,-37.9999999999989,6.40000000000001));
#6331=CARTESIAN_POINT('',(26.6554576284346,0.773253918834965,7.69107791920592));
#6332=CARTESIAN_POINT('Ctrl Pts',(26.6554576284346,0.773253918834961,7.69107791920592));
#6333=CARTESIAN_POINT('Ctrl Pts',(26.7986690777957,0.883143928917302,7.75874128753375));
#6334=CARTESIAN_POINT('Ctrl Pts',(26.9260801584375,1.01091946777623,7.83050591517936));
#6335=CARTESIAN_POINT('Ctrl Pts',(27.0432911159719,1.16411290607825,7.91068569270721));
#6336=CARTESIAN_POINT('Ctrl Pts',(27.051753555706,1.17541519774613,7.91657064113712));
#6337=CARTESIAN_POINT('Ctrl Pts',(27.0600922400373,1.18679684775591,7.92246686870932));
#6338=CARTESIAN_POINT('',(29.6239158957642,0.284483297523018,8.0691153326159));
#6339=CARTESIAN_POINT('Ctrl Pts',(29.6239158957642,0.284483297523014,8.0691153326159));
#6340=CARTESIAN_POINT('Ctrl Pts',(29.5057475462042,0.458672825572087,8.11038512511801));
#6341=CARTESIAN_POINT('Ctrl Pts',(29.3607965885799,0.61525194355546,8.141095090345));
#6342=CARTESIAN_POINT('Ctrl Pts',(29.0244610668194,0.881362949032746,8.17715703284242));
#6343=CARTESIAN_POINT('Ctrl Pts',(28.8357838584633,0.988161401699013,8.18198286051274));
#6344=CARTESIAN_POINT('Ctrl Pts',(28.3911383137067,1.15539444274333,8.16156719826975));
#6345=CARTESIAN_POINT('Ctrl Pts',(28.1356747713467,1.19973766638116,8.13032285237342));
#6346=CARTESIAN_POINT('Ctrl Pts',(27.6090062131015,1.19363020939462,8.02861212205064));
#6347=CARTESIAN_POINT('Ctrl Pts',(27.3450884283769,1.13694759901669,7.95715115625141));
#6348=CARTESIAN_POINT('Ctrl Pts',(26.9413473858522,0.965555215635398,7.81651460612015));
#6349=CARTESIAN_POINT('Ctrl Pts',(26.7915205658671,0.877658682790586,7.75536381738188));
#6350=CARTESIAN_POINT('Ctrl Pts',(26.6554576284346,0.773253918834973,7.69107791920592));
#6351=CARTESIAN_POINT('',(32.0576537635847,-3.91985982151001,7.16347112135908));
#6352=CARTESIAN_POINT('Ctrl Pts',(32.0576537635847,-3.91985982151001,7.16347112135908));
#6353=CARTESIAN_POINT('Ctrl Pts',(31.3650435999728,-2.49937326910327,7.43704911535438));
#6354=CARTESIAN_POINT('Ctrl Pts',(30.5516815035203,-1.08311685900798,7.74509714783745));
#6355=CARTESIAN_POINT('Ctrl Pts',(29.6239158957642,0.284483297523014,8.06911533261591));
#6356=CARTESIAN_POINT('',(30.9743173262875,-6.74428174691457,6.24841700694054));
#6357=CARTESIAN_POINT('Ctrl Pts',(30.9743173262875,-6.74428174691457,6.24841700694053));
#6358=CARTESIAN_POINT('Ctrl Pts',(31.0447811210171,-6.71509468748132,6.2677793908933));
#6359=CARTESIAN_POINT('Ctrl Pts',(31.1136077847772,-6.68210076866575,6.28773791100951));
#6360=CARTESIAN_POINT('Ctrl Pts',(31.4308820670241,-6.50822355629319,6.38492723751367));
#6361=CARTESIAN_POINT('Ctrl Pts',(31.6498106827035,-6.32201320784952,6.46775036178196));
#6362=CARTESIAN_POINT('Ctrl Pts',(31.9969036390192,-5.8785824638353,6.636978942876));
#6363=CARTESIAN_POINT('Ctrl Pts',(32.1235076136144,-5.62557543204524,6.72210850920423));
#6364=CARTESIAN_POINT('Ctrl Pts',(32.2655752558437,-5.09384313082482,6.88313037377649));
#6365=CARTESIAN_POINT('Ctrl Pts',(32.2839009176853,-4.82040774534331,6.95806118847912));
#6366=CARTESIAN_POINT('Ctrl Pts',(32.2187389537882,-4.33207251904801,7.07791672262197));
#6367=CARTESIAN_POINT('Ctrl Pts',(32.1549063082117,-4.1193168019124,7.12505679037201));
#6368=CARTESIAN_POINT('Ctrl Pts',(32.0576537635847,-3.91985982151,7.16347112135908));
#6369=CARTESIAN_POINT('',(33.7271190526083,-7.9797232178116,6.47784324137901));
#6370=CARTESIAN_POINT('Ctrl Pts',(33.7271190526083,-7.9797232178116,6.47784324137901));
#6371=CARTESIAN_POINT('Ctrl Pts',(33.6808838341103,-7.84339805989123,6.49755694853223));
#6372=CARTESIAN_POINT('Ctrl Pts',(33.6203131621465,-7.71193365040116,6.51420333224891));
#6373=CARTESIAN_POINT('Ctrl Pts',(33.4662158610724,-7.45356579790579,6.54142458378919));
#6374=CARTESIAN_POINT('Ctrl Pts',(33.3711040004647,-7.32886070917089,6.55131145068555));
#6375=CARTESIAN_POINT('Ctrl Pts',(33.0826375883733,-7.02903957850952,6.56509449544579));
#6376=CARTESIAN_POINT('Ctrl Pts',(32.8691874640491,-6.8781052201361,6.56060606096972));
#6377=CARTESIAN_POINT('Ctrl Pts',(32.3888292321551,-6.65918091441731,6.52356761352303));
#6378=CARTESIAN_POINT('Ctrl Pts',(32.1263512105148,-6.59732928764117,6.49040191492811));
#6379=CARTESIAN_POINT('Ctrl Pts',(31.579091497721,-6.57480094598618,6.39656777927065));
#6380=CARTESIAN_POINT('Ctrl Pts',(31.3003798054227,-6.62065826813575,6.33548509023248));
#6381=CARTESIAN_POINT('Ctrl Pts',(31.0181862954618,-6.72654173173576,6.26037648521915));
#6382=CARTESIAN_POINT('Ctrl Pts',(30.9961646359555,-6.73523229494875,6.25442031686372));
#6383=CARTESIAN_POINT('Ctrl Pts',(30.9743173262875,-6.74428174691457,6.24841700694053));
#6384=CARTESIAN_POINT('',(34.9656709726871,-12.67238785389,5.93533289887852));
#6385=CARTESIAN_POINT('Ctrl Pts',(34.9656709726871,-12.67238785389,5.93533289887852));
#6386=CARTESIAN_POINT('Ctrl Pts',(34.8760989143962,-12.205547338888,5.97560997261426));
#6387=CARTESIAN_POINT('Ctrl Pts',(34.777082159173,-11.7399157771824,6.01991021911606));
#6388=CARTESIAN_POINT('Ctrl Pts',(34.4087573974211,-10.164584002277,6.18347490399172));
#6389=CARTESIAN_POINT('Ctrl Pts',(34.0946045192231,-9.06325901362186,6.32115530721862));
#6390=CARTESIAN_POINT('Ctrl Pts',(33.7271190526083,-7.9797232178116,6.47784324137901));
#6391=CARTESIAN_POINT('',(33.1763244644753,-15.1217497727571,5.37790248146666));
#6392=CARTESIAN_POINT('Ctrl Pts',(33.1763244644753,-15.1217497727571,5.37790248146665));
#6393=CARTESIAN_POINT('Ctrl Pts',(33.4443990688175,-15.0864570815557,5.42799388719981));
#6394=CARTESIAN_POINT('Ctrl Pts',(33.7033287063964,-15.0002347095352,5.48032688902112));
#6395=CARTESIAN_POINT('Ctrl Pts',(34.1789114879633,-14.7324977643038,5.58608894758313));
#6396=CARTESIAN_POINT('Ctrl Pts',(34.3905886128003,-14.5513442475871,5.63866535375422));
#6397=CARTESIAN_POINT('Ctrl Pts',(34.7274309103071,-14.1215798254434,5.73717466175968));
#6398=CARTESIAN_POINT('Ctrl Pts',(34.8514819275726,-13.8784352926695,5.78240441122049));
#6399=CARTESIAN_POINT('Ctrl Pts',(34.9968920456403,-13.3628253731503,5.86147512288684));
#6400=CARTESIAN_POINT('Ctrl Pts',(35.0192544719292,-13.0960174448921,5.8948452004965));
#6401=CARTESIAN_POINT('Ctrl Pts',(34.9838180936576,-12.7781364125317,5.92590323523214));
#6402=CARTESIAN_POINT('Ctrl Pts',(34.9757742133801,-12.7250449232741,5.93078986416294));
#6403=CARTESIAN_POINT('Ctrl Pts',(34.9656709726871,-12.67238785389,5.93533289887852));
#6404=CARTESIAN_POINT('',(35.5272004522174,-17.0260410594644,5.6798712324847));
#6405=CARTESIAN_POINT('Ctrl Pts',(35.5272004522174,-17.0260410594644,5.6798712324847));
#6406=CARTESIAN_POINT('Ctrl Pts',(35.5203435307202,-16.9241507236575,5.68302690353253));
#6407=CARTESIAN_POINT('Ctrl Pts',(35.5058693433044,-16.8227155074499,5.68509573549762));
#6408=CARTESIAN_POINT('Ctrl Pts',(35.435764199062,-16.5045995435829,5.68805881737841));
#6409=CARTESIAN_POINT('Ctrl Pts',(35.3524568974192,-16.2960528796055,5.6846919337448));
#6410=CARTESIAN_POINT('Ctrl Pts',(35.098736696755,-15.8752698021265,5.66475475532261));
#6411=CARTESIAN_POINT('Ctrl Pts',(34.9168795512361,-15.6754499404206,5.6458386260093));
#6412=CARTESIAN_POINT('Ctrl Pts',(34.4817642535048,-15.3516880413262,5.59142242207371));
#6413=CARTESIAN_POINT('Ctrl Pts',(34.2313969604815,-15.233670640793,5.55601005494591));
#6414=CARTESIAN_POINT('Ctrl Pts',(33.7074301883738,-15.1020099172062,5.47329663025775));
#6415=CARTESIAN_POINT('Ctrl Pts',(33.4393552028511,-15.0871211191077,5.4270514094996));
#6416=CARTESIAN_POINT('Ctrl Pts',(33.1763244644753,-15.1217497727571,5.37790248146666));
#6417=CARTESIAN_POINT('',(35.5272004522174,-21.8739589405334,5.6798712324847));
#6418=CARTESIAN_POINT('Ctrl Pts',(35.5272004522174,-21.8739589405334,5.6798712324847));
#6419=CARTESIAN_POINT('Ctrl Pts',(35.581851822181,-21.0618676193544,5.65471974927339));
#6420=CARTESIAN_POINT('Ctrl Pts',(35.6086484902174,-20.2527173381254,5.64232511859685));
#6421=CARTESIAN_POINT('Ctrl Pts',(35.6086484902174,-18.6472826618723,5.64232511859685));
#6422=CARTESIAN_POINT('Ctrl Pts',(35.581851822181,-17.8381323806433,5.65471974927338));
#6423=CARTESIAN_POINT('Ctrl Pts',(35.5272004522174,-17.0260410594644,5.6798712324847));
#6424=CARTESIAN_POINT('',(33.1763244644753,-23.7782502272407,5.37790248146667));
#6425=CARTESIAN_POINT('Ctrl Pts',(33.1763244644753,-23.7782502272407,5.37790248146666));
#6426=CARTESIAN_POINT('Ctrl Pts',(33.3634572753061,-23.8028867291671,5.41286941008085));
#6427=CARTESIAN_POINT('Ctrl Pts',(33.5537127395195,-23.8025348519034,5.44648953834827));
#6428=CARTESIAN_POINT('Ctrl Pts',(34.0087617523192,-23.7396070343695,5.52216403528349));
#6429=CARTESIAN_POINT('Ctrl Pts',(34.2668543706996,-23.6517449809318,5.56107606418288));
#6430=CARTESIAN_POINT('Ctrl Pts',(34.7309821631241,-23.3837102887714,5.62388845479718));
#6431=CARTESIAN_POINT('Ctrl Pts',(34.9334364507603,-23.2082785689497,5.64751666399273));
#6432=CARTESIAN_POINT('Ctrl Pts',(35.2595980103941,-22.7904888415869,5.67894200001421));
#6433=CARTESIAN_POINT('Ctrl Pts',(35.3805249233512,-22.5531127235181,5.68658732107631));
#6434=CARTESIAN_POINT('Ctrl Pts',(35.4927834473602,-22.1599400513873,5.68660329259876));
#6435=CARTESIAN_POINT('Ctrl Pts',(35.5175429489298,-22.0174644850303,5.68431577855854));
#6436=CARTESIAN_POINT('Ctrl Pts',(35.5272004522174,-21.8739589405334,5.6798712324847));
#6437=CARTESIAN_POINT('',(34.9656709726871,-26.2276121461078,5.93533289887853));
#6438=CARTESIAN_POINT('Ctrl Pts',(34.9656709726871,-26.2276121461078,5.93533289887853));
#6439=CARTESIAN_POINT('Ctrl Pts',(34.9748051217265,-26.1800058844788,5.93122562701952));
#6440=CARTESIAN_POINT('Ctrl Pts',(34.982256354577,-26.1320428461353,5.92683735131316));
#6441=CARTESIAN_POINT('Ctrl Pts',(35.0200237033264,-25.8149754126259,5.89620155185287));
#6442=CARTESIAN_POINT('Ctrl Pts',(34.9983947350618,-25.5433665863467,5.86238962264737));
#6443=CARTESIAN_POINT('Ctrl Pts',(34.8508847005268,-25.0185675122921,5.78198048671899));
#6444=CARTESIAN_POINT('Ctrl Pts',(34.7239314302612,-24.7713436521973,5.73587724157754));
#6445=CARTESIAN_POINT('Ctrl Pts',(34.3792782302172,-24.3370097522599,5.63564977518133));
#6446=CARTESIAN_POINT('Ctrl Pts',(34.1632014705087,-24.1552658004228,5.58229403736801));
#6447=CARTESIAN_POINT('Ctrl Pts',(33.6883258350133,-23.894792583868,5.47729897227184));
#6448=CARTESIAN_POINT('Ctrl Pts',(33.4365740513668,-23.812512735351,5.42653173406169));
#6449=CARTESIAN_POINT('Ctrl Pts',(33.1763244644753,-23.7782502272407,5.37790248146666));
#6450=CARTESIAN_POINT('',(33.7271190526083,-30.9202767821862,6.47784324137902));
#6451=CARTESIAN_POINT('Ctrl Pts',(33.7271190526083,-30.9202767821862,6.47784324137902));
#6452=CARTESIAN_POINT('Ctrl Pts',(34.0946045192231,-29.8367409863759,6.32115530721863));
#6453=CARTESIAN_POINT('Ctrl Pts',(34.4087573974211,-28.7354159977207,6.18347490399174));
#6454=CARTESIAN_POINT('Ctrl Pts',(34.777082159173,-27.1600842228153,6.01991021911607));
#6455=CARTESIAN_POINT('Ctrl Pts',(34.8760989143962,-26.6944526611097,5.97560997261426));
#6456=CARTESIAN_POINT('Ctrl Pts',(34.9656709726871,-26.2276121461078,5.93533289887853));
#6457=CARTESIAN_POINT('',(30.9743173262875,-32.1557182530832,6.24841700694056));
#6458=CARTESIAN_POINT('Ctrl Pts',(30.9743173262875,-32.1557182530832,6.24841700694055));
#6459=CARTESIAN_POINT('Ctrl Pts',(31.0615434915641,-32.1918485137345,6.27238543653329));
#6460=CARTESIAN_POINT('Ctrl Pts',(31.1514326638256,-32.2222110077967,6.29557010296487));
#6461=CARTESIAN_POINT('Ctrl Pts',(31.4979118349993,-32.3134379477214,6.37911337418775));
#6462=CARTESIAN_POINT('Ctrl Pts',(31.764540034544,-32.332435028883,6.43179026882777));
#6463=CARTESIAN_POINT('Ctrl Pts',(32.2850434487162,-32.2682196233122,6.51117955250196));
#6464=CARTESIAN_POINT('Ctrl Pts',(32.5336037056503,-32.1892444760569,6.53791415946478));
#6465=CARTESIAN_POINT('Ctrl Pts',(32.9899672335317,-31.9414826966285,6.56430639434415));
#6466=CARTESIAN_POINT('Ctrl Pts',(33.192394444821,-31.7758194069478,6.56373523513416));
#6467=CARTESIAN_POINT('Ctrl Pts',(33.521610377585,-31.3817235024114,6.53734355130727));
#6468=CARTESIAN_POINT('Ctrl Pts',(33.6461641861889,-31.1589732847131,6.51236066296941));
#6469=CARTESIAN_POINT('Ctrl Pts',(33.7271190526083,-30.9202767821862,6.47784324137903));
#6470=CARTESIAN_POINT('',(32.0576537635847,-34.9801401784878,7.16347112135615));
#6471=CARTESIAN_POINT('Ctrl Pts',(32.0576537635849,-34.9801401784873,7.16347112135902));
#6472=CARTESIAN_POINT('Ctrl Pts',(32.0722211556093,-34.9502636540563,7.1577170650411));
#6473=CARTESIAN_POINT('Ctrl Pts',(32.0860653118968,-34.920033974111,7.15175598867569));
#6474=CARTESIAN_POINT('Ctrl Pts',(32.208582204551,-34.6344273782868,7.09416861628868));
#6475=CARTESIAN_POINT('Ctrl Pts',(32.2643766652967,-34.3621205909485,7.03000244673816));
#6476=CARTESIAN_POINT('Ctrl Pts',(32.2673433327606,-33.8056661048219,6.88321937050003));
#6477=CARTESIAN_POINT('Ctrl Pts',(32.2104262284831,-33.5265660092943,6.80136104264421));
#6478=CARTESIAN_POINT('Ctrl Pts',(31.9893592236321,-33.0076154910737,6.63206325441207));
#6479=CARTESIAN_POINT('Ctrl Pts',(31.8260462694777,-32.7722553892882,6.54588615193266));
#6480=CARTESIAN_POINT('Ctrl Pts',(31.4338487534764,-32.3982935277731,6.38685252176359));
#6481=CARTESIAN_POINT('Ctrl Pts',(31.2148295564026,-32.2553416807135,6.31450612636278));
#6482=CARTESIAN_POINT('Ctrl Pts',(30.9743173262875,-32.1557182530832,6.24841700694055));
#6483=CARTESIAN_POINT('',(29.6239158957642,-39.1844832975208,8.06911533261593));
#6484=CARTESIAN_POINT('Ctrl Pts',(29.6239158957642,-39.1844832975208,8.06911533261593));
#6485=CARTESIAN_POINT('Ctrl Pts',(30.5516810392919,-37.8168838252992,7.74509730996724));
#6486=CARTESIAN_POINT('Ctrl Pts',(31.365043267898,-36.4006274119526,7.43704924652249));
#6487=CARTESIAN_POINT('Ctrl Pts',(32.0576537635849,-34.9801401784873,7.16347112135902));
#6488=CARTESIAN_POINT('',(26.6554576284346,-39.6732539188327,7.69107791920382));
#6489=CARTESIAN_POINT('Ctrl Pts',(26.6554576284341,-39.6732539188323,7.69107791920569));
#6490=CARTESIAN_POINT('Ctrl Pts',(26.7386818179964,-39.7371140855362,7.73039900014765));
#6491=CARTESIAN_POINT('Ctrl Pts',(26.8271454224713,-39.7948643528792,7.76858925479677));
#6492=CARTESIAN_POINT('Ctrl Pts',(27.1441805960287,-39.9681471660252,7.893198473019));
#6493=CARTESIAN_POINT('Ctrl Pts',(27.3920554864126,-40.0493158535511,7.97082243891953));
#6494=CARTESIAN_POINT('Ctrl Pts',(27.8981750266775,-40.1117319796368,8.09005875705414));
#6495=CARTESIAN_POINT('Ctrl Pts',(28.1497843546853,-40.0977707438764,8.13221801315217));
#6496=CARTESIAN_POINT('Ctrl Pts',(28.6398436728816,-39.9780824368894,8.17912338027971));
#6497=CARTESIAN_POINT('Ctrl Pts',(28.8718308235471,-39.8743167886073,8.18341022717941));
#6498=CARTESIAN_POINT('Ctrl Pts',(29.2954518379171,-39.5834154194145,8.15409262835388));
#6499=CARTESIAN_POINT('Ctrl Pts',(29.4795148348696,-39.3973419245616,8.11954678775933));
#6500=CARTESIAN_POINT('Ctrl Pts',(29.6239158957642,-39.1844832975208,8.06911533261593));
#6501=CARTESIAN_POINT('Ctrl Pts',(27.0600922430452,-40.0867968518593,7.92246687083624));
#6502=CARTESIAN_POINT('Ctrl Pts',(26.946265555642,-39.9314323515237,7.84198078589081));
#6503=CARTESIAN_POINT('Ctrl Pts',(26.8102189855915,-39.7920064848754,7.76419829302335));
#6504=CARTESIAN_POINT('Ctrl Pts',(26.6554576284341,-39.6732539188323,7.69107791920569));
#6505=CARTESIAN_POINT('Origin',(22.8917908114579,-16.4499999999988,13.450000000001));
#6506=CARTESIAN_POINT('',(31.8723003793595,-15.2934278004767,16.8649764147278));
#6507=CARTESIAN_POINT('Ctrl Pts',(31.8723003793595,-15.2934278004767,16.8649764147278));
#6508=CARTESIAN_POINT('Ctrl Pts',(32.0900046860466,-15.2647664847658,16.9483908608075));
#6509=CARTESIAN_POINT('Ctrl Pts',(32.3209953316009,-15.1836110338403,17.0880638613023));
#6510=CARTESIAN_POINT('Ctrl Pts',(32.6765461255444,-14.969858506801,17.3926294199053));
#6511=CARTESIAN_POINT('Ctrl Pts',(32.8477602965784,-14.7890668809475,17.6178005579325));
#6512=CARTESIAN_POINT('Ctrl Pts',(33.0023750549506,-14.5219499705528,17.9258597789588));
#6513=CARTESIAN_POINT('Ctrl Pts',(33.0485957856482,-14.412374939813,18.0479218453382));
#6514=CARTESIAN_POINT('Ctrl Pts',(33.0798114971368,-14.2982428153399,18.1708216466982));
#6515=CARTESIAN_POINT('',(34.5930665142417,-17.14902212548,15.6752127370324));
#6516=CARTESIAN_POINT('Ctrl Pts',(34.5930665142417,-17.14902212548,15.6752127370324));
#6517=CARTESIAN_POINT('Ctrl Pts',(34.5806775594039,-17.1067002154443,15.7147850711874));
#6518=CARTESIAN_POINT('Ctrl Pts',(34.5671126726026,-17.0652063983242,15.7532279521976));
#6519=CARTESIAN_POINT('Ctrl Pts',(34.5526760215521,-17.0249308788419,15.7902240888061));
#6520=CARTESIAN_POINT('Ctrl Pts',(34.4575019763702,-16.7594133361974,16.0341222037379));
#6521=CARTESIAN_POINT('Ctrl Pts',(34.2753784495217,-16.4496925520851,16.3008193198881));
#6522=CARTESIAN_POINT('Ctrl Pts',(33.8829498397684,-16.0053482258509,16.6506003589018));
#6523=CARTESIAN_POINT('Ctrl Pts',(33.6197722384946,-15.7836282616335,16.8082669549069));
#6524=CARTESIAN_POINT('Ctrl Pts',(33.1383014240052,-15.5034211546574,16.9702463352105));
#6525=CARTESIAN_POINT('Ctrl Pts',(32.847365858176,-15.384800560206,17.0170036619278));
#6526=CARTESIAN_POINT('Ctrl Pts',(32.3615082216726,-15.2795239891027,17.0014962689376));
#6527=CARTESIAN_POINT('Ctrl Pts',(32.0879420496183,-15.2650380360032,16.9476005517973));
#6528=CARTESIAN_POINT('Ctrl Pts',(31.8723003793595,-15.2934278004767,16.8649764147278));
#6529=CARTESIAN_POINT('Origin',(0.616944439977199,-18.1737259076325,6.13417279790522));
#6530=CARTESIAN_POINT('',(22.8917908114579,-14.357200165282,15.5602398333401));
#6531=CARTESIAN_POINT('Origin',(22.8917908114579,-25.4251041630791,16.4498966977731));
#6532=CARTESIAN_POINT('',(34.5930665142416,-21.7509778745178,15.6752127370326));
#6533=CARTESIAN_POINT('Origin',(0.616944439977192,-20.7262740923653,6.13417279790527));
#6534=CARTESIAN_POINT('',(31.8723003793594,-23.606572199521,16.864976414728));
#6535=CARTESIAN_POINT('Ctrl Pts',(31.8723003793594,-23.606572199521,16.864976414728));
#6536=CARTESIAN_POINT('Ctrl Pts',(32.0879420496182,-23.6349619639945,16.9476005517975));
#6537=CARTESIAN_POINT('Ctrl Pts',(32.3615082216725,-23.6204760108951,17.0014962689378));
#6538=CARTESIAN_POINT('Ctrl Pts',(32.847365858176,-23.5151994397917,17.017003661928));
#6539=CARTESIAN_POINT('Ctrl Pts',(33.1383014240052,-23.3965788453404,16.9702463352107));
#6540=CARTESIAN_POINT('Ctrl Pts',(33.6197722384946,-23.1163717383643,16.8082669549071));
#6541=CARTESIAN_POINT('Ctrl Pts',(33.8829498397683,-22.8946517741469,16.650600358902));
#6542=CARTESIAN_POINT('Ctrl Pts',(34.2753784495216,-22.4503074479127,16.3008193198883));
#6543=CARTESIAN_POINT('Ctrl Pts',(34.4575019763701,-22.1405866638004,16.0341222037381));
#6544=CARTESIAN_POINT('Ctrl Pts',(34.5526760215521,-21.8750691211559,15.7902240888063));
#6545=CARTESIAN_POINT('Ctrl Pts',(34.5670883894125,-21.8348613471702,15.7532901816036));
#6546=CARTESIAN_POINT('Ctrl Pts',(34.5806625055942,-21.7933512098745,15.714833155501));
#6547=CARTESIAN_POINT('Ctrl Pts',(34.5930665142416,-21.7509778745178,15.6752127370326));
#6548=CARTESIAN_POINT('Ctrl Pts',(33.0798114971367,-24.6017571846577,18.1708216466983));
#6549=CARTESIAN_POINT('Ctrl Pts',(33.0485957856481,-24.4876250601847,18.0479218453383));
#6550=CARTESIAN_POINT('Ctrl Pts',(33.0023750549505,-24.3780500294449,17.925859778959));
#6551=CARTESIAN_POINT('Ctrl Pts',(32.8477602965783,-24.1109331190503,17.6178005579327));
#6552=CARTESIAN_POINT('Ctrl Pts',(32.6765461255443,-23.9301414931967,17.3926294199055));
#6553=CARTESIAN_POINT('Ctrl Pts',(32.3209953316008,-23.7163889661574,17.0880638613025));
#6554=CARTESIAN_POINT('Ctrl Pts',(32.0900046860465,-23.6352335152319,16.9483908608077));
#6555=CARTESIAN_POINT('Ctrl Pts',(31.8723003793594,-23.606572199521,16.864976414728));
#6556=CARTESIAN_POINT('',(22.8917908114579,-16.8323215453993,7.78550755828072));
#6557=CARTESIAN_POINT('Origin',(0.300000000000001,-19.4499999999989,-8.2));
#6558=CARTESIAN_POINT('Origin',(0.300000000000001,-19.4499999999989,6.4));
#6559=CARTESIAN_POINT('Origin',(0.300000000000001,-19.4499999999989,-8.2));
#6560=CARTESIAN_POINT('',(-21.6568155661109,-38.7474029927454,-8.2));
#6561=CARTESIAN_POINT('',(12.0917908114578,-46.1978070414648,6.4));
#6562=CARTESIAN_POINT('',(12.0917908114578,-46.1978070414648,6.4));
#6563=CARTESIAN_POINT('Origin',(0.300000000000001,-19.4499999999989,6.4));
#6564=CARTESIAN_POINT('',(19.9917908114579,2.15381648474418,6.4));
#6565=CARTESIAN_POINT('Origin',(0.300000000000001,-19.4499999999989,6.4));
#6566=CARTESIAN_POINT('',(19.9917908114579,2.15381648474418,6.4));
#6567=CARTESIAN_POINT('',(-21.6568155661114,-0.152597007252963,6.4));
#6568=CARTESIAN_POINT('Origin',(1.55803535632108,-17.8104964037099,7.39989917050025));
#6569=CARTESIAN_POINT('',(24.6199283698179,-38.1113373838753,-5.40519755172731));
#6570=CARTESIAN_POINT('Origin',(0.3,-19.4499999999989,7.39989917050025));
#6571=CARTESIAN_POINT('',(27.4659709592631,-37.5286339091707,-6.20020165891173));
#6572=CARTESIAN_POINT('Origin',(25.877963726116,-36.4718337875688,-5.40519755171798));
#6573=CARTESIAN_POINT('Origin',(1.63614044970461,-17.7087078642644,7.39989917050025));
#6574=CARTESIAN_POINT('Origin',(0.300000000000001,-19.4499999999989,7.39989917050025));
#6575=CARTESIAN_POINT('',(29.5395417106923,-33.9371040146046,-6.20020165891294));
#6576=CARTESIAN_POINT('Origin',(0.299999999999375,-19.4499999999983,-6.20020165891397));
#6577=CARTESIAN_POINT('Origin',(-0.539933000103835,-21.4777776403343,7.39989917050025));
#6578=CARTESIAN_POINT('Origin',(-0.490834085821643,-21.3592423755764,7.39989917050025));
#6579=CARTESIAN_POINT('',(28.6211564279115,-31.1810070945298,-5.40519755171798));
#6580=CARTESIAN_POINT('Origin',(27.8303223421165,-33.0902494701184,-5.40519755172731));
#6581=CARTESIAN_POINT('Origin',(0.300000000000001,-19.4499999999989,7.39989917050025));
#6582=CARTESIAN_POINT('Origin',(-0.958035356321076,-17.8104964037099,7.39989917050025));
#6583=CARTESIAN_POINT('',(24.619928369795,-0.788662616140052,-5.40519755171799));
#6584=CARTESIAN_POINT('Origin',(0.300000000000005,-19.4499999999989,7.39989917050025));
#6585=CARTESIAN_POINT('',(24.7936900598536,2.11121818064229,-6.20020165891174));
#6586=CARTESIAN_POINT('Origin',(23.3618930134739,0.850840980148906,-5.40519755171799));
#6587=CARTESIAN_POINT('',(24.7936900598487,2.11121818063819,21.0000000000049));
#6588=CARTESIAN_POINT('Origin',(-1.0361404497046,-17.7087078642644,7.39989917050025));
#6589=CARTESIAN_POINT('',(24.3467502968345,-0.998279524046732,21.));
#6590=CARTESIAN_POINT('Ctrl Pts',(24.7936900598502,2.11121818063956,21.));
#6591=CARTESIAN_POINT('Ctrl Pts',(24.8226031144352,2.0783727545716,21.));
#6592=CARTESIAN_POINT('Ctrl Pts',(24.8498395426398,2.04513985765727,21.));
#6593=CARTESIAN_POINT('Ctrl Pts',(24.8752227930247,2.01205976171048,21.));
#6594=CARTESIAN_POINT('Ctrl Pts',(25.0263406771639,1.81511910081019,21.));
#6595=CARTESIAN_POINT('Ctrl Pts',(25.1550444508576,1.54647181803691,21.));
#6596=CARTESIAN_POINT('Ctrl Pts',(25.2781284173061,1.05463055035954,21.));
#6597=CARTESIAN_POINT('Ctrl Pts',(25.2896624437824,0.744320703399519,21.));
#6598=CARTESIAN_POINT('Ctrl Pts',(25.2072067608276,0.219066313558467,21.));
#6599=CARTESIAN_POINT('Ctrl Pts',(25.0929657219557,-0.0878627460233616,
21.));
#6600=CARTESIAN_POINT('Ctrl Pts',(24.8046922996642,-0.56774854909095,21.));
#6601=CARTESIAN_POINT('Ctrl Pts',(24.5743612067819,-0.823627530085614,21.));
#6602=CARTESIAN_POINT('Ctrl Pts',(24.3467502968345,-0.998279524046737,21.));
#6603=CARTESIAN_POINT('Origin',(0.300000000000005,-19.4499999999989,7.39989917050025));
#6604=CARTESIAN_POINT('Origin',(1.09083408582165,-17.5407576244213,7.39989917050025));
#6605=CARTESIAN_POINT('',(31.219407710901,-29.8815487339339,-6.20020165891173));
#6606=CARTESIAN_POINT('Origin',(29.4119905137331,-29.2717647189522,-5.40519755171798));
#6607=CARTESIAN_POINT('Origin',(1.13993300010384,-17.4222223596635,7.39989917050025));
#6608=CARTESIAN_POINT('Origin',(1.55803535632109,-21.0895035962878,7.39989917050025));
#6609=CARTESIAN_POINT('',(27.4659709592622,-1.37136609082749,-6.20020165891295));
#6610=CARTESIAN_POINT('Origin',(1.63614044970461,-21.1912921357334,7.39989917050025));
#6611=CARTESIAN_POINT('Origin',(25.877963726139,-2.42816621241142,-5.40519755172731));
#6612=CARTESIAN_POINT('Origin',(1.55803535632109,-21.0895035962878,7.39989917050025));
#6613=CARTESIAN_POINT('',(27.4659709592579,-1.3713660908308,21.0000000000049));
#6614=CARTESIAN_POINT('Ctrl Pts',(24.3467502968344,-0.998279524046732,21.));
#6615=CARTESIAN_POINT('Ctrl Pts',(24.5743612067819,-0.823627530085605,21.));
#6616=CARTESIAN_POINT('Ctrl Pts',(24.8811353964464,-0.667371132396006,21.));
#6617=CARTESIAN_POINT('Ctrl Pts',(25.4192801391848,-0.513123974080156,21.));
#6618=CARTESIAN_POINT('Ctrl Pts',(25.7453186012658,-0.48221469032685,21.));
#6619=CARTESIAN_POINT('Ctrl Pts',(26.2740164829106,-0.538514456251096,21.));
#6620=CARTESIAN_POINT('Ctrl Pts',(26.5707675525223,-0.629969568581772,21.));
#6621=CARTESIAN_POINT('Ctrl Pts',(27.013993260743,-0.876157437818725,21.));
#6622=CARTESIAN_POINT('Ctrl Pts',(27.2401756215276,-1.07000676996714,21.));
#6623=CARTESIAN_POINT('Ctrl Pts',(27.3912935056668,-1.26694743086743,21.));
#6624=CARTESIAN_POINT('Ctrl Pts',(27.4166767560517,-1.30002752681421,21.));
#6625=CARTESIAN_POINT('Ctrl Pts',(27.4417279631238,-1.33493720287825,21.));
#6626=CARTESIAN_POINT('Ctrl Pts',(27.4659709592596,-1.37136609082966,21.));
#6627=CARTESIAN_POINT('Origin',(1.63614044970461,-21.1912921357334,7.39989917050025));
#6628=CARTESIAN_POINT('Origin',(0.300000000000002,-19.4499999999989,7.39989917050025));
#6629=CARTESIAN_POINT('',(29.5395417106931,-4.96289598539259,-6.20020165891174));
#6630=CARTESIAN_POINT('Origin',(-0.539933000103834,-17.4222223596635,7.39989917050025));
#6631=CARTESIAN_POINT('Origin',(0.299999999999199,-19.4499999999991,-6.20020165891397));
#6632=CARTESIAN_POINT('Origin',(0.300000000000002,-19.4499999999989,7.39989917050025));
#6633=CARTESIAN_POINT('',(29.5395417106873,-4.96289598539526,21.0000000000049));
#6634=CARTESIAN_POINT('Origin',(0.299999999999466,-19.4499999999992,21.0000000000049));
#6635=CARTESIAN_POINT('Origin',(-0.539933000103834,-17.4222223596635,7.39989917050025));
#6636=CARTESIAN_POINT('Origin',(-0.490834085821641,-17.5407576244213,7.39989917050025));
#6637=CARTESIAN_POINT('',(28.6211564279115,-7.71899290546799,-5.40519755171799));
#6638=CARTESIAN_POINT('Origin',(0.300000000000004,-19.4499999999989,7.39989917050025));
#6639=CARTESIAN_POINT('Origin',(27.8303223420898,-5.80975052989045,-5.40519755171798));
#6640=CARTESIAN_POINT('Origin',(-0.490834085821641,-17.5407576244213,7.39989917050025));
#6641=CARTESIAN_POINT('',(28.3030338241213,-7.85076360245533,21.));
#6642=CARTESIAN_POINT('Ctrl Pts',(29.5395417106891,-4.96289598539435,21.));
#6643=CARTESIAN_POINT('Ctrl Pts',(29.5589685550187,-5.00210547988754,21.));
#6644=CARTESIAN_POINT('Ctrl Pts',(29.5766756177921,-5.0412552996394,21.));
#6645=CARTESIAN_POINT('Ctrl Pts',(29.5926321960492,-5.07977788727674,21.));
#6646=CARTESIAN_POINT('Ctrl Pts',(29.6876288693573,-5.3091201443576,21.));
#6647=CARTESIAN_POINT('Ctrl Pts',(29.7424161351122,-5.6019244807592,21.));
#6648=CARTESIAN_POINT('Ctrl Pts',(29.7340082298646,-6.10886313830715,21.));
#6649=CARTESIAN_POINT('Ctrl Pts',(29.6648351456431,-6.41158465935642,21.));
#6650=CARTESIAN_POINT('Ctrl Pts',(29.4492432323382,-6.89760033874997,21.));
#6651=CARTESIAN_POINT('Ctrl Pts',(29.2594557763545,-7.16450328764632,21.));
#6652=CARTESIAN_POINT('Ctrl Pts',(28.8568014474222,-7.55342672661286,21.));
#6653=CARTESIAN_POINT('Ctrl Pts',(28.5680923426869,-7.74097276924291,21.));
#6654=CARTESIAN_POINT('Ctrl Pts',(28.3030338241213,-7.85076360245533,21.));
#6655=CARTESIAN_POINT('Origin',(0.300000000000004,-19.4499999999989,7.39989917050025));
#6656=CARTESIAN_POINT('Origin',(1.09083408582165,-21.3592423755764,7.39989917050025));
#6657=CARTESIAN_POINT('',(31.2194077109,-9.01845126606399,-6.20020165891294));
#6658=CARTESIAN_POINT('Origin',(1.13993300010384,-21.4777776403343,7.39989917050025));
#6659=CARTESIAN_POINT('Origin',(29.4119905137598,-9.62823528103449,-5.40519755172731));
#6660=CARTESIAN_POINT('Origin',(1.09083408582165,-21.3592423755764,7.39989917050025));
#6661=CARTESIAN_POINT('',(31.2194077108949,-9.01845126606608,21.0000000000049));
#6662=CARTESIAN_POINT('Ctrl Pts',(28.3030338241213,-7.85076360245533,21.));
#6663=CARTESIAN_POINT('Ctrl Pts',(28.5680923426869,-7.74097276924291,21.));
#6664=CARTESIAN_POINT('Ctrl Pts',(28.904855586964,-7.6694396820227,21.));
#6665=CARTESIAN_POINT('Ctrl Pts',(29.4645855944817,-7.65973047661621,21.));
#6666=CARTESIAN_POINT('Ctrl Pts',(29.7875144766752,-7.71425936458931,21.));
#6667=CARTESIAN_POINT('Ctrl Pts',(30.2836259632043,-7.9054778433846,21.));
#6668=CARTESIAN_POINT('Ctrl Pts',(30.5465951604779,-8.07062152680102,21.));
#6669=CARTESIAN_POINT('Ctrl Pts',(30.9110002096918,-8.42313600238263,21.));
#6670=CARTESIAN_POINT('Ctrl Pts',(31.0793036943843,-8.66892038135098,21.));
#6671=CARTESIAN_POINT('Ctrl Pts',(31.1743003676924,-8.89826263843183,21.));
#6672=CARTESIAN_POINT('Ctrl Pts',(31.1902569459495,-8.93678522606916,21.));
#6673=CARTESIAN_POINT('Ctrl Pts',(31.2054192648164,-8.97698911325986,21.));
#6674=CARTESIAN_POINT('Ctrl Pts',(31.2194077108969,-9.01845126606542,21.));
#6675=CARTESIAN_POINT('Origin',(1.13993300010384,-21.4777776403343,7.39989917050025));
#6676=CARTESIAN_POINT('Origin',(0.300000000000004,-19.4499999999989,7.39989917050025));
#6677=CARTESIAN_POINT('',(32.2927669145762,-13.0242823489515,-6.20020165891174));
#6678=CARTESIAN_POINT('Origin',(0.0135144953991007,-17.2739265501904,7.39989917050025));
#6679=CARTESIAN_POINT('Origin',(0.299999999999159,-19.4499999999989,-6.20020165891397));
#6680=CARTESIAN_POINT('Origin',(0.300000000000004,-19.4499999999989,7.39989917050025));
#6681=CARTESIAN_POINT('',(32.2927669145699,-13.0242823489526,21.0000000000049));
#6682=CARTESIAN_POINT('Origin',(0.299999999999415,-19.449999999999,21.0000000000049));
#6683=CARTESIAN_POINT('Origin',(0.0135144953991007,-17.2739265501904,7.39989917050025));
#6684=CARTESIAN_POINT('Origin',(0.0135144953991007,-17.2739265501904,7.39989917050025));
#6685=CARTESIAN_POINT('Origin',(0.0302612207114195,-17.4011305578562,7.39989917050025));
#6686=CARTESIAN_POINT('',(30.3509568734957,-15.4937164727121,21.));
#6687=CARTESIAN_POINT('Ctrl Pts',(32.2927669145719,-13.0242823489522,21.));
#6688=CARTESIAN_POINT('Ctrl Pts',(32.3013836413095,-13.0671838496177,21.));
#6689=CARTESIAN_POINT('Ctrl Pts',(32.3083546315859,-13.1095825966891,21.));
#6690=CARTESIAN_POINT('Ctrl Pts',(32.3137971232764,-13.1509224253311,21.));
#6691=CARTESIAN_POINT('Ctrl Pts',(32.346198719457,-13.3970369827785,21.));
#6692=CARTESIAN_POINT('Ctrl Pts',(32.323335815652,-13.6940442411647,21.));
#6693=CARTESIAN_POINT('Ctrl Pts',(32.1840090235563,-14.181533256827,21.));
#6694=CARTESIAN_POINT('Ctrl Pts',(32.0388428600127,-14.456036480577,21.));
#6695=CARTESIAN_POINT('Ctrl Pts',(31.7048069489669,-14.8696922841513,21.));
#6696=CARTESIAN_POINT('Ctrl Pts',(31.4524067773582,-15.0783801274729,21.));
#6697=CARTESIAN_POINT('Ctrl Pts',(30.9628117688841,-15.3498367126992,21.));
#6698=CARTESIAN_POINT('Ctrl Pts',(30.6353997006692,-15.4562688640938,21.));
#6699=CARTESIAN_POINT('Ctrl Pts',(30.3509568734957,-15.4937164727121,21.));
#6700=CARTESIAN_POINT('Origin',(0.300000000000003,-19.4499999999989,7.39989917050025));
#6701=CARTESIAN_POINT('Origin',(0.0302612207114195,-17.4011305578562,7.39989917050025));
#6702=CARTESIAN_POINT('',(30.6923444784184,-15.4487719418786,-5.40519755172731));
#6703=CARTESIAN_POINT('Origin',(0.300000000000003,-19.4499999999989,7.39989917050025));
#6704=CARTESIAN_POINT('Origin',(30.4226056991011,-13.3999024997396,-5.40519755171798));
#6705=CARTESIAN_POINT('Origin',(0.0302612207114195,-17.4011305578562,7.39989917050025));
#6706=CARTESIAN_POINT('Origin',(0.300000000000003,-19.4499999999989,7.39989917050025));
#6707=CARTESIAN_POINT('Origin',(0.569738779288587,-21.4988694421416,7.39989917050025));
#6708=CARTESIAN_POINT('',(32.8657379237717,-17.3764292485695,21.0000000000049));
#6709=CARTESIAN_POINT('Ctrl Pts',(30.3509568734957,-15.4937164727121,21.));
#6710=CARTESIAN_POINT('Ctrl Pts',(30.6353997006692,-15.4562688640938,21.));
#6711=CARTESIAN_POINT('Ctrl Pts',(30.9792021409889,-15.4743339490231,21.));
#6712=CARTESIAN_POINT('Ctrl Pts',(31.5223727382713,-15.6098243628292,21.));
#6713=CARTESIAN_POINT('Ctrl Pts',(31.8201849709209,-15.7460753689265,21.));
#6714=CARTESIAN_POINT('Ctrl Pts',(32.2499008843902,-16.0591813372665,21.));
#6715=CARTESIAN_POINT('Ctrl Pts',(32.4611672931088,-16.2867593226566,21.));
#6716=CARTESIAN_POINT('Ctrl Pts',(32.7219180814198,-16.7215771256297,21.));
#6717=CARTESIAN_POINT('Ctrl Pts',(32.820873085673,-17.0025467521692,21.));
#6718=CARTESIAN_POINT('Ctrl Pts',(32.8532746818536,-17.2486613096166,21.));
#6719=CARTESIAN_POINT('Ctrl Pts',(32.8587171735441,-17.2900011382586,21.));
#6720=CARTESIAN_POINT('Ctrl Pts',(32.862957317232,-17.3327594081039,21.));
#6721=CARTESIAN_POINT('Ctrl Pts',(32.8657379237737,-17.3764292485694,21.));
#6722=CARTESIAN_POINT('Origin',(0.586485504600905,-21.6260734498073,7.39989917050025));
#6723=CARTESIAN_POINT('Origin',(0.569738779288587,-21.4988694421416,7.39989917050025));
#6724=CARTESIAN_POINT('',(32.8657379237771,-17.3764292485688,-6.20020165891294));
#6725=CARTESIAN_POINT('Origin',(0.586485504600905,-21.6260734498073,7.39989917050025));
#6726=CARTESIAN_POINT('Origin',(30.9620832577069,-17.4976413840213,-5.40519755172731));
#6727=CARTESIAN_POINT('Origin',(0.569738779288587,-21.4988694421416,7.39989917050025));
#6728=CARTESIAN_POINT('Origin',(0.586485504600905,-21.6260734498073,7.39989917050025));
#6729=CARTESIAN_POINT('Origin',(0.300000000000002,-19.4499999999989,7.39989917050025));
#6730=CARTESIAN_POINT('',(32.8657379237781,-21.5235707514289,-6.20020165891173));
#6731=CARTESIAN_POINT('Origin',(0.586485504600904,-17.2739265501904,7.39989917050025));
#6732=CARTESIAN_POINT('Origin',(0.299999999999176,-19.4499999999987,-6.20020165891397));
#6733=CARTESIAN_POINT('Origin',(0.300000000000002,-19.4499999999989,7.39989917050025));
#6734=CARTESIAN_POINT('',(32.8657379237717,-21.5235707514283,21.0000000000049));
#6735=CARTESIAN_POINT('Origin',(0.299999999999402,-19.4499999999989,21.0000000000049));
#6736=CARTESIAN_POINT('Origin',(0.586485504600904,-17.2739265501904,7.39989917050025));
#6737=CARTESIAN_POINT('Origin',(0.586485504600904,-17.2739265501904,7.39989917050025));
#6738=CARTESIAN_POINT('Origin',(0.569738779288587,-17.4011305578562,7.39989917050025));
#6739=CARTESIAN_POINT('',(30.3509568734957,-23.4062835272857,21.));
#6740=CARTESIAN_POINT('Ctrl Pts',(32.8657379237737,-21.5235707514284,21.));
#6741=CARTESIAN_POINT('Ctrl Pts',(32.862957317232,-21.5672405918939,21.));
#6742=CARTESIAN_POINT('Ctrl Pts',(32.8587171735441,-21.6099988617392,21.));
#6743=CARTESIAN_POINT('Ctrl Pts',(32.8532746818536,-21.6513386903812,21.));
#6744=CARTESIAN_POINT('Ctrl Pts',(32.820873085673,-21.8974532478286,21.));
#6745=CARTESIAN_POINT('Ctrl Pts',(32.7219180814198,-22.178422874368,21.));
#6746=CARTESIAN_POINT('Ctrl Pts',(32.4611672931088,-22.6132406773411,21.));
#6747=CARTESIAN_POINT('Ctrl Pts',(32.2499008843902,-22.8408186627313,21.));
#6748=CARTESIAN_POINT('Ctrl Pts',(31.8201849709209,-23.1539246310712,21.));
#6749=CARTESIAN_POINT('Ctrl Pts',(31.5223727382713,-23.2901756371686,21.));
#6750=CARTESIAN_POINT('Ctrl Pts',(30.9792021409889,-23.4256660509747,21.));
#6751=CARTESIAN_POINT('Ctrl Pts',(30.6353997006692,-23.4437311359039,21.));
#6752=CARTESIAN_POINT('Ctrl Pts',(30.3509568734957,-23.4062835272857,21.));
#6753=CARTESIAN_POINT('Origin',(0.300000000000002,-19.4499999999989,7.39989917050025));
#6754=CARTESIAN_POINT('Origin',(0.569738779288587,-17.4011305578562,7.39989917050025));
#6755=CARTESIAN_POINT('',(30.6923444783897,-23.4512280581154,-5.40519755171798));
#6756=CARTESIAN_POINT('Origin',(0.300000000000002,-19.4499999999989,7.39989917050025));
#6757=CARTESIAN_POINT('Origin',(30.9620832576783,-21.4023586159727,-5.40519755171798));
#6758=CARTESIAN_POINT('Origin',(0.569738779288587,-17.4011305578562,7.39989917050025));
#6759=CARTESIAN_POINT('Origin',(0.300000000000002,-19.4499999999989,7.39989917050025));
#6760=CARTESIAN_POINT('Origin',(0.0302612207114172,-21.4988694421416,7.39989917050025));
#6761=CARTESIAN_POINT('',(32.2927669145699,-25.8757176510452,21.0000000000049));
#6762=CARTESIAN_POINT('Ctrl Pts',(30.3509568734957,-23.4062835272857,21.));
#6763=CARTESIAN_POINT('Ctrl Pts',(30.6353997006692,-23.4437311359039,21.));
#6764=CARTESIAN_POINT('Ctrl Pts',(30.9628117688841,-23.5501632872986,21.));
#6765=CARTESIAN_POINT('Ctrl Pts',(31.4524067773582,-23.8216198725249,21.));
#6766=CARTESIAN_POINT('Ctrl Pts',(31.7048069489669,-24.0303077158465,21.));
#6767=CARTESIAN_POINT('Ctrl Pts',(32.0388428600127,-24.4439635194207,21.));
#6768=CARTESIAN_POINT('Ctrl Pts',(32.1840090235563,-24.7184667431707,21.));
#6769=CARTESIAN_POINT('Ctrl Pts',(32.323335815652,-25.2059557588331,21.));
#6770=CARTESIAN_POINT('Ctrl Pts',(32.346198719457,-25.5029630172193,21.));
#6771=CARTESIAN_POINT('Ctrl Pts',(32.3137971232764,-25.7490775746667,21.));
#6772=CARTESIAN_POINT('Ctrl Pts',(32.3083546315859,-25.7904174033086,21.));
#6773=CARTESIAN_POINT('Ctrl Pts',(32.3013836413095,-25.8328161503801,21.));
#6774=CARTESIAN_POINT('Ctrl Pts',(32.2927669145719,-25.8757176510456,21.));
#6775=CARTESIAN_POINT('Origin',(0.013514495399099,-21.6260734498073,7.39989917050025));
#6776=CARTESIAN_POINT('Origin',(0.0302612207114172,-21.4988694421416,7.39989917050025));
#6777=CARTESIAN_POINT('',(32.2927669145753,-25.8757176510459,-6.20020165891294));
#6778=CARTESIAN_POINT('Origin',(0.013514495399099,-21.6260734498073,7.39989917050025));
#6779=CARTESIAN_POINT('Origin',(30.4226056991298,-25.5000975002619,-5.40519755172731));
#6780=CARTESIAN_POINT('Origin',(0.0302612207114172,-21.4988694421416,7.39989917050025));
#6781=CARTESIAN_POINT('Origin',(0.013514495399099,-21.6260734498073,7.39989917050025));
#6782=CARTESIAN_POINT('Origin',(0.300000000000001,-19.4499999999989,7.39989917050025));
#6783=CARTESIAN_POINT('Origin',(0.299999999999249,-19.4499999999985,-6.20020165891397));
#6784=CARTESIAN_POINT('Ctrl Pts',(25.0091928913517,-35.8052024796851,-8.2));
#6785=CARTESIAN_POINT('Ctrl Pts',(25.4563777386035,-36.1178511239044,-8.2));
#6786=CARTESIAN_POINT('Ctrl Pts',(26.499870644244,-36.8489311998978,-7.87346218317478));
#6787=CARTESIAN_POINT('Ctrl Pts',(27.2366073707786,-37.3672138030706,-6.87292752340625));
#6788=CARTESIAN_POINT('Ctrl Pts',(27.4659709592628,-37.5286339091704,-6.20020165891154));
#6789=CARTESIAN_POINT('Ctrl Pts',(24.6327895929351,-36.2957408086027,-8.2));
#6790=CARTESIAN_POINT('Ctrl Pts',(25.0780429717163,-36.6127451799008,-8.20746093874342));
#6791=CARTESIAN_POINT('Ctrl Pts',(26.1229912506336,-37.3578085304011,-7.89895826456628));
#6792=CARTESIAN_POINT('Ctrl Pts',(26.8703845813219,-37.892322376749,-6.89674154391934));
#6793=CARTESIAN_POINT('Ctrl Pts',(27.1046490261964,-38.0600053830524,-6.21558322094279));
#6794=CARTESIAN_POINT('Ctrl Pts',(23.9811923784051,-37.1449188314508,-7.68061296040335));
#6795=CARTESIAN_POINT('Ctrl Pts',(24.3481100204897,-37.4190396980106,-7.69212820488399));
#6796=CARTESIAN_POINT('Ctrl Pts',(25.2169815513625,-38.0685824849987,-7.44481318965262));
#6797=CARTESIAN_POINT('Ctrl Pts',(25.8494646873499,-38.5419959036399,-6.60112471361045));
#6798=CARTESIAN_POINT('Ctrl Pts',(26.0468748143795,-38.689748760822,-6.02517504965752));
#6799=CARTESIAN_POINT('Ctrl Pts',(23.7511575350306,-37.444706075974,-6.5971834679187));
#6800=CARTESIAN_POINT('Ctrl Pts',(23.9705269789375,-37.6131118647638,-6.60059968567396));
#6801=CARTESIAN_POINT('Ctrl Pts',(24.4867164649524,-38.0092259328451,-6.44304007041369));
#6802=CARTESIAN_POINT('Ctrl Pts',(24.8574570713472,-38.2935555886552,-5.93497352186956));
#6803=CARTESIAN_POINT('Ctrl Pts',(24.9728307794466,-38.3821289269062,-5.59101016680282));
#6804=CARTESIAN_POINT('Ctrl Pts',(23.7511575350306,-37.444706075974,-6.13345094420714));
#6805=CARTESIAN_POINT('Ctrl Pts',(23.9091322352472,-37.5659243268681,-6.13345094420714));
#6806=CARTESIAN_POINT('Ctrl Pts',(24.2779925633498,-37.848960811416,-6.01453781782186));
#6807=CARTESIAN_POINT('Ctrl Pts',(24.5387410285731,-38.0490401458559,-5.65017969965131));
#6808=CARTESIAN_POINT('Ctrl Pts',(24.619928369795,-38.1113373838577,-5.40519755171798));
#6809=CARTESIAN_POINT('',(23.8083976862523,-37.4886279888024,-6.13126050383959));
#6810=CARTESIAN_POINT('Ctrl Pts',(25.0091928913517,-35.8052024796851,-8.2));
#6811=CARTESIAN_POINT('Ctrl Pts',(24.860608849585,-36.0296810059003,-8.2));
#6812=CARTESIAN_POINT('Ctrl Pts',(24.7103163737735,-36.2498615693549,-8.14750182214948));
#6813=CARTESIAN_POINT('Ctrl Pts',(24.4246094054124,-36.657614456265,-7.94335390688783));
#6814=CARTESIAN_POINT('Ctrl Pts',(24.2920132570345,-36.8412866353237,-7.7937784152032));
#6815=CARTESIAN_POINT('Ctrl Pts',(24.0650936094439,-37.1501110244098,-7.41612388334738));
#6816=CARTESIAN_POINT('Ctrl Pts',(23.9730579986662,-37.2722993541418,-7.1916260753362));
#6817=CARTESIAN_POINT('Ctrl Pts',(23.8761062579598,-37.4001273993773,-6.81585711143299));
#6818=CARTESIAN_POINT('Ctrl Pts',(23.8508266304422,-37.4332201028494,-6.68240123486494));
#6819=CARTESIAN_POINT('Ctrl Pts',(23.8169404361143,-37.4775109274763,-6.409352128746));
#6820=CARTESIAN_POINT('Ctrl Pts',(23.8083976862539,-37.4886279888037,-6.27049786402564));
#6821=CARTESIAN_POINT('Ctrl Pts',(23.8083976862539,-37.4886279888037,-6.13126050383935));
#6822=CARTESIAN_POINT('Ctrl Pts',(25.0091928913517,-35.8052024796851,-8.2));
#6823=CARTESIAN_POINT('Ctrl Pts',(25.4563777386035,-36.1178511239044,-8.2));
#6824=CARTESIAN_POINT('Ctrl Pts',(26.499870644244,-36.8489311998978,-7.87346218317478));
#6825=CARTESIAN_POINT('Ctrl Pts',(27.2366073707786,-37.3672138030706,-6.87292752340625));
#6826=CARTESIAN_POINT('Ctrl Pts',(27.4659709592628,-37.5286339091704,-6.20020165891154));
#6827=CARTESIAN_POINT('Ctrl Pts',(23.8083941446442,-37.4886252712309,-6.13118699734585));
#6828=CARTESIAN_POINT('Ctrl Pts',(23.9994899095771,-37.6352582089524,-6.11609838749857));
#6829=CARTESIAN_POINT('Ctrl Pts',(24.3411256987393,-37.8974045700361,-5.95186444476211));
#6830=CARTESIAN_POINT('Ctrl Pts',(24.5590378644999,-38.0646144558332,-5.58893416079406));
#6831=CARTESIAN_POINT('Ctrl Pts',(24.6199283697957,-38.1113373838583,-5.40519755171565));
#6832=CARTESIAN_POINT('Origin',(1.55803535632108,-17.8104964037099,7.39989917050025));
#6833=CARTESIAN_POINT('',(27.4659709592579,-37.528633909167,21.0000000000049));
#6834=CARTESIAN_POINT('Origin',(1.63614044970461,-17.7087078642644,7.39989917050025));
#6835=CARTESIAN_POINT('',(24.3467502968345,-37.901720475951,21.));
#6836=CARTESIAN_POINT('Ctrl Pts',(27.4659709592596,-37.5286339091681,21.));
#6837=CARTESIAN_POINT('Ctrl Pts',(27.4417279631238,-37.5650627971195,21.));
#6838=CARTESIAN_POINT('Ctrl Pts',(27.4166767560517,-37.5999724731835,21.));
#6839=CARTESIAN_POINT('Ctrl Pts',(27.3912935056668,-37.6330525691303,21.));
#6840=CARTESIAN_POINT('Ctrl Pts',(27.2401756215276,-37.8299932300306,21.));
#6841=CARTESIAN_POINT('Ctrl Pts',(27.013993260743,-38.023842562179,21.));
#6842=CARTESIAN_POINT('Ctrl Pts',(26.5707675525223,-38.270030431416,21.));
#6843=CARTESIAN_POINT('Ctrl Pts',(26.2740164829106,-38.3614855437467,21.));
#6844=CARTESIAN_POINT('Ctrl Pts',(25.7453186012658,-38.4177853096709,21.));
#6845=CARTESIAN_POINT('Ctrl Pts',(25.4192801391848,-38.3868760259176,21.));
#6846=CARTESIAN_POINT('Ctrl Pts',(24.8811353964464,-38.2326288676018,21.));
#6847=CARTESIAN_POINT('Ctrl Pts',(24.5743612067819,-38.0763724699122,21.));
#6848=CARTESIAN_POINT('Ctrl Pts',(24.3467502968345,-37.901720475951,21.));
#6849=CARTESIAN_POINT('Origin',(0.3,-19.4499999999989,7.39989917050025));
#6850=CARTESIAN_POINT('Origin',(0.300000000000001,-19.4499999999989,7.39989917050025));
#6851=CARTESIAN_POINT('',(29.5395417106873,-33.9371040146025,21.0000000000049));
#6852=CARTESIAN_POINT('Origin',(-0.539933000103835,-21.4777776403343,7.39989917050025));
#6853=CARTESIAN_POINT('Origin',(0.299999999999501,-19.4499999999986,21.0000000000049));
#6854=CARTESIAN_POINT('Origin',(0.299999999999999,-19.4499999999989,-4.94987394027639));
#6855=CARTESIAN_POINT('Ctrl Pts',(29.5395417106922,-33.9371040146048,-6.20020165891292));
#6856=CARTESIAN_POINT('Ctrl Pts',(29.3486849325327,-33.8486605345457,-6.70474605214124));
#6857=CARTESIAN_POINT('Ctrl Pts',(29.0399834975488,-33.7055644516347,-7.15520166943037));
#6858=CARTESIAN_POINT('Ctrl Pts',(28.6522432946501,-33.5254105649047,-7.49419095211872));
#6859=CARTESIAN_POINT('Ctrl Pts',(28.1352563574492,-33.2852053825967,-7.94617666237218));
#6860=CARTESIAN_POINT('Ctrl Pts',(27.4777560550647,-32.9791196601652,-8.19999999999998));
#6861=CARTESIAN_POINT('Ctrl Pts',(26.8186172771224,-32.6711875110763,-8.2));
#6862=CARTESIAN_POINT('Origin',(-0.490834085821643,-21.3592423755764,7.39989917050025));
#6863=CARTESIAN_POINT('',(28.3030338241213,-31.0492363975424,21.));
#6864=CARTESIAN_POINT('Origin',(0.300000000000001,-19.4499999999989,7.39989917050025));
#6865=CARTESIAN_POINT('Ctrl Pts',(28.3030338241213,-31.0492363975424,21.));
#6866=CARTESIAN_POINT('Ctrl Pts',(28.5680923426869,-31.1590272307549,21.));
#6867=CARTESIAN_POINT('Ctrl Pts',(28.8568014474222,-31.3465732733849,21.));
#6868=CARTESIAN_POINT('Ctrl Pts',(29.2594557763545,-31.7354967123514,21.));
#6869=CARTESIAN_POINT('Ctrl Pts',(29.4492432323382,-32.0023996612478,21.));
#6870=CARTESIAN_POINT('Ctrl Pts',(29.6648351456431,-32.4884153406413,21.));
#6871=CARTESIAN_POINT('Ctrl Pts',(29.7340082298646,-32.7911368616906,21.));
#6872=CARTESIAN_POINT('Ctrl Pts',(29.7424161351122,-33.2980755192386,21.));
#6873=CARTESIAN_POINT('Ctrl Pts',(29.6876288693573,-33.5908798556402,21.));
#6874=CARTESIAN_POINT('Ctrl Pts',(29.5926321960492,-33.820222112721,21.));
#6875=CARTESIAN_POINT('Ctrl Pts',(29.5766756177921,-33.8587447003584,21.));
#6876=CARTESIAN_POINT('Ctrl Pts',(29.5589685550187,-33.8978945201102,21.));
#6877=CARTESIAN_POINT('Ctrl Pts',(29.5395417106891,-33.9371040146034,21.));
#6878=CARTESIAN_POINT('Ctrl Pts',(29.5395417106952,-33.9371040146061,-6.20020165890514));
#6879=CARTESIAN_POINT('Ctrl Pts',(29.3486849325359,-33.8486605345472,-6.70474605213661));
#6880=CARTESIAN_POINT('Ctrl Pts',(28.6283815842375,-33.5147696744202,-7.75580915915132));
#6881=CARTESIAN_POINT('Ctrl Pts',(27.4777560550647,-32.9791196601652,-8.19999999999999));
#6882=CARTESIAN_POINT('Ctrl Pts',(26.8186172771224,-32.6711875110762,-8.2));
#6883=CARTESIAN_POINT('Ctrl Pts',(29.8190619393902,-33.3585043046852,-6.21558322093632));
#6884=CARTESIAN_POINT('Ctrl Pts',(29.6222994671365,-33.2692262126103,-6.72645195796478));
#6885=CARTESIAN_POINT('Ctrl Pts',(28.8828614153519,-32.9334989905508,-7.78370421164153));
#6886=CARTESIAN_POINT('Ctrl Pts',(27.7181149749204,-32.4027415915624,-8.20994791815307));
#6887=CARTESIAN_POINT('Ctrl Pts',(27.0552342822867,-32.0999435281204,-8.2));
#6888=CARTESIAN_POINT('Ctrl Pts',(29.8355640140561,-32.1275701466384,-6.02518049928118));
#6889=CARTESIAN_POINT('Ctrl Pts',(29.6655669223016,-32.054755830095,-6.45714274284572));
#6890=CARTESIAN_POINT('Ctrl Pts',(29.0248253501828,-31.7803233734829,-7.34830167021869));
#6891=CARTESIAN_POINT('Ctrl Pts',(28.0259877573521,-31.3519800945477,-7.69597848892496));
#6892=CARTESIAN_POINT('Ctrl Pts',(27.4648484934379,-31.1110473442183,-7.68062482988212));
#6893=CARTESIAN_POINT('Ctrl Pts',(29.0321199881486,-31.3512337748211,-5.59101016679954));
#6894=CARTESIAN_POINT('Ctrl Pts',(28.9313247778711,-31.3095113554833,-5.84898268047178));
#6895=CARTESIAN_POINT('Ctrl Pts',(28.5508899616959,-31.1519021417348,-6.3839860732348));
#6896=CARTESIAN_POINT('Ctrl Pts',(27.9501559079905,-30.902980622191,-6.60173842484719));
#6897=CARTESIAN_POINT('Ctrl Pts',(27.609451362944,-30.7619451354987,-6.5971834679187));
#6898=CARTESIAN_POINT('Ctrl Pts',(28.6211564279124,-31.1810070945301,-5.40519755171565));
#6899=CARTESIAN_POINT('Ctrl Pts',(28.5502479326555,-31.1516358341073,-5.58893416079402));
#6900=CARTESIAN_POINT('Ctrl Pts',(28.2826195657055,-31.0407805348408,-5.97169289085033));
#6901=CARTESIAN_POINT('Ctrl Pts',(27.8547386050955,-30.8635464378749,-6.13345094420714));
#6902=CARTESIAN_POINT('Ctrl Pts',(27.609451362944,-30.7619451354987,-6.13345094420715));
#6903=CARTESIAN_POINT('',(27.6761089308268,-30.7895556041505,-6.13126050384226));
#6904=CARTESIAN_POINT('Ctrl Pts',(27.6761089308489,-30.7895556041597,-6.13126050383935));
#6905=CARTESIAN_POINT('Ctrl Pts',(27.6761089308489,-30.7895556041597,-6.40270931467738));
#6906=CARTESIAN_POINT('Ctrl Pts',(27.6558402455827,-30.838837333171,-6.67136890966953));
#6907=CARTESIAN_POINT('Ctrl Pts',(27.5757774877185,-31.0292664291612,-7.17105330527507));
#6908=CARTESIAN_POINT('Ctrl Pts',(27.5170033928187,-31.1678311372258,-7.39743681716598));
#6909=CARTESIAN_POINT('Ctrl Pts',(27.3648527618406,-31.515094217561,-7.77955068784735));
#6910=CARTESIAN_POINT('Ctrl Pts',(27.2728984011518,-31.7203292419532,-7.9316883154143));
#6911=CARTESIAN_POINT('Ctrl Pts',(27.1147777630436,-32.0603429778194,-8.09035240153952));
#6912=CARTESIAN_POINT('Ctrl Pts',(27.0582267392727,-32.1799844575905,-8.13130480757038));
#6913=CARTESIAN_POINT('Ctrl Pts',(26.9407968571118,-32.4239398525075,-8.18618796253349));
#6914=CARTESIAN_POINT('Ctrl Pts',(26.880222378925,-32.5476220510406,-8.2));
#6915=CARTESIAN_POINT('Ctrl Pts',(26.8186172771223,-32.6711875110762,-8.2));
#6916=CARTESIAN_POINT('Ctrl Pts',(28.6211564279115,-31.1810070945298,-5.40519755171798));
#6917=CARTESIAN_POINT('Ctrl Pts',(28.5266117666053,-31.1418454135668,-5.65017969965136));
#6918=CARTESIAN_POINT('Ctrl Pts',(28.2386892789549,-31.0225840142698,-5.99566819341748));
#6919=CARTESIAN_POINT('Ctrl Pts',(27.8375704681937,-30.8564351627295,-6.12047593647599));
#6920=CARTESIAN_POINT('Ctrl Pts',(27.6761071514206,-30.7895548670964,-6.13122879045421));
#6921=CARTESIAN_POINT('Origin',(0.300000000000001,-19.4499999999989,-8.2));
#6922=CARTESIAN_POINT('Ctrl Pts',(28.4002854487656,-28.8527027599211,-8.2));
#6923=CARTESIAN_POINT('Ctrl Pts',(28.3148636032498,-29.1079887456473,-8.2));
#6924=CARTESIAN_POINT('Ctrl Pts',(28.22667914255,-29.3595653934105,-8.14750182214948));
#6925=CARTESIAN_POINT('Ctrl Pts',(28.0562416158871,-29.8273708423513,-7.94335390688783));
#6926=CARTESIAN_POINT('Ctrl Pts',(27.9757014296983,-30.0391029521823,-7.7937784152032));
#6927=CARTESIAN_POINT('Ctrl Pts',(27.8364435150858,-30.396135531893,-7.41612388334738));
#6928=CARTESIAN_POINT('Ctrl Pts',(27.7791686085212,-30.5379809641491,-7.1916260753362));
#6929=CARTESIAN_POINT('Ctrl Pts',(27.7186047508744,-30.6865463313168,-6.81585711143297));
#6930=CARTESIAN_POINT('Ctrl Pts',(27.7027515276887,-30.7250542773169,-6.6824012348649));
#6931=CARTESIAN_POINT('Ctrl Pts',(27.6814832863694,-30.7766063211497,-6.40935212874601));
#6932=CARTESIAN_POINT('Ctrl Pts',(27.6761089308489,-30.7895556041597,-6.27049786402565));
#6933=CARTESIAN_POINT('Ctrl Pts',(27.6761089308489,-30.7895556041597,-6.13126050383935));
#6934=CARTESIAN_POINT('Origin',(0.300000000000001,-19.4499999999989,-8.2));
#6935=CARTESIAN_POINT('Ctrl Pts',(23.8083976862539,-37.4886279888036,-6.13126050383935));
#6936=CARTESIAN_POINT('Ctrl Pts',(23.8083976862539,-37.4886279888036,-6.40270931467737));
#6937=CARTESIAN_POINT('Ctrl Pts',(23.7760645896467,-37.5309845618538,-6.67136890966954));
#6938=CARTESIAN_POINT('Ctrl Pts',(23.6494432273178,-37.6942031772089,-7.17105330527507));
#6939=CARTESIAN_POINT('Ctrl Pts',(23.5568086257111,-37.812834552222,-7.39743681716598));
#6940=CARTESIAN_POINT('Ctrl Pts',(23.3199641029115,-38.1088854490129,-7.77955068784735));
#6941=CARTESIAN_POINT('Ctrl Pts',(23.1780242780475,-38.283327719706,-7.93168831541431));
#6942=CARTESIAN_POINT('Ctrl Pts',(22.9372894395908,-38.570831135906,-8.09035240153953));
#6943=CARTESIAN_POINT('Ctrl Pts',(22.8516998516785,-38.6717594491404,-8.13130480757038));
#6944=CARTESIAN_POINT('Ctrl Pts',(22.675130993361,-38.8770091755859,-8.1861879625335));
#6945=CARTESIAN_POINT('Ctrl Pts',(22.584609231946,-38.9807991767994,-8.2));
#6946=CARTESIAN_POINT('Ctrl Pts',(22.4931221787095,-39.084209672263,-8.2));
#6947=CARTESIAN_POINT('Ctrl Pts',(28.4002854487656,-28.8527027599211,-8.2));
#6948=CARTESIAN_POINT('Ctrl Pts',(28.9131522654006,-29.0389582047768,-8.2));
#6949=CARTESIAN_POINT('Ctrl Pts',(30.1103064626612,-29.4750514949055,-7.87346218864656));
#6950=CARTESIAN_POINT('Ctrl Pts',(30.9560808994523,-29.7849925495224,-6.87292752340627));
#6951=CARTESIAN_POINT('Ctrl Pts',(31.2194077109006,-29.8815487339338,-6.20020165891156));
#6952=CARTESIAN_POINT('Ctrl Pts',(28.1636684436013,-29.423946742877,-8.2));
#6953=CARTESIAN_POINT('Ctrl Pts',(28.6757969500811,-29.6149093978355,-8.20746093874342));
#6954=CARTESIAN_POINT('Ctrl Pts',(29.8779760609276,-30.064132812629,-7.89895826044206));
#6955=CARTESIAN_POINT('Ctrl Pts',(30.738244948555,-30.3869939151061,-6.89674154391938));
#6956=CARTESIAN_POINT('Ctrl Pts',(31.0079265816119,-30.4883311616005,-6.2155832209428));
#6957=CARTESIAN_POINT('Ctrl Pts',(27.7540498263473,-30.412853564052,-7.68064181920712));
#6958=CARTESIAN_POINT('Ctrl Pts',(28.1794127538835,-30.5826687148312,-7.69215706368776));
#6959=CARTESIAN_POINT('Ctrl Pts',(29.1868023597411,-30.9852032551014,-7.44483674609414));
#6960=CARTESIAN_POINT('Ctrl Pts',(29.9202810628381,-31.2787957532723,-6.6011379635418));
#6961=CARTESIAN_POINT('Ctrl Pts',(30.149205856314,-31.3704205533611,-6.02518829958882));
#6962=CARTESIAN_POINT('Ctrl Pts',(27.609451362944,-30.7619451354987,-6.5971834679187));
#6963=CARTESIAN_POINT('Ctrl Pts',(27.8649325997566,-30.8678356461906,-6.60059968567396));
#6964=CARTESIAN_POINT('Ctrl Pts',(28.4660552231419,-31.1168527855035,-6.44304007522855));
#6965=CARTESIAN_POINT('Ctrl Pts',(28.8977530769916,-31.2955394128435,-5.93497352186962));
#6966=CARTESIAN_POINT('Ctrl Pts',(29.0321199881473,-31.3512337748206,-5.59101016680283));
#6967=CARTESIAN_POINT('Ctrl Pts',(27.609451362944,-30.7619451354987,-6.13345094420715));
#6968=CARTESIAN_POINT('Ctrl Pts',(27.7934167977288,-30.8381461135944,-6.13345094420715));
#6969=CARTESIAN_POINT('Ctrl Pts',(28.2229637486658,-31.0160702863485,-6.01453781981447));
#6970=CARTESIAN_POINT('Ctrl Pts',(28.5266117666053,-31.1418454135668,-5.65017969965136));
#6971=CARTESIAN_POINT('Ctrl Pts',(28.6211564279115,-31.1810070945298,-5.40519755171798));
#6972=CARTESIAN_POINT('Ctrl Pts',(28.4002854487656,-28.8527027599211,-8.2));
#6973=CARTESIAN_POINT('Ctrl Pts',(28.9131522654006,-29.0389582047768,-8.2));
#6974=CARTESIAN_POINT('Ctrl Pts',(30.1103064626612,-29.4750514949055,-7.87346218864656));
#6975=CARTESIAN_POINT('Ctrl Pts',(30.9560808994523,-29.7849925495224,-6.87292752340627));
#6976=CARTESIAN_POINT('Ctrl Pts',(31.2194077109006,-29.8815487339338,-6.20020165891156));
#6977=CARTESIAN_POINT('Origin',(1.09083408582165,-17.5407576244213,7.39989917050025));
#6978=CARTESIAN_POINT('',(31.2194077108949,-29.8815487339317,21.0000000000049));
#6979=CARTESIAN_POINT('Origin',(1.13993300010384,-17.4222223596635,7.39989917050025));
#6980=CARTESIAN_POINT('Ctrl Pts',(31.2194077108969,-29.8815487339323,21.));
#6981=CARTESIAN_POINT('Ctrl Pts',(31.2054192648164,-29.9230108867379,21.));
#6982=CARTESIAN_POINT('Ctrl Pts',(31.1902569459495,-29.9632147739286,21.));
#6983=CARTESIAN_POINT('Ctrl Pts',(31.1743003676924,-30.0017373615659,21.));
#6984=CARTESIAN_POINT('Ctrl Pts',(31.0793036943843,-30.2310796186468,21.));
#6985=CARTESIAN_POINT('Ctrl Pts',(30.9110002096918,-30.4768639976151,21.));
#6986=CARTESIAN_POINT('Ctrl Pts',(30.5465951604779,-30.8293784731967,21.));
#6987=CARTESIAN_POINT('Ctrl Pts',(30.2836259632043,-30.9945221566132,21.));
#6988=CARTESIAN_POINT('Ctrl Pts',(29.7875144766752,-31.1857406354085,21.));
#6989=CARTESIAN_POINT('Ctrl Pts',(29.4645855944817,-31.2402695233816,21.));
#6990=CARTESIAN_POINT('Ctrl Pts',(28.904855586964,-31.2305603179751,21.));
#6991=CARTESIAN_POINT('Ctrl Pts',(28.5680923426869,-31.1590272307549,21.));
#6992=CARTESIAN_POINT('Ctrl Pts',(28.3030338241213,-31.0492363975424,21.));
#6993=CARTESIAN_POINT('Origin',(0.300000000000001,-19.4499999999989,7.39989917050025));
#6994=CARTESIAN_POINT('Origin',(0.299999999999431,-19.4499999999987,21.0000000000049));
#6995=CARTESIAN_POINT('Origin',(0.3,-19.4499999999989,-4.94987394027639));
#6996=CARTESIAN_POINT('Ctrl Pts',(32.2927669145752,-25.8757176510461,-6.20020165891292));
#6997=CARTESIAN_POINT('Ctrl Pts',(32.0855225663742,-25.8396851785648,-6.70474605214124));
#6998=CARTESIAN_POINT('Ctrl Pts',(31.7503038521437,-25.7813627809019,-7.15520162108427));
#6999=CARTESIAN_POINT('Ctrl Pts',(31.3291483144768,-25.7077020371846,-7.49419089686604));
#7000=CARTESIAN_POINT('Ctrl Pts',(30.7676075975847,-25.6094877122279,-7.94617659791071));
#7001=CARTESIAN_POINT('Ctrl Pts',(30.0532903056931,-25.4840052165076,-8.19999999999999));
#7002=CARTESIAN_POINT('Ctrl Pts',(29.3369124321864,-25.357163270055,-8.2));
#7003=CARTESIAN_POINT('Ctrl Pts',(32.2927669145784,-25.8757176510466,-6.20020165890514));
#7004=CARTESIAN_POINT('Ctrl Pts',(32.0855225663777,-25.8396851785654,-6.70474605213661));
#7005=CARTESIAN_POINT('Ctrl Pts',(31.3033455665034,-25.7035995840181,-7.75580904634376));
#7006=CARTESIAN_POINT('Ctrl Pts',(30.0532903056931,-25.4840052165076,-8.2));
#7007=CARTESIAN_POINT('Ctrl Pts',(29.3369124321864,-25.357163270055,-8.2));
#7008=CARTESIAN_POINT('Ctrl Pts',(32.4130100980268,-25.2444880894729,-6.21558322093632));
#7009=CARTESIAN_POINT('Ctrl Pts',(32.1998452738931,-25.2091779497967,-6.72645195796478));
#7010=CARTESIAN_POINT('Ctrl Pts',(31.3987103063905,-25.0762709927327,-7.78370437699397));
#7011=CARTESIAN_POINT('Ctrl Pts',(30.1362815726268,-24.8650572882187,-8.20994791815308));
#7012=CARTESIAN_POINT('Ctrl Pts',(29.4176180862246,-24.744142966474,-8.2));
#7013=CARTESIAN_POINT('Ctrl Pts',(32.110412364799,-24.0512001988834,-6.02520050286928));
#7014=CARTESIAN_POINT('Ctrl Pts',(31.9273620516018,-24.0248654549685,-6.45716274643383));
#7015=CARTESIAN_POINT('Ctrl Pts',(31.2374080872609,-23.925618933447,-7.34833005932483));
#7016=CARTESIAN_POINT('Ctrl Pts',(30.1617106110781,-23.7703870075593,-7.69602205742436));
#7017=CARTESIAN_POINT('Ctrl Pts',(29.5573337195444,-23.6828973700731,-7.68066839838152));
#7018=CARTESIAN_POINT('Ctrl Pts',(31.1333627017304,-23.5092892086998,-5.59101016679955));
#7019=CARTESIAN_POINT('Ctrl Pts',(31.0252034482248,-23.495076166401,-5.8489826804718));
#7020=CARTESIAN_POINT('Ctrl Pts',(30.6169393254325,-23.4413011238309,-6.38398595787691));
#7021=CARTESIAN_POINT('Ctrl Pts',(29.9722492006606,-23.3563428219205,-6.6017384248472));
#7022=CARTESIAN_POINT('Ctrl Pts',(29.6066512114749,-23.3082938279122,-6.5971834679187));
#7023=CARTESIAN_POINT('Ctrl Pts',(30.6923444783907,-23.4512280581155,-5.40519755171565));
#7024=CARTESIAN_POINT('Ctrl Pts',(30.6162502899427,-23.4412100681545,-5.58893416079404));
#7025=CARTESIAN_POINT('Ctrl Pts',(30.3290496465553,-23.4033993861438,-5.97169284976994));
#7026=CARTESIAN_POINT('Ctrl Pts',(29.8698768455905,-23.3429481400726,-6.13345094420714));
#7027=CARTESIAN_POINT('Ctrl Pts',(29.6066512114749,-23.3082938279122,-6.13345094420715));
#7028=CARTESIAN_POINT('',(29.6781835929419,-23.3177112445907,-6.13126050384226));
#7029=CARTESIAN_POINT('Ctrl Pts',(29.6781835929656,-23.3177112445939,-6.13126050383935));
#7030=CARTESIAN_POINT('Ctrl Pts',(29.6781835929656,-23.3177112445939,-6.40270931467738));
#7031=CARTESIAN_POINT('Ctrl Pts',(29.6713605964458,-23.3705596611761,-6.67136890966954));
#7032=CARTESIAN_POINT('Ctrl Pts',(29.6433125876847,-23.5752218096087,-7.17105330527505));
#7033=CARTESIAN_POINT('Ctrl Pts',(29.6224043569304,-23.7242768948592,-7.39743681716598));
#7034=CARTESIAN_POINT('Ctrl Pts',(29.5653164318342,-24.0990867536931,-7.77955068784735));
#7035=CARTESIAN_POINT('Ctrl Pts',(29.5296140730398,-24.3211281040391,-7.93168831541431));
#7036=CARTESIAN_POINT('Ctrl Pts',(29.4648832954604,-24.6904807853715,-8.09035240153953));
#7037=CARTESIAN_POINT('Ctrl Pts',(29.441224694646,-24.8206820625498,-8.13130480757039));
#7038=CARTESIAN_POINT('Ctrl Pts',(29.3909364410487,-25.0867179689301,-8.1861879625335));
#7039=CARTESIAN_POINT('Ctrl Pts',(29.3644372966747,-25.2218636273473,-8.2));
#7040=CARTESIAN_POINT('Ctrl Pts',(29.3369124321864,-25.357163270055,-8.2));
#7041=CARTESIAN_POINT('Ctrl Pts',(30.6923444783897,-23.4512280581154,-5.40519755171798));
#7042=CARTESIAN_POINT('Ctrl Pts',(30.5908855594249,-23.4378707380312,-5.65017969965134));
#7043=CARTESIAN_POINT('Ctrl Pts',(30.281906660028,-23.3971928942238,-5.99566817398142));
#7044=CARTESIAN_POINT('Ctrl Pts',(29.8514531642888,-23.3405226164145,-6.12047593443302));
#7045=CARTESIAN_POINT('Ctrl Pts',(29.6781816833818,-23.3177109931924,-6.13122879008772));
#7046=CARTESIAN_POINT('Ctrl Pts',(19.9342096722641,-41.6431221787084,-8.2));
#7047=CARTESIAN_POINT('Ctrl Pts',(20.2852376418003,-42.0608575338641,-8.2));
#7048=CARTESIAN_POINT('Ctrl Pts',(21.1039569196461,-43.0371024720204,-7.8734621246145));
#7049=CARTESIAN_POINT('Ctrl Pts',(21.6814485646348,-43.7284065455352,-6.87292752340627));
#7050=CARTESIAN_POINT('Ctrl Pts',(21.8612181806409,-43.9436900598522,-6.20020165891156));
#7051=CARTESIAN_POINT('Ctrl Pts',(19.4436713433464,-42.019525477125,-8.2));
#7052=CARTESIAN_POINT('Ctrl Pts',(19.791706312481,-42.4409682407332,-8.20746093874342));
#7053=CARTESIAN_POINT('Ctrl Pts',(20.6082122822412,-43.4310967273703,-7.89895830870402));
#7054=CARTESIAN_POINT('Ctrl Pts',(21.1917964145084,-44.1408370457951,-6.89674154391935));
#7055=CARTESIAN_POINT('Ctrl Pts',(21.3746789364225,-44.3634384921372,-6.21558322094281));
#7056=CARTESIAN_POINT('Ctrl Pts',(18.5944964113698,-42.6711203199459,-7.68060721162639));
#7057=CARTESIAN_POINT('Ctrl Pts',(18.8779639370547,-43.0308660182363,-7.69212245610703));
#7058=CARTESIAN_POINT('Ctrl Pts',(19.5491140667071,-43.8831547931496,-7.44480842394807));
#7059=CARTESIAN_POINT('Ctrl Pts',(20.037515172257,-44.5041323668093,-6.60112207417671));
#7060=CARTESIAN_POINT('Ctrl Pts',(20.1899574589188,-44.6979441680408,-6.02517241022382));
#7061=CARTESIAN_POINT('Ctrl Pts',(18.2947060759751,-42.9011575350295,-6.5971834679187));
#7062=CARTESIAN_POINT('Ctrl Pts',(18.4630140618992,-43.1206020257147,-6.60059968567396));
#7063=CARTESIAN_POINT('Ctrl Pts',(18.8590929310512,-43.6368184833651,-6.4430400188839));
#7064=CARTESIAN_POINT('Ctrl Pts',(19.1436109494071,-44.0074145915479,-5.93497352186952));
#7065=CARTESIAN_POINT('Ctrl Pts',(19.2321289269074,-44.1228307794455,-5.59101016680283));
#7066=CARTESIAN_POINT('Ctrl Pts',(18.2947060759751,-42.9011575350295,-6.13345094420715));
#7067=CARTESIAN_POINT('Ctrl Pts',(18.4159243268692,-43.0591322352461,-6.13345094420714));
#7068=CARTESIAN_POINT('Ctrl Pts',(18.6989608038763,-43.4279925535212,-6.01453779649635));
#7069=CARTESIAN_POINT('Ctrl Pts',(18.899040145857,-43.6887410285719,-5.65017969965126));
#7070=CARTESIAN_POINT('Ctrl Pts',(18.9613373838588,-43.7699283697938,-5.40519755171799));
#7071=CARTESIAN_POINT('',(18.3386279888036,-42.9583976862512,-6.13126050383959));
#7072=CARTESIAN_POINT('Ctrl Pts',(19.9342096722641,-41.6431221787084,-8.2));
#7073=CARTESIAN_POINT('Ctrl Pts',(19.7325891911462,-41.8214954048194,-8.2));
#7074=CARTESIAN_POINT('Ctrl Pts',(19.5304308840795,-41.9952749424315,-8.14750182214948));
#7075=CARTESIAN_POINT('Ctrl Pts',(19.1489249317609,-42.3151875819116,-7.94335390688783));
#7076=CARTESIAN_POINT('Ctrl Pts',(18.9733090295804,-42.4582828747277,-7.79377841520319));
#7077=CARTESIAN_POINT('Ctrl Pts',(18.6741918479925,-42.6978532014296,-7.41612388334738));
#7078=CARTESIAN_POINT('Ctrl Pts',(18.5536676077801,-42.7920574958918,-7.1916260753362));
#7079=CARTESIAN_POINT('Ctrl Pts',(18.426935084923,-42.8904369491583,-6.81585711143299));
#7080=CARTESIAN_POINT('Ctrl Pts',(18.3939518179123,-42.915859197049,-6.68240123486495));
#7081=CARTESIAN_POINT('Ctrl Pts',(18.3497569587195,-42.9498704559656,-6.40935212874599));
#7082=CARTESIAN_POINT('Ctrl Pts',(18.3386279888048,-42.9583976862528,-6.27049786402561));
#7083=CARTESIAN_POINT('Ctrl Pts',(18.3386279888048,-42.9583976862528,-6.13126050383934));
#7084=CARTESIAN_POINT('',(21.8612181806412,-43.9436900598525,-6.20020165891173));
#7085=CARTESIAN_POINT('Ctrl Pts',(19.9342096722641,-41.6431221787084,-8.2));
#7086=CARTESIAN_POINT('Ctrl Pts',(20.2852376418003,-42.0608575338641,-8.2));
#7087=CARTESIAN_POINT('Ctrl Pts',(21.1039569196461,-43.0371024720204,-7.8734621246145));
#7088=CARTESIAN_POINT('Ctrl Pts',(21.6814485646348,-43.7284065455352,-6.87292752340627));
#7089=CARTESIAN_POINT('Ctrl Pts',(21.8612181806409,-43.9436900598522,-6.20020165891156));
#7090=CARTESIAN_POINT('',(18.9613373838764,-43.7699283698167,-5.40519755172731));
#7091=CARTESIAN_POINT('Origin',(20.6008409801478,-42.5118930134728,-5.40519755171798));
#7092=CARTESIAN_POINT('Ctrl Pts',(18.3386252712422,-42.9583941446563,-6.13118699762238));
#7093=CARTESIAN_POINT('Ctrl Pts',(18.485258209749,-43.1494899106126,-6.1160983895224));
#7094=CARTESIAN_POINT('Ctrl Pts',(18.7474045783587,-43.491125709583,-5.95186446392583));
#7095=CARTESIAN_POINT('Ctrl Pts',(18.9146144558343,-43.7090378644988,-5.58893416079405));
#7096=CARTESIAN_POINT('Ctrl Pts',(18.9613373838594,-43.7699283697946,-5.40519755171565));
#7097=CARTESIAN_POINT('Origin',(1.93950359628896,-18.1919646436778,7.39989917050025));
#7098=CARTESIAN_POINT('',(21.8612181806371,-43.9436900598476,21.0000000000049));
#7099=CARTESIAN_POINT('',(18.7517204759522,-43.4967502968333,21.));
#7100=CARTESIAN_POINT('Ctrl Pts',(21.8612181806385,-43.9436900598491,21.));
#7101=CARTESIAN_POINT('Ctrl Pts',(21.8283727545705,-43.9726031144341,21.));
#7102=CARTESIAN_POINT('Ctrl Pts',(21.7951398576562,-43.9998395426387,21.));
#7103=CARTESIAN_POINT('Ctrl Pts',(21.7620597617094,-44.0252227930235,21.));
#7104=CARTESIAN_POINT('Ctrl Pts',(21.5651191008091,-44.1763406771628,21.));
#7105=CARTESIAN_POINT('Ctrl Pts',(21.2964718180358,-44.3050444508565,21.));
#7106=CARTESIAN_POINT('Ctrl Pts',(20.8046305503584,-44.428128417305,21.));
#7107=CARTESIAN_POINT('Ctrl Pts',(20.4943207033984,-44.4396624437813,21.));
#7108=CARTESIAN_POINT('Ctrl Pts',(19.9690663135574,-44.3572067608265,21.));
#7109=CARTESIAN_POINT('Ctrl Pts',(19.6621372539755,-44.2429657219546,21.));
#7110=CARTESIAN_POINT('Ctrl Pts',(19.1822514509079,-43.9546922996631,21.));
#7111=CARTESIAN_POINT('Ctrl Pts',(18.9263724699133,-43.7243612067808,21.));
#7112=CARTESIAN_POINT('Ctrl Pts',(18.7517204759522,-43.4967502968333,21.));
#7113=CARTESIAN_POINT('Origin',(0.3,-19.4499999999989,7.39989917050025));
#7114=CARTESIAN_POINT('Origin',(2.0412921357345,-18.1138595502943,7.39989917050025));
#7115=CARTESIAN_POINT('Origin',(0.300000000000002,-19.4499999999989,7.39989917050025));
#7116=CARTESIAN_POINT('',(24.793690059853,-41.0112181806393,-6.20020165891294));
#7117=CARTESIAN_POINT('Origin',(0.299999999999543,-19.4499999999982,-6.20020165891397));
#7118=CARTESIAN_POINT('',(24.7936900598487,-41.011218180636,21.0000000000049));
#7119=CARTESIAN_POINT('Origin',(-1.03614044970461,-21.1912921357334,7.39989917050025));
#7120=CARTESIAN_POINT('Origin',(0.299999999999603,-19.4499999999984,21.0000000000049));
#7121=CARTESIAN_POINT('Origin',(0.299999999999998,-19.4499999999989,-4.94987394027639));
#7122=CARTESIAN_POINT('Ctrl Pts',(24.7936900598529,-41.0112181806394,-6.20020165891292));
#7123=CARTESIAN_POINT('Ctrl Pts',(24.6322274257607,-40.8763909700089,-6.70474605214124));
#7124=CARTESIAN_POINT('Ctrl Pts',(24.3710807516756,-40.6582729767762,-7.15520171164247));
#7125=CARTESIAN_POINT('Ctrl Pts',(24.0431797360318,-40.3839031386032,-7.49419100036113));
#7126=CARTESIAN_POINT('Ctrl Pts',(23.6059783818378,-40.0180766877039,-7.94617671865498));
#7127=CARTESIAN_POINT('Ctrl Pts',(23.050102642649,-39.5522469569097,-8.19999999999999));
#7128=CARTESIAN_POINT('Ctrl Pts',(22.4931221787096,-39.084209672263,-8.2));
#7129=CARTESIAN_POINT('Origin',(-0.958035356321081,-21.0895035962879,7.39989917050025));
#7130=CARTESIAN_POINT('Ctrl Pts',(24.3467502968345,-37.901720475951,21.));
#7131=CARTESIAN_POINT('Ctrl Pts',(24.5743612067819,-38.0763724699121,21.));
#7132=CARTESIAN_POINT('Ctrl Pts',(24.8046922996642,-38.3322514509068,21.));
#7133=CARTESIAN_POINT('Ctrl Pts',(25.0929657219557,-38.8121372539744,21.));
#7134=CARTESIAN_POINT('Ctrl Pts',(25.2072067608276,-39.1190663135562,21.));
#7135=CARTESIAN_POINT('Ctrl Pts',(25.2896624437824,-39.6443207033973,21.));
#7136=CARTESIAN_POINT('Ctrl Pts',(25.2781284173061,-39.9546305503573,21.));
#7137=CARTESIAN_POINT('Ctrl Pts',(25.1550444508576,-40.4464718180347,21.));
#7138=CARTESIAN_POINT('Ctrl Pts',(25.0263406771639,-40.7151191008079,21.));
#7139=CARTESIAN_POINT('Ctrl Pts',(24.8752227930247,-40.9120597617082,21.));
#7140=CARTESIAN_POINT('Ctrl Pts',(24.8498395426398,-40.945139857655,21.));
#7141=CARTESIAN_POINT('Ctrl Pts',(24.8226031144352,-40.9783727545693,21.));
#7142=CARTESIAN_POINT('Ctrl Pts',(24.7936900598502,-41.0112181806373,21.));
#7143=CARTESIAN_POINT('Origin',(23.3618930134968,-39.7508409801643,-5.40519755172731));
#7144=CARTESIAN_POINT('Ctrl Pts',(24.7936900598554,-41.0112181806415,-6.20020165890514));
#7145=CARTESIAN_POINT('Ctrl Pts',(24.6322274257634,-40.8763909700112,-6.70474605213661));
#7146=CARTESIAN_POINT('Ctrl Pts',(24.0228851862293,-40.3674489857995,-7.75580925764623));
#7147=CARTESIAN_POINT('Ctrl Pts',(23.050102642649,-39.5522469569097,-8.2));
#7148=CARTESIAN_POINT('Ctrl Pts',(22.4931221787095,-39.084209672263,-8.2));
#7149=CARTESIAN_POINT('Ctrl Pts',(25.2134384921404,-40.5246789364232,-6.21558322093632));
#7150=CARTESIAN_POINT('Ctrl Pts',(25.0464874090855,-40.3875170463856,-6.72645195796479));
#7151=CARTESIAN_POINT('Ctrl Pts',(24.4191377345457,-39.8718488365096,-7.78370406726869));
#7152=CARTESIAN_POINT('Ctrl Pts',(23.4314491522503,-39.0577179608586,-8.20994791815308));
#7153=CARTESIAN_POINT('Ctrl Pts',(22.8695254771262,-38.5936713433453,-8.2));
#7154=CARTESIAN_POINT('Ctrl Pts',(25.5479441680438,-39.3399574589192,-6.02517241021832));
#7155=CARTESIAN_POINT('Ctrl Pts',(25.4025853186017,-39.2256257450881,-6.4571346537829));
#7156=CARTESIAN_POINT('Ctrl Pts',(24.8547104831713,-38.7947120745774,-7.34829026421752));
#7157=CARTESIAN_POINT('Ctrl Pts',(24.0007812427323,-38.1224531057665,-7.69596087066924));
#7158=CARTESIAN_POINT('Ctrl Pts',(23.521120319947,-37.7444964113687,-7.68060721162639));
#7159=CARTESIAN_POINT('Ctrl Pts',(24.9728307794477,-38.3821289269071,-5.59101016679955));
#7160=CARTESIAN_POINT('Ctrl Pts',(24.8862686394068,-38.3157404444585,-5.84898268047182));
#7161=CARTESIAN_POINT('Ctrl Pts',(24.5595891198616,-38.0650378834618,-6.38398617395639));
#7162=CARTESIAN_POINT('Ctrl Pts',(24.0437501842338,-37.6691167200043,-6.6017384248472));
#7163=CARTESIAN_POINT('Ctrl Pts',(23.7511575350306,-37.444706075974,-6.5971834679187));
#7164=CARTESIAN_POINT('Ctrl Pts',(24.6199283697957,-38.1113373838583,-5.40519755171565));
#7165=CARTESIAN_POINT('Ctrl Pts',(24.5590378644999,-38.0646144558332,-5.58893416079406));
#7166=CARTESIAN_POINT('Ctrl Pts',(24.3292201961187,-37.8882691565698,-5.97169292671856));
#7167=CARTESIAN_POINT('Ctrl Pts',(23.9617904650218,-37.6063304077133,-6.13345094420715));
#7168=CARTESIAN_POINT('Ctrl Pts',(23.7511575350306,-37.444706075974,-6.13345094420715));
#7169=CARTESIAN_POINT('Origin',(0.300000000000001,-19.4499999999989,-8.2));
#7170=CARTESIAN_POINT('Ctrl Pts',(18.3386279888048,-42.9583976862528,-6.13126050383935));
#7171=CARTESIAN_POINT('Ctrl Pts',(18.3386279888048,-42.9583976862528,-6.40270931467734));
#7172=CARTESIAN_POINT('Ctrl Pts',(18.2964339279573,-42.9909425728859,-6.67136890966952));
#7173=CARTESIAN_POINT('Ctrl Pts',(18.1318829977547,-43.115827628701,-7.17105330527505));
#7174=CARTESIAN_POINT('Ctrl Pts',(18.0117007844548,-43.206441138503,-7.39743681716597));
#7175=CARTESIAN_POINT('Ctrl Pts',(17.7063029326583,-43.4311044723807,-7.77955068784737));
#7176=CARTESIAN_POINT('Ctrl Pts',(17.524050608117,-43.5628660369063,-7.93168831541431));
#7177=CARTESIAN_POINT('Ctrl Pts',(17.2171072507195,-43.7782662507479,-8.09035240153953));
#7178=CARTESIAN_POINT('Ctrl Pts',(17.1083118876384,-43.8536032996907,-8.13130480757038));
#7179=CARTESIAN_POINT('Ctrl Pts',(16.8846369290651,-44.0061599279986,-8.1861879625335));
#7180=CARTESIAN_POINT('Ctrl Pts',(16.7703367928678,-44.0829846148308,-8.2));
#7181=CARTESIAN_POINT('Ctrl Pts',(16.6552024796862,-44.1591928913506,-8.2));
#7182=CARTESIAN_POINT('Ctrl Pts',(6.2071632700561,-48.4869124321852,-8.2));
#7183=CARTESIAN_POINT('Ctrl Pts',(6.30229473153545,-49.0241958465771,-8.2));
#7184=CARTESIAN_POINT('Ctrl Pts',(6.52320393171312,-50.279008275,-7.87346190109995));
#7185=CARTESIAN_POINT('Ctrl Pts',(6.67767435391592,-51.1664411141572,-6.87292752340627));
#7186=CARTESIAN_POINT('Ctrl Pts',(6.72571765104729,-51.4427669145747,-6.20020165891156));
#7187=CARTESIAN_POINT('Ctrl Pts',(5.59414296647513,-48.5676180862235,-8.2));
#7188=CARTESIAN_POINT('Ctrl Pts',(5.68482870934689,-49.1066157103165,-8.20746093874342));
#7189=CARTESIAN_POINT('Ctrl Pts',(5.89687938725137,-50.3723452922723,-7.8989584771707));
#7190=CARTESIAN_POINT('Ctrl Pts',(6.04740790275884,-51.2787903296145,-6.89674154391935));
#7191=CARTESIAN_POINT('Ctrl Pts',(6.09448808947359,-51.563010098023,-6.2155832209428));
#7192=CARTESIAN_POINT('Ctrl Pts',(4.53289737007423,-48.7073337195433,-7.68066839838152));
#7193=CARTESIAN_POINT('Ctrl Pts',(4.59851459932004,-49.1606163960073,-7.69218364286215));
#7194=CARTESIAN_POINT('Ctrl Pts',(4.75360500411493,-50.2343187916892,-7.4448580642671));
#7195=CARTESIAN_POINT('Ctrl Pts',(4.86608720663981,-51.0163452780449,-6.60115016682765));
#7196=CARTESIAN_POINT('Ctrl Pts',(4.90120019888416,-51.2604123647956,-6.02520050287477));
#7197=CARTESIAN_POINT('Ctrl Pts',(4.15829382791337,-48.7566512114738,-6.5971834679187));
#7198=CARTESIAN_POINT('Ctrl Pts',(4.19433057404079,-49.0308497080898,-6.60059968567396));
#7199=CARTESIAN_POINT('Ctrl Pts',(4.27923667531496,-49.6759455987299,-6.44303982220338));
#7200=CARTESIAN_POINT('Ctrl Pts',(4.34033848544259,-50.1391503622505,-5.93497352186951));
#7201=CARTESIAN_POINT('Ctrl Pts',(4.3592892087007,-50.2833627017279,-5.59101016680283));
#7202=CARTESIAN_POINT('Ctrl Pts',(4.15829382791337,-48.7566512114738,-6.13345094420714));
#7203=CARTESIAN_POINT('Ctrl Pts',(4.18428456248166,-48.9540704404636,-6.13345094420714));
#7204=CARTESIAN_POINT('Ctrl Pts',(4.24497117645855,-49.415031038166,-6.01453771510053));
#7205=CARTESIAN_POINT('Ctrl Pts',(4.28787073803229,-49.7408855594238,-5.65017969965125));
#7206=CARTESIAN_POINT('Ctrl Pts',(4.30122805811652,-49.8423444783886,-5.40519755171798));
#7207=CARTESIAN_POINT('',(4.16771124459471,-48.8281835929625,-6.13126050383959));
#7208=CARTESIAN_POINT('Ctrl Pts',(6.2071632700561,-48.4869124321852,-8.2));
#7209=CARTESIAN_POINT('Ctrl Pts',(5.94336819842921,-48.5405779367934,-8.2));
#7210=CARTESIAN_POINT('Ctrl Pts',(5.6814042001174,-48.5899962774901,-8.14750182214948));
#7211=CARTESIAN_POINT('Ctrl Pts',(5.19105403397442,-48.6762957741122,-7.94335390688783));
#7212=CARTESIAN_POINT('Ctrl Pts',(4.96741855496954,-48.7124119817626,-7.7937784152032));
#7213=CARTESIAN_POINT('Ctrl Pts',(4.58859031365511,-48.7703273798855,-7.41612388334738));
#7214=CARTESIAN_POINT('Ctrl Pts',(4.43711111262823,-48.7916485719292,-7.1916260753362));
#7215=CARTESIAN_POINT('Ctrl Pts',(4.27816780171505,-48.8134814162398,-6.81585711143299));
#7216=CARTESIAN_POINT('Ctrl Pts',(4.23689233063859,-48.8190060952292,-6.68240123486494));
#7217=CARTESIAN_POINT('Ctrl Pts',(4.1816128304027,-48.8263632798693,-6.409352128746));
#7218=CARTESIAN_POINT('Ctrl Pts',(4.16771124459499,-48.8281835929645,-6.27049786402564));
#7219=CARTESIAN_POINT('Ctrl Pts',(4.16771124459499,-48.8281835929645,-6.13126050383935));
#7220=CARTESIAN_POINT('',(6.72571765104736,-51.4427669145751,-6.20020165891173));
#7221=CARTESIAN_POINT('Ctrl Pts',(6.2071632700561,-48.4869124321852,-8.2));
#7222=CARTESIAN_POINT('Ctrl Pts',(6.30229473153545,-49.0241958465771,-8.2));
#7223=CARTESIAN_POINT('Ctrl Pts',(6.52320393171312,-50.279008275,-7.87346190109995));
#7224=CARTESIAN_POINT('Ctrl Pts',(6.67767435391592,-51.1664411141572,-6.87292752340627));
#7225=CARTESIAN_POINT('Ctrl Pts',(6.72571765104729,-51.4427669145747,-6.20020165891156));
#7226=CARTESIAN_POINT('',(4.30122805812028,-49.8423444784172,-5.40519755172731));
#7227=CARTESIAN_POINT('Origin',(6.35009750025926,-49.5726056991,-5.40519755171798));
#7228=CARTESIAN_POINT('Ctrl Pts',(4.16771066191512,-48.8281791670716,-6.13118699763658));
#7229=CARTESIAN_POINT('Ctrl Pts',(4.19915062872404,-49.0669894242644,-6.11609838962635));
#7230=CARTESIAN_POINT('Ctrl Pts',(4.2553581440476,-49.4939278899494,-5.95186446491018));
#7231=CARTESIAN_POINT('Ctrl Pts',(4.29121006815557,-49.7662502899416,-5.58893416079403));
#7232=CARTESIAN_POINT('Ctrl Pts',(4.30122805811663,-49.8423444783896,-5.40519755171565));
#7233=CARTESIAN_POINT('Origin',(2.34886944214272,-19.1802612207103,7.39989917050025));
#7234=CARTESIAN_POINT('',(6.72571765104629,-51.4427669145688,21.0000000000049));
#7235=CARTESIAN_POINT('',(4.25628352728683,-49.5009568734946,21.));
#7236=CARTESIAN_POINT('Ctrl Pts',(6.72571765104669,-51.4427669145708,21.));
#7237=CARTESIAN_POINT('Ctrl Pts',(6.68281615038124,-51.4513836413084,21.));
#7238=CARTESIAN_POINT('Ctrl Pts',(6.64041740330978,-51.4583546315848,21.));
#7239=CARTESIAN_POINT('Ctrl Pts',(6.5990775746678,-51.4637971232753,21.));
#7240=CARTESIAN_POINT('Ctrl Pts',(6.35296301722044,-51.4961987194559,21.));
#7241=CARTESIAN_POINT('Ctrl Pts',(6.05595575883424,-51.4733358156509,21.));
#7242=CARTESIAN_POINT('Ctrl Pts',(5.56846674317186,-51.3340090235552,21.));
#7243=CARTESIAN_POINT('Ctrl Pts',(5.29396351942187,-51.1888428600116,21.));
#7244=CARTESIAN_POINT('Ctrl Pts',(4.88030771584761,-50.8548069489658,21.));
#7245=CARTESIAN_POINT('Ctrl Pts',(4.67161987252604,-50.6024067773571,21.));
#7246=CARTESIAN_POINT('Ctrl Pts',(4.40016328729975,-50.112811768883,21.));
#7247=CARTESIAN_POINT('Ctrl Pts',(4.29373113590506,-49.7853997006681,21.));
#7248=CARTESIAN_POINT('Ctrl Pts',(4.25628352728685,-49.5009568734946,21.));
#7249=CARTESIAN_POINT('Origin',(0.299999999999998,-19.4499999999989,7.39989917050025));
#7250=CARTESIAN_POINT('Origin',(2.47607344980844,-19.163514495398,7.39989917050025));
#7251=CARTESIAN_POINT('Origin',(0.3,-19.4499999999989,7.39989917050025));
#7252=CARTESIAN_POINT('',(10.7315487339349,-50.3694077108989,-6.20020165891294));
#7253=CARTESIAN_POINT('Origin',(0.299999999999956,-19.449999999998,-6.20020165891397));
#7254=CARTESIAN_POINT('',(10.7315487339328,-50.3694077108938,21.0000000000049));
#7255=CARTESIAN_POINT('Origin',(-1.72777764033541,-20.2899330001027,7.39989917050025));
#7256=CARTESIAN_POINT('Origin',(0.29999999999988,-19.4499999999983,21.0000000000049));
#7257=CARTESIAN_POINT('Origin',(0.299999999999996,-19.4499999999989,-4.94987394027639));
#7258=CARTESIAN_POINT('Ctrl Pts',(10.7315487339347,-50.3694077108989,-6.20020165891292));
#7259=CARTESIAN_POINT('Ctrl Pts',(10.6591315963642,-50.1719126043254,-6.70474605214125));
#7260=CARTESIAN_POINT('Ctrl Pts',(10.5420309453756,-49.8524435615886,-7.15520173758522));
#7261=CARTESIAN_POINT('Ctrl Pts',(10.395245255883,-49.450881806372,-7.49419103000998));
#7262=CARTESIAN_POINT('Ctrl Pts',(10.1995310032253,-48.9154661327471,-7.9461767532453));
#7263=CARTESIAN_POINT('Ctrl Pts',(9.9510433487822,-48.2341078591567,-8.19999999999998));
#7264=CARTESIAN_POINT('Ctrl Pts',(9.70270275992227,-47.5502854487645,-8.19999999999999));
#7265=CARTESIAN_POINT('Origin',(-1.60924237557755,-20.2408340858205,7.39989917050025));
#7266=CARTESIAN_POINT('',(11.8992363975436,-47.4530338241202,21.));
#7267=CARTESIAN_POINT('Ctrl Pts',(11.8992363975436,-47.4530338241201,21.));
#7268=CARTESIAN_POINT('Ctrl Pts',(12.009027230756,-47.7180923426858,21.));
#7269=CARTESIAN_POINT('Ctrl Pts',(12.0805603179762,-48.0548555869628,21.));
#7270=CARTESIAN_POINT('Ctrl Pts',(12.0902695233827,-48.6145855944806,21.));
#7271=CARTESIAN_POINT('Ctrl Pts',(12.0357406354096,-48.9375144766741,21.));
#7272=CARTESIAN_POINT('Ctrl Pts',(11.8445221566143,-49.4336259632031,21.));
#7273=CARTESIAN_POINT('Ctrl Pts',(11.6793784731979,-49.6965951604768,21.));
#7274=CARTESIAN_POINT('Ctrl Pts',(11.3268639976163,-50.0610002096907,21.));
#7275=CARTESIAN_POINT('Ctrl Pts',(11.0810796186479,-50.2293036943832,21.));
#7276=CARTESIAN_POINT('Ctrl Pts',(10.8517373615671,-50.3243003676913,21.));
#7277=CARTESIAN_POINT('Ctrl Pts',(10.8132147739297,-50.3402569459484,21.));
#7278=CARTESIAN_POINT('Ctrl Pts',(10.773010886739,-50.3554192648153,21.));
#7279=CARTESIAN_POINT('Ctrl Pts',(10.7315487339335,-50.3694077108958,21.));
#7280=CARTESIAN_POINT('',(12.0310070945309,-47.7711564279103,-5.40519755171798));
#7281=CARTESIAN_POINT('Origin',(10.1217647189644,-48.5619905137587,-5.40519755172731));
#7282=CARTESIAN_POINT('Origin',(0.3,-19.4499999999989,7.39989917050025));
#7283=CARTESIAN_POINT('Ctrl Pts',(10.7315487339358,-50.369407710902,-6.20020165890514));
#7284=CARTESIAN_POINT('Ctrl Pts',(10.6591315963654,-50.1719126043287,-6.70474605213662));
#7285=CARTESIAN_POINT('Ctrl Pts',(10.3858967440576,-49.4264848379399,-7.7558093181793));
#7286=CARTESIAN_POINT('Ctrl Pts',(9.95104334878219,-48.2341078591567,-8.19999999999998));
#7287=CARTESIAN_POINT('Ctrl Pts',(9.70270275992226,-47.5502854487645,-8.19999999999999));
#7288=CARTESIAN_POINT('Ctrl Pts',(11.3383311616026,-50.1579265816133,-6.21558322093632));
#7289=CARTESIAN_POINT('Ctrl Pts',(11.2623282275065,-49.9556653588822,-6.7264519579648));
#7290=CARTESIAN_POINT('Ctrl Pts',(10.9768615864973,-49.1954087821023,-7.78370397853994));
#7291=CARTESIAN_POINT('Ctrl Pts',(10.528563611767,-47.9965064404691,-8.20994791815306));
#7292=CARTESIAN_POINT('Ctrl Pts',(10.2739467428781,-47.3136684436001,-8.19999999999999));
#7293=CARTESIAN_POINT('Ctrl Pts',(12.2204205533632,-49.2992058563151,-6.02518829958333));
#7294=CARTESIAN_POINT('Ctrl Pts',(12.1517019539969,-49.1275122629581,-6.45715054314792));
#7295=CARTESIAN_POINT('Ctrl Pts',(11.8926794878443,-48.4803806985023,-7.34831303184046));
#7296=CARTESIAN_POINT('Ctrl Pts',(11.489273761189,-47.4712003866178,-7.69599547824996));
#7297=CARTESIAN_POINT('Ctrl Pts',(11.2628535640531,-46.9040498263462,-7.68064181920712));
#7298=CARTESIAN_POINT('Ctrl Pts',(12.2012337748223,-48.1821199881475,-5.59101016679954));
#7299=CARTESIAN_POINT('Ctrl Pts',(12.1594630037652,-48.0813448058078,-5.84898268047183));
#7300=CARTESIAN_POINT('Ctrl Pts',(12.001901528923,-47.7008902813873,-6.38398623585794));
#7301=CARTESIAN_POINT('Ctrl Pts',(11.7531324806552,-47.1000930061543,-6.60173842484719));
#7302=CARTESIAN_POINT('Ctrl Pts',(11.6119451354998,-46.7594513629428,-6.5971834679187));
#7303=CARTESIAN_POINT('Ctrl Pts',(12.0310070945313,-47.7711564279112,-5.40519755171564));
#7304=CARTESIAN_POINT('Ctrl Pts',(12.0016358341084,-47.7002479326544,-5.58893416079406));
#7305=CARTESIAN_POINT('Ctrl Pts',(11.8907805507318,-47.4326196040657,-5.97169294876249));
#7306=CARTESIAN_POINT('Ctrl Pts',(11.7135464378761,-47.0047386050944,-6.13345094420714));
#7307=CARTESIAN_POINT('Ctrl Pts',(11.6119451354998,-46.7594513629428,-6.13345094420714));
#7308=CARTESIAN_POINT('',(11.6395556041517,-46.8261089308256,-6.13126050384226));
#7309=CARTESIAN_POINT('Ctrl Pts',(11.6395556041608,-46.8261089308478,-6.13126050383935));
#7310=CARTESIAN_POINT('Ctrl Pts',(11.6395556041608,-46.8261089308478,-6.40270931467737));
#7311=CARTESIAN_POINT('Ctrl Pts',(11.5903760345909,-46.8466242508228,-6.67136890966953));
#7312=CARTESIAN_POINT('Ctrl Pts',(11.3991094104747,-46.9246650369264,-7.17105330527507));
#7313=CARTESIAN_POINT('Ctrl Pts',(11.2595698047074,-46.9810855205703,-7.39743681716598));
#7314=CARTESIAN_POINT('Ctrl Pts',(10.9064309828202,-47.1190508566046,-7.77955068784734));
#7315=CARTESIAN_POINT('Ctrl Pts',(10.6962863533327,-47.1991523820866,-7.9316883154143));
#7316=CARTESIAN_POINT('Ctrl Pts',(10.3440521595533,-47.3277702249623,-8.09035240153953));
#7317=CARTESIAN_POINT('Ctrl Pts',(10.2194652455045,-47.3723819142282,-8.13130480757038));
#7318=CARTESIAN_POINT('Ctrl Pts',(9.96392726546169,-47.4618489622912,-8.1861879625335));
#7319=CARTESIAN_POINT('Ctrl Pts',(9.83363811987416,-47.5064728592933,-8.2));
#7320=CARTESIAN_POINT('Ctrl Pts',(9.70270275992227,-47.5502854487645,-8.2));
#7321=CARTESIAN_POINT('Ctrl Pts',(12.0310070945309,-47.7711564279103,-5.40519755171798));
#7322=CARTESIAN_POINT('Ctrl Pts',(11.9918454135679,-47.6766117666042,-5.65017969965137));
#7323=CARTESIAN_POINT('Ctrl Pts',(11.8725840014088,-47.3886892479019,-5.99566813518639));
#7324=CARTESIAN_POINT('Ctrl Pts',(11.7064351615321,-46.9875704652991,-6.12047593035519));
#7325=CARTESIAN_POINT('Ctrl Pts',(11.639554867072,-46.8261071513579,-6.13122878935621));
#7326=CARTESIAN_POINT('Origin',(0.300000000000001,-19.4499999999989,-8.2));
#7327=CARTESIAN_POINT('Ctrl Pts',(4.16771124459497,-48.8281835929645,-6.13126050383935));
#7328=CARTESIAN_POINT('Ctrl Pts',(4.16771124459497,-48.8281835929645,-6.40270931467736));
#7329=CARTESIAN_POINT('Ctrl Pts',(4.11489767269568,-48.8352712611283,-6.67136890966953));
#7330=CARTESIAN_POINT('Ctrl Pts',(3.90994985901631,-48.861149426916,-7.17105330527507));
#7331=CARTESIAN_POINT('Ctrl Pts',(3.76056225431454,-48.8795319216806,-7.39743681716598));
#7332=CARTESIAN_POINT('Ctrl Pts',(3.38374828945879,-48.9213971502193,-7.77955068784735));
#7333=CARTESIAN_POINT('Ctrl Pts',(3.16003236424439,-48.9443798500702,-7.9316883154143));
#7334=CARTESIAN_POINT('Ctrl Pts',(2.78651151229447,-48.9774502285389,-8.09035240153953));
#7335=CARTESIAN_POINT('Ctrl Pts',(2.65462343958093,-48.9882963452289,-8.13130480757038));
#7336=CARTESIAN_POINT('Ctrl Pts',(2.38463692911203,-49.0085767815726,-8.18618796253349));
#7337=CARTESIAN_POINT('Ctrl Pts',(2.24723776409309,-49.0179588439085,-8.2));
#7338=CARTESIAN_POINT('Ctrl Pts',(2.10942438577063,-49.0263899907624,-8.2));
#7339=CARTESIAN_POINT('Origin',(0.300000000000001,-19.4499999999989,-8.2));
#7340=CARTESIAN_POINT('Ctrl Pts',(13.5211875110774,-45.9686172771212,-8.2));
#7341=CARTESIAN_POINT('Ctrl Pts',(13.2802706932028,-46.0887293625443,-8.2));
#7342=CARTESIAN_POINT('Ctrl Pts',(13.0400233094251,-46.2042650860098,-8.14750182214947));
#7343=CARTESIAN_POINT('Ctrl Pts',(12.5887173733311,-46.4145359603599,-7.94335390688783));
#7344=CARTESIAN_POINT('Ctrl Pts',(12.3820496508626,-46.5073026592042,-7.79377841520321));
#7345=CARTESIAN_POINT('Ctrl Pts',(12.0311192768882,-46.6612926016657,-7.41612388334738));
#7346=CARTESIAN_POINT('Ctrl Pts',(11.8903199350359,-46.7210929938707,-7.1916260753362));
#7347=CARTESIAN_POINT('Ctrl Pts',(11.7424432420253,-46.7833194580076,-6.815857111433));
#7348=CARTESIAN_POINT('Ctrl Pts',(11.7040040906608,-46.7993387661355,-6.68240123486495));
#7349=CARTESIAN_POINT('Ctrl Pts',(11.6525123732218,-46.820752648253,-6.40935212874599));
#7350=CARTESIAN_POINT('Ctrl Pts',(11.6395556041608,-46.8261089308478,-6.27049786402562));
#7351=CARTESIAN_POINT('Ctrl Pts',(11.6395556041608,-46.8261089308478,-6.13126050383934));
#7352=CARTESIAN_POINT('Ctrl Pts',(-1.50942438577062,-49.0263899907624,-8.2));
#7353=CARTESIAN_POINT('Ctrl Pts',(-1.5565936304974,-49.5699877507794,-8.2));
#7354=CARTESIAN_POINT('Ctrl Pts',(-1.66798110161568,-50.839219231622,-7.87346231801522));
#7355=CARTESIAN_POINT('Ctrl Pts',(-1.74845863310796,-51.7363931763962,-6.87292752340625));
#7356=CARTESIAN_POINT('Ctrl Pts',(-1.77357075142994,-52.0157379237766,-6.20020165891155));
#7357=CARTESIAN_POINT('Ctrl Pts',(-2.1224446893516,-48.9456843367242,-8.2));
#7358=CARTESIAN_POINT('Ctrl Pts',(-2.17435183861583,-49.4897872595185,-8.20746093874342));
#7359=CARTESIAN_POINT('Ctrl Pts',(-2.29712146613624,-50.7672705867717,-7.89895816293472));
#7360=CARTESIAN_POINT('Ctrl Pts',(-2.38632739238682,-51.6817892241211,-6.89674154391938));
#7361=CARTESIAN_POINT('Ctrl Pts',(-2.41441291319129,-51.9685096877375,-6.21558322094279));
#7362=CARTESIAN_POINT('Ctrl Pts',(-3.18371400547407,-48.8059655806438,-7.68070370061543));
#7363=CARTESIAN_POINT('Ctrl Pts',(-3.23765081857994,-49.2607860130654,-7.69221894509607));
#7364=CARTESIAN_POINT('Ctrl Pts',(-3.36574223373291,-50.3380569818414,-7.44488741098991));
#7365=CARTESIAN_POINT('Ctrl Pts',(-3.45950077445423,-51.1225735328364,-6.60116637512864));
#7366=CARTESIAN_POINT('Ctrl Pts',(-3.4887534387409,-51.3674121463994,-6.02521671117562));
#7367=CARTESIAN_POINT('Ctrl Pts',(-3.55829382791335,-48.7566512114738,-6.5971834679187));
#7368=CARTESIAN_POINT('Ctrl Pts',(-3.59445279719614,-49.0308336171061,-6.60059968567396));
#7369=CARTESIAN_POINT('Ctrl Pts',(-3.67940289820483,-49.6759239284395,-6.44304018906586));
#7370=CARTESIAN_POINT('Ctrl Pts',(-3.74026930172701,-50.1391594704594,-5.93497352186967));
#7371=CARTESIAN_POINT('Ctrl Pts',(-3.75928920870069,-50.283362701728,-5.59101016680282));
#7372=CARTESIAN_POINT('Ctrl Pts',(-3.55829382791335,-48.7566512114738,-6.13345094420714));
#7373=CARTESIAN_POINT('Ctrl Pts',(-3.58428456248164,-48.9540704404636,-6.13345094420714));
#7374=CARTESIAN_POINT('Ctrl Pts',(-3.64497118796963,-49.4150311256014,-6.0145378669258));
#7375=CARTESIAN_POINT('Ctrl Pts',(-3.68787073803227,-49.7408855594238,-5.65017969965141));
#7376=CARTESIAN_POINT('Ctrl Pts',(-3.70122805811651,-49.8423444783886,-5.40519755171798));
#7377=CARTESIAN_POINT('',(-3.5677112445947,-48.8281835929625,-6.13126050383959));
#7378=CARTESIAN_POINT('Ctrl Pts',(-1.50942438577063,-49.0263899907624,-8.2));
#7379=CARTESIAN_POINT('Ctrl Pts',(-1.77812051296043,-49.0099516991031,-8.2));
#7380=CARTESIAN_POINT('Ctrl Pts',(-2.04394871223742,-48.98988487878,-8.14750182214948));
#7381=CARTESIAN_POINT('Ctrl Pts',(-2.53992655494863,-48.9463318295961,-7.94335390688783));
#7382=CARTESIAN_POINT('Ctrl Pts',(-2.76528940217079,-48.9233362861862,-7.7937784152032));
#7383=CARTESIAN_POINT('Ctrl Pts',(-3.14619899222295,-48.881230301298,-7.41612388334739));
#7384=CARTESIAN_POINT('Ctrl Pts',(-3.29803499520566,-48.8626192891776,-7.19162607533621));
#7385=CARTESIAN_POINT('Ctrl Pts',(-3.45721320004892,-48.8425706414026,-6.81585711143298));
#7386=CARTESIAN_POINT('Ctrl Pts',(-3.49851213569445,-48.8372241935102,-6.68240123486492));
#7387=CARTESIAN_POINT('Ctrl Pts',(-3.55381221213984,-48.830023300698,-6.409352128746));
#7388=CARTESIAN_POINT('Ctrl Pts',(-3.56771124459498,-48.8281835929645,-6.27049786402564));
#7389=CARTESIAN_POINT('Ctrl Pts',(-3.56771124459498,-48.8281835929645,-6.13126050383934));
#7390=CARTESIAN_POINT('',(-1.77357075142997,-52.015737923777,-6.20020165891173));
#7391=CARTESIAN_POINT('Ctrl Pts',(-1.50942438577062,-49.0263899907624,-8.2));
#7392=CARTESIAN_POINT('Ctrl Pts',(-1.5565936304974,-49.5699877507794,-8.2));
#7393=CARTESIAN_POINT('Ctrl Pts',(-1.66798110161568,-50.839219231622,-7.87346231801522));
#7394=CARTESIAN_POINT('Ctrl Pts',(-1.74845863310796,-51.7363931763962,-6.87292752340625));
#7395=CARTESIAN_POINT('Ctrl Pts',(-1.77357075142994,-52.0157379237766,-6.20020165891155));
#7396=CARTESIAN_POINT('',(-3.70122805812026,-49.8423444784172,-5.40519755172731));
#7397=CARTESIAN_POINT('Origin',(-1.65235861597377,-50.1120832576772,-5.40519755171798));
#7398=CARTESIAN_POINT('Ctrl Pts',(-3.56771066191096,-48.8281791670401,-6.13118699711307));
#7399=CARTESIAN_POINT('Ctrl Pts',(-3.59915062840117,-49.066989421812,-6.11609838579496));
#7400=CARTESIAN_POINT('Ctrl Pts',(-3.65535814066979,-49.4939278642923,-5.95186442863065));
#7401=CARTESIAN_POINT('Ctrl Pts',(-3.69121006815555,-49.7662502899415,-5.58893416079414));
#7402=CARTESIAN_POINT('Ctrl Pts',(-3.70122805811662,-49.8423444783896,-5.40519755171565));
#7403=CARTESIAN_POINT('Origin',(2.34886944214272,-19.7197387792875,7.39989917050025));
#7404=CARTESIAN_POINT('',(-1.77357075142937,-52.0157379237706,21.0000000000049));
#7405=CARTESIAN_POINT('',(-3.65628352728681,-49.5009568734946,21.));
#7406=CARTESIAN_POINT('Ctrl Pts',(-1.77357075142951,-52.0157379237726,21.));
#7407=CARTESIAN_POINT('Ctrl Pts',(-1.81724059189496,-52.0129573172309,21.));
#7408=CARTESIAN_POINT('Ctrl Pts',(-1.85999886174032,-52.008717173543,21.));
#7409=CARTESIAN_POINT('Ctrl Pts',(-1.90133869038231,-52.0032746818525,21.));
#7410=CARTESIAN_POINT('Ctrl Pts',(-2.14745324782967,-51.9708730856719,21.));
#7411=CARTESIAN_POINT('Ctrl Pts',(-2.42842287436914,-51.8719180814187,21.));
#7412=CARTESIAN_POINT('Ctrl Pts',(-2.86324067734225,-51.6111672931077,21.));
#7413=CARTESIAN_POINT('Ctrl Pts',(-3.09081866273243,-51.3999008843891,21.));
#7414=CARTESIAN_POINT('Ctrl Pts',(-3.40392463107234,-50.9701849709198,21.));
#7415=CARTESIAN_POINT('Ctrl Pts',(-3.54017563716973,-50.6723727382702,21.));
#7416=CARTESIAN_POINT('Ctrl Pts',(-3.67566605097583,-50.1292021409878,21.));
#7417=CARTESIAN_POINT('Ctrl Pts',(-3.69373113590505,-49.7853997006681,21.));
#7418=CARTESIAN_POINT('Ctrl Pts',(-3.65628352728683,-49.5009568734946,21.));
#7419=CARTESIAN_POINT('Origin',(0.299999999999998,-19.4499999999989,7.39989917050025));
#7420=CARTESIAN_POINT('Origin',(2.47607344980844,-19.7364855045998,7.39989917050025));
#7421=CARTESIAN_POINT('Origin',(0.3,-19.4499999999989,7.39989917050025));
#7422=CARTESIAN_POINT('',(2.37357075143009,-52.015737923776,-6.20020165891294));
#7423=CARTESIAN_POINT('Origin',(0.300000000000178,-19.4499999999981,-6.20020165891397));
#7424=CARTESIAN_POINT('',(2.37357075142938,-52.0157379237706,21.0000000000049));
#7425=CARTESIAN_POINT('Origin',(-1.87607344980845,-19.7364855045998,7.39989917050025));
#7426=CARTESIAN_POINT('Origin',(0.300000000000036,-19.4499999999983,21.0000000000049));
#7427=CARTESIAN_POINT('Origin',(0.299999999999996,-19.4499999999989,-4.94987394027639));
#7428=CARTESIAN_POINT('Ctrl Pts',(2.37357075142989,-52.015737923776,-6.20020165891293));
#7429=CARTESIAN_POINT('Ctrl Pts',(2.35473666288035,-51.8062293653759,-6.70474605214125));
#7430=CARTESIAN_POINT('Ctrl Pts',(2.32431079233724,-51.4673380869153,-7.15520173658713));
#7431=CARTESIAN_POINT('Ctrl Pts',(2.28645853395318,-51.0414682846107,-7.4941910288693));
#7432=CARTESIAN_POINT('Ctrl Pts',(2.2359888561075,-50.4736418815352,-7.94617675191452));
#7433=CARTESIAN_POINT('Ctrl Pts',(2.17231671098886,-49.7511869916244,-8.19999999999998));
#7434=CARTESIAN_POINT('Ctrl Pts',(2.10942438577063,-49.0263899907625,-8.2));
#7435=CARTESIAN_POINT('Origin',(-1.74886944214273,-19.7197387792875,7.39989917050025));
#7436=CARTESIAN_POINT('Ctrl Pts',(4.25628352728683,-49.5009568734946,21.));
#7437=CARTESIAN_POINT('Ctrl Pts',(4.29373113590505,-49.7853997006681,21.));
#7438=CARTESIAN_POINT('Ctrl Pts',(4.27566605097583,-50.1292021409878,21.));
#7439=CARTESIAN_POINT('Ctrl Pts',(4.14017563716973,-50.6723727382702,21.));
#7440=CARTESIAN_POINT('Ctrl Pts',(4.00392463107235,-50.9701849709198,21.));
#7441=CARTESIAN_POINT('Ctrl Pts',(3.69081866273243,-51.3999008843891,21.));
#7442=CARTESIAN_POINT('Ctrl Pts',(3.46324067734225,-51.6111672931077,21.));
#7443=CARTESIAN_POINT('Ctrl Pts',(3.02842287436915,-51.8719180814187,21.));
#7444=CARTESIAN_POINT('Ctrl Pts',(2.74745324782967,-51.9708730856719,21.));
#7445=CARTESIAN_POINT('Ctrl Pts',(2.50133869038232,-52.0032746818525,21.));
#7446=CARTESIAN_POINT('Ctrl Pts',(2.45999886174033,-52.008717173543,21.));
#7447=CARTESIAN_POINT('Ctrl Pts',(2.41724059189497,-52.0129573172308,21.));
#7448=CARTESIAN_POINT('Ctrl Pts',(2.37357075142951,-52.0157379237726,21.));
#7449=CARTESIAN_POINT('Origin',(2.25235861597755,-50.1120832577058,-5.40519755172731));
#7450=CARTESIAN_POINT('Ctrl Pts',(2.37357075143018,-52.0157379237792,-6.20020165890515));
#7451=CARTESIAN_POINT('Ctrl Pts',(2.35473666288066,-51.8062293653794,-6.70474605213662));
#7452=CARTESIAN_POINT('Ctrl Pts',(2.28374296494648,-51.0154830489682,-7.75580931585043));
#7453=CARTESIAN_POINT('Ctrl Pts',(2.17231671098886,-49.7511869916244,-8.19999999999999));
#7454=CARTESIAN_POINT('Ctrl Pts',(2.10942438577063,-49.0263899907624,-8.2));
#7455=CARTESIAN_POINT('Ctrl Pts',(3.01441291319156,-51.9685096877403,-6.21558322093633));
#7456=CARTESIAN_POINT('Ctrl Pts',(2.9933487728029,-51.7534693422197,-6.72645195796479));
#7457=CARTESIAN_POINT('Ctrl Pts',(2.91437805289952,-50.9452336754541,-7.78370398195344));
#7458=CARTESIAN_POINT('Ctrl Pts',(2.79165422051086,-49.6711548879442,-8.20994791815307));
#7459=CARTESIAN_POINT('Ctrl Pts',(2.7224446893516,-48.9456843367242,-8.2));
#7460=CARTESIAN_POINT('Ctrl Pts',(4.08874830081146,-51.3674063343046,-6.02521402396183));
#7461=CARTESIAN_POINT('Ctrl Pts',(4.06680880282009,-51.183777376004,-6.45717626752638));
#7462=CARTESIAN_POINT('Ctrl Pts',(3.98409825875041,-50.4916351547438,-7.34834974936126));
#7463=CARTESIAN_POINT('Ctrl Pts',(3.85562582249966,-49.4123933311481,-7.69605150682663));
#7464=CARTESIAN_POINT('Ctrl Pts',(3.78371007293152,-48.8059660983729,-7.68069784778379));
#7465=CARTESIAN_POINT('Ctrl Pts',(4.35928920870087,-50.2833627017293,-5.59101016679955));
#7466=CARTESIAN_POINT('Ctrl Pts',(4.34502427861601,-50.1752102793803,-5.84898268047179));
#7467=CARTESIAN_POINT('Ctrl Pts',(4.29130045749396,-49.7669395171596,-6.38398623347645));
#7468=CARTESIAN_POINT('Ctrl Pts',(4.20650578612599,-49.122227746015,-6.60173842484719));
#7469=CARTESIAN_POINT('Ctrl Pts',(4.15829382791335,-48.7566512114738,-6.5971834679187));
#7470=CARTESIAN_POINT('Ctrl Pts',(4.30122805811663,-49.8423444783896,-5.40519755171565));
#7471=CARTESIAN_POINT('Ctrl Pts',(4.29121006815557,-49.7662502899416,-5.58893416079403));
#7472=CARTESIAN_POINT('Ctrl Pts',(4.25339939532979,-49.4790497163203,-5.9716929479144));
#7473=CARTESIAN_POINT('Ctrl Pts',(4.19294814007369,-49.0198768455894,-6.13345094420714));
#7474=CARTESIAN_POINT('Ctrl Pts',(4.15829382791335,-48.7566512114738,-6.13345094420714));
#7475=CARTESIAN_POINT('Origin',(0.300000000000001,-19.4499999999989,-8.2));
#7476=CARTESIAN_POINT('Ctrl Pts',(-3.56771124459496,-48.8281835929645,-6.13126050383935));
#7477=CARTESIAN_POINT('Ctrl Pts',(-3.56771124459496,-48.8281835929645,-6.40270931467736));
#7478=CARTESIAN_POINT('Ctrl Pts',(-3.62055966117724,-48.8213605964447,-6.67136890966952));
#7479=CARTESIAN_POINT('Ctrl Pts',(-3.82522180960977,-48.7933125876836,-7.17105330527506));
#7480=CARTESIAN_POINT('Ctrl Pts',(-3.97427689486026,-48.7724043569293,-7.39743681716597));
#7481=CARTESIAN_POINT('Ctrl Pts',(-4.34908675369419,-48.7153164318331,-7.77955068784735));
#7482=CARTESIAN_POINT('Ctrl Pts',(-4.57112810404022,-48.6796140730387,-7.9316883154143));
#7483=CARTESIAN_POINT('Ctrl Pts',(-4.9404807853726,-48.6148832954593,-8.09035240153952));
#7484=CARTESIAN_POINT('Ctrl Pts',(-5.07068206255088,-48.5912246946449,-8.13130480757038));
#7485=CARTESIAN_POINT('Ctrl Pts',(-5.33671796893123,-48.5409364410476,-8.1861879625335));
#7486=CARTESIAN_POINT('Ctrl Pts',(-5.47186362734845,-48.5144372966735,-8.2));
#7487=CARTESIAN_POINT('Ctrl Pts',(-5.60716327005608,-48.4869124321852,-8.2));
#7488=CARTESIAN_POINT('Ctrl Pts',(-22.1865982137886,-38.7474029927533,-8.1512082592783));
#7489=CARTESIAN_POINT('Ctrl Pts',(-22.5971773091636,-39.0878822194338,-8.15104694261133));
#7490=CARTESIAN_POINT('Ctrl Pts',(-23.5588980528222,-39.8840050223296,-7.83383718323705));
#7491=CARTESIAN_POINT('Ctrl Pts',(-24.2454752191628,-40.4504025279204,-6.85292091247638));
#7492=CARTESIAN_POINT('Ctrl Pts',(-24.4602865249088,-40.6275496863895,-6.19098780662829));
#7493=CARTESIAN_POINT('Ctrl Pts',(-22.4234974564089,-38.4374427273113,-8.06501117943345));
#7494=CARTESIAN_POINT('Ctrl Pts',(-22.825120408809,-38.7663537886606,-8.06826519746026));
#7495=CARTESIAN_POINT('Ctrl Pts',(-23.7688932990649,-39.5380851254912,-7.76763062866236));
#7496=CARTESIAN_POINT('Ctrl Pts',(-24.4472833932402,-40.0911587136061,-6.81227685808238));
#7497=CARTESIAN_POINT('Ctrl Pts',(-24.6598521939941,-40.2644289139861,-6.1647850193486));
#7498=CARTESIAN_POINT('Ctrl Pts',(-22.9384718714076,-37.759590149155,-7.59265059806917));
#7499=CARTESIAN_POINT('Ctrl Pts',(-23.2840934277421,-38.0322269685777,-7.59943684885932));
#7500=CARTESIAN_POINT('Ctrl Pts',(-24.1003915528764,-38.6757134666507,-7.35375388311636));
#7501=CARTESIAN_POINT('Ctrl Pts',(-24.693275476411,-39.1424797494177,-6.54220095761692));
#7502=CARTESIAN_POINT('Ctrl Pts',(-24.8790532848535,-39.2887606112001,-5.98932290069097));
#7503=CARTESIAN_POINT('Ctrl Pts',(-23.1629976873311,-37.453791344376,-6.6660968328875));
#7504=CARTESIAN_POINT('Ctrl Pts',(-23.3902888467314,-37.6280634640884,-6.66759737907436));
#7505=CARTESIAN_POINT('Ctrl Pts',(-23.9233839371088,-38.0370712995351,-6.50139000725135));
#7506=CARTESIAN_POINT('Ctrl Pts',(-24.3053006580878,-38.3303831414268,-5.97519489802503));
#7507=CARTESIAN_POINT('Ctrl Pts',(-24.4251671033369,-38.4222880006789,-5.61856664967179));
#7508=CARTESIAN_POINT('Ctrl Pts',(-23.1593350155672,-37.4509808774834,-6.13340627886593));
#7509=CARTESIAN_POINT('Ctrl Pts',(-23.3161355179692,-37.5712981347052,-6.13169335860884));
#7510=CARTESIAN_POINT('Ctrl Pts',(-23.681444289772,-37.8516094142549,-6.01057242868038));
#7511=CARTESIAN_POINT('Ctrl Pts',(-23.9393414108401,-38.0495008353725,-5.64836805099831));
#7512=CARTESIAN_POINT('Ctrl Pts',(-24.019928369795,-38.1113373838577,-5.40519755171798));
#7513=CARTESIAN_POINT('Ctrl Pts',(-23.2083941446938,-37.4886252712691,-6.13118699837757));
#7514=CARTESIAN_POINT('Ctrl Pts',(-23.3994899134446,-37.6352582119201,-6.11609839504942));
#7515=CARTESIAN_POINT('Ctrl Pts',(-23.741125739201,-37.8974046010835,-5.95186451626133));
#7516=CARTESIAN_POINT('Ctrl Pts',(-23.9590378644999,-38.0646144558332,-5.58893416079407));
#7517=CARTESIAN_POINT('Ctrl Pts',(-24.0199283697957,-38.1113373838583,-5.40519755171565));
#7518=CARTESIAN_POINT('Origin',(1.55803535632108,-21.0895035962878,7.39989917050025));
#7519=CARTESIAN_POINT('',(-23.7467502968344,-37.9017204759511,21.));
#7520=CARTESIAN_POINT('Ctrl Pts',(-24.1936900598502,-41.0112181806373,21.));
#7521=CARTESIAN_POINT('Ctrl Pts',(-24.2226031144352,-40.9783727545694,21.));
#7522=CARTESIAN_POINT('Ctrl Pts',(-24.2498395426398,-40.945139857655,21.));
#7523=CARTESIAN_POINT('Ctrl Pts',(-24.2752227930247,-40.9120597617083,21.));
#7524=CARTESIAN_POINT('Ctrl Pts',(-24.4263406771639,-40.715119100808,21.));
#7525=CARTESIAN_POINT('Ctrl Pts',(-24.5550444508576,-40.4464718180347,21.));
#7526=CARTESIAN_POINT('Ctrl Pts',(-24.6781284173061,-39.9546305503573,21.));
#7527=CARTESIAN_POINT('Ctrl Pts',(-24.6896624437824,-39.6443207033973,21.));
#7528=CARTESIAN_POINT('Ctrl Pts',(-24.6072067608276,-39.1190663135562,21.));
#7529=CARTESIAN_POINT('Ctrl Pts',(-24.4929657219557,-38.8121372539744,21.));
#7530=CARTESIAN_POINT('Ctrl Pts',(-24.2046922996642,-38.3322514509068,21.));
#7531=CARTESIAN_POINT('Ctrl Pts',(-23.9743612067819,-38.0763724699122,21.));
#7532=CARTESIAN_POINT('Ctrl Pts',(-23.7467502968345,-37.901720475951,21.));
#7533=CARTESIAN_POINT('Origin',(0.3,-19.4499999999989,7.39989917050025));
#7534=CARTESIAN_POINT('Origin',(-1.33950359628896,-18.1919646436778,7.39989917050025));
#7535=CARTESIAN_POINT('',(-18.1517204759521,-43.4967502968333,21.));
#7536=CARTESIAN_POINT('Ctrl Pts',(-18.1517204759521,-43.4967502968333,21.));
#7537=CARTESIAN_POINT('Ctrl Pts',(-18.3263724699133,-43.7243612067808,21.));
#7538=CARTESIAN_POINT('Ctrl Pts',(-18.5822514509079,-43.9546922996631,21.));
#7539=CARTESIAN_POINT('Ctrl Pts',(-19.0621372539755,-44.2429657219546,21.));
#7540=CARTESIAN_POINT('Ctrl Pts',(-19.3690663135573,-44.3572067608265,21.));
#7541=CARTESIAN_POINT('Ctrl Pts',(-19.8943207033984,-44.4396624437813,21.));
#7542=CARTESIAN_POINT('Ctrl Pts',(-20.2046305503584,-44.428128417305,21.));
#7543=CARTESIAN_POINT('Ctrl Pts',(-20.6964718180358,-44.3050444508565,21.));
#7544=CARTESIAN_POINT('Ctrl Pts',(-20.9651191008091,-44.1763406771628,21.));
#7545=CARTESIAN_POINT('Ctrl Pts',(-21.1620597617094,-44.0252227930236,21.));
#7546=CARTESIAN_POINT('Ctrl Pts',(-21.1951398576561,-43.9998395426387,21.));
#7547=CARTESIAN_POINT('Ctrl Pts',(-21.2283727545705,-43.9726031144341,21.));
#7548=CARTESIAN_POINT('Ctrl Pts',(-21.2612181806384,-43.9436900598491,21.));
#7549=CARTESIAN_POINT('Origin',(0.3,-19.4499999999989,7.39989917050025));
#7550=CARTESIAN_POINT('Ctrl Pts',(-24.4091928913517,-3.09479752031271,-8.2));
#7551=CARTESIAN_POINT('Ctrl Pts',(-24.8563777386034,-2.78214887609343,-8.2));
#7552=CARTESIAN_POINT('Ctrl Pts',(-25.8998794898013,-2.05106275434269,-7.87348067732012));
#7553=CARTESIAN_POINT('Ctrl Pts',(-26.6366073707786,-1.5327861969272,-6.87292752340625));
#7554=CARTESIAN_POINT('Ctrl Pts',(-26.8659709592628,-1.37136609082734,-6.20020165891155));
#7555=CARTESIAN_POINT('Ctrl Pts',(-24.0327895929351,-2.60425919139504,-8.2));
#7556=CARTESIAN_POINT('Ctrl Pts',(-24.4780429717162,-2.28725482009702,-8.20746093874343));
#7557=CARTESIAN_POINT('Ctrl Pts',(-25.5229805023845,-1.54220115662292,-7.8989443252226));
#7558=CARTESIAN_POINT('Ctrl Pts',(-26.2703845813219,-1.00767762324879,-6.89674154391936));
#7559=CARTESIAN_POINT('Ctrl Pts',(-26.5046490261964,-0.83999461694538,-6.2155832209428));
#7560=CARTESIAN_POINT('Ctrl Pts',(-23.3810023858093,-1.75483356537541,-7.68107348275766));
#7561=CARTESIAN_POINT('Ctrl Pts',(-23.7479200278938,-1.48071269881569,-7.6925887272383));
#7562=CARTESIAN_POINT('Ctrl Pts',(-24.6169371047543,-0.831044669768513,
-7.44521492680562));
#7563=CARTESIAN_POINT('Ctrl Pts',(-25.249658600055,-0.357425328591598,-6.60133615305895));
#7564=CARTESIAN_POINT('Ctrl Pts',(-25.4470687270846,-0.209672471409482,
-6.025386489106));
#7565=CARTESIAN_POINT('Ctrl Pts',(-23.1511575350306,-1.45529392402375,-6.5971834679187));
#7566=CARTESIAN_POINT('Ctrl Pts',(-23.3705269789375,-1.28688813523404,-6.60059968567396));
#7567=CARTESIAN_POINT('Ctrl Pts',(-23.8867248082289,-0.890769525534958,
-6.44305634424395));
#7568=CARTESIAN_POINT('Ctrl Pts',(-24.2574570713471,-0.606444411342587,
-5.93497352186959));
#7569=CARTESIAN_POINT('Ctrl Pts',(-24.3728307794466,-0.517871073091521,
-5.59101016680282));
#7570=CARTESIAN_POINT('Ctrl Pts',(-23.1511575350306,-1.45529392402375,-6.13345094420714));
#7571=CARTESIAN_POINT('Ctrl Pts',(-23.3091322352472,-1.33407567312969,-6.13345094420714));
#7572=CARTESIAN_POINT('Ctrl Pts',(-23.6779956669959,-1.05103680707032,-6.01454455271297));
#7573=CARTESIAN_POINT('Ctrl Pts',(-23.938741028573,-0.850959854141875,-5.65017969965133));
#7574=CARTESIAN_POINT('Ctrl Pts',(-24.019928369795,-0.78866261614005,-5.40519755171798));
#7575=CARTESIAN_POINT('',(-26.8659709592631,-1.3713660908271,-6.20020165891173));
#7576=CARTESIAN_POINT('Ctrl Pts',(-24.4091928913517,-3.09479752031271,-8.2));
#7577=CARTESIAN_POINT('Ctrl Pts',(-24.8563777386034,-2.78214887609343,-8.2));
#7578=CARTESIAN_POINT('Ctrl Pts',(-25.8998794898013,-2.05106275434269,-7.87348067732012));
#7579=CARTESIAN_POINT('Ctrl Pts',(-26.6366073707786,-1.5327861969272,-6.87292752340625));
#7580=CARTESIAN_POINT('Ctrl Pts',(-26.8659709592628,-1.37136609082734,-6.20020165891155));
#7581=CARTESIAN_POINT('Origin',(-25.277963726116,-2.42816621242901,-5.40519755171798));
#7582=CARTESIAN_POINT('Origin',(-0.958035356321076,-21.0895035962878,7.39989917050025));
#7583=CARTESIAN_POINT('Origin',(0.300000000000005,-19.4499999999989,7.39989917050025));
#7584=CARTESIAN_POINT('Origin',(-1.0361404497046,-21.1912921357334,7.39989917050025));
#7585=CARTESIAN_POINT('Origin',(0.300000000000004,-19.4499999999989,7.39989917050025));
#7586=CARTESIAN_POINT('',(-28.9395417106923,-4.96289598539319,-6.20020165891294));
#7587=CARTESIAN_POINT('Origin',(0.30000000000063,-19.4499999999995,-6.20020165891397));
#7588=CARTESIAN_POINT('',(-28.9395417106873,-4.96289598539527,21.0000000000049));
#7589=CARTESIAN_POINT('Origin',(1.13993300010384,-17.4222223596635,7.39989917050025));
#7590=CARTESIAN_POINT('Origin',(0.300000000000504,-19.4499999999992,21.0000000000049));
#7591=CARTESIAN_POINT('Origin',(0.300000000000006,-19.4499999999989,-4.94987394027639));
#7592=CARTESIAN_POINT('Ctrl Pts',(-28.9395417106922,-4.96289598539301,-6.20020165891292));
#7593=CARTESIAN_POINT('Ctrl Pts',(-28.7486849325327,-5.05133946545203,-6.70474605214123));
#7594=CARTESIAN_POINT('Ctrl Pts',(-28.4399866556467,-5.19443405792096,-7.15520655124192));
#7595=CARTESIAN_POINT('Ctrl Pts',(-28.0522469039048,-5.37458773173075,-7.49419653133192));
#7596=CARTESIAN_POINT('Ctrl Pts',(-27.5352605682463,-5.61479263014503,-7.94618317145425));
#7597=CARTESIAN_POINT('Ctrl Pts',(-26.8777560550646,-5.92088033983264,-8.19999999999999));
#7598=CARTESIAN_POINT('Ctrl Pts',(-26.2186172771224,-6.22881248892152,-8.2));
#7599=CARTESIAN_POINT('Origin',(1.09083408582165,-17.5407576244213,7.39989917050025));
#7600=CARTESIAN_POINT('',(-27.7030338241213,-7.85076360245533,21.));
#7601=CARTESIAN_POINT('Ctrl Pts',(-27.7030338241213,-7.85076360245534,21.));
#7602=CARTESIAN_POINT('Ctrl Pts',(-27.9680923426869,-7.74097276924292,21.));
#7603=CARTESIAN_POINT('Ctrl Pts',(-28.2568014474222,-7.55342672661287,21.));
#7604=CARTESIAN_POINT('Ctrl Pts',(-28.6594557763545,-7.16450328764633,21.));
#7605=CARTESIAN_POINT('Ctrl Pts',(-28.8492432323382,-6.89760033874998,21.));
#7606=CARTESIAN_POINT('Ctrl Pts',(-29.0648351456431,-6.41158465935644,21.));
#7607=CARTESIAN_POINT('Ctrl Pts',(-29.1340082298646,-6.10886313830716,21.));
#7608=CARTESIAN_POINT('Ctrl Pts',(-29.1424161351122,-5.60192448075921,21.));
#7609=CARTESIAN_POINT('Ctrl Pts',(-29.0876288693573,-5.3091201443576,21.));
#7610=CARTESIAN_POINT('Ctrl Pts',(-28.9926321960491,-5.07977788727675,21.));
#7611=CARTESIAN_POINT('Ctrl Pts',(-28.9766756177921,-5.04125529963941,21.));
#7612=CARTESIAN_POINT('Ctrl Pts',(-28.9589685550187,-5.00210547988755,21.));
#7613=CARTESIAN_POINT('Ctrl Pts',(-28.9395417106891,-4.96289598539436,21.));
#7614=CARTESIAN_POINT('',(-28.0211564279115,-7.71899290546799,-5.40519755171798));
#7615=CARTESIAN_POINT('Origin',(-27.2303223421165,-5.8097505298794,-5.40519755172731));
#7616=CARTESIAN_POINT('Origin',(0.300000000000004,-19.4499999999989,7.39989917050025));
#7617=CARTESIAN_POINT('Ctrl Pts',(-28.9395417106951,-4.96289598539164,-6.20020165890514));
#7618=CARTESIAN_POINT('Ctrl Pts',(-28.7486849325359,-5.05133946545056,-6.7047460521366));
#7619=CARTESIAN_POINT('Ctrl Pts',(-28.0283889531326,-5.38522684787933,-7.75582055004494));
#7620=CARTESIAN_POINT('Ctrl Pts',(-26.8777560550646,-5.92088033983264,-8.2));
#7621=CARTESIAN_POINT('Ctrl Pts',(-26.2186172771223,-6.22881248892153,-8.2));
#7622=CARTESIAN_POINT('Ctrl Pts',(-29.2190619393902,-5.54149569531261,-6.21558322093632));
#7623=CARTESIAN_POINT('Ctrl Pts',(-29.0222994671365,-5.63077378738742,-6.72645195796478));
#7624=CARTESIAN_POINT('Ctrl Pts',(-28.2828666615358,-5.96649822762054,-7.78368751497015));
#7625=CARTESIAN_POINT('Ctrl Pts',(-27.1181149749203,-6.49725840843539,-8.20994791815308));
#7626=CARTESIAN_POINT('Ctrl Pts',(-26.4552342822867,-6.80005647187741,-8.2));
#7627=CARTESIAN_POINT('Ctrl Pts',(-29.2359805797664,-6.77251442957905,-6.02532774232466));
#7628=CARTESIAN_POINT('Ctrl Pts',(-29.0659834880119,-6.84532874612254,-6.45728998588923));
#7629=CARTESIAN_POINT('Ctrl Pts',(-28.4251315875555,-7.11979933661265,-7.34852949874555));
#7630=CARTESIAN_POINT('Ctrl Pts',(-27.4260709295115,-7.54822070080548,-7.69629918931237));
#7631=CARTESIAN_POINT('Ctrl Pts',(-26.8649316655974,-7.78915345113487,-7.68094553026952));
#7632=CARTESIAN_POINT('Ctrl Pts',(-28.4321199881486,-7.54876622517664,-5.59101016679954));
#7633=CARTESIAN_POINT('Ctrl Pts',(-28.3313247778711,-7.59048864451446,-5.84898268047182));
#7634=CARTESIAN_POINT('Ctrl Pts',(-27.9508938804625,-7.74809593057801,-6.38399772164843));
#7635=CARTESIAN_POINT('Ctrl Pts',(-27.3501559079904,-7.99701937780685,-6.6017384248472));
#7636=CARTESIAN_POINT('Ctrl Pts',(-27.009451362944,-8.13805486449909,-6.5971834679187));
#7637=CARTESIAN_POINT('Ctrl Pts',(-28.0211564279124,-7.71899290546762,-5.40519755171565));
#7638=CARTESIAN_POINT('Ctrl Pts',(-27.9502479326555,-7.74836416589049,-5.58893416079405));
#7639=CARTESIAN_POINT('Ctrl Pts',(-27.682622313467,-7.85921832699685,-5.97169703899704));
#7640=CARTESIAN_POINT('Ctrl Pts',(-27.2547386050955,-8.03645356212285,-6.13345094420714));
#7641=CARTESIAN_POINT('Ctrl Pts',(-27.009451362944,-8.13805486449909,-6.13345094420715));
#7642=CARTESIAN_POINT('',(-27.0761089308268,-8.11044439584722,-6.13126050384226));
#7643=CARTESIAN_POINT('Ctrl Pts',(-27.0761089308489,-8.11044439583807,-6.13126050383935));
#7644=CARTESIAN_POINT('Ctrl Pts',(-27.0761089308489,-8.11044439583807,-6.40270931467736));
#7645=CARTESIAN_POINT('Ctrl Pts',(-27.0558402455827,-8.06116266682675,-6.67136890966952));
#7646=CARTESIAN_POINT('Ctrl Pts',(-26.9757774877185,-7.87073357083654,-7.17105330527507));
#7647=CARTESIAN_POINT('Ctrl Pts',(-26.9170033928187,-7.73216886277197,-7.39743681716598));
#7648=CARTESIAN_POINT('Ctrl Pts',(-26.7648527618406,-7.38490578243681,-7.77955068784735));
#7649=CARTESIAN_POINT('Ctrl Pts',(-26.6728984011518,-7.17967075804455,-7.9316883154143));
#7650=CARTESIAN_POINT('Ctrl Pts',(-26.5147777630435,-6.83965702217833,-8.09035240153953));
#7651=CARTESIAN_POINT('Ctrl Pts',(-26.4582267392727,-6.72001554240724,-8.13130480757038));
#7652=CARTESIAN_POINT('Ctrl Pts',(-26.3407968571118,-6.47606014749024,-8.18618796253348));
#7653=CARTESIAN_POINT('Ctrl Pts',(-26.280222378925,-6.35237794895717,-8.2));
#7654=CARTESIAN_POINT('Ctrl Pts',(-26.2186172771223,-6.22881248892154,-8.2));
#7655=CARTESIAN_POINT('Ctrl Pts',(-28.0211564279115,-7.71899290546799,-5.40519755171798));
#7656=CARTESIAN_POINT('Ctrl Pts',(-27.9266117666053,-7.75815458643098,-5.6501796996514));
#7657=CARTESIAN_POINT('Ctrl Pts',(-27.6386908493556,-7.8774153352467,-5.995671138369));
#7658=CARTESIAN_POINT('Ctrl Pts',(-27.2375706145253,-8.04356477665567,-6.12047624602582));
#7659=CARTESIAN_POINT('Ctrl Pts',(-27.076107154534,-8.11044513161179,-6.13122884598409));
#7660=CARTESIAN_POINT('Origin',(0.300000000000001,-19.4499999999989,-8.2));
#7661=CARTESIAN_POINT('Ctrl Pts',(-27.8002854487656,-10.0472972400766,-8.2));
#7662=CARTESIAN_POINT('Ctrl Pts',(-27.7148636032497,-9.7920112543505,-8.2));
#7663=CARTESIAN_POINT('Ctrl Pts',(-27.62667914255,-9.54043460658722,-8.14750182214948));
#7664=CARTESIAN_POINT('Ctrl Pts',(-27.4562416158871,-9.07262915764642,-7.94335390688783));
#7665=CARTESIAN_POINT('Ctrl Pts',(-27.3757014296983,-8.86089704781547,-7.7937784152032));
#7666=CARTESIAN_POINT('Ctrl Pts',(-27.2364435150858,-8.50386446810476,-7.41612388334738));
#7667=CARTESIAN_POINT('Ctrl Pts',(-27.1791686085212,-8.36201903584865,-7.1916260753362));
#7668=CARTESIAN_POINT('Ctrl Pts',(-27.1186047508744,-8.21345366868094,-6.81585711143298));
#7669=CARTESIAN_POINT('Ctrl Pts',(-27.1027515276887,-8.17494572268088,-6.68240123486493));
#7670=CARTESIAN_POINT('Ctrl Pts',(-27.0814832863694,-8.12339367884804,-6.409352128746));
#7671=CARTESIAN_POINT('Ctrl Pts',(-27.0761089308489,-8.11044439583806,-6.27049786402563));
#7672=CARTESIAN_POINT('Ctrl Pts',(-27.0761089308489,-8.11044439583806,-6.13126050383935));
#7673=CARTESIAN_POINT('Ctrl Pts',(-29.2763899907635,-17.6405756142283,-8.2));
#7674=CARTESIAN_POINT('Ctrl Pts',(-29.8199877507806,-17.5934063695015,-8.2));
#7675=CARTESIAN_POINT('Ctrl Pts',(-31.0892201273413,-17.4820188302193,-7.87346386860888));
#7676=CARTESIAN_POINT('Ctrl Pts',(-31.9863931763973,-17.4015413668909,-6.87292752340626));
#7677=CARTESIAN_POINT('Ctrl Pts',(-32.2657379237777,-17.3764292485689,-6.20020165891155));
#7678=CARTESIAN_POINT('Ctrl Pts',(-29.1956843367253,-17.0275553106473,-8.2));
#7679=CARTESIAN_POINT('Ctrl Pts',(-29.7397872595196,-16.975648161383,-8.20746093874342));
#7680=CARTESIAN_POINT('Ctrl Pts',(-31.0172694002543,-16.8528787866547,-7.89895699422663));
#7681=CARTESIAN_POINT('Ctrl Pts',(-31.9317892241222,-16.7636726076121,-6.89674154391938));
#7682=CARTESIAN_POINT('Ctrl Pts',(-32.2185096877386,-16.7355870868076,-6.2155832209428));
#7683=CARTESIAN_POINT('Ctrl Pts',(-29.0559613216532,-15.9662536442714,-7.68075184773259));
#7684=CARTESIAN_POINT('Ctrl Pts',(-29.510781754075,-15.9123168311655,-7.69226709221323));
#7685=CARTESIAN_POINT('Ctrl Pts',(-30.5880720910853,-15.7842217494443,-7.44492873868291));
#7686=CARTESIAN_POINT('Ctrl Pts',(-31.3726213448605,-15.6904569594215,-6.60118848089568));
#7687=CARTESIAN_POINT('Ctrl Pts',(-31.6174599584235,-15.6612042951348,-6.0252388169427));
#7688=CARTESIAN_POINT('Ctrl Pts',(-29.0066512114749,-15.5917061720855,-6.5971834679187));
#7689=CARTESIAN_POINT('Ctrl Pts',(-29.2808336171072,-15.5555472028027,-6.60059968567396));
#7690=CARTESIAN_POINT('Ctrl Pts',(-29.9259247246331,-15.470597121789,-6.44304155350295));
#7691=CARTESIAN_POINT('Ctrl Pts',(-30.3891594704606,-15.4097306982719,-5.93497352186963));
#7692=CARTESIAN_POINT('Ctrl Pts',(-30.5333627017291,-15.3907107912982,-5.59101016680283));
#7693=CARTESIAN_POINT('Ctrl Pts',(-29.0066512114749,-15.5917061720855,-6.13345094420714));
#7694=CARTESIAN_POINT('Ctrl Pts',(-29.2040704404647,-15.5657154375172,-6.13345094420714));
#7695=CARTESIAN_POINT('Ctrl Pts',(-29.665031450793,-15.5050287692171,-6.01453843159528));
#7696=CARTESIAN_POINT('Ctrl Pts',(-29.9908855594249,-15.4621292619666,-5.65017969965137));
#7697=CARTESIAN_POINT('Ctrl Pts',(-30.0923444783897,-15.4487719418824,-5.40519755171798));
#7698=CARTESIAN_POINT('',(-29.0781835929636,-15.5822887554042,-6.13126050383959));
#7699=CARTESIAN_POINT('Ctrl Pts',(-29.2763899907635,-17.6405756142283,-8.2));
#7700=CARTESIAN_POINT('Ctrl Pts',(-29.2599516991042,-17.3718794870384,-8.2));
#7701=CARTESIAN_POINT('Ctrl Pts',(-29.2398848787811,-17.1060512877614,-8.14750182214948));
#7702=CARTESIAN_POINT('Ctrl Pts',(-29.1963318295972,-16.6100734450503,-7.94335390688783));
#7703=CARTESIAN_POINT('Ctrl Pts',(-29.1733362861873,-16.3847105978281,-7.7937784152032));
#7704=CARTESIAN_POINT('Ctrl Pts',(-29.1312303012991,-16.0038010077759,-7.41612388334738));
#7705=CARTESIAN_POINT('Ctrl Pts',(-29.1126192891787,-15.8519650047932,-7.1916260753362));
#7706=CARTESIAN_POINT('Ctrl Pts',(-29.0925706414037,-15.69278679995,-6.81585711143298));
#7707=CARTESIAN_POINT('Ctrl Pts',(-29.0872241935113,-15.6514878643044,-6.68240123486491));
#7708=CARTESIAN_POINT('Ctrl Pts',(-29.0800233006991,-15.596187787859,-6.40935212874601));
#7709=CARTESIAN_POINT('Ctrl Pts',(-29.0781835929656,-15.5822887554039,-6.27049786402565));
#7710=CARTESIAN_POINT('Ctrl Pts',(-29.0781835929656,-15.5822887554039,-6.13126050383935));
#7711=CARTESIAN_POINT('',(-32.2657379237781,-17.3764292485689,-6.20020165891173));
#7712=CARTESIAN_POINT('Ctrl Pts',(-29.2763899907635,-17.6405756142283,-8.2));
#7713=CARTESIAN_POINT('Ctrl Pts',(-29.8199877507806,-17.5934063695015,-8.2));
#7714=CARTESIAN_POINT('Ctrl Pts',(-31.0892201273413,-17.4820188302193,-7.87346386860888));
#7715=CARTESIAN_POINT('Ctrl Pts',(-31.9863931763973,-17.4015413668909,-6.87292752340626));
#7716=CARTESIAN_POINT('Ctrl Pts',(-32.2657379237777,-17.3764292485689,-6.20020165891155));
#7717=CARTESIAN_POINT('',(-30.0923444784184,-15.4487719418786,-5.40519755172731));
#7718=CARTESIAN_POINT('Origin',(-30.3620832576783,-17.4976413840251,-5.40519755171798));
#7719=CARTESIAN_POINT('Ctrl Pts',(-29.0781791682233,-15.5822893379323,-6.13118701675505));
#7720=CARTESIAN_POINT('Ctrl Pts',(-29.3169895138268,-15.5508493594839,-6.11609852954802));
#7721=CARTESIAN_POINT('Ctrl Pts',(-29.743928826943,-15.4946417325939,-5.95186578983299));
#7722=CARTESIAN_POINT('Ctrl Pts',(-30.0162502899427,-15.4587899318433,-5.58893416079403));
#7723=CARTESIAN_POINT('Ctrl Pts',(-30.0923444783907,-15.4487719418823,-5.40519755171564));
#7724=CARTESIAN_POINT('Origin',(0.0302612207114177,-21.4988694421416,7.39989917050025));
#7725=CARTESIAN_POINT('',(-32.2657379237717,-17.3764292485695,21.0000000000049));
#7726=CARTESIAN_POINT('',(-29.7509568734957,-15.4937164727121,21.));
#7727=CARTESIAN_POINT('Ctrl Pts',(-32.2657379237737,-17.3764292485694,21.));
#7728=CARTESIAN_POINT('Ctrl Pts',(-32.262957317232,-17.3327594081039,21.));
#7729=CARTESIAN_POINT('Ctrl Pts',(-32.2587171735441,-17.2900011382586,21.));
#7730=CARTESIAN_POINT('Ctrl Pts',(-32.2532746818536,-17.2486613096166,21.));
#7731=CARTESIAN_POINT('Ctrl Pts',(-32.220873085673,-17.0025467521692,21.));
#7732=CARTESIAN_POINT('Ctrl Pts',(-32.1219180814198,-16.7215771256297,21.));
#7733=CARTESIAN_POINT('Ctrl Pts',(-31.8611672931088,-16.2867593226566,21.));
#7734=CARTESIAN_POINT('Ctrl Pts',(-31.6499008843902,-16.0591813372664,21.));
#7735=CARTESIAN_POINT('Ctrl Pts',(-31.2201849709209,-15.7460753689265,21.));
#7736=CARTESIAN_POINT('Ctrl Pts',(-30.9223727382713,-15.6098243628291,21.));
#7737=CARTESIAN_POINT('Ctrl Pts',(-30.3792021409889,-15.474333949023,21.));
#7738=CARTESIAN_POINT('Ctrl Pts',(-30.0353997006692,-15.4562688640938,21.));
#7739=CARTESIAN_POINT('Ctrl Pts',(-29.7509568734957,-15.493716472712,21.));
#7740=CARTESIAN_POINT('Origin',(0.300000000000003,-19.4499999999989,7.39989917050025));
#7741=CARTESIAN_POINT('Origin',(0.0135144953990998,-21.6260734498073,7.39989917050025));
#7742=CARTESIAN_POINT('Origin',(0.300000000000002,-19.4499999999989,7.39989917050025));
#7743=CARTESIAN_POINT('',(-32.2657379237771,-21.523570751429,-6.20020165891294));
#7744=CARTESIAN_POINT('Origin',(0.300000000000828,-19.4499999999991,-6.20020165891397));
#7745=CARTESIAN_POINT('',(-32.2657379237717,-21.5235707514283,21.0000000000049));
#7746=CARTESIAN_POINT('Origin',(0.0135144953990995,-17.2739265501904,7.39989917050025));
#7747=CARTESIAN_POINT('Origin',(0.300000000000602,-19.4499999999989,21.0000000000049));
#7748=CARTESIAN_POINT('Origin',(0.300000000000002,-19.4499999999989,-4.94987394027639));
#7749=CARTESIAN_POINT('Ctrl Pts',(-32.2657379237771,-21.5235707514288,-6.20020165891293));
#7750=CARTESIAN_POINT('Ctrl Pts',(-32.056229365377,-21.5047366628792,-6.70474605214125));
#7751=CARTESIAN_POINT('Ctrl Pts',(-31.717338140648,-21.4743107967871,-7.15520181195826));
#7752=CARTESIAN_POINT('Ctrl Pts',(-31.2914683460194,-21.4364585390388,-7.49419111500774));
#7753=CARTESIAN_POINT('Ctrl Pts',(-30.7236419531784,-21.385988862041,-7.94617685240937));
#7754=CARTESIAN_POINT('Ctrl Pts',(-30.0011869916255,-21.3223167109877,-8.19999999999999));
#7755=CARTESIAN_POINT('Ctrl Pts',(-29.2763899907635,-21.2594243857695,-8.2));
#7756=CARTESIAN_POINT('Origin',(0.0302612207114174,-17.4011305578562,7.39989917050025));
#7757=CARTESIAN_POINT('',(-29.7509568734957,-23.4062835272857,21.));
#7758=CARTESIAN_POINT('Ctrl Pts',(-29.7509568734957,-23.4062835272857,21.));
#7759=CARTESIAN_POINT('Ctrl Pts',(-30.0353997006692,-23.4437311359039,21.));
#7760=CARTESIAN_POINT('Ctrl Pts',(-30.3792021409889,-23.4256660509747,21.));
#7761=CARTESIAN_POINT('Ctrl Pts',(-30.9223727382713,-23.2901756371686,21.));
#7762=CARTESIAN_POINT('Ctrl Pts',(-31.2201849709209,-23.1539246310712,21.));
#7763=CARTESIAN_POINT('Ctrl Pts',(-31.6499008843902,-22.8408186627313,21.));
#7764=CARTESIAN_POINT('Ctrl Pts',(-31.8611672931088,-22.6132406773411,21.));
#7765=CARTESIAN_POINT('Ctrl Pts',(-32.1219180814198,-22.178422874368,21.));
#7766=CARTESIAN_POINT('Ctrl Pts',(-32.220873085673,-21.8974532478286,21.));
#7767=CARTESIAN_POINT('Ctrl Pts',(-32.2532746818536,-21.6513386903812,21.));
#7768=CARTESIAN_POINT('Ctrl Pts',(-32.2587171735441,-21.6099988617392,21.));
#7769=CARTESIAN_POINT('Ctrl Pts',(-32.262957317232,-21.5672405918938,21.));
#7770=CARTESIAN_POINT('Ctrl Pts',(-32.2657379237737,-21.5235707514284,21.));
#7771=CARTESIAN_POINT('',(-30.0923444783897,-23.4512280581154,-5.40519755171798));
#7772=CARTESIAN_POINT('Origin',(-30.3620832577069,-21.4023586159764,-5.40519755172731));
#7773=CARTESIAN_POINT('Origin',(0.300000000000001,-19.4499999999989,7.39989917050025));
#7774=CARTESIAN_POINT('Ctrl Pts',(-32.2657379237803,-21.5235707514291,-6.20020165890515));
#7775=CARTESIAN_POINT('Ctrl Pts',(-32.0562293653805,-21.5047366628795,-6.70474605213661));
#7776=CARTESIAN_POINT('Ctrl Pts',(-31.2654831743431,-21.4337429753309,-7.7558094917164));
#7777=CARTESIAN_POINT('Ctrl Pts',(-30.0011869916255,-21.3223167109877,-8.19999999999999));
#7778=CARTESIAN_POINT('Ctrl Pts',(-29.2763899907635,-21.2594243857695,-8.2));
#7779=CARTESIAN_POINT('Ctrl Pts',(-32.2185096877414,-22.1644129131904,-6.21558322093633));
#7780=CARTESIAN_POINT('Ctrl Pts',(-32.0034693422208,-22.1433487728018,-6.72645195796478));
#7781=CARTESIAN_POINT('Ctrl Pts',(-31.1952337670749,-22.0643780562018,-7.78370372417074));
#7782=CARTESIAN_POINT('Ctrl Pts',(-29.9211548879453,-21.9416542205098,-8.20994791815308));
#7783=CARTESIAN_POINT('Ctrl Pts',(-29.1956843367253,-21.8724446893505,-8.2));
#7784=CARTESIAN_POINT('Ctrl Pts',(-31.6174121464028,-23.2387534387401,-6.02521671117014));
#7785=CARTESIAN_POINT('Ctrl Pts',(-31.4337831881022,-23.2168139407487,-6.45717895473467));
#7786=CARTESIAN_POINT('Ctrl Pts',(-30.7416388555151,-23.1341029896372,-7.34835384154444));
#7787=CARTESIAN_POINT('Ctrl Pts',(-29.6623928134202,-23.0056297550411,-7.69605735965829));
#7788=CARTESIAN_POINT('Ctrl Pts',(-29.0559655806449,-22.933714005473,-7.68070370061544));
#7789=CARTESIAN_POINT('Ctrl Pts',(-30.5333627017304,-23.5092892086998,-5.59101016679955));
#7790=CARTESIAN_POINT('Ctrl Pts',(-30.4252102793814,-23.4950242786149,-5.84898268047177));
#7791=CARTESIAN_POINT('Ctrl Pts',(-30.0169395844383,-23.4413004619696,-6.38398641331832));
#7792=CARTESIAN_POINT('Ctrl Pts',(-29.3722277460161,-23.3565057861249,-6.6017384248472));
#7793=CARTESIAN_POINT('Ctrl Pts',(-29.0066512114749,-23.3082938279122,-6.5971834679187));
#7794=CARTESIAN_POINT('Ctrl Pts',(-30.0923444783907,-23.4512280581155,-5.40519755171565));
#7795=CARTESIAN_POINT('Ctrl Pts',(-30.0162502899427,-23.4412100681545,-5.58893416079401));
#7796=CARTESIAN_POINT('Ctrl Pts',(-29.729049761847,-23.4033994013222,-5.97169301195837));
#7797=CARTESIAN_POINT('Ctrl Pts',(-29.2698768455905,-23.3429481400726,-6.13345094420714));
#7798=CARTESIAN_POINT('Ctrl Pts',(-29.0066512114749,-23.3082938279122,-6.13345094420715));
#7799=CARTESIAN_POINT('',(-29.0781835929418,-23.3177112445908,-6.13126050384226));
#7800=CARTESIAN_POINT('Ctrl Pts',(-29.0781835929656,-23.3177112445939,-6.13126050383935));
#7801=CARTESIAN_POINT('Ctrl Pts',(-29.0781835929656,-23.3177112445939,-6.40270931467739));
#7802=CARTESIAN_POINT('Ctrl Pts',(-29.0852712611294,-23.2648976726946,-6.67136890966954));
#7803=CARTESIAN_POINT('Ctrl Pts',(-29.1111494269171,-23.0599498590152,-7.17105330527507));
#7804=CARTESIAN_POINT('Ctrl Pts',(-29.1295319216817,-22.9105622543134,-7.39743681716598));
#7805=CARTESIAN_POINT('Ctrl Pts',(-29.1713971502204,-22.5337482894577,-7.77955068784735));
#7806=CARTESIAN_POINT('Ctrl Pts',(-29.1943798500713,-22.3100323642433,-7.9316883154143));
#7807=CARTESIAN_POINT('Ctrl Pts',(-29.22745022854,-21.9365115122934,-8.09035240153952));
#7808=CARTESIAN_POINT('Ctrl Pts',(-29.23829634523,-21.8046234395798,-8.13130480757038));
#7809=CARTESIAN_POINT('Ctrl Pts',(-29.2585767815737,-21.5346369291109,-8.1861879625335));
#7810=CARTESIAN_POINT('Ctrl Pts',(-29.2679588439096,-21.3972377640919,-8.2));
#7811=CARTESIAN_POINT('Ctrl Pts',(-29.2763899907635,-21.2594243857695,-8.2));
#7812=CARTESIAN_POINT('Ctrl Pts',(-30.0923444783897,-23.4512280581154,-5.40519755171798));
#7813=CARTESIAN_POINT('Ctrl Pts',(-29.9908855594249,-23.4378707380312,-5.65017969965134));
#7814=CARTESIAN_POINT('Ctrl Pts',(-29.6819066487014,-23.3971928927326,-5.99566815418831));
#7815=CARTESIAN_POINT('Ctrl Pts',(-29.2514531632334,-23.3405226162755,-6.12047593235252));
#7816=CARTESIAN_POINT('Ctrl Pts',(-29.0781816833593,-23.3177109931894,-6.1312287897145));
#7817=CARTESIAN_POINT('Origin',(0.300000000000001,-19.4499999999989,-8.2));
#7818=CARTESIAN_POINT('Ctrl Pts',(-28.7369124321864,-25.357163270055,-8.2));
#7819=CARTESIAN_POINT('Ctrl Pts',(-28.7905779367945,-25.0933681984281,-8.2));
#7820=CARTESIAN_POINT('Ctrl Pts',(-28.8399962774912,-24.8314042001163,-8.14750182214948));
#7821=CARTESIAN_POINT('Ctrl Pts',(-28.9262957741133,-24.3410540339733,-7.94335390688783));
#7822=CARTESIAN_POINT('Ctrl Pts',(-28.9624119817638,-24.1174185549684,-7.7937784152032));
#7823=CARTESIAN_POINT('Ctrl Pts',(-29.0203273798866,-23.738590313654,-7.41612388334738));
#7824=CARTESIAN_POINT('Ctrl Pts',(-29.0416485719303,-23.5871111126271,-7.1916260753362));
#7825=CARTESIAN_POINT('Ctrl Pts',(-29.0634814162409,-23.4281678017139,-6.81585711143297));
#7826=CARTESIAN_POINT('Ctrl Pts',(-29.0690060952303,-23.3868923306375,-6.6824012348649));
#7827=CARTESIAN_POINT('Ctrl Pts',(-29.0763632798704,-23.3316128304016,-6.409352128746));
#7828=CARTESIAN_POINT('Ctrl Pts',(-29.0781835929656,-23.3177112445939,-6.27049786402563));
#7829=CARTESIAN_POINT('Ctrl Pts',(-29.0781835929656,-23.3177112445939,-6.13126050383935));
#7830=CARTESIAN_POINT('Origin',(0.300000000000001,-19.4499999999989,-8.2));
#7831=CARTESIAN_POINT('Ctrl Pts',(-29.0781835929656,-15.5822887554039,-6.13126050383935));
#7832=CARTESIAN_POINT('Ctrl Pts',(-29.0781835929656,-15.5822887554039,-6.40270931467736));
#7833=CARTESIAN_POINT('Ctrl Pts',(-29.0713605964458,-15.5294403388216,-6.67136890966953));
#7834=CARTESIAN_POINT('Ctrl Pts',(-29.0433125876847,-15.3247781903891,-7.17105330527506));
#7835=CARTESIAN_POINT('Ctrl Pts',(-29.0224043569304,-15.1757231051386,-7.39743681716598));
#7836=CARTESIAN_POINT('Ctrl Pts',(-28.9653164318342,-14.8009132463047,-7.77955068784735));
#7837=CARTESIAN_POINT('Ctrl Pts',(-28.9296140730398,-14.5788718959586,-7.9316883154143));
#7838=CARTESIAN_POINT('Ctrl Pts',(-28.8648832954604,-14.2095192146263,-8.09035240153953));
#7839=CARTESIAN_POINT('Ctrl Pts',(-28.841224694646,-14.079317937448,-8.13130480757038));
#7840=CARTESIAN_POINT('Ctrl Pts',(-28.7909364410487,-13.8132820310677,-8.18618796253349));
#7841=CARTESIAN_POINT('Ctrl Pts',(-28.7644372966747,-13.6781363726505,-8.2));
#7842=CARTESIAN_POINT('Ctrl Pts',(-28.7369124321864,-13.5428367299428,-8.2));
#7843=CARTESIAN_POINT('Ctrl Pts',(-28.7369124321863,-25.357163270055,-8.2));
#7844=CARTESIAN_POINT('Ctrl Pts',(-29.2741958465782,-25.4522947315343,-8.19999999999999));
#7845=CARTESIAN_POINT('Ctrl Pts',(-30.5290083741946,-25.6732039503619,-7.87346207532062));
#7846=CARTESIAN_POINT('Ctrl Pts',(-31.4164411141583,-25.8276743539148,-6.87292752340625));
#7847=CARTESIAN_POINT('Ctrl Pts',(-31.6927669145758,-25.8757176510462,-6.20020165891154));
#7848=CARTESIAN_POINT('Ctrl Pts',(-28.8176180862245,-24.744142966474,-8.2));
#7849=CARTESIAN_POINT('Ctrl Pts',(-29.3566157103176,-24.8348287093458,-8.20746093874342));
#7850=CARTESIAN_POINT('Ctrl Pts',(-30.6223451561506,-25.0468793801813,-7.89895834585767));
#7851=CARTESIAN_POINT('Ctrl Pts',(-31.5287903296156,-25.1974079027577,-6.89674154391936));
#7852=CARTESIAN_POINT('Ctrl Pts',(-31.8130100980241,-25.2444880894725,-6.21558322094279));
#7853=CARTESIAN_POINT('Ctrl Pts',(-28.957334196309,-23.682893748686,-7.68067378811822));
#7854=CARTESIAN_POINT('Ctrl Pts',(-29.4106168727731,-23.7485109779319,-7.69218903259886));
#7855=CARTESIAN_POINT('Ctrl Pts',(-30.4843214662592,-23.9036015473225,-7.44486268707067));
#7856=CARTESIAN_POINT('Ctrl Pts',(-31.2663516724751,-24.016084021715,-6.60115264141543));
#7857=CARTESIAN_POINT('Ctrl Pts',(-31.5104187592258,-24.0511970139593,-6.02520297746247));
#7858=CARTESIAN_POINT('Ctrl Pts',(-29.0066512114749,-23.3082938279123,-6.5971834679187));
#7859=CARTESIAN_POINT('Ctrl Pts',(-29.2808497080909,-23.3443305740397,-6.60059968567396));
#7860=CARTESIAN_POINT('Ctrl Pts',(-29.9259456845595,-23.4292367006373,-6.44303997550796));
#7861=CARTESIAN_POINT('Ctrl Pts',(-30.3891503622516,-23.4903384854415,-5.9349735218696));
#7862=CARTESIAN_POINT('Ctrl Pts',(-30.5333627017291,-23.5092892086996,-5.59101016680282));
#7863=CARTESIAN_POINT('Ctrl Pts',(-29.0066512114749,-23.3082938279123,-6.13345094420714));
#7864=CARTESIAN_POINT('Ctrl Pts',(-29.2040704404648,-23.3342845624806,-6.13345094420714));
#7865=CARTESIAN_POINT('Ctrl Pts',(-29.6650310747046,-23.3949711812677,-6.0145377785453));
#7866=CARTESIAN_POINT('Ctrl Pts',(-29.9908855594249,-23.4378707380312,-5.65017969965134));
#7867=CARTESIAN_POINT('Ctrl Pts',(-30.0923444783897,-23.4512280581154,-5.40519755171798));
#7868=CARTESIAN_POINT('',(-31.6927669145762,-25.8757176510463,-6.20020165891173));
#7869=CARTESIAN_POINT('Ctrl Pts',(-28.7369124321863,-25.357163270055,-8.2));
#7870=CARTESIAN_POINT('Ctrl Pts',(-29.2741958465782,-25.4522947315343,-8.19999999999999));
#7871=CARTESIAN_POINT('Ctrl Pts',(-30.5290083741946,-25.6732039503619,-7.87346207532062));
#7872=CARTESIAN_POINT('Ctrl Pts',(-31.4164411141583,-25.8276743539148,-6.87292752340625));
#7873=CARTESIAN_POINT('Ctrl Pts',(-31.6927669145758,-25.8757176510462,-6.20020165891154));
#7874=CARTESIAN_POINT('Origin',(-29.8226056991011,-25.5000975002581,-5.40519755171798));
#7875=CARTESIAN_POINT('Origin',(0.569738779288588,-21.4988694421416,7.39989917050025));
#7876=CARTESIAN_POINT('',(-31.6927669145699,-25.8757176510452,21.0000000000049));
#7877=CARTESIAN_POINT('Ctrl Pts',(-31.6927669145719,-25.8757176510456,21.));
#7878=CARTESIAN_POINT('Ctrl Pts',(-31.7013836413095,-25.8328161503801,21.));
#7879=CARTESIAN_POINT('Ctrl Pts',(-31.7083546315859,-25.7904174033087,21.));
#7880=CARTESIAN_POINT('Ctrl Pts',(-31.7137971232764,-25.7490775746667,21.));
#7881=CARTESIAN_POINT('Ctrl Pts',(-31.746198719457,-25.5029630172193,21.));
#7882=CARTESIAN_POINT('Ctrl Pts',(-31.723335815652,-25.2059557588331,21.));
#7883=CARTESIAN_POINT('Ctrl Pts',(-31.5840090235563,-24.7184667431707,21.));
#7884=CARTESIAN_POINT('Ctrl Pts',(-31.4388428600127,-24.4439635194208,21.));
#7885=CARTESIAN_POINT('Ctrl Pts',(-31.1048069489669,-24.0303077158465,21.));
#7886=CARTESIAN_POINT('Ctrl Pts',(-30.8524067773582,-23.8216198725249,21.));
#7887=CARTESIAN_POINT('Ctrl Pts',(-30.3628117688841,-23.5501632872986,21.));
#7888=CARTESIAN_POINT('Ctrl Pts',(-30.0353997006692,-23.443731135904,21.));
#7889=CARTESIAN_POINT('Ctrl Pts',(-29.7509568734957,-23.4062835272857,21.));
#7890=CARTESIAN_POINT('Origin',(0.586485504600907,-21.6260734498073,7.39989917050025));
#7891=CARTESIAN_POINT('Origin',(0.300000000000002,-19.4499999999989,7.39989917050025));
#7892=CARTESIAN_POINT('',(-30.6194077109,-29.8815487339338,-6.20020165891294));
#7893=CARTESIAN_POINT('Origin',(0.300000000000846,-19.4499999999988,-6.20020165891397));
#7894=CARTESIAN_POINT('',(-30.6194077108949,-29.8815487339317,21.0000000000049));
#7895=CARTESIAN_POINT('Origin',(-0.539933000103837,-17.4222223596635,7.39989917050025));
#7896=CARTESIAN_POINT('Origin',(0.300000000000591,-19.4499999999988,21.0000000000049));
#7897=CARTESIAN_POINT('Origin',(0.300000000000001,-19.4499999999989,-4.94987394027639));
#7898=CARTESIAN_POINT('Ctrl Pts',(-30.6194077109,-29.8815487339336,-6.20020165891293));
#7899=CARTESIAN_POINT('Ctrl Pts',(-30.4219126043265,-29.8091315963631,-6.70474605214125));
#7900=CARTESIAN_POINT('Ctrl Pts',(-30.1024436076044,-29.6920309618822,-7.15520180592526));
#7901=CARTESIAN_POINT('Ctrl Pts',(-29.7008818589613,-29.5452452747479,-7.49419110811288));
#7902=CARTESIAN_POINT('Ctrl Pts',(-29.1654661941011,-29.3495310252344,-7.94617684436536));
#7903=CARTESIAN_POINT('Ctrl Pts',(-28.4841078591578,-29.1010433487811,-8.19999999999999));
#7904=CARTESIAN_POINT('Ctrl Pts',(-27.8002854487656,-28.8527027599212,-8.2));
#7905=CARTESIAN_POINT('Origin',(-0.490834085821645,-17.5407576244213,7.39989917050025));
#7906=CARTESIAN_POINT('',(-27.7030338241213,-31.0492363975424,21.));
#7907=CARTESIAN_POINT('Ctrl Pts',(-27.7030338241213,-31.0492363975424,21.));
#7908=CARTESIAN_POINT('Ctrl Pts',(-27.9680923426869,-31.1590272307549,21.));
#7909=CARTESIAN_POINT('Ctrl Pts',(-28.304855586964,-31.2305603179751,21.));
#7910=CARTESIAN_POINT('Ctrl Pts',(-28.8645855944817,-31.2402695233816,21.));
#7911=CARTESIAN_POINT('Ctrl Pts',(-29.1875144766752,-31.1857406354085,21.));
#7912=CARTESIAN_POINT('Ctrl Pts',(-29.6836259632042,-30.9945221566132,21.));
#7913=CARTESIAN_POINT('Ctrl Pts',(-29.9465951604779,-30.8293784731968,21.));
#7914=CARTESIAN_POINT('Ctrl Pts',(-30.3110002096918,-30.4768639976152,21.));
#7915=CARTESIAN_POINT('Ctrl Pts',(-30.4793036943843,-30.2310796186468,21.));
#7916=CARTESIAN_POINT('Ctrl Pts',(-30.5743003676924,-30.001737361566,21.));
#7917=CARTESIAN_POINT('Ctrl Pts',(-30.5902569459495,-29.9632147739286,21.));
#7918=CARTESIAN_POINT('Ctrl Pts',(-30.6054192648164,-29.9230108867379,21.));
#7919=CARTESIAN_POINT('Ctrl Pts',(-30.6194077108969,-29.8815487339324,21.));
#7920=CARTESIAN_POINT('',(-28.0211564279115,-31.1810070945298,-5.40519755171798));
#7921=CARTESIAN_POINT('Origin',(-28.8119905137598,-29.2717647189633,-5.40519755172731));
#7922=CARTESIAN_POINT('Origin',(0.300000000000001,-19.4499999999989,7.39989917050025));
#7923=CARTESIAN_POINT('Ctrl Pts',(-30.6194077109031,-29.8815487339347,-6.20020165890515));
#7924=CARTESIAN_POINT('Ctrl Pts',(-30.4219126043298,-29.8091315963643,-6.70474605213662));
#7925=CARTESIAN_POINT('Ctrl Pts',(-29.6764849453086,-29.5358967825745,-7.75580947763939));
#7926=CARTESIAN_POINT('Ctrl Pts',(-28.4841078591578,-29.1010433487811,-8.2));
#7927=CARTESIAN_POINT('Ctrl Pts',(-27.8002854487656,-28.8527027599212,-8.2));
#7928=CARTESIAN_POINT('Ctrl Pts',(-30.4079265816145,-30.4883311616015,-6.21558322093633));
#7929=CARTESIAN_POINT('Ctrl Pts',(-30.2056653588833,-30.4123282275053,-6.7264519579648));
#7930=CARTESIAN_POINT('Ctrl Pts',(-29.4454088615706,-30.1268616108902,-7.78370374480456));
#7931=CARTESIAN_POINT('Ctrl Pts',(-28.2465064404702,-29.6785636117659,-8.20994791815308));
#7932=CARTESIAN_POINT('Ctrl Pts',(-27.5636684436013,-29.423946742877,-8.2));
#7933=CARTESIAN_POINT('Ctrl Pts',(-29.5492095077277,-31.3704260652096,-6.02519058985097));
#7934=CARTESIAN_POINT('Ctrl Pts',(-29.3775159143708,-31.3017074658434,-6.45715283341555));
#7935=CARTESIAN_POINT('Ctrl Pts',(-28.7303827065186,-31.0426842008678,-7.34831652999563));
#7936=CARTESIAN_POINT('Ctrl Pts',(-27.7211990929312,-30.6392768844261,-7.69600046653126));
#7937=CARTESIAN_POINT('Ctrl Pts',(-27.1540485326597,-30.4128566872903,-7.68064680748842));
#7938=CARTESIAN_POINT('Ctrl Pts',(-28.4321199881486,-31.3512337748211,-5.59101016679955));
#7939=CARTESIAN_POINT('Ctrl Pts',(-28.3313448058089,-31.3094630037641,-5.84898268047182));
#7940=CARTESIAN_POINT('Ctrl Pts',(-27.9508903392609,-31.1519015486311,-6.38398639892307));
#7941=CARTESIAN_POINT('Ctrl Pts',(-27.3500930061554,-30.9031324806541,-6.6017384248472));
#7942=CARTESIAN_POINT('Ctrl Pts',(-27.009451362944,-30.7619451354987,-6.5971834679187));
#7943=CARTESIAN_POINT('Ctrl Pts',(-28.0211564279124,-31.1810070945302,-5.40519755171565));
#7944=CARTESIAN_POINT('Ctrl Pts',(-27.9502479326555,-31.1516358341073,-5.58893416079406));
#7945=CARTESIAN_POINT('Ctrl Pts',(-27.6826196425326,-31.0407805666637,-5.97169300683202));
#7946=CARTESIAN_POINT('Ctrl Pts',(-27.2547386050955,-30.8635464378749,-6.13345094420714));
#7947=CARTESIAN_POINT('Ctrl Pts',(-27.0094513629439,-30.7619451354987,-6.13345094420715));
#7948=CARTESIAN_POINT('',(-27.0761089308268,-30.7895556041506,-6.13126050384225));
#7949=CARTESIAN_POINT('Ctrl Pts',(-27.0761089308489,-30.7895556041597,-6.13126050383935));
#7950=CARTESIAN_POINT('Ctrl Pts',(-27.0761089308489,-30.7895556041597,-6.40270931467735));
#7951=CARTESIAN_POINT('Ctrl Pts',(-27.0966242508239,-30.7403760345898,-6.67136890966952));
#7952=CARTESIAN_POINT('Ctrl Pts',(-27.1746650369275,-30.5491094104736,-7.17105330527507));
#7953=CARTESIAN_POINT('Ctrl Pts',(-27.2310855205714,-30.4095698047063,-7.39743681716598));
#7954=CARTESIAN_POINT('Ctrl Pts',(-27.3690508566057,-30.0564309828191,-7.77955068784735));
#7955=CARTESIAN_POINT('Ctrl Pts',(-27.4491523820877,-29.8462863533316,-7.9316883154143));
#7956=CARTESIAN_POINT('Ctrl Pts',(-27.5777702249634,-29.4940521595522,-8.09035240153952));
#7957=CARTESIAN_POINT('Ctrl Pts',(-27.6223819142293,-29.3694652455034,-8.13130480757038));
#7958=CARTESIAN_POINT('Ctrl Pts',(-27.7118489622923,-29.1139272654606,-8.18618796253349));
#7959=CARTESIAN_POINT('Ctrl Pts',(-27.7564728592944,-28.9836381198731,-8.2));
#7960=CARTESIAN_POINT('Ctrl Pts',(-27.8002854487656,-28.8527027599212,-8.2));
#7961=CARTESIAN_POINT('Ctrl Pts',(-28.0211564279115,-31.1810070945298,-5.40519755171798));
#7962=CARTESIAN_POINT('Ctrl Pts',(-27.9266117666053,-31.1418454135668,-5.6501796996513));
#7963=CARTESIAN_POINT('Ctrl Pts',(-27.6386892778281,-31.022584013803,-5.99566819130441));
#7964=CARTESIAN_POINT('Ctrl Pts',(-27.2375704680887,-30.856435162686,-6.12047593625388));
#7965=CARTESIAN_POINT('Ctrl Pts',(-27.0761071514183,-30.7895548670955,-6.13122879041437));
#7966=CARTESIAN_POINT('Origin',(0.300000000000001,-19.4499999999989,-8.2));
#7967=CARTESIAN_POINT('Ctrl Pts',(-26.2186172771223,-32.6711875110762,-8.2));
#7968=CARTESIAN_POINT('Ctrl Pts',(-26.3387293625454,-32.4302706932017,-8.2));
#7969=CARTESIAN_POINT('Ctrl Pts',(-26.454265086011,-32.190023309424,-8.14750182214947));
#7970=CARTESIAN_POINT('Ctrl Pts',(-26.664535960361,-31.73871737333,-7.94335390688783));
#7971=CARTESIAN_POINT('Ctrl Pts',(-26.7573026592053,-31.5320496508614,-7.7937784152032));
#7972=CARTESIAN_POINT('Ctrl Pts',(-26.9112926016668,-31.181119276887,-7.41612388334738));
#7973=CARTESIAN_POINT('Ctrl Pts',(-26.9710929938718,-31.0403199350347,-7.1916260753362));
#7974=CARTESIAN_POINT('Ctrl Pts',(-27.0333194580087,-30.8924432420242,-6.81585711143299));
#7975=CARTESIAN_POINT('Ctrl Pts',(-27.0493387661367,-30.8540040906597,-6.68240123486495));
#7976=CARTESIAN_POINT('Ctrl Pts',(-27.0707526482541,-30.8025123732207,-6.40935212874599));
#7977=CARTESIAN_POINT('Ctrl Pts',(-27.0761089308489,-30.7895556041597,-6.27049786402561));
#7978=CARTESIAN_POINT('Ctrl Pts',(-27.0761089308489,-30.7895556041597,-6.13126050383934));
#7979=CARTESIAN_POINT('Ctrl Pts',(-16.0552024796862,-44.1591928913506,-8.2));
#7980=CARTESIAN_POINT('Ctrl Pts',(-16.3678511239055,-44.6063777386024,-8.2));
#7981=CARTESIAN_POINT('Ctrl Pts',(-17.0989312521788,-45.6498707207338,-7.87346234310088));
#7982=CARTESIAN_POINT('Ctrl Pts',(-17.6172138030717,-46.3866073707775,-6.87292752340625));
#7983=CARTESIAN_POINT('Ctrl Pts',(-17.7786339091715,-46.6159709592617,-6.20020165891154));
#7984=CARTESIAN_POINT('Ctrl Pts',(-16.5457408086038,-43.782789592934,-8.2));
#7985=CARTESIAN_POINT('Ctrl Pts',(-16.8627451799019,-44.2280429717152,-8.20746093874343));
#7986=CARTESIAN_POINT('Ctrl Pts',(-17.6078084466346,-45.2729911576881,-7.89895814402735));
#7987=CARTESIAN_POINT('Ctrl Pts',(-18.1423223767501,-46.0203845813208,-6.89674154391935));
#7988=CARTESIAN_POINT('Ctrl Pts',(-18.3100053830535,-46.2546490261953,-6.21558322094279));
#7989=CARTESIAN_POINT('Ctrl Pts',(-17.3949212886041,-43.1311904929648,-7.68061753051255));
#7990=CARTESIAN_POINT('Ctrl Pts',(-17.6690421551639,-43.4981081350493,-7.69213277499319));
#7991=CARTESIAN_POINT('Ctrl Pts',(-18.3185861649574,-44.3669810870919,-7.44481712308338));
#7992=CARTESIAN_POINT('Ctrl Pts',(-18.7920016471882,-44.9994666116902,-6.60112681188293));
#7993=CARTESIAN_POINT('Ctrl Pts',(-18.9397545043704,-45.1968767387198,-6.02517714792997));
#7994=CARTESIAN_POINT('Ctrl Pts',(-17.6947060759751,-42.9011575350295,-6.5971834679187));
#7995=CARTESIAN_POINT('Ctrl Pts',(-17.8631118647649,-43.1205269789364,-6.60059968567396));
#7996=CARTESIAN_POINT('Ctrl Pts',(-18.2592259721193,-43.6367165370988,-6.44304021113984));
#7997=CARTESIAN_POINT('Ctrl Pts',(-18.5435555886563,-44.007457071346,-5.9349735218696));
#7998=CARTESIAN_POINT('Ctrl Pts',(-18.6321289269073,-44.1228307794455,-5.59101016680282));
#7999=CARTESIAN_POINT('Ctrl Pts',(-17.6947060759751,-42.9011575350295,-6.13345094420715));
#8000=CARTESIAN_POINT('Ctrl Pts',(-17.8159243268692,-43.0591322352461,-6.13345094420715));
#8001=CARTESIAN_POINT('Ctrl Pts',(-18.0989608320109,-43.4279925901871,-6.01453787606108));
#8002=CARTESIAN_POINT('Ctrl Pts',(-18.299040145857,-43.6887410285719,-5.65017969965134));
#8003=CARTESIAN_POINT('Ctrl Pts',(-18.3613373838588,-43.7699283697939,-5.40519755171798));
#8004=CARTESIAN_POINT('',(-17.7786339091718,-46.615970959262,-6.20020165891173));
#8005=CARTESIAN_POINT('Ctrl Pts',(-16.0552024796862,-44.1591928913506,-8.2));
#8006=CARTESIAN_POINT('Ctrl Pts',(-16.3678511239055,-44.6063777386024,-8.2));
#8007=CARTESIAN_POINT('Ctrl Pts',(-17.0989312521788,-45.6498707207338,-7.87346234310088));
#8008=CARTESIAN_POINT('Ctrl Pts',(-17.6172138030717,-46.3866073707775,-6.87292752340625));
#8009=CARTESIAN_POINT('Ctrl Pts',(-17.7786339091715,-46.6159709592617,-6.20020165891154));
#8010=CARTESIAN_POINT('Origin',(-16.7218337875699,-45.0279637261149,-5.40519755171798));
#8011=CARTESIAN_POINT('Origin',(1.93950359628896,-20.70803535632,7.39989917050025));
#8012=CARTESIAN_POINT('',(-17.7786339091681,-46.6159709592568,21.0000000000049));
#8013=CARTESIAN_POINT('Ctrl Pts',(-17.7786339091692,-46.6159709592585,21.));
#8014=CARTESIAN_POINT('Ctrl Pts',(-17.8150627971206,-46.5917279631227,21.));
#8015=CARTESIAN_POINT('Ctrl Pts',(-17.8499724731846,-46.5666767560506,21.));
#8016=CARTESIAN_POINT('Ctrl Pts',(-17.8830525691314,-46.5412935056657,21.));
#8017=CARTESIAN_POINT('Ctrl Pts',(-18.0799932300317,-46.3901756215265,21.));
#8018=CARTESIAN_POINT('Ctrl Pts',(-18.2738425621801,-46.1639932607419,21.));
#8019=CARTESIAN_POINT('Ctrl Pts',(-18.5200304314171,-45.7207675525212,21.));
#8020=CARTESIAN_POINT('Ctrl Pts',(-18.6114855437478,-45.4240164829095,21.));
#8021=CARTESIAN_POINT('Ctrl Pts',(-18.667785309672,-44.8953186012647,21.));
#8022=CARTESIAN_POINT('Ctrl Pts',(-18.6368760259187,-44.5692801391837,21.));
#8023=CARTESIAN_POINT('Ctrl Pts',(-18.4826288676029,-44.0311353964453,21.));
#8024=CARTESIAN_POINT('Ctrl Pts',(-18.3263724699133,-43.7243612067808,21.));
#8025=CARTESIAN_POINT('Ctrl Pts',(-18.1517204759521,-43.4967502968333,21.));
#8026=CARTESIAN_POINT('Origin',(2.0412921357345,-20.7861404497035,7.39989917050025));
#8027=CARTESIAN_POINT('Origin',(0.3,-19.4499999999989,7.39989917050025));
#8028=CARTESIAN_POINT('',(-14.1871040146057,-48.6895417106912,-6.20020165891294));
#8029=CARTESIAN_POINT('Origin',(0.300000000000569,-19.4499999999983,-6.20020165891397));
#8030=CARTESIAN_POINT('',(-14.1871040146036,-48.6895417106862,21.0000000000049));
#8031=CARTESIAN_POINT('Origin',(-1.72777764033541,-18.6100669998951,7.39989917050025));
#8032=CARTESIAN_POINT('Origin',(0.300000000000331,-19.4499999999984,21.0000000000049));
#8033=CARTESIAN_POINT('Origin',(0.299999999999998,-19.4499999999989,-4.94987394027639));
#8034=CARTESIAN_POINT('Ctrl Pts',(-14.1871040146059,-48.6895417106911,-6.20020165891293));
#8035=CARTESIAN_POINT('Ctrl Pts',(-14.0986605345468,-48.4986849325316,-6.70474605214124));
#8036=CARTESIAN_POINT('Ctrl Pts',(-13.9555644716888,-48.1899835400379,-7.15520173511203));
#8037=CARTESIAN_POINT('Ctrl Pts',(-13.7754105878234,-47.8022433432092,-7.49419102718348));
#8038=CARTESIAN_POINT('Ctrl Pts',(-13.535205409335,-47.2852564141016,-7.94617674994773));
#8039=CARTESIAN_POINT('Ctrl Pts',(-13.2291196601662,-46.6277560550635,-8.19999999999999));
#8040=CARTESIAN_POINT('Ctrl Pts',(-12.9211875110773,-45.9686172771213,-8.2));
#8041=CARTESIAN_POINT('Origin',(-1.60924237557755,-18.6591659141772,7.39989917050025));
#8042=CARTESIAN_POINT('',(-11.2992363975435,-47.4530338241202,21.));
#8043=CARTESIAN_POINT('Ctrl Pts',(-11.2992363975435,-47.4530338241202,21.));
#8044=CARTESIAN_POINT('Ctrl Pts',(-11.4090272307559,-47.7180923426858,21.));
#8045=CARTESIAN_POINT('Ctrl Pts',(-11.596573273386,-48.0068014474211,21.));
#8046=CARTESIAN_POINT('Ctrl Pts',(-11.9854967123525,-48.4094557763534,21.));
#8047=CARTESIAN_POINT('Ctrl Pts',(-12.2523996612489,-48.5992432323371,21.));
#8048=CARTESIAN_POINT('Ctrl Pts',(-12.7384153406424,-48.814835145642,21.));
#8049=CARTESIAN_POINT('Ctrl Pts',(-13.0411368616917,-48.8840082298635,21.));
#8050=CARTESIAN_POINT('Ctrl Pts',(-13.5480755192397,-48.8924161351111,21.));
#8051=CARTESIAN_POINT('Ctrl Pts',(-13.8408798556413,-48.8376288693562,21.));
#8052=CARTESIAN_POINT('Ctrl Pts',(-14.0702221127221,-48.742632196048,21.));
#8053=CARTESIAN_POINT('Ctrl Pts',(-14.1087447003595,-48.726675617791,21.));
#8054=CARTESIAN_POINT('Ctrl Pts',(-14.1478945201113,-48.7089685550176,21.));
#8055=CARTESIAN_POINT('Ctrl Pts',(-14.1871040146045,-48.689541710688,21.));
#8056=CARTESIAN_POINT('',(-11.4310070945309,-47.7711564279104,-5.40519755171798));
#8057=CARTESIAN_POINT('Origin',(-13.3402494701195,-46.9803223421154,-5.40519755172731));
#8058=CARTESIAN_POINT('Origin',(0.299999999999998,-19.4499999999989,7.39989917050025));
#8059=CARTESIAN_POINT('Ctrl Pts',(-14.1871040146072,-48.689541710694,-6.20020165890515));
#8060=CARTESIAN_POINT('Ctrl Pts',(-14.0986605345483,-48.4986849325348,-6.70474605213661));
#8061=CARTESIAN_POINT('Ctrl Pts',(-13.7647697212115,-47.7783816833801,-7.75580931240853));
#8062=CARTESIAN_POINT('Ctrl Pts',(-13.2291196601662,-46.6277560550635,-8.2));
#8063=CARTESIAN_POINT('Ctrl Pts',(-12.9211875110773,-45.9686172771212,-8.2));
#8064=CARTESIAN_POINT('Ctrl Pts',(-13.6085043046862,-48.9690619393891,-6.21558322093633));
#8065=CARTESIAN_POINT('Ctrl Pts',(-13.5192262126114,-48.7722994671354,-6.72645195796479));
#8066=CARTESIAN_POINT('Ctrl Pts',(-13.1834990279795,-48.0328614859348,-7.78370398699864));
#8067=CARTESIAN_POINT('Ctrl Pts',(-12.6527415915635,-46.8681149749192,-8.20994791815308));
#8068=CARTESIAN_POINT('Ctrl Pts',(-12.3499435281215,-46.2052342822856,-8.2));
#8069=CARTESIAN_POINT('Ctrl Pts',(-12.3775688966247,-48.9855701707893,-6.02518267549559));
#8070=CARTESIAN_POINT('Ctrl Pts',(-12.3047545800812,-48.8155730790348,-6.45714491906016));
#8071=CARTESIAN_POINT('Ctrl Pts',(-12.0303215563788,-48.1748298668509,-7.34830499535169));
#8072=CARTESIAN_POINT('Ctrl Pts',(-11.601977126845,-47.1759889866141,-7.6959832287944));
#8073=CARTESIAN_POINT('Ctrl Pts',(-11.3610443765156,-46.6148497227,-7.68062956975155));
#8074=CARTESIAN_POINT('Ctrl Pts',(-11.6012337748222,-48.1821199881475,-5.59101016679955));
#8075=CARTESIAN_POINT('Ctrl Pts',(-11.5595113554844,-48.08132477787,-5.84898268047182));
#8076=CARTESIAN_POINT('Ctrl Pts',(-11.4019021676716,-47.7008900144192,-6.38398622995672));
#8077=CARTESIAN_POINT('Ctrl Pts',(-11.152980622192,-47.1001559079893,-6.60173842484719));
#8078=CARTESIAN_POINT('Ctrl Pts',(-11.0119451354998,-46.7594513629429,-6.5971834679187));
#8079=CARTESIAN_POINT('Ctrl Pts',(-11.4310070945312,-47.7711564279113,-5.40519755171565));
#8080=CARTESIAN_POINT('Ctrl Pts',(-11.4016358341084,-47.7002479326544,-5.58893416079406));
#8081=CARTESIAN_POINT('Ctrl Pts',(-11.2907805501551,-47.4326196026737,-5.97169294666099));
#8082=CARTESIAN_POINT('Ctrl Pts',(-11.113546437876,-47.0047386050943,-6.13345094420714));
#8083=CARTESIAN_POINT('Ctrl Pts',(-11.0119451354998,-46.7594513629429,-6.13345094420714));
#8084=CARTESIAN_POINT('',(-11.0395556041516,-46.8261089308257,-6.13126050384225));
#8085=CARTESIAN_POINT('Ctrl Pts',(-11.0395556041608,-46.8261089308478,-6.13126050383935));
#8086=CARTESIAN_POINT('Ctrl Pts',(-11.0395556041608,-46.8261089308478,-6.40270931467736));
#8087=CARTESIAN_POINT('Ctrl Pts',(-11.0888373331721,-46.8058402455816,-6.67136890966953));
#8088=CARTESIAN_POINT('Ctrl Pts',(-11.2792664291623,-46.7257774877174,-7.17105330527506));
#8089=CARTESIAN_POINT('Ctrl Pts',(-11.4178311372269,-46.6670033928176,-7.39743681716598));
#8090=CARTESIAN_POINT('Ctrl Pts',(-11.7650942175621,-46.5148527618395,-7.77955068784735));
#8091=CARTESIAN_POINT('Ctrl Pts',(-11.9703292419543,-46.4228984011507,-7.9316883154143));
#8092=CARTESIAN_POINT('Ctrl Pts',(-12.3103429778205,-46.2647777630424,-8.09035240153952));
#8093=CARTESIAN_POINT('Ctrl Pts',(-12.4299844575916,-46.2082267392716,-8.13130480757038));
#8094=CARTESIAN_POINT('Ctrl Pts',(-12.6739398525086,-46.0907968571107,-8.18618796253348));
#8095=CARTESIAN_POINT('Ctrl Pts',(-12.7976220510417,-46.0302223789239,-8.2));
#8096=CARTESIAN_POINT('Ctrl Pts',(-12.9211875110773,-45.9686172771212,-8.2));
#8097=CARTESIAN_POINT('Ctrl Pts',(-11.4310070945309,-47.7711564279104,-5.40519755171798));
#8098=CARTESIAN_POINT('Ctrl Pts',(-11.3918454135679,-47.6766117666042,-5.65017969965127));
#8099=CARTESIAN_POINT('Ctrl Pts',(-11.2725840271679,-47.38868931009,-5.99566825180687));
#8100=CARTESIAN_POINT('Ctrl Pts',(-11.1064351639324,-46.9875704710939,-6.12047594261341));
#8101=CARTESIAN_POINT('Ctrl Pts',(-11.039554867123,-46.8261071514812,-6.13122879155519));
#8102=CARTESIAN_POINT('Ctrl Pts',(-26.2186172771223,-32.6711875110762,-8.2));
#8103=CARTESIAN_POINT('Ctrl Pts',(-26.7129713691008,-32.9021366268741,-8.2));
#8104=CARTESIAN_POINT('Ctrl Pts',(-27.8678517396017,-33.4402879536723,-7.87346218254228));
#8105=CARTESIAN_POINT('Ctrl Pts',(-28.6850660038866,-33.8191793733245,-6.87292752340626));
#8106=CARTESIAN_POINT('Ctrl Pts',(-28.9395417106927,-33.937104014605,-6.20020165891155));
#8107=CARTESIAN_POINT('Ctrl Pts',(-26.4552342822867,-32.0999435281204,-8.2));
#8108=CARTESIAN_POINT('Ctrl Pts',(-26.952394810332,-32.3270420796167,-8.20746093874342));
#8109=CARTESIAN_POINT('Ctrl Pts',(-28.1201127392234,-32.8594621597024,-7.89895826504297));
#8110=CARTESIAN_POINT('Ctrl Pts',(-28.9567119737087,-33.239466847371,-6.89674154391935));
#8111=CARTESIAN_POINT('Ctrl Pts',(-29.2190619393877,-33.358504304684,-6.21558322094279));
#8112=CARTESIAN_POINT('Ctrl Pts',(-26.8648497227011,-31.1110443765145,-7.68062956975154));
#8113=CARTESIAN_POINT('Ctrl Pts',(-27.2857041778914,-31.2917439423765,-7.69214481423218));
#8114=CARTESIAN_POINT('Ctrl Pts',(-28.2826665990558,-31.7194394922539,-7.44482674243795));
#8115=CARTESIAN_POINT('Ctrl Pts',(-29.008907379472,-32.0304831402419,-6.60113233945399));
#8116=CARTESIAN_POINT('Ctrl Pts',(-29.2355701707882,-32.1275688966227,-6.02518267550107));
#8117=CARTESIAN_POINT('Ctrl Pts',(-27.0094513629439,-30.7619451354987,-6.5971834679187));
#8118=CARTESIAN_POINT('Ctrl Pts',(-27.2649797761336,-30.8677217523413,-6.60059968567396));
#8119=CARTESIAN_POINT('Ctrl Pts',(-27.8661193646188,-31.1166979261864,-6.44304006985713));
#8120=CARTESIAN_POINT('Ctrl Pts',(-28.2977263730742,-31.2956038818032,-5.93497352186955));
#8121=CARTESIAN_POINT('Ctrl Pts',(-28.4321199881473,-31.3512337748206,-5.59101016680282));
#8122=CARTESIAN_POINT('Ctrl Pts',(-27.0094513629439,-30.7619451354987,-6.13345094420715));
#8123=CARTESIAN_POINT('Ctrl Pts',(-27.1934167977288,-30.8381461135944,-6.13345094420714));
#8124=CARTESIAN_POINT('Ctrl Pts',(-27.6229637474728,-31.0160702858544,-6.01453781759153));
#8125=CARTESIAN_POINT('Ctrl Pts',(-27.9266117666053,-31.1418454135668,-5.6501796996513));
#8126=CARTESIAN_POINT('Ctrl Pts',(-28.0211564279115,-31.1810070945298,-5.40519755171798));
#8127=CARTESIAN_POINT('',(-28.9395417106931,-33.9371040146052,-6.20020165891173));
#8128=CARTESIAN_POINT('Ctrl Pts',(-26.2186172771223,-32.6711875110762,-8.2));
#8129=CARTESIAN_POINT('Ctrl Pts',(-26.7129713691008,-32.9021366268741,-8.2));
#8130=CARTESIAN_POINT('Ctrl Pts',(-27.8678517396017,-33.4402879536723,-7.87346218254228));
#8131=CARTESIAN_POINT('Ctrl Pts',(-28.6850660038866,-33.8191793733245,-6.87292752340626));
#8132=CARTESIAN_POINT('Ctrl Pts',(-28.9395417106927,-33.937104014605,-6.20020165891155));
#8133=CARTESIAN_POINT('Origin',(-27.2303223420898,-33.0902494701073,-5.40519755171798));
#8134=CARTESIAN_POINT('Origin',(1.09083408582165,-21.3592423755764,7.39989917050025));
#8135=CARTESIAN_POINT('',(-28.9395417106873,-33.9371040146025,21.0000000000049));
#8136=CARTESIAN_POINT('Ctrl Pts',(-28.9395417106891,-33.9371040146034,21.));
#8137=CARTESIAN_POINT('Ctrl Pts',(-28.9589685550187,-33.8978945201102,21.));
#8138=CARTESIAN_POINT('Ctrl Pts',(-28.9766756177921,-33.8587447003584,21.));
#8139=CARTESIAN_POINT('Ctrl Pts',(-28.9926321960491,-33.820222112721,21.));
#8140=CARTESIAN_POINT('Ctrl Pts',(-29.0876288693573,-33.5908798556402,21.));
#8141=CARTESIAN_POINT('Ctrl Pts',(-29.1424161351122,-33.2980755192386,21.));
#8142=CARTESIAN_POINT('Ctrl Pts',(-29.1340082298646,-32.7911368616906,21.));
#8143=CARTESIAN_POINT('Ctrl Pts',(-29.0648351456431,-32.4884153406413,21.));
#8144=CARTESIAN_POINT('Ctrl Pts',(-28.8492432323382,-32.0023996612478,21.));
#8145=CARTESIAN_POINT('Ctrl Pts',(-28.6594557763545,-31.7354967123515,21.));
#8146=CARTESIAN_POINT('Ctrl Pts',(-28.2568014474222,-31.3465732733849,21.));
#8147=CARTESIAN_POINT('Ctrl Pts',(-27.9680923426869,-31.1590272307549,21.));
#8148=CARTESIAN_POINT('Ctrl Pts',(-27.7030338241213,-31.0492363975425,21.));
#8149=CARTESIAN_POINT('Origin',(1.13993300010384,-21.4777776403343,7.39989917050025));
#8150=CARTESIAN_POINT('Origin',(0.300000000000002,-19.4499999999989,7.39989917050025));
#8151=CARTESIAN_POINT('',(-26.8659709592579,-37.528633909167,21.0000000000049));
#8152=CARTESIAN_POINT('Origin',(-1.03614044970461,-17.7087078642644,7.39989917050025));
#8153=CARTESIAN_POINT('Origin',(0.300000000000539,-19.4499999999986,21.0000000000049));
#8154=CARTESIAN_POINT('Origin',(0.300000000000806,-19.4499999999986,-6.20020165891397));
#8155=CARTESIAN_POINT('Origin',(0.3,-19.4499999999989,-4.94987394027639));
#8156=CARTESIAN_POINT('Ctrl Pts',(-26.8659709592623,-37.5286339091701,-6.20020165891293));
#8157=CARTESIAN_POINT('Ctrl Pts',(-26.6939482696523,-37.407568830829,-6.70474605214125));
#8158=CARTESIAN_POINT('Ctrl Pts',(-26.4156727860297,-37.2117736406891,-7.15520180016329));
#8159=CARTESIAN_POINT('Ctrl Pts',(-26.0657848530605,-36.9660577258875,-7.49419110152777));
#8160=CARTESIAN_POINT('Ctrl Pts',(-25.5992676090991,-36.6384365061503,-7.94617683668273));
#8161=CARTESIAN_POINT('Ctrl Pts',(-25.0054393440758,-36.2220673314581,-8.19999999999999));
#8162=CARTESIAN_POINT('Ctrl Pts',(-24.4091928913517,-35.8052024796851,-8.2));
#8163=CARTESIAN_POINT('Origin',(-0.958035356321082,-17.8104964037099,7.39989917050025));
#8164=CARTESIAN_POINT('Ctrl Pts',(-23.7467502968344,-37.901720475951,21.));
#8165=CARTESIAN_POINT('Ctrl Pts',(-23.9743612067819,-38.0763724699122,21.));
#8166=CARTESIAN_POINT('Ctrl Pts',(-24.2811353964464,-38.2326288676018,21.));
#8167=CARTESIAN_POINT('Ctrl Pts',(-24.8192801391848,-38.3868760259176,21.));
#8168=CARTESIAN_POINT('Ctrl Pts',(-25.1453186012658,-38.4177853096709,21.));
#8169=CARTESIAN_POINT('Ctrl Pts',(-25.6740164829106,-38.3614855437467,21.));
#8170=CARTESIAN_POINT('Ctrl Pts',(-25.9707675525223,-38.270030431416,21.));
#8171=CARTESIAN_POINT('Ctrl Pts',(-26.413993260743,-38.023842562179,21.));
#8172=CARTESIAN_POINT('Ctrl Pts',(-26.6401756215276,-37.8299932300306,21.));
#8173=CARTESIAN_POINT('Ctrl Pts',(-26.7912935056668,-37.6330525691303,21.));
#8174=CARTESIAN_POINT('Ctrl Pts',(-26.8166767560517,-37.5999724731836,21.));
#8175=CARTESIAN_POINT('Ctrl Pts',(-26.8417279631238,-37.5650627971195,21.));
#8176=CARTESIAN_POINT('Ctrl Pts',(-26.8659709592596,-37.5286339091681,21.));
#8177=CARTESIAN_POINT('Ctrl Pts',(-26.865970959265,-37.528633909172,-6.20020165890515));
#8178=CARTESIAN_POINT('Ctrl Pts',(-26.6939482696552,-37.407568830831,-6.70474605213662));
#8179=CARTESIAN_POINT('Ctrl Pts',(-26.0446388078666,-36.9507133871694,-7.75580946419478));
#8180=CARTESIAN_POINT('Ctrl Pts',(-25.0054393440758,-36.2220673314581,-8.19999999999999));
#8181=CARTESIAN_POINT('Ctrl Pts',(-24.4091928913517,-35.8052024796851,-8.2));
#8182=CARTESIAN_POINT('Ctrl Pts',(-26.5046490261986,-38.060005383054,-6.21558322093633));
#8183=CARTESIAN_POINT('Ctrl Pts',(-26.3289506943336,-37.9342431296083,-6.7264519579648));
#8184=CARTESIAN_POINT('Ctrl Pts',(-25.6684835001565,-37.4617346876881,-7.78370376451166));
#8185=CARTESIAN_POINT('Ctrl Pts',(-24.6264607544094,-36.7184132963807,-8.20994791815307));
#8186=CARTESIAN_POINT('Ctrl Pts',(-24.0327895929351,-36.2957408086028,-8.2));
#8187=CARTESIAN_POINT('Ctrl Pts',(-25.4468767387227,-38.6897545043707,-6.0251771479245));
#8188=CARTESIAN_POINT('Ctrl Pts',(-25.2988191449596,-38.5789398626135,-6.45713939148908));
#8189=CARTESIAN_POINT('Ctrl Pts',(-24.7407851472108,-38.161259554347,-7.34829732103383));
#8190=CARTESIAN_POINT('Ctrl Pts',(-23.8704140073119,-37.5104157710489,-7.6959711895554));
#8191=CARTESIAN_POINT('Ctrl Pts',(-23.3811904929659,-37.1449212886031,-7.68061753051256));
#8192=CARTESIAN_POINT('Ctrl Pts',(-24.3728307794477,-38.3821289269071,-5.59101016679955));
#8193=CARTESIAN_POINT('Ctrl Pts',(-24.286300499255,-38.3156989238959,-5.84898268047183));
#8194=CARTESIAN_POINT('Ctrl Pts',(-23.9595896053687,-38.0650373805503,-6.3839863851745));
#8195=CARTESIAN_POINT('Ctrl Pts',(-23.4436501218644,-37.669247123823,-6.60173842484719));
#8196=CARTESIAN_POINT('Ctrl Pts',(-23.1511575350306,-37.444706075974,-6.5971834679187));
#8197=CARTESIAN_POINT('Ctrl Pts',(-24.0199283697957,-38.1113373838583,-5.40519755171565));
#8198=CARTESIAN_POINT('Ctrl Pts',(-23.9590378644999,-38.0646144558332,-5.58893416079407));
#8199=CARTESIAN_POINT('Ctrl Pts',(-23.7292202389039,-37.8882691894002,-5.97169300193599));
#8200=CARTESIAN_POINT('Ctrl Pts',(-23.3617904650218,-37.6063304077133,-6.13345094420714));
#8201=CARTESIAN_POINT('Ctrl Pts',(-23.1511575350306,-37.444706075974,-6.13345094420714));
#8202=CARTESIAN_POINT('Origin',(0.300000000000001,-19.4499999999989,-8.2));
#8203=CARTESIAN_POINT('Ctrl Pts',(-9.10270275992224,-47.5502854487645,-8.2));
#8204=CARTESIAN_POINT('Ctrl Pts',(-9.35798874564834,-47.4648636032487,-8.2));
#8205=CARTESIAN_POINT('Ctrl Pts',(-9.60956539341164,-47.3766791425489,-8.14750182214948));
#8206=CARTESIAN_POINT('Ctrl Pts',(-10.0773708423524,-47.206241615886,-7.94335390688783));
#8207=CARTESIAN_POINT('Ctrl Pts',(-10.2891029521834,-47.1257014296972,-7.79377841520321));
#8208=CARTESIAN_POINT('Ctrl Pts',(-10.6461355318941,-46.9864435150847,-7.41612388334738));
#8209=CARTESIAN_POINT('Ctrl Pts',(-10.7879809641502,-46.9291686085201,-7.19162607533619));
#8210=CARTESIAN_POINT('Ctrl Pts',(-10.9365463313179,-46.8686047508733,-6.81585711143299));
#8211=CARTESIAN_POINT('Ctrl Pts',(-10.975054277318,-46.8527515276876,-6.68240123486494));
#8212=CARTESIAN_POINT('Ctrl Pts',(-11.0266063211508,-46.8314832863683,-6.409352128746));
#8213=CARTESIAN_POINT('Ctrl Pts',(-11.0395556041608,-46.8261089308478,-6.27049786402563));
#8214=CARTESIAN_POINT('Ctrl Pts',(-11.0395556041608,-46.8261089308478,-6.13126050383934));
#8215=CARTESIAN_POINT('Ctrl Pts',(-9.10270275992223,-47.5502854487645,-8.2));
#8216=CARTESIAN_POINT('Ctrl Pts',(-9.28895820477791,-48.0631522653996,-8.19999999999999));
#8217=CARTESIAN_POINT('Ctrl Pts',(-9.72505152728771,-49.2603065548587,-7.87346235732291));
#8218=CARTESIAN_POINT('Ctrl Pts',(-10.0349925495235,-50.1060808994512,-6.87292752340627));
#8219=CARTESIAN_POINT('Ctrl Pts',(-10.1315487339349,-50.3694077108995,-6.20020165891155));
#8220=CARTESIAN_POINT('Ctrl Pts',(-9.67394674287812,-47.3136684436001,-8.2));
#8221=CARTESIAN_POINT('Ctrl Pts',(-9.86490939783663,-47.8257969500801,-8.20746093874342));
#8222=CARTESIAN_POINT('Ctrl Pts',(-10.3141327526617,-49.0279759433702,-7.89895813330786));
#8223=CARTESIAN_POINT('Ctrl Pts',(-10.6369939151072,-49.8882449485539,-6.89674154391935));
#8224=CARTESIAN_POINT('Ctrl Pts',(-10.7383311616016,-50.1579265816108,-6.2155832209428));
#8225=CARTESIAN_POINT('Ctrl Pts',(-10.6628566872913,-46.9040485326586,-7.68064680748841));
#8226=CARTESIAN_POINT('Ctrl Pts',(-10.8326718380706,-47.3294114601948,-7.69216205196905));
#8227=CARTESIAN_POINT('Ctrl Pts',(-11.235207265063,-48.3368029074521,-7.44484103330645));
#8228=CARTESIAN_POINT('Ctrl Pts',(-11.5288012651209,-49.0702847142486,-6.60114025380936));
#8229=CARTESIAN_POINT('Ctrl Pts',(-11.6204260652098,-49.2992095077245,-6.02519058985646));
#8230=CARTESIAN_POINT('Ctrl Pts',(-11.0119451354998,-46.7594513629428,-6.5971834679187));
#8231=CARTESIAN_POINT('Ctrl Pts',(-11.1178356461917,-47.0149325997555,-6.60059968567396));
#8232=CARTESIAN_POINT('Ctrl Pts',(-11.3668528058203,-47.6160553073638,-6.44304022365449));
#8233=CARTESIAN_POINT('Ctrl Pts',(-11.5455394128446,-48.0477530769905,-5.93497352186953));
#8234=CARTESIAN_POINT('Ctrl Pts',(-11.6012337748217,-48.1821199881462,-5.59101016680283));
#8235=CARTESIAN_POINT('Ctrl Pts',(-11.0119451354998,-46.7594513629428,-6.13345094420714));
#8236=CARTESIAN_POINT('Ctrl Pts',(-11.0881461135955,-46.9434167977277,-6.13345094420714));
#8237=CARTESIAN_POINT('Ctrl Pts',(-11.2660703000038,-47.3729637816287,-6.01453788124024));
#8238=CARTESIAN_POINT('Ctrl Pts',(-11.3918454135679,-47.6766117666042,-5.65017969965127));
#8239=CARTESIAN_POINT('Ctrl Pts',(-11.4310070945309,-47.7711564279104,-5.40519755171798));
#8240=CARTESIAN_POINT('',(-10.131548733935,-50.3694077108999,-6.20020165891173));
#8241=CARTESIAN_POINT('Ctrl Pts',(-9.10270275992223,-47.5502854487645,-8.2));
#8242=CARTESIAN_POINT('Ctrl Pts',(-9.28895820477791,-48.0631522653996,-8.19999999999999));
#8243=CARTESIAN_POINT('Ctrl Pts',(-9.72505152728771,-49.2603065548587,-7.87346235732291));
#8244=CARTESIAN_POINT('Ctrl Pts',(-10.0349925495235,-50.1060808994512,-6.87292752340627));
#8245=CARTESIAN_POINT('Ctrl Pts',(-10.1315487339349,-50.3694077108995,-6.20020165891155));
#8246=CARTESIAN_POINT('Origin',(-9.52176471895333,-48.561990513732,-5.40519755171798));
#8247=CARTESIAN_POINT('Origin',(2.20924237557754,-20.2408340858205,7.39989917050025));
#8248=CARTESIAN_POINT('',(-10.1315487339328,-50.3694077108938,21.0000000000049));
#8249=CARTESIAN_POINT('Ctrl Pts',(-10.1315487339334,-50.3694077108958,21.));
#8250=CARTESIAN_POINT('Ctrl Pts',(-10.173010886739,-50.3554192648153,21.));
#8251=CARTESIAN_POINT('Ctrl Pts',(-10.2132147739297,-50.3402569459484,21.));
#8252=CARTESIAN_POINT('Ctrl Pts',(-10.251737361567,-50.3243003676913,21.));
#8253=CARTESIAN_POINT('Ctrl Pts',(-10.4810796186479,-50.2293036943832,21.));
#8254=CARTESIAN_POINT('Ctrl Pts',(-10.7268639976162,-50.0610002096907,21.));
#8255=CARTESIAN_POINT('Ctrl Pts',(-11.0793784731978,-49.6965951604768,21.));
#8256=CARTESIAN_POINT('Ctrl Pts',(-11.2445221566143,-49.4336259632031,21.));
#8257=CARTESIAN_POINT('Ctrl Pts',(-11.4357406354096,-48.9375144766741,21.));
#8258=CARTESIAN_POINT('Ctrl Pts',(-11.4902695233827,-48.6145855944806,21.));
#8259=CARTESIAN_POINT('Ctrl Pts',(-11.4805603179762,-48.0548555869629,21.));
#8260=CARTESIAN_POINT('Ctrl Pts',(-11.409027230756,-47.7180923426858,21.));
#8261=CARTESIAN_POINT('Ctrl Pts',(-11.2992363975435,-47.4530338241202,21.));
#8262=CARTESIAN_POINT('Origin',(2.32777764033541,-20.2899330001027,7.39989917050025));
#8263=CARTESIAN_POINT('Origin',(0.3,-19.4499999999989,7.39989917050025));
#8264=CARTESIAN_POINT('',(-6.12571765104697,-51.4427669145742,-6.20020165891294));
#8265=CARTESIAN_POINT('Origin',(0.300000000000387,-19.4499999999981,-6.20020165891397));
#8266=CARTESIAN_POINT('',(-6.12571765104626,-51.4427669145688,21.0000000000049));
#8267=CARTESIAN_POINT('Origin',(-1.87607344980845,-19.163514495398,7.39989917050025));
#8268=CARTESIAN_POINT('Origin',(0.300000000000191,-19.4499999999983,21.0000000000049));
#8269=CARTESIAN_POINT('Origin',(0.299999999999996,-19.4499999999989,-4.94987394027639));
#8270=CARTESIAN_POINT('Ctrl Pts',(-6.12571765104716,-51.4427669145741,-6.20020165891292));
#8271=CARTESIAN_POINT('Ctrl Pts',(-6.08968517856586,-51.2355225663731,-6.70474605214123));
#8272=CARTESIAN_POINT('Ctrl Pts',(-6.03136278990056,-50.9003039018274,-7.15520169167061));
#8273=CARTESIAN_POINT('Ctrl Pts',(-5.95770204746872,-50.4791483712583,-7.49419097753614));
#8274=CARTESIAN_POINT('Ctrl Pts',(-5.85948772422576,-49.9176076638301,-7.94617669202583));
#8275=CARTESIAN_POINT('Ctrl Pts',(-5.73400521650868,-49.203290305692,-8.19999999999998));
#8276=CARTESIAN_POINT('Ctrl Pts',(-5.60716327005608,-48.4869124321853,-8.2));
#8277=CARTESIAN_POINT('Origin',(-1.74886944214273,-19.1802612207103,7.39989917050025));
#8278=CARTESIAN_POINT('Ctrl Pts',(-3.65628352728682,-49.5009568734946,21.));
#8279=CARTESIAN_POINT('Ctrl Pts',(-3.69373113590503,-49.7853997006681,21.));
#8280=CARTESIAN_POINT('Ctrl Pts',(-3.80016328729971,-50.112811768883,21.));
#8281=CARTESIAN_POINT('Ctrl Pts',(-4.07161987252601,-50.6024067773571,21.));
#8282=CARTESIAN_POINT('Ctrl Pts',(-4.28030771584758,-50.8548069489658,21.));
#8283=CARTESIAN_POINT('Ctrl Pts',(-4.69396351942183,-51.1888428600116,21.));
#8284=CARTESIAN_POINT('Ctrl Pts',(-4.96846674317183,-51.3340090235552,21.));
#8285=CARTESIAN_POINT('Ctrl Pts',(-5.4559557588342,-51.4733358156509,21.));
#8286=CARTESIAN_POINT('Ctrl Pts',(-5.7529630172204,-51.4961987194559,21.));
#8287=CARTESIAN_POINT('Ctrl Pts',(-5.99907757466776,-51.4637971232753,21.));
#8288=CARTESIAN_POINT('Ctrl Pts',(-6.04041740330975,-51.4583546315848,21.));
#8289=CARTESIAN_POINT('Ctrl Pts',(-6.0828161503812,-51.4513836413084,21.));
#8290=CARTESIAN_POINT('Ctrl Pts',(-6.12571765104666,-51.4427669145708,21.));
#8291=CARTESIAN_POINT('Origin',(-5.75009750026299,-49.5726056991287,-5.40519755172731));
#8292=CARTESIAN_POINT('Ctrl Pts',(-6.12571765104772,-51.4427669145773,-6.20020165890514));
#8293=CARTESIAN_POINT('Ctrl Pts',(-6.08968517856646,-51.2355225663766,-6.7047460521366));
#8294=CARTESIAN_POINT('Ctrl Pts',(-5.95359960501357,-50.4533456824336,-7.75580921104522));
#8295=CARTESIAN_POINT('Ctrl Pts',(-5.73400521650868,-49.203290305692,-8.19999999999998));
#8296=CARTESIAN_POINT('Ctrl Pts',(-5.60716327005608,-48.4869124321852,-8.2));
#8297=CARTESIAN_POINT('Ctrl Pts',(-5.49448808947401,-51.5630100980257,-6.21558322093632));
#8298=CARTESIAN_POINT('Ctrl Pts',(-5.45917794979785,-51.349845273892,-6.72645195796481));
#8299=CARTESIAN_POINT('Ctrl Pts',(-5.32627101195318,-50.54871039007,-7.78370413557586));
#8300=CARTESIAN_POINT('Ctrl Pts',(-5.11505728821977,-49.2862815726257,-8.20994791815306));
#8301=CARTESIAN_POINT('Ctrl Pts',(-4.9941429664751,-48.5676180862235,-8.2));
#8302=CARTESIAN_POINT('Ctrl Pts',(-4.30119701396073,-51.260418759227,-6.02520297745698));
#8303=CARTESIAN_POINT('Ctrl Pts',(-4.27486227004588,-51.0773684460297,-6.45716522102162));
#8304=CARTESIAN_POINT('Ctrl Pts',(-4.17561560759983,-50.3874125080772,-7.34833382926523));
#8305=CARTESIAN_POINT('Ctrl Pts',(-4.02038338617337,-49.3117110878416,-7.69602744716106));
#8306=CARTESIAN_POINT('Ctrl Pts',(-3.93289374868712,-48.7073341963079,-7.68067378811822));
#8307=CARTESIAN_POINT('Ctrl Pts',(-3.75928920870086,-50.2833627017293,-5.59101016679954));
#8308=CARTESIAN_POINT('Ctrl Pts',(-3.74507616640213,-50.1752034482236,-5.8489826804719));
#8309=CARTESIAN_POINT('Ctrl Pts',(-3.69130113608966,-49.7669393873763,-6.3839861263019));
#8310=CARTESIAN_POINT('Ctrl Pts',(-3.60634282192163,-49.1222492006595,-6.60173842484719));
#8311=CARTESIAN_POINT('Ctrl Pts',(-3.55829382791334,-48.7566512114738,-6.5971834679187));
#8312=CARTESIAN_POINT('Ctrl Pts',(-3.70122805811662,-49.8423444783896,-5.40519755171565));
#8313=CARTESIAN_POINT('Ctrl Pts',(-3.69121006815555,-49.7662502899415,-5.58893416079414));
#8314=CARTESIAN_POINT('Ctrl Pts',(-3.653399391758,-49.4790496891898,-5.9716929097482));
#8315=CARTESIAN_POINT('Ctrl Pts',(-3.59294814007369,-49.0198768455894,-6.13345094420714));
#8316=CARTESIAN_POINT('Ctrl Pts',(-3.55829382791334,-48.7566512114738,-6.13345094420714));
#8317=CARTESIAN_POINT('Ctrl Pts',(-27.8002854487656,-10.0472972400766,-8.2));
#8318=CARTESIAN_POINT('Ctrl Pts',(-28.3131522654006,-9.86104179522098,-8.2));
#8319=CARTESIAN_POINT('Ctrl Pts',(-29.5103111128277,-9.4249468719053,-7.87347069607802));
#8320=CARTESIAN_POINT('Ctrl Pts',(-30.3560808994523,-9.11500745047541,-6.87292752340625));
#8321=CARTESIAN_POINT('Ctrl Pts',(-30.6194077109006,-9.01845126606399,-6.20020165891155));
#8322=CARTESIAN_POINT('Ctrl Pts',(-27.5636684436012,-9.47605325712075,-8.2));
#8323=CARTESIAN_POINT('Ctrl Pts',(-28.0757969500811,-9.28509060216226,-8.20746093874342));
#8324=CARTESIAN_POINT('Ctrl Pts',(-29.2779701318096,-8.83587021195783,-7.89895184825005));
#8325=CARTESIAN_POINT('Ctrl Pts',(-30.138244948555,-8.51300608489166,-6.89674154391937));
#8326=CARTESIAN_POINT('Ctrl Pts',(-30.4079265816119,-8.41166883839728,-6.2155832209428));
#8327=CARTESIAN_POINT('Ctrl Pts',(-27.153988867022,-8.48699926711591,-7.68087686996641));
#8328=CARTESIAN_POINT('Ctrl Pts',(-27.5793517945582,-8.31718411633671,-7.69239211444705));
#8329=CARTESIAN_POINT('Ctrl Pts',(-28.5868288205164,-7.91460747700608,-7.44504002263537));
#8330=CARTESIAN_POINT('Ctrl Pts',(-29.3204531195075,-7.62094452521658,-6.60124588230503));
#8331=CARTESIAN_POINT('Ctrl Pts',(-29.5493779129835,-7.52931972512773,-6.02529621835203));
#8332=CARTESIAN_POINT('Ctrl Pts',(-27.0094513629439,-8.13805486449909,-6.5971834679187));
#8333=CARTESIAN_POINT('Ctrl Pts',(-27.2649325997566,-8.03216435380718,-6.60059968567396));
#8334=CARTESIAN_POINT('Ctrl Pts',(-27.8660594710481,-7.78314618984442,-6.44304756130011));
#8335=CARTESIAN_POINT('Ctrl Pts',(-28.2977530769916,-7.60446058715428,-5.93497352186965));
#8336=CARTESIAN_POINT('Ctrl Pts',(-28.4321199881473,-7.54876622517718,-5.59101016680283));
#8337=CARTESIAN_POINT('Ctrl Pts',(-27.0094513629439,-8.13805486449909,-6.13345094420714));
#8338=CARTESIAN_POINT('Ctrl Pts',(-27.1934167977288,-8.06185388640333,-6.13345094420714));
#8339=CARTESIAN_POINT('Ctrl Pts',(-27.6229654112555,-7.88392902498202,-6.01454091790975));
#8340=CARTESIAN_POINT('Ctrl Pts',(-27.9266117666053,-7.75815458643098,-5.6501796996514));
#8341=CARTESIAN_POINT('Ctrl Pts',(-28.0211564279115,-7.71899290546799,-5.40519755171798));
#8342=CARTESIAN_POINT('',(-30.619407710901,-9.01845126606385,-6.20020165891173));
#8343=CARTESIAN_POINT('Ctrl Pts',(-27.8002854487656,-10.0472972400766,-8.2));
#8344=CARTESIAN_POINT('Ctrl Pts',(-28.3131522654006,-9.86104179522098,-8.2));
#8345=CARTESIAN_POINT('Ctrl Pts',(-29.5103111128277,-9.4249468719053,-7.87347069607802));
#8346=CARTESIAN_POINT('Ctrl Pts',(-30.3560808994523,-9.11500745047541,-6.87292752340625));
#8347=CARTESIAN_POINT('Ctrl Pts',(-30.6194077109006,-9.01845126606399,-6.20020165891155));
#8348=CARTESIAN_POINT('Origin',(-28.8119905137331,-9.62823528104554,-5.40519755171798));
#8349=CARTESIAN_POINT('Origin',(-0.490834085821642,-21.3592423755764,7.39989917050025));
#8350=CARTESIAN_POINT('',(-30.6194077108949,-9.01845126606608,21.0000000000049));
#8351=CARTESIAN_POINT('Ctrl Pts',(-30.6194077108969,-9.01845126606542,21.));
#8352=CARTESIAN_POINT('Ctrl Pts',(-30.6054192648164,-8.97698911325986,21.));
#8353=CARTESIAN_POINT('Ctrl Pts',(-30.5902569459495,-8.93678522606917,21.));
#8354=CARTESIAN_POINT('Ctrl Pts',(-30.5743003676924,-8.89826263843183,21.));
#8355=CARTESIAN_POINT('Ctrl Pts',(-30.4793036943843,-8.66892038135098,21.));
#8356=CARTESIAN_POINT('Ctrl Pts',(-30.3110002096918,-8.42313600238263,21.));
#8357=CARTESIAN_POINT('Ctrl Pts',(-29.9465951604779,-8.07062152680102,21.));
#8358=CARTESIAN_POINT('Ctrl Pts',(-29.6836259632043,-7.9054778433846,21.));
#8359=CARTESIAN_POINT('Ctrl Pts',(-29.1875144766752,-7.71425936458931,21.));
#8360=CARTESIAN_POINT('Ctrl Pts',(-28.8645855944817,-7.65973047661621,21.));
#8361=CARTESIAN_POINT('Ctrl Pts',(-28.304855586964,-7.6694396820227,21.));
#8362=CARTESIAN_POINT('Ctrl Pts',(-27.9680923426869,-7.74097276924291,21.));
#8363=CARTESIAN_POINT('Ctrl Pts',(-27.7030338241213,-7.85076360245533,21.));
#8364=CARTESIAN_POINT('Origin',(-0.539933000103833,-21.4777776403343,7.39989917050025));
#8365=CARTESIAN_POINT('Origin',(0.300000000000004,-19.4499999999989,7.39989917050025));
#8366=CARTESIAN_POINT('',(-31.6927669145753,-13.0242823489519,-6.20020165891294));
#8367=CARTESIAN_POINT('Origin',(0.300000000000755,-19.4499999999993,-6.20020165891397));
#8368=CARTESIAN_POINT('',(-31.6927669145699,-13.0242823489526,21.0000000000049));
#8369=CARTESIAN_POINT('Origin',(0.586485504600907,-17.2739265501904,7.39989917050025));
#8370=CARTESIAN_POINT('Origin',(0.300000000000574,-19.4499999999991,21.0000000000049));
#8371=CARTESIAN_POINT('Origin',(0.300000000000005,-19.4499999999989,-4.94987394027639));
#8372=CARTESIAN_POINT('Ctrl Pts',(-31.6927669145752,-13.0242823489517,-6.20020165891292));
#8373=CARTESIAN_POINT('Ctrl Pts',(-31.4855225663742,-13.060314821433,-6.70474605214122));
#8374=CARTESIAN_POINT('Ctrl Pts',(-31.1503050880606,-13.1186369952796,-7.15520337693028));
#8375=CARTESIAN_POINT('Ctrl Pts',(-30.7291497269533,-13.1922977070231,-7.49419290354719));
#8376=CARTESIAN_POINT('Ctrl Pts',(-30.167609245474,-13.2905119893482,-7.94617893903873));
#8377=CARTESIAN_POINT('Ctrl Pts',(-29.4532903056931,-13.4159947834902,-8.19999999999999));
#8378=CARTESIAN_POINT('Ctrl Pts',(-28.7369124321864,-13.5428367299428,-8.2));
#8379=CARTESIAN_POINT('Origin',(0.569738779288588,-17.4011305578562,7.39989917050025));
#8380=CARTESIAN_POINT('Ctrl Pts',(-29.7509568734957,-15.4937164727121,21.));
#8381=CARTESIAN_POINT('Ctrl Pts',(-30.0353997006692,-15.4562688640938,21.));
#8382=CARTESIAN_POINT('Ctrl Pts',(-30.3628117688841,-15.3498367126992,21.));
#8383=CARTESIAN_POINT('Ctrl Pts',(-30.8524067773582,-15.0783801274729,21.));
#8384=CARTESIAN_POINT('Ctrl Pts',(-31.1048069489669,-14.8696922841513,21.));
#8385=CARTESIAN_POINT('Ctrl Pts',(-31.4388428600127,-14.456036480577,21.));
#8386=CARTESIAN_POINT('Ctrl Pts',(-31.5840090235563,-14.181533256827,21.));
#8387=CARTESIAN_POINT('Ctrl Pts',(-31.723335815652,-13.6940442411647,21.));
#8388=CARTESIAN_POINT('Ctrl Pts',(-31.746198719457,-13.3970369827785,21.));
#8389=CARTESIAN_POINT('Ctrl Pts',(-31.7137971232764,-13.1509224253311,21.));
#8390=CARTESIAN_POINT('Ctrl Pts',(-31.7083546315859,-13.1095825966891,21.));
#8391=CARTESIAN_POINT('Ctrl Pts',(-31.7013836413095,-13.0671838496177,21.));
#8392=CARTESIAN_POINT('Ctrl Pts',(-31.6927669145719,-13.0242823489522,21.));
#8393=CARTESIAN_POINT('Origin',(-29.8226056991298,-13.3999024997359,-5.40519755172731));
#8394=CARTESIAN_POINT('Ctrl Pts',(-31.6927669145784,-13.0242823489512,-6.20020165890514));
#8395=CARTESIAN_POINT('Ctrl Pts',(-31.4855225663777,-13.0603148214324,-6.70474605213659));
#8396=CARTESIAN_POINT('Ctrl Pts',(-30.7033484503096,-13.1963998937417,-7.7558131433178));
#8397=CARTESIAN_POINT('Ctrl Pts',(-29.453290305693,-13.4159947834902,-8.19999999999999));
#8398=CARTESIAN_POINT('Ctrl Pts',(-28.7369124321864,-13.5428367299428,-8.2));
#8399=CARTESIAN_POINT('Ctrl Pts',(-31.8130100980268,-13.6555119105249,-6.21558322093632));
#8400=CARTESIAN_POINT('Ctrl Pts',(-31.5998452738931,-13.690822050201,-6.72645195796477));
#8401=CARTESIAN_POINT('Ctrl Pts',(-30.7987123879555,-13.8237285291811,-7.78369837168566));
#8402=CARTESIAN_POINT('Ctrl Pts',(-29.5362815726268,-14.0349427117791,-8.20994791815308));
#8403=CARTESIAN_POINT('Ctrl Pts',(-28.8176180862246,-14.1558570335238,-8.2));
#8404=CARTESIAN_POINT('Ctrl Pts',(-31.510565723011,-14.8488761854495,-6.02525985114633));
#8405=CARTESIAN_POINT('Ctrl Pts',(-31.3275154098138,-14.8752109293643,-6.45722209471088));
#8406=CARTESIAN_POINT('Ctrl Pts',(-30.6375142095696,-14.9744608217316,-7.34842088259873));
#8407=CARTESIAN_POINT('Ctrl Pts',(-29.561722045371,-15.1296998445163,-7.69615132000273));
#8408=CARTESIAN_POINT('Ctrl Pts',(-28.9573451538374,-15.2171894820025,-7.68079766095988));
#8409=CARTESIAN_POINT('Ctrl Pts',(-30.5333627017304,-15.390710791298,-5.59101016679954));
#8410=CARTESIAN_POINT('Ctrl Pts',(-30.4252034482248,-15.4049238335967,-5.84898268047179));
#8411=CARTESIAN_POINT('Ctrl Pts',(-30.0169408663203,-15.4586985712561,-6.3839901474734));
#8412=CARTESIAN_POINT('Ctrl Pts',(-29.3722492006606,-15.5436571780772,-6.60173842484719));
#8413=CARTESIAN_POINT('Ctrl Pts',(-29.0066512114749,-15.5917061720855,-6.5971834679187));
#8414=CARTESIAN_POINT('Ctrl Pts',(-30.0923444783907,-15.4487719418823,-5.40519755171564));
#8415=CARTESIAN_POINT('Ctrl Pts',(-30.0162502899427,-15.4587899318433,-5.58893416079403));
#8416=CARTESIAN_POINT('Ctrl Pts',(-29.7290507071213,-15.4966004742278,-5.97169434173799));
#8417=CARTESIAN_POINT('Ctrl Pts',(-29.2698768455905,-15.5570518599252,-6.13345094420714));
#8418=CARTESIAN_POINT('Ctrl Pts',(-29.0066512114749,-15.5917061720855,-6.13345094420715));
#8419=CARTESIAN_POINT('Ctrl Pts',(29.3369124321864,-13.5428367299428,-8.2));
#8420=CARTESIAN_POINT('Ctrl Pts',(29.8741958465782,-13.4477052684635,-8.2));
#8421=CARTESIAN_POINT('Ctrl Pts',(31.1290105954392,-13.2267956320071,-7.87346597664988));
#8422=CARTESIAN_POINT('Ctrl Pts',(32.0164411141583,-13.072325646083,-6.87292752340626));
#8423=CARTESIAN_POINT('Ctrl Pts',(32.2927669145758,-13.0242823489516,-6.20020165891155));
#8424=CARTESIAN_POINT('Ctrl Pts',(29.4176180862246,-14.1558570335238,-8.2));
#8425=CARTESIAN_POINT('Ctrl Pts',(29.9566157103176,-14.065171290652,-8.20746093874343));
#8426=CARTESIAN_POINT('Ctrl Pts',(31.222342107948,-13.8531207781125,-7.89895540536123));
#8427=CARTESIAN_POINT('Ctrl Pts',(32.1287903296156,-13.7025920972401,-6.89674154391938));
#8428=CARTESIAN_POINT('Ctrl Pts',(32.4130100980241,-13.6555119105253,-6.2155832209428));
#8429=CARTESIAN_POINT('Ctrl Pts',(29.5573444965508,-15.2171844894155,-7.68079023045637));
#8430=CARTESIAN_POINT('Ctrl Pts',(30.0106271730148,-15.1515672601697,-7.69230547493701));
#8431=CARTESIAN_POINT('Ctrl Pts',(31.0843794259706,-14.9964731219513,-7.44496286918602));
#8432=CARTESIAN_POINT('Ctrl Pts',(31.8664898206461,-14.8839847868328,-6.60120610354064));
#8433=CARTESIAN_POINT('Ctrl Pts',(32.1105569073967,-14.8488717945884,-6.02525643958766));
#8434=CARTESIAN_POINT('Ctrl Pts',(29.6066512114749,-15.5917061720855,-6.5971834679187));
#8435=CARTESIAN_POINT('Ctrl Pts',(29.8808497080909,-15.5556694259581,-6.60059968567396));
#8436=CARTESIAN_POINT('Ctrl Pts',(30.5259476065188,-15.4707627322907,-6.44304340846303));
#8437=CARTESIAN_POINT('Ctrl Pts',(30.9891503622516,-15.4096615145563,-5.93497352186963));
#8438=CARTESIAN_POINT('Ctrl Pts',(31.1333627017291,-15.3907107912982,-5.59101016680283));
#8439=CARTESIAN_POINT('Ctrl Pts',(29.6066512114749,-15.5917061720855,-6.13345094420715));
#8440=CARTESIAN_POINT('Ctrl Pts',(29.8040704404648,-15.5657154375172,-6.13345094420715));
#8441=CARTESIAN_POINT('Ctrl Pts',(30.2650318928914,-15.5050287110138,-6.01453919926669));
#8442=CARTESIAN_POINT('Ctrl Pts',(30.5908855594249,-15.4621292619666,-5.65017969965137));
#8443=CARTESIAN_POINT('Ctrl Pts',(30.6923444783897,-15.4487719418824,-5.40519755171798));
#8444=CARTESIAN_POINT('',(29.6781835929636,-15.5822887554042,-6.13126050383959));
#8445=CARTESIAN_POINT('Ctrl Pts',(29.3369124321864,-13.5428367299428,-8.2));
#8446=CARTESIAN_POINT('Ctrl Pts',(29.3905779367945,-13.8066318015697,-8.2));
#8447=CARTESIAN_POINT('Ctrl Pts',(29.4399962774912,-14.0685957998815,-8.14750182214948));
#8448=CARTESIAN_POINT('Ctrl Pts',(29.5262957741133,-14.5589459660245,-7.94335390688783));
#8449=CARTESIAN_POINT('Ctrl Pts',(29.5624119817638,-14.7825814450294,-7.79377841520321));
#8450=CARTESIAN_POINT('Ctrl Pts',(29.6203273798866,-15.1614096863438,-7.41612388334739));
#8451=CARTESIAN_POINT('Ctrl Pts',(29.6416485719304,-15.3128888873707,-7.19162607533621));
#8452=CARTESIAN_POINT('Ctrl Pts',(29.6634814162409,-15.4718321982839,-6.81585711143299));
#8453=CARTESIAN_POINT('Ctrl Pts',(29.6690060952303,-15.5131076693603,-6.68240123486493));
#8454=CARTESIAN_POINT('Ctrl Pts',(29.6763632798704,-15.5683871695962,-6.409352128746));
#8455=CARTESIAN_POINT('Ctrl Pts',(29.6781835929656,-15.5822887554039,-6.27049786402563));
#8456=CARTESIAN_POINT('Ctrl Pts',(29.6781835929656,-15.5822887554039,-6.13126050383935));
#8457=CARTESIAN_POINT('Ctrl Pts',(29.3369124321864,-13.5428367299428,-8.2));
#8458=CARTESIAN_POINT('Ctrl Pts',(29.8741958465782,-13.4477052684635,-8.2));
#8459=CARTESIAN_POINT('Ctrl Pts',(31.1290105954392,-13.2267956320071,-7.87346597664988));
#8460=CARTESIAN_POINT('Ctrl Pts',(32.0164411141583,-13.072325646083,-6.87292752340626));
#8461=CARTESIAN_POINT('Ctrl Pts',(32.2927669145758,-13.0242823489516,-6.20020165891155));
#8462=CARTESIAN_POINT('Ctrl Pts',(29.6781791675049,-15.5822893380269,-6.13118700481811));
#8463=CARTESIAN_POINT('Ctrl Pts',(29.9169894579077,-15.5508493668458,-6.11609844218555));
#8464=CARTESIAN_POINT('Ctrl Pts',(30.3439282419158,-15.4946418096142,-5.95186496259486));
#8465=CARTESIAN_POINT('Ctrl Pts',(30.6162502899427,-15.4587899318433,-5.58893416079403));
#8466=CARTESIAN_POINT('Ctrl Pts',(30.6923444783907,-15.4487719418823,-5.40519755171565));
#8467=CARTESIAN_POINT('Origin',(0.300000000000005,-19.4499999999989,-4.94987394027639));
#8468=CARTESIAN_POINT('Ctrl Pts',(31.2194077109,-9.0184512660642,-6.20020165891294));
#8469=CARTESIAN_POINT('Ctrl Pts',(31.0219126043265,-9.09086840363473,-6.70474605214124));
#8470=CARTESIAN_POINT('Ctrl Pts',(30.702445788411,-9.20796825575493,-7.1552050448183));
#8471=CARTESIAN_POINT('Ctrl Pts',(30.3008843513118,-9.35475383112343,-7.49419480970493));
#8472=CARTESIAN_POINT('Ctrl Pts',(29.7654691018433,-9.55046793161577,-7.94618116288942));
#8473=CARTESIAN_POINT('Ctrl Pts',(29.0841078591577,-9.79895665121673,-8.19999999999999));
#8474=CARTESIAN_POINT('Ctrl Pts',(28.4002854487656,-10.0472972400766,-8.2));
#8475=CARTESIAN_POINT('Ctrl Pts',(31.2194077109031,-9.01845126606308,-6.20020165890515));
#8476=CARTESIAN_POINT('Ctrl Pts',(31.0219126043298,-9.09086840363353,-6.70474605213661));
#8477=CARTESIAN_POINT('Ctrl Pts',(30.2764900338575,-9.36410139191505,-7.75581703505649));
#8478=CARTESIAN_POINT('Ctrl Pts',(29.0841078591577,-9.79895665121673,-8.2));
#8479=CARTESIAN_POINT('Ctrl Pts',(28.4002854487656,-10.0472972400766,-8.2));
#8480=CARTESIAN_POINT('Ctrl Pts',(31.0079265816145,-8.41166883839633,-6.21558322093633));
#8481=CARTESIAN_POINT('Ctrl Pts',(30.8056653588834,-8.48767177249245,-6.72645195796477));
#8482=CARTESIAN_POINT('Ctrl Pts',(30.0454126278152,-8.77313723298392,-7.78369266720932));
#8483=CARTESIAN_POINT('Ctrl Pts',(28.8465064404701,-9.22143638823193,-8.20994791815308));
#8484=CARTESIAN_POINT('Ctrl Pts',(28.1636684436013,-9.47605325712076,-8.2));
#8485=CARTESIAN_POINT('Ctrl Pts',(30.1493713944427,-7.52932956494197,-6.02529212973378));
#8486=CARTESIAN_POINT('Ctrl Pts',(29.9776778010857,-7.59804816430818,-6.45725437329829));
#8487=CARTESIAN_POINT('Ctrl Pts',(29.3304720277223,-7.85710670933691,-7.34847298119175));
#8488=CARTESIAN_POINT('Ctrl Pts',(28.3211417368,-8.26058464562177,-7.69622162387074));
#8489=CARTESIAN_POINT('Ctrl Pts',(27.7539911765284,-8.48700484275762,-7.68086796482789));
#8490=CARTESIAN_POINT('Ctrl Pts',(29.0321199881486,-7.54876622517665,-5.59101016679955));
#8491=CARTESIAN_POINT('Ctrl Pts',(28.931344805809,-7.59053699623372,-5.84898268047176));
#8492=CARTESIAN_POINT('Ctrl Pts',(28.5508930820534,-7.74809751727467,-6.38399412719472));
#8493=CARTESIAN_POINT('Ctrl Pts',(27.9500930061554,-7.99686751934371,-6.6017384248472));
#8494=CARTESIAN_POINT('Ctrl Pts',(27.609451362944,-8.13805486449909,-6.5971834679187));
#8495=CARTESIAN_POINT('Ctrl Pts',(28.6211564279124,-7.71899290546763,-5.40519755171565));
#8496=CARTESIAN_POINT('Ctrl Pts',(28.5502479326555,-7.74836416589048,-5.588934160794));
#8497=CARTESIAN_POINT('Ctrl Pts',(28.282621465566,-7.85921867820896,-5.97169575896684));
#8498=CARTESIAN_POINT('Ctrl Pts',(27.8547386050954,-8.03645356212285,-6.13345094420715));
#8499=CARTESIAN_POINT('Ctrl Pts',(27.609451362944,-8.13805486449909,-6.13345094420715));
#8500=CARTESIAN_POINT('',(27.6761089308268,-8.11044439584723,-6.13126050384226));
#8501=CARTESIAN_POINT('Ctrl Pts',(27.6761089308489,-8.11044439583807,-6.13126050383935));
#8502=CARTESIAN_POINT('Ctrl Pts',(27.6761089308489,-8.11044439583807,-6.40270931467737));
#8503=CARTESIAN_POINT('Ctrl Pts',(27.6966242508239,-8.15962396540801,-6.67136890966953));
#8504=CARTESIAN_POINT('Ctrl Pts',(27.7746650369275,-8.35089058952422,-7.17105330527507));
#8505=CARTESIAN_POINT('Ctrl Pts',(27.8310855205714,-8.49043019529153,-7.39743681716598));
#8506=CARTESIAN_POINT('Ctrl Pts',(27.9690508566057,-8.84356901717871,-7.77955068784735));
#8507=CARTESIAN_POINT('Ctrl Pts',(28.0491523820877,-9.05371364666616,-7.93168831541431));
#8508=CARTESIAN_POINT('Ctrl Pts',(28.1777702249634,-9.40594784044561,-8.09035240153952));
#8509=CARTESIAN_POINT('Ctrl Pts',(28.2223819142293,-9.53053475449434,-8.13130480757038));
#8510=CARTESIAN_POINT('Ctrl Pts',(28.3118489622923,-9.78607273453719,-8.1861879625335));
#8511=CARTESIAN_POINT('Ctrl Pts',(28.3564728592944,-9.9163618801247,-8.2));
#8512=CARTESIAN_POINT('Ctrl Pts',(28.4002854487656,-10.0472972400766,-8.2));
#8513=CARTESIAN_POINT('Ctrl Pts',(28.6211564279115,-7.71899290546799,-5.40519755171799));
#8514=CARTESIAN_POINT('Ctrl Pts',(28.5266117666053,-7.75815458643098,-5.65017969965138));
#8515=CARTESIAN_POINT('Ctrl Pts',(28.2386913938417,-7.87741510971317,-5.99567215943652));
#8516=CARTESIAN_POINT('Ctrl Pts',(27.8375706652612,-8.04356475564022,-6.12047635335225));
#8517=CARTESIAN_POINT('Ctrl Pts',(27.6761071556135,-8.11044513116465,-6.13122886523728));
#8518=CARTESIAN_POINT('Origin',(0.300000000000001,-19.4499999999989,-8.2));
#8519=CARTESIAN_POINT('Ctrl Pts',(26.8186172771223,-6.22881248892153,-8.2));
#8520=CARTESIAN_POINT('Ctrl Pts',(26.9387293625454,-6.46972930679611,-8.2));
#8521=CARTESIAN_POINT('Ctrl Pts',(27.054265086011,-6.70997669057377,-8.14750182214948));
#8522=CARTESIAN_POINT('Ctrl Pts',(27.264535960361,-7.16128262666783,-7.94335390688783));
#8523=CARTESIAN_POINT('Ctrl Pts',(27.3573026592053,-7.36795034913635,-7.79377841520321));
#8524=CARTESIAN_POINT('Ctrl Pts',(27.5112926016668,-7.71888072311074,-7.41612388334738));
#8525=CARTESIAN_POINT('Ctrl Pts',(27.5710929938718,-7.85968006496304,-7.1916260753362));
#8526=CARTESIAN_POINT('Ctrl Pts',(27.6333194580087,-8.00755675797363,-6.81585711143299));
#8527=CARTESIAN_POINT('Ctrl Pts',(27.6493387661367,-8.04599590933811,-6.68240123486494));
#8528=CARTESIAN_POINT('Ctrl Pts',(27.6707526482541,-8.09748762677711,-6.40935212874601));
#8529=CARTESIAN_POINT('Ctrl Pts',(27.6761089308489,-8.11044439583807,-6.27049786402566));
#8530=CARTESIAN_POINT('Ctrl Pts',(27.6761089308489,-8.11044439583807,-6.13126050383935));
#8531=CARTESIAN_POINT('Origin',(0.300000000000001,-19.4499999999989,-8.2));
#8532=CARTESIAN_POINT('Ctrl Pts',(29.6781835929656,-15.5822887554039,-6.13126050383935));
#8533=CARTESIAN_POINT('Ctrl Pts',(29.6781835929656,-15.5822887554039,-6.40270931467736));
#8534=CARTESIAN_POINT('Ctrl Pts',(29.6852712611294,-15.6351023273032,-6.67136890966953));
#8535=CARTESIAN_POINT('Ctrl Pts',(29.7111494269171,-15.8400501409826,-7.17105330527506));
#8536=CARTESIAN_POINT('Ctrl Pts',(29.7295319216817,-15.9894377456843,-7.39743681716598));
#8537=CARTESIAN_POINT('Ctrl Pts',(29.7713971502204,-16.3662517105401,-7.77955068784735));
#8538=CARTESIAN_POINT('Ctrl Pts',(29.7943798500713,-16.5899676357545,-7.9316883154143));
#8539=CARTESIAN_POINT('Ctrl Pts',(29.82745022854,-16.9634884877044,-8.09035240153952));
#8540=CARTESIAN_POINT('Ctrl Pts',(29.83829634523,-17.095376560418,-8.13130480757038));
#8541=CARTESIAN_POINT('Ctrl Pts',(29.8585767815737,-17.3653630708868,-8.18618796253349));
#8542=CARTESIAN_POINT('Ctrl Pts',(29.8679588439096,-17.5027622359058,-8.2));
#8543=CARTESIAN_POINT('Ctrl Pts',(29.8763899907635,-17.6405756142283,-8.2));
#8544=CARTESIAN_POINT('Ctrl Pts',(-12.9211875110773,7.06861727712343,-8.2));
#8545=CARTESIAN_POINT('Ctrl Pts',(-13.1521366268752,7.56297136910196,-8.2));
#8546=CARTESIAN_POINT('Ctrl Pts',(-13.6902939143759,8.71786415374114,-7.87348595305495));
#8547=CARTESIAN_POINT('Ctrl Pts',(-14.0691793733256,9.5350660038877,-6.87292752340625));
#8548=CARTESIAN_POINT('Ctrl Pts',(-14.1871040146061,9.78954171069384,-6.20020165891156));
#8549=CARTESIAN_POINT('Ctrl Pts',(-12.3499435281215,7.30523428228778,-8.2));
#8550=CARTESIAN_POINT('Ctrl Pts',(-12.5770420796178,7.80239481033316,-8.20746093874343));
#8551=CARTESIAN_POINT('Ctrl Pts',(-13.1094564211716,8.97009504921886,-7.89894034881388));
#8552=CARTESIAN_POINT('Ctrl Pts',(-13.4894668473721,9.80671197370986,-6.89674154391936));
#8553=CARTESIAN_POINT('Ctrl Pts',(-13.6085043046851,10.0690619393888,-6.2155832209428));
#8554=CARTESIAN_POINT('Ctrl Pts',(-11.3606813298967,7.7150001015355,-7.68120940981357));
#8555=CARTESIAN_POINT('Ctrl Pts',(-11.5413808957587,8.13585455672588,-7.69272465429421));
#8556=CARTESIAN_POINT('Ctrl Pts',(-11.9691566129399,9.13304608833944,-7.44533414127517));
#8557=CARTESIAN_POINT('Ctrl Pts',(-12.2803302228084,9.85966054815266,-6.60139856119499));
#8558=CARTESIAN_POINT('Ctrl Pts',(-12.3774159791893,10.0863233394689,-6.02544889724204));
#8559=CARTESIAN_POINT('Ctrl Pts',(-11.0119451354998,7.85945136294507,-6.5971834679187));
#8560=CARTESIAN_POINT('Ctrl Pts',(-11.1177217523424,8.11497977613477,-6.60059968567396));
#8561=CARTESIAN_POINT('Ctrl Pts',(-11.3667042944352,8.71612978170694,-6.4430609866003));
#8562=CARTESIAN_POINT('Ctrl Pts',(-11.5456038818043,9.14772637307527,-5.9349735218696));
#8563=CARTESIAN_POINT('Ctrl Pts',(-11.6012337748217,9.28211998814843,-5.59101016680283));
#8564=CARTESIAN_POINT('Ctrl Pts',(-11.0119451354998,7.85945136294507,-6.13345094420715));
#8565=CARTESIAN_POINT('Ctrl Pts',(-11.0881461135955,8.04341679772994,-6.13345094420714));
#8566=CARTESIAN_POINT('Ctrl Pts',(-11.2660722100523,8.47296839289601,-6.01454647394257));
#8567=CARTESIAN_POINT('Ctrl Pts',(-11.3918454135679,8.77661176660644,-5.65017969965135));
#8568=CARTESIAN_POINT('Ctrl Pts',(-11.4310070945309,8.87115642791258,-5.40519755171798));
#8569=CARTESIAN_POINT('',(-11.03955560416,7.92610893084814,-6.13126050383959));
#8570=CARTESIAN_POINT('Ctrl Pts',(-12.9211875110773,7.06861727712344,-8.2));
#8571=CARTESIAN_POINT('Ctrl Pts',(-12.6802706932028,7.18872936254653,-8.2));
#8572=CARTESIAN_POINT('Ctrl Pts',(-12.4400233094251,7.30426508601207,-8.14750182214948));
#8573=CARTESIAN_POINT('Ctrl Pts',(-11.988717373331,7.51453596036213,-7.94335390688783));
#8574=CARTESIAN_POINT('Ctrl Pts',(-11.7820496508625,7.6073026592064,-7.7937784152032));
#8575=CARTESIAN_POINT('Ctrl Pts',(-11.4311192768881,7.76129260166795,-7.41612388334738));
#8576=CARTESIAN_POINT('Ctrl Pts',(-11.2903199350358,7.82109299387293,-7.19162607533621));
#8577=CARTESIAN_POINT('Ctrl Pts',(-11.1424432420252,7.88331945800983,-6.81585711143299));
#8578=CARTESIAN_POINT('Ctrl Pts',(-11.1040040906608,7.89933876613777,-6.68240123486494));
#8579=CARTESIAN_POINT('Ctrl Pts',(-11.0525123732218,7.92075264825523,-6.409352128746));
#8580=CARTESIAN_POINT('Ctrl Pts',(-11.0395556041608,7.92610893084999,-6.27049786402562));
#8581=CARTESIAN_POINT('Ctrl Pts',(-11.0395556041608,7.92610893084999,-6.13126050383935));
#8582=CARTESIAN_POINT('',(-14.1871040146063,9.78954171069422,-6.20020165891174));
#8583=CARTESIAN_POINT('Ctrl Pts',(-12.9211875110773,7.06861727712343,-8.2));
#8584=CARTESIAN_POINT('Ctrl Pts',(-13.1521366268752,7.56297136910196,-8.2));
#8585=CARTESIAN_POINT('Ctrl Pts',(-13.6902939143759,8.71786415374114,-7.87348595305495));
#8586=CARTESIAN_POINT('Ctrl Pts',(-14.0691793733256,9.5350660038877,-6.87292752340625));
#8587=CARTESIAN_POINT('Ctrl Pts',(-14.1871040146061,9.78954171069384,-6.20020165891156));
#8588=CARTESIAN_POINT('',(-11.4310070945419,8.87115642793926,-5.40519755172731));
#8589=CARTESIAN_POINT('Origin',(-13.3402494701084,8.08032234209093,-5.40519755171798));
#8590=CARTESIAN_POINT('Ctrl Pts',(-11.0395538986723,7.92610481343644,-6.13118711999797));
#8591=CARTESIAN_POINT('Ctrl Pts',(-11.1317314357256,8.14864107353678,-6.11609928514944));
#8592=CARTESIAN_POINT('Ctrl Pts',(-11.2965256258897,8.54648944243107,-5.95187294465557));
#8593=CARTESIAN_POINT('Ctrl Pts',(-11.4016358341084,8.8002479326566,-5.58893416079405));
#8594=CARTESIAN_POINT('Ctrl Pts',(-11.4310070945313,8.87115642791348,-5.40519755171565));
#8595=CARTESIAN_POINT('Origin',(-1.60924237557754,-20.2408340858205,7.39989917050025));
#8596=CARTESIAN_POINT('',(-14.1871040146036,9.78954171068838,21.0000000000049));
#8597=CARTESIAN_POINT('',(-11.2992363975435,8.55303382412239,21.));
#8598=CARTESIAN_POINT('Ctrl Pts',(-14.1871040146045,9.78954171069023,21.));
#8599=CARTESIAN_POINT('Ctrl Pts',(-14.1478945201113,9.80896855501985,21.));
#8600=CARTESIAN_POINT('Ctrl Pts',(-14.1087447003595,9.82667561779318,21.));
#8601=CARTESIAN_POINT('Ctrl Pts',(-14.0702221127221,9.84263219605027,21.));
#8602=CARTESIAN_POINT('Ctrl Pts',(-13.8408798556413,9.93762886935841,21.));
#8603=CARTESIAN_POINT('Ctrl Pts',(-13.5480755192397,9.99241613511329,21.));
#8604=CARTESIAN_POINT('Ctrl Pts',(-13.0411368616917,9.9840082298657,21.));
#8605=CARTESIAN_POINT('Ctrl Pts',(-12.7384153406424,9.91483514564418,21.));
#8606=CARTESIAN_POINT('Ctrl Pts',(-12.2523996612489,9.69924323233928,21.));
#8607=CARTESIAN_POINT('Ctrl Pts',(-11.9854967123525,9.50945577635561,21.));
#8608=CARTESIAN_POINT('Ctrl Pts',(-11.596573273386,9.10680144742335,21.));
#8609=CARTESIAN_POINT('Ctrl Pts',(-11.409027230756,8.81809234268806,21.));
#8610=CARTESIAN_POINT('Ctrl Pts',(-11.2992363975435,8.55303382412239,21.));
#8611=CARTESIAN_POINT('Origin',(0.300000000000007,-19.4499999999989,7.39989917050025));
#8612=CARTESIAN_POINT('Origin',(-1.7277776403354,-20.2899330001027,7.39989917050025));
#8613=CARTESIAN_POINT('Origin',(0.300000000000002,-19.4499999999989,7.39989917050025));
#8614=CARTESIAN_POINT('',(-17.7786339091714,7.71597095926333,-6.20020165891294));
#8615=CARTESIAN_POINT('Origin',(0.300000000000262,-19.4499999999997,-6.20020165891397));
#8616=CARTESIAN_POINT('',(-17.7786339091681,7.71597095925901,21.0000000000049));
#8617=CARTESIAN_POINT('Origin',(2.04129213573451,-18.1138595502943,7.39989917050025));
#8618=CARTESIAN_POINT('Origin',(0.300000000000271,-19.4499999999994,21.0000000000049));
#8619=CARTESIAN_POINT('Origin',(0.300000000000007,-19.4499999999989,-4.94987394027639));
#8620=CARTESIAN_POINT('Ctrl Pts',(-17.7786339091712,7.71597095926343,-6.20020165891293));
#8621=CARTESIAN_POINT('Ctrl Pts',(-17.6575688308301,7.54394826965345,-6.70474605214125));
#8622=CARTESIAN_POINT('Ctrl Pts',(-17.4617774098347,7.26567822219513,-7.15521104758116));
#8623=CARTESIAN_POINT('Ctrl Pts',(-17.2160620334823,6.9157910658208,-7.49420167000534));
#8624=CARTESIAN_POINT('Ctrl Pts',(-16.8884415316774,6.44927485731931,-7.94618916657323));
#8625=CARTESIAN_POINT('Ctrl Pts',(-16.4720673314592,5.85543934407694,-8.19999999999999));
#8626=CARTESIAN_POINT('Ctrl Pts',(-16.0552024796862,5.25919289135284,-8.2));
#8627=CARTESIAN_POINT('Origin',(1.93950359628897,-18.1919646436778,7.39989917050025));
#8628=CARTESIAN_POINT('',(-18.1517204759521,4.59675029683557,21.));
#8629=CARTESIAN_POINT('Ctrl Pts',(-18.1517204759521,4.59675029683556,21.));
#8630=CARTESIAN_POINT('Ctrl Pts',(-18.3263724699133,4.824361206783,21.));
#8631=CARTESIAN_POINT('Ctrl Pts',(-18.4826288676029,5.13113539644751,21.));
#8632=CARTESIAN_POINT('Ctrl Pts',(-18.6368760259187,5.66928013918588,21.));
#8633=CARTESIAN_POINT('Ctrl Pts',(-18.667785309672,5.99531860126693,21.));
#8634=CARTESIAN_POINT('Ctrl Pts',(-18.6114855437478,6.52401648291174,21.));
#8635=CARTESIAN_POINT('Ctrl Pts',(-18.5200304314171,6.82076755252344,21.));
#8636=CARTESIAN_POINT('Ctrl Pts',(-18.2738425621801,7.26399326074414,21.));
#8637=CARTESIAN_POINT('Ctrl Pts',(-18.0799932300317,7.49017562152874,21.));
#8638=CARTESIAN_POINT('Ctrl Pts',(-17.8830525691314,7.64129350566795,21.));
#8639=CARTESIAN_POINT('Ctrl Pts',(-17.8499724731847,7.66667675605285,21.));
#8640=CARTESIAN_POINT('Ctrl Pts',(-17.8150627971206,7.69172796312488,21.));
#8641=CARTESIAN_POINT('Ctrl Pts',(-17.7786339091692,7.71597095926072,21.));
#8642=CARTESIAN_POINT('Origin',(-16.7218337875875,6.12796372614007,-5.40519755172731));
#8643=CARTESIAN_POINT('Origin',(0.300000000000005,-19.4499999999989,7.39989917050025));
#8644=CARTESIAN_POINT('Ctrl Pts',(-17.7786339091731,7.71597095926609,-6.20020165890515));
#8645=CARTESIAN_POINT('Ctrl Pts',(-17.6575688308321,7.54394826965631,-6.70474605213661));
#8646=CARTESIAN_POINT('Ctrl Pts',(-17.200722181841,6.89465149225108,-7.75583104150316));
#8647=CARTESIAN_POINT('Ctrl Pts',(-16.4720673314592,5.85543934407693,-8.19999999999999));
#8648=CARTESIAN_POINT('Ctrl Pts',(-16.0552024796862,5.25919289135282,-8.2));
#8649=CARTESIAN_POINT('Ctrl Pts',(-18.3100053830551,7.35464902619973,-6.21558322093633));
#8650=CARTESIAN_POINT('Ctrl Pts',(-18.1842431296094,7.17895069433469,-6.72645195796479));
#8651=CARTESIAN_POINT('Ctrl Pts',(-17.7117406591818,6.5184930324965,-7.78367213668311));
#8652=CARTESIAN_POINT('Ctrl Pts',(-16.9684132963818,5.47646075441057,-8.20994791815308));
#8653=CARTESIAN_POINT('Ctrl Pts',(-16.5457408086038,4.8827895929362,-8.2));
#8654=CARTESIAN_POINT('Ctrl Pts',(-18.940446082117,6.29710844774296,-6.02542979989571));
#8655=CARTESIAN_POINT('Ctrl Pts',(-18.8296314403599,6.14905085397985,-6.45739204346027));
#8656=CARTESIAN_POINT('Ctrl Pts',(-18.4118207351812,5.59086655146619,-7.34869331641995));
#8657=CARTESIAN_POINT('Ctrl Pts',(-17.7607116355626,4.72018698248769,-7.69652147419454));
#8658=CARTESIAN_POINT('Ctrl Pts',(-17.3952171531168,4.2309634681417,-7.6811678151517));
#8659=CARTESIAN_POINT('Ctrl Pts',(-18.6321289269082,5.22283077944884,-5.59101016679955));
#8660=CARTESIAN_POINT('Ctrl Pts',(-18.565698923897,5.13630049925618,-5.84898268047181));
#8661=CARTESIAN_POINT('Ctrl Pts',(-18.3150419834295,4.80959647927285,-6.38400845029268));
#8662=CARTESIAN_POINT('Ctrl Pts',(-17.9192471238241,4.29365012186556,-6.6017384248472));
#8663=CARTESIAN_POINT('Ctrl Pts',(-17.6947060759751,4.00115753503173,-6.5971834679187));
#8664=CARTESIAN_POINT('Ctrl Pts',(-18.3613373838594,4.86992836979685,-5.40519755171565));
#8665=CARTESIAN_POINT('Ctrl Pts',(-18.3146144558343,4.80903786450104,-5.58893416079405));
#8666=CARTESIAN_POINT('Ctrl Pts',(-18.1382726190552,4.57922470851708,-5.9717008596023));
#8667=CARTESIAN_POINT('Ctrl Pts',(-17.8563304077144,4.2117904650229,-6.13345094420715));
#8668=CARTESIAN_POINT('Ctrl Pts',(-17.6947060759751,4.00115753503172,-6.13345094420715));
#8669=CARTESIAN_POINT('Origin',(0.300000000000001,-19.4499999999989,-8.2));
#8670=CARTESIAN_POINT('Ctrl Pts',(-11.0395556041608,7.92610893084999,-6.13126050383935));
#8671=CARTESIAN_POINT('Ctrl Pts',(-11.0395556041608,7.92610893084999,-6.40270931467736));
#8672=CARTESIAN_POINT('Ctrl Pts',(-10.9903760345909,7.94662425082505,-6.67136890966953));
#8673=CARTESIAN_POINT('Ctrl Pts',(-10.7991094104747,8.02466503692865,-7.17105330527507));
#8674=CARTESIAN_POINT('Ctrl Pts',(-10.6595698047073,8.08108552057251,-7.39743681716598));
#8675=CARTESIAN_POINT('Ctrl Pts',(-10.3064309828202,8.21905085660678,-7.77955068784734));
#8676=CARTESIAN_POINT('Ctrl Pts',(-10.0962863533327,8.29915238208883,-7.9316883154143));
#8677=CARTESIAN_POINT('Ctrl Pts',(-9.74405215955326,8.42777022496451,-8.09035240153953));
#8678=CARTESIAN_POINT('Ctrl Pts',(-9.61946524550453,8.47238191423044,-8.13130480757038));
#8679=CARTESIAN_POINT('Ctrl Pts',(-9.36392726546171,8.56184896229337,-8.18618796253349));
#8680=CARTESIAN_POINT('Ctrl Pts',(-9.23363811987422,8.60647285929548,-8.2));
#8681=CARTESIAN_POINT('Ctrl Pts',(-9.10270275992225,8.65028544876674,-8.2));
#8682=CARTESIAN_POINT('Ctrl Pts',(-5.60716327005608,9.58691243218745,-8.2));
#8683=CARTESIAN_POINT('Ctrl Pts',(-5.70229473153543,10.1241958465793,-8.2));
#8684=CARTESIAN_POINT('Ctrl Pts',(-5.92320699506609,11.3790245680776,-7.87349051778301));
#8685=CARTESIAN_POINT('Ctrl Pts',(-6.0776743539159,12.2664411141594,-6.87292752340626));
#8686=CARTESIAN_POINT('Ctrl Pts',(-6.12571765104727,12.5427669145769,-6.20020165891156));
#8687=CARTESIAN_POINT('Ctrl Pts',(-4.99414296647511,9.66761808622567,-8.2));
#8688=CARTESIAN_POINT('Ctrl Pts',(-5.08482870934686,10.2066157103186,-8.20746093874343));
#8689=CARTESIAN_POINT('Ctrl Pts',(-5.29687822613266,11.47232293337,-7.89893690830276));
#8690=CARTESIAN_POINT('Ctrl Pts',(-5.44740790275882,12.3787903296167,-6.89674154391938));
#8691=CARTESIAN_POINT('Ctrl Pts',(-5.49448808947357,12.6630100980253,-6.2155832209428));
#8692=CARTESIAN_POINT('Ctrl Pts',(-3.9324231481733,9.80739615204314,-7.68137418628131));
#8693=CARTESIAN_POINT('Ctrl Pts',(-3.9980403774191,10.2606788285072,-7.69288943076195));
#8694=CARTESIAN_POINT('Ctrl Pts',(-4.153152877788,11.3346765071593,-7.44547647039504));
#8695=CARTESIAN_POINT('Ctrl Pts',(-4.26567013976609,12.1171826307577,-6.60147421495024));
#8696=CARTESIAN_POINT('Ctrl Pts',(-4.30078313201044,12.3612497175084,-6.02552455099725));
#8697=CARTESIAN_POINT('Ctrl Pts',(-3.55829382791335,9.85665121147603,-6.5971834679187));
#8698=CARTESIAN_POINT('Ctrl Pts',(-3.59433057404077,10.130849708092,-6.60059968567396));
#8699=CARTESIAN_POINT('Ctrl Pts',(-3.67924083483448,10.7759596965172,-6.4430650033098));
#8700=CARTESIAN_POINT('Ctrl Pts',(-3.74033848544256,11.2391503622527,-5.93497352186965));
#8701=CARTESIAN_POINT('Ctrl Pts',(-3.75928920870068,11.3833627017302,-5.59101016680283));
#8702=CARTESIAN_POINT('Ctrl Pts',(-3.55829382791335,9.85665121147603,-6.13345094420715));
#8703=CARTESIAN_POINT('Ctrl Pts',(-3.58428456248164,10.0540704404659,-6.13345094420715));
#8704=CARTESIAN_POINT('Ctrl Pts',(-3.64497196656978,10.515037039659,-6.01454813624952));
#8705=CARTESIAN_POINT('Ctrl Pts',(-3.68787073803227,10.840885559426,-5.65017969965139));
#8706=CARTESIAN_POINT('Ctrl Pts',(-3.7012280581165,10.9423444783908,-5.40519755171798));
#8707=CARTESIAN_POINT('',(-3.5677112445947,9.92818359296471,-6.1312605038396));
#8708=CARTESIAN_POINT('Ctrl Pts',(-5.60716327005608,9.58691243218748,-8.2));
#8709=CARTESIAN_POINT('Ctrl Pts',(-5.34336819842917,9.64057793679564,-8.2));
#8710=CARTESIAN_POINT('Ctrl Pts',(-5.08140420011737,9.68999627749228,-8.14750182214948));
#8711=CARTESIAN_POINT('Ctrl Pts',(-4.59105403397441,9.77629577411442,-7.94335390688783));
#8712=CARTESIAN_POINT('Ctrl Pts',(-4.36741855496953,9.81241198176487,-7.79377841520321));
#8713=CARTESIAN_POINT('Ctrl Pts',(-3.98859031365509,9.87032737988773,-7.41612388334739));
#8714=CARTESIAN_POINT('Ctrl Pts',(-3.83711111262821,9.89164857193145,-7.19162607533621));
#8715=CARTESIAN_POINT('Ctrl Pts',(-3.67816780171503,9.91348141624202,-6.81585711143298));
#8716=CARTESIAN_POINT('Ctrl Pts',(-3.63689233063857,9.91900609523137,-6.68240123486492));
#8717=CARTESIAN_POINT('Ctrl Pts',(-3.58161283040268,9.92636327987148,-6.40935212874601));
#8718=CARTESIAN_POINT('Ctrl Pts',(-3.56771124459497,9.9281835929667,-6.27049786402565));
#8719=CARTESIAN_POINT('Ctrl Pts',(-3.56771124459497,9.9281835929667,-6.13126050383935));
#8720=CARTESIAN_POINT('',(-6.12571765104734,12.5427669145773,-6.20020165891174));
#8721=CARTESIAN_POINT('Ctrl Pts',(-5.60716327005608,9.58691243218745,-8.2));
#8722=CARTESIAN_POINT('Ctrl Pts',(-5.70229473153543,10.1241958465793,-8.2));
#8723=CARTESIAN_POINT('Ctrl Pts',(-5.92320699506609,11.3790245680776,-7.87349051778301));
#8724=CARTESIAN_POINT('Ctrl Pts',(-6.0776743539159,12.2664411141594,-6.87292752340626));
#8725=CARTESIAN_POINT('Ctrl Pts',(-6.12571765104727,12.5427669145769,-6.20020165891156));
#8726=CARTESIAN_POINT('',(-3.70122805812027,10.9423444784195,-5.40519755172731));
#8727=CARTESIAN_POINT('Origin',(-5.75009750025924,10.6726056991022,-5.40519755171798));
#8728=CARTESIAN_POINT('Ctrl Pts',(-3.56771066308457,9.9281791759567,-6.13118715409393));
#8729=CARTESIAN_POINT('Ctrl Pts',(-3.59915072515005,10.1669901566949,-6.11609953457485));
#8730=CARTESIAN_POINT('Ctrl Pts',(-3.65535915332349,10.5939355561632,-5.95187530536282));
#8731=CARTESIAN_POINT('Ctrl Pts',(-3.69121006815556,10.8662502899438,-5.58893416079403));
#8732=CARTESIAN_POINT('Ctrl Pts',(-3.70122805811662,10.9423444783918,-5.40519755171565));
#8733=CARTESIAN_POINT('Origin',(-1.74886944214272,-19.7197387792875,7.39989917050025));
#8734=CARTESIAN_POINT('',(-6.12571765104627,12.542766914571,21.0000000000049));
#8735=CARTESIAN_POINT('',(-3.65628352728682,10.6009568734968,21.));
#8736=CARTESIAN_POINT('Ctrl Pts',(-6.12571765104667,12.542766914573,21.));
#8737=CARTESIAN_POINT('Ctrl Pts',(-6.08281615038121,12.5513836413106,21.));
#8738=CARTESIAN_POINT('Ctrl Pts',(-6.04041740330976,12.558354631587,21.));
#8739=CARTESIAN_POINT('Ctrl Pts',(-5.99907757466777,12.5637971232775,21.));
#8740=CARTESIAN_POINT('Ctrl Pts',(-5.75296301722042,12.5961987194581,21.));
#8741=CARTESIAN_POINT('Ctrl Pts',(-5.45595575883422,12.5733358156531,21.));
#8742=CARTESIAN_POINT('Ctrl Pts',(-4.96846674317184,12.4340090235574,21.));
#8743=CARTESIAN_POINT('Ctrl Pts',(-4.69396351942184,12.2888428600138,21.));
#8744=CARTESIAN_POINT('Ctrl Pts',(-4.28030771584759,11.954806948968,21.));
#8745=CARTESIAN_POINT('Ctrl Pts',(-4.07161987252602,11.7024067773593,21.));
#8746=CARTESIAN_POINT('Ctrl Pts',(-3.80016328729972,11.2128117688852,21.));
#8747=CARTESIAN_POINT('Ctrl Pts',(-3.69373113590504,10.8853997006704,21.));
#8748=CARTESIAN_POINT('Ctrl Pts',(-3.65628352728682,10.6009568734968,21.));
#8749=CARTESIAN_POINT('Origin',(0.300000000000007,-19.4499999999989,7.39989917050025));
#8750=CARTESIAN_POINT('Origin',(-1.87607344980844,-19.7364855045998,7.39989917050025));
#8751=CARTESIAN_POINT('Origin',(0.300000000000005,-19.4499999999989,7.39989917050025));
#8752=CARTESIAN_POINT('',(-10.1315487339349,11.4694077109011,-6.20020165891294));
#8753=CARTESIAN_POINT('Origin',(0.300000000000049,-19.4499999999997,-6.20020165891397));
#8754=CARTESIAN_POINT('',(-10.1315487339328,11.4694077108961,21.0000000000049));
#8755=CARTESIAN_POINT('Origin',(2.32777764033541,-18.610066999895,7.39989917050025));
#8756=CARTESIAN_POINT('Origin',(0.300000000000125,-19.4499999999995,21.0000000000049));
#8757=CARTESIAN_POINT('Origin',(0.300000000000009,-19.4499999999989,-4.94987394027639));
#8758=CARTESIAN_POINT('Ctrl Pts',(-10.1315487339347,11.4694077109011,-6.20020165891294));
#8759=CARTESIAN_POINT('Ctrl Pts',(-10.0591315963642,11.2719126043277,-6.70474605214124));
#8760=CARTESIAN_POINT('Ctrl Pts',(-9.94203348106503,10.9524506297482,-7.15521223507931));
#8761=CARTESIAN_POINT('Ctrl Pts',(-9.79524815381383,10.5508898842683,-7.49420302714608));
#8762=CARTESIAN_POINT('Ctrl Pts',(-9.59953438414457,10.0154755569591,-7.9461907499041));
#8763=CARTESIAN_POINT('Ctrl Pts',(-9.35104334878217,9.33410785915891,-8.2));
#8764=CARTESIAN_POINT('Ctrl Pts',(-9.10270275992226,8.65028544876676,-8.2));
#8765=CARTESIAN_POINT('Origin',(2.20924237557755,-18.6591659141772,7.39989917050025));
#8766=CARTESIAN_POINT('Ctrl Pts',(-11.2992363975435,8.55303382412238,21.));
#8767=CARTESIAN_POINT('Ctrl Pts',(-11.409027230756,8.81809234268805,21.));
#8768=CARTESIAN_POINT('Ctrl Pts',(-11.4805603179762,9.15485558696508,21.));
#8769=CARTESIAN_POINT('Ctrl Pts',(-11.4902695233827,9.71458559448284,21.));
#8770=CARTESIAN_POINT('Ctrl Pts',(-11.4357406354096,10.0375144766763,21.));
#8771=CARTESIAN_POINT('Ctrl Pts',(-11.2445221566143,10.5336259632054,21.));
#8772=CARTESIAN_POINT('Ctrl Pts',(-11.0793784731979,10.796595160479,21.));
#8773=CARTESIAN_POINT('Ctrl Pts',(-10.7268639976162,11.1610002096929,21.));
#8774=CARTESIAN_POINT('Ctrl Pts',(-10.4810796186479,11.3293036943854,21.));
#8775=CARTESIAN_POINT('Ctrl Pts',(-10.251737361567,11.4243003676936,21.));
#8776=CARTESIAN_POINT('Ctrl Pts',(-10.2132147739297,11.4402569459506,21.));
#8777=CARTESIAN_POINT('Ctrl Pts',(-10.173010886739,11.4554192648175,21.));
#8778=CARTESIAN_POINT('Ctrl Pts',(-10.1315487339335,11.469407710898,21.));
#8779=CARTESIAN_POINT('Origin',(-9.5217647189644,9.66199051376091,-5.40519755172731));
#8780=CARTESIAN_POINT('Ctrl Pts',(-10.1315487339358,11.4694077109042,-6.20020165890516));
#8781=CARTESIAN_POINT('Ctrl Pts',(-10.0591315963654,11.2719126043309,-6.70474605213661));
#8782=CARTESIAN_POINT('Ctrl Pts',(-9.78590266066636,10.5265013303093,-7.75583381233218));
#8783=CARTESIAN_POINT('Ctrl Pts',(-9.35104334878217,9.33410785915889,-8.2));
#8784=CARTESIAN_POINT('Ctrl Pts',(-9.10270275992225,8.65028544876673,-8.2));
#8785=CARTESIAN_POINT('Ctrl Pts',(-10.7383311616026,11.2579265816156,-6.21558322093634));
#8786=CARTESIAN_POINT('Ctrl Pts',(-10.6623282275064,11.0556653588845,-6.72645195796479));
#8787=CARTESIAN_POINT('Ctrl Pts',(-10.3768653335804,10.2954209887846,-7.78366807522634));
#8788=CARTESIAN_POINT('Ctrl Pts',(-9.92856361176698,9.09650644047129,-8.20994791815308));
#8789=CARTESIAN_POINT('Ctrl Pts',(-9.67394674287813,8.41366844360238,-8.2));
#8790=CARTESIAN_POINT('Ctrl Pts',(-11.6211161172283,10.3996666437298,-6.02547731835729));
#8791=CARTESIAN_POINT('Ctrl Pts',(-11.5523975178621,10.2279730503729,-6.45743956192184));
#8792=CARTESIAN_POINT('Ctrl Pts',(-11.2932754643431,9.58063674355337,-7.34876666136346));
#8793=CARTESIAN_POINT('Ctrl Pts',(-10.8896678961244,8.57103713058433,-7.69662497102995));
#8794=CARTESIAN_POINT('Ctrl Pts',(-10.6632476989885,8.00388657031278,-7.6812713119871));
#8795=CARTESIAN_POINT('Ctrl Pts',(-11.6012337748222,9.2821199881497,-5.59101016679955));
#8796=CARTESIAN_POINT('Ctrl Pts',(-11.5594630037652,9.18134480581007,-5.84898268047181));
#8797=CARTESIAN_POINT('Ctrl Pts',(-11.401904556385,8.80089917098493,-6.38401128376331));
#8798=CARTESIAN_POINT('Ctrl Pts',(-11.1531324806552,8.20009300615655,-6.6017384248472));
#8799=CARTESIAN_POINT('Ctrl Pts',(-11.0119451354998,7.85945136294508,-6.5971834679187));
#8800=CARTESIAN_POINT('Ctrl Pts',(-11.4310070945313,8.87115642791348,-5.40519755171565));
#8801=CARTESIAN_POINT('Ctrl Pts',(-11.4016358341084,8.8002479326566,-5.58893416079405));
#8802=CARTESIAN_POINT('Ctrl Pts',(-11.2907829981488,8.5326255126555,-5.97170186863685));
#8803=CARTESIAN_POINT('Ctrl Pts',(-11.113546437876,8.10473860509658,-6.13345094420714));
#8804=CARTESIAN_POINT('Ctrl Pts',(-11.0119451354998,7.85945136294507,-6.13345094420715));
#8805=CARTESIAN_POINT('Origin',(0.300000000000001,-19.4499999999989,-8.2));
#8806=CARTESIAN_POINT('Ctrl Pts',(-3.56771124459496,9.9281835929667,-6.13126050383935));
#8807=CARTESIAN_POINT('Ctrl Pts',(-3.56771124459496,9.9281835929667,-6.40270931467737));
#8808=CARTESIAN_POINT('Ctrl Pts',(-3.51489767269567,9.93527126113055,-6.67136890966953));
#8809=CARTESIAN_POINT('Ctrl Pts',(-3.30994985901631,9.96114942691817,-7.17105330527507));
#8810=CARTESIAN_POINT('Ctrl Pts',(-3.16056225431454,9.97953192168282,-7.39743681716598));
#8811=CARTESIAN_POINT('Ctrl Pts',(-2.78374828945878,10.0213971502215,-7.77955068784735));
#8812=CARTESIAN_POINT('Ctrl Pts',(-2.56003236424438,10.0443798500724,-7.93168831541431));
#8813=CARTESIAN_POINT('Ctrl Pts',(-2.18651151229447,10.0774502285412,-8.09035240153953));
#8814=CARTESIAN_POINT('Ctrl Pts',(-2.05462343958092,10.0882963452311,-8.13130480757038));
#8815=CARTESIAN_POINT('Ctrl Pts',(-1.78463692911204,10.1085767815749,-8.18618796253349));
#8816=CARTESIAN_POINT('Ctrl Pts',(-1.64723776409311,10.1179588439107,-8.2));
#8817=CARTESIAN_POINT('Ctrl Pts',(-1.50942438577062,10.1263899907646,-8.2));
#8818=CARTESIAN_POINT('Ctrl Pts',(26.8186172771223,-6.22881248892153,-8.2));
#8819=CARTESIAN_POINT('Ctrl Pts',(27.3129713691009,-5.9978633731237,-8.2));
#8820=CARTESIAN_POINT('Ctrl Pts',(28.4678577262599,-5.4597091718055,-7.87347364575705));
#8821=CARTESIAN_POINT('Ctrl Pts',(29.2850660038866,-5.08082062667328,-6.87292752340626));
#8822=CARTESIAN_POINT('Ctrl Pts',(29.5395417106927,-4.96289598539276,-6.20020165891156));
#8823=CARTESIAN_POINT('Ctrl Pts',(27.0552342822867,-6.80005647187742,-8.2));
#8824=CARTESIAN_POINT('Ctrl Pts',(27.5523948103321,-6.57295792038111,-8.20746093874342));
#8825=CARTESIAN_POINT('Ctrl Pts',(28.7201042083037,-6.04054060767462,-7.89894962502813));
#8826=CARTESIAN_POINT('Ctrl Pts',(29.5567119737087,-5.66053315262678,-6.89674154391938));
#8827=CARTESIAN_POINT('Ctrl Pts',(29.8190619393877,-5.54149569531374,-6.21558322094281));
#8828=CARTESIAN_POINT('Ctrl Pts',(27.4649289968874,-7.78914700829894,-7.68093524009138));
#8829=CARTESIAN_POINT('Ctrl Pts',(27.8857834520777,-7.60844744243695,-7.69245048457202));
#8830=CARTESIAN_POINT('Ctrl Pts',(28.8828653432145,-7.18071008539209,-7.44509181599151));
#8831=CARTESIAN_POINT('Ctrl Pts',(29.6093044222797,-6.86959747219933,-6.60127268175768));
#8832=CARTESIAN_POINT('Ctrl Pts',(29.8359672135959,-6.77251171581846,-6.0253230178047));
#8833=CARTESIAN_POINT('Ctrl Pts',(27.609451362944,-8.13805486449908,-6.5971834679187));
#8834=CARTESIAN_POINT('Ctrl Pts',(27.8649797761337,-8.03227824765649,-6.60059968567396));
#8835=CARTESIAN_POINT('Ctrl Pts',(28.4661243882086,-7.7832990027547,-6.44305015685535));
#8836=CARTESIAN_POINT('Ctrl Pts',(28.8977263730741,-7.60439611819461,-5.93497352186964));
#8837=CARTESIAN_POINT('Ctrl Pts',(29.0321199881473,-7.54876622517717,-5.59101016680283));
#8838=CARTESIAN_POINT('Ctrl Pts',(27.609451362944,-8.13805486449909,-6.13345094420715));
#8839=CARTESIAN_POINT('Ctrl Pts',(27.7934167977288,-8.06185388640333,-6.13345094420715));
#8840=CARTESIAN_POINT('Ctrl Pts',(28.2229659877052,-7.88392878620876,-6.01454199207494));
#8841=CARTESIAN_POINT('Ctrl Pts',(28.5266117666053,-7.75815458643098,-5.65017969965138));
#8842=CARTESIAN_POINT('Ctrl Pts',(28.6211564279115,-7.71899290546799,-5.40519755171799));
#8843=CARTESIAN_POINT('Ctrl Pts',(26.8186172771223,-6.22881248892153,-8.2));
#8844=CARTESIAN_POINT('Ctrl Pts',(27.3129713691009,-5.9978633731237,-8.2));
#8845=CARTESIAN_POINT('Ctrl Pts',(28.4678577262599,-5.4597091718055,-7.87347364575705));
#8846=CARTESIAN_POINT('Ctrl Pts',(29.2850660038866,-5.08082062667328,-6.87292752340626));
#8847=CARTESIAN_POINT('Ctrl Pts',(29.5395417106927,-4.96289598539276,-6.20020165891156));
#8848=CARTESIAN_POINT('Origin',(0.300000000000005,-19.4499999999989,-4.94987394027639));
#8849=CARTESIAN_POINT('Ctrl Pts',(27.4659709592623,-1.37136609082766,-6.20020165891293));
#8850=CARTESIAN_POINT('Ctrl Pts',(27.2939482696523,-1.49243116916874,-6.70474605214124));
#8851=CARTESIAN_POINT('Ctrl Pts',(27.0156770089996,-1.6882234313281,-7.15520898382523));
#8852=CARTESIAN_POINT('Ctrl Pts',(26.6657896793117,-1.93393892784678,-7.49419931142713));
#8853=CARTESIAN_POINT('Ctrl Pts',(26.1992732397256,-2.26155958987337,-7.94618641489865));
#8854=CARTESIAN_POINT('Ctrl Pts',(25.6054393440758,-2.67793266853967,-8.2));
#8855=CARTESIAN_POINT('Ctrl Pts',(25.0091928913517,-3.09479752031268,-8.2));
#8856=CARTESIAN_POINT('Ctrl Pts',(27.465970959265,-1.3713660908258,-6.20020165890515));
#8857=CARTESIAN_POINT('Ctrl Pts',(27.2939482696552,-1.49243116916673,-6.70474605213661));
#8858=CARTESIAN_POINT('Ctrl Pts',(26.6446486614629,-1.94927978087364,-7.75582622607265));
#8859=CARTESIAN_POINT('Ctrl Pts',(25.6054393440758,-2.67793266853968,-8.2));
#8860=CARTESIAN_POINT('Ctrl Pts',(25.0091928913517,-3.09479752031269,-8.2));
#8861=CARTESIAN_POINT('Ctrl Pts',(27.1046490261986,-0.839994616943786,-6.21558322093633));
#8862=CARTESIAN_POINT('Ctrl Pts',(26.9289506943336,-0.96575687038951,-6.72645195796479));
#8863=CARTESIAN_POINT('Ctrl Pts',(26.2684909051534,-1.43826067348129,-7.78367919509866));
#8864=CARTESIAN_POINT('Ctrl Pts',(25.2264607544094,-2.18158670361713,-8.20994791815308));
#8865=CARTESIAN_POINT('Ctrl Pts',(24.6327895929351,-2.60425919139503,-8.2));
#8866=CARTESIAN_POINT('Ctrl Pts',(26.0470631962699,-0.209688979136945,-6.02538045838268));
#8867=CARTESIAN_POINT('Ctrl Pts',(25.8990056025068,-0.320503620894056,-6.45734270194724));
#8868=CARTESIAN_POINT('Ctrl Pts',(25.3408503453966,-0.738289116788727,-7.34861430060115));
#8869=CARTESIAN_POINT('Ctrl Pts',(24.4702313191617,-1.38934614511629,-7.6964140066907));
#8870=CARTESIAN_POINT('Ctrl Pts',(23.9810078048157,-1.75484062756211,-7.68106034764785));
#8871=CARTESIAN_POINT('Ctrl Pts',(24.9728307794477,-0.517871073090675,-5.59101016679955));
#8872=CARTESIAN_POINT('Ctrl Pts',(24.8863004992551,-0.584301076101889,-5.8489826804718));
#8873=CARTESIAN_POINT('Ctrl Pts',(24.5595949452156,-0.834959043798476,-6.38400352599716));
#8874=CARTESIAN_POINT('Ctrl Pts',(24.0436501218644,-1.23075287617482,-6.6017384248472));
#8875=CARTESIAN_POINT('Ctrl Pts',(23.7511575350306,-1.45529392402374,-6.5971834679187));
#8876=CARTESIAN_POINT('Ctrl Pts',(24.6199283697957,-0.788662616139455,-5.40519755171565));
#8877=CARTESIAN_POINT('Ctrl Pts',(24.5590378644999,-0.835385544164602,-5.58893416079404));
#8878=CARTESIAN_POINT('Ctrl Pts',(24.329223711028,-1.01172814634315,-5.97169910599868));
#8879=CARTESIAN_POINT('Ctrl Pts',(23.9617904650218,-1.29366959228444,-6.13345094420715));
#8880=CARTESIAN_POINT('Ctrl Pts',(23.7511575350306,-1.45529392402375,-6.13345094420715));
#8881=CARTESIAN_POINT('',(23.8083976862349,-1.41137201120869,-6.13126050384226));
#8882=CARTESIAN_POINT('Ctrl Pts',(23.8083976862539,-1.41137201119411,-6.13126050383935));
#8883=CARTESIAN_POINT('Ctrl Pts',(23.8083976862539,-1.41137201119411,-6.40270931467736));
#8884=CARTESIAN_POINT('Ctrl Pts',(23.840942572887,-1.45356607204157,-6.67136890966953));
#8885=CARTESIAN_POINT('Ctrl Pts',(23.9658276287021,-1.61811700224417,-7.17105330527508));
#8886=CARTESIAN_POINT('Ctrl Pts',(24.0564411385042,-1.73829921554409,-7.39743681716599));
#8887=CARTESIAN_POINT('Ctrl Pts',(24.2811044723818,-2.04369706734056,-7.77955068784735));
#8888=CARTESIAN_POINT('Ctrl Pts',(24.4128660369074,-2.22594939188193,-7.93168831541431));
#8889=CARTESIAN_POINT('Ctrl Pts',(24.6282662507491,-2.53289274927937,-8.09035240153953));
#8890=CARTESIAN_POINT('Ctrl Pts',(24.7036032996918,-2.64168811236048,-8.13130480757039));
#8891=CARTESIAN_POINT('Ctrl Pts',(24.8561599279997,-2.86536307093381,-8.1861879625335));
#8892=CARTESIAN_POINT('Ctrl Pts',(24.9329846148319,-2.97966320713106,-8.2));
#8893=CARTESIAN_POINT('Ctrl Pts',(25.0091928913517,-3.0947975203127,-8.2));
#8894=CARTESIAN_POINT('Ctrl Pts',(24.619928369795,-0.788662616140052,-5.40519755171799));
#8895=CARTESIAN_POINT('Ctrl Pts',(24.538741028573,-0.850959854141889,-5.65017969965138));
#8896=CARTESIAN_POINT('Ctrl Pts',(24.291499806558,-1.04067471633496,-5.9956756692631));
#8897=CARTESIAN_POINT('Ctrl Pts',(23.9470481706277,-1.30498175263777,-6.12047672227684));
#8898=CARTESIAN_POINT('Ctrl Pts',(23.8083961650111,-1.41137317848482,-6.13122893141827));
#8899=CARTESIAN_POINT('Origin',(0.300000000000001,-19.4499999999989,-8.2));
#8900=CARTESIAN_POINT('Ctrl Pts',(22.4931221787095,0.184209672265219,-8.2));
#8901=CARTESIAN_POINT('Ctrl Pts',(22.6714954048206,-0.0174108088527381,
-8.2));
#8902=CARTESIAN_POINT('Ctrl Pts',(22.8452749424326,-0.219569115919383,-8.14750182214948));
#8903=CARTESIAN_POINT('Ctrl Pts',(23.1651875819127,-0.601075068238044,-7.94335390688783));
#8904=CARTESIAN_POINT('Ctrl Pts',(23.3082828747288,-0.776690970418546,-7.7937784152032));
#8905=CARTESIAN_POINT('Ctrl Pts',(23.5478532014307,-1.0758081520064,-7.41612388334738));
#8906=CARTESIAN_POINT('Ctrl Pts',(23.642057495893,-1.19633239221878,-7.1916260753362));
#8907=CARTESIAN_POINT('Ctrl Pts',(23.7404369491594,-1.32306491507592,-6.81585711143299));
#8908=CARTESIAN_POINT('Ctrl Pts',(23.7658591970501,-1.35604818208663,-6.68240123486493));
#8909=CARTESIAN_POINT('Ctrl Pts',(23.7998704559668,-1.40024304127936,-6.40935212874601));
#8910=CARTESIAN_POINT('Ctrl Pts',(23.8083976862539,-1.41137201119412,-6.27049786402565));
#8911=CARTESIAN_POINT('Ctrl Pts',(23.8083976862539,-1.41137201119412,-6.13126050383935));
#8912=CARTESIAN_POINT('Ctrl Pts',(22.4931221787095,0.184209672265205,-8.2));
#8913=CARTESIAN_POINT('Ctrl Pts',(22.9108575338652,0.53523764180137,-8.2));
#8914=CARTESIAN_POINT('Ctrl Pts',(23.887111992907,1.35396509393446,-7.87348378500965));
#8915=CARTESIAN_POINT('Ctrl Pts',(24.5784065455364,1.93144856463594,-6.87292752340627));
#8916=CARTESIAN_POINT('Ctrl Pts',(24.7936900598533,2.11121818064202,-6.20020165891156));
#8917=CARTESIAN_POINT('Ctrl Pts',(22.8695254771261,-0.306328656652456,-8.2));
#8918=CARTESIAN_POINT('Ctrl Pts',(23.2909682407343,0.0417063124820403,-8.20746093874343));
#8919=CARTESIAN_POINT('Ctrl Pts',(24.2810825103743,0.858203059225659,-7.89894198290554));
#8920=CARTESIAN_POINT('Ctrl Pts',(24.9908370457962,1.4417964145095,-6.89674154391938));
#8921=CARTESIAN_POINT('Ctrl Pts',(25.2134384921383,1.62467893642365,-6.2155832209428));
#8922=CARTESIAN_POINT('Ctrl Pts',(23.5213373140619,-1.1557863808654,-7.6811331828635));
#8923=CARTESIAN_POINT('Ctrl Pts',(23.8810830123523,-0.87231885518056,-7.69264842734414));
#8924=CARTESIAN_POINT('Ctrl Pts',(24.7335534909358,-0.201044830609742,-7.44526835963632));
#8925=CARTESIAN_POINT('Ctrl Pts',(25.3548281855943,0.287558012185491,-6.60136356314525));
#8926=CARTESIAN_POINT('Ctrl Pts',(25.5486399868259,0.44000029884733,-6.02541389919226));
#8927=CARTESIAN_POINT('Ctrl Pts',(23.7511575350306,-1.45529392402376,-6.5971834679187));
#8928=CARTESIAN_POINT('Ctrl Pts',(23.9706020257158,-1.28698593809969,-6.60059968567397));
#8929=CARTESIAN_POINT('Ctrl Pts',(24.4868261503698,-0.890899006939002,-6.44305907883973));
#8930=CARTESIAN_POINT('Ctrl Pts',(24.857414591549,-0.606389050591874,-5.93497352186964));
#8931=CARTESIAN_POINT('Ctrl Pts',(24.9728307794466,-0.517871073091523,-5.59101016680283));
#8932=CARTESIAN_POINT('Ctrl Pts',(23.7511575350306,-1.45529392402376,-6.13345094420715));
#8933=CARTESIAN_POINT('Ctrl Pts',(23.9091322352472,-1.33407567312969,-6.13345094420715));
#8934=CARTESIAN_POINT('Ctrl Pts',(24.2779961885215,-1.05103640688972,-6.01454568441979));
#8935=CARTESIAN_POINT('Ctrl Pts',(24.538741028573,-0.850959854141889,-5.65017969965138));
#8936=CARTESIAN_POINT('Ctrl Pts',(24.619928369795,-0.788662616140052,-5.40519755171799));
#8937=CARTESIAN_POINT('Ctrl Pts',(22.4931221787095,0.184209672265205,-8.2));
#8938=CARTESIAN_POINT('Ctrl Pts',(22.9108575338652,0.53523764180137,-8.2));
#8939=CARTESIAN_POINT('Ctrl Pts',(23.887111992907,1.35396509393446,-7.87348378500965));
#8940=CARTESIAN_POINT('Ctrl Pts',(24.5784065455364,1.93144856463594,-6.87292752340627));
#8941=CARTESIAN_POINT('Ctrl Pts',(24.7936900598533,2.11121818064202,-6.20020165891156));
#8942=CARTESIAN_POINT('Origin',(0.300000000000005,-19.4499999999989,7.39989917050025));
#8943=CARTESIAN_POINT('',(21.8612181806404,5.04369005985411,-6.20020165891295));
#8944=CARTESIAN_POINT('Origin',(0.299999999999294,-19.4499999999993,-6.20020165891397));
#8945=CARTESIAN_POINT('',(21.8612181806371,5.0436900598498,21.0000000000049));
#8946=CARTESIAN_POINT('Origin',(2.04129213573451,-20.7861404497035,7.39989917050025));
#8947=CARTESIAN_POINT('Origin',(0.299999999999554,-19.4499999999993,21.0000000000049));
#8948=CARTESIAN_POINT('Origin',(0.300000000000007,-19.4499999999989,-4.94987394027639));
#8949=CARTESIAN_POINT('Ctrl Pts',(21.8612181806406,5.04369005985397,-6.20020165891293));
#8950=CARTESIAN_POINT('Ctrl Pts',(21.7263909700101,4.88222742576179,-6.70474605214124));
#8951=CARTESIAN_POINT('Ctrl Pts',(21.5082770341445,4.62108554195028,-7.15521048745884));
#8952=CARTESIAN_POINT('Ctrl Pts',(21.2339077755954,4.29318521063123,-7.49420102986554));
#8953=CARTESIAN_POINT('Ctrl Pts',(20.868082097528,3.85598476887025,-7.94618841974347));
#8954=CARTESIAN_POINT('Ctrl Pts',(20.4022469569109,3.3001026426502,-8.19999999999999));
#8955=CARTESIAN_POINT('Ctrl Pts',(19.9342096722641,2.74312217871067,-8.2));
#8956=CARTESIAN_POINT('Origin',(1.93950359628897,-20.70803535632,7.39989917050025));
#8957=CARTESIAN_POINT('',(18.7517204759522,4.59675029683556,21.));
#8958=CARTESIAN_POINT('Ctrl Pts',(18.7517204759521,4.59675029683556,21.));
#8959=CARTESIAN_POINT('Ctrl Pts',(18.9263724699133,4.82436120678301,21.));
#8960=CARTESIAN_POINT('Ctrl Pts',(19.1822514509079,5.05469229966536,21.));
#8961=CARTESIAN_POINT('Ctrl Pts',(19.6621372539755,5.34296572195682,21.));
#8962=CARTESIAN_POINT('Ctrl Pts',(19.9690663135574,5.45720676082875,21.));
#8963=CARTESIAN_POINT('Ctrl Pts',(20.4943207033984,5.53966244378353,21.));
#8964=CARTESIAN_POINT('Ctrl Pts',(20.8046305503584,5.52812841730721,21.));
#8965=CARTESIAN_POINT('Ctrl Pts',(21.2964718180358,5.40504445085873,21.));
#8966=CARTESIAN_POINT('Ctrl Pts',(21.5651191008091,5.27634067716499,21.));
#8967=CARTESIAN_POINT('Ctrl Pts',(21.7620597617094,5.12522279302579,21.));
#8968=CARTESIAN_POINT('Ctrl Pts',(21.7951398576562,5.09983954264089,21.));
#8969=CARTESIAN_POINT('Ctrl Pts',(21.8283727545705,5.0726031144363,21.));
#8970=CARTESIAN_POINT('Ctrl Pts',(21.8612181806384,5.04369005985134,21.));
#8971=CARTESIAN_POINT('',(18.9613373838588,4.86992836979607,-5.40519755171799));
#8972=CARTESIAN_POINT('Origin',(20.6008409801654,3.61189301349791,-5.40519755172731));
#8973=CARTESIAN_POINT('Origin',(0.300000000000005,-19.4499999999989,7.39989917050025));
#8974=CARTESIAN_POINT('Ctrl Pts',(21.8612181806426,5.04369005985646,-6.20020165890515));
#8975=CARTESIAN_POINT('Ctrl Pts',(21.7263909700123,4.88222742576448,-6.70474605213661));
#8976=CARTESIAN_POINT('Ctrl Pts',(21.2174584529908,4.27289636353528,-7.75582973455108));
#8977=CARTESIAN_POINT('Ctrl Pts',(20.4022469569109,3.30010264265019,-8.2));
#8978=CARTESIAN_POINT('Ctrl Pts',(19.9342096722641,2.74312217871065,-8.2));
#8979=CARTESIAN_POINT('Ctrl Pts',(21.3746789364243,5.46343849214155,-6.21558322093633));
#8980=CARTESIAN_POINT('Ctrl Pts',(21.2375170463867,5.2964874090866,-6.72645195796479));
#8981=CARTESIAN_POINT('Ctrl Pts',(20.7218561077591,4.66914554973789,-7.78367405240193));
#8982=CARTESIAN_POINT('Ctrl Pts',(19.9077179608598,3.6814491522515,-8.20994791815308));
#8983=CARTESIAN_POINT('Ctrl Pts',(19.4436713433465,3.11952547712727,-8.20000000000001));
#8984=CARTESIAN_POINT('Ctrl Pts',(20.1900002988477,5.79863998682888,-6.02541389918677));
#8985=CARTESIAN_POINT('Ctrl Pts',(20.0756685850166,5.65328113738677,-6.45737614275133));
#8986=CARTESIAN_POINT('Ctrl Pts',(19.6446483438803,5.10524864131095,-7.3486682066854));
#8987=CARTESIAN_POINT('Ctrl Pts',(18.9721703135313,4.25099823684834,-7.69648684190636));
#8988=CARTESIAN_POINT('Ctrl Pts',(18.5942136191335,3.77133731406305,-7.68113318286351));
#8989=CARTESIAN_POINT('Ctrl Pts',(19.2321289269082,5.22283077944883,-5.59101016679955));
#8990=CARTESIAN_POINT('Ctrl Pts',(19.1657404444596,5.13626863940792,-5.84898268047181));
#8991=CARTESIAN_POINT('Ctrl Pts',(18.9150430539741,4.80959502752789,-6.38400711379364));
#8992=CARTESIAN_POINT('Ctrl Pts',(18.5191167200054,4.2937501842349,-6.6017384248472));
#8993=CARTESIAN_POINT('Ctrl Pts',(18.2947060759751,4.00115753503172,-6.5971834679187));
#8994=CARTESIAN_POINT('Ctrl Pts',(18.9613373838594,4.86992836979684,-5.40519755171565));
#8995=CARTESIAN_POINT('Ctrl Pts',(18.9146144558343,4.80903786450103,-5.58893416079405));
#8996=CARTESIAN_POINT('Ctrl Pts',(18.7382724113187,4.57922443778969,-5.97170038365816));
#8997=CARTESIAN_POINT('Ctrl Pts',(18.4563304077144,4.21179046502288,-6.13345094420715));
#8998=CARTESIAN_POINT('Ctrl Pts',(18.2947060759751,4.00115753503172,-6.13345094420715));
#8999=CARTESIAN_POINT('',(18.3386279887902,4.05839768623602,-6.13126050384226));
#9000=CARTESIAN_POINT('Ctrl Pts',(18.3386279888048,4.05839768625501,-6.13126050383935));
#9001=CARTESIAN_POINT('Ctrl Pts',(18.3386279888048,4.05839768625501,-6.40270931467737));
#9002=CARTESIAN_POINT('Ctrl Pts',(18.3809845618549,4.0260645896478,-6.67136890966953));
#9003=CARTESIAN_POINT('Ctrl Pts',(18.54420317721,3.89944322731886,-7.17105330527507));
#9004=CARTESIAN_POINT('Ctrl Pts',(18.6628345522231,3.80680862571224,-7.39743681716598));
#9005=CARTESIAN_POINT('Ctrl Pts',(18.958885449014,3.56996410291257,-7.77955068784735));
#9006=CARTESIAN_POINT('Ctrl Pts',(19.1333277197071,3.42802427804859,-7.93168831541431));
#9007=CARTESIAN_POINT('Ctrl Pts',(19.4208311359071,3.18728943959189,-8.09035240153953));
#9008=CARTESIAN_POINT('Ctrl Pts',(19.5217594491415,3.10169985167955,-8.13130480757038));
#9009=CARTESIAN_POINT('Ctrl Pts',(19.727009175587,2.92513099336217,-8.18618796253349));
#9010=CARTESIAN_POINT('Ctrl Pts',(19.8307991768004,2.8346092319471,-8.2));
#9011=CARTESIAN_POINT('Ctrl Pts',(19.9342096722641,2.74312217871065,-8.2));
#9012=CARTESIAN_POINT('Ctrl Pts',(18.9613373838588,4.86992836979606,-5.40519755171798));
#9013=CARTESIAN_POINT('Ctrl Pts',(18.899040145857,4.78874102857415,-5.65017969965137));
#9014=CARTESIAN_POINT('Ctrl Pts',(18.7093253600141,4.5414999060605,-5.9956758865561));
#9015=CARTESIAN_POINT('Ctrl Pts',(18.4450182544755,4.19704817990042,-6.12047674511691));
#9016=CARTESIAN_POINT('Ctrl Pts',(18.3386268216654,4.05839616520942,-6.13122893551552));
#9017=CARTESIAN_POINT('Origin',(0.300000000000001,-19.4499999999989,-8.2));
#9018=CARTESIAN_POINT('Ctrl Pts',(16.6552024796862,5.25919289135281,-8.2));
#9019=CARTESIAN_POINT('Ctrl Pts',(16.8796810059014,5.11060884958606,-8.2));
#9020=CARTESIAN_POINT('Ctrl Pts',(17.099861569356,4.96031637377462,-8.14750182214948));
#9021=CARTESIAN_POINT('Ctrl Pts',(17.5076144562661,4.67460940541348,-7.94335390688783));
#9022=CARTESIAN_POINT('Ctrl Pts',(17.6912866353248,4.54201325703561,-7.79377841520321));
#9023=CARTESIAN_POINT('Ctrl Pts',(18.000111024411,4.31509360944499,-7.41612388334739));
#9024=CARTESIAN_POINT('Ctrl Pts',(18.1222993541429,4.22305799866726,-7.19162607533621));
#9025=CARTESIAN_POINT('Ctrl Pts',(18.2501273993784,4.1261062579609,-6.81585711143298));
#9026=CARTESIAN_POINT('Ctrl Pts',(18.2832201028505,4.10082663044331,-6.68240123486492));
#9027=CARTESIAN_POINT('Ctrl Pts',(18.3275109274774,4.06694043611538,-6.409352128746));
#9028=CARTESIAN_POINT('Ctrl Pts',(18.3386279888048,4.05839768625501,-6.27049786402564));
#9029=CARTESIAN_POINT('Ctrl Pts',(18.3386279888048,4.05839768625501,-6.13126050383935));
#9030=CARTESIAN_POINT('Ctrl Pts',(9.70270275992225,8.65028544876672,-8.2));
#9031=CARTESIAN_POINT('Ctrl Pts',(9.8889582047779,9.16315226540174,-8.2));
#9032=CARTESIAN_POINT('Ctrl Pts',(10.3250562946053,10.3603201288245,-7.87348719074917));
#9033=CARTESIAN_POINT('Ctrl Pts',(10.6349925495235,11.2060808994534,-6.87292752340626));
#9034=CARTESIAN_POINT('Ctrl Pts',(10.7315487339349,11.4694077109017,-6.20020165891156));
#9035=CARTESIAN_POINT('Ctrl Pts',(10.2739467428781,8.41366844360236,-8.2));
#9036=CARTESIAN_POINT('Ctrl Pts',(10.4649093978366,8.92579695008222,-8.20746093874343));
#9037=CARTESIAN_POINT('Ctrl Pts',(10.9141239238032,10.127958636114,-7.89893941594327));
#9038=CARTESIAN_POINT('Ctrl Pts',(11.2369939151072,10.9882449485561,-6.89674154391937));
#9039=CARTESIAN_POINT('Ctrl Pts',(11.3383311616016,11.257926581613,-6.2155832209428));
#9040=CARTESIAN_POINT('Ctrl Pts',(11.2632362994681,8.00389129214875,-7.6812531052381));
#9041=CARTESIAN_POINT('Ctrl Pts',(11.4330514502473,8.42925421968491,-7.69276834971874));
#9042=CARTESIAN_POINT('Ctrl Pts',(11.835697102216,9.436874530512,-7.44537188304605));
#9043=CARTESIAN_POINT('Ctrl Pts',(12.1294711994231,10.1707285229491,-6.60141862305818));
#9044=CARTESIAN_POINT('Ctrl Pts',(12.2210959995119,10.3996533164251,-6.02546895910522));
#9045=CARTESIAN_POINT('Ctrl Pts',(11.6119451354998,7.85945136294506,-6.5971834679187));
#9046=CARTESIAN_POINT('Ctrl Pts',(11.7178356461917,8.11493259975771,-6.60059968567396));
#9047=CARTESIAN_POINT('Ctrl Pts',(11.9668557968013,8.7160677071209,-6.4430620757031));
#9048=CARTESIAN_POINT('Ctrl Pts',(12.1455394128446,9.14775307699271,-5.93497352186961));
#9049=CARTESIAN_POINT('Ctrl Pts',(12.2012337748217,9.28211998814842,-5.59101016680283));
#9050=CARTESIAN_POINT('Ctrl Pts',(11.6119451354998,7.85945136294506,-6.13345094420715));
#9051=CARTESIAN_POINT('Ctrl Pts',(11.6881461135956,8.04341679772993,-6.13345094420715));
#9052=CARTESIAN_POINT('Ctrl Pts',(11.8660723102423,8.472968634776,-6.01454692466553));
#9053=CARTESIAN_POINT('Ctrl Pts',(11.9918454135679,8.77661176660643,-5.65017969965135));
#9054=CARTESIAN_POINT('Ctrl Pts',(12.0310070945309,8.87115642791258,-5.40519755171799));
#9055=CARTESIAN_POINT('',(11.6395556041601,7.92610893084813,-6.1312605038396));
#9056=CARTESIAN_POINT('Ctrl Pts',(9.70270275992226,8.65028544876673,-8.2));
#9057=CARTESIAN_POINT('Ctrl Pts',(9.95798874564838,8.56486360325086,-8.2));
#9058=CARTESIAN_POINT('Ctrl Pts',(10.2095653934117,8.47667914255112,-8.14750182214948));
#9059=CARTESIAN_POINT('Ctrl Pts',(10.6773708423525,8.30624161588822,-7.94335390688783));
#9060=CARTESIAN_POINT('Ctrl Pts',(10.8891029521834,8.22570142969943,-7.79377841520321));
#9061=CARTESIAN_POINT('Ctrl Pts',(11.2461355318941,8.08644351508689,-7.41612388334739));
#9062=CARTESIAN_POINT('Ctrl Pts',(11.3879809641502,8.02916860852229,-7.1916260753362));
#9063=CARTESIAN_POINT('Ctrl Pts',(11.5365463313179,7.96860475087552,-6.81585711143298));
#9064=CARTESIAN_POINT('Ctrl Pts',(11.575054277318,7.95275152768982,-6.68240123486492));
#9065=CARTESIAN_POINT('Ctrl Pts',(11.6266063211508,7.93148328637054,-6.40935212874602));
#9066=CARTESIAN_POINT('Ctrl Pts',(11.6395556041608,7.92610893084999,-6.27049786402567));
#9067=CARTESIAN_POINT('Ctrl Pts',(11.6395556041608,7.92610893084999,-6.13126050383935));
#9068=CARTESIAN_POINT('',(10.731548733935,11.4694077109021,-6.20020165891174));
#9069=CARTESIAN_POINT('Ctrl Pts',(9.70270275992225,8.65028544876672,-8.2));
#9070=CARTESIAN_POINT('Ctrl Pts',(9.8889582047779,9.16315226540174,-8.2));
#9071=CARTESIAN_POINT('Ctrl Pts',(10.3250562946053,10.3603201288245,-7.87348719074917));
#9072=CARTESIAN_POINT('Ctrl Pts',(10.6349925495235,11.2060808994534,-6.87292752340626));
#9073=CARTESIAN_POINT('Ctrl Pts',(10.7315487339349,11.4694077109017,-6.20020165891156));
#9074=CARTESIAN_POINT('',(12.0310070945419,8.87115642793926,-5.40519755172731));
#9075=CARTESIAN_POINT('Origin',(10.1217647189533,9.66199051373422,-5.40519755171799));
#9076=CARTESIAN_POINT('Ctrl Pts',(11.6395538983485,7.92610481265466,-6.13118710605764));
#9077=CARTESIAN_POINT('Ctrl Pts',(11.7317314105191,8.14864101268293,-6.11609918312461));
#9078=CARTESIAN_POINT('Ctrl Pts',(11.8965253621782,8.54648880577532,-5.95187197857728));
#9079=CARTESIAN_POINT('Ctrl Pts',(12.0016358341084,8.8002479326566,-5.58893416079404));
#9080=CARTESIAN_POINT('Ctrl Pts',(12.0310070945313,8.87115642791347,-5.40519755171565));
#9081=CARTESIAN_POINT('Origin',(-1.60924237557754,-18.6591659141772,7.39989917050025));
#9082=CARTESIAN_POINT('',(10.7315487339328,11.469407710896,21.0000000000049));
#9083=CARTESIAN_POINT('',(11.8992363975435,8.55303382412239,21.));
#9084=CARTESIAN_POINT('Ctrl Pts',(10.7315487339335,11.469407710898,21.));
#9085=CARTESIAN_POINT('Ctrl Pts',(10.773010886739,11.4554192648175,21.));
#9086=CARTESIAN_POINT('Ctrl Pts',(10.8132147739297,11.4402569459506,21.));
#9087=CARTESIAN_POINT('Ctrl Pts',(10.8517373615671,11.4243003676936,21.));
#9088=CARTESIAN_POINT('Ctrl Pts',(11.0810796186479,11.3293036943854,21.));
#9089=CARTESIAN_POINT('Ctrl Pts',(11.3268639976163,11.1610002096929,21.));
#9090=CARTESIAN_POINT('Ctrl Pts',(11.6793784731979,10.796595160479,21.));
#9091=CARTESIAN_POINT('Ctrl Pts',(11.8445221566143,10.5336259632054,21.));
#9092=CARTESIAN_POINT('Ctrl Pts',(12.0357406354096,10.0375144766763,21.));
#9093=CARTESIAN_POINT('Ctrl Pts',(12.0902695233827,9.71458559448283,21.));
#9094=CARTESIAN_POINT('Ctrl Pts',(12.0805603179762,9.15485558696508,21.));
#9095=CARTESIAN_POINT('Ctrl Pts',(12.009027230756,8.81809234268805,21.));
#9096=CARTESIAN_POINT('Ctrl Pts',(11.8992363975436,8.55303382412239,21.));
#9097=CARTESIAN_POINT('Origin',(0.300000000000005,-19.4499999999989,7.39989917050025));
#9098=CARTESIAN_POINT('Origin',(-1.7277776403354,-18.6100669998951,7.39989917050025));
#9099=CARTESIAN_POINT('Origin',(0.300000000000005,-19.4499999999989,7.39989917050025));
#9100=CARTESIAN_POINT('',(6.72571765104698,12.5427669145764,-6.20020165891295));
#9101=CARTESIAN_POINT('Origin',(0.299999999999618,-19.4499999999996,-6.20020165891397));
#9102=CARTESIAN_POINT('',(6.72571765104627,12.542766914571,21.0000000000049));
#9103=CARTESIAN_POINT('Origin',(2.47607344980845,-19.7364855045998,7.39989917050025));
#9104=CARTESIAN_POINT('Origin',(0.299999999999814,-19.4499999999995,21.0000000000049));
#9105=CARTESIAN_POINT('Origin',(0.300000000000009,-19.4499999999989,-4.94987394027639));
#9106=CARTESIAN_POINT('Ctrl Pts',(6.72571765104718,12.5427669145763,-6.20020165891293));
#9107=CARTESIAN_POINT('Ctrl Pts',(6.68968517856587,12.3355225663753,-6.70474605214125));
#9108=CARTESIAN_POINT('Ctrl Pts',(6.63136420355064,12.0003117080271,-7.15521278180111));
#9109=CARTESIAN_POINT('Ctrl Pts',(6.55770366306882,11.5791572926291,-7.49420365197099));
#9110=CARTESIAN_POINT('Ctrl Pts',(6.45948960909254,11.0176180720956,-7.94619147886649));
#9111=CARTESIAN_POINT('Ctrl Pts',(6.3340052165087,10.3032903056942,-8.19999999999999));
#9112=CARTESIAN_POINT('Ctrl Pts',(6.20716327005609,9.5869124321875,-8.2));
#9113=CARTESIAN_POINT('Origin',(2.34886944214273,-19.7197387792875,7.39989917050025));
#9114=CARTESIAN_POINT('',(4.25628352728683,10.6009568734968,21.));
#9115=CARTESIAN_POINT('Ctrl Pts',(4.25628352728683,10.6009568734968,21.));
#9116=CARTESIAN_POINT('Ctrl Pts',(4.29373113590505,10.8853997006703,21.));
#9117=CARTESIAN_POINT('Ctrl Pts',(4.40016328729973,11.2128117688852,21.));
#9118=CARTESIAN_POINT('Ctrl Pts',(4.67161987252602,11.7024067773593,21.));
#9119=CARTESIAN_POINT('Ctrl Pts',(4.88030771584759,11.954806948968,21.));
#9120=CARTESIAN_POINT('Ctrl Pts',(5.29396351942185,12.2888428600138,21.));
#9121=CARTESIAN_POINT('Ctrl Pts',(5.56846674317184,12.4340090235574,21.));
#9122=CARTESIAN_POINT('Ctrl Pts',(6.05595575883422,12.5733358156531,21.));
#9123=CARTESIAN_POINT('Ctrl Pts',(6.35296301722042,12.5961987194581,21.));
#9124=CARTESIAN_POINT('Ctrl Pts',(6.59907757466777,12.5637971232775,21.));
#9125=CARTESIAN_POINT('Ctrl Pts',(6.64041740330976,12.558354631587,21.));
#9126=CARTESIAN_POINT('Ctrl Pts',(6.68281615038121,12.5513836413106,21.));
#9127=CARTESIAN_POINT('Ctrl Pts',(6.72571765104667,12.542766914573,21.));
#9128=CARTESIAN_POINT('',(4.30122805811651,10.9423444783908,-5.40519755171799));
#9129=CARTESIAN_POINT('Origin',(6.350097500263,10.6726056991309,-5.40519755172731));
#9130=CARTESIAN_POINT('Origin',(0.300000000000007,-19.4499999999989,7.39989917050025));
#9131=CARTESIAN_POINT('Ctrl Pts',(6.72571765104773,12.5427669145795,-6.20020165890515));
#9132=CARTESIAN_POINT('Ctrl Pts',(6.68968517856647,12.3355225663788,-6.70474605213661));
#9133=CARTESIAN_POINT('Ctrl Pts',(6.55360290353043,11.5533638968966,-7.75583508801637));
#9134=CARTESIAN_POINT('Ctrl Pts',(6.33400521650869,10.3032903056942,-8.2));
#9135=CARTESIAN_POINT('Ctrl Pts',(6.20716327005609,9.58691243218748,-8.2));
#9136=CARTESIAN_POINT('Ctrl Pts',(6.09448808947402,12.6630100980279,-6.21558322093633));
#9137=CARTESIAN_POINT('Ctrl Pts',(6.05917794979786,12.4498452738942,-6.72645195796478));
#9138=CARTESIAN_POINT('Ctrl Pts',(5.92627403158775,11.6487235374823,-7.78366620533969));
#9139=CARTESIAN_POINT('Ctrl Pts',(5.71505728821978,10.3862815726279,-8.20994791815308));
#9140=CARTESIAN_POINT('Ctrl Pts',(5.59414296647512,9.6676180862257,-8.2));
#9141=CARTESIAN_POINT('Ctrl Pts',(4.90079563930135,12.3612246063971,-6.02551483321199));
#9142=CARTESIAN_POINT('Ctrl Pts',(4.8744608953865,12.1781742931998,-6.45747707677653));
#9143=CARTESIAN_POINT('Ctrl Pts',(4.7751967854837,11.4879730295093,-7.34882316480811));
#9144=CARTESIAN_POINT('Ctrl Pts',(4.6199270069547,10.4117711713078,-7.69670667966728));
#9145=CARTESIAN_POINT('Ctrl Pts',(4.53243736946846,9.80739427977413,-7.68135302062443));
#9146=CARTESIAN_POINT('Ctrl Pts',(4.35928920870087,11.3833627017316,-5.59101016679955));
#9147=CARTESIAN_POINT('Ctrl Pts',(4.34507616640215,11.2752034482259,-5.84898268047179));
#9148=CARTESIAN_POINT('Ctrl Pts',(4.29130306194242,10.8669491198081,-6.38401258828758));
#9149=CARTESIAN_POINT('Ctrl Pts',(4.20634282192164,10.2222492006618,-6.6017384248472));
#9150=CARTESIAN_POINT('Ctrl Pts',(4.15829382791336,9.85665121147605,-6.5971834679187));
#9151=CARTESIAN_POINT('Ctrl Pts',(4.30122805811664,10.9423444783918,-5.40519755171565));
#9152=CARTESIAN_POINT('Ctrl Pts',(4.29121006815557,10.8662502899438,-5.58893416079403));
#9153=CARTESIAN_POINT('Ctrl Pts',(4.25340027365327,10.5790563878516,-5.97170233319436));
#9154=CARTESIAN_POINT('Ctrl Pts',(4.19294814007369,10.1198768455916,-6.13345094420715));
#9155=CARTESIAN_POINT('Ctrl Pts',(4.15829382791336,9.85665121147604,-6.13345094420715));
#9156=CARTESIAN_POINT('',(4.16771124459186,9.92818359294296,-6.13126050384226));
#9157=CARTESIAN_POINT('Ctrl Pts',(4.16771124459498,9.92818359296669,-6.13126050383935));
#9158=CARTESIAN_POINT('Ctrl Pts',(4.16771124459498,9.92818359296669,-6.40270931467736));
#9159=CARTESIAN_POINT('Ctrl Pts',(4.22055966117725,9.9213605964469,-6.67136890966953));
#9160=CARTESIAN_POINT('Ctrl Pts',(4.42522180960978,9.89331258768581,-7.17105330527507));
#9161=CARTESIAN_POINT('Ctrl Pts',(4.57427689486028,9.87240435693155,-7.39743681716598));
#9162=CARTESIAN_POINT('Ctrl Pts',(4.94908675369421,9.81531643183529,-7.77955068784736));
#9163=CARTESIAN_POINT('Ctrl Pts',(5.17112810404024,9.77961407304091,-7.93168831541431));
#9164=CARTESIAN_POINT('Ctrl Pts',(5.54048078537262,9.71488329546147,-8.09035240153953));
#9165=CARTESIAN_POINT('Ctrl Pts',(5.6706820625509,9.69122469464714,-8.13130480757038));
#9166=CARTESIAN_POINT('Ctrl Pts',(5.93671796893122,9.64093644104982,-8.1861879625335));
#9167=CARTESIAN_POINT('Ctrl Pts',(6.07186362734842,9.61443729667577,-8.2));
#9168=CARTESIAN_POINT('Ctrl Pts',(6.20716327005609,9.58691243218747,-8.2));
#9169=CARTESIAN_POINT('Ctrl Pts',(4.30122805811652,10.9423444783908,-5.40519755171798));
#9170=CARTESIAN_POINT('Ctrl Pts',(4.28787073803228,10.840885559426,-5.65017969965139));
#9171=CARTESIAN_POINT('Ctrl Pts',(4.24719372094996,10.5319129396296,-5.99567914767583));
#9172=CARTESIAN_POINT('Ctrl Pts',(4.19052269343062,10.1014537492772,-6.12047708793815));
#9173=CARTESIAN_POINT('Ctrl Pts',(4.16771099480102,9.92818169559319,-6.13122899702046));
#9174=CARTESIAN_POINT('Origin',(0.300000000000001,-19.4499999999989,-8.2));
#9175=CARTESIAN_POINT('Ctrl Pts',(11.6395556041608,7.92610893084999,-6.13126050383935));
#9176=CARTESIAN_POINT('Ctrl Pts',(11.6395556041608,7.92610893084999,-6.40270931467736));
#9177=CARTESIAN_POINT('Ctrl Pts',(11.6888373331721,7.90584024558383,-6.67136890966953));
#9178=CARTESIAN_POINT('Ctrl Pts',(11.8792664291624,7.82577748771957,-7.17105330527507));
#9179=CARTESIAN_POINT('Ctrl Pts',(12.0178311372269,7.76700339281981,-7.39743681716598));
#9180=CARTESIAN_POINT('Ctrl Pts',(12.3650942175621,7.61485276184167,-7.77955068784735));
#9181=CARTESIAN_POINT('Ctrl Pts',(12.5703292419543,7.52289840115291,-7.93168831541431));
#9182=CARTESIAN_POINT('Ctrl Pts',(12.9103429778206,7.36477776304465,-8.09035240153953));
#9183=CARTESIAN_POINT('Ctrl Pts',(13.0299844575916,7.30822673927381,-8.13130480757039));
#9184=CARTESIAN_POINT('Ctrl Pts',(13.2739398525087,7.19079685711286,-8.18618796253349));
#9185=CARTESIAN_POINT('Ctrl Pts',(13.3976220510417,7.13022237892611,-8.2));
#9186=CARTESIAN_POINT('Ctrl Pts',(13.5211875110774,7.06861727712344,-8.2));
#9187=CARTESIAN_POINT('Origin',(0.300000000000001,-19.4499999999989,-8.2));
#9188=CARTESIAN_POINT('Ctrl Pts',(2.10942438577064,10.1263899907646,-8.2));
#9189=CARTESIAN_POINT('Ctrl Pts',(2.37812051296048,10.1099516991053,-8.2));
#9190=CARTESIAN_POINT('Ctrl Pts',(2.64394871223745,10.0898848787822,-8.14750182214948));
#9191=CARTESIAN_POINT('Ctrl Pts',(3.13992655494864,10.0463318295983,-7.94335390688783));
#9192=CARTESIAN_POINT('Ctrl Pts',(3.36528940217079,10.0233362861884,-7.79377841520321));
#9193=CARTESIAN_POINT('Ctrl Pts',(3.74619899222296,9.98123030130021,-7.41612388334738));
#9194=CARTESIAN_POINT('Ctrl Pts',(3.89803499520567,9.96261928917985,-7.1916260753362));
#9195=CARTESIAN_POINT('Ctrl Pts',(4.05721320004893,9.94257064140479,-6.81585711143298));
#9196=CARTESIAN_POINT('Ctrl Pts',(4.09851213569446,9.93722419351239,-6.68240123486492));
#9197=CARTESIAN_POINT('Ctrl Pts',(4.15381221213985,9.93002330070025,-6.40935212874601));
#9198=CARTESIAN_POINT('Ctrl Pts',(4.16771124459498,9.9281835929667,-6.27049786402565));
#9199=CARTESIAN_POINT('Ctrl Pts',(4.16771124459498,9.9281835929667,-6.13126050383935));
#9200=CARTESIAN_POINT('Ctrl Pts',(16.6552024796862,5.25919289135279,-8.2));
#9201=CARTESIAN_POINT('Ctrl Pts',(16.9678511239055,5.70637773860454,-8.2));
#9202=CARTESIAN_POINT('Ctrl Pts',(17.6989384667659,6.74988127640996,-7.87348441272971));
#9203=CARTESIAN_POINT('Ctrl Pts',(18.2172138030717,7.48660737077973,-6.87292752340627));
#9204=CARTESIAN_POINT('Ctrl Pts',(18.3786339091716,7.71597095926389,-6.20020165891155));
#9205=CARTESIAN_POINT('Ctrl Pts',(17.1457408086038,4.88278959293616,-8.2));
#9206=CARTESIAN_POINT('Ctrl Pts',(17.4627451799019,5.32804297171731,-8.20746093874343));
#9207=CARTESIAN_POINT('Ctrl Pts',(18.2077968868102,6.37297833147628,-7.89894150978254));
#9208=CARTESIAN_POINT('Ctrl Pts',(18.7423223767501,7.12038458132303,-6.89674154391938));
#9209=CARTESIAN_POINT('Ctrl Pts',(18.9100053830535,7.35464902619749,-6.2155832209428));
#9210=CARTESIAN_POINT('Ctrl Pts',(17.9952088453756,4.2309698428957,-7.68115236340885));
#9211=CARTESIAN_POINT('Ctrl Pts',(18.2693297119353,4.5978874849802,-7.69266760788949));
#9212=CARTESIAN_POINT('Ctrl Pts',(18.9190196756087,5.46693004941754,-7.44528502034363));
#9213=CARTESIAN_POINT('Ctrl Pts',(19.3926738057443,6.09969181442741,-6.60137236950152));
#9214=CARTESIAN_POINT('Ctrl Pts',(19.5404266629264,6.297101941457,-6.02542270554854));
#9215=CARTESIAN_POINT('Ctrl Pts',(18.2947060759751,4.0011575350317,-6.5971834679187));
#9216=CARTESIAN_POINT('Ctrl Pts',(18.4631118647649,4.22052697893862,-6.60059968567397));
#9217=CARTESIAN_POINT('Ctrl Pts',(18.8592313917705,4.7367264933879,-6.44305963119885));
#9218=CARTESIAN_POINT('Ctrl Pts',(19.1435555886563,5.10745707134824,-5.93497352186963));
#9219=CARTESIAN_POINT('Ctrl Pts',(19.2321289269074,5.22283077944773,-5.59101016680283));
#9220=CARTESIAN_POINT('Ctrl Pts',(18.2947060759751,4.0011575350317,-6.13345094420715));
#9221=CARTESIAN_POINT('Ctrl Pts',(18.4159243268692,4.15913223524829,-6.13345094420715));
#9222=CARTESIAN_POINT('Ctrl Pts',(18.6989636739414,4.52799629386515,-6.01454591301248));
#9223=CARTESIAN_POINT('Ctrl Pts',(18.899040145857,4.78874102857415,-5.65017969965137));
#9224=CARTESIAN_POINT('Ctrl Pts',(18.9613373838588,4.86992836979606,-5.40519755171798));
#9225=CARTESIAN_POINT('',(18.3786339091718,7.71597095926424,-6.20020165891174));
#9226=CARTESIAN_POINT('Ctrl Pts',(16.6552024796862,5.25919289135279,-8.2));
#9227=CARTESIAN_POINT('Ctrl Pts',(16.9678511239055,5.70637773860454,-8.2));
#9228=CARTESIAN_POINT('Ctrl Pts',(17.6989384667659,6.74988127640996,-7.87348441272971));
#9229=CARTESIAN_POINT('Ctrl Pts',(18.2172138030717,7.48660737077973,-6.87292752340627));
#9230=CARTESIAN_POINT('Ctrl Pts',(18.3786339091716,7.71597095926389,-6.20020165891155));
#9231=CARTESIAN_POINT('Origin',(17.3218337875699,6.12796372611715,-5.40519755171799));
#9232=CARTESIAN_POINT('Origin',(-1.33950359628896,-18.1919646436778,7.39989917050025));
#9233=CARTESIAN_POINT('',(18.3786339091681,7.715970959259,21.0000000000049));
#9234=CARTESIAN_POINT('Ctrl Pts',(18.3786339091692,7.71597095926072,21.));
#9235=CARTESIAN_POINT('Ctrl Pts',(18.4150627971206,7.69172796312488,21.));
#9236=CARTESIAN_POINT('Ctrl Pts',(18.4499724731847,7.66667675605285,21.));
#9237=CARTESIAN_POINT('Ctrl Pts',(18.4830525691314,7.64129350566794,21.));
#9238=CARTESIAN_POINT('Ctrl Pts',(18.6799932300317,7.49017562152874,21.));
#9239=CARTESIAN_POINT('Ctrl Pts',(18.8738425621802,7.26399326074414,21.));
#9240=CARTESIAN_POINT('Ctrl Pts',(19.1200304314171,6.82076755252345,21.));
#9241=CARTESIAN_POINT('Ctrl Pts',(19.2114855437478,6.52401648291174,21.));
#9242=CARTESIAN_POINT('Ctrl Pts',(19.267785309672,5.99531860126693,21.));
#9243=CARTESIAN_POINT('Ctrl Pts',(19.2368760259187,5.66928013918587,21.));
#9244=CARTESIAN_POINT('Ctrl Pts',(19.0826288676029,5.13113539644751,21.));
#9245=CARTESIAN_POINT('Ctrl Pts',(18.9263724699133,4.82436120678301,21.));
#9246=CARTESIAN_POINT('Ctrl Pts',(18.7517204759522,4.59675029683556,21.));
#9247=CARTESIAN_POINT('Origin',(-1.4412921357345,-18.1138595502943,7.39989917050025));
#9248=CARTESIAN_POINT('Origin',(0.300000000000002,-19.4499999999989,7.39989917050025));
#9249=CARTESIAN_POINT('',(14.7871040146057,9.78954171069342,-6.20020165891295));
#9250=CARTESIAN_POINT('Origin',(0.299999999999436,-19.4499999999995,-6.20020165891397));
#9251=CARTESIAN_POINT('',(14.7871040146036,9.78954171068839,21.0000000000049));
#9252=CARTESIAN_POINT('Origin',(2.32777764033541,-20.2899330001027,7.39989917050025));
#9253=CARTESIAN_POINT('Origin',(0.299999999999672,-19.4499999999994,21.0000000000049));
#9254=CARTESIAN_POINT('Origin',(0.300000000000007,-19.4499999999989,-4.94987394027639));
#9255=CARTESIAN_POINT('Ctrl Pts',(14.7871040146059,9.78954171069331,-6.20020165891293));
#9256=CARTESIAN_POINT('Ctrl Pts',(14.6986605345469,9.59868493253379,-6.70474605214124));
#9257=CARTESIAN_POINT('Ctrl Pts',(14.5555673122165,9.28998955883462,-7.15521103900979));
#9258=CARTESIAN_POINT('Ctrl Pts',(14.3754138341408,8.90225022183369,-7.49420166020949));
#9259=CARTESIAN_POINT('Ctrl Pts',(14.1352091967053,8.38526443916313,-7.94618915514474));
#9260=CARTESIAN_POINT('Ctrl Pts',(13.8291196601663,7.72775605506578,-8.19999999999999));
#9261=CARTESIAN_POINT('Ctrl Pts',(13.5211875110774,7.06861727712347,-8.2));
#9262=CARTESIAN_POINT('Origin',(2.20924237557755,-20.2408340858205,7.39989917050025));
#9263=CARTESIAN_POINT('Ctrl Pts',(11.8992363975435,8.55303382412238,21.));
#9264=CARTESIAN_POINT('Ctrl Pts',(12.009027230756,8.81809234268805,21.));
#9265=CARTESIAN_POINT('Ctrl Pts',(12.196573273386,9.10680144742334,21.));
#9266=CARTESIAN_POINT('Ctrl Pts',(12.5854967123526,9.50945577635561,21.));
#9267=CARTESIAN_POINT('Ctrl Pts',(12.8523996612489,9.69924323233928,21.));
#9268=CARTESIAN_POINT('Ctrl Pts',(13.3384153406425,9.91483514564418,21.));
#9269=CARTESIAN_POINT('Ctrl Pts',(13.6411368616917,9.9840082298657,21.));
#9270=CARTESIAN_POINT('Ctrl Pts',(14.1480755192397,9.99241613511328,21.));
#9271=CARTESIAN_POINT('Ctrl Pts',(14.4408798556413,9.93762886935841,21.));
#9272=CARTESIAN_POINT('Ctrl Pts',(14.6702221127221,9.84263219605026,21.));
#9273=CARTESIAN_POINT('Ctrl Pts',(14.7087447003595,9.82667561779318,21.));
#9274=CARTESIAN_POINT('Ctrl Pts',(14.7478945201113,9.80896855501985,21.));
#9275=CARTESIAN_POINT('Ctrl Pts',(14.7871040146045,9.78954171069022,21.));
#9276=CARTESIAN_POINT('Origin',(13.9402494701195,8.08032234211762,-5.40519755172731));
#9277=CARTESIAN_POINT('Ctrl Pts',(14.7871040146072,9.78954171069625,-6.20020165890515));
#9278=CARTESIAN_POINT('Ctrl Pts',(14.6986605345483,9.59868493253697,-6.70474605213661));
#9279=CARTESIAN_POINT('Ctrl Pts',(14.3647763491095,8.87839572723615,-7.75583102150331));
#9280=CARTESIAN_POINT('Ctrl Pts',(13.8291196601663,7.72775605506577,-8.2));
#9281=CARTESIAN_POINT('Ctrl Pts',(13.5211875110774,7.06861727712345,-8.2));
#9282=CARTESIAN_POINT('Ctrl Pts',(14.2085043046863,10.0690619393913,-6.21558322093633));
#9283=CARTESIAN_POINT('Ctrl Pts',(14.1192262126115,9.87229946713759,-6.72645195796478));
#9284=CARTESIAN_POINT('Ctrl Pts',(13.783504329665,9.13287148426621,-7.78367216599871));
#9285=CARTESIAN_POINT('Ctrl Pts',(13.2527415915635,7.96811497492141,-8.20994791815308));
#9286=CARTESIAN_POINT('Ctrl Pts',(12.9499435281215,7.3052342822878,-8.20000000000001));
#9287=CARTESIAN_POINT('Ctrl Pts',(12.9774203391127,10.086301865418,-6.02544130682562));
#9288=CARTESIAN_POINT('Ctrl Pts',(12.9046060225692,9.91630477366355,-6.45740355039018));
#9289=CARTESIAN_POINT('Ctrl Pts',(12.630106409253,9.27536883426208,-7.34870991965655));
#9290=CARTESIAN_POINT('Ctrl Pts',(12.2016244312703,8.27613507790671,-7.69654653668167));
#9291=CARTESIAN_POINT('Ctrl Pts',(11.9606916809409,7.7149958139926,-7.68119287763882));
#9292=CARTESIAN_POINT('Ctrl Pts',(12.2012337748222,9.2821199881497,-5.59101016679955));
#9293=CARTESIAN_POINT('Ctrl Pts',(12.1595113554844,9.18132477787218,-5.8489826804718));
#9294=CARTESIAN_POINT('Ctrl Pts',(12.0019058415095,8.80089748292033,-6.38400842984068));
#9295=CARTESIAN_POINT('Ctrl Pts',(11.7529806221921,8.20015590799154,-6.6017384248472));
#9296=CARTESIAN_POINT('Ctrl Pts',(11.6119451354998,7.85945136294508,-6.5971834679187));
#9297=CARTESIAN_POINT('Ctrl Pts',(12.0310070945313,8.87115642791347,-5.40519755171565));
#9298=CARTESIAN_POINT('Ctrl Pts',(12.0016358341084,8.8002479326566,-5.58893416079404));
#9299=CARTESIAN_POINT('Ctrl Pts',(11.8907827192936,8.53262483943946,-5.97170085231908));
#9300=CARTESIAN_POINT('Ctrl Pts',(11.713546437876,8.10473860509658,-6.13345094420714));
#9301=CARTESIAN_POINT('Ctrl Pts',(11.6119451354998,7.85945136294507,-6.13345094420715));
#9302=CARTESIAN_POINT('Ctrl Pts',(2.10942438577064,10.1263899907646,-8.2));
#9303=CARTESIAN_POINT('Ctrl Pts',(2.15659363049742,10.6699877507817,-8.2));
#9304=CARTESIAN_POINT('Ctrl Pts',(2.26798248702571,11.9392374368087,-7.87349383333022));
#9305=CARTESIAN_POINT('Ctrl Pts',(2.34845863310797,12.8363931763984,-6.87292752340626));
#9306=CARTESIAN_POINT('Ctrl Pts',(2.37357075142995,13.1157379237788,-6.20020165891155));
#9307=CARTESIAN_POINT('Ctrl Pts',(2.72244468935161,10.0456843367264,-8.2));
#9308=CARTESIAN_POINT('Ctrl Pts',(2.77435241204492,10.5897930782054,-8.20746212494527));
#9309=CARTESIAN_POINT('Ctrl Pts',(2.89711703863073,11.8672536827782,-7.89894104918249));
#9310=CARTESIAN_POINT('Ctrl Pts',(2.98632698221172,12.781785041756,-6.89674992221013));
#9311=CARTESIAN_POINT('Ctrl Pts',(3.0144129131913,13.0685096877398,-6.2155832209428));
#9312=CARTESIAN_POINT('Ctrl Pts',(3.78437889887779,9.90587804576879,-7.68192318505278));
#9313=CARTESIAN_POINT('Ctrl Pts',(3.83831350086004,10.3606760415343,-7.69343385557822));
#9314=CARTESIAN_POINT('Ctrl Pts',(3.96648819291245,11.4384356882265,-7.44590859868162));
#9315=CARTESIAN_POINT('Ctrl Pts',(4.06039123838243,12.2238245487376,-6.6016939608231));
#9316=CARTESIAN_POINT('Ctrl Pts',(4.08964232104741,12.4686470352303,-6.02577660328305));
#9317=CARTESIAN_POINT('Ctrl Pts',(4.15829382791336,9.85665121147604,-6.5971834679187));
#9318=CARTESIAN_POINT('Ctrl Pts',(4.19445389407212,10.1308447472996,-6.60060195468392));
#9319=CARTESIAN_POINT('Ctrl Pts',(4.27940385071678,10.7759539054231,-6.44308062177916));
#9320=CARTESIAN_POINT('Ctrl Pts',(4.34026851712918,11.2391514702777,-5.93498954816839));
#9321=CARTESIAN_POINT('Ctrl Pts',(4.3592892087007,11.3833627017302,-5.59101016680283));
#9322=CARTESIAN_POINT('Ctrl Pts',(4.15829382791336,9.85665121147604,-6.13345094420715));
#9323=CARTESIAN_POINT('Ctrl Pts',(4.18428456248165,10.0540704404659,-6.13345094420715));
#9324=CARTESIAN_POINT('Ctrl Pts',(4.24497205811259,10.5150377349955,-6.01454934365052));
#9325=CARTESIAN_POINT('Ctrl Pts',(4.28787073803228,10.840885559426,-5.65017969965139));
#9326=CARTESIAN_POINT('Ctrl Pts',(4.30122805811652,10.9423444783908,-5.40519755171798));
#9327=CARTESIAN_POINT('',(2.37357075142998,13.1157379237792,-6.20020165891174));
#9328=CARTESIAN_POINT('Ctrl Pts',(2.10942438577064,10.1263899907646,-8.2));
#9329=CARTESIAN_POINT('Ctrl Pts',(2.15659363049742,10.6699877507817,-8.2));
#9330=CARTESIAN_POINT('Ctrl Pts',(2.26798248702571,11.9392374368087,-7.87349383333022));
#9331=CARTESIAN_POINT('Ctrl Pts',(2.34845863310797,12.8363931763984,-6.87292752340626));
#9332=CARTESIAN_POINT('Ctrl Pts',(2.37357075142995,13.1157379237788,-6.20020165891155));
#9333=CARTESIAN_POINT('Origin',(2.25235861597378,11.2120832576794,-5.40519755171798));
#9334=CARTESIAN_POINT('Origin',(-1.74886944214272,-19.1802612207103,7.39989917050025));
#9335=CARTESIAN_POINT('',(2.37357075142938,13.1157379237728,21.0000000000049));
#9336=CARTESIAN_POINT('Ctrl Pts',(2.37357075142952,13.1157379237749,21.));
#9337=CARTESIAN_POINT('Ctrl Pts',(2.41724059189497,13.1129573172331,21.));
#9338=CARTESIAN_POINT('Ctrl Pts',(2.45999886174033,13.1087171735452,21.));
#9339=CARTESIAN_POINT('Ctrl Pts',(2.50133869038232,13.1032746818547,21.));
#9340=CARTESIAN_POINT('Ctrl Pts',(2.74745324782968,13.0708730856741,21.));
#9341=CARTESIAN_POINT('Ctrl Pts',(3.02842287436915,12.9719180814209,21.));
#9342=CARTESIAN_POINT('Ctrl Pts',(3.46324067734226,12.71116729311,21.));
#9343=CARTESIAN_POINT('Ctrl Pts',(3.69081866273244,12.4999008843913,21.));
#9344=CARTESIAN_POINT('Ctrl Pts',(4.00392463107235,12.070184970922,21.));
#9345=CARTESIAN_POINT('Ctrl Pts',(4.14017563716974,11.7723727382724,21.));
#9346=CARTESIAN_POINT('Ctrl Pts',(4.27566605097584,11.22920214099,21.));
#9347=CARTESIAN_POINT('Ctrl Pts',(4.29373113590506,10.8853997006704,21.));
#9348=CARTESIAN_POINT('Ctrl Pts',(4.25628352728684,10.6009568734968,21.));
#9349=CARTESIAN_POINT('Origin',(-1.87607344980844,-19.163514495398,7.39989917050025));
#9350=CARTESIAN_POINT('Origin',(0.300000000000005,-19.4499999999989,7.39989917050025));
#9351=CARTESIAN_POINT('',(-1.77357075143008,13.1157379237782,-6.20020165891295));
#9352=CARTESIAN_POINT('Origin',(0.299999999999827,-19.4499999999997,-6.20020165891397));
#9353=CARTESIAN_POINT('',(-1.77357075142937,13.1157379237728,21.0000000000049));
#9354=CARTESIAN_POINT('Origin',(2.47607344980845,-19.163514495398,7.39989917050025));
#9355=CARTESIAN_POINT('Origin',(0.299999999999969,-19.4499999999995,21.0000000000049));
#9356=CARTESIAN_POINT('Origin',(0.300000000000009,-19.4499999999989,-4.94987394027639));
#9357=CARTESIAN_POINT('Ctrl Pts',(-1.77357075142988,13.1157379237782,-6.20020165891293));
#9358=CARTESIAN_POINT('Ctrl Pts',(-1.75473666288034,12.9062293653781,-6.70474605214124));
#9359=CARTESIAN_POINT('Ctrl Pts',(-1.72431158489616,12.5673476546842,-7.15521515761016));
#9360=CARTESIAN_POINT('Ctrl Pts',(-1.6864594397348,12.1414792192035,-7.49420636718133));
#9361=CARTESIAN_POINT('Ctrl Pts',(-1.63598991285272,11.5736546385596,-7.94619464661189));
#9362=CARTESIAN_POINT('Ctrl Pts',(-1.57231671098885,10.8511869916266,-8.19999999999999));
#9363=CARTESIAN_POINT('Ctrl Pts',(-1.50942438577062,10.1263899907647,-8.2));
#9364=CARTESIAN_POINT('Origin',(2.34886944214273,-19.1802612207103,7.39989917050025));
#9365=CARTESIAN_POINT('Ctrl Pts',(-3.65628352728682,10.6009568734968,21.));
#9366=CARTESIAN_POINT('Ctrl Pts',(-3.69373113590504,10.8853997006703,21.));
#9367=CARTESIAN_POINT('Ctrl Pts',(-3.67566605097582,11.22920214099,21.));
#9368=CARTESIAN_POINT('Ctrl Pts',(-3.54017563716972,11.7723727382724,21.));
#9369=CARTESIAN_POINT('Ctrl Pts',(-3.40392463107234,12.070184970922,21.));
#9370=CARTESIAN_POINT('Ctrl Pts',(-3.09081866273242,12.4999008843913,21.));
#9371=CARTESIAN_POINT('Ctrl Pts',(-2.86324067734224,12.7111672931099,21.));
#9372=CARTESIAN_POINT('Ctrl Pts',(-2.42842287436914,12.9719180814209,21.));
#9373=CARTESIAN_POINT('Ctrl Pts',(-2.14745324782966,13.0708730856741,21.));
#9374=CARTESIAN_POINT('Ctrl Pts',(-1.90133869038231,13.1032746818547,21.));
#9375=CARTESIAN_POINT('Ctrl Pts',(-1.85999886174032,13.1087171735453,21.));
#9376=CARTESIAN_POINT('Ctrl Pts',(-1.81724059189496,13.1129573172331,21.));
#9377=CARTESIAN_POINT('Ctrl Pts',(-1.7735707514295,13.1157379237749,21.));
#9378=CARTESIAN_POINT('Origin',(-1.65235861597754,11.2120832577081,-5.40519755172731));
#9379=CARTESIAN_POINT('Ctrl Pts',(-1.77357075143017,13.1157379237814,-6.20020165890515));
#9380=CARTESIAN_POINT('Ctrl Pts',(-1.75473666288065,12.9062293653816,-6.70474605213661));
#9381=CARTESIAN_POINT('Ctrl Pts',(-1.68374481425063,12.1155053737594,-7.75584063157082));
#9382=CARTESIAN_POINT('Ctrl Pts',(-1.57231671098885,10.8511869916266,-8.19999999999999));
#9383=CARTESIAN_POINT('Ctrl Pts',(-1.50942438577062,10.1263899907647,-8.2));
#9384=CARTESIAN_POINT('Ctrl Pts',(-2.41441291319155,13.0685096877425,-6.21558322093633));
#9385=CARTESIAN_POINT('Ctrl Pts',(-2.39334846517157,12.8534662054465,-6.72645824168278));
#9386=CARTESIAN_POINT('Ctrl Pts',(-2.31437849806994,12.045248514828,-7.78366921242099));
#9387=CARTESIAN_POINT('Ctrl Pts',(-2.19165498508295,10.7711626461925,-8.2099494997555));
#9388=CARTESIAN_POINT('Ctrl Pts',(-2.12244468935159,10.0456843367264,-8.2));
#9389=CARTESIAN_POINT('Ctrl Pts',(-3.48966034239962,12.4686635303315,-6.0257844172831));
#9390=CARTESIAN_POINT('Ctrl Pts',(-3.4677220306245,12.2850466673335,-6.45772243103818));
#9391=CARTESIAN_POINT('Ctrl Pts',(-3.38493361632165,11.592446108089,-7.34918163797663));
#9392=CARTESIAN_POINT('Ctrl Pts',(-3.25630575312957,10.5122735129103,-7.69728776124093));
#9393=CARTESIAN_POINT('Ctrl Pts',(-3.18439295172622,9.90587619567621,-7.68194020080492));
#9394=CARTESIAN_POINT('Ctrl Pts',(-3.75928920870086,11.3833627017316,-5.59101016679955));
#9395=CARTESIAN_POINT('Ctrl Pts',(-3.74502369016763,11.2752042792446,-5.84899470019572));
#9396=CARTESIAN_POINT('Ctrl Pts',(-3.69130098102508,10.8669486756141,-6.3840395523436));
#9397=CARTESIAN_POINT('Ctrl Pts',(-3.60650724862724,10.222242586272,-6.60174145019375));
#9398=CARTESIAN_POINT('Ctrl Pts',(-3.55829382791335,9.85665121147605,-6.5971834679187));
#9399=CARTESIAN_POINT('Ctrl Pts',(-3.70122805811662,10.9423444783918,-5.40519755171565));
#9400=CARTESIAN_POINT('Ctrl Pts',(-3.69121006815556,10.8662502899438,-5.58893416079403));
#9401=CARTESIAN_POINT('Ctrl Pts',(-3.65340046257933,10.5790578228876,-5.97170435195408));
#9402=CARTESIAN_POINT('Ctrl Pts',(-3.59294814007368,10.1198768455916,-6.13345094420715));
#9403=CARTESIAN_POINT('Ctrl Pts',(-3.55829382791335,9.85665121147604,-6.13345094420715));
#9404=CARTESIAN_POINT('Origin',(-1.33950359628896,-20.70803535632,7.39989917050025));
#9405=CARTESIAN_POINT('',(-21.2612181806371,5.04369005984979,21.0000000000049));
#9406=CARTESIAN_POINT('Ctrl Pts',(-21.2612181806384,5.04369005985135,21.));
#9407=CARTESIAN_POINT('Ctrl Pts',(-21.2283727545705,5.07260311443631,21.));
#9408=CARTESIAN_POINT('Ctrl Pts',(-21.1951398576561,5.09983954264089,21.));
#9409=CARTESIAN_POINT('Ctrl Pts',(-21.1620597617094,5.12522279302579,21.));
#9410=CARTESIAN_POINT('Ctrl Pts',(-20.9651191008091,5.276340677165,21.));
#9411=CARTESIAN_POINT('Ctrl Pts',(-20.6964718180358,5.40504445085873,21.));
#9412=CARTESIAN_POINT('Ctrl Pts',(-20.2046305503584,5.52812841730721,21.));
#9413=CARTESIAN_POINT('Ctrl Pts',(-19.8943207033984,5.53966244378353,21.));
#9414=CARTESIAN_POINT('Ctrl Pts',(-19.3690663135573,5.45720676082874,21.));
#9415=CARTESIAN_POINT('Ctrl Pts',(-19.0621372539755,5.34296572195682,21.));
#9416=CARTESIAN_POINT('Ctrl Pts',(-18.5822514509079,5.05469229966536,21.));
#9417=CARTESIAN_POINT('Ctrl Pts',(-18.3263724699133,4.82436120678302,21.));
#9418=CARTESIAN_POINT('Ctrl Pts',(-18.1517204759521,4.59675029683557,21.));
#9419=CARTESIAN_POINT('Origin',(-1.4412921357345,-20.7861404497035,7.39989917050025));
#9420=CARTESIAN_POINT('Origin',(0.300000000000002,-19.4499999999989,7.39989917050025));
#9421=CARTESIAN_POINT('Origin',(0.300000000000402,-19.4499999999993,21.0000000000049));
#9422=CARTESIAN_POINT('Origin',(1.55803535632109,-17.8104964037099,7.39989917050025));
#9423=CARTESIAN_POINT('Ctrl Pts',(13.5211875110774,-45.9686172771212,-8.2));
#9424=CARTESIAN_POINT('Ctrl Pts',(13.7521366268752,-46.4629713690998,-8.19999999999999));
#9425=CARTESIAN_POINT('Ctrl Pts',(14.2902879130214,-47.6178516549362,-7.8734620204275));
#9426=CARTESIAN_POINT('Ctrl Pts',(14.6691793733256,-48.4350660038855,-6.87292752340626));
#9427=CARTESIAN_POINT('Ctrl Pts',(14.7871040146061,-48.6895417106916,-6.20020165891154));
#9428=CARTESIAN_POINT('Ctrl Pts',(12.9499435281215,-46.2052342822856,-8.2));
#9429=CARTESIAN_POINT('Ctrl Pts',(13.1770420796178,-46.702394810331,-8.20746093874342));
#9430=CARTESIAN_POINT('Ctrl Pts',(13.7094621988403,-47.8701128598681,-7.89895838723166));
#9431=CARTESIAN_POINT('Ctrl Pts',(14.0894668473721,-48.7067119737076,-6.89674154391937));
#9432=CARTESIAN_POINT('Ctrl Pts',(14.2085043046851,-48.9690619393866,-6.21558322094279));
#9433=CARTESIAN_POINT('Ctrl Pts',(11.9610473442194,-46.6148484934368,-7.68062482988212));
#9434=CARTESIAN_POINT('Ctrl Pts',(12.1417469100814,-47.0357029486272,-7.69214007436275));
#9435=CARTESIAN_POINT('Ctrl Pts',(12.5694418183282,-48.0326635364011,-7.44482266735857));
#9436=CARTESIAN_POINT('Ctrl Pts',(12.8804843902578,-48.7589012227366,-6.60113016323966));
#9437=CARTESIAN_POINT('Ctrl Pts',(12.9775701466387,-48.9855640140528,-6.02518049928667));
#9438=CARTESIAN_POINT('Ctrl Pts',(11.6119451354998,-46.7594513629429,-6.5971834679187));
#9439=CARTESIAN_POINT('Ctrl Pts',(11.7177217523424,-47.0149797761326,-6.60059968567396));
#9440=CARTESIAN_POINT('Ctrl Pts',(11.9666978827561,-47.6161192935731,-6.44303992720501));
#9441=CARTESIAN_POINT('Ctrl Pts',(12.1456038818043,-48.047726373073,-5.93497352186963));
#9442=CARTESIAN_POINT('Ctrl Pts',(12.2012337748217,-48.1821199881462,-5.59101016680282));
#9443=CARTESIAN_POINT('Ctrl Pts',(11.6119451354998,-46.7594513629428,-6.13345094420715));
#9444=CARTESIAN_POINT('Ctrl Pts',(11.6881461135956,-46.9434167977277,-6.13345094420714));
#9445=CARTESIAN_POINT('Ctrl Pts',(11.8660702727325,-47.3729637157899,-6.01453775855524));
#9446=CARTESIAN_POINT('Ctrl Pts',(11.9918454135679,-47.6766117666042,-5.65017969965137));
#9447=CARTESIAN_POINT('Ctrl Pts',(12.0310070945309,-47.7711564279103,-5.40519755171798));
#9448=CARTESIAN_POINT('',(14.7871040146063,-48.689541710692,-6.20020165891173));
#9449=CARTESIAN_POINT('Ctrl Pts',(13.5211875110774,-45.9686172771212,-8.2));
#9450=CARTESIAN_POINT('Ctrl Pts',(13.7521366268752,-46.4629713690998,-8.19999999999999));
#9451=CARTESIAN_POINT('Ctrl Pts',(14.2902879130214,-47.6178516549362,-7.8734620204275));
#9452=CARTESIAN_POINT('Ctrl Pts',(14.6691793733256,-48.4350660038855,-6.87292752340626));
#9453=CARTESIAN_POINT('Ctrl Pts',(14.7871040146061,-48.6895417106916,-6.20020165891154));
#9454=CARTESIAN_POINT('Origin',(13.9402494701084,-46.9803223420887,-5.40519755171798));
#9455=CARTESIAN_POINT('Origin',(2.20924237557754,-18.6591659141772,7.39989917050025));
#9456=CARTESIAN_POINT('',(14.7871040146036,-48.6895417106862,21.0000000000049));
#9457=CARTESIAN_POINT('Ctrl Pts',(14.7871040146045,-48.689541710688,21.));
#9458=CARTESIAN_POINT('Ctrl Pts',(14.7478945201114,-48.7089685550176,21.));
#9459=CARTESIAN_POINT('Ctrl Pts',(14.7087447003595,-48.7266756177909,21.));
#9460=CARTESIAN_POINT('Ctrl Pts',(14.6702221127221,-48.742632196048,21.));
#9461=CARTESIAN_POINT('Ctrl Pts',(14.4408798556413,-48.8376288693562,21.));
#9462=CARTESIAN_POINT('Ctrl Pts',(14.1480755192397,-48.892416135111,21.));
#9463=CARTESIAN_POINT('Ctrl Pts',(13.6411368616917,-48.8840082298635,21.));
#9464=CARTESIAN_POINT('Ctrl Pts',(13.3384153406425,-48.8148351456419,21.));
#9465=CARTESIAN_POINT('Ctrl Pts',(12.8523996612489,-48.599243232337,21.));
#9466=CARTESIAN_POINT('Ctrl Pts',(12.5854967123526,-48.4094557763534,21.));
#9467=CARTESIAN_POINT('Ctrl Pts',(12.196573273386,-48.0068014474211,21.));
#9468=CARTESIAN_POINT('Ctrl Pts',(12.009027230756,-47.7180923426858,21.));
#9469=CARTESIAN_POINT('Ctrl Pts',(11.8992363975436,-47.4530338241202,21.));
#9470=CARTESIAN_POINT('Origin',(2.3277776403354,-18.6100669998951,7.39989917050025));
#9471=CARTESIAN_POINT('Origin',(0.300000000000002,-19.4499999999989,7.39989917050025));
#9472=CARTESIAN_POINT('',(18.3786339091714,-46.6159709592611,-6.20020165891294));
#9473=CARTESIAN_POINT('Origin',(0.299999999999743,-19.4499999999981,-6.20020165891397));
#9474=CARTESIAN_POINT('',(18.3786339091681,-46.6159709592568,21.0000000000049));
#9475=CARTESIAN_POINT('Origin',(-1.4412921357345,-20.7861404497035,7.39989917050025));
#9476=CARTESIAN_POINT('Origin',(0.299999999999734,-19.4499999999983,21.0000000000049));
#9477=CARTESIAN_POINT('Origin',(0.299999999999998,-19.4499999999989,-4.94987394027639));
#9478=CARTESIAN_POINT('Ctrl Pts',(18.3786339091712,-46.6159709592612,-6.20020165891293));
#9479=CARTESIAN_POINT('Ctrl Pts',(18.2575688308301,-46.4439482696512,-6.70474605214125));
#9480=CARTESIAN_POINT('Ctrl Pts',(18.0617736142805,-46.1656727479385,-7.15520173536843));
#9481=CARTESIAN_POINT('Ctrl Pts',(17.8160576957061,-45.8157848095278,-7.4941910274765));
#9482=CARTESIAN_POINT('Ctrl Pts',(17.4884364709385,-45.3492675583112,-7.94617675028958));
#9483=CARTESIAN_POINT('Ctrl Pts',(17.0720673314593,-44.7554393440748,-8.19999999999998));
#9484=CARTESIAN_POINT('Ctrl Pts',(16.6552024796862,-44.1591928913506,-8.2));
#9485=CARTESIAN_POINT('Origin',(-1.33950359628896,-20.70803535632,7.39989917050025));
#9486=CARTESIAN_POINT('Ctrl Pts',(18.7517204759522,-43.4967502968333,21.));
#9487=CARTESIAN_POINT('Ctrl Pts',(18.9263724699133,-43.7243612067808,21.));
#9488=CARTESIAN_POINT('Ctrl Pts',(19.0826288676029,-44.0311353964453,21.));
#9489=CARTESIAN_POINT('Ctrl Pts',(19.2368760259187,-44.5692801391836,21.));
#9490=CARTESIAN_POINT('Ctrl Pts',(19.267785309672,-44.8953186012647,21.));
#9491=CARTESIAN_POINT('Ctrl Pts',(19.2114855437478,-45.4240164829095,21.));
#9492=CARTESIAN_POINT('Ctrl Pts',(19.1200304314171,-45.7207675525212,21.));
#9493=CARTESIAN_POINT('Ctrl Pts',(18.8738425621802,-46.1639932607419,21.));
#9494=CARTESIAN_POINT('Ctrl Pts',(18.6799932300318,-46.3901756215265,21.));
#9495=CARTESIAN_POINT('Ctrl Pts',(18.4830525691315,-46.5412935056657,21.));
#9496=CARTESIAN_POINT('Ctrl Pts',(18.4499724731847,-46.5666767560506,21.));
#9497=CARTESIAN_POINT('Ctrl Pts',(18.4150627971206,-46.5917279631227,21.));
#9498=CARTESIAN_POINT('Ctrl Pts',(18.3786339091692,-46.6159709592585,21.));
#9499=CARTESIAN_POINT('Origin',(17.3218337875875,-45.0279637261378,-5.40519755172731));
#9500=CARTESIAN_POINT('Ctrl Pts',(18.3786339091731,-46.6159709592638,-6.20020165890515));
#9501=CARTESIAN_POINT('Ctrl Pts',(18.2575688308322,-46.4439482696541,-6.70474605213662));
#9502=CARTESIAN_POINT('Ctrl Pts',(17.800713325548,-45.7946387189885,-7.75580931300679));
#9503=CARTESIAN_POINT('Ctrl Pts',(17.0720673314593,-44.7554393440748,-8.19999999999998));
#9504=CARTESIAN_POINT('Ctrl Pts',(16.6552024796862,-44.1591928913506,-8.2));
#9505=CARTESIAN_POINT('Ctrl Pts',(18.9100053830551,-46.2546490261975,-6.21558322093633));
#9506=CARTESIAN_POINT('Ctrl Pts',(18.7842431296094,-46.0789506943324,-6.72645195796479));
#9507=CARTESIAN_POINT('Ctrl Pts',(18.3117346458481,-45.4184834333642,-7.78370398612163));
#9508=CARTESIAN_POINT('Ctrl Pts',(17.5684132963818,-44.3764607544084,-8.20994791815307));
#9509=CARTESIAN_POINT('Ctrl Pts',(17.1457408086039,-43.782789592934,-8.2));
#9510=CARTESIAN_POINT('Ctrl Pts',(19.5397487608245,-45.1968748143802,-6.02517504965204));
#9511=CARTESIAN_POINT('Ctrl Pts',(19.4289341190674,-45.0488172206171,-6.45713729321661));
#9512=CARTESIAN_POINT('Ctrl Pts',(19.0112549056911,-44.4907844855041,-7.34829411053796));
#9513=CARTESIAN_POINT('Ctrl Pts',(18.3604133138978,-43.62041589275,-7.69596661944619));
#9514=CARTESIAN_POINT('Ctrl Pts',(17.9949188314519,-43.131192378404,-7.68061296040335));
#9515=CARTESIAN_POINT('Ctrl Pts',(19.2321289269082,-44.1228307794466,-5.59101016679955));
#9516=CARTESIAN_POINT('Ctrl Pts',(19.165698923897,-44.0363004992539,-5.84898268047181));
#9517=CARTESIAN_POINT('Ctrl Pts',(18.9150373483,-43.7095895572035,-6.38398623056853));
#9518=CARTESIAN_POINT('Ctrl Pts',(18.5192471238241,-43.1936501218633,-6.60173842484719));
#9519=CARTESIAN_POINT('Ctrl Pts',(18.2947060759752,-42.9011575350295,-6.5971834679187));
#9520=CARTESIAN_POINT('Ctrl Pts',(18.9613373838594,-43.7699283697946,-5.40519755171565));
#9521=CARTESIAN_POINT('Ctrl Pts',(18.9146144558343,-43.7090378644988,-5.58893416079405));
#9522=CARTESIAN_POINT('Ctrl Pts',(18.7382691653704,-43.4792202075851,-5.97169294687886));
#9523=CARTESIAN_POINT('Ctrl Pts',(18.4563304077145,-43.1117904650207,-6.13345094420714));
#9524=CARTESIAN_POINT('Ctrl Pts',(18.2947060759751,-42.9011575350295,-6.13345094420715));
#9525=CARTESIAN_POINT('Origin',(0.300000000000001,-19.4499999999989,-8.2));
#9526=CARTESIAN_POINT('Ctrl Pts',(29.8763899907635,-21.2594243857695,-8.2));
#9527=CARTESIAN_POINT('Ctrl Pts',(29.8599516991042,-21.5281205129594,-8.2));
#9528=CARTESIAN_POINT('Ctrl Pts',(29.8398848787811,-21.7939487122363,-8.14750182214948));
#9529=CARTESIAN_POINT('Ctrl Pts',(29.7963318295972,-22.2899265549475,-7.94335390688783));
#9530=CARTESIAN_POINT('Ctrl Pts',(29.7733362861873,-22.5152894021697,-7.7937784152032));
#9531=CARTESIAN_POINT('Ctrl Pts',(29.7312303012991,-22.8961989922219,-7.41612388334738));
#9532=CARTESIAN_POINT('Ctrl Pts',(29.7126192891787,-23.0480349952046,-7.1916260753362));
#9533=CARTESIAN_POINT('Ctrl Pts',(29.6925706414037,-23.2072132000478,-6.81585711143298));
#9534=CARTESIAN_POINT('Ctrl Pts',(29.6872241935113,-23.2485121356933,-6.68240123486492));
#9535=CARTESIAN_POINT('Ctrl Pts',(29.6800233006991,-23.3038122121387,-6.40935212874602));
#9536=CARTESIAN_POINT('Ctrl Pts',(29.6781835929656,-23.3177112445939,-6.27049786402567));
#9537=CARTESIAN_POINT('Ctrl Pts',(29.6781835929656,-23.3177112445939,-6.13126050383935));
#9538=CARTESIAN_POINT('Ctrl Pts',(29.8763899907635,-21.2594243857695,-8.2));
#9539=CARTESIAN_POINT('Ctrl Pts',(30.4199877507806,-21.3065936304963,-8.2));
#9540=CARTESIAN_POINT('Ctrl Pts',(31.6892191244577,-21.4179810934593,-7.87346213249933));
#9541=CARTESIAN_POINT('Ctrl Pts',(32.5863931763973,-21.4984586331069,-6.87292752340625));
#9542=CARTESIAN_POINT('Ctrl Pts',(32.8657379237777,-21.5235707514288,-6.20020165891154));
#9543=CARTESIAN_POINT('Ctrl Pts',(29.7956843367253,-21.8724446893505,-8.2));
#9544=CARTESIAN_POINT('Ctrl Pts',(30.3397872595196,-21.9243518386147,-8.20746093874342));
#9545=CARTESIAN_POINT('Ctrl Pts',(31.61727072873,-22.0471214963796,-7.89895830276116));
#9546=CARTESIAN_POINT('Ctrl Pts',(32.5317892241222,-22.1363273923857,-6.89674154391935));
#9547=CARTESIAN_POINT('Ctrl Pts',(32.8185096877386,-22.1644129131902,-6.21558322094279));
#9548=CARTESIAN_POINT('Ctrl Pts',(29.655966098374,-22.9337100729304,-7.68069784778379));
#9549=CARTESIAN_POINT('Ctrl Pts',(30.1107865307957,-22.9876468860363,-7.69221309226443));
#9550=CARTESIAN_POINT('Ctrl Pts',(31.1880551489137,-23.1157378561994,-7.44488239382186));
#9551=CARTESIAN_POINT('Ctrl Pts',(31.9725677207404,-23.2094956365234,-6.60116368792027));
#9552=CARTESIAN_POINT('Ctrl Pts',(32.2174063343034,-23.2387483008101,-6.02521402396732));
#9553=CARTESIAN_POINT('Ctrl Pts',(29.6066512114749,-23.3082938279123,-6.5971834679187));
#9554=CARTESIAN_POINT('Ctrl Pts',(29.8808336171072,-23.344452797195,-6.60059968567396));
#9555=CARTESIAN_POINT('Ctrl Pts',(30.5259238331826,-23.4294029005959,-6.44304002582208));
#9556=CARTESIAN_POINT('Ctrl Pts',(30.9891594704606,-23.4902693017259,-5.93497352186959));
#9557=CARTESIAN_POINT('Ctrl Pts',(31.1333627017291,-23.5092892086996,-5.59101016680282));
#9558=CARTESIAN_POINT('Ctrl Pts',(29.6066512114749,-23.3082938279123,-6.13345094420715));
#9559=CARTESIAN_POINT('Ctrl Pts',(29.8040704404647,-23.3342845624805,-6.13345094420715));
#9560=CARTESIAN_POINT('Ctrl Pts',(30.2650310866961,-23.3949711828464,-6.0145377993677));
#9561=CARTESIAN_POINT('Ctrl Pts',(30.5908855594249,-23.4378707380312,-5.65017969965134));
#9562=CARTESIAN_POINT('Ctrl Pts',(30.6923444783897,-23.4512280581154,-5.40519755171798));
#9563=CARTESIAN_POINT('Ctrl Pts',(29.8763899907635,-21.2594243857695,-8.2));
#9564=CARTESIAN_POINT('Ctrl Pts',(30.4199877507806,-21.3065936304963,-8.2));
#9565=CARTESIAN_POINT('Ctrl Pts',(31.6892191244577,-21.4179810934593,-7.87346213249933));
#9566=CARTESIAN_POINT('Ctrl Pts',(32.5863931763973,-21.4984586331069,-6.87292752340625));
#9567=CARTESIAN_POINT('Ctrl Pts',(32.8657379237777,-21.5235707514288,-6.20020165891154));
#9568=CARTESIAN_POINT('Origin',(0.300000000000002,-19.4499999999989,-4.94987394027639));
#9569=CARTESIAN_POINT('Ctrl Pts',(32.8657379237771,-17.376429248569,-6.20020165891293));
#9570=CARTESIAN_POINT('Ctrl Pts',(32.656229365377,-17.3952633371185,-6.70474605214125));
#9571=CARTESIAN_POINT('Ctrl Pts',(32.3173385261781,-17.4256891712748,-7.15520235275409));
#9572=CARTESIAN_POINT('Ctrl Pts',(31.8914687866253,-17.4635414244608,-7.49419173306012));
#9573=CARTESIAN_POINT('Ctrl Pts',(31.3236424672186,-17.5140110953756,-7.94617757347047));
#9574=CARTESIAN_POINT('Ctrl Pts',(30.6011869916255,-17.57768328901,-8.19999999999999));
#9575=CARTESIAN_POINT('Ctrl Pts',(29.8763899907636,-17.6405756142283,-8.2));
#9576=CARTESIAN_POINT('Ctrl Pts',(32.8657379237803,-17.3764292485687,-6.20020165890515));
#9577=CARTESIAN_POINT('Ctrl Pts',(32.6562293653805,-17.3952633371182,-6.70474605213662));
#9578=CARTESIAN_POINT('Ctrl Pts',(31.8654840739134,-17.4662569501498,-7.75581075357333));
#9579=CARTESIAN_POINT('Ctrl Pts',(30.6011869916255,-17.57768328901,-8.2));
#9580=CARTESIAN_POINT('Ctrl Pts',(29.8763899907635,-17.6405756142283,-8.2));
#9581=CARTESIAN_POINT('Ctrl Pts',(32.8185096877414,-16.7355870868073,-6.21558322093633));
#9582=CARTESIAN_POINT('Ctrl Pts',(32.6034693422208,-16.756651227196,-6.72645195796479));
#9583=CARTESIAN_POINT('Ctrl Pts',(31.7952344244566,-16.8356219200941,-7.78370187455191));
#9584=CARTESIAN_POINT('Ctrl Pts',(30.5211548879453,-16.958345779488,-8.20994791815308));
#9585=CARTESIAN_POINT('Ctrl Pts',(29.7956843367253,-17.0275553106473,-8.2));
#9586=CARTESIAN_POINT('Ctrl Pts',(32.2174532725421,-15.6612102054969,-6.02523572573593));
#9587=CARTESIAN_POINT('Ctrl Pts',(32.0338243142415,-15.6831497034883,-6.45719796930048));
#9588=CARTESIAN_POINT('Ctrl Pts',(31.3416650534389,-15.765863532846,-7.34838284605815));
#9589=CARTESIAN_POINT('Ctrl Pts',(30.2623891499926,-15.8943424184614,-7.69609877403326));
#9590=CARTESIAN_POINT('Ctrl Pts',(29.6559619172173,-15.9662581680296,-7.68074511499041));
#9591=CARTESIAN_POINT('Ctrl Pts',(31.1333627017304,-15.390710791298,-5.59101016679955));
#9592=CARTESIAN_POINT('Ctrl Pts',(31.0252102793814,-15.4049757213829,-5.8489826804718));
#9593=CARTESIAN_POINT('Ctrl Pts',(30.6169400671625,-15.4586995059072,-6.38398770370273));
#9594=CARTESIAN_POINT('Ctrl Pts',(29.9722277460162,-15.5434942138729,-6.6017384248472));
#9595=CARTESIAN_POINT('Ctrl Pts',(29.6066512114749,-15.5917061720855,-6.5971834679187));
#9596=CARTESIAN_POINT('Ctrl Pts',(30.6923444783907,-15.4487719418823,-5.40519755171565));
#9597=CARTESIAN_POINT('Ctrl Pts',(30.6162502899427,-15.4587899318433,-5.58893416079403));
#9598=CARTESIAN_POINT('Ctrl Pts',(30.3290500884985,-15.4966005556711,-5.97169347148049));
#9599=CARTESIAN_POINT('Ctrl Pts',(29.8698768455905,-15.5570518599252,-6.13345094420715));
#9600=CARTESIAN_POINT('Ctrl Pts',(29.6066512114749,-15.5917061720855,-6.13345094420715));
#9601=CARTESIAN_POINT('Origin',(0.300000000000002,-19.4499999999989,19.5));
#9602=CARTESIAN_POINT('',(22.8917908114579,-32.9999999999989,19.5));
#9603=CARTESIAN_POINT('',(22.8917908114579,-37.9999999999989,19.5));
#9604=CARTESIAN_POINT('',(22.8917908114579,-0.899999999998877,19.5));
#9605=CARTESIAN_POINT('',(17.5917908114579,-37.9999999999989,19.5));
#9606=CARTESIAN_POINT('',(22.8917908114579,-37.9999999999989,19.5));
#9607=CARTESIAN_POINT('',(17.5917908114579,-32.9999999999989,19.5));
#9608=CARTESIAN_POINT('',(17.591790811458,-9.49999999999892,19.5));
#9609=CARTESIAN_POINT('',(11.595895405729,-32.999999999999,19.5));
#9610=CARTESIAN_POINT('Origin',(17.591790811458,-9.49999999999892,19.5));
#9611=CARTESIAN_POINT('',(22.8917908114579,-9.4999999999989,21.));
#9612=CARTESIAN_POINT('',(22.8917908114579,-9.4999999999989,19.5));
#9613=CARTESIAN_POINT('',(17.591790811458,-9.49999999999892,21.));
#9614=CARTESIAN_POINT('',(8.94589540572896,-9.49999999999895,21.));
#9615=CARTESIAN_POINT('',(17.591790811458,-9.49999999999892,19.5));
#9616=CARTESIAN_POINT('Origin',(22.8917908114579,-32.9999999999989,19.5));
#9617=CARTESIAN_POINT('',(17.5917908114579,-32.9999999999989,21.));
#9618=CARTESIAN_POINT('',(17.5917908114579,-32.9999999999989,19.5));
#9619=CARTESIAN_POINT('',(22.8917908114579,-32.9999999999989,21.));
#9620=CARTESIAN_POINT('',(11.595895405729,-32.999999999999,21.));
#9621=CARTESIAN_POINT('',(22.8917908114579,-32.9999999999989,19.5));
#9622=CARTESIAN_POINT('Origin',(0.300000000000002,-19.4499999999989,21.));
#9623=CARTESIAN_POINT('',(17.5917908114579,-26.2249999999989,21.));
#9624=CARTESIAN_POINT('',(22.8917908114579,-14.4749999999989,21.));
#9625=CARTESIAN_POINT('Origin',(0.300000000000002,-19.4499999999989,6.4));
#9626=CARTESIAN_POINT('',(22.8917908114579,-0.899999999998877,6.4));
#9627=CARTESIAN_POINT('Origin',(0.300000000000002,-19.4499999999989,6.4));
#9628=CARTESIAN_POINT('',(12.0917908114578,4.58497280761352,6.4));
#9629=CARTESIAN_POINT('',(12.0917908114578,4.58497280761352,6.4));
#9630=CARTESIAN_POINT('',(13.5917908114578,4.58497280761353,6.4));
#9631=CARTESIAN_POINT('',(13.5917908114578,4.58497280761353,6.4));
#9632=CARTESIAN_POINT('',(13.5917908114579,-9.49999999999892,6.4));
#9633=CARTESIAN_POINT('',(13.5917908114579,-0.899999999998917,6.4));
#9634=CARTESIAN_POINT('',(17.591790811458,-9.49999999999892,6.4));
#9635=CARTESIAN_POINT('',(17.591790811458,-9.49999999999892,6.4));
#9636=CARTESIAN_POINT('',(17.5917908114579,-37.9999999999989,6.4));
#9637=CARTESIAN_POINT('',(17.591790811458,-9.49999999999892,6.4));
#9638=CARTESIAN_POINT('',(22.8917908114579,-37.9999999999989,6.4));
#9639=CARTESIAN_POINT('Origin',(0.300000000000002,-19.4499999999989,6.4));
#9640=CARTESIAN_POINT('',(-21.6568155661114,-2.69999999999338,6.4));
#9641=CARTESIAN_POINT('',(-23.6568155661114,-2.69999999999283,6.4));
#9642=CARTESIAN_POINT('',(-11.6784077830534,-2.69999999999611,6.4));
#9643=CARTESIAN_POINT('',(-21.656815566111,-36.1999999999994,6.4));
#9644=CARTESIAN_POINT('',(-21.6568155661114,-2.69999999999338,6.4));
#9645=CARTESIAN_POINT('',(-23.656815566111,-36.1999999999994,6.4));
#9646=CARTESIAN_POINT('',(-10.6784077830555,-36.1999999999994,6.4));
#9647=CARTESIAN_POINT('Origin',(0.300000000000001,-19.4499999999989,6.4));
#9648=CARTESIAN_POINT('Origin',(0.300000000000002,-19.4499999999989,6.4));
#9649=CARTESIAN_POINT('',(19.9917908114578,-0.89999999999889,6.4));
#9650=CARTESIAN_POINT('',(13.5917908114579,-0.899999999998917,6.4));
#9651=CARTESIAN_POINT('',(19.9917908114578,-0.89999999999889,6.4));
#9652=CARTESIAN_POINT('Origin',(12.0917908114578,4.58497280761352,6.4));
#9653=CARTESIAN_POINT('',(12.0917908114578,4.58497280761352,6.4));
#9654=CARTESIAN_POINT('Origin',(13.5917908114578,4.58497280761353,6.4));
#9655=CARTESIAN_POINT('',(13.5917908114578,4.58497280761353,6.4));
#9656=CARTESIAN_POINT('Origin',(13.591790811458,-9.49999999999892,6.4));
#9657=CARTESIAN_POINT('',(13.5917908114579,-9.49999999999892,6.4));
#9658=CARTESIAN_POINT('Origin',(17.591790811458,-9.49999999999892,6.4));
#9659=CARTESIAN_POINT('',(17.591790811458,-9.49999999999892,6.4));
#9660=CARTESIAN_POINT('Origin',(17.5917908114579,-37.9999999999989,6.4));
#9661=CARTESIAN_POINT('',(17.5917908114579,-37.9999999999989,6.4));
#9662=CARTESIAN_POINT('Origin',(22.8917908114579,-37.9999999999989,6.4));
#9663=CARTESIAN_POINT('',(22.8917908114579,-37.9999999999989,6.4));
#9664=CARTESIAN_POINT('Origin',(22.8917908114579,-0.899999999998877,6.4));
#9665=CARTESIAN_POINT('',(22.8917908114579,-0.899999999998877,6.4));
#9666=CARTESIAN_POINT('Origin',(19.9917908114578,-0.89999999999889,6.4));
#9667=CARTESIAN_POINT('',(19.9917908114578,-0.89999999999889,6.4));
#9668=CARTESIAN_POINT('Origin',(19.9917908114579,2.15381648474418,6.4));
#9669=CARTESIAN_POINT('Origin',(-21.656815566111,-36.1999999999994,-8.2));
#9670=CARTESIAN_POINT('',(-21.656815566111,-36.1999999999994,-8.2));
#9671=CARTESIAN_POINT('',(-23.656815566111,-36.1999999999994,-8.2));
#9672=CARTESIAN_POINT('Origin',(-21.6568155661114,-2.69999999999338,-8.2));
#9673=CARTESIAN_POINT('',(-21.6568155661114,-2.69999999999338,-8.2));
#9674=CARTESIAN_POINT('Origin',(-23.6568155661114,-2.69999999999283,-8.2));
#9675=CARTESIAN_POINT('',(-23.6568155661114,-2.69999999999283,-8.2));
#9676=CARTESIAN_POINT('Origin',(0.300000000000001,-19.4499999999989,-8.2));
#9677=CARTESIAN_POINT('',(-0.300000000000002,-19.4499999999989,21.));
#9678=UNCERTAINTY_MEASURE_WITH_UNIT(LENGTH_MEASURE(0.01),#9684,
'DISTANCE_ACCURACY_VALUE',
'Maximum model space distance between geometric entities at asserted c
onnectivities');
#9679=UNCERTAINTY_MEASURE_WITH_UNIT(LENGTH_MEASURE(0.01),#9684,
'DISTANCE_ACCURACY_VALUE',
'Maximum model space distance between geometric entities at asserted c
onnectivities');
#9680=UNCERTAINTY_MEASURE_WITH_UNIT(LENGTH_MEASURE(0.01),#9684,
'DISTANCE_ACCURACY_VALUE',
'Maximum model space distance between geometric entities at asserted c
onnectivities');
#9681=(
GEOMETRIC_REPRESENTATION_CONTEXT(3)
GLOBAL_UNCERTAINTY_ASSIGNED_CONTEXT((#9678))
GLOBAL_UNIT_ASSIGNED_CONTEXT((#9684,#9686,#9687))
REPRESENTATION_CONTEXT('','3D')
);
#9682=(
GEOMETRIC_REPRESENTATION_CONTEXT(3)
GLOBAL_UNCERTAINTY_ASSIGNED_CONTEXT((#9679))
GLOBAL_UNIT_ASSIGNED_CONTEXT((#9684,#9686,#9687))
REPRESENTATION_CONTEXT('','3D')
);
#9683=(
GEOMETRIC_REPRESENTATION_CONTEXT(3)
GLOBAL_UNCERTAINTY_ASSIGNED_CONTEXT((#9680))
GLOBAL_UNIT_ASSIGNED_CONTEXT((#9684,#9686,#9687))
REPRESENTATION_CONTEXT('','3D')
);
#9684=(
LENGTH_UNIT()
NAMED_UNIT(*)
SI_UNIT(.MILLI.,.METRE.)
);
#9685=(
LENGTH_UNIT()
NAMED_UNIT(*)
SI_UNIT($,.METRE.)
);
#9686=(
NAMED_UNIT(*)
PLANE_ANGLE_UNIT()
SI_UNIT($,.RADIAN.)
);
#9687=(
NAMED_UNIT(*)
SI_UNIT($,.STERADIAN.)
SOLID_ANGLE_UNIT()
);
#9688=SHAPE_DEFINITION_REPRESENTATION(#9690,#9693);
#9689=SHAPE_DEFINITION_REPRESENTATION(#9691,#9694);
#9690=PRODUCT_DEFINITION_SHAPE('',$,#9696);
#9691=PRODUCT_DEFINITION_SHAPE('',$,#9697);
#9692=PRODUCT_DEFINITION_SHAPE($,$,#14);
#9693=SHAPE_REPRESENTATION('',(#3719,#4166),#9681);
#9694=SHAPE_REPRESENTATION('',(#3720),#9682);
#9695=PRODUCT_DEFINITION_CONTEXT('part definition',#9703,'design');
#9696=PRODUCT_DEFINITION('2026-09-28-16-38-41-040','PRINT_LAYOUT',#9698,
#9695);
#9697=PRODUCT_DEFINITION('2026-09-28-16-38-41-027','PumpkinCover',#9699,
#9695);
#9698=PRODUCT_DEFINITION_FORMATION('',$,#9705);
#9699=PRODUCT_DEFINITION_FORMATION('',$,#9706);
#9700=PRODUCT_RELATED_PRODUCT_CATEGORY('PRINT_LAYOUT','PRINT_LAYOUT',(#9705));
#9701=PRODUCT_RELATED_PRODUCT_CATEGORY('PumpkinCover','PumpkinCover',(#9706));
#9702=APPLICATION_PROTOCOL_DEFINITION('international standard',
'automotive_design',2009,#9703);
#9703=APPLICATION_CONTEXT(
'Core Data for Automotive Mechanical Design Process');
#9704=PRODUCT_CONTEXT('part definition',#9703,'mechanical');
#9705=PRODUCT('2026-09-28-16-38-41-040','PRINT_LAYOUT',$,(#9704));
#9706=PRODUCT('2026-09-28-16-38-41-027','PumpkinCover',$,(#9704));
#9707=PRESENTATION_STYLE_ASSIGNMENT((#9709));
#9708=PRESENTATION_STYLE_ASSIGNMENT((#9710));
#9709=SURFACE_STYLE_USAGE(.BOTH.,#9711);
#9710=SURFACE_STYLE_USAGE(.BOTH.,#9712);
#9711=SURFACE_SIDE_STYLE('',(#9713));
#9712=SURFACE_SIDE_STYLE('',(#9714));
#9713=SURFACE_STYLE_FILL_AREA(#9715);
#9714=SURFACE_STYLE_FILL_AREA(#9716);
#9715=FILL_AREA_STYLE('Steel - Satin',(#9717));
#9716=FILL_AREA_STYLE('Plastic - Matte (Red)',(#9718));
#9717=FILL_AREA_STYLE_COLOUR('Steel - Satin',#9719);
#9718=FILL_AREA_STYLE_COLOUR('Plastic - Matte (Red)',#9720);
#9719=COLOUR_RGB('Steel - Satin',0.627450980392157,0.627450980392157,0.627450980392157);
#9720=COLOUR_RGB('Plastic - Matte (Red)',0.901960784313726,0.392156862745098,
0.0784313725490196);
ENDSEC;
END-ISO-10303-21;
