ISO-10303-21;
HEADER;
/* Generated by software containing ST-Developer
 * from STEP Tools, Inc. (www.steptools.com) 
 */

FILE_DESCRIPTION(
/* description */ (''),
/* implementation_level */ '2;1');

FILE_NAME(
/* name */ 'PumpkinCover.step',
/* time_stamp */ '2026-09-28T16:39:01+02:00',
/* author */ (''),
/* organization */ (''),
/* preprocessor_version */ 'ST-DEVELOPER v20.2',
/* originating_system */ 'Autodesk Translation Framework v15.15.0.0',
/* authorisation */ '');

FILE_SCHEMA (('AUTOMOTIVE_DESIGN { 1 0 10303 214 3 1 1 }'));
ENDSEC;

DATA;
#10=MECHANICAL_DESIGN_GEOMETRIC_PRESENTATION_REPRESENTATION('',(#17),#9775);
#11=ITEM_DEFINED_TRANSFORMATION($,$,#3754,#4204);
#12=(
REPRESENTATION_RELATIONSHIP($,$,#9786,#9785)
REPRESENTATION_RELATIONSHIP_WITH_TRANSFORMATION(#11)
SHAPE_REPRESENTATION_RELATIONSHIP()
);
#13=CONTEXT_DEPENDENT_SHAPE_REPRESENTATION(#12,#9784);
#14=NEXT_ASSEMBLY_USAGE_OCCURRENCE('PumpkinCover:1','PumpkinCover:1',
'PumpkinCover:1',#9788,#9789,'PumpkinCover:1');
#15=SHAPE_REPRESENTATION_RELATIONSHIP('SRR','None',#9786,#16);
#16=ADVANCED_BREP_SHAPE_REPRESENTATION('',(#18),#9774);
#17=STYLED_ITEM('',(#9800),#18);
#18=MANIFOLD_SOLID_BREP('Body1',#3740);
#19=(
BOUNDED_CURVE()
B_SPLINE_CURVE(2,(#6104,#6105,#6106),.UNSPECIFIED.,.F.,.F.)
B_SPLINE_CURVE_WITH_KNOTS((3,3),(0.841522217202098,2.38808230818143),
 .UNSPECIFIED.)
CURVE()
GEOMETRIC_REPRESENTATION_ITEM()
RATIONAL_B_SPLINE_CURVE((1.,1.,1.))
REPRESENTATION_ITEM('')
);
#20=(
BOUNDED_CURVE()
B_SPLINE_CURVE(2,(#6110,#6111,#6112),.UNSPECIFIED.,.F.,.F.)
B_SPLINE_CURVE_WITH_KNOTS((3,3),(0.841522217202001,2.58313926212463),
 .UNSPECIFIED.)
CURVE()
GEOMETRIC_REPRESENTATION_ITEM()
RATIONAL_B_SPLINE_CURVE((1.,1.,1.))
REPRESENTATION_ITEM('')
);
#21=(
BOUNDED_CURVE()
B_SPLINE_CURVE(2,(#6201,#6202,#6203),.UNSPECIFIED.,.F.,.F.)
B_SPLINE_CURVE_WITH_KNOTS((3,3),(0.841522217202053,2.58313926212471),
 .UNSPECIFIED.)
CURVE()
GEOMETRIC_REPRESENTATION_ITEM()
RATIONAL_B_SPLINE_CURVE((1.,1.,1.))
REPRESENTATION_ITEM('')
);
#22=(
BOUNDED_CURVE()
B_SPLINE_CURVE(2,(#6207,#6208,#6209),.UNSPECIFIED.,.F.,.F.)
B_SPLINE_CURVE_WITH_KNOTS((3,3),(0.841522217202075,2.38808230818139),
 .UNSPECIFIED.)
CURVE()
GEOMETRIC_REPRESENTATION_ITEM()
RATIONAL_B_SPLINE_CURVE((1.,1.,1.))
REPRESENTATION_ITEM('')
);
#23=CONICAL_SURFACE('',#3847,24.3059593023256,0.174532925199433);
#24=CONICAL_SURFACE('',#3848,3.,0.174532925199433);
#25=CONICAL_SURFACE('',#3850,3.00000000000001,0.174532925199433);
#26=CONICAL_SURFACE('',#3852,58.8504166667032,0.174532925199433);
#27=FACE_BOUND('',#493,.T.);
#28=FACE_BOUND('',#495,.T.);
#29=FACE_BOUND('',#588,.T.);
#30=FACE_BOUND('',#692,.T.);
#31=FACE_BOUND('',#693,.T.);
#32=FACE_BOUND('',#705,.T.);
#33=FACE_BOUND('',#706,.T.);
#34=FACE_BOUND('',#713,.T.);
#35=B_SPLINE_SURFACE_WITH_KNOTS('',3,3,((#5607,#5608,#5609,#5610,#5611),
(#5612,#5613,#5614,#5615,#5616),(#5617,#5618,#5619,#5620,#5621),(#5622,
#5623,#5624,#5625,#5626),(#5627,#5628,#5629,#5630,#5631)),.UNSPECIFIED.,
 .F.,.F.,.F.,(4,1,4),(4,1,4),(0.,0.571428571428571,1.),(0.787509753015035,
0.886049679833379,0.959954624947137),.UNSPECIFIED.);
#36=B_SPLINE_SURFACE_WITH_KNOTS('',3,3,((#5657,#5658,#5659,#5660),(#5661,
#5662,#5663,#5664),(#5665,#5666,#5667,#5668),(#5669,#5670,#5671,#5672)),
 .UNSPECIFIED.,.F.,.F.,.F.,(4,4),(4,4),(0.377210358878678,1.),(1.97197011284186,
2.08980626754543),.UNSPECIFIED.);
#37=B_SPLINE_SURFACE_WITH_KNOTS('',3,3,((#6813,#6814,#6815,#6816,#6817),
(#6818,#6819,#6820,#6821,#6822),(#6823,#6824,#6825,#6826,#6827),(#6828,
#6829,#6830,#6831,#6832),(#6833,#6834,#6835,#6836,#6837)),.UNSPECIFIED.,
 .F.,.F.,.F.,(4,1,4),(4,1,4),(0.,0.571428571428571,1.),(0.787509753015035,
0.886049679833379,0.959954624947137),.UNSPECIFIED.);
#38=B_SPLINE_SURFACE_WITH_KNOTS('',3,3,((#6907,#6908,#6909,#6910,#6911),
(#6912,#6913,#6914,#6915,#6916),(#6917,#6918,#6919,#6920,#6921),(#6922,
#6923,#6924,#6925,#6926),(#6927,#6928,#6929,#6930,#6931)),.UNSPECIFIED.,
 .F.,.F.,.F.,(4,1,4),(4,1,4),(0.,0.571428571428571,1.),(1.91990925207004,
1.99381419567094,2.09235412047214),.UNSPECIFIED.);
#39=B_SPLINE_SURFACE_WITH_KNOTS('',3,3,((#6976,#6977,#6978,#6979,#6980),
(#6981,#6982,#6983,#6984,#6985),(#6986,#6987,#6988,#6989,#6990),(#6991,
#6992,#6993,#6994,#6995),(#6996,#6997,#6998,#6999,#7000)),.UNSPECIFIED.,
 .F.,.F.,.F.,(4,1,4),(4,1,4),(0.,0.571428571428571,1.),(0.787509753015035,
0.886049679833379,0.959954624947137),.UNSPECIFIED.);
#40=B_SPLINE_SURFACE_WITH_KNOTS('',3,3,((#7030,#7031,#7032,#7033,#7034),
(#7035,#7036,#7037,#7038,#7039),(#7040,#7041,#7042,#7043,#7044),(#7045,
#7046,#7047,#7048,#7049),(#7050,#7051,#7052,#7053,#7054)),.UNSPECIFIED.,
 .F.,.F.,.F.,(4,1,4),(4,1,4),(0.,0.571428571428571,1.),(1.91990925207004,
1.99381419567094,2.09235412047214),.UNSPECIFIED.);
#41=B_SPLINE_SURFACE_WITH_KNOTS('',3,3,((#7073,#7074,#7075,#7076,#7077),
(#7078,#7079,#7080,#7081,#7082),(#7083,#7084,#7085,#7086,#7087),(#7088,
#7089,#7090,#7091,#7092),(#7093,#7094,#7095,#7096,#7097)),.UNSPECIFIED.,
 .F.,.F.,.F.,(4,1,4),(4,1,4),(0.,0.571428571428571,1.),(0.787509753015035,
0.886049679833379,0.959954624947137),.UNSPECIFIED.);
#42=B_SPLINE_SURFACE_WITH_KNOTS('',3,3,((#7169,#7170,#7171,#7172,#7173),
(#7174,#7175,#7176,#7177,#7178),(#7179,#7180,#7181,#7182,#7183),(#7184,
#7185,#7186,#7187,#7188),(#7189,#7190,#7191,#7192,#7193)),.UNSPECIFIED.,
 .F.,.F.,.F.,(4,1,4),(4,1,4),(0.,0.571428571428571,1.),(1.91990925207004,
1.99381419567094,2.09235412047214),.UNSPECIFIED.);
#43=B_SPLINE_SURFACE_WITH_KNOTS('',3,3,((#7220,#7221,#7222,#7223,#7224),
(#7225,#7226,#7227,#7228,#7229),(#7230,#7231,#7232,#7233,#7234),(#7235,
#7236,#7237,#7238,#7239),(#7240,#7241,#7242,#7243,#7244)),.UNSPECIFIED.,
 .F.,.F.,.F.,(4,1,4),(4,1,4),(0.,0.571428571428571,1.),(0.787509753015035,
0.886049679833379,0.959954624947137),.UNSPECIFIED.);
#44=B_SPLINE_SURFACE_WITH_KNOTS('',3,3,((#7321,#7322,#7323,#7324,#7325),
(#7326,#7327,#7328,#7329,#7330),(#7331,#7332,#7333,#7334,#7335),(#7336,
#7337,#7338,#7339,#7340),(#7341,#7342,#7343,#7344,#7345)),.UNSPECIFIED.,
 .F.,.F.,.F.,(4,1,4),(4,1,4),(0.,0.571428571428571,1.),(1.91990925207004,
1.99381419567094,2.09235412047214),.UNSPECIFIED.);
#45=B_SPLINE_SURFACE_WITH_KNOTS('',3,3,((#7390,#7391,#7392,#7393,#7394),
(#7395,#7396,#7397,#7398,#7399),(#7400,#7401,#7402,#7403,#7404),(#7405,
#7406,#7407,#7408,#7409),(#7410,#7411,#7412,#7413,#7414)),.UNSPECIFIED.,
 .F.,.F.,.F.,(4,1,4),(4,1,4),(0.,0.571428571428571,1.),(0.787509753015035,
0.886049679833379,0.959954624947137),.UNSPECIFIED.);
#46=B_SPLINE_SURFACE_WITH_KNOTS('',3,3,((#7488,#7489,#7490,#7491,#7492),
(#7493,#7494,#7495,#7496,#7497),(#7498,#7499,#7500,#7501,#7502),(#7503,
#7504,#7505,#7506,#7507),(#7508,#7509,#7510,#7511,#7512)),.UNSPECIFIED.,
 .F.,.F.,.F.,(4,1,4),(4,1,4),(0.,0.571428571428571,1.),(1.91990925207004,
1.99381419567094,2.09235412047214),.UNSPECIFIED.);
#47=B_SPLINE_SURFACE_WITH_KNOTS('',3,3,((#7526,#7527,#7528,#7529),(#7530,
#7531,#7532,#7533),(#7534,#7535,#7536,#7537),(#7538,#7539,#7540,#7541)),
 .UNSPECIFIED.,.F.,.F.,.F.,(4,4),(4,4),(0.377210358877486,1.),(0.790057606107799,
0.907893763034635),.UNSPECIFIED.);
#48=B_SPLINE_SURFACE_WITH_KNOTS('',3,3,((#7565,#7566,#7567,#7568,#7569),
(#7570,#7571,#7572,#7573,#7574),(#7575,#7576,#7577,#7578,#7579),(#7580,
#7581,#7582,#7583,#7584),(#7585,#7586,#7587,#7588,#7589)),.UNSPECIFIED.,
 .F.,.F.,.F.,(4,1,4),(4,1,4),(0.,0.571428571428571,1.),(1.91990925207004,
1.99381419567094,2.09235412047214),.UNSPECIFIED.);
#49=B_SPLINE_SURFACE_WITH_KNOTS('',3,3,((#7655,#7656,#7657,#7658,#7659),
(#7660,#7661,#7662,#7663,#7664),(#7665,#7666,#7667,#7668,#7669),(#7670,
#7671,#7672,#7673,#7674),(#7675,#7676,#7677,#7678,#7679)),.UNSPECIFIED.,
 .F.,.F.,.F.,(4,1,4),(4,1,4),(0.,0.571428571428571,1.),(1.91990925207004,
1.99381419567094,2.09235412047214),.UNSPECIFIED.);
#50=B_SPLINE_SURFACE_WITH_KNOTS('',3,3,((#7711,#7712,#7713,#7714,#7715),
(#7716,#7717,#7718,#7719,#7720),(#7721,#7722,#7723,#7724,#7725),(#7726,
#7727,#7728,#7729,#7730),(#7731,#7732,#7733,#7734,#7735)),.UNSPECIFIED.,
 .F.,.F.,.F.,(4,1,4),(4,1,4),(0.,0.571428571428571,1.),(0.787509753015035,
0.886049679833379,0.959954624947137),.UNSPECIFIED.);
#51=B_SPLINE_SURFACE_WITH_KNOTS('',3,3,((#7812,#7813,#7814,#7815,#7816),
(#7817,#7818,#7819,#7820,#7821),(#7822,#7823,#7824,#7825,#7826),(#7827,
#7828,#7829,#7830,#7831),(#7832,#7833,#7834,#7835,#7836)),.UNSPECIFIED.,
 .F.,.F.,.F.,(4,1,4),(4,1,4),(0.,0.571428571428571,1.),(1.91990925207004,
1.99381419567094,2.09235412047214),.UNSPECIFIED.);
#52=B_SPLINE_SURFACE_WITH_KNOTS('',3,3,((#7881,#7882,#7883,#7884,#7885),
(#7886,#7887,#7888,#7889,#7890),(#7891,#7892,#7893,#7894,#7895),(#7896,
#7897,#7898,#7899,#7900),(#7901,#7902,#7903,#7904,#7905)),.UNSPECIFIED.,
 .F.,.F.,.F.,(4,1,4),(4,1,4),(0.,0.571428571428571,1.),(0.787509753015035,
0.886049679833379,0.959954624947137),.UNSPECIFIED.);
#53=B_SPLINE_SURFACE_WITH_KNOTS('',3,3,((#7961,#7962,#7963,#7964,#7965),
(#7966,#7967,#7968,#7969,#7970),(#7971,#7972,#7973,#7974,#7975),(#7976,
#7977,#7978,#7979,#7980),(#7981,#7982,#7983,#7984,#7985)),.UNSPECIFIED.,
 .F.,.F.,.F.,(4,1,4),(4,1,4),(0.,0.571428571428571,1.),(1.91990925207004,
1.99381419567094,2.09235412047214),.UNSPECIFIED.);
#54=B_SPLINE_SURFACE_WITH_KNOTS('',3,3,((#8017,#8018,#8019,#8020,#8021),
(#8022,#8023,#8024,#8025,#8026),(#8027,#8028,#8029,#8030,#8031),(#8032,
#8033,#8034,#8035,#8036),(#8037,#8038,#8039,#8040,#8041)),.UNSPECIFIED.,
 .F.,.F.,.F.,(4,1,4),(4,1,4),(0.,0.571428571428571,1.),(0.787509753015035,
0.886049679833379,0.959954624947137),.UNSPECIFIED.);
#55=B_SPLINE_SURFACE_WITH_KNOTS('',3,3,((#8097,#8098,#8099,#8100,#8101),
(#8102,#8103,#8104,#8105,#8106),(#8107,#8108,#8109,#8110,#8111),(#8112,
#8113,#8114,#8115,#8116),(#8117,#8118,#8119,#8120,#8121)),.UNSPECIFIED.,
 .F.,.F.,.F.,(4,1,4),(4,1,4),(0.,0.571428571428571,1.),(1.91990925207004,
1.99381419567094,2.09235412047214),.UNSPECIFIED.);
#56=B_SPLINE_SURFACE_WITH_KNOTS('',3,3,((#8140,#8141,#8142,#8143,#8144),
(#8145,#8146,#8147,#8148,#8149),(#8150,#8151,#8152,#8153,#8154),(#8155,
#8156,#8157,#8158,#8159),(#8160,#8161,#8162,#8163,#8164)),.UNSPECIFIED.,
 .F.,.F.,.F.,(4,1,4),(4,1,4),(0.,0.571428571428571,1.),(0.787509753015035,
0.886049679833379,0.959954624947137),.UNSPECIFIED.);
#57=B_SPLINE_SURFACE_WITH_KNOTS('',3,3,((#8215,#8216,#8217,#8218,#8219),
(#8220,#8221,#8222,#8223,#8224),(#8225,#8226,#8227,#8228,#8229),(#8230,
#8231,#8232,#8233,#8234),(#8235,#8236,#8237,#8238,#8239)),.UNSPECIFIED.,
 .F.,.F.,.F.,(4,1,4),(4,1,4),(0.,0.571428571428571,1.),(1.91990925207004,
1.99381419567094,2.09235412047214),.UNSPECIFIED.);
#58=B_SPLINE_SURFACE_WITH_KNOTS('',3,3,((#8253,#8254,#8255,#8256,#8257),
(#8258,#8259,#8260,#8261,#8262),(#8263,#8264,#8265,#8266,#8267),(#8268,
#8269,#8270,#8271,#8272),(#8273,#8274,#8275,#8276,#8277)),.UNSPECIFIED.,
 .F.,.F.,.F.,(4,1,4),(4,1,4),(0.,0.571428571428571,1.),(0.787509753015035,
0.886049679833379,0.959954624947137),.UNSPECIFIED.);
#59=B_SPLINE_SURFACE_WITH_KNOTS('',3,3,((#8330,#8331,#8332,#8333,#8334),
(#8335,#8336,#8337,#8338,#8339),(#8340,#8341,#8342,#8343,#8344),(#8345,
#8346,#8347,#8348,#8349),(#8350,#8351,#8352,#8353,#8354)),.UNSPECIFIED.,
 .F.,.F.,.F.,(4,1,4),(4,1,4),(0.,0.571428571428571,1.),(1.91990925207004,
1.99381419567094,2.09235412047214),.UNSPECIFIED.);
#60=B_SPLINE_SURFACE_WITH_KNOTS('',3,3,((#8355,#8356,#8357,#8358,#8359),
(#8360,#8361,#8362,#8363,#8364),(#8365,#8366,#8367,#8368,#8369),(#8370,
#8371,#8372,#8373,#8374),(#8375,#8376,#8377,#8378,#8379)),.UNSPECIFIED.,
 .F.,.F.,.F.,(4,1,4),(4,1,4),(0.,0.571428571428571,1.),(0.787509753015035,
0.886049679833379,0.959954624947137),.UNSPECIFIED.);
#61=B_SPLINE_SURFACE_WITH_KNOTS('',3,3,((#8432,#8433,#8434,#8435,#8436),
(#8437,#8438,#8439,#8440,#8441),(#8442,#8443,#8444,#8445,#8446),(#8447,
#8448,#8449,#8450,#8451),(#8452,#8453,#8454,#8455,#8456)),.UNSPECIFIED.,
 .F.,.F.,.F.,(4,1,4),(4,1,4),(0.,0.571428571428571,1.),(1.91990925207004,
1.99381419567094,2.09235412047214),.UNSPECIFIED.);
#62=B_SPLINE_SURFACE_WITH_KNOTS('',3,3,((#8457,#8458,#8459,#8460,#8461),
(#8462,#8463,#8464,#8465,#8466),(#8467,#8468,#8469,#8470,#8471),(#8472,
#8473,#8474,#8475,#8476),(#8477,#8478,#8479,#8480,#8481)),.UNSPECIFIED.,
 .F.,.F.,.F.,(4,1,4),(4,1,4),(0.,0.571428571428571,1.),(0.787509753015035,
0.886049679833379,0.959954624947137),.UNSPECIFIED.);
#63=B_SPLINE_SURFACE_WITH_KNOTS('',3,3,((#8513,#8514,#8515,#8516,#8517),
(#8518,#8519,#8520,#8521,#8522),(#8523,#8524,#8525,#8526,#8527),(#8528,
#8529,#8530,#8531,#8532),(#8533,#8534,#8535,#8536,#8537)),.UNSPECIFIED.,
 .F.,.F.,.F.,(4,1,4),(4,1,4),(0.,0.571428571428571,1.),(1.91990925207004,
1.99381419567094,2.09235412047214),.UNSPECIFIED.);
#64=B_SPLINE_SURFACE_WITH_KNOTS('',3,3,((#8582,#8583,#8584,#8585,#8586),
(#8587,#8588,#8589,#8590,#8591),(#8592,#8593,#8594,#8595,#8596),(#8597,
#8598,#8599,#8600,#8601),(#8602,#8603,#8604,#8605,#8606)),.UNSPECIFIED.,
 .F.,.F.,.F.,(4,1,4),(4,1,4),(0.,0.571428571428571,1.),(0.787509753015035,
0.886049679833379,0.959954624947137),.UNSPECIFIED.);
#65=B_SPLINE_SURFACE_WITH_KNOTS('',3,3,((#8683,#8684,#8685,#8686,#8687),
(#8688,#8689,#8690,#8691,#8692),(#8693,#8694,#8695,#8696,#8697),(#8698,
#8699,#8700,#8701,#8702),(#8703,#8704,#8705,#8706,#8707)),.UNSPECIFIED.,
 .F.,.F.,.F.,(4,1,4),(4,1,4),(0.,0.571428571428571,1.),(1.91990925207004,
1.99381419567094,2.09235412047214),.UNSPECIFIED.);
#66=B_SPLINE_SURFACE_WITH_KNOTS('',3,3,((#8752,#8753,#8754,#8755,#8756),
(#8757,#8758,#8759,#8760,#8761),(#8762,#8763,#8764,#8765,#8766),(#8767,
#8768,#8769,#8770,#8771),(#8772,#8773,#8774,#8775,#8776)),.UNSPECIFIED.,
 .F.,.F.,.F.,(4,1,4),(4,1,4),(0.,0.571428571428571,1.),(0.787509753015035,
0.886049679833379,0.959954624947137),.UNSPECIFIED.);
#67=B_SPLINE_SURFACE_WITH_KNOTS('',3,3,((#8850,#8851,#8852,#8853,#8854),
(#8855,#8856,#8857,#8858,#8859),(#8860,#8861,#8862,#8863,#8864),(#8865,
#8866,#8867,#8868,#8869),(#8870,#8871,#8872,#8873,#8874)),.UNSPECIFIED.,
 .F.,.F.,.F.,(4,1,4),(4,1,4),(0.,0.571428571428571,1.),(1.91990925207004,
1.99381419567094,2.09235412047214),.UNSPECIFIED.);
#68=B_SPLINE_SURFACE_WITH_KNOTS('',3,3,((#8888,#8889,#8890,#8891,#8892),
(#8893,#8894,#8895,#8896,#8897),(#8898,#8899,#8900,#8901,#8902),(#8903,
#8904,#8905,#8906,#8907),(#8908,#8909,#8910,#8911,#8912)),.UNSPECIFIED.,
 .F.,.F.,.F.,(4,1,4),(4,1,4),(0.,0.571428571428571,1.),(0.787509753015035,
0.886049679833379,0.959954624947137),.UNSPECIFIED.);
#69=B_SPLINE_SURFACE_WITH_KNOTS('',3,3,((#8926,#8927,#8928,#8929,#8930),
(#8931,#8932,#8933,#8934,#8935),(#8936,#8937,#8938,#8939,#8940),(#8941,
#8942,#8943,#8944,#8945),(#8946,#8947,#8948,#8949,#8950)),.UNSPECIFIED.,
 .F.,.F.,.F.,(4,1,4),(4,1,4),(0.,0.571428571428571,1.),(1.91990925207004,
1.99381419567094,2.09235412047214),.UNSPECIFIED.);
#70=B_SPLINE_SURFACE_WITH_KNOTS('',3,3,((#8982,#8983,#8984,#8985,#8986),
(#8987,#8988,#8989,#8990,#8991),(#8992,#8993,#8994,#8995,#8996),(#8997,
#8998,#8999,#9000,#9001),(#9002,#9003,#9004,#9005,#9006)),.UNSPECIFIED.,
 .F.,.F.,.F.,(4,1,4),(4,1,4),(0.,0.571428571428571,1.),(0.787509753015035,
0.886049679833379,0.959954624947137),.UNSPECIFIED.);
#71=B_SPLINE_SURFACE_WITH_KNOTS('',3,3,((#9038,#9039,#9040,#9041,#9042),
(#9043,#9044,#9045,#9046,#9047),(#9048,#9049,#9050,#9051,#9052),(#9053,
#9054,#9055,#9056,#9057),(#9058,#9059,#9060,#9061,#9062)),.UNSPECIFIED.,
 .F.,.F.,.F.,(4,1,4),(4,1,4),(0.,0.571428571428571,1.),(1.91990925207004,
1.99381419567094,2.09235412047214),.UNSPECIFIED.);
#72=B_SPLINE_SURFACE_WITH_KNOTS('',3,3,((#9094,#9095,#9096,#9097,#9098),
(#9099,#9100,#9101,#9102,#9103),(#9104,#9105,#9106,#9107,#9108),(#9109,
#9110,#9111,#9112,#9113),(#9114,#9115,#9116,#9117,#9118)),.UNSPECIFIED.,
 .F.,.F.,.F.,(4,1,4),(4,1,4),(0.,0.571428571428571,1.),(0.787509753015035,
0.886049679833379,0.959954624947137),.UNSPECIFIED.);
#73=B_SPLINE_SURFACE_WITH_KNOTS('',3,3,((#9195,#9196,#9197,#9198,#9199),
(#9200,#9201,#9202,#9203,#9204),(#9205,#9206,#9207,#9208,#9209),(#9210,
#9211,#9212,#9213,#9214),(#9215,#9216,#9217,#9218,#9219)),.UNSPECIFIED.,
 .F.,.F.,.F.,(4,1,4),(4,1,4),(0.,0.571428571428571,1.),(1.91990925207004,
1.99381419567094,2.09235412047214),.UNSPECIFIED.);
#74=B_SPLINE_SURFACE_WITH_KNOTS('',3,3,((#9264,#9265,#9266,#9267,#9268),
(#9269,#9270,#9271,#9272,#9273),(#9274,#9275,#9276,#9277,#9278),(#9279,
#9280,#9281,#9282,#9283),(#9284,#9285,#9286,#9287,#9288)),.UNSPECIFIED.,
 .F.,.F.,.F.,(4,1,4),(4,1,4),(0.,0.571428571428571,1.),(0.787509753015035,
0.886049679833379,0.959954624947137),.UNSPECIFIED.);
#75=B_SPLINE_SURFACE_WITH_KNOTS('',3,3,((#9341,#9342,#9343,#9344,#9345),
(#9346,#9347,#9348,#9349,#9350),(#9351,#9352,#9353,#9354,#9355),(#9356,
#9357,#9358,#9359,#9360),(#9361,#9362,#9363,#9364,#9365)),.UNSPECIFIED.,
 .F.,.F.,.F.,(4,1,4),(4,1,4),(0.,0.571428571428571,1.),(1.91990925207004,
1.99381419567094,2.09235412047214),.UNSPECIFIED.);
#76=B_SPLINE_SURFACE_WITH_KNOTS('',3,3,((#9366,#9367,#9368,#9369,#9370),
(#9371,#9372,#9373,#9374,#9375),(#9376,#9377,#9378,#9379,#9380),(#9381,
#9382,#9383,#9384,#9385),(#9386,#9387,#9388,#9389,#9390)),.UNSPECIFIED.,
 .F.,.F.,.F.,(4,1,4),(4,1,4),(0.,0.571428571428571,1.),(0.787509753015035,
0.886049679833379,0.959954624947137),.UNSPECIFIED.);
#77=B_SPLINE_SURFACE_WITH_KNOTS('',3,3,((#9443,#9444,#9445,#9446,#9447),
(#9448,#9449,#9450,#9451,#9452),(#9453,#9454,#9455,#9456,#9457),(#9458,
#9459,#9460,#9461,#9462),(#9463,#9464,#9465,#9466,#9467)),.UNSPECIFIED.,
 .F.,.F.,.F.,(4,1,4),(4,1,4),(0.,0.571428571428571,1.),(1.91990925207004,
1.99381419567094,2.09235412047214),.UNSPECIFIED.);
#78=B_SPLINE_SURFACE_WITH_KNOTS('',3,3,((#9468,#9469,#9470,#9471,#9472),
(#9473,#9474,#9475,#9476,#9477),(#9478,#9479,#9480,#9481,#9482),(#9483,
#9484,#9485,#9486,#9487),(#9488,#9489,#9490,#9491,#9492)),.UNSPECIFIED.,
 .F.,.F.,.F.,(4,1,4),(4,1,4),(0.,0.571428571428571,1.),(0.787509753015035,
0.886049679833379,0.959954624947137),.UNSPECIFIED.);
#79=B_SPLINE_SURFACE_WITH_KNOTS('',3,3,((#9528,#9529,#9530,#9531,#9532),
(#9533,#9534,#9535,#9536,#9537),(#9538,#9539,#9540,#9541,#9542),(#9543,
#9544,#9545,#9546,#9547),(#9548,#9549,#9550,#9551,#9552)),.UNSPECIFIED.,
 .F.,.F.,.F.,(4,1,4),(4,1,4),(0.,0.571428571428571,1.),(0.787509753015035,
0.886049679833379,0.959954624947137),.UNSPECIFIED.);
#80=B_SPLINE_SURFACE_WITH_KNOTS('',3,3,((#9605,#9606,#9607,#9608,#9609),
(#9610,#9611,#9612,#9613,#9614),(#9615,#9616,#9617,#9618,#9619),(#9620,
#9621,#9622,#9623,#9624),(#9625,#9626,#9627,#9628,#9629)),.UNSPECIFIED.,
 .F.,.F.,.F.,(4,1,4),(4,1,4),(0.,0.571428571428571,1.),(1.91990925207004,
1.99381419567094,2.09235412047214),.UNSPECIFIED.);
#81=B_SPLINE_SURFACE_WITH_KNOTS('',3,3,((#9630,#9631,#9632,#9633,#9634),
(#9635,#9636,#9637,#9638,#9639),(#9640,#9641,#9642,#9643,#9644),(#9645,
#9646,#9647,#9648,#9649),(#9650,#9651,#9652,#9653,#9654)),.UNSPECIFIED.,
 .F.,.F.,.F.,(4,1,4),(4,1,4),(0.,0.571428571428571,1.),(0.787509753015035,
0.886049679833379,0.959954624947137),.UNSPECIFIED.);
#82=B_SPLINE_SURFACE_WITH_KNOTS('',3,3,((#9668,#9669,#9670,#9671,#9672),
(#9673,#9674,#9675,#9676,#9677),(#9678,#9679,#9680,#9681,#9682),(#9683,
#9684,#9685,#9686,#9687),(#9688,#9689,#9690,#9691,#9692)),.UNSPECIFIED.,
 .F.,.F.,.F.,(4,1,4),(4,1,4),(0.,0.571428571428571,1.),(1.91990925207004,
1.99381419567094,2.09235412047214),.UNSPECIFIED.);
#83=SPHERICAL_SURFACE('',#3769,31.8816530437055);
#84=SPHERICAL_SURFACE('',#3869,31.8816530437055);
#85=SPHERICAL_SURFACE('',#3872,31.8816530437055);
#86=SPHERICAL_SURFACE('',#3891,31.8816530437055);
#87=SPHERICAL_SURFACE('',#3894,31.8816530437055);
#88=SPHERICAL_SURFACE('',#3908,31.8816530437055);
#89=SPHERICAL_SURFACE('',#3911,31.8816530437055);
#90=SPHERICAL_SURFACE('',#3914,31.8816530437055);
#91=SPHERICAL_SURFACE('',#3930,31.8816530437055);
#92=SPHERICAL_SURFACE('',#3933,31.8816530437055);
#93=SPHERICAL_SURFACE('',#3951,31.8816530437055);
#94=SPHERICAL_SURFACE('',#3954,31.8816530437055);
#95=SPHERICAL_SURFACE('',#3962,31.8816530437055);
#96=SPHERICAL_SURFACE('',#3972,31.8816530437055);
#97=SPHERICAL_SURFACE('',#3978,31.8816530437055);
#98=SPHERICAL_SURFACE('',#3990,31.8816530437055);
#99=SPHERICAL_SURFACE('',#4004,31.8816530437055);
#100=SPHERICAL_SURFACE('',#4018,31.8816530437055);
#101=SPHERICAL_SURFACE('',#4031,31.8816530437055);
#102=SPHERICAL_SURFACE('',#4044,31.8816530437055);
#103=SPHERICAL_SURFACE('',#4056,31.8816530437055);
#104=SPHERICAL_SURFACE('',#4067,31.8816530437055);
#105=SPHERICAL_SURFACE('',#4077,31.8816530437055);
#106=SPHERICAL_SURFACE('',#4087,31.8816530437055);
#107=SPHERICAL_SURFACE('',#4101,31.8816530437055);
#108=SPHERICAL_SURFACE('',#4115,31.8816530437055);
#109=SPHERICAL_SURFACE('',#4134,31.8816530437055);
#110=SPHERICAL_SURFACE('',#4147,31.8816530437055);
#111=SPHERICAL_SURFACE('',#4157,31.8816530437055);
#112=SPHERICAL_SURFACE('',#4167,31.8816530437055);
#113=SPHERICAL_SURFACE('',#4174,31.8816530437055);
#114=TOROIDAL_SURFACE('',#3766,30.0344735101104,1.79366800104286);
#115=TOROIDAL_SURFACE('',#3773,25.8113520145773,3.31969700981892);
#116=TOROIDAL_SURFACE('',#3775,30.0344735101104,1.79366800104286);
#117=TOROIDAL_SURFACE('',#3783,30.0344735101104,1.79366800104286);
#118=TOROIDAL_SURFACE('',#3835,25.8113520145773,3.31969700981892);
#119=TOROIDAL_SURFACE('',#3862,30.0344735101104,1.79366800104286);
#120=TOROIDAL_SURFACE('',#3866,30.0344735101104,1.79366800104286);
#121=TOROIDAL_SURFACE('',#3878,30.0344735101104,1.79366800104286);
#122=TOROIDAL_SURFACE('',#3881,30.0344735101104,1.79366800104286);
#123=TOROIDAL_SURFACE('',#3884,30.0344735101104,1.79366800104286);
#124=TOROIDAL_SURFACE('',#3886,30.0344735101104,1.79366800104286);
#125=TOROIDAL_SURFACE('',#3889,30.0344735101104,1.79366800104286);
#126=TOROIDAL_SURFACE('',#3897,30.0344735101104,1.79366800104286);
#127=TOROIDAL_SURFACE('',#3900,30.0344735101104,1.79366800104286);
#128=TOROIDAL_SURFACE('',#3902,30.0344735101104,1.79366800104286);
#129=TOROIDAL_SURFACE('',#3905,30.0344735101104,1.79366800104286);
#130=TOROIDAL_SURFACE('',#3916,30.0344735101104,1.79366800104286);
#131=TOROIDAL_SURFACE('',#3918,30.0344735101104,1.79366800104286);
#132=TOROIDAL_SURFACE('',#3921,30.0344735101104,1.79366800104286);
#133=TOROIDAL_SURFACE('',#3923,30.0344735101104,1.79366800104286);
#134=TOROIDAL_SURFACE('',#3925,30.0344735101104,1.79366800104286);
#135=TOROIDAL_SURFACE('',#3928,30.0344735101104,1.79366800104286);
#136=TOROIDAL_SURFACE('',#3937,30.0344735101104,1.79366800104286);
#137=TOROIDAL_SURFACE('',#3939,30.0344735101104,1.79366800104286);
#138=TOROIDAL_SURFACE('',#3942,30.0344735101104,1.79366800104286);
#139=TOROIDAL_SURFACE('',#3944,30.0344735101104,1.79366800104286);
#140=TOROIDAL_SURFACE('',#3946,30.0344735101104,1.79366800104286);
#141=TOROIDAL_SURFACE('',#3949,30.0344735101104,1.79366800104286);
#142=TOROIDAL_SURFACE('',#3957,30.0344735101104,1.79366800104286);
#143=TOROIDAL_SURFACE('',#3959,30.0344735101104,1.79366800104286);
#144=TOROIDAL_SURFACE('',#3965,25.8113520145773,3.31969700981892);
#145=TOROIDAL_SURFACE('',#3966,30.0344735101104,1.79366800104286);
#146=TOROIDAL_SURFACE('',#3970,30.0344735101104,1.79366800104286);
#147=TOROIDAL_SURFACE('',#3973,25.8113520145773,3.31969700981892);
#148=TOROIDAL_SURFACE('',#3975,30.0344735101104,1.79366800104286);
#149=TOROIDAL_SURFACE('',#3982,25.8113520145773,3.31969700981892);
#150=TOROIDAL_SURFACE('',#3983,30.0344735101104,1.79366800104286);
#151=TOROIDAL_SURFACE('',#3987,30.0344735101104,1.79366800104286);
#152=TOROIDAL_SURFACE('',#3994,25.8113520145773,3.31969700981892);
#153=TOROIDAL_SURFACE('',#3995,30.0344735101104,1.79366800104286);
#154=TOROIDAL_SURFACE('',#4001,30.0344735101104,1.79366800104286);
#155=TOROIDAL_SURFACE('',#4008,25.8113520145773,3.31969700981892);
#156=TOROIDAL_SURFACE('',#4009,30.0344735101104,1.79366800104286);
#157=TOROIDAL_SURFACE('',#4012,30.0344735101104,1.79366800104286);
#158=TOROIDAL_SURFACE('',#4016,30.0344735101104,1.79366800104286);
#159=TOROIDAL_SURFACE('',#4022,25.8113520145773,3.31969700981892);
#160=TOROIDAL_SURFACE('',#4023,30.0344735101104,1.79366800104286);
#161=TOROIDAL_SURFACE('',#4028,30.0344735101104,1.79366800104286);
#162=TOROIDAL_SURFACE('',#4035,25.8113520145773,3.31969700981892);
#163=TOROIDAL_SURFACE('',#4036,30.0344735101104,1.79366800104286);
#164=TOROIDAL_SURFACE('',#4042,30.0344735101104,1.79366800104286);
#165=TOROIDAL_SURFACE('',#4048,25.8113520145773,3.31969700981892);
#166=TOROIDAL_SURFACE('',#4049,30.0344735101104,1.79366800104286);
#167=TOROIDAL_SURFACE('',#4054,30.0344735101104,1.79366800104286);
#168=TOROIDAL_SURFACE('',#4060,25.8113520145773,3.31969700981892);
#169=TOROIDAL_SURFACE('',#4061,30.0344735101104,1.79366800104286);
#170=TOROIDAL_SURFACE('',#4065,30.0344735101104,1.79366800104286);
#171=TOROIDAL_SURFACE('',#4071,25.8113520145773,3.31969700981892);
#172=TOROIDAL_SURFACE('',#4072,30.0344735101104,1.79366800104286);
#173=TOROIDAL_SURFACE('',#4075,30.0344735101104,1.79366800104286);
#174=TOROIDAL_SURFACE('',#4081,25.8113520145773,3.31969700981892);
#175=TOROIDAL_SURFACE('',#4082,30.0344735101104,1.79366800104286);
#176=TOROIDAL_SURFACE('',#4085,30.0344735101104,1.79366800104286);
#177=TOROIDAL_SURFACE('',#4091,25.8113520145773,3.31969700981892);
#178=TOROIDAL_SURFACE('',#4092,30.0344735101104,1.79366800104286);
#179=TOROIDAL_SURFACE('',#4094,25.8113520145773,3.31969700981892);
#180=TOROIDAL_SURFACE('',#4098,30.0344735101104,1.79366800104286);
#181=TOROIDAL_SURFACE('',#4105,25.8113520145773,3.31969700981892);
#182=TOROIDAL_SURFACE('',#4106,30.0344735101104,1.79366800104286);
#183=TOROIDAL_SURFACE('',#4112,30.0344735101104,1.79366800104286);
#184=TOROIDAL_SURFACE('',#4119,25.8113520145773,3.31969700981892);
#185=TOROIDAL_SURFACE('',#4120,30.0344735101104,1.79366800104286);
#186=TOROIDAL_SURFACE('',#4123,25.8113520145773,3.31969700981892);
#187=TOROIDAL_SURFACE('',#4125,25.8113520145773,3.31969700981892);
#188=TOROIDAL_SURFACE('',#4126,30.0344735101104,1.79366800104286);
#189=TOROIDAL_SURFACE('',#4131,30.0344735101104,1.79366800104286);
#190=TOROIDAL_SURFACE('',#4138,25.8113520145773,3.31969700981892);
#191=TOROIDAL_SURFACE('',#4139,30.0344735101104,1.79366800104286);
#192=TOROIDAL_SURFACE('',#4145,30.0344735101104,1.79366800104286);
#193=TOROIDAL_SURFACE('',#4151,25.8113520145773,3.31969700981892);
#194=TOROIDAL_SURFACE('',#4152,30.0344735101104,1.79366800104286);
#195=TOROIDAL_SURFACE('',#4155,30.0344735101104,1.79366800104286);
#196=TOROIDAL_SURFACE('',#4161,25.8113520145773,3.31969700981892);
#197=TOROIDAL_SURFACE('',#4162,30.0344735101104,1.79366800104286);
#198=TOROIDAL_SURFACE('',#4165,30.0344735101104,1.79366800104286);
#199=TOROIDAL_SURFACE('',#4170,30.0344735101104,1.79366800104286);
#200=TOROIDAL_SURFACE('',#4172,30.0344735101104,1.79366800104286);
#201=TOROIDAL_SURFACE('',#4178,25.8113520145773,3.31969700981892);
#202=TOROIDAL_SURFACE('',#4179,30.0344735101104,1.79366800104286);
#203=TOROIDAL_SURFACE('',#4181,25.8113520145773,3.31969700981892);
#204=CYLINDRICAL_SURFACE('',#3757,1.49999999999972);
#205=CYLINDRICAL_SURFACE('',#3760,1.05);
#206=CYLINDRICAL_SURFACE('',#3765,1.49999999999972);
#207=CYLINDRICAL_SURFACE('',#3778,25.8113520145773);
#208=CYLINDRICAL_SURFACE('',#3781,25.8113520145773);
#209=CYLINDRICAL_SURFACE('',#3837,1.05);
#210=CYLINDRICAL_SURFACE('',#3840,4.05);
#211=CYLINDRICAL_SURFACE('',#3857,25.4113520145773);
#212=CYLINDRICAL_SURFACE('',#3859,25.4113520145773);
#213=CYLINDRICAL_SURFACE('',#3968,25.8113520145773);
#214=CYLINDRICAL_SURFACE('',#3969,25.8113520145773);
#215=CYLINDRICAL_SURFACE('',#3984,25.8113520145773);
#216=CYLINDRICAL_SURFACE('',#3985,25.8113520145773);
#217=CYLINDRICAL_SURFACE('',#3998,25.8113520145773);
#218=CYLINDRICAL_SURFACE('',#3999,25.8113520145773);
#219=CYLINDRICAL_SURFACE('',#4011,25.8113520145773);
#220=CYLINDRICAL_SURFACE('',#4015,25.8113520145773);
#221=CYLINDRICAL_SURFACE('',#4026,25.8113520145773);
#222=CYLINDRICAL_SURFACE('',#4039,25.8113520145773);
#223=CYLINDRICAL_SURFACE('',#4040,25.8113520145773);
#224=CYLINDRICAL_SURFACE('',#4052,25.8113520145773);
#225=CYLINDRICAL_SURFACE('',#4073,25.8113520145773);
#226=CYLINDRICAL_SURFACE('',#4095,25.8113520145773);
#227=CYLINDRICAL_SURFACE('',#4096,25.8113520145773);
#228=CYLINDRICAL_SURFACE('',#4109,25.8113520145773);
#229=CYLINDRICAL_SURFACE('',#4110,25.8113520145773);
#230=CYLINDRICAL_SURFACE('',#4122,25.8113520145773);
#231=CYLINDRICAL_SURFACE('',#4124,25.8113520145773);
#232=CYLINDRICAL_SURFACE('',#4129,25.8113520145773);
#233=CYLINDRICAL_SURFACE('',#4142,25.8113520145773);
#234=CYLINDRICAL_SURFACE('',#4143,25.8113520145773);
#235=CYLINDRICAL_SURFACE('',#4203,25.4113520145773);
#236=FACE_OUTER_BOUND('',#471,.T.);
#237=FACE_OUTER_BOUND('',#472,.T.);
#238=FACE_OUTER_BOUND('',#473,.T.);
#239=FACE_OUTER_BOUND('',#474,.T.);
#240=FACE_OUTER_BOUND('',#475,.T.);
#241=FACE_OUTER_BOUND('',#476,.T.);
#242=FACE_OUTER_BOUND('',#477,.T.);
#243=FACE_OUTER_BOUND('',#478,.T.);
#244=FACE_OUTER_BOUND('',#479,.T.);
#245=FACE_OUTER_BOUND('',#480,.T.);
#246=FACE_OUTER_BOUND('',#481,.T.);
#247=FACE_OUTER_BOUND('',#482,.T.);
#248=FACE_OUTER_BOUND('',#483,.T.);
#249=FACE_OUTER_BOUND('',#484,.T.);
#250=FACE_OUTER_BOUND('',#485,.T.);
#251=FACE_OUTER_BOUND('',#486,.T.);
#252=FACE_OUTER_BOUND('',#487,.T.);
#253=FACE_OUTER_BOUND('',#488,.T.);
#254=FACE_OUTER_BOUND('',#489,.T.);
#255=FACE_OUTER_BOUND('',#490,.T.);
#256=FACE_OUTER_BOUND('',#491,.T.);
#257=FACE_OUTER_BOUND('',#492,.T.);
#258=FACE_OUTER_BOUND('',#494,.T.);
#259=FACE_OUTER_BOUND('',#496,.T.);
#260=FACE_OUTER_BOUND('',#497,.T.);
#261=FACE_OUTER_BOUND('',#498,.T.);
#262=FACE_OUTER_BOUND('',#499,.T.);
#263=FACE_OUTER_BOUND('',#500,.T.);
#264=FACE_OUTER_BOUND('',#501,.T.);
#265=FACE_OUTER_BOUND('',#502,.T.);
#266=FACE_OUTER_BOUND('',#503,.T.);
#267=FACE_OUTER_BOUND('',#504,.T.);
#268=FACE_OUTER_BOUND('',#505,.T.);
#269=FACE_OUTER_BOUND('',#506,.T.);
#270=FACE_OUTER_BOUND('',#507,.T.);
#271=FACE_OUTER_BOUND('',#508,.T.);
#272=FACE_OUTER_BOUND('',#509,.T.);
#273=FACE_OUTER_BOUND('',#510,.T.);
#274=FACE_OUTER_BOUND('',#511,.T.);
#275=FACE_OUTER_BOUND('',#512,.T.);
#276=FACE_OUTER_BOUND('',#513,.T.);
#277=FACE_OUTER_BOUND('',#514,.T.);
#278=FACE_OUTER_BOUND('',#515,.T.);
#279=FACE_OUTER_BOUND('',#516,.T.);
#280=FACE_OUTER_BOUND('',#517,.T.);
#281=FACE_OUTER_BOUND('',#518,.T.);
#282=FACE_OUTER_BOUND('',#519,.T.);
#283=FACE_OUTER_BOUND('',#520,.T.);
#284=FACE_OUTER_BOUND('',#521,.T.);
#285=FACE_OUTER_BOUND('',#522,.T.);
#286=FACE_OUTER_BOUND('',#523,.T.);
#287=FACE_OUTER_BOUND('',#524,.T.);
#288=FACE_OUTER_BOUND('',#525,.T.);
#289=FACE_OUTER_BOUND('',#526,.T.);
#290=FACE_OUTER_BOUND('',#527,.T.);
#291=FACE_OUTER_BOUND('',#528,.T.);
#292=FACE_OUTER_BOUND('',#529,.T.);
#293=FACE_OUTER_BOUND('',#530,.T.);
#294=FACE_OUTER_BOUND('',#531,.T.);
#295=FACE_OUTER_BOUND('',#532,.T.);
#296=FACE_OUTER_BOUND('',#533,.T.);
#297=FACE_OUTER_BOUND('',#534,.T.);
#298=FACE_OUTER_BOUND('',#535,.T.);
#299=FACE_OUTER_BOUND('',#536,.T.);
#300=FACE_OUTER_BOUND('',#537,.T.);
#301=FACE_OUTER_BOUND('',#538,.T.);
#302=FACE_OUTER_BOUND('',#539,.T.);
#303=FACE_OUTER_BOUND('',#540,.T.);
#304=FACE_OUTER_BOUND('',#541,.T.);
#305=FACE_OUTER_BOUND('',#542,.T.);
#306=FACE_OUTER_BOUND('',#543,.T.);
#307=FACE_OUTER_BOUND('',#544,.T.);
#308=FACE_OUTER_BOUND('',#545,.T.);
#309=FACE_OUTER_BOUND('',#546,.T.);
#310=FACE_OUTER_BOUND('',#547,.T.);
#311=FACE_OUTER_BOUND('',#548,.T.);
#312=FACE_OUTER_BOUND('',#549,.T.);
#313=FACE_OUTER_BOUND('',#550,.T.);
#314=FACE_OUTER_BOUND('',#551,.T.);
#315=FACE_OUTER_BOUND('',#552,.T.);
#316=FACE_OUTER_BOUND('',#553,.T.);
#317=FACE_OUTER_BOUND('',#554,.T.);
#318=FACE_OUTER_BOUND('',#555,.T.);
#319=FACE_OUTER_BOUND('',#556,.T.);
#320=FACE_OUTER_BOUND('',#557,.T.);
#321=FACE_OUTER_BOUND('',#558,.T.);
#322=FACE_OUTER_BOUND('',#559,.T.);
#323=FACE_OUTER_BOUND('',#560,.T.);
#324=FACE_OUTER_BOUND('',#561,.T.);
#325=FACE_OUTER_BOUND('',#562,.T.);
#326=FACE_OUTER_BOUND('',#563,.T.);
#327=FACE_OUTER_BOUND('',#564,.T.);
#328=FACE_OUTER_BOUND('',#565,.T.);
#329=FACE_OUTER_BOUND('',#566,.T.);
#330=FACE_OUTER_BOUND('',#567,.T.);
#331=FACE_OUTER_BOUND('',#568,.T.);
#332=FACE_OUTER_BOUND('',#569,.T.);
#333=FACE_OUTER_BOUND('',#570,.T.);
#334=FACE_OUTER_BOUND('',#571,.T.);
#335=FACE_OUTER_BOUND('',#572,.T.);
#336=FACE_OUTER_BOUND('',#573,.T.);
#337=FACE_OUTER_BOUND('',#574,.T.);
#338=FACE_OUTER_BOUND('',#575,.T.);
#339=FACE_OUTER_BOUND('',#576,.T.);
#340=FACE_OUTER_BOUND('',#577,.T.);
#341=FACE_OUTER_BOUND('',#578,.T.);
#342=FACE_OUTER_BOUND('',#579,.T.);
#343=FACE_OUTER_BOUND('',#580,.T.);
#344=FACE_OUTER_BOUND('',#581,.T.);
#345=FACE_OUTER_BOUND('',#582,.T.);
#346=FACE_OUTER_BOUND('',#583,.T.);
#347=FACE_OUTER_BOUND('',#584,.T.);
#348=FACE_OUTER_BOUND('',#585,.T.);
#349=FACE_OUTER_BOUND('',#586,.T.);
#350=FACE_OUTER_BOUND('',#587,.T.);
#351=FACE_OUTER_BOUND('',#589,.T.);
#352=FACE_OUTER_BOUND('',#590,.T.);
#353=FACE_OUTER_BOUND('',#591,.T.);
#354=FACE_OUTER_BOUND('',#592,.T.);
#355=FACE_OUTER_BOUND('',#593,.T.);
#356=FACE_OUTER_BOUND('',#594,.T.);
#357=FACE_OUTER_BOUND('',#595,.T.);
#358=FACE_OUTER_BOUND('',#596,.T.);
#359=FACE_OUTER_BOUND('',#597,.T.);
#360=FACE_OUTER_BOUND('',#598,.T.);
#361=FACE_OUTER_BOUND('',#599,.T.);
#362=FACE_OUTER_BOUND('',#600,.T.);
#363=FACE_OUTER_BOUND('',#601,.T.);
#364=FACE_OUTER_BOUND('',#602,.T.);
#365=FACE_OUTER_BOUND('',#603,.T.);
#366=FACE_OUTER_BOUND('',#604,.T.);
#367=FACE_OUTER_BOUND('',#605,.T.);
#368=FACE_OUTER_BOUND('',#606,.T.);
#369=FACE_OUTER_BOUND('',#607,.T.);
#370=FACE_OUTER_BOUND('',#608,.T.);
#371=FACE_OUTER_BOUND('',#609,.T.);
#372=FACE_OUTER_BOUND('',#610,.T.);
#373=FACE_OUTER_BOUND('',#611,.T.);
#374=FACE_OUTER_BOUND('',#612,.T.);
#375=FACE_OUTER_BOUND('',#613,.T.);
#376=FACE_OUTER_BOUND('',#614,.T.);
#377=FACE_OUTER_BOUND('',#615,.T.);
#378=FACE_OUTER_BOUND('',#616,.T.);
#379=FACE_OUTER_BOUND('',#617,.T.);
#380=FACE_OUTER_BOUND('',#618,.T.);
#381=FACE_OUTER_BOUND('',#619,.T.);
#382=FACE_OUTER_BOUND('',#620,.T.);
#383=FACE_OUTER_BOUND('',#621,.T.);
#384=FACE_OUTER_BOUND('',#622,.T.);
#385=FACE_OUTER_BOUND('',#623,.T.);
#386=FACE_OUTER_BOUND('',#624,.T.);
#387=FACE_OUTER_BOUND('',#625,.T.);
#388=FACE_OUTER_BOUND('',#626,.T.);
#389=FACE_OUTER_BOUND('',#627,.T.);
#390=FACE_OUTER_BOUND('',#628,.T.);
#391=FACE_OUTER_BOUND('',#629,.T.);
#392=FACE_OUTER_BOUND('',#630,.T.);
#393=FACE_OUTER_BOUND('',#631,.T.);
#394=FACE_OUTER_BOUND('',#632,.T.);
#395=FACE_OUTER_BOUND('',#633,.T.);
#396=FACE_OUTER_BOUND('',#634,.T.);
#397=FACE_OUTER_BOUND('',#635,.T.);
#398=FACE_OUTER_BOUND('',#636,.T.);
#399=FACE_OUTER_BOUND('',#637,.T.);
#400=FACE_OUTER_BOUND('',#638,.T.);
#401=FACE_OUTER_BOUND('',#639,.T.);
#402=FACE_OUTER_BOUND('',#640,.T.);
#403=FACE_OUTER_BOUND('',#641,.T.);
#404=FACE_OUTER_BOUND('',#642,.T.);
#405=FACE_OUTER_BOUND('',#643,.T.);
#406=FACE_OUTER_BOUND('',#644,.T.);
#407=FACE_OUTER_BOUND('',#645,.T.);
#408=FACE_OUTER_BOUND('',#646,.T.);
#409=FACE_OUTER_BOUND('',#647,.T.);
#410=FACE_OUTER_BOUND('',#648,.T.);
#411=FACE_OUTER_BOUND('',#649,.T.);
#412=FACE_OUTER_BOUND('',#650,.T.);
#413=FACE_OUTER_BOUND('',#651,.T.);
#414=FACE_OUTER_BOUND('',#652,.T.);
#415=FACE_OUTER_BOUND('',#653,.T.);
#416=FACE_OUTER_BOUND('',#654,.T.);
#417=FACE_OUTER_BOUND('',#655,.T.);
#418=FACE_OUTER_BOUND('',#656,.T.);
#419=FACE_OUTER_BOUND('',#657,.T.);
#420=FACE_OUTER_BOUND('',#658,.T.);
#421=FACE_OUTER_BOUND('',#659,.T.);
#422=FACE_OUTER_BOUND('',#660,.T.);
#423=FACE_OUTER_BOUND('',#661,.T.);
#424=FACE_OUTER_BOUND('',#662,.T.);
#425=FACE_OUTER_BOUND('',#663,.T.);
#426=FACE_OUTER_BOUND('',#664,.T.);
#427=FACE_OUTER_BOUND('',#665,.T.);
#428=FACE_OUTER_BOUND('',#666,.T.);
#429=FACE_OUTER_BOUND('',#667,.T.);
#430=FACE_OUTER_BOUND('',#668,.T.);
#431=FACE_OUTER_BOUND('',#669,.T.);
#432=FACE_OUTER_BOUND('',#670,.T.);
#433=FACE_OUTER_BOUND('',#671,.T.);
#434=FACE_OUTER_BOUND('',#672,.T.);
#435=FACE_OUTER_BOUND('',#673,.T.);
#436=FACE_OUTER_BOUND('',#674,.T.);
#437=FACE_OUTER_BOUND('',#675,.T.);
#438=FACE_OUTER_BOUND('',#676,.T.);
#439=FACE_OUTER_BOUND('',#677,.T.);
#440=FACE_OUTER_BOUND('',#678,.T.);
#441=FACE_OUTER_BOUND('',#679,.T.);
#442=FACE_OUTER_BOUND('',#680,.T.);
#443=FACE_OUTER_BOUND('',#681,.T.);
#444=FACE_OUTER_BOUND('',#682,.T.);
#445=FACE_OUTER_BOUND('',#683,.T.);
#446=FACE_OUTER_BOUND('',#684,.T.);
#447=FACE_OUTER_BOUND('',#685,.T.);
#448=FACE_OUTER_BOUND('',#686,.T.);
#449=FACE_OUTER_BOUND('',#687,.T.);
#450=FACE_OUTER_BOUND('',#688,.T.);
#451=FACE_OUTER_BOUND('',#689,.T.);
#452=FACE_OUTER_BOUND('',#690,.T.);
#453=FACE_OUTER_BOUND('',#691,.T.);
#454=FACE_OUTER_BOUND('',#694,.T.);
#455=FACE_OUTER_BOUND('',#695,.T.);
#456=FACE_OUTER_BOUND('',#696,.T.);
#457=FACE_OUTER_BOUND('',#697,.T.);
#458=FACE_OUTER_BOUND('',#698,.T.);
#459=FACE_OUTER_BOUND('',#699,.T.);
#460=FACE_OUTER_BOUND('',#700,.T.);
#461=FACE_OUTER_BOUND('',#701,.T.);
#462=FACE_OUTER_BOUND('',#702,.T.);
#463=FACE_OUTER_BOUND('',#703,.T.);
#464=FACE_OUTER_BOUND('',#704,.T.);
#465=FACE_OUTER_BOUND('',#707,.T.);
#466=FACE_OUTER_BOUND('',#708,.T.);
#467=FACE_OUTER_BOUND('',#709,.T.);
#468=FACE_OUTER_BOUND('',#710,.T.);
#469=FACE_OUTER_BOUND('',#711,.T.);
#470=FACE_OUTER_BOUND('',#712,.T.);
#471=EDGE_LOOP('',(#2303,#2304,#2305,#2306,#2307,#2308));
#472=EDGE_LOOP('',(#2309,#2310,#2311,#2312,#2313,#2314));
#473=EDGE_LOOP('',(#2315,#2316,#2317,#2318,#2319,#2320,#2321,#2322));
#474=EDGE_LOOP('',(#2323,#2324,#2325,#2326,#2327,#2328));
#475=EDGE_LOOP('',(#2329,#2330,#2331,#2332,#2333,#2334,#2335,#2336));
#476=EDGE_LOOP('',(#2337,#2338,#2339,#2340,#2341,#2342));
#477=EDGE_LOOP('',(#2343,#2344,#2345,#2346,#2347,#2348));
#478=EDGE_LOOP('',(#2349,#2350,#2351,#2352,#2353));
#479=EDGE_LOOP('',(#2354,#2355,#2356,#2357,#2358));
#480=EDGE_LOOP('',(#2359,#2360,#2361,#2362));
#481=EDGE_LOOP('',(#2363,#2364,#2365));
#482=EDGE_LOOP('',(#2366,#2367,#2368,#2369));
#483=EDGE_LOOP('',(#2370,#2371,#2372,#2373,#2374));
#484=EDGE_LOOP('',(#2375,#2376,#2377));
#485=EDGE_LOOP('',(#2378,#2379,#2380,#2381));
#486=EDGE_LOOP('',(#2382,#2383,#2384,#2385));
#487=EDGE_LOOP('',(#2386,#2387,#2388,#2389,#2390,#2391,#2392,#2393,#2394,
#2395,#2396,#2397,#2398,#2399,#2400,#2401,#2402,#2403));
#488=EDGE_LOOP('',(#2404,#2405,#2406,#2407,#2408,#2409,#2410,#2411,#2412,
#2413,#2414,#2415,#2416,#2417,#2418,#2419,#2420,#2421,#2422,#2423,#2424,
#2425,#2426,#2427,#2428,#2429,#2430,#2431,#2432,#2433,#2434,#2435,#2436,
#2437,#2438,#2439,#2440,#2441,#2442,#2443));
#489=EDGE_LOOP('',(#2444,#2445,#2446,#2447));
#490=EDGE_LOOP('',(#2448,#2449,#2450,#2451));
#491=EDGE_LOOP('',(#2452,#2453,#2454,#2455));
#492=EDGE_LOOP('',(#2456));
#493=EDGE_LOOP('',(#2457));
#494=EDGE_LOOP('',(#2458,#2459,#2460,#2461,#2462,#2463,#2464,#2465,#2466,
#2467,#2468));
#495=EDGE_LOOP('',(#2469));
#496=EDGE_LOOP('',(#2470,#2471,#2472,#2473,#2474,#2475,#2476,#2477,#2478,
#2479,#2480,#2481,#2482,#2483,#2484,#2485,#2486,#2487,#2488,#2489,#2490,
#2491));
#497=EDGE_LOOP('',(#2492,#2493,#2494,#2495,#2496,#2497,#2498,#2499,#2500,
#2501));
#498=EDGE_LOOP('',(#2502,#2503,#2504,#2505,#2506,#2507,#2508,#2509,#2510,
#2511));
#499=EDGE_LOOP('',(#2512,#2513,#2514,#2515,#2516,#2517,#2518,#2519,#2520,
#2521,#2522,#2523,#2524,#2525,#2526,#2527,#2528,#2529,#2530,#2531,#2532,
#2533));
#500=EDGE_LOOP('',(#2534,#2535,#2536,#2537,#2538,#2539));
#501=EDGE_LOOP('',(#2540,#2541,#2542,#2543,#2544,#2545));
#502=EDGE_LOOP('',(#2546,#2547));
#503=EDGE_LOOP('',(#2548,#2549,#2550,#2551,#2552,#2553,#2554,#2555,#2556,
#2557,#2558,#2559,#2560,#2561));
#504=EDGE_LOOP('',(#2562,#2563,#2564,#2565));
#505=EDGE_LOOP('',(#2566,#2567,#2568,#2569));
#506=EDGE_LOOP('',(#2570,#2571,#2572,#2573));
#507=EDGE_LOOP('',(#2574,#2575,#2576,#2577,#2578,#2579,#2580));
#508=EDGE_LOOP('',(#2581,#2582,#2583,#2584));
#509=EDGE_LOOP('',(#2585,#2586,#2587,#2588));
#510=EDGE_LOOP('',(#2589,#2590,#2591,#2592));
#511=EDGE_LOOP('',(#2593,#2594,#2595,#2596));
#512=EDGE_LOOP('',(#2597,#2598,#2599,#2600));
#513=EDGE_LOOP('',(#2601,#2602,#2603,#2604));
#514=EDGE_LOOP('',(#2605,#2606,#2607,#2608));
#515=EDGE_LOOP('',(#2609,#2610,#2611,#2612));
#516=EDGE_LOOP('',(#2613,#2614,#2615,#2616));
#517=EDGE_LOOP('',(#2617,#2618,#2619,#2620));
#518=EDGE_LOOP('',(#2621,#2622,#2623,#2624,#2625,#2626));
#519=EDGE_LOOP('',(#2627,#2628,#2629,#2630));
#520=EDGE_LOOP('',(#2631,#2632,#2633,#2634));
#521=EDGE_LOOP('',(#2635,#2636,#2637,#2638));
#522=EDGE_LOOP('',(#2639,#2640,#2641,#2642,#2643));
#523=EDGE_LOOP('',(#2644,#2645,#2646,#2647));
#524=EDGE_LOOP('',(#2648,#2649,#2650,#2651));
#525=EDGE_LOOP('',(#2652,#2653,#2654,#2655));
#526=EDGE_LOOP('',(#2656,#2657,#2658,#2659));
#527=EDGE_LOOP('',(#2660,#2661,#2662,#2663));
#528=EDGE_LOOP('',(#2664,#2665,#2666,#2667));
#529=EDGE_LOOP('',(#2668,#2669,#2670,#2671,#2672,#2673,#2674,#2675,#2676,
#2677));
#530=EDGE_LOOP('',(#2678,#2679,#2680,#2681));
#531=EDGE_LOOP('',(#2682,#2683,#2684,#2685));
#532=EDGE_LOOP('',(#2686,#2687,#2688,#2689));
#533=EDGE_LOOP('',(#2690,#2691,#2692,#2693,#2694));
#534=EDGE_LOOP('',(#2695,#2696,#2697,#2698));
#535=EDGE_LOOP('',(#2699,#2700,#2701,#2702));
#536=EDGE_LOOP('',(#2703,#2704,#2705,#2706));
#537=EDGE_LOOP('',(#2707,#2708,#2709,#2710));
#538=EDGE_LOOP('',(#2711,#2712,#2713,#2714));
#539=EDGE_LOOP('',(#2715,#2716,#2717,#2718));
#540=EDGE_LOOP('',(#2719,#2720,#2721,#2722));
#541=EDGE_LOOP('',(#2723,#2724,#2725,#2726));
#542=EDGE_LOOP('',(#2727,#2728,#2729,#2730));
#543=EDGE_LOOP('',(#2731,#2732,#2733,#2734));
#544=EDGE_LOOP('',(#2735,#2736,#2737,#2738));
#545=EDGE_LOOP('',(#2739,#2740,#2741));
#546=EDGE_LOOP('',(#2742,#2743,#2744));
#547=EDGE_LOOP('',(#2745,#2746,#2747,#2748));
#548=EDGE_LOOP('',(#2749,#2750,#2751,#2752,#2753,#2754));
#549=EDGE_LOOP('',(#2755,#2756,#2757,#2758));
#550=EDGE_LOOP('',(#2759,#2760,#2761,#2762));
#551=EDGE_LOOP('',(#2763,#2764,#2765,#2766));
#552=EDGE_LOOP('',(#2767,#2768,#2769,#2770));
#553=EDGE_LOOP('',(#2771,#2772,#2773,#2774));
#554=EDGE_LOOP('',(#2775,#2776,#2777,#2778,#2779,#2780,#2781));
#555=EDGE_LOOP('',(#2782,#2783,#2784,#2785));
#556=EDGE_LOOP('',(#2786,#2787,#2788,#2789));
#557=EDGE_LOOP('',(#2790,#2791,#2792,#2793));
#558=EDGE_LOOP('',(#2794,#2795,#2796));
#559=EDGE_LOOP('',(#2797,#2798,#2799));
#560=EDGE_LOOP('',(#2800,#2801,#2802,#2803));
#561=EDGE_LOOP('',(#2804,#2805,#2806,#2807));
#562=EDGE_LOOP('',(#2808,#2809,#2810,#2811));
#563=EDGE_LOOP('',(#2812,#2813,#2814,#2815));
#564=EDGE_LOOP('',(#2816,#2817,#2818,#2819));
#565=EDGE_LOOP('',(#2820,#2821,#2822,#2823));
#566=EDGE_LOOP('',(#2824,#2825,#2826));
#567=EDGE_LOOP('',(#2827,#2828,#2829));
#568=EDGE_LOOP('',(#2830,#2831,#2832,#2833));
#569=EDGE_LOOP('',(#2834,#2835,#2836,#2837));
#570=EDGE_LOOP('',(#2838,#2839,#2840,#2841));
#571=EDGE_LOOP('',(#2842,#2843,#2844,#2845));
#572=EDGE_LOOP('',(#2846,#2847,#2848,#2849));
#573=EDGE_LOOP('',(#2850,#2851,#2852,#2853));
#574=EDGE_LOOP('',(#2854,#2855,#2856));
#575=EDGE_LOOP('',(#2857,#2858,#2859));
#576=EDGE_LOOP('',(#2860,#2861,#2862,#2863));
#577=EDGE_LOOP('',(#2864,#2865,#2866,#2867));
#578=EDGE_LOOP('',(#2868,#2869,#2870));
#579=EDGE_LOOP('',(#2871,#2872,#2873));
#580=EDGE_LOOP('',(#2874,#2875,#2876,#2877,#2878,#2879,#2880));
#581=EDGE_LOOP('',(#2881,#2882,#2883,#2884));
#582=EDGE_LOOP('',(#2885,#2886,#2887,#2888));
#583=EDGE_LOOP('',(#2889,#2890,#2891,#2892));
#584=EDGE_LOOP('',(#2893,#2894,#2895));
#585=EDGE_LOOP('',(#2896,#2897,#2898,#2899));
#586=EDGE_LOOP('',(#2900,#2901,#2902,#2903));
#587=EDGE_LOOP('',(#2904,#2905,#2906,#2907));
#588=EDGE_LOOP('',(#2908,#2909));
#589=EDGE_LOOP('',(#2910,#2911,#2912,#2913));
#590=EDGE_LOOP('',(#2914,#2915,#2916,#2917));
#591=EDGE_LOOP('',(#2918,#2919,#2920,#2921));
#592=EDGE_LOOP('',(#2922,#2923,#2924));
#593=EDGE_LOOP('',(#2925,#2926,#2927));
#594=EDGE_LOOP('',(#2928,#2929,#2930,#2931));
#595=EDGE_LOOP('',(#2932,#2933,#2934,#2935));
#596=EDGE_LOOP('',(#2936,#2937,#2938,#2939));
#597=EDGE_LOOP('',(#2940,#2941,#2942,#2943));
#598=EDGE_LOOP('',(#2944,#2945,#2946,#2947));
#599=EDGE_LOOP('',(#2948,#2949,#2950,#2951));
#600=EDGE_LOOP('',(#2952,#2953,#2954));
#601=EDGE_LOOP('',(#2955,#2956,#2957,#2958));
#602=EDGE_LOOP('',(#2959,#2960,#2961,#2962));
#603=EDGE_LOOP('',(#2963,#2964,#2965,#2966));
#604=EDGE_LOOP('',(#2967,#2968,#2969,#2970));
#605=EDGE_LOOP('',(#2971,#2972,#2973,#2974));
#606=EDGE_LOOP('',(#2975,#2976,#2977,#2978));
#607=EDGE_LOOP('',(#2979,#2980,#2981,#2982));
#608=EDGE_LOOP('',(#2983,#2984,#2985,#2986));
#609=EDGE_LOOP('',(#2987,#2988,#2989,#2990,#2991,#2992,#2993));
#610=EDGE_LOOP('',(#2994,#2995,#2996,#2997));
#611=EDGE_LOOP('',(#2998,#2999,#3000,#3001));
#612=EDGE_LOOP('',(#3002,#3003,#3004,#3005,#3006));
#613=EDGE_LOOP('',(#3007,#3008,#3009));
#614=EDGE_LOOP('',(#3010,#3011,#3012,#3013));
#615=EDGE_LOOP('',(#3014,#3015,#3016,#3017));
#616=EDGE_LOOP('',(#3018,#3019,#3020,#3021));
#617=EDGE_LOOP('',(#3022,#3023,#3024,#3025));
#618=EDGE_LOOP('',(#3026,#3027,#3028,#3029));
#619=EDGE_LOOP('',(#3030,#3031,#3032,#3033));
#620=EDGE_LOOP('',(#3034,#3035,#3036,#3037));
#621=EDGE_LOOP('',(#3038,#3039,#3040,#3041));
#622=EDGE_LOOP('',(#3042,#3043,#3044,#3045));
#623=EDGE_LOOP('',(#3046,#3047,#3048,#3049));
#624=EDGE_LOOP('',(#3050,#3051,#3052,#3053));
#625=EDGE_LOOP('',(#3054,#3055,#3056,#3057));
#626=EDGE_LOOP('',(#3058,#3059,#3060,#3061));
#627=EDGE_LOOP('',(#3062,#3063,#3064,#3065));
#628=EDGE_LOOP('',(#3066,#3067,#3068,#3069));
#629=EDGE_LOOP('',(#3070,#3071,#3072));
#630=EDGE_LOOP('',(#3073,#3074,#3075));
#631=EDGE_LOOP('',(#3076,#3077,#3078,#3079));
#632=EDGE_LOOP('',(#3080,#3081,#3082,#3083));
#633=EDGE_LOOP('',(#3084,#3085,#3086,#3087));
#634=EDGE_LOOP('',(#3088,#3089,#3090,#3091));
#635=EDGE_LOOP('',(#3092,#3093,#3094,#3095));
#636=EDGE_LOOP('',(#3096,#3097,#3098,#3099));
#637=EDGE_LOOP('',(#3100,#3101,#3102));
#638=EDGE_LOOP('',(#3103,#3104,#3105));
#639=EDGE_LOOP('',(#3106,#3107,#3108,#3109));
#640=EDGE_LOOP('',(#3110,#3111,#3112,#3113));
#641=EDGE_LOOP('',(#3114,#3115,#3116,#3117));
#642=EDGE_LOOP('',(#3118,#3119,#3120,#3121));
#643=EDGE_LOOP('',(#3122,#3123,#3124,#3125));
#644=EDGE_LOOP('',(#3126,#3127,#3128,#3129));
#645=EDGE_LOOP('',(#3130,#3131,#3132));
#646=EDGE_LOOP('',(#3133,#3134,#3135,#3136));
#647=EDGE_LOOP('',(#3137,#3138,#3139,#3140));
#648=EDGE_LOOP('',(#3141,#3142,#3143,#3144));
#649=EDGE_LOOP('',(#3145,#3146,#3147));
#650=EDGE_LOOP('',(#3148,#3149,#3150,#3151));
#651=EDGE_LOOP('',(#3152,#3153,#3154,#3155));
#652=EDGE_LOOP('',(#3156,#3157,#3158,#3159));
#653=EDGE_LOOP('',(#3160,#3161,#3162,#3163));
#654=EDGE_LOOP('',(#3164,#3165,#3166));
#655=EDGE_LOOP('',(#3167,#3168,#3169,#3170));
#656=EDGE_LOOP('',(#3171,#3172,#3173,#3174));
#657=EDGE_LOOP('',(#3175,#3176,#3177,#3178));
#658=EDGE_LOOP('',(#3179,#3180,#3181,#3182));
#659=EDGE_LOOP('',(#3183,#3184,#3185,#3186));
#660=EDGE_LOOP('',(#3187,#3188,#3189,#3190));
#661=EDGE_LOOP('',(#3191,#3192,#3193));
#662=EDGE_LOOP('',(#3194,#3195,#3196));
#663=EDGE_LOOP('',(#3197,#3198,#3199,#3200));
#664=EDGE_LOOP('',(#3201,#3202,#3203,#3204));
#665=EDGE_LOOP('',(#3205,#3206,#3207,#3208));
#666=EDGE_LOOP('',(#3209,#3210,#3211,#3212));
#667=EDGE_LOOP('',(#3213,#3214,#3215,#3216));
#668=EDGE_LOOP('',(#3217,#3218,#3219,#3220));
#669=EDGE_LOOP('',(#3221,#3222,#3223,#3224));
#670=EDGE_LOOP('',(#3225,#3226,#3227,#3228));
#671=EDGE_LOOP('',(#3229,#3230,#3231,#3232));
#672=EDGE_LOOP('',(#3233,#3234,#3235,#3236));
#673=EDGE_LOOP('',(#3237,#3238,#3239,#3240));
#674=EDGE_LOOP('',(#3241,#3242,#3243,#3244));
#675=EDGE_LOOP('',(#3245,#3246,#3247,#3248));
#676=EDGE_LOOP('',(#3249,#3250,#3251,#3252));
#677=EDGE_LOOP('',(#3253,#3254,#3255,#3256,#3257));
#678=EDGE_LOOP('',(#3258,#3259,#3260,#3261,#3262));
#679=EDGE_LOOP('',(#3263,#3264,#3265,#3266));
#680=EDGE_LOOP('',(#3267,#3268,#3269,#3270));
#681=EDGE_LOOP('',(#3271,#3272,#3273,#3274));
#682=EDGE_LOOP('',(#3275,#3276,#3277,#3278));
#683=EDGE_LOOP('',(#3279,#3280,#3281,#3282));
#684=EDGE_LOOP('',(#3283,#3284,#3285,#3286));
#685=EDGE_LOOP('',(#3287,#3288,#3289,#3290));
#686=EDGE_LOOP('',(#3291,#3292,#3293,#3294));
#687=EDGE_LOOP('',(#3295,#3296,#3297,#3298));
#688=EDGE_LOOP('',(#3299,#3300,#3301,#3302));
#689=EDGE_LOOP('',(#3303,#3304,#3305,#3306));
#690=EDGE_LOOP('',(#3307,#3308,#3309,#3310));
#691=EDGE_LOOP('',(#3311,#3312,#3313,#3314,#3315,#3316,#3317,#3318,#3319,
#3320,#3321,#3322,#3323,#3324,#3325,#3326,#3327,#3328,#3329,#3330,#3331,
#3332,#3333,#3334,#3335,#3336,#3337,#3338,#3339,#3340,#3341,#3342,#3343,
#3344,#3345,#3346,#3347,#3348,#3349,#3350,#3351,#3352,#3353,#3354,#3355,
#3356,#3357,#3358,#3359,#3360,#3361,#3362,#3363,#3364,#3365,#3366,#3367,
#3368,#3369,#3370,#3371,#3372,#3373,#3374,#3375,#3376,#3377,#3378,#3379,
#3380,#3381,#3382));
#692=EDGE_LOOP('',(#3383));
#693=EDGE_LOOP('',(#3384,#3385,#3386,#3387));
#694=EDGE_LOOP('',(#3388,#3389));
#695=EDGE_LOOP('',(#3390,#3391,#3392,#3393,#3394,#3395,#3396));
#696=EDGE_LOOP('',(#3397,#3398,#3399,#3400));
#697=EDGE_LOOP('',(#3401,#3402,#3403));
#698=EDGE_LOOP('',(#3404,#3405,#3406,#3407));
#699=EDGE_LOOP('',(#3408,#3409,#3410,#3411));
#700=EDGE_LOOP('',(#3412,#3413,#3414,#3415));
#701=EDGE_LOOP('',(#3416,#3417,#3418,#3419));
#702=EDGE_LOOP('',(#3420,#3421,#3422,#3423,#3424,#3425,#3426));
#703=EDGE_LOOP('',(#3427,#3428,#3429,#3430));
#704=EDGE_LOOP('',(#3431,#3432,#3433,#3434,#3435,#3436,#3437,#3438));
#705=EDGE_LOOP('',(#3439,#3440));
#706=EDGE_LOOP('',(#3441,#3442));
#707=EDGE_LOOP('',(#3443,#3444,#3445,#3446));
#708=EDGE_LOOP('',(#3447,#3448,#3449,#3450));
#709=EDGE_LOOP('',(#3451,#3452,#3453,#3454));
#710=EDGE_LOOP('',(#3455,#3456,#3457,#3458,#3459,#3460,#3461,#3462,#3463,
#3464));
#711=EDGE_LOOP('',(#3465,#3466,#3467,#3468));
#712=EDGE_LOOP('',(#3469,#3470,#3471,#3472));
#713=EDGE_LOOP('',(#3473,#3474));
#714=CIRCLE('',#3756,25.3497272724892);
#715=CIRCLE('',#3759,27.3791334957561);
#716=CIRCLE('',#3762,27.3791334957566);
#717=CIRCLE('',#3764,25.3497272724899);
#718=CIRCLE('',#3767,31.8249514695639);
#719=CIRCLE('',#3768,30.0344735101104);
#720=CIRCLE('',#3770,28.8113520146006);
#721=CIRCLE('',#3771,31.8249514695639);
#722=CIRCLE('',#3772,28.8113520145889);
#723=CIRCLE('',#3774,25.8113520145773);
#724=CIRCLE('',#3776,31.8249514695639);
#725=CIRCLE('',#3777,1.79366800101816);
#726=CIRCLE('',#3779,25.8113520145773);
#727=CIRCLE('',#3780,1.79366800104339);
#728=CIRCLE('',#3782,25.8113520145773);
#729=CIRCLE('',#3784,31.8249514695639);
#730=CIRCLE('',#3785,30.0344735101104);
#731=CIRCLE('',#3787,25.8113520145773);
#732=CIRCLE('',#3788,25.8113520145773);
#733=CIRCLE('',#3789,25.8113520145773);
#734=CIRCLE('',#3790,25.8113520145773);
#735=CIRCLE('',#3791,25.8113520145773);
#736=CIRCLE('',#3792,25.8113520145773);
#737=CIRCLE('',#3793,25.8113520145773);
#738=CIRCLE('',#3794,25.8113520145773);
#739=CIRCLE('',#3795,25.8113520145773);
#740=CIRCLE('',#3796,25.4113520145773);
#741=CIRCLE('',#3798,25.4113520145773);
#742=CIRCLE('',#3799,25.8113520145773);
#743=CIRCLE('',#3800,25.8113520145773);
#744=CIRCLE('',#3801,25.8113520145773);
#745=CIRCLE('',#3802,25.8113520145773);
#746=CIRCLE('',#3803,25.8113520145773);
#747=CIRCLE('',#3804,25.8113520145773);
#748=CIRCLE('',#3805,25.8113520145773);
#749=CIRCLE('',#3806,25.8113520145773);
#750=CIRCLE('',#3807,25.8113520145773);
#751=CIRCLE('',#3808,25.8113520145773);
#752=CIRCLE('',#3809,25.8113520145773);
#753=CIRCLE('',#3810,25.8113520145773);
#754=CIRCLE('',#3811,25.8113520145773);
#755=CIRCLE('',#3812,25.8113520145773);
#756=CIRCLE('',#3813,25.8113520145773);
#757=CIRCLE('',#3814,25.8113520145773);
#758=CIRCLE('',#3815,25.8113520145773);
#759=CIRCLE('',#3816,25.8113520145773);
#760=CIRCLE('',#3817,25.8113520145773);
#761=CIRCLE('',#3818,25.8113520145773);
#762=CIRCLE('',#3819,25.8113520145773);
#763=CIRCLE('',#3820,25.8113520145773);
#764=CIRCLE('',#3821,25.8113520145773);
#765=CIRCLE('',#3822,25.8113520145773);
#766=CIRCLE('',#3823,25.8113520145773);
#767=CIRCLE('',#3824,25.8113520145773);
#768=CIRCLE('',#3825,25.8113520145773);
#769=CIRCLE('',#3826,25.8113520145773);
#770=CIRCLE('',#3827,25.8113520145773);
#771=CIRCLE('',#3828,25.8113520145773);
#772=CIRCLE('',#3829,25.8113520145773);
#773=CIRCLE('',#3830,25.8113520145773);
#774=CIRCLE('',#3831,25.8113520145773);
#775=CIRCLE('',#3832,25.8113520145773);
#776=CIRCLE('',#3833,25.8113520145773);
#777=CIRCLE('',#3834,25.8113520145773);
#778=CIRCLE('',#3836,28.8113520146006);
#779=CIRCLE('',#3838,1.05);
#780=CIRCLE('',#3839,1.05);
#781=CIRCLE('',#3841,4.05);
#782=CIRCLE('',#3842,4.05);
#783=CIRCLE('',#3845,25.4113520145773);
#784=CIRCLE('',#3846,25.4113520145773);
#785=CIRCLE('',#3849,3.);
#786=CIRCLE('',#3851,3.00000000000001);
#787=CIRCLE('',#3854,31.8694270531988);
#788=CIRCLE('',#3856,31.8694270531988);
#789=CIRCLE('',#3858,25.4113520145773);
#790=CIRCLE('',#3860,25.4113520145773);
#791=CIRCLE('',#3861,25.4113520145773);
#792=CIRCLE('',#3863,31.8249514695639);
#793=CIRCLE('',#3864,1.79366800101816);
#794=CIRCLE('',#3865,30.0344735101104);
#795=CIRCLE('',#3867,1.79366800104339);
#796=CIRCLE('',#3868,31.8249514695639);
#797=CIRCLE('',#3870,28.8113520146006);
#798=CIRCLE('',#3871,31.8249514695639);
#799=CIRCLE('',#3873,31.8249514695639);
#800=CIRCLE('',#3874,28.8113520146006);
#801=CIRCLE('',#3875,31.8249514695639);
#802=CIRCLE('',#3876,28.8113520145888);
#803=CIRCLE('',#3877,31.8249514695639);
#804=CIRCLE('',#3879,1.79366800101816);
#805=CIRCLE('',#3880,30.0344735101104);
#806=CIRCLE('',#3882,30.0344735101104);
#807=CIRCLE('',#3883,1.79366800104339);
#808=CIRCLE('',#3885,30.0344735101104);
#809=CIRCLE('',#3887,31.8249514695639);
#810=CIRCLE('',#3888,1.79366800101816);
#811=CIRCLE('',#3890,31.8249514695639);
#812=CIRCLE('',#3892,31.8249514695639);
#813=CIRCLE('',#3893,28.8113520146006);
#814=CIRCLE('',#3895,28.8113520145889);
#815=CIRCLE('',#3896,31.8249514695639);
#816=CIRCLE('',#3898,30.0344735101104);
#817=CIRCLE('',#3899,1.79366800104339);
#818=CIRCLE('',#3901,30.0344735101104);
#819=CIRCLE('',#3903,31.8249514695639);
#820=CIRCLE('',#3904,1.79366800101816);
#821=CIRCLE('',#3906,31.8249514695639);
#822=CIRCLE('',#3907,31.8249514695639);
#823=CIRCLE('',#3909,28.8113520145889);
#824=CIRCLE('',#3910,31.8249514695639);
#825=CIRCLE('',#3912,31.8249514695639);
#826=CIRCLE('',#3913,28.8113520146006);
#827=CIRCLE('',#3915,31.8249514695639);
#828=CIRCLE('',#3917,30.0344735101104);
#829=CIRCLE('',#3919,30.0344735101104);
#830=CIRCLE('',#3920,1.79366800104339);
#831=CIRCLE('',#3922,30.0344735101104);
#832=CIRCLE('',#3924,31.8249514695639);
#833=CIRCLE('',#3926,31.8249514695639);
#834=CIRCLE('',#3927,1.79366800101816);
#835=CIRCLE('',#3929,31.8249514695639);
#836=CIRCLE('',#3931,31.8249514695639);
#837=CIRCLE('',#3932,28.8113520146006);
#838=CIRCLE('',#3934,28.8113520145889);
#839=CIRCLE('',#3935,31.8249514695639);
#840=CIRCLE('',#3936,31.8249514695639);
#841=CIRCLE('',#3938,30.0344735101104);
#842=CIRCLE('',#3940,30.0344735101104);
#843=CIRCLE('',#3941,1.79366800104339);
#844=CIRCLE('',#3943,30.0344735101104);
#845=CIRCLE('',#3945,31.8249514695639);
#846=CIRCLE('',#3947,31.8249514695639);
#847=CIRCLE('',#3948,1.79366800101816);
#848=CIRCLE('',#3950,31.8249514695639);
#849=CIRCLE('',#3952,28.8113520145889);
#850=CIRCLE('',#3953,31.8249514695639);
#851=CIRCLE('',#3955,31.8249514695639);
#852=CIRCLE('',#3956,28.8113520146006);
#853=CIRCLE('',#3958,1.79366800104339);
#854=CIRCLE('',#3960,31.8249514695639);
#855=CIRCLE('',#3961,30.0344735101104);
#856=CIRCLE('',#3963,31.8249514695639);
#857=CIRCLE('',#3964,28.8113520145889);
#858=CIRCLE('',#3967,30.0344735101104);
#859=CIRCLE('',#3971,31.8249514695639);
#860=CIRCLE('',#3974,1.79366800104339);
#861=CIRCLE('',#3976,30.0344735101104);
#862=CIRCLE('',#3977,31.8249514695639);
#863=CIRCLE('',#3979,31.8249514695639);
#864=CIRCLE('',#3980,28.8113520145889);
#865=CIRCLE('',#3981,28.8113520146006);
#866=CIRCLE('',#3986,1.79366800104339);
#867=CIRCLE('',#3988,30.0344735101104);
#868=CIRCLE('',#3989,31.8249514695639);
#869=CIRCLE('',#3991,28.8113520146006);
#870=CIRCLE('',#3992,31.8249514695639);
#871=CIRCLE('',#3993,28.8113520145889);
#872=CIRCLE('',#3996,1.79366800101816);
#873=CIRCLE('',#3997,30.0344735101104);
#874=CIRCLE('',#4000,1.79366800104339);
#875=CIRCLE('',#4002,30.0344735101104);
#876=CIRCLE('',#4003,31.8249514695639);
#877=CIRCLE('',#4005,28.8113520146006);
#878=CIRCLE('',#4006,31.8249514695639);
#879=CIRCLE('',#4007,28.8113520145889);
#880=CIRCLE('',#4010,1.79366800101816);
#881=CIRCLE('',#4013,1.79366800101816);
#882=CIRCLE('',#4014,30.0344735101104);
#883=CIRCLE('',#4017,31.8249514695639);
#884=CIRCLE('',#4019,28.8113520146006);
#885=CIRCLE('',#4020,31.8249514695639);
#886=CIRCLE('',#4021,28.8113520145889);
#887=CIRCLE('',#4024,1.79366800101816);
#888=CIRCLE('',#4025,30.0344735101104);
#889=CIRCLE('',#4027,1.79366800104339);
#890=CIRCLE('',#4029,30.0344735101104);
#891=CIRCLE('',#4030,31.8249514695639);
#892=CIRCLE('',#4032,28.8113520146006);
#893=CIRCLE('',#4033,31.8249514695639);
#894=CIRCLE('',#4034,28.8113520145889);
#895=CIRCLE('',#4037,1.79366800101816);
#896=CIRCLE('',#4038,30.0344735101104);
#897=CIRCLE('',#4041,1.79366800104339);
#898=CIRCLE('',#4043,31.8249514695639);
#899=CIRCLE('',#4045,28.8113520146006);
#900=CIRCLE('',#4046,31.8249514695639);
#901=CIRCLE('',#4047,28.8113520145889);
#902=CIRCLE('',#4050,1.79366800101816);
#903=CIRCLE('',#4051,30.0344735101104);
#904=CIRCLE('',#4053,1.79366800104339);
#905=CIRCLE('',#4055,31.8249514695639);
#906=CIRCLE('',#4057,28.8113520146006);
#907=CIRCLE('',#4058,31.8249514695639);
#908=CIRCLE('',#4059,28.8113520145889);
#909=CIRCLE('',#4062,1.79366800101816);
#910=CIRCLE('',#4063,30.0344735101104);
#911=CIRCLE('',#4064,1.79366800104339);
#912=CIRCLE('',#4066,31.8249514695639);
#913=CIRCLE('',#4068,31.8249514695639);
#914=CIRCLE('',#4069,28.8113520145888);
#915=CIRCLE('',#4070,28.8113520146006);
#916=CIRCLE('',#4074,1.79366800104339);
#917=CIRCLE('',#4076,31.8249514695639);
#918=CIRCLE('',#4078,28.8113520146006);
#919=CIRCLE('',#4079,31.8249514695639);
#920=CIRCLE('',#4080,28.8113520145889);
#921=CIRCLE('',#4083,1.79366800101816);
#922=CIRCLE('',#4084,1.79366800104339);
#923=CIRCLE('',#4086,31.8249514695639);
#924=CIRCLE('',#4088,28.8113520146006);
#925=CIRCLE('',#4089,31.8249514695639);
#926=CIRCLE('',#4090,28.8113520145888);
#927=CIRCLE('',#4093,1.79366800101816);
#928=CIRCLE('',#4097,1.79366800104339);
#929=CIRCLE('',#4099,30.0344735101104);
#930=CIRCLE('',#4100,31.8249514695639);
#931=CIRCLE('',#4102,28.8113520146006);
#932=CIRCLE('',#4103,31.8249514695639);
#933=CIRCLE('',#4104,28.8113520145888);
#934=CIRCLE('',#4107,1.79366800101816);
#935=CIRCLE('',#4108,30.0344735101104);
#936=CIRCLE('',#4111,1.79366800104339);
#937=CIRCLE('',#4113,30.0344735101104);
#938=CIRCLE('',#4114,31.8249514695639);
#939=CIRCLE('',#4116,28.8113520146006);
#940=CIRCLE('',#4117,31.8249514695639);
#941=CIRCLE('',#4118,28.8113520145889);
#942=CIRCLE('',#4121,1.79366800101816);
#943=CIRCLE('',#4127,1.79366800101816);
#944=CIRCLE('',#4128,30.0344735101104);
#945=CIRCLE('',#4130,1.79366800104339);
#946=CIRCLE('',#4132,30.0344735101104);
#947=CIRCLE('',#4133,31.8249514695639);
#948=CIRCLE('',#4135,28.8113520146006);
#949=CIRCLE('',#4136,31.8249514695639);
#950=CIRCLE('',#4137,28.8113520145888);
#951=CIRCLE('',#4140,1.79366800101816);
#952=CIRCLE('',#4141,30.0344735101104);
#953=CIRCLE('',#4144,1.79366800104339);
#954=CIRCLE('',#4146,31.8249514695639);
#955=CIRCLE('',#4148,28.8113520146006);
#956=CIRCLE('',#4149,31.8249514695639);
#957=CIRCLE('',#4150,28.8113520145888);
#958=CIRCLE('',#4153,1.79366800101816);
#959=CIRCLE('',#4154,1.79366800104339);
#960=CIRCLE('',#4156,31.8249514695639);
#961=CIRCLE('',#4158,28.8113520146006);
#962=CIRCLE('',#4159,31.8249514695639);
#963=CIRCLE('',#4160,28.8113520145889);
#964=CIRCLE('',#4163,1.79366800101816);
#965=CIRCLE('',#4164,1.79366800104339);
#966=CIRCLE('',#4166,31.8249514695639);
#967=CIRCLE('',#4168,31.8249514695639);
#968=CIRCLE('',#4169,28.8113520145888);
#969=CIRCLE('',#4171,1.79366800104339);
#970=CIRCLE('',#4173,31.8249514695639);
#971=CIRCLE('',#4175,28.8113520146006);
#972=CIRCLE('',#4176,31.8249514695639);
#973=CIRCLE('',#4177,28.8113520145888);
#974=CIRCLE('',#4180,1.79366800101816);
#975=CIRCLE('',#4189,25.4113520145773);
#976=LINE('',#5193,#1048);
#977=LINE('',#5195,#1049);
#978=LINE('',#5197,#1050);
#979=LINE('',#5261,#1051);
#980=LINE('',#5321,#1052);
#981=LINE('',#5323,#1053);
#982=LINE('',#5324,#1054);
#983=LINE('',#5365,#1055);
#984=LINE('',#5408,#1056);
#985=LINE('',#5410,#1057);
#986=LINE('',#5412,#1058);
#987=LINE('',#5414,#1059);
#988=LINE('',#5452,#1060);
#989=LINE('',#5454,#1061);
#990=LINE('',#5477,#1062);
#991=LINE('',#5720,#1063);
#992=LINE('',#5722,#1064);
#993=LINE('',#5726,#1065);
#994=LINE('',#5727,#1066);
#995=LINE('',#5813,#1067);
#996=LINE('',#5819,#1068);
#997=LINE('',#5825,#1069);
#998=LINE('',#5827,#1070);
#999=LINE('',#5829,#1071);
#1000=LINE('',#5831,#1072);
#1001=LINE('',#5833,#1073);
#1002=LINE('',#5835,#1074);
#1003=LINE('',#5839,#1075);
#1004=LINE('',#5843,#1076);
#1005=LINE('',#5844,#1077);
#1006=LINE('',#6539,#1078);
#1007=LINE('',#6567,#1079);
#1008=LINE('',#6571,#1080);
#1009=LINE('',#6573,#1081);
#1010=LINE('',#6577,#1082);
#1011=LINE('',#6578,#1083);
#1012=LINE('',#9696,#1084);
#1013=LINE('',#9698,#1085);
#1014=LINE('',#9700,#1086);
#1015=LINE('',#9701,#1087);
#1016=LINE('',#9704,#1088);
#1017=LINE('',#9706,#1089);
#1018=LINE('',#9707,#1090);
#1019=LINE('',#9710,#1091);
#1020=LINE('',#9712,#1092);
#1021=LINE('',#9713,#1093);
#1022=LINE('',#9715,#1094);
#1023=LINE('',#9716,#1095);
#1024=LINE('',#9718,#1096);
#1025=LINE('',#9721,#1097);
#1026=LINE('',#9723,#1098);
#1027=LINE('',#9725,#1099);
#1028=LINE('',#9727,#1100);
#1029=LINE('',#9729,#1101);
#1030=LINE('',#9730,#1102);
#1031=LINE('',#9734,#1103);
#1032=LINE('',#9736,#1104);
#1033=LINE('',#9738,#1105);
#1034=LINE('',#9742,#1106);
#1035=LINE('',#9743,#1107);
#1036=LINE('',#9745,#1108);
#1037=LINE('',#9747,#1109);
#1038=LINE('',#9749,#1110);
#1039=LINE('',#9751,#1111);
#1040=LINE('',#9753,#1112);
#1041=LINE('',#9755,#1113);
#1042=LINE('',#9757,#1114);
#1043=LINE('',#9759,#1115);
#1044=LINE('',#9762,#1116);
#1045=LINE('',#9763,#1117);
#1046=LINE('',#9765,#1118);
#1047=LINE('',#9767,#1119);
#1048=VECTOR('',#4211,10.);
#1049=VECTOR('',#4212,10.);
#1050=VECTOR('',#4213,10.);
#1051=VECTOR('',#4218,10.);
#1052=VECTOR('',#4223,10.);
#1053=VECTOR('',#4224,10.);
#1054=VECTOR('',#4225,10.);
#1055=VECTOR('',#4228,1.05);
#1056=VECTOR('',#4233,10.);
#1057=VECTOR('',#4234,10.);
#1058=VECTOR('',#4235,10.);
#1059=VECTOR('',#4236,10.);
#1060=VECTOR('',#4239,10.);
#1061=VECTOR('',#4240,10.);
#1062=VECTOR('',#4243,10.);
#1063=VECTOR('',#4306,10.);
#1064=VECTOR('',#4307,10.);
#1065=VECTOR('',#4310,10.);
#1066=VECTOR('',#4311,10.);
#1067=VECTOR('',#4396,1.05);
#1068=VECTOR('',#4403,4.05);
#1069=VECTOR('',#4410,10.);
#1070=VECTOR('',#4411,10.);
#1071=VECTOR('',#4412,10.);
#1072=VECTOR('',#4413,10.);
#1073=VECTOR('',#4414,10.);
#1074=VECTOR('',#4415,10.);
#1075=VECTOR('',#4418,10.);
#1076=VECTOR('',#4421,10.);
#1077=VECTOR('',#4422,10.);
#1078=VECTOR('',#4439,10.);
#1079=VECTOR('',#4444,10.);
#1080=VECTOR('',#4451,10.);
#1081=VECTOR('',#4452,10.);
#1082=VECTOR('',#4457,10.);
#1083=VECTOR('',#4458,10.);
#1084=VECTOR('',#5101,10.);
#1085=VECTOR('',#5102,10.);
#1086=VECTOR('',#5103,10.);
#1087=VECTOR('',#5104,10.);
#1088=VECTOR('',#5107,10.);
#1089=VECTOR('',#5108,10.);
#1090=VECTOR('',#5109,10.);
#1091=VECTOR('',#5112,10.);
#1092=VECTOR('',#5113,10.);
#1093=VECTOR('',#5114,10.);
#1094=VECTOR('',#5117,10.);
#1095=VECTOR('',#5118,10.);
#1096=VECTOR('',#5121,10.);
#1097=VECTOR('',#5124,10.);
#1098=VECTOR('',#5125,10.);
#1099=VECTOR('',#5126,10.);
#1100=VECTOR('',#5127,10.);
#1101=VECTOR('',#5128,10.);
#1102=VECTOR('',#5129,10.);
#1103=VECTOR('',#5132,10.);
#1104=VECTOR('',#5133,10.);
#1105=VECTOR('',#5134,10.);
#1106=VECTOR('',#5139,10.);
#1107=VECTOR('',#5140,10.);
#1108=VECTOR('',#5143,10.);
#1109=VECTOR('',#5146,10.);
#1110=VECTOR('',#5149,10.);
#1111=VECTOR('',#5152,10.);
#1112=VECTOR('',#5155,10.);
#1113=VECTOR('',#5158,10.);
#1114=VECTOR('',#5161,10.);
#1115=VECTOR('',#5164,10.);
#1116=VECTOR('',#5169,10.);
#1117=VECTOR('',#5170,10.);
#1118=VECTOR('',#5173,10.);
#1119=VECTOR('',#5176,10.);
#1120=B_SPLINE_CURVE_WITH_KNOTS('',3,(#5186,#5187,#5188,#5189,#5190,#5191),
 .UNSPECIFIED.,.F.,.F.,(4,2,4),(3.1402872166949,3.97056277097838,4.10462732888861),
 .UNSPECIFIED.);
#1121=B_SPLINE_CURVE_WITH_KNOTS('',3,(#5199,#5200,#5201,#5202,#5203,#5204,
#5205,#5206,#5207,#5208,#5209,#5210),.UNSPECIFIED.,.F.,.F.,(4,2,2,2,2,4),
(0.142859888755525,0.238970057329775,0.318298620580696,0.397627183831618,
0.498707687624741,0.599788191417864),.UNSPECIFIED.);
#1122=B_SPLINE_CURVE_WITH_KNOTS('',3,(#5214,#5215,#5216,#5217,#5218,#5219,
#5220,#5221,#5222,#5223,#5224,#5225,#5226,#5227),.UNSPECIFIED.,.F.,.F.,
(4,2,2,2,2,2,4),(-0.253055879795626,-0.248722261657773,-0.209890886144946,
-0.161666721144005,-0.112582772927851,-0.0567294969650244,-0.0417208202459963),
 .UNSPECIFIED.);
#1123=B_SPLINE_CURVE_WITH_KNOTS('',3,(#5229,#5230,#5231,#5232,#5233,#5234,
#5235,#5236,#5237,#5238,#5239,#5240,#5241,#5242,#5243,#5244,#5245,#5246),
 .UNSPECIFIED.,.F.,.F.,(4,2,2,2,2,2,2,2,4),(-0.629841387421777,-0.615139999266248,
-0.590821984179104,-0.520552671963224,-0.48219483549867,-0.449976819979884,
-0.421095955868717,-0.351280385484731,-0.331214153004881),.UNSPECIFIED.);
#1124=B_SPLINE_CURVE_WITH_KNOTS('',3,(#5248,#5249,#5250,#5251,#5252,#5253,
#5254,#5255,#5256,#5257,#5258,#5259),.UNSPECIFIED.,.F.,.F.,(4,2,2,2,2,4),
(0.,0.0553620926146684,0.110724185229337,0.178363370996491,0.246002556763646,
0.248496381344094),.UNSPECIFIED.);
#1125=B_SPLINE_CURVE_WITH_KNOTS('',3,(#5262,#5263,#5264,#5265,#5266,#5267,
#5268,#5269,#5270,#5271,#5272,#5273,#5274,#5275,#5276,#5277,#5278,#5279,
#5280,#5281),.UNSPECIFIED.,.F.,.F.,(4,2,2,2,2,2,2,2,2,4),(-0.549400084892869,
-0.517580389844427,-0.485760694795984,-0.422121304699099,-0.345152535408356,
-0.268183766117612,-0.194794676284156,-0.1214055864507,-0.0607027932253499,
0.),.UNSPECIFIED.);
#1126=B_SPLINE_CURVE_WITH_KNOTS('',3,(#5286,#5287,#5288,#5289),
 .UNSPECIFIED.,.F.,.F.,(4,4),(4.6530216485569,4.78640002733678),
 .UNSPECIFIED.);
#1127=B_SPLINE_CURVE_WITH_KNOTS('',3,(#5291,#5292,#5293,#5294,#5295,#5296,
#5297,#5298,#5299,#5300,#5301,#5302,#5303,#5304,#5305,#5306,#5307,#5308),
 .UNSPECIFIED.,.F.,.F.,(4,2,2,2,2,2,2,2,4),(-0.413765213101254,-0.38732976084998,
-0.362178091686481,-0.322344999896934,-0.272542517354124,-0.218063697830498,
-0.154407278489304,-0.0817561423964336,0.),.UNSPECIFIED.);
#1128=B_SPLINE_CURVE_WITH_KNOTS('',3,(#5310,#5311,#5312,#5313,#5314,#5315,
#5316,#5317,#5318,#5319),.UNSPECIFIED.,.F.,.F.,(4,2,2,2,4),(-0.395781560824582,
-0.327361980308102,-0.249434998890012,-0.103058067305143,0.),
 .UNSPECIFIED.);
#1129=B_SPLINE_CURVE_WITH_KNOTS('',3,(#5328,#5329,#5330,#5331,#5332,#5333,
#5334,#5335,#5336,#5337,#5338,#5339,#5340,#5341,#5342,#5343,#5344,#5345),
 .UNSPECIFIED.,.F.,.F.,(4,2,2,2,2,2,2,2,4),(0.,0.0427803721481246,0.0855607442962492,
0.124962936774825,0.164365129253402,0.203767321731978,0.243169514210554,
0.285949886358679,0.328730258506804),.UNSPECIFIED.);
#1130=B_SPLINE_CURVE_WITH_KNOTS('',3,(#5346,#5347,#5348,#5349,#5350,#5351,
#5352,#5353,#5354,#5355,#5356,#5357,#5358,#5359,#5360,#5361,#5362,#5363),
 .UNSPECIFIED.,.F.,.F.,(4,2,2,2,2,2,2,2,4),(0.328730258506804,0.371577571154462,
0.41442488380212,0.453834882983318,0.493244882164517,0.532654881345715,
0.572064880526913,0.614912193174572,0.65775950582223),.UNSPECIFIED.);
#1131=B_SPLINE_CURVE_WITH_KNOTS('',3,(#5367,#5368,#5369,#5370,#5371,#5372,
#5373,#5374,#5375,#5376,#5377,#5378,#5379,#5380,#5381,#5382,#5383,#5384),
 .UNSPECIFIED.,.F.,.F.,(4,2,2,2,2,2,2,2,4),(0.,0.039556934827285,0.07911386965457,
0.118670800587341,0.158227731520113,0.197784662452884,0.237341593385655,
0.27689852821294,0.316455463040226),.UNSPECIFIED.);
#1132=B_SPLINE_CURVE_WITH_KNOTS('',3,(#5385,#5386,#5387,#5388,#5389,#5390,
#5391,#5392,#5393,#5394,#5395,#5396,#5397,#5398,#5399,#5400,#5401,#5402),
 .UNSPECIFIED.,.F.,.F.,(4,2,2,2,2,2,2,2,4),(0.316455463040226,0.356012397867511,
0.395569332694796,0.435126263627567,0.474683194560338,0.51424012549311,
0.553797056425881,0.593353991253166,0.632910926080451),.UNSPECIFIED.);
#1133=B_SPLINE_CURVE_WITH_KNOTS('',3,(#5416,#5417,#5418,#5419,#5420,#5421,
#5422,#5423,#5424,#5425),.UNSPECIFIED.,.F.,.F.,(4,2,2,2,4),(-0.255345476070202,
-0.212705279531113,-0.165185607296172,-0.0852783294771386,-0.00683272469860542),
 .UNSPECIFIED.);
#1134=B_SPLINE_CURVE_WITH_KNOTS('',3,(#5427,#5428,#5429,#5430,#5431,#5432,
#5433,#5434,#5435,#5436,#5437,#5438,#5439,#5440,#5441,#5442,#5443,#5444),
 .UNSPECIFIED.,.F.,.F.,(4,2,2,2,2,2,2,2,4),(-0.332847412707849,-0.281222122597931,
-0.232184505418315,-0.179155574036265,-0.136432581855458,-0.0999185486521989,
-0.0634780087151415,-0.034381096178155,0.),.UNSPECIFIED.);
#1135=B_SPLINE_CURVE_WITH_KNOTS('',3,(#5445,#5446,#5447,#5448),
 .UNSPECIFIED.,.F.,.F.,(4,4),(1.20049407719816,1.33387245597723),
 .UNSPECIFIED.);
#1136=B_SPLINE_CURVE_WITH_KNOTS('',3,(#5456,#5457,#5458,#5459,#5460,#5461),
 .UNSPECIFIED.,.F.,.F.,(4,2,4),(1.684004046536,1.81806860444658,2.64834415873025),
 .UNSPECIFIED.);
#1137=B_SPLINE_CURVE_WITH_KNOTS('',3,(#5465,#5466,#5467,#5468,#5469,#5470,
#5471,#5472,#5473,#5474,#5475,#5476),.UNSPECIFIED.,.F.,.F.,(4,2,2,2,2,4),
(1.93037944557409,2.0314599493672,2.13254045316032,2.21186901641124,2.29119757966216,
2.38730774823641),.UNSPECIFIED.);
#1138=B_SPLINE_CURVE_WITH_KNOTS('',3,(#5480,#5481,#5482,#5483,#5484,#5485,
#5486,#5487,#5488,#5489,#5490,#5491),.UNSPECIFIED.,.F.,.F.,(4,2,2,2,2,4),
(0.252878709082662,0.255372533663294,0.323011719430447,0.390650905197601,
0.446012997812269,0.501375090426938),.UNSPECIFIED.);
#1139=B_SPLINE_CURVE_WITH_KNOTS('',3,(#5493,#5494,#5495,#5496,#5497,#5498,
#5499,#5500,#5501,#5502,#5503,#5504,#5505,#5506,#5507,#5508),
 .UNSPECIFIED.,.F.,.F.,(4,2,2,2,2,2,2,4),(-0.287783949520807,-0.25996021375733,
-0.205471226142115,-0.178227276747497,-0.147725801883783,-0.079088532143583,
-0.0229589065600349,-0.00247506329605511),.UNSPECIFIED.);
#1140=B_SPLINE_CURVE_WITH_KNOTS('',3,(#5509,#5510,#5511,#5512,#5513,#5514,
#5515,#5516,#5517,#5518,#5519,#5520,#5521,#5522),.UNSPECIFIED.,.F.,.F.,
(4,2,2,2,2,2,4),(-0.50084420885282,-0.497899234517989,-0.452584402807957,
-0.407300489485834,-0.366703898908271,-0.316613317482281,-0.290710172062615),
 .UNSPECIFIED.);
#1141=B_SPLINE_CURVE_WITH_KNOTS('',3,(#5523,#5524,#5525,#5526,#5527,#5528,
#5529,#5530,#5531,#5532,#5533,#5534,#5535,#5536,#5537,#5538,#5539,#5540,
#5541,#5542),.UNSPECIFIED.,.F.,.F.,(4,2,2,2,2,2,2,2,2,4),(-0.549400084892855,
-0.488697291667505,-0.427994498442156,-0.354605408608702,-0.281216318775249,
-0.204247549484508,-0.127278780193768,-0.0636393900968839,-0.031819695048442,
0.),.UNSPECIFIED.);
#1142=B_SPLINE_CURVE_WITH_KNOTS('',3,(#5547,#5548,#5549,#5550,#5551,#5552,
#5553,#5554,#5555,#5556,#5557,#5558,#5559),.UNSPECIFIED.,.F.,.F.,(4,3,2,
2,2,4),(-0.0104334331577278,0.,0.0641735306636493,0.131817495962648,0.204161551902784,
0.281195469229247),.UNSPECIFIED.);
#1143=B_SPLINE_CURVE_WITH_KNOTS('',3,(#5570,#5571,#5572,#5573,#5574,#5575,
#5576),.UNSPECIFIED.,.F.,.F.,(4,3,4),(1.91990925207017,1.99381419567086,
2.09235412047213),.UNSPECIFIED.);
#1144=B_SPLINE_CURVE_WITH_KNOTS('',3,(#5583,#5584,#5585,#5586,#5587,#5588,
#5589,#5590,#5591,#5592),.UNSPECIFIED.,.F.,.F.,(4,2,2,2,4),(0.106639269845536,
0.140131572417893,0.210208392234268,0.24646251810553,0.282716356990879),
 .UNSPECIFIED.);
#1145=B_SPLINE_CURVE_WITH_KNOTS('',3,(#5594,#5595,#5596,#5597,#5598,#5599,
#5600,#5601,#5602,#5603,#5604,#5605),.UNSPECIFIED.,.F.,.F.,(4,2,2,2,2,4),
(0.,0.0702207876252577,0.140322372312933,0.210367292213813,0.246556923226568,
0.28272572706031),.UNSPECIFIED.);
#1146=B_SPLINE_CURVE_WITH_KNOTS('',3,(#5633,#5634,#5635,#5636),
 .UNSPECIFIED.,.F.,.F.,(4,4),(-2.08611220859011,-1.97197011284186),
 .UNSPECIFIED.);
#1147=B_SPLINE_CURVE_WITH_KNOTS('',3,(#5638,#5639,#5640,#5641,#5642,#5643,
#5644,#5645,#5646,#5647,#5648,#5649),.UNSPECIFIED.,.F.,.F.,(4,2,2,2,2,4),
(0.,0.0701084098331718,0.140131572417887,0.210208392234254,0.246462518105507,
0.282716356990847),.UNSPECIFIED.);
#1148=B_SPLINE_CURVE_WITH_KNOTS('',3,(#5651,#5652,#5653,#5654,#5655),
 .UNSPECIFIED.,.F.,.F.,(4,1,4),(0.787509753015035,0.886049679833379,0.959954624947137),
 .UNSPECIFIED.);
#1149=B_SPLINE_CURVE_WITH_KNOTS('',3,(#5673,#5674,#5675,#5676,#5677,#5678,
#5679,#5680),.UNSPECIFIED.,.F.,.F.,(4,2,2,4),(0.,0.0702207876252555,0.140322372312932,
0.176255954021373),.UNSPECIFIED.);
#1150=B_SPLINE_CURVE_WITH_KNOTS('',3,(#5687,#5688,#5689,#5690,#5691,#5692,
#5693,#5694,#5695,#5696,#5697,#5698,#5699),.UNSPECIFIED.,.F.,.F.,(4,3,2,
2,2,4),(-0.0104334331577278,0.,0.0641735306636493,0.131817495962648,0.204161551902784,
0.281195469229247),.UNSPECIFIED.);
#1151=B_SPLINE_CURVE_WITH_KNOTS('',3,(#5804,#5805,#5806,#5807,#5808),
 .UNSPECIFIED.,.F.,.F.,(4,1,4),(0.787509753015035,0.886049679833379,0.959954624947137),
 .UNSPECIFIED.);
#1152=B_SPLINE_CURVE_WITH_KNOTS('',3,(#5848,#5849,#5850,#5851,#5852,#5853,
#5854,#5855,#5856,#5857,#5858,#5859,#5860,#5861,#5862,#5863,#5864,#5865,
#5866,#5867,#5868,#5869),.UNSPECIFIED.,.F.,.F.,(4,2,2,2,2,2,2,2,2,2,4),
(9.93777529304275,10.1708493905826,10.6906927710026,11.2105361514226,11.7303795318426,
12.2502229122626,12.755825166716,13.2614274211695,13.7670296756229,14.2726319300764,
14.5594025474097),.UNSPECIFIED.);
#1153=B_SPLINE_CURVE_WITH_KNOTS('',3,(#5871,#5872,#5873,#5874,#5875,#5876),
 .UNSPECIFIED.,.F.,.F.,(4,2,4),(2.10307478752163,2.50469016162912,2.80726930221069),
 .UNSPECIFIED.);
#1154=B_SPLINE_CURVE_WITH_KNOTS('',3,(#5878,#5879,#5880,#5881),
 .UNSPECIFIED.,.F.,.F.,(4,4),(7.53315217129793,7.67665087150831),
 .UNSPECIFIED.);
#1155=B_SPLINE_CURVE_WITH_KNOTS('',3,(#5883,#5884,#5885,#5886,#5887,#5888,
#5889,#5890,#5891,#5892,#5893,#5894),.UNSPECIFIED.,.F.,.F.,(4,2,2,2,2,4),
(-0.891751480496509,-0.890564507433744,-0.7976080124681,-0.675341765141157,
-0.520426784716736,-0.468940119085401),.UNSPECIFIED.);
#1156=B_SPLINE_CURVE_WITH_KNOTS('',3,(#5896,#5897,#5898,#5899,#5900,#5901,
#5902,#5903,#5904,#5905,#5906,#5907,#5908,#5909,#5910,#5911),
 .UNSPECIFIED.,.F.,.F.,(4,2,2,2,2,2,2,4),(-1.0283735590916,-1.0095695043829,
-0.900606243418333,-0.820579872360219,-0.758388977377331,-0.697882553810321,
-0.628742250411181,-0.60969803010839),.UNSPECIFIED.);
#1157=B_SPLINE_CURVE_WITH_KNOTS('',3,(#5913,#5914,#5915,#5916,#5917,#5918),
 .UNSPECIFIED.,.F.,.F.,(4,2,4),(5.79404956287348,5.97785634518737,6.34112606714111),
 .UNSPECIFIED.);
#1158=B_SPLINE_CURVE_WITH_KNOTS('',3,(#5920,#5921,#5922,#5923,#5924,#5925,
#5926,#5927,#5928,#5929),.UNSPECIFIED.,.F.,.F.,(4,2,2,2,4),(-0.546950519583359,
-0.478747894800029,-0.392277013895668,-0.293866199414842,-0.209605761154965),
 .UNSPECIFIED.);
#1159=B_SPLINE_CURVE_WITH_KNOTS('',3,(#5931,#5932,#5933,#5934,#5935,#5936,
#5937,#5938,#5939,#5940,#5941,#5942,#5943,#5944),.UNSPECIFIED.,.F.,.F.,
(4,2,2,2,2,2,4),(-0.685564774826201,-0.659934790112849,-0.587159012709203,
-0.523212094991815,-0.462830539887884,-0.399607914081822,-0.3805945026136),
 .UNSPECIFIED.);
#1160=B_SPLINE_CURVE_WITH_KNOTS('',3,(#5946,#5947,#5948,#5949,#5950,#5951),
 .UNSPECIFIED.,.F.,.F.,(4,2,4),(4.39231323865686,4.73207208727031,4.80343654115574),
 .UNSPECIFIED.);
#1161=B_SPLINE_CURVE_WITH_KNOTS('',3,(#5953,#5954,#5955,#5956,#5957,#5958,
#5959,#5960,#5961,#5962,#5963,#5964,#5965,#5966),.UNSPECIFIED.,.F.,.F.,
(4,2,2,2,2,2,4),(-0.369534562324202,-0.36859122506351,-0.294205419265526,
-0.218852479954312,-0.143767143902718,-0.0703815472682263,-0.0661409377851799),
 .UNSPECIFIED.);
#1162=B_SPLINE_CURVE_WITH_KNOTS('',3,(#5968,#5969,#5970,#5971,#5972,#5973,
#5974,#5975,#5976,#5977,#5978,#5979,#5980,#5981),.UNSPECIFIED.,.F.,.F.,
(4,2,2,2,2,2,4),(-0.427700939706577,-0.4056545104676,-0.358747888058747,
-0.290255044952498,-0.221215479302146,-0.149740581828057,-0.132278398272637),
 .UNSPECIFIED.);
#1163=B_SPLINE_CURVE_WITH_KNOTS('',3,(#5983,#5984,#5985,#5986,#5987,#5988),
 .UNSPECIFIED.,.F.,.F.,(4,2,4),(3.36472251338578,3.56040773145674,3.75609294952771),
 .UNSPECIFIED.);
#1164=B_SPLINE_CURVE_WITH_KNOTS('',3,(#5990,#5991,#5992,#5993,#5994,#5995,
#5996,#5997,#5998,#5999,#6000,#6001),.UNSPECIFIED.,.F.,.F.,(4,2,2,2,2,4),
(-0.320404055522288,-0.277610287804223,-0.208503305725079,-0.139844052937146,
-0.0704685092332098,-0.0250210486608698),.UNSPECIFIED.);
#1165=B_SPLINE_CURVE_WITH_KNOTS('',3,(#6003,#6004,#6005,#6006,#6007,#6008,
#6009,#6010,#6011,#6012,#6013,#6014),.UNSPECIFIED.,.F.,.F.,(4,2,2,2,2,4),
(-0.425242116673673,-0.362443811617833,-0.287092795069087,-0.212039458359691,
-0.138544047010121,-0.12202250848748),.UNSPECIFIED.);
#1166=B_SPLINE_CURVE_WITH_KNOTS('',3,(#6016,#6017,#6018,#6019,#6020,#6021),
 .UNSPECIFIED.,.F.,.F.,(4,2,4),(2.84588029194816,2.91724474583358,3.25700359444704),
 .UNSPECIFIED.);
#1167=B_SPLINE_CURVE_WITH_KNOTS('',3,(#6023,#6024,#6025,#6026,#6027,#6028,
#6029,#6030,#6031,#6032,#6033,#6034,#6035,#6036),.UNSPECIFIED.,.F.,.F.,
(4,2,2,2,2,2,4),(-0.441279529649736,-0.438163512578486,-0.376270921031411,
-0.314674647281912,-0.248489134890443,-0.172466734257288,-0.13527795686792),
 .UNSPECIFIED.);
#1168=B_SPLINE_CURVE_WITH_KNOTS('',3,(#6038,#6039,#6040,#6041,#6042,#6043,
#6044,#6045,#6046,#6047,#6048,#6049),.UNSPECIFIED.,.F.,.F.,(4,2,2,2,2,4),
(-0.551297595364982,-0.518338985229309,-0.420413791676617,-0.331782835978324,
-0.255381458799171,-0.213026889297589),.UNSPECIFIED.);
#1169=B_SPLINE_CURVE_WITH_KNOTS('',3,(#6051,#6052,#6053,#6054,#6055,#6056),
 .UNSPECIFIED.,.F.,.F.,(4,2,4),(2.4334034765888,2.79667319854253,2.98047998085643),
 .UNSPECIFIED.);
#1170=B_SPLINE_CURVE_WITH_KNOTS('',3,(#6058,#6059,#6060,#6061,#6062,#6063,
#6064,#6065,#6066,#6067,#6068,#6069,#6070,#6071),.UNSPECIFIED.,.F.,.F.,
(4,2,2,2,2,2,4),(-0.667582599899728,-0.642961670335584,-0.579104022395587,
-0.517985774187178,-0.448962857887549,-0.358806900187321,-0.258606862880882),
 .UNSPECIFIED.);
#1171=B_SPLINE_CURVE_WITH_KNOTS('',3,(#6073,#6074,#6075,#6076,#6077,#6078,
#6079,#6080,#6081,#6082),.UNSPECIFIED.,.F.,.F.,(4,2,2,2,4),(-0.970835955549717,
-0.80889300966749,-0.644612101868738,-0.516902475023012,-0.432167962358044),
 .UNSPECIFIED.);
#1172=B_SPLINE_CURVE_WITH_KNOTS('',3,(#6084,#6085,#6086,#6087),
 .UNSPECIFIED.,.F.,.F.,(4,4),(2.47159067268344,2.61508937289274),
 .UNSPECIFIED.);
#1173=B_SPLINE_CURVE_WITH_KNOTS('',3,(#6088,#6089,#6090,#6091),
 .UNSPECIFIED.,.F.,.F.,(4,4),(2.09010811284406,2.79696461101879),
 .UNSPECIFIED.);
#1174=B_SPLINE_CURVE_WITH_KNOTS('',3,(#6095,#6096,#6097,#6098,#6099,#6100,
#6101,#6102),.UNSPECIFIED.,.F.,.F.,(4,2,2,4),(-0.143388270642373,-0.13934723928387,
-0.0699945925267276,-0.0648512024374704),.UNSPECIFIED.);
#1175=B_SPLINE_CURVE_WITH_KNOTS('',3,(#6114,#6115,#6116,#6117,#6118,#6119,
#6120,#6121,#6122,#6123,#6124),.UNSPECIFIED.,.F.,.F.,(4,2,2,3,4),(-0.443061626697516,
-0.419162318419466,-0.209581159209733,0.,0.111613538895617),
 .UNSPECIFIED.);
#1176=B_SPLINE_CURVE_WITH_KNOTS('',3,(#6126,#6127,#6128,#6129,#6130,#6131,
#6132,#6133,#6134,#6135,#6136,#6137,#6138,#6139),.UNSPECIFIED.,.F.,.F.,
(4,2,2,2,2,2,4),(-0.488325927605457,-0.450552500862043,-0.364153401262073,
-0.283312537244774,-0.199642098443614,-0.108346363211699,-0.0640001109117759),
 .UNSPECIFIED.);
#1177=B_SPLINE_CURVE_WITH_KNOTS('',3,(#6141,#6142,#6143,#6144,#6145,#6146,
#6147,#6148,#6149,#6150,#6151,#6152),.UNSPECIFIED.,.F.,.F.,(4,2,2,2,2,4),
(-0.666891138260098,-0.630141132205767,-0.564278219797604,-0.489685305818533,
-0.411506678033728,-0.361270984485168),.UNSPECIFIED.);
#1178=B_SPLINE_CURVE_WITH_KNOTS('',3,(#6154,#6155,#6156,#6157,#6158,#6159,
#6160,#6161),.UNSPECIFIED.,.F.,.F.,(4,2,2,4),(1.87853071895216,1.98550197697559,
2.19402114556143,2.39872566981499),.UNSPECIFIED.);
#1179=B_SPLINE_CURVE_WITH_KNOTS('',3,(#6163,#6164,#6165,#6166,#6167,#6168,
#6169,#6170,#6171,#6172,#6173,#6174,#6175,#6176),.UNSPECIFIED.,.F.,.F.,
(4,2,2,2,2,2,4),(-0.631110207400707,-0.534181543863516,-0.42167320401639,
-0.348493885007446,-0.259932511953545,-0.104401735477405,-0.0772479941184728),
 .UNSPECIFIED.);
#1180=B_SPLINE_CURVE_WITH_KNOTS('',3,(#6177,#6178,#6179,#6180,#6181,#6182,
#6183,#6184,#6185,#6186),.UNSPECIFIED.,.F.,.F.,(4,2,2,2,4),(0.795352745562641,
0.818349210107354,1.00955856718816,1.20076792426897,1.25087811193483),
 .UNSPECIFIED.);
#1181=B_SPLINE_CURVE_WITH_KNOTS('',3,(#6190,#6191,#6192,#6193,#6194,#6195,
#6196,#6197,#6198,#6199),.UNSPECIFIED.,.F.,.F.,(4,2,2,2,4),(1.47196381021218,
1.58357734910779,1.79315850831753,2.00273966752726,2.02663897564668),
 .UNSPECIFIED.);
#1182=B_SPLINE_CURVE_WITH_KNOTS('',3,(#6211,#6212,#6213,#6214,#6215,#6216),
 .UNSPECIFIED.,.F.,.F.,(4,2,4),(-0.446776411194322,-0.416864956581898,-0.368308906604672),
 .UNSPECIFIED.);
#1183=B_SPLINE_CURVE_WITH_KNOTS('',3,(#6218,#6219,#6220,#6221,#6222,#6223,
#6224,#6225,#6226,#6227),.UNSPECIFIED.,.F.,.F.,(4,2,2,2,4),(0.332699237172947,
0.38280942483882,0.574018781919629,0.765228139000437,0.788224603545141),
 .UNSPECIFIED.);
#1184=B_SPLINE_CURVE_WITH_KNOTS('',3,(#6229,#6230,#6231,#6232,#6233,#6234,
#6235,#6236,#6237,#6238,#6239,#6240,#6241,#6242,#6243,#6244),
 .UNSPECIFIED.,.F.,.F.,(4,2,2,2,2,2,2,4),(-0.684742474925114,-0.68428656547482,
-0.612658835951493,-0.48162067683733,-0.406986752996131,-0.332754701963189,
-0.203358305004121,-0.15997760957848),.UNSPECIFIED.);
#1185=B_SPLINE_CURVE_WITH_KNOTS('',3,(#6246,#6247,#6248,#6249,#6250,#6251,
#6252,#6253),.UNSPECIFIED.,.F.,.F.,(4,2,2,4),(2.42556952833284,2.63027405258638,
2.83879322117222,2.94576447919568),.UNSPECIFIED.);
#1186=B_SPLINE_CURVE_WITH_KNOTS('',3,(#6255,#6256,#6257,#6258,#6259,#6260,
#6261,#6262,#6263,#6264,#6265,#6266,#6267,#6268),.UNSPECIFIED.,.F.,.F.,
(4,2,2,2,2,2,4),(-0.370810032332374,-0.345797127334786,-0.26626576985664,
-0.193603057305915,-0.128997183297168,-0.0662312935037952,-0.0655424286940669),
 .UNSPECIFIED.);
#1187=B_SPLINE_CURVE_WITH_KNOTS('',3,(#6269,#6270,#6271,#6272,#6273,#6274,
#6275,#6276,#6277,#6278,#6279,#6280,#6281,#6282),.UNSPECIFIED.,.F.,.F.,
(4,2,2,2,2,2,4),(-0.9700214504023,-0.95450820948735,-0.870958946271278,
-0.790343583716988,-0.710831000672849,-0.62773748510468,-0.555190062757222),
 .UNSPECIFIED.);
#1188=B_SPLINE_CURVE_WITH_KNOTS('',3,(#6284,#6285,#6286,#6287,#6288,#6289,
#6290,#6291,#6292,#6293,#6294,#6295,#6296,#6297,#6298,#6299,#6300,#6301,
#6302,#6303,#6304,#6305),.UNSPECIFIED.,.F.,.F.,(4,2,2,2,2,2,2,2,2,2,4),
(9.97447540711956,10.1375701160855,10.5977841386843,11.0579981612831,11.5182121838819,
11.9784262064807,12.4386402290795,12.8988542516783,13.359068274277,13.8192822968758,
13.9823770058418),.UNSPECIFIED.);
#1189=B_SPLINE_CURVE_WITH_KNOTS('',3,(#6307,#6308,#6309,#6310),
 .UNSPECIFIED.,.F.,.F.,(4,4),(6.12233965953664,6.20651374740289),
 .UNSPECIFIED.);
#1190=B_SPLINE_CURVE_WITH_KNOTS('',3,(#6312,#6313,#6314,#6315,#6316,#6317,
#6318,#6319,#6320,#6321,#6322,#6323),.UNSPECIFIED.,.F.,.F.,(4,2,2,2,2,4),
(-0.653670098261827,-0.579740798791541,-0.501123980592084,-0.426392171609443,
-0.356623815806418,-0.344705652244667),.UNSPECIFIED.);
#1191=B_SPLINE_CURVE_WITH_KNOTS('',3,(#6325,#6326,#6327,#6328,#6329,#6330,
#6331,#6332,#6333,#6334,#6335,#6336,#6337,#6338),.UNSPECIFIED.,.F.,.F.,
(4,2,2,2,2,2,4),(-0.723449423815646,-0.683558154667728,-0.643315643641016,
-0.57646427360983,-0.506291209928652,-0.430695648015581,-0.424978057817936),
 .UNSPECIFIED.);
#1192=B_SPLINE_CURVE_WITH_KNOTS('',3,(#6340,#6341,#6342,#6343,#6344,#6345),
 .UNSPECIFIED.,.F.,.F.,(4,2,4),(4.77101912489269,4.78150938394531,5.21888337588562),
 .UNSPECIFIED.);
#1193=B_SPLINE_CURVE_WITH_KNOTS('',3,(#6347,#6348,#6349,#6350,#6351,#6352,
#6353,#6354,#6355,#6356,#6357,#6358),.UNSPECIFIED.,.F.,.F.,(4,2,2,2,2,4),
(-0.497195167142617,-0.422882239387127,-0.347349420021731,-0.274080515486922,
-0.203904003335869,-0.193932675765484),.UNSPECIFIED.);
#1194=B_SPLINE_CURVE_WITH_KNOTS('',3,(#6360,#6361,#6362,#6363,#6364,#6365,
#6366,#6367,#6368,#6369,#6370,#6371),.UNSPECIFIED.,.F.,.F.,(4,2,2,2,2,4),
(-0.617399155663576,-0.561324220492295,-0.502945765219973,-0.433834186588243,
-0.361335608108647,-0.320792025345452),.UNSPECIFIED.);
#1195=B_SPLINE_CURVE_WITH_KNOTS('',3,(#6373,#6374,#6375,#6376,#6377,#6378),
 .UNSPECIFIED.,.F.,.F.,(4,2,4),(3.72369099927964,3.90399140048777,4.16786426462085),
 .UNSPECIFIED.);
#1196=B_SPLINE_CURVE_WITH_KNOTS('',3,(#6380,#6381,#6382,#6383,#6384,#6385,
#6386,#6387,#6388,#6389,#6390,#6391,#6392,#6393),.UNSPECIFIED.,.F.,.F.,
(4,2,2,2,2,2,4),(-0.363438084683363,-0.354673238021852,-0.280964437837693,
-0.208506487605284,-0.137712037521343,-0.0684357741445492,-0.0649111828990645),
 .UNSPECIFIED.);
#1197=B_SPLINE_CURVE_WITH_KNOTS('',3,(#6395,#6396,#6397,#6398,#6399,#6400,
#6401,#6402,#6403,#6404,#6405,#6406),.UNSPECIFIED.,.F.,.F.,(4,2,2,2,2,4),
(-0.593499338511183,-0.567267254511732,-0.498243296618925,-0.427999014862648,
-0.355742279272599,-0.297083562711385),.UNSPECIFIED.);
#1198=B_SPLINE_CURVE_WITH_KNOTS('',3,(#6408,#6409,#6410,#6411,#6412,#6413),
 .UNSPECIFIED.,.F.,.F.,(4,2,4),(2.71042569649281,2.93578476129911,3.16114382610541),
 .UNSPECIFIED.);
#1199=B_SPLINE_CURVE_WITH_KNOTS('',3,(#6415,#6416,#6417,#6418,#6419,#6420,
#6421,#6422,#6423,#6424,#6425,#6426),.UNSPECIFIED.,.F.,.F.,(4,2,2,2,2,4),
(-0.337506666232665,-0.27827254812928,-0.207442028787636,-0.138065630223435,
-0.0692190828804353,-0.0410507525098876),.UNSPECIFIED.);
#1200=B_SPLINE_CURVE_WITH_KNOTS('',3,(#6428,#6429,#6430,#6431,#6432,#6433,
#6434,#6435,#6436,#6437,#6438,#6439),.UNSPECIFIED.,.F.,.F.,(4,2,2,2,2,4),
(-0.661070143962031,-0.638865752793059,-0.568048952716748,-0.495536008955666,
-0.421737363639636,-0.362361089992938),.UNSPECIFIED.);
#1201=B_SPLINE_CURVE_WITH_KNOTS('',3,(#6441,#6442,#6443,#6444,#6445,#6446),
 .UNSPECIFIED.,.F.,.F.,(4,2,4),(2.07852197615959,2.34239484029267,2.5226952415008),
 .UNSPECIFIED.);
#1202=B_SPLINE_CURVE_WITH_KNOTS('',3,(#6448,#6449,#6450,#6451,#6452,#6453,
#6454,#6455,#6456,#6457,#6458,#6459),.UNSPECIFIED.,.F.,.F.,(4,2,2,2,2,4),
(-0.299218462224548,-0.275946783556154,-0.205252021938085,-0.137006283104074,
-0.0691922861792609,-0.00247197459748099),.UNSPECIFIED.);
#1203=B_SPLINE_CURVE_WITH_KNOTS('',3,(#6461,#6462,#6463,#6464,#6465,#6466,
#6467,#6468,#6469,#6470,#6471,#6472,#6473,#6474),.UNSPECIFIED.,.F.,.F.,
(4,2,2,2,2,2,4),(-0.801901424567423,-0.800087748329148,-0.72766134477874,
-0.652520243935842,-0.576258473749511,-0.501001032915444,-0.49815647573357),
 .UNSPECIFIED.);
#1204=B_SPLINE_CURVE_WITH_KNOTS('',3,(#6476,#6477,#6478,#6479,#6480,#6481),
 .UNSPECIFIED.,.F.,.F.,(4,2,4),(1.58745198046768,2.02482597240797,2.03531623146059),
 .UNSPECIFIED.);
#1205=B_SPLINE_CURVE_WITH_KNOTS('',3,(#6483,#6484,#6485,#6486,#6487,#6488,
#6489,#6490,#6491,#6492,#6493,#6494),.UNSPECIFIED.,.F.,.F.,(4,2,2,2,2,4),
(-0.299198884000974,-0.272808802987022,-0.201975648642583,-0.134992388785363,
-0.0687095877252897,-0.000567152042341909),.UNSPECIFIED.);
#1206=B_SPLINE_CURVE_WITH_KNOTS('',3,(#6496,#6497,#6498,#6499,#6500,#6501,
#6502,#6503,#6504,#6505,#6506,#6507),.UNSPECIFIED.,.F.,.F.,(4,2,2,2,2,4),
(-0.612743373068018,-0.579449647415492,-0.504951172054247,-0.426011504534616,
-0.346967581454541,-0.30444094802027),.UNSPECIFIED.);
#1207=B_SPLINE_CURVE_WITH_KNOTS('',3,(#6508,#6509,#6510,#6511),
 .UNSPECIFIED.,.F.,.F.,(4,4),(1.66035673944107,1.7445308273012),
 .UNSPECIFIED.);
#1208=B_SPLINE_CURVE_WITH_KNOTS('',3,(#6514,#6515,#6516,#6517,#6518,#6519,
#6520,#6521,#6522,#6523),.UNSPECIFIED.,.F.,.F.,(4,2,2,2,4),(-0.315073555158306,
-0.254205815553271,-0.182379334466616,-0.097119271102597,-0.0842132702139707),
 .UNSPECIFIED.);
#1209=B_SPLINE_CURVE_WITH_KNOTS('',3,(#6525,#6526,#6527,#6528,#6529,#6530,
#6531,#6532,#6533,#6534,#6535,#6536,#6537),.UNSPECIFIED.,.F.,.F.,(4,3,2,
2,2,4),(-0.0140981120820794,0.,0.0970919695043555,0.180146127787456,0.249878517682653,
0.310439151271089),.UNSPECIFIED.);
#1210=B_SPLINE_CURVE_WITH_KNOTS('',3,(#6544,#6545,#6546,#6547,#6548,#6549,
#6550,#6551,#6552,#6553,#6554,#6555,#6556),.UNSPECIFIED.,.F.,.F.,(4,2,2,
2,3,4),(-0.310439151271089,-0.249878517682654,-0.180146127787457,-0.0970919695043557,
0.,0.0140981120820797),.UNSPECIFIED.);
#1211=B_SPLINE_CURVE_WITH_KNOTS('',3,(#6557,#6558,#6559,#6560,#6561,#6562,
#6563,#6564,#6565,#6566),.UNSPECIFIED.,.F.,.F.,(4,2,2,2,4),(0.0842132702139902,
0.0971192711025982,0.182379334466619,0.254205815553274,0.315073555158307),
 .UNSPECIFIED.);
#1212=B_SPLINE_CURVE_WITH_KNOTS('',3,(#6613,#6614,#6615,#6616,#6617,#6618,
#6619,#6620,#6621,#6622,#6623,#6624,#6625),.UNSPECIFIED.,.F.,.F.,(4,3,2,
2,2,4),(-0.0104334331577278,0.,0.0641735306636493,0.131817495962648,0.204161551902784,
0.281195469229247),.UNSPECIFIED.);
#1213=B_SPLINE_CURVE_WITH_KNOTS('',3,(#6633,#6634,#6635,#6636,#6637,#6638,
#6639,#6640,#6641,#6642,#6643,#6644,#6645),.UNSPECIFIED.,.F.,.F.,(4,2,2,
2,3,4),(-0.281195469229247,-0.204161551902783,-0.131817495962648,-0.0641735306636491,
0.,0.0104334331577273),.UNSPECIFIED.);
#1214=B_SPLINE_CURVE_WITH_KNOTS('',3,(#6661,#6662,#6663,#6664,#6665,#6666,
#6667,#6668,#6669,#6670,#6671,#6672,#6673),.UNSPECIFIED.,.F.,.F.,(4,3,2,
2,2,4),(-0.0104334331577278,0.,0.0641735306636493,0.131817495962648,0.204161551902784,
0.281195469229247),.UNSPECIFIED.);
#1215=B_SPLINE_CURVE_WITH_KNOTS('',3,(#6681,#6682,#6683,#6684,#6685,#6686,
#6687,#6688,#6689,#6690,#6691,#6692,#6693),.UNSPECIFIED.,.F.,.F.,(4,2,2,
2,3,4),(-0.281195469229247,-0.204161551902783,-0.131817495962648,-0.0641735306636491,
0.,0.0104334331577273),.UNSPECIFIED.);
#1216=B_SPLINE_CURVE_WITH_KNOTS('',3,(#6708,#6709,#6710,#6711,#6712,#6713,
#6714,#6715,#6716,#6717,#6718,#6719,#6720),.UNSPECIFIED.,.F.,.F.,(4,3,2,
2,2,4),(-0.0104334331577278,0.,0.0641735306636493,0.131817495962648,0.204161551902784,
0.281195469229247),.UNSPECIFIED.);
#1217=B_SPLINE_CURVE_WITH_KNOTS('',3,(#6730,#6731,#6732,#6733,#6734,#6735,
#6736,#6737,#6738,#6739,#6740,#6741,#6742),.UNSPECIFIED.,.F.,.F.,(4,2,2,
2,3,4),(-0.281195469229247,-0.204161551902783,-0.131817495962648,-0.0641735306636491,
0.,0.0104334331577273),.UNSPECIFIED.);
#1218=B_SPLINE_CURVE_WITH_KNOTS('',3,(#6761,#6762,#6763,#6764,#6765,#6766,
#6767,#6768,#6769,#6770,#6771,#6772,#6773),.UNSPECIFIED.,.F.,.F.,(4,3,2,
2,2,4),(-0.0104334331577278,0.,0.0641735306636493,0.131817495962648,0.204161551902784,
0.281195469229247),.UNSPECIFIED.);
#1219=B_SPLINE_CURVE_WITH_KNOTS('',3,(#6783,#6784,#6785,#6786,#6787,#6788,
#6789,#6790,#6791,#6792,#6793,#6794,#6795),.UNSPECIFIED.,.F.,.F.,(4,2,2,
2,3,4),(-0.281195469229247,-0.204161551902783,-0.131817495962648,-0.0641735306636491,
0.,0.0104334331577273),.UNSPECIFIED.);
#1220=B_SPLINE_CURVE_WITH_KNOTS('',3,(#6839,#6840,#6841,#6842,#6843,#6844,
#6845,#6846,#6847,#6848,#6849,#6850),.UNSPECIFIED.,.F.,.F.,(4,2,2,2,2,4),
(0.,0.0701084098331713,0.140131572417885,0.210208392234248,0.246462518105506,
0.282716356990869),.UNSPECIFIED.);
#1221=B_SPLINE_CURVE_WITH_KNOTS('',3,(#6851,#6852,#6853,#6854,#6855),
 .UNSPECIFIED.,.F.,.F.,(4,1,4),(0.787509753015035,0.886049679833379,0.959954624947137),
 .UNSPECIFIED.);
#1222=B_SPLINE_CURVE_WITH_KNOTS('',3,(#6856,#6857,#6858,#6859,#6860),
 .UNSPECIFIED.,.F.,.F.,(4,1,4),(-2.08611189777508,-1.99381419567094,-1.91990925207004),
 .UNSPECIFIED.);
#1223=B_SPLINE_CURVE_WITH_KNOTS('',3,(#6865,#6866,#6867,#6868,#6869,#6870,
#6871,#6872,#6873,#6874,#6875,#6876,#6877),.UNSPECIFIED.,.F.,.F.,(4,3,2,
2,2,4),(-0.0104334331577278,0.,0.0641735306636493,0.131817495962648,0.204161551902784,
0.281195469229247),.UNSPECIFIED.);
#1224=B_SPLINE_CURVE_WITH_KNOTS('',3,(#6884,#6885,#6886,#6887,#6888,#6889,
#6890),.UNSPECIFIED.,.F.,.F.,(4,3,4),(1.91990925207017,1.99381419567086,
2.09235412047213),.UNSPECIFIED.);
#1225=B_SPLINE_CURVE_WITH_KNOTS('',3,(#6894,#6895,#6896,#6897,#6898,#6899,
#6900,#6901,#6902,#6903,#6904,#6905,#6906),.UNSPECIFIED.,.F.,.F.,(4,2,2,
2,3,4),(-0.281195469229247,-0.204161551902783,-0.131817495962648,-0.0641735306636491,
0.,0.0104334331577273),.UNSPECIFIED.);
#1226=B_SPLINE_CURVE_WITH_KNOTS('',3,(#6933,#6934,#6935,#6936,#6937,#6938,
#6939,#6940,#6941,#6942,#6943,#6944),.UNSPECIFIED.,.F.,.F.,(4,2,2,2,2,4),
(0.,0.0702207876252575,0.140322372312932,0.210367292213808,0.246556923226562,
0.282725727060303),.UNSPECIFIED.);
#1227=B_SPLINE_CURVE_WITH_KNOTS('',3,(#6945,#6946,#6947,#6948,#6949),
 .UNSPECIFIED.,.F.,.F.,(4,1,4),(-0.959954624947137,-0.886049679833379,-0.793751976030794),
 .UNSPECIFIED.);
#1228=B_SPLINE_CURVE_WITH_KNOTS('',3,(#6951,#6952,#6953,#6954,#6955,#6956,
#6957,#6958,#6959,#6960,#6961,#6962),.UNSPECIFIED.,.F.,.F.,(4,2,2,2,2,4),
(0.,0.0701084098331733,0.14013157241789,0.210208392234258,0.246462518105521,
0.282716356990882),.UNSPECIFIED.);
#1229=B_SPLINE_CURVE_WITH_KNOTS('',3,(#6964,#6965,#6966,#6967,#6968,#6969,
#6970,#6971,#6972,#6973,#6974,#6975),.UNSPECIFIED.,.F.,.F.,(4,2,2,2,2,4),
(0.,0.070220787625257,0.140322372312933,0.210367292213809,0.246556923226561,
0.282725727060301),.UNSPECIFIED.);
#1230=B_SPLINE_CURVE_WITH_KNOTS('',3,(#7001,#7002,#7003,#7004,#7005),
 .UNSPECIFIED.,.F.,.F.,(4,1,4),(0.787509753015035,0.886049679833379,0.959954624947137),
 .UNSPECIFIED.);
#1231=B_SPLINE_CURVE_WITH_KNOTS('',3,(#7008,#7009,#7010,#7011,#7012,#7013,
#7014,#7015,#7016,#7017,#7018,#7019,#7020),.UNSPECIFIED.,.F.,.F.,(4,3,2,
2,2,4),(-0.0104334331577278,0.,0.0641735306636493,0.131817495962648,0.204161551902784,
0.281195469229247),.UNSPECIFIED.);
#1232=B_SPLINE_CURVE_WITH_KNOTS('',3,(#7023,#7024,#7025,#7026,#7027,#7028,
#7029),.UNSPECIFIED.,.F.,.F.,(4,3,4),(1.91990925207017,1.99381419567086,
2.09235412047213),.UNSPECIFIED.);
#1233=B_SPLINE_CURVE_WITH_KNOTS('',3,(#7056,#7057,#7058,#7059,#7060,#7061,
#7062,#7063,#7064,#7065,#7066,#7067),.UNSPECIFIED.,.F.,.F.,(4,2,2,2,2,4),
(0.,0.0702207876252624,0.140322372312945,0.210367292213829,0.246556923226586,
0.282725727060329),.UNSPECIFIED.);
#1234=B_SPLINE_CURVE_WITH_KNOTS('',3,(#7068,#7069,#7070,#7071,#7072),
 .UNSPECIFIED.,.F.,.F.,(4,1,4),(-0.959954624947137,-0.886049679833379,-0.793751976035437),
 .UNSPECIFIED.);
#1235=B_SPLINE_CURVE_WITH_KNOTS('',3,(#7099,#7100,#7101,#7102,#7103,#7104,
#7105,#7106,#7107,#7108,#7109,#7110),.UNSPECIFIED.,.F.,.F.,(4,2,2,2,2,4),
(0.,0.0701084098331726,0.14013157241789,0.210208392234261,0.246462518105516,
0.282716356990853),.UNSPECIFIED.);
#1236=B_SPLINE_CURVE_WITH_KNOTS('',3,(#7112,#7113,#7114,#7115,#7116),
 .UNSPECIFIED.,.F.,.F.,(4,1,4),(0.787509753015035,0.886049679833379,0.959954624947137),
 .UNSPECIFIED.);
#1237=B_SPLINE_CURVE_WITH_KNOTS('',3,(#7119,#7120,#7121,#7122,#7123),
 .UNSPECIFIED.,.F.,.F.,(4,1,4),(-2.08611189779247,-1.99381419567094,-1.91990925207004),
 .UNSPECIFIED.);
#1238=B_SPLINE_CURVE_WITH_KNOTS('',3,(#7127,#7128,#7129,#7130,#7131,#7132,
#7133,#7134,#7135,#7136,#7137,#7138,#7139),.UNSPECIFIED.,.F.,.F.,(4,3,2,
2,2,4),(-0.0104334331577278,0.,0.0641735306636493,0.131817495962648,0.204161551902784,
0.281195469229247),.UNSPECIFIED.);
#1239=B_SPLINE_CURVE_WITH_KNOTS('',3,(#7148,#7149,#7150,#7151,#7152,#7153,
#7154),.UNSPECIFIED.,.F.,.F.,(4,3,4),(1.91990925207017,1.99381419567086,
2.09235412047213),.UNSPECIFIED.);
#1240=B_SPLINE_CURVE_WITH_KNOTS('',3,(#7156,#7157,#7158,#7159,#7160,#7161,
#7162,#7163,#7164,#7165,#7166,#7167,#7168),.UNSPECIFIED.,.F.,.F.,(4,2,2,
2,3,4),(-0.281195469229247,-0.204161551902783,-0.131817495962648,-0.0641735306636491,
0.,0.0104334331577273),.UNSPECIFIED.);
#1241=B_SPLINE_CURVE_WITH_KNOTS('',3,(#7195,#7196,#7197,#7198,#7199,#7200,
#7201,#7202,#7203,#7204,#7205,#7206),.UNSPECIFIED.,.F.,.F.,(4,2,2,2,2,4),
(0.,0.0702207876252593,0.140322372312937,0.210367292213815,0.246556923226569,
0.282725727060308),.UNSPECIFIED.);
#1242=B_SPLINE_CURVE_WITH_KNOTS('',3,(#7208,#7209,#7210,#7211,#7212,#7213,
#7214,#7215,#7216,#7217,#7218,#7219),.UNSPECIFIED.,.F.,.F.,(4,2,2,2,2,4),
(0.,0.0701084098331711,0.140131572417886,0.210208392234255,0.246462518105514,
0.282716356990866),.UNSPECIFIED.);
#1243=B_SPLINE_CURVE_WITH_KNOTS('',3,(#7246,#7247,#7248,#7249,#7250,#7251,
#7252,#7253,#7254,#7255,#7256,#7257),.UNSPECIFIED.,.F.,.F.,(4,2,2,2,2,4),
(0.,0.07010840983317,0.140131572417883,0.210208392234251,0.246462518105506,
0.282716356990852),.UNSPECIFIED.);
#1244=B_SPLINE_CURVE_WITH_KNOTS('',3,(#7259,#7260,#7261,#7262,#7263),
 .UNSPECIFIED.,.F.,.F.,(4,1,4),(0.787509753015035,0.886049679833379,0.959954624947137),
 .UNSPECIFIED.);
#1245=B_SPLINE_CURVE_WITH_KNOTS('',3,(#7266,#7267,#7268,#7269,#7270),
 .UNSPECIFIED.,.F.,.F.,(4,1,4),(-2.08611189778629,-1.99381419567094,-1.91990925207004),
 .UNSPECIFIED.);
#1246=B_SPLINE_CURVE_WITH_KNOTS('',3,(#7274,#7275,#7276,#7277,#7278,#7279,
#7280,#7281,#7282,#7283,#7284,#7285,#7286),.UNSPECIFIED.,.F.,.F.,(4,3,2,
2,2,4),(-0.0104334331577278,0.,0.0641735306636493,0.131817495962648,0.204161551902784,
0.281195469229247),.UNSPECIFIED.);
#1247=B_SPLINE_CURVE_WITH_KNOTS('',3,(#7296,#7297,#7298,#7299,#7300,#7301,
#7302),.UNSPECIFIED.,.F.,.F.,(4,3,4),(1.91990925207017,1.99381419567086,
2.09235412047213),.UNSPECIFIED.);
#1248=B_SPLINE_CURVE_WITH_KNOTS('',3,(#7305,#7306,#7307,#7308,#7309,#7310,
#7311,#7312,#7313,#7314,#7315,#7316,#7317),.UNSPECIFIED.,.F.,.F.,(4,2,2,
2,3,4),(-0.281195469229247,-0.204161551902783,-0.131817495962648,-0.0641735306636491,
0.,0.0104334331577273),.UNSPECIFIED.);
#1249=B_SPLINE_CURVE_WITH_KNOTS('',3,(#7347,#7348,#7349,#7350,#7351,#7352,
#7353,#7354,#7355,#7356,#7357,#7358),.UNSPECIFIED.,.F.,.F.,(4,2,2,2,2,4),
(0.,0.0702207876252624,0.140322372312942,0.210367292213824,0.24655692322658,
0.282725727060323),.UNSPECIFIED.);
#1250=B_SPLINE_CURVE_WITH_KNOTS('',3,(#7359,#7360,#7361,#7362,#7363),
 .UNSPECIFIED.,.F.,.F.,(4,1,4),(-0.959954624947137,-0.886049679833379,-0.793751976075866),
 .UNSPECIFIED.);
#1251=B_SPLINE_CURVE_WITH_KNOTS('',3,(#7365,#7366,#7367,#7368,#7369,#7370,
#7371,#7372,#7373,#7374,#7375,#7376),.UNSPECIFIED.,.F.,.F.,(4,2,2,2,2,4),
(0.,0.0702207876252616,0.140322372312943,0.210367292213826,0.246556923226584,
0.282725727060331),.UNSPECIFIED.);
#1252=B_SPLINE_CURVE_WITH_KNOTS('',3,(#7378,#7379,#7380,#7381,#7382,#7383,
#7384,#7385,#7386,#7387,#7388,#7389),.UNSPECIFIED.,.F.,.F.,(4,2,2,2,2,4),
(0.,0.0701084098331705,0.140131572417884,0.210208392234252,0.246462518105507,
0.282716356990852),.UNSPECIFIED.);
#1253=B_SPLINE_CURVE_WITH_KNOTS('',3,(#7416,#7417,#7418,#7419,#7420,#7421,
#7422,#7423,#7424,#7425,#7426,#7427),.UNSPECIFIED.,.F.,.F.,(4,2,2,2,2,4),
(0.,0.0701084098331692,0.140131572417881,0.210208392234248,0.246462518105503,
0.282716356990846),.UNSPECIFIED.);
#1254=B_SPLINE_CURVE_WITH_KNOTS('',3,(#7429,#7430,#7431,#7432,#7433),
 .UNSPECIFIED.,.F.,.F.,(4,1,4),(0.787509753015035,0.886049679833379,0.959954624947137),
 .UNSPECIFIED.);
#1255=B_SPLINE_CURVE_WITH_KNOTS('',3,(#7436,#7437,#7438,#7439,#7440),
 .UNSPECIFIED.,.F.,.F.,(4,1,4),(-2.0861118977536,-1.99381419567094,-1.91990925207004),
 .UNSPECIFIED.);
#1256=B_SPLINE_CURVE_WITH_KNOTS('',3,(#7444,#7445,#7446,#7447,#7448,#7449,
#7450,#7451,#7452,#7453,#7454,#7455,#7456),.UNSPECIFIED.,.F.,.F.,(4,3,2,
2,2,4),(-0.0104334331577278,0.,0.0641735306636493,0.131817495962648,0.204161551902784,
0.281195469229247),.UNSPECIFIED.);
#1257=B_SPLINE_CURVE_WITH_KNOTS('',3,(#7466,#7467,#7468,#7469,#7470,#7471,
#7472),.UNSPECIFIED.,.F.,.F.,(4,3,4),(1.91990925207017,1.99381419567086,
2.09235412047213),.UNSPECIFIED.);
#1258=B_SPLINE_CURVE_WITH_KNOTS('',3,(#7474,#7475,#7476,#7477,#7478,#7479,
#7480,#7481,#7482,#7483,#7484,#7485,#7486),.UNSPECIFIED.,.F.,.F.,(4,2,2,
2,3,4),(-0.281195469229247,-0.204161551902783,-0.131817495962648,-0.0641735306636491,
0.,0.0104334331577273),.UNSPECIFIED.);
#1259=B_SPLINE_CURVE_WITH_KNOTS('',3,(#7514,#7515,#7516,#7517,#7518,#7519,
#7520,#7521,#7522,#7523,#7524,#7525),.UNSPECIFIED.,.F.,.F.,(4,2,2,2,2,4),
(0.,0.0702207876252597,0.140322372312938,0.210367292213818,0.246556923226573,
0.282725727060314),.UNSPECIFIED.);
#1260=B_SPLINE_CURVE_WITH_KNOTS('',3,(#7542,#7543,#7544,#7545,#7546),
 .UNSPECIFIED.,.F.,.F.,(4,1,4),(-2.08611189783073,-1.99381419567094,-1.97195488792387),
 .UNSPECIFIED.);
#1261=B_SPLINE_CURVE_WITH_KNOTS('',3,(#7549,#7550,#7551,#7552,#7553,#7554,
#7555,#7556,#7557,#7558,#7559,#7560,#7561),.UNSPECIFIED.,.F.,.F.,(4,2,2,
2,3,4),(-0.281195469229247,-0.204161551902783,-0.131817495962648,-0.0641735306636491,
0.,0.0104334331577273),.UNSPECIFIED.);
#1262=B_SPLINE_CURVE_WITH_KNOTS('',3,(#7591,#7592,#7593,#7594,#7595,#7596,
#7597,#7598,#7599,#7600,#7601,#7602),.UNSPECIFIED.,.F.,.F.,(4,2,2,2,2,4),
(0.,0.0702207876252666,0.140322372312956,0.210367292213846,0.246556923226603,
0.282725727060345),.UNSPECIFIED.);
#1263=B_SPLINE_CURVE_WITH_KNOTS('',3,(#7603,#7604,#7605,#7606,#7607),
 .UNSPECIFIED.,.F.,.F.,(4,1,4),(-0.959954624947137,-0.886049679833379,-0.793751975991),
 .UNSPECIFIED.);
#1264=B_SPLINE_CURVE_WITH_KNOTS('',3,(#7609,#7610,#7611,#7612,#7613,#7614,
#7615,#7616,#7617,#7618,#7619,#7620),.UNSPECIFIED.,.F.,.F.,(4,2,2,2,2,4),
(0.,0.0701084098331729,0.140131572417889,0.210208392234257,0.246462518105513,
0.282716356990857),.UNSPECIFIED.);
#1265=B_SPLINE_CURVE_WITH_KNOTS('',3,(#7630,#7631,#7632,#7633,#7634,#7635,
#7636),.UNSPECIFIED.,.F.,.F.,(4,3,4),(1.91990925207017,1.99381419567086,
2.09235412047213),.UNSPECIFIED.);
#1266=B_SPLINE_CURVE_WITH_KNOTS('',3,(#7639,#7640,#7641,#7642,#7643,#7644,
#7645,#7646,#7647,#7648,#7649,#7650,#7651),.UNSPECIFIED.,.F.,.F.,(4,2,2,
2,3,4),(-0.281195469229247,-0.204161551902783,-0.131817495962648,-0.0641735306636491,
0.,0.0104334331577273),.UNSPECIFIED.);
#1267=B_SPLINE_CURVE_WITH_KNOTS('',3,(#7681,#7682,#7683,#7684,#7685,#7686,
#7687,#7688,#7689,#7690,#7691,#7692),.UNSPECIFIED.,.F.,.F.,(4,2,2,2,2,4),
(0.,0.0702207876252589,0.140322372312938,0.21036729221382,0.246556923226575,
0.282725727060317),.UNSPECIFIED.);
#1268=B_SPLINE_CURVE_WITH_KNOTS('',3,(#7693,#7694,#7695,#7696,#7697),
 .UNSPECIFIED.,.F.,.F.,(4,1,4),(-0.959954624947137,-0.886049679833379,-0.793751974247251),
 .UNSPECIFIED.);
#1269=B_SPLINE_CURVE_WITH_KNOTS('',3,(#7699,#7700,#7701,#7702,#7703,#7704,
#7705,#7706,#7707,#7708,#7709,#7710),.UNSPECIFIED.,.F.,.F.,(4,2,2,2,2,4),
(0.,0.070108409833171,0.140131572417885,0.210208392234254,0.246462518105508,
0.282716356990851),.UNSPECIFIED.);
#1270=B_SPLINE_CURVE_WITH_KNOTS('',3,(#7737,#7738,#7739,#7740,#7741,#7742,
#7743,#7744,#7745,#7746,#7747,#7748),.UNSPECIFIED.,.F.,.F.,(4,2,2,2,2,4),
(0.,0.0701084098331738,0.140131572417892,0.210208392234266,0.246462518105523,
0.28271635699087),.UNSPECIFIED.);
#1271=B_SPLINE_CURVE_WITH_KNOTS('',3,(#7750,#7751,#7752,#7753,#7754),
 .UNSPECIFIED.,.F.,.F.,(4,1,4),(0.787509753015035,0.886049679833379,0.959954624947137),
 .UNSPECIFIED.);
#1272=B_SPLINE_CURVE_WITH_KNOTS('',3,(#7757,#7758,#7759,#7760,#7761),
 .UNSPECIFIED.,.F.,.F.,(4,1,4),(-2.08611189861639,-1.99381419567094,-1.91990925207004),
 .UNSPECIFIED.);
#1273=B_SPLINE_CURVE_WITH_KNOTS('',3,(#7765,#7766,#7767,#7768,#7769,#7770,
#7771,#7772,#7773,#7774,#7775,#7776,#7777),.UNSPECIFIED.,.F.,.F.,(4,3,2,
2,2,4),(-0.0104334331577278,0.,0.0641735306636493,0.131817495962648,0.204161551902784,
0.281195469229247),.UNSPECIFIED.);
#1274=B_SPLINE_CURVE_WITH_KNOTS('',3,(#7787,#7788,#7789,#7790,#7791,#7792,
#7793),.UNSPECIFIED.,.F.,.F.,(4,3,4),(1.91990925207017,1.99381419567086,
2.09235412047213),.UNSPECIFIED.);
#1275=B_SPLINE_CURVE_WITH_KNOTS('',3,(#7796,#7797,#7798,#7799,#7800,#7801,
#7802,#7803,#7804,#7805,#7806,#7807,#7808),.UNSPECIFIED.,.F.,.F.,(4,2,2,
2,3,4),(-0.281195469229247,-0.204161551902783,-0.131817495962648,-0.0641735306636491,
0.,0.0104334331577273),.UNSPECIFIED.);
#1276=B_SPLINE_CURVE_WITH_KNOTS('',3,(#7838,#7839,#7840,#7841,#7842,#7843,
#7844,#7845,#7846,#7847,#7848,#7849),.UNSPECIFIED.,.F.,.F.,(4,2,2,2,2,4),
(0.,0.0702207876252607,0.140322372312942,0.210367292213822,0.246556923226578,
0.282725727060321),.UNSPECIFIED.);
#1277=B_SPLINE_CURVE_WITH_KNOTS('',3,(#7850,#7851,#7852,#7853,#7854),
 .UNSPECIFIED.,.F.,.F.,(4,1,4),(-0.959954624947137,-0.886049679833379,-0.79375197606813),
 .UNSPECIFIED.);
#1278=B_SPLINE_CURVE_WITH_KNOTS('',3,(#7856,#7857,#7858,#7859,#7860,#7861,
#7862,#7863,#7864,#7865,#7866,#7867),.UNSPECIFIED.,.F.,.F.,(4,2,2,2,2,4),
(0.,0.0701084098331719,0.140131572417888,0.21020839223426,0.246462518105519,
0.282716356990865),.UNSPECIFIED.);
#1279=B_SPLINE_CURVE_WITH_KNOTS('',3,(#7869,#7870,#7871,#7872,#7873,#7874,
#7875,#7876,#7877,#7878,#7879,#7880),.UNSPECIFIED.,.F.,.F.,(4,2,2,2,2,4),
(0.,0.0702207876252622,0.140322372312947,0.210367292213832,0.246556923226589,
0.282725727060336),.UNSPECIFIED.);
#1280=B_SPLINE_CURVE_WITH_KNOTS('',3,(#7907,#7908,#7909,#7910,#7911),
 .UNSPECIFIED.,.F.,.F.,(4,1,4),(0.787509753015035,0.886049679833379,0.959954624947137),
 .UNSPECIFIED.);
#1281=B_SPLINE_CURVE_WITH_KNOTS('',3,(#7915,#7916,#7917,#7918,#7919,#7920,
#7921,#7922,#7923,#7924,#7925,#7926,#7927),.UNSPECIFIED.,.F.,.F.,(4,3,2,
2,2,4),(-0.0104334331577278,0.,0.0641735306636493,0.131817495962648,0.204161551902784,
0.281195469229247),.UNSPECIFIED.);
#1282=B_SPLINE_CURVE_WITH_KNOTS('',3,(#7936,#7937,#7938,#7939,#7940,#7941,
#7942),.UNSPECIFIED.,.F.,.F.,(4,3,4),(1.91990925207017,1.99381419567086,
2.09235412047213),.UNSPECIFIED.);
#1283=B_SPLINE_CURVE_WITH_KNOTS('',3,(#7945,#7946,#7947,#7948,#7949,#7950,
#7951,#7952,#7953,#7954,#7955,#7956,#7957),.UNSPECIFIED.,.F.,.F.,(4,2,2,
2,3,4),(-0.281195469229247,-0.204161551902783,-0.131817495962648,-0.0641735306636491,
0.,0.0104334331577273),.UNSPECIFIED.);
#1284=B_SPLINE_CURVE_WITH_KNOTS('',3,(#7987,#7988,#7989,#7990,#7991,#7992,
#7993,#7994,#7995,#7996,#7997,#7998),.UNSPECIFIED.,.F.,.F.,(4,2,2,2,2,4),
(0.,0.0702207876252682,0.140322372312954,0.210367292213836,0.246556923226593,
0.282725727060337),.UNSPECIFIED.);
#1285=B_SPLINE_CURVE_WITH_KNOTS('',3,(#7999,#8000,#8001,#8002,#8003),
 .UNSPECIFIED.,.F.,.F.,(4,1,4),(-0.959954624947137,-0.886049679833379,-0.793751976037195),
 .UNSPECIFIED.);
#1286=B_SPLINE_CURVE_WITH_KNOTS('',3,(#8005,#8006,#8007,#8008,#8009,#8010,
#8011,#8012,#8013,#8014,#8015,#8016),.UNSPECIFIED.,.F.,.F.,(4,2,2,2,2,4),
(0.,0.0701084098331693,0.140131572417883,0.210208392234253,0.246462518105511,
0.282716356990865),.UNSPECIFIED.);
#1287=B_SPLINE_CURVE_WITH_KNOTS('',3,(#8043,#8044,#8045,#8046,#8047),
 .UNSPECIFIED.,.F.,.F.,(4,1,4),(0.787509753015035,0.886049679833379,0.959954624947137),
 .UNSPECIFIED.);
#1288=B_SPLINE_CURVE_WITH_KNOTS('',3,(#8051,#8052,#8053,#8054,#8055,#8056,
#8057,#8058,#8059,#8060,#8061,#8062,#8063),.UNSPECIFIED.,.F.,.F.,(4,3,2,
2,2,4),(-0.0104334331577278,0.,0.0641735306636493,0.131817495962648,0.204161551902784,
0.281195469229247),.UNSPECIFIED.);
#1289=B_SPLINE_CURVE_WITH_KNOTS('',3,(#8072,#8073,#8074,#8075,#8076,#8077,
#8078),.UNSPECIFIED.,.F.,.F.,(4,3,4),(1.91990925207017,1.99381419567086,
2.09235412047213),.UNSPECIFIED.);
#1290=B_SPLINE_CURVE_WITH_KNOTS('',3,(#8081,#8082,#8083,#8084,#8085,#8086,
#8087,#8088,#8089,#8090,#8091,#8092,#8093),.UNSPECIFIED.,.F.,.F.,(4,2,2,
2,3,4),(-0.281195469229247,-0.204161551902783,-0.131817495962648,-0.0641735306636491,
0.,0.0104334331577273),.UNSPECIFIED.);
#1291=B_SPLINE_CURVE_WITH_KNOTS('',3,(#8123,#8124,#8125,#8126,#8127,#8128,
#8129,#8130,#8131,#8132,#8133,#8134),.UNSPECIFIED.,.F.,.F.,(4,2,2,2,2,4),
(0.,0.0702207876252641,0.140322372312949,0.210367292213833,0.246556923226588,
0.282725727060329),.UNSPECIFIED.);
#1292=B_SPLINE_CURVE_WITH_KNOTS('',3,(#8135,#8136,#8137,#8138,#8139),
 .UNSPECIFIED.,.F.,.F.,(4,1,4),(-0.959954624947137,-0.886049679833379,-0.793751975990521),
 .UNSPECIFIED.);
#1293=B_SPLINE_CURVE_WITH_KNOTS('',3,(#8166,#8167,#8168,#8169,#8170),
 .UNSPECIFIED.,.F.,.F.,(4,1,4),(0.787509753015035,0.886049679833379,0.959954624947137),
 .UNSPECIFIED.);
#1294=B_SPLINE_CURVE_WITH_KNOTS('',3,(#8174,#8175,#8176,#8177,#8178,#8179,
#8180,#8181,#8182,#8183,#8184,#8185,#8186),.UNSPECIFIED.,.F.,.F.,(4,3,2,
2,2,4),(-0.0104334331577278,0.,0.0641735306636493,0.131817495962648,0.204161551902784,
0.281195469229247),.UNSPECIFIED.);
#1295=B_SPLINE_CURVE_WITH_KNOTS('',3,(#8194,#8195,#8196,#8197,#8198,#8199,
#8200),.UNSPECIFIED.,.F.,.F.,(4,3,4),(1.91990925207017,1.99381419567086,
2.09235412047213),.UNSPECIFIED.);
#1296=B_SPLINE_CURVE_WITH_KNOTS('',3,(#8202,#8203,#8204,#8205,#8206,#8207,
#8208,#8209,#8210,#8211,#8212,#8213,#8214),.UNSPECIFIED.,.F.,.F.,(4,2,2,
2,3,4),(-0.281195469229247,-0.204161551902783,-0.131817495962648,-0.0641735306636491,
0.,0.0104334331577273),.UNSPECIFIED.);
#1297=B_SPLINE_CURVE_WITH_KNOTS('',3,(#8241,#8242,#8243,#8244,#8245,#8246,
#8247,#8248,#8249,#8250,#8251,#8252),.UNSPECIFIED.,.F.,.F.,(4,2,2,2,2,4),
(0.,0.0701084098331702,0.140131572417883,0.210208392234248,0.246462518105502,
0.282716356990842),.UNSPECIFIED.);
#1298=B_SPLINE_CURVE_WITH_KNOTS('',3,(#8279,#8280,#8281,#8282,#8283),
 .UNSPECIFIED.,.F.,.F.,(4,1,4),(0.787509753015035,0.886049679833379,0.959954624947137),
 .UNSPECIFIED.);
#1299=B_SPLINE_CURVE_WITH_KNOTS('',3,(#8287,#8288,#8289,#8290,#8291,#8292,
#8293,#8294,#8295,#8296,#8297,#8298,#8299),.UNSPECIFIED.,.F.,.F.,(4,3,2,
2,2,4),(-0.0104334331577278,0.,0.0641735306636493,0.131817495962648,0.204161551902784,
0.281195469229247),.UNSPECIFIED.);
#1300=B_SPLINE_CURVE_WITH_KNOTS('',3,(#8308,#8309,#8310,#8311,#8312,#8313,
#8314),.UNSPECIFIED.,.F.,.F.,(4,3,4),(1.91990925207017,1.99381419567086,
2.09235412047213),.UNSPECIFIED.);
#1301=B_SPLINE_CURVE_WITH_KNOTS('',3,(#8316,#8317,#8318,#8319,#8320,#8321,
#8322,#8323,#8324,#8325,#8326,#8327,#8328),.UNSPECIFIED.,.F.,.F.,(4,2,2,
2,3,4),(-0.281195469229247,-0.204161551902783,-0.131817495962648,-0.0641735306636491,
0.,0.0104334331577273),.UNSPECIFIED.);
#1302=B_SPLINE_CURVE_WITH_KNOTS('',3,(#8381,#8382,#8383,#8384,#8385),
 .UNSPECIFIED.,.F.,.F.,(4,1,4),(0.787509753015035,0.886049679833379,0.959954624947137),
 .UNSPECIFIED.);
#1303=B_SPLINE_CURVE_WITH_KNOTS('',3,(#8389,#8390,#8391,#8392,#8393,#8394,
#8395,#8396,#8397,#8398,#8399,#8400,#8401),.UNSPECIFIED.,.F.,.F.,(4,3,2,
2,2,4),(-0.0104334331577278,0.,0.0641735306636493,0.131817495962648,0.204161551902784,
0.281195469229247),.UNSPECIFIED.);
#1304=B_SPLINE_CURVE_WITH_KNOTS('',3,(#8410,#8411,#8412,#8413,#8414,#8415,
#8416),.UNSPECIFIED.,.F.,.F.,(4,3,4),(1.91990925207017,1.99381419567086,
2.09235412047213),.UNSPECIFIED.);
#1305=B_SPLINE_CURVE_WITH_KNOTS('',3,(#8418,#8419,#8420,#8421,#8422,#8423,
#8424,#8425,#8426,#8427,#8428,#8429,#8430),.UNSPECIFIED.,.F.,.F.,(4,2,2,
2,3,4),(-0.281195469229247,-0.204161551902783,-0.131817495962648,-0.0641735306636491,
0.,0.0104334331577273),.UNSPECIFIED.);
#1306=B_SPLINE_CURVE_WITH_KNOTS('',3,(#8483,#8484,#8485,#8486,#8487,#8488,
#8489,#8490,#8491,#8492,#8493,#8494),.UNSPECIFIED.,.F.,.F.,(4,2,2,2,2,4),
(0.,0.0701084098331729,0.14013157241789,0.210208392234262,0.246462518105517,
0.282716356990857),.UNSPECIFIED.);
#1307=B_SPLINE_CURVE_WITH_KNOTS('',3,(#8495,#8496,#8497,#8498,#8499),
 .UNSPECIFIED.,.F.,.F.,(4,1,4),(0.787509753015035,0.886049679833379,0.959954624947137),
 .UNSPECIFIED.);
#1308=B_SPLINE_CURVE_WITH_KNOTS('',3,(#8500,#8501,#8502,#8503,#8504),
 .UNSPECIFIED.,.F.,.F.,(4,1,4),(-2.08611189810864,-1.99381419567094,-1.91990925207004),
 .UNSPECIFIED.);
#1309=B_SPLINE_CURVE_WITH_KNOTS('',3,(#8506,#8507,#8508,#8509,#8510,#8511,
#8512),.UNSPECIFIED.,.F.,.F.,(4,3,4),(1.91990925207017,1.99381419567086,
2.09235412047213),.UNSPECIFIED.);
#1310=B_SPLINE_CURVE_WITH_KNOTS('',3,(#8539,#8540,#8541,#8542,#8543,#8544,
#8545,#8546,#8547,#8548,#8549,#8550),.UNSPECIFIED.,.F.,.F.,(4,2,2,2,2,4),
(0.,0.0702207876252562,0.140322372312934,0.210367292213812,0.246556923226565,
0.282725727060306),.UNSPECIFIED.);
#1311=B_SPLINE_CURVE_WITH_KNOTS('',3,(#8551,#8552,#8553,#8554,#8555),
 .UNSPECIFIED.,.F.,.F.,(4,1,4),(-0.959954624947137,-0.886049679833379,-0.793751973678805),
 .UNSPECIFIED.);
#1312=B_SPLINE_CURVE_WITH_KNOTS('',3,(#8557,#8558,#8559,#8560,#8561,#8562,
#8563,#8564,#8565,#8566,#8567,#8568),.UNSPECIFIED.,.F.,.F.,(4,2,2,2,2,4),
(0.,0.0701084098331721,0.140131572417888,0.210208392234257,0.246462518105514,
0.282716356990863),.UNSPECIFIED.);
#1313=B_SPLINE_CURVE_WITH_KNOTS('',3,(#8570,#8571,#8572,#8573,#8574,#8575,
#8576,#8577,#8578,#8579,#8580,#8581),.UNSPECIFIED.,.F.,.F.,(4,2,2,2,2,4),
(0.,0.0702207876252577,0.140322372312936,0.210367292213817,0.246556923226572,
0.28272572706031),.UNSPECIFIED.);
#1314=B_SPLINE_CURVE_WITH_KNOTS('',3,(#8608,#8609,#8610,#8611,#8612,#8613,
#8614,#8615,#8616,#8617,#8618,#8619),.UNSPECIFIED.,.F.,.F.,(4,2,2,2,2,4),
(0.,0.0701084098331707,0.140131572417884,0.210208392234251,0.246462518105506,
0.282716356990853),.UNSPECIFIED.);
#1315=B_SPLINE_CURVE_WITH_KNOTS('',3,(#8621,#8622,#8623,#8624,#8625),
 .UNSPECIFIED.,.F.,.F.,(4,1,4),(0.787509753015035,0.886049679833379,0.959954624947137),
 .UNSPECIFIED.);
#1316=B_SPLINE_CURVE_WITH_KNOTS('',3,(#8628,#8629,#8630,#8631,#8632),
 .UNSPECIFIED.,.F.,.F.,(4,1,4),(-2.08611190227591,-1.99381419567094,-1.91990925207004),
 .UNSPECIFIED.);
#1317=B_SPLINE_CURVE_WITH_KNOTS('',3,(#8636,#8637,#8638,#8639,#8640,#8641,
#8642,#8643,#8644,#8645,#8646,#8647,#8648),.UNSPECIFIED.,.F.,.F.,(4,3,2,
2,2,4),(-0.0104334331577278,0.,0.0641735306636493,0.131817495962648,0.204161551902784,
0.281195469229247),.UNSPECIFIED.);
#1318=B_SPLINE_CURVE_WITH_KNOTS('',3,(#8658,#8659,#8660,#8661,#8662,#8663,
#8664),.UNSPECIFIED.,.F.,.F.,(4,3,4),(1.91990925207017,1.99381419567086,
2.09235412047213),.UNSPECIFIED.);
#1319=B_SPLINE_CURVE_WITH_KNOTS('',3,(#8667,#8668,#8669,#8670,#8671,#8672,
#8673,#8674,#8675,#8676,#8677,#8678,#8679),.UNSPECIFIED.,.F.,.F.,(4,2,2,
2,3,4),(-0.281195469229247,-0.204161551902783,-0.131817495962648,-0.0641735306636491,
0.,0.0104334331577273),.UNSPECIFIED.);
#1320=B_SPLINE_CURVE_WITH_KNOTS('',3,(#8709,#8710,#8711,#8712,#8713,#8714,
#8715,#8716,#8717,#8718,#8719,#8720),.UNSPECIFIED.,.F.,.F.,(4,2,2,2,2,4),
(0.,0.0702207876252599,0.14032237231294,0.210367292213822,0.246556923226578,
0.28272572706032),.UNSPECIFIED.);
#1321=B_SPLINE_CURVE_WITH_KNOTS('',3,(#8721,#8722,#8723,#8724,#8725),
 .UNSPECIFIED.,.F.,.F.,(4,1,4),(-0.959954624947137,-0.886049679833379,-0.793751972099834),
 .UNSPECIFIED.);
#1322=B_SPLINE_CURVE_WITH_KNOTS('',3,(#8727,#8728,#8729,#8730,#8731,#8732,
#8733,#8734,#8735,#8736,#8737,#8738),.UNSPECIFIED.,.F.,.F.,(4,2,2,2,2,4),
(0.,0.0702207876252605,0.140322372312939,0.210367292213819,0.246556923226573,
0.282725727060314),.UNSPECIFIED.);
#1323=B_SPLINE_CURVE_WITH_KNOTS('',3,(#8740,#8741,#8742,#8743,#8744,#8745,
#8746,#8747,#8748,#8749,#8750,#8751),.UNSPECIFIED.,.F.,.F.,(4,2,2,2,2,4),
(0.,0.0701084098331735,0.14013157241789,0.21020839223426,0.246462518105516,
0.282716356990861),.UNSPECIFIED.);
#1324=B_SPLINE_CURVE_WITH_KNOTS('',3,(#8778,#8779,#8780,#8781,#8782,#8783,
#8784,#8785,#8786,#8787,#8788,#8789),.UNSPECIFIED.,.F.,.F.,(4,2,2,2,2,4),
(0.,0.0701084098331711,0.140131572417886,0.210208392234255,0.246462518105511,
0.282716356990856),.UNSPECIFIED.);
#1325=B_SPLINE_CURVE_WITH_KNOTS('',3,(#8791,#8792,#8793,#8794,#8795),
 .UNSPECIFIED.,.F.,.F.,(4,1,4),(0.787509753015035,0.886049679833379,0.959954624947137),
 .UNSPECIFIED.);
#1326=B_SPLINE_CURVE_WITH_KNOTS('',3,(#8798,#8799,#8800,#8801,#8802),
 .UNSPECIFIED.,.F.,.F.,(4,1,4),(-2.08611190330808,-1.99381419567094,-1.91990925207004),
 .UNSPECIFIED.);
#1327=B_SPLINE_CURVE_WITH_KNOTS('',3,(#8806,#8807,#8808,#8809,#8810,#8811,
#8812,#8813,#8814,#8815,#8816,#8817,#8818),.UNSPECIFIED.,.F.,.F.,(4,3,2,
2,2,4),(-0.0104334331577278,0.,0.0641735306636493,0.131817495962648,0.204161551902784,
0.281195469229247),.UNSPECIFIED.);
#1328=B_SPLINE_CURVE_WITH_KNOTS('',3,(#8828,#8829,#8830,#8831,#8832,#8833,
#8834),.UNSPECIFIED.,.F.,.F.,(4,3,4),(1.91990925207017,1.99381419567086,
2.09235412047213),.UNSPECIFIED.);
#1329=B_SPLINE_CURVE_WITH_KNOTS('',3,(#8836,#8837,#8838,#8839,#8840,#8841,
#8842,#8843,#8844,#8845,#8846,#8847,#8848),.UNSPECIFIED.,.F.,.F.,(4,2,2,
2,3,4),(-0.281195469229247,-0.204161551902783,-0.131817495962648,-0.0641735306636491,
0.,0.0104334331577273),.UNSPECIFIED.);
#1330=B_SPLINE_CURVE_WITH_KNOTS('',3,(#8876,#8877,#8878,#8879,#8880,#8881,
#8882,#8883,#8884,#8885,#8886,#8887),.UNSPECIFIED.,.F.,.F.,(4,2,2,2,2,4),
(0.,0.0702207876252614,0.140322372312941,0.210367292213822,0.246556923226578,
0.28272572706032),.UNSPECIFIED.);
#1331=B_SPLINE_CURVE_WITH_KNOTS('',3,(#8913,#8914,#8915,#8916,#8917),
 .UNSPECIFIED.,.F.,.F.,(4,1,4),(0.787509753015035,0.886049679833379,0.959954624947137),
 .UNSPECIFIED.);
#1332=B_SPLINE_CURVE_WITH_KNOTS('',3,(#8919,#8920,#8921,#8922,#8923,#8924,
#8925),.UNSPECIFIED.,.F.,.F.,(4,3,4),(1.91990925207017,1.99381419567086,
2.09235412047213),.UNSPECIFIED.);
#1333=B_SPLINE_CURVE_WITH_KNOTS('',3,(#8952,#8953,#8954,#8955,#8956,#8957,
#8958,#8959,#8960,#8961,#8962,#8963),.UNSPECIFIED.,.F.,.F.,(4,2,2,2,2,4),
(0.,0.0702207876252583,0.140322372312937,0.210367292213818,0.246556923226573,
0.282725727060316),.UNSPECIFIED.);
#1334=B_SPLINE_CURVE_WITH_KNOTS('',3,(#8964,#8965,#8966,#8967,#8968),
 .UNSPECIFIED.,.F.,.F.,(4,1,4),(-0.959954624947137,-0.886049679833379,-0.79375197224032),
 .UNSPECIFIED.);
#1335=B_SPLINE_CURVE_WITH_KNOTS('',3,(#8970,#8971,#8972,#8973,#8974,#8975,
#8976,#8977,#8978,#8979,#8980,#8981),.UNSPECIFIED.,.F.,.F.,(4,2,2,2,2,4),
(0.,0.0701084098331707,0.140131572417886,0.210208392234256,0.246462518105511,
0.28271635699085),.UNSPECIFIED.);
#1336=B_SPLINE_CURVE_WITH_KNOTS('',3,(#9007,#9008,#9009,#9010,#9011),
 .UNSPECIFIED.,.F.,.F.,(4,1,4),(0.787509753015035,0.886049679833379,0.959954624947137),
 .UNSPECIFIED.);
#1337=B_SPLINE_CURVE_WITH_KNOTS('',3,(#9013,#9014,#9015,#9016,#9017,#9018,
#9019),.UNSPECIFIED.,.F.,.F.,(4,3,4),(1.91990925207017,1.99381419567086,
2.09235412047213),.UNSPECIFIED.);
#1338=B_SPLINE_CURVE_WITH_KNOTS('',3,(#9022,#9023,#9024,#9025,#9026,#9027,
#9028,#9029,#9030,#9031,#9032,#9033,#9034),.UNSPECIFIED.,.F.,.F.,(4,2,2,
2,3,4),(-0.281195469229247,-0.204161551902783,-0.131817495962648,-0.0641735306636491,
0.,0.0104334331577273),.UNSPECIFIED.);
#1339=B_SPLINE_CURVE_WITH_KNOTS('',3,(#9064,#9065,#9066,#9067,#9068,#9069,
#9070,#9071,#9072,#9073,#9074,#9075),.UNSPECIFIED.,.F.,.F.,(4,2,2,2,2,4),
(0.,0.0702207876252574,0.140322372312935,0.210367292213815,0.24655692322657,
0.282725727060314),.UNSPECIFIED.);
#1340=B_SPLINE_CURVE_WITH_KNOTS('',3,(#9076,#9077,#9078,#9079,#9080),
 .UNSPECIFIED.,.F.,.F.,(4,1,4),(-0.959954624947137,-0.886049679833379,-0.793751972130795),
 .UNSPECIFIED.);
#1341=B_SPLINE_CURVE_WITH_KNOTS('',3,(#9082,#9083,#9084,#9085,#9086,#9087,
#9088,#9089,#9090,#9091,#9092,#9093),.UNSPECIFIED.,.F.,.F.,(4,2,2,2,2,4),
(0.,0.0701084098331731,0.140131572417891,0.21020839223426,0.246462518105518,
0.282716356990868),.UNSPECIFIED.);
#1342=B_SPLINE_CURVE_WITH_KNOTS('',3,(#9120,#9121,#9122,#9123,#9124,#9125,
#9126,#9127,#9128,#9129,#9130,#9131),.UNSPECIFIED.,.F.,.F.,(4,2,2,2,2,4),
(0.,0.0701084098331703,0.140131572417884,0.210208392234252,0.246462518105508,
0.282716356990851),.UNSPECIFIED.);
#1343=B_SPLINE_CURVE_WITH_KNOTS('',3,(#9133,#9134,#9135,#9136,#9137),
 .UNSPECIFIED.,.F.,.F.,(4,1,4),(0.787509753015035,0.886049679833379,0.959954624947137),
 .UNSPECIFIED.);
#1344=B_SPLINE_CURVE_WITH_KNOTS('',3,(#9140,#9141,#9142,#9143,#9144),
 .UNSPECIFIED.,.F.,.F.,(4,1,4),(-2.08611190176964,-1.99381419567094,-1.91990925207004),
 .UNSPECIFIED.);
#1345=B_SPLINE_CURVE_WITH_KNOTS('',3,(#9148,#9149,#9150,#9151,#9152,#9153,
#9154,#9155,#9156,#9157,#9158,#9159,#9160),.UNSPECIFIED.,.F.,.F.,(4,3,2,
2,2,4),(-0.0104334331577278,0.,0.0641735306636493,0.131817495962648,0.204161551902784,
0.281195469229247),.UNSPECIFIED.);
#1346=B_SPLINE_CURVE_WITH_KNOTS('',3,(#9170,#9171,#9172,#9173,#9174,#9175,
#9176),.UNSPECIFIED.,.F.,.F.,(4,3,4),(1.91990925207017,1.99381419567086,
2.09235412047213),.UNSPECIFIED.);
#1347=B_SPLINE_CURVE_WITH_KNOTS('',3,(#9179,#9180,#9181,#9182,#9183,#9184,
#9185,#9186,#9187,#9188,#9189,#9190,#9191),.UNSPECIFIED.,.F.,.F.,(4,2,2,
2,3,4),(-0.281195469229247,-0.204161551902783,-0.131817495962648,-0.0641735306636491,
0.,0.0104334331577273),.UNSPECIFIED.);
#1348=B_SPLINE_CURVE_WITH_KNOTS('',3,(#9221,#9222,#9223,#9224,#9225,#9226,
#9227,#9228,#9229,#9230,#9231,#9232),.UNSPECIFIED.,.F.,.F.,(4,2,2,2,2,4),
(0.,0.0702207876252601,0.140322372312941,0.210367292213823,0.24655692322658,
0.282725727060328),.UNSPECIFIED.);
#1349=B_SPLINE_CURVE_WITH_KNOTS('',3,(#9233,#9234,#9235,#9236,#9237),
 .UNSPECIFIED.,.F.,.F.,(4,1,4),(-0.959954624947137,-0.886049679833379,-0.793751970746577),
 .UNSPECIFIED.);
#1350=B_SPLINE_CURVE_WITH_KNOTS('',3,(#9239,#9240,#9241,#9242,#9243,#9244,
#9245,#9246,#9247,#9248,#9249,#9250),.UNSPECIFIED.,.F.,.F.,(4,2,2,2,2,4),
(0.,0.0702207876252613,0.140322372312944,0.210367292213828,0.246556923226585,
0.282725727060328),.UNSPECIFIED.);
#1351=B_SPLINE_CURVE_WITH_KNOTS('',3,(#9252,#9253,#9254,#9255,#9256,#9257,
#9258,#9259,#9260,#9261,#9262,#9263),.UNSPECIFIED.,.F.,.F.,(4,2,2,2,2,4),
(0.,0.0701084098331743,0.140131572417892,0.210208392234263,0.246462518105519,
0.282716356990861),.UNSPECIFIED.);
#1352=B_SPLINE_CURVE_WITH_KNOTS('',3,(#9290,#9291,#9292,#9293,#9294),
 .UNSPECIFIED.,.F.,.F.,(4,1,4),(0.787509753015035,0.886049679833379,0.959954624947137),
 .UNSPECIFIED.);
#1353=B_SPLINE_CURVE_WITH_KNOTS('',3,(#9298,#9299,#9300,#9301,#9302,#9303,
#9304,#9305,#9306,#9307,#9308,#9309,#9310),.UNSPECIFIED.,.F.,.F.,(4,3,2,
2,2,4),(-0.0104334331577278,0.,0.0641735306636493,0.131817495962648,0.204161551902784,
0.281195469229247),.UNSPECIFIED.);
#1354=B_SPLINE_CURVE_WITH_KNOTS('',3,(#9319,#9320,#9321,#9322,#9323,#9324,
#9325),.UNSPECIFIED.,.F.,.F.,(4,3,4),(1.91990925207017,1.99381419567086,
2.09235412047213),.UNSPECIFIED.);
#1355=B_SPLINE_CURVE_WITH_KNOTS('',3,(#9327,#9328,#9329,#9330,#9331,#9332,
#9333,#9334,#9335,#9336,#9337,#9338,#9339),.UNSPECIFIED.,.F.,.F.,(4,2,2,
2,3,4),(-0.281195469229247,-0.204161551902783,-0.131817495962648,-0.0641735306636491,
0.,0.0104334331577273),.UNSPECIFIED.);
#1356=B_SPLINE_CURVE_WITH_KNOTS('',3,(#9392,#9393,#9394,#9395,#9396),
 .UNSPECIFIED.,.F.,.F.,(4,1,4),(0.787509753015035,0.886049679833379,0.959954624947137),
 .UNSPECIFIED.);
#1357=B_SPLINE_CURVE_WITH_KNOTS('',3,(#9400,#9401,#9402,#9403,#9404,#9405,
#9406,#9407,#9408,#9409,#9410,#9411,#9412),.UNSPECIFIED.,.F.,.F.,(4,3,2,
2,2,4),(-0.0104334331577278,0.,0.0641735306636493,0.131817495962648,0.204161551902784,
0.281195469229247),.UNSPECIFIED.);
#1358=B_SPLINE_CURVE_WITH_KNOTS('',3,(#9421,#9422,#9423,#9424,#9425,#9426,
#9427),.UNSPECIFIED.,.F.,.F.,(4,3,4),(1.91990925207017,1.99381419567086,
2.09235412047213),.UNSPECIFIED.);
#1359=B_SPLINE_CURVE_WITH_KNOTS('',3,(#9429,#9430,#9431,#9432,#9433,#9434,
#9435,#9436,#9437,#9438,#9439,#9440,#9441),.UNSPECIFIED.,.F.,.F.,(4,2,2,
2,3,4),(-0.281195469229247,-0.204161551902783,-0.131817495962648,-0.0641735306636491,
0.,0.0104334331577273),.UNSPECIFIED.);
#1360=B_SPLINE_CURVE_WITH_KNOTS('',3,(#9496,#9497,#9498,#9499,#9500,#9501,
#9502,#9503,#9504,#9505,#9506,#9507,#9508),.UNSPECIFIED.,.F.,.F.,(4,3,2,
2,2,4),(-0.0104334331577278,0.,0.0641735306636493,0.131817495962648,0.204161551902784,
0.281195469229247),.UNSPECIFIED.);
#1361=B_SPLINE_CURVE_WITH_KNOTS('',3,(#9515,#9516,#9517,#9518,#9519,#9520,
#9521,#9522,#9523,#9524,#9525,#9526,#9527),.UNSPECIFIED.,.F.,.F.,(4,2,2,
2,3,4),(-0.281195469229247,-0.204161551902783,-0.131817495962648,-0.0641735306636491,
0.,0.0104334331577273),.UNSPECIFIED.);
#1362=B_SPLINE_CURVE_WITH_KNOTS('',3,(#9554,#9555,#9556,#9557,#9558),
 .UNSPECIFIED.,.F.,.F.,(4,1,4),(0.787509753015035,0.886049679833379,0.959954624947137),
 .UNSPECIFIED.);
#1363=B_SPLINE_CURVE_WITH_KNOTS('',3,(#9562,#9563,#9564,#9565,#9566,#9567,
#9568,#9569,#9570,#9571,#9572,#9573,#9574),.UNSPECIFIED.,.F.,.F.,(4,3,2,
2,2,4),(-0.0104334331577278,0.,0.0641735306636493,0.131817495962648,0.204161551902784,
0.281195469229247),.UNSPECIFIED.);
#1364=B_SPLINE_CURVE_WITH_KNOTS('',3,(#9583,#9584,#9585,#9586,#9587,#9588,
#9589),.UNSPECIFIED.,.F.,.F.,(4,3,4),(1.91990925207017,1.99381419567086,
2.09235412047213),.UNSPECIFIED.);
#1365=B_SPLINE_CURVE_WITH_KNOTS('',3,(#9591,#9592,#9593,#9594,#9595,#9596,
#9597,#9598,#9599,#9600,#9601,#9602,#9603),.UNSPECIFIED.,.F.,.F.,(4,2,2,
2,3,4),(-0.281195469229247,-0.204161551902783,-0.131817495962648,-0.0641735306636491,
0.,0.0104334331577273),.UNSPECIFIED.);
#1366=B_SPLINE_CURVE_WITH_KNOTS('',3,(#9655,#9656,#9657,#9658,#9659),
 .UNSPECIFIED.,.F.,.F.,(4,1,4),(0.787509753015035,0.886049679833379,0.959954624947137),
 .UNSPECIFIED.);
#1367=B_SPLINE_CURVE_WITH_KNOTS('',3,(#9661,#9662,#9663,#9664,#9665,#9666,
#9667),.UNSPECIFIED.,.F.,.F.,(4,3,4),(1.91990925207017,1.99381419567086,
2.09235412047213),.UNSPECIFIED.);
#1368=VERTEX_POINT('',#5184);
#1369=VERTEX_POINT('',#5185);
#1370=VERTEX_POINT('',#5192);
#1371=VERTEX_POINT('',#5194);
#1372=VERTEX_POINT('',#5196);
#1373=VERTEX_POINT('',#5198);
#1374=VERTEX_POINT('',#5213);
#1375=VERTEX_POINT('',#5228);
#1376=VERTEX_POINT('',#5247);
#1377=VERTEX_POINT('',#5260);
#1378=VERTEX_POINT('',#5283);
#1379=VERTEX_POINT('',#5285);
#1380=VERTEX_POINT('',#5290);
#1381=VERTEX_POINT('',#5309);
#1382=VERTEX_POINT('',#5320);
#1383=VERTEX_POINT('',#5322);
#1384=VERTEX_POINT('',#5326);
#1385=VERTEX_POINT('',#5327);
#1386=VERTEX_POINT('',#5364);
#1387=VERTEX_POINT('',#5366);
#1388=VERTEX_POINT('',#5404);
#1389=VERTEX_POINT('',#5405);
#1390=VERTEX_POINT('',#5407);
#1391=VERTEX_POINT('',#5409);
#1392=VERTEX_POINT('',#5411);
#1393=VERTEX_POINT('',#5413);
#1394=VERTEX_POINT('',#5415);
#1395=VERTEX_POINT('',#5426);
#1396=VERTEX_POINT('',#5450);
#1397=VERTEX_POINT('',#5451);
#1398=VERTEX_POINT('',#5453);
#1399=VERTEX_POINT('',#5455);
#1400=VERTEX_POINT('',#5462);
#1401=VERTEX_POINT('',#5464);
#1402=VERTEX_POINT('',#5479);
#1403=VERTEX_POINT('',#5492);
#1404=VERTEX_POINT('',#5544);
#1405=VERTEX_POINT('',#5546);
#1406=VERTEX_POINT('',#5562);
#1407=VERTEX_POINT('',#5564);
#1408=VERTEX_POINT('',#5568);
#1409=VERTEX_POINT('',#5578);
#1410=VERTEX_POINT('',#5582);
#1411=VERTEX_POINT('',#5593);
#1412=VERTEX_POINT('',#5632);
#1413=VERTEX_POINT('',#5637);
#1414=VERTEX_POINT('',#5650);
#1415=VERTEX_POINT('',#5684);
#1416=VERTEX_POINT('',#5686);
#1417=VERTEX_POINT('',#5702);
#1418=VERTEX_POINT('',#5704);
#1419=VERTEX_POINT('',#5706);
#1420=VERTEX_POINT('',#5708);
#1421=VERTEX_POINT('',#5710);
#1422=VERTEX_POINT('',#5712);
#1423=VERTEX_POINT('',#5714);
#1424=VERTEX_POINT('',#5716);
#1425=VERTEX_POINT('',#5719);
#1426=VERTEX_POINT('',#5721);
#1427=VERTEX_POINT('',#5723);
#1428=VERTEX_POINT('',#5725);
#1429=VERTEX_POINT('',#5730);
#1430=VERTEX_POINT('',#5732);
#1431=VERTEX_POINT('',#5734);
#1432=VERTEX_POINT('',#5736);
#1433=VERTEX_POINT('',#5738);
#1434=VERTEX_POINT('',#5740);
#1435=VERTEX_POINT('',#5742);
#1436=VERTEX_POINT('',#5744);
#1437=VERTEX_POINT('',#5746);
#1438=VERTEX_POINT('',#5748);
#1439=VERTEX_POINT('',#5750);
#1440=VERTEX_POINT('',#5752);
#1441=VERTEX_POINT('',#5754);
#1442=VERTEX_POINT('',#5756);
#1443=VERTEX_POINT('',#5758);
#1444=VERTEX_POINT('',#5760);
#1445=VERTEX_POINT('',#5762);
#1446=VERTEX_POINT('',#5764);
#1447=VERTEX_POINT('',#5766);
#1448=VERTEX_POINT('',#5768);
#1449=VERTEX_POINT('',#5770);
#1450=VERTEX_POINT('',#5772);
#1451=VERTEX_POINT('',#5774);
#1452=VERTEX_POINT('',#5776);
#1453=VERTEX_POINT('',#5778);
#1454=VERTEX_POINT('',#5780);
#1455=VERTEX_POINT('',#5782);
#1456=VERTEX_POINT('',#5784);
#1457=VERTEX_POINT('',#5786);
#1458=VERTEX_POINT('',#5788);
#1459=VERTEX_POINT('',#5790);
#1460=VERTEX_POINT('',#5792);
#1461=VERTEX_POINT('',#5794);
#1462=VERTEX_POINT('',#5796);
#1463=VERTEX_POINT('',#5798);
#1464=VERTEX_POINT('',#5802);
#1465=VERTEX_POINT('',#5810);
#1466=VERTEX_POINT('',#5812);
#1467=VERTEX_POINT('',#5816);
#1468=VERTEX_POINT('',#5818);
#1469=VERTEX_POINT('',#5823);
#1470=VERTEX_POINT('',#5824);
#1471=VERTEX_POINT('',#5826);
#1472=VERTEX_POINT('',#5828);
#1473=VERTEX_POINT('',#5830);
#1474=VERTEX_POINT('',#5832);
#1475=VERTEX_POINT('',#5834);
#1476=VERTEX_POINT('',#5836);
#1477=VERTEX_POINT('',#5838);
#1478=VERTEX_POINT('',#5840);
#1479=VERTEX_POINT('',#5842);
#1480=VERTEX_POINT('',#5846);
#1481=VERTEX_POINT('',#5847);
#1482=VERTEX_POINT('',#5870);
#1483=VERTEX_POINT('',#5877);
#1484=VERTEX_POINT('',#5882);
#1485=VERTEX_POINT('',#5895);
#1486=VERTEX_POINT('',#5912);
#1487=VERTEX_POINT('',#5919);
#1488=VERTEX_POINT('',#5930);
#1489=VERTEX_POINT('',#5945);
#1490=VERTEX_POINT('',#5952);
#1491=VERTEX_POINT('',#5967);
#1492=VERTEX_POINT('',#5982);
#1493=VERTEX_POINT('',#5989);
#1494=VERTEX_POINT('',#6002);
#1495=VERTEX_POINT('',#6015);
#1496=VERTEX_POINT('',#6022);
#1497=VERTEX_POINT('',#6037);
#1498=VERTEX_POINT('',#6050);
#1499=VERTEX_POINT('',#6057);
#1500=VERTEX_POINT('',#6072);
#1501=VERTEX_POINT('',#6083);
#1502=VERTEX_POINT('',#6093);
#1503=VERTEX_POINT('',#6094);
#1504=VERTEX_POINT('',#6103);
#1505=VERTEX_POINT('',#6107);
#1506=VERTEX_POINT('',#6109);
#1507=VERTEX_POINT('',#6113);
#1508=VERTEX_POINT('',#6125);
#1509=VERTEX_POINT('',#6140);
#1510=VERTEX_POINT('',#6153);
#1511=VERTEX_POINT('',#6162);
#1512=VERTEX_POINT('',#6188);
#1513=VERTEX_POINT('',#6189);
#1514=VERTEX_POINT('',#6200);
#1515=VERTEX_POINT('',#6204);
#1516=VERTEX_POINT('',#6206);
#1517=VERTEX_POINT('',#6210);
#1518=VERTEX_POINT('',#6217);
#1519=VERTEX_POINT('',#6228);
#1520=VERTEX_POINT('',#6245);
#1521=VERTEX_POINT('',#6254);
#1522=VERTEX_POINT('',#6306);
#1523=VERTEX_POINT('',#6311);
#1524=VERTEX_POINT('',#6324);
#1525=VERTEX_POINT('',#6339);
#1526=VERTEX_POINT('',#6346);
#1527=VERTEX_POINT('',#6359);
#1528=VERTEX_POINT('',#6372);
#1529=VERTEX_POINT('',#6379);
#1530=VERTEX_POINT('',#6394);
#1531=VERTEX_POINT('',#6407);
#1532=VERTEX_POINT('',#6414);
#1533=VERTEX_POINT('',#6427);
#1534=VERTEX_POINT('',#6440);
#1535=VERTEX_POINT('',#6447);
#1536=VERTEX_POINT('',#6460);
#1537=VERTEX_POINT('',#6475);
#1538=VERTEX_POINT('',#6482);
#1539=VERTEX_POINT('',#6495);
#1540=VERTEX_POINT('',#6513);
#1541=VERTEX_POINT('',#6524);
#1542=VERTEX_POINT('',#6541);
#1543=VERTEX_POINT('',#6543);
#1544=VERTEX_POINT('',#6572);
#1545=VERTEX_POINT('',#6575);
#1546=VERTEX_POINT('',#6580);
#1547=VERTEX_POINT('',#6582);
#1548=VERTEX_POINT('',#6586);
#1549=VERTEX_POINT('',#6590);
#1550=VERTEX_POINT('',#6594);
#1551=VERTEX_POINT('',#6596);
#1552=VERTEX_POINT('',#6598);
#1553=VERTEX_POINT('',#6600);
#1554=VERTEX_POINT('',#6604);
#1555=VERTEX_POINT('',#6608);
#1556=VERTEX_POINT('',#6612);
#1557=VERTEX_POINT('',#6628);
#1558=VERTEX_POINT('',#6632);
#1559=VERTEX_POINT('',#6648);
#1560=VERTEX_POINT('',#6652);
#1561=VERTEX_POINT('',#6656);
#1562=VERTEX_POINT('',#6660);
#1563=VERTEX_POINT('',#6676);
#1564=VERTEX_POINT('',#6680);
#1565=VERTEX_POINT('',#6697);
#1566=VERTEX_POINT('',#6701);
#1567=VERTEX_POINT('',#6707);
#1568=VERTEX_POINT('',#6723);
#1569=VERTEX_POINT('',#6729);
#1570=VERTEX_POINT('',#6745);
#1571=VERTEX_POINT('',#6751);
#1572=VERTEX_POINT('',#6755);
#1573=VERTEX_POINT('',#6760);
#1574=VERTEX_POINT('',#6776);
#1575=VERTEX_POINT('',#6782);
#1576=VERTEX_POINT('',#6798);
#1577=VERTEX_POINT('',#6804);
#1578=VERTEX_POINT('',#6808);
#1579=VERTEX_POINT('',#6838);
#1580=VERTEX_POINT('',#6862);
#1581=VERTEX_POINT('',#6864);
#1582=VERTEX_POINT('',#6880);
#1583=VERTEX_POINT('',#6892);
#1584=VERTEX_POINT('',#6932);
#1585=VERTEX_POINT('',#7055);
#1586=VERTEX_POINT('',#7098);
#1587=VERTEX_POINT('',#7111);
#1588=VERTEX_POINT('',#7117);
#1589=VERTEX_POINT('',#7125);
#1590=VERTEX_POINT('',#7126);
#1591=VERTEX_POINT('',#7143);
#1592=VERTEX_POINT('',#7245);
#1593=VERTEX_POINT('',#7258);
#1594=VERTEX_POINT('',#7264);
#1595=VERTEX_POINT('',#7272);
#1596=VERTEX_POINT('',#7273);
#1597=VERTEX_POINT('',#7290);
#1598=VERTEX_POINT('',#7292);
#1599=VERTEX_POINT('',#7304);
#1600=VERTEX_POINT('',#7318);
#1601=VERTEX_POINT('',#7346);
#1602=VERTEX_POINT('',#7415);
#1603=VERTEX_POINT('',#7428);
#1604=VERTEX_POINT('',#7434);
#1605=VERTEX_POINT('',#7442);
#1606=VERTEX_POINT('',#7443);
#1607=VERTEX_POINT('',#7460);
#1608=VERTEX_POINT('',#7462);
#1609=VERTEX_POINT('',#7548);
#1610=VERTEX_POINT('',#7562);
#1611=VERTEX_POINT('',#7590);
#1612=VERTEX_POINT('',#7624);
#1613=VERTEX_POINT('',#7626);
#1614=VERTEX_POINT('',#7638);
#1615=VERTEX_POINT('',#7652);
#1616=VERTEX_POINT('',#7680);
#1617=VERTEX_POINT('',#7736);
#1618=VERTEX_POINT('',#7749);
#1619=VERTEX_POINT('',#7755);
#1620=VERTEX_POINT('',#7763);
#1621=VERTEX_POINT('',#7764);
#1622=VERTEX_POINT('',#7781);
#1623=VERTEX_POINT('',#7783);
#1624=VERTEX_POINT('',#7795);
#1625=VERTEX_POINT('',#7809);
#1626=VERTEX_POINT('',#7837);
#1627=VERTEX_POINT('',#7906);
#1628=VERTEX_POINT('',#7914);
#1629=VERTEX_POINT('',#7930);
#1630=VERTEX_POINT('',#7932);
#1631=VERTEX_POINT('',#7944);
#1632=VERTEX_POINT('',#7958);
#1633=VERTEX_POINT('',#7986);
#1634=VERTEX_POINT('',#8042);
#1635=VERTEX_POINT('',#8050);
#1636=VERTEX_POINT('',#8066);
#1637=VERTEX_POINT('',#8068);
#1638=VERTEX_POINT('',#8080);
#1639=VERTEX_POINT('',#8094);
#1640=VERTEX_POINT('',#8122);
#1641=VERTEX_POINT('',#8165);
#1642=VERTEX_POINT('',#8173);
#1643=VERTEX_POINT('',#8189);
#1644=VERTEX_POINT('',#8278);
#1645=VERTEX_POINT('',#8286);
#1646=VERTEX_POINT('',#8302);
#1647=VERTEX_POINT('',#8304);
#1648=VERTEX_POINT('',#8380);
#1649=VERTEX_POINT('',#8388);
#1650=VERTEX_POINT('',#8404);
#1651=VERTEX_POINT('',#8406);
#1652=VERTEX_POINT('',#8482);
#1653=VERTEX_POINT('',#8538);
#1654=VERTEX_POINT('',#8607);
#1655=VERTEX_POINT('',#8620);
#1656=VERTEX_POINT('',#8626);
#1657=VERTEX_POINT('',#8634);
#1658=VERTEX_POINT('',#8635);
#1659=VERTEX_POINT('',#8652);
#1660=VERTEX_POINT('',#8654);
#1661=VERTEX_POINT('',#8666);
#1662=VERTEX_POINT('',#8680);
#1663=VERTEX_POINT('',#8708);
#1664=VERTEX_POINT('',#8777);
#1665=VERTEX_POINT('',#8790);
#1666=VERTEX_POINT('',#8796);
#1667=VERTEX_POINT('',#8804);
#1668=VERTEX_POINT('',#8805);
#1669=VERTEX_POINT('',#8822);
#1670=VERTEX_POINT('',#8824);
#1671=VERTEX_POINT('',#8951);
#1672=VERTEX_POINT('',#9021);
#1673=VERTEX_POINT('',#9035);
#1674=VERTEX_POINT('',#9063);
#1675=VERTEX_POINT('',#9119);
#1676=VERTEX_POINT('',#9132);
#1677=VERTEX_POINT('',#9138);
#1678=VERTEX_POINT('',#9146);
#1679=VERTEX_POINT('',#9147);
#1680=VERTEX_POINT('',#9164);
#1681=VERTEX_POINT('',#9166);
#1682=VERTEX_POINT('',#9178);
#1683=VERTEX_POINT('',#9192);
#1684=VERTEX_POINT('',#9220);
#1685=VERTEX_POINT('',#9289);
#1686=VERTEX_POINT('',#9297);
#1687=VERTEX_POINT('',#9313);
#1688=VERTEX_POINT('',#9315);
#1689=VERTEX_POINT('',#9391);
#1690=VERTEX_POINT('',#9399);
#1691=VERTEX_POINT('',#9415);
#1692=VERTEX_POINT('',#9417);
#1693=VERTEX_POINT('',#9495);
#1694=VERTEX_POINT('',#9511);
#1695=VERTEX_POINT('',#9553);
#1696=VERTEX_POINT('',#9561);
#1697=VERTEX_POINT('',#9577);
#1698=VERTEX_POINT('',#9579);
#1699=VERTEX_POINT('',#9694);
#1700=VERTEX_POINT('',#9695);
#1701=VERTEX_POINT('',#9697);
#1702=VERTEX_POINT('',#9699);
#1703=VERTEX_POINT('',#9703);
#1704=VERTEX_POINT('',#9705);
#1705=VERTEX_POINT('',#9709);
#1706=VERTEX_POINT('',#9711);
#1707=VERTEX_POINT('',#9720);
#1708=VERTEX_POINT('',#9722);
#1709=VERTEX_POINT('',#9724);
#1710=VERTEX_POINT('',#9726);
#1711=VERTEX_POINT('',#9728);
#1712=VERTEX_POINT('',#9732);
#1713=VERTEX_POINT('',#9733);
#1714=VERTEX_POINT('',#9735);
#1715=VERTEX_POINT('',#9737);
#1716=VERTEX_POINT('',#9741);
#1717=EDGE_CURVE('',#1368,#1369,#1120,.T.);
#1718=EDGE_CURVE('',#1368,#1370,#976,.T.);
#1719=EDGE_CURVE('',#1371,#1370,#977,.T.);
#1720=EDGE_CURVE('',#1372,#1371,#978,.T.);
#1721=EDGE_CURVE('',#1373,#1372,#1121,.T.);
#1722=EDGE_CURVE('',#1369,#1373,#714,.T.);
#1723=EDGE_CURVE('',#1374,#1368,#1122,.T.);
#1724=EDGE_CURVE('',#1375,#1374,#1123,.T.);
#1725=EDGE_CURVE('',#1376,#1375,#1124,.T.);
#1726=EDGE_CURVE('',#1376,#1377,#979,.T.);
#1727=EDGE_CURVE('',#1370,#1377,#1125,.T.);
#1728=EDGE_CURVE('',#1378,#1376,#715,.T.);
#1729=EDGE_CURVE('',#1379,#1378,#1126,.T.);
#1730=EDGE_CURVE('',#1380,#1379,#1127,.T.);
#1731=EDGE_CURVE('',#1381,#1380,#1128,.T.);
#1732=EDGE_CURVE('',#1382,#1381,#980,.T.);
#1733=EDGE_CURVE('',#1383,#1382,#981,.T.);
#1734=EDGE_CURVE('',#1383,#1377,#982,.T.);
#1735=EDGE_CURVE('',#1384,#1385,#1129,.T.);
#1736=EDGE_CURVE('',#1385,#1384,#1130,.T.);
#1737=EDGE_CURVE('',#1385,#1386,#983,.T.);
#1738=EDGE_CURVE('',#1387,#1386,#1131,.T.);
#1739=EDGE_CURVE('',#1386,#1387,#1132,.T.);
#1740=EDGE_CURVE('',#1388,#1389,#716,.T.);
#1741=EDGE_CURVE('',#1388,#1390,#984,.T.);
#1742=EDGE_CURVE('',#1391,#1390,#985,.T.);
#1743=EDGE_CURVE('',#1392,#1391,#986,.T.);
#1744=EDGE_CURVE('',#1393,#1392,#987,.T.);
#1745=EDGE_CURVE('',#1394,#1393,#1133,.T.);
#1746=EDGE_CURVE('',#1395,#1394,#1134,.T.);
#1747=EDGE_CURVE('',#1389,#1395,#1135,.T.);
#1748=EDGE_CURVE('',#1396,#1397,#988,.T.);
#1749=EDGE_CURVE('',#1398,#1396,#989,.T.);
#1750=EDGE_CURVE('',#1399,#1398,#1136,.T.);
#1751=EDGE_CURVE('',#1400,#1399,#717,.T.);
#1752=EDGE_CURVE('',#1401,#1400,#1137,.T.);
#1753=EDGE_CURVE('',#1397,#1401,#990,.T.);
#1754=EDGE_CURVE('',#1402,#1388,#1138,.T.);
#1755=EDGE_CURVE('',#1403,#1402,#1139,.T.);
#1756=EDGE_CURVE('',#1398,#1403,#1140,.T.);
#1757=EDGE_CURVE('',#1390,#1396,#1141,.T.);
#1758=EDGE_CURVE('',#1369,#1404,#718,.T.);
#1759=EDGE_CURVE('',#1404,#1405,#1142,.T.);
#1760=EDGE_CURVE('',#1374,#1405,#719,.T.);
#1761=EDGE_CURVE('',#1406,#1373,#720,.T.);
#1762=EDGE_CURVE('',#1407,#1406,#721,.T.);
#1763=EDGE_CURVE('',#1407,#1404,#722,.T.);
#1764=EDGE_CURVE('',#1408,#1372,#723,.T.);
#1765=EDGE_CURVE('',#1406,#1408,#1143,.T.);
#1766=EDGE_CURVE('',#1378,#1409,#724,.T.);
#1767=EDGE_CURVE('',#1409,#1379,#725,.T.);
#1768=EDGE_CURVE('',#1381,#1410,#1144,.T.);
#1769=EDGE_CURVE('',#1410,#1411,#1145,.T.);
#1770=EDGE_CURVE('',#1382,#1411,#726,.T.);
#1771=EDGE_CURVE('',#1412,#1394,#1146,.T.);
#1772=EDGE_CURVE('',#1413,#1412,#1147,.T.);
#1773=EDGE_CURVE('',#1413,#1414,#1148,.T.);
#1774=EDGE_CURVE('',#1414,#1395,#727,.T.);
#1775=EDGE_CURVE('',#1412,#1393,#1149,.T.);
#1776=EDGE_CURVE('',#1413,#1392,#728,.T.);
#1777=EDGE_CURVE('',#1402,#1415,#729,.T.);
#1778=EDGE_CURVE('',#1415,#1416,#1150,.T.);
#1779=EDGE_CURVE('',#1403,#1416,#730,.T.);
#1780=EDGE_CURVE('',#1411,#1417,#731,.T.);
#1781=EDGE_CURVE('',#1417,#1418,#732,.T.);
#1782=EDGE_CURVE('',#1418,#1419,#733,.T.);
#1783=EDGE_CURVE('',#1419,#1420,#734,.T.);
#1784=EDGE_CURVE('',#1420,#1421,#735,.T.);
#1785=EDGE_CURVE('',#1421,#1422,#736,.T.);
#1786=EDGE_CURVE('',#1422,#1423,#737,.T.);
#1787=EDGE_CURVE('',#1423,#1424,#738,.T.);
#1788=EDGE_CURVE('',#1424,#1413,#739,.T.);
#1789=EDGE_CURVE('',#1391,#1425,#991,.T.);
#1790=EDGE_CURVE('',#1425,#1426,#992,.T.);
#1791=EDGE_CURVE('',#1426,#1427,#740,.T.);
#1792=EDGE_CURVE('',#1427,#1428,#993,.T.);
#1793=EDGE_CURVE('',#1428,#1383,#994,.T.);
#1794=EDGE_CURVE('',#1371,#1397,#741,.T.);
#1795=EDGE_CURVE('',#1401,#1429,#742,.T.);
#1796=EDGE_CURVE('',#1429,#1430,#743,.T.);
#1797=EDGE_CURVE('',#1430,#1431,#744,.T.);
#1798=EDGE_CURVE('',#1431,#1432,#745,.T.);
#1799=EDGE_CURVE('',#1432,#1433,#746,.T.);
#1800=EDGE_CURVE('',#1433,#1434,#747,.T.);
#1801=EDGE_CURVE('',#1434,#1435,#748,.T.);
#1802=EDGE_CURVE('',#1435,#1436,#749,.T.);
#1803=EDGE_CURVE('',#1436,#1437,#750,.T.);
#1804=EDGE_CURVE('',#1437,#1438,#751,.T.);
#1805=EDGE_CURVE('',#1438,#1439,#752,.T.);
#1806=EDGE_CURVE('',#1439,#1440,#753,.T.);
#1807=EDGE_CURVE('',#1440,#1441,#754,.T.);
#1808=EDGE_CURVE('',#1441,#1442,#755,.T.);
#1809=EDGE_CURVE('',#1442,#1443,#756,.T.);
#1810=EDGE_CURVE('',#1443,#1444,#757,.T.);
#1811=EDGE_CURVE('',#1444,#1445,#758,.T.);
#1812=EDGE_CURVE('',#1445,#1446,#759,.T.);
#1813=EDGE_CURVE('',#1446,#1447,#760,.T.);
#1814=EDGE_CURVE('',#1447,#1448,#761,.T.);
#1815=EDGE_CURVE('',#1448,#1449,#762,.T.);
#1816=EDGE_CURVE('',#1449,#1450,#763,.T.);
#1817=EDGE_CURVE('',#1450,#1451,#764,.T.);
#1818=EDGE_CURVE('',#1451,#1452,#765,.T.);
#1819=EDGE_CURVE('',#1452,#1453,#766,.T.);
#1820=EDGE_CURVE('',#1453,#1454,#767,.T.);
#1821=EDGE_CURVE('',#1454,#1455,#768,.T.);
#1822=EDGE_CURVE('',#1455,#1456,#769,.T.);
#1823=EDGE_CURVE('',#1456,#1457,#770,.T.);
#1824=EDGE_CURVE('',#1457,#1458,#771,.T.);
#1825=EDGE_CURVE('',#1458,#1459,#772,.T.);
#1826=EDGE_CURVE('',#1459,#1460,#773,.T.);
#1827=EDGE_CURVE('',#1460,#1461,#774,.T.);
#1828=EDGE_CURVE('',#1461,#1462,#775,.T.);
#1829=EDGE_CURVE('',#1462,#1463,#776,.T.);
#1830=EDGE_CURVE('',#1463,#1408,#777,.T.);
#1831=EDGE_CURVE('',#1400,#1464,#778,.T.);
#1832=EDGE_CURVE('',#1429,#1464,#1151,.T.);
#1833=EDGE_CURVE('',#1465,#1465,#779,.T.);
#1834=EDGE_CURVE('',#1465,#1466,#995,.T.);
#1835=EDGE_CURVE('',#1466,#1466,#780,.T.);
#1836=EDGE_CURVE('',#1467,#1467,#781,.T.);
#1837=EDGE_CURVE('',#1467,#1468,#996,.T.);
#1838=EDGE_CURVE('',#1468,#1468,#782,.T.);
#1839=EDGE_CURVE('',#1469,#1470,#997,.T.);
#1840=EDGE_CURVE('',#1470,#1471,#998,.T.);
#1841=EDGE_CURVE('',#1471,#1472,#999,.T.);
#1842=EDGE_CURVE('',#1472,#1473,#1000,.T.);
#1843=EDGE_CURVE('',#1473,#1474,#1001,.T.);
#1844=EDGE_CURVE('',#1474,#1475,#1002,.T.);
#1845=EDGE_CURVE('',#1475,#1476,#783,.T.);
#1846=EDGE_CURVE('',#1476,#1477,#1003,.T.);
#1847=EDGE_CURVE('',#1477,#1478,#784,.T.);
#1848=EDGE_CURVE('',#1478,#1479,#1004,.T.);
#1849=EDGE_CURVE('',#1479,#1469,#1005,.T.);
#1850=EDGE_CURVE('',#1480,#1481,#1152,.T.);
#1851=EDGE_CURVE('',#1480,#1482,#1153,.T.);
#1852=EDGE_CURVE('',#1483,#1482,#1154,.T.);
#1853=EDGE_CURVE('',#1484,#1483,#1155,.T.);
#1854=EDGE_CURVE('',#1485,#1484,#1156,.T.);
#1855=EDGE_CURVE('',#1486,#1485,#1157,.T.);
#1856=EDGE_CURVE('',#1487,#1486,#1158,.T.);
#1857=EDGE_CURVE('',#1488,#1487,#1159,.T.);
#1858=EDGE_CURVE('',#1489,#1488,#1160,.T.);
#1859=EDGE_CURVE('',#1490,#1489,#1161,.T.);
#1860=EDGE_CURVE('',#1491,#1490,#1162,.T.);
#1861=EDGE_CURVE('',#1492,#1491,#1163,.T.);
#1862=EDGE_CURVE('',#1493,#1492,#1164,.T.);
#1863=EDGE_CURVE('',#1494,#1493,#1165,.T.);
#1864=EDGE_CURVE('',#1495,#1494,#1166,.T.);
#1865=EDGE_CURVE('',#1496,#1495,#1167,.T.);
#1866=EDGE_CURVE('',#1497,#1496,#1168,.T.);
#1867=EDGE_CURVE('',#1498,#1497,#1169,.T.);
#1868=EDGE_CURVE('',#1499,#1498,#1170,.T.);
#1869=EDGE_CURVE('',#1500,#1499,#1171,.T.);
#1870=EDGE_CURVE('',#1501,#1500,#1172,.T.);
#1871=EDGE_CURVE('',#1481,#1501,#1173,.T.);
#1872=EDGE_CURVE('',#1502,#1503,#1174,.T.);
#1873=EDGE_CURVE('',#1504,#1502,#19,.T.);
#1874=EDGE_CURVE('',#1505,#1504,#785,.T.);
#1875=EDGE_CURVE('',#1505,#1506,#20,.T.);
#1876=EDGE_CURVE('',#1507,#1506,#1175,.T.);
#1877=EDGE_CURVE('',#1508,#1507,#1176,.T.);
#1878=EDGE_CURVE('',#1509,#1508,#1177,.T.);
#1879=EDGE_CURVE('',#1510,#1509,#1178,.T.);
#1880=EDGE_CURVE('',#1511,#1510,#1179,.T.);
#1881=EDGE_CURVE('',#1503,#1511,#1180,.T.);
#1882=EDGE_CURVE('',#1512,#1513,#1181,.T.);
#1883=EDGE_CURVE('',#1514,#1512,#21,.T.);
#1884=EDGE_CURVE('',#1515,#1514,#786,.T.);
#1885=EDGE_CURVE('',#1515,#1516,#22,.T.);
#1886=EDGE_CURVE('',#1517,#1516,#1182,.T.);
#1887=EDGE_CURVE('',#1518,#1517,#1183,.T.);
#1888=EDGE_CURVE('',#1519,#1518,#1184,.T.);
#1889=EDGE_CURVE('',#1520,#1519,#1185,.T.);
#1890=EDGE_CURVE('',#1521,#1520,#1186,.T.);
#1891=EDGE_CURVE('',#1513,#1521,#1187,.T.);
#1892=EDGE_CURVE('',#1481,#1480,#1188,.T.);
#1893=EDGE_CURVE('',#1522,#1501,#1189,.T.);
#1894=EDGE_CURVE('',#1523,#1522,#1190,.T.);
#1895=EDGE_CURVE('',#1524,#1523,#1191,.T.);
#1896=EDGE_CURVE('',#1525,#1524,#1192,.T.);
#1897=EDGE_CURVE('',#1526,#1525,#1193,.T.);
#1898=EDGE_CURVE('',#1527,#1526,#1194,.T.);
#1899=EDGE_CURVE('',#1528,#1527,#1195,.T.);
#1900=EDGE_CURVE('',#1529,#1528,#1196,.T.);
#1901=EDGE_CURVE('',#1530,#1529,#1197,.T.);
#1902=EDGE_CURVE('',#1531,#1530,#1198,.T.);
#1903=EDGE_CURVE('',#1532,#1531,#1199,.T.);
#1904=EDGE_CURVE('',#1533,#1532,#1200,.T.);
#1905=EDGE_CURVE('',#1534,#1533,#1201,.T.);
#1906=EDGE_CURVE('',#1535,#1534,#1202,.T.);
#1907=EDGE_CURVE('',#1536,#1535,#1203,.T.);
#1908=EDGE_CURVE('',#1537,#1536,#1204,.T.);
#1909=EDGE_CURVE('',#1538,#1537,#1205,.T.);
#1910=EDGE_CURVE('',#1539,#1538,#1206,.T.);
#1911=EDGE_CURVE('',#1482,#1539,#1207,.T.);
#1912=EDGE_CURVE('',#1540,#1502,#1208,.T.);
#1913=EDGE_CURVE('',#1541,#1540,#1209,.T.);
#1914=EDGE_CURVE('',#1506,#1541,#787,.T.);
#1915=EDGE_CURVE('',#1504,#1505,#1006,.T.);
#1916=EDGE_CURVE('',#1542,#1512,#788,.T.);
#1917=EDGE_CURVE('',#1543,#1542,#1210,.T.);
#1918=EDGE_CURVE('',#1516,#1543,#1211,.T.);
#1919=EDGE_CURVE('',#1514,#1515,#1007,.T.);
#1920=EDGE_CURVE('',#1480,#1481,#789,.T.);
#1921=EDGE_CURVE('',#1377,#1476,#1008,.T.);
#1922=EDGE_CURVE('',#1544,#1475,#1009,.T.);
#1923=EDGE_CURVE('',#1544,#1480,#790,.T.);
#1924=EDGE_CURVE('',#1481,#1545,#791,.T.);
#1925=EDGE_CURVE('',#1545,#1478,#1010,.T.);
#1926=EDGE_CURVE('',#1390,#1477,#1011,.T.);
#1927=EDGE_CURVE('',#1483,#1546,#792,.T.);
#1928=EDGE_CURVE('',#1546,#1547,#793,.T.);
#1929=EDGE_CURVE('',#1547,#1484,#794,.T.);
#1930=EDGE_CURVE('',#1548,#1547,#795,.T.);
#1931=EDGE_CURVE('',#1548,#1485,#796,.T.);
#1932=EDGE_CURVE('',#1549,#1548,#797,.T.);
#1933=EDGE_CURVE('',#1486,#1549,#798,.T.);
#1934=EDGE_CURVE('',#1550,#1500,#799,.T.);
#1935=EDGE_CURVE('',#1551,#1550,#800,.T.);
#1936=EDGE_CURVE('',#1552,#1551,#801,.T.);
#1937=EDGE_CURVE('',#1552,#1553,#802,.T.);
#1938=EDGE_CURVE('',#1522,#1553,#803,.T.);
#1939=EDGE_CURVE('',#1549,#1554,#804,.T.);
#1940=EDGE_CURVE('',#1487,#1554,#805,.T.);
#1941=EDGE_CURVE('',#1499,#1555,#806,.T.);
#1942=EDGE_CURVE('',#1550,#1555,#807,.T.);
#1943=EDGE_CURVE('',#1553,#1556,#1212,.T.);
#1944=EDGE_CURVE('',#1556,#1523,#808,.T.);
#1945=EDGE_CURVE('',#1498,#1557,#809,.T.);
#1946=EDGE_CURVE('',#1557,#1555,#810,.T.);
#1947=EDGE_CURVE('',#1556,#1558,#1213,.T.);
#1948=EDGE_CURVE('',#1558,#1524,#811,.T.);
#1949=EDGE_CURVE('',#1559,#1497,#812,.T.);
#1950=EDGE_CURVE('',#1557,#1559,#813,.T.);
#1951=EDGE_CURVE('',#1558,#1560,#814,.T.);
#1952=EDGE_CURVE('',#1525,#1560,#815,.T.);
#1953=EDGE_CURVE('',#1496,#1561,#816,.T.);
#1954=EDGE_CURVE('',#1559,#1561,#817,.T.);
#1955=EDGE_CURVE('',#1560,#1562,#1214,.T.);
#1956=EDGE_CURVE('',#1562,#1526,#818,.T.);
#1957=EDGE_CURVE('',#1495,#1563,#819,.T.);
#1958=EDGE_CURVE('',#1563,#1561,#820,.T.);
#1959=EDGE_CURVE('',#1562,#1564,#1215,.T.);
#1960=EDGE_CURVE('',#1564,#1511,#821,.T.);
#1961=EDGE_CURVE('',#1510,#1527,#822,.T.);
#1962=EDGE_CURVE('',#1564,#1565,#823,.T.);
#1963=EDGE_CURVE('',#1503,#1565,#824,.T.);
#1964=EDGE_CURVE('',#1566,#1494,#825,.T.);
#1965=EDGE_CURVE('',#1563,#1566,#826,.T.);
#1966=EDGE_CURVE('',#1528,#1509,#827,.T.);
#1967=EDGE_CURVE('',#1565,#1567,#1216,.T.);
#1968=EDGE_CURVE('',#1540,#1567,#828,.T.);
#1969=EDGE_CURVE('',#1568,#1493,#829,.T.);
#1970=EDGE_CURVE('',#1566,#1568,#830,.T.);
#1971=EDGE_CURVE('',#1529,#1508,#831,.T.);
#1972=EDGE_CURVE('',#1567,#1569,#1217,.T.);
#1973=EDGE_CURVE('',#1569,#1541,#832,.T.);
#1974=EDGE_CURVE('',#1492,#1570,#833,.T.);
#1975=EDGE_CURVE('',#1570,#1568,#834,.T.);
#1976=EDGE_CURVE('',#1507,#1530,#835,.T.);
#1977=EDGE_CURVE('',#1571,#1491,#836,.T.);
#1978=EDGE_CURVE('',#1570,#1571,#837,.T.);
#1979=EDGE_CURVE('',#1569,#1572,#838,.T.);
#1980=EDGE_CURVE('',#1542,#1572,#839,.T.);
#1981=EDGE_CURVE('',#1531,#1513,#840,.T.);
#1982=EDGE_CURVE('',#1572,#1573,#1218,.T.);
#1983=EDGE_CURVE('',#1573,#1543,#841,.T.);
#1984=EDGE_CURVE('',#1490,#1574,#842,.T.);
#1985=EDGE_CURVE('',#1571,#1574,#843,.T.);
#1986=EDGE_CURVE('',#1521,#1532,#844,.T.);
#1987=EDGE_CURVE('',#1573,#1575,#1219,.T.);
#1988=EDGE_CURVE('',#1575,#1517,#845,.T.);
#1989=EDGE_CURVE('',#1489,#1576,#846,.T.);
#1990=EDGE_CURVE('',#1576,#1574,#847,.T.);
#1991=EDGE_CURVE('',#1520,#1533,#848,.T.);
#1992=EDGE_CURVE('',#1575,#1577,#849,.T.);
#1993=EDGE_CURVE('',#1518,#1577,#850,.T.);
#1994=EDGE_CURVE('',#1578,#1488,#851,.T.);
#1995=EDGE_CURVE('',#1576,#1578,#852,.T.);
#1996=EDGE_CURVE('',#1578,#1554,#853,.T.);
#1997=EDGE_CURVE('',#1451,#1579,#1220,.T.);
#1998=EDGE_CURVE('',#1451,#1548,#1221,.T.);
#1999=EDGE_CURVE('',#1579,#1547,#1222,.T.);
#2000=EDGE_CURVE('',#1537,#1580,#854,.T.);
#2001=EDGE_CURVE('',#1580,#1581,#1223,.T.);
#2002=EDGE_CURVE('',#1538,#1581,#855,.T.);
#2003=EDGE_CURVE('',#1582,#1536,#856,.T.);
#2004=EDGE_CURVE('',#1582,#1580,#857,.T.);
#2005=EDGE_CURVE('',#1549,#1450,#1224,.T.);
#2006=EDGE_CURVE('',#1583,#1535,#858,.T.);
#2007=EDGE_CURVE('',#1583,#1582,#1225,.T.);
#2008=EDGE_CURVE('',#1584,#1450,#1226,.T.);
#2009=EDGE_CURVE('',#1554,#1584,#1227,.T.);
#2010=EDGE_CURVE('',#1449,#1584,#1228,.T.);
#2011=EDGE_CURVE('',#1579,#1452,#1229,.T.);
#2012=EDGE_CURVE('',#1449,#1578,#1230,.T.);
#2013=EDGE_CURVE('',#1534,#1519,#859,.T.);
#2014=EDGE_CURVE('',#1577,#1583,#1231,.T.);
#2015=EDGE_CURVE('',#1576,#1448,#1232,.T.);
#2016=EDGE_CURVE('',#1585,#1448,#1233,.T.);
#2017=EDGE_CURVE('',#1574,#1585,#1234,.T.);
#2018=EDGE_CURVE('',#1453,#1586,#1235,.T.);
#2019=EDGE_CURVE('',#1453,#1587,#1236,.T.);
#2020=EDGE_CURVE('',#1587,#1588,#860,.T.);
#2021=EDGE_CURVE('',#1586,#1588,#1237,.T.);
#2022=EDGE_CURVE('',#1589,#1590,#1238,.T.);
#2023=EDGE_CURVE('',#1588,#1590,#861,.T.);
#2024=EDGE_CURVE('',#1587,#1589,#862,.T.);
#2025=EDGE_CURVE('',#1591,#1539,#863,.T.);
#2026=EDGE_CURVE('',#1591,#1589,#864,.T.);
#2027=EDGE_CURVE('',#1546,#1587,#865,.T.);
#2028=EDGE_CURVE('',#1546,#1452,#1239,.T.);
#2029=EDGE_CURVE('',#1581,#1591,#1240,.T.);
#2030=EDGE_CURVE('',#1586,#1454,#1241,.T.);
#2031=EDGE_CURVE('',#1447,#1585,#1242,.T.);
#2032=EDGE_CURVE('',#1457,#1592,#1243,.T.);
#2033=EDGE_CURVE('',#1457,#1593,#1244,.T.);
#2034=EDGE_CURVE('',#1593,#1594,#866,.T.);
#2035=EDGE_CURVE('',#1592,#1594,#1245,.T.);
#2036=EDGE_CURVE('',#1595,#1596,#1246,.T.);
#2037=EDGE_CURVE('',#1594,#1596,#867,.T.);
#2038=EDGE_CURVE('',#1593,#1595,#868,.T.);
#2039=EDGE_CURVE('',#1597,#1593,#869,.T.);
#2040=EDGE_CURVE('',#1598,#1597,#870,.T.);
#2041=EDGE_CURVE('',#1598,#1595,#871,.T.);
#2042=EDGE_CURVE('',#1597,#1456,#1247,.T.);
#2043=EDGE_CURVE('',#1599,#1598,#1248,.T.);
#2044=EDGE_CURVE('',#1597,#1600,#872,.T.);
#2045=EDGE_CURVE('',#1599,#1600,#873,.T.);
#2046=EDGE_CURVE('',#1601,#1456,#1249,.T.);
#2047=EDGE_CURVE('',#1600,#1601,#1250,.T.);
#2048=EDGE_CURVE('',#1592,#1458,#1251,.T.);
#2049=EDGE_CURVE('',#1455,#1601,#1252,.T.);
#2050=EDGE_CURVE('',#1459,#1602,#1253,.T.);
#2051=EDGE_CURVE('',#1459,#1603,#1254,.T.);
#2052=EDGE_CURVE('',#1603,#1604,#874,.T.);
#2053=EDGE_CURVE('',#1602,#1604,#1255,.T.);
#2054=EDGE_CURVE('',#1605,#1606,#1256,.T.);
#2055=EDGE_CURVE('',#1604,#1606,#875,.T.);
#2056=EDGE_CURVE('',#1603,#1605,#876,.T.);
#2057=EDGE_CURVE('',#1607,#1603,#877,.T.);
#2058=EDGE_CURVE('',#1608,#1607,#878,.T.);
#2059=EDGE_CURVE('',#1608,#1605,#879,.T.);
#2060=EDGE_CURVE('',#1607,#1458,#1257,.T.);
#2061=EDGE_CURVE('',#1596,#1608,#1258,.T.);
#2062=EDGE_CURVE('',#1607,#1594,#880,.T.);
#2063=EDGE_CURVE('',#1602,#1460,#1259,.T.);
#2064=EDGE_CURVE('',#1410,#1380,#1260,.T.);
#2065=EDGE_CURVE('',#1609,#1407,#1261,.T.);
#2066=EDGE_CURVE('',#1406,#1610,#881,.T.);
#2067=EDGE_CURVE('',#1609,#1610,#882,.T.);
#2068=EDGE_CURVE('',#1611,#1408,#1262,.T.);
#2069=EDGE_CURVE('',#1610,#1611,#1263,.T.);
#2070=EDGE_CURVE('',#1463,#1611,#1264,.T.);
#2071=EDGE_CURVE('',#1414,#1389,#883,.T.);
#2072=EDGE_CURVE('',#1612,#1414,#884,.T.);
#2073=EDGE_CURVE('',#1613,#1612,#885,.T.);
#2074=EDGE_CURVE('',#1613,#1415,#886,.T.);
#2075=EDGE_CURVE('',#1612,#1424,#1265,.T.);
#2076=EDGE_CURVE('',#1614,#1613,#1266,.T.);
#2077=EDGE_CURVE('',#1612,#1615,#887,.T.);
#2078=EDGE_CURVE('',#1614,#1615,#888,.T.);
#2079=EDGE_CURVE('',#1616,#1424,#1267,.T.);
#2080=EDGE_CURVE('',#1615,#1616,#1268,.T.);
#2081=EDGE_CURVE('',#1423,#1616,#1269,.T.);
#2082=EDGE_CURVE('',#1421,#1617,#1270,.T.);
#2083=EDGE_CURVE('',#1421,#1618,#1271,.T.);
#2084=EDGE_CURVE('',#1618,#1619,#889,.T.);
#2085=EDGE_CURVE('',#1617,#1619,#1272,.T.);
#2086=EDGE_CURVE('',#1620,#1621,#1273,.T.);
#2087=EDGE_CURVE('',#1619,#1621,#890,.T.);
#2088=EDGE_CURVE('',#1618,#1620,#891,.T.);
#2089=EDGE_CURVE('',#1622,#1618,#892,.T.);
#2090=EDGE_CURVE('',#1623,#1622,#893,.T.);
#2091=EDGE_CURVE('',#1623,#1620,#894,.T.);
#2092=EDGE_CURVE('',#1622,#1420,#1274,.T.);
#2093=EDGE_CURVE('',#1624,#1623,#1275,.T.);
#2094=EDGE_CURVE('',#1622,#1625,#895,.T.);
#2095=EDGE_CURVE('',#1624,#1625,#896,.T.);
#2096=EDGE_CURVE('',#1626,#1420,#1276,.T.);
#2097=EDGE_CURVE('',#1625,#1626,#1277,.T.);
#2098=EDGE_CURVE('',#1419,#1626,#1278,.T.);
#2099=EDGE_CURVE('',#1617,#1422,#1279,.T.);
#2100=EDGE_CURVE('',#1419,#1627,#1280,.T.);
#2101=EDGE_CURVE('',#1627,#1625,#897,.T.);
#2102=EDGE_CURVE('',#1628,#1624,#1281,.T.);
#2103=EDGE_CURVE('',#1627,#1628,#898,.T.);
#2104=EDGE_CURVE('',#1629,#1627,#899,.T.);
#2105=EDGE_CURVE('',#1630,#1629,#900,.T.);
#2106=EDGE_CURVE('',#1630,#1628,#901,.T.);
#2107=EDGE_CURVE('',#1629,#1418,#1282,.T.);
#2108=EDGE_CURVE('',#1631,#1630,#1283,.T.);
#2109=EDGE_CURVE('',#1629,#1632,#902,.T.);
#2110=EDGE_CURVE('',#1631,#1632,#903,.T.);
#2111=EDGE_CURVE('',#1633,#1418,#1284,.T.);
#2112=EDGE_CURVE('',#1632,#1633,#1285,.T.);
#2113=EDGE_CURVE('',#1417,#1633,#1286,.T.);
#2114=EDGE_CURVE('',#1463,#1634,#1287,.T.);
#2115=EDGE_CURVE('',#1634,#1610,#904,.T.);
#2116=EDGE_CURVE('',#1635,#1609,#1288,.T.);
#2117=EDGE_CURVE('',#1634,#1635,#905,.T.);
#2118=EDGE_CURVE('',#1636,#1634,#906,.T.);
#2119=EDGE_CURVE('',#1637,#1636,#907,.T.);
#2120=EDGE_CURVE('',#1637,#1635,#908,.T.);
#2121=EDGE_CURVE('',#1636,#1462,#1289,.T.);
#2122=EDGE_CURVE('',#1638,#1637,#1290,.T.);
#2123=EDGE_CURVE('',#1636,#1639,#909,.T.);
#2124=EDGE_CURVE('',#1638,#1639,#910,.T.);
#2125=EDGE_CURVE('',#1640,#1462,#1291,.T.);
#2126=EDGE_CURVE('',#1639,#1640,#1292,.T.);
#2127=EDGE_CURVE('',#1417,#1641,#1293,.T.);
#2128=EDGE_CURVE('',#1641,#1632,#911,.T.);
#2129=EDGE_CURVE('',#1642,#1631,#1294,.T.);
#2130=EDGE_CURVE('',#1641,#1642,#912,.T.);
#2131=EDGE_CURVE('',#1643,#1375,#913,.T.);
#2132=EDGE_CURVE('',#1643,#1642,#914,.T.);
#2133=EDGE_CURVE('',#1409,#1641,#915,.T.);
#2134=EDGE_CURVE('',#1409,#1411,#1295,.T.);
#2135=EDGE_CURVE('',#1405,#1643,#1296,.T.);
#2136=EDGE_CURVE('',#1461,#1640,#1297,.T.);
#2137=EDGE_CURVE('',#1461,#1644,#1298,.T.);
#2138=EDGE_CURVE('',#1644,#1639,#916,.T.);
#2139=EDGE_CURVE('',#1645,#1638,#1299,.T.);
#2140=EDGE_CURVE('',#1644,#1645,#917,.T.);
#2141=EDGE_CURVE('',#1646,#1644,#918,.T.);
#2142=EDGE_CURVE('',#1647,#1646,#919,.T.);
#2143=EDGE_CURVE('',#1647,#1645,#920,.T.);
#2144=EDGE_CURVE('',#1646,#1460,#1300,.T.);
#2145=EDGE_CURVE('',#1606,#1647,#1301,.T.);
#2146=EDGE_CURVE('',#1646,#1604,#921,.T.);
#2147=EDGE_CURVE('',#1423,#1648,#1302,.T.);
#2148=EDGE_CURVE('',#1648,#1615,#922,.T.);
#2149=EDGE_CURVE('',#1649,#1614,#1303,.T.);
#2150=EDGE_CURVE('',#1648,#1649,#923,.T.);
#2151=EDGE_CURVE('',#1650,#1648,#924,.T.);
#2152=EDGE_CURVE('',#1651,#1650,#925,.T.);
#2153=EDGE_CURVE('',#1651,#1649,#926,.T.);
#2154=EDGE_CURVE('',#1650,#1422,#1304,.T.);
#2155=EDGE_CURVE('',#1621,#1651,#1305,.T.);
#2156=EDGE_CURVE('',#1650,#1619,#927,.T.);
#2157=EDGE_CURVE('',#1445,#1652,#1306,.T.);
#2158=EDGE_CURVE('',#1445,#1566,#1307,.T.);
#2159=EDGE_CURVE('',#1652,#1568,#1308,.T.);
#2160=EDGE_CURVE('',#1563,#1444,#1309,.T.);
#2161=EDGE_CURVE('',#1653,#1444,#1310,.T.);
#2162=EDGE_CURVE('',#1561,#1653,#1311,.T.);
#2163=EDGE_CURVE('',#1443,#1653,#1312,.T.);
#2164=EDGE_CURVE('',#1652,#1446,#1313,.T.);
#2165=EDGE_CURVE('',#1431,#1654,#1314,.T.);
#2166=EDGE_CURVE('',#1431,#1655,#1315,.T.);
#2167=EDGE_CURVE('',#1655,#1656,#928,.T.);
#2168=EDGE_CURVE('',#1654,#1656,#1316,.T.);
#2169=EDGE_CURVE('',#1657,#1658,#1317,.T.);
#2170=EDGE_CURVE('',#1656,#1658,#929,.T.);
#2171=EDGE_CURVE('',#1655,#1657,#930,.T.);
#2172=EDGE_CURVE('',#1659,#1655,#931,.T.);
#2173=EDGE_CURVE('',#1660,#1659,#932,.T.);
#2174=EDGE_CURVE('',#1660,#1657,#933,.T.);
#2175=EDGE_CURVE('',#1659,#1430,#1318,.T.);
#2176=EDGE_CURVE('',#1661,#1660,#1319,.T.);
#2177=EDGE_CURVE('',#1659,#1662,#934,.T.);
#2178=EDGE_CURVE('',#1661,#1662,#935,.T.);
#2179=EDGE_CURVE('',#1663,#1430,#1320,.T.);
#2180=EDGE_CURVE('',#1662,#1663,#1321,.T.);
#2181=EDGE_CURVE('',#1654,#1432,#1322,.T.);
#2182=EDGE_CURVE('',#1429,#1663,#1323,.T.);
#2183=EDGE_CURVE('',#1433,#1664,#1324,.T.);
#2184=EDGE_CURVE('',#1433,#1665,#1325,.T.);
#2185=EDGE_CURVE('',#1665,#1666,#936,.T.);
#2186=EDGE_CURVE('',#1664,#1666,#1326,.T.);
#2187=EDGE_CURVE('',#1667,#1668,#1327,.T.);
#2188=EDGE_CURVE('',#1666,#1668,#937,.T.);
#2189=EDGE_CURVE('',#1665,#1667,#938,.T.);
#2190=EDGE_CURVE('',#1669,#1665,#939,.T.);
#2191=EDGE_CURVE('',#1670,#1669,#940,.T.);
#2192=EDGE_CURVE('',#1670,#1667,#941,.T.);
#2193=EDGE_CURVE('',#1669,#1432,#1328,.T.);
#2194=EDGE_CURVE('',#1658,#1670,#1329,.T.);
#2195=EDGE_CURVE('',#1669,#1656,#942,.T.);
#2196=EDGE_CURVE('',#1664,#1434,#1330,.T.);
#2197=EDGE_CURVE('',#1443,#1559,#1331,.T.);
#2198=EDGE_CURVE('',#1557,#1442,#1332,.T.);
#2199=EDGE_CURVE('',#1671,#1442,#1333,.T.);
#2200=EDGE_CURVE('',#1555,#1671,#1334,.T.);
#2201=EDGE_CURVE('',#1441,#1671,#1335,.T.);
#2202=EDGE_CURVE('',#1441,#1550,#1336,.T.);
#2203=EDGE_CURVE('',#1551,#1440,#1337,.T.);
#2204=EDGE_CURVE('',#1672,#1552,#1338,.T.);
#2205=EDGE_CURVE('',#1551,#1673,#943,.T.);
#2206=EDGE_CURVE('',#1672,#1673,#944,.T.);
#2207=EDGE_CURVE('',#1674,#1440,#1339,.T.);
#2208=EDGE_CURVE('',#1673,#1674,#1340,.T.);
#2209=EDGE_CURVE('',#1439,#1674,#1341,.T.);
#2210=EDGE_CURVE('',#1437,#1675,#1342,.T.);
#2211=EDGE_CURVE('',#1437,#1676,#1343,.T.);
#2212=EDGE_CURVE('',#1676,#1677,#945,.T.);
#2213=EDGE_CURVE('',#1675,#1677,#1344,.T.);
#2214=EDGE_CURVE('',#1678,#1679,#1345,.T.);
#2215=EDGE_CURVE('',#1677,#1679,#946,.T.);
#2216=EDGE_CURVE('',#1676,#1678,#947,.T.);
#2217=EDGE_CURVE('',#1680,#1676,#948,.T.);
#2218=EDGE_CURVE('',#1681,#1680,#949,.T.);
#2219=EDGE_CURVE('',#1681,#1678,#950,.T.);
#2220=EDGE_CURVE('',#1680,#1436,#1346,.T.);
#2221=EDGE_CURVE('',#1682,#1681,#1347,.T.);
#2222=EDGE_CURVE('',#1680,#1683,#951,.T.);
#2223=EDGE_CURVE('',#1682,#1683,#952,.T.);
#2224=EDGE_CURVE('',#1684,#1436,#1348,.T.);
#2225=EDGE_CURVE('',#1683,#1684,#1349,.T.);
#2226=EDGE_CURVE('',#1675,#1438,#1350,.T.);
#2227=EDGE_CURVE('',#1435,#1684,#1351,.T.);
#2228=EDGE_CURVE('',#1439,#1685,#1352,.T.);
#2229=EDGE_CURVE('',#1685,#1673,#953,.T.);
#2230=EDGE_CURVE('',#1686,#1672,#1353,.T.);
#2231=EDGE_CURVE('',#1685,#1686,#954,.T.);
#2232=EDGE_CURVE('',#1687,#1685,#955,.T.);
#2233=EDGE_CURVE('',#1688,#1687,#956,.T.);
#2234=EDGE_CURVE('',#1688,#1686,#957,.T.);
#2235=EDGE_CURVE('',#1687,#1438,#1354,.T.);
#2236=EDGE_CURVE('',#1679,#1688,#1355,.T.);
#2237=EDGE_CURVE('',#1687,#1677,#958,.T.);
#2238=EDGE_CURVE('',#1435,#1689,#1356,.T.);
#2239=EDGE_CURVE('',#1689,#1683,#959,.T.);
#2240=EDGE_CURVE('',#1690,#1682,#1357,.T.);
#2241=EDGE_CURVE('',#1689,#1690,#960,.T.);
#2242=EDGE_CURVE('',#1691,#1689,#961,.T.);
#2243=EDGE_CURVE('',#1692,#1691,#962,.T.);
#2244=EDGE_CURVE('',#1692,#1690,#963,.T.);
#2245=EDGE_CURVE('',#1691,#1434,#1358,.T.);
#2246=EDGE_CURVE('',#1668,#1692,#1359,.T.);
#2247=EDGE_CURVE('',#1691,#1666,#964,.T.);
#2248=EDGE_CURVE('',#1464,#1662,#965,.T.);
#2249=EDGE_CURVE('',#1693,#1661,#1360,.T.);
#2250=EDGE_CURVE('',#1464,#1693,#966,.T.);
#2251=EDGE_CURVE('',#1694,#1399,#967,.T.);
#2252=EDGE_CURVE('',#1694,#1693,#968,.T.);
#2253=EDGE_CURVE('',#1416,#1694,#1361,.T.);
#2254=EDGE_CURVE('',#1455,#1695,#1362,.T.);
#2255=EDGE_CURVE('',#1695,#1600,#969,.T.);
#2256=EDGE_CURVE('',#1696,#1599,#1363,.T.);
#2257=EDGE_CURVE('',#1695,#1696,#970,.T.);
#2258=EDGE_CURVE('',#1697,#1695,#971,.T.);
#2259=EDGE_CURVE('',#1698,#1697,#972,.T.);
#2260=EDGE_CURVE('',#1698,#1696,#973,.T.);
#2261=EDGE_CURVE('',#1697,#1454,#1364,.T.);
#2262=EDGE_CURVE('',#1590,#1698,#1365,.T.);
#2263=EDGE_CURVE('',#1697,#1588,#974,.T.);
#2264=EDGE_CURVE('',#1447,#1571,#1366,.T.);
#2265=EDGE_CURVE('',#1570,#1446,#1367,.T.);
#2266=EDGE_CURVE('',#1699,#1700,#1012,.T.);
#2267=EDGE_CURVE('',#1700,#1701,#1013,.T.);
#2268=EDGE_CURVE('',#1701,#1702,#1014,.T.);
#2269=EDGE_CURVE('',#1702,#1699,#1015,.T.);
#2270=EDGE_CURVE('',#1470,#1703,#1016,.T.);
#2271=EDGE_CURVE('',#1704,#1703,#1017,.T.);
#2272=EDGE_CURVE('',#1471,#1704,#1018,.T.);
#2273=EDGE_CURVE('',#1702,#1705,#1019,.T.);
#2274=EDGE_CURVE('',#1706,#1705,#1020,.T.);
#2275=EDGE_CURVE('',#1699,#1706,#1021,.T.);
#2276=EDGE_CURVE('',#1705,#1704,#1022,.T.);
#2277=EDGE_CURVE('',#1703,#1706,#1023,.T.);
#2278=EDGE_CURVE('',#1481,#1480,#1024,.T.);
#2279=EDGE_CURVE('',#1707,#1544,#1025,.T.);
#2280=EDGE_CURVE('',#1708,#1707,#1026,.T.);
#2281=EDGE_CURVE('',#1709,#1708,#1027,.T.);
#2282=EDGE_CURVE('',#1710,#1709,#1028,.T.);
#2283=EDGE_CURVE('',#1711,#1710,#1029,.T.);
#2284=EDGE_CURVE('',#1480,#1711,#1030,.T.);
#2285=EDGE_CURVE('',#1712,#1713,#1031,.T.);
#2286=EDGE_CURVE('',#1714,#1712,#1032,.T.);
#2287=EDGE_CURVE('',#1715,#1714,#1033,.T.);
#2288=EDGE_CURVE('',#1713,#1715,#975,.T.);
#2289=EDGE_CURVE('',#1716,#1481,#1034,.T.);
#2290=EDGE_CURVE('',#1545,#1716,#1035,.T.);
#2291=EDGE_CURVE('',#1707,#1474,#1036,.T.);
#2292=EDGE_CURVE('',#1708,#1473,#1037,.T.);
#2293=EDGE_CURVE('',#1709,#1472,#1038,.T.);
#2294=EDGE_CURVE('',#1710,#1471,#1039,.T.);
#2295=EDGE_CURVE('',#1711,#1701,#1040,.T.);
#2296=EDGE_CURVE('',#1480,#1700,#1041,.T.);
#2297=EDGE_CURVE('',#1481,#1469,#1042,.T.);
#2298=EDGE_CURVE('',#1716,#1479,#1043,.T.);
#2299=EDGE_CURVE('',#1428,#1714,#1044,.T.);
#2300=EDGE_CURVE('',#1427,#1715,#1045,.T.);
#2301=EDGE_CURVE('',#1425,#1712,#1046,.T.);
#2302=EDGE_CURVE('',#1426,#1713,#1047,.T.);
#2303=ORIENTED_EDGE('',*,*,#1717,.F.);
#2304=ORIENTED_EDGE('',*,*,#1718,.T.);
#2305=ORIENTED_EDGE('',*,*,#1719,.F.);
#2306=ORIENTED_EDGE('',*,*,#1720,.F.);
#2307=ORIENTED_EDGE('',*,*,#1721,.F.);
#2308=ORIENTED_EDGE('',*,*,#1722,.F.);
#2309=ORIENTED_EDGE('',*,*,#1723,.F.);
#2310=ORIENTED_EDGE('',*,*,#1724,.F.);
#2311=ORIENTED_EDGE('',*,*,#1725,.F.);
#2312=ORIENTED_EDGE('',*,*,#1726,.T.);
#2313=ORIENTED_EDGE('',*,*,#1727,.F.);
#2314=ORIENTED_EDGE('',*,*,#1718,.F.);
#2315=ORIENTED_EDGE('',*,*,#1728,.F.);
#2316=ORIENTED_EDGE('',*,*,#1729,.F.);
#2317=ORIENTED_EDGE('',*,*,#1730,.F.);
#2318=ORIENTED_EDGE('',*,*,#1731,.F.);
#2319=ORIENTED_EDGE('',*,*,#1732,.F.);
#2320=ORIENTED_EDGE('',*,*,#1733,.F.);
#2321=ORIENTED_EDGE('',*,*,#1734,.T.);
#2322=ORIENTED_EDGE('',*,*,#1726,.F.);
#2323=ORIENTED_EDGE('',*,*,#1735,.F.);
#2324=ORIENTED_EDGE('',*,*,#1736,.F.);
#2325=ORIENTED_EDGE('',*,*,#1737,.T.);
#2326=ORIENTED_EDGE('',*,*,#1738,.F.);
#2327=ORIENTED_EDGE('',*,*,#1739,.F.);
#2328=ORIENTED_EDGE('',*,*,#1737,.F.);
#2329=ORIENTED_EDGE('',*,*,#1740,.F.);
#2330=ORIENTED_EDGE('',*,*,#1741,.T.);
#2331=ORIENTED_EDGE('',*,*,#1742,.F.);
#2332=ORIENTED_EDGE('',*,*,#1743,.F.);
#2333=ORIENTED_EDGE('',*,*,#1744,.F.);
#2334=ORIENTED_EDGE('',*,*,#1745,.F.);
#2335=ORIENTED_EDGE('',*,*,#1746,.F.);
#2336=ORIENTED_EDGE('',*,*,#1747,.F.);
#2337=ORIENTED_EDGE('',*,*,#1748,.F.);
#2338=ORIENTED_EDGE('',*,*,#1749,.F.);
#2339=ORIENTED_EDGE('',*,*,#1750,.F.);
#2340=ORIENTED_EDGE('',*,*,#1751,.F.);
#2341=ORIENTED_EDGE('',*,*,#1752,.F.);
#2342=ORIENTED_EDGE('',*,*,#1753,.F.);
#2343=ORIENTED_EDGE('',*,*,#1754,.F.);
#2344=ORIENTED_EDGE('',*,*,#1755,.F.);
#2345=ORIENTED_EDGE('',*,*,#1756,.F.);
#2346=ORIENTED_EDGE('',*,*,#1749,.T.);
#2347=ORIENTED_EDGE('',*,*,#1757,.F.);
#2348=ORIENTED_EDGE('',*,*,#1741,.F.);
#2349=ORIENTED_EDGE('',*,*,#1723,.T.);
#2350=ORIENTED_EDGE('',*,*,#1717,.T.);
#2351=ORIENTED_EDGE('',*,*,#1758,.T.);
#2352=ORIENTED_EDGE('',*,*,#1759,.T.);
#2353=ORIENTED_EDGE('',*,*,#1760,.F.);
#2354=ORIENTED_EDGE('',*,*,#1722,.T.);
#2355=ORIENTED_EDGE('',*,*,#1761,.F.);
#2356=ORIENTED_EDGE('',*,*,#1762,.F.);
#2357=ORIENTED_EDGE('',*,*,#1763,.T.);
#2358=ORIENTED_EDGE('',*,*,#1758,.F.);
#2359=ORIENTED_EDGE('',*,*,#1721,.T.);
#2360=ORIENTED_EDGE('',*,*,#1764,.F.);
#2361=ORIENTED_EDGE('',*,*,#1765,.F.);
#2362=ORIENTED_EDGE('',*,*,#1761,.T.);
#2363=ORIENTED_EDGE('',*,*,#1729,.T.);
#2364=ORIENTED_EDGE('',*,*,#1766,.T.);
#2365=ORIENTED_EDGE('',*,*,#1767,.T.);
#2366=ORIENTED_EDGE('',*,*,#1732,.T.);
#2367=ORIENTED_EDGE('',*,*,#1768,.T.);
#2368=ORIENTED_EDGE('',*,*,#1769,.T.);
#2369=ORIENTED_EDGE('',*,*,#1770,.F.);
#2370=ORIENTED_EDGE('',*,*,#1746,.T.);
#2371=ORIENTED_EDGE('',*,*,#1771,.F.);
#2372=ORIENTED_EDGE('',*,*,#1772,.F.);
#2373=ORIENTED_EDGE('',*,*,#1773,.T.);
#2374=ORIENTED_EDGE('',*,*,#1774,.T.);
#2375=ORIENTED_EDGE('',*,*,#1745,.T.);
#2376=ORIENTED_EDGE('',*,*,#1775,.F.);
#2377=ORIENTED_EDGE('',*,*,#1771,.T.);
#2378=ORIENTED_EDGE('',*,*,#1744,.T.);
#2379=ORIENTED_EDGE('',*,*,#1776,.F.);
#2380=ORIENTED_EDGE('',*,*,#1772,.T.);
#2381=ORIENTED_EDGE('',*,*,#1775,.T.);
#2382=ORIENTED_EDGE('',*,*,#1755,.T.);
#2383=ORIENTED_EDGE('',*,*,#1777,.T.);
#2384=ORIENTED_EDGE('',*,*,#1778,.T.);
#2385=ORIENTED_EDGE('',*,*,#1779,.F.);
#2386=ORIENTED_EDGE('',*,*,#1733,.T.);
#2387=ORIENTED_EDGE('',*,*,#1770,.T.);
#2388=ORIENTED_EDGE('',*,*,#1780,.T.);
#2389=ORIENTED_EDGE('',*,*,#1781,.T.);
#2390=ORIENTED_EDGE('',*,*,#1782,.T.);
#2391=ORIENTED_EDGE('',*,*,#1783,.T.);
#2392=ORIENTED_EDGE('',*,*,#1784,.T.);
#2393=ORIENTED_EDGE('',*,*,#1785,.T.);
#2394=ORIENTED_EDGE('',*,*,#1786,.T.);
#2395=ORIENTED_EDGE('',*,*,#1787,.T.);
#2396=ORIENTED_EDGE('',*,*,#1788,.T.);
#2397=ORIENTED_EDGE('',*,*,#1776,.T.);
#2398=ORIENTED_EDGE('',*,*,#1743,.T.);
#2399=ORIENTED_EDGE('',*,*,#1789,.T.);
#2400=ORIENTED_EDGE('',*,*,#1790,.T.);
#2401=ORIENTED_EDGE('',*,*,#1791,.T.);
#2402=ORIENTED_EDGE('',*,*,#1792,.T.);
#2403=ORIENTED_EDGE('',*,*,#1793,.T.);
#2404=ORIENTED_EDGE('',*,*,#1720,.T.);
#2405=ORIENTED_EDGE('',*,*,#1794,.T.);
#2406=ORIENTED_EDGE('',*,*,#1753,.T.);
#2407=ORIENTED_EDGE('',*,*,#1795,.T.);
#2408=ORIENTED_EDGE('',*,*,#1796,.T.);
#2409=ORIENTED_EDGE('',*,*,#1797,.T.);
#2410=ORIENTED_EDGE('',*,*,#1798,.T.);
#2411=ORIENTED_EDGE('',*,*,#1799,.T.);
#2412=ORIENTED_EDGE('',*,*,#1800,.T.);
#2413=ORIENTED_EDGE('',*,*,#1801,.T.);
#2414=ORIENTED_EDGE('',*,*,#1802,.T.);
#2415=ORIENTED_EDGE('',*,*,#1803,.T.);
#2416=ORIENTED_EDGE('',*,*,#1804,.T.);
#2417=ORIENTED_EDGE('',*,*,#1805,.T.);
#2418=ORIENTED_EDGE('',*,*,#1806,.T.);
#2419=ORIENTED_EDGE('',*,*,#1807,.T.);
#2420=ORIENTED_EDGE('',*,*,#1808,.T.);
#2421=ORIENTED_EDGE('',*,*,#1809,.T.);
#2422=ORIENTED_EDGE('',*,*,#1810,.T.);
#2423=ORIENTED_EDGE('',*,*,#1811,.T.);
#2424=ORIENTED_EDGE('',*,*,#1812,.T.);
#2425=ORIENTED_EDGE('',*,*,#1813,.T.);
#2426=ORIENTED_EDGE('',*,*,#1814,.T.);
#2427=ORIENTED_EDGE('',*,*,#1815,.T.);
#2428=ORIENTED_EDGE('',*,*,#1816,.T.);
#2429=ORIENTED_EDGE('',*,*,#1817,.T.);
#2430=ORIENTED_EDGE('',*,*,#1818,.T.);
#2431=ORIENTED_EDGE('',*,*,#1819,.T.);
#2432=ORIENTED_EDGE('',*,*,#1820,.T.);
#2433=ORIENTED_EDGE('',*,*,#1821,.T.);
#2434=ORIENTED_EDGE('',*,*,#1822,.T.);
#2435=ORIENTED_EDGE('',*,*,#1823,.T.);
#2436=ORIENTED_EDGE('',*,*,#1824,.T.);
#2437=ORIENTED_EDGE('',*,*,#1825,.T.);
#2438=ORIENTED_EDGE('',*,*,#1826,.T.);
#2439=ORIENTED_EDGE('',*,*,#1827,.T.);
#2440=ORIENTED_EDGE('',*,*,#1828,.T.);
#2441=ORIENTED_EDGE('',*,*,#1829,.T.);
#2442=ORIENTED_EDGE('',*,*,#1830,.T.);
#2443=ORIENTED_EDGE('',*,*,#1764,.T.);
#2444=ORIENTED_EDGE('',*,*,#1752,.T.);
#2445=ORIENTED_EDGE('',*,*,#1831,.T.);
#2446=ORIENTED_EDGE('',*,*,#1832,.F.);
#2447=ORIENTED_EDGE('',*,*,#1795,.F.);
#2448=ORIENTED_EDGE('',*,*,#1833,.F.);
#2449=ORIENTED_EDGE('',*,*,#1834,.T.);
#2450=ORIENTED_EDGE('',*,*,#1835,.F.);
#2451=ORIENTED_EDGE('',*,*,#1834,.F.);
#2452=ORIENTED_EDGE('',*,*,#1836,.F.);
#2453=ORIENTED_EDGE('',*,*,#1837,.T.);
#2454=ORIENTED_EDGE('',*,*,#1838,.F.);
#2455=ORIENTED_EDGE('',*,*,#1837,.F.);
#2456=ORIENTED_EDGE('',*,*,#1836,.T.);
#2457=ORIENTED_EDGE('',*,*,#1833,.T.);
#2458=ORIENTED_EDGE('',*,*,#1839,.T.);
#2459=ORIENTED_EDGE('',*,*,#1840,.T.);
#2460=ORIENTED_EDGE('',*,*,#1841,.T.);
#2461=ORIENTED_EDGE('',*,*,#1842,.T.);
#2462=ORIENTED_EDGE('',*,*,#1843,.T.);
#2463=ORIENTED_EDGE('',*,*,#1844,.T.);
#2464=ORIENTED_EDGE('',*,*,#1845,.T.);
#2465=ORIENTED_EDGE('',*,*,#1846,.T.);
#2466=ORIENTED_EDGE('',*,*,#1847,.T.);
#2467=ORIENTED_EDGE('',*,*,#1848,.T.);
#2468=ORIENTED_EDGE('',*,*,#1849,.T.);
#2469=ORIENTED_EDGE('',*,*,#1838,.T.);
#2470=ORIENTED_EDGE('',*,*,#1850,.F.);
#2471=ORIENTED_EDGE('',*,*,#1851,.T.);
#2472=ORIENTED_EDGE('',*,*,#1852,.F.);
#2473=ORIENTED_EDGE('',*,*,#1853,.F.);
#2474=ORIENTED_EDGE('',*,*,#1854,.F.);
#2475=ORIENTED_EDGE('',*,*,#1855,.F.);
#2476=ORIENTED_EDGE('',*,*,#1856,.F.);
#2477=ORIENTED_EDGE('',*,*,#1857,.F.);
#2478=ORIENTED_EDGE('',*,*,#1858,.F.);
#2479=ORIENTED_EDGE('',*,*,#1859,.F.);
#2480=ORIENTED_EDGE('',*,*,#1860,.F.);
#2481=ORIENTED_EDGE('',*,*,#1861,.F.);
#2482=ORIENTED_EDGE('',*,*,#1862,.F.);
#2483=ORIENTED_EDGE('',*,*,#1863,.F.);
#2484=ORIENTED_EDGE('',*,*,#1864,.F.);
#2485=ORIENTED_EDGE('',*,*,#1865,.F.);
#2486=ORIENTED_EDGE('',*,*,#1866,.F.);
#2487=ORIENTED_EDGE('',*,*,#1867,.F.);
#2488=ORIENTED_EDGE('',*,*,#1868,.F.);
#2489=ORIENTED_EDGE('',*,*,#1869,.F.);
#2490=ORIENTED_EDGE('',*,*,#1870,.F.);
#2491=ORIENTED_EDGE('',*,*,#1871,.F.);
#2492=ORIENTED_EDGE('',*,*,#1872,.F.);
#2493=ORIENTED_EDGE('',*,*,#1873,.F.);
#2494=ORIENTED_EDGE('',*,*,#1874,.F.);
#2495=ORIENTED_EDGE('',*,*,#1875,.T.);
#2496=ORIENTED_EDGE('',*,*,#1876,.F.);
#2497=ORIENTED_EDGE('',*,*,#1877,.F.);
#2498=ORIENTED_EDGE('',*,*,#1878,.F.);
#2499=ORIENTED_EDGE('',*,*,#1879,.F.);
#2500=ORIENTED_EDGE('',*,*,#1880,.F.);
#2501=ORIENTED_EDGE('',*,*,#1881,.F.);
#2502=ORIENTED_EDGE('',*,*,#1882,.F.);
#2503=ORIENTED_EDGE('',*,*,#1883,.F.);
#2504=ORIENTED_EDGE('',*,*,#1884,.F.);
#2505=ORIENTED_EDGE('',*,*,#1885,.T.);
#2506=ORIENTED_EDGE('',*,*,#1886,.F.);
#2507=ORIENTED_EDGE('',*,*,#1887,.F.);
#2508=ORIENTED_EDGE('',*,*,#1888,.F.);
#2509=ORIENTED_EDGE('',*,*,#1889,.F.);
#2510=ORIENTED_EDGE('',*,*,#1890,.F.);
#2511=ORIENTED_EDGE('',*,*,#1891,.F.);
#2512=ORIENTED_EDGE('',*,*,#1892,.F.);
#2513=ORIENTED_EDGE('',*,*,#1871,.T.);
#2514=ORIENTED_EDGE('',*,*,#1893,.F.);
#2515=ORIENTED_EDGE('',*,*,#1894,.F.);
#2516=ORIENTED_EDGE('',*,*,#1895,.F.);
#2517=ORIENTED_EDGE('',*,*,#1896,.F.);
#2518=ORIENTED_EDGE('',*,*,#1897,.F.);
#2519=ORIENTED_EDGE('',*,*,#1898,.F.);
#2520=ORIENTED_EDGE('',*,*,#1899,.F.);
#2521=ORIENTED_EDGE('',*,*,#1900,.F.);
#2522=ORIENTED_EDGE('',*,*,#1901,.F.);
#2523=ORIENTED_EDGE('',*,*,#1902,.F.);
#2524=ORIENTED_EDGE('',*,*,#1903,.F.);
#2525=ORIENTED_EDGE('',*,*,#1904,.F.);
#2526=ORIENTED_EDGE('',*,*,#1905,.F.);
#2527=ORIENTED_EDGE('',*,*,#1906,.F.);
#2528=ORIENTED_EDGE('',*,*,#1907,.F.);
#2529=ORIENTED_EDGE('',*,*,#1908,.F.);
#2530=ORIENTED_EDGE('',*,*,#1909,.F.);
#2531=ORIENTED_EDGE('',*,*,#1910,.F.);
#2532=ORIENTED_EDGE('',*,*,#1911,.F.);
#2533=ORIENTED_EDGE('',*,*,#1851,.F.);
#2534=ORIENTED_EDGE('',*,*,#1912,.F.);
#2535=ORIENTED_EDGE('',*,*,#1913,.F.);
#2536=ORIENTED_EDGE('',*,*,#1914,.F.);
#2537=ORIENTED_EDGE('',*,*,#1875,.F.);
#2538=ORIENTED_EDGE('',*,*,#1915,.F.);
#2539=ORIENTED_EDGE('',*,*,#1873,.T.);
#2540=ORIENTED_EDGE('',*,*,#1916,.F.);
#2541=ORIENTED_EDGE('',*,*,#1917,.F.);
#2542=ORIENTED_EDGE('',*,*,#1918,.F.);
#2543=ORIENTED_EDGE('',*,*,#1885,.F.);
#2544=ORIENTED_EDGE('',*,*,#1919,.F.);
#2545=ORIENTED_EDGE('',*,*,#1883,.T.);
#2546=ORIENTED_EDGE('',*,*,#1892,.T.);
#2547=ORIENTED_EDGE('',*,*,#1920,.T.);
#2548=ORIENTED_EDGE('',*,*,#1727,.T.);
#2549=ORIENTED_EDGE('',*,*,#1921,.T.);
#2550=ORIENTED_EDGE('',*,*,#1845,.F.);
#2551=ORIENTED_EDGE('',*,*,#1922,.F.);
#2552=ORIENTED_EDGE('',*,*,#1923,.T.);
#2553=ORIENTED_EDGE('',*,*,#1850,.T.);
#2554=ORIENTED_EDGE('',*,*,#1924,.T.);
#2555=ORIENTED_EDGE('',*,*,#1925,.T.);
#2556=ORIENTED_EDGE('',*,*,#1847,.F.);
#2557=ORIENTED_EDGE('',*,*,#1926,.F.);
#2558=ORIENTED_EDGE('',*,*,#1757,.T.);
#2559=ORIENTED_EDGE('',*,*,#1748,.T.);
#2560=ORIENTED_EDGE('',*,*,#1794,.F.);
#2561=ORIENTED_EDGE('',*,*,#1719,.T.);
#2562=ORIENTED_EDGE('',*,*,#1853,.T.);
#2563=ORIENTED_EDGE('',*,*,#1927,.T.);
#2564=ORIENTED_EDGE('',*,*,#1928,.T.);
#2565=ORIENTED_EDGE('',*,*,#1929,.T.);
#2566=ORIENTED_EDGE('',*,*,#1854,.T.);
#2567=ORIENTED_EDGE('',*,*,#1929,.F.);
#2568=ORIENTED_EDGE('',*,*,#1930,.F.);
#2569=ORIENTED_EDGE('',*,*,#1931,.T.);
#2570=ORIENTED_EDGE('',*,*,#1855,.T.);
#2571=ORIENTED_EDGE('',*,*,#1931,.F.);
#2572=ORIENTED_EDGE('',*,*,#1932,.F.);
#2573=ORIENTED_EDGE('',*,*,#1933,.F.);
#2574=ORIENTED_EDGE('',*,*,#1893,.T.);
#2575=ORIENTED_EDGE('',*,*,#1870,.T.);
#2576=ORIENTED_EDGE('',*,*,#1934,.F.);
#2577=ORIENTED_EDGE('',*,*,#1935,.F.);
#2578=ORIENTED_EDGE('',*,*,#1936,.F.);
#2579=ORIENTED_EDGE('',*,*,#1937,.T.);
#2580=ORIENTED_EDGE('',*,*,#1938,.F.);
#2581=ORIENTED_EDGE('',*,*,#1856,.T.);
#2582=ORIENTED_EDGE('',*,*,#1933,.T.);
#2583=ORIENTED_EDGE('',*,*,#1939,.T.);
#2584=ORIENTED_EDGE('',*,*,#1940,.F.);
#2585=ORIENTED_EDGE('',*,*,#1869,.T.);
#2586=ORIENTED_EDGE('',*,*,#1941,.T.);
#2587=ORIENTED_EDGE('',*,*,#1942,.F.);
#2588=ORIENTED_EDGE('',*,*,#1934,.T.);
#2589=ORIENTED_EDGE('',*,*,#1894,.T.);
#2590=ORIENTED_EDGE('',*,*,#1938,.T.);
#2591=ORIENTED_EDGE('',*,*,#1943,.T.);
#2592=ORIENTED_EDGE('',*,*,#1944,.T.);
#2593=ORIENTED_EDGE('',*,*,#1868,.T.);
#2594=ORIENTED_EDGE('',*,*,#1945,.T.);
#2595=ORIENTED_EDGE('',*,*,#1946,.T.);
#2596=ORIENTED_EDGE('',*,*,#1941,.F.);
#2597=ORIENTED_EDGE('',*,*,#1895,.T.);
#2598=ORIENTED_EDGE('',*,*,#1944,.F.);
#2599=ORIENTED_EDGE('',*,*,#1947,.T.);
#2600=ORIENTED_EDGE('',*,*,#1948,.T.);
#2601=ORIENTED_EDGE('',*,*,#1867,.T.);
#2602=ORIENTED_EDGE('',*,*,#1949,.F.);
#2603=ORIENTED_EDGE('',*,*,#1950,.F.);
#2604=ORIENTED_EDGE('',*,*,#1945,.F.);
#2605=ORIENTED_EDGE('',*,*,#1896,.T.);
#2606=ORIENTED_EDGE('',*,*,#1948,.F.);
#2607=ORIENTED_EDGE('',*,*,#1951,.T.);
#2608=ORIENTED_EDGE('',*,*,#1952,.F.);
#2609=ORIENTED_EDGE('',*,*,#1866,.T.);
#2610=ORIENTED_EDGE('',*,*,#1953,.T.);
#2611=ORIENTED_EDGE('',*,*,#1954,.F.);
#2612=ORIENTED_EDGE('',*,*,#1949,.T.);
#2613=ORIENTED_EDGE('',*,*,#1897,.T.);
#2614=ORIENTED_EDGE('',*,*,#1952,.T.);
#2615=ORIENTED_EDGE('',*,*,#1955,.T.);
#2616=ORIENTED_EDGE('',*,*,#1956,.T.);
#2617=ORIENTED_EDGE('',*,*,#1865,.T.);
#2618=ORIENTED_EDGE('',*,*,#1957,.T.);
#2619=ORIENTED_EDGE('',*,*,#1958,.T.);
#2620=ORIENTED_EDGE('',*,*,#1953,.F.);
#2621=ORIENTED_EDGE('',*,*,#1898,.T.);
#2622=ORIENTED_EDGE('',*,*,#1956,.F.);
#2623=ORIENTED_EDGE('',*,*,#1959,.T.);
#2624=ORIENTED_EDGE('',*,*,#1960,.T.);
#2625=ORIENTED_EDGE('',*,*,#1880,.T.);
#2626=ORIENTED_EDGE('',*,*,#1961,.T.);
#2627=ORIENTED_EDGE('',*,*,#1881,.T.);
#2628=ORIENTED_EDGE('',*,*,#1960,.F.);
#2629=ORIENTED_EDGE('',*,*,#1962,.T.);
#2630=ORIENTED_EDGE('',*,*,#1963,.F.);
#2631=ORIENTED_EDGE('',*,*,#1864,.T.);
#2632=ORIENTED_EDGE('',*,*,#1964,.F.);
#2633=ORIENTED_EDGE('',*,*,#1965,.F.);
#2634=ORIENTED_EDGE('',*,*,#1957,.F.);
#2635=ORIENTED_EDGE('',*,*,#1899,.T.);
#2636=ORIENTED_EDGE('',*,*,#1961,.F.);
#2637=ORIENTED_EDGE('',*,*,#1879,.T.);
#2638=ORIENTED_EDGE('',*,*,#1966,.F.);
#2639=ORIENTED_EDGE('',*,*,#1872,.T.);
#2640=ORIENTED_EDGE('',*,*,#1963,.T.);
#2641=ORIENTED_EDGE('',*,*,#1967,.T.);
#2642=ORIENTED_EDGE('',*,*,#1968,.F.);
#2643=ORIENTED_EDGE('',*,*,#1912,.T.);
#2644=ORIENTED_EDGE('',*,*,#1863,.T.);
#2645=ORIENTED_EDGE('',*,*,#1969,.F.);
#2646=ORIENTED_EDGE('',*,*,#1970,.F.);
#2647=ORIENTED_EDGE('',*,*,#1964,.T.);
#2648=ORIENTED_EDGE('',*,*,#1900,.T.);
#2649=ORIENTED_EDGE('',*,*,#1966,.T.);
#2650=ORIENTED_EDGE('',*,*,#1878,.T.);
#2651=ORIENTED_EDGE('',*,*,#1971,.F.);
#2652=ORIENTED_EDGE('',*,*,#1913,.T.);
#2653=ORIENTED_EDGE('',*,*,#1968,.T.);
#2654=ORIENTED_EDGE('',*,*,#1972,.T.);
#2655=ORIENTED_EDGE('',*,*,#1973,.T.);
#2656=ORIENTED_EDGE('',*,*,#1862,.T.);
#2657=ORIENTED_EDGE('',*,*,#1974,.T.);
#2658=ORIENTED_EDGE('',*,*,#1975,.T.);
#2659=ORIENTED_EDGE('',*,*,#1969,.T.);
#2660=ORIENTED_EDGE('',*,*,#1901,.T.);
#2661=ORIENTED_EDGE('',*,*,#1971,.T.);
#2662=ORIENTED_EDGE('',*,*,#1877,.T.);
#2663=ORIENTED_EDGE('',*,*,#1976,.T.);
#2664=ORIENTED_EDGE('',*,*,#1861,.T.);
#2665=ORIENTED_EDGE('',*,*,#1977,.F.);
#2666=ORIENTED_EDGE('',*,*,#1978,.F.);
#2667=ORIENTED_EDGE('',*,*,#1974,.F.);
#2668=ORIENTED_EDGE('',*,*,#1902,.T.);
#2669=ORIENTED_EDGE('',*,*,#1976,.F.);
#2670=ORIENTED_EDGE('',*,*,#1876,.T.);
#2671=ORIENTED_EDGE('',*,*,#1914,.T.);
#2672=ORIENTED_EDGE('',*,*,#1973,.F.);
#2673=ORIENTED_EDGE('',*,*,#1979,.T.);
#2674=ORIENTED_EDGE('',*,*,#1980,.F.);
#2675=ORIENTED_EDGE('',*,*,#1916,.T.);
#2676=ORIENTED_EDGE('',*,*,#1882,.T.);
#2677=ORIENTED_EDGE('',*,*,#1981,.F.);
#2678=ORIENTED_EDGE('',*,*,#1917,.T.);
#2679=ORIENTED_EDGE('',*,*,#1980,.T.);
#2680=ORIENTED_EDGE('',*,*,#1982,.T.);
#2681=ORIENTED_EDGE('',*,*,#1983,.T.);
#2682=ORIENTED_EDGE('',*,*,#1860,.T.);
#2683=ORIENTED_EDGE('',*,*,#1984,.T.);
#2684=ORIENTED_EDGE('',*,*,#1985,.F.);
#2685=ORIENTED_EDGE('',*,*,#1977,.T.);
#2686=ORIENTED_EDGE('',*,*,#1903,.T.);
#2687=ORIENTED_EDGE('',*,*,#1981,.T.);
#2688=ORIENTED_EDGE('',*,*,#1891,.T.);
#2689=ORIENTED_EDGE('',*,*,#1986,.T.);
#2690=ORIENTED_EDGE('',*,*,#1918,.T.);
#2691=ORIENTED_EDGE('',*,*,#1983,.F.);
#2692=ORIENTED_EDGE('',*,*,#1987,.T.);
#2693=ORIENTED_EDGE('',*,*,#1988,.T.);
#2694=ORIENTED_EDGE('',*,*,#1886,.T.);
#2695=ORIENTED_EDGE('',*,*,#1859,.T.);
#2696=ORIENTED_EDGE('',*,*,#1989,.T.);
#2697=ORIENTED_EDGE('',*,*,#1990,.T.);
#2698=ORIENTED_EDGE('',*,*,#1984,.F.);
#2699=ORIENTED_EDGE('',*,*,#1904,.T.);
#2700=ORIENTED_EDGE('',*,*,#1986,.F.);
#2701=ORIENTED_EDGE('',*,*,#1890,.T.);
#2702=ORIENTED_EDGE('',*,*,#1991,.T.);
#2703=ORIENTED_EDGE('',*,*,#1887,.T.);
#2704=ORIENTED_EDGE('',*,*,#1988,.F.);
#2705=ORIENTED_EDGE('',*,*,#1992,.T.);
#2706=ORIENTED_EDGE('',*,*,#1993,.F.);
#2707=ORIENTED_EDGE('',*,*,#1858,.T.);
#2708=ORIENTED_EDGE('',*,*,#1994,.F.);
#2709=ORIENTED_EDGE('',*,*,#1995,.F.);
#2710=ORIENTED_EDGE('',*,*,#1989,.F.);
#2711=ORIENTED_EDGE('',*,*,#1857,.T.);
#2712=ORIENTED_EDGE('',*,*,#1940,.T.);
#2713=ORIENTED_EDGE('',*,*,#1996,.F.);
#2714=ORIENTED_EDGE('',*,*,#1994,.T.);
#2715=ORIENTED_EDGE('',*,*,#1997,.F.);
#2716=ORIENTED_EDGE('',*,*,#1998,.T.);
#2717=ORIENTED_EDGE('',*,*,#1930,.T.);
#2718=ORIENTED_EDGE('',*,*,#1999,.F.);
#2719=ORIENTED_EDGE('',*,*,#1909,.T.);
#2720=ORIENTED_EDGE('',*,*,#2000,.T.);
#2721=ORIENTED_EDGE('',*,*,#2001,.T.);
#2722=ORIENTED_EDGE('',*,*,#2002,.F.);
#2723=ORIENTED_EDGE('',*,*,#1908,.T.);
#2724=ORIENTED_EDGE('',*,*,#2003,.F.);
#2725=ORIENTED_EDGE('',*,*,#2004,.T.);
#2726=ORIENTED_EDGE('',*,*,#2000,.F.);
#2727=ORIENTED_EDGE('',*,*,#1998,.F.);
#2728=ORIENTED_EDGE('',*,*,#1817,.F.);
#2729=ORIENTED_EDGE('',*,*,#2005,.F.);
#2730=ORIENTED_EDGE('',*,*,#1932,.T.);
#2731=ORIENTED_EDGE('',*,*,#1907,.T.);
#2732=ORIENTED_EDGE('',*,*,#2006,.F.);
#2733=ORIENTED_EDGE('',*,*,#2007,.T.);
#2734=ORIENTED_EDGE('',*,*,#2003,.T.);
#2735=ORIENTED_EDGE('',*,*,#2008,.F.);
#2736=ORIENTED_EDGE('',*,*,#2009,.F.);
#2737=ORIENTED_EDGE('',*,*,#1939,.F.);
#2738=ORIENTED_EDGE('',*,*,#2005,.T.);
#2739=ORIENTED_EDGE('',*,*,#2008,.T.);
#2740=ORIENTED_EDGE('',*,*,#1816,.F.);
#2741=ORIENTED_EDGE('',*,*,#2010,.T.);
#2742=ORIENTED_EDGE('',*,*,#1997,.T.);
#2743=ORIENTED_EDGE('',*,*,#2011,.T.);
#2744=ORIENTED_EDGE('',*,*,#1818,.F.);
#2745=ORIENTED_EDGE('',*,*,#2010,.F.);
#2746=ORIENTED_EDGE('',*,*,#2012,.T.);
#2747=ORIENTED_EDGE('',*,*,#1996,.T.);
#2748=ORIENTED_EDGE('',*,*,#2009,.T.);
#2749=ORIENTED_EDGE('',*,*,#1906,.T.);
#2750=ORIENTED_EDGE('',*,*,#2013,.T.);
#2751=ORIENTED_EDGE('',*,*,#1888,.T.);
#2752=ORIENTED_EDGE('',*,*,#1993,.T.);
#2753=ORIENTED_EDGE('',*,*,#2014,.T.);
#2754=ORIENTED_EDGE('',*,*,#2006,.T.);
#2755=ORIENTED_EDGE('',*,*,#1905,.T.);
#2756=ORIENTED_EDGE('',*,*,#1991,.F.);
#2757=ORIENTED_EDGE('',*,*,#1889,.T.);
#2758=ORIENTED_EDGE('',*,*,#2013,.F.);
#2759=ORIENTED_EDGE('',*,*,#2012,.F.);
#2760=ORIENTED_EDGE('',*,*,#1815,.F.);
#2761=ORIENTED_EDGE('',*,*,#2015,.F.);
#2762=ORIENTED_EDGE('',*,*,#1995,.T.);
#2763=ORIENTED_EDGE('',*,*,#2016,.F.);
#2764=ORIENTED_EDGE('',*,*,#2017,.F.);
#2765=ORIENTED_EDGE('',*,*,#1990,.F.);
#2766=ORIENTED_EDGE('',*,*,#2015,.T.);
#2767=ORIENTED_EDGE('',*,*,#2018,.F.);
#2768=ORIENTED_EDGE('',*,*,#2019,.T.);
#2769=ORIENTED_EDGE('',*,*,#2020,.T.);
#2770=ORIENTED_EDGE('',*,*,#2021,.F.);
#2771=ORIENTED_EDGE('',*,*,#2022,.T.);
#2772=ORIENTED_EDGE('',*,*,#2023,.F.);
#2773=ORIENTED_EDGE('',*,*,#2020,.F.);
#2774=ORIENTED_EDGE('',*,*,#2024,.T.);
#2775=ORIENTED_EDGE('',*,*,#1911,.T.);
#2776=ORIENTED_EDGE('',*,*,#2025,.F.);
#2777=ORIENTED_EDGE('',*,*,#2026,.T.);
#2778=ORIENTED_EDGE('',*,*,#2024,.F.);
#2779=ORIENTED_EDGE('',*,*,#2027,.F.);
#2780=ORIENTED_EDGE('',*,*,#1927,.F.);
#2781=ORIENTED_EDGE('',*,*,#1852,.T.);
#2782=ORIENTED_EDGE('',*,*,#2019,.F.);
#2783=ORIENTED_EDGE('',*,*,#1819,.F.);
#2784=ORIENTED_EDGE('',*,*,#2028,.F.);
#2785=ORIENTED_EDGE('',*,*,#2027,.T.);
#2786=ORIENTED_EDGE('',*,*,#1910,.T.);
#2787=ORIENTED_EDGE('',*,*,#2002,.T.);
#2788=ORIENTED_EDGE('',*,*,#2029,.T.);
#2789=ORIENTED_EDGE('',*,*,#2025,.T.);
#2790=ORIENTED_EDGE('',*,*,#2011,.F.);
#2791=ORIENTED_EDGE('',*,*,#1999,.T.);
#2792=ORIENTED_EDGE('',*,*,#1928,.F.);
#2793=ORIENTED_EDGE('',*,*,#2028,.T.);
#2794=ORIENTED_EDGE('',*,*,#2018,.T.);
#2795=ORIENTED_EDGE('',*,*,#2030,.T.);
#2796=ORIENTED_EDGE('',*,*,#1820,.F.);
#2797=ORIENTED_EDGE('',*,*,#2016,.T.);
#2798=ORIENTED_EDGE('',*,*,#1814,.F.);
#2799=ORIENTED_EDGE('',*,*,#2031,.T.);
#2800=ORIENTED_EDGE('',*,*,#2032,.F.);
#2801=ORIENTED_EDGE('',*,*,#2033,.T.);
#2802=ORIENTED_EDGE('',*,*,#2034,.T.);
#2803=ORIENTED_EDGE('',*,*,#2035,.F.);
#2804=ORIENTED_EDGE('',*,*,#2036,.T.);
#2805=ORIENTED_EDGE('',*,*,#2037,.F.);
#2806=ORIENTED_EDGE('',*,*,#2034,.F.);
#2807=ORIENTED_EDGE('',*,*,#2038,.T.);
#2808=ORIENTED_EDGE('',*,*,#2038,.F.);
#2809=ORIENTED_EDGE('',*,*,#2039,.F.);
#2810=ORIENTED_EDGE('',*,*,#2040,.F.);
#2811=ORIENTED_EDGE('',*,*,#2041,.T.);
#2812=ORIENTED_EDGE('',*,*,#2033,.F.);
#2813=ORIENTED_EDGE('',*,*,#1823,.F.);
#2814=ORIENTED_EDGE('',*,*,#2042,.F.);
#2815=ORIENTED_EDGE('',*,*,#2039,.T.);
#2816=ORIENTED_EDGE('',*,*,#2043,.T.);
#2817=ORIENTED_EDGE('',*,*,#2040,.T.);
#2818=ORIENTED_EDGE('',*,*,#2044,.T.);
#2819=ORIENTED_EDGE('',*,*,#2045,.F.);
#2820=ORIENTED_EDGE('',*,*,#2046,.F.);
#2821=ORIENTED_EDGE('',*,*,#2047,.F.);
#2822=ORIENTED_EDGE('',*,*,#2044,.F.);
#2823=ORIENTED_EDGE('',*,*,#2042,.T.);
#2824=ORIENTED_EDGE('',*,*,#2032,.T.);
#2825=ORIENTED_EDGE('',*,*,#2048,.T.);
#2826=ORIENTED_EDGE('',*,*,#1824,.F.);
#2827=ORIENTED_EDGE('',*,*,#2046,.T.);
#2828=ORIENTED_EDGE('',*,*,#1822,.F.);
#2829=ORIENTED_EDGE('',*,*,#2049,.T.);
#2830=ORIENTED_EDGE('',*,*,#2050,.F.);
#2831=ORIENTED_EDGE('',*,*,#2051,.T.);
#2832=ORIENTED_EDGE('',*,*,#2052,.T.);
#2833=ORIENTED_EDGE('',*,*,#2053,.F.);
#2834=ORIENTED_EDGE('',*,*,#2054,.T.);
#2835=ORIENTED_EDGE('',*,*,#2055,.F.);
#2836=ORIENTED_EDGE('',*,*,#2052,.F.);
#2837=ORIENTED_EDGE('',*,*,#2056,.T.);
#2838=ORIENTED_EDGE('',*,*,#2056,.F.);
#2839=ORIENTED_EDGE('',*,*,#2057,.F.);
#2840=ORIENTED_EDGE('',*,*,#2058,.F.);
#2841=ORIENTED_EDGE('',*,*,#2059,.T.);
#2842=ORIENTED_EDGE('',*,*,#2051,.F.);
#2843=ORIENTED_EDGE('',*,*,#1825,.F.);
#2844=ORIENTED_EDGE('',*,*,#2060,.F.);
#2845=ORIENTED_EDGE('',*,*,#2057,.T.);
#2846=ORIENTED_EDGE('',*,*,#2061,.T.);
#2847=ORIENTED_EDGE('',*,*,#2058,.T.);
#2848=ORIENTED_EDGE('',*,*,#2062,.T.);
#2849=ORIENTED_EDGE('',*,*,#2037,.T.);
#2850=ORIENTED_EDGE('',*,*,#2048,.F.);
#2851=ORIENTED_EDGE('',*,*,#2035,.T.);
#2852=ORIENTED_EDGE('',*,*,#2062,.F.);
#2853=ORIENTED_EDGE('',*,*,#2060,.T.);
#2854=ORIENTED_EDGE('',*,*,#2050,.T.);
#2855=ORIENTED_EDGE('',*,*,#2063,.T.);
#2856=ORIENTED_EDGE('',*,*,#1826,.F.);
#2857=ORIENTED_EDGE('',*,*,#1731,.T.);
#2858=ORIENTED_EDGE('',*,*,#2064,.F.);
#2859=ORIENTED_EDGE('',*,*,#1768,.F.);
#2860=ORIENTED_EDGE('',*,*,#2065,.T.);
#2861=ORIENTED_EDGE('',*,*,#1762,.T.);
#2862=ORIENTED_EDGE('',*,*,#2066,.T.);
#2863=ORIENTED_EDGE('',*,*,#2067,.F.);
#2864=ORIENTED_EDGE('',*,*,#2068,.F.);
#2865=ORIENTED_EDGE('',*,*,#2069,.F.);
#2866=ORIENTED_EDGE('',*,*,#2066,.F.);
#2867=ORIENTED_EDGE('',*,*,#1765,.T.);
#2868=ORIENTED_EDGE('',*,*,#2068,.T.);
#2869=ORIENTED_EDGE('',*,*,#1830,.F.);
#2870=ORIENTED_EDGE('',*,*,#2070,.T.);
#2871=ORIENTED_EDGE('',*,*,#1747,.T.);
#2872=ORIENTED_EDGE('',*,*,#1774,.F.);
#2873=ORIENTED_EDGE('',*,*,#2071,.T.);
#2874=ORIENTED_EDGE('',*,*,#1740,.T.);
#2875=ORIENTED_EDGE('',*,*,#2071,.F.);
#2876=ORIENTED_EDGE('',*,*,#2072,.F.);
#2877=ORIENTED_EDGE('',*,*,#2073,.F.);
#2878=ORIENTED_EDGE('',*,*,#2074,.T.);
#2879=ORIENTED_EDGE('',*,*,#1777,.F.);
#2880=ORIENTED_EDGE('',*,*,#1754,.T.);
#2881=ORIENTED_EDGE('',*,*,#1773,.F.);
#2882=ORIENTED_EDGE('',*,*,#1788,.F.);
#2883=ORIENTED_EDGE('',*,*,#2075,.F.);
#2884=ORIENTED_EDGE('',*,*,#2072,.T.);
#2885=ORIENTED_EDGE('',*,*,#2076,.T.);
#2886=ORIENTED_EDGE('',*,*,#2073,.T.);
#2887=ORIENTED_EDGE('',*,*,#2077,.T.);
#2888=ORIENTED_EDGE('',*,*,#2078,.F.);
#2889=ORIENTED_EDGE('',*,*,#2079,.F.);
#2890=ORIENTED_EDGE('',*,*,#2080,.F.);
#2891=ORIENTED_EDGE('',*,*,#2077,.F.);
#2892=ORIENTED_EDGE('',*,*,#2075,.T.);
#2893=ORIENTED_EDGE('',*,*,#2079,.T.);
#2894=ORIENTED_EDGE('',*,*,#1787,.F.);
#2895=ORIENTED_EDGE('',*,*,#2081,.T.);
#2896=ORIENTED_EDGE('',*,*,#2082,.F.);
#2897=ORIENTED_EDGE('',*,*,#2083,.T.);
#2898=ORIENTED_EDGE('',*,*,#2084,.T.);
#2899=ORIENTED_EDGE('',*,*,#2085,.F.);
#2900=ORIENTED_EDGE('',*,*,#2086,.T.);
#2901=ORIENTED_EDGE('',*,*,#2087,.F.);
#2902=ORIENTED_EDGE('',*,*,#2084,.F.);
#2903=ORIENTED_EDGE('',*,*,#2088,.T.);
#2904=ORIENTED_EDGE('',*,*,#2088,.F.);
#2905=ORIENTED_EDGE('',*,*,#2089,.F.);
#2906=ORIENTED_EDGE('',*,*,#2090,.F.);
#2907=ORIENTED_EDGE('',*,*,#2091,.T.);
#2908=ORIENTED_EDGE('',*,*,#1735,.T.);
#2909=ORIENTED_EDGE('',*,*,#1736,.T.);
#2910=ORIENTED_EDGE('',*,*,#2083,.F.);
#2911=ORIENTED_EDGE('',*,*,#1784,.F.);
#2912=ORIENTED_EDGE('',*,*,#2092,.F.);
#2913=ORIENTED_EDGE('',*,*,#2089,.T.);
#2914=ORIENTED_EDGE('',*,*,#2093,.T.);
#2915=ORIENTED_EDGE('',*,*,#2090,.T.);
#2916=ORIENTED_EDGE('',*,*,#2094,.T.);
#2917=ORIENTED_EDGE('',*,*,#2095,.F.);
#2918=ORIENTED_EDGE('',*,*,#2096,.F.);
#2919=ORIENTED_EDGE('',*,*,#2097,.F.);
#2920=ORIENTED_EDGE('',*,*,#2094,.F.);
#2921=ORIENTED_EDGE('',*,*,#2092,.T.);
#2922=ORIENTED_EDGE('',*,*,#2096,.T.);
#2923=ORIENTED_EDGE('',*,*,#1783,.F.);
#2924=ORIENTED_EDGE('',*,*,#2098,.T.);
#2925=ORIENTED_EDGE('',*,*,#2082,.T.);
#2926=ORIENTED_EDGE('',*,*,#2099,.T.);
#2927=ORIENTED_EDGE('',*,*,#1785,.F.);
#2928=ORIENTED_EDGE('',*,*,#2098,.F.);
#2929=ORIENTED_EDGE('',*,*,#2100,.T.);
#2930=ORIENTED_EDGE('',*,*,#2101,.T.);
#2931=ORIENTED_EDGE('',*,*,#2097,.T.);
#2932=ORIENTED_EDGE('',*,*,#2102,.T.);
#2933=ORIENTED_EDGE('',*,*,#2095,.T.);
#2934=ORIENTED_EDGE('',*,*,#2101,.F.);
#2935=ORIENTED_EDGE('',*,*,#2103,.T.);
#2936=ORIENTED_EDGE('',*,*,#2103,.F.);
#2937=ORIENTED_EDGE('',*,*,#2104,.F.);
#2938=ORIENTED_EDGE('',*,*,#2105,.F.);
#2939=ORIENTED_EDGE('',*,*,#2106,.T.);
#2940=ORIENTED_EDGE('',*,*,#2100,.F.);
#2941=ORIENTED_EDGE('',*,*,#1782,.F.);
#2942=ORIENTED_EDGE('',*,*,#2107,.F.);
#2943=ORIENTED_EDGE('',*,*,#2104,.T.);
#2944=ORIENTED_EDGE('',*,*,#2108,.T.);
#2945=ORIENTED_EDGE('',*,*,#2105,.T.);
#2946=ORIENTED_EDGE('',*,*,#2109,.T.);
#2947=ORIENTED_EDGE('',*,*,#2110,.F.);
#2948=ORIENTED_EDGE('',*,*,#2111,.F.);
#2949=ORIENTED_EDGE('',*,*,#2112,.F.);
#2950=ORIENTED_EDGE('',*,*,#2109,.F.);
#2951=ORIENTED_EDGE('',*,*,#2107,.T.);
#2952=ORIENTED_EDGE('',*,*,#2111,.T.);
#2953=ORIENTED_EDGE('',*,*,#1781,.F.);
#2954=ORIENTED_EDGE('',*,*,#2113,.T.);
#2955=ORIENTED_EDGE('',*,*,#2070,.F.);
#2956=ORIENTED_EDGE('',*,*,#2114,.T.);
#2957=ORIENTED_EDGE('',*,*,#2115,.T.);
#2958=ORIENTED_EDGE('',*,*,#2069,.T.);
#2959=ORIENTED_EDGE('',*,*,#2116,.T.);
#2960=ORIENTED_EDGE('',*,*,#2067,.T.);
#2961=ORIENTED_EDGE('',*,*,#2115,.F.);
#2962=ORIENTED_EDGE('',*,*,#2117,.T.);
#2963=ORIENTED_EDGE('',*,*,#2117,.F.);
#2964=ORIENTED_EDGE('',*,*,#2118,.F.);
#2965=ORIENTED_EDGE('',*,*,#2119,.F.);
#2966=ORIENTED_EDGE('',*,*,#2120,.T.);
#2967=ORIENTED_EDGE('',*,*,#2114,.F.);
#2968=ORIENTED_EDGE('',*,*,#1829,.F.);
#2969=ORIENTED_EDGE('',*,*,#2121,.F.);
#2970=ORIENTED_EDGE('',*,*,#2118,.T.);
#2971=ORIENTED_EDGE('',*,*,#2122,.T.);
#2972=ORIENTED_EDGE('',*,*,#2119,.T.);
#2973=ORIENTED_EDGE('',*,*,#2123,.T.);
#2974=ORIENTED_EDGE('',*,*,#2124,.F.);
#2975=ORIENTED_EDGE('',*,*,#2125,.F.);
#2976=ORIENTED_EDGE('',*,*,#2126,.F.);
#2977=ORIENTED_EDGE('',*,*,#2123,.F.);
#2978=ORIENTED_EDGE('',*,*,#2121,.T.);
#2979=ORIENTED_EDGE('',*,*,#2113,.F.);
#2980=ORIENTED_EDGE('',*,*,#2127,.T.);
#2981=ORIENTED_EDGE('',*,*,#2128,.T.);
#2982=ORIENTED_EDGE('',*,*,#2112,.T.);
#2983=ORIENTED_EDGE('',*,*,#2129,.T.);
#2984=ORIENTED_EDGE('',*,*,#2110,.T.);
#2985=ORIENTED_EDGE('',*,*,#2128,.F.);
#2986=ORIENTED_EDGE('',*,*,#2130,.T.);
#2987=ORIENTED_EDGE('',*,*,#1725,.T.);
#2988=ORIENTED_EDGE('',*,*,#2131,.F.);
#2989=ORIENTED_EDGE('',*,*,#2132,.T.);
#2990=ORIENTED_EDGE('',*,*,#2130,.F.);
#2991=ORIENTED_EDGE('',*,*,#2133,.F.);
#2992=ORIENTED_EDGE('',*,*,#1766,.F.);
#2993=ORIENTED_EDGE('',*,*,#1728,.T.);
#2994=ORIENTED_EDGE('',*,*,#2127,.F.);
#2995=ORIENTED_EDGE('',*,*,#1780,.F.);
#2996=ORIENTED_EDGE('',*,*,#2134,.F.);
#2997=ORIENTED_EDGE('',*,*,#2133,.T.);
#2998=ORIENTED_EDGE('',*,*,#1724,.T.);
#2999=ORIENTED_EDGE('',*,*,#1760,.T.);
#3000=ORIENTED_EDGE('',*,*,#2135,.T.);
#3001=ORIENTED_EDGE('',*,*,#2131,.T.);
#3002=ORIENTED_EDGE('',*,*,#1730,.T.);
#3003=ORIENTED_EDGE('',*,*,#1767,.F.);
#3004=ORIENTED_EDGE('',*,*,#2134,.T.);
#3005=ORIENTED_EDGE('',*,*,#1769,.F.);
#3006=ORIENTED_EDGE('',*,*,#2064,.T.);
#3007=ORIENTED_EDGE('',*,*,#2125,.T.);
#3008=ORIENTED_EDGE('',*,*,#1828,.F.);
#3009=ORIENTED_EDGE('',*,*,#2136,.T.);
#3010=ORIENTED_EDGE('',*,*,#2136,.F.);
#3011=ORIENTED_EDGE('',*,*,#2137,.T.);
#3012=ORIENTED_EDGE('',*,*,#2138,.T.);
#3013=ORIENTED_EDGE('',*,*,#2126,.T.);
#3014=ORIENTED_EDGE('',*,*,#2139,.T.);
#3015=ORIENTED_EDGE('',*,*,#2124,.T.);
#3016=ORIENTED_EDGE('',*,*,#2138,.F.);
#3017=ORIENTED_EDGE('',*,*,#2140,.T.);
#3018=ORIENTED_EDGE('',*,*,#2140,.F.);
#3019=ORIENTED_EDGE('',*,*,#2141,.F.);
#3020=ORIENTED_EDGE('',*,*,#2142,.F.);
#3021=ORIENTED_EDGE('',*,*,#2143,.T.);
#3022=ORIENTED_EDGE('',*,*,#2137,.F.);
#3023=ORIENTED_EDGE('',*,*,#1827,.F.);
#3024=ORIENTED_EDGE('',*,*,#2144,.F.);
#3025=ORIENTED_EDGE('',*,*,#2141,.T.);
#3026=ORIENTED_EDGE('',*,*,#2145,.T.);
#3027=ORIENTED_EDGE('',*,*,#2142,.T.);
#3028=ORIENTED_EDGE('',*,*,#2146,.T.);
#3029=ORIENTED_EDGE('',*,*,#2055,.T.);
#3030=ORIENTED_EDGE('',*,*,#2063,.F.);
#3031=ORIENTED_EDGE('',*,*,#2053,.T.);
#3032=ORIENTED_EDGE('',*,*,#2146,.F.);
#3033=ORIENTED_EDGE('',*,*,#2144,.T.);
#3034=ORIENTED_EDGE('',*,*,#2081,.F.);
#3035=ORIENTED_EDGE('',*,*,#2147,.T.);
#3036=ORIENTED_EDGE('',*,*,#2148,.T.);
#3037=ORIENTED_EDGE('',*,*,#2080,.T.);
#3038=ORIENTED_EDGE('',*,*,#2149,.T.);
#3039=ORIENTED_EDGE('',*,*,#2078,.T.);
#3040=ORIENTED_EDGE('',*,*,#2148,.F.);
#3041=ORIENTED_EDGE('',*,*,#2150,.T.);
#3042=ORIENTED_EDGE('',*,*,#2150,.F.);
#3043=ORIENTED_EDGE('',*,*,#2151,.F.);
#3044=ORIENTED_EDGE('',*,*,#2152,.F.);
#3045=ORIENTED_EDGE('',*,*,#2153,.T.);
#3046=ORIENTED_EDGE('',*,*,#2147,.F.);
#3047=ORIENTED_EDGE('',*,*,#1786,.F.);
#3048=ORIENTED_EDGE('',*,*,#2154,.F.);
#3049=ORIENTED_EDGE('',*,*,#2151,.T.);
#3050=ORIENTED_EDGE('',*,*,#2155,.T.);
#3051=ORIENTED_EDGE('',*,*,#2152,.T.);
#3052=ORIENTED_EDGE('',*,*,#2156,.T.);
#3053=ORIENTED_EDGE('',*,*,#2087,.T.);
#3054=ORIENTED_EDGE('',*,*,#2099,.F.);
#3055=ORIENTED_EDGE('',*,*,#2085,.T.);
#3056=ORIENTED_EDGE('',*,*,#2156,.F.);
#3057=ORIENTED_EDGE('',*,*,#2154,.T.);
#3058=ORIENTED_EDGE('',*,*,#2157,.F.);
#3059=ORIENTED_EDGE('',*,*,#2158,.T.);
#3060=ORIENTED_EDGE('',*,*,#1970,.T.);
#3061=ORIENTED_EDGE('',*,*,#2159,.F.);
#3062=ORIENTED_EDGE('',*,*,#2158,.F.);
#3063=ORIENTED_EDGE('',*,*,#1811,.F.);
#3064=ORIENTED_EDGE('',*,*,#2160,.F.);
#3065=ORIENTED_EDGE('',*,*,#1965,.T.);
#3066=ORIENTED_EDGE('',*,*,#2161,.F.);
#3067=ORIENTED_EDGE('',*,*,#2162,.F.);
#3068=ORIENTED_EDGE('',*,*,#1958,.F.);
#3069=ORIENTED_EDGE('',*,*,#2160,.T.);
#3070=ORIENTED_EDGE('',*,*,#2161,.T.);
#3071=ORIENTED_EDGE('',*,*,#1810,.F.);
#3072=ORIENTED_EDGE('',*,*,#2163,.T.);
#3073=ORIENTED_EDGE('',*,*,#2157,.T.);
#3074=ORIENTED_EDGE('',*,*,#2164,.T.);
#3075=ORIENTED_EDGE('',*,*,#1812,.F.);
#3076=ORIENTED_EDGE('',*,*,#2165,.F.);
#3077=ORIENTED_EDGE('',*,*,#2166,.T.);
#3078=ORIENTED_EDGE('',*,*,#2167,.T.);
#3079=ORIENTED_EDGE('',*,*,#2168,.F.);
#3080=ORIENTED_EDGE('',*,*,#2169,.T.);
#3081=ORIENTED_EDGE('',*,*,#2170,.F.);
#3082=ORIENTED_EDGE('',*,*,#2167,.F.);
#3083=ORIENTED_EDGE('',*,*,#2171,.T.);
#3084=ORIENTED_EDGE('',*,*,#2171,.F.);
#3085=ORIENTED_EDGE('',*,*,#2172,.F.);
#3086=ORIENTED_EDGE('',*,*,#2173,.F.);
#3087=ORIENTED_EDGE('',*,*,#2174,.T.);
#3088=ORIENTED_EDGE('',*,*,#2166,.F.);
#3089=ORIENTED_EDGE('',*,*,#1797,.F.);
#3090=ORIENTED_EDGE('',*,*,#2175,.F.);
#3091=ORIENTED_EDGE('',*,*,#2172,.T.);
#3092=ORIENTED_EDGE('',*,*,#2176,.T.);
#3093=ORIENTED_EDGE('',*,*,#2173,.T.);
#3094=ORIENTED_EDGE('',*,*,#2177,.T.);
#3095=ORIENTED_EDGE('',*,*,#2178,.F.);
#3096=ORIENTED_EDGE('',*,*,#2179,.F.);
#3097=ORIENTED_EDGE('',*,*,#2180,.F.);
#3098=ORIENTED_EDGE('',*,*,#2177,.F.);
#3099=ORIENTED_EDGE('',*,*,#2175,.T.);
#3100=ORIENTED_EDGE('',*,*,#2165,.T.);
#3101=ORIENTED_EDGE('',*,*,#2181,.T.);
#3102=ORIENTED_EDGE('',*,*,#1798,.F.);
#3103=ORIENTED_EDGE('',*,*,#2179,.T.);
#3104=ORIENTED_EDGE('',*,*,#1796,.F.);
#3105=ORIENTED_EDGE('',*,*,#2182,.T.);
#3106=ORIENTED_EDGE('',*,*,#2183,.F.);
#3107=ORIENTED_EDGE('',*,*,#2184,.T.);
#3108=ORIENTED_EDGE('',*,*,#2185,.T.);
#3109=ORIENTED_EDGE('',*,*,#2186,.F.);
#3110=ORIENTED_EDGE('',*,*,#2187,.T.);
#3111=ORIENTED_EDGE('',*,*,#2188,.F.);
#3112=ORIENTED_EDGE('',*,*,#2185,.F.);
#3113=ORIENTED_EDGE('',*,*,#2189,.T.);
#3114=ORIENTED_EDGE('',*,*,#2189,.F.);
#3115=ORIENTED_EDGE('',*,*,#2190,.F.);
#3116=ORIENTED_EDGE('',*,*,#2191,.F.);
#3117=ORIENTED_EDGE('',*,*,#2192,.T.);
#3118=ORIENTED_EDGE('',*,*,#2184,.F.);
#3119=ORIENTED_EDGE('',*,*,#1799,.F.);
#3120=ORIENTED_EDGE('',*,*,#2193,.F.);
#3121=ORIENTED_EDGE('',*,*,#2190,.T.);
#3122=ORIENTED_EDGE('',*,*,#2194,.T.);
#3123=ORIENTED_EDGE('',*,*,#2191,.T.);
#3124=ORIENTED_EDGE('',*,*,#2195,.T.);
#3125=ORIENTED_EDGE('',*,*,#2170,.T.);
#3126=ORIENTED_EDGE('',*,*,#2181,.F.);
#3127=ORIENTED_EDGE('',*,*,#2168,.T.);
#3128=ORIENTED_EDGE('',*,*,#2195,.F.);
#3129=ORIENTED_EDGE('',*,*,#2193,.T.);
#3130=ORIENTED_EDGE('',*,*,#2183,.T.);
#3131=ORIENTED_EDGE('',*,*,#2196,.T.);
#3132=ORIENTED_EDGE('',*,*,#1800,.F.);
#3133=ORIENTED_EDGE('',*,*,#2163,.F.);
#3134=ORIENTED_EDGE('',*,*,#2197,.T.);
#3135=ORIENTED_EDGE('',*,*,#1954,.T.);
#3136=ORIENTED_EDGE('',*,*,#2162,.T.);
#3137=ORIENTED_EDGE('',*,*,#2197,.F.);
#3138=ORIENTED_EDGE('',*,*,#1809,.F.);
#3139=ORIENTED_EDGE('',*,*,#2198,.F.);
#3140=ORIENTED_EDGE('',*,*,#1950,.T.);
#3141=ORIENTED_EDGE('',*,*,#2199,.F.);
#3142=ORIENTED_EDGE('',*,*,#2200,.F.);
#3143=ORIENTED_EDGE('',*,*,#1946,.F.);
#3144=ORIENTED_EDGE('',*,*,#2198,.T.);
#3145=ORIENTED_EDGE('',*,*,#2199,.T.);
#3146=ORIENTED_EDGE('',*,*,#1808,.F.);
#3147=ORIENTED_EDGE('',*,*,#2201,.T.);
#3148=ORIENTED_EDGE('',*,*,#2201,.F.);
#3149=ORIENTED_EDGE('',*,*,#2202,.T.);
#3150=ORIENTED_EDGE('',*,*,#1942,.T.);
#3151=ORIENTED_EDGE('',*,*,#2200,.T.);
#3152=ORIENTED_EDGE('',*,*,#2202,.F.);
#3153=ORIENTED_EDGE('',*,*,#1807,.F.);
#3154=ORIENTED_EDGE('',*,*,#2203,.F.);
#3155=ORIENTED_EDGE('',*,*,#1935,.T.);
#3156=ORIENTED_EDGE('',*,*,#2204,.T.);
#3157=ORIENTED_EDGE('',*,*,#1936,.T.);
#3158=ORIENTED_EDGE('',*,*,#2205,.T.);
#3159=ORIENTED_EDGE('',*,*,#2206,.F.);
#3160=ORIENTED_EDGE('',*,*,#2207,.F.);
#3161=ORIENTED_EDGE('',*,*,#2208,.F.);
#3162=ORIENTED_EDGE('',*,*,#2205,.F.);
#3163=ORIENTED_EDGE('',*,*,#2203,.T.);
#3164=ORIENTED_EDGE('',*,*,#2207,.T.);
#3165=ORIENTED_EDGE('',*,*,#1806,.F.);
#3166=ORIENTED_EDGE('',*,*,#2209,.T.);
#3167=ORIENTED_EDGE('',*,*,#2210,.F.);
#3168=ORIENTED_EDGE('',*,*,#2211,.T.);
#3169=ORIENTED_EDGE('',*,*,#2212,.T.);
#3170=ORIENTED_EDGE('',*,*,#2213,.F.);
#3171=ORIENTED_EDGE('',*,*,#2214,.T.);
#3172=ORIENTED_EDGE('',*,*,#2215,.F.);
#3173=ORIENTED_EDGE('',*,*,#2212,.F.);
#3174=ORIENTED_EDGE('',*,*,#2216,.T.);
#3175=ORIENTED_EDGE('',*,*,#2216,.F.);
#3176=ORIENTED_EDGE('',*,*,#2217,.F.);
#3177=ORIENTED_EDGE('',*,*,#2218,.F.);
#3178=ORIENTED_EDGE('',*,*,#2219,.T.);
#3179=ORIENTED_EDGE('',*,*,#2211,.F.);
#3180=ORIENTED_EDGE('',*,*,#1803,.F.);
#3181=ORIENTED_EDGE('',*,*,#2220,.F.);
#3182=ORIENTED_EDGE('',*,*,#2217,.T.);
#3183=ORIENTED_EDGE('',*,*,#2221,.T.);
#3184=ORIENTED_EDGE('',*,*,#2218,.T.);
#3185=ORIENTED_EDGE('',*,*,#2222,.T.);
#3186=ORIENTED_EDGE('',*,*,#2223,.F.);
#3187=ORIENTED_EDGE('',*,*,#2224,.F.);
#3188=ORIENTED_EDGE('',*,*,#2225,.F.);
#3189=ORIENTED_EDGE('',*,*,#2222,.F.);
#3190=ORIENTED_EDGE('',*,*,#2220,.T.);
#3191=ORIENTED_EDGE('',*,*,#2210,.T.);
#3192=ORIENTED_EDGE('',*,*,#2226,.T.);
#3193=ORIENTED_EDGE('',*,*,#1804,.F.);
#3194=ORIENTED_EDGE('',*,*,#2224,.T.);
#3195=ORIENTED_EDGE('',*,*,#1802,.F.);
#3196=ORIENTED_EDGE('',*,*,#2227,.T.);
#3197=ORIENTED_EDGE('',*,*,#2209,.F.);
#3198=ORIENTED_EDGE('',*,*,#2228,.T.);
#3199=ORIENTED_EDGE('',*,*,#2229,.T.);
#3200=ORIENTED_EDGE('',*,*,#2208,.T.);
#3201=ORIENTED_EDGE('',*,*,#2230,.T.);
#3202=ORIENTED_EDGE('',*,*,#2206,.T.);
#3203=ORIENTED_EDGE('',*,*,#2229,.F.);
#3204=ORIENTED_EDGE('',*,*,#2231,.T.);
#3205=ORIENTED_EDGE('',*,*,#2231,.F.);
#3206=ORIENTED_EDGE('',*,*,#2232,.F.);
#3207=ORIENTED_EDGE('',*,*,#2233,.F.);
#3208=ORIENTED_EDGE('',*,*,#2234,.T.);
#3209=ORIENTED_EDGE('',*,*,#2228,.F.);
#3210=ORIENTED_EDGE('',*,*,#1805,.F.);
#3211=ORIENTED_EDGE('',*,*,#2235,.F.);
#3212=ORIENTED_EDGE('',*,*,#2232,.T.);
#3213=ORIENTED_EDGE('',*,*,#2236,.T.);
#3214=ORIENTED_EDGE('',*,*,#2233,.T.);
#3215=ORIENTED_EDGE('',*,*,#2237,.T.);
#3216=ORIENTED_EDGE('',*,*,#2215,.T.);
#3217=ORIENTED_EDGE('',*,*,#2226,.F.);
#3218=ORIENTED_EDGE('',*,*,#2213,.T.);
#3219=ORIENTED_EDGE('',*,*,#2237,.F.);
#3220=ORIENTED_EDGE('',*,*,#2235,.T.);
#3221=ORIENTED_EDGE('',*,*,#2227,.F.);
#3222=ORIENTED_EDGE('',*,*,#2238,.T.);
#3223=ORIENTED_EDGE('',*,*,#2239,.T.);
#3224=ORIENTED_EDGE('',*,*,#2225,.T.);
#3225=ORIENTED_EDGE('',*,*,#2240,.T.);
#3226=ORIENTED_EDGE('',*,*,#2223,.T.);
#3227=ORIENTED_EDGE('',*,*,#2239,.F.);
#3228=ORIENTED_EDGE('',*,*,#2241,.T.);
#3229=ORIENTED_EDGE('',*,*,#2241,.F.);
#3230=ORIENTED_EDGE('',*,*,#2242,.F.);
#3231=ORIENTED_EDGE('',*,*,#2243,.F.);
#3232=ORIENTED_EDGE('',*,*,#2244,.T.);
#3233=ORIENTED_EDGE('',*,*,#2238,.F.);
#3234=ORIENTED_EDGE('',*,*,#1801,.F.);
#3235=ORIENTED_EDGE('',*,*,#2245,.F.);
#3236=ORIENTED_EDGE('',*,*,#2242,.T.);
#3237=ORIENTED_EDGE('',*,*,#2246,.T.);
#3238=ORIENTED_EDGE('',*,*,#2243,.T.);
#3239=ORIENTED_EDGE('',*,*,#2247,.T.);
#3240=ORIENTED_EDGE('',*,*,#2188,.T.);
#3241=ORIENTED_EDGE('',*,*,#2196,.F.);
#3242=ORIENTED_EDGE('',*,*,#2186,.T.);
#3243=ORIENTED_EDGE('',*,*,#2247,.F.);
#3244=ORIENTED_EDGE('',*,*,#2245,.T.);
#3245=ORIENTED_EDGE('',*,*,#2182,.F.);
#3246=ORIENTED_EDGE('',*,*,#1832,.T.);
#3247=ORIENTED_EDGE('',*,*,#2248,.T.);
#3248=ORIENTED_EDGE('',*,*,#2180,.T.);
#3249=ORIENTED_EDGE('',*,*,#2249,.T.);
#3250=ORIENTED_EDGE('',*,*,#2178,.T.);
#3251=ORIENTED_EDGE('',*,*,#2248,.F.);
#3252=ORIENTED_EDGE('',*,*,#2250,.T.);
#3253=ORIENTED_EDGE('',*,*,#1751,.T.);
#3254=ORIENTED_EDGE('',*,*,#2251,.F.);
#3255=ORIENTED_EDGE('',*,*,#2252,.T.);
#3256=ORIENTED_EDGE('',*,*,#2250,.F.);
#3257=ORIENTED_EDGE('',*,*,#1831,.F.);
#3258=ORIENTED_EDGE('',*,*,#1756,.T.);
#3259=ORIENTED_EDGE('',*,*,#1779,.T.);
#3260=ORIENTED_EDGE('',*,*,#2253,.T.);
#3261=ORIENTED_EDGE('',*,*,#2251,.T.);
#3262=ORIENTED_EDGE('',*,*,#1750,.T.);
#3263=ORIENTED_EDGE('',*,*,#2049,.F.);
#3264=ORIENTED_EDGE('',*,*,#2254,.T.);
#3265=ORIENTED_EDGE('',*,*,#2255,.T.);
#3266=ORIENTED_EDGE('',*,*,#2047,.T.);
#3267=ORIENTED_EDGE('',*,*,#2256,.T.);
#3268=ORIENTED_EDGE('',*,*,#2045,.T.);
#3269=ORIENTED_EDGE('',*,*,#2255,.F.);
#3270=ORIENTED_EDGE('',*,*,#2257,.T.);
#3271=ORIENTED_EDGE('',*,*,#2257,.F.);
#3272=ORIENTED_EDGE('',*,*,#2258,.F.);
#3273=ORIENTED_EDGE('',*,*,#2259,.F.);
#3274=ORIENTED_EDGE('',*,*,#2260,.T.);
#3275=ORIENTED_EDGE('',*,*,#2254,.F.);
#3276=ORIENTED_EDGE('',*,*,#1821,.F.);
#3277=ORIENTED_EDGE('',*,*,#2261,.F.);
#3278=ORIENTED_EDGE('',*,*,#2258,.T.);
#3279=ORIENTED_EDGE('',*,*,#2262,.T.);
#3280=ORIENTED_EDGE('',*,*,#2259,.T.);
#3281=ORIENTED_EDGE('',*,*,#2263,.T.);
#3282=ORIENTED_EDGE('',*,*,#2023,.T.);
#3283=ORIENTED_EDGE('',*,*,#2030,.F.);
#3284=ORIENTED_EDGE('',*,*,#2021,.T.);
#3285=ORIENTED_EDGE('',*,*,#2263,.F.);
#3286=ORIENTED_EDGE('',*,*,#2261,.T.);
#3287=ORIENTED_EDGE('',*,*,#2031,.F.);
#3288=ORIENTED_EDGE('',*,*,#2264,.T.);
#3289=ORIENTED_EDGE('',*,*,#1985,.T.);
#3290=ORIENTED_EDGE('',*,*,#2017,.T.);
#3291=ORIENTED_EDGE('',*,*,#2264,.F.);
#3292=ORIENTED_EDGE('',*,*,#1813,.F.);
#3293=ORIENTED_EDGE('',*,*,#2265,.F.);
#3294=ORIENTED_EDGE('',*,*,#1978,.T.);
#3295=ORIENTED_EDGE('',*,*,#2164,.F.);
#3296=ORIENTED_EDGE('',*,*,#2159,.T.);
#3297=ORIENTED_EDGE('',*,*,#1975,.F.);
#3298=ORIENTED_EDGE('',*,*,#2265,.T.);
#3299=ORIENTED_EDGE('',*,*,#2266,.T.);
#3300=ORIENTED_EDGE('',*,*,#2267,.T.);
#3301=ORIENTED_EDGE('',*,*,#2268,.T.);
#3302=ORIENTED_EDGE('',*,*,#2269,.T.);
#3303=ORIENTED_EDGE('',*,*,#1840,.F.);
#3304=ORIENTED_EDGE('',*,*,#2270,.T.);
#3305=ORIENTED_EDGE('',*,*,#2271,.F.);
#3306=ORIENTED_EDGE('',*,*,#2272,.F.);
#3307=ORIENTED_EDGE('',*,*,#2269,.F.);
#3308=ORIENTED_EDGE('',*,*,#2273,.T.);
#3309=ORIENTED_EDGE('',*,*,#2274,.F.);
#3310=ORIENTED_EDGE('',*,*,#2275,.F.);
#3311=ORIENTED_EDGE('',*,*,#1967,.F.);
#3312=ORIENTED_EDGE('',*,*,#1962,.F.);
#3313=ORIENTED_EDGE('',*,*,#1959,.F.);
#3314=ORIENTED_EDGE('',*,*,#1955,.F.);
#3315=ORIENTED_EDGE('',*,*,#1951,.F.);
#3316=ORIENTED_EDGE('',*,*,#1947,.F.);
#3317=ORIENTED_EDGE('',*,*,#1943,.F.);
#3318=ORIENTED_EDGE('',*,*,#1937,.F.);
#3319=ORIENTED_EDGE('',*,*,#2204,.F.);
#3320=ORIENTED_EDGE('',*,*,#2230,.F.);
#3321=ORIENTED_EDGE('',*,*,#2234,.F.);
#3322=ORIENTED_EDGE('',*,*,#2236,.F.);
#3323=ORIENTED_EDGE('',*,*,#2214,.F.);
#3324=ORIENTED_EDGE('',*,*,#2219,.F.);
#3325=ORIENTED_EDGE('',*,*,#2221,.F.);
#3326=ORIENTED_EDGE('',*,*,#2240,.F.);
#3327=ORIENTED_EDGE('',*,*,#2244,.F.);
#3328=ORIENTED_EDGE('',*,*,#2246,.F.);
#3329=ORIENTED_EDGE('',*,*,#2187,.F.);
#3330=ORIENTED_EDGE('',*,*,#2192,.F.);
#3331=ORIENTED_EDGE('',*,*,#2194,.F.);
#3332=ORIENTED_EDGE('',*,*,#2169,.F.);
#3333=ORIENTED_EDGE('',*,*,#2174,.F.);
#3334=ORIENTED_EDGE('',*,*,#2176,.F.);
#3335=ORIENTED_EDGE('',*,*,#2249,.F.);
#3336=ORIENTED_EDGE('',*,*,#2252,.F.);
#3337=ORIENTED_EDGE('',*,*,#2253,.F.);
#3338=ORIENTED_EDGE('',*,*,#1778,.F.);
#3339=ORIENTED_EDGE('',*,*,#2074,.F.);
#3340=ORIENTED_EDGE('',*,*,#2076,.F.);
#3341=ORIENTED_EDGE('',*,*,#2149,.F.);
#3342=ORIENTED_EDGE('',*,*,#2153,.F.);
#3343=ORIENTED_EDGE('',*,*,#2155,.F.);
#3344=ORIENTED_EDGE('',*,*,#2086,.F.);
#3345=ORIENTED_EDGE('',*,*,#2091,.F.);
#3346=ORIENTED_EDGE('',*,*,#2093,.F.);
#3347=ORIENTED_EDGE('',*,*,#2102,.F.);
#3348=ORIENTED_EDGE('',*,*,#2106,.F.);
#3349=ORIENTED_EDGE('',*,*,#2108,.F.);
#3350=ORIENTED_EDGE('',*,*,#2129,.F.);
#3351=ORIENTED_EDGE('',*,*,#2132,.F.);
#3352=ORIENTED_EDGE('',*,*,#2135,.F.);
#3353=ORIENTED_EDGE('',*,*,#1759,.F.);
#3354=ORIENTED_EDGE('',*,*,#1763,.F.);
#3355=ORIENTED_EDGE('',*,*,#2065,.F.);
#3356=ORIENTED_EDGE('',*,*,#2116,.F.);
#3357=ORIENTED_EDGE('',*,*,#2120,.F.);
#3358=ORIENTED_EDGE('',*,*,#2122,.F.);
#3359=ORIENTED_EDGE('',*,*,#2139,.F.);
#3360=ORIENTED_EDGE('',*,*,#2143,.F.);
#3361=ORIENTED_EDGE('',*,*,#2145,.F.);
#3362=ORIENTED_EDGE('',*,*,#2054,.F.);
#3363=ORIENTED_EDGE('',*,*,#2059,.F.);
#3364=ORIENTED_EDGE('',*,*,#2061,.F.);
#3365=ORIENTED_EDGE('',*,*,#2036,.F.);
#3366=ORIENTED_EDGE('',*,*,#2041,.F.);
#3367=ORIENTED_EDGE('',*,*,#2043,.F.);
#3368=ORIENTED_EDGE('',*,*,#2256,.F.);
#3369=ORIENTED_EDGE('',*,*,#2260,.F.);
#3370=ORIENTED_EDGE('',*,*,#2262,.F.);
#3371=ORIENTED_EDGE('',*,*,#2022,.F.);
#3372=ORIENTED_EDGE('',*,*,#2026,.F.);
#3373=ORIENTED_EDGE('',*,*,#2029,.F.);
#3374=ORIENTED_EDGE('',*,*,#2001,.F.);
#3375=ORIENTED_EDGE('',*,*,#2004,.F.);
#3376=ORIENTED_EDGE('',*,*,#2007,.F.);
#3377=ORIENTED_EDGE('',*,*,#2014,.F.);
#3378=ORIENTED_EDGE('',*,*,#1992,.F.);
#3379=ORIENTED_EDGE('',*,*,#1987,.F.);
#3380=ORIENTED_EDGE('',*,*,#1982,.F.);
#3381=ORIENTED_EDGE('',*,*,#1979,.F.);
#3382=ORIENTED_EDGE('',*,*,#1972,.F.);
#3383=ORIENTED_EDGE('',*,*,#1835,.T.);
#3384=ORIENTED_EDGE('',*,*,#2274,.T.);
#3385=ORIENTED_EDGE('',*,*,#2276,.T.);
#3386=ORIENTED_EDGE('',*,*,#2271,.T.);
#3387=ORIENTED_EDGE('',*,*,#2277,.T.);
#3388=ORIENTED_EDGE('',*,*,#1920,.F.);
#3389=ORIENTED_EDGE('',*,*,#2278,.F.);
#3390=ORIENTED_EDGE('',*,*,#1923,.F.);
#3391=ORIENTED_EDGE('',*,*,#2279,.F.);
#3392=ORIENTED_EDGE('',*,*,#2280,.F.);
#3393=ORIENTED_EDGE('',*,*,#2281,.F.);
#3394=ORIENTED_EDGE('',*,*,#2282,.F.);
#3395=ORIENTED_EDGE('',*,*,#2283,.F.);
#3396=ORIENTED_EDGE('',*,*,#2284,.F.);
#3397=ORIENTED_EDGE('',*,*,#2285,.F.);
#3398=ORIENTED_EDGE('',*,*,#2286,.F.);
#3399=ORIENTED_EDGE('',*,*,#2287,.F.);
#3400=ORIENTED_EDGE('',*,*,#2288,.F.);
#3401=ORIENTED_EDGE('',*,*,#1924,.F.);
#3402=ORIENTED_EDGE('',*,*,#2289,.F.);
#3403=ORIENTED_EDGE('',*,*,#2290,.F.);
#3404=ORIENTED_EDGE('',*,*,#2279,.T.);
#3405=ORIENTED_EDGE('',*,*,#1922,.T.);
#3406=ORIENTED_EDGE('',*,*,#1844,.F.);
#3407=ORIENTED_EDGE('',*,*,#2291,.F.);
#3408=ORIENTED_EDGE('',*,*,#2280,.T.);
#3409=ORIENTED_EDGE('',*,*,#2291,.T.);
#3410=ORIENTED_EDGE('',*,*,#1843,.F.);
#3411=ORIENTED_EDGE('',*,*,#2292,.F.);
#3412=ORIENTED_EDGE('',*,*,#2281,.T.);
#3413=ORIENTED_EDGE('',*,*,#2292,.T.);
#3414=ORIENTED_EDGE('',*,*,#1842,.F.);
#3415=ORIENTED_EDGE('',*,*,#2293,.F.);
#3416=ORIENTED_EDGE('',*,*,#2282,.T.);
#3417=ORIENTED_EDGE('',*,*,#2293,.T.);
#3418=ORIENTED_EDGE('',*,*,#1841,.F.);
#3419=ORIENTED_EDGE('',*,*,#2294,.F.);
#3420=ORIENTED_EDGE('',*,*,#2283,.T.);
#3421=ORIENTED_EDGE('',*,*,#2294,.T.);
#3422=ORIENTED_EDGE('',*,*,#2272,.T.);
#3423=ORIENTED_EDGE('',*,*,#2276,.F.);
#3424=ORIENTED_EDGE('',*,*,#2273,.F.);
#3425=ORIENTED_EDGE('',*,*,#2268,.F.);
#3426=ORIENTED_EDGE('',*,*,#2295,.F.);
#3427=ORIENTED_EDGE('',*,*,#2284,.T.);
#3428=ORIENTED_EDGE('',*,*,#2295,.T.);
#3429=ORIENTED_EDGE('',*,*,#2267,.F.);
#3430=ORIENTED_EDGE('',*,*,#2296,.F.);
#3431=ORIENTED_EDGE('',*,*,#2278,.T.);
#3432=ORIENTED_EDGE('',*,*,#2296,.T.);
#3433=ORIENTED_EDGE('',*,*,#2266,.F.);
#3434=ORIENTED_EDGE('',*,*,#2275,.T.);
#3435=ORIENTED_EDGE('',*,*,#2277,.F.);
#3436=ORIENTED_EDGE('',*,*,#2270,.F.);
#3437=ORIENTED_EDGE('',*,*,#1839,.F.);
#3438=ORIENTED_EDGE('',*,*,#2297,.F.);
#3439=ORIENTED_EDGE('',*,*,#1874,.T.);
#3440=ORIENTED_EDGE('',*,*,#1915,.T.);
#3441=ORIENTED_EDGE('',*,*,#1919,.T.);
#3442=ORIENTED_EDGE('',*,*,#1884,.T.);
#3443=ORIENTED_EDGE('',*,*,#2289,.T.);
#3444=ORIENTED_EDGE('',*,*,#2297,.T.);
#3445=ORIENTED_EDGE('',*,*,#1849,.F.);
#3446=ORIENTED_EDGE('',*,*,#2298,.F.);
#3447=ORIENTED_EDGE('',*,*,#2290,.T.);
#3448=ORIENTED_EDGE('',*,*,#2298,.T.);
#3449=ORIENTED_EDGE('',*,*,#1848,.F.);
#3450=ORIENTED_EDGE('',*,*,#1925,.F.);
#3451=ORIENTED_EDGE('',*,*,#2287,.T.);
#3452=ORIENTED_EDGE('',*,*,#2299,.F.);
#3453=ORIENTED_EDGE('',*,*,#1792,.F.);
#3454=ORIENTED_EDGE('',*,*,#2300,.T.);
#3455=ORIENTED_EDGE('',*,*,#2301,.F.);
#3456=ORIENTED_EDGE('',*,*,#1789,.F.);
#3457=ORIENTED_EDGE('',*,*,#1742,.T.);
#3458=ORIENTED_EDGE('',*,*,#1926,.T.);
#3459=ORIENTED_EDGE('',*,*,#1846,.F.);
#3460=ORIENTED_EDGE('',*,*,#1921,.F.);
#3461=ORIENTED_EDGE('',*,*,#1734,.F.);
#3462=ORIENTED_EDGE('',*,*,#1793,.F.);
#3463=ORIENTED_EDGE('',*,*,#2299,.T.);
#3464=ORIENTED_EDGE('',*,*,#2286,.T.);
#3465=ORIENTED_EDGE('',*,*,#2285,.T.);
#3466=ORIENTED_EDGE('',*,*,#2302,.F.);
#3467=ORIENTED_EDGE('',*,*,#1790,.F.);
#3468=ORIENTED_EDGE('',*,*,#2301,.T.);
#3469=ORIENTED_EDGE('',*,*,#2288,.T.);
#3470=ORIENTED_EDGE('',*,*,#2300,.F.);
#3471=ORIENTED_EDGE('',*,*,#1791,.F.);
#3472=ORIENTED_EDGE('',*,*,#2302,.T.);
#3473=ORIENTED_EDGE('',*,*,#1738,.T.);
#3474=ORIENTED_EDGE('',*,*,#1739,.T.);
#3475=PLANE('',#3755);
#3476=PLANE('',#3758);
#3477=PLANE('',#3761);
#3478=PLANE('',#3763);
#3479=PLANE('',#3786);
#3480=PLANE('',#3797);
#3481=PLANE('',#3843);
#3482=PLANE('',#3844);
#3483=PLANE('',#3853);
#3484=PLANE('',#3855);
#3485=PLANE('',#4182);
#3486=PLANE('',#4183);
#3487=PLANE('',#4184);
#3488=PLANE('',#4185);
#3489=PLANE('',#4186);
#3490=PLANE('',#4187);
#3491=PLANE('',#4188);
#3492=PLANE('',#4190);
#3493=PLANE('',#4191);
#3494=PLANE('',#4192);
#3495=PLANE('',#4193);
#3496=PLANE('',#4194);
#3497=PLANE('',#4195);
#3498=PLANE('',#4196);
#3499=PLANE('',#4197);
#3500=PLANE('',#4198);
#3501=PLANE('',#4199);
#3502=PLANE('',#4200);
#3503=PLANE('',#4201);
#3504=PLANE('',#4202);
#3505=ADVANCED_FACE('',(#236),#3475,.F.);
#3506=ADVANCED_FACE('',(#237),#204,.F.);
#3507=ADVANCED_FACE('',(#238),#3476,.F.);
#3508=ADVANCED_FACE('',(#239),#205,.F.);
#3509=ADVANCED_FACE('',(#240),#3477,.F.);
#3510=ADVANCED_FACE('',(#241),#3478,.F.);
#3511=ADVANCED_FACE('',(#242),#206,.F.);
#3512=ADVANCED_FACE('',(#243),#114,.T.);
#3513=ADVANCED_FACE('',(#244),#83,.T.);
#3514=ADVANCED_FACE('',(#245),#115,.T.);
#3515=ADVANCED_FACE('',(#246),#116,.T.);
#3516=ADVANCED_FACE('',(#247),#207,.T.);
#3517=ADVANCED_FACE('',(#248),#35,.F.);
#3518=ADVANCED_FACE('',(#249),#36,.F.);
#3519=ADVANCED_FACE('',(#250),#208,.T.);
#3520=ADVANCED_FACE('',(#251),#117,.T.);
#3521=ADVANCED_FACE('',(#252),#3479,.T.);
#3522=ADVANCED_FACE('',(#253),#3480,.T.);
#3523=ADVANCED_FACE('',(#254),#118,.T.);
#3524=ADVANCED_FACE('',(#255),#209,.F.);
#3525=ADVANCED_FACE('',(#256),#210,.T.);
#3526=ADVANCED_FACE('',(#257,#27),#3481,.F.);
#3527=ADVANCED_FACE('',(#258,#28),#3482,.F.);
#3528=ADVANCED_FACE('',(#259),#23,.F.);
#3529=ADVANCED_FACE('',(#260),#24,.F.);
#3530=ADVANCED_FACE('',(#261),#25,.F.);
#3531=ADVANCED_FACE('',(#262),#26,.T.);
#3532=ADVANCED_FACE('',(#263),#3483,.F.);
#3533=ADVANCED_FACE('',(#264),#3484,.F.);
#3534=ADVANCED_FACE('',(#265),#211,.F.);
#3535=ADVANCED_FACE('',(#266),#212,.F.);
#3536=ADVANCED_FACE('',(#267),#119,.T.);
#3537=ADVANCED_FACE('',(#268),#120,.T.);
#3538=ADVANCED_FACE('',(#269),#84,.T.);
#3539=ADVANCED_FACE('',(#270),#85,.T.);
#3540=ADVANCED_FACE('',(#271),#121,.T.);
#3541=ADVANCED_FACE('',(#272),#122,.T.);
#3542=ADVANCED_FACE('',(#273),#123,.T.);
#3543=ADVANCED_FACE('',(#274),#124,.T.);
#3544=ADVANCED_FACE('',(#275),#125,.T.);
#3545=ADVANCED_FACE('',(#276),#86,.T.);
#3546=ADVANCED_FACE('',(#277),#87,.T.);
#3547=ADVANCED_FACE('',(#278),#126,.T.);
#3548=ADVANCED_FACE('',(#279),#127,.T.);
#3549=ADVANCED_FACE('',(#280),#128,.T.);
#3550=ADVANCED_FACE('',(#281),#129,.T.);
#3551=ADVANCED_FACE('',(#282),#88,.T.);
#3552=ADVANCED_FACE('',(#283),#89,.T.);
#3553=ADVANCED_FACE('',(#284),#90,.T.);
#3554=ADVANCED_FACE('',(#285),#130,.T.);
#3555=ADVANCED_FACE('',(#286),#131,.T.);
#3556=ADVANCED_FACE('',(#287),#132,.T.);
#3557=ADVANCED_FACE('',(#288),#133,.T.);
#3558=ADVANCED_FACE('',(#289),#134,.T.);
#3559=ADVANCED_FACE('',(#290),#135,.T.);
#3560=ADVANCED_FACE('',(#291),#91,.T.);
#3561=ADVANCED_FACE('',(#292),#92,.T.);
#3562=ADVANCED_FACE('',(#293),#136,.T.);
#3563=ADVANCED_FACE('',(#294),#137,.T.);
#3564=ADVANCED_FACE('',(#295),#138,.T.);
#3565=ADVANCED_FACE('',(#296),#139,.T.);
#3566=ADVANCED_FACE('',(#297),#140,.T.);
#3567=ADVANCED_FACE('',(#298),#141,.T.);
#3568=ADVANCED_FACE('',(#299),#93,.T.);
#3569=ADVANCED_FACE('',(#300),#94,.T.);
#3570=ADVANCED_FACE('',(#301),#142,.T.);
#3571=ADVANCED_FACE('',(#302),#37,.F.);
#3572=ADVANCED_FACE('',(#303),#143,.T.);
#3573=ADVANCED_FACE('',(#304),#95,.T.);
#3574=ADVANCED_FACE('',(#305),#144,.T.);
#3575=ADVANCED_FACE('',(#306),#145,.T.);
#3576=ADVANCED_FACE('',(#307),#38,.F.);
#3577=ADVANCED_FACE('',(#308),#213,.T.);
#3578=ADVANCED_FACE('',(#309),#214,.T.);
#3579=ADVANCED_FACE('',(#310),#39,.F.);
#3580=ADVANCED_FACE('',(#311),#146,.T.);
#3581=ADVANCED_FACE('',(#312),#96,.T.);
#3582=ADVANCED_FACE('',(#313),#147,.T.);
#3583=ADVANCED_FACE('',(#314),#40,.F.);
#3584=ADVANCED_FACE('',(#315),#41,.F.);
#3585=ADVANCED_FACE('',(#316),#148,.T.);
#3586=ADVANCED_FACE('',(#317),#97,.T.);
#3587=ADVANCED_FACE('',(#318),#149,.T.);
#3588=ADVANCED_FACE('',(#319),#150,.T.);
#3589=ADVANCED_FACE('',(#320),#42,.F.);
#3590=ADVANCED_FACE('',(#321),#215,.T.);
#3591=ADVANCED_FACE('',(#322),#216,.T.);
#3592=ADVANCED_FACE('',(#323),#43,.F.);
#3593=ADVANCED_FACE('',(#324),#151,.T.);
#3594=ADVANCED_FACE('',(#325),#98,.T.);
#3595=ADVANCED_FACE('',(#326),#152,.T.);
#3596=ADVANCED_FACE('',(#327),#153,.T.);
#3597=ADVANCED_FACE('',(#328),#44,.F.);
#3598=ADVANCED_FACE('',(#329),#217,.T.);
#3599=ADVANCED_FACE('',(#330),#218,.T.);
#3600=ADVANCED_FACE('',(#331),#45,.F.);
#3601=ADVANCED_FACE('',(#332),#154,.T.);
#3602=ADVANCED_FACE('',(#333),#99,.T.);
#3603=ADVANCED_FACE('',(#334),#155,.T.);
#3604=ADVANCED_FACE('',(#335),#156,.T.);
#3605=ADVANCED_FACE('',(#336),#46,.F.);
#3606=ADVANCED_FACE('',(#337),#219,.T.);
#3607=ADVANCED_FACE('',(#338),#47,.F.);
#3608=ADVANCED_FACE('',(#339),#157,.T.);
#3609=ADVANCED_FACE('',(#340),#48,.F.);
#3610=ADVANCED_FACE('',(#341),#220,.T.);
#3611=ADVANCED_FACE('',(#342),#158,.T.);
#3612=ADVANCED_FACE('',(#343),#100,.T.);
#3613=ADVANCED_FACE('',(#344),#159,.T.);
#3614=ADVANCED_FACE('',(#345),#160,.T.);
#3615=ADVANCED_FACE('',(#346),#49,.F.);
#3616=ADVANCED_FACE('',(#347),#221,.T.);
#3617=ADVANCED_FACE('',(#348),#50,.F.);
#3618=ADVANCED_FACE('',(#349),#161,.T.);
#3619=ADVANCED_FACE('',(#350,#29),#101,.T.);
#3620=ADVANCED_FACE('',(#351),#162,.T.);
#3621=ADVANCED_FACE('',(#352),#163,.T.);
#3622=ADVANCED_FACE('',(#353),#51,.F.);
#3623=ADVANCED_FACE('',(#354),#222,.T.);
#3624=ADVANCED_FACE('',(#355),#223,.T.);
#3625=ADVANCED_FACE('',(#356),#52,.F.);
#3626=ADVANCED_FACE('',(#357),#164,.T.);
#3627=ADVANCED_FACE('',(#358),#102,.T.);
#3628=ADVANCED_FACE('',(#359),#165,.T.);
#3629=ADVANCED_FACE('',(#360),#166,.T.);
#3630=ADVANCED_FACE('',(#361),#53,.F.);
#3631=ADVANCED_FACE('',(#362),#224,.T.);
#3632=ADVANCED_FACE('',(#363),#54,.F.);
#3633=ADVANCED_FACE('',(#364),#167,.T.);
#3634=ADVANCED_FACE('',(#365),#103,.T.);
#3635=ADVANCED_FACE('',(#366),#168,.T.);
#3636=ADVANCED_FACE('',(#367),#169,.T.);
#3637=ADVANCED_FACE('',(#368),#55,.F.);
#3638=ADVANCED_FACE('',(#369),#56,.F.);
#3639=ADVANCED_FACE('',(#370),#170,.T.);
#3640=ADVANCED_FACE('',(#371),#104,.T.);
#3641=ADVANCED_FACE('',(#372),#171,.T.);
#3642=ADVANCED_FACE('',(#373),#172,.T.);
#3643=ADVANCED_FACE('',(#374),#57,.F.);
#3644=ADVANCED_FACE('',(#375),#225,.T.);
#3645=ADVANCED_FACE('',(#376),#58,.F.);
#3646=ADVANCED_FACE('',(#377),#173,.T.);
#3647=ADVANCED_FACE('',(#378),#105,.T.);
#3648=ADVANCED_FACE('',(#379),#174,.T.);
#3649=ADVANCED_FACE('',(#380),#175,.T.);
#3650=ADVANCED_FACE('',(#381),#59,.F.);
#3651=ADVANCED_FACE('',(#382),#60,.F.);
#3652=ADVANCED_FACE('',(#383),#176,.T.);
#3653=ADVANCED_FACE('',(#384),#106,.T.);
#3654=ADVANCED_FACE('',(#385),#177,.T.);
#3655=ADVANCED_FACE('',(#386),#178,.T.);
#3656=ADVANCED_FACE('',(#387),#61,.F.);
#3657=ADVANCED_FACE('',(#388),#62,.F.);
#3658=ADVANCED_FACE('',(#389),#179,.T.);
#3659=ADVANCED_FACE('',(#390),#63,.F.);
#3660=ADVANCED_FACE('',(#391),#226,.T.);
#3661=ADVANCED_FACE('',(#392),#227,.T.);
#3662=ADVANCED_FACE('',(#393),#64,.F.);
#3663=ADVANCED_FACE('',(#394),#180,.T.);
#3664=ADVANCED_FACE('',(#395),#107,.T.);
#3665=ADVANCED_FACE('',(#396),#181,.T.);
#3666=ADVANCED_FACE('',(#397),#182,.T.);
#3667=ADVANCED_FACE('',(#398),#65,.F.);
#3668=ADVANCED_FACE('',(#399),#228,.T.);
#3669=ADVANCED_FACE('',(#400),#229,.T.);
#3670=ADVANCED_FACE('',(#401),#66,.F.);
#3671=ADVANCED_FACE('',(#402),#183,.T.);
#3672=ADVANCED_FACE('',(#403),#108,.T.);
#3673=ADVANCED_FACE('',(#404),#184,.T.);
#3674=ADVANCED_FACE('',(#405),#185,.T.);
#3675=ADVANCED_FACE('',(#406),#67,.F.);
#3676=ADVANCED_FACE('',(#407),#230,.T.);
#3677=ADVANCED_FACE('',(#408),#68,.F.);
#3678=ADVANCED_FACE('',(#409),#186,.T.);
#3679=ADVANCED_FACE('',(#410),#69,.F.);
#3680=ADVANCED_FACE('',(#411),#231,.T.);
#3681=ADVANCED_FACE('',(#412),#70,.F.);
#3682=ADVANCED_FACE('',(#413),#187,.T.);
#3683=ADVANCED_FACE('',(#414),#188,.T.);
#3684=ADVANCED_FACE('',(#415),#71,.F.);
#3685=ADVANCED_FACE('',(#416),#232,.T.);
#3686=ADVANCED_FACE('',(#417),#72,.F.);
#3687=ADVANCED_FACE('',(#418),#189,.T.);
#3688=ADVANCED_FACE('',(#419),#109,.T.);
#3689=ADVANCED_FACE('',(#420),#190,.T.);
#3690=ADVANCED_FACE('',(#421),#191,.T.);
#3691=ADVANCED_FACE('',(#422),#73,.F.);
#3692=ADVANCED_FACE('',(#423),#233,.T.);
#3693=ADVANCED_FACE('',(#424),#234,.T.);
#3694=ADVANCED_FACE('',(#425),#74,.F.);
#3695=ADVANCED_FACE('',(#426),#192,.T.);
#3696=ADVANCED_FACE('',(#427),#110,.T.);
#3697=ADVANCED_FACE('',(#428),#193,.T.);
#3698=ADVANCED_FACE('',(#429),#194,.T.);
#3699=ADVANCED_FACE('',(#430),#75,.F.);
#3700=ADVANCED_FACE('',(#431),#76,.F.);
#3701=ADVANCED_FACE('',(#432),#195,.T.);
#3702=ADVANCED_FACE('',(#433),#111,.T.);
#3703=ADVANCED_FACE('',(#434),#196,.T.);
#3704=ADVANCED_FACE('',(#435),#197,.T.);
#3705=ADVANCED_FACE('',(#436),#77,.F.);
#3706=ADVANCED_FACE('',(#437),#78,.F.);
#3707=ADVANCED_FACE('',(#438),#198,.T.);
#3708=ADVANCED_FACE('',(#439),#112,.T.);
#3709=ADVANCED_FACE('',(#440),#199,.T.);
#3710=ADVANCED_FACE('',(#441),#79,.F.);
#3711=ADVANCED_FACE('',(#442),#200,.T.);
#3712=ADVANCED_FACE('',(#443),#113,.T.);
#3713=ADVANCED_FACE('',(#444),#201,.T.);
#3714=ADVANCED_FACE('',(#445),#202,.T.);
#3715=ADVANCED_FACE('',(#446),#80,.F.);
#3716=ADVANCED_FACE('',(#447),#81,.F.);
#3717=ADVANCED_FACE('',(#448),#203,.T.);
#3718=ADVANCED_FACE('',(#449),#82,.F.);
#3719=ADVANCED_FACE('',(#450),#3485,.F.);
#3720=ADVANCED_FACE('',(#451),#3486,.T.);
#3721=ADVANCED_FACE('',(#452),#3487,.T.);
#3722=ADVANCED_FACE('',(#453,#30,#31),#3488,.T.);
#3723=ADVANCED_FACE('',(#454),#3489,.F.);
#3724=ADVANCED_FACE('',(#455),#3490,.F.);
#3725=ADVANCED_FACE('',(#456),#3491,.F.);
#3726=ADVANCED_FACE('',(#457),#3492,.F.);
#3727=ADVANCED_FACE('',(#458),#3493,.T.);
#3728=ADVANCED_FACE('',(#459),#3494,.T.);
#3729=ADVANCED_FACE('',(#460),#3495,.T.);
#3730=ADVANCED_FACE('',(#461),#3496,.T.);
#3731=ADVANCED_FACE('',(#462),#3497,.T.);
#3732=ADVANCED_FACE('',(#463),#3498,.T.);
#3733=ADVANCED_FACE('',(#464,#32,#33),#3499,.T.);
#3734=ADVANCED_FACE('',(#465),#3500,.T.);
#3735=ADVANCED_FACE('',(#466),#3501,.T.);
#3736=ADVANCED_FACE('',(#467),#3502,.T.);
#3737=ADVANCED_FACE('',(#468),#3503,.T.);
#3738=ADVANCED_FACE('',(#469),#3504,.T.);
#3739=ADVANCED_FACE('',(#470,#34),#235,.F.);
#3740=CLOSED_SHELL('',(#3505,#3506,#3507,#3508,#3509,#3510,#3511,#3512,
#3513,#3514,#3515,#3516,#3517,#3518,#3519,#3520,#3521,#3522,#3523,#3524,
#3525,#3526,#3527,#3528,#3529,#3530,#3531,#3532,#3533,#3534,#3535,#3536,
#3537,#3538,#3539,#3540,#3541,#3542,#3543,#3544,#3545,#3546,#3547,#3548,
#3549,#3550,#3551,#3552,#3553,#3554,#3555,#3556,#3557,#3558,#3559,#3560,
#3561,#3562,#3563,#3564,#3565,#3566,#3567,#3568,#3569,#3570,#3571,#3572,
#3573,#3574,#3575,#3576,#3577,#3578,#3579,#3580,#3581,#3582,#3583,#3584,
#3585,#3586,#3587,#3588,#3589,#3590,#3591,#3592,#3593,#3594,#3595,#3596,
#3597,#3598,#3599,#3600,#3601,#3602,#3603,#3604,#3605,#3606,#3607,#3608,
#3609,#3610,#3611,#3612,#3613,#3614,#3615,#3616,#3617,#3618,#3619,#3620,
#3621,#3622,#3623,#3624,#3625,#3626,#3627,#3628,#3629,#3630,#3631,#3632,
#3633,#3634,#3635,#3636,#3637,#3638,#3639,#3640,#3641,#3642,#3643,#3644,
#3645,#3646,#3647,#3648,#3649,#3650,#3651,#3652,#3653,#3654,#3655,#3656,
#3657,#3658,#3659,#3660,#3661,#3662,#3663,#3664,#3665,#3666,#3667,#3668,
#3669,#3670,#3671,#3672,#3673,#3674,#3675,#3676,#3677,#3678,#3679,#3680,
#3681,#3682,#3683,#3684,#3685,#3686,#3687,#3688,#3689,#3690,#3691,#3692,
#3693,#3694,#3695,#3696,#3697,#3698,#3699,#3700,#3701,#3702,#3703,#3704,
#3705,#3706,#3707,#3708,#3709,#3710,#3711,#3712,#3713,#3714,#3715,#3716,
#3717,#3718,#3719,#3720,#3721,#3722,#3723,#3724,#3725,#3726,#3727,#3728,
#3729,#3730,#3731,#3732,#3733,#3734,#3735,#3736,#3737,#3738,#3739));
#3741=DERIVED_UNIT_ELEMENT(#3743,1.);
#3742=DERIVED_UNIT_ELEMENT(#9777,-3.);
#3743=(
MASS_UNIT()
NAMED_UNIT(*)
SI_UNIT(.KILO.,.GRAM.)
);
#3744=DERIVED_UNIT((#3741,#3742));
#3745=MEASURE_REPRESENTATION_ITEM('density measure',
POSITIVE_RATIO_MEASURE(7850.),#3744);
#3746=PROPERTY_DEFINITION_REPRESENTATION(#3751,#3748);
#3747=PROPERTY_DEFINITION_REPRESENTATION(#3752,#3749);
#3748=REPRESENTATION('material name',(#3750),#9774);
#3749=REPRESENTATION('density',(#3745),#9774);
#3750=DESCRIPTIVE_REPRESENTATION_ITEM('Steel','Steel');
#3751=PROPERTY_DEFINITION('material property','material name',#9789);
#3752=PROPERTY_DEFINITION('material property','density of part',#9789);
#3753=AXIS2_PLACEMENT_3D('',#5181,#4205,#4206);
#3754=AXIS2_PLACEMENT_3D('',#5182,#4207,#4208);
#3755=AXIS2_PLACEMENT_3D('',#5183,#4209,#4210);
#3756=AXIS2_PLACEMENT_3D('',#5211,#4214,#4215);
#3757=AXIS2_PLACEMENT_3D('',#5212,#4216,#4217);
#3758=AXIS2_PLACEMENT_3D('',#5282,#4219,#4220);
#3759=AXIS2_PLACEMENT_3D('',#5284,#4221,#4222);
#3760=AXIS2_PLACEMENT_3D('',#5325,#4226,#4227);
#3761=AXIS2_PLACEMENT_3D('',#5403,#4229,#4230);
#3762=AXIS2_PLACEMENT_3D('',#5406,#4231,#4232);
#3763=AXIS2_PLACEMENT_3D('',#5449,#4237,#4238);
#3764=AXIS2_PLACEMENT_3D('',#5463,#4241,#4242);
#3765=AXIS2_PLACEMENT_3D('',#5478,#4244,#4245);
#3766=AXIS2_PLACEMENT_3D('',#5543,#4246,#4247);
#3767=AXIS2_PLACEMENT_3D('',#5545,#4248,#4249);
#3768=AXIS2_PLACEMENT_3D('',#5560,#4250,#4251);
#3769=AXIS2_PLACEMENT_3D('',#5561,#4252,#4253);
#3770=AXIS2_PLACEMENT_3D('',#5563,#4254,#4255);
#3771=AXIS2_PLACEMENT_3D('',#5565,#4256,#4257);
#3772=AXIS2_PLACEMENT_3D('',#5566,#4258,#4259);
#3773=AXIS2_PLACEMENT_3D('',#5567,#4260,#4261);
#3774=AXIS2_PLACEMENT_3D('',#5569,#4262,#4263);
#3775=AXIS2_PLACEMENT_3D('',#5577,#4264,#4265);
#3776=AXIS2_PLACEMENT_3D('',#5579,#4266,#4267);
#3777=AXIS2_PLACEMENT_3D('',#5580,#4268,#4269);
#3778=AXIS2_PLACEMENT_3D('',#5581,#4270,#4271);
#3779=AXIS2_PLACEMENT_3D('',#5606,#4272,#4273);
#3780=AXIS2_PLACEMENT_3D('',#5656,#4274,#4275);
#3781=AXIS2_PLACEMENT_3D('',#5681,#4276,#4277);
#3782=AXIS2_PLACEMENT_3D('',#5682,#4278,#4279);
#3783=AXIS2_PLACEMENT_3D('',#5683,#4280,#4281);
#3784=AXIS2_PLACEMENT_3D('',#5685,#4282,#4283);
#3785=AXIS2_PLACEMENT_3D('',#5700,#4284,#4285);
#3786=AXIS2_PLACEMENT_3D('',#5701,#4286,#4287);
#3787=AXIS2_PLACEMENT_3D('',#5703,#4288,#4289);
#3788=AXIS2_PLACEMENT_3D('',#5705,#4290,#4291);
#3789=AXIS2_PLACEMENT_3D('',#5707,#4292,#4293);
#3790=AXIS2_PLACEMENT_3D('',#5709,#4294,#4295);
#3791=AXIS2_PLACEMENT_3D('',#5711,#4296,#4297);
#3792=AXIS2_PLACEMENT_3D('',#5713,#4298,#4299);
#3793=AXIS2_PLACEMENT_3D('',#5715,#4300,#4301);
#3794=AXIS2_PLACEMENT_3D('',#5717,#4302,#4303);
#3795=AXIS2_PLACEMENT_3D('',#5718,#4304,#4305);
#3796=AXIS2_PLACEMENT_3D('',#5724,#4308,#4309);
#3797=AXIS2_PLACEMENT_3D('',#5728,#4312,#4313);
#3798=AXIS2_PLACEMENT_3D('',#5729,#4314,#4315);
#3799=AXIS2_PLACEMENT_3D('',#5731,#4316,#4317);
#3800=AXIS2_PLACEMENT_3D('',#5733,#4318,#4319);
#3801=AXIS2_PLACEMENT_3D('',#5735,#4320,#4321);
#3802=AXIS2_PLACEMENT_3D('',#5737,#4322,#4323);
#3803=AXIS2_PLACEMENT_3D('',#5739,#4324,#4325);
#3804=AXIS2_PLACEMENT_3D('',#5741,#4326,#4327);
#3805=AXIS2_PLACEMENT_3D('',#5743,#4328,#4329);
#3806=AXIS2_PLACEMENT_3D('',#5745,#4330,#4331);
#3807=AXIS2_PLACEMENT_3D('',#5747,#4332,#4333);
#3808=AXIS2_PLACEMENT_3D('',#5749,#4334,#4335);
#3809=AXIS2_PLACEMENT_3D('',#5751,#4336,#4337);
#3810=AXIS2_PLACEMENT_3D('',#5753,#4338,#4339);
#3811=AXIS2_PLACEMENT_3D('',#5755,#4340,#4341);
#3812=AXIS2_PLACEMENT_3D('',#5757,#4342,#4343);
#3813=AXIS2_PLACEMENT_3D('',#5759,#4344,#4345);
#3814=AXIS2_PLACEMENT_3D('',#5761,#4346,#4347);
#3815=AXIS2_PLACEMENT_3D('',#5763,#4348,#4349);
#3816=AXIS2_PLACEMENT_3D('',#5765,#4350,#4351);
#3817=AXIS2_PLACEMENT_3D('',#5767,#4352,#4353);
#3818=AXIS2_PLACEMENT_3D('',#5769,#4354,#4355);
#3819=AXIS2_PLACEMENT_3D('',#5771,#4356,#4357);
#3820=AXIS2_PLACEMENT_3D('',#5773,#4358,#4359);
#3821=AXIS2_PLACEMENT_3D('',#5775,#4360,#4361);
#3822=AXIS2_PLACEMENT_3D('',#5777,#4362,#4363);
#3823=AXIS2_PLACEMENT_3D('',#5779,#4364,#4365);
#3824=AXIS2_PLACEMENT_3D('',#5781,#4366,#4367);
#3825=AXIS2_PLACEMENT_3D('',#5783,#4368,#4369);
#3826=AXIS2_PLACEMENT_3D('',#5785,#4370,#4371);
#3827=AXIS2_PLACEMENT_3D('',#5787,#4372,#4373);
#3828=AXIS2_PLACEMENT_3D('',#5789,#4374,#4375);
#3829=AXIS2_PLACEMENT_3D('',#5791,#4376,#4377);
#3830=AXIS2_PLACEMENT_3D('',#5793,#4378,#4379);
#3831=AXIS2_PLACEMENT_3D('',#5795,#4380,#4381);
#3832=AXIS2_PLACEMENT_3D('',#5797,#4382,#4383);
#3833=AXIS2_PLACEMENT_3D('',#5799,#4384,#4385);
#3834=AXIS2_PLACEMENT_3D('',#5800,#4386,#4387);
#3835=AXIS2_PLACEMENT_3D('',#5801,#4388,#4389);
#3836=AXIS2_PLACEMENT_3D('',#5803,#4390,#4391);
#3837=AXIS2_PLACEMENT_3D('',#5809,#4392,#4393);
#3838=AXIS2_PLACEMENT_3D('',#5811,#4394,#4395);
#3839=AXIS2_PLACEMENT_3D('',#5814,#4397,#4398);
#3840=AXIS2_PLACEMENT_3D('',#5815,#4399,#4400);
#3841=AXIS2_PLACEMENT_3D('',#5817,#4401,#4402);
#3842=AXIS2_PLACEMENT_3D('',#5820,#4404,#4405);
#3843=AXIS2_PLACEMENT_3D('',#5821,#4406,#4407);
#3844=AXIS2_PLACEMENT_3D('',#5822,#4408,#4409);
#3845=AXIS2_PLACEMENT_3D('',#5837,#4416,#4417);
#3846=AXIS2_PLACEMENT_3D('',#5841,#4419,#4420);
#3847=AXIS2_PLACEMENT_3D('',#5845,#4423,#4424);
#3848=AXIS2_PLACEMENT_3D('',#6092,#4425,#4426);
#3849=AXIS2_PLACEMENT_3D('',#6108,#4427,#4428);
#3850=AXIS2_PLACEMENT_3D('',#6187,#4429,#4430);
#3851=AXIS2_PLACEMENT_3D('',#6205,#4431,#4432);
#3852=AXIS2_PLACEMENT_3D('',#6283,#4433,#4434);
#3853=AXIS2_PLACEMENT_3D('',#6512,#4435,#4436);
#3854=AXIS2_PLACEMENT_3D('',#6538,#4437,#4438);
#3855=AXIS2_PLACEMENT_3D('',#6540,#4440,#4441);
#3856=AXIS2_PLACEMENT_3D('',#6542,#4442,#4443);
#3857=AXIS2_PLACEMENT_3D('',#6568,#4445,#4446);
#3858=AXIS2_PLACEMENT_3D('',#6569,#4447,#4448);
#3859=AXIS2_PLACEMENT_3D('',#6570,#4449,#4450);
#3860=AXIS2_PLACEMENT_3D('',#6574,#4453,#4454);
#3861=AXIS2_PLACEMENT_3D('',#6576,#4455,#4456);
#3862=AXIS2_PLACEMENT_3D('',#6579,#4459,#4460);
#3863=AXIS2_PLACEMENT_3D('',#6581,#4461,#4462);
#3864=AXIS2_PLACEMENT_3D('',#6583,#4463,#4464);
#3865=AXIS2_PLACEMENT_3D('',#6584,#4465,#4466);
#3866=AXIS2_PLACEMENT_3D('',#6585,#4467,#4468);
#3867=AXIS2_PLACEMENT_3D('',#6587,#4469,#4470);
#3868=AXIS2_PLACEMENT_3D('',#6588,#4471,#4472);
#3869=AXIS2_PLACEMENT_3D('',#6589,#4473,#4474);
#3870=AXIS2_PLACEMENT_3D('',#6591,#4475,#4476);
#3871=AXIS2_PLACEMENT_3D('',#6592,#4477,#4478);
#3872=AXIS2_PLACEMENT_3D('',#6593,#4479,#4480);
#3873=AXIS2_PLACEMENT_3D('',#6595,#4481,#4482);
#3874=AXIS2_PLACEMENT_3D('',#6597,#4483,#4484);
#3875=AXIS2_PLACEMENT_3D('',#6599,#4485,#4486);
#3876=AXIS2_PLACEMENT_3D('',#6601,#4487,#4488);
#3877=AXIS2_PLACEMENT_3D('',#6602,#4489,#4490);
#3878=AXIS2_PLACEMENT_3D('',#6603,#4491,#4492);
#3879=AXIS2_PLACEMENT_3D('',#6605,#4493,#4494);
#3880=AXIS2_PLACEMENT_3D('',#6606,#4495,#4496);
#3881=AXIS2_PLACEMENT_3D('',#6607,#4497,#4498);
#3882=AXIS2_PLACEMENT_3D('',#6609,#4499,#4500);
#3883=AXIS2_PLACEMENT_3D('',#6610,#4501,#4502);
#3884=AXIS2_PLACEMENT_3D('',#6611,#4503,#4504);
#3885=AXIS2_PLACEMENT_3D('',#6626,#4505,#4506);
#3886=AXIS2_PLACEMENT_3D('',#6627,#4507,#4508);
#3887=AXIS2_PLACEMENT_3D('',#6629,#4509,#4510);
#3888=AXIS2_PLACEMENT_3D('',#6630,#4511,#4512);
#3889=AXIS2_PLACEMENT_3D('',#6631,#4513,#4514);
#3890=AXIS2_PLACEMENT_3D('',#6646,#4515,#4516);
#3891=AXIS2_PLACEMENT_3D('',#6647,#4517,#4518);
#3892=AXIS2_PLACEMENT_3D('',#6649,#4519,#4520);
#3893=AXIS2_PLACEMENT_3D('',#6650,#4521,#4522);
#3894=AXIS2_PLACEMENT_3D('',#6651,#4523,#4524);
#3895=AXIS2_PLACEMENT_3D('',#6653,#4525,#4526);
#3896=AXIS2_PLACEMENT_3D('',#6654,#4527,#4528);
#3897=AXIS2_PLACEMENT_3D('',#6655,#4529,#4530);
#3898=AXIS2_PLACEMENT_3D('',#6657,#4531,#4532);
#3899=AXIS2_PLACEMENT_3D('',#6658,#4533,#4534);
#3900=AXIS2_PLACEMENT_3D('',#6659,#4535,#4536);
#3901=AXIS2_PLACEMENT_3D('',#6674,#4537,#4538);
#3902=AXIS2_PLACEMENT_3D('',#6675,#4539,#4540);
#3903=AXIS2_PLACEMENT_3D('',#6677,#4541,#4542);
#3904=AXIS2_PLACEMENT_3D('',#6678,#4543,#4544);
#3905=AXIS2_PLACEMENT_3D('',#6679,#4545,#4546);
#3906=AXIS2_PLACEMENT_3D('',#6694,#4547,#4548);
#3907=AXIS2_PLACEMENT_3D('',#6695,#4549,#4550);
#3908=AXIS2_PLACEMENT_3D('',#6696,#4551,#4552);
#3909=AXIS2_PLACEMENT_3D('',#6698,#4553,#4554);
#3910=AXIS2_PLACEMENT_3D('',#6699,#4555,#4556);
#3911=AXIS2_PLACEMENT_3D('',#6700,#4557,#4558);
#3912=AXIS2_PLACEMENT_3D('',#6702,#4559,#4560);
#3913=AXIS2_PLACEMENT_3D('',#6703,#4561,#4562);
#3914=AXIS2_PLACEMENT_3D('',#6704,#4563,#4564);
#3915=AXIS2_PLACEMENT_3D('',#6705,#4565,#4566);
#3916=AXIS2_PLACEMENT_3D('',#6706,#4567,#4568);
#3917=AXIS2_PLACEMENT_3D('',#6721,#4569,#4570);
#3918=AXIS2_PLACEMENT_3D('',#6722,#4571,#4572);
#3919=AXIS2_PLACEMENT_3D('',#6724,#4573,#4574);
#3920=AXIS2_PLACEMENT_3D('',#6725,#4575,#4576);
#3921=AXIS2_PLACEMENT_3D('',#6726,#4577,#4578);
#3922=AXIS2_PLACEMENT_3D('',#6727,#4579,#4580);
#3923=AXIS2_PLACEMENT_3D('',#6728,#4581,#4582);
#3924=AXIS2_PLACEMENT_3D('',#6743,#4583,#4584);
#3925=AXIS2_PLACEMENT_3D('',#6744,#4585,#4586);
#3926=AXIS2_PLACEMENT_3D('',#6746,#4587,#4588);
#3927=AXIS2_PLACEMENT_3D('',#6747,#4589,#4590);
#3928=AXIS2_PLACEMENT_3D('',#6748,#4591,#4592);
#3929=AXIS2_PLACEMENT_3D('',#6749,#4593,#4594);
#3930=AXIS2_PLACEMENT_3D('',#6750,#4595,#4596);
#3931=AXIS2_PLACEMENT_3D('',#6752,#4597,#4598);
#3932=AXIS2_PLACEMENT_3D('',#6753,#4599,#4600);
#3933=AXIS2_PLACEMENT_3D('',#6754,#4601,#4602);
#3934=AXIS2_PLACEMENT_3D('',#6756,#4603,#4604);
#3935=AXIS2_PLACEMENT_3D('',#6757,#4605,#4606);
#3936=AXIS2_PLACEMENT_3D('',#6758,#4607,#4608);
#3937=AXIS2_PLACEMENT_3D('',#6759,#4609,#4610);
#3938=AXIS2_PLACEMENT_3D('',#6774,#4611,#4612);
#3939=AXIS2_PLACEMENT_3D('',#6775,#4613,#4614);
#3940=AXIS2_PLACEMENT_3D('',#6777,#4615,#4616);
#3941=AXIS2_PLACEMENT_3D('',#6778,#4617,#4618);
#3942=AXIS2_PLACEMENT_3D('',#6779,#4619,#4620);
#3943=AXIS2_PLACEMENT_3D('',#6780,#4621,#4622);
#3944=AXIS2_PLACEMENT_3D('',#6781,#4623,#4624);
#3945=AXIS2_PLACEMENT_3D('',#6796,#4625,#4626);
#3946=AXIS2_PLACEMENT_3D('',#6797,#4627,#4628);
#3947=AXIS2_PLACEMENT_3D('',#6799,#4629,#4630);
#3948=AXIS2_PLACEMENT_3D('',#6800,#4631,#4632);
#3949=AXIS2_PLACEMENT_3D('',#6801,#4633,#4634);
#3950=AXIS2_PLACEMENT_3D('',#6802,#4635,#4636);
#3951=AXIS2_PLACEMENT_3D('',#6803,#4637,#4638);
#3952=AXIS2_PLACEMENT_3D('',#6805,#4639,#4640);
#3953=AXIS2_PLACEMENT_3D('',#6806,#4641,#4642);
#3954=AXIS2_PLACEMENT_3D('',#6807,#4643,#4644);
#3955=AXIS2_PLACEMENT_3D('',#6809,#4645,#4646);
#3956=AXIS2_PLACEMENT_3D('',#6810,#4647,#4648);
#3957=AXIS2_PLACEMENT_3D('',#6811,#4649,#4650);
#3958=AXIS2_PLACEMENT_3D('',#6812,#4651,#4652);
#3959=AXIS2_PLACEMENT_3D('',#6861,#4653,#4654);
#3960=AXIS2_PLACEMENT_3D('',#6863,#4655,#4656);
#3961=AXIS2_PLACEMENT_3D('',#6878,#4657,#4658);
#3962=AXIS2_PLACEMENT_3D('',#6879,#4659,#4660);
#3963=AXIS2_PLACEMENT_3D('',#6881,#4661,#4662);
#3964=AXIS2_PLACEMENT_3D('',#6882,#4663,#4664);
#3965=AXIS2_PLACEMENT_3D('',#6883,#4665,#4666);
#3966=AXIS2_PLACEMENT_3D('',#6891,#4667,#4668);
#3967=AXIS2_PLACEMENT_3D('',#6893,#4669,#4670);
#3968=AXIS2_PLACEMENT_3D('',#6950,#4671,#4672);
#3969=AXIS2_PLACEMENT_3D('',#6963,#4673,#4674);
#3970=AXIS2_PLACEMENT_3D('',#7006,#4675,#4676);
#3971=AXIS2_PLACEMENT_3D('',#7007,#4677,#4678);
#3972=AXIS2_PLACEMENT_3D('',#7021,#4679,#4680);
#3973=AXIS2_PLACEMENT_3D('',#7022,#4681,#4682);
#3974=AXIS2_PLACEMENT_3D('',#7118,#4683,#4684);
#3975=AXIS2_PLACEMENT_3D('',#7124,#4685,#4686);
#3976=AXIS2_PLACEMENT_3D('',#7140,#4687,#4688);
#3977=AXIS2_PLACEMENT_3D('',#7141,#4689,#4690);
#3978=AXIS2_PLACEMENT_3D('',#7142,#4691,#4692);
#3979=AXIS2_PLACEMENT_3D('',#7144,#4693,#4694);
#3980=AXIS2_PLACEMENT_3D('',#7145,#4695,#4696);
#3981=AXIS2_PLACEMENT_3D('',#7146,#4697,#4698);
#3982=AXIS2_PLACEMENT_3D('',#7147,#4699,#4700);
#3983=AXIS2_PLACEMENT_3D('',#7155,#4701,#4702);
#3984=AXIS2_PLACEMENT_3D('',#7194,#4703,#4704);
#3985=AXIS2_PLACEMENT_3D('',#7207,#4705,#4706);
#3986=AXIS2_PLACEMENT_3D('',#7265,#4707,#4708);
#3987=AXIS2_PLACEMENT_3D('',#7271,#4709,#4710);
#3988=AXIS2_PLACEMENT_3D('',#7287,#4711,#4712);
#3989=AXIS2_PLACEMENT_3D('',#7288,#4713,#4714);
#3990=AXIS2_PLACEMENT_3D('',#7289,#4715,#4716);
#3991=AXIS2_PLACEMENT_3D('',#7291,#4717,#4718);
#3992=AXIS2_PLACEMENT_3D('',#7293,#4719,#4720);
#3993=AXIS2_PLACEMENT_3D('',#7294,#4721,#4722);
#3994=AXIS2_PLACEMENT_3D('',#7295,#4723,#4724);
#3995=AXIS2_PLACEMENT_3D('',#7303,#4725,#4726);
#3996=AXIS2_PLACEMENT_3D('',#7319,#4727,#4728);
#3997=AXIS2_PLACEMENT_3D('',#7320,#4729,#4730);
#3998=AXIS2_PLACEMENT_3D('',#7364,#4731,#4732);
#3999=AXIS2_PLACEMENT_3D('',#7377,#4733,#4734);
#4000=AXIS2_PLACEMENT_3D('',#7435,#4735,#4736);
#4001=AXIS2_PLACEMENT_3D('',#7441,#4737,#4738);
#4002=AXIS2_PLACEMENT_3D('',#7457,#4739,#4740);
#4003=AXIS2_PLACEMENT_3D('',#7458,#4741,#4742);
#4004=AXIS2_PLACEMENT_3D('',#7459,#4743,#4744);
#4005=AXIS2_PLACEMENT_3D('',#7461,#4745,#4746);
#4006=AXIS2_PLACEMENT_3D('',#7463,#4747,#4748);
#4007=AXIS2_PLACEMENT_3D('',#7464,#4749,#4750);
#4008=AXIS2_PLACEMENT_3D('',#7465,#4751,#4752);
#4009=AXIS2_PLACEMENT_3D('',#7473,#4753,#4754);
#4010=AXIS2_PLACEMENT_3D('',#7487,#4755,#4756);
#4011=AXIS2_PLACEMENT_3D('',#7513,#4757,#4758);
#4012=AXIS2_PLACEMENT_3D('',#7547,#4759,#4760);
#4013=AXIS2_PLACEMENT_3D('',#7563,#4761,#4762);
#4014=AXIS2_PLACEMENT_3D('',#7564,#4763,#4764);
#4015=AXIS2_PLACEMENT_3D('',#7608,#4765,#4766);
#4016=AXIS2_PLACEMENT_3D('',#7621,#4767,#4768);
#4017=AXIS2_PLACEMENT_3D('',#7622,#4769,#4770);
#4018=AXIS2_PLACEMENT_3D('',#7623,#4771,#4772);
#4019=AXIS2_PLACEMENT_3D('',#7625,#4773,#4774);
#4020=AXIS2_PLACEMENT_3D('',#7627,#4775,#4776);
#4021=AXIS2_PLACEMENT_3D('',#7628,#4777,#4778);
#4022=AXIS2_PLACEMENT_3D('',#7629,#4779,#4780);
#4023=AXIS2_PLACEMENT_3D('',#7637,#4781,#4782);
#4024=AXIS2_PLACEMENT_3D('',#7653,#4783,#4784);
#4025=AXIS2_PLACEMENT_3D('',#7654,#4785,#4786);
#4026=AXIS2_PLACEMENT_3D('',#7698,#4787,#4788);
#4027=AXIS2_PLACEMENT_3D('',#7756,#4789,#4790);
#4028=AXIS2_PLACEMENT_3D('',#7762,#4791,#4792);
#4029=AXIS2_PLACEMENT_3D('',#7778,#4793,#4794);
#4030=AXIS2_PLACEMENT_3D('',#7779,#4795,#4796);
#4031=AXIS2_PLACEMENT_3D('',#7780,#4797,#4798);
#4032=AXIS2_PLACEMENT_3D('',#7782,#4799,#4800);
#4033=AXIS2_PLACEMENT_3D('',#7784,#4801,#4802);
#4034=AXIS2_PLACEMENT_3D('',#7785,#4803,#4804);
#4035=AXIS2_PLACEMENT_3D('',#7786,#4805,#4806);
#4036=AXIS2_PLACEMENT_3D('',#7794,#4807,#4808);
#4037=AXIS2_PLACEMENT_3D('',#7810,#4809,#4810);
#4038=AXIS2_PLACEMENT_3D('',#7811,#4811,#4812);
#4039=AXIS2_PLACEMENT_3D('',#7855,#4813,#4814);
#4040=AXIS2_PLACEMENT_3D('',#7868,#4815,#4816);
#4041=AXIS2_PLACEMENT_3D('',#7912,#4817,#4818);
#4042=AXIS2_PLACEMENT_3D('',#7913,#4819,#4820);
#4043=AXIS2_PLACEMENT_3D('',#7928,#4821,#4822);
#4044=AXIS2_PLACEMENT_3D('',#7929,#4823,#4824);
#4045=AXIS2_PLACEMENT_3D('',#7931,#4825,#4826);
#4046=AXIS2_PLACEMENT_3D('',#7933,#4827,#4828);
#4047=AXIS2_PLACEMENT_3D('',#7934,#4829,#4830);
#4048=AXIS2_PLACEMENT_3D('',#7935,#4831,#4832);
#4049=AXIS2_PLACEMENT_3D('',#7943,#4833,#4834);
#4050=AXIS2_PLACEMENT_3D('',#7959,#4835,#4836);
#4051=AXIS2_PLACEMENT_3D('',#7960,#4837,#4838);
#4052=AXIS2_PLACEMENT_3D('',#8004,#4839,#4840);
#4053=AXIS2_PLACEMENT_3D('',#8048,#4841,#4842);
#4054=AXIS2_PLACEMENT_3D('',#8049,#4843,#4844);
#4055=AXIS2_PLACEMENT_3D('',#8064,#4845,#4846);
#4056=AXIS2_PLACEMENT_3D('',#8065,#4847,#4848);
#4057=AXIS2_PLACEMENT_3D('',#8067,#4849,#4850);
#4058=AXIS2_PLACEMENT_3D('',#8069,#4851,#4852);
#4059=AXIS2_PLACEMENT_3D('',#8070,#4853,#4854);
#4060=AXIS2_PLACEMENT_3D('',#8071,#4855,#4856);
#4061=AXIS2_PLACEMENT_3D('',#8079,#4857,#4858);
#4062=AXIS2_PLACEMENT_3D('',#8095,#4859,#4860);
#4063=AXIS2_PLACEMENT_3D('',#8096,#4861,#4862);
#4064=AXIS2_PLACEMENT_3D('',#8171,#4863,#4864);
#4065=AXIS2_PLACEMENT_3D('',#8172,#4865,#4866);
#4066=AXIS2_PLACEMENT_3D('',#8187,#4867,#4868);
#4067=AXIS2_PLACEMENT_3D('',#8188,#4869,#4870);
#4068=AXIS2_PLACEMENT_3D('',#8190,#4871,#4872);
#4069=AXIS2_PLACEMENT_3D('',#8191,#4873,#4874);
#4070=AXIS2_PLACEMENT_3D('',#8192,#4875,#4876);
#4071=AXIS2_PLACEMENT_3D('',#8193,#4877,#4878);
#4072=AXIS2_PLACEMENT_3D('',#8201,#4879,#4880);
#4073=AXIS2_PLACEMENT_3D('',#8240,#4881,#4882);
#4074=AXIS2_PLACEMENT_3D('',#8284,#4883,#4884);
#4075=AXIS2_PLACEMENT_3D('',#8285,#4885,#4886);
#4076=AXIS2_PLACEMENT_3D('',#8300,#4887,#4888);
#4077=AXIS2_PLACEMENT_3D('',#8301,#4889,#4890);
#4078=AXIS2_PLACEMENT_3D('',#8303,#4891,#4892);
#4079=AXIS2_PLACEMENT_3D('',#8305,#4893,#4894);
#4080=AXIS2_PLACEMENT_3D('',#8306,#4895,#4896);
#4081=AXIS2_PLACEMENT_3D('',#8307,#4897,#4898);
#4082=AXIS2_PLACEMENT_3D('',#8315,#4899,#4900);
#4083=AXIS2_PLACEMENT_3D('',#8329,#4901,#4902);
#4084=AXIS2_PLACEMENT_3D('',#8386,#4903,#4904);
#4085=AXIS2_PLACEMENT_3D('',#8387,#4905,#4906);
#4086=AXIS2_PLACEMENT_3D('',#8402,#4907,#4908);
#4087=AXIS2_PLACEMENT_3D('',#8403,#4909,#4910);
#4088=AXIS2_PLACEMENT_3D('',#8405,#4911,#4912);
#4089=AXIS2_PLACEMENT_3D('',#8407,#4913,#4914);
#4090=AXIS2_PLACEMENT_3D('',#8408,#4915,#4916);
#4091=AXIS2_PLACEMENT_3D('',#8409,#4917,#4918);
#4092=AXIS2_PLACEMENT_3D('',#8417,#4919,#4920);
#4093=AXIS2_PLACEMENT_3D('',#8431,#4921,#4922);
#4094=AXIS2_PLACEMENT_3D('',#8505,#4923,#4924);
#4095=AXIS2_PLACEMENT_3D('',#8556,#4925,#4926);
#4096=AXIS2_PLACEMENT_3D('',#8569,#4927,#4928);
#4097=AXIS2_PLACEMENT_3D('',#8627,#4929,#4930);
#4098=AXIS2_PLACEMENT_3D('',#8633,#4931,#4932);
#4099=AXIS2_PLACEMENT_3D('',#8649,#4933,#4934);
#4100=AXIS2_PLACEMENT_3D('',#8650,#4935,#4936);
#4101=AXIS2_PLACEMENT_3D('',#8651,#4937,#4938);
#4102=AXIS2_PLACEMENT_3D('',#8653,#4939,#4940);
#4103=AXIS2_PLACEMENT_3D('',#8655,#4941,#4942);
#4104=AXIS2_PLACEMENT_3D('',#8656,#4943,#4944);
#4105=AXIS2_PLACEMENT_3D('',#8657,#4945,#4946);
#4106=AXIS2_PLACEMENT_3D('',#8665,#4947,#4948);
#4107=AXIS2_PLACEMENT_3D('',#8681,#4949,#4950);
#4108=AXIS2_PLACEMENT_3D('',#8682,#4951,#4952);
#4109=AXIS2_PLACEMENT_3D('',#8726,#4953,#4954);
#4110=AXIS2_PLACEMENT_3D('',#8739,#4955,#4956);
#4111=AXIS2_PLACEMENT_3D('',#8797,#4957,#4958);
#4112=AXIS2_PLACEMENT_3D('',#8803,#4959,#4960);
#4113=AXIS2_PLACEMENT_3D('',#8819,#4961,#4962);
#4114=AXIS2_PLACEMENT_3D('',#8820,#4963,#4964);
#4115=AXIS2_PLACEMENT_3D('',#8821,#4965,#4966);
#4116=AXIS2_PLACEMENT_3D('',#8823,#4967,#4968);
#4117=AXIS2_PLACEMENT_3D('',#8825,#4969,#4970);
#4118=AXIS2_PLACEMENT_3D('',#8826,#4971,#4972);
#4119=AXIS2_PLACEMENT_3D('',#8827,#4973,#4974);
#4120=AXIS2_PLACEMENT_3D('',#8835,#4975,#4976);
#4121=AXIS2_PLACEMENT_3D('',#8849,#4977,#4978);
#4122=AXIS2_PLACEMENT_3D('',#8875,#4979,#4980);
#4123=AXIS2_PLACEMENT_3D('',#8918,#4981,#4982);
#4124=AXIS2_PLACEMENT_3D('',#8969,#4983,#4984);
#4125=AXIS2_PLACEMENT_3D('',#9012,#4985,#4986);
#4126=AXIS2_PLACEMENT_3D('',#9020,#4987,#4988);
#4127=AXIS2_PLACEMENT_3D('',#9036,#4989,#4990);
#4128=AXIS2_PLACEMENT_3D('',#9037,#4991,#4992);
#4129=AXIS2_PLACEMENT_3D('',#9081,#4993,#4994);
#4130=AXIS2_PLACEMENT_3D('',#9139,#4995,#4996);
#4131=AXIS2_PLACEMENT_3D('',#9145,#4997,#4998);
#4132=AXIS2_PLACEMENT_3D('',#9161,#4999,#5000);
#4133=AXIS2_PLACEMENT_3D('',#9162,#5001,#5002);
#4134=AXIS2_PLACEMENT_3D('',#9163,#5003,#5004);
#4135=AXIS2_PLACEMENT_3D('',#9165,#5005,#5006);
#4136=AXIS2_PLACEMENT_3D('',#9167,#5007,#5008);
#4137=AXIS2_PLACEMENT_3D('',#9168,#5009,#5010);
#4138=AXIS2_PLACEMENT_3D('',#9169,#5011,#5012);
#4139=AXIS2_PLACEMENT_3D('',#9177,#5013,#5014);
#4140=AXIS2_PLACEMENT_3D('',#9193,#5015,#5016);
#4141=AXIS2_PLACEMENT_3D('',#9194,#5017,#5018);
#4142=AXIS2_PLACEMENT_3D('',#9238,#5019,#5020);
#4143=AXIS2_PLACEMENT_3D('',#9251,#5021,#5022);
#4144=AXIS2_PLACEMENT_3D('',#9295,#5023,#5024);
#4145=AXIS2_PLACEMENT_3D('',#9296,#5025,#5026);
#4146=AXIS2_PLACEMENT_3D('',#9311,#5027,#5028);
#4147=AXIS2_PLACEMENT_3D('',#9312,#5029,#5030);
#4148=AXIS2_PLACEMENT_3D('',#9314,#5031,#5032);
#4149=AXIS2_PLACEMENT_3D('',#9316,#5033,#5034);
#4150=AXIS2_PLACEMENT_3D('',#9317,#5035,#5036);
#4151=AXIS2_PLACEMENT_3D('',#9318,#5037,#5038);
#4152=AXIS2_PLACEMENT_3D('',#9326,#5039,#5040);
#4153=AXIS2_PLACEMENT_3D('',#9340,#5041,#5042);
#4154=AXIS2_PLACEMENT_3D('',#9397,#5043,#5044);
#4155=AXIS2_PLACEMENT_3D('',#9398,#5045,#5046);
#4156=AXIS2_PLACEMENT_3D('',#9413,#5047,#5048);
#4157=AXIS2_PLACEMENT_3D('',#9414,#5049,#5050);
#4158=AXIS2_PLACEMENT_3D('',#9416,#5051,#5052);
#4159=AXIS2_PLACEMENT_3D('',#9418,#5053,#5054);
#4160=AXIS2_PLACEMENT_3D('',#9419,#5055,#5056);
#4161=AXIS2_PLACEMENT_3D('',#9420,#5057,#5058);
#4162=AXIS2_PLACEMENT_3D('',#9428,#5059,#5060);
#4163=AXIS2_PLACEMENT_3D('',#9442,#5061,#5062);
#4164=AXIS2_PLACEMENT_3D('',#9493,#5063,#5064);
#4165=AXIS2_PLACEMENT_3D('',#9494,#5065,#5066);
#4166=AXIS2_PLACEMENT_3D('',#9509,#5067,#5068);
#4167=AXIS2_PLACEMENT_3D('',#9510,#5069,#5070);
#4168=AXIS2_PLACEMENT_3D('',#9512,#5071,#5072);
#4169=AXIS2_PLACEMENT_3D('',#9513,#5073,#5074);
#4170=AXIS2_PLACEMENT_3D('',#9514,#5075,#5076);
#4171=AXIS2_PLACEMENT_3D('',#9559,#5077,#5078);
#4172=AXIS2_PLACEMENT_3D('',#9560,#5079,#5080);
#4173=AXIS2_PLACEMENT_3D('',#9575,#5081,#5082);
#4174=AXIS2_PLACEMENT_3D('',#9576,#5083,#5084);
#4175=AXIS2_PLACEMENT_3D('',#9578,#5085,#5086);
#4176=AXIS2_PLACEMENT_3D('',#9580,#5087,#5088);
#4177=AXIS2_PLACEMENT_3D('',#9581,#5089,#5090);
#4178=AXIS2_PLACEMENT_3D('',#9582,#5091,#5092);
#4179=AXIS2_PLACEMENT_3D('',#9590,#5093,#5094);
#4180=AXIS2_PLACEMENT_3D('',#9604,#5095,#5096);
#4181=AXIS2_PLACEMENT_3D('',#9660,#5097,#5098);
#4182=AXIS2_PLACEMENT_3D('',#9693,#5099,#5100);
#4183=AXIS2_PLACEMENT_3D('',#9702,#5105,#5106);
#4184=AXIS2_PLACEMENT_3D('',#9708,#5110,#5111);
#4185=AXIS2_PLACEMENT_3D('',#9714,#5115,#5116);
#4186=AXIS2_PLACEMENT_3D('',#9717,#5119,#5120);
#4187=AXIS2_PLACEMENT_3D('',#9719,#5122,#5123);
#4188=AXIS2_PLACEMENT_3D('',#9731,#5130,#5131);
#4189=AXIS2_PLACEMENT_3D('',#9739,#5135,#5136);
#4190=AXIS2_PLACEMENT_3D('',#9740,#5137,#5138);
#4191=AXIS2_PLACEMENT_3D('',#9744,#5141,#5142);
#4192=AXIS2_PLACEMENT_3D('',#9746,#5144,#5145);
#4193=AXIS2_PLACEMENT_3D('',#9748,#5147,#5148);
#4194=AXIS2_PLACEMENT_3D('',#9750,#5150,#5151);
#4195=AXIS2_PLACEMENT_3D('',#9752,#5153,#5154);
#4196=AXIS2_PLACEMENT_3D('',#9754,#5156,#5157);
#4197=AXIS2_PLACEMENT_3D('',#9756,#5159,#5160);
#4198=AXIS2_PLACEMENT_3D('',#9758,#5162,#5163);
#4199=AXIS2_PLACEMENT_3D('',#9760,#5165,#5166);
#4200=AXIS2_PLACEMENT_3D('',#9761,#5167,#5168);
#4201=AXIS2_PLACEMENT_3D('',#9764,#5171,#5172);
#4202=AXIS2_PLACEMENT_3D('',#9766,#5174,#5175);
#4203=AXIS2_PLACEMENT_3D('',#9768,#5177,#5178);
#4204=AXIS2_PLACEMENT_3D('',#9769,#5179,#5180);
#4205=DIRECTION('axis',(0.,0.,1.));
#4206=DIRECTION('refdir',(1.,0.,0.));
#4207=DIRECTION('axis',(0.,0.,1.));
#4208=DIRECTION('refdir',(1.,0.,0.));
#4209=DIRECTION('center_axis',(1.33226762955019E-14,-1.,4.2359278478006E-14));
#4210=DIRECTION('ref_axis',(5.63991320506301E-28,-4.2359278478006E-14,-1.));
#4211=DIRECTION('',(1.,1.33226762955019E-14,0.));
#4212=DIRECTION('',(0.,0.,1.));
#4213=DIRECTION('',(1.,1.33226762955019E-14,0.));
#4214=DIRECTION('center_axis',(1.33226762955019E-14,-1.,4.2359278478006E-14));
#4215=DIRECTION('ref_axis',(0.,4.2359278478006E-14,1.));
#4216=DIRECTION('center_axis',(1.,1.33226762955019E-14,0.));
#4217=DIRECTION('ref_axis',(-1.33226762955019E-14,1.,3.70074341541788E-16));
#4218=DIRECTION('',(1.,1.33226762955019E-14,0.));
#4219=DIRECTION('center_axis',(-1.33226762955019E-14,1.,0.));
#4220=DIRECTION('ref_axis',(0.,0.,1.));
#4221=DIRECTION('center_axis',(-1.33226762955019E-14,1.,0.));
#4222=DIRECTION('ref_axis',(0.,0.,-1.));
#4223=DIRECTION('',(0.,0.,1.));
#4224=DIRECTION('',(-1.,-1.33226762955019E-14,0.));
#4225=DIRECTION('',(0.,0.,1.));
#4226=DIRECTION('center_axis',(1.,1.33226762955019E-14,0.));
#4227=DIRECTION('ref_axis',(-1.33226762955019E-14,1.,0.));
#4228=DIRECTION('',(1.,1.33226762955019E-14,0.));
#4229=DIRECTION('center_axis',(1.33226762955019E-14,-1.,0.));
#4230=DIRECTION('ref_axis',(0.,0.,-1.));
#4231=DIRECTION('center_axis',(1.33226762955019E-14,-1.,0.));
#4232=DIRECTION('ref_axis',(0.,0.,1.));
#4233=DIRECTION('',(1.,1.33226762955019E-14,0.));
#4234=DIRECTION('',(0.,0.,1.));
#4235=DIRECTION('',(1.,1.33226762955019E-14,0.));
#4236=DIRECTION('',(0.,0.,-1.));
#4237=DIRECTION('center_axis',(-1.33226762955019E-14,1.,4.2444680249131E-14));
#4238=DIRECTION('ref_axis',(5.65128399781515E-28,-4.2444680249131E-14,1.));
#4239=DIRECTION('',(0.,0.,-1.));
#4240=DIRECTION('',(1.,1.33226762955019E-14,0.));
#4241=DIRECTION('center_axis',(-1.33226762955019E-14,1.,4.2444680249131E-14));
#4242=DIRECTION('ref_axis',(0.,4.2444680249131E-14,-1.));
#4243=DIRECTION('',(-1.,-1.33226762955019E-14,0.));
#4244=DIRECTION('center_axis',(1.,1.33226762955019E-14,0.));
#4245=DIRECTION('ref_axis',(-1.33226762955019E-14,1.,3.70074341541787E-16));
#4246=DIRECTION('center_axis',(-0.608761429008721,0.793353340291235,3.81097633784889E-17));
#4247=DIRECTION('ref_axis',(6.97636099321797E-17,0.,1.));
#4248=DIRECTION('center_axis',(-0.608761429008721,0.793353340291235,3.81097633784889E-17));
#4249=DIRECTION('ref_axis',(-0.793353340291235,-0.608761429008721,1.22395314121044E-12));
#4250=DIRECTION('center_axis',(-0.608761429008721,0.793353340291235,3.81097633784889E-17));
#4251=DIRECTION('ref_axis',(-0.793353340291235,-0.608761429008721,1.22386623675844E-12));
#4252=DIRECTION('center_axis',(1.04469773549997E-17,0.,1.));
#4253=DIRECTION('ref_axis',(-0.707126693589627,-0.707086868222712,5.57172125599981E-17));
#4254=DIRECTION('center_axis',(-1.31966014424113E-14,-1.23318770601526E-14,
-1.));
#4255=DIRECTION('ref_axis',(-0.707106781186547,-0.707106781186548,1.8049251801177E-14));
#4256=DIRECTION('center_axis',(0.793353340291235,-0.608761429008721,-5.21466257117363E-17));
#4257=DIRECTION('ref_axis',(-0.608761429008721,-0.793353340291235,1.22388027362078E-12));
#4258=DIRECTION('center_axis',(1.30890608630541E-14,1.22873322936799E-14,
-1.));
#4259=DIRECTION('ref_axis',(-0.707106781186548,-0.707106781186547,-1.79802454434744E-14));
#4260=DIRECTION('center_axis',(-7.02071428810503E-17,-5.835530038481E-18,
-1.));
#4261=DIRECTION('ref_axis',(-0.707106781186547,-0.707106781186548,6.09781281104095E-17));
#4262=DIRECTION('center_axis',(0.,0.,-1.));
#4263=DIRECTION('ref_axis',(1.,0.,0.));
#4264=DIRECTION('center_axis',(0.608761429008721,-0.793353340291235,-3.81097633784889E-17));
#4265=DIRECTION('ref_axis',(-4.88345269525258E-17,0.,-1.));
#4266=DIRECTION('center_axis',(0.608761429008721,-0.793353340291235,-3.81097633784889E-17));
#4267=DIRECTION('ref_axis',(-0.793353340291235,-0.608761429008721,1.22386623675844E-12));
#4268=DIRECTION('center_axis',(-0.340297457351646,-0.261119422966538,0.903335091463642));
#4269=DIRECTION('ref_axis',(-0.751680085937957,-0.501642493933329,-0.428172694931211));
#4270=DIRECTION('center_axis',(0.,0.,1.));
#4271=DIRECTION('ref_axis',(1.,0.,0.));
#4272=DIRECTION('center_axis',(0.,0.,-1.));
#4273=DIRECTION('ref_axis',(1.,0.,0.));
#4274=DIRECTION('center_axis',(0.340297457350243,-0.261119422965462,-0.903335091464482));
#4275=DIRECTION('ref_axis',(-0.751680085938213,0.501642493934436,-0.428172694929464));
#4276=DIRECTION('center_axis',(0.,0.,1.));
#4277=DIRECTION('ref_axis',(1.,0.,0.));
#4278=DIRECTION('center_axis',(0.,0.,-1.));
#4279=DIRECTION('ref_axis',(1.,0.,0.));
#4280=DIRECTION('center_axis',(0.608761429008721,0.793353340291235,3.81097633784889E-17));
#4281=DIRECTION('ref_axis',(-4.88345269525258E-17,0.,1.));
#4282=DIRECTION('center_axis',(0.608761429008721,0.793353340291235,3.81097633784889E-17));
#4283=DIRECTION('ref_axis',(-0.793353340291235,0.608761429008721,1.22386055751798E-12));
#4284=DIRECTION('center_axis',(0.608761429008721,0.793353340291235,3.81097633784889E-17));
#4285=DIRECTION('ref_axis',(-0.793353340291235,0.608761429008721,1.22377365306598E-12));
#4286=DIRECTION('center_axis',(0.,0.,-1.));
#4287=DIRECTION('ref_axis',(1.,0.,0.));
#4288=DIRECTION('center_axis',(0.,0.,-1.));
#4289=DIRECTION('ref_axis',(1.,0.,0.));
#4290=DIRECTION('center_axis',(0.,0.,-1.));
#4291=DIRECTION('ref_axis',(1.,0.,0.));
#4292=DIRECTION('center_axis',(0.,0.,-1.));
#4293=DIRECTION('ref_axis',(1.,0.,0.));
#4294=DIRECTION('center_axis',(0.,0.,-1.));
#4295=DIRECTION('ref_axis',(1.,0.,0.));
#4296=DIRECTION('center_axis',(0.,0.,-1.));
#4297=DIRECTION('ref_axis',(1.,0.,0.));
#4298=DIRECTION('center_axis',(0.,0.,-1.));
#4299=DIRECTION('ref_axis',(1.,0.,0.));
#4300=DIRECTION('center_axis',(0.,0.,-1.));
#4301=DIRECTION('ref_axis',(1.,0.,0.));
#4302=DIRECTION('center_axis',(0.,0.,-1.));
#4303=DIRECTION('ref_axis',(1.,0.,0.));
#4304=DIRECTION('center_axis',(0.,0.,-1.));
#4305=DIRECTION('ref_axis',(1.,0.,0.));
#4306=DIRECTION('',(1.22470168673407E-14,-1.,0.));
#4307=DIRECTION('',(-1.,2.88519208524462E-13,0.));
#4308=DIRECTION('center_axis',(0.,0.,1.));
#4309=DIRECTION('ref_axis',(1.,0.,0.));
#4310=DIRECTION('',(1.,0.,0.));
#4311=DIRECTION('',(1.29911754465883E-14,-1.,0.));
#4312=DIRECTION('center_axis',(0.,0.,-1.));
#4313=DIRECTION('ref_axis',(1.,0.,0.));
#4314=DIRECTION('center_axis',(0.,0.,1.));
#4315=DIRECTION('ref_axis',(1.,0.,0.));
#4316=DIRECTION('center_axis',(0.,0.,-1.));
#4317=DIRECTION('ref_axis',(1.,0.,0.));
#4318=DIRECTION('center_axis',(0.,0.,-1.));
#4319=DIRECTION('ref_axis',(1.,0.,0.));
#4320=DIRECTION('center_axis',(0.,0.,-1.));
#4321=DIRECTION('ref_axis',(1.,0.,0.));
#4322=DIRECTION('center_axis',(0.,0.,-1.));
#4323=DIRECTION('ref_axis',(1.,0.,0.));
#4324=DIRECTION('center_axis',(0.,0.,-1.));
#4325=DIRECTION('ref_axis',(1.,0.,0.));
#4326=DIRECTION('center_axis',(0.,0.,-1.));
#4327=DIRECTION('ref_axis',(1.,0.,0.));
#4328=DIRECTION('center_axis',(0.,0.,-1.));
#4329=DIRECTION('ref_axis',(1.,0.,0.));
#4330=DIRECTION('center_axis',(0.,0.,-1.));
#4331=DIRECTION('ref_axis',(1.,0.,0.));
#4332=DIRECTION('center_axis',(0.,0.,-1.));
#4333=DIRECTION('ref_axis',(1.,0.,0.));
#4334=DIRECTION('center_axis',(0.,0.,-1.));
#4335=DIRECTION('ref_axis',(1.,0.,0.));
#4336=DIRECTION('center_axis',(0.,0.,-1.));
#4337=DIRECTION('ref_axis',(1.,0.,0.));
#4338=DIRECTION('center_axis',(0.,0.,-1.));
#4339=DIRECTION('ref_axis',(1.,0.,0.));
#4340=DIRECTION('center_axis',(0.,0.,-1.));
#4341=DIRECTION('ref_axis',(1.,0.,0.));
#4342=DIRECTION('center_axis',(0.,0.,-1.));
#4343=DIRECTION('ref_axis',(1.,0.,0.));
#4344=DIRECTION('center_axis',(0.,0.,-1.));
#4345=DIRECTION('ref_axis',(1.,0.,0.));
#4346=DIRECTION('center_axis',(0.,0.,-1.));
#4347=DIRECTION('ref_axis',(1.,0.,0.));
#4348=DIRECTION('center_axis',(0.,0.,-1.));
#4349=DIRECTION('ref_axis',(1.,0.,0.));
#4350=DIRECTION('center_axis',(0.,0.,-1.));
#4351=DIRECTION('ref_axis',(1.,0.,0.));
#4352=DIRECTION('center_axis',(0.,0.,-1.));
#4353=DIRECTION('ref_axis',(1.,0.,0.));
#4354=DIRECTION('center_axis',(0.,0.,-1.));
#4355=DIRECTION('ref_axis',(1.,0.,0.));
#4356=DIRECTION('center_axis',(0.,0.,-1.));
#4357=DIRECTION('ref_axis',(1.,0.,0.));
#4358=DIRECTION('center_axis',(0.,0.,-1.));
#4359=DIRECTION('ref_axis',(1.,0.,0.));
#4360=DIRECTION('center_axis',(0.,0.,-1.));
#4361=DIRECTION('ref_axis',(1.,0.,0.));
#4362=DIRECTION('center_axis',(0.,0.,-1.));
#4363=DIRECTION('ref_axis',(1.,0.,0.));
#4364=DIRECTION('center_axis',(0.,0.,-1.));
#4365=DIRECTION('ref_axis',(1.,0.,0.));
#4366=DIRECTION('center_axis',(0.,0.,-1.));
#4367=DIRECTION('ref_axis',(1.,0.,0.));
#4368=DIRECTION('center_axis',(0.,0.,-1.));
#4369=DIRECTION('ref_axis',(1.,0.,0.));
#4370=DIRECTION('center_axis',(0.,0.,-1.));
#4371=DIRECTION('ref_axis',(1.,0.,0.));
#4372=DIRECTION('center_axis',(0.,0.,-1.));
#4373=DIRECTION('ref_axis',(1.,0.,0.));
#4374=DIRECTION('center_axis',(0.,0.,-1.));
#4375=DIRECTION('ref_axis',(1.,0.,0.));
#4376=DIRECTION('center_axis',(0.,0.,-1.));
#4377=DIRECTION('ref_axis',(1.,0.,0.));
#4378=DIRECTION('center_axis',(0.,0.,-1.));
#4379=DIRECTION('ref_axis',(1.,0.,0.));
#4380=DIRECTION('center_axis',(0.,0.,-1.));
#4381=DIRECTION('ref_axis',(1.,0.,0.));
#4382=DIRECTION('center_axis',(0.,0.,-1.));
#4383=DIRECTION('ref_axis',(1.,0.,0.));
#4384=DIRECTION('center_axis',(0.,0.,-1.));
#4385=DIRECTION('ref_axis',(1.,0.,0.));
#4386=DIRECTION('center_axis',(0.,0.,-1.));
#4387=DIRECTION('ref_axis',(1.,0.,0.));
#4388=DIRECTION('center_axis',(7.02071428810503E-17,-5.83553003848097E-18,
-1.));
#4389=DIRECTION('ref_axis',(-0.707106781186548,0.707106781186547,-6.09781281104095E-17));
#4390=DIRECTION('center_axis',(-1.22558343872331E-14,1.31205587694917E-14,
-1.));
#4391=DIRECTION('ref_axis',(-0.707106781186548,0.707106781186547,1.79417112218151E-14));
#4392=DIRECTION('center_axis',(0.,0.,-1.));
#4393=DIRECTION('ref_axis',(-1.,0.,0.));
#4394=DIRECTION('center_axis',(0.,0.,1.));
#4395=DIRECTION('ref_axis',(-1.,0.,0.));
#4396=DIRECTION('',(0.,0.,1.));
#4397=DIRECTION('center_axis',(0.,0.,-1.));
#4398=DIRECTION('ref_axis',(-1.,0.,0.));
#4399=DIRECTION('center_axis',(0.,0.,-1.));
#4400=DIRECTION('ref_axis',(-1.,0.,0.));
#4401=DIRECTION('center_axis',(0.,0.,-1.));
#4402=DIRECTION('ref_axis',(-1.,0.,0.));
#4403=DIRECTION('',(0.,0.,1.));
#4404=DIRECTION('center_axis',(0.,0.,1.));
#4405=DIRECTION('ref_axis',(-1.,0.,0.));
#4406=DIRECTION('center_axis',(0.,0.,1.));
#4407=DIRECTION('ref_axis',(-1.,0.,0.));
#4408=DIRECTION('center_axis',(0.,0.,1.));
#4409=DIRECTION('ref_axis',(1.,0.,0.));
#4410=DIRECTION('',(1.07730536082225E-15,-1.,0.));
#4411=DIRECTION('',(-1.,-4.39899689002425E-15,0.));
#4412=DIRECTION('',(-1.,0.,0.));
#4413=DIRECTION('',(-9.70396401228261E-15,1.,0.));
#4414=DIRECTION('',(-1.,-1.25825276124184E-14,0.));
#4415=DIRECTION('',(0.,-1.,0.));
#4416=DIRECTION('center_axis',(0.,0.,-1.));
#4417=DIRECTION('ref_axis',(-0.76602427308944,-0.642811646625818,0.));
#4418=DIRECTION('',(-1.13672785157622E-14,1.,0.));
#4419=DIRECTION('center_axis',(0.,0.,-1.));
#4420=DIRECTION('ref_axis',(-0.76602427308944,-0.642811646625818,0.));
#4421=DIRECTION('',(-3.79436864920039E-14,-1.,0.));
#4422=DIRECTION('',(1.,4.29763751467803E-15,0.));
#4423=DIRECTION('center_axis',(1.,9.54791801177635E-16,0.));
#4424=DIRECTION('ref_axis',(-7.30831816718416E-16,0.763187322469726,-0.646177306024817));
#4425=DIRECTION('center_axis',(1.,9.76996261670138E-16,0.));
#4426=DIRECTION('ref_axis',(-7.06979586539705E-16,0.703777605934232,-0.710420355413244));
#4427=DIRECTION('center_axis',(1.,1.07730536082225E-15,0.));
#4428=DIRECTION('ref_axis',(9.57604765175337E-16,-1.,0.));
#4429=DIRECTION('center_axis',(1.,9.76996261670138E-16,0.));
#4430=DIRECTION('ref_axis',(6.68196593550111E-16,-0.70377760593424,-0.710420355413237));
#4431=DIRECTION('center_axis',(1.,1.07730536082225E-15,0.));
#4432=DIRECTION('ref_axis',(9.57604765175337E-16,-1.,0.));
#4433=DIRECTION('center_axis',(-1.,-9.54791801177635E-16,0.));
#4434=DIRECTION('ref_axis',(-3.01842695432484E-16,0.31520592462509,-0.949023300599749));
#4435=DIRECTION('center_axis',(-0.17364817766693,-0.699247698930736,0.693468792328123));
#4436=DIRECTION('ref_axis',(6.74313355071205E-16,-0.704166666242245,-0.710034721794141));
#4437=DIRECTION('center_axis',(-0.17364817766693,-0.699247698930736,0.693468792328123));
#4438=DIRECTION('ref_axis',(0.,0.704166666242245,0.710034721794141));
#4439=DIRECTION('',(7.58602524455106E-16,-0.704166666242245,-0.710034721794141));
#4440=DIRECTION('center_axis',(-0.173648177666931,0.699247698930743,0.693468792328116));
#4441=DIRECTION('ref_axis',(6.74313355071198E-16,-0.704166666242238,0.710034721794148));
#4442=DIRECTION('center_axis',(-0.173648177666931,0.699247698930743,0.693468792328116));
#4443=DIRECTION('ref_axis',(0.,0.704166666242238,-0.710034721794147));
#4444=DIRECTION('',(7.58602524455098E-16,-0.704166666242238,0.710034721794148));
#4445=DIRECTION('center_axis',(0.,0.,1.));
#4446=DIRECTION('ref_axis',(1.,0.,0.));
#4447=DIRECTION('center_axis',(0.,0.,1.));
#4448=DIRECTION('ref_axis',(1.,0.,0.));
#4449=DIRECTION('center_axis',(0.,0.,1.));
#4450=DIRECTION('ref_axis',(1.,0.,0.));
#4451=DIRECTION('',(0.,0.,1.));
#4452=DIRECTION('',(0.,0.,1.));
#4453=DIRECTION('center_axis',(0.,0.,1.));
#4454=DIRECTION('ref_axis',(1.,0.,0.));
#4455=DIRECTION('center_axis',(0.,0.,1.));
#4456=DIRECTION('ref_axis',(1.,0.,0.));
#4457=DIRECTION('',(0.,0.,1.));
#4458=DIRECTION('',(0.,0.,1.));
#4459=DIRECTION('center_axis',(0.60876142900872,0.793353340291235,-1.58767180509257E-16));
#4460=DIRECTION('ref_axis',(-6.97636099321796E-17,-1.11621775891487E-16,
-1.));
#4461=DIRECTION('center_axis',(0.60876142900872,0.793353340291235,-1.58767180509257E-16));
#4462=DIRECTION('ref_axis',(0.793353340291235,-0.60876142900872,1.22386623675844E-12));
#4463=DIRECTION('center_axis',(0.340297457351646,-0.261119422966537,0.903335091463642));
#4464=DIRECTION('ref_axis',(0.679098562519303,-0.596232576851988,-0.42817269493121));
#4465=DIRECTION('center_axis',(-0.60876142900872,-0.793353340291235,1.58767180509257E-16));
#4466=DIRECTION('ref_axis',(0.793353340291235,-0.60876142900872,1.22386623675844E-12));
#4467=DIRECTION('center_axis',(-0.608761429008721,-0.793353340291235,1.58767180509257E-16));
#4468=DIRECTION('ref_axis',(4.88345269525258E-17,1.67432663837231E-16,1.));
#4469=DIRECTION('center_axis',(-0.340297457350243,0.261119422965462,-0.903335091464482));
#4470=DIRECTION('ref_axis',(0.751680085938213,-0.501642493934435,-0.428172694929464));
#4471=DIRECTION('center_axis',(-0.608761429008721,-0.793353340291235,1.58767180509257E-16));
#4472=DIRECTION('ref_axis',(0.793353340291235,-0.608761429008721,1.22395314121044E-12));
#4473=DIRECTION('center_axis',(9.0540470409997E-17,1.11434425119996E-16,
1.));
#4474=DIRECTION('ref_axis',(0.865708126346855,-0.500549138424008,2.78586062799991E-17));
#4475=DIRECTION('center_axis',(1.52537587412735E-14,-9.65093747234984E-15,
-1.));
#4476=DIRECTION('ref_axis',(0.866025403784439,-0.499999999999999,1.80335028479558E-14));
#4477=DIRECTION('center_axis',(0.38268343236509,0.923879532511287,-1.68692741051678E-16));
#4478=DIRECTION('ref_axis',(0.923879532511287,-0.38268343236509,1.22384904518329E-12));
#4479=DIRECTION('center_axis',(-1.04469773549997E-17,1.67151637679994E-16,
1.));
#4480=DIRECTION('ref_axis',(0.70650271301048,0.707710333758687,-5.57172125599982E-17));
#4481=DIRECTION('center_axis',(0.608761429008721,-0.793353340291235,1.58767180509257E-16));
#4482=DIRECTION('ref_axis',(0.793353340291235,0.608761429008721,1.22386055751798E-12));
#4483=DIRECTION('center_axis',(1.31966014424113E-14,1.21797917143136E-14,
-1.));
#4484=DIRECTION('ref_axis',(0.707106781186547,0.707106781186548,1.79417112218151E-14));
#4485=DIRECTION('center_axis',(-0.793353340291235,0.608761429008721,-1.4473031817601E-16));
#4486=DIRECTION('ref_axis',(0.608761429008721,0.793353340291235,1.22375961620365E-12));
#4487=DIRECTION('center_axis',(-1.30890608630541E-14,-1.2439417639519E-14,
-1.));
#4488=DIRECTION('ref_axis',(0.707106781186548,0.707106781186547,-1.80877860228363E-14));
#4489=DIRECTION('center_axis',(0.608761429008721,-0.793353340291235,1.58767180509257E-16));
#4490=DIRECTION('ref_axis',(0.793353340291235,0.608761429008721,1.22386055751798E-12));
#4491=DIRECTION('center_axis',(0.38268343236509,0.923879532511287,-1.68692741051678E-16));
#4492=DIRECTION('ref_axis',(-5.05786172008302E-17,-1.11621775891487E-16,
-1.));
#4493=DIRECTION('center_axis',(0.396284782386378,-0.164146531426508,0.903335091463642));
#4494=DIRECTION('ref_axis',(0.810275186333023,-0.400152802974476,-0.428172694931211));
#4495=DIRECTION('center_axis',(0.38268343236509,0.923879532511287,-1.68692741051678E-16));
#4496=DIRECTION('ref_axis',(0.923879532511287,-0.382683432365089,1.22393594963529E-12));
#4497=DIRECTION('center_axis',(0.608761429008721,-0.793353340291235,1.58767180509257E-16));
#4498=DIRECTION('ref_axis',(-6.97636099321797E-17,1.11621775891487E-16,
1.));
#4499=DIRECTION('center_axis',(-0.608761429008721,0.793353340291235,-1.58767180509257E-16));
#4500=DIRECTION('ref_axis',(0.793353340291235,0.608761429008721,1.22386055751798E-12));
#4501=DIRECTION('center_axis',(-0.340297457350244,-0.261119422965461,-0.903335091464482));
#4502=DIRECTION('ref_axis',(0.679098562520438,0.596232576851949,-0.428172694929464));
#4503=DIRECTION('center_axis',(0.608761429008721,-0.793353340291235,1.58767180509257E-16));
#4504=DIRECTION('ref_axis',(-6.97636099321797E-17,1.11621775891487E-16,
1.));
#4505=DIRECTION('center_axis',(-0.608761429008721,0.793353340291235,-1.58767180509257E-16));
#4506=DIRECTION('ref_axis',(0.793353340291235,0.608761429008721,1.22386055751798E-12));
#4507=DIRECTION('center_axis',(-0.608761429008721,0.793353340291235,-1.58767180509257E-16));
#4508=DIRECTION('ref_axis',(4.88345269525258E-17,-1.11621775891487E-16,
-1.));
#4509=DIRECTION('center_axis',(-0.608761429008721,0.793353340291235,-1.58767180509257E-16));
#4510=DIRECTION('ref_axis',(0.793353340291235,0.608761429008721,1.22377365306598E-12));
#4511=DIRECTION('center_axis',(0.340297457351646,0.261119422966538,0.903335091463642));
#4512=DIRECTION('ref_axis',(0.751680085937957,0.501642493933329,-0.428172694931211));
#4513=DIRECTION('center_axis',(-0.608761429008721,0.793353340291235,-1.58767180509257E-16));
#4514=DIRECTION('ref_axis',(4.88345269525258E-17,-1.11621775891487E-16,
-1.));
#4515=DIRECTION('center_axis',(-0.608761429008721,0.793353340291235,-1.58767180509257E-16));
#4516=DIRECTION('ref_axis',(0.793353340291235,0.608761429008721,1.22377365306598E-12));
#4517=DIRECTION('center_axis',(1.56704660324995E-17,1.67151637679994E-16,
1.));
#4518=DIRECTION('ref_axis',(0.865708126346855,0.500549138424009,-2.78586062799991E-17));
#4519=DIRECTION('center_axis',(0.38268343236509,-0.923879532511287,1.68692741051678E-16));
#4520=DIRECTION('ref_axis',(0.923879532511287,0.38268343236509,1.22387774909313E-12));
#4521=DIRECTION('center_axis',(1.59189815055069E-14,8.34665250050714E-15,
-1.));
#4522=DIRECTION('ref_axis',(0.866025403784438,0.500000000000001,1.79574601750362E-14));
#4523=DIRECTION('center_axis',(1.56704660324995E-17,1.67151637679994E-16,
1.));
#4524=DIRECTION('ref_axis',(0.866042432961695,0.499970503439741,-2.78586062799991E-17));
#4525=DIRECTION('center_axis',(-1.58429388325931E-14,-8.63044761938926E-15,
-1.));
#4526=DIRECTION('ref_axis',(0.866025403784439,0.5,-1.80720370696151E-14));
#4527=DIRECTION('center_axis',(0.38268343236509,-0.923879532511287,1.68692741051678E-16));
#4528=DIRECTION('ref_axis',(0.923879532511287,0.38268343236509,1.22387774909313E-12));
#4529=DIRECTION('center_axis',(0.38268343236509,-0.923879532511287,1.68692741051678E-16));
#4530=DIRECTION('ref_axis',(-5.05786172008303E-17,1.67432663837231E-16,
1.));
#4531=DIRECTION('center_axis',(-0.38268343236509,0.923879532511287,-1.68692741051678E-16));
#4532=DIRECTION('ref_axis',(0.923879532511287,0.38268343236509,1.22387774909313E-12));
#4533=DIRECTION('center_axis',(-0.396284782384745,-0.164146531425832,-0.903335091464482));
#4534=DIRECTION('ref_axis',(0.810275186334109,0.400152802974145,-0.428172694929464));
#4535=DIRECTION('center_axis',(0.38268343236509,-0.923879532511287,1.68692741051678E-16));
#4536=DIRECTION('ref_axis',(-5.05786172008303E-17,1.67432663837231E-16,
1.));
#4537=DIRECTION('center_axis',(-0.38268343236509,0.923879532511287,-1.68692741051678E-16));
#4538=DIRECTION('ref_axis',(0.923879532511287,0.38268343236509,1.22387774909313E-12));
#4539=DIRECTION('center_axis',(-0.38268343236509,0.923879532511287,-1.68692741051678E-16));
#4540=DIRECTION('ref_axis',(2.44172634762629E-17,-1.11621775891487E-16,
-1.));
#4541=DIRECTION('center_axis',(-0.38268343236509,0.923879532511287,-1.68692741051678E-16));
#4542=DIRECTION('ref_axis',(0.923879532511287,0.38268343236509,1.22379084464113E-12));
#4543=DIRECTION('center_axis',(0.396284782386378,0.164146531426509,0.903335091463642));
#4544=DIRECTION('ref_axis',(0.85590183937733,0.290000318389217,-0.428172694931211));
#4545=DIRECTION('center_axis',(-0.38268343236509,0.923879532511287,-1.68692741051678E-16));
#4546=DIRECTION('ref_axis',(2.44172634762629E-17,-1.11621775891487E-16,
-1.));
#4547=DIRECTION('center_axis',(-0.38268343236509,0.923879532511287,-1.68692741051678E-16));
#4548=DIRECTION('ref_axis',(0.923879532511287,0.38268343236509,1.22379084464113E-12));
#4549=DIRECTION('center_axis',(-0.38268343236509,0.923879532511287,-1.68692741051678E-16));
#4550=DIRECTION('ref_axis',(0.923879532511287,0.38268343236509,1.22379084464113E-12));
#4551=DIRECTION('center_axis',(4.00467465274987E-17,1.67151637679994E-16,
1.));
#4552=DIRECTION('ref_axis',(0.965749263660961,0.259477089043161,-2.78586062799991E-17));
#4553=DIRECTION('center_axis',(-1.75171467023853E-14,-4.2385090389802E-15,
-1.));
#4554=DIRECTION('ref_axis',(0.965925826289068,0.25881904510252,-1.80536970251475E-14));
#4555=DIRECTION('center_axis',(0.130526192220052,-0.99144486137381,1.73830589255072E-16));
#4556=DIRECTION('ref_axis',(0.99144486137381,0.130526192220052,1.22389692380367E-12));
#4557=DIRECTION('center_axis',(4.00467465274987E-17,1.67151637679994E-16,
1.));
#4558=DIRECTION('ref_axis',(0.965797549860229,0.259297305585652,-2.78586062799991E-17));
#4559=DIRECTION('center_axis',(0.130526192220052,-0.99144486137381,1.73830589255072E-16));
#4560=DIRECTION('ref_axis',(0.99144486137381,0.130526192220052,1.22389692380367E-12));
#4561=DIRECTION('center_axis',(1.75565092863631E-14,3.93952052979358E-15,
-1.));
#4562=DIRECTION('ref_axis',(0.965925826289068,0.258819045102521,1.79758002195039E-14));
#4563=DIRECTION('center_axis',(4.00467465274987E-17,1.67151637679994E-16,
1.));
#4564=DIRECTION('ref_axis',(0.965921893052562,0.258833723694875,-2.78586062799991E-17));
#4565=DIRECTION('center_axis',(0.130526192220052,-0.99144486137381,1.73830589255072E-16));
#4566=DIRECTION('ref_axis',(0.99144486137381,0.130526192220052,1.22389692380367E-12));
#4567=DIRECTION('center_axis',(0.130526192220052,-0.99144486137381,1.73830589255072E-16));
#4568=DIRECTION('ref_axis',(-2.57253311624913E-17,1.67432663837231E-16,
1.));
#4569=DIRECTION('center_axis',(0.130526192220052,-0.99144486137381,1.73830589255072E-16));
#4570=DIRECTION('ref_axis',(0.99144486137381,0.130526192220052,1.22381001935167E-12));
#4571=DIRECTION('center_axis',(0.130526192220052,-0.99144486137381,1.73830589255072E-16));
#4572=DIRECTION('ref_axis',(-2.57253311624913E-17,1.67432663837231E-16,
1.));
#4573=DIRECTION('center_axis',(0.130526192220052,-0.99144486137381,1.73830589255072E-16));
#4574=DIRECTION('ref_axis',(0.99144486137381,0.130526192220052,1.22381001935167E-12));
#4575=DIRECTION('center_axis',(-0.425265954391293,-0.0559873250345008,-0.903335091464482));
#4576=DIRECTION('ref_axis',(0.886232895242168,0.176803276857426,-0.428172694929464));
#4577=DIRECTION('center_axis',(0.130526192220052,-0.99144486137381,1.73830589255072E-16));
#4578=DIRECTION('ref_axis',(-2.57253311624913E-17,1.67432663837231E-16,
1.));
#4579=DIRECTION('center_axis',(0.130526192220052,-0.99144486137381,1.73830589255072E-16));
#4580=DIRECTION('ref_axis',(0.99144486137381,0.130526192220052,1.22381001935167E-12));
#4581=DIRECTION('center_axis',(-0.130526192220052,0.99144486137381,-1.73830589255072E-16));
#4582=DIRECTION('ref_axis',(0.,-1.11621775891487E-16,-1.));
#4583=DIRECTION('center_axis',(-0.130526192220052,0.99144486137381,-1.73830589255072E-16));
#4584=DIRECTION('ref_axis',(0.99144486137381,0.130526192220052,1.22381001935167E-12));
#4585=DIRECTION('center_axis',(-0.130526192220052,0.99144486137381,-1.73830589255072E-16));
#4586=DIRECTION('ref_axis',(0.,-1.11621775891487E-16,-1.));
#4587=DIRECTION('center_axis',(-0.130526192220052,0.99144486137381,-1.73830589255072E-16));
#4588=DIRECTION('ref_axis',(0.99144486137381,0.130526192220052,1.22381001935167E-12));
#4589=DIRECTION('center_axis',(0.425265954393046,0.0559873250347324,0.903335091463642));
#4590=DIRECTION('ref_axis',(0.901795296907805,0.0585951003950653,-0.428172694931211));
#4591=DIRECTION('center_axis',(-0.130526192220052,0.99144486137381,-1.73830589255072E-16));
#4592=DIRECTION('ref_axis',(0.,-1.11621775891487E-16,-1.));
#4593=DIRECTION('center_axis',(-0.130526192220052,0.99144486137381,-1.73830589255072E-16));
#4594=DIRECTION('ref_axis',(0.99144486137381,0.130526192220052,1.22381001935167E-12));
#4595=DIRECTION('center_axis',(6.0940701237498E-17,1.67151637679994E-16,
1.));
#4596=DIRECTION('ref_axis',(1.,2.22868850239993E-16,0.));
#4597=DIRECTION('center_axis',(-0.130526192220052,-0.99144486137381,1.73830589255072E-16));
#4598=DIRECTION('ref_axis',(0.99144486137381,-0.130526192220052,1.22391677492475E-12));
#4599=DIRECTION('center_axis',(1.7997589972857E-14,-7.41265437152926E-16,
-1.));
#4600=DIRECTION('ref_axis',(1.,5.07806896434995E-16,1.7995481511496E-14));
#4601=DIRECTION('center_axis',(6.0940701237498E-17,1.67151637679994E-16,
1.));
#4602=DIRECTION('ref_axis',(1.,0.,0.));
#4603=DIRECTION('center_axis',(-1.79975899728635E-14,4.37094745474987E-16,
-1.));
#4604=DIRECTION('ref_axis',(1.,-5.71151309822013E-16,-1.80340157331554E-14));
#4605=DIRECTION('center_axis',(-0.130526192220052,-0.99144486137381,1.73830589255072E-16));
#4606=DIRECTION('ref_axis',(0.99144486137381,-0.130526192220052,1.22391677492475E-12));
#4607=DIRECTION('center_axis',(-0.130526192220052,-0.99144486137381,1.73830589255072E-16));
#4608=DIRECTION('ref_axis',(0.99144486137381,-0.130526192220052,1.22391677492475E-12));
#4609=DIRECTION('center_axis',(-0.130526192220052,-0.99144486137381,1.73830589255072E-16));
#4610=DIRECTION('ref_axis',(0.,1.67432663837231E-16,1.));
#4611=DIRECTION('center_axis',(0.130526192220052,0.99144486137381,-1.73830589255072E-16));
#4612=DIRECTION('ref_axis',(0.99144486137381,-0.130526192220052,1.22391677492475E-12));
#4613=DIRECTION('center_axis',(-0.130526192220052,-0.99144486137381,1.73830589255072E-16));
#4614=DIRECTION('ref_axis',(0.,1.67432663837231E-16,1.));
#4615=DIRECTION('center_axis',(0.130526192220052,0.99144486137381,-1.73830589255072E-16));
#4616=DIRECTION('ref_axis',(0.99144486137381,-0.130526192220052,1.22391677492475E-12));
#4617=DIRECTION('center_axis',(-0.425265954391293,0.0559873250345019,-0.903335091464482));
#4618=DIRECTION('ref_axis',(0.90179529690858,-0.0585951003958959,-0.428172694929464));
#4619=DIRECTION('center_axis',(-0.130526192220052,-0.99144486137381,1.73830589255072E-16));
#4620=DIRECTION('ref_axis',(0.,1.67432663837231E-16,1.));
#4621=DIRECTION('center_axis',(0.130526192220052,0.99144486137381,-1.73830589255072E-16));
#4622=DIRECTION('ref_axis',(0.99144486137381,-0.130526192220052,1.22391677492475E-12));
#4623=DIRECTION('center_axis',(0.130526192220051,0.991444861373811,-1.73830589255072E-16));
#4624=DIRECTION('ref_axis',(-2.57253311624912E-17,-1.11621775891487E-16,
-1.));
#4625=DIRECTION('center_axis',(0.130526192220051,0.991444861373811,-1.73830589255072E-16));
#4626=DIRECTION('ref_axis',(0.99144486137381,-0.130526192220051,1.22382987047275E-12));
#4627=DIRECTION('center_axis',(0.130526192220051,0.991444861373811,-1.73830589255072E-16));
#4628=DIRECTION('ref_axis',(-2.57253311624912E-17,-1.11621775891487E-16,
-1.));
#4629=DIRECTION('center_axis',(0.130526192220051,0.991444861373811,-1.73830589255072E-16));
#4630=DIRECTION('ref_axis',(0.99144486137381,-0.130526192220051,1.22382987047275E-12));
#4631=DIRECTION('center_axis',(0.425265954393046,-0.0559873250347316,0.903335091463642));
#4632=DIRECTION('ref_axis',(0.886232895241205,-0.176803276858028,-0.428172694931211));
#4633=DIRECTION('center_axis',(0.130526192220051,0.991444861373811,-1.73830589255072E-16));
#4634=DIRECTION('ref_axis',(-2.57253311624912E-17,-1.11621775891487E-16,
-1.));
#4635=DIRECTION('center_axis',(0.130526192220051,0.991444861373811,-1.73830589255072E-16));
#4636=DIRECTION('ref_axis',(0.99144486137381,-0.130526192220051,1.22382987047275E-12));
#4637=DIRECTION('center_axis',(7.83523301624974E-17,1.11434425119996E-16,
1.));
#4638=DIRECTION('ref_axis',(0.965749263660961,-0.259477089043161,2.78586062799991E-17));
#4639=DIRECTION('center_axis',(-1.72515272291148E-14,5.07772906286626E-15,
-1.));
#4640=DIRECTION('ref_axis',(0.965925826289068,-0.258819045102521,-1.80143344411633E-14));
#4641=DIRECTION('center_axis',(-0.38268343236509,-0.923879532511287,1.68692741051678E-16));
#4642=DIRECTION('ref_axis',(0.923879532511287,-0.382683432365089,1.22393594963529E-12));
#4643=DIRECTION('center_axis',(7.83523301624974E-17,1.11434425119996E-16,
1.));
#4644=DIRECTION('ref_axis',(0.965797549860229,-0.259297305585652,2.78586062799991E-17));
#4645=DIRECTION('center_axis',(-0.38268343236509,-0.923879532511287,1.68692741051678E-16));
#4646=DIRECTION('ref_axis',(0.923879532511287,-0.382683432365089,1.22393594963529E-12));
#4647=DIRECTION('center_axis',(1.72121646451244E-14,-5.37671757204951E-15,
-1.));
#4648=DIRECTION('ref_axis',(0.965925826289069,-0.25881904510252,1.80151628034881E-14));
#4649=DIRECTION('center_axis',(-0.38268343236509,-0.923879532511287,1.68692741051678E-16));
#4650=DIRECTION('ref_axis',(2.44172634762629E-17,1.67432663837231E-16,1.));
#4651=DIRECTION('center_axis',(-0.396284782384745,0.164146531425832,-0.903335091464482));
#4652=DIRECTION('ref_axis',(0.855901839377864,-0.290000318390219,-0.428172694929464));
#4653=DIRECTION('center_axis',(-0.608761429008721,-0.793353340291235,1.58767180509257E-16));
#4654=DIRECTION('ref_axis',(4.88345269525258E-17,1.67432663837231E-16,1.));
#4655=DIRECTION('center_axis',(-0.608761429008721,-0.793353340291235,1.58767180509257E-16));
#4656=DIRECTION('ref_axis',(0.793353340291235,-0.608761429008721,1.22395314121044E-12));
#4657=DIRECTION('center_axis',(-0.60876142900872,-0.793353340291235,1.58767180509257E-16));
#4658=DIRECTION('ref_axis',(0.793353340291235,-0.60876142900872,1.22386623675844E-12));
#4659=DIRECTION('center_axis',(9.0540470409997E-17,1.11434425119996E-16,
1.));
#4660=DIRECTION('ref_axis',(0.866042432961697,-0.499970503439737,2.78586062799991E-17));
#4661=DIRECTION('center_axis',(0.38268343236509,0.923879532511287,-1.68692741051678E-16));
#4662=DIRECTION('ref_axis',(0.923879532511287,-0.38268343236509,1.22384904518329E-12));
#4663=DIRECTION('center_axis',(-1.53298014141986E-14,9.36714235347422E-15,
-1.));
#4664=DIRECTION('ref_axis',(0.866025403784438,-0.5,-1.79959943966956E-14));
#4665=DIRECTION('center_axis',(-4.96439468189235E-17,-1.62028511098154E-16,
-1.));
#4666=DIRECTION('ref_axis',(0.866025403784439,-0.5,3.04890640552047E-17));
#4667=DIRECTION('center_axis',(0.38268343236509,0.923879532511287,-1.68692741051678E-16));
#4668=DIRECTION('ref_axis',(-5.05786172008302E-17,-1.11621775891487E-16,
-1.));
#4669=DIRECTION('center_axis',(0.38268343236509,0.923879532511287,-1.68692741051678E-16));
#4670=DIRECTION('ref_axis',(0.923879532511287,-0.382683432365089,1.22393594963529E-12));
#4671=DIRECTION('center_axis',(0.,0.,1.));
#4672=DIRECTION('ref_axis',(1.,0.,0.));
#4673=DIRECTION('center_axis',(0.,0.,1.));
#4674=DIRECTION('ref_axis',(1.,0.,0.));
#4675=DIRECTION('center_axis',(-0.38268343236509,-0.923879532511287,1.68692741051678E-16));
#4676=DIRECTION('ref_axis',(2.44172634762629E-17,1.67432663837231E-16,1.));
#4677=DIRECTION('center_axis',(-0.38268343236509,-0.923879532511287,1.68692741051678E-16));
#4678=DIRECTION('ref_axis',(0.923879532511287,-0.382683432365089,1.22393594963529E-12));
#4679=DIRECTION('center_axis',(7.83523301624974E-17,1.11434425119996E-16,
1.));
#4680=DIRECTION('ref_axis',(0.965921893052562,-0.258833723694875,2.78586062799991E-17));
#4681=DIRECTION('center_axis',(-2.56975978215882E-17,-1.7194741362217E-16,
-1.));
#4682=DIRECTION('ref_axis',(0.965925826289068,-0.25881904510252,3.04890640552047E-17));
#4683=DIRECTION('center_axis',(-0.261119422965461,0.340297457350244,-0.903335091464482));
#4684=DIRECTION('ref_axis',(0.596232576851949,-0.679098562520438,-0.428172694929464));
#4685=DIRECTION('center_axis',(-0.793353340291235,-0.608761429008721,1.4473031817601E-16));
#4686=DIRECTION('ref_axis',(6.97636099321797E-17,1.11621775891487E-16,1.));
#4687=DIRECTION('center_axis',(-0.793353340291235,-0.608761429008721,1.4473031817601E-16));
#4688=DIRECTION('ref_axis',(0.608761429008721,-0.793353340291235,1.22388027362078E-12));
#4689=DIRECTION('center_axis',(-0.793353340291235,-0.608761429008721,1.4473031817601E-16));
#4690=DIRECTION('ref_axis',(0.608761429008721,-0.793353340291235,1.22396717807277E-12));
#4691=DIRECTION('center_axis',(9.75051219799967E-17,1.11434425119996E-16,
1.));
#4692=DIRECTION('ref_axis',(0.706502713010482,-0.707710333758685,5.57172125599981E-17));
#4693=DIRECTION('center_axis',(0.60876142900872,0.793353340291235,-1.58767180509257E-16));
#4694=DIRECTION('ref_axis',(0.793353340291235,-0.60876142900872,1.22386623675844E-12));
#4695=DIRECTION('center_axis',(-1.23633749665995E-14,1.30130181901346E-14,
-1.));
#4696=DIRECTION('ref_axis',(0.707106781186547,-0.707106781186548,-1.79802454434744E-14));
#4697=DIRECTION('center_axis',(1.22558343872331E-14,-1.32726441153308E-14,
-1.));
#4698=DIRECTION('ref_axis',(0.707106781186548,-0.707106781186547,1.8049251801177E-14));
#4699=DIRECTION('center_axis',(-7.02071428810502E-17,-1.46249815800582E-16,
-1.));
#4700=DIRECTION('ref_axis',(0.707106781186548,-0.707106781186547,6.09781281104095E-17));
#4701=DIRECTION('center_axis',(0.60876142900872,0.793353340291235,-1.58767180509257E-16));
#4702=DIRECTION('ref_axis',(-6.97636099321796E-17,-1.11621775891487E-16,
-1.));
#4703=DIRECTION('center_axis',(0.,0.,1.));
#4704=DIRECTION('ref_axis',(1.,0.,0.));
#4705=DIRECTION('center_axis',(0.,0.,1.));
#4706=DIRECTION('ref_axis',(1.,0.,0.));
#4707=DIRECTION('center_axis',(-0.055987325034501,0.425265954391293,-0.903335091464482));
#4708=DIRECTION('ref_axis',(0.176803276857427,-0.886232895242168,-0.428172694929464));
#4709=DIRECTION('center_axis',(-0.99144486137381,-0.130526192220052,1.08364032486294E-16));
#4710=DIRECTION('ref_axis',(8.37163319186156E-17,1.11621775891487E-16,1.));
#4711=DIRECTION('center_axis',(-0.99144486137381,-0.130526192220052,1.08364032486294E-16));
#4712=DIRECTION('ref_axis',(0.130526192220052,-0.99144486137381,1.22389533702952E-12));
#4713=DIRECTION('center_axis',(-0.99144486137381,-0.130526192220052,1.08364032486294E-16));
#4714=DIRECTION('ref_axis',(0.130526192220052,-0.99144486137381,1.22398224148152E-12));
#4715=DIRECTION('center_axis',(8.8799307517497E-17,5.57172125599981E-17,
1.));
#4716=DIRECTION('ref_axis',(0.258819045102521,-0.965925826289068,8.35758188399972E-17));
#4717=DIRECTION('center_axis',(4.01556320271312E-15,-1.76325519592826E-14,
-1.));
#4718=DIRECTION('ref_axis',(0.258819045102522,-0.965925826289068,1.8068933093169E-14));
#4719=DIRECTION('center_axis',(0.923879532511287,0.38268343236509,-1.27538743022935E-16));
#4720=DIRECTION('ref_axis',(0.38268343236509,-0.923879532511287,1.22389019918132E-12));
#4721=DIRECTION('center_axis',(-4.16246636606068E-15,1.74411040294657E-14,
-1.));
#4722=DIRECTION('ref_axis',(0.258819045102521,-0.965925826289068,-1.79605641514823E-14));
#4723=DIRECTION('center_axis',(-9.59047407026385E-17,-1.0174027074112E-16,
-1.));
#4724=DIRECTION('ref_axis',(0.258819045102521,-0.965925826289068,6.09781281104095E-17));
#4725=DIRECTION('center_axis',(0.923879532511287,0.38268343236509,-1.27538743022935E-16));
#4726=DIRECTION('ref_axis',(-9.76690539050515E-17,-1.11621775891487E-16,
-1.));
#4727=DIRECTION('center_axis',(0.164146531426509,-0.396284782386378,0.903335091463642));
#4728=DIRECTION('ref_axis',(0.290000318389217,-0.85590183937733,-0.42817269493121));
#4729=DIRECTION('center_axis',(0.923879532511287,0.38268343236509,-1.27538743022935E-16));
#4730=DIRECTION('ref_axis',(0.38268343236509,-0.923879532511287,1.22397710363332E-12));
#4731=DIRECTION('center_axis',(0.,0.,1.));
#4732=DIRECTION('ref_axis',(1.,0.,0.));
#4733=DIRECTION('center_axis',(0.,0.,1.));
#4734=DIRECTION('ref_axis',(1.,0.,0.));
#4735=DIRECTION('center_axis',(0.0559873250345019,0.425265954391293,-0.903335091464482));
#4736=DIRECTION('ref_axis',(-0.0585951003958958,-0.90179529690858,-0.428172694929464));
#4737=DIRECTION('center_axis',(-0.99144486137381,0.130526192220052,8.85129114014516E-17));
#4738=DIRECTION('ref_axis',(9.76690539050515E-17,1.11621775891487E-16,1.));
#4739=DIRECTION('center_axis',(-0.991444861373811,0.130526192220051,8.85129114014516E-17));
#4740=DIRECTION('ref_axis',(-0.130526192220051,-0.99144486137381,1.22389533702952E-12));
#4741=DIRECTION('center_axis',(-0.99144486137381,0.130526192220052,8.85129114014516E-17));
#4742=DIRECTION('ref_axis',(-0.130526192220052,-0.99144486137381,1.22398224148152E-12));
#4743=DIRECTION('center_axis',(7.66111672699974E-17,0.,1.));
#4744=DIRECTION('ref_axis',(-3.83055836349987E-16,-1.,8.35758188399972E-17));
#4745=DIRECTION('center_axis',(-6.65222764233394E-16,-1.80736326457765E-14,
-1.));
#4746=DIRECTION('ref_axis',(5.69039236392361E-16,-1.,1.80715241844155E-14));
#4747=DIRECTION('center_axis',(0.99144486137381,0.130526192220052,-1.08364032486294E-16));
#4748=DIRECTION('ref_axis',(0.130526192220052,-0.99144486137381,1.22389533702952E-12));
#4749=DIRECTION('center_axis',(5.13137418394517E-16,1.7921547299944E-14,
-1.));
#4750=DIRECTION('ref_axis',(-5.09918969864644E-16,-1.,-1.79579730602358E-14));
#4751=DIRECTION('center_axis',(-9.9287893637847E-17,-7.60426729195313E-17,
-1.));
#4752=DIRECTION('ref_axis',(1.82934384331228E-16,-1.,6.09781281104095E-17));
#4753=DIRECTION('center_axis',(0.99144486137381,0.130526192220052,-1.08364032486294E-16));
#4754=DIRECTION('ref_axis',(-9.76690539050515E-17,-1.11621775891487E-16,
-1.));
#4755=DIRECTION('center_axis',(0.0559873250347323,-0.425265954393046,0.903335091463642));
#4756=DIRECTION('ref_axis',(0.0585951003950654,-0.901795296907805,-0.42817269493121));
#4757=DIRECTION('center_axis',(0.,0.,1.));
#4758=DIRECTION('ref_axis',(1.,0.,0.));
#4759=DIRECTION('center_axis',(0.793353340291235,-0.608761429008721,-5.21466257117363E-17));
#4760=DIRECTION('ref_axis',(-6.97636099321796E-17,0.,-1.));
#4761=DIRECTION('center_axis',(-0.261119422966537,-0.340297457351646,0.903335091463642));
#4762=DIRECTION('ref_axis',(-0.596232576851988,-0.679098562519303,-0.42817269493121));
#4763=DIRECTION('center_axis',(0.793353340291236,-0.60876142900872,-5.21466257117363E-17));
#4764=DIRECTION('ref_axis',(-0.60876142900872,-0.793353340291235,1.22396717807277E-12));
#4765=DIRECTION('center_axis',(0.,0.,1.));
#4766=DIRECTION('ref_axis',(1.,0.,0.));
#4767=DIRECTION('center_axis',(0.608761429008721,0.793353340291235,3.81097633784889E-17));
#4768=DIRECTION('ref_axis',(-4.88345269525258E-17,0.,1.));
#4769=DIRECTION('center_axis',(0.608761429008721,0.793353340291235,3.81097633784889E-17));
#4770=DIRECTION('ref_axis',(-0.793353340291235,0.608761429008721,1.22386055751798E-12));
#4771=DIRECTION('center_axis',(-9.0540470409997E-17,5.57172125599981E-17,
1.));
#4772=DIRECTION('ref_axis',(-0.866391582927021,0.499365222090215,-2.78586062799991E-17));
#4773=DIRECTION('center_axis',(-1.52537587412735E-14,9.49885212651078E-15,
-1.));
#4774=DIRECTION('ref_axis',(-0.866025403784439,0.5,1.79574601750362E-14));
#4775=DIRECTION('center_axis',(-0.38268343236509,-0.923879532511287,-2.81842028360676E-17));
#4776=DIRECTION('ref_axis',(-0.923879532511287,0.38268343236509,1.22379084464113E-12));
#4777=DIRECTION('center_axis',(1.53298014141986E-14,-9.51922769931329E-15,
-1.));
#4778=DIRECTION('ref_axis',(-0.866025403784438,0.500000000000001,-1.80720370696151E-14));
#4779=DIRECTION('center_axis',(4.96439468189235E-17,9.94316525909159E-18,
-1.));
#4780=DIRECTION('ref_axis',(-0.866025403784439,0.5,-3.04890640552047E-17));
#4781=DIRECTION('center_axis',(-0.38268343236509,-0.923879532511287,-2.81842028360676E-17));
#4782=DIRECTION('ref_axis',(4.88345269525258E-17,0.,-1.));
#4783=DIRECTION('center_axis',(-0.396284782386378,0.164146531426508,0.903335091463642));
#4784=DIRECTION('ref_axis',(-0.810275186333023,0.400152802974476,-0.428172694931211));
#4785=DIRECTION('center_axis',(-0.38268343236509,-0.923879532511287,-2.81842028360676E-17));
#4786=DIRECTION('ref_axis',(-0.923879532511287,0.38268343236509,1.22387774909313E-12));
#4787=DIRECTION('center_axis',(0.,0.,1.));
#4788=DIRECTION('ref_axis',(1.,0.,0.));
#4789=DIRECTION('center_axis',(0.425265954391293,-0.0559873250345021,-0.903335091464482));
#4790=DIRECTION('ref_axis',(-0.90179529690858,0.0585951003958959,-0.428172694929464));
#4791=DIRECTION('center_axis',(0.130526192220052,0.99144486137381,2.30463546326742E-17));
#4792=DIRECTION('ref_axis',(0.,0.,1.));
#4793=DIRECTION('center_axis',(0.130526192220052,0.99144486137381,2.30463546326742E-17));
#4794=DIRECTION('ref_axis',(-0.99144486137381,0.130526192220052,1.22381001935167E-12));
#4795=DIRECTION('center_axis',(0.130526192220052,0.99144486137381,2.30463546326742E-17));
#4796=DIRECTION('ref_axis',(-0.99144486137381,0.130526192220052,1.22389692380367E-12));
#4797=DIRECTION('center_axis',(-6.0940701237498E-17,0.,1.));
#4798=DIRECTION('ref_axis',(-1.,-7.80040975839974E-16,0.));
#4799=DIRECTION('center_axis',(-1.7997589972857E-14,5.89180091313866E-16,
-1.));
#4800=DIRECTION('ref_axis',(-1.,-3.85342216520257E-16,1.7995481511496E-14));
#4801=DIRECTION('center_axis',(0.130526192220051,-0.99144486137381,-2.30463546326742E-17));
#4802=DIRECTION('ref_axis',(-0.99144486137381,-0.130526192220051,1.22382987047275E-12));
#4803=DIRECTION('center_axis',(1.79975899728635E-14,-5.89180091314051E-16,
-1.));
#4804=DIRECTION('ref_axis',(-1.,6.93615989736745E-16,-1.80340157331554E-14));
#4805=DIRECTION('center_axis',(-5.56059255232993E-33,2.32452207183157E-17,
-1.));
#4806=DIRECTION('ref_axis',(-1.,0.,0.));
#4807=DIRECTION('center_axis',(0.130526192220051,-0.99144486137381,-2.30463546326742E-17));
#4808=DIRECTION('ref_axis',(0.,0.,-1.));
#4809=DIRECTION('center_axis',(-0.425265954393046,-0.0559873250347322,0.903335091463642));
#4810=DIRECTION('ref_axis',(-0.901795296907805,-0.0585951003950653,-0.428172694931211));
#4811=DIRECTION('center_axis',(0.130526192220052,-0.99144486137381,-2.30463546326742E-17));
#4812=DIRECTION('ref_axis',(-0.99144486137381,-0.130526192220052,1.22391677492475E-12));
#4813=DIRECTION('center_axis',(0.,0.,1.));
#4814=DIRECTION('ref_axis',(1.,0.,0.));
#4815=DIRECTION('center_axis',(0.,0.,1.));
#4816=DIRECTION('ref_axis',(1.,0.,0.));
#4817=DIRECTION('center_axis',(0.425265954391293,0.0559873250345009,-0.903335091464482));
#4818=DIRECTION('ref_axis',(-0.886232895242168,-0.176803276857427,-0.428172694929464));
#4819=DIRECTION('center_axis',(-0.130526192220052,0.99144486137381,2.30463546326742E-17));
#4820=DIRECTION('ref_axis',(2.44172634762629E-17,0.,1.));
#4821=DIRECTION('center_axis',(-0.130526192220052,0.99144486137381,2.30463546326742E-17));
#4822=DIRECTION('ref_axis',(-0.99144486137381,-0.130526192220052,1.22391677492475E-12));
#4823=DIRECTION('center_axis',(-4.00467465274987E-17,0.,1.));
#4824=DIRECTION('ref_axis',(-0.965925826289068,-0.258819045102523,2.78586062799991E-17));
#4825=DIRECTION('center_axis',(-1.75565092863631E-14,-4.09160587563265E-15,
-1.));
#4826=DIRECTION('ref_axis',(-0.965925826289068,-0.258819045102522,1.80151628034881E-14));
#4827=DIRECTION('center_axis',(0.38268343236509,-0.923879532511287,-2.81842028360677E-17));
#4828=DIRECTION('ref_axis',(-0.923879532511287,-0.382683432365091,1.22384904518329E-12));
#4829=DIRECTION('center_axis',(1.75171467023853E-14,4.08642369314115E-15,
-1.));
#4830=DIRECTION('ref_axis',(-0.965925826289068,-0.258819045102521,-1.80143344411633E-14));
#4831=DIRECTION('center_axis',(-2.56975978215883E-17,1.98620677831072E-17,
-1.));
#4832=DIRECTION('ref_axis',(-0.965925826289068,-0.258819045102522,3.04890640552047E-17));
#4833=DIRECTION('center_axis',(0.38268343236509,-0.923879532511287,-2.81842028360677E-17));
#4834=DIRECTION('ref_axis',(-2.61613537245674E-17,0.,-1.));
#4835=DIRECTION('center_axis',(-0.396284782386378,-0.164146531426509,0.903335091463642));
#4836=DIRECTION('ref_axis',(-0.85590183937733,-0.290000318389217,-0.428172694931211));
#4837=DIRECTION('center_axis',(0.38268343236509,-0.923879532511287,-2.81842028360676E-17));
#4838=DIRECTION('ref_axis',(-0.923879532511287,-0.38268343236509,1.22393594963529E-12));
#4839=DIRECTION('center_axis',(0.,0.,1.));
#4840=DIRECTION('ref_axis',(1.,0.,0.));
#4841=DIRECTION('center_axis',(0.261119422965462,0.340297457350243,-0.903335091464482));
#4842=DIRECTION('ref_axis',(-0.501642493934435,-0.751680085938214,-0.428172694929464));
#4843=DIRECTION('center_axis',(-0.793353340291236,0.60876142900872,5.21466257117363E-17));
#4844=DIRECTION('ref_axis',(9.06926929118336E-17,0.,1.));
#4845=DIRECTION('center_axis',(-0.793353340291236,0.60876142900872,5.21466257117363E-17));
#4846=DIRECTION('ref_axis',(-0.60876142900872,-0.793353340291235,1.22396717807277E-12));
#4847=DIRECTION('center_axis',(3.48232578499988E-17,0.,1.));
#4848=DIRECTION('ref_axis',(-0.5,-0.866025403784439,5.57172125599981E-17));
#4849=DIRECTION('center_axis',(-9.5748947994303E-15,-1.53298014141931E-14,
-1.));
#4850=DIRECTION('ref_axis',(-0.499999999999999,-0.866025403784439,1.8061336398016E-14));
#4851=DIRECTION('center_axis',(0.923879532511287,-0.382683432365089,-6.93382008648108E-17));
#4852=DIRECTION('ref_axis',(-0.382683432365089,-0.923879532511287,1.22389019918132E-12));
#4853=DIRECTION('center_axis',(9.44318502639375E-15,1.52537587412791E-14,
-1.));
#4854=DIRECTION('ref_axis',(-0.5,-0.866025403784439,-1.79681608466354E-14));
#4855=DIRECTION('center_axis',(-8.59858381786229E-17,-2.63987261006078E-17,
-1.));
#4856=DIRECTION('ref_axis',(-0.499999999999999,-0.866025403784439,6.09781281104095E-17));
#4857=DIRECTION('center_axis',(0.923879532511287,-0.382683432365089,-6.93382008648108E-17));
#4858=DIRECTION('ref_axis',(-9.06926929118335E-17,0.,-1.));
#4859=DIRECTION('center_axis',(-0.164146531426508,-0.396284782386378,0.903335091463642));
#4860=DIRECTION('ref_axis',(-0.400152802974476,-0.810275186333023,-0.42817269493121));
#4861=DIRECTION('center_axis',(0.923879532511287,-0.382683432365089,-6.93382008648108E-17));
#4862=DIRECTION('ref_axis',(-0.382683432365089,-0.923879532511287,1.22397710363332E-12));
#4863=DIRECTION('center_axis',(0.396284782384745,0.164146531425831,-0.903335091464482));
#4864=DIRECTION('ref_axis',(-0.810275186334109,-0.400152802974145,-0.428172694929464));
#4865=DIRECTION('center_axis',(-0.38268343236509,0.923879532511287,2.81842028360676E-17));
#4866=DIRECTION('ref_axis',(4.88345269525258E-17,0.,1.));
#4867=DIRECTION('center_axis',(-0.38268343236509,0.923879532511287,2.81842028360676E-17));
#4868=DIRECTION('ref_axis',(-0.923879532511287,-0.38268343236509,1.22393594963529E-12));
#4869=DIRECTION('center_axis',(-1.56704660324995E-17,0.,1.));
#4870=DIRECTION('ref_axis',(-0.866391582927021,-0.499365222090216,2.78586062799991E-17));
#4871=DIRECTION('center_axis',(0.608761429008721,-0.793353340291235,-3.81097633784889E-17));
#4872=DIRECTION('ref_axis',(-0.793353340291235,-0.608761429008721,1.22386623675844E-12));
#4873=DIRECTION('center_axis',(1.58429388325931E-14,8.4783622735502E-15,
-1.));
#4874=DIRECTION('ref_axis',(-0.866025403784439,-0.5,-1.79959943966956E-14));
#4875=DIRECTION('center_axis',(-1.59189815055069E-14,-8.4987378463462E-15,
-1.));
#4876=DIRECTION('ref_axis',(-0.866025403784438,-0.500000000000001,1.80335028479558E-14));
#4877=DIRECTION('center_axis',(-4.96439468189236E-17,9.94316525909156E-18,
-1.));
#4878=DIRECTION('ref_axis',(-0.866025403784438,-0.5,3.04890640552047E-17));
#4879=DIRECTION('center_axis',(0.608761429008721,-0.793353340291235,-3.81097633784889E-17));
#4880=DIRECTION('ref_axis',(-4.88345269525258E-17,0.,-1.));
#4881=DIRECTION('center_axis',(0.,0.,1.));
#4882=DIRECTION('ref_axis',(1.,0.,0.));
#4883=DIRECTION('center_axis',(0.164146531425832,0.396284782384745,-0.903335091464482));
#4884=DIRECTION('ref_axis',(-0.290000318390219,-0.855901839377864,-0.428172694929464));
#4885=DIRECTION('center_axis',(-0.923879532511287,0.382683432365089,6.93382008648108E-17));
#4886=DIRECTION('ref_axis',(9.76690539050515E-17,0.,1.));
#4887=DIRECTION('center_axis',(-0.923879532511287,0.382683432365089,6.93382008648108E-17));
#4888=DIRECTION('ref_axis',(-0.382683432365089,-0.923879532511287,1.22397710363332E-12));
#4889=DIRECTION('center_axis',(5.74583754524981E-17,0.,1.));
#4890=DIRECTION('ref_axis',(-0.258819045102519,-0.965925826289069,8.35758188399972E-17));
#4891=DIRECTION('center_axis',(-5.30067489912998E-15,-1.72882073180439E-14,
-1.));
#4892=DIRECTION('ref_axis',(-0.25881904510252,-0.965925826289069,1.8068933093169E-14));
#4893=DIRECTION('center_axis',(0.991444861373811,-0.130526192220051,-8.85129114014516E-17));
#4894=DIRECTION('ref_axis',(-0.130526192220051,-0.99144486137381,1.22389533702952E-12));
#4895=DIRECTION('center_axis',(5.15377173578579E-15,1.71754845561952E-14,
-1.));
#4896=DIRECTION('ref_axis',(-0.258819045102521,-0.965925826289068,-1.79605641514823E-14));
#4897=DIRECTION('center_axis',(-9.59047407026385E-17,-5.03450750979431E-17,
-1.));
#4898=DIRECTION('ref_axis',(-0.25881904510252,-0.965925826289068,6.09781281104095E-17));
#4899=DIRECTION('center_axis',(0.991444861373811,-0.130526192220051,-8.85129114014516E-17));
#4900=DIRECTION('ref_axis',(-9.76690539050515E-17,-5.58108879457437E-17,
-1.));
#4901=DIRECTION('center_axis',(-0.0559873250347317,-0.425265954393046,0.903335091463642));
#4902=DIRECTION('ref_axis',(-0.176803276858028,-0.886232895241205,-0.42817269493121));
#4903=DIRECTION('center_axis',(0.396284782384745,-0.164146531425833,-0.903335091464482));
#4904=DIRECTION('ref_axis',(-0.855901839377864,0.29000031839022,-0.428172694929464));
#4905=DIRECTION('center_axis',(0.38268343236509,0.923879532511287,2.81842028360676E-17));
#4906=DIRECTION('ref_axis',(-2.61613537245674E-17,0.,1.));
#4907=DIRECTION('center_axis',(0.38268343236509,0.923879532511287,2.81842028360676E-17));
#4908=DIRECTION('ref_axis',(-0.923879532511287,0.38268343236509,1.22387774909313E-12));
#4909=DIRECTION('center_axis',(-7.83523301624974E-17,0.,1.));
#4910=DIRECTION('ref_axis',(-0.965925826289068,0.258819045102522,-2.78586062799991E-17));
#4911=DIRECTION('center_axis',(-1.72121646451244E-14,5.22463222621046E-15,
-1.));
#4912=DIRECTION('ref_axis',(-0.965925826289068,0.25881904510252,1.79758002195039E-14));
#4913=DIRECTION('center_axis',(-0.130526192220052,-0.99144486137381,-2.30463546326742E-17));
#4914=DIRECTION('ref_axis',(-0.99144486137381,0.130526192220052,1.22381001935167E-12));
#4915=DIRECTION('center_axis',(1.72515272291148E-14,-5.22981440870533E-15,
-1.));
#4916=DIRECTION('ref_axis',(-0.965925826289068,0.258819045102521,-1.80536970251475E-14));
#4917=DIRECTION('center_axis',(2.56975978215882E-17,1.98620677831072E-17,
-1.));
#4918=DIRECTION('ref_axis',(-0.965925826289068,0.258819045102521,-3.04890640552047E-17));
#4919=DIRECTION('center_axis',(-0.130526192220052,-0.99144486137381,-2.30463546326742E-17));
#4920=DIRECTION('ref_axis',(2.44172634762629E-17,0.,-1.));
#4921=DIRECTION('center_axis',(-0.425265954393046,0.0559873250347319,0.903335091463642));
#4922=DIRECTION('ref_axis',(-0.886232895241205,0.176803276858028,-0.428172694931211));
#4923=DIRECTION('center_axis',(2.56975978215882E-17,-1.7194741362217E-16,
-1.));
#4924=DIRECTION('ref_axis',(0.965925826289068,0.258819045102521,-3.04890640552047E-17));
#4925=DIRECTION('center_axis',(0.,0.,1.));
#4926=DIRECTION('ref_axis',(1.,0.,0.));
#4927=DIRECTION('center_axis',(0.,0.,1.));
#4928=DIRECTION('ref_axis',(1.,0.,0.));
#4929=DIRECTION('center_axis',(0.164146531425831,-0.396284782384745,-0.903335091464482));
#4930=DIRECTION('ref_axis',(-0.400152802974145,0.810275186334109,-0.428172694929464));
#4931=DIRECTION('center_axis',(0.923879532511287,0.38268343236509,6.93382008648108E-17));
#4932=DIRECTION('ref_axis',(-9.06926929118336E-17,0.,1.));
#4933=DIRECTION('center_axis',(0.923879532511287,0.38268343236509,6.93382008648108E-17));
#4934=DIRECTION('ref_axis',(-0.38268343236509,0.923879532511287,1.2237496906431E-12));
#4935=DIRECTION('center_axis',(0.923879532511287,0.38268343236509,6.93382008648108E-17));
#4936=DIRECTION('ref_axis',(-0.38268343236509,0.923879532511287,1.2238365950951E-12));
#4937=DIRECTION('center_axis',(-9.57639590874968E-17,1.11434425119996E-16,
1.));
#4938=DIRECTION('ref_axis',(-0.5,0.866025403784438,-5.57172125599981E-17));
#4939=DIRECTION('center_axis',(-8.42269517342666E-15,1.58429388325874E-14,
-1.));
#4940=DIRECTION('ref_axis',(-0.5,0.866025403784438,1.7929626624976E-14));
#4941=DIRECTION('center_axis',(-0.793353340291235,-0.608761429008721,-5.21466257117363E-17));
#4942=DIRECTION('ref_axis',(-0.608761429008721,0.793353340291235,1.22375961620365E-12));
#4943=DIRECTION('center_axis',(8.55440494646973E-15,-1.59189815055127E-14,
-1.));
#4944=DIRECTION('ref_axis',(-0.5,0.866025403784439,-1.80998706196754E-14));
#4945=DIRECTION('center_axis',(8.59858381786228E-17,-2.63987261006077E-17,
-1.));
#4946=DIRECTION('ref_axis',(-0.5,0.866025403784439,-6.09781281104095E-17));
#4947=DIRECTION('center_axis',(-0.793353340291235,-0.608761429008721,-5.21466257117363E-17));
#4948=DIRECTION('ref_axis',(9.06926929118335E-17,0.,-1.));
#4949=DIRECTION('center_axis',(-0.261119422966538,0.340297457351646,0.903335091463642));
#4950=DIRECTION('ref_axis',(-0.501642493933329,0.751680085937957,-0.428172694931211));
#4951=DIRECTION('center_axis',(-0.793353340291235,-0.608761429008721,-5.21466257117363E-17));
#4952=DIRECTION('ref_axis',(-0.608761429008721,0.793353340291235,1.22384652065564E-12));
#4953=DIRECTION('center_axis',(0.,0.,1.));
#4954=DIRECTION('ref_axis',(1.,0.,0.));
#4955=DIRECTION('center_axis',(0.,0.,1.));
#4956=DIRECTION('ref_axis',(1.,0.,0.));
#4957=DIRECTION('center_axis',(0.0559873250345007,-0.425265954391293,-0.903335091464482));
#4958=DIRECTION('ref_axis',(-0.176803276857426,0.886232895242168,-0.428172694929464));
#4959=DIRECTION('center_axis',(0.99144486137381,0.130526192220052,8.85129114014516E-17));
#4960=DIRECTION('ref_axis',(-9.76690539050515E-17,0.,1.));
#4961=DIRECTION('center_axis',(0.99144486137381,0.130526192220052,8.85129114014516E-17));
#4962=DIRECTION('ref_axis',(-0.130526192220052,0.99144486137381,1.2237445527949E-12));
#4963=DIRECTION('center_axis',(0.99144486137381,0.130526192220052,8.85129114014516E-17));
#4964=DIRECTION('ref_axis',(-0.130526192220052,0.99144486137381,1.2238314572469E-12));
#4965=DIRECTION('center_axis',(-8.8799307517497E-17,1.11434425119996E-16,
1.));
#4966=DIRECTION('ref_axis',(-0.258819045102523,0.965925826289068,-8.35758188399972E-17));
#4967=DIRECTION('center_axis',(-4.01556320271311E-15,1.74804666134435E-14,
-1.));
#4968=DIRECTION('ref_axis',(-0.258819045102521,0.965925826289068,1.7922029929823E-14));
#4969=DIRECTION('center_axis',(-0.923879532511287,-0.38268343236509,-6.93382008648108E-17));
#4970=DIRECTION('ref_axis',(-0.38268343236509,0.923879532511287,1.2237496906431E-12));
#4971=DIRECTION('center_axis',(4.16246636606067E-15,-1.75931893753048E-14,
-1.));
#4972=DIRECTION('ref_axis',(-0.25881904510252,0.965925826289068,-1.81074673148284E-14));
#4973=DIRECTION('center_axis',(9.59047407026385E-17,-5.0345075097943E-17,
-1.));
#4974=DIRECTION('ref_axis',(-0.258819045102521,0.965925826289068,-6.09781281104095E-17));
#4975=DIRECTION('center_axis',(-0.923879532511287,-0.38268343236509,-6.93382008648108E-17));
#4976=DIRECTION('ref_axis',(9.76690539050515E-17,-5.58108879457437E-17,
-1.));
#4977=DIRECTION('center_axis',(-0.164146531426509,0.396284782386378,0.903335091463642));
#4978=DIRECTION('ref_axis',(-0.290000318389217,0.85590183937733,-0.428172694931211));
#4979=DIRECTION('center_axis',(0.,0.,1.));
#4980=DIRECTION('ref_axis',(1.,0.,0.));
#4981=DIRECTION('center_axis',(4.96439468189236E-17,-1.62028511098154E-16,
-1.));
#4982=DIRECTION('ref_axis',(0.866025403784438,0.5,-3.04890640552047E-17));
#4983=DIRECTION('center_axis',(0.,0.,1.));
#4984=DIRECTION('ref_axis',(1.,0.,0.));
#4985=DIRECTION('center_axis',(7.02071428810503E-17,-1.46249815800582E-16,
-1.));
#4986=DIRECTION('ref_axis',(0.707106781186547,0.707106781186548,-6.09781281104095E-17));
#4987=DIRECTION('center_axis',(-0.793353340291235,0.608761429008721,-1.4473031817601E-16));
#4988=DIRECTION('ref_axis',(6.97636099321796E-17,-1.11621775891487E-16,
-1.));
#4989=DIRECTION('center_axis',(0.261119422966537,0.340297457351646,0.903335091463642));
#4990=DIRECTION('ref_axis',(0.596232576851988,0.679098562519302,-0.428172694931211));
#4991=DIRECTION('center_axis',(-0.793353340291235,0.608761429008721,-1.4473031817601E-16));
#4992=DIRECTION('ref_axis',(0.608761429008721,0.793353340291235,1.22384652065564E-12));
#4993=DIRECTION('center_axis',(0.,0.,1.));
#4994=DIRECTION('ref_axis',(1.,0.,0.));
#4995=DIRECTION('center_axis',(-0.164146531425833,-0.396284782384745,-0.903335091464482));
#4996=DIRECTION('ref_axis',(0.29000031839022,0.855901839377864,-0.428172694929464));
#4997=DIRECTION('center_axis',(0.923879532511287,-0.38268343236509,1.27538743022935E-16));
#4998=DIRECTION('ref_axis',(-9.76690539050515E-17,1.11621775891487E-16,
1.));
#4999=DIRECTION('center_axis',(0.923879532511287,-0.38268343236509,1.27538743022935E-16));
#5000=DIRECTION('ref_axis',(0.38268343236509,0.923879532511287,1.2237496906431E-12));
#5001=DIRECTION('center_axis',(0.923879532511287,-0.38268343236509,1.27538743022935E-16));
#5002=DIRECTION('ref_axis',(0.38268343236509,0.923879532511287,1.2238365950951E-12));
#5003=DIRECTION('center_axis',(-5.74583754524981E-17,1.67151637679994E-16,
1.));
#5004=DIRECTION('ref_axis',(0.258819045102521,0.965925826289068,-8.35758188399972E-17));
#5005=DIRECTION('center_axis',(5.30067489912998E-15,1.71361219722048E-14,
-1.));
#5006=DIRECTION('ref_axis',(0.25881904510252,0.965925826289068,1.7922029929823E-14));
#5007=DIRECTION('center_axis',(-0.99144486137381,0.130526192220052,-1.08364032486294E-16));
#5008=DIRECTION('ref_axis',(0.130526192220052,0.99144486137381,1.2237445527949E-12));
#5009=DIRECTION('center_axis',(-5.15377173578579E-15,-1.73275699020343E-14,
-1.));
#5010=DIRECTION('ref_axis',(0.258819045102521,0.965925826289068,-1.81074673148284E-14));
#5011=DIRECTION('center_axis',(9.59047407026385E-17,-1.01740270741119E-16,
-1.));
#5012=DIRECTION('ref_axis',(0.258819045102521,0.965925826289068,-6.09781281104095E-17));
#5013=DIRECTION('center_axis',(-0.99144486137381,0.130526192220052,-1.08364032486294E-16));
#5014=DIRECTION('ref_axis',(8.37163319186156E-17,-1.11621775891487E-16,
-1.));
#5015=DIRECTION('center_axis',(0.0559873250347318,0.425265954393046,0.903335091463642));
#5016=DIRECTION('ref_axis',(0.176803276858028,0.886232895241205,-0.428172694931211));
#5017=DIRECTION('center_axis',(-0.99144486137381,0.130526192220052,-1.08364032486294E-16));
#5018=DIRECTION('ref_axis',(0.130526192220052,0.99144486137381,1.2238314572469E-12));
#5019=DIRECTION('center_axis',(0.,0.,1.));
#5020=DIRECTION('ref_axis',(1.,0.,0.));
#5021=DIRECTION('center_axis',(0.,0.,1.));
#5022=DIRECTION('ref_axis',(1.,0.,0.));
#5023=DIRECTION('center_axis',(-0.261119422965462,-0.340297457350243,-0.903335091464482));
#5024=DIRECTION('ref_axis',(0.501642493934436,0.751680085938213,-0.428172694929464));
#5025=DIRECTION('center_axis',(0.793353340291235,-0.608761429008721,1.4473031817601E-16));
#5026=DIRECTION('ref_axis',(-9.06926929118336E-17,1.11621775891487E-16,
1.));
#5027=DIRECTION('center_axis',(0.793353340291235,-0.608761429008721,1.4473031817601E-16));
#5028=DIRECTION('ref_axis',(0.608761429008721,0.793353340291235,1.22384652065564E-12));
#5029=DIRECTION('center_axis',(-3.48232578499988E-17,1.67151637679994E-16,
1.));
#5030=DIRECTION('ref_axis',(0.499999999999998,0.86602540378444,-5.57172125599982E-17));
#5031=DIRECTION('center_axis',(9.57489479943031E-15,1.5177716068354E-14,
-1.));
#5032=DIRECTION('ref_axis',(0.5,0.866025403784439,1.7929626624976E-14));
#5033=DIRECTION('center_axis',(-0.923879532511287,0.38268343236509,-1.27538743022935E-16));
#5034=DIRECTION('ref_axis',(0.38268343236509,0.923879532511287,1.2237496906431E-12));
#5035=DIRECTION('center_axis',(-9.44318502639376E-15,-1.54058440871181E-14,
-1.));
#5036=DIRECTION('ref_axis',(0.5,0.866025403784438,-1.80998706196754E-14));
#5037=DIRECTION('center_axis',(8.59858381786229E-17,-1.25686619738455E-16,
-1.));
#5038=DIRECTION('ref_axis',(0.5,0.866025403784439,-6.09781281104095E-17));
#5039=DIRECTION('center_axis',(-0.923879532511287,0.38268343236509,-1.27538743022935E-16));
#5040=DIRECTION('ref_axis',(9.06926929118335E-17,-1.11621775891487E-16,
-1.));
#5041=DIRECTION('center_axis',(0.164146531426508,0.396284782386378,0.903335091463642));
#5042=DIRECTION('ref_axis',(0.400152802974476,0.810275186333023,-0.428172694931211));
#5043=DIRECTION('center_axis',(-0.055987325034502,-0.425265954391293,-0.903335091464482));
#5044=DIRECTION('ref_axis',(0.0585951003958959,0.90179529690858,-0.428172694929464));
#5045=DIRECTION('center_axis',(0.99144486137381,-0.130526192220052,1.08364032486294E-16));
#5046=DIRECTION('ref_axis',(-9.76690539050515E-17,5.58108879457437E-17,
1.));
#5047=DIRECTION('center_axis',(0.99144486137381,-0.130526192220052,1.08364032486294E-16));
#5048=DIRECTION('ref_axis',(0.130526192220052,0.99144486137381,1.2238314572469E-12));
#5049=DIRECTION('center_axis',(-7.66111672699974E-17,1.11434425119996E-16,
1.));
#5050=DIRECTION('ref_axis',(5.04937238824983E-16,1.,-8.35758188399972E-17));
#5051=DIRECTION('center_axis',(6.65222764233396E-16,1.79215472999374E-14,
-1.));
#5052=DIRECTION('ref_axis',(-4.46574556477626E-16,1.,1.79194388385765E-14));
#5053=DIRECTION('center_axis',(-0.99144486137381,-0.130526192220052,-8.85129114014516E-17));
#5054=DIRECTION('ref_axis',(-0.130526192220051,0.99144486137381,1.2237445527949E-12));
#5055=DIRECTION('center_axis',(-5.13137418394519E-16,-1.8073632645783E-14,
-1.));
#5056=DIRECTION('ref_axis',(6.32383649779379E-16,1.,-1.81100584060749E-14));
#5057=DIRECTION('center_axis',(9.9287893637847E-17,-7.60426729195313E-17,
-1.));
#5058=DIRECTION('ref_axis',(-6.09781281104095E-17,1.,-6.09781281104095E-17));
#5059=DIRECTION('center_axis',(-0.99144486137381,-0.130526192220052,-8.85129114014516E-17));
#5060=DIRECTION('ref_axis',(9.76690539050515E-17,-5.58108879457437E-17,
-1.));
#5061=DIRECTION('center_axis',(-0.0559873250347323,0.425265954393046,0.903335091463642));
#5062=DIRECTION('ref_axis',(-0.0585951003950653,0.901795296907805,-0.428172694931211));
#5063=DIRECTION('center_axis',(0.261119422965461,-0.340297457350244,-0.903335091464482));
#5064=DIRECTION('ref_axis',(-0.596232576851949,0.679098562520438,-0.428172694929464));
#5065=DIRECTION('center_axis',(0.793353340291235,0.608761429008721,5.21466257117363E-17));
#5066=DIRECTION('ref_axis',(-6.97636099321797E-17,0.,1.));
#5067=DIRECTION('center_axis',(0.793353340291235,0.608761429008721,5.21466257117363E-17));
#5068=DIRECTION('ref_axis',(-0.608761429008721,0.793353340291235,1.22384652065564E-12));
#5069=DIRECTION('center_axis',(-9.75051219799967E-17,5.57172125599981E-17,
1.));
#5070=DIRECTION('ref_axis',(-0.707117111180958,0.707096451041226,-5.57172125599981E-17));
#5071=DIRECTION('center_axis',(-0.608761429008721,-0.793353340291235,-3.81097633784889E-17));
#5072=DIRECTION('ref_axis',(-0.793353340291235,0.608761429008721,1.22377365306598E-12));
#5073=DIRECTION('center_axis',(1.23633749665995E-14,-1.31651035359736E-14,
-1.));
#5074=DIRECTION('ref_axis',(-0.707106781186547,0.707106781186548,-1.80877860228363E-14));
#5075=DIRECTION('center_axis',(-0.608761429008721,-0.793353340291235,-3.81097633784889E-17));
#5076=DIRECTION('ref_axis',(6.97636099321796E-17,0.,-1.));
#5077=DIRECTION('center_axis',(-0.164146531425832,0.396284782384745,-0.903335091464482));
#5078=DIRECTION('ref_axis',(0.400152802974145,-0.810275186334109,-0.428172694929464));
#5079=DIRECTION('center_axis',(-0.923879532511287,-0.38268343236509,1.27538743022935E-16));
#5080=DIRECTION('ref_axis',(9.06926929118336E-17,1.11621775891487E-16,1.));
#5081=DIRECTION('center_axis',(-0.923879532511287,-0.38268343236509,1.27538743022935E-16));
#5082=DIRECTION('ref_axis',(0.38268343236509,-0.923879532511287,1.22397710363332E-12));
#5083=DIRECTION('center_axis',(9.57639590874968E-17,5.57172125599981E-17,
1.));
#5084=DIRECTION('ref_axis',(0.500000000000001,-0.866025403784438,5.57172125599981E-17));
#5085=DIRECTION('center_axis',(8.42269517342667E-15,-1.59950241784265E-14,
-1.));
#5086=DIRECTION('ref_axis',(0.500000000000001,-0.866025403784438,1.8061336398016E-14));
#5087=DIRECTION('center_axis',(0.793353340291235,0.608761429008721,-1.4473031817601E-16));
#5088=DIRECTION('ref_axis',(0.608761429008721,-0.793353340291235,1.22388027362078E-12));
#5089=DIRECTION('center_axis',(-8.55440494646973E-15,1.57668961596736E-14,
-1.));
#5090=DIRECTION('ref_axis',(0.5,-0.866025403784439,-1.79681608466354E-14));
#5091=DIRECTION('center_axis',(-8.59858381786228E-17,-1.25686619738455E-16,
-1.));
#5092=DIRECTION('ref_axis',(0.5,-0.866025403784438,6.09781281104095E-17));
#5093=DIRECTION('center_axis',(0.793353340291235,0.608761429008721,-1.4473031817601E-16));
#5094=DIRECTION('ref_axis',(-9.06926929118335E-17,-1.11621775891487E-16,
-1.));
#5095=DIRECTION('center_axis',(0.261119422966538,-0.340297457351646,0.903335091463642));
#5096=DIRECTION('ref_axis',(0.501642493933329,-0.751680085937957,-0.42817269493121));
#5097=DIRECTION('center_axis',(1.77198526660972E-32,-1.75330566557378E-16,
-1.));
#5098=DIRECTION('ref_axis',(1.,1.21956256220819E-16,0.));
#5099=DIRECTION('center_axis',(0.,0.,1.));
#5100=DIRECTION('ref_axis',(1.,0.,0.));
#5101=DIRECTION('',(1.07730536082225E-15,-1.,0.));
#5102=DIRECTION('',(-1.,-1.0054850034341E-14,0.));
#5103=DIRECTION('',(6.23283101543947E-16,1.,0.));
#5104=DIRECTION('',(1.,1.25685625429263E-14,0.));
#5105=DIRECTION('center_axis',(4.39899689002425E-15,-1.,0.));
#5106=DIRECTION('ref_axis',(1.,4.39899689002425E-15,0.));
#5107=DIRECTION('',(0.,0.,1.));
#5108=DIRECTION('',(1.,4.39899689002425E-15,0.));
#5109=DIRECTION('',(0.,0.,1.));
#5110=DIRECTION('center_axis',(-1.25685625429263E-14,1.,0.));
#5111=DIRECTION('ref_axis',(-1.,-1.25685625429263E-14,0.));
#5112=DIRECTION('',(0.,0.,1.));
#5113=DIRECTION('',(-1.,-1.25685625429263E-14,0.));
#5114=DIRECTION('',(0.,0.,1.));
#5115=DIRECTION('center_axis',(0.,0.,1.));
#5116=DIRECTION('ref_axis',(1.,0.,0.));
#5117=DIRECTION('',(6.23283101543947E-16,1.,0.));
#5118=DIRECTION('',(1.07730536082225E-15,-1.,0.));
#5119=DIRECTION('center_axis',(0.,0.,1.));
#5120=DIRECTION('ref_axis',(-1.,0.,0.));
#5121=DIRECTION('',(1.07730536082225E-15,-1.,0.));
#5122=DIRECTION('center_axis',(0.,0.,1.));
#5123=DIRECTION('ref_axis',(-1.,0.,0.));
#5124=DIRECTION('',(0.,-1.,0.));
#5125=DIRECTION('',(-1.,-1.25825276124184E-14,0.));
#5126=DIRECTION('',(-9.70396401228261E-15,1.,0.));
#5127=DIRECTION('',(-1.,0.,0.));
#5128=DIRECTION('',(6.23283101543947E-16,1.,0.));
#5129=DIRECTION('',(-1.,-1.0054850034341E-14,0.));
#5130=DIRECTION('center_axis',(0.,0.,1.));
#5131=DIRECTION('ref_axis',(-1.,0.,0.));
#5132=DIRECTION('',(-1.,2.88519208524462E-13,0.));
#5133=DIRECTION('',(-1.13672785157622E-14,1.,0.));
#5134=DIRECTION('',(1.,0.,0.));
#5135=DIRECTION('center_axis',(0.,0.,1.));
#5136=DIRECTION('ref_axis',(1.,0.,0.));
#5137=DIRECTION('center_axis',(0.,0.,1.));
#5138=DIRECTION('ref_axis',(-1.,0.,0.));
#5139=DIRECTION('',(1.,4.29763751467803E-15,0.));
#5140=DIRECTION('',(-3.79436864920039E-14,-1.,0.));
#5141=DIRECTION('center_axis',(-1.,0.,0.));
#5142=DIRECTION('ref_axis',(0.,-1.,0.));
#5143=DIRECTION('',(0.,0.,1.));
#5144=DIRECTION('center_axis',(-1.25825276124184E-14,1.,0.));
#5145=DIRECTION('ref_axis',(-1.,-1.25825276124184E-14,0.));
#5146=DIRECTION('',(0.,0.,1.));
#5147=DIRECTION('center_axis',(1.,9.70396401228261E-15,0.));
#5148=DIRECTION('ref_axis',(-9.70396401228261E-15,1.,0.));
#5149=DIRECTION('',(0.,0.,1.));
#5150=DIRECTION('center_axis',(0.,1.,0.));
#5151=DIRECTION('ref_axis',(-1.,0.,0.));
#5152=DIRECTION('',(0.,0.,1.));
#5153=DIRECTION('center_axis',(1.,-6.23283101543947E-16,0.));
#5154=DIRECTION('ref_axis',(6.23283101543947E-16,1.,0.));
#5155=DIRECTION('',(0.,0.,1.));
#5156=DIRECTION('center_axis',(-1.0054850034341E-14,1.,0.));
#5157=DIRECTION('ref_axis',(-1.,-1.0054850034341E-14,0.));
#5158=DIRECTION('',(0.,0.,1.));
#5159=DIRECTION('center_axis',(-1.,-1.07730536082225E-15,0.));
#5160=DIRECTION('ref_axis',(1.07730536082225E-15,-1.,0.));
#5161=DIRECTION('',(0.,0.,1.));
#5162=DIRECTION('center_axis',(4.29763751467803E-15,-1.,0.));
#5163=DIRECTION('ref_axis',(1.,4.29763751467803E-15,0.));
#5164=DIRECTION('',(0.,0.,1.));
#5165=DIRECTION('center_axis',(-1.,3.79436864920039E-14,0.));
#5166=DIRECTION('ref_axis',(-3.79436864920039E-14,-1.,0.));
#5167=DIRECTION('center_axis',(0.,1.,0.));
#5168=DIRECTION('ref_axis',(-1.,0.,0.));
#5169=DIRECTION('',(0.,0.,1.));
#5170=DIRECTION('',(0.,0.,1.));
#5171=DIRECTION('center_axis',(1.,1.22470168673407E-14,0.));
#5172=DIRECTION('ref_axis',(-1.22470168673407E-14,1.,0.));
#5173=DIRECTION('',(0.,0.,1.));
#5174=DIRECTION('center_axis',(-2.88519208524462E-13,-1.,0.));
#5175=DIRECTION('ref_axis',(1.,-2.88519208524462E-13,0.));
#5176=DIRECTION('',(0.,0.,1.));
#5177=DIRECTION('center_axis',(0.,0.,1.));
#5178=DIRECTION('ref_axis',(-1.,-1.2312033195887E-14,0.));
#5179=DIRECTION('',(0.,0.,-1.));
#5180=DIRECTION('',(1.,0.,0.));
#5181=CARTESIAN_POINT('',(0.,0.,0.));
#5182=CARTESIAN_POINT('',(0.,0.,0.));
#5183=CARTESIAN_POINT('Origin',(-19.1657124551863,-35.234713031478,3.));
#5184=CARTESIAN_POINT('',(-24.1203058385798,-35.2347130314781,3.));
#5185=CARTESIAN_POINT('',(-21.7754184331028,-35.2347130314785,-6.91217641831461));
#5186=CARTESIAN_POINT('Ctrl Pts',(-24.1203058385798,-35.2347130314781,3.));
#5187=CARTESIAN_POINT('Ctrl Pts',(-23.9548852795291,-35.2347130314782,0.0536540569835575));
#5188=CARTESIAN_POINT('Ctrl Pts',(-23.4703614213639,-35.2347130314784,-3.08029334497943));
#5189=CARTESIAN_POINT('Ctrl Pts',(-22.2245465205984,-35.2347130314785,-6.04352529479844));
#5190=CARTESIAN_POINT('Ctrl Pts',(-22.0154792933153,-35.2347130314785,-6.48690504950297));
#5191=CARTESIAN_POINT('Ctrl Pts',(-21.7754184331028,-35.2347130314785,-6.9121764183146));
#5192=CARTESIAN_POINT('',(-16.1895628565198,-35.234713031478,3.));
#5193=CARTESIAN_POINT('',(-19.1657124551863,-35.234713031478,3.));
#5194=CARTESIAN_POINT('',(-16.1895628565191,-35.2347130314786,-10.));
#5195=CARTESIAN_POINT('',(-16.1895628565191,-35.2347130314786,-10.));
#5196=CARTESIAN_POINT('',(-16.7995545208276,-35.2347130314786,-10.));
#5197=CARTESIAN_POINT('',(-9.43285622759304,-35.2347130314785,-10.));
#5198=CARTESIAN_POINT('',(-21.0603107865861,-35.2347130314785,-8.10170660522601));
#5199=CARTESIAN_POINT('Ctrl Pts',(-21.0603107865861,-35.2347130314785,-8.10170660522601));
#5200=CARTESIAN_POINT('Ctrl Pts',(-20.8765121818238,-35.2347130314785,-8.38930733119219));
#5201=CARTESIAN_POINT('Ctrl Pts',(-20.6263071699966,-35.2347130314785,-8.65933506912188));
#5202=CARTESIAN_POINT('Ctrl Pts',(-20.1776146356122,-35.2347130314786,-9.03438320658511));
#5203=CARTESIAN_POINT('Ctrl Pts',(-19.9377009181145,-35.2347130314786,-9.19662705762835));
#5204=CARTESIAN_POINT('Ctrl Pts',(-19.4298601562381,-35.2347130314786,-9.47100208000771));
#5205=CARTESIAN_POINT('Ctrl Pts',(-19.1621480652639,-35.2347130314786,-9.5835309224324));
#5206=CARTESIAN_POINT('Ctrl Pts',(-18.5929465797962,-35.2347130314786,-9.77756132315526));
#5207=CARTESIAN_POINT('Ctrl Pts',(-18.2340778355414,-35.2347130314786,-9.86520378918393));
#5208=CARTESIAN_POINT('Ctrl Pts',(-17.5058164487617,-35.2347130314786,-9.9762077337633));
#5209=CARTESIAN_POINT('Ctrl Pts',(-17.1364895334714,-35.2347130314786,-10.));
#5210=CARTESIAN_POINT('Ctrl Pts',(-16.7995545208276,-35.2347130314786,-10.));
#5211=CARTESIAN_POINT('Origin',(0.300000000000262,-35.2347130314777,5.54914669735008));
#5212=CARTESIAN_POINT('Origin',(-19.1657124551864,-33.7347130314783,3.));
#5213=CARTESIAN_POINT('',(-23.511551810351,-34.1712463297406,4.43507445085872));
#5214=CARTESIAN_POINT('Ctrl Pts',(-23.511551810351,-34.1712463297406,4.43507445085872));
#5215=CARTESIAN_POINT('Ctrl Pts',(-23.5227818010817,-34.179863404703,4.43245323482881));
#5216=CARTESIAN_POINT('Ctrl Pts',(-23.5338956231312,-34.1886051779145,4.42970931812166));
#5217=CARTESIAN_POINT('Ctrl Pts',(-23.6434067040971,-34.2768848433308,4.40107820679793));
#5218=CARTESIAN_POINT('Ctrl Pts',(-23.7304658818199,-34.3645898860917,4.36539514709943));
#5219=CARTESIAN_POINT('Ctrl Pts',(-23.8979350872547,-34.5711463557064,4.25196629387943));
#5220=CARTESIAN_POINT('Ctrl Pts',(-23.9672446527573,-34.6868089177899,4.16900105013055));
#5221=CARTESIAN_POINT('Ctrl Pts',(-24.0687067659974,-34.9036563214341,3.95260215019509));
#5222=CARTESIAN_POINT('Ctrl Pts',(-24.0977940059421,-34.9987240294654,3.82375814962411));
#5223=CARTESIAN_POINT('Ctrl Pts',(-24.1320796107192,-35.1557088213759,3.5146135481564));
#5224=CARTESIAN_POINT('Ctrl Pts',(-24.1333567221814,-35.2087120492521,3.33456646983426));
#5225=CARTESIAN_POINT('Ctrl Pts',(-24.1253837599657,-35.2322293077795,3.09971949050496));
#5226=CARTESIAN_POINT('Ctrl Pts',(-24.1231034357011,-35.2347130314781,3.04982868499379));
#5227=CARTESIAN_POINT('Ctrl Pts',(-24.1203058385798,-35.2347130314781,3.));
#5228=CARTESIAN_POINT('',(-26.0917139576769,-33.755425681914,4.49985698855293));
#5229=CARTESIAN_POINT('Ctrl Pts',(-26.0917139576769,-33.755425681914,4.49985698855294));
#5230=CARTESIAN_POINT('Ctrl Pts',(-26.0642939614065,-33.7959217141173,4.49929774846175));
#5231=CARTESIAN_POINT('Ctrl Pts',(-26.0352082028628,-33.8352120851568,4.49711555617544));
#5232=CARTESIAN_POINT('Ctrl Pts',(-25.953860216999,-33.9360217755849,4.48776880491957));
#5233=CARTESIAN_POINT('Ctrl Pts',(-25.8990755924331,-33.9950312502969,4.47830479758948));
#5234=CARTESIAN_POINT('Ctrl Pts',(-25.6721440320697,-34.2084824827008,4.43242791997516));
#5235=CARTESIAN_POINT('Ctrl Pts',(-25.4746131915205,-34.3319383160269,4.37914686677242));
#5236=CARTESIAN_POINT('Ctrl Pts',(-25.1422221086451,-34.4606152324877,4.31364589836569));
#5237=CARTESIAN_POINT('Ctrl Pts',(-25.0197266676759,-34.4940468705057,4.29382727787173));
#5238=CARTESIAN_POINT('Ctrl Pts',(-24.7880248490422,-34.5317977351817,4.27085127916799));
#5239=CARTESIAN_POINT('Ctrl Pts',(-24.6810509884112,-34.5397559192626,4.26566557217105));
#5240=CARTESIAN_POINT('Ctrl Pts',(-24.476744585457,-34.5368066625438,4.26753640283337));
#5241=CARTESIAN_POINT('Ctrl Pts',(-24.3810323464028,-34.5277803233393,4.27335001028957));
#5242=CARTESIAN_POINT('Ctrl Pts',(-24.0578469549099,-34.4710860665834,4.30765126766932));
#5243=CARTESIAN_POINT('Ctrl Pts',(-23.8484172129322,-34.3889682627822,4.355177900419));
#5244=CARTESIAN_POINT('Ctrl Pts',(-23.6118777949766,-34.2441224212278,4.4112776538283));
#5245=CARTESIAN_POINT('Ctrl Pts',(-23.5607657284241,-34.2090094972623,4.42358732553138));
#5246=CARTESIAN_POINT('Ctrl Pts',(-23.511551810351,-34.1712463297406,4.43507445085872));
#5247=CARTESIAN_POINT('',(-26.9602054668305,-32.2347130314787,3.));
#5248=CARTESIAN_POINT('Ctrl Pts',(-26.9602054668305,-32.2347130314787,3.));
#5249=CARTESIAN_POINT('Ctrl Pts',(-26.9773871763453,-32.2347130314787,3.1837387123036));
#5250=CARTESIAN_POINT('Ctrl Pts',(-26.9720618847193,-32.2708541493772,3.37949668908189));
#5251=CARTESIAN_POINT('Ctrl Pts',(-26.9118992101199,-32.4137255160727,3.73613342089612));
#5252=CARTESIAN_POINT('Ctrl Pts',(-26.8571748374311,-32.5202438500701,3.8971160868183));
#5253=CARTESIAN_POINT('Ctrl Pts',(-26.7114426330203,-32.7816686003577,4.17733514183855));
#5254=CARTESIAN_POINT('Ctrl Pts',(-26.6046139843231,-32.9611658254083,4.30185427151197));
#5255=CARTESIAN_POINT('Ctrl Pts',(-26.364856934249,-33.3442930617021,4.46313766582692));
#5256=CARTESIAN_POINT('Ctrl Pts',(-26.2319147336952,-33.5478731456358,4.49999999999972));
#5257=CARTESIAN_POINT('Ctrl Pts',(-26.101068327771,-33.7416017291266,4.49999999999972));
#5258=CARTESIAN_POINT('Ctrl Pts',(-26.096399043234,-33.7485063747878,4.49995254245631));
#5259=CARTESIAN_POINT('Ctrl Pts',(-26.0917139576769,-33.755425681914,4.49985698855294));
#5260=CARTESIAN_POINT('',(-19.1657124551857,-32.2347130314786,3.));
#5261=CARTESIAN_POINT('',(-19.1657124551864,-32.2347130314786,3.));
#5262=CARTESIAN_POINT('Ctrl Pts',(-16.1895628565198,-35.234713031478,3.));
#5263=CARTESIAN_POINT('Ctrl Pts',(-16.1895628565198,-35.234713031478,3.10606565016147));
#5264=CARTESIAN_POINT('Ctrl Pts',(-16.202945413434,-35.2233217640046,3.21184198866637));
#5265=CARTESIAN_POINT('Ctrl Pts',(-16.2538226120925,-35.1797523860505,3.41562032079117));
#5266=CARTESIAN_POINT('Ctrl Pts',(-16.2913217106883,-35.1475615962673,3.51361849049982));
#5267=CARTESIAN_POINT('Ctrl Pts',(-16.4305960628811,-35.0269196822686,3.7873892768344));
#5268=CARTESIAN_POINT('Ctrl Pts',(-16.5600988881385,-34.913284129601,3.94274924543648));
#5269=CARTESIAN_POINT('Ctrl Pts',(-16.8498128213313,-34.652765631552,4.20326774348555));
#5270=CARTESIAN_POINT('Ctrl Pts',(-17.0372434466366,-34.4803063462341,4.31658005564595));
#5271=CARTESIAN_POINT('Ctrl Pts',(-17.4230014821028,-34.1127156874573,4.46506192249308));
#5272=CARTESIAN_POINT('Ctrl Pts',(-17.6213102857251,-33.9174713320402,4.49999999999972));
#5273=CARTESIAN_POINT('Ctrl Pts',(-17.9730676771945,-33.5604544917961,4.49999999999972));
#5274=CARTESIAN_POINT('Ctrl Pts',(-18.1568326382154,-33.3684217203367,4.46811277507699));
#5275=CARTESIAN_POINT('Ctrl Pts',(-18.499933296737,-32.9986238129899,4.32200499446058));
#5276=CARTESIAN_POINT('Ctrl Pts',(-18.6593132792831,-32.8209783426547,4.20758565473565));
#5277=CARTESIAN_POINT('Ctrl Pts',(-18.8952176734588,-32.5525254333244,3.93913274540528));
#5278=CARTESIAN_POINT('Ctrl Pts',(-18.9941503096714,-32.4373359799204,3.77913571947819));
#5279=CARTESIAN_POINT('Ctrl Pts',(-19.129421399056,-32.2781959002417,3.410850343452));
#5280=CARTESIAN_POINT('Ctrl Pts',(-19.1657124551857,-32.2347130314786,3.2023426440845));
#5281=CARTESIAN_POINT('Ctrl Pts',(-19.1657124551857,-32.2347130314786,3.));
#5282=CARTESIAN_POINT('Origin',(-19.1657124551864,-32.2347130314786,-10.));
#5283=CARTESIAN_POINT('',(-24.109882646829,-32.2347130314787,-6.85144119784592));
#5284=CARTESIAN_POINT('Origin',(0.300000000000225,-32.2347130314783,5.54914669734926));
#5285=CARTESIAN_POINT('',(-23.3683578949382,-32.2347130314787,-8.08875242652864));
#5286=CARTESIAN_POINT('Ctrl Pts',(-23.368357894966,-32.2347130314787,-8.0887524265486));
#5287=CARTESIAN_POINT('Ctrl Pts',(-23.6411284946197,-32.2347130314787,-7.70876840263854));
#5288=CARTESIAN_POINT('Ctrl Pts',(-23.8909726886485,-32.2347130314787,-7.28235354124205));
#5289=CARTESIAN_POINT('Ctrl Pts',(-24.109882646829,-32.2347130314787,-6.85144119784592));
#5290=CARTESIAN_POINT('',(-20.9878124804617,-32.2347130313856,-7.7571979268075));
#5291=CARTESIAN_POINT('Ctrl Pts',(-20.9878124807041,-32.2347130314786,-7.75719792650142));
#5292=CARTESIAN_POINT('Ctrl Pts',(-20.9878124807041,-32.2347130314786,-7.82192011201259));
#5293=CARTESIAN_POINT('Ctrl Pts',(-20.9906845867303,-32.2347130314786,-7.8866539025258));
#5294=CARTESIAN_POINT('Ctrl Pts',(-21.0046048919703,-32.2347130314786,-8.01218639948493));
#5295=CARTESIAN_POINT('Ctrl Pts',(-21.0152185576686,-32.2347130314786,-8.07274688804717));
#5296=CARTESIAN_POINT('Ctrl Pts',(-21.0553320701253,-32.2347130314786,-8.22663555939549));
#5297=CARTESIAN_POINT('Ctrl Pts',(-21.091650209621,-32.2347130314786,-8.31616488832725));
#5298=CARTESIAN_POINT('Ctrl Pts',(-21.2050747199033,-32.2347130314786,-8.5032966043843));
#5299=CARTESIAN_POINT('Ctrl Pts',(-21.2871761156401,-32.2347130314786,-8.5921930063455));
#5300=CARTESIAN_POINT('Ctrl Pts',(-21.4928334724138,-32.2347130314786,-8.74136896605457));
#5301=CARTESIAN_POINT('Ctrl Pts',(-21.6152080643338,-32.2347130314786,-8.79509648820656));
#5302=CARTESIAN_POINT('Ctrl Pts',(-21.8956927612423,-32.2347130314786,-8.86173401551276));
#5303=CARTESIAN_POINT('Ctrl Pts',(-22.0602705282144,-32.2347130314786,-8.86725559386522));
#5304=CARTESIAN_POINT('Ctrl Pts',(-22.4237748059129,-32.2347130314786,-8.80862987861272));
#5305=CARTESIAN_POINT('Ctrl Pts',(-22.6202018729373,-32.2347130314786,-8.73521245606075));
#5306=CARTESIAN_POINT('Ctrl Pts',(-23.0175683083694,-32.2347130314786,-8.48957605250795));
#5307=CARTESIAN_POINT('Ctrl Pts',(-23.2094368854909,-32.2347130314787,-8.31013788643732));
#5308=CARTESIAN_POINT('Ctrl Pts',(-23.3683578949422,-32.2347130314787,-8.08875242652397));
#5309=CARTESIAN_POINT('',(-19.6850705027375,-32.2347130314823,-9.69454732046325));
#5310=CARTESIAN_POINT('Ctrl Pts',(-19.6850705027361,-32.2347130314786,-9.69454732045994));
#5311=CARTESIAN_POINT('Ctrl Pts',(-19.8049557115835,-32.2347130314786,-9.64390434100547));
#5312=CARTESIAN_POINT('Ctrl Pts',(-19.9202011266138,-32.2347130315176,-9.58286000634107));
#5313=CARTESIAN_POINT('Ctrl Pts',(-20.1536801764166,-32.2347130315176,-9.43099394172672));
#5314=CARTESIAN_POINT('Ctrl Pts',(-20.2694043854554,-32.2347130314786,-9.33766427694936));
#5315=CARTESIAN_POINT('Ctrl Pts',(-20.5718907958534,-32.2347130314786,-9.03651838141412));
#5316=CARTESIAN_POINT('Ctrl Pts',(-20.7284918229921,-32.2347130314786,-8.80339165838771));
#5317=CARTESIAN_POINT('Ctrl Pts',(-20.9083229897003,-32.2347130314786,-8.36421913979765));
#5318=CARTESIAN_POINT('Ctrl Pts',(-20.9878124807041,-32.2347130314786,-8.10072481751854));
#5319=CARTESIAN_POINT('Ctrl Pts',(-20.9878124807041,-32.2347130314786,-7.7571979265014));
#5320=CARTESIAN_POINT('',(-19.6850705027436,-32.2347130314786,-10.));
#5321=CARTESIAN_POINT('',(-19.6850705027436,-32.2347130314786,-10.));
#5322=CARTESIAN_POINT('',(-19.1657124551864,-32.2347130314777,-10.));
#5323=CARTESIAN_POINT('',(-9.43285622759308,-32.2347130314785,-10.));
#5324=CARTESIAN_POINT('',(-19.1657124551864,-32.2347130314777,-10.));
#5325=CARTESIAN_POINT('Origin',(-19.1657124551866,-15.8999999999997,-6.35000000000001));
#5326=CARTESIAN_POINT('',(-29.2592220580004,-14.8499999999998,-6.35000000000001));
#5327=CARTESIAN_POINT('',(-29.2592220580004,-16.9499999999998,-6.35000000000001));
#5328=CARTESIAN_POINT('Ctrl Pts',(-29.2592220580004,-14.8499999999998,-6.35000000000001));
#5329=CARTESIAN_POINT('Ctrl Pts',(-29.3124738162243,-14.8499999999998,-6.21771483818501));
#5330=CARTESIAN_POINT('Ctrl Pts',(-29.3694009264799,-14.8764618635286,-6.07590556917219));
#5331=CARTESIAN_POINT('Ctrl Pts',(-29.4745285111275,-14.9863655992801,-5.81331544666916));
#5332=CARTESIAN_POINT('Ctrl Pts',(-29.5227290005656,-15.0698529968617,-5.69255365557827));
#5333=CARTESIAN_POINT('Ctrl Pts',(-29.5960151690438,-15.2591936150134,-5.50864220245422));
#5334=CARTESIAN_POINT('Ctrl Pts',(-29.6270651520629,-15.3745801027228,-5.43055633380991));
#5335=CARTESIAN_POINT('Ctrl Pts',(-29.6685283505174,-15.6292977057622,-5.32620166989165));
#5336=CARTESIAN_POINT('Ctrl Pts',(-29.6789228748901,-15.7686593584046,-5.30000000000001));
#5337=CARTESIAN_POINT('Ctrl Pts',(-29.6789228748901,-16.0313406415951,-5.30000000000001));
#5338=CARTESIAN_POINT('Ctrl Pts',(-29.6685283505173,-16.1707022942374,-5.32620166989165));
#5339=CARTESIAN_POINT('Ctrl Pts',(-29.6270651520629,-16.4254198972768,-5.43055633380991));
#5340=CARTESIAN_POINT('Ctrl Pts',(-29.5960151690437,-16.5408063849863,-5.50864220245422));
#5341=CARTESIAN_POINT('Ctrl Pts',(-29.5227290005656,-16.7301470031379,-5.69255365557827));
#5342=CARTESIAN_POINT('Ctrl Pts',(-29.4745285111274,-16.8136344007196,-5.81331544666916));
#5343=CARTESIAN_POINT('Ctrl Pts',(-29.3694009264798,-16.923538136471,-6.0759055691722));
#5344=CARTESIAN_POINT('Ctrl Pts',(-29.3124738162243,-16.9499999999998,-6.21771483818501));
#5345=CARTESIAN_POINT('Ctrl Pts',(-29.2592220580004,-16.9499999999998,-6.35000000000001));
#5346=CARTESIAN_POINT('Ctrl Pts',(-29.2592220580004,-16.9499999999998,-6.35000000000001));
#5347=CARTESIAN_POINT('Ctrl Pts',(-29.205886974197,-16.9499999999998,-6.48249215475051));
#5348=CARTESIAN_POINT('Ctrl Pts',(-29.1486023480373,-16.9234629037897,-6.62440010290761));
#5349=CARTESIAN_POINT('Ctrl Pts',(-29.0422865575674,-16.8134324713669,-6.8870407795328));
#5350=CARTESIAN_POINT('Ctrl Pts',(-28.9932674489741,-16.7298993387034,-7.00776171403696));
#5351=CARTESIAN_POINT('Ctrl Pts',(-28.9185336500647,-16.540592467446,-7.19149656075568));
#5352=CARTESIAN_POINT('Ctrl Pts',(-28.8867352632442,-16.4253020385899,-7.26950063604509));
#5353=CARTESIAN_POINT('Ctrl Pts',(-28.8441873951924,-16.170706799249,-7.37378779599011));
#5354=CARTESIAN_POINT('Ctrl Pts',(-28.8334756012691,-16.0313666639371,-7.40000000000001));
#5355=CARTESIAN_POINT('Ctrl Pts',(-28.8334756012691,-15.7686333360625,-7.40000000000001));
#5356=CARTESIAN_POINT('Ctrl Pts',(-28.8441873951924,-15.6292932007506,-7.37378779599011));
#5357=CARTESIAN_POINT('Ctrl Pts',(-28.8867352632443,-15.3746979614097,-7.26950063604509));
#5358=CARTESIAN_POINT('Ctrl Pts',(-28.9185336500648,-15.2594075325536,-7.19149656075568));
#5359=CARTESIAN_POINT('Ctrl Pts',(-28.9932674489742,-15.0701006612963,-7.00776171403696));
#5360=CARTESIAN_POINT('Ctrl Pts',(-29.0422865575675,-14.9865675286328,-6.88704077953281));
#5361=CARTESIAN_POINT('Ctrl Pts',(-29.1486023480374,-14.8765370962099,-6.62440010290761));
#5362=CARTESIAN_POINT('Ctrl Pts',(-29.2058869741971,-14.8499999999998,-6.4824921547505));
#5363=CARTESIAN_POINT('Ctrl Pts',(-29.2592220580004,-14.8499999999998,-6.35000000000001));
#5364=CARTESIAN_POINT('',(-25.0896496866097,-16.9499999999998,-6.35000000000001));
#5365=CARTESIAN_POINT('',(-19.1657124551866,-16.9499999999997,-6.35000000000001));
#5366=CARTESIAN_POINT('',(-25.0896496866097,-14.8499999999998,-6.35000000000001));
#5367=CARTESIAN_POINT('Ctrl Pts',(-25.0896496866097,-14.8499999999998,-6.35000000000001));
#5368=CARTESIAN_POINT('Ctrl Pts',(-25.0896496866097,-14.8499999999998,-6.48185644942429));
#5369=CARTESIAN_POINT('Ctrl Pts',(-25.0907825085171,-14.8763546143829,-6.62249150854554));
#5370=CARTESIAN_POINT('Ctrl Pts',(-25.0948763073088,-14.9835156276955,-6.88118536833277));
#5371=CARTESIAN_POINT('Ctrl Pts',(-25.0977784249838,-15.0643211993045,-6.99924543979651));
#5372=CARTESIAN_POINT('Ctrl Pts',(-25.1032279115819,-15.2507545510258,-7.18567879151776));
#5373=CARTESIAN_POINT('Ctrl Pts',(-25.106128948007,-15.3688146267722,-7.26648436978067));
#5374=CARTESIAN_POINT('Ctrl Pts',(-25.1102202746383,-15.6275084995983,-7.37364538948643));
#5375=CARTESIAN_POINT('Ctrl Pts',(-25.1113520145773,-15.7681435635572,-7.40000000000001));
#5376=CARTESIAN_POINT('Ctrl Pts',(-25.1113520145773,-16.0318564364423,-7.40000000000001));
#5377=CARTESIAN_POINT('Ctrl Pts',(-25.1102202746382,-16.1724915004012,-7.37364538948643));
#5378=CARTESIAN_POINT('Ctrl Pts',(-25.106128948007,-16.4311853732274,-7.26648436978067));
#5379=CARTESIAN_POINT('Ctrl Pts',(-25.1032279115819,-16.5492454489738,-7.18567879151776));
#5380=CARTESIAN_POINT('Ctrl Pts',(-25.0977784249837,-16.735678800695,-6.99924543979651));
#5381=CARTESIAN_POINT('Ctrl Pts',(-25.0948763073088,-16.816484372304,-6.88118536833277));
#5382=CARTESIAN_POINT('Ctrl Pts',(-25.090782508517,-16.9236453856166,-6.62249150854554));
#5383=CARTESIAN_POINT('Ctrl Pts',(-25.0896496866097,-16.9499999999998,-6.48185644942429));
#5384=CARTESIAN_POINT('Ctrl Pts',(-25.0896496866097,-16.9499999999998,-6.35000000000001));
#5385=CARTESIAN_POINT('Ctrl Pts',(-25.0896496866097,-16.9499999999998,-6.35000000000001));
#5386=CARTESIAN_POINT('Ctrl Pts',(-25.0896496866097,-16.9499999999998,-6.21814355057572));
#5387=CARTESIAN_POINT('Ctrl Pts',(-25.090782508517,-16.9236453856166,-6.07750849145447));
#5388=CARTESIAN_POINT('Ctrl Pts',(-25.0948763073088,-16.816484372304,-5.81881463166725));
#5389=CARTESIAN_POINT('Ctrl Pts',(-25.0977784249837,-16.735678800695,-5.70075456020351));
#5390=CARTESIAN_POINT('Ctrl Pts',(-25.1032279115819,-16.5492454489738,-5.51432120848226));
#5391=CARTESIAN_POINT('Ctrl Pts',(-25.106128948007,-16.4311853732274,-5.43351563021934));
#5392=CARTESIAN_POINT('Ctrl Pts',(-25.1102202746382,-16.1724915004012,-5.32635461051358));
#5393=CARTESIAN_POINT('Ctrl Pts',(-25.1113520145773,-16.0318564364423,-5.30000000000001));
#5394=CARTESIAN_POINT('Ctrl Pts',(-25.1113520145773,-15.7681435635572,-5.30000000000001));
#5395=CARTESIAN_POINT('Ctrl Pts',(-25.1102202746383,-15.6275084995983,-5.32635461051358));
#5396=CARTESIAN_POINT('Ctrl Pts',(-25.106128948007,-15.3688146267722,-5.43351563021934));
#5397=CARTESIAN_POINT('Ctrl Pts',(-25.1032279115819,-15.2507545510258,-5.51432120848226));
#5398=CARTESIAN_POINT('Ctrl Pts',(-25.0977784249838,-15.0643211993045,-5.70075456020351));
#5399=CARTESIAN_POINT('Ctrl Pts',(-25.0948763073088,-14.9835156276955,-5.81881463166725));
#5400=CARTESIAN_POINT('Ctrl Pts',(-25.0907825085171,-14.8763546143829,-6.07750849145448));
#5401=CARTESIAN_POINT('Ctrl Pts',(-25.0896496866097,-14.8499999999998,-6.21814355057572));
#5402=CARTESIAN_POINT('Ctrl Pts',(-25.0896496866097,-14.8499999999998,-6.35000000000001));
#5403=CARTESIAN_POINT('Origin',(-19.1657124551868,0.434713031479241,3.));
#5404=CARTESIAN_POINT('',(-26.9602054668314,0.434713031479138,3.));
#5405=CARTESIAN_POINT('',(-24.109882646827,0.434713031479175,-6.85144119785167));
#5406=CARTESIAN_POINT('Origin',(0.29999999999979,0.434713031479501,5.54914669734926));
#5407=CARTESIAN_POINT('',(-19.1657124551868,0.434713031479242,3.));
#5408=CARTESIAN_POINT('',(-19.1657124551868,0.434713031479242,3.));
#5409=CARTESIAN_POINT('',(-19.1657124551868,0.434713031479241,-10.));
#5410=CARTESIAN_POINT('',(-19.1657124551868,0.434713031479241,4.6));
#5411=CARTESIAN_POINT('',(-19.6850705027447,0.434713031479233,-10.));
#5412=CARTESIAN_POINT('',(-9.43285622759351,0.434713031479371,-10.));
#5413=CARTESIAN_POINT('',(-19.6850705027393,0.434713031482566,-9.69454732046138));
#5414=CARTESIAN_POINT('',(-19.6850705027447,0.434713031479233,-10.));
#5415=CARTESIAN_POINT('',(-20.9878124804599,0.43471303138622,-7.75719792680979));
#5416=CARTESIAN_POINT('Ctrl Pts',(-20.9878124807023,0.434713031479217,-7.75719792650372));
#5417=CARTESIAN_POINT('Ctrl Pts',(-20.9878124807023,0.434713031479217,-7.89954002511124));
#5418=CARTESIAN_POINT('Ctrl Pts',(-20.9739206062604,0.434713031479217,-8.04032821613159));
#5419=CARTESIAN_POINT('Ctrl Pts',(-20.9136651836872,0.434713031479217,-8.33451895847845));
#5420=CARTESIAN_POINT('Ctrl Pts',(-20.8642268045277,0.434713031479217,-8.48500907679756));
#5421=CARTESIAN_POINT('Ctrl Pts',(-20.6863766864496,0.434713031479219,-8.87013030606583));
#5422=CARTESIAN_POINT('Ctrl Pts',(-20.5293012614128,0.434713031479224,-9.08740974489241));
#5423=CARTESIAN_POINT('Ctrl Pts',(-20.1463697273809,0.434713031479229,-9.44993459574536));
#5424=CARTESIAN_POINT('Ctrl Pts',(-19.9255881502626,0.434713031479231,-9.59294571005813));
#5425=CARTESIAN_POINT('Ctrl Pts',(-19.685070502738,0.434713031479234,-9.69454732045842));
#5426=CARTESIAN_POINT('',(-23.368357894942,0.434713031479186,-8.08875242652794));
#5427=CARTESIAN_POINT('Ctrl Pts',(-23.3683578949413,0.434713031479185,-8.08875242652766));
#5428=CARTESIAN_POINT('Ctrl Pts',(-23.2675776904008,0.434713031479186,-8.22914463778621));
#5429=CARTESIAN_POINT('Ctrl Pts',(-23.1501257659968,0.434713031479365,-8.35736136797054));
#5430=CARTESIAN_POINT('Ctrl Pts',(-22.8915393413266,0.434713031479368,-8.57281147367787));
#5431=CARTESIAN_POINT('Ctrl Pts',(-22.7522271857624,0.434713031479193,-8.66145148758655));
#5432=CARTESIAN_POINT('Ctrl Pts',(-22.4408277833097,0.434713031479197,-8.7996160603472));
#5433=CARTESIAN_POINT('Ctrl Pts',(-22.26778662832,0.434713031479202,-8.84494750580286));
#5434=CARTESIAN_POINT('Ctrl Pts',(-21.9499190903002,0.434713031479206,-8.86313403897556));
#5435=CARTESIAN_POINT('Ctrl Pts',(-21.8074275608378,0.434713031479207,-8.84817760077114));
#5436=CARTESIAN_POINT('Ctrl Pts',(-21.5566215931653,0.434713031479211,-8.76992613167385));
#5437=CARTESIAN_POINT('Ctrl Pts',(-21.4484482353047,0.434713031474028,-8.71454884944832));
#5438=CARTESIAN_POINT('Ctrl Pts',(-21.2591202665473,0.434713031474031,-8.56436739870648));
#5439=CARTESIAN_POINT('Ctrl Pts',(-21.1816783772657,0.434713031479211,-8.47268866983482));
#5440=CARTESIAN_POINT('Ctrl Pts',(-21.0765193740509,0.434713031479212,-8.28216505596336));
#5441=CARTESIAN_POINT('Ctrl Pts',(-21.0437587063464,0.434713031478637,-8.19190420343748));
#5442=CARTESIAN_POINT('Ctrl Pts',(-20.9968176327367,0.434713031478638,-7.98589823381274));
#5443=CARTESIAN_POINT('Ctrl Pts',(-20.9878124807023,0.434713031479217,-7.87180158043091));
#5444=CARTESIAN_POINT('Ctrl Pts',(-20.9878124807023,0.434713031479217,-7.75719792650372));
#5445=CARTESIAN_POINT('Ctrl Pts',(-24.109882646827,0.434713031479175,-6.85144119785167));
#5446=CARTESIAN_POINT('Ctrl Pts',(-23.890994653807,0.434713031479178,-7.28231030402409));
#5447=CARTESIAN_POINT('Ctrl Pts',(-23.6411778300294,0.434713031479181,-7.70869967577769));
#5448=CARTESIAN_POINT('Ctrl Pts',(-23.3683578949687,0.434713031479185,-8.08875242654712));
#5449=CARTESIAN_POINT('Origin',(-19.1657124551869,3.43471303147924,-10.));
#5450=CARTESIAN_POINT('',(-16.1895628565213,3.43471303147873,3.));
#5451=CARTESIAN_POINT('',(-16.1895628565206,3.43471303147928,-10.));
#5452=CARTESIAN_POINT('',(-16.1895628565206,3.43471303147928,-10.));
#5453=CARTESIAN_POINT('',(-24.1203058385796,3.43471303147862,3.));
#5454=CARTESIAN_POINT('',(-19.1657124551869,3.43471303147869,3.));
#5455=CARTESIAN_POINT('',(-21.7754184331009,3.43471303147908,-6.9121764183201));
#5456=CARTESIAN_POINT('Ctrl Pts',(-21.7754184331009,3.43471303147908,-6.9121764183201));
#5457=CARTESIAN_POINT('Ctrl Pts',(-22.0154792933142,3.43471303147905,-6.48690504950742));
#5458=CARTESIAN_POINT('Ctrl Pts',(-22.2245465205979,3.43471303147903,-6.04352529480165));
#5459=CARTESIAN_POINT('Ctrl Pts',(-23.4703614213639,3.43471303147889,-3.08029334498089));
#5460=CARTESIAN_POINT('Ctrl Pts',(-23.9548852795289,3.43471303147875,0.0536540569828819));
#5461=CARTESIAN_POINT('Ctrl Pts',(-24.1203058385796,3.43471303147862,3.));
#5462=CARTESIAN_POINT('',(-21.0603107865873,3.43471303147913,-8.10170660522601));
#5463=CARTESIAN_POINT('Origin',(0.299999999999752,3.43471303147884,5.54914669735009));
#5464=CARTESIAN_POINT('',(-16.7995545208291,3.43471303147927,-10.));
#5465=CARTESIAN_POINT('Ctrl Pts',(-16.7995545208291,3.43471303147927,-10.));
#5466=CARTESIAN_POINT('Ctrl Pts',(-17.1364895334728,3.43471303147927,-10.));
#5467=CARTESIAN_POINT('Ctrl Pts',(-17.5058164487631,3.43471303147926,-9.9762077337633));
#5468=CARTESIAN_POINT('Ctrl Pts',(-18.2340778355427,3.43471303147925,-9.86520378918394));
#5469=CARTESIAN_POINT('Ctrl Pts',(-18.5929465797975,3.43471303147924,-9.77756132315527));
#5470=CARTESIAN_POINT('Ctrl Pts',(-19.1621480652652,3.43471303147922,-9.58353092243242));
#5471=CARTESIAN_POINT('Ctrl Pts',(-19.4298601562394,3.43471303147922,-9.47100208000773));
#5472=CARTESIAN_POINT('Ctrl Pts',(-19.9377009181158,3.4347130314792,-9.19662705762838));
#5473=CARTESIAN_POINT('Ctrl Pts',(-20.1776146356135,3.43471303147919,-9.03438320658513));
#5474=CARTESIAN_POINT('Ctrl Pts',(-20.6263071699979,3.43471303147917,-8.6593350691219));
#5475=CARTESIAN_POINT('Ctrl Pts',(-20.876512181825,3.43471303147915,-8.3893073311922));
#5476=CARTESIAN_POINT('Ctrl Pts',(-21.0603107865873,3.43471303147913,-8.10170660522601));
#5477=CARTESIAN_POINT('',(-9.43285622759355,3.43471303147937,-10.));
#5478=CARTESIAN_POINT('Origin',(-19.1657124551868,1.93471303147897,3.));
#5479=CARTESIAN_POINT('',(-26.0917139576769,1.955425681916,4.4998569885529));
#5480=CARTESIAN_POINT('Ctrl Pts',(-26.0917139576769,1.955425681916,4.49985698855292));
#5481=CARTESIAN_POINT('Ctrl Pts',(-26.0963990432344,1.94850637478929,4.49995254245631));
#5482=CARTESIAN_POINT('Ctrl Pts',(-26.1010683277717,1.94160172912761,4.49999999999972));
#5483=CARTESIAN_POINT('Ctrl Pts',(-26.2319147336962,1.74787314563625,4.49999999999972));
#5484=CARTESIAN_POINT('Ctrl Pts',(-26.36485693425,1.54429306170255,4.46313766582693));
#5485=CARTESIAN_POINT('Ctrl Pts',(-26.604613984324,1.16116582540879,4.30185427151198));
#5486=CARTESIAN_POINT('Ctrl Pts',(-26.7114426330213,0.981668600358159,4.17733514183855));
#5487=CARTESIAN_POINT('Ctrl Pts',(-26.857174837432,0.72024385007052,3.8971160868183));
#5488=CARTESIAN_POINT('Ctrl Pts',(-26.9118992101208,0.613725516073185,3.73613342089612));
#5489=CARTESIAN_POINT('Ctrl Pts',(-26.9720618847202,0.470854149377619,3.37949668908189));
#5490=CARTESIAN_POINT('Ctrl Pts',(-26.9773871763462,0.434713031479137,3.1837387123036));
#5491=CARTESIAN_POINT('Ctrl Pts',(-26.9602054668314,0.434713031479138,3.));
#5492=CARTESIAN_POINT('',(-23.511551810351,2.37124632974257,4.43507445085825));
#5493=CARTESIAN_POINT('Ctrl Pts',(-23.511551810351,2.37124632974258,4.43507445085829));
#5494=CARTESIAN_POINT('Ctrl Pts',(-23.5877940376294,2.42974904835692,4.41727859037255));
#5495=CARTESIAN_POINT('Ctrl Pts',(-23.6686051957544,2.48190098930177,4.39750500400773));
#5496=CARTESIAN_POINT('Ctrl Pts',(-23.9189935301234,2.61600877314524,4.33984118477875));
#5497=CARTESIAN_POINT('Ctrl Pts',(-24.0991901825981,2.6785249554711,4.30316099226781));
#5498=CARTESIAN_POINT('Ctrl Pts',(-24.3826503832771,2.72796973949939,4.27323013153784));
#5499=CARTESIAN_POINT('Ctrl Pts',(-24.4782642067287,2.73690279181725,4.26747545292581));
#5500=CARTESIAN_POINT('Ctrl Pts',(-24.682729130314,2.73969592122927,4.26570359870487));
#5501=CARTESIAN_POINT('Ctrl Pts',(-24.7899554541419,2.73161201527634,4.2709708251437));
#5502=CARTESIAN_POINT('Ctrl Pts',(-25.1344996012457,2.67505284948624,4.30537257986313));
#5503=CARTESIAN_POINT('Ctrl Pts',(-25.3542993931461,2.59074167716439,4.35473256797398));
#5504=CARTESIAN_POINT('Ctrl Pts',(-25.7033572624131,2.37837661159185,4.43653909452483));
#5505=CARTESIAN_POINT('Ctrl Pts',(-25.8458233837168,2.25862455199489,4.47149090457064));
#5506=CARTESIAN_POINT('Ctrl Pts',(-26.0119720590252,2.06605699981886,4.49513863866615));
#5507=CARTESIAN_POINT('Ctrl Pts',(-26.0534545066179,2.01193028340766,4.4990766741178));
#5508=CARTESIAN_POINT('Ctrl Pts',(-26.0917139576769,1.955425681916,4.49985698855292));
#5509=CARTESIAN_POINT('Ctrl Pts',(-24.1203058385796,3.43471303147862,3.));
#5510=CARTESIAN_POINT('Ctrl Pts',(-24.1208582051186,3.43471303147862,3.00983833521533));
#5511=CARTESIAN_POINT('Ctrl Pts',(-24.1213902788698,3.43461623749224,3.01968001767008));
#5512=CARTESIAN_POINT('Ctrl Pts',(-24.1297702749423,3.43144075304077,3.18098588287609));
#5513=CARTESIAN_POINT('Ctrl Pts',(-24.133046549035,3.40544206192394,3.33145292794788));
#5514=CARTESIAN_POINT('Ctrl Pts',(-24.1230506472247,3.3096221644027,3.61846467576235));
#5515=CARTESIAN_POINT('Ctrl Pts',(-24.1097606221911,3.24050129245337,3.75294187821874));
#5516=CARTESIAN_POINT('Ctrl Pts',(-24.0557368500824,3.07667130173157,3.98163953529567));
#5517=CARTESIAN_POINT('Ctrl Pts',(-24.0185108317716,2.98748029494844,4.07570374596532));
#5518=CARTESIAN_POINT('Ctrl Pts',(-23.8986785165838,2.77362179755333,4.25290252996789));
#5519=CARTESIAN_POINT('Ctrl Pts',(-23.8110017576117,2.65226007886503,4.32314429914388));
#5520=CARTESIAN_POINT('Ctrl Pts',(-23.6417349623568,2.47885592037575,4.39931273874008));
#5521=CARTESIAN_POINT('Ctrl Pts',(-23.5789399749408,2.42295508710274,4.41934523598302));
#5522=CARTESIAN_POINT('Ctrl Pts',(-23.511551810351,2.37124632974257,4.43507445085829));
#5523=CARTESIAN_POINT('Ctrl Pts',(-19.1657124551868,0.434713031479242,3.));
#5524=CARTESIAN_POINT('Ctrl Pts',(-19.1657124551868,0.434713031479241,3.2023426440845));
#5525=CARTESIAN_POINT('Ctrl Pts',(-19.1294213990571,0.478195900242315,3.410850343452));
#5526=CARTESIAN_POINT('Ctrl Pts',(-18.9941503096726,0.637335979921011,3.77913571947819));
#5527=CARTESIAN_POINT('Ctrl Pts',(-18.89521767346,0.752525433325003,3.93913274540529));
#5528=CARTESIAN_POINT('Ctrl Pts',(-18.6593132792843,1.02097834265538,4.20758565473566));
#5529=CARTESIAN_POINT('Ctrl Pts',(-18.4999332967382,1.19862381299054,4.32200499446058));
#5530=CARTESIAN_POINT('Ctrl Pts',(-18.1568326382166,1.56842172033739,4.468112775077));
#5531=CARTESIAN_POINT('Ctrl Pts',(-17.9730676771958,1.76045449179674,4.49999999999972));
#5532=CARTESIAN_POINT('Ctrl Pts',(-17.6213102857264,2.11747133204085,4.49999999999972));
#5533=CARTESIAN_POINT('Ctrl Pts',(-17.4230014821041,2.31271568745795,4.46506192249308));
#5534=CARTESIAN_POINT('Ctrl Pts',(-17.037243446638,2.68030634623481,4.31658005564595));
#5535=CARTESIAN_POINT('Ctrl Pts',(-16.8498128213327,2.85276563155269,4.20326774348555));
#5536=CARTESIAN_POINT('Ctrl Pts',(-16.5600988881399,3.11328412960177,3.94274924543648));
#5537=CARTESIAN_POINT('Ctrl Pts',(-16.4305960628825,3.22691968226935,3.7873892768344));
#5538=CARTESIAN_POINT('Ctrl Pts',(-16.2913217106897,3.34756159626801,3.51361849049982));
#5539=CARTESIAN_POINT('Ctrl Pts',(-16.253822612094,3.37975238605124,3.41562032079117));
#5540=CARTESIAN_POINT('Ctrl Pts',(-16.2029454134355,3.42332176400534,3.21184198866637));
#5541=CARTESIAN_POINT('Ctrl Pts',(-16.1895628565213,3.43471303147873,3.10606565016147));
#5542=CARTESIAN_POINT('Ctrl Pts',(-16.1895628565213,3.43471303147873,3.));
#5543=CARTESIAN_POINT('Origin',(1.39191589548207,-17.3230124999999,5.54914669734926));
#5544=CARTESIAN_POINT('',(-21.35078475271,-34.9088801485083,19.2000000000056));
#5545=CARTESIAN_POINT('Origin',(1.45700947349267,-17.4078441024723,5.54914669734926));
#5546=CARTESIAN_POINT('',(-20.9245936878026,-32.1862035455379,19.2));
#5547=CARTESIAN_POINT('Ctrl Pts',(-21.350784752712,-34.9088801485101,19.2));
#5548=CARTESIAN_POINT('Ctrl Pts',(-21.374831187423,-34.8814916764943,19.2));
#5549=CARTESIAN_POINT('Ctrl Pts',(-21.3975083783461,-34.8537896347401,19.2));
#5550=CARTESIAN_POINT('Ctrl Pts',(-21.418679950608,-34.8261983045855,19.2));
#5551=CARTESIAN_POINT('Ctrl Pts',(-21.5489011847124,-34.6564906882179,19.2));
#5552=CARTESIAN_POINT('Ctrl Pts',(-21.6590910703991,-34.4246500927697,19.2));
#5553=CARTESIAN_POINT('Ctrl Pts',(-21.7638682349024,-33.9979338278954,19.2));
#5554=CARTESIAN_POINT('Ctrl Pts',(-21.7718753429304,-33.7274764691806,19.2));
#5555=CARTESIAN_POINT('Ctrl Pts',(-21.6965034871088,-33.2669771798586,19.2));
#5556=CARTESIAN_POINT('Ctrl Pts',(-21.5935252894467,-32.996544027889,19.2));
#5557=CARTESIAN_POINT('Ctrl Pts',(-21.3352110740864,-32.5708626414288,19.2));
#5558=CARTESIAN_POINT('Ctrl Pts',(-21.1283107398915,-32.3425211375172,19.2));
#5559=CARTESIAN_POINT('Ctrl Pts',(-20.9245936878026,-32.1862035455379,19.2));
#5560=CARTESIAN_POINT('Origin',(0.300000000000005,-15.899999999999,5.54914669734926));
#5561=CARTESIAN_POINT('Origin',(0.300000000000005,-15.899999999999,5.54914669734926));
#5562=CARTESIAN_POINT('',(-18.7088801485161,-37.5507847527178,-8.10170660522601));
#5563=CARTESIAN_POINT('Origin',(0.300000000000236,-15.8999999999987,-8.10170660522653));
#5564=CARTESIAN_POINT('',(-18.7088801485093,-37.550784752709,19.2000000000056));
#5565=CARTESIAN_POINT('Origin',(-1.20784410247328,-14.7429905265063,5.54914669734926));
#5566=CARTESIAN_POINT('Origin',(0.299999999999798,-15.8999999999992,19.2000000000062));
#5567=CARTESIAN_POINT('Origin',(0.300000000000005,-15.899999999999,-6.68030299018108));
#5568=CARTESIAN_POINT('',(-16.7979827196289,-35.2361030132665,-10.));
#5569=CARTESIAN_POINT('Origin',(0.300000000000009,-15.899999999999,-10.));
#5570=CARTESIAN_POINT('Ctrl Pts',(-18.7088801485162,-37.5507847527177,-8.10170660522601));
#5571=CARTESIAN_POINT('Ctrl Pts',(-18.5631003203445,-37.3735490270802,-8.58580849113774));
#5572=CARTESIAN_POINT('Ctrl Pts',(-18.3414297655338,-37.1041498565795,-9.01337754029958));
#5573=CARTESIAN_POINT('Ctrl Pts',(-18.0691448928087,-36.7739304183969,-9.33420829384811));
#5574=CARTESIAN_POINT('Ctrl Pts',(-17.7060983958407,-36.3336378341518,-9.76198263191434));
#5575=CARTESIAN_POINT('Ctrl Pts',(-17.2530708892463,-35.7852203295825,-10.));
#5576=CARTESIAN_POINT('Ctrl Pts',(-16.7979827196289,-35.2361030132665,-10.));
#5577=CARTESIAN_POINT('Origin',(-0.791915895482059,-14.4769874999981,5.54914669734926));
#5578=CARTESIAN_POINT('',(-23.6648036997041,-31.8931919435685,-8.10170660522601));
#5579=CARTESIAN_POINT('Origin',(-0.857009473492657,-14.3921558975257,5.54914669734926));
#5580=CARTESIAN_POINT('Origin',(-22.3165391825546,-30.9934118542494,-7.33370694341819));
#5581=CARTESIAN_POINT('Origin',(0.300000000000009,-15.899999999999,-10.));
#5582=CARTESIAN_POINT('',(-20.1775223381973,-31.6129555370398,-8.205061927963));
#5583=CARTESIAN_POINT('Ctrl Pts',(-19.6850705027375,-32.2347130314861,-9.69454732046325));
#5584=CARTESIAN_POINT('Ctrl Pts',(-19.7434185837142,-32.1633257650081,-9.63254792746832));
#5585=CARTESIAN_POINT('Ctrl Pts',(-19.7977500374044,-32.0960692394637,-9.56197377342492));
#5586=CARTESIAN_POINT('Ctrl Pts',(-19.9514462078501,-31.9041400387604,-9.31967658766769));
#5587=CARTESIAN_POINT('Ctrl Pts',(-20.0332065766055,-31.7995287560115,-9.12482820545794));
#5588=CARTESIAN_POINT('Ctrl Pts',(-20.1185387530925,-31.6895984543268,-8.79886778233491));
#5589=CARTESIAN_POINT('Ctrl Pts',(-20.1405774794508,-31.6610047655138,-8.68322392186209));
#5590=CARTESIAN_POINT('Ctrl Pts',(-20.1701069201832,-31.6226334174326,-8.44643660090627));
#5591=CARTESIAN_POINT('Ctrl Pts',(-20.1775223381978,-31.6129555370402,-8.32590626147236));
#5592=CARTESIAN_POINT('Ctrl Pts',(-20.1775223381978,-31.6129555370402,-8.20506192796295));
#5593=CARTESIAN_POINT('',(-21.2199348042316,-30.1519577196262,-10.));
#5594=CARTESIAN_POINT('Ctrl Pts',(-20.1775223381978,-31.6129555370402,-8.20506192796295));
#5595=CARTESIAN_POINT('Ctrl Pts',(-20.1775223381978,-31.6129555370402,-8.43913122004714));
#5596=CARTESIAN_POINT('Ctrl Pts',(-20.2054579545468,-31.5767343351333,-8.67091714639555));
#5597=CARTESIAN_POINT('Ctrl Pts',(-20.3129301670472,-31.4351500934994,-9.10353041775002));
#5598=CARTESIAN_POINT('Ctrl Pts',(-20.391297967548,-31.3312358250161,-9.30022842465399));
#5599=CARTESIAN_POINT('Ctrl Pts',(-20.5858560466783,-31.0668660013471,-9.63255671612022));
#5600=CARTESIAN_POINT('Ctrl Pts',(-20.7000800764142,-30.9089529895375,-9.76503947308665));
#5601=CARTESIAN_POINT('Ctrl Pts',(-20.8872999863104,-30.6423379702162,-9.90375111216651));
#5602=CARTESIAN_POINT('Ctrl Pts',(-20.953057862472,-30.5474364109815,-9.93969349865216));
#5603=CARTESIAN_POINT('Ctrl Pts',(-21.0862675661936,-30.3522456882196,-9.98787386919657));
#5604=CARTESIAN_POINT('Ctrl Pts',(-21.1533700225799,-30.2524681049069,-10.));
#5605=CARTESIAN_POINT('Ctrl Pts',(-21.2199348042316,-30.1519577196262,-10.));
#5606=CARTESIAN_POINT('Origin',(0.300000000000009,-15.899999999999,-10.));
#5607=CARTESIAN_POINT('Ctrl Pts',(-21.2199348042316,-1.64804228037179,-10.));
#5608=CARTESIAN_POINT('Ctrl Pts',(-21.8016382181439,-1.23542118385361,-10.));
#5609=CARTESIAN_POINT('Ctrl Pts',(-22.8158299291128,-0.513576161350636,
-9.58348927907785));
#5610=CARTESIAN_POINT('Ctrl Pts',(-23.4781192136323,-0.040274027973359,
-8.58580850104782));
#5611=CARTESIAN_POINT('Ctrl Pts',(-23.6648036997048,0.0931919435707751,
-8.10170660522453));
#5612=CARTESIAN_POINT('Ctrl Pts',(-20.8932343322712,-1.22227793599378,-10.));
#5613=CARTESIAN_POINT('Ctrl Pts',(-21.4728093851573,-0.804830683965691,
-10.0082569059132));
#5614=CARTESIAN_POINT('Ctrl Pts',(-22.4888782264501,-0.0712696026430708,
-9.60641615984672));
#5615=CARTESIAN_POINT('Ctrl Pts',(-23.1601752251866,0.414961019050121,-8.60479925570394));
#5616=CARTESIAN_POINT('Ctrl Pts',(-23.350098917704,0.552599697757317,-8.1159505448985));
#5617=CARTESIAN_POINT('Ctrl Pts',(-20.3273892480202,-0.484854265100433,
-9.55014090383059));
#5618=CARTESIAN_POINT('Ctrl Pts',(-20.8199797081,-0.115091047336705,-9.56287756051002));
#5619=CARTESIAN_POINT('Ctrl Pts',(-21.6935676787489,0.541324451231986,-9.22363764018584));
#5620=CARTESIAN_POINT('Ctrl Pts',(-22.2756765909845,0.979160491090124,-8.35635912634331));
#5621=CARTESIAN_POINT('Ctrl Pts',(-22.4399509793116,1.10271811702788,-7.93210467572536));
#5622=CARTESIAN_POINT('Ctrl Pts',(-20.1280189087496,-0.225029780370934,
-8.60883015717538));
#5623=CARTESIAN_POINT('Ctrl Pts',(-20.456801307309,0.0273392869797159,-8.6126127424032));
#5624=CARTESIAN_POINT('Ctrl Pts',(-21.035139422705,0.471024821844368,-8.37675644296082));
#5625=CARTESIAN_POINT('Ctrl Pts',(-21.4165186658029,0.763641762879339,-7.79578931562467));
#5626=CARTESIAN_POINT('Ctrl Pts',(-21.5240330239813,0.846169525845974,-7.51290877045123));
#5627=CARTESIAN_POINT('Ctrl Pts',(-20.1280189087496,-0.225029780370934,
-8.20633199895715));
#5628=CARTESIAN_POINT('Ctrl Pts',(-20.3886119047639,-0.0250697416508227,
-8.20633199895715));
#5629=CARTESIAN_POINT('Ctrl Pts',(-20.8434207815879,0.323917383908588,-8.01486650053562));
#5630=CARTESIAN_POINT('Ctrl Pts',(-21.1407910706948,0.552097632163446,-7.55624337792265));
#5631=CARTESIAN_POINT('Ctrl Pts',(-21.2246232870542,0.616424354238108,-7.33370694340927));
#5632=CARTESIAN_POINT('',(-20.1775223381973,-0.187044462958181,-8.205061927963));
#5633=CARTESIAN_POINT('Ctrl Pts',(-20.1775217076726,-0.187044946776762,
-8.20504245044394));
#5634=CARTESIAN_POINT('Ctrl Pts',(-20.479029617069,0.0443102091921509,-8.18917475387417));
#5635=CARTESIAN_POINT('Ctrl Pts',(-20.7745600559218,0.271078690693222,-8.02647822661196));
#5636=CARTESIAN_POINT('Ctrl Pts',(-20.9878124807023,0.434713031479218,-7.75719792650372));
#5637=CARTESIAN_POINT('',(-21.2199348042316,-1.64804228037178,-10.));
#5638=CARTESIAN_POINT('Ctrl Pts',(-21.2199348042316,-1.64804228037178,-10.));
#5639=CARTESIAN_POINT('Ctrl Pts',(-21.0908982867375,-1.45320185925447,-10.));
#5640=CARTESIAN_POINT('Ctrl Pts',(-20.9603905276726,-1.26208906263547,-9.95443771343473));
#5641=CARTESIAN_POINT('Ctrl Pts',(-20.7123385239995,-0.908196968562043,
-9.77724421969078));
#5642=CARTESIAN_POINT('Ctrl Pts',(-20.5972414941018,-0.748801121498074,
-9.64743674124911));
#5643=CARTESIAN_POINT('Ctrl Pts',(-20.4002721604474,-0.480781330652004,
-9.3196765876677));
#5644=CARTESIAN_POINT('Ctrl Pts',(-20.3203865612875,-0.374731486596269,
-9.12482820545795));
#5645=CARTESIAN_POINT('Ctrl Pts',(-20.2362876362334,-0.26385487780414,-8.79886778233493));
#5646=CARTESIAN_POINT('Ctrl Pts',(-20.2143722958514,-0.235166511601585,
-8.68322392186213));
#5647=CARTESIAN_POINT('Ctrl Pts',(-20.184951201403,-0.196712026492556,-8.44643660090625));
#5648=CARTESIAN_POINT('Ctrl Pts',(-20.1775223381978,-0.187044462957814,
-8.32590626147231));
#5649=CARTESIAN_POINT('Ctrl Pts',(-20.1775223381978,-0.187044462957814,
-8.20506192796296));
#5650=CARTESIAN_POINT('',(-23.6648036997052,0.0931919435710538,-8.10170660522477));
#5651=CARTESIAN_POINT('Ctrl Pts',(-21.2199348042316,-1.64804228037179,-10.));
#5652=CARTESIAN_POINT('Ctrl Pts',(-21.8016382181439,-1.23542118385361,-10.));
#5653=CARTESIAN_POINT('Ctrl Pts',(-22.8158299291128,-0.513576161350636,
-9.58348927907785));
#5654=CARTESIAN_POINT('Ctrl Pts',(-23.4781192136323,-0.040274027973359,
-8.58580850104782));
#5655=CARTESIAN_POINT('Ctrl Pts',(-23.6648036997048,0.0931919435707751,
-8.10170660522453));
#5656=CARTESIAN_POINT('Origin',(-22.3165391825363,-0.806588145762748,-7.33370694340927));
#5657=CARTESIAN_POINT('Ctrl Pts',(-21.3303906770802,1.75161776113002,-8.8287448174307));
#5658=CARTESIAN_POINT('Ctrl Pts',(-20.8944361964157,1.40325314599547,-9.37786678235314));
#5659=CARTESIAN_POINT('Ctrl Pts',(-20.2892342536439,0.919112348729674,-9.69278005384522));
#5660=CARTESIAN_POINT('Ctrl Pts',(-19.6850705027354,0.434713031482771,-9.69454732046139));
#5661=CARTESIAN_POINT('Ctrl Pts',(-21.4599656432986,1.208850247703,-8.60153462604954));
#5662=CARTESIAN_POINT('Ctrl Pts',(-21.0653711536829,0.899921503430054,-9.09163336016522));
#5663=CARTESIAN_POINT('Ctrl Pts',(-20.5205278607313,0.472554496543985,-9.36950675665007));
#5664=CARTESIAN_POINT('Ctrl Pts',(-19.9764955062391,0.0460085420191076,
-9.36806175242137));
#5665=CARTESIAN_POINT('Ctrl Pts',(-21.3261106610017,0.694298355207127,-8.18285097474945));
#5666=CARTESIAN_POINT('Ctrl Pts',(-21.0162413120854,0.456699159383849,-8.56778654057642));
#5667=CARTESIAN_POINT('Ctrl Pts',(-20.5870699888569,0.12696881029984,-8.78908285328879));
#5668=CARTESIAN_POINT('Ctrl Pts',(-20.1559473617154,-0.20359952467772,-8.79137066652391));
#5669=CARTESIAN_POINT('Ctrl Pts',(-20.9878124807023,0.434713031479218,-7.75719792650372));
#5670=CARTESIAN_POINT('Ctrl Pts',(-20.7676584213904,0.265782880256112,-8.03519312971219));
#5671=CARTESIAN_POINT('Ctrl Pts',(-20.459814529704,0.0295659540806488,-8.19959403582824));
#5672=CARTESIAN_POINT('Ctrl Pts',(-20.1482317895621,-0.209519891418714,
-8.20612032851566));
#5673=CARTESIAN_POINT('Ctrl Pts',(-20.1775223381978,-0.187044462957816,
-8.20506192796295));
#5674=CARTESIAN_POINT('Ctrl Pts',(-20.1775223381978,-0.187044462957816,
-8.43913122004713));
#5675=CARTESIAN_POINT('Ctrl Pts',(-20.1497656133644,-0.150685992762973,
-8.67091714639555));
#5676=CARTESIAN_POINT('Ctrl Pts',(-20.0408215931892,-0.0102311088791357,
-9.10353041775003));
#5677=CARTESIAN_POINT('Ctrl Pts',(-19.9607311968336,0.0923613653153684,
-9.30022842465399));
#5678=CARTESIAN_POINT('Ctrl Pts',(-19.805622957545,0.286318343804476,-9.55166877121998));
#5679=CARTESIAN_POINT('Ctrl Pts',(-19.7476687754321,0.358125772762463,-9.62803176682991));
#5680=CARTESIAN_POINT('Ctrl Pts',(-19.6850705027393,0.434713031485898,-9.69454732046138));
#5681=CARTESIAN_POINT('Origin',(0.300000000000009,-15.899999999999,-10.));
#5682=CARTESIAN_POINT('Origin',(0.300000000000009,-15.899999999999,-10.));
#5683=CARTESIAN_POINT('Origin',(-0.791915895482055,-17.3230124999999,5.54914669734926));
#5684=CARTESIAN_POINT('',(-23.6648036996953,0.0931919435637377,19.2000000000056));
#5685=CARTESIAN_POINT('Origin',(-0.857009473492651,-17.4078441024723,5.54914669734926));
#5686=CARTESIAN_POINT('',(-20.9245936878026,0.386203545539863,19.2));
#5687=CARTESIAN_POINT('Ctrl Pts',(-23.6648036996975,0.0931919435652196,
19.2));
#5688=CARTESIAN_POINT('Ctrl Pts',(-23.644572142505,0.1235076740567,19.2));
#5689=CARTESIAN_POINT('Ctrl Pts',(-23.623683313834,0.15258197443117,19.2));
#5690=CARTESIAN_POINT('Ctrl Pts',(-23.6025117415721,0.180173304585798,19.2));
#5691=CARTESIAN_POINT('Ctrl Pts',(-23.4722905074676,0.349880920953427,19.2));
#5692=CARTESIAN_POINT('Ctrl Pts',(-23.2768689297353,0.516320938863888,19.2));
#5693=CARTESIAN_POINT('Ctrl Pts',(-22.891810994661,0.727970204267465,19.2));
#5694=CARTESIAN_POINT('Ctrl Pts',(-22.6326416390223,0.805703992029114,19.2));
#5695=CARTESIAN_POINT('Ctrl Pts',(-22.168325810727,0.852086356248438,19.2));
#5696=CARTESIAN_POINT('Ctrl Pts',(-21.8804547261696,0.822610305738769,19.2));
#5697=CARTESIAN_POINT('Ctrl Pts',(-21.4024214426611,0.683272383786218,19.2));
#5698=CARTESIAN_POINT('Ctrl Pts',(-21.1283107398915,0.542521137519185,19.2));
#5699=CARTESIAN_POINT('Ctrl Pts',(-20.9245936878026,0.386203545539859,19.2));
#5700=CARTESIAN_POINT('Origin',(0.300000000000011,-15.899999999999,5.54914669734926));
#5701=CARTESIAN_POINT('Origin',(0.300000000000007,-15.899999999999,-10.));
#5702=CARTESIAN_POINT('',(-22.8025248409747,-27.4108313684349,-10.));
#5703=CARTESIAN_POINT('Origin',(0.300000000000009,-15.899999999999,-10.));
#5704=CARTESIAN_POINT('',(-24.1753388952997,-24.0965650598671,-10.));
#5705=CARTESIAN_POINT('Origin',(0.300000000000009,-15.899999999999,-10.));
#5706=CARTESIAN_POINT('',(-24.994547779497,-21.0392358820312,-10.));
#5707=CARTESIAN_POINT('Origin',(0.300000000000009,-15.899999999999,-10.));
#5708=CARTESIAN_POINT('',(-25.4627890880631,-17.4825900367421,-10.));
#5709=CARTESIAN_POINT('Origin',(0.300000000000009,-15.899999999999,-10.));
#5710=CARTESIAN_POINT('',(-25.4627890880631,-14.3174099632559,-10.));
#5711=CARTESIAN_POINT('Origin',(0.300000000000009,-15.899999999999,-10.));
#5712=CARTESIAN_POINT('',(-24.994547779497,-10.7607641179668,-10.));
#5713=CARTESIAN_POINT('Origin',(0.300000000000009,-15.899999999999,-10.));
#5714=CARTESIAN_POINT('',(-24.1753388952997,-7.70343494013095,-10.));
#5715=CARTESIAN_POINT('Origin',(0.300000000000009,-15.899999999999,-10.));
#5716=CARTESIAN_POINT('',(-22.8025248409747,-4.3891686315631,-10.));
#5717=CARTESIAN_POINT('Origin',(0.300000000000009,-15.899999999999,-10.));
#5718=CARTESIAN_POINT('Origin',(0.300000000000009,-15.899999999999,-10.));
#5719=CARTESIAN_POINT('',(-19.1657124551868,-2.29999999999961,-10.));
#5720=CARTESIAN_POINT('',(-19.1657124551868,0.434713031479241,-10.));
#5721=CARTESIAN_POINT('',(-21.1657124551868,-2.29999999999903,-10.));
#5722=CARTESIAN_POINT('',(-19.1657124551868,-2.29999999999961,-10.));
#5723=CARTESIAN_POINT('',(-21.1657124551865,-29.4999999999995,-10.));
#5724=CARTESIAN_POINT('Origin',(0.300000000000009,-15.899999999999,-10.));
#5725=CARTESIAN_POINT('',(-19.1657124551864,-29.4999999999995,-10.));
#5726=CARTESIAN_POINT('',(-19.1657124551865,-29.4999999999995,-10.));
#5727=CARTESIAN_POINT('',(-19.1657124551864,-32.2347130314777,-10.));
#5728=CARTESIAN_POINT('Origin',(0.300000000000007,-15.899999999999,-10.));
#5729=CARTESIAN_POINT('Origin',(0.300000000000009,-15.899999999999,-10.));
#5730=CARTESIAN_POINT('',(-16.7979827196289,3.43610301326853,-10.));
#5731=CARTESIAN_POINT('Origin',(0.300000000000009,-15.899999999999,-10.));
#5732=CARTESIAN_POINT('',(-13.9519577196272,5.61993480423265,-10.));
#5733=CARTESIAN_POINT('Origin',(0.300000000000009,-15.899999999999,-10.));
#5734=CARTESIAN_POINT('',(-11.2108313684359,7.20252484097573,-10.));
#5735=CARTESIAN_POINT('Origin',(0.300000000000009,-15.899999999999,-10.));
#5736=CARTESIAN_POINT('',(-7.89656505986803,8.57533889530075,-10.));
#5737=CARTESIAN_POINT('Origin',(0.300000000000009,-15.899999999999,-10.));
#5738=CARTESIAN_POINT('',(-4.83923588203222,9.39454777949797,-10.));
#5739=CARTESIAN_POINT('Origin',(0.300000000000009,-15.899999999999,-10.));
#5740=CARTESIAN_POINT('',(-1.28259003674307,9.86278908806412,-10.));
#5741=CARTESIAN_POINT('Origin',(0.300000000000009,-15.899999999999,-10.));
#5742=CARTESIAN_POINT('',(1.8825900367431,9.86278908806412,-10.));
#5743=CARTESIAN_POINT('Origin',(0.300000000000009,-15.899999999999,-10.));
#5744=CARTESIAN_POINT('',(5.43923588203224,9.39454777949796,-10.));
#5745=CARTESIAN_POINT('Origin',(0.300000000000009,-15.899999999999,-10.));
#5746=CARTESIAN_POINT('',(8.49656505986806,8.57533889530075,-10.));
#5747=CARTESIAN_POINT('Origin',(0.300000000000009,-15.899999999999,-10.));
#5748=CARTESIAN_POINT('',(11.8108313684359,7.20252484097573,-10.));
#5749=CARTESIAN_POINT('Origin',(0.300000000000009,-15.899999999999,-10.));
#5750=CARTESIAN_POINT('',(14.5519577196272,5.61993480423264,-10.));
#5751=CARTESIAN_POINT('Origin',(0.300000000000009,-15.899999999999,-10.));
#5752=CARTESIAN_POINT('',(17.3979827196289,3.43610301326851,-10.));
#5753=CARTESIAN_POINT('Origin',(0.300000000000009,-15.899999999999,-10.));
#5754=CARTESIAN_POINT('',(19.6361030132675,1.19798271962991,-10.));
#5755=CARTESIAN_POINT('Origin',(0.300000000000009,-15.899999999999,-10.));
#5756=CARTESIAN_POINT('',(21.8199348042317,-1.64804228037178,-10.));
#5757=CARTESIAN_POINT('Origin',(0.300000000000009,-15.899999999999,-10.));
#5758=CARTESIAN_POINT('',(23.4025248409747,-4.3891686315631,-10.));
#5759=CARTESIAN_POINT('Origin',(0.300000000000009,-15.899999999999,-10.));
#5760=CARTESIAN_POINT('',(24.7753388952998,-7.70343494013096,-10.));
#5761=CARTESIAN_POINT('Origin',(0.300000000000009,-15.899999999999,-10.));
#5762=CARTESIAN_POINT('',(25.594547779497,-10.7607641179668,-10.));
#5763=CARTESIAN_POINT('Origin',(0.300000000000009,-15.899999999999,-10.));
#5764=CARTESIAN_POINT('',(26.0627890880631,-14.3174099632559,-10.));
#5765=CARTESIAN_POINT('Origin',(0.300000000000009,-15.899999999999,-10.));
#5766=CARTESIAN_POINT('',(26.0627890880631,-17.4825900367421,-10.));
#5767=CARTESIAN_POINT('Origin',(0.300000000000009,-15.899999999999,-10.));
#5768=CARTESIAN_POINT('',(25.594547779497,-21.0392358820312,-10.));
#5769=CARTESIAN_POINT('Origin',(0.300000000000009,-15.899999999999,-10.));
#5770=CARTESIAN_POINT('',(24.7753388952998,-24.096565059867,-10.));
#5771=CARTESIAN_POINT('Origin',(0.300000000000009,-15.899999999999,-10.));
#5772=CARTESIAN_POINT('',(23.4025248409747,-27.4108313684349,-10.));
#5773=CARTESIAN_POINT('Origin',(0.300000000000009,-15.899999999999,-10.));
#5774=CARTESIAN_POINT('',(21.8199348042317,-30.1519577196262,-10.));
#5775=CARTESIAN_POINT('Origin',(0.300000000000009,-15.899999999999,-10.));
#5776=CARTESIAN_POINT('',(19.6361030132675,-32.9979827196279,-10.));
#5777=CARTESIAN_POINT('Origin',(0.300000000000009,-15.899999999999,-10.));
#5778=CARTESIAN_POINT('',(17.3979827196289,-35.2361030132665,-10.));
#5779=CARTESIAN_POINT('Origin',(0.300000000000009,-15.899999999999,-10.));
#5780=CARTESIAN_POINT('',(14.5519577196272,-37.4199348042307,-10.));
#5781=CARTESIAN_POINT('Origin',(0.300000000000009,-15.899999999999,-10.));
#5782=CARTESIAN_POINT('',(11.8108313684359,-39.0025248409737,-10.));
#5783=CARTESIAN_POINT('Origin',(0.300000000000009,-15.899999999999,-10.));
#5784=CARTESIAN_POINT('',(8.49656505986806,-40.3753388952988,-10.));
#5785=CARTESIAN_POINT('Origin',(0.300000000000009,-15.899999999999,-10.));
#5786=CARTESIAN_POINT('',(5.43923588203225,-41.194547779496,-10.));
#5787=CARTESIAN_POINT('Origin',(0.300000000000009,-15.899999999999,-10.));
#5788=CARTESIAN_POINT('',(1.88259003674308,-41.6627890880621,-10.));
#5789=CARTESIAN_POINT('Origin',(0.300000000000009,-15.899999999999,-10.));
#5790=CARTESIAN_POINT('',(-1.28259003674308,-41.6627890880621,-10.));
#5791=CARTESIAN_POINT('Origin',(0.300000000000009,-15.899999999999,-10.));
#5792=CARTESIAN_POINT('',(-4.83923588203222,-41.194547779496,-10.));
#5793=CARTESIAN_POINT('Origin',(0.300000000000009,-15.899999999999,-10.));
#5794=CARTESIAN_POINT('',(-7.89656505986804,-40.3753388952988,-10.));
#5795=CARTESIAN_POINT('Origin',(0.300000000000009,-15.899999999999,-10.));
#5796=CARTESIAN_POINT('',(-11.2108313684359,-39.0025248409737,-10.));
#5797=CARTESIAN_POINT('Origin',(0.300000000000009,-15.899999999999,-10.));
#5798=CARTESIAN_POINT('',(-13.9519577196272,-37.4199348042307,-10.));
#5799=CARTESIAN_POINT('Origin',(0.300000000000009,-15.899999999999,-10.));
#5800=CARTESIAN_POINT('Origin',(0.300000000000009,-15.899999999999,-10.));
#5801=CARTESIAN_POINT('Origin',(0.300000000000011,-15.899999999999,-6.68030299018108));
#5802=CARTESIAN_POINT('',(-18.7088801485169,5.75078475272063,-8.10170660522477));
#5803=CARTESIAN_POINT('Origin',(0.300000000000264,-15.8999999999992,-8.10170660522653));
#5804=CARTESIAN_POINT('Ctrl Pts',(-16.7979827196289,3.43610301326852,-10.));
#5805=CARTESIAN_POINT('Ctrl Pts',(-17.2530708721774,3.98522030898884,-10.));
#5806=CARTESIAN_POINT('Ctrl Pts',(-18.0458778650267,4.94496150609631,-9.58348988931338));
#5807=CARTESIAN_POINT('Ctrl Pts',(-18.5631003173604,5.57354902345427,-8.58580850104782));
#5808=CARTESIAN_POINT('Ctrl Pts',(-18.7088801485166,5.75078475272026,-8.10170660522453));
#5809=CARTESIAN_POINT('Origin',(0.300000000000007,-15.899999999999,19.2));
#5810=CARTESIAN_POINT('',(1.35000000000001,-15.899999999999,14.2));
#5811=CARTESIAN_POINT('Origin',(0.300000000000007,-15.899999999999,14.2));
#5812=CARTESIAN_POINT('',(1.35000000000001,-15.899999999999,19.2));
#5813=CARTESIAN_POINT('',(1.35000000000001,-15.899999999999,19.2));
#5814=CARTESIAN_POINT('Origin',(0.300000000000007,-15.899999999999,19.2));
#5815=CARTESIAN_POINT('Origin',(0.300000000000007,-15.899999999999,19.2));
#5816=CARTESIAN_POINT('',(4.35000000000001,-15.899999999999,14.2));
#5817=CARTESIAN_POINT('Origin',(0.300000000000007,-15.899999999999,14.2));
#5818=CARTESIAN_POINT('',(4.35000000000001,-15.899999999999,17.7));
#5819=CARTESIAN_POINT('',(4.35000000000001,-15.899999999999,19.2));
#5820=CARTESIAN_POINT('Origin',(0.300000000000007,-15.899999999999,17.7));
#5821=CARTESIAN_POINT('Origin',(0.300000000000007,-15.899999999999,14.2));
#5822=CARTESIAN_POINT('Origin',(0.300000000000007,-15.899999999999,17.7));
#5823=CARTESIAN_POINT('',(17.6676224973012,2.65000000000098,17.7));
#5824=CARTESIAN_POINT('',(17.6676224973012,-5.94999999999904,17.7));
#5825=CARTESIAN_POINT('',(17.6676224973012,2.65000000000098,17.7));
#5826=CARTESIAN_POINT('',(12.3676224973012,-5.94999999999906,17.7));
#5827=CARTESIAN_POINT('',(6.33381124865059,-5.94999999999909,17.7));
#5828=CARTESIAN_POINT('',(8.3676224973012,-5.94999999999906,17.7));
#5829=CARTESIAN_POINT('',(12.3676224973012,-5.94999999999906,17.7));
#5830=CARTESIAN_POINT('',(8.36762249730113,6.19668604704494,17.7));
#5831=CARTESIAN_POINT('',(8.36762249730116,2.65000000000094,17.7));
#5832=CARTESIAN_POINT('',(6.86762249730113,6.19668604704493,17.7));
#5833=CARTESIAN_POINT('',(8.36762249730113,6.19668604704494,17.7));
#5834=CARTESIAN_POINT('',(6.86762249730113,-40.4479764123574,17.7));
#5835=CARTESIAN_POINT('',(6.86762249730113,6.19668604704492,17.7));
#5836=CARTESIAN_POINT('',(-19.1657124551864,-32.2347130314777,17.7));
#5837=CARTESIAN_POINT('Origin',(0.300000000000009,-15.899999999999,17.7));
#5838=CARTESIAN_POINT('',(-19.1657124551868,0.434713031479239,17.7));
#5839=CARTESIAN_POINT('',(-19.1657124551868,-2.29999999999961,17.7));
#5840=CARTESIAN_POINT('',(14.7676224973012,4.99078051400637,17.7));
#5841=CARTESIAN_POINT('Origin',(0.300000000000009,-15.899999999999,17.7));
#5842=CARTESIAN_POINT('',(14.7676224973011,2.65000000000096,17.7));
#5843=CARTESIAN_POINT('',(14.7676224973011,2.65000000000097,17.7));
#5844=CARTESIAN_POINT('',(8.36762249730116,2.65000000000094,17.7));
#5845=CARTESIAN_POINT('Origin',(17.6676224973012,-15.899999999999,20.3059593023256));
#5846=CARTESIAN_POINT('',(17.6676224973012,-34.449999999999,4.6));
#5847=CARTESIAN_POINT('',(17.6676224973012,2.65000000000098,4.6));
#5848=CARTESIAN_POINT('Ctrl Pts',(17.6676224973011,-34.449999999999,4.59999999999998));
#5849=CARTESIAN_POINT('Ctrl Pts',(18.0787877606773,-34.0650424216528,4.03313658723306));
#5850=CARTESIAN_POINT('Ctrl Pts',(18.484108343535,-33.6597321875442,3.48827201532484));
#5851=CARTESIAN_POINT('Ctrl Pts',(19.756113995852,-32.2967477575603,1.80809515827816));
#5852=CARTESIAN_POINT('Ctrl Pts',(20.6450068591449,-31.1984542716149,0.681960707232912));
#5853=CARTESIAN_POINT('Ctrl Pts',(22.2952174060915,-28.7129785272379,-1.3621446152267));
#5854=CARTESIAN_POINT('Ctrl Pts',(23.0561225846036,-27.3255785800601,-2.28018378286917));
#5855=CARTESIAN_POINT('Ctrl Pts',(24.3276340675343,-24.3295809093271,-3.79788101222617));
#5856=CARTESIAN_POINT('Ctrl Pts',(24.8394886235059,-22.7170999964012,-4.39917356289789));
#5857=CARTESIAN_POINT('Ctrl Pts',(25.5314686866016,-19.368766679308,-5.20950575579292));
#5858=CARTESIAN_POINT('Ctrl Pts',(25.7113520145773,-17.6328112680657,-5.41832653941685));
#5859=CARTESIAN_POINT('Ctrl Pts',(25.7113520145773,-14.2146591518209,-5.41832653941685));
#5860=CARTESIAN_POINT('Ctrl Pts',(25.5410613192974,-12.5216999243199,-5.22061813605838));
#5861=CARTESIAN_POINT('Ctrl Pts',(24.8820977620419,-9.24834175120821,-4.44918201312466));
#5862=CARTESIAN_POINT('Ctrl Pts',(24.3936899221379,-7.66783123971335,-3.87570135372265));
#5863=CARTESIAN_POINT('Ctrl Pts',(23.1769750143657,-4.72330789061582,-2.42531376200368));
#5864=CARTESIAN_POINT('Ctrl Pts',(22.4475146667982,-3.35547690368682,-1.54687917192002));
#5865=CARTESIAN_POINT('Ctrl Pts',(20.86139195538,-0.896446212922258,0.41083005893934));
#5866=CARTESIAN_POINT('Ctrl Pts',(20.0051356623383,0.194978305184799,1.49015128402721));
#5867=CARTESIAN_POINT('Ctrl Pts',(18.67463556778,1.66774173480339,3.23282206963758));
#5868=CARTESIAN_POINT('Ctrl Pts',(18.1750480772812,2.17491774023989,3.90042486169469));
#5869=CARTESIAN_POINT('Ctrl Pts',(17.6676224973012,2.65000000000098,4.6));
#5870=CARTESIAN_POINT('',(23.7902142414707,-37.4172710163105,6.83626895534248));
#5871=CARTESIAN_POINT('Ctrl Pts',(17.6676224973012,-34.449999999999,4.6));
#5872=CARTESIAN_POINT('Ctrl Pts',(18.8392393839397,-35.0830128152381,5.02793159834781));
#5873=CARTESIAN_POINT('Ctrl Pts',(20.0103946500547,-35.6720597617612,5.45569459037841));
#5874=CARTESIAN_POINT('Ctrl Pts',(22.0234301052963,-36.6296457242723,6.19095326556184));
#5875=CARTESIAN_POINT('Ctrl Pts',(22.9010833783699,-37.0290144102559,6.51151502275803));
#5876=CARTESIAN_POINT('Ctrl Pts',(23.7902142415562,-37.4172710163888,6.83626895534716));
#5877=CARTESIAN_POINT('',(24.3911930295539,-36.7814712810179,5.68470610119771));
#5878=CARTESIAN_POINT('Ctrl Pts',(24.3911930295539,-36.7814712810179,5.68470610119772));
#5879=CARTESIAN_POINT('Ctrl Pts',(24.1959954528688,-37.0042182318309,6.06283141771514));
#5880=CARTESIAN_POINT('Ctrl Pts',(23.9956356012213,-37.2163017760534,6.44696472076254));
#5881=CARTESIAN_POINT('Ctrl Pts',(23.7902142413296,-37.4172710162966,6.83626895527521));
#5882=CARTESIAN_POINT('',(24.0085131373034,-34.0921819751056,2.54572883890116));
#5883=CARTESIAN_POINT('Ctrl Pts',(24.0085131373034,-34.0921819751056,2.54572883890116));
#5884=CARTESIAN_POINT('Ctrl Pts',(24.0108455555419,-34.0939717025672,2.5469733582914));
#5885=CARTESIAN_POINT('Ctrl Pts',(24.0131724328979,-34.0957654470278,2.54822377803966));
#5886=CARTESIAN_POINT('Ctrl Pts',(24.1972858589801,-34.2383488915966,2.64786410540751));
#5887=CARTESIAN_POINT('Ctrl Pts',(24.3560437785028,-34.4120504064423,2.78809673184516));
#5888=CARTESIAN_POINT('Ctrl Pts',(24.6487620767437,-34.86799056965,3.2041511524071));
#5889=CARTESIAN_POINT('Ctrl Pts',(24.7547550259784,-35.1600109701096,3.50268016956422));
#5890=CARTESIAN_POINT('Ctrl Pts',(24.8326345570774,-35.8376452969163,4.28668843150987));
#5891=CARTESIAN_POINT('Ctrl Pts',(24.7584459569624,-36.1983631036747,4.76866653941125));
#5892=CARTESIAN_POINT('Ctrl Pts',(24.5320587855651,-36.6030352388318,5.38945014363914));
#5893=CARTESIAN_POINT('Ctrl Pts',(24.465787144686,-36.6963492627202,5.54020674893306));
#5894=CARTESIAN_POINT('Ctrl Pts',(24.3911930295539,-36.7814712810179,5.68470610119771));
#5895=CARTESIAN_POINT('',(26.4955036295558,-33.6048682018265,1.4536574287685));
#5896=CARTESIAN_POINT('Ctrl Pts',(26.4955036295558,-33.6048682018265,1.4536574287685));
#5897=CARTESIAN_POINT('Ctrl Pts',(26.4771109037519,-33.6409487727425,1.49199107509595));
#5898=CARTESIAN_POINT('Ctrl Pts',(26.4574472107987,-33.6763625150614,1.53022581583487));
#5899=CARTESIAN_POINT('Ctrl Pts',(26.3151529196593,-33.9120201335337,1.78884639013494));
#5900=CARTESIAN_POINT('Ctrl Pts',(26.1567777693307,-34.0789756920139,1.99323548615207));
#5901=CARTESIAN_POINT('Ctrl Pts',(25.8344473179794,-34.298035551092,2.29505448762108));
#5902=CARTESIAN_POINT('Ctrl Pts',(25.6756196933761,-34.3738456503127,2.41344774437746));
#5903=CARTESIAN_POINT('Ctrl Pts',(25.3570474699631,-34.4575612805437,2.58163475924353));
#5904=CARTESIAN_POINT('Ctrl Pts',(25.2071328350592,-34.4763334146999,2.63980499622935));
#5905=CARTESIAN_POINT('Ctrl Pts',(24.8965388697004,-34.468340240773,2.71093208498612));
#5906=CARTESIAN_POINT('Ctrl Pts',(24.7432458535984,-34.4429693208334,2.72342780420175));
#5907=CARTESIAN_POINT('Ctrl Pts',(24.4220112755562,-34.3439553788188,2.70151423625614));
#5908=CARTESIAN_POINT('Ctrl Pts',(24.2643473724693,-34.2668187686449,2.66088129158878));
#5909=CARTESIAN_POINT('Ctrl Pts',(24.0838139125486,-34.1478607972939,2.58385301524183));
#5910=CARTESIAN_POINT('Ctrl Pts',(24.0456981764082,-34.1207150591598,2.56556983543835));
#5911=CARTESIAN_POINT('Ctrl Pts',(24.0085131373034,-34.0921819751056,2.54572883890118));
#5912=CARTESIAN_POINT('',(28.126961608664,-29.48349507146,-2.03957322584911));
#5913=CARTESIAN_POINT('Ctrl Pts',(28.126961608664,-29.48349507146,-2.03957322584912));
#5914=CARTESIAN_POINT('Ctrl Pts',(27.96968740911,-29.9988262212002,-1.69385813210541));
#5915=CARTESIAN_POINT('Ctrl Pts',(27.8030986035985,-30.4978992102411,-1.33026020013118));
#5916=CARTESIAN_POINT('Ctrl Pts',(27.2816961936932,-31.9291180791909,-0.202311083593272));
#5917=CARTESIAN_POINT('Ctrl Pts',(26.9016423500759,-32.8081555740384,0.60719354743758));
#5918=CARTESIAN_POINT('Ctrl Pts',(26.4955036295559,-33.6048682018265,1.4536574287685));
#5919=CARTESIAN_POINT('',(26.8529629354922,-26.89859736907,-3.17098026783692));
#5920=CARTESIAN_POINT('Ctrl Pts',(26.8529629354922,-26.89859736907,-3.17098026783475));
#5921=CARTESIAN_POINT('Ctrl Pts',(27.0628965270234,-26.9855547098798,-3.17111986785511));
#5922=CARTESIAN_POINT('Ctrl Pts',(27.2559831536787,-27.1082723486558,-3.15086522422649));
#5923=CARTESIAN_POINT('Ctrl Pts',(27.6407045334207,-27.4431654660443,-3.06386251915538));
#5924=CARTESIAN_POINT('Ctrl Pts',(27.8144873082168,-27.6669720866769,-2.98698270791617));
#5925=CARTESIAN_POINT('Ctrl Pts',(28.0886944425777,-28.1814537438921,-2.77507748271718));
#5926=CARTESIAN_POINT('Ctrl Pts',(28.1744995281671,-28.4745489385279,-2.6344425045889));
#5927=CARTESIAN_POINT('Ctrl Pts',(28.2202017805267,-29.0113900169565,-2.34057296234224));
#5928=CARTESIAN_POINT('Ctrl Pts',(28.1963860787922,-29.2560159800853,-2.19217986614047));
#5929=CARTESIAN_POINT('Ctrl Pts',(28.126961608664,-29.48349507146,-2.03957322584912));
#5930=CARTESIAN_POINT('',(29.047734663729,-25.7505114117018,-4.09320661659651));
#5931=CARTESIAN_POINT('Ctrl Pts',(29.047734663729,-25.7505114117018,-4.09320661659651));
#5932=CARTESIAN_POINT('Ctrl Pts',(29.0327424475252,-25.8274678664393,-4.05928666246295));
#5933=CARTESIAN_POINT('Ctrl Pts',(29.0129110735427,-25.903120164926,-4.02453690920259));
#5934=CARTESIAN_POINT('Ctrl Pts',(28.9179572663251,-26.1866730992544,-3.88880078669883));
#5935=CARTESIAN_POINT('Ctrl Pts',(28.8087747903816,-26.3801966665203,-3.78425072164252));
#5936=CARTESIAN_POINT('Ctrl Pts',(28.5325129909871,-26.6883282687095,-3.59423702683669));
#5937=CARTESIAN_POINT('Ctrl Pts',(28.3758657852225,-26.8075239607834,-3.50935635169092));
#5938=CARTESIAN_POINT('Ctrl Pts',(28.0259720836765,-26.9737442205314,-3.36440022451619));
#5939=CARTESIAN_POINT('Ctrl Pts',(27.8398222724955,-27.0222090967478,-3.305185093634));
#5940=CARTESIAN_POINT('Ctrl Pts',(27.4396940368034,-27.0488820132501,-3.2145496864105));
#5941=CARTESIAN_POINT('Ctrl Pts',(27.2324134406665,-27.0232222256752,-3.18629517530505));
#5942=CARTESIAN_POINT('Ctrl Pts',(26.9706765958923,-26.9440612539697,-3.17257209061246));
#5943=CARTESIAN_POINT('Ctrl Pts',(26.9112146348084,-26.922726012958,-3.17101900360041));
#5944=CARTESIAN_POINT('Ctrl Pts',(26.8529629354922,-26.89859736907,-3.17098026783475));
#5945=CARTESIAN_POINT('',(29.6518797862043,-21.6812443455971,-5.4728389509773));
#5946=CARTESIAN_POINT('Ctrl Pts',(29.6518797862043,-21.6812443455971,-5.4728389509773));
#5947=CARTESIAN_POINT('Ctrl Pts',(29.5303778202681,-22.8319952552655,-5.19281126901125));
#5948=CARTESIAN_POINT('Ctrl Pts',(29.3711128337075,-23.9672742440584,-4.82717127090007));
#5949=CARTESIAN_POINT('Ctrl Pts',(29.1346123770588,-25.2946867522596,-4.28997235476561));
#5950=CARTESIAN_POINT('Ctrl Pts',(29.0919599449283,-25.5234988870286,-4.19326650697113));
#5951=CARTESIAN_POINT('Ctrl Pts',(29.047734663729,-25.7505114117018,-4.09320661659652));
#5952=CARTESIAN_POINT('',(27.9654474020681,-19.542225247354,-5.56061542073668));
#5953=CARTESIAN_POINT('Ctrl Pts',(27.9654474020681,-19.542225247354,-5.56061542073668));
#5954=CARTESIAN_POINT('Ctrl Pts',(27.9685280521625,-19.5426308226331,-5.56110687273463));
#5955=CARTESIAN_POINT('Ctrl Pts',(27.971608166116,-19.5430442700556,-5.56159711437977));
#5956=CARTESIAN_POINT('Ctrl Pts',(28.2175219012056,-19.5766879878239,-5.60064767835143));
#5957=CARTESIAN_POINT('Ctrl Pts',(28.4527377229847,-19.6582554923298,-5.63110992663864));
#5958=CARTESIAN_POINT('Ctrl Pts',(28.8841285200327,-19.9074270010815,-5.67075621879447));
#5959=CARTESIAN_POINT('Ctrl Pts',(29.0759619384339,-20.0739070010995,-5.67923809043084));
#5960=CARTESIAN_POINT('Ctrl Pts',(29.3875809574925,-20.4676074065798,-5.66871735881664));
#5961=CARTESIAN_POINT('Ctrl Pts',(29.5049652930684,-20.6912194837788,-5.6498246074542));
#5962=CARTESIAN_POINT('Ctrl Pts',(29.6484351838986,-21.1610252726719,-5.58445508491052));
#5963=CARTESIAN_POINT('Ctrl Pts',(29.6753611535588,-21.4027685179311,-5.53909983773667));
#5964=CARTESIAN_POINT('Ctrl Pts',(29.6546101958059,-21.6538935690111,-5.47945463776399));
#5965=CARTESIAN_POINT('Ctrl Pts',(29.6533220820519,-21.6675842928904,-5.4761630351582));
#5966=CARTESIAN_POINT('Ctrl Pts',(29.6518797862043,-21.6812443455971,-5.4728389509773));
#5967=CARTESIAN_POINT('',(29.9166489514442,-17.8821097417665,-6.0855061405193));
#5968=CARTESIAN_POINT('Ctrl Pts',(29.9166489514442,-17.8821097417665,-6.08550614051931));
#5969=CARTESIAN_POINT('Ctrl Pts',(29.9140953305374,-17.9550893662717,-6.07957352424861));
#5970=CARTESIAN_POINT('Ctrl Pts',(29.9071957236449,-18.0278368087408,-6.07258406756116));
#5971=CARTESIAN_POINT('Ctrl Pts',(29.8719768595591,-18.2533536064377,-6.04753889509633));
#5972=CARTESIAN_POINT('Ctrl Pts',(29.828488399637,-18.4025169798645,-6.02602582254702));
#5973=CARTESIAN_POINT('Ctrl Pts',(29.6755087535031,-18.7495215463664,-5.96404510550518));
#5974=CARTESIAN_POINT('Ctrl Pts',(29.5463797723726,-18.9347010886113,-5.92002933947765));
#5975=CARTESIAN_POINT('Ctrl Pts',(29.2228250763414,-19.2444849910071,-5.82481944278591));
#5976=CARTESIAN_POINT('Ctrl Pts',(29.031498421785,-19.3651540688643,-5.7747094677205));
#5977=CARTESIAN_POINT('Ctrl Pts',(28.6038269094117,-19.5279337148481,-5.67643579435841));
#5978=CARTESIAN_POINT('Ctrl Pts',(28.3712778731723,-19.5652027435815,-5.62964160899092));
#5979=CARTESIAN_POINT('Ctrl Pts',(28.0794063068429,-19.5545274944734,-5.57917364833901));
#5980=CARTESIAN_POINT('Ctrl Pts',(28.0222571003944,-19.5497043860258,-5.56967819608924));
#5981=CARTESIAN_POINT('Ctrl Pts',(27.9654474020681,-19.542225247354,-5.56061542073668));
#5982=CARTESIAN_POINT('',(29.9166489514442,-13.9178902582315,-6.0855061405193));
#5983=CARTESIAN_POINT('Ctrl Pts',(29.9166489514442,-13.9178902582315,-6.08550614051931));
#5984=CARTESIAN_POINT('Ctrl Pts',(29.9399983895274,-14.5851910385343,-6.13975195904085));
#5985=CARTESIAN_POINT('Ctrl Pts',(29.9512505712993,-15.2477159397624,-6.16593505043382));
#5986=CARTESIAN_POINT('Ctrl Pts',(29.9512505712993,-16.5522840602355,-6.16593505043382));
#5987=CARTESIAN_POINT('Ctrl Pts',(29.9399983895274,-17.2148089614637,-6.13975195904085));
#5988=CARTESIAN_POINT('Ctrl Pts',(29.9166489514442,-17.8821097417665,-6.08550614051931));
#5989=CARTESIAN_POINT('',(27.9654474020681,-12.257774752644,-5.56061542073668));
#5990=CARTESIAN_POINT('Ctrl Pts',(27.9654474020681,-12.257774752644,-5.56061542073668));
#5991=CARTESIAN_POINT('Ctrl Pts',(28.1046082877082,-12.239453874483,-5.58281557109086));
#5992=CARTESIAN_POINT('Ctrl Pts',(28.2452675909731,-12.2371375680795,-5.60753862021124));
#5993=CARTESIAN_POINT('Ctrl Pts',(28.6097665402627,-12.2747173965846,-5.6777277949022));
#5994=CARTESIAN_POINT('Ctrl Pts',(28.8269574182099,-12.3409816071593,-5.72576814966259));
#5995=CARTESIAN_POINT('Ctrl Pts',(29.2212585789318,-12.554593608759,-5.82417219674662));
#5996=CARTESIAN_POINT('Ctrl Pts',(29.3941507865503,-12.6990244069621,-5.87334291394213));
#5997=CARTESIAN_POINT('Ctrl Pts',(29.6762623352706,-13.0507493828144,-5.96400230619036));
#5998=CARTESIAN_POINT('Ctrl Pts',(29.7817145697786,-13.2548345706257,-6.00433729095548));
#5999=CARTESIAN_POINT('Ctrl Pts',(29.8877364468523,-13.6187373176046,-6.05661540102945));
#6000=CARTESIAN_POINT('Ctrl Pts',(29.9113923579226,-13.7676627047352,-6.07329393150586));
#6001=CARTESIAN_POINT('Ctrl Pts',(29.9166489514442,-13.9178902582315,-6.08550614051931));
#6002=CARTESIAN_POINT('',(29.6518797862043,-10.1187556544009,-5.4728389509773));
#6003=CARTESIAN_POINT('Ctrl Pts',(29.6518797862043,-10.1187556544009,-5.4728389509773));
#6004=CARTESIAN_POINT('Ctrl Pts',(29.673259934515,-10.3212480579416,-5.52211414850512));
#6005=CARTESIAN_POINT('Ctrl Pts',(29.6605247723686,-10.5279575753092,-5.56357393117985));
#6006=CARTESIAN_POINT('Ctrl Pts',(29.5602408321215,-10.9725820379293,-5.63428864659509));
#6007=CARTESIAN_POINT('Ctrl Pts',(29.4591386214064,-11.2046028849308,-5.65883557632321));
#6008=CARTESIAN_POINT('Ctrl Pts',(29.1766749132664,-11.6194194841086,-5.67995665976931));
#6009=CARTESIAN_POINT('Ctrl Pts',(28.9980284790595,-11.7988471660147,-5.67653545842225));
#6010=CARTESIAN_POINT('Ctrl Pts',(28.5890170684816,-12.077816596053,-5.64612700016034));
#6011=CARTESIAN_POINT('Ctrl Pts',(28.3632041470526,-12.1765864145908,-5.61995351683567));
#6012=CARTESIAN_POINT('Ctrl Pts',(28.0729146760341,-12.2412011511535,-5.57741639996665));
#6013=CARTESIAN_POINT('Ctrl Pts',(28.0192772444733,-12.2506879194466,-5.56920282365122));
#6014=CARTESIAN_POINT('Ctrl Pts',(27.9654474020681,-12.257774752644,-5.56061542073668));
#6015=CARTESIAN_POINT('',(29.047734663729,-6.04948858829623,-4.09320661659651));
#6016=CARTESIAN_POINT('Ctrl Pts',(29.047734663729,-6.04948858829623,-4.09320661659651));
#6017=CARTESIAN_POINT('Ctrl Pts',(29.0919599449283,-6.27650111296936,-4.19326650697111));
#6018=CARTESIAN_POINT('Ctrl Pts',(29.1346123770588,-6.5053132477383,-4.28997235476558));
#6019=CARTESIAN_POINT('Ctrl Pts',(29.3711128337075,-7.8327257559395,-4.82717127090005));
#6020=CARTESIAN_POINT('Ctrl Pts',(29.530377820268,-8.96800474473243,-5.19281126901124));
#6021=CARTESIAN_POINT('Ctrl Pts',(29.6518797862043,-10.118755654401,-5.4728389509773));
#6022=CARTESIAN_POINT('',(26.8529629354928,-4.90140263092777,-3.17098026783474));
#6023=CARTESIAN_POINT('Ctrl Pts',(26.8529629354928,-4.90140263092777,-3.17098026783474));
#6024=CARTESIAN_POINT('Ctrl Pts',(26.862511692839,-4.89744740613119,-3.17098661749374));
#6025=CARTESIAN_POINT('Ctrl Pts',(26.8720948955512,-4.89356648771907,-3.17103366760937));
#6026=CARTESIAN_POINT('Ctrl Pts',(27.0727327148966,-4.8141729377998,-3.17287499670432));
#6027=CARTESIAN_POINT('Ctrl Pts',(27.2730301401302,-4.76990973635548,-3.19091406610999));
#6028=CARTESIAN_POINT('Ctrl Pts',(27.6759337489632,-4.75482769449046,-3.26237375210159));
#6029=CARTESIAN_POINT('Ctrl Pts',(27.871561883387,-4.78397436148783,-3.31441927137469));
#6030=CARTESIAN_POINT('Ctrl Pts',(28.2498803428033,-4.91760334190204,-3.45038102781326));
#6031=CARTESIAN_POINT('Ctrl Pts',(28.4238552116061,-5.02514039122732,-3.53389089950072));
#6032=CARTESIAN_POINT('Ctrl Pts',(28.7382419322518,-5.31962570258465,-3.72679364321312));
#6033=CARTESIAN_POINT('Ctrl Pts',(28.8662602872394,-5.51247655812895,-3.83580209996029));
#6034=CARTESIAN_POINT('Ctrl Pts',(28.9942602236524,-5.82966690508887,-3.99337467117488));
#6035=CARTESIAN_POINT('Ctrl Pts',(29.0260503096366,-5.93818076085151,-4.04414567148791));
#6036=CARTESIAN_POINT('Ctrl Pts',(29.047734663729,-6.04948858829623,-4.09320661659651));
#6037=CARTESIAN_POINT('',(28.126961608664,-2.31650492853798,-2.03957322584911));
#6038=CARTESIAN_POINT('Ctrl Pts',(28.126961608664,-2.31650492853799,-2.03957322584911));
#6039=CARTESIAN_POINT('Ctrl Pts',(28.1540486655653,-2.40525949995265,-2.09911512428135));
#6040=CARTESIAN_POINT('Ctrl Pts',(28.1741861518485,-2.49665453752677,-2.15805748251439));
#6041=CARTESIAN_POINT('Ctrl Pts',(28.2267386028983,-2.86619847098355,-2.38722084563206));
#6042=CARTESIAN_POINT('Ctrl Pts',(28.2053275189149,-3.15822677407005,-2.54803216433036));
#6043=CARTESIAN_POINT('Ctrl Pts',(28.0503626194915,-3.70271674688013,-2.81192766936377));
#6044=CARTESIAN_POINT('Ctrl Pts',(27.9278674378003,-3.95554019403628,-2.91875238208976));
#6045=CARTESIAN_POINT('Ctrl Pts',(27.6118036060859,-4.38123095159313,-3.07036836373527));
#6046=CARTESIAN_POINT('Ctrl Pts',(27.4316344086471,-4.55839769518227,-3.12104815200489));
#6047=CARTESIAN_POINT('Ctrl Pts',(27.1064216356381,-4.78008159919486,-3.1633530051395));
#6048=CARTESIAN_POINT('Ctrl Pts',(26.9826131462623,-4.84769975526252,-3.1710664816318));
#6049=CARTESIAN_POINT('Ctrl Pts',(26.8529629354928,-4.90140263092777,-3.17098026783474));
#6050=CARTESIAN_POINT('',(26.4955036295559,1.80486820182848,1.45365742876852));
#6051=CARTESIAN_POINT('Ctrl Pts',(26.4955036295559,1.80486820182848,1.45365742876852));
#6052=CARTESIAN_POINT('Ctrl Pts',(26.9016423500759,1.00815557404046,0.60719354743762));
#6053=CARTESIAN_POINT('Ctrl Pts',(27.2816961936932,0.129118079192935,-0.202311083593218));
#6054=CARTESIAN_POINT('Ctrl Pts',(27.8030986035985,-1.30210078975688,-1.33026020013114));
#6055=CARTESIAN_POINT('Ctrl Pts',(27.96968740911,-1.80117377879777,-1.69385813210538));
#6056=CARTESIAN_POINT('Ctrl Pts',(28.126961608664,-2.31650492853799,-2.03957322584911));
#6057=CARTESIAN_POINT('',(24.0085131373034,2.29218197510759,2.54572883890119));
#6058=CARTESIAN_POINT('Ctrl Pts',(24.0085131373034,2.29218197510761,2.5457288389012));
#6059=CARTESIAN_POINT('Ctrl Pts',(24.054603993977,2.32754873333239,2.57032175448427));
#6060=CARTESIAN_POINT('Ctrl Pts',(24.1028416665883,2.36133601985878,2.59290659404398));
#6061=CARTESIAN_POINT('Ctrl Pts',(24.2839695332397,2.47584919962322,2.66536575058428));
#6062=CARTESIAN_POINT('Ctrl Pts',(24.4278563139276,2.54467692697228,2.70078422582826));
#6063=CARTESIAN_POINT('Ctrl Pts',(24.731453180789,2.64030005272709,2.72363243571229));
#6064=CARTESIAN_POINT('Ctrl Pts',(24.8835342641114,2.66665786584466,2.71249289276305));
#6065=CARTESIAN_POINT('Ctrl Pts',(25.2078113953577,2.67774778959973,2.64111865807879));
#6066=CARTESIAN_POINT('Ctrl Pts',(25.3709631605517,2.65636549726455,2.57678352940815));
#6067=CARTESIAN_POINT('Ctrl Pts',(25.7177467894921,2.55904817874253,2.38742765720191));
#6068=CARTESIAN_POINT('Ctrl Pts',(25.9000276979157,2.46644756504924,2.24582475188826));
#6069=CARTESIAN_POINT('Ctrl Pts',(26.2390825102154,2.19836744575964,1.89298822058276));
#6070=CARTESIAN_POINT('Ctrl Pts',(26.3871105514092,2.01750031435818,1.67956749594943));
#6071=CARTESIAN_POINT('Ctrl Pts',(26.4955036295559,1.80486820182849,1.45365742876852));
#6072=CARTESIAN_POINT('',(24.3911930295539,4.98147128101986,5.68470610119773));
#6073=CARTESIAN_POINT('Ctrl Pts',(24.3911930295539,4.98147128101985,5.68470610119773));
#6074=CARTESIAN_POINT('Ctrl Pts',(24.5750242992902,4.77169483044493,5.32859892899167));
#6075=CARTESIAN_POINT('Ctrl Pts',(24.7061272305493,4.51449912654677,4.93930635243589));
#6076=CARTESIAN_POINT('Ctrl Pts',(24.8261224069326,3.92961474912607,4.15787839599552));
#6077=CARTESIAN_POINT('Ctrl Pts',(24.809628172594,3.61720659485289,3.78755448273296));
#6078=CARTESIAN_POINT('Ctrl Pts',(24.6447005076668,3.07785073724963,3.21628592928113));
#6079=CARTESIAN_POINT('Ctrl Pts',(24.5285915789954,2.85517765385053,3.00387042266245));
#6080=CARTESIAN_POINT('Ctrl Pts',(24.2757649267563,2.52906793579752,2.72249283321824));
#6081=CARTESIAN_POINT('Ctrl Pts',(24.1534798512657,2.40341884708951,2.62307941157705));
#6082=CARTESIAN_POINT('Ctrl Pts',(24.0085131373034,2.29218197510759,2.54572883890119));
#6083=CARTESIAN_POINT('',(23.7902142413372,5.6172710162943,6.83626895526774));
#6084=CARTESIAN_POINT('Ctrl Pts',(23.7902142413343,5.61727101629402,6.83626895526637));
#6085=CARTESIAN_POINT('Ctrl Pts',(23.9956359534295,5.41630143148037,6.44696405327521));
#6086=CARTESIAN_POINT('Ctrl Pts',(24.1959930225616,5.20422100514354,6.062836125564));
#6087=CARTESIAN_POINT('Ctrl Pts',(24.3911930295539,4.98147128101986,5.68470610119774));
#6088=CARTESIAN_POINT('Ctrl Pts',(17.6676224973012,2.65000000000098,4.6));
#6089=CARTESIAN_POINT('Ctrl Pts',(19.6411983888048,3.71630319639222,5.32084611902016));
#6090=CARTESIAN_POINT('Ctrl Pts',(21.6874418104523,4.69905377596127,6.06823396228239));
#6091=CARTESIAN_POINT('Ctrl Pts',(23.790214241339,5.6172710162959,6.83626895526784));
#6092=CARTESIAN_POINT('Origin',(17.6676224973012,-9.89999999999896,11.6500000000009));
#6093=CARTESIAN_POINT('',(29.5921692574459,-10.8987186597522,16.6539269609159));
#6094=CARTESIAN_POINT('',(29.5870535267418,-10.1272901933684,16.7466516877214));
#6095=CARTESIAN_POINT('Ctrl Pts',(29.5921692574459,-10.8987186597522,16.6539269609159));
#6096=CARTESIAN_POINT('Ctrl Pts',(29.5946311004762,-10.8858261110624,16.6569427966315));
#6097=CARTESIAN_POINT('Ctrl Pts',(29.5969646406962,-10.8728872900315,16.6598922973928));
#6098=CARTESIAN_POINT('Ctrl Pts',(29.6370028993736,-10.6370910034772,16.712233417097));
#6099=CARTESIAN_POINT('Ctrl Pts',(29.6362932141715,-10.4056671797446,16.7404197672847));
#6100=CARTESIAN_POINT('Ctrl Pts',(29.593583011548,-10.1609349712527,16.7462207941882));
#6101=CARTESIAN_POINT('Ctrl Pts',(29.5904231242881,-10.1440861068187,16.7464973989386));
#6102=CARTESIAN_POINT('Ctrl Pts',(29.5870535267418,-10.1272901933684,16.7466516877214));
#6103=CARTESIAN_POINT('',(17.6676224973012,-9.92489583691868,14.6498966977731));
#6104=CARTESIAN_POINT('Ctrl Pts',(17.6676224972997,-9.92489583691856,14.6498966977728));
#6105=CARTESIAN_POINT('Ctrl Pts',(22.744124395927,-10.3009101835438,15.5419312692204));
#6106=CARTESIAN_POINT('Ctrl Pts',(29.5921692574459,-10.8987186597522,16.6539269609159));
#6107=CARTESIAN_POINT('',(17.6676224973012,-12.899999999999,11.650000000001));
#6108=CARTESIAN_POINT('Origin',(17.6676224973012,-9.89999999999896,11.6500000000009));
#6109=CARTESIAN_POINT('',(31.3477425580361,-15.1973091404884,12.7591195409243));
#6110=CARTESIAN_POINT('Ctrl Pts',(17.6676224972997,-12.8999999999987,11.6500000000009));
#6111=CARTESIAN_POINT('Ctrl Pts',(23.3843885555998,-13.9080200984754,12.0650875670561));
#6112=CARTESIAN_POINT('Ctrl Pts',(31.3477425580361,-15.1973091404884,12.7591195409243));
#6113=CARTESIAN_POINT('',(32.0370667375712,-13.6387319607592,7.57030046410758));
#6114=CARTESIAN_POINT('Ctrl Pts',(32.0370667375712,-13.6387319607591,7.57030046410759));
#6115=CARTESIAN_POINT('Ctrl Pts',(32.0378464739724,-13.6983102137403,7.62471287691181));
#6116=CARTESIAN_POINT('Ctrl Pts',(32.0381376757888,-13.7562922293191,7.68017487084165));
#6117=CARTESIAN_POINT('Ctrl Pts',(32.036382815361,-14.3064519789023,8.230649757085));
#6118=CARTESIAN_POINT('Ctrl Pts',(31.9962952482266,-14.7257922538821,8.8583895364685));
#6119=CARTESIAN_POINT('Ctrl Pts',(31.8390115344659,-15.2615615403923,10.2254841770631));
#6120=CARTESIAN_POINT('Ctrl Pts',(31.7217505340933,-15.3781219632167,10.9647800717558));
#6121=CARTESIAN_POINT('Ctrl Pts',(31.587726163075,-15.3544898505337,11.6500000000009));
#6122=CARTESIAN_POINT('Ctrl Pts',(31.5163507856126,-15.3419044457288,12.0149174448783));
#6123=CARTESIAN_POINT('Ctrl Pts',(31.4355363640422,-15.2903819092315,12.3901308968725));
#6124=CARTESIAN_POINT('Ctrl Pts',(31.3477425580361,-15.1973091404884,12.7591195409243));
#6125=CARTESIAN_POINT('',(30.0471909933423,-11.9837080095162,6.90446366412155));
#6126=CARTESIAN_POINT('Ctrl Pts',(30.0471909933423,-11.9837080095162,6.90446366412155));
#6127=CARTESIAN_POINT('Ctrl Pts',(30.1341674463057,-11.9722573422523,6.88268623207139));
#6128=CARTESIAN_POINT('Ctrl Pts',(30.2225940199792,-11.9669480665072,6.86342930475564));
#6129=CARTESIAN_POINT('Ctrl Pts',(30.5159411575698,-11.9711079548009,6.80890408548468));
#6130=CARTESIAN_POINT('Ctrl Pts',(30.7203901890059,-12.0085186823496,6.78536022515473));
#6131=CARTESIAN_POINT('Ctrl Pts',(31.0963202740416,-12.1485155157675,6.77542527570806));
#6132=CARTESIAN_POINT('Ctrl Pts',(31.2649443635162,-12.2452157490866,6.78700347736199));
#6133=CARTESIAN_POINT('Ctrl Pts',(31.5665195741741,-12.4910759747772,6.85281001069929));
#6134=CARTESIAN_POINT('Ctrl Pts',(31.6924601950629,-12.6371642689049,6.90744315765409));
#6135=CARTESIAN_POINT('Ctrl Pts',(31.896045160889,-12.9671687467076,7.06999444187794));
#6136=CARTESIAN_POINT('Ctrl Pts',(31.9696848955231,-13.1555629311368,7.18319768718044));
#6137=CARTESIAN_POINT('Ctrl Pts',(32.0260171514797,-13.446769885288,7.40321804711834));
#6138=CARTESIAN_POINT('Ctrl Pts',(32.035811516406,-13.5428227740005,7.48270725684656));
#6139=CARTESIAN_POINT('Ctrl Pts',(32.0370667375712,-13.6387319607591,7.57030046410759));
#6140=CARTESIAN_POINT('',(31.5981330490118,-9.86252655141472,6.19380381800222));
#6141=CARTESIAN_POINT('Ctrl Pts',(31.5981330490118,-9.86252655141472,6.19380381800223));
#6142=CARTESIAN_POINT('Ctrl Pts',(31.6212764810497,-9.98197826541886,6.18890250947172));
#6143=CARTESIAN_POINT('Ctrl Pts',(31.6321152233023,-10.1036053277782,6.19010869552192));
#6144=CARTESIAN_POINT('Ctrl Pts',(31.6272219715582,-10.4444950935283,6.21133608521887));
#6145=CARTESIAN_POINT('Ctrl Pts',(31.5838533071719,-10.6575934501218,6.24520825369918));
#6146=CARTESIAN_POINT('Ctrl Pts',(31.4156992109137,-11.0811380113309,6.35095364995247));
#6147=CARTESIAN_POINT('Ctrl Pts',(31.2831259544885,-11.2818352519801,6.42574320753296));
#6148=CARTESIAN_POINT('Ctrl Pts',(30.9462333611669,-11.6257345921789,6.59140475645613));
#6149=CARTESIAN_POINT('Ctrl Pts',(30.739234420985,-11.7652010245169,6.68243712985774));
#6150=CARTESIAN_POINT('Ctrl Pts',(30.3635919342387,-11.9204559697617,6.81607017267299));
#6151=CARTESIAN_POINT('Ctrl Pts',(30.2078807102178,-11.9625528069529,6.86422967812666));
#6152=CARTESIAN_POINT('Ctrl Pts',(30.0471909933423,-11.9837080095162,6.90446366412155));
#6153=CARTESIAN_POINT('',(30.2784524363805,-5.53970859541039,8.77351521395776));
#6154=CARTESIAN_POINT('Ctrl Pts',(30.2784524363805,-5.53970859541039,8.77351521395775));
#6155=CARTESIAN_POINT('Ctrl Pts',(30.3759344640516,-5.72476426930291,8.46178607469743));
#6156=CARTESIAN_POINT('Ctrl Pts',(30.473879210825,-5.93947932028658,8.17440568210383));
#6157=CARTESIAN_POINT('Ctrl Pts',(30.7518376742738,-6.62124304697732,7.42349092512006));
#6158=CARTESIAN_POINT('Ctrl Pts',(30.9478001227596,-7.20297007223738,6.98407339040377));
#6159=CARTESIAN_POINT('Ctrl Pts',(31.3056146116045,-8.48936428547256,6.38555106911062));
#6160=CARTESIAN_POINT('Ctrl Pts',(31.4681450255939,-9.19161083883321,6.22133263944061));
#6161=CARTESIAN_POINT('Ctrl Pts',(31.5981330490118,-9.86252655141472,6.19380381800223));
#6162=CARTESIAN_POINT('',(29.1527849058421,-6.00597535328239,14.8262626428674));
#6163=CARTESIAN_POINT('Ctrl Pts',(29.1527849058422,-6.0059753532824,14.8262626428674));
#6164=CARTESIAN_POINT('Ctrl Pts',(29.1638999245965,-5.76977146983564,14.539782846191));
#6165=CARTESIAN_POINT('Ctrl Pts',(29.1490183434251,-5.56531625120288,14.2200227994128));
#6166=CARTESIAN_POINT('Ctrl Pts',(29.1142204362032,-5.20155097513136,13.4691316334412));
#6167=CARTESIAN_POINT('Ctrl Pts',(29.0952662143517,-5.06050133304308,13.0402215251233));
#6168=CARTESIAN_POINT('Ctrl Pts',(29.1416189407235,-4.91190023615557,12.3111537141312));
#6169=CARTESIAN_POINT('Ctrl Pts',(29.1795825829818,-4.87597776916943,12.0264203531635));
#6170=CARTESIAN_POINT('Ctrl Pts',(29.3154404347272,-4.84082521556631,11.3905426165275));
#6171=CARTESIAN_POINT('Ctrl Pts',(29.4216312694577,-4.85208666000399,11.0504985679768));
#6172=CARTESIAN_POINT('Ctrl Pts',(29.7494317019643,-4.96213977424907,10.1408534797113));
#6173=CARTESIAN_POINT('Ctrl Pts',(30.0027656143187,-5.12468294891523,9.56964695575898));
#6174=CARTESIAN_POINT('Ctrl Pts',(30.2218118065801,-5.43977373441748,8.94830841469801));
#6175=CARTESIAN_POINT('Ctrl Pts',(30.2516309564361,-5.48879185553042,8.85928524825535));
#6176=CARTESIAN_POINT('Ctrl Pts',(30.2784524363805,-5.53970859541039,8.77351521395776));
#6177=CARTESIAN_POINT('Ctrl Pts',(29.5870535267418,-10.1272901933684,16.7466516877214));
#6178=CARTESIAN_POINT('Ctrl Pts',(29.5717577708432,-10.0510477968504,16.7473520572842));
#6179=CARTESIAN_POINT('Ctrl Pts',(29.5568704180726,-9.97523533532952,16.746395188765));
#6180=CARTESIAN_POINT('Ctrl Pts',(29.4221723501064,-9.27443861988568,16.7226442851332));
#6181=CARTESIAN_POINT('Ctrl Pts',(29.3165883949253,-8.60441323848672,16.5814231935406));
#6182=CARTESIAN_POINT('Ctrl Pts',(29.1770074758362,-7.366702878272,16.0467841666329));
#6183=CARTESIAN_POINT('Ctrl Pts',(29.1431548041935,-6.7990780914752,15.6531892393937));
#6184=CARTESIAN_POINT('Ctrl Pts',(29.1449631970745,-6.22998644243071,15.0846926753466));
#6185=CARTESIAN_POINT('Ctrl Pts',(29.1476376378336,-6.11535930661889,14.9589289320674));
#6186=CARTESIAN_POINT('Ctrl Pts',(29.1527849058422,-6.0059753532824,14.8262626428674));
#6187=CARTESIAN_POINT('Origin',(17.6676224973012,-21.899999999999,11.650000000001));
#6188=CARTESIAN_POINT('',(31.3477425580361,-16.6026908595094,12.7591195409243));
#6189=CARTESIAN_POINT('',(32.0370667375712,-18.1612680392389,7.57030046410755));
#6190=CARTESIAN_POINT('Ctrl Pts',(31.3477425580361,-16.6026908595094,12.7591195409243));
#6191=CARTESIAN_POINT('Ctrl Pts',(31.4355363640422,-16.5096180907664,12.3901308968725));
#6192=CARTESIAN_POINT('Ctrl Pts',(31.5163507856126,-16.4580955542691,12.0149174448783));
#6193=CARTESIAN_POINT('Ctrl Pts',(31.7217505340933,-16.4218780367812,10.9647800717558));
#6194=CARTESIAN_POINT('Ctrl Pts',(31.8390115344659,-16.5384384596056,10.2254841770631));
#6195=CARTESIAN_POINT('Ctrl Pts',(31.9962952482266,-17.0742077461158,8.85838953646856));
#6196=CARTESIAN_POINT('Ctrl Pts',(32.036382815361,-17.4935480210955,8.23064975708507));
#6197=CARTESIAN_POINT('Ctrl Pts',(32.0381376757876,-18.043707770305,7.6801748712157));
#6198=CARTESIAN_POINT('Ctrl Pts',(32.0378464739769,-18.1016897859139,7.6247128772258));
#6199=CARTESIAN_POINT('Ctrl Pts',(32.0370667375712,-18.1612680392389,7.57030046410754));
#6200=CARTESIAN_POINT('',(17.6676224973012,-18.899999999999,11.650000000001));
#6201=CARTESIAN_POINT('Ctrl Pts',(17.6676224972997,-18.8999999999992,11.6500000000009));
#6202=CARTESIAN_POINT('Ctrl Pts',(23.3843885555996,-17.8919799015225,12.0650875670561));
#6203=CARTESIAN_POINT('Ctrl Pts',(31.3477425580361,-16.6026908595094,12.7591195409243));
#6204=CARTESIAN_POINT('',(17.6676224973012,-21.8751041630792,14.6498966977731));
#6205=CARTESIAN_POINT('Origin',(17.6676224973012,-21.899999999999,11.650000000001));
#6206=CARTESIAN_POINT('',(29.5921692574459,-20.9012813402456,16.6539269609159));
#6207=CARTESIAN_POINT('Ctrl Pts',(17.6676224972998,-21.8751041630793,14.6498966977729));
#6208=CARTESIAN_POINT('Ctrl Pts',(22.7441243959271,-21.4990898164541,15.5419312692205));
#6209=CARTESIAN_POINT('Ctrl Pts',(29.5921692574459,-20.9012813402456,16.6539269609159));
#6210=CARTESIAN_POINT('',(29.5870535267418,-21.6727098066296,16.7466516877215));
#6211=CARTESIAN_POINT('Ctrl Pts',(29.5870535267418,-21.6727098066296,16.7466516877215));
#6212=CARTESIAN_POINT('Ctrl Pts',(29.6066450178832,-21.5750551208536,16.7457546229294));
#6213=CARTESIAN_POINT('Ctrl Pts',(29.6190591273126,-21.4760839251532,16.7407143853786));
#6214=CARTESIAN_POINT('Ctrl Pts',(29.6325522951485,-21.2156175840048,16.7162873590034));
#6215=CARTESIAN_POINT('Ctrl Pts',(29.6216635415335,-21.0557414292912,16.690058393451));
#6216=CARTESIAN_POINT('Ctrl Pts',(29.5921692574459,-20.9012813402456,16.6539269609159));
#6217=CARTESIAN_POINT('',(29.1527849058422,-25.7940246467156,14.8262626428674));
#6218=CARTESIAN_POINT('Ctrl Pts',(29.1527849058422,-25.7940246467156,14.8262626428674));
#6219=CARTESIAN_POINT('Ctrl Pts',(29.1476376378336,-25.6846406933791,14.9589289320674));
#6220=CARTESIAN_POINT('Ctrl Pts',(29.1449631970745,-25.5700135575672,15.0846926753466));
#6221=CARTESIAN_POINT('Ctrl Pts',(29.1431548041935,-25.0009219085227,15.6531892393938));
#6222=CARTESIAN_POINT('Ctrl Pts',(29.1770074758362,-24.4332971217259,16.046784166633));
#6223=CARTESIAN_POINT('Ctrl Pts',(29.3165883949253,-23.1955867615112,16.5814231935407));
#6224=CARTESIAN_POINT('Ctrl Pts',(29.4221723501064,-22.5255613801122,16.7226442851333));
#6225=CARTESIAN_POINT('Ctrl Pts',(29.5568704180726,-21.8247646646684,16.746395188765));
#6226=CARTESIAN_POINT('Ctrl Pts',(29.5717577708432,-21.7489522031475,16.7473520572842));
#6227=CARTESIAN_POINT('Ctrl Pts',(29.5870535267418,-21.6727098066296,16.7466516877215));
#6228=CARTESIAN_POINT('',(30.2784524363805,-26.2602914045876,8.77351521395796));
#6229=CARTESIAN_POINT('Ctrl Pts',(30.2784524363805,-26.2602914045876,8.77351521395796));
#6230=CARTESIAN_POINT('Ctrl Pts',(30.2779533964842,-26.2612387603875,8.77511104942671));
#6231=CARTESIAN_POINT('Ctrl Pts',(30.2774535630314,-26.2621849977363,8.77670723559952));
#6232=CARTESIAN_POINT('Ctrl Pts',(30.1983003897516,-26.4116173012978,9.02913444166861));
#6233=CARTESIAN_POINT('Ctrl Pts',(30.0996655897595,-26.533802316224,9.29075168644704));
#6234=CARTESIAN_POINT('Ctrl Pts',(29.8027125549743,-26.8100896241975,10.0448554741904));
#6235=CARTESIAN_POINT('Ctrl Pts',(29.584226758531,-26.9105293304478,10.5582809476583));
#6236=CARTESIAN_POINT('Ctrl Pts',(29.3221576936532,-26.9566747902423,11.3811000310985));
#6237=CARTESIAN_POINT('Ctrl Pts',(29.2443349036637,-26.950780224734,11.6838966947771));
#6238=CARTESIAN_POINT('Ctrl Pts',(29.1407271809956,-26.8901058049888,12.3022801812102));
#6239=CARTESIAN_POINT('Ctrl Pts',(29.1166804049323,-26.8367464916608,12.605995598706));
#6240=CARTESIAN_POINT('Ctrl Pts',(29.1001953786217,-26.6195091533941,13.4334601925193));
#6241=CARTESIAN_POINT('Ctrl Pts',(29.1422273719952,-26.4051788345568,13.9377579460771));
#6242=CARTESIAN_POINT('Ctrl Pts',(29.1576228088302,-26.0098363303853,14.5488420470955));
#6243=CARTESIAN_POINT('Ctrl Pts',(29.1579800017642,-25.9044249851032,14.6923636314169));
#6244=CARTESIAN_POINT('Ctrl Pts',(29.1527849058422,-25.7940246467156,14.8262626428674));
#6245=CARTESIAN_POINT('',(31.5981330490118,-21.9374734485833,6.19380381800228));
#6246=CARTESIAN_POINT('Ctrl Pts',(31.5981330490118,-21.9374734485833,6.19380381800229));
#6247=CARTESIAN_POINT('Ctrl Pts',(31.4681450255939,-22.6083891611648,6.22133263944069));
#6248=CARTESIAN_POINT('Ctrl Pts',(31.3056146116045,-23.3106357145254,6.3855510691107));
#6249=CARTESIAN_POINT('Ctrl Pts',(30.9478001227597,-24.5970299277605,6.98407339040382));
#6250=CARTESIAN_POINT('Ctrl Pts',(30.7518376742738,-25.1787569530206,7.42349092512011));
#6251=CARTESIAN_POINT('Ctrl Pts',(30.4738792108251,-25.8605206797113,8.17440568210394));
#6252=CARTESIAN_POINT('Ctrl Pts',(30.3759344640516,-26.0752357306951,8.46178607469758));
#6253=CARTESIAN_POINT('Ctrl Pts',(30.2784524363805,-26.2602914045876,8.77351521395796));
#6254=CARTESIAN_POINT('',(30.0471909933423,-19.8162919904818,6.90446366412156));
#6255=CARTESIAN_POINT('Ctrl Pts',(30.0471909933423,-19.8162919904818,6.90446366412156));
#6256=CARTESIAN_POINT('Ctrl Pts',(30.1270993327409,-19.8268121229417,6.88445596810495));
#6257=CARTESIAN_POINT('Ctrl Pts',(30.2059500442581,-19.8425373171937,6.86245825997834));
#6258=CARTESIAN_POINT('Ctrl Pts',(30.5290844704004,-19.9290803113646,6.7639480096896));
#6259=CARTESIAN_POINT('Ctrl Pts',(30.7567356123236,-20.0445207790618,6.67379556226597));
#6260=CARTESIAN_POINT('Ctrl Pts',(31.1311492428329,-20.3426003393557,6.50412578469239));
#6261=CARTESIAN_POINT('Ctrl Pts',(31.2833918993557,-20.518720820319,6.42447725954546));
#6262=CARTESIAN_POINT('Ctrl Pts',(31.5007739536823,-20.9019060934591,6.29987050923417));
#6263=CARTESIAN_POINT('Ctrl Pts',(31.5723626317254,-21.1009942709011,6.25290370370791));
#6264=CARTESIAN_POINT('Ctrl Pts',(31.64064617744,-21.5161466068545,6.19577166559016));
#6265=CARTESIAN_POINT('Ctrl Pts',(31.6383906236857,-21.7253612351417,6.1855069853914));
#6266=CARTESIAN_POINT('Ctrl Pts',(31.5990011071879,-21.9329697308829,6.19362121452553));
#6267=CARTESIAN_POINT('Ctrl Pts',(31.5985692144544,-21.9352222392719,6.19371144702634));
#6268=CARTESIAN_POINT('Ctrl Pts',(31.5981330490118,-21.9374734485833,6.19380381800229));
#6269=CARTESIAN_POINT('Ctrl Pts',(32.0370667375712,-18.1612680392389,7.57030046410754));
#6270=CARTESIAN_POINT('Ctrl Pts',(32.0366852427915,-18.1904173677283,7.54367858086377));
#6271=CARTESIAN_POINT('Ctrl Pts',(32.0355102661449,-18.2199367660728,7.51748053687871));
#6272=CARTESIAN_POINT('Ctrl Pts',(32.0225454916506,-18.4106803872967,7.35308450128481));
#6273=CARTESIAN_POINT('Ctrl Pts',(31.9870494485004,-18.5802238082814,7.22917737173693));
#6274=CARTESIAN_POINT('Ctrl Pts',(31.8514560089689,-18.9166647746899,7.02421159339243));
#6275=CARTESIAN_POINT('Ctrl Pts',(31.7556202373344,-19.0781556924878,6.94498585969211));
#6276=CARTESIAN_POINT('Ctrl Pts',(31.5008006147802,-19.3722206810209,6.8314083512491));
#6277=CARTESIAN_POINT('Ctrl Pts',(31.347640196961,-19.4989992586558,6.79863710669812));
#6278=CARTESIAN_POINT('Ctrl Pts',(30.990996143013,-19.7021541417066,6.77208090796397));
#6279=CARTESIAN_POINT('Ctrl Pts',(30.7913554415898,-19.7726174567461,6.78029323335624));
#6280=CARTESIAN_POINT('Ctrl Pts',(30.4052742741161,-19.8372693757086,6.82652234979573));
#6281=CARTESIAN_POINT('Ctrl Pts',(30.2237724236049,-19.8395393768034,6.86025066200612));
#6282=CARTESIAN_POINT('Ctrl Pts',(30.0471909933423,-19.8162919904818,6.90446366412156));
#6283=CARTESIAN_POINT('Origin',(17.6676224973012,-15.899999999999,60.4504166667052));
#6284=CARTESIAN_POINT('Ctrl Pts',(17.6676224973012,2.65000000000098,4.6));
#6285=CARTESIAN_POINT('Ctrl Pts',(18.0718623572815,2.27152639965058,4.54940195133044));
#6286=CARTESIAN_POINT('Ctrl Pts',(18.459599182934,1.8836552380474,4.49641446838943));
#6287=CARTESIAN_POINT('Ctrl Pts',(19.8743201918444,0.37614128336914,4.28956702727425));
#6288=CARTESIAN_POINT('Ctrl Pts',(20.8532971224085,-0.871165622892032,4.11627580250106));
#6289=CARTESIAN_POINT('Ctrl Pts',(22.5781877388669,-3.57173019165928,3.77545610470942));
#6290=CARTESIAN_POINT('Ctrl Pts',(23.3242278995607,-5.02498514125194,3.60854651773008));
#6291=CARTESIAN_POINT('Ctrl Pts',(24.5225686495636,-8.04836377851552,3.32588651272315));
#6292=CARTESIAN_POINT('Ctrl Pts',(24.9757340346828,-9.62084574008228,3.21030298098862));
#6293=CARTESIAN_POINT('Ctrl Pts',(25.5701975391844,-12.7796242688138,3.05646763849239));
#6294=CARTESIAN_POINT('Ctrl Pts',(25.7113520145773,-14.365953258003,3.01832653941882));
#6295=CARTESIAN_POINT('Ctrl Pts',(25.7113520145773,-17.434046741995,3.01832653941882));
#6296=CARTESIAN_POINT('Ctrl Pts',(25.5701975391844,-19.0203757311841,3.05646763849238));
#6297=CARTESIAN_POINT('Ctrl Pts',(24.9757340346828,-22.1791542599157,3.21030298098861));
#6298=CARTESIAN_POINT('Ctrl Pts',(24.5225686495636,-23.7516362214825,3.32588651272314));
#6299=CARTESIAN_POINT('Ctrl Pts',(23.3242278995607,-26.775014858746,3.60854651773007));
#6300=CARTESIAN_POINT('Ctrl Pts',(22.5781877388669,-28.2282698083387,3.77545610470941));
#6301=CARTESIAN_POINT('Ctrl Pts',(20.8532971224085,-30.928834377106,4.11627580250105));
#6302=CARTESIAN_POINT('Ctrl Pts',(19.8743201918445,-32.1761412833671,4.28956702727424));
#6303=CARTESIAN_POINT('Ctrl Pts',(18.4595991829341,-33.6836552380454,4.49641446838941));
#6304=CARTESIAN_POINT('Ctrl Pts',(18.0718623572815,-34.0715263996486,4.54940195133042));
#6305=CARTESIAN_POINT('Ctrl Pts',(17.6676224973012,-34.449999999999,4.59999999999998));
#6306=CARTESIAN_POINT('',(24.375156578116,4.96916607904008,6.69131293039048));
#6307=CARTESIAN_POINT('Ctrl Pts',(24.375156578116,4.96916607904008,6.69131293039049));
#6308=CARTESIAN_POINT('Ctrl Pts',(24.1835134019053,5.18759329661633,6.73985717291413));
#6309=CARTESIAN_POINT('Ctrl Pts',(23.98849524784,5.40368350043442,6.78822157050637));
#6310=CARTESIAN_POINT('Ctrl Pts',(23.7902142413353,5.61727101629296,6.83626895526597));
#6311=CARTESIAN_POINT('',(24.1276002675822,2.38356074409154,5.71184591366823));
#6312=CARTESIAN_POINT('Ctrl Pts',(24.1276002675823,2.38356074409154,5.71184591366823));
#6313=CARTESIAN_POINT('Ctrl Pts',(24.3117516828497,2.52486509490074,5.7932781452142));
#6314=CARTESIAN_POINT('Ctrl Pts',(24.465459162395,2.6997878928525,5.88099367273626));
#6315=CARTESIAN_POINT('Ctrl Pts',(24.7040208458837,3.10855550614293,6.06653548210015));
#6316=CARTESIAN_POINT('Ctrl Pts',(24.7822728862353,3.34264855123222,6.1634262813835));
#6317=CARTESIAN_POINT('Ctrl Pts',(24.8369723167271,3.81728492430333,6.34433513232846));
#6318=CARTESIAN_POINT('Ctrl Pts',(24.817893620911,4.05392175684731,6.42760700185405));
#6319=CARTESIAN_POINT('Ctrl Pts',(24.6900655219006,4.49557299982833,6.56876126744006));
#6320=CARTESIAN_POINT('Ctrl Pts',(24.5882691867909,4.69832697211084,6.62687569902686));
#6321=CARTESIAN_POINT('Ctrl Pts',(24.4255846010763,4.90978859130209,6.67782557099381));
#6322=CARTESIAN_POINT('Ctrl Pts',(24.4008500034033,4.93988174183344,6.68480464821175));
#6323=CARTESIAN_POINT('Ctrl Pts',(24.375156578116,4.96916607904008,6.69131293039049));
#6324=CARTESIAN_POINT('',(26.7023018587304,1.96355006414039,6.05097980275502));
#6325=CARTESIAN_POINT('Ctrl Pts',(26.7023018587303,1.96355006414065,6.05097980275326));
#6326=CARTESIAN_POINT('Ctrl Pts',(26.6285541791799,2.07193369446056,6.07288367955917));
#6327=CARTESIAN_POINT('Ctrl Pts',(26.5428201540573,2.17246032463563,6.09031682150124));
#6328=CARTESIAN_POINT('Ctrl Pts',(26.3490863759706,2.35448804205277,6.11513297538966));
#6329=CARTESIAN_POINT('Ctrl Pts',(26.2417286603259,2.43503051310978,6.12231594788707));
#6330=CARTESIAN_POINT('Ctrl Pts',(25.9342927623011,2.61605194050355,6.12640164844561));
#6331=CARTESIAN_POINT('Ctrl Pts',(25.7239013040512,2.69213926816967,6.1132858101521));
#6332=CARTESIAN_POINT('Ctrl Pts',(25.2770118284365,2.76596167597373,6.05528475674634));
#6333=CARTESIAN_POINT('Ctrl Pts',(25.045872179177,2.75865499024597,6.00965959045842));
#6334=CARTESIAN_POINT('Ctrl Pts',(24.5862014621924,2.65604129333515,5.88897368170501));
#6335=CARTESIAN_POINT('Ctrl Pts',(24.3644905672211,2.55520748055211,5.81333534547271));
#6336=CARTESIAN_POINT('Ctrl Pts',(24.1563406090188,2.40527117162053,5.72444467166013));
#6337=CARTESIAN_POINT('Ctrl Pts',(24.1418806017961,2.39451842993123,5.71816071434773));
#6338=CARTESIAN_POINT('Ctrl Pts',(24.1276002675822,2.38356074409155,5.71184591366824));
#6339=CARTESIAN_POINT('',(28.9743827268984,-1.96549160832392,5.32767003288842));
#6340=CARTESIAN_POINT('Ctrl Pts',(28.9743827268984,-1.96549160832392,5.32767003288843));
#6341=CARTESIAN_POINT('Ctrl Pts',(28.9592556321374,-1.9342814550361,5.33280844407218));
#6342=CARTESIAN_POINT('Ctrl Pts',(28.944097358915,-1.90313940922498,5.33795099943115));
#6343=CARTESIAN_POINT('Ctrl Pts',(28.2956443561243,-0.576516827908948,5.55766541027023));
#6344=CARTESIAN_POINT('Ctrl Pts',(27.5517704345146,0.715124504889537,5.79867823682048));
#6345=CARTESIAN_POINT('Ctrl Pts',(26.7023018587303,1.96355006414065,6.05097980275326));
#6346=CARTESIAN_POINT('',(28.0342913732748,-4.41208037038146,4.59710487302118));
#6347=CARTESIAN_POINT('Ctrl Pts',(28.0342913732748,-4.41208037038146,4.59710487302119));
#6348=CARTESIAN_POINT('Ctrl Pts',(28.2566842081564,-4.31996224199887,4.6560864705555));
#6349=CARTESIAN_POINT('Ctrl Pts',(28.4578837046841,-4.18505560342978,4.72031305932262));
#6350=CARTESIAN_POINT('Ctrl Pts',(28.7981022364436,-3.84393080838912,4.85448457275707));
#6351=CARTESIAN_POINT('Ctrl Pts',(28.9333811310367,-3.63925427478334,4.92349464524281));
#6352=CARTESIAN_POINT('Ctrl Pts',(29.1118313818028,-3.1951512769722,5.05573284467484));
#6353=CARTESIAN_POINT('Ctrl Pts',(29.1562533502895,-2.96037504948345,5.11807611362854));
#6354=CARTESIAN_POINT('Ctrl Pts',(29.1503499498188,-2.4948196737994,5.22799083842594));
#6355=CARTESIAN_POINT('Ctrl Pts',(29.1039606060387,-2.26815509289734,5.27515570139073));
#6356=CARTESIAN_POINT('Ctrl Pts',(29.0021733060486,-2.02489656693166,5.31773156685802));
#6357=CARTESIAN_POINT('Ctrl Pts',(28.9886829001841,-1.99499566097486,5.32281251255813));
#6358=CARTESIAN_POINT('Ctrl Pts',(28.9743827268984,-1.96549160832392,5.32767003288843));
#6359=CARTESIAN_POINT('',(30.4219508706822,-5.48026959774329,4.8162791187725));
#6360=CARTESIAN_POINT('Ctrl Pts',(30.4219508706823,-5.48026959774329,4.8162791187725));
#6361=CARTESIAN_POINT('Ctrl Pts',(30.3617813876027,-5.30477563570067,4.83835344562912));
#6362=CARTESIAN_POINT('Ctrl Pts',(30.2744181697384,-5.13920189355927,4.85454604442538));
#6363=CARTESIAN_POINT('Ctrl Pts',(30.0460343958493,-4.83420082842979,4.87337134165017));
#6364=CARTESIAN_POINT('Ctrl Pts',(29.9048673132044,-4.69868600903654,4.87524541273004));
#6365=CARTESIAN_POINT('Ctrl Pts',(29.5547923403504,-4.45818486873928,4.86119695622471));
#6366=CARTESIAN_POINT('Ctrl Pts',(29.3424686029713,-4.36628119193418,4.84208391675635));
#6367=CARTESIAN_POINT('Ctrl Pts',(28.8853861497458,-4.26460560376003,4.78092771977262));
#6368=CARTESIAN_POINT('Ctrl Pts',(28.6450922349461,-4.260266402836,4.73854363749277));
#6369=CARTESIAN_POINT('Ctrl Pts',(28.2818846673643,-4.32478132542384,4.65971084147833));
#6370=CARTESIAN_POINT('Ctrl Pts',(28.1552558010363,-4.36197526383793,4.62918628067083));
#6371=CARTESIAN_POINT('Ctrl Pts',(28.0342913732748,-4.41208037038146,4.59710487302119));
#6372=CARTESIAN_POINT('',(31.5832200136911,-9.86448988976131,4.37758189613973));
#6373=CARTESIAN_POINT('Ctrl Pts',(31.5832200136911,-9.86448988976131,4.37758189613974));
#6374=CARTESIAN_POINT('Ctrl Pts',(31.4688014797619,-9.2628038691173,4.42205394769047));
#6375=CARTESIAN_POINT('Ctrl Pts',(31.3369765212077,-8.66342919521851,4.47293105040495));
#6376=CARTESIAN_POINT('Ctrl Pts',(30.9694995164925,-7.19598562025242,4.6130326261951));
#6377=CARTESIAN_POINT('Ctrl Pts',(30.7140019351209,-6.33208343748276,4.70913459425127));
#6378=CARTESIAN_POINT('Ctrl Pts',(30.4219508706822,-5.48026959774329,4.8162791187725));
#6379=CARTESIAN_POINT('',(30.0334585201097,-11.9855159239153,3.91578884294918));
#6380=CARTESIAN_POINT('Ctrl Pts',(30.0334585201097,-11.9855159239153,3.91578884294917));
#6381=CARTESIAN_POINT('Ctrl Pts',(30.0619302932807,-11.9817675438666,3.92108074431408));
#6382=CARTESIAN_POINT('Ctrl Pts',(30.0903296469605,-11.977348985536,3.92640668426333));
#6383=CARTESIAN_POINT('Ctrl Pts',(30.3566437984234,-11.9294746621147,3.97680531542025));
#6384=CARTESIAN_POINT('Ctrl Pts',(30.5839347914789,-11.8400500949216,4.02320410556771));
#6385=CARTESIAN_POINT('Ctrl Pts',(30.9867165444077,-11.5802087785461,4.11373598862982));
#6386=CARTESIAN_POINT('Ctrl Pts',(31.1596176840652,-11.4133868198167,4.15716352888016));
#6387=CARTESIAN_POINT('Ctrl Pts',(31.4278350601599,-11.0259346850465,4.2368732269378));
#6388=CARTESIAN_POINT('Ctrl Pts',(31.5224030813632,-10.8101145310358,4.272609256475));
#6389=CARTESIAN_POINT('Ctrl Pts',(31.6220309920642,-10.3577741393653,4.33310260595643));
#6390=CARTESIAN_POINT('Ctrl Pts',(31.6279919272559,-10.1261051791716,4.35751391482989));
#6391=CARTESIAN_POINT('Ctrl Pts',(31.5874815650929,-9.88751789722883,4.37586255219975));
#6392=CARTESIAN_POINT('Ctrl Pts',(31.5854071067224,-9.87599102736233,4.37673181957698));
#6393=CARTESIAN_POINT('Ctrl Pts',(31.5832200136911,-9.86448988976131,4.37758189613973));
#6394=CARTESIAN_POINT('',(32.0717815149706,-13.6341616736113,4.18544700795151));
#6395=CARTESIAN_POINT('Ctrl Pts',(32.0717815149706,-13.6341616736113,4.18544700795151));
#6396=CARTESIAN_POINT('Ctrl Pts',(32.065695340057,-13.5473634696991,4.18786841898282));
#6397=CARTESIAN_POINT('Ctrl Pts',(32.0532416330501,-13.4609177587222,4.18935400524773));
#6398=CARTESIAN_POINT('Ctrl Pts',(31.9849065954544,-13.1508244766717,4.19120682124656));
#6399=CARTESIAN_POINT('Ctrl Pts',(31.8923502259149,-12.9380690107522,4.18579694805017));
#6400=CARTESIAN_POINT('Ctrl Pts',(31.6295121051322,-12.5561302807583,4.16076552109197));
#6401=CARTESIAN_POINT('Ctrl Pts',(31.4607768532267,-12.3919384767256,4.14113602282586));
#6402=CARTESIAN_POINT('Ctrl Pts',(31.0654042461971,-12.1336218313271,4.08794563547893));
#6403=CARTESIAN_POINT('Ctrl Pts',(30.8415282848107,-12.0443988760379,4.05454400182388));
#6404=CARTESIAN_POINT('Ctrl Pts',(30.4175847245462,-11.9653249508556,3.98507659883086));
#6405=CARTESIAN_POINT('Ctrl Pts',(30.2238109670662,-11.9604555488516,3.95116866870887));
#6406=CARTESIAN_POINT('Ctrl Pts',(30.0334585201097,-11.9855159239153,3.91578884294918));
#6407=CARTESIAN_POINT('',(32.0717815149706,-18.1658383263867,4.18544700795151));
#6408=CARTESIAN_POINT('Ctrl Pts',(32.0717815149706,-18.1658383263867,4.18544700795152));
#6409=CARTESIAN_POINT('Ctrl Pts',(32.1249530943301,-17.4075299219866,4.16429246496806));
#6410=CARTESIAN_POINT('Ctrl Pts',(32.1511049822127,-16.6511968826867,4.15382873671035));
#6411=CARTESIAN_POINT('Ctrl Pts',(32.1511049822127,-15.1488031173113,4.15382873671035));
#6412=CARTESIAN_POINT('Ctrl Pts',(32.1249530943301,-14.3924700780114,4.16429246496806));
#6413=CARTESIAN_POINT('Ctrl Pts',(32.0717815149706,-13.6341616736113,4.18544700795152));
#6414=CARTESIAN_POINT('',(30.0334585201097,-19.8144840760827,3.91578884294917));
#6415=CARTESIAN_POINT('Ctrl Pts',(30.0334585201097,-19.8144840760827,3.91578884294917));
#6416=CARTESIAN_POINT('Ctrl Pts',(30.2256915313352,-19.8397920321293,3.95151819947262));
#6417=CARTESIAN_POINT('Ctrl Pts',(30.4213736372689,-19.834570545228,3.98573847951925));
#6418=CARTESIAN_POINT('Ctrl Pts',(30.842248997519,-19.7547273221016,4.05461172255825));
#6419=CARTESIAN_POINT('Ctrl Pts',(31.0616445879833,-19.667480197842,4.08736283440514));
#6420=CARTESIAN_POINT('Ctrl Pts',(31.4517513182682,-19.4152369806375,4.13999449857723));
#6421=CARTESIAN_POINT('Ctrl Pts',(31.6194820077346,-19.2543547535908,4.15963018587866));
#6422=CARTESIAN_POINT('Ctrl Pts',(31.88393566214,-18.8779232716719,4.18516139244936));
#6423=CARTESIAN_POINT('Ctrl Pts',(31.9783997750701,-18.6667303987817,4.19092340220587));
#6424=CARTESIAN_POINT('Ctrl Pts',(32.0513835734729,-18.3517350135039,4.18956652497882));
#6425=CARTESIAN_POINT('Ctrl Pts',(32.0652494784588,-18.2589952016265,4.18804580694943));
#6426=CARTESIAN_POINT('Ctrl Pts',(32.0717815149706,-18.1658383263867,4.18544700795151));
#6427=CARTESIAN_POINT('',(31.5832200136911,-21.9355101102367,4.37758189613972));
#6428=CARTESIAN_POINT('Ctrl Pts',(31.5832200136911,-21.9355101102367,4.37758189613972));
#6429=CARTESIAN_POINT('Ctrl Pts',(31.5969771715202,-21.8631661527907,4.37223478137465));
#6430=CARTESIAN_POINT('Ctrl Pts',(31.6062362154803,-21.7900221226489,4.36614498308724));
#6431=CARTESIAN_POINT('Ctrl Pts',(31.6259484083555,-21.4820047072488,4.33769880555533));
#6432=CARTESIAN_POINT('Ctrl Pts',(31.5943991448804,-21.2476168504252,4.30933796072611));
#6433=CARTESIAN_POINT('Ctrl Pts',(31.4419421456043,-20.7999258195163,4.2414882760873));
#6434=CARTESIAN_POINT('Ctrl Pts',(31.3204890069136,-20.5918028055833,4.2024171737703));
#6435=CARTESIAN_POINT('Ctrl Pts',(31.0020803043507,-20.2320321375884,4.11724557057277));
#6436=CARTESIAN_POINT('Ctrl Pts',(30.8068579721301,-20.0848531552242,4.07180134268091));
#6437=CARTESIAN_POINT('Ctrl Pts',(30.4136493863116,-19.8956435930059,3.98860552539789));
#6438=CARTESIAN_POINT('Ctrl Pts',(30.2260595335181,-19.8398404805358,3.95158659813687));
#6439=CARTESIAN_POINT('Ctrl Pts',(30.0334585201097,-19.8144840760827,3.91578884294917));
#6440=CARTESIAN_POINT('',(30.4219508706823,-26.3197304022547,4.81627911877248));
#6441=CARTESIAN_POINT('Ctrl Pts',(30.4219508706823,-26.3197304022547,4.81627911877249));
#6442=CARTESIAN_POINT('Ctrl Pts',(30.7140019351209,-25.4679165625152,4.70913459425127));
#6443=CARTESIAN_POINT('Ctrl Pts',(30.9694995164925,-24.6040143797456,4.61303262619509));
#6444=CARTESIAN_POINT('Ctrl Pts',(31.3369765212077,-23.1365708047795,4.47293105040494));
#6445=CARTESIAN_POINT('Ctrl Pts',(31.4688014797619,-22.5371961308807,4.42205394769046));
#6446=CARTESIAN_POINT('Ctrl Pts',(31.5832200136911,-21.9355101102367,4.37758189613973));
#6447=CARTESIAN_POINT('',(28.0342913732748,-27.3879196296165,4.59710487302117));
#6448=CARTESIAN_POINT('Ctrl Pts',(28.0342913732748,-27.3879196296165,4.59710487302117));
#6449=CARTESIAN_POINT('Ctrl Pts',(28.1037584367233,-27.4166938294352,4.61552848086983));
#6450=CARTESIAN_POINT('Ctrl Pts',(28.1751662135395,-27.4412393447851,4.63345864801342));
#6451=CARTESIAN_POINT('Ctrl Pts',(28.469856608928,-27.5223023201573,4.70331983908521));
#6452=CARTESIAN_POINT('Ctrl Pts',(28.702556326923,-27.5410680507326,4.74919385680001));
#6453=CARTESIAN_POINT('Ctrl Pts',(29.1573839693084,-27.4888728227475,4.82022882686041));
#6454=CARTESIAN_POINT('Ctrl Pts',(29.3750039101085,-27.4214908914805,4.84533047036218));
#6455=CARTESIAN_POINT('Ctrl Pts',(29.7741313841835,-27.208096408749,4.87335954939865));
#6456=CARTESIAN_POINT('Ctrl Pts',(29.9512189943344,-27.0650260186326,4.87612015794144));
#6457=CARTESIAN_POINT('Ctrl Pts',(30.2404482568538,-26.7228472697898,4.8604338635271));
#6458=CARTESIAN_POINT('Ctrl Pts',(30.3503790020594,-26.5284812532271,4.84253662907272));
#6459=CARTESIAN_POINT('Ctrl Pts',(30.4219508706822,-26.3197304022547,4.81627911877249));
#6460=CARTESIAN_POINT('',(28.9743827268984,-29.8345083916741,5.32767003288841));
#6461=CARTESIAN_POINT('Ctrl Pts',(28.9743827268984,-29.8345083916741,5.32767003288842));
#6462=CARTESIAN_POINT('Ctrl Pts',(28.9769848709137,-29.8291396599463,5.32678612979131));
#6463=CARTESIAN_POINT('Ctrl Pts',(28.9795603944799,-29.8237573918903,5.3258947631716));
#6464=CARTESIAN_POINT('Ctrl Pts',(29.08389117733,-29.6028963201701,5.28910422146533));
#6465=CARTESIAN_POINT('Ctrl Pts',(29.1408281852743,-29.3709130101369,5.24223095383629));
#6466=CARTESIAN_POINT('Ctrl Pts',(29.1626264991876,-28.8926529728367,5.13163291137306));
#6467=CARTESIAN_POINT('Ctrl Pts',(29.1237872726804,-28.6507921799793,5.06842225960327));
#6468=CARTESIAN_POINT('Ctrl Pts',(28.9528720936575,-28.1953986283471,4.93466091114651));
#6469=CARTESIAN_POINT('Ctrl Pts',(28.820865986114,-27.986168129665,4.86511184806762));
#6470=CARTESIAN_POINT('Ctrl Pts',(28.4842256421838,-27.6351549243805,4.7292947837544));
#6471=CARTESIAN_POINT('Ctrl Pts',(28.283152571568,-27.4952143056282,4.66399676866492));
#6472=CARTESIAN_POINT('Ctrl Pts',(28.0512625475941,-27.3950246538674,4.6016217622455));
#6473=CARTESIAN_POINT('Ctrl Pts',(28.0427900048895,-27.391439878093,4.59935882544621));
#6474=CARTESIAN_POINT('Ctrl Pts',(28.0342913732748,-27.3879196296165,4.59710487302117));
#6475=CARTESIAN_POINT('',(26.7023018587305,-33.7635500641384,6.05097980275319));
#6476=CARTESIAN_POINT('Ctrl Pts',(26.7023018587305,-33.7635500641384,6.05097980275319));
#6477=CARTESIAN_POINT('Ctrl Pts',(27.5517704345147,-32.5151245048874,5.79867823682044));
#6478=CARTESIAN_POINT('Ctrl Pts',(28.2956443561244,-31.223483172089,5.5576654102702));
#6479=CARTESIAN_POINT('Ctrl Pts',(28.944097358915,-29.896860590773,5.33795099943115));
#6480=CARTESIAN_POINT('Ctrl Pts',(28.9592556321374,-29.8657185449619,5.33280844407217));
#6481=CARTESIAN_POINT('Ctrl Pts',(28.9743827268984,-29.8345083916741,5.32767003288842));
#6482=CARTESIAN_POINT('',(24.1276002675823,-34.1835607440896,5.71184591366821));
#6483=CARTESIAN_POINT('Ctrl Pts',(24.1276002675822,-34.1835607440896,5.71184591366822));
#6484=CARTESIAN_POINT('Ctrl Pts',(24.1933767103215,-34.2340327837766,5.74093242656649));
#6485=CARTESIAN_POINT('Ctrl Pts',(24.2628832316359,-34.2800954637333,5.76932881433254));
#6486=CARTESIAN_POINT('Ctrl Pts',(24.5313005515801,-34.4318454973014,5.87042228005939));
#6487=CARTESIAN_POINT('Ctrl Pts',(24.74829554625,-34.5057632088668,5.93613484318472));
#6488=CARTESIAN_POINT('Ctrl Pts',(25.1921808400827,-34.5652207352416,6.03920548267925));
#6489=CARTESIAN_POINT('Ctrl Pts',(25.4135010293722,-34.5547147305672,6.07686027386675));
#6490=CARTESIAN_POINT('Ctrl Pts',(25.8432561889199,-34.4523138796911,6.12190388628186));
#6491=CARTESIAN_POINT('Ctrl Pts',(26.0463756938122,-34.3625239030778,6.12903271437273));
#6492=CARTESIAN_POINT('Ctrl Pts',(26.4159297717698,-34.1100523777935,6.11258926256954));
#6493=CARTESIAN_POINT('Ctrl Pts',(26.5762937054033,-33.9487385499425,6.08840561850557));
#6494=CARTESIAN_POINT('Ctrl Pts',(26.7023018587305,-33.7635500641384,6.05097980275319));
#6495=CARTESIAN_POINT('',(24.375156578116,-36.7691660790381,6.69131293039046));
#6496=CARTESIAN_POINT('Ctrl Pts',(24.375156578116,-36.7691660790381,6.69131293039047));
#6497=CARTESIAN_POINT('Ctrl Pts',(24.4469076884712,-36.6873870368474,6.67313799000755));
#6498=CARTESIAN_POINT('Ctrl Pts',(24.5109599140379,-36.5995507992323,6.65134767148439));
#6499=CARTESIAN_POINT('Ctrl Pts',(24.6911044888278,-36.2993705735441,6.570434794966));
#6500=CARTESIAN_POINT('Ctrl Pts',(24.7708660109854,-36.0719814791134,6.49976708532838));
#6501=CARTESIAN_POINT('Ctrl Pts',(24.8393939526002,-35.5918546396014,6.33546554853214));
#6502=CARTESIAN_POINT('Ctrl Pts',(24.8219206136755,-35.342515891504,6.24213988055453));
#6503=CARTESIAN_POINT('Ctrl Pts',(24.6878129951805,-34.8697761781381,6.04985963692101));
#6504=CARTESIAN_POINT('Ctrl Pts',(24.5719500101093,-34.649586371354,5.95216423517396));
#6505=CARTESIAN_POINT('Ctrl Pts',(24.3296985269646,-34.3574964782437,5.80774604328706));
#6506=CARTESIAN_POINT('Ctrl Pts',(24.2335147322021,-34.2648317712097,5.75868156352986));
#6507=CARTESIAN_POINT('Ctrl Pts',(24.1276002675823,-34.1835607440895,5.71184591366822));
#6508=CARTESIAN_POINT('Ctrl Pts',(23.7902142413785,-37.4172710162445,6.83626895525548));
#6509=CARTESIAN_POINT('Ctrl Pts',(23.9884957033131,-37.2036830097978,6.7882214601361));
#6510=CARTESIAN_POINT('Ctrl Pts',(24.1835120299422,-36.9875948603229,6.7398575204397));
#6511=CARTESIAN_POINT('Ctrl Pts',(24.375156578116,-36.7691660790381,6.69131293039047));
#6512=CARTESIAN_POINT('Origin',(17.6676224973012,-12.899999999999,11.650000000001));
#6513=CARTESIAN_POINT('',(28.5338303844316,-12.1829457134297,15.0939844792797));
#6514=CARTESIAN_POINT('Ctrl Pts',(28.5338303844316,-12.1829457134297,15.0939844792797));
#6515=CARTESIAN_POINT('Ctrl Pts',(28.7218760465829,-12.158189032347,15.1660350738901));
#6516=CARTESIAN_POINT('Ctrl Pts',(28.9213136180922,-12.0879886454468,15.2867606649781));
#6517=CARTESIAN_POINT('Ctrl Pts',(29.2251281661461,-11.9028274897143,15.5495415668897));
#6518=CARTESIAN_POINT('Ctrl Pts',(29.3693706774082,-11.7468390920631,15.74294893983));
#6519=CARTESIAN_POINT('Ctrl Pts',(29.5488770571061,-11.4236572055238,16.1137733360505));
#6520=CARTESIAN_POINT('Ctrl Pts',(29.5994070480706,-11.1925677634967,16.3594414949033));
#6521=CARTESIAN_POINT('Ctrl Pts',(29.5961025108043,-10.9617485891033,16.5913566891681));
#6522=CARTESIAN_POINT('Ctrl Pts',(29.5946759850579,-10.9305491266871,16.6224589376684));
#6523=CARTESIAN_POINT('Ctrl Pts',(29.5921692574459,-10.8987186597522,16.6539269609159));
#6524=CARTESIAN_POINT('',(30.9447296536119,-13.7825408660697,14.0847610321466));
#6525=CARTESIAN_POINT('Ctrl Pts',(30.9447296536119,-13.7825408660697,14.0847610321466));
#6526=CARTESIAN_POINT('Ctrl Pts',(30.9332265793978,-13.7473778975029,14.1173365960839));
#6527=CARTESIAN_POINT('Ctrl Pts',(30.9208241493909,-13.712937147548,14.148958719572));
#6528=CARTESIAN_POINT('Ctrl Pts',(30.9077917535128,-13.6795532615319,14.1793574252044));
#6529=CARTESIAN_POINT('Ctrl Pts',(30.8180392408509,-13.4496425313474,14.3887095840649));
#6530=CARTESIAN_POINT('Ctrl Pts',(30.6519804105964,-13.1824978381625,14.6164984917698));
#6531=CARTESIAN_POINT('Ctrl Pts',(30.30036862068,-12.7984946069457,14.9156563364201));
#6532=CARTESIAN_POINT('Ctrl Pts',(30.0653602375635,-12.6063167930189,15.0505883156878));
#6533=CARTESIAN_POINT('Ctrl Pts',(29.6391885741792,-12.3638745430075,15.1883353257636));
#6534=CARTESIAN_POINT('Ctrl Pts',(29.3828212089782,-12.2612414185773,15.2276280100385));
#6535=CARTESIAN_POINT('Ctrl Pts',(28.9582835333957,-12.1708998393336,15.2124160027664));
#6536=CARTESIAN_POINT('Ctrl Pts',(28.7209272688787,-12.1583139413014,15.165671545176));
#6537=CARTESIAN_POINT('Ctrl Pts',(28.5338303844316,-12.1829457134297,15.0939844792797));
#6538=CARTESIAN_POINT('Origin',(0.453304898064448,-15.2826707619578,4.93691935383721));
#6539=CARTESIAN_POINT('',(17.6676224973012,-10.8072001652821,13.7602398333401));
#6540=CARTESIAN_POINT('Origin',(17.6676224973012,-21.8751041630792,14.6498966977731));
#6541=CARTESIAN_POINT('',(30.9447296536118,-18.0174591339283,14.0847610321467));
#6542=CARTESIAN_POINT('Origin',(0.453304898064447,-16.5173292380402,4.93691935383723));
#6543=CARTESIAN_POINT('',(28.5338303844316,-19.6170542865683,15.0939844792799));
#6544=CARTESIAN_POINT('Ctrl Pts',(28.5338303844316,-19.6170542865683,15.0939844792799));
#6545=CARTESIAN_POINT('Ctrl Pts',(28.7209272688787,-19.6416860586966,15.1656715451762));
#6546=CARTESIAN_POINT('Ctrl Pts',(28.9582835333956,-19.6291001606644,15.2124160027665));
#6547=CARTESIAN_POINT('Ctrl Pts',(29.3828212089781,-19.5387585814207,15.2276280100387));
#6548=CARTESIAN_POINT('Ctrl Pts',(29.6391885741791,-19.4361254569905,15.1883353257638));
#6549=CARTESIAN_POINT('Ctrl Pts',(30.0653602375634,-19.1936832069792,15.050588315688));
#6550=CARTESIAN_POINT('Ctrl Pts',(30.3003686206799,-19.0015053930523,14.9156563364203));
#6551=CARTESIAN_POINT('Ctrl Pts',(30.6519804105963,-18.6175021618355,14.61649849177));
#6552=CARTESIAN_POINT('Ctrl Pts',(30.8180392408509,-18.3503574686506,14.388709584065));
#6553=CARTESIAN_POINT('Ctrl Pts',(30.9077917535128,-18.1204467384661,14.1793574252046));
#6554=CARTESIAN_POINT('Ctrl Pts',(30.9208241493908,-18.08706285245,14.1489587195721));
#6555=CARTESIAN_POINT('Ctrl Pts',(30.9332265793977,-18.0526221024951,14.1173365960841));
#6556=CARTESIAN_POINT('Ctrl Pts',(30.9447296536118,-18.0174591339283,14.0847610321467));
#6557=CARTESIAN_POINT('Ctrl Pts',(29.5921692574459,-20.9012813402456,16.6539269609159));
#6558=CARTESIAN_POINT('Ctrl Pts',(29.5946759850578,-20.8694508733108,16.6224589376685));
#6559=CARTESIAN_POINT('Ctrl Pts',(29.5961025108042,-20.8382514108946,16.5913566891682));
#6560=CARTESIAN_POINT('Ctrl Pts',(29.5994070480705,-20.6074322365013,16.3594414949035));
#6561=CARTESIAN_POINT('Ctrl Pts',(29.5488770571061,-20.3763427944742,16.1137733360507));
#6562=CARTESIAN_POINT('Ctrl Pts',(29.3693706774082,-20.0531609079348,15.7429489398302));
#6563=CARTESIAN_POINT('Ctrl Pts',(29.225128166146,-19.8971725102836,15.5495415668898));
#6564=CARTESIAN_POINT('Ctrl Pts',(28.9213136180922,-19.7120113545512,15.2867606649783));
#6565=CARTESIAN_POINT('Ctrl Pts',(28.7218760465829,-19.641810967651,15.1660350738902));
#6566=CARTESIAN_POINT('Ctrl Pts',(28.5338303844316,-19.6170542865683,15.0939844792799));
#6567=CARTESIAN_POINT('',(17.6676224973012,-13.2823215453995,5.98550755828072));
#6568=CARTESIAN_POINT('Origin',(0.300000000000009,-15.899999999999,-10.));
#6569=CARTESIAN_POINT('Origin',(0.300000000000009,-15.899999999999,4.6));
#6570=CARTESIAN_POINT('Origin',(0.300000000000009,-15.899999999999,-10.));
#6571=CARTESIAN_POINT('',(-19.1657124551864,-32.2347130314777,-10.));
#6572=CARTESIAN_POINT('',(6.86762249730113,-40.4479764123574,4.6));
#6573=CARTESIAN_POINT('',(6.86762249730113,-40.4479764123574,4.6));
#6574=CARTESIAN_POINT('Origin',(0.300000000000009,-15.899999999999,4.6));
#6575=CARTESIAN_POINT('',(14.7676224973012,4.99078051400637,4.6));
#6576=CARTESIAN_POINT('Origin',(0.300000000000009,-15.899999999999,4.6));
#6577=CARTESIAN_POINT('',(14.7676224973012,4.99078051400637,4.6));
#6578=CARTESIAN_POINT('',(-19.1657124551868,0.434713031479241,4.6));
#6579=CARTESIAN_POINT('Origin',(-0.79191589548206,-17.3230124999999,5.54914669734926));
#6580=CARTESIAN_POINT('',(21.9507847527188,-34.9088801485151,-8.10170660522601));
#6581=CARTESIAN_POINT('Origin',(-0.857009473492657,-17.4078441024723,5.54914669734926));
#6582=CARTESIAN_POINT('',(21.8246232870726,-32.4164243542502,-7.33370694341819));
#6583=CARTESIAN_POINT('Origin',(20.7327073915905,-33.8394368542511,-7.33370694341819));
#6584=CARTESIAN_POINT('Origin',(0.300000000000005,-15.899999999999,5.54914669734926));
#6585=CARTESIAN_POINT('Origin',(1.39191589548207,-14.4769874999982,5.54914669734926));
#6586=CARTESIAN_POINT('',(24.2648036997052,-31.8931919435691,-8.10170660522477));
#6587=CARTESIAN_POINT('Origin',(22.9165391825363,-30.9934118542353,-7.33370694340927));
#6588=CARTESIAN_POINT('Origin',(1.45700947349266,-14.3921558975257,5.54914669734926));
#6589=CARTESIAN_POINT('Origin',(0.300000000000006,-15.899999999999,5.54914669734926));
#6590=CARTESIAN_POINT('',(26.1329123605839,-28.6575328288653,-8.10170660522601));
#6591=CARTESIAN_POINT('Origin',(0.299999999999702,-15.8999999999989,-8.10170660522653));
#6592=CARTESIAN_POINT('Origin',(-0.427326560942072,-17.6559216476996,5.54914669734926));
#6593=CARTESIAN_POINT('Origin',(0.300000000000007,-15.899999999999,5.54914669734926));
#6594=CARTESIAN_POINT('',(21.9507847527196,3.10888014851793,-8.10170660522477));
#6595=CARTESIAN_POINT('Origin',(-0.857009473492651,-14.3921558975257,5.54914669734926));
#6596=CARTESIAN_POINT('',(19.3088801485161,5.75078475271982,-8.10170660522601));
#6597=CARTESIAN_POINT('Origin',(0.299999999999778,-15.8999999999993,-8.10170660522653));
#6598=CARTESIAN_POINT('',(19.3088801485093,5.75078475271101,19.2000000000056));
#6599=CARTESIAN_POINT('Origin',(1.80784410247329,-17.0570094734917,5.54914669734926));
#6600=CARTESIAN_POINT('',(21.95078475271,3.10888014851029,19.2000000000056));
#6601=CARTESIAN_POINT('Origin',(0.300000000000216,-15.8999999999988,19.2000000000062));
#6602=CARTESIAN_POINT('Origin',(-0.857009473492651,-14.3921558975257,5.54914669734926));
#6603=CARTESIAN_POINT('Origin',(-0.386407027162505,-17.5571331542829,5.54914669734926));
#6604=CARTESIAN_POINT('',(25.3659547139804,-26.2826583963595,-7.33370694340927));
#6605=CARTESIAN_POINT('Origin',(24.6795476868393,-27.9397915506523,-7.33370694341819));
#6606=CARTESIAN_POINT('Origin',(0.300000000000005,-15.899999999999,5.54914669734926));
#6607=CARTESIAN_POINT('Origin',(-0.791915895482054,-14.4769874999982,5.54914669734926));
#6608=CARTESIAN_POINT('',(21.8246232870542,0.61642435423809,-7.33370694340928));
#6609=CARTESIAN_POINT('Origin',(0.300000000000011,-15.899999999999,5.54914669734926));
#6610=CARTESIAN_POINT('Origin',(20.7327073915722,2.03943685423894,-7.33370694340928));
#6611=CARTESIAN_POINT('Origin',(-0.791915895482054,-14.4769874999982,5.54914669734926));
#6612=CARTESIAN_POINT('',(21.5245936878027,0.386203545539847,19.2));
#6613=CARTESIAN_POINT('Ctrl Pts',(21.950784752712,3.10888014851205,19.2));
#6614=CARTESIAN_POINT('Ctrl Pts',(21.974831187423,3.0814916764963,19.2));
#6615=CARTESIAN_POINT('Ctrl Pts',(21.9975083783461,3.05378963474212,19.2));
#6616=CARTESIAN_POINT('Ctrl Pts',(22.018679950608,3.02619830458749,19.2));
#6617=CARTESIAN_POINT('Ctrl Pts',(22.1489011847124,2.85649068821986,19.2));
#6618=CARTESIAN_POINT('Ctrl Pts',(22.2590910703991,2.62465009277165,19.2));
#6619=CARTESIAN_POINT('Ctrl Pts',(22.3638682349024,2.19793382789741,19.2));
#6620=CARTESIAN_POINT('Ctrl Pts',(22.3718753429304,1.92747646918261,19.2));
#6621=CARTESIAN_POINT('Ctrl Pts',(22.2965034871088,1.46697717986058,19.2));
#6622=CARTESIAN_POINT('Ctrl Pts',(22.1935252894468,1.19654402789103,19.2));
#6623=CARTESIAN_POINT('Ctrl Pts',(21.9352110740865,0.77086264143075,19.2));
#6624=CARTESIAN_POINT('Ctrl Pts',(21.7283107398915,0.542521137519169,19.2));
#6625=CARTESIAN_POINT('Ctrl Pts',(21.5245936878027,0.386203545539846,19.2));
#6626=CARTESIAN_POINT('Origin',(0.300000000000011,-15.899999999999,5.54914669734926));
#6627=CARTESIAN_POINT('Origin',(1.39191589548208,-17.3230124999999,5.54914669734926));
#6628=CARTESIAN_POINT('',(24.2648036997042,0.0931919435705053,-8.10170660522601));
#6629=CARTESIAN_POINT('Origin',(1.45700947349267,-17.4078441024723,5.54914669734926));
#6630=CARTESIAN_POINT('Origin',(22.9165391825547,-0.80658814574865,-7.33370694341819));
#6631=CARTESIAN_POINT('Origin',(1.39191589548208,-17.3230124999999,5.54914669734926));
#6632=CARTESIAN_POINT('',(24.2648036996953,0.0931919435637418,19.2000000000056));
#6633=CARTESIAN_POINT('Ctrl Pts',(21.5245936878027,0.386203545539869,19.2));
#6634=CARTESIAN_POINT('Ctrl Pts',(21.7283107398916,0.542521137519196,19.2));
#6635=CARTESIAN_POINT('Ctrl Pts',(22.0024214426611,0.683272383786226,19.2));
#6636=CARTESIAN_POINT('Ctrl Pts',(22.4804547261696,0.82261030573878,19.2));
#6637=CARTESIAN_POINT('Ctrl Pts',(22.7683258107271,0.852086356248445,19.2));
#6638=CARTESIAN_POINT('Ctrl Pts',(23.2326416390223,0.805703992029123,19.2));
#6639=CARTESIAN_POINT('Ctrl Pts',(23.491810994661,0.727970204267478,19.2));
#6640=CARTESIAN_POINT('Ctrl Pts',(23.8768689297354,0.516320938863899,19.2));
#6641=CARTESIAN_POINT('Ctrl Pts',(24.0722905074676,0.349880920953431,19.2));
#6642=CARTESIAN_POINT('Ctrl Pts',(24.2025117415721,0.180173304585804,19.2));
#6643=CARTESIAN_POINT('Ctrl Pts',(24.223683313834,0.152581974431181,19.2));
#6644=CARTESIAN_POINT('Ctrl Pts',(24.244572142505,0.123507674056701,19.2));
#6645=CARTESIAN_POINT('Ctrl Pts',(24.2648036996976,0.0931919435652243,19.2));
#6646=CARTESIAN_POINT('Origin',(1.45700947349267,-17.4078441024723,5.54914669734926));
#6647=CARTESIAN_POINT('Origin',(0.300000000000008,-15.899999999999,5.54914669734926));
#6648=CARTESIAN_POINT('',(26.1329123605849,-3.14246717113202,-8.10170660522477));
#6649=CARTESIAN_POINT('Origin',(-0.427326560942067,-14.1440783522985,5.54914669734926));
#6650=CARTESIAN_POINT('Origin',(0.299999999999722,-15.8999999999992,-8.10170660522653));
#6651=CARTESIAN_POINT('Origin',(0.300000000000008,-15.899999999999,5.54914669734926));
#6652=CARTESIAN_POINT('',(26.1329123605736,-3.14246717113691,19.2000000000056));
#6653=CARTESIAN_POINT('Origin',(0.300000000000267,-15.8999999999988,19.2000000000062));
#6654=CARTESIAN_POINT('Origin',(-0.427326560942067,-14.1440783522985,5.54914669734926));
#6655=CARTESIAN_POINT('Origin',(-0.3864070271625,-14.2428668457151,5.54914669734926));
#6656=CARTESIAN_POINT('',(25.3659547139804,-5.51734160363849,-7.33370694340928));
#6657=CARTESIAN_POINT('Origin',(0.30000000000001,-15.899999999999,5.54914669734926));
#6658=CARTESIAN_POINT('Origin',(24.6795476868179,-3.86020844935456,-7.33370694340928));
#6659=CARTESIAN_POINT('Origin',(-0.3864070271625,-14.2428668457151,5.54914669734926));
#6660=CARTESIAN_POINT('',(25.0165628455422,-5.66206445412849,19.2));
#6661=CARTESIAN_POINT('Ctrl Pts',(26.132912360576,-3.14246717113573,19.2));
#6662=CARTESIAN_POINT('Ctrl Pts',(26.1490507747196,-3.17514607886836,19.2));
#6663=CARTESIAN_POINT('Ctrl Pts',(26.1637854431057,-3.20777348533997,19.2));
#6664=CARTESIAN_POINT('Ctrl Pts',(26.1770944498129,-3.23990426983413,19.2));
#6665=CARTESIAN_POINT('Ctrl Pts',(26.2589549397507,-3.43753297486457,19.2));
#6666=CARTESIAN_POINT('Ctrl Pts',(26.3053854346013,-3.6899930345836,19.2));
#6667=CARTESIAN_POINT('Ctrl Pts',(26.296150107596,-4.12928762098855,19.2));
#6668=CARTESIAN_POINT('Ctrl Pts',(26.2338848647106,-4.39260176073494,19.2));
#6669=CARTESIAN_POINT('Ctrl Pts',(26.0418952562645,-4.81790224552751,19.2));
#6670=CARTESIAN_POINT('Ctrl Pts',(25.8724327054412,-5.05246789251437,19.2));
#6671=CARTESIAN_POINT('Ctrl Pts',(25.5127458835655,-5.39678789891093,19.2));
#6672=CARTESIAN_POINT('Ctrl Pts',(25.2537963772991,-5.56379910782509,19.2));
#6673=CARTESIAN_POINT('Ctrl Pts',(25.0165628455422,-5.66206445412849,19.2));
#6674=CARTESIAN_POINT('Origin',(0.30000000000001,-15.899999999999,5.54914669734926));
#6675=CARTESIAN_POINT('Origin',(0.986407027162519,-17.5571331542829,5.54914669734926));
#6676=CARTESIAN_POINT('',(27.587565482468,-6.65431046653374,-8.10170660522601));
#6677=CARTESIAN_POINT('Origin',(1.02732656094209,-17.6559216476996,5.54914669734926));
#6678=CARTESIAN_POINT('Origin',(26.0523617411643,-7.17447475791356,-7.33370694341819));
#6679=CARTESIAN_POINT('Origin',(0.986407027162519,-17.5571331542829,5.54914669734926));
#6680=CARTESIAN_POINT('',(27.5875654824578,-6.65431046653799,19.2000000000056));
#6681=CARTESIAN_POINT('Ctrl Pts',(25.0165628455422,-5.66206445412849,19.2));
#6682=CARTESIAN_POINT('Ctrl Pts',(25.2537963772991,-5.5637991078251,19.2));
#6683=CARTESIAN_POINT('Ctrl Pts',(25.5549960875224,-5.4987889143166,19.2));
#6684=CARTESIAN_POINT('Ctrl Pts',(26.0528040897953,-5.48792293488607,19.2));
#6685=CARTESIAN_POINT('Ctrl Pts',(26.3384951682575,-5.53395777565956,19.2));
#6686=CARTESIAN_POINT('Ctrl Pts',(26.7749851791458,-5.69893347844872,19.2));
#6687=CARTESIAN_POINT('Ctrl Pts',(27.0052045684193,-5.84109651676921,19.2));
#6688=CARTESIAN_POINT('Ctrl Pts',(27.3223631117567,-6.14519433540272,19.2));
#6689=CARTESIAN_POINT('Ctrl Pts',(27.4680480142,-6.35654187337155,19.2));
#6690=CARTESIAN_POINT('Ctrl Pts',(27.5499085041379,-6.55417057840199,19.2));
#6691=CARTESIAN_POINT('Ctrl Pts',(27.5632175108451,-6.58630136289615,19.2));
#6692=CARTESIAN_POINT('Ctrl Pts',(27.5758695872793,-6.61979140719908,19.2));
#6693=CARTESIAN_POINT('Ctrl Pts',(27.5875654824603,-6.65431046653714,19.2));
#6694=CARTESIAN_POINT('Origin',(1.02732656094209,-17.6559216476996,5.54914669734926));
#6695=CARTESIAN_POINT('Origin',(1.02732656094209,-17.6559216476996,5.54914669734926));
#6696=CARTESIAN_POINT('Origin',(0.300000000000008,-15.899999999999,5.54914669734926));
#6697=CARTESIAN_POINT('',(28.5545696819703,-10.2632192702512,19.2000000000056));
#6698=CARTESIAN_POINT('Origin',(0.3000000000003,-15.8999999999989,19.2000000000062));
#6699=CARTESIAN_POINT('Origin',(0.0519224547727459,-14.0156639655643,5.54914669734926));
#6700=CARTESIAN_POINT('Origin',(0.300000000000008,-15.899999999999,5.54914669734926));
#6701=CARTESIAN_POINT('',(28.5545696819825,-10.2632192702494,-8.10170660522477));
#6702=CARTESIAN_POINT('Origin',(0.0519224547727459,-14.0156639655643,5.54914669734926));
#6703=CARTESIAN_POINT('Origin',(0.299999999999683,-15.8999999999991,-8.10170660522653));
#6704=CARTESIAN_POINT('Origin',(0.300000000000008,-15.899999999999,5.54914669734926));
#6705=CARTESIAN_POINT('Origin',(0.0519224547727459,-14.0156639655643,5.54914669734926));
#6706=CARTESIAN_POINT('Origin',(0.0658793457169327,-14.1216770773544,5.54914669734926));
#6707=CARTESIAN_POINT('',(26.8241390914094,-12.4080308422595,19.2));
#6708=CARTESIAN_POINT('Ctrl Pts',(28.5545696819729,-10.2632192702507,19.2));
#6709=CARTESIAN_POINT('Ctrl Pts',(28.5617002692952,-10.2989616001427,19.2));
#6710=CARTESIAN_POINT('Ctrl Pts',(28.567488271844,-10.3342908675,19.2));
#6711=CARTESIAN_POINT('Ctrl Pts',(28.5720277261835,-10.3687714464691,19.2));
#6712=CARTESIAN_POINT('Ctrl Pts',(28.5999488148463,-10.5808531705114,19.2));
#6713=CARTESIAN_POINT('Ctrl Pts',(28.5794557573669,-10.8367279586414,19.2));
#6714=CARTESIAN_POINT('Ctrl Pts',(28.4568373111262,-11.2586636664822,19.2));
#6715=CARTESIAN_POINT('Ctrl Pts',(28.3285429907319,-11.4968901637836,19.2));
#6716=CARTESIAN_POINT('Ctrl Pts',(28.033019404199,-11.8580083188504,19.2));
#6717=CARTESIAN_POINT('Ctrl Pts',(27.808621093003,-12.0407211996505,19.2));
#6718=CARTESIAN_POINT('Ctrl Pts',(27.3720737271122,-12.2802149865631,19.2));
#6719=CARTESIAN_POINT('Ctrl Pts',(27.0787220296921,-12.3745143625914,19.2));
#6720=CARTESIAN_POINT('Ctrl Pts',(26.8241390914094,-12.4080308422595,19.2));
#6721=CARTESIAN_POINT('Origin',(0.300000000000008,-15.899999999999,5.54914669734926));
#6722=CARTESIAN_POINT('Origin',(0.0658793457169327,-14.1216770773544,5.54914669734926));
#6723=CARTESIAN_POINT('',(27.1990827506206,-12.3586685730698,-7.33370694341819));
#6724=CARTESIAN_POINT('Origin',(0.300000000000008,-15.899999999999,5.54914669734926));
#6725=CARTESIAN_POINT('Origin',(26.9649620963145,-10.5803456504282,-7.33370694340927));
#6726=CARTESIAN_POINT('Origin',(0.0658793457169327,-14.1216770773544,5.54914669734926));
#6727=CARTESIAN_POINT('Origin',(0.300000000000008,-15.899999999999,5.54914669734926));
#6728=CARTESIAN_POINT('Origin',(0.534120654283084,-17.6783229226436,5.54914669734926));
#6729=CARTESIAN_POINT('',(29.0507247724248,-14.0318913391207,19.2000000000056));
#6730=CARTESIAN_POINT('Ctrl Pts',(26.8241390914094,-12.4080308422595,19.2));
#6731=CARTESIAN_POINT('Ctrl Pts',(27.0787220296921,-12.3745143625914,19.2));
#6732=CARTESIAN_POINT('Ctrl Pts',(27.3864844848733,-12.3896755590947,19.2));
#6733=CARTESIAN_POINT('Ctrl Pts',(27.8701424132224,-12.5080220207275,19.2));
#6734=CARTESIAN_POINT('Ctrl Pts',(28.1341841107189,-12.6264305544616,19.2));
#6735=CARTESIAN_POINT('Ctrl Pts',(28.5131022312922,-12.8987567743107,19.2));
#6736=CARTESIAN_POINT('Ctrl Pts',(28.6986825832769,-13.095660887064,19.2));
#6737=CARTESIAN_POINT('Ctrl Pts',(28.9263279042783,-13.471483495133,19.2));
#6738=CARTESIAN_POINT('Ctrl Pts',(29.0123479460869,-13.713335567716,19.2));
#6739=CARTESIAN_POINT('Ctrl Pts',(29.0402690347497,-13.9254172917583,19.2));
#6740=CARTESIAN_POINT('Ctrl Pts',(29.0448084890892,-13.9598978707273,19.2));
#6741=CARTESIAN_POINT('Ctrl Pts',(29.0483615951863,-13.9955213677844,19.2));
#6742=CARTESIAN_POINT('Ctrl Pts',(29.0507247724275,-14.0318913391205,19.2));
#6743=CARTESIAN_POINT('Origin',(0.54807754522727,-17.7843360344337,5.54914669734926));
#6744=CARTESIAN_POINT('Origin',(0.534120654283084,-17.6783229226436,5.54914669734926));
#6745=CARTESIAN_POINT('',(29.0507247724359,-14.0318913391193,-8.10170660522601));
#6746=CARTESIAN_POINT('Origin',(0.54807754522727,-17.7843360344337,5.54914669734926));
#6747=CARTESIAN_POINT('Origin',(27.4332034049037,-14.1369914957144,-7.33370694341819));
#6748=CARTESIAN_POINT('Origin',(0.534120654283084,-17.6783229226436,5.54914669734926));
#6749=CARTESIAN_POINT('Origin',(0.54807754522727,-17.7843360344337,5.54914669734926));
#6750=CARTESIAN_POINT('Origin',(0.300000000000007,-15.899999999999,5.54914669734926));
#6751=CARTESIAN_POINT('',(29.050724772437,-17.7681086608787,-8.10170660522477));
#6752=CARTESIAN_POINT('Origin',(0.54807754522727,-14.0156639655643,5.54914669734926));
#6753=CARTESIAN_POINT('Origin',(0.299999999999666,-15.899999999999,-8.10170660522653));
#6754=CARTESIAN_POINT('Origin',(0.300000000000007,-15.899999999999,5.54914669734926));
#6755=CARTESIAN_POINT('',(29.0507247724248,-17.7681086608773,19.2000000000056));
#6756=CARTESIAN_POINT('Origin',(0.300000000000314,-15.899999999999,19.2000000000062));
#6757=CARTESIAN_POINT('Origin',(0.54807754522727,-14.0156639655643,5.54914669734926));
#6758=CARTESIAN_POINT('Origin',(0.54807754522727,-14.0156639655643,5.54914669734926));
#6759=CARTESIAN_POINT('Origin',(0.534120654283083,-14.1216770773544,5.54914669734926));
#6760=CARTESIAN_POINT('',(26.8241390914094,-19.3919691577385,19.2));
#6761=CARTESIAN_POINT('Ctrl Pts',(29.0507247724275,-17.7681086608775,19.2));
#6762=CARTESIAN_POINT('Ctrl Pts',(29.0483615951863,-17.8044786322137,19.2));
#6763=CARTESIAN_POINT('Ctrl Pts',(29.0448084890892,-17.8401021292707,19.2));
#6764=CARTESIAN_POINT('Ctrl Pts',(29.0402690347497,-17.8745827082398,19.2));
#6765=CARTESIAN_POINT('Ctrl Pts',(29.0123479460869,-18.0866644322821,19.2));
#6766=CARTESIAN_POINT('Ctrl Pts',(28.9263279042783,-18.328516504865,19.2));
#6767=CARTESIAN_POINT('Ctrl Pts',(28.6986825832769,-18.704339112934,19.2));
#6768=CARTESIAN_POINT('Ctrl Pts',(28.5131022312922,-18.9012432256873,19.2));
#6769=CARTESIAN_POINT('Ctrl Pts',(28.1341841107189,-19.1735694455365,19.2));
#6770=CARTESIAN_POINT('Ctrl Pts',(27.8701424132224,-19.2919779792706,19.2));
#6771=CARTESIAN_POINT('Ctrl Pts',(27.3864844848733,-19.4103244409034,19.2));
#6772=CARTESIAN_POINT('Ctrl Pts',(27.0787220296921,-19.4254856374066,19.2));
#6773=CARTESIAN_POINT('Ctrl Pts',(26.8241390914094,-19.3919691577385,19.2));
#6774=CARTESIAN_POINT('Origin',(0.300000000000007,-15.899999999999,5.54914669734926));
#6775=CARTESIAN_POINT('Origin',(0.534120654283083,-14.1216770773544,5.54914669734926));
#6776=CARTESIAN_POINT('',(27.1990827505976,-19.4413314269252,-7.33370694340927));
#6777=CARTESIAN_POINT('Origin',(0.300000000000007,-15.899999999999,5.54914669734926));
#6778=CARTESIAN_POINT('Origin',(27.4332034048807,-17.6630085042807,-7.33370694340927));
#6779=CARTESIAN_POINT('Origin',(0.534120654283083,-14.1216770773544,5.54914669734926));
#6780=CARTESIAN_POINT('Origin',(0.300000000000007,-15.899999999999,5.54914669734926));
#6781=CARTESIAN_POINT('Origin',(0.0658793457169315,-17.6783229226436,5.54914669734926));
#6782=CARTESIAN_POINT('',(28.5545696819703,-21.5367807297468,19.2000000000056));
#6783=CARTESIAN_POINT('Ctrl Pts',(26.8241390914094,-19.3919691577385,19.2));
#6784=CARTESIAN_POINT('Ctrl Pts',(27.0787220296921,-19.4254856374066,19.2));
#6785=CARTESIAN_POINT('Ctrl Pts',(27.3720737271122,-19.5197850134349,19.2));
#6786=CARTESIAN_POINT('Ctrl Pts',(27.808621093003,-19.7592788003475,19.2));
#6787=CARTESIAN_POINT('Ctrl Pts',(28.033019404199,-19.9419916811476,19.2));
#6788=CARTESIAN_POINT('Ctrl Pts',(28.3285429907319,-20.3031098362144,19.2));
#6789=CARTESIAN_POINT('Ctrl Pts',(28.4568373111262,-20.5413363335159,19.2));
#6790=CARTESIAN_POINT('Ctrl Pts',(28.579455757367,-20.9632720413566,19.2));
#6791=CARTESIAN_POINT('Ctrl Pts',(28.5999488148463,-21.2191468294866,19.2));
#6792=CARTESIAN_POINT('Ctrl Pts',(28.5720277261835,-21.4312285535289,19.2));
#6793=CARTESIAN_POINT('Ctrl Pts',(28.567488271844,-21.465709132498,19.2));
#6794=CARTESIAN_POINT('Ctrl Pts',(28.5617002692952,-21.5010383998553,19.2));
#6795=CARTESIAN_POINT('Ctrl Pts',(28.5545696819729,-21.5367807297473,19.2));
#6796=CARTESIAN_POINT('Origin',(0.0519224547727448,-17.7843360344337,5.54914669734926));
#6797=CARTESIAN_POINT('Origin',(0.0658793457169315,-17.6783229226436,5.54914669734926));
#6798=CARTESIAN_POINT('',(28.5545696819813,-21.5367807297482,-8.10170660522601));
#6799=CARTESIAN_POINT('Origin',(0.0519224547727448,-17.7843360344337,5.54914669734926));
#6800=CARTESIAN_POINT('Origin',(26.9649620963375,-21.2196543495728,-7.33370694341819));
#6801=CARTESIAN_POINT('Origin',(0.0658793457169315,-17.6783229226436,5.54914669734926));
#6802=CARTESIAN_POINT('Origin',(0.0519224547727448,-17.7843360344337,5.54914669734926));
#6803=CARTESIAN_POINT('Origin',(0.300000000000007,-15.899999999999,5.54914669734926));
#6804=CARTESIAN_POINT('',(27.5875654824578,-25.14568953346,19.2000000000056));
#6805=CARTESIAN_POINT('Origin',(0.300000000000308,-15.8999999999991,19.2000000000062));
#6806=CARTESIAN_POINT('Origin',(1.02732656094208,-14.1440783522985,5.54914669734926));
#6807=CARTESIAN_POINT('Origin',(0.300000000000007,-15.899999999999,5.54914669734926));
#6808=CARTESIAN_POINT('',(27.5875654824692,-25.1456895334645,-8.10170660522477));
#6809=CARTESIAN_POINT('Origin',(1.02732656094208,-14.1440783522985,5.54914669734926));
#6810=CARTESIAN_POINT('Origin',(0.299999999999673,-15.8999999999989,-8.10170660522653));
#6811=CARTESIAN_POINT('Origin',(0.986407027162515,-14.2428668457151,5.54914669734926));
#6812=CARTESIAN_POINT('Origin',(26.052361741143,-24.6255252420756,-7.33370694340927));
#6813=CARTESIAN_POINT('Ctrl Pts',(21.8199348042316,-30.1519577196262,-10.));
#6814=CARTESIAN_POINT('Ctrl Pts',(22.401638218144,-30.5645788161444,-10.));
#6815=CARTESIAN_POINT('Ctrl Pts',(23.4158189501255,-31.2864161439816,-9.5834695080485));
#6816=CARTESIAN_POINT('Ctrl Pts',(24.0781192136323,-31.7597259720246,-8.58580850104783));
#6817=CARTESIAN_POINT('Ctrl Pts',(24.2648036997048,-31.8931919435688,-8.10170660522453));
#6818=CARTESIAN_POINT('Ctrl Pts',(21.4932343322712,-30.5777220640042,-10.));
#6819=CARTESIAN_POINT('Ctrl Pts',(22.0728093851574,-30.9951693160323,-10.0082569059132));
#6820=CARTESIAN_POINT('Ctrl Pts',(23.0888685000569,-31.7287239986513,-9.60644093019337));
#6821=CARTESIAN_POINT('Ctrl Pts',(23.7601752251867,-32.2149610190481,-8.60479925570395));
#6822=CARTESIAN_POINT('Ctrl Pts',(23.950098917704,-32.3525996977553,-8.1159505448985));
#6823=CARTESIAN_POINT('Ctrl Pts',(20.9275215310576,-31.3149733402869,-9.54988004089054));
#6824=CARTESIAN_POINT('Ctrl Pts',(21.4201119911373,-31.6847365580507,-9.56261669756998));
#6825=CARTESIAN_POINT('Ctrl Pts',(22.2935563443437,-32.3410230822896,-9.22342237843856));
#6826=CARTESIAN_POINT('Ctrl Pts',(22.8756014509784,-32.7788003659712,-8.35622672186028));
#6827=CARTESIAN_POINT('Ctrl Pts',(23.0398758393055,-32.9023579919089,-7.93197227124234));
#6828=CARTESIAN_POINT('Ctrl Pts',(20.7280189087496,-31.5749702196271,-8.60883015717538));
#6829=CARTESIAN_POINT('Ctrl Pts',(21.0568013073091,-31.8273392869777,-8.6126127424032));
#6830=CARTESIAN_POINT('Ctrl Pts',(21.6351329712689,-32.2710203765679,-8.37673627648861));
#6831=CARTESIAN_POINT('Ctrl Pts',(22.0165186658029,-32.5636417628773,-7.79578931562464));
#6832=CARTESIAN_POINT('Ctrl Pts',(22.1240330239814,-32.646169525844,-7.51290877045123));
#6833=CARTESIAN_POINT('Ctrl Pts',(20.7280189087496,-31.5749702196271,-8.20633199895714));
#6834=CARTESIAN_POINT('Ctrl Pts',(20.988611904764,-31.7749302583472,-8.20633199895714));
#6835=CARTESIAN_POINT('Ctrl Pts',(21.4434158814166,-32.1239136238729,-8.01485741200608));
#6836=CARTESIAN_POINT('Ctrl Pts',(21.7407910706948,-32.3520976321615,-7.55624337792263));
#6837=CARTESIAN_POINT('Ctrl Pts',(21.8246232870542,-32.4164243542361,-7.33370694340927));
#6838=CARTESIAN_POINT('',(20.7775223381973,-31.6129555370398,-8.205061927963));
#6839=CARTESIAN_POINT('Ctrl Pts',(21.8199348042317,-30.1519577196262,-10.));
#6840=CARTESIAN_POINT('Ctrl Pts',(21.6908982867375,-30.3467981407435,-10.));
#6841=CARTESIAN_POINT('Ctrl Pts',(21.5603905276726,-30.5379109373625,-9.95443771343473));
#6842=CARTESIAN_POINT('Ctrl Pts',(21.3123385239995,-30.891803031436,-9.77724421969078));
#6843=CARTESIAN_POINT('Ctrl Pts',(21.1972414941018,-31.0511988784999,-9.64743674124911));
#6844=CARTESIAN_POINT('Ctrl Pts',(21.0002721604474,-31.319218669346,-9.3196765876677));
#6845=CARTESIAN_POINT('Ctrl Pts',(20.9203865612875,-31.4252685134017,-9.12482820545797));
#6846=CARTESIAN_POINT('Ctrl Pts',(20.8362876362334,-31.5361451221939,-8.7988677823349));
#6847=CARTESIAN_POINT('Ctrl Pts',(20.8143722958514,-31.5648334883964,-8.68322392186206));
#6848=CARTESIAN_POINT('Ctrl Pts',(20.784951201403,-31.6032879735054,-8.44643660090627));
#6849=CARTESIAN_POINT('Ctrl Pts',(20.7775223381978,-31.6129555370402,-8.32590626147234));
#6850=CARTESIAN_POINT('Ctrl Pts',(20.7775223381978,-31.6129555370402,-8.20506192796296));
#6851=CARTESIAN_POINT('Ctrl Pts',(21.8199348042316,-30.1519577196262,-10.));
#6852=CARTESIAN_POINT('Ctrl Pts',(22.401638218144,-30.5645788161444,-10.));
#6853=CARTESIAN_POINT('Ctrl Pts',(23.4158189501255,-31.2864161439816,-9.5834695080485));
#6854=CARTESIAN_POINT('Ctrl Pts',(24.0781192136323,-31.7597259720246,-8.58580850104783));
#6855=CARTESIAN_POINT('Ctrl Pts',(24.2648036997048,-31.8931919435688,-8.10170660522453));
#6856=CARTESIAN_POINT('Ctrl Pts',(20.7775210000285,-31.6129545102267,-8.20502044816204));
#6857=CARTESIAN_POINT('Ctrl Pts',(21.0213319525314,-31.8000372340471,-8.19211982229403));
#6858=CARTESIAN_POINT('Ctrl Pts',(21.4541803530176,-32.1321734934437,-7.99825628923954));
#6859=CARTESIAN_POINT('Ctrl Pts',(21.7407910724118,-32.3520976334789,-7.55624337336566));
#6860=CARTESIAN_POINT('Ctrl Pts',(21.8246232870549,-32.4164243542366,-7.33370694340757));
#6861=CARTESIAN_POINT('Origin',(1.39191589548207,-14.4769874999982,5.54914669734926));
#6862=CARTESIAN_POINT('',(24.2648036996953,-31.8931919435617,19.2000000000056));
#6863=CARTESIAN_POINT('Origin',(1.45700947349266,-14.3921558975257,5.54914669734926));
#6864=CARTESIAN_POINT('',(21.5245936878027,-32.1862035455379,19.2));
#6865=CARTESIAN_POINT('Ctrl Pts',(24.2648036996976,-31.8931919435632,19.2));
#6866=CARTESIAN_POINT('Ctrl Pts',(24.244572142505,-31.9235076740547,19.2));
#6867=CARTESIAN_POINT('Ctrl Pts',(24.223683313834,-31.9525819744292,19.2));
#6868=CARTESIAN_POINT('Ctrl Pts',(24.2025117415721,-31.9801733045838,19.2));
#6869=CARTESIAN_POINT('Ctrl Pts',(24.0722905074676,-32.1498809209514,19.2));
#6870=CARTESIAN_POINT('Ctrl Pts',(23.8768689297353,-32.3163209388619,19.2));
#6871=CARTESIAN_POINT('Ctrl Pts',(23.491810994661,-32.5279702042655,19.2));
#6872=CARTESIAN_POINT('Ctrl Pts',(23.2326416390223,-32.6057039920271,19.2));
#6873=CARTESIAN_POINT('Ctrl Pts',(22.768325810727,-32.6520863562464,19.2));
#6874=CARTESIAN_POINT('Ctrl Pts',(22.4804547261696,-32.6226103057368,19.2));
#6875=CARTESIAN_POINT('Ctrl Pts',(22.0024214426611,-32.4832723837842,19.2));
#6876=CARTESIAN_POINT('Ctrl Pts',(21.7283107398915,-32.3425211375172,19.2));
#6877=CARTESIAN_POINT('Ctrl Pts',(21.5245936878026,-32.1862035455379,19.2));
#6878=CARTESIAN_POINT('Origin',(0.300000000000005,-15.899999999999,5.54914669734926));
#6879=CARTESIAN_POINT('Origin',(0.300000000000006,-15.899999999999,5.54914669734926));
#6880=CARTESIAN_POINT('',(26.1329123605736,-28.6575328288611,19.2000000000056));
#6881=CARTESIAN_POINT('Origin',(-0.427326560942072,-17.6559216476996,5.54914669734926));
#6882=CARTESIAN_POINT('Origin',(0.30000000000028,-15.8999999999991,19.2000000000062));
#6883=CARTESIAN_POINT('Origin',(0.300000000000005,-15.899999999999,-6.68030299018108));
#6884=CARTESIAN_POINT('Ctrl Pts',(26.1329123605838,-28.6575328288655,-8.10170660522601));
#6885=CARTESIAN_POINT('Ctrl Pts',(25.9239851999269,-28.56259230915,-8.58580849113774));
#6886=CARTESIAN_POINT('Ctrl Pts',(25.606392930787,-28.4182005887959,-9.01337739152929));
#6887=CARTESIAN_POINT('Ctrl Pts',(25.2169529232851,-28.2406606717026,-9.33420812382492));
#6888=CARTESIAN_POINT('Ctrl Pts',(24.6976995799473,-28.0039407822441,-9.76198243355394));
#6889=CARTESIAN_POINT('Ctrl Pts',(24.0507169239647,-27.7082907652488,-10.));
#6890=CARTESIAN_POINT('Ctrl Pts',(23.4025248409747,-27.4108313684349,-10.));
#6891=CARTESIAN_POINT('Origin',(-0.386407027162505,-17.5571331542829,5.54914669734926));
#6892=CARTESIAN_POINT('',(25.0165628455422,-26.1379355458695,19.2));
#6893=CARTESIAN_POINT('Origin',(0.300000000000005,-15.899999999999,5.54914669734926));
#6894=CARTESIAN_POINT('Ctrl Pts',(25.0165628455422,-26.1379355458695,19.2));
#6895=CARTESIAN_POINT('Ctrl Pts',(25.2537963772991,-26.2362008921729,19.2));
#6896=CARTESIAN_POINT('Ctrl Pts',(25.5127458835655,-26.4032121010871,19.2));
#6897=CARTESIAN_POINT('Ctrl Pts',(25.8724327054412,-26.7475321074836,19.2));
#6898=CARTESIAN_POINT('Ctrl Pts',(26.0418952562645,-26.9820977544705,19.2));
#6899=CARTESIAN_POINT('Ctrl Pts',(26.2338848647106,-27.4073982392631,19.2));
#6900=CARTESIAN_POINT('Ctrl Pts',(26.296150107596,-27.6707123790095,19.2));
#6901=CARTESIAN_POINT('Ctrl Pts',(26.3053854346014,-28.1100069654144,19.2));
#6902=CARTESIAN_POINT('Ctrl Pts',(26.2589549397507,-28.3624670251334,19.2));
#6903=CARTESIAN_POINT('Ctrl Pts',(26.1770944498129,-28.5600957301639,19.2));
#6904=CARTESIAN_POINT('Ctrl Pts',(26.1637854431057,-28.592226514658,19.2));
#6905=CARTESIAN_POINT('Ctrl Pts',(26.1490507747196,-28.6248539211296,19.2));
#6906=CARTESIAN_POINT('Ctrl Pts',(26.132912360576,-28.6575328288623,19.2));
#6907=CARTESIAN_POINT('Ctrl Pts',(26.132912360586,-28.6575328288665,-8.10170660522085));
#6908=CARTESIAN_POINT('Ctrl Pts',(25.9239851999291,-28.562592309151,-8.58580849113471));
#6909=CARTESIAN_POINT('Ctrl Pts',(25.1829365719342,-28.2256782949906,-9.5834692587194));
#6910=CARTESIAN_POINT('Ctrl Pts',(24.0507169239647,-27.7082907652488,-10.));
#6911=CARTESIAN_POINT('Ctrl Pts',(23.4025248409747,-27.4108313684349,-10.));
#6912=CARTESIAN_POINT('Ctrl Pts',(26.3734187554068,-28.1552866158681,-8.11595054489479));
#6913=CARTESIAN_POINT('Ctrl Pts',(26.1592583212288,-28.0596272146796,-8.60479924569364));
#6914=CARTESIAN_POINT('Ctrl Pts',(25.4025112068133,-27.7213769775804,-9.60644122532136));
#6915=CARTESIAN_POINT('Ctrl Pts',(24.2592048191194,-27.208221392282,-10.0082569062229));
#6916=CARTESIAN_POINT('Ctrl Pts',(23.6078973432515,-26.9150182880998,-10.));
#6917=CARTESIAN_POINT('Ctrl Pts',(26.3944210222793,-27.0921281464497,-7.9319757409448));
#6918=CARTESIAN_POINT('Ctrl Pts',(26.2052797890946,-27.011641167584,-8.35623018287838));
#6919=CARTESIAN_POINT('Ctrl Pts',(25.5351284102694,-26.726463117927,-9.22342666740328));
#6920=CARTESIAN_POINT('Ctrl Pts',(24.5300410472823,-26.2981799842088,-9.56262353405207));
#6921=CARTESIAN_POINT('Ctrl Pts',(23.9635214560256,-26.0564657319338,-9.54988687689492));
#6922=CARTESIAN_POINT('Ctrl Pts',(25.7146247374542,-26.4270822488753,-7.51290877044908));
#6923=CARTESIAN_POINT('Ctrl Pts',(25.5893964216821,-26.3752359659659,-7.79578930983201));
#6924=CARTESIAN_POINT('Ctrl Pts',(25.1452859261877,-26.1912569147789,-8.37673602540839));
#6925=CARTESIAN_POINT('Ctrl Pts',(24.4718811052353,-25.912247595892,-8.61261274254507));
#6926=CARTESIAN_POINT('Ctrl Pts',(24.0889318681372,-25.753698214151,-8.60883015717538));
#6927=CARTESIAN_POINT('Ctrl Pts',(25.3659547139812,-26.2826583963598,-7.33370694340758));
#6928=CARTESIAN_POINT('Ctrl Pts',(25.2683300323413,-26.2422209292022,-7.55624337336568));
#6929=CARTESIAN_POINT('Ctrl Pts',(24.9220292140683,-26.0987784336127,-8.01485729739217));
#6930=CARTESIAN_POINT('Ctrl Pts',(24.3923988507999,-25.8793983541023,-8.20633199895715));
#6931=CARTESIAN_POINT('Ctrl Pts',(24.0889318681372,-25.753698214151,-8.20633199895714));
#6932=CARTESIAN_POINT('',(24.1465798326946,-25.7775767829138,-8.20506192796448));
#6933=CARTESIAN_POINT('Ctrl Pts',(24.1465798327119,-25.777576782921,-8.20506192796295));
#6934=CARTESIAN_POINT('Ctrl Pts',(24.1465798327119,-25.777576782921,-8.43913122004714));
#6935=CARTESIAN_POINT('Ctrl Pts',(24.1291791598794,-25.8198803373031,-8.67091714639555));
#6936=CARTESIAN_POINT('Ctrl Pts',(24.0602997160991,-25.9837461243463,-9.10353041775001));
#6937=CARTESIAN_POINT('Ctrl Pts',(24.0094912200274,-26.1035717646603,-9.30022842465399));
#6938=CARTESIAN_POINT('Ctrl Pts',(23.8778192763011,-26.4042489155332,-9.63255671612022));
#6939=CARTESIAN_POINT('Ctrl Pts',(23.7981746113538,-26.5821263329119,-9.76503947308665));
#6940=CARTESIAN_POINT('Ctrl Pts',(23.6608891865392,-26.8775710406369,-9.90375111216652));
#6941=CARTESIAN_POINT('Ctrl Pts',(23.611580963464,-26.9819698115091,-9.93969349865216));
#6942=CARTESIAN_POINT('Ctrl Pts',(23.50914569083,-27.1949281603436,-9.98787386919657));
#6943=CARTESIAN_POINT('Ctrl Pts',(23.4562869971461,-27.3029293838867,-10.));
#6944=CARTESIAN_POINT('Ctrl Pts',(23.4025248409747,-27.4108313684349,-10.));
#6945=CARTESIAN_POINT('Ctrl Pts',(25.3659547139804,-26.2826583963595,-7.33370694340926));
#6946=CARTESIAN_POINT('Ctrl Pts',(25.2683300303419,-26.2422209283741,-7.55624337792263));
#6947=CARTESIAN_POINT('Ctrl Pts',(24.9345648074505,-26.103970846404,-7.99825632867831));
#6948=CARTESIAN_POINT('Ctrl Pts',(24.4305021345832,-25.8951812510163,-8.19211982473465));
#6949=CARTESIAN_POINT('Ctrl Pts',(24.1465782743711,-25.7775761374351,-8.20502044835344));
#6950=CARTESIAN_POINT('Origin',(0.300000000000009,-15.899999999999,-10.));
#6951=CARTESIAN_POINT('Ctrl Pts',(24.7753388952998,-24.096565059867,-10.));
#6952=CARTESIAN_POINT('Ctrl Pts',(24.7011276022588,-24.3181635628705,-10.));
#6953=CARTESIAN_POINT('Ctrl Pts',(24.6245304187746,-24.5365422424388,-9.95443771343472));
#6954=CARTESIAN_POINT('Ctrl Pts',(24.4765245960215,-24.9425763385502,-9.77724421969077));
#6955=CARTESIAN_POINT('Ctrl Pts',(24.4066040832445,-25.1263302072048,-9.64743674124911));
#6956=CARTESIAN_POINT('Ctrl Pts',(24.2857149432161,-25.4361968599905,-9.3196765876677));
#6957=CARTESIAN_POINT('Ctrl Pts',(24.2359990992108,-25.5593090577299,-9.12482820545796));
#6958=CARTESIAN_POINT('Ctrl Pts',(24.1834627535496,-25.6881740411702,-8.79886778233489));
#6959=CARTESIAN_POINT('Ctrl Pts',(24.1697192558288,-25.7215569824701,-8.68322392186205));
#6960=CARTESIAN_POINT('Ctrl Pts',(24.1512534139793,-25.7663159023445,-8.44643660090629));
#6961=CARTESIAN_POINT('Ctrl Pts',(24.1465798327119,-25.777576782921,-8.3259062614724));
#6962=CARTESIAN_POINT('Ctrl Pts',(24.1465798327119,-25.777576782921,-8.20506192796296));
#6963=CARTESIAN_POINT('Origin',(0.300000000000009,-15.899999999999,-10.));
#6964=CARTESIAN_POINT('Ctrl Pts',(20.7775223381978,-31.6129555370402,-8.20506192796296));
#6965=CARTESIAN_POINT('Ctrl Pts',(20.7775223381978,-31.6129555370402,-8.43913122004715));
#6966=CARTESIAN_POINT('Ctrl Pts',(20.7497656133645,-31.649314007235,-8.67091714639555));
#6967=CARTESIAN_POINT('Ctrl Pts',(20.6408215931892,-31.7897688911189,-9.10353041775003));
#6968=CARTESIAN_POINT('Ctrl Pts',(20.5607311968337,-31.8923613653134,-9.30022842465399));
#6969=CARTESIAN_POINT('Ctrl Pts',(20.3557248927177,-32.1487139839744,-9.63255671612021));
#6970=CARTESIAN_POINT('Ctrl Pts',(20.2327559906077,-32.299916819205,-9.76503947308665));
#6971=CARTESIAN_POINT('Ctrl Pts',(20.0236817360723,-32.54976241008,-9.90375111216652));
#6972=CARTESIAN_POINT('Ctrl Pts',(19.9490332597685,-32.6378419718863,-9.93969349865216));
#6973=CARTESIAN_POINT('Ctrl Pts',(19.7949707079163,-32.8170317415014,-9.98787386919658));
#6974=CARTESIAN_POINT('Ctrl Pts',(19.7159603569959,-32.9076720759679,-10.));
#6975=CARTESIAN_POINT('Ctrl Pts',(19.6361030132675,-32.9979827196279,-10.));
#6976=CARTESIAN_POINT('Ctrl Pts',(24.7753388952998,-24.096565059867,-10.));
#6977=CARTESIAN_POINT('Ctrl Pts',(25.4440154442282,-24.344570511344,-10.));
#6978=CARTESIAN_POINT('Ctrl Pts',(26.6104640486017,-24.7793225382163,-9.58346950007111));
#6979=CARTESIAN_POINT('Ctrl Pts',(27.3726985806951,-25.0650888050399,-8.58580850104783));
#6980=CARTESIAN_POINT('Ctrl Pts',(27.5875654824688,-25.1456895334643,-8.10170660522452));
#6981=CARTESIAN_POINT('Ctrl Pts',(24.569966393023,-24.5923781402021,-10.));
#6982=CARTESIAN_POINT('Ctrl Pts',(25.2378362040291,-24.8455961602962,-10.0082569059132));
#6983=CARTESIAN_POINT('Ctrl Pts',(26.409131862174,-25.2911801218691,-9.60644094018788));
#6984=CARTESIAN_POINT('Ctrl Pts',(27.1834117711099,-25.5871020534773,-8.60479925570395));
#6985=CARTESIAN_POINT('Ctrl Pts',(27.4024874821287,-25.6708949391972,-8.11595054489849));
#6986=CARTESIAN_POINT('Ctrl Pts',(24.2143392564714,-25.4509379964129,-9.54989636251075));
#6987=CARTESIAN_POINT('Ctrl Pts',(24.7858468665817,-25.6806100455582,-9.56263301919018));
#6988=CARTESIAN_POINT('Ctrl Pts',(25.7993988998021,-26.0884753096256,-9.22343360309641));
#6989=CARTESIAN_POINT('Ctrl Pts',(26.4749218516283,-26.3606941277829,-8.35623500611746));
#6990=CARTESIAN_POINT('Ctrl Pts',(26.6655777926716,-26.4375242893895,-7.93198055549952));
#6991=CARTESIAN_POINT('Ctrl Pts',(24.0889318681372,-25.753698214151,-8.60883015717538));
#6992=CARTESIAN_POINT('Ctrl Pts',(24.4718291991602,-25.9123728676198,-8.61261274240319));
#6993=CARTESIAN_POINT('Ctrl Pts',(25.1452878024989,-26.1912526406136,-8.37673626835166));
#6994=CARTESIAN_POINT('Ctrl Pts',(25.5894140853863,-26.3751933147581,-7.79578931562464));
#6995=CARTESIAN_POINT('Ctrl Pts',(25.7146247374532,-26.4270822488749,-7.51290877045123));
#6996=CARTESIAN_POINT('Ctrl Pts',(24.0889318681372,-25.753698214151,-8.20633199895714));
#6997=CARTESIAN_POINT('Ctrl Pts',(24.3923988394178,-25.8793983493877,-8.20633199895714));
#6998=CARTESIAN_POINT('Ctrl Pts',(24.9220292854852,-26.0987784631945,-8.01485740833896));
#6999=CARTESIAN_POINT('Ctrl Pts',(25.2683300303419,-26.2422209283741,-7.55624337792263));
#7000=CARTESIAN_POINT('Ctrl Pts',(25.3659547139804,-26.2826583963595,-7.33370694340926));
#7001=CARTESIAN_POINT('Ctrl Pts',(24.7753388952998,-24.096565059867,-10.));
#7002=CARTESIAN_POINT('Ctrl Pts',(25.4440154442282,-24.344570511344,-10.));
#7003=CARTESIAN_POINT('Ctrl Pts',(26.6104640486017,-24.7793225382163,-9.58346950007111));
#7004=CARTESIAN_POINT('Ctrl Pts',(27.3726985806951,-25.0650888050399,-8.58580850104783));
#7005=CARTESIAN_POINT('Ctrl Pts',(27.5875654824688,-25.1456895334643,-8.10170660522452));
#7006=CARTESIAN_POINT('Origin',(0.986407027162515,-14.2428668457151,5.54914669734926));
#7007=CARTESIAN_POINT('Origin',(1.02732656094208,-14.1440783522985,5.54914669734926));
#7008=CARTESIAN_POINT('Ctrl Pts',(27.5875654824603,-25.1456895334609,19.2));
#7009=CARTESIAN_POINT('Ctrl Pts',(27.5758695872793,-25.1802085927989,19.2));
#7010=CARTESIAN_POINT('Ctrl Pts',(27.563217510845,-25.2136986371018,19.2));
#7011=CARTESIAN_POINT('Ctrl Pts',(27.5499085041379,-25.245829421596,19.2));
#7012=CARTESIAN_POINT('Ctrl Pts',(27.4680480142,-25.4434581266264,19.2));
#7013=CARTESIAN_POINT('Ctrl Pts',(27.3223631117567,-25.6548056645953,19.2));
#7014=CARTESIAN_POINT('Ctrl Pts',(27.0052045684193,-25.9589034832288,19.2));
#7015=CARTESIAN_POINT('Ctrl Pts',(26.7749851791458,-26.1010665215493,19.2));
#7016=CARTESIAN_POINT('Ctrl Pts',(26.3384951682574,-26.2660422243384,19.2));
#7017=CARTESIAN_POINT('Ctrl Pts',(26.0528040897953,-26.3120770651119,19.2));
#7018=CARTESIAN_POINT('Ctrl Pts',(25.5549960875224,-26.3012110856814,19.2));
#7019=CARTESIAN_POINT('Ctrl Pts',(25.2537963772991,-26.2362008921729,19.2));
#7020=CARTESIAN_POINT('Ctrl Pts',(25.0165628455422,-26.1379355458695,19.2));
#7021=CARTESIAN_POINT('Origin',(0.300000000000007,-15.899999999999,5.54914669734926));
#7022=CARTESIAN_POINT('Origin',(0.300000000000006,-15.899999999999,-6.68030299018108));
#7023=CARTESIAN_POINT('Ctrl Pts',(28.5545696819813,-21.5367807297484,-8.10170660522601));
#7024=CARTESIAN_POINT('Ctrl Pts',(28.3281891270352,-21.4991495580111,-8.58580849113775));
#7025=CARTESIAN_POINT('Ctrl Pts',(27.9840471748375,-21.4418767852514,-9.0133773166285));
#7026=CARTESIAN_POINT('Ctrl Pts',(27.5619262948454,-21.3711808837433,-9.33420803822402));
#7027=CARTESIAN_POINT('Ctrl Pts',(26.9990984548538,-21.2769196817322,-9.76198233368623));
#7028=CARTESIAN_POINT('Ctrl Pts',(26.2976414098933,-21.1587951397237,-10.));
#7029=CARTESIAN_POINT('Ctrl Pts',(25.594547779497,-21.0392358820312,-10.));
#7030=CARTESIAN_POINT('Ctrl Pts',(28.5545696819837,-21.5367807297488,-8.10170660522085));
#7031=CARTESIAN_POINT('Ctrl Pts',(28.3281891270376,-21.4991495580115,-8.58580849113471));
#7032=CARTESIAN_POINT('Ctrl Pts',(27.5251912385742,-21.3655130882386,-9.5834690839509));
#7033=CARTESIAN_POINT('Ctrl Pts',(26.2976414098932,-21.1587951397237,-10.));
#7034=CARTESIAN_POINT('Ctrl Pts',(25.594547779497,-21.0392358820312,-10.));
#7035=CARTESIAN_POINT('Ctrl Pts',(28.6568901348741,-20.9894005060091,-8.11595054489479));
#7036=CARTESIAN_POINT('Ctrl Pts',(28.4252685656617,-20.9524294189465,-8.60479924569366));
#7037=CARTESIAN_POINT('Ctrl Pts',(27.6067612797158,-20.8215653239213,-9.60644144427947));
#7038=CARTESIAN_POINT('Ctrl Pts',(26.3695977746956,-20.6218045794995,-10.0082569062229));
#7039=CARTESIAN_POINT('Ctrl Pts',(25.664596515454,-20.507162907794,-10.));
#7040=CARTESIAN_POINT('Ctrl Pts',(28.4020404562788,-19.9570132801878,-7.93198836680897));
#7041=CARTESIAN_POINT('Ctrl Pts',(28.1985124913163,-19.9282221819838,-8.35624280874258));
#7042=CARTESIAN_POINT('Ctrl Pts',(27.477377041009,-19.826208797835,-9.22344349401594));
#7043=CARTESIAN_POINT('Ctrl Pts',(26.3956721385943,-19.6726539625435,-9.56264840949416));
#7044=CARTESIAN_POINT('Ctrl Pts',(25.7858959823392,-19.5858019833299,-9.54991175233701));
#7045=CARTESIAN_POINT('Ctrl Pts',(27.5732517747219,-19.490591713471,-7.51290877044908));
#7046=CARTESIAN_POINT('Ctrl Pts',(27.4388717049003,-19.4729235229197,-7.79578930983204));
#7047=CARTESIAN_POINT('Ctrl Pts',(26.9622765571188,-19.4101576477062,-8.3767358471448));
#7048=CARTESIAN_POINT('Ctrl Pts',(26.2396045916345,-19.314945346084,-8.61261274254507));
#7049=CARTESIAN_POINT('Ctrl Pts',(25.82866843378,-19.2609129593867,-8.60883015717538));
#7050=CARTESIAN_POINT('Ctrl Pts',(27.1990827505984,-19.4413314269253,-7.33370694340758));
#7051=CARTESIAN_POINT('Ctrl Pts',(27.0943185626831,-19.4275389599286,-7.55624337336571));
#7052=CARTESIAN_POINT('Ctrl Pts',(26.7226919547817,-19.3786133888284,-8.01485721705298));
#7053=CARTESIAN_POINT('Ctrl Pts',(26.1543286199514,-19.3037869362609,-8.20633199895715));
#7054=CARTESIAN_POINT('Ctrl Pts',(25.82866843378,-19.2609129593867,-8.20633199895714));
#7055=CARTESIAN_POINT('',(25.8905323199446,-19.2690574945107,-8.20506192796448));
#7056=CARTESIAN_POINT('Ctrl Pts',(25.8905323199632,-19.2690574945131,-8.20506192796295));
#7057=CARTESIAN_POINT('Ctrl Pts',(25.8905323199632,-19.2690574945131,-8.43913122004716));
#7058=CARTESIAN_POINT('Ctrl Pts',(25.8846735262291,-19.3144232157613,-8.67091714639555));
#7059=CARTESIAN_POINT('Ctrl Pts',(25.8605526791088,-19.4905327233779,-9.10353041775002));
#7060=CARTESIAN_POINT('Ctrl Pts',(25.842488598363,-19.6194256104452,-9.30022842465399));
#7061=CARTESIAN_POINT('Ctrl Pts',(25.7931242403932,-19.9439366425903,-9.63255671612021));
#7062=CARTESIAN_POINT('Ctrl Pts',(25.7622314649058,-20.1363665900793,-9.76503947308665));
#7063=CARTESIAN_POINT('Ctrl Pts',(25.7060906446382,-20.4572763460682,-9.90375111216652));
#7064=CARTESIAN_POINT('Ctrl Pts',(25.6854829487085,-20.5708797222986,-9.93969349865216));
#7065=CARTESIAN_POINT('Ctrl Pts',(25.6416557498403,-20.8030938908096,-9.98787386919657));
#7066=CARTESIAN_POINT('Ctrl Pts',(25.6185509460145,-20.9210958985254,-10.));
#7067=CARTESIAN_POINT('Ctrl Pts',(25.594547779497,-21.0392358820312,-10.));
#7068=CARTESIAN_POINT('Ctrl Pts',(27.1990827505976,-19.4413314269252,-7.33370694340926));
#7069=CARTESIAN_POINT('Ctrl Pts',(27.0943185605375,-19.4275389596461,-7.55624337792264));
#7070=CARTESIAN_POINT('Ctrl Pts',(26.7361443504473,-19.3803844303163,-7.99825631799269));
#7071=CARTESIAN_POINT('Ctrl Pts',(26.195218479642,-19.3091701884152,-8.19211982395111));
#7072=CARTESIAN_POINT('Ctrl Pts',(25.8905306476544,-19.2690572743495,-8.20502044827877));
#7073=CARTESIAN_POINT('Ctrl Pts',(17.3979827196289,-35.2361030132665,-10.));
#7074=CARTESIAN_POINT('Ctrl Pts',(17.8530708721774,-35.7852203089868,-10.));
#7075=CARTESIAN_POINT('Ctrl Pts',(18.6458689465153,-36.7449508680628,-9.58346941784514));
#7076=CARTESIAN_POINT('Ctrl Pts',(19.1631003173604,-37.3735490234523,-8.58580850104783));
#7077=CARTESIAN_POINT('Ctrl Pts',(19.3088801485166,-37.5507847527183,-8.10170660522454));
#7078=CARTESIAN_POINT('Ctrl Pts',(16.9722183752509,-35.5628034852269,-10.));
#7079=CARTESIAN_POINT('Ctrl Pts',(17.4240015879559,-36.1160316288275,-10.0082569059133));
#7080=CARTESIAN_POINT('Ctrl Pts',(18.21558137028,-37.0875664519664,-9.60644104320562));
#7081=CARTESIAN_POINT('Ctrl Pts',(18.7381665074396,-37.7309823529186,-8.60479925570395));
#7082=CARTESIAN_POINT('Ctrl Pts',(18.8859951956741,-37.9130869761178,-8.1159505448985));
#7083=CARTESIAN_POINT('Ctrl Pts',(16.2349692182952,-36.1285146602238,-9.54987683398131));
#7084=CARTESIAN_POINT('Ctrl Pts',(16.6150733025342,-36.613170294378,-9.56261349066074));
#7085=CARTESIAN_POINT('Ctrl Pts',(17.288895066288,-37.4731565116903,-9.22342001728867));
#7086=CARTESIAN_POINT('Ctrl Pts',(17.7378017458963,-38.0466602850144,-8.35622509415051));
#7087=CARTESIAN_POINT('Ctrl Pts',(17.8644995534189,-38.2085251272643,-7.93197064353256));
#7088=CARTESIAN_POINT('Ctrl Pts',(15.9749702196281,-36.3280189087486,-8.60883015717538));
#7089=CARTESIAN_POINT('Ctrl Pts',(16.2272317086008,-36.6568838551008,-8.6126127424032));
#7090=CARTESIAN_POINT('Ctrl Pts',(16.6710240598606,-37.2351300999824,-8.37673618448108));
#7091=CARTESIAN_POINT('Ctrl Pts',(16.963678387389,-37.6164905628265,-7.79578931562465));
#7092=CARTESIAN_POINT('Ctrl Pts',(17.046169525845,-37.7240330239804,-7.51290877045123));
#7093=CARTESIAN_POINT('Ctrl Pts',(15.9749702196281,-36.3280189087486,-8.20633199895715));
#7094=CARTESIAN_POINT('Ctrl Pts',(16.1749302583482,-36.588611904763,-8.20633199895715));
#7095=CARTESIAN_POINT('Ctrl Pts',(16.5239136067191,-37.0434158590591,-8.01485737054057));
#7096=CARTESIAN_POINT('Ctrl Pts',(16.7520976321625,-37.3407910706938,-7.55624337792264));
#7097=CARTESIAN_POINT('Ctrl Pts',(16.8164243542371,-37.4246232870532,-7.33370694340927));
#7098=CARTESIAN_POINT('',(16.0129555370408,-36.3775223381963,-8.205061927963));
#7099=CARTESIAN_POINT('Ctrl Pts',(17.3979827196289,-35.2361030132665,-10.));
#7100=CARTESIAN_POINT('Ctrl Pts',(17.222914603106,-35.3909072997876,-10.));
#7101=CARTESIAN_POINT('Ctrl Pts',(17.0473901565663,-35.5417301921966,-9.95443771343473));
#7102=CARTESIAN_POINT('Ctrl Pts',(16.7161963060983,-35.8193631228552,-9.77724421969078));
#7103=CARTESIAN_POINT('Ctrl Pts',(16.5637664314605,-35.9435383847652,-9.6474367412491));
#7104=CARTESIAN_POINT('Ctrl Pts',(16.3041400387614,-36.1514462078491,-9.3196765876677));
#7105=CARTESIAN_POINT('Ctrl Pts',(16.1995287560125,-36.2332065766045,-9.12482820545796));
#7106=CARTESIAN_POINT('Ctrl Pts',(16.0895984543278,-36.3185387530915,-8.79886778233493));
#7107=CARTESIAN_POINT('Ctrl Pts',(16.0610047655148,-36.3405774794498,-8.68322392186213));
#7108=CARTESIAN_POINT('Ctrl Pts',(16.0226334174336,-36.3701069201823,-8.44643660090626));
#7109=CARTESIAN_POINT('Ctrl Pts',(16.0129555370412,-36.3775223381968,-8.32590626147233));
#7110=CARTESIAN_POINT('Ctrl Pts',(16.0129555370412,-36.3775223381968,-8.20506192796296));
#7111=CARTESIAN_POINT('',(19.308880148517,-37.5507847527186,-8.10170660522477));
#7112=CARTESIAN_POINT('Ctrl Pts',(17.3979827196289,-35.2361030132665,-10.));
#7113=CARTESIAN_POINT('Ctrl Pts',(17.8530708721774,-35.7852203089868,-10.));
#7114=CARTESIAN_POINT('Ctrl Pts',(18.6458689465153,-36.7449508680628,-9.58346941784514));
#7115=CARTESIAN_POINT('Ctrl Pts',(19.1631003173604,-37.3735490234523,-8.58580850104783));
#7116=CARTESIAN_POINT('Ctrl Pts',(19.3088801485166,-37.5507847527183,-8.10170660522454));
#7117=CARTESIAN_POINT('',(16.8164243542512,-37.4246232870716,-7.33370694341819));
#7118=CARTESIAN_POINT('Origin',(18.239436854238,-36.3327073915712,-7.33370694340927));
#7119=CARTESIAN_POINT('Ctrl Pts',(16.0129545102347,-36.3775210000365,-8.20502044844167));
#7120=CARTESIAN_POINT('Ctrl Pts',(16.2000372351756,-36.6213319539998,-8.19211982522792));
#7121=CARTESIAN_POINT('Ctrl Pts',(16.5321735099555,-37.0541803745339,-7.99825632925059));
#7122=CARTESIAN_POINT('Ctrl Pts',(16.7520976334799,-37.3407910724107,-7.5562433733657));
#7123=CARTESIAN_POINT('Ctrl Pts',(16.8164243542376,-37.4246232870539,-7.33370694340758));
#7124=CARTESIAN_POINT('Origin',(1.72301250000086,-14.8080841045169,5.54914669734926));
#7125=CARTESIAN_POINT('',(19.3088801485093,-37.550784752709,19.2000000000056));
#7126=CARTESIAN_POINT('',(16.5862035455389,-37.1245936878016,19.2));
#7127=CARTESIAN_POINT('Ctrl Pts',(19.3088801485111,-37.550784752711,19.2));
#7128=CARTESIAN_POINT('Ctrl Pts',(19.2814916764953,-37.574831187422,19.2));
#7129=CARTESIAN_POINT('Ctrl Pts',(19.2537896347411,-37.5975083783451,19.2));
#7130=CARTESIAN_POINT('Ctrl Pts',(19.2261983045865,-37.618679950607,19.2));
#7131=CARTESIAN_POINT('Ctrl Pts',(19.0564906882189,-37.7489011847114,19.2));
#7132=CARTESIAN_POINT('Ctrl Pts',(18.8246500927707,-37.8590910703981,19.2));
#7133=CARTESIAN_POINT('Ctrl Pts',(18.3979338278964,-37.9638682349014,19.2));
#7134=CARTESIAN_POINT('Ctrl Pts',(18.1274764691816,-37.9718753429294,19.2));
#7135=CARTESIAN_POINT('Ctrl Pts',(17.6669771798596,-37.8965034871078,19.2));
#7136=CARTESIAN_POINT('Ctrl Pts',(17.3965440278901,-37.7935252894458,19.2));
#7137=CARTESIAN_POINT('Ctrl Pts',(16.9708626414298,-37.5352110740854,19.2));
#7138=CARTESIAN_POINT('Ctrl Pts',(16.7425211375182,-37.3283107398905,19.2));
#7139=CARTESIAN_POINT('Ctrl Pts',(16.5862035455389,-37.1245936878016,19.2));
#7140=CARTESIAN_POINT('Origin',(0.300000000000002,-15.899999999999,5.54914669734926));
#7141=CARTESIAN_POINT('Origin',(1.80784410247328,-14.7429905265063,5.54914669734926));
#7142=CARTESIAN_POINT('Origin',(0.300000000000005,-15.899999999999,5.54914669734926));
#7143=CARTESIAN_POINT('',(21.95078475271,-34.9088801485083,19.2000000000056));
#7144=CARTESIAN_POINT('Origin',(-0.857009473492657,-17.4078441024723,5.54914669734926));
#7145=CARTESIAN_POINT('Origin',(0.300000000000233,-15.8999999999992,19.2000000000062));
#7146=CARTESIAN_POINT('Origin',(0.299999999999752,-15.8999999999988,-8.10170660522653));
#7147=CARTESIAN_POINT('Origin',(0.300000000000005,-15.899999999999,-6.68030299018108));
#7148=CARTESIAN_POINT('Ctrl Pts',(21.9507847527187,-34.9088801485152,-8.101706605226));
#7149=CARTESIAN_POINT('Ctrl Pts',(21.7735490270812,-34.7631003203435,-8.58580849113774));
#7150=CARTESIAN_POINT('Ctrl Pts',(21.5041498130259,-34.5414297290183,-9.01337745648413));
#7151=CARTESIAN_POINT('Ctrl Pts',(21.1739303686211,-34.2691448510769,-9.33420819805902));
#7152=CARTESIAN_POINT('Ctrl Pts',(20.7336377760799,-33.9060983471536,-9.7619825201604));
#7153=CARTESIAN_POINT('Ctrl Pts',(20.1852203295835,-33.4530708892453,-10.));
#7154=CARTESIAN_POINT('Ctrl Pts',(19.6361030132675,-32.9979827196279,-10.));
#7155=CARTESIAN_POINT('Origin',(-0.79191589548206,-17.3230124999999,5.54914669734926));
#7156=CARTESIAN_POINT('Ctrl Pts',(21.5245936878027,-32.1862035455379,19.2));
#7157=CARTESIAN_POINT('Ctrl Pts',(21.7283107398916,-32.3425211375172,19.2));
#7158=CARTESIAN_POINT('Ctrl Pts',(21.9352110740865,-32.5708626414288,19.2));
#7159=CARTESIAN_POINT('Ctrl Pts',(22.1935252894468,-32.996544027889,19.2));
#7160=CARTESIAN_POINT('Ctrl Pts',(22.2965034871088,-33.2669771798586,19.2));
#7161=CARTESIAN_POINT('Ctrl Pts',(22.3718753429304,-33.7274764691806,19.2));
#7162=CARTESIAN_POINT('Ctrl Pts',(22.3638682349024,-33.9979338278954,19.2));
#7163=CARTESIAN_POINT('Ctrl Pts',(22.2590910703991,-34.4246500927697,19.2));
#7164=CARTESIAN_POINT('Ctrl Pts',(22.1489011847124,-34.6564906882179,19.2));
#7165=CARTESIAN_POINT('Ctrl Pts',(22.018679950608,-34.8261983045855,19.2));
#7166=CARTESIAN_POINT('Ctrl Pts',(21.9975083783461,-34.8537896347401,19.2));
#7167=CARTESIAN_POINT('Ctrl Pts',(21.974831187423,-34.8814916764943,19.2));
#7168=CARTESIAN_POINT('Ctrl Pts',(21.950784752712,-34.9088801485101,19.2));
#7169=CARTESIAN_POINT('Ctrl Pts',(21.9507847527206,-34.9088801485167,-8.10170660522085));
#7170=CARTESIAN_POINT('Ctrl Pts',(21.7735490270832,-34.763100320345,-8.58580849113471));
#7171=CARTESIAN_POINT('Ctrl Pts',(21.1449508609523,-34.2458689405849,-9.5834694102807));
#7172=CARTESIAN_POINT('Ctrl Pts',(20.1852203295835,-33.4530708892453,-10.));
#7173=CARTESIAN_POINT('Ctrl Pts',(19.6361030132675,-32.9979827196279,-10.));
#7174=CARTESIAN_POINT('Ctrl Pts',(22.3130869761202,-34.4859951956742,-8.11595054489479));
#7175=CARTESIAN_POINT('Ctrl Pts',(22.1309823566492,-34.3381665104662,-8.60479924569364));
#7176=CARTESIAN_POINT('Ctrl Pts',(21.4875664449148,-33.8155813644913,-9.60644103543827));
#7177=CARTESIAN_POINT('Ctrl Pts',(20.5160316495784,-33.0240016048999,-10.0082569062229));
#7178=CARTESIAN_POINT('Ctrl Pts',(19.9628034852279,-32.5722183752499,-10.));
#7179=CARTESIAN_POINT('Ctrl Pts',(22.6085251272665,-33.4644995534188,-7.93197064352933));
#7180=CARTESIAN_POINT('Ctrl Pts',(22.4466602883305,-33.3378017484901,-8.3562250854629));
#7181=CARTESIAN_POINT('Ctrl Pts',(21.8731565055869,-32.8888950614915,-9.22342001045753));
#7182=CARTESIAN_POINT('Ctrl Pts',(21.0131703125569,-32.2150733167897,-9.56261349113846));
#7183=CARTESIAN_POINT('Ctrl Pts',(20.5285146602248,-31.8349692182942,-9.54987683398131));
#7184=CARTESIAN_POINT('Ctrl Pts',(22.1240330239822,-32.6461695258446,-7.51290877044908));
#7185=CARTESIAN_POINT('Ctrl Pts',(22.01649056503,-32.5636783890774,-7.79578930983199));
#7186=CARTESIAN_POINT('Ctrl Pts',(21.6351300957685,-32.2710240566264,-8.37673618000068));
#7187=CARTESIAN_POINT('Ctrl Pts',(21.0568838674364,-31.8272317180613,-8.61261274254507));
#7188=CARTESIAN_POINT('Ctrl Pts',(20.7280189087496,-31.5749702196271,-8.60883015717538));
#7189=CARTESIAN_POINT('Ctrl Pts',(21.8246232870549,-32.4164243542366,-7.33370694340757));
#7190=CARTESIAN_POINT('Ctrl Pts',(21.7407910724118,-32.3520976334789,-7.55624337336566));
#7191=CARTESIAN_POINT('Ctrl Pts',(21.4434158556762,-32.1239136041216,-8.01485736706326));
#7192=CARTESIAN_POINT('Ctrl Pts',(20.988611914538,-31.7749302658471,-8.20633199895715));
#7193=CARTESIAN_POINT('Ctrl Pts',(20.7280189087496,-31.5749702196271,-8.20633199895715));
#7194=CARTESIAN_POINT('Origin',(0.300000000000009,-15.899999999999,-10.));
#7195=CARTESIAN_POINT('Ctrl Pts',(16.0129555370412,-36.3775223381968,-8.20506192796295));
#7196=CARTESIAN_POINT('Ctrl Pts',(16.0129555370412,-36.3775223381968,-8.43913122004715));
#7197=CARTESIAN_POINT('Ctrl Pts',(15.9767343351343,-36.4054579545458,-8.67091714639555));
#7198=CARTESIAN_POINT('Ctrl Pts',(15.8351500935004,-36.5129301670462,-9.10353041775002));
#7199=CARTESIAN_POINT('Ctrl Pts',(15.7312358250171,-36.591297967547,-9.30022842465399));
#7200=CARTESIAN_POINT('Ctrl Pts',(15.4668660013481,-36.7858560466773,-9.63255671612021));
#7201=CARTESIAN_POINT('Ctrl Pts',(15.3089529895385,-36.9000800764132,-9.76503947308665));
#7202=CARTESIAN_POINT('Ctrl Pts',(15.0423379702172,-37.0872999863094,-9.90375111216652));
#7203=CARTESIAN_POINT('Ctrl Pts',(14.9474364109825,-37.153057862471,-9.93969349865216));
#7204=CARTESIAN_POINT('Ctrl Pts',(14.7522456882206,-37.2862675661926,-9.98787386919658));
#7205=CARTESIAN_POINT('Ctrl Pts',(14.6524681049079,-37.3533700225789,-10.));
#7206=CARTESIAN_POINT('Ctrl Pts',(14.5519577196272,-37.4199348042306,-10.));
#7207=CARTESIAN_POINT('Origin',(0.300000000000009,-15.899999999999,-10.));
#7208=CARTESIAN_POINT('Ctrl Pts',(26.0627890880631,-17.4825900367421,-10.));
#7209=CARTESIAN_POINT('Ctrl Pts',(26.048460396456,-17.7158450498608,-10.));
#7210=CARTESIAN_POINT('Ctrl Pts',(26.0309937600243,-17.9466074662536,-9.95443771343473));
#7211=CARTESIAN_POINT('Ctrl Pts',(25.9931204704205,-18.3771130117562,-9.77724421969077));
#7212=CARTESIAN_POINT('Ctrl Pts',(25.9731414421609,-18.5727023795202,-9.6474367412491));
#7213=CARTESIAN_POINT('Ctrl Pts',(25.9365708908727,-18.9032989939371,-9.3196765876677));
#7214=CARTESIAN_POINT('Ctrl Pts',(25.9204128546316,-19.0350836525367,-9.12482820545796));
#7215=CARTESIAN_POINT('Ctrl Pts',(25.9030193534998,-19.1731550749632,-8.79886778233491));
#7216=CARTESIAN_POINT('Ctrl Pts',(25.8983842950977,-19.2089575990787,-8.68322392186209));
#7217=CARTESIAN_POINT('Ctrl Pts',(25.8921321224528,-19.2569707072968,-8.44643660090627));
#7218=CARTESIAN_POINT('Ctrl Pts',(25.8905323199632,-19.2690574945131,-8.32590626147235));
#7219=CARTESIAN_POINT('Ctrl Pts',(25.8905323199632,-19.2690574945131,-8.20506192796295));
#7220=CARTESIAN_POINT('Ctrl Pts',(5.43923588203224,-41.1945477794959,-10.));
#7221=CARTESIAN_POINT('Ctrl Pts',(5.55879513524037,-41.8976413835213,-10.));
#7222=CARTESIAN_POINT('Ctrl Pts',(5.76551308981896,-43.1251912476974,-9.58346909151727));
#7223=CARTESIAN_POINT('Ctrl Pts',(5.8991495572418,-43.9281891224003,-8.58580850104781));
#7224=CARTESIAN_POINT('Ctrl Pts',(5.93678072974951,-44.154569681981,-8.10170660522453));
#7225=CARTESIAN_POINT('Ctrl Pts',(4.90716290779505,-41.264596515453,-10.));
#7226=CARTESIAN_POINT('Ctrl Pts',(5.02180457520064,-41.9695977482521,-10.0082569059132));
#7227=CARTESIAN_POINT('Ctrl Pts',(5.22156532540838,-43.206761288717,-9.60644145204895));
#7228=CARTESIAN_POINT('Ctrl Pts',(5.35242941819033,-44.025268560917,-8.60479925570393));
#7229=CARTESIAN_POINT('Ctrl Pts',(5.38940050600988,-44.2568901348713,-8.1159505448985));
#7230=CARTESIAN_POINT('Ctrl Pts',(3.98580198333086,-41.3858959823382,-9.549911752337));
#7231=CARTESIAN_POINT('Ctrl Pts',(4.07265395928695,-41.9956721157224,-9.56264840901643));
#7232=CARTESIAN_POINT('Ctrl Pts',(4.22620879893689,-43.0773770486929,-9.22344350084875));
#7233=CARTESIAN_POINT('Ctrl Pts',(4.32822218139512,-43.798512487147,-8.35624281743012));
#7234=CARTESIAN_POINT('Ctrl Pts',(4.35701328018855,-44.0020404562762,-7.9319883668122));
#7235=CARTESIAN_POINT('Ctrl Pts',(3.66091295938767,-41.428668433779,-8.60883015717538));
#7236=CARTESIAN_POINT('Ctrl Pts',(3.71494534405846,-41.8396045762206,-8.61261274240319));
#7237=CARTESIAN_POINT('Ctrl Pts',(3.81015764839983,-42.562276562385,-8.37673585162629));
#7238=CARTESIAN_POINT('Ctrl Pts',(3.87292352255884,-43.0388717021471,-7.79578931562463));
#7239=CARTESIAN_POINT('Ctrl Pts',(3.89059171347189,-43.1732517747199,-7.51290877045123));
#7240=CARTESIAN_POINT('Ctrl Pts',(3.66091295938767,-41.428668433779,-8.20633199895714));
#7241=CARTESIAN_POINT('Ctrl Pts',(3.70378693465383,-41.7543286077358,-8.20633199895714));
#7242=CARTESIAN_POINT('Ctrl Pts',(3.77861338938618,-42.3226919590097,-8.01485722053116));
#7243=CARTESIAN_POINT('Ctrl Pts',(3.82753895964709,-42.6943185605365,-7.55624337792263));
#7244=CARTESIAN_POINT('Ctrl Pts',(3.84133142692622,-42.7990827505966,-7.33370694340926));
#7245=CARTESIAN_POINT('',(3.66905749451405,-41.4905323199616,-8.205061927963));
#7246=CARTESIAN_POINT('Ctrl Pts',(5.43923588203224,-41.194547779496,-10.));
#7247=CARTESIAN_POINT('Ctrl Pts',(5.21022030247018,-41.2410781659765,-10.));
#7248=CARTESIAN_POINT('Ctrl Pts',(4.98280022657708,-41.283932399005,-9.95443771343473));
#7249=CARTESIAN_POINT('Ctrl Pts',(4.55716147316531,-41.3587726446485,-9.77724421969078));
#7250=CARTESIAN_POINT('Ctrl Pts',(4.36306569847825,-41.3900966386653,-9.6474367412491));
#7251=CARTESIAN_POINT('Ctrl Pts',(4.034268735366,-41.4403368987519,-9.3196765876677));
#7252=CARTESIAN_POINT('Ctrl Pts',(3.90279252260532,-41.4588378137424,-9.12482820545796));
#7253=CARTESIAN_POINT('Ctrl Pts',(3.76492400045714,-41.477772495498,-8.79886778233491));
#7254=CARTESIAN_POINT('Ctrl Pts',(3.72914177637804,-41.4825617479849,-8.6832239218621));
#7255=CARTESIAN_POINT('Ctrl Pts',(3.68114649379601,-41.4889493197781,-8.44643660090626));
#7256=CARTESIAN_POINT('Ctrl Pts',(3.66905749451414,-41.4905323199622,-8.32590626147233));
#7257=CARTESIAN_POINT('Ctrl Pts',(3.66905749451414,-41.4905323199622,-8.20506192796296));
#7258=CARTESIAN_POINT('',(5.93678072974959,-44.1545696819815,-8.10170660522477));
#7259=CARTESIAN_POINT('Ctrl Pts',(5.43923588203224,-41.1945477794959,-10.));
#7260=CARTESIAN_POINT('Ctrl Pts',(5.55879513524037,-41.8976413835213,-10.));
#7261=CARTESIAN_POINT('Ctrl Pts',(5.76551308981896,-43.1251912476974,-9.58346909151727));
#7262=CARTESIAN_POINT('Ctrl Pts',(5.8991495572418,-43.9281891224003,-8.58580850104781));
#7263=CARTESIAN_POINT('Ctrl Pts',(5.93678072974951,-44.154569681981,-8.10170660522453));
#7264=CARTESIAN_POINT('',(3.84133142692924,-42.7990827506196,-7.33370694341819));
#7265=CARTESIAN_POINT('Origin',(5.6196543495708,-42.5649620963135,-7.33370694340927));
#7266=CARTESIAN_POINT('Ctrl Pts',(3.66905727435323,-41.4905306476741,-8.20502044834226));
#7267=CARTESIAN_POINT('Ctrl Pts',(3.70917018969423,-41.7952184893489,-8.1921198241849));
#7268=CARTESIAN_POINT('Ctrl Pts',(3.78038442973229,-42.3361443460027,-7.99825631502643));
#7269=CARTESIAN_POINT('Ctrl Pts',(3.82753895992955,-42.6943185626821,-7.55624337336565));
#7270=CARTESIAN_POINT('Ctrl Pts',(3.84133142692631,-42.7990827505974,-7.33370694340757));
#7271=CARTESIAN_POINT('Origin',(2.07832292264457,-15.6658793457159,5.54914669734926));
#7272=CARTESIAN_POINT('',(5.93678072974778,-44.1545696819693,19.2000000000056));
#7273=CARTESIAN_POINT('',(3.79196915773953,-42.4241390914084,19.2));
#7274=CARTESIAN_POINT('Ctrl Pts',(5.9367807297483,-44.1545696819719,19.2));
#7275=CARTESIAN_POINT('Ctrl Pts',(5.90103839985631,-44.1617002692942,19.2));
#7276=CARTESIAN_POINT('Ctrl Pts',(5.86570913249897,-44.167488271843,19.2));
#7277=CARTESIAN_POINT('Ctrl Pts',(5.83122855352991,-44.1720277261825,19.2));
#7278=CARTESIAN_POINT('Ctrl Pts',(5.61914682948762,-44.1999488148453,19.2));
#7279=CARTESIAN_POINT('Ctrl Pts',(5.36327204135764,-44.1794557573659,19.2));
#7280=CARTESIAN_POINT('Ctrl Pts',(4.94133633351687,-44.0568373111252,19.2));
#7281=CARTESIAN_POINT('Ctrl Pts',(4.70310983621541,-43.9285429907309,19.2));
#7282=CARTESIAN_POINT('Ctrl Pts',(4.34199168114864,-43.633019404198,19.2));
#7283=CARTESIAN_POINT('Ctrl Pts',(4.15927880034855,-43.408621093002,19.2));
#7284=CARTESIAN_POINT('Ctrl Pts',(3.91978501343591,-42.9720737271112,19.2));
#7285=CARTESIAN_POINT('Ctrl Pts',(3.8254856374076,-42.6787220296911,19.2));
#7286=CARTESIAN_POINT('Ctrl Pts',(3.79196915773954,-42.4241390914084,19.2));
#7287=CARTESIAN_POINT('Origin',(0.300000000000002,-15.899999999999,5.54914669734926));
#7288=CARTESIAN_POINT('Origin',(2.18433603443474,-15.6519224547717,5.54914669734926));
#7289=CARTESIAN_POINT('Origin',(0.300000000000005,-15.899999999999,5.54914669734926));
#7290=CARTESIAN_POINT('',(9.54568953346528,-43.187565482467,-8.10170660522601));
#7291=CARTESIAN_POINT('Origin',(0.299999999999898,-15.8999999999987,-8.10170660522653));
#7292=CARTESIAN_POINT('',(9.54568953346103,-43.1875654824568,19.2000000000056));
#7293=CARTESIAN_POINT('Origin',(-1.45592164770054,-16.6273265609411,5.54914669734926));
#7294=CARTESIAN_POINT('Origin',(0.300000000000098,-15.8999999999993,19.2000000000062));
#7295=CARTESIAN_POINT('Origin',(0.300000000000002,-15.899999999999,-6.68030299018108));
#7296=CARTESIAN_POINT('Ctrl Pts',(9.54568953346512,-43.1875654824671,-8.101706605226));
#7297=CARTESIAN_POINT('Ctrl Pts',(9.46508880669074,-42.9726985850923,-8.58580849113775));
#7298=CARTESIAN_POINT('Ctrl Pts',(9.34261754740462,-42.6460266371569,-9.01337749172407));
#7299=CARTESIAN_POINT('Ctrl Pts',(9.19278155986623,-42.2451112967983,-9.33420823833324));
#7300=CARTESIAN_POINT('Ctrl Pts',(8.99300024314767,-41.7105575096516,-9.76198256714699));
#7301=CARTESIAN_POINT('Ctrl Pts',(8.74457052064694,-41.0440154693072,-10.));
#7302=CARTESIAN_POINT('Ctrl Pts',(8.49656505986805,-40.3753388952987,-10.));
#7303=CARTESIAN_POINT('Origin',(-1.35713315428393,-16.5864070271615,5.54914669734926));
#7304=CARTESIAN_POINT('',(10.5379355458705,-40.6165628455412,19.2));
#7305=CARTESIAN_POINT('Ctrl Pts',(10.5379355458705,-40.6165628455412,19.2));
#7306=CARTESIAN_POINT('Ctrl Pts',(10.6362008921739,-40.8537963772981,19.2));
#7307=CARTESIAN_POINT('Ctrl Pts',(10.7012110856824,-41.1549960875213,19.2));
#7308=CARTESIAN_POINT('Ctrl Pts',(10.712077065113,-41.6528040897943,19.2));
#7309=CARTESIAN_POINT('Ctrl Pts',(10.6660422243395,-41.9384951682565,19.2));
#7310=CARTESIAN_POINT('Ctrl Pts',(10.5010665215503,-42.3749851791448,19.2));
#7311=CARTESIAN_POINT('Ctrl Pts',(10.3589034832298,-42.6052045684183,19.2));
#7312=CARTESIAN_POINT('Ctrl Pts',(10.0548056645963,-42.9223631117557,19.2));
#7313=CARTESIAN_POINT('Ctrl Pts',(9.84345812662746,-43.068048014199,19.2));
#7314=CARTESIAN_POINT('Ctrl Pts',(9.64582942159703,-43.1499085041369,19.2));
#7315=CARTESIAN_POINT('Ctrl Pts',(9.61369863710287,-43.163217510844,19.2));
#7316=CARTESIAN_POINT('Ctrl Pts',(9.58020859279994,-43.1758695872783,19.2));
#7317=CARTESIAN_POINT('Ctrl Pts',(9.54568953346188,-43.1875654824593,19.2));
#7318=CARTESIAN_POINT('',(10.6826583963605,-40.9659547139794,-7.33370694340927));
#7319=CARTESIAN_POINT('Origin',(9.02552524208546,-41.6523617411633,-7.33370694341819));
#7320=CARTESIAN_POINT('Origin',(0.3,-15.899999999999,5.54914669734926));
#7321=CARTESIAN_POINT('Ctrl Pts',(9.54568953346597,-43.1875654824694,-8.10170660522084));
#7322=CARTESIAN_POINT('Ctrl Pts',(9.46508880669161,-42.9726985850946,-8.58580849113471));
#7323=CARTESIAN_POINT('Ctrl Pts',(9.17932253502321,-42.2104640399099,-9.58346949250723));
#7324=CARTESIAN_POINT('Ctrl Pts',(8.74457052064694,-41.0440154693071,-10.));
#7325=CARTESIAN_POINT('Ctrl Pts',(8.49656505986805,-40.3753388952987,-10.));
#7326=CARTESIAN_POINT('Ctrl Pts',(10.0708949391989,-43.0024874821294,-8.11595054489478));
#7327=CARTESIAN_POINT('Ctrl Pts',(9.98710205519446,-42.7834117755957,-8.60479924569365));
#7328=CARTESIAN_POINT('Ctrl Pts',(9.69118011865619,-42.0091318536343,-9.60644093242111));
#7329=CARTESIAN_POINT('Ctrl Pts',(9.24559616979467,-40.8378362290778,-10.0082569062229));
#7330=CARTESIAN_POINT('Ctrl Pts',(8.99237814020314,-40.169966393022,-10.));
#7331=CARTESIAN_POINT('Ctrl Pts',(10.8375242893911,-42.265577792672,-7.9319805554963));
#7332=CARTESIAN_POINT('Ctrl Pts',(10.7606941293574,-42.074921855532,-8.35623499742989));
#7333=CARTESIAN_POINT('Ctrl Pts',(10.4884753067377,-41.3993988925958,-9.22343359626577));
#7334=CARTESIAN_POINT('Ctrl Pts',(10.0806100541735,-40.3858468880161,-9.5626330196679));
#7335=CARTESIAN_POINT('Ctrl Pts',(9.85093799641393,-39.8143392564703,-9.54989636251075));
#7336=CARTESIAN_POINT('Ctrl Pts',(10.8270822488763,-41.3146247374532,-7.51290877044907));
#7337=CARTESIAN_POINT('Ctrl Pts',(10.7751933158218,-41.1894140879497,-7.79578930983202));
#7338=CARTESIAN_POINT('Ctrl Pts',(10.5912526385809,-40.7452877975904,-8.37673626387161));
#7339=CARTESIAN_POINT('Ctrl Pts',(10.3123728735722,-40.0718292135205,-8.61261274254507));
#7340=CARTESIAN_POINT('Ctrl Pts',(10.153698214152,-39.6889318681362,-8.60883015717538));
#7341=CARTESIAN_POINT('Ctrl Pts',(10.6826583963608,-40.9659547139802,-7.33370694340757));
#7342=CARTESIAN_POINT('Ctrl Pts',(10.6422209292032,-40.8683300323403,-7.55624337336569));
#7343=CARTESIAN_POINT('Ctrl Pts',(10.4987784615632,-40.5220292815436,-8.01485740486192));
#7344=CARTESIAN_POINT('Ctrl Pts',(10.2793983541033,-39.9923988507988,-8.20633199895715));
#7345=CARTESIAN_POINT('Ctrl Pts',(10.153698214152,-39.6889318681362,-8.20633199895714));
#7346=CARTESIAN_POINT('',(10.1775767829148,-39.7465798326935,-8.20506192796448));
#7347=CARTESIAN_POINT('Ctrl Pts',(10.177576782922,-39.7465798327109,-8.20506192796295));
#7348=CARTESIAN_POINT('Ctrl Pts',(10.177576782922,-39.7465798327109,-8.43913122004716));
#7349=CARTESIAN_POINT('Ctrl Pts',(10.1353595189931,-39.7641888291257,-8.67091714639555));
#7350=CARTESIAN_POINT('Ctrl Pts',(9.97078378798896,-39.8313543165671,-9.10353041775001));
#7351=CARTESIAN_POINT('Ctrl Pts',(9.85012723304867,-39.8801568072789,-9.30022842465399));
#7352=CARTESIAN_POINT('Ctrl Pts',(9.54441025641774,-39.999661535308,-9.63255671612022));
#7353=CARTESIAN_POINT('Ctrl Pts',(9.36231464569973,-40.069122580687,-9.76503947308665));
#7354=CARTESIAN_POINT('Ctrl Pts',(9.05632823455726,-40.1809580821404,-9.90375111216651));
#7355=CARTESIAN_POINT('Ctrl Pts',(8.94764097682122,-40.219912982067,-9.93969349865216));
#7356=CARTESIAN_POINT('Ctrl Pts',(8.72462400833786,-40.298064598726,-9.98787386919657));
#7357=CARTESIAN_POINT('Ctrl Pts',(8.61087887004555,-40.3370562555212,-10.));
#7358=CARTESIAN_POINT('Ctrl Pts',(8.49656505986806,-40.3753388952987,-10.));
#7359=CARTESIAN_POINT('Ctrl Pts',(10.6826583963605,-40.9659547139794,-7.33370694340926));
#7360=CARTESIAN_POINT('Ctrl Pts',(10.642220928375,-40.8683300303409,-7.55624337792265));
#7361=CARTESIAN_POINT('Ctrl Pts',(10.5039708195047,-40.5345647425065,-7.9982562249796));
#7362=CARTESIAN_POINT('Ctrl Pts',(10.2951812491803,-40.0305021301474,-8.19211981713073));
#7363=CARTESIAN_POINT('Ctrl Pts',(10.1775761374248,-39.7465782743428,-8.2050204476287));
#7364=CARTESIAN_POINT('Origin',(0.300000000000009,-15.899999999999,-10.));
#7365=CARTESIAN_POINT('Ctrl Pts',(3.66905749451413,-41.4905323199622,-8.20506192796296));
#7366=CARTESIAN_POINT('Ctrl Pts',(3.66905749451413,-41.4905323199622,-8.43913122004716));
#7367=CARTESIAN_POINT('Ctrl Pts',(3.6237212053326,-41.4966146724374,-8.67091714639555));
#7368=CARTESIAN_POINT('Ctrl Pts',(3.44736954905191,-41.5188962178467,-9.10353041775002));
#7369=CARTESIAN_POINT('Ctrl Pts',(3.31819325247937,-41.5348075896775,-9.30022842465399));
#7370=CARTESIAN_POINT('Ctrl Pts',(2.9919632296228,-41.5711149168812,-9.63255671612021));
#7371=CARTESIAN_POINT('Ctrl Pts',(2.7980945349396,-41.5910793224504,-9.76503947308665));
#7372=CARTESIAN_POINT('Ctrl Pts',(2.47358920022882,-41.6199090108541,-9.90375111216652));
#7373=CARTESIAN_POINT('Ctrl Pts',(2.35852310099198,-41.6294062224916,-9.93969349865216));
#7374=CARTESIAN_POINT('Ctrl Pts',(2.12287812463632,-41.6471738485642,-9.98787386919658));
#7375=CARTESIAN_POINT('Ctrl Pts',(2.00291697456623,-41.6553974887947,-10.));
#7376=CARTESIAN_POINT('Ctrl Pts',(1.88259003674308,-41.6627890880621,-10.));
#7377=CARTESIAN_POINT('Origin',(0.300000000000009,-15.899999999999,-10.));
#7378=CARTESIAN_POINT('Ctrl Pts',(11.8108313684359,-39.0025248409737,-10.));
#7379=CARTESIAN_POINT('Ctrl Pts',(11.6016622557115,-39.1067433365983,-10.));
#7380=CARTESIAN_POINT('Ctrl Pts',(11.3930828226608,-39.2069979939262,-9.95443771343473));
#7381=CARTESIAN_POINT('Ctrl Pts',(11.0013174389835,-39.3894515357557,-9.77724421969077));
#7382=CARTESIAN_POINT('Ctrl Pts',(10.8219425636599,-39.469943873622,-9.6474367412491));
#7383=CARTESIAN_POINT('Ctrl Pts',(10.5173522215257,-39.6035711543845,-9.31967658766769));
#7384=CARTESIAN_POINT('Ctrl Pts',(10.3951443412289,-39.6554702138242,-9.12482820545796));
#7385=CARTESIAN_POINT('Ctrl Pts',(10.2668742313049,-39.7094427111966,-8.79886778233491));
#7386=CARTESIAN_POINT('Ctrl Pts',(10.2335508067003,-39.7233298949301,-8.6832239218621));
#7387=CARTESIAN_POINT('Ctrl Pts',(10.1888441489463,-39.7419219086997,-8.44643660090626));
#7388=CARTESIAN_POINT('Ctrl Pts',(10.177576782922,-39.7465798327109,-8.32590626147234));
#7389=CARTESIAN_POINT('Ctrl Pts',(10.177576782922,-39.7465798327109,-8.20506192796295));
#7390=CARTESIAN_POINT('Ctrl Pts',(-1.28259003674308,-41.6627890880621,-10.));
#7391=CARTESIAN_POINT('Ctrl Pts',(-1.34907868150906,-42.3728695702374,-10.));
#7392=CARTESIAN_POINT('Ctrl Pts',(-1.46711779056114,-43.6120946455566,-9.5834697056428));
#7393=CARTESIAN_POINT('Ctrl Pts',(-1.54586598201791,-44.4223182792322,-8.58580850104783));
#7394=CARTESIAN_POINT('Ctrl Pts',(-1.56810866087964,-44.6507247724356,-8.10170660522454));
#7395=CARTESIAN_POINT('Ctrl Pts',(-1.81466301098027,-41.592740352105,-10.));
#7396=CARTESIAN_POINT('Ctrl Pts',(-1.88639540953354,-42.3033906973182,-10.0082569059132));
#7397=CARTESIAN_POINT('Ctrl Pts',(-2.0136428490753,-43.5501011600358,-9.60644068263521));
#7398=CARTESIAN_POINT('Ctrl Pts',(-2.09908309165606,-44.3745882317695,-8.60479925570395));
#7399=CARTESIAN_POINT('Ctrl Pts',(-2.12331983770117,-44.6078863136237,-8.1159505448985));
#7400=CARTESIAN_POINT('Ctrl Pts',(-2.73604058416878,-41.4714386933737,-9.54993191127971));
#7401=CARTESIAN_POINT('Ctrl Pts',(-2.80996969409739,-42.0829161543465,-9.56266856795914));
#7402=CARTESIAN_POINT('Ctrl Pts',(-2.94161595530802,-43.1675198867167,-9.2234584334097));
#7403=CARTESIAN_POINT('Ctrl Pts',(-3.02972372057432,-43.8904932884082,-8.35625304937182));
#7404=CARTESIAN_POINT('Ctrl Pts',(-3.05459056930418,-44.0945378948595,-7.93199859875387));
#7405=CARTESIAN_POINT('Ctrl Pts',(-3.06091295938766,-41.428668433779,-8.60883015717538));
#7406=CARTESIAN_POINT('Ctrl Pts',(-3.11507978356298,-41.839586876924,-8.6126127424032));
#7407=CARTESIAN_POINT('Ctrl Pts',(-3.21015305258326,-42.5622774125729,-8.37673647803501));
#7408=CARTESIAN_POINT('Ctrl Pts',(-3.27287775331451,-43.0388777277824,-7.79578931562466));
#7409=CARTESIAN_POINT('Ctrl Pts',(-3.29059171347188,-43.1732517747199,-7.51290877045123));
#7410=CARTESIAN_POINT('Ctrl Pts',(-3.06091295938766,-41.428668433779,-8.20633199895714));
#7411=CARTESIAN_POINT('Ctrl Pts',(-3.10378693465381,-41.7543286077358,-8.20633199895714));
#7412=CARTESIAN_POINT('Ctrl Pts',(-3.17861341442823,-42.3226921492231,-8.01485750283806));
#7413=CARTESIAN_POINT('Ctrl Pts',(-3.22753895964708,-42.6943185605365,-7.55624337792265));
#7414=CARTESIAN_POINT('Ctrl Pts',(-3.24133142692621,-42.7990827505966,-7.33370694340927));
#7415=CARTESIAN_POINT('',(-3.06905749451404,-41.4905323199616,-8.205061927963));
#7416=CARTESIAN_POINT('Ctrl Pts',(-1.28259003674308,-41.6627890880621,-10.));
#7417=CARTESIAN_POINT('Ctrl Pts',(-1.51584504986177,-41.648460396455,-10.));
#7418=CARTESIAN_POINT('Ctrl Pts',(-1.74660746625459,-41.6309937600233,-9.95443771343473));
#7419=CARTESIAN_POINT('Ctrl Pts',(-2.17711301175719,-41.5931204704195,-9.77724421969077));
#7420=CARTESIAN_POINT('Ctrl Pts',(-2.37270237952122,-41.5731414421599,-9.6474367412491));
#7421=CARTESIAN_POINT('Ctrl Pts',(-2.70329899393809,-41.5365708908717,-9.31967658766769));
#7422=CARTESIAN_POINT('Ctrl Pts',(-2.83508365253767,-41.5204128546306,-9.12482820545795));
#7423=CARTESIAN_POINT('Ctrl Pts',(-2.9731550749642,-41.5030193534988,-8.79886778233491));
#7424=CARTESIAN_POINT('Ctrl Pts',(-3.00895759907967,-41.4983842950967,-8.6832239218621));
#7425=CARTESIAN_POINT('Ctrl Pts',(-3.05697070729774,-41.4921321224517,-8.44643660090626));
#7426=CARTESIAN_POINT('Ctrl Pts',(-3.06905749451413,-41.4905323199622,-8.32590626147234));
#7427=CARTESIAN_POINT('Ctrl Pts',(-3.06905749451413,-41.4905323199622,-8.20506192796295));
#7428=CARTESIAN_POINT('',(-1.56810866087968,-44.650724772436,-8.10170660522477));
#7429=CARTESIAN_POINT('Ctrl Pts',(-1.28259003674308,-41.6627890880621,-10.));
#7430=CARTESIAN_POINT('Ctrl Pts',(-1.34907868150906,-42.3728695702374,-10.));
#7431=CARTESIAN_POINT('Ctrl Pts',(-1.46711779056114,-43.6120946455566,-9.5834697056428));
#7432=CARTESIAN_POINT('Ctrl Pts',(-1.54586598201791,-44.4223182792322,-8.58580850104783));
#7433=CARTESIAN_POINT('Ctrl Pts',(-1.56810866087964,-44.6507247724356,-8.10170660522454));
#7434=CARTESIAN_POINT('',(-3.24133142692922,-42.7990827506196,-7.33370694341819));
#7435=CARTESIAN_POINT('Origin',(-1.46300850428164,-43.0332034048797,-7.33370694340927));
#7436=CARTESIAN_POINT('Ctrl Pts',(-3.06905727435043,-41.4905306476529,-8.20502044781659));
#7437=CARTESIAN_POINT('Ctrl Pts',(-3.10917018923977,-41.7952184858971,-8.19211981866966));
#7438=CARTESIAN_POINT('Ctrl Pts',(-3.18038442307739,-42.3361442954538,-7.99825623981209));
#7439=CARTESIAN_POINT('Ctrl Pts',(-3.22753895992954,-42.6943185626821,-7.55624337336564));
#7440=CARTESIAN_POINT('Ctrl Pts',(-3.2413314269263,-42.7990827505974,-7.33370694340758));
#7441=CARTESIAN_POINT('Origin',(2.07832292264458,-16.1341206542821,5.54914669734926));
#7442=CARTESIAN_POINT('',(-1.56810866087828,-44.6507247724238,19.2000000000056));
#7443=CARTESIAN_POINT('',(-3.19196915773951,-42.4241390914084,19.2));
#7444=CARTESIAN_POINT('Ctrl Pts',(-1.56810866087845,-44.6507247724265,19.2));
#7445=CARTESIAN_POINT('Ctrl Pts',(-1.60447863221465,-44.6483615951853,19.2));
#7446=CARTESIAN_POINT('Ctrl Pts',(-1.64010212927169,-44.6448084890882,19.2));
#7447=CARTESIAN_POINT('Ctrl Pts',(-1.67458270824075,-44.6402690347487,19.2));
#7448=CARTESIAN_POINT('Ctrl Pts',(-1.88666443228305,-44.6123479460859,19.2));
#7449=CARTESIAN_POINT('Ctrl Pts',(-2.12851650486599,-44.5263279042773,19.2));
#7450=CARTESIAN_POINT('Ctrl Pts',(-2.50433911293497,-44.2986825832759,19.2));
#7451=CARTESIAN_POINT('Ctrl Pts',(-2.7012432256883,-44.1131022312912,19.2));
#7452=CARTESIAN_POINT('Ctrl Pts',(-2.97356944553745,-43.7341841107179,19.2));
#7453=CARTESIAN_POINT('Ctrl Pts',(-3.09197797927155,-43.4701424132214,19.2));
#7454=CARTESIAN_POINT('Ctrl Pts',(-3.21032444090435,-42.9864844848723,19.2));
#7455=CARTESIAN_POINT('Ctrl Pts',(-3.22548563740758,-42.6787220296911,19.2));
#7456=CARTESIAN_POINT('Ctrl Pts',(-3.19196915773952,-42.4241390914084,19.2));
#7457=CARTESIAN_POINT('Origin',(0.300000000000002,-15.899999999999,5.54914669734926));
#7458=CARTESIAN_POINT('Origin',(2.18433603443474,-16.1480775452263,5.54914669734926));
#7459=CARTESIAN_POINT('Origin',(0.300000000000005,-15.899999999999,5.54914669734926));
#7460=CARTESIAN_POINT('',(2.16810866087974,-44.6507247724348,-8.10170660522601));
#7461=CARTESIAN_POINT('Origin',(0.299999999999987,-15.8999999999987,-8.10170660522653));
#7462=CARTESIAN_POINT('',(2.16810866087829,-44.6507247724238,19.2000000000056));
#7463=CARTESIAN_POINT('Origin',(-1.58433603443474,-16.1480775452263,5.54914669734926));
#7464=CARTESIAN_POINT('Origin',(0.30000000000002,-15.8999999999993,19.2000000000062));
#7465=CARTESIAN_POINT('Origin',(0.300000000000002,-15.899999999999,-6.68030299018108));
#7466=CARTESIAN_POINT('Ctrl Pts',(2.16810866087957,-44.6507247724349,-8.101706605226));
#7467=CARTESIAN_POINT('Ctrl Pts',(2.14586598247322,-44.4223182839076,-8.58580849113774));
#7468=CARTESIAN_POINT('Ctrl Pts',(2.11211675116383,-44.0750795113175,-9.01337748139952));
#7469=CARTESIAN_POINT('Ctrl Pts',(2.07115082656393,-43.6490446216967,-9.33420822653376));
#7470=CARTESIAN_POINT('Ctrl Pts',(2.01652959376388,-43.0809981022002,-9.76198255338092));
#7471=CARTESIAN_POINT('Ctrl Pts',(1.94907868400284,-42.3728695968703,-10.));
#7472=CARTESIAN_POINT('Ctrl Pts',(1.88259003674308,-41.6627890880621,-10.));
#7473=CARTESIAN_POINT('Origin',(-1.47832292264457,-16.1341206542821,5.54914669734926));
#7474=CARTESIAN_POINT('Ctrl Pts',(3.79196915773953,-42.4241390914084,19.2));
#7475=CARTESIAN_POINT('Ctrl Pts',(3.82548563740759,-42.6787220296911,19.2));
#7476=CARTESIAN_POINT('Ctrl Pts',(3.81032444090436,-42.9864844848723,19.2));
#7477=CARTESIAN_POINT('Ctrl Pts',(3.69197797927156,-43.4701424132214,19.2));
#7478=CARTESIAN_POINT('Ctrl Pts',(3.57356944553745,-43.7341841107179,19.2));
#7479=CARTESIAN_POINT('Ctrl Pts',(3.30124322568831,-44.1131022312912,19.2));
#7480=CARTESIAN_POINT('Ctrl Pts',(3.10433911293498,-44.2986825832759,19.2));
#7481=CARTESIAN_POINT('Ctrl Pts',(2.728516504866,-44.5263279042773,19.2));
#7482=CARTESIAN_POINT('Ctrl Pts',(2.48666443228305,-44.6123479460859,19.2));
#7483=CARTESIAN_POINT('Ctrl Pts',(2.27458270824076,-44.6402690347487,19.2));
#7484=CARTESIAN_POINT('Ctrl Pts',(2.2401021292717,-44.6448084890882,19.2));
#7485=CARTESIAN_POINT('Ctrl Pts',(2.20447863221466,-44.6483615951853,19.2));
#7486=CARTESIAN_POINT('Ctrl Pts',(2.16810866087846,-44.6507247724265,19.2));
#7487=CARTESIAN_POINT('Origin',(2.06300850428466,-43.0332034049027,-7.33370694341819));
#7488=CARTESIAN_POINT('Ctrl Pts',(2.16810866087981,-44.6507247724373,-8.10170660522085));
#7489=CARTESIAN_POINT('Ctrl Pts',(2.14586598247346,-44.4223182839101,-8.58580849113471));
#7490=CARTESIAN_POINT('Ctrl Pts',(2.06711777608466,-43.6120944811976,-9.58346946841661));
#7491=CARTESIAN_POINT('Ctrl Pts',(1.94907868400284,-42.3728695968703,-10.));
#7492=CARTESIAN_POINT('Ctrl Pts',(1.88259003674308,-41.6627890880621,-10.));
#7493=CARTESIAN_POINT('Ctrl Pts',(2.72331983770135,-44.6078863136254,-8.11595054489479));
#7494=CARTESIAN_POINT('Ctrl Pts',(2.69908309215244,-44.3745882365476,-8.60479924569363));
#7495=CARTESIAN_POINT('Ctrl Pts',(2.61364284030233,-43.5501010159465,-9.60644096260291));
#7496=CARTESIAN_POINT('Ctrl Pts',(2.48639541222399,-42.3033907239724,-10.0082569062229));
#7497=CARTESIAN_POINT('Ctrl Pts',(2.41466301098027,-41.592740352105,-10.));
#7498=CARTESIAN_POINT('Ctrl Pts',(3.654586615262,-44.0945343613193,-7.93199669018839));
#7499=CARTESIAN_POINT('Ctrl Pts',(3.62971976704123,-43.8904897590454,-8.35625113212194));
#7500=CARTESIAN_POINT('Ctrl Pts',(3.54161227881509,-43.1675175967468,-9.22345544278997));
#7501=CARTESIAN_POINT('Ctrl Pts',(3.40996659138666,-42.0829165861258,-9.56266480819287));
#7502=CARTESIAN_POINT('Ctrl Pts',(3.3360374786852,-41.4714391022184,-9.54992815103572));
#7503=CARTESIAN_POINT('Ctrl Pts',(3.89059171347201,-43.1732517747209,-7.51290877044908));
#7504=CARTESIAN_POINT('Ctrl Pts',(3.87287775367729,-43.0388777305345,-7.79578930983197));
#7505=CARTESIAN_POINT('Ctrl Pts',(3.81015304464058,-42.5622773165876,-8.37673623929923));
#7506=CARTESIAN_POINT('Ctrl Pts',(3.71507978559461,-41.8395868923363,-8.61261274254507));
#7507=CARTESIAN_POINT('Ctrl Pts',(3.66091295938765,-41.428668433779,-8.60883015717538));
#7508=CARTESIAN_POINT('Ctrl Pts',(3.84133142692631,-42.7990827505974,-7.33370694340757));
#7509=CARTESIAN_POINT('Ctrl Pts',(3.82753895992955,-42.6943185626821,-7.55624337336565));
#7510=CARTESIAN_POINT('Ctrl Pts',(3.77861340450662,-42.322692073861,-8.01485739378773));
#7511=CARTESIAN_POINT('Ctrl Pts',(3.70378693626188,-41.7543286199503,-8.20633199895715));
#7512=CARTESIAN_POINT('Ctrl Pts',(3.66091295938765,-41.428668433779,-8.20633199895715));
#7513=CARTESIAN_POINT('Origin',(0.300000000000009,-15.899999999999,-10.));
#7514=CARTESIAN_POINT('Ctrl Pts',(-3.06905749451412,-41.4905323199622,-8.20506192796296));
#7515=CARTESIAN_POINT('Ctrl Pts',(-3.06905749451412,-41.4905323199622,-8.43913122004716));
#7516=CARTESIAN_POINT('Ctrl Pts',(-3.11442321576226,-41.4846735262281,-8.67091714639555));
#7517=CARTESIAN_POINT('Ctrl Pts',(-3.29053272337889,-41.4605526791078,-9.10353041775002));
#7518=CARTESIAN_POINT('Ctrl Pts',(-3.4194256104462,-41.442488598362,-9.30022842465399));
#7519=CARTESIAN_POINT('Ctrl Pts',(-3.74393664259133,-41.3931242403922,-9.63255671612022));
#7520=CARTESIAN_POINT('Ctrl Pts',(-3.93636659008024,-41.3622314649048,-9.76503947308665));
#7521=CARTESIAN_POINT('Ctrl Pts',(-4.25727634606919,-41.3060906446372,-9.90375111216652));
#7522=CARTESIAN_POINT('Ctrl Pts',(-4.37087972229955,-41.2854829487075,-9.93969349865216));
#7523=CARTESIAN_POINT('Ctrl Pts',(-4.60309389081062,-41.2416557498393,-9.98787386919658));
#7524=CARTESIAN_POINT('Ctrl Pts',(-4.72109589852638,-41.2185509460134,-10.));
#7525=CARTESIAN_POINT('Ctrl Pts',(-4.83923588203222,-41.194547779496,-10.));
#7526=CARTESIAN_POINT('Ctrl Pts',(-19.6850705027332,-32.2347130314826,-9.69454732046327));
#7527=CARTESIAN_POINT('Ctrl Pts',(-20.2892342218895,-32.7191123232716,-9.69278005394014));
#7528=CARTESIAN_POINT('Ctrl Pts',(-20.894436197768,-33.2032531470778,-9.37786678065256));
#7529=CARTESIAN_POINT('Ctrl Pts',(-21.3303906770831,-33.551617761134,-8.82874481742743));
#7530=CARTESIAN_POINT('Ctrl Pts',(-19.9764955062379,-31.8460085420177,-9.36806175242352));
#7531=CARTESIAN_POINT('Ctrl Pts',(-20.5205278321382,-32.2725544741253,-9.36950675657646));
#7532=CARTESIAN_POINT('Ctrl Pts',(-21.0653711549079,-32.6999215043888,-9.09163335864794));
#7533=CARTESIAN_POINT('Ctrl Pts',(-21.4599656433023,-33.0088502477056,-8.60153462604703));
#7534=CARTESIAN_POINT('Ctrl Pts',(-20.1559473617151,-31.59640047532,-8.79137066652503));
#7535=CARTESIAN_POINT('Ctrl Pts',(-20.5870699661987,-31.9269687929243,-8.78908285341029));
#7536=CARTESIAN_POINT('Ctrl Pts',(-21.0162413130478,-32.2566991601198,-8.56778653938417));
#7537=CARTESIAN_POINT('Ctrl Pts',(-21.3261106610049,-32.4942983552076,-8.18285097474706));
#7538=CARTESIAN_POINT('Ctrl Pts',(-20.1482317895618,-31.5904801085791,-8.20612032851566));
#7539=CARTESIAN_POINT('Ctrl Pts',(-20.4598145133281,-31.829565941513,-8.19959403617134));
#7540=CARTESIAN_POINT('Ctrl Pts',(-20.7676584220739,-32.0657828807785,-8.0351931288504));
#7541=CARTESIAN_POINT('Ctrl Pts',(-20.9878124807041,-32.2347130314786,-7.7571979265014));
#7542=CARTESIAN_POINT('Ctrl Pts',(-20.1775210000573,-31.6129545102489,-8.2050204490568));
#7543=CARTESIAN_POINT('Ctrl Pts',(-20.421331957233,-31.8000372376548,-8.19211983168176));
#7544=CARTESIAN_POINT('Ctrl Pts',(-20.7186358072369,-32.0281665053928,-8.05896390255175));
#7545=CARTESIAN_POINT('Ctrl Pts',(-20.9469492052057,-32.2033575373715,-7.80873869680008));
#7546=CARTESIAN_POINT('Ctrl Pts',(-20.9877577357885,-32.2346710242274,-7.75712910346809));
#7547=CARTESIAN_POINT('Origin',(-1.12301250000085,-14.8080841045169,5.54914669734926));
#7548=CARTESIAN_POINT('',(-15.9862035455388,-37.1245936878016,19.2));
#7549=CARTESIAN_POINT('Ctrl Pts',(-15.9862035455388,-37.1245936878016,19.2));
#7550=CARTESIAN_POINT('Ctrl Pts',(-16.1425211375182,-37.3283107398905,19.2));
#7551=CARTESIAN_POINT('Ctrl Pts',(-16.3708626414298,-37.5352110740855,19.2));
#7552=CARTESIAN_POINT('Ctrl Pts',(-16.79654402789,-37.7935252894458,19.2));
#7553=CARTESIAN_POINT('Ctrl Pts',(-17.0669771798596,-37.8965034871078,19.2));
#7554=CARTESIAN_POINT('Ctrl Pts',(-17.5274764691816,-37.9718753429294,19.2));
#7555=CARTESIAN_POINT('Ctrl Pts',(-17.7979338278964,-37.9638682349014,19.2));
#7556=CARTESIAN_POINT('Ctrl Pts',(-18.2246500927707,-37.8590910703981,19.2));
#7557=CARTESIAN_POINT('Ctrl Pts',(-18.4564906882189,-37.7489011847114,19.2));
#7558=CARTESIAN_POINT('Ctrl Pts',(-18.6261983045865,-37.618679950607,19.2));
#7559=CARTESIAN_POINT('Ctrl Pts',(-18.6537896347411,-37.5975083783451,19.2));
#7560=CARTESIAN_POINT('Ctrl Pts',(-18.6814916764953,-37.574831187422,19.2));
#7561=CARTESIAN_POINT('Ctrl Pts',(-18.7088801485111,-37.550784752711,19.2));
#7562=CARTESIAN_POINT('',(-16.2164243542371,-37.4246232870532,-7.33370694340927));
#7563=CARTESIAN_POINT('Origin',(-17.6394368542521,-36.3327073915895,-7.33370694341819));
#7564=CARTESIAN_POINT('Origin',(0.300000000000002,-15.899999999999,5.54914669734926));
#7565=CARTESIAN_POINT('Ctrl Pts',(-18.7088801485177,-37.5507847527196,-8.10170660522086));
#7566=CARTESIAN_POINT('Ctrl Pts',(-18.563100320346,-37.3735490270821,-8.58580849113471));
#7567=CARTESIAN_POINT('Ctrl Pts',(-18.0458690257865,-36.7449509625788,-9.58346960585009));
#7568=CARTESIAN_POINT('Ctrl Pts',(-17.2530708892463,-35.7852203295825,-10.));
#7569=CARTESIAN_POINT('Ctrl Pts',(-16.7979827196289,-35.2361030132665,-10.));
#7570=CARTESIAN_POINT('Ctrl Pts',(-18.2859951956752,-37.9130869761192,-8.11595054489479));
#7571=CARTESIAN_POINT('Ctrl Pts',(-18.1381665104672,-37.7309823566482,-8.60479924569365));
#7572=CARTESIAN_POINT('Ctrl Pts',(-17.6155814410427,-37.0875665309521,-9.60644079041984));
#7573=CARTESIAN_POINT('Ctrl Pts',(-16.8240016049009,-36.1160316495774,-10.0082569062229));
#7574=CARTESIAN_POINT('Ctrl Pts',(-16.3722183752509,-35.5628034852269,-10.));
#7575=CARTESIAN_POINT('Ctrl Pts',(-17.2644993250775,-38.2085291932107,-7.93197210921598));
#7576=CARTESIAN_POINT('Ctrl Pts',(-17.1378015201488,-38.0466643542746,-8.35622655114957));
#7577=CARTESIAN_POINT('Ctrl Pts',(-16.6888943114017,-37.4731597492819,-9.22342233068749));
#7578=CARTESIAN_POINT('Ctrl Pts',(-16.0150714084227,-36.6131717768982,-9.56261637883015));
#7579=CARTESIAN_POINT('Ctrl Pts',(-15.6349673099272,-36.128516124566,-9.549879721673));
#7580=CARTESIAN_POINT('Ctrl Pts',(-16.4461695258456,-37.7240330239812,-7.51290877044908));
#7581=CARTESIAN_POINT('Ctrl Pts',(-16.3636783890784,-37.616490565029,-7.79578930983202));
#7582=CARTESIAN_POINT('Ctrl Pts',(-16.0710241068879,-37.2351301547571,-8.37673637948116));
#7583=CARTESIAN_POINT('Ctrl Pts',(-15.6272317180623,-36.6568838674354,-8.61261274254507));
#7584=CARTESIAN_POINT('Ctrl Pts',(-15.3749702196281,-36.3280189087486,-8.60883015717538));
#7585=CARTESIAN_POINT('Ctrl Pts',(-16.2164243542376,-37.4246232870539,-7.33370694340758));
#7586=CARTESIAN_POINT('Ctrl Pts',(-16.1520976334799,-37.3407910724107,-7.5562433733657));
#7587=CARTESIAN_POINT('Ctrl Pts',(-15.9239136413157,-37.0434159041461,-8.01485745696442));
#7588=CARTESIAN_POINT('Ctrl Pts',(-15.574930265848,-36.588611914537,-8.20633199895714));
#7589=CARTESIAN_POINT('Ctrl Pts',(-15.3749702196281,-36.3280189087486,-8.20633199895714));
#7590=CARTESIAN_POINT('',(-15.4129555370297,-36.3775223381819,-8.20506192796448));
#7591=CARTESIAN_POINT('Ctrl Pts',(-15.4129555370412,-36.3775223381968,-8.20506192796295));
#7592=CARTESIAN_POINT('Ctrl Pts',(-15.4129555370412,-36.3775223381968,-8.43913122004717));
#7593=CARTESIAN_POINT('Ctrl Pts',(-15.449314007236,-36.3497656133634,-8.67091714639556));
#7594=CARTESIAN_POINT('Ctrl Pts',(-15.5897688911199,-36.2408215931882,-9.10353041775002));
#7595=CARTESIAN_POINT('Ctrl Pts',(-15.6923613653144,-36.1607311968326,-9.30022842465399));
#7596=CARTESIAN_POINT('Ctrl Pts',(-15.9487139839754,-35.9557248927167,-9.63255671612021));
#7597=CARTESIAN_POINT('Ctrl Pts',(-16.099916819206,-35.8327559906067,-9.76503947308665));
#7598=CARTESIAN_POINT('Ctrl Pts',(-16.3497624100809,-35.6236817360713,-9.90375111216651));
#7599=CARTESIAN_POINT('Ctrl Pts',(-16.4378419718872,-35.5490332597675,-9.93969349865215));
#7600=CARTESIAN_POINT('Ctrl Pts',(-16.6170317415024,-35.3949707079153,-9.98787386919658));
#7601=CARTESIAN_POINT('Ctrl Pts',(-16.7076720759689,-35.3159603569949,-10.));
#7602=CARTESIAN_POINT('Ctrl Pts',(-16.7979827196289,-35.2361030132665,-10.));
#7603=CARTESIAN_POINT('Ctrl Pts',(-16.2164243542371,-37.4246232870532,-7.33370694340926));
#7604=CARTESIAN_POINT('Ctrl Pts',(-16.1520976321624,-37.3407910706938,-7.55624337792265));
#7605=CARTESIAN_POINT('Ctrl Pts',(-15.9321735490037,-37.0541804254225,-7.99825642023084));
#7606=CARTESIAN_POINT('Ctrl Pts',(-15.6000372316949,-36.6213319494637,-8.19211983144793));
#7607=CARTESIAN_POINT('Ctrl Pts',(-15.4129545102372,-36.3775210000398,-8.2050204489933));
#7608=CARTESIAN_POINT('Origin',(0.300000000000009,-15.899999999999,-10.));
#7609=CARTESIAN_POINT('Ctrl Pts',(-13.9519577196272,-37.4199348042306,-10.));
#7610=CARTESIAN_POINT('Ctrl Pts',(-14.1467981407445,-37.2908982867365,-10.));
#7611=CARTESIAN_POINT('Ctrl Pts',(-14.3379109373635,-37.1603905276716,-9.95443771343473));
#7612=CARTESIAN_POINT('Ctrl Pts',(-14.6918030314369,-36.9123385239986,-9.77724421969078));
#7613=CARTESIAN_POINT('Ctrl Pts',(-14.8511988785009,-36.7972414941008,-9.64743674124911));
#7614=CARTESIAN_POINT('Ctrl Pts',(-15.119218669347,-36.6002721604464,-9.3196765876677));
#7615=CARTESIAN_POINT('Ctrl Pts',(-15.2252685134027,-36.5203865612865,-9.12482820545796));
#7616=CARTESIAN_POINT('Ctrl Pts',(-15.3361451221948,-36.4362876362324,-8.79886778233491));
#7617=CARTESIAN_POINT('Ctrl Pts',(-15.3648334883974,-36.4143722958504,-8.6832239218621));
#7618=CARTESIAN_POINT('Ctrl Pts',(-15.4032879735064,-36.384951201402,-8.44643660090627));
#7619=CARTESIAN_POINT('Ctrl Pts',(-15.4129555370412,-36.3775223381968,-8.32590626147235));
#7620=CARTESIAN_POINT('Ctrl Pts',(-15.4129555370412,-36.3775223381968,-8.20506192796295));
#7621=CARTESIAN_POINT('Origin',(-0.791915895482055,-17.3230124999999,5.54914669734926));
#7622=CARTESIAN_POINT('Origin',(-0.857009473492651,-17.4078441024723,5.54914669734926));
#7623=CARTESIAN_POINT('Origin',(0.300000000000008,-15.899999999999,5.54914669734926));
#7624=CARTESIAN_POINT('',(-25.5329123605839,-3.14246717113265,-8.10170660522601));
#7625=CARTESIAN_POINT('Origin',(0.300000000000312,-15.8999999999992,-8.10170660522653));
#7626=CARTESIAN_POINT('',(-25.5329123605736,-3.14246717113691,19.2000000000056));
#7627=CARTESIAN_POINT('Origin',(1.02732656094209,-14.1440783522985,5.54914669734926));
#7628=CARTESIAN_POINT('Origin',(0.299999999999734,-15.8999999999989,19.2000000000062));
#7629=CARTESIAN_POINT('Origin',(0.300000000000009,-15.899999999999,-6.68030299018108));
#7630=CARTESIAN_POINT('Ctrl Pts',(-25.5329123605838,-3.1424671711325,-8.101706605226));
#7631=CARTESIAN_POINT('Ctrl Pts',(-25.3239851999269,-3.237407690848,-8.58580849113774));
#7632=CARTESIAN_POINT('Ctrl Pts',(-25.0063963396902,-3.3817978234034,-9.01338293717833));
#7633=CARTESIAN_POINT('Ctrl Pts',(-24.6169568191744,-3.5593375136683,-9.33421446170954));
#7634=CARTESIAN_POINT('Ctrl Pts',(-24.0977041251515,-3.796057100689,-9.76198982775268));
#7635=CARTESIAN_POINT('Ctrl Pts',(-23.4507169239647,-4.09170923474921,-10.));
#7636=CARTESIAN_POINT('Ctrl Pts',(-22.8025248409747,-4.3891686315631,-10.));
#7637=CARTESIAN_POINT('Origin',(0.986407027162519,-14.2428668457151,5.54914669734926));
#7638=CARTESIAN_POINT('',(-24.4165628455422,-5.66206445412849,19.2));
#7639=CARTESIAN_POINT('Ctrl Pts',(-24.4165628455422,-5.66206445412849,19.2));
#7640=CARTESIAN_POINT('Ctrl Pts',(-24.6537963772991,-5.56379910782509,19.2));
#7641=CARTESIAN_POINT('Ctrl Pts',(-24.9127458835655,-5.39678789891093,19.2));
#7642=CARTESIAN_POINT('Ctrl Pts',(-25.2724327054412,-5.05246789251437,19.2));
#7643=CARTESIAN_POINT('Ctrl Pts',(-25.4418952562645,-4.8179022455275,19.2));
#7644=CARTESIAN_POINT('Ctrl Pts',(-25.6338848647106,-4.39260176073493,19.2));
#7645=CARTESIAN_POINT('Ctrl Pts',(-25.696150107596,-4.12928762098854,19.2));
#7646=CARTESIAN_POINT('Ctrl Pts',(-25.7053854346013,-3.6899930345836,19.2));
#7647=CARTESIAN_POINT('Ctrl Pts',(-25.6589549397507,-3.43753297486457,19.2));
#7648=CARTESIAN_POINT('Ctrl Pts',(-25.5770944498128,-3.23990426983413,19.2));
#7649=CARTESIAN_POINT('Ctrl Pts',(-25.5637854431057,-3.20777348533997,19.2));
#7650=CARTESIAN_POINT('Ctrl Pts',(-25.5490507747196,-3.17514607886836,19.2));
#7651=CARTESIAN_POINT('Ctrl Pts',(-25.532912360576,-3.14246717113573,19.2));
#7652=CARTESIAN_POINT('',(-24.7659547139804,-5.51734160363848,-7.33370694340928));
#7653=CARTESIAN_POINT('Origin',(-24.0795476868393,-3.8602084493457,-7.33370694341819));
#7654=CARTESIAN_POINT('Origin',(0.30000000000001,-15.899999999999,5.54914669734926));
#7655=CARTESIAN_POINT('Ctrl Pts',(-25.532912360586,-3.14246717113149,-8.10170660522085));
#7656=CARTESIAN_POINT('Ctrl Pts',(-25.3239851999291,-3.23740769084698,-8.5858084911347));
#7657=CARTESIAN_POINT('Ctrl Pts',(-24.5829445260416,-3.57431800014383,-9.58348219856718));
#7658=CARTESIAN_POINT('Ctrl Pts',(-23.4507169239647,-4.09170923474922,-10.));
#7659=CARTESIAN_POINT('Ctrl Pts',(-22.8025248409747,-4.38916863156311,-10.));
#7660=CARTESIAN_POINT('Ctrl Pts',(-25.7734187554067,-3.64471338412994,-8.11595054489479));
#7661=CARTESIAN_POINT('Ctrl Pts',(-25.5592583212288,-3.74037278531845,-8.60479924569364));
#7662=CARTESIAN_POINT('Ctrl Pts',(-24.8025180164724,-4.0786196034302,-9.60642501367792));
#7663=CARTESIAN_POINT('Ctrl Pts',(-23.6592048191194,-4.591778607716,-10.0082569062229));
#7664=CARTESIAN_POINT('Ctrl Pts',(-23.0078973432515,-4.8849817118982,-10.));
#7665=CARTESIAN_POINT('Ctrl Pts',(-25.7946644669649,-4.70795196160216,-7.93206798131702));
#7666=CARTESIAN_POINT('Ctrl Pts',(-25.6055232337803,-4.78843894046786,-8.3563224232506));
#7667=CARTESIAN_POINT('Ctrl Pts',(-24.9353137324735,-5.0736351902306,-9.22357473313023));
#7668=CARTESIAN_POINT('Ctrl Pts',(-23.9300989788188,-5.50195987489048,-9.562805265774));
#7669=CARTESIAN_POINT('Ctrl Pts',(-23.3635793875621,-5.74367412716548,-9.55006860861685));
#7670=CARTESIAN_POINT('Ctrl Pts',(-25.1146247374542,-5.37291775112272,-7.51290877044908));
#7671=CARTESIAN_POINT('Ctrl Pts',(-24.9893964216821,-5.42476403403209,-7.795789309832));
#7672=CARTESIAN_POINT('Ctrl Pts',(-24.5452905569415,-5.60874088323153,-8.37674922403287));
#7673=CARTESIAN_POINT('Ctrl Pts',(-23.8718811052352,-5.887752404106,-8.61261274254507));
#7674=CARTESIAN_POINT('Ctrl Pts',(-23.4889318681372,-6.04630178584703,-8.60883015717538));
#7675=CARTESIAN_POINT('Ctrl Pts',(-24.7659547139812,-5.51734160363818,-7.33370694340758));
#7676=CARTESIAN_POINT('Ctrl Pts',(-24.6683300323413,-5.55777907079577,-7.55624337336568));
#7677=CARTESIAN_POINT('Ctrl Pts',(-24.3220329487902,-5.70122001941287,-8.01486324570102));
#7678=CARTESIAN_POINT('Ctrl Pts',(-23.7923988507998,-5.92060164589573,-8.20633199895715));
#7679=CARTESIAN_POINT('Ctrl Pts',(-23.4889318681372,-6.04630178584703,-8.20633199895714));
#7680=CARTESIAN_POINT('',(-23.5465798326945,-6.02242321708419,-8.20506192796449));
#7681=CARTESIAN_POINT('Ctrl Pts',(-23.5465798327119,-6.02242321707699,-8.20506192796295));
#7682=CARTESIAN_POINT('Ctrl Pts',(-23.5465798327119,-6.02242321707699,-8.43913122004715));
#7683=CARTESIAN_POINT('Ctrl Pts',(-23.5291791598794,-5.98011966269489,-8.67091714639555));
#7684=CARTESIAN_POINT('Ctrl Pts',(-23.4602997160991,-5.81625387565167,-9.10353041775002));
#7685=CARTESIAN_POINT('Ctrl Pts',(-23.4094912200273,-5.69642823533768,-9.30022842465399));
#7686=CARTESIAN_POINT('Ctrl Pts',(-23.277819276301,-5.39575108446483,-9.63255671612021));
#7687=CARTESIAN_POINT('Ctrl Pts',(-23.1981746113538,-5.21787366708606,-9.76503947308665));
#7688=CARTESIAN_POINT('Ctrl Pts',(-23.0608891865392,-4.92242895936113,-9.90375111216652));
#7689=CARTESIAN_POINT('Ctrl Pts',(-23.011580963464,-4.81803018848889,-9.93969349865216));
#7690=CARTESIAN_POINT('Ctrl Pts',(-22.9091456908299,-4.6050718396544,-9.98787386919658));
#7691=CARTESIAN_POINT('Ctrl Pts',(-22.8562869971461,-4.49707061611126,-10.));
#7692=CARTESIAN_POINT('Ctrl Pts',(-22.8025248409747,-4.38916863156309,-10.));
#7693=CARTESIAN_POINT('Ctrl Pts',(-24.7659547139804,-5.51734160363849,-7.33370694340927));
#7694=CARTESIAN_POINT('Ctrl Pts',(-24.6683300303419,-5.55777907162395,-7.55624337792262));
#7695=CARTESIAN_POINT('Ctrl Pts',(-24.3345673772476,-5.69602808914921,-7.99826043203921));
#7696=CARTESIAN_POINT('Ctrl Pts',(-23.8305023100691,-5.90481867629307,-8.19212012562185));
#7697=CARTESIAN_POINT('Ctrl Pts',(-23.5465782754481,-6.02242386211677,-8.20502047703172));
#7698=CARTESIAN_POINT('Origin',(0.300000000000009,-15.899999999999,-10.));
#7699=CARTESIAN_POINT('Ctrl Pts',(-24.1753388952997,-7.70343494013095,-10.));
#7700=CARTESIAN_POINT('Ctrl Pts',(-24.1011276022587,-7.48183643712752,-10.));
#7701=CARTESIAN_POINT('Ctrl Pts',(-24.0245304187746,-7.26345775755925,-9.95443771343473));
#7702=CARTESIAN_POINT('Ctrl Pts',(-23.8765245960215,-6.85742366144776,-9.77724421969078));
#7703=CARTESIAN_POINT('Ctrl Pts',(-23.8066040832444,-6.67366979279317,-9.6474367412491));
#7704=CARTESIAN_POINT('Ctrl Pts',(-23.6857149432161,-6.36380314000747,-9.3196765876677));
#7705=CARTESIAN_POINT('Ctrl Pts',(-23.6359990992108,-6.2406909422681,-9.12482820545796));
#7706=CARTESIAN_POINT('Ctrl Pts',(-23.5834627535496,-6.11182595882777,-8.79886778233493));
#7707=CARTESIAN_POINT('Ctrl Pts',(-23.5697192558288,-6.07844301752792,-8.68322392186212));
#7708=CARTESIAN_POINT('Ctrl Pts',(-23.5512534139792,-6.03368409765345,-8.44643660090626));
#7709=CARTESIAN_POINT('Ctrl Pts',(-23.5465798327119,-6.02242321707699,-8.32590626147232));
#7710=CARTESIAN_POINT('Ctrl Pts',(-23.5465798327119,-6.02242321707699,-8.20506192796296));
#7711=CARTESIAN_POINT('Ctrl Pts',(-25.4627890880631,-14.3174099632559,-10.));
#7712=CARTESIAN_POINT('Ctrl Pts',(-26.1728695702385,-14.2509213184899,-10.));
#7713=CARTESIAN_POINT('Ctrl Pts',(-27.4120958002496,-14.1328821079109,-9.58347141502067));
#7714=CARTESIAN_POINT('Ctrl Pts',(-28.2223182792332,-14.0541340179811,-8.58580850104782));
#7715=CARTESIAN_POINT('Ctrl Pts',(-28.4507247724366,-14.0318913391194,-8.10170660522453));
#7716=CARTESIAN_POINT('Ctrl Pts',(-25.392740352106,-13.7853369890187,-10.));
#7717=CARTESIAN_POINT('Ctrl Pts',(-26.1033906973192,-13.7136045904655,-10.0082569059133));
#7718=CARTESIAN_POINT('Ctrl Pts',(-27.3501021649166,-13.5863570922837,-9.60643854102285));
#7719=CARTESIAN_POINT('Ctrl Pts',(-28.1745882317705,-13.5009169083429,-8.60479925570394));
#7720=CARTESIAN_POINT('Ctrl Pts',(-28.4078863136246,-13.4766801622978,-8.11595054489849));
#7721=CARTESIAN_POINT('Ctrl Pts',(-25.2714356923163,-12.8639366205282,-9.54995951274508));
#7722=CARTESIAN_POINT('Ctrl Pts',(-25.8829131532891,-12.7900075105996,-9.56269616942451));
#7723=CARTESIAN_POINT('Ctrl Pts',(-26.9675366528897,-12.6583570624212,-9.22348039751215));
#7724=CARTESIAN_POINT('Ctrl Pts',(-27.6905192258033,-12.5702472554136,-8.35626705886566));
#7725=CARTESIAN_POINT('Ctrl Pts',(-27.8945638322546,-12.5453804066837,-7.93201260824771));
#7726=CARTESIAN_POINT('Ctrl Pts',(-25.22866843378,-12.5390870406113,-8.60883015717538));
#7727=CARTESIAN_POINT('Ctrl Pts',(-25.639586876925,-12.484920216436,-8.6126127424032));
#7728=CARTESIAN_POINT('Ctrl Pts',(-26.3622780877944,-12.3898468934653,-8.37673822160236));
#7729=CARTESIAN_POINT('Ctrl Pts',(-26.8388777277834,-12.3271222466845,-7.79578931562466));
#7730=CARTESIAN_POINT('Ctrl Pts',(-26.9732517747209,-12.3094082865271,-7.51290877045123));
#7731=CARTESIAN_POINT('Ctrl Pts',(-25.22866843378,-12.5390870406113,-8.20633199895715));
#7732=CARTESIAN_POINT('Ctrl Pts',(-25.5543286077368,-12.4962130653452,-8.20633199895715));
#7733=CARTESIAN_POINT('Ctrl Pts',(-26.1226926786704,-12.4213865158678,-8.01485828862068));
#7734=CARTESIAN_POINT('Ctrl Pts',(-26.4943185605375,-12.3724610403519,-7.55624337792265));
#7735=CARTESIAN_POINT('Ctrl Pts',(-26.5990827505976,-12.3586685730728,-7.33370694340926));
#7736=CARTESIAN_POINT('',(-25.2905323199626,-12.5309425054849,-8.205061927963));
#7737=CARTESIAN_POINT('Ctrl Pts',(-25.4627890880631,-14.3174099632559,-10.));
#7738=CARTESIAN_POINT('Ctrl Pts',(-25.448460396456,-14.0841549501372,-10.));
#7739=CARTESIAN_POINT('Ctrl Pts',(-25.4309937600243,-13.8533925337444,-9.95443771343473));
#7740=CARTESIAN_POINT('Ctrl Pts',(-25.3931204704205,-13.4228869882418,-9.77724421969078));
#7741=CARTESIAN_POINT('Ctrl Pts',(-25.3731414421609,-13.2272976204778,-9.6474367412491));
#7742=CARTESIAN_POINT('Ctrl Pts',(-25.3365708908727,-12.8967010060609,-9.3196765876677));
#7743=CARTESIAN_POINT('Ctrl Pts',(-25.3204128546316,-12.7649163474613,-9.12482820545796));
#7744=CARTESIAN_POINT('Ctrl Pts',(-25.3030193534998,-12.6268449250348,-8.79886778233492));
#7745=CARTESIAN_POINT('Ctrl Pts',(-25.2983842950977,-12.5910424009193,-8.68322392186211));
#7746=CARTESIAN_POINT('Ctrl Pts',(-25.2921321224527,-12.5430292927013,-8.44643660090626));
#7747=CARTESIAN_POINT('Ctrl Pts',(-25.2905323199632,-12.5309425054849,-8.32590626147233));
#7748=CARTESIAN_POINT('Ctrl Pts',(-25.2905323199632,-12.5309425054849,-8.20506192796296));
#7749=CARTESIAN_POINT('',(-28.450724772437,-14.0318913391193,-8.10170660522477));
#7750=CARTESIAN_POINT('Ctrl Pts',(-25.4627890880631,-14.3174099632559,-10.));
#7751=CARTESIAN_POINT('Ctrl Pts',(-26.1728695702385,-14.2509213184899,-10.));
#7752=CARTESIAN_POINT('Ctrl Pts',(-27.4120958002496,-14.1328821079109,-9.58347141502067));
#7753=CARTESIAN_POINT('Ctrl Pts',(-28.2223182792332,-14.0541340179811,-8.58580850104782));
#7754=CARTESIAN_POINT('Ctrl Pts',(-28.4507247724366,-14.0318913391194,-8.10170660522453));
#7755=CARTESIAN_POINT('',(-26.5990827506206,-12.3586685730698,-7.33370694341819));
#7756=CARTESIAN_POINT('Origin',(-26.8332034048807,-14.1369914957174,-7.33370694340927));
#7757=CARTESIAN_POINT('Ctrl Pts',(-25.2905306482131,-12.530942725575,-8.20502046168985));
#7758=CARTESIAN_POINT('Ctrl Pts',(-25.5952185769982,-12.4908297987657,-8.19211996422529));
#7759=CARTESIAN_POINT('Ctrl Pts',(-26.136145629516,-12.4196154012891,-7.99825822483245));
#7760=CARTESIAN_POINT('Ctrl Pts',(-26.4943185626831,-12.3724610400694,-7.5562433733657));
#7761=CARTESIAN_POINT('Ctrl Pts',(-26.5990827505984,-12.3586685730727,-7.33370694340758));
#7762=CARTESIAN_POINT('Origin',(0.065879345716932,-17.6783229226436,5.54914669734926));
#7763=CARTESIAN_POINT('',(-28.4507247724248,-14.0318913391207,19.2000000000056));
#7764=CARTESIAN_POINT('',(-26.2241390914094,-12.4080308422595,19.2));
#7765=CARTESIAN_POINT('Ctrl Pts',(-28.4507247724275,-14.0318913391205,19.2));
#7766=CARTESIAN_POINT('Ctrl Pts',(-28.4483615951863,-13.9955213677843,19.2));
#7767=CARTESIAN_POINT('Ctrl Pts',(-28.4448084890892,-13.9598978707273,19.2));
#7768=CARTESIAN_POINT('Ctrl Pts',(-28.4402690347497,-13.9254172917582,19.2));
#7769=CARTESIAN_POINT('Ctrl Pts',(-28.4123479460868,-13.7133355677159,19.2));
#7770=CARTESIAN_POINT('Ctrl Pts',(-28.3263279042783,-13.471483495133,19.2));
#7771=CARTESIAN_POINT('Ctrl Pts',(-28.0986825832769,-13.095660887064,19.2));
#7772=CARTESIAN_POINT('Ctrl Pts',(-27.9131022312922,-12.8987567743107,19.2));
#7773=CARTESIAN_POINT('Ctrl Pts',(-27.5341841107189,-12.6264305544615,19.2));
#7774=CARTESIAN_POINT('Ctrl Pts',(-27.2701424132224,-12.5080220207274,19.2));
#7775=CARTESIAN_POINT('Ctrl Pts',(-26.7864844848733,-12.3896755590946,19.2));
#7776=CARTESIAN_POINT('Ctrl Pts',(-26.4787220296921,-12.3745143625914,19.2));
#7777=CARTESIAN_POINT('Ctrl Pts',(-26.2241390914093,-12.4080308422595,19.2));
#7778=CARTESIAN_POINT('Origin',(0.300000000000009,-15.899999999999,5.54914669734926));
#7779=CARTESIAN_POINT('Origin',(0.0519224547727451,-17.7843360344337,5.54914669734926));
#7780=CARTESIAN_POINT('Origin',(0.300000000000007,-15.899999999999,5.54914669734926));
#7781=CARTESIAN_POINT('',(-28.4507247724358,-17.7681086608787,-8.10170660522601));
#7782=CARTESIAN_POINT('Origin',(0.300000000000349,-15.899999999999,-8.10170660522653));
#7783=CARTESIAN_POINT('',(-28.4507247724248,-17.7681086608773,19.2000000000056));
#7784=CARTESIAN_POINT('Origin',(0.0519224547727447,-14.0156639655643,5.54914669734926));
#7785=CARTESIAN_POINT('Origin',(0.299999999999701,-15.899999999999,19.2000000000062));
#7786=CARTESIAN_POINT('Origin',(0.300000000000007,-15.899999999999,-6.68030299018108));
#7787=CARTESIAN_POINT('Ctrl Pts',(-28.4507247724359,-17.7681086608786,-8.101706605226));
#7788=CARTESIAN_POINT('Ctrl Pts',(-28.2223182839086,-17.7458659824722,-8.58580849113774));
#7789=CARTESIAN_POINT('Ctrl Pts',(-27.8750795778063,-17.7121167570088,-9.01337757982678));
#7790=CARTESIAN_POINT('Ctrl Pts',(-27.4490446976837,-17.671150833244,-9.33420833902206));
#7791=CARTESIAN_POINT('Ctrl Pts',(-26.8809981908515,-17.6165296015575,-9.76198268461727));
#7792=CARTESIAN_POINT('Ctrl Pts',(-26.1728695968713,-17.5490786840018,-10.));
#7793=CARTESIAN_POINT('Ctrl Pts',(-25.4627890880631,-17.4825900367421,-10.));
#7794=CARTESIAN_POINT('Origin',(0.0658793457169317,-14.1216770773544,5.54914669734926));
#7795=CARTESIAN_POINT('',(-26.2241390914093,-19.3919691577385,19.2));
#7796=CARTESIAN_POINT('Ctrl Pts',(-26.2241390914094,-19.3919691577385,19.2));
#7797=CARTESIAN_POINT('Ctrl Pts',(-26.4787220296921,-19.4254856374066,19.2));
#7798=CARTESIAN_POINT('Ctrl Pts',(-26.7864844848733,-19.4103244409034,19.2));
#7799=CARTESIAN_POINT('Ctrl Pts',(-27.2701424132224,-19.2919779792705,19.2));
#7800=CARTESIAN_POINT('Ctrl Pts',(-27.5341841107189,-19.1735694455364,19.2));
#7801=CARTESIAN_POINT('Ctrl Pts',(-27.9131022312922,-18.9012432256873,19.2));
#7802=CARTESIAN_POINT('Ctrl Pts',(-28.0986825832769,-18.704339112934,19.2));
#7803=CARTESIAN_POINT('Ctrl Pts',(-28.3263279042783,-18.328516504865,19.2));
#7804=CARTESIAN_POINT('Ctrl Pts',(-28.4123479460869,-18.086664432282,19.2));
#7805=CARTESIAN_POINT('Ctrl Pts',(-28.4402690347497,-17.8745827082397,19.2));
#7806=CARTESIAN_POINT('Ctrl Pts',(-28.4448084890892,-17.8401021292707,19.2));
#7807=CARTESIAN_POINT('Ctrl Pts',(-28.4483615951863,-17.8044786322136,19.2));
#7808=CARTESIAN_POINT('Ctrl Pts',(-28.4507247724275,-17.7681086608775,19.2));
#7809=CARTESIAN_POINT('',(-26.5990827505976,-19.4413314269252,-7.33370694340928));
#7810=CARTESIAN_POINT('Origin',(-26.8332034049036,-17.6630085042837,-7.33370694341819));
#7811=CARTESIAN_POINT('Origin',(0.300000000000006,-15.899999999999,5.54914669734926));
#7812=CARTESIAN_POINT('Ctrl Pts',(-28.4507247724383,-17.7681086608788,-8.10170660522085));
#7813=CARTESIAN_POINT('Ctrl Pts',(-28.2223182839111,-17.7458659824725,-8.5858084911347));
#7814=CARTESIAN_POINT('Ctrl Pts',(-27.4120946363367,-17.6671177897243,-9.58346969808023));
#7815=CARTESIAN_POINT('Ctrl Pts',(-26.1728695968713,-17.5490786840018,-10.));
#7816=CARTESIAN_POINT('Ctrl Pts',(-25.4627890880631,-17.4825900367421,-10.));
#7817=CARTESIAN_POINT('Ctrl Pts',(-28.4078863136264,-18.3233198377003,-8.11595054489479));
#7818=CARTESIAN_POINT('Ctrl Pts',(-28.1745882365486,-18.2990830921514,-8.60479924569363));
#7819=CARTESIAN_POINT('Ctrl Pts',(-27.3501011509576,-18.2136428481799,-9.60644067486969));
#7820=CARTESIAN_POINT('Ctrl Pts',(-26.1033907239735,-18.086395412223,-10.0082569062229));
#7821=CARTESIAN_POINT('Ctrl Pts',(-25.392740352106,-18.0146630109793,-10.));
#7822=CARTESIAN_POINT('Ctrl Pts',(-27.894537894862,-19.2545905693034,-7.93199859875064));
#7823=CARTESIAN_POINT('Ctrl Pts',(-27.6904932925882,-19.2297237210826,-8.35625304068421));
#7824=CARTESIAN_POINT('Ctrl Pts',(-26.9675198790106,-19.1416159543815,-9.22345842658026));
#7825=CARTESIAN_POINT('Ctrl Pts',(-25.8829161772821,-19.0099696968692,-9.56266856843686));
#7826=CARTESIAN_POINT('Ctrl Pts',(-25.2714386933747,-18.9360405841678,-9.54993191127972));
#7827=CARTESIAN_POINT('Ctrl Pts',(-26.9732517747219,-19.490591713471,-7.51290877044908));
#7828=CARTESIAN_POINT('Ctrl Pts',(-26.8388777305355,-19.4728777536763,-7.795789309832));
#7829=CARTESIAN_POINT('Ctrl Pts',(-26.3622774073075,-19.4101530518881,-8.37673647355575));
#7830=CARTESIAN_POINT('Ctrl Pts',(-25.6395868923373,-19.3150797855936,-8.61261274254507));
#7831=CARTESIAN_POINT('Ctrl Pts',(-25.22866843378,-19.2609129593867,-8.60883015717538));
#7832=CARTESIAN_POINT('Ctrl Pts',(-26.5990827505984,-19.4413314269253,-7.33370694340757));
#7833=CARTESIAN_POINT('Ctrl Pts',(-26.4943185626831,-19.4275389599286,-7.55624337336567));
#7834=CARTESIAN_POINT('Ctrl Pts',(-26.1226921449955,-19.3786134138705,-8.01485749936162));
#7835=CARTESIAN_POINT('Ctrl Pts',(-25.5543286199513,-19.3037869362609,-8.20633199895715));
#7836=CARTESIAN_POINT('Ctrl Pts',(-25.22866843378,-19.2609129593867,-8.20633199895715));
#7837=CARTESIAN_POINT('',(-25.2905323199445,-19.2690574945107,-8.20506192796449));
#7838=CARTESIAN_POINT('Ctrl Pts',(-25.2905323199632,-19.2690574945131,-8.20506192796296));
#7839=CARTESIAN_POINT('Ctrl Pts',(-25.2905323199632,-19.2690574945131,-8.43913122004716));
#7840=CARTESIAN_POINT('Ctrl Pts',(-25.2966146724383,-19.2237212053316,-8.67091714639555));
#7841=CARTESIAN_POINT('Ctrl Pts',(-25.3188962178477,-19.0473695490509,-9.10353041775002));
#7842=CARTESIAN_POINT('Ctrl Pts',(-25.3348075896784,-18.9181932524784,-9.30022842465399));
#7843=CARTESIAN_POINT('Ctrl Pts',(-25.3711149168822,-18.5919632296218,-9.63255671612021));
#7844=CARTESIAN_POINT('Ctrl Pts',(-25.3910793224514,-18.3980945349386,-9.76503947308665));
#7845=CARTESIAN_POINT('Ctrl Pts',(-25.4199090108551,-18.0735892002278,-9.90375111216652));
#7846=CARTESIAN_POINT('Ctrl Pts',(-25.4294062224926,-17.958523100991,-9.93969349865216));
#7847=CARTESIAN_POINT('Ctrl Pts',(-25.4471738485652,-17.7228781246353,-9.98787386919658));
#7848=CARTESIAN_POINT('Ctrl Pts',(-25.4553974887957,-17.6029169745652,-10.));
#7849=CARTESIAN_POINT('Ctrl Pts',(-25.4627890880631,-17.4825900367421,-10.));
#7850=CARTESIAN_POINT('Ctrl Pts',(-26.5990827505976,-19.4413314269252,-7.33370694340926));
#7851=CARTESIAN_POINT('Ctrl Pts',(-26.4943185605375,-19.4275389596461,-7.55624337792265));
#7852=CARTESIAN_POINT('Ctrl Pts',(-26.1361442998985,-19.3803844236614,-7.99825624277884));
#7853=CARTESIAN_POINT('Ctrl Pts',(-25.5952184761901,-19.3091701879607,-8.1921198184359));
#7854=CARTESIAN_POINT('Ctrl Pts',(-25.2905306476332,-19.2690572743467,-8.2050204477531));
#7855=CARTESIAN_POINT('Origin',(0.300000000000009,-15.899999999999,-10.));
#7856=CARTESIAN_POINT('Ctrl Pts',(-24.994547779497,-21.0392358820312,-10.));
#7857=CARTESIAN_POINT('Ctrl Pts',(-25.0410781659775,-20.8102203024692,-10.));
#7858=CARTESIAN_POINT('Ctrl Pts',(-25.083932399006,-20.5828002265761,-9.95443771343473));
#7859=CARTESIAN_POINT('Ctrl Pts',(-25.1587726446495,-20.1571614731643,-9.77724421969078));
#7860=CARTESIAN_POINT('Ctrl Pts',(-25.1900966386663,-19.9630656984772,-9.6474367412491));
#7861=CARTESIAN_POINT('Ctrl Pts',(-25.2403368987529,-19.634268735365,-9.3196765876677));
#7862=CARTESIAN_POINT('Ctrl Pts',(-25.2588378137434,-19.5027925226043,-9.12482820545796));
#7863=CARTESIAN_POINT('Ctrl Pts',(-25.277772495499,-19.3649240004561,-8.79886778233492));
#7864=CARTESIAN_POINT('Ctrl Pts',(-25.2825617479859,-19.329141776377,-8.6832239218621));
#7865=CARTESIAN_POINT('Ctrl Pts',(-25.2889493197791,-19.281146493795,-8.44643660090628));
#7866=CARTESIAN_POINT('Ctrl Pts',(-25.2905323199632,-19.2690574945131,-8.32590626147237));
#7867=CARTESIAN_POINT('Ctrl Pts',(-25.2905323199632,-19.2690574945131,-8.20506192796296));
#7868=CARTESIAN_POINT('Origin',(0.300000000000009,-15.899999999999,-10.));
#7869=CARTESIAN_POINT('Ctrl Pts',(-25.2905323199632,-12.5309425054849,-8.20506192796296));
#7870=CARTESIAN_POINT('Ctrl Pts',(-25.2905323199632,-12.5309425054849,-8.43913122004716));
#7871=CARTESIAN_POINT('Ctrl Pts',(-25.2846735262291,-12.4855767842367,-8.67091714639556));
#7872=CARTESIAN_POINT('Ctrl Pts',(-25.2605526791088,-12.3094672766201,-9.10353041775003));
#7873=CARTESIAN_POINT('Ctrl Pts',(-25.242488598363,-12.1805743895528,-9.30022842465399));
#7874=CARTESIAN_POINT('Ctrl Pts',(-25.1931242403932,-11.8560633574077,-9.63255671612021));
#7875=CARTESIAN_POINT('Ctrl Pts',(-25.1622314649058,-11.6636334099187,-9.76503947308665));
#7876=CARTESIAN_POINT('Ctrl Pts',(-25.1060906446382,-11.3427236539298,-9.90375111216652));
#7877=CARTESIAN_POINT('Ctrl Pts',(-25.0854829487085,-11.2291202776994,-9.93969349865216));
#7878=CARTESIAN_POINT('Ctrl Pts',(-25.0416557498402,-10.9969061091884,-9.98787386919658));
#7879=CARTESIAN_POINT('Ctrl Pts',(-25.0185509460145,-10.8789041014726,-10.));
#7880=CARTESIAN_POINT('Ctrl Pts',(-24.994547779497,-10.7607641179668,-10.));
#7881=CARTESIAN_POINT('Ctrl Pts',(-24.994547779497,-21.0392358820312,-10.));
#7882=CARTESIAN_POINT('Ctrl Pts',(-25.6976413835224,-21.1587951352394,-10.));
#7883=CARTESIAN_POINT('Ctrl Pts',(-26.9251913912182,-21.3655131150602,-9.58346930641277));
#7884=CARTESIAN_POINT('Ctrl Pts',(-27.7281891224013,-21.4991495572408,-8.58580850104781));
#7885=CARTESIAN_POINT('Ctrl Pts',(-27.954569681982,-21.5367807297485,-8.10170660522452));
#7886=CARTESIAN_POINT('Ctrl Pts',(-25.064596515454,-20.5071629077941,-10.));
#7887=CARTESIAN_POINT('Ctrl Pts',(-25.7695977482531,-20.6218045751996,-10.0082569059132));
#7888=CARTESIAN_POINT('Ctrl Pts',(-27.0067614126505,-20.821565350983,-9.60644118281492));
#7889=CARTESIAN_POINT('Ctrl Pts',(-27.8252685609179,-20.9524294181893,-8.60479925570394));
#7890=CARTESIAN_POINT('Ctrl Pts',(-28.0568901348723,-20.9894005060089,-8.11595054489849));
#7891=CARTESIAN_POINT('Ctrl Pts',(-25.1858963594958,-19.5857991185412,-9.54991522113792));
#7892=CARTESIAN_POINT('Ctrl Pts',(-25.79567249288,-19.6726510944973,-9.56265187781735));
#7893=CARTESIAN_POINT('Ctrl Pts',(-26.8773799615343,-19.826206068942,-9.22344625660733));
#7894=CARTESIAN_POINT('Ctrl Pts',(-27.5985165798098,-19.9282195017682,-8.35624457806656));
#7895=CARTESIAN_POINT('Ctrl Pts',(-27.8020445489391,-19.9570106005617,-7.93199012744861));
#7896=CARTESIAN_POINT('Ctrl Pts',(-25.22866843378,-19.2609129593867,-8.60883015717538));
#7897=CARTESIAN_POINT('Ctrl Pts',(-25.6396045762216,-19.3149453440575,-8.6126127424032));
#7898=CARTESIAN_POINT('Ctrl Pts',(-26.3622766461347,-19.4101576638176,-8.37673607081992));
#7899=CARTESIAN_POINT('Ctrl Pts',(-26.8388717021481,-19.4729235225578,-7.79578931562466));
#7900=CARTESIAN_POINT('Ctrl Pts',(-26.9732517747209,-19.4905917134709,-7.51290877045122));
#7901=CARTESIAN_POINT('Ctrl Pts',(-25.22866843378,-19.2609129593867,-8.20633199895714));
#7902=CARTESIAN_POINT('Ctrl Pts',(-25.5543286077368,-19.3037869346528,-8.20633199895714));
#7903=CARTESIAN_POINT('Ctrl Pts',(-26.1226920255704,-19.3786133981479,-8.01485731931631));
#7904=CARTESIAN_POINT('Ctrl Pts',(-26.4943185605375,-19.4275389596461,-7.55624337792265));
#7905=CARTESIAN_POINT('Ctrl Pts',(-26.5990827505976,-19.4413314269252,-7.33370694340926));
#7906=CARTESIAN_POINT('',(-27.9545696819824,-21.5367807297486,-8.10170660522477));
#7907=CARTESIAN_POINT('Ctrl Pts',(-24.994547779497,-21.0392358820312,-10.));
#7908=CARTESIAN_POINT('Ctrl Pts',(-25.6976413835224,-21.1587951352394,-10.));
#7909=CARTESIAN_POINT('Ctrl Pts',(-26.9251913912182,-21.3655131150602,-9.58346930641277));
#7910=CARTESIAN_POINT('Ctrl Pts',(-27.7281891224013,-21.4991495572408,-8.58580850104781));
#7911=CARTESIAN_POINT('Ctrl Pts',(-27.954569681982,-21.5367807297485,-8.10170660522452));
#7912=CARTESIAN_POINT('Origin',(-26.3649620963145,-21.2196543495698,-7.33370694340927));
#7913=CARTESIAN_POINT('Origin',(0.534120654283083,-17.6783229226436,5.54914669734926));
#7914=CARTESIAN_POINT('',(-27.9545696819703,-21.5367807297468,19.2000000000056));
#7915=CARTESIAN_POINT('Ctrl Pts',(-27.9545696819729,-21.5367807297473,19.2));
#7916=CARTESIAN_POINT('Ctrl Pts',(-27.9617002692952,-21.5010383998553,19.2));
#7917=CARTESIAN_POINT('Ctrl Pts',(-27.967488271844,-21.465709132498,19.2));
#7918=CARTESIAN_POINT('Ctrl Pts',(-27.9720277261835,-21.4312285535289,19.2));
#7919=CARTESIAN_POINT('Ctrl Pts',(-27.9999488148463,-21.2191468294866,19.2));
#7920=CARTESIAN_POINT('Ctrl Pts',(-27.9794557573669,-20.9632720413566,19.2));
#7921=CARTESIAN_POINT('Ctrl Pts',(-27.8568373111262,-20.5413363335159,19.2));
#7922=CARTESIAN_POINT('Ctrl Pts',(-27.7285429907319,-20.3031098362144,19.2));
#7923=CARTESIAN_POINT('Ctrl Pts',(-27.433019404199,-19.9419916811476,19.2));
#7924=CARTESIAN_POINT('Ctrl Pts',(-27.208621093003,-19.7592788003475,19.2));
#7925=CARTESIAN_POINT('Ctrl Pts',(-26.7720737271121,-19.5197850134349,19.2));
#7926=CARTESIAN_POINT('Ctrl Pts',(-26.4787220296921,-19.4254856374066,19.2));
#7927=CARTESIAN_POINT('Ctrl Pts',(-26.2241390914094,-19.3919691577385,19.2));
#7928=CARTESIAN_POINT('Origin',(0.54807754522727,-17.7843360344337,5.54914669734926));
#7929=CARTESIAN_POINT('Origin',(0.300000000000007,-15.899999999999,5.54914669734926));
#7930=CARTESIAN_POINT('',(-26.987565482468,-25.1456895334643,-8.10170660522601));
#7931=CARTESIAN_POINT('Origin',(0.300000000000332,-15.8999999999989,-8.10170660522653));
#7932=CARTESIAN_POINT('',(-26.9875654824578,-25.14568953346,19.2000000000056));
#7933=CARTESIAN_POINT('Origin',(-0.427326560942072,-14.1440783522985,5.54914669734926));
#7934=CARTESIAN_POINT('Origin',(0.299999999999715,-15.8999999999991,19.2000000000062));
#7935=CARTESIAN_POINT('Origin',(0.300000000000006,-15.899999999999,-6.68030299018108));
#7936=CARTESIAN_POINT('Ctrl Pts',(-26.9875654824681,-25.1456895334641,-8.101706605226));
#7937=CARTESIAN_POINT('Ctrl Pts',(-26.7726985850933,-25.0650888066897,-8.58580849113774));
#7938=CARTESIAN_POINT('Ctrl Pts',(-26.4460266941939,-24.9426175681911,-9.01337758124678));
#7939=CARTESIAN_POINT('Ctrl Pts',(-26.0451113619833,-24.7927815836223,-9.33420834064491));
#7940=CARTESIAN_POINT('Ctrl Pts',(-25.5105575857006,-24.5930002708633,-9.76198268651061));
#7941=CARTESIAN_POINT('Ctrl Pts',(-24.8440154693081,-24.3445705206459,-10.));
#7942=CARTESIAN_POINT('Ctrl Pts',(-24.1753388952997,-24.0965650598671,-10.));
#7943=CARTESIAN_POINT('Origin',(-0.386407027162505,-14.2428668457151,5.54914669734926));
#7944=CARTESIAN_POINT('',(-24.4165628455422,-26.1379355458695,19.2));
#7945=CARTESIAN_POINT('Ctrl Pts',(-24.4165628455422,-26.1379355458695,19.2));
#7946=CARTESIAN_POINT('Ctrl Pts',(-24.6537963772991,-26.2362008921729,19.2));
#7947=CARTESIAN_POINT('Ctrl Pts',(-24.9549960875223,-26.3012110856814,19.2));
#7948=CARTESIAN_POINT('Ctrl Pts',(-25.4528040897953,-26.3120770651119,19.2));
#7949=CARTESIAN_POINT('Ctrl Pts',(-25.7384951682574,-26.2660422243385,19.2));
#7950=CARTESIAN_POINT('Ctrl Pts',(-26.1749851791458,-26.1010665215493,19.2));
#7951=CARTESIAN_POINT('Ctrl Pts',(-26.4052045684193,-25.9589034832288,19.2));
#7952=CARTESIAN_POINT('Ctrl Pts',(-26.7223631117567,-25.6548056645953,19.2));
#7953=CARTESIAN_POINT('Ctrl Pts',(-26.8680480142,-25.4434581266265,19.2));
#7954=CARTESIAN_POINT('Ctrl Pts',(-26.9499085041379,-25.245829421596,19.2));
#7955=CARTESIAN_POINT('Ctrl Pts',(-26.963217510845,-25.2136986371019,19.2));
#7956=CARTESIAN_POINT('Ctrl Pts',(-26.9758695872793,-25.1802085927989,19.2));
#7957=CARTESIAN_POINT('Ctrl Pts',(-26.9875654824603,-25.1456895334609,19.2));
#7958=CARTESIAN_POINT('',(-24.7659547139804,-26.2826583963595,-7.33370694340927));
#7959=CARTESIAN_POINT('Origin',(-25.4523617411643,-24.6255252420845,-7.33370694341819));
#7960=CARTESIAN_POINT('Origin',(0.300000000000005,-15.899999999999,5.54914669734926));
#7961=CARTESIAN_POINT('Ctrl Pts',(-26.9875654824704,-25.145689533465,-8.10170660522085));
#7962=CARTESIAN_POINT('Ctrl Pts',(-26.7726985850956,-25.0650888066906,-8.58580849113471));
#7963=CARTESIAN_POINT('Ctrl Pts',(-26.010464172995,-24.7793225835262,-9.58346970139356));
#7964=CARTESIAN_POINT('Ctrl Pts',(-24.8440154693081,-24.3445705206459,-10.));
#7965=CARTESIAN_POINT('Ctrl Pts',(-24.1753388952997,-24.0965650598671,-10.));
#7966=CARTESIAN_POINT('Ctrl Pts',(-26.8024874821304,-25.6708949391979,-8.11595054489479));
#7967=CARTESIAN_POINT('Ctrl Pts',(-26.5834117755967,-25.5871020551935,-8.60479924569366));
#7968=CARTESIAN_POINT('Ctrl Pts',(-25.8091319703927,-25.2911801573588,-9.6064406707185));
#7969=CARTESIAN_POINT('Ctrl Pts',(-24.6378362290788,-24.8455961697937,-10.0082569062229));
#7970=CARTESIAN_POINT('Ctrl Pts',(-23.969966393023,-24.5923781402021,-10.));
#7971=CARTESIAN_POINT('Ctrl Pts',(-26.0655798302343,-26.4375283255854,-7.93198218277947));
#7972=CARTESIAN_POINT('Ctrl Pts',(-25.8749238930943,-26.3606981655517,-8.35623662471309));
#7973=CARTESIAN_POINT('Ctrl Pts',(-25.199399967809,-26.088478840231,-9.22343616008636));
#7974=CARTESIAN_POINT('Ctrl Pts',(-24.1858458660024,-25.6806125215342,-9.56263622573662));
#7975=CARTESIAN_POINT('Ctrl Pts',(-23.6143382344567,-25.4509404637746,-9.54989956857948));
#7976=CARTESIAN_POINT('Ctrl Pts',(-25.1146247374542,-26.4270822488753,-7.51290877044908));
#7977=CARTESIAN_POINT('Ctrl Pts',(-24.9894140879506,-26.3751933158208,-7.79578930983205));
#7978=CARTESIAN_POINT('Ctrl Pts',(-24.5452878755854,-26.1912526663037,-8.37673647693537));
#7979=CARTESIAN_POINT('Ctrl Pts',(-23.8718292135215,-25.9123728735712,-8.61261274254507));
#7980=CARTESIAN_POINT('Ctrl Pts',(-23.4889318681372,-25.753698214151,-8.60883015717538));
#7981=CARTESIAN_POINT('Ctrl Pts',(-24.7659547139812,-26.2826583963598,-7.33370694340757));
#7982=CARTESIAN_POINT('Ctrl Pts',(-24.6683300323413,-26.2422209292022,-7.55624337336572));
#7983=CARTESIAN_POINT('Ctrl Pts',(-24.3220293418337,-26.0987784865348,-8.01485750088473));
#7984=CARTESIAN_POINT('Ctrl Pts',(-23.7923988507998,-25.8793983541023,-8.20633199895715));
#7985=CARTESIAN_POINT('Ctrl Pts',(-23.4889318681372,-25.753698214151,-8.20633199895715));
#7986=CARTESIAN_POINT('',(-23.5465798326945,-25.7775767829138,-8.20506192796448));
#7987=CARTESIAN_POINT('Ctrl Pts',(-23.5465798327119,-25.777576782921,-8.20506192796296));
#7988=CARTESIAN_POINT('Ctrl Pts',(-23.5465798327119,-25.777576782921,-8.43913122004718));
#7989=CARTESIAN_POINT('Ctrl Pts',(-23.5641888291267,-25.7353595189921,-8.67091714639557));
#7990=CARTESIAN_POINT('Ctrl Pts',(-23.6313543165681,-25.570783787988,-9.10353041775));
#7991=CARTESIAN_POINT('Ctrl Pts',(-23.6801568072798,-25.4501272330477,-9.30022842465399));
#7992=CARTESIAN_POINT('Ctrl Pts',(-23.799661535309,-25.1444102564167,-9.63255671612021));
#7993=CARTESIAN_POINT('Ctrl Pts',(-23.869122580688,-24.9623146456987,-9.76503947308665));
#7994=CARTESIAN_POINT('Ctrl Pts',(-23.9809580821415,-24.6563282345563,-9.90375111216652));
#7995=CARTESIAN_POINT('Ctrl Pts',(-24.019912982068,-24.5476409768202,-9.93969349865216));
#7996=CARTESIAN_POINT('Ctrl Pts',(-24.0980645987269,-24.3246240083369,-9.98787386919657));
#7997=CARTESIAN_POINT('Ctrl Pts',(-24.1370562555222,-24.2108788700446,-10.));
#7998=CARTESIAN_POINT('Ctrl Pts',(-24.1753388952997,-24.0965650598671,-10.));
#7999=CARTESIAN_POINT('Ctrl Pts',(-24.7659547139804,-26.2826583963595,-7.33370694340927));
#8000=CARTESIAN_POINT('Ctrl Pts',(-24.6683300303419,-26.242220928374,-7.55624337792263));
#8001=CARTESIAN_POINT('Ctrl Pts',(-24.3345647982261,-26.1039708425831,-7.99825631394904));
#8002=CARTESIAN_POINT('Ctrl Pts',(-23.8305021339533,-25.8951812507554,-8.1921198236546));
#8003=CARTESIAN_POINT('Ctrl Pts',(-23.5465782743672,-25.7775761374335,-8.2050204482505));
#8004=CARTESIAN_POINT('Origin',(0.300000000000009,-15.899999999999,-10.));
#8005=CARTESIAN_POINT('Ctrl Pts',(-22.8025248409747,-27.4108313684349,-10.));
#8006=CARTESIAN_POINT('Ctrl Pts',(-22.9067433365993,-27.2016622557105,-10.));
#8007=CARTESIAN_POINT('Ctrl Pts',(-23.0069979939272,-26.9930828226598,-9.95443771343473));
#8008=CARTESIAN_POINT('Ctrl Pts',(-23.1894515357567,-26.6013174389825,-9.77724421969077));
#8009=CARTESIAN_POINT('Ctrl Pts',(-23.269943873623,-26.4219425636589,-9.64743674124909));
#8010=CARTESIAN_POINT('Ctrl Pts',(-23.4035711543855,-26.1173522215248,-9.3196765876677));
#8011=CARTESIAN_POINT('Ctrl Pts',(-23.4554702138252,-25.9951443412279,-9.12482820545797));
#8012=CARTESIAN_POINT('Ctrl Pts',(-23.5094427111976,-25.8668742313039,-8.79886778233491));
#8013=CARTESIAN_POINT('Ctrl Pts',(-23.5233298949311,-25.8335508066993,-8.68322392186208));
#8014=CARTESIAN_POINT('Ctrl Pts',(-23.5419219087007,-25.7888441489453,-8.44643660090626));
#8015=CARTESIAN_POINT('Ctrl Pts',(-23.5465798327119,-25.777576782921,-8.32590626147234));
#8016=CARTESIAN_POINT('Ctrl Pts',(-23.5465798327119,-25.777576782921,-8.20506192796295));
#8017=CARTESIAN_POINT('Ctrl Pts',(-13.9519577196272,-37.4199348042306,-10.));
#8018=CARTESIAN_POINT('Ctrl Pts',(-14.3645788161454,-38.001638218143,-10.));
#8019=CARTESIAN_POINT('Ctrl Pts',(-15.0864162212077,-39.0158190603117,-9.58346970647412));
#8020=CARTESIAN_POINT('Ctrl Pts',(-15.5597259720256,-39.6781192136313,-8.58580850104782));
#8021=CARTESIAN_POINT('Ctrl Pts',(-15.6931919435698,-39.8648036997038,-8.10170660522453));
#8022=CARTESIAN_POINT('Ctrl Pts',(-14.3777220640052,-37.0932343322702,-10.));
#8023=CARTESIAN_POINT('Ctrl Pts',(-14.7951693160333,-37.6728093851564,-10.0082569059132));
#8024=CARTESIAN_POINT('Ctrl Pts',(-15.5287240628708,-38.6888685976718,-9.60644068159366));
#8025=CARTESIAN_POINT('Ctrl Pts',(-16.0149610190491,-39.3601752251857,-8.60479925570394));
#8026=CARTESIAN_POINT('Ctrl Pts',(-16.1525996977563,-39.550098917703,-8.1159505448985));
#8027=CARTESIAN_POINT('Ctrl Pts',(-15.1149752824468,-36.5275200407857,-9.54988297971366));
#8028=CARTESIAN_POINT('Ctrl Pts',(-15.4847385002105,-37.0201105008654,-9.56261963639309));
#8029=CARTESIAN_POINT('Ctrl Pts',(-16.1410264683177,-37.8935564611116,-9.22342473909027));
#8030=CARTESIAN_POINT('Ctrl Pts',(-16.5788044230606,-38.4756022974878,-8.35622821349937));
#8031=CARTESIAN_POINT('Ctrl Pts',(-16.7023620489983,-38.6398766858148,-7.93197376288142));
#8032=CARTESIAN_POINT('Ctrl Pts',(-15.3749702196281,-36.3280189087486,-8.60883015717538));
#8033=CARTESIAN_POINT('Ctrl Pts',(-15.6273392869787,-36.656801307308,-8.6126127424032));
#8034=CARTESIAN_POINT('Ctrl Pts',(-16.0710204211824,-37.2351330360157,-8.37673647888297));
#8035=CARTESIAN_POINT('Ctrl Pts',(-16.3636417628783,-37.6165186658019,-7.79578931562466));
#8036=CARTESIAN_POINT('Ctrl Pts',(-16.446169525845,-37.7240330239804,-7.51290877045123));
#8037=CARTESIAN_POINT('Ctrl Pts',(-15.3749702196281,-36.3280189087486,-8.20633199895714));
#8038=CARTESIAN_POINT('Ctrl Pts',(-15.5749302583482,-36.5886119047629,-8.20633199895714));
#8039=CARTESIAN_POINT('Ctrl Pts',(-15.9239136616103,-37.0434159305946,-8.01485750322021));
#8040=CARTESIAN_POINT('Ctrl Pts',(-16.1520976321624,-37.3407910706938,-7.55624337792265));
#8041=CARTESIAN_POINT('Ctrl Pts',(-16.2164243542371,-37.4246232870532,-7.33370694340926));
#8042=CARTESIAN_POINT('',(-15.69319194357,-39.8648036997042,-8.10170660522477));
#8043=CARTESIAN_POINT('Ctrl Pts',(-13.9519577196272,-37.4199348042306,-10.));
#8044=CARTESIAN_POINT('Ctrl Pts',(-14.3645788161454,-38.001638218143,-10.));
#8045=CARTESIAN_POINT('Ctrl Pts',(-15.0864162212077,-39.0158190603117,-9.58346970647412));
#8046=CARTESIAN_POINT('Ctrl Pts',(-15.5597259720256,-39.6781192136313,-8.58580850104782));
#8047=CARTESIAN_POINT('Ctrl Pts',(-15.6931919435698,-39.8648036997038,-8.10170660522453));
#8048=CARTESIAN_POINT('Origin',(-14.7934118542362,-38.5165391825353,-7.33370694340927));
#8049=CARTESIAN_POINT('Origin',(1.72301250000086,-16.9919158954811,5.54914669734926));
#8050=CARTESIAN_POINT('',(-15.6931919435627,-39.8648036996943,19.2000000000056));
#8051=CARTESIAN_POINT('Ctrl Pts',(-15.6931919435642,-39.8648036996966,19.2));
#8052=CARTESIAN_POINT('Ctrl Pts',(-15.7235076740557,-39.844572142504,19.2));
#8053=CARTESIAN_POINT('Ctrl Pts',(-15.7525819744301,-39.823683313833,19.2));
#8054=CARTESIAN_POINT('Ctrl Pts',(-15.7801733045848,-39.8025117415711,19.2));
#8055=CARTESIAN_POINT('Ctrl Pts',(-15.9498809209524,-39.6722905074666,19.2));
#8056=CARTESIAN_POINT('Ctrl Pts',(-16.1163209388629,-39.4768689297344,19.2));
#8057=CARTESIAN_POINT('Ctrl Pts',(-16.3279702042664,-39.09181099466,19.2));
#8058=CARTESIAN_POINT('Ctrl Pts',(-16.4057039920281,-38.8326416390213,19.2));
#8059=CARTESIAN_POINT('Ctrl Pts',(-16.4520863562474,-38.368325810726,19.2));
#8060=CARTESIAN_POINT('Ctrl Pts',(-16.4226103057377,-38.0804547261686,19.2));
#8061=CARTESIAN_POINT('Ctrl Pts',(-16.2832723837852,-37.6024214426601,19.2));
#8062=CARTESIAN_POINT('Ctrl Pts',(-16.1425211375182,-37.3283107398905,19.2));
#8063=CARTESIAN_POINT('Ctrl Pts',(-15.9862035455388,-37.1245936878016,19.2));
#8064=CARTESIAN_POINT('Origin',(1.80784410247329,-17.0570094734917,5.54914669734926));
#8065=CARTESIAN_POINT('Origin',(0.300000000000007,-15.899999999999,5.54914669734926));
#8066=CARTESIAN_POINT('',(-12.4575328288663,-41.7329123605829,-8.10170660522601));
#8067=CARTESIAN_POINT('Origin',(0.300000000000162,-15.8999999999987,-8.10170660522653));
#8068=CARTESIAN_POINT('',(-12.4575328288621,-41.7329123605726,19.2000000000056));
#8069=CARTESIAN_POINT('Origin',(-1.45592164770054,-15.1726734390569,5.54914669734926));
#8070=CARTESIAN_POINT('Origin',(0.299999999999867,-15.8999999999993,19.2000000000062));
#8071=CARTESIAN_POINT('Origin',(0.300000000000005,-15.899999999999,-6.68030299018108));
#8072=CARTESIAN_POINT('Ctrl Pts',(-12.4575328288665,-41.7329123605828,-8.101706605226));
#8073=CARTESIAN_POINT('Ctrl Pts',(-12.362592309151,-41.5239851999259,-8.58580849113773));
#8074=CARTESIAN_POINT('Ctrl Pts',(-12.2182006134094,-41.2063929836275,-9.01337747749246));
#8075=CARTESIAN_POINT('Ctrl Pts',(-12.0406606998322,-40.8169529836744,-9.33420822206855));
#8076=CARTESIAN_POINT('Ctrl Pts',(-11.8039408150617,-40.2976996504016,-9.76198254817152));
#8077=CARTESIAN_POINT('Ctrl Pts',(-11.5082907652498,-39.6507169239637,-10.));
#8078=CARTESIAN_POINT('Ctrl Pts',(-11.2108313684359,-39.0025248409737,-10.));
#8079=CARTESIAN_POINT('Origin',(-1.35713315428393,-15.2135929728365,5.54914669734926));
#8080=CARTESIAN_POINT('',(-9.93793554587049,-40.6165628455412,19.2));
#8081=CARTESIAN_POINT('Ctrl Pts',(-9.93793554587049,-40.6165628455412,19.2));
#8082=CARTESIAN_POINT('Ctrl Pts',(-10.0362008921739,-40.8537963772981,19.2));
#8083=CARTESIAN_POINT('Ctrl Pts',(-10.203212101088,-41.1127458835645,19.2));
#8084=CARTESIAN_POINT('Ctrl Pts',(-10.5475321074846,-41.4724327054402,19.2));
#8085=CARTESIAN_POINT('Ctrl Pts',(-10.7820977544715,-41.6418952562635,19.2));
#8086=CARTESIAN_POINT('Ctrl Pts',(-11.2073982392641,-41.8338848647096,19.2));
#8087=CARTESIAN_POINT('Ctrl Pts',(-11.4707123790104,-41.896150107595,19.2));
#8088=CARTESIAN_POINT('Ctrl Pts',(-11.9100069654154,-41.9053854346004,19.2));
#8089=CARTESIAN_POINT('Ctrl Pts',(-12.1624670251344,-41.8589549397497,19.2));
#8090=CARTESIAN_POINT('Ctrl Pts',(-12.3600957301648,-41.7770944498119,19.2));
#8091=CARTESIAN_POINT('Ctrl Pts',(-12.392226514659,-41.7637854431047,19.2));
#8092=CARTESIAN_POINT('Ctrl Pts',(-12.4248539211306,-41.7490507747186,19.2));
#8093=CARTESIAN_POINT('Ctrl Pts',(-12.4575328288633,-41.732912360575,19.2));
#8094=CARTESIAN_POINT('',(-10.0826583963605,-40.9659547139794,-7.33370694340927));
#8095=CARTESIAN_POINT('Origin',(-11.7397915506533,-40.2795476868383,-7.33370694341819));
#8096=CARTESIAN_POINT('Origin',(0.3,-15.899999999999,5.54914669734926));
#8097=CARTESIAN_POINT('Ctrl Pts',(-12.4575328288675,-41.732912360585,-8.10170660522085));
#8098=CARTESIAN_POINT('Ctrl Pts',(-12.362592309152,-41.5239851999281,-8.5858084911347));
#8099=CARTESIAN_POINT('Ctrl Pts',(-12.0256783524207,-40.78293669523,-9.58346945930015));
#8100=CARTESIAN_POINT('Ctrl Pts',(-11.5082907652498,-39.6507169239637,-10.));
#8101=CARTESIAN_POINT('Ctrl Pts',(-11.2108313684359,-39.0025248409737,-10.));
#8102=CARTESIAN_POINT('Ctrl Pts',(-11.955286615869,-41.9734187554058,-8.11595054489479));
#8103=CARTESIAN_POINT('Ctrl Pts',(-11.8596272146805,-41.7592583212278,-8.60479924569364));
#8104=CARTESIAN_POINT('Ctrl Pts',(-11.5213770305792,-41.002511312369,-9.60644097402436));
#8105=CARTESIAN_POINT('Ctrl Pts',(-11.008221392283,-39.8592048191184,-10.0082569062229));
#8106=CARTESIAN_POINT('Ctrl Pts',(-10.7150182881008,-39.2078973432505,-10.));
#8107=CARTESIAN_POINT('Ctrl Pts',(-10.8921268022953,-41.9944251071045,-7.93197728867172));
#8108=CARTESIAN_POINT('Ctrl Pts',(-10.8116398234296,-41.8052838739199,-8.35623173060531));
#8109=CARTESIAN_POINT('Ctrl Pts',(-10.5264614650568,-41.1351315107499,-9.22342910806743));
#8110=CARTESIAN_POINT('Ctrl Pts',(-10.0981776374749,-40.1300420193307,-9.56262658337929));
#8111=CARTESIAN_POINT('Ctrl Pts',(-9.85646338519991,-39.563522428074,-9.54988992622215));
#8112=CARTESIAN_POINT('Ctrl Pts',(-10.2270822488763,-41.3146247374532,-7.51290877044908));
#8113=CARTESIAN_POINT('Ctrl Pts',(-10.1752359659669,-41.1893964216811,-7.79578930983203));
#8114=CARTESIAN_POINT('Ctrl Pts',(-9.9912569489129,-40.7452859979682,-8.37673623000047));
#8115=CARTESIAN_POINT('Ctrl Pts',(-9.71224759589298,-40.0718811052342,-8.61261274254507));
#8116=CARTESIAN_POINT('Ctrl Pts',(-9.55369821415195,-39.6889318681362,-8.60883015717538));
#8117=CARTESIAN_POINT('Ctrl Pts',(-10.0826583963608,-40.9659547139802,-7.33370694340757));
#8118=CARTESIAN_POINT('Ctrl Pts',(-10.0422209292032,-40.8683300323403,-7.5562433733657));
#8119=CARTESIAN_POINT('Ctrl Pts',(-9.8987784575933,-40.5220292719594,-8.01485738959699));
#8120=CARTESIAN_POINT('Ctrl Pts',(-9.67939835410325,-39.9923988507989,-8.20633199895715));
#8121=CARTESIAN_POINT('Ctrl Pts',(-9.55369821415195,-39.6889318681362,-8.20633199895715));
#8122=CARTESIAN_POINT('',(-9.5775767829148,-39.7465798326935,-8.20506192796448));
#8123=CARTESIAN_POINT('Ctrl Pts',(-9.57757678292199,-39.7465798327109,-8.20506192796295));
#8124=CARTESIAN_POINT('Ctrl Pts',(-9.57757678292199,-39.7465798327109,-8.43913122004717));
#8125=CARTESIAN_POINT('Ctrl Pts',(-9.61988033730409,-39.7291791598784,-8.67091714639556));
#8126=CARTESIAN_POINT('Ctrl Pts',(-9.78374612434731,-39.6602997160982,-9.10353041775002));
#8127=CARTESIAN_POINT('Ctrl Pts',(-9.9035717646613,-39.6094912200264,-9.30022842465399));
#8128=CARTESIAN_POINT('Ctrl Pts',(-10.2042489155341,-39.4778192763001,-9.63255671612021));
#8129=CARTESIAN_POINT('Ctrl Pts',(-10.3821263329129,-39.3981746113528,-9.76503947308665));
#8130=CARTESIAN_POINT('Ctrl Pts',(-10.6775710406379,-39.2608891865382,-9.90375111216652));
#8131=CARTESIAN_POINT('Ctrl Pts',(-10.7819698115101,-39.211580963463,-9.93969349865216));
#8132=CARTESIAN_POINT('Ctrl Pts',(-10.9949281603446,-39.109145690829,-9.98787386919658));
#8133=CARTESIAN_POINT('Ctrl Pts',(-11.1029293838877,-39.0562869971451,-10.));
#8134=CARTESIAN_POINT('Ctrl Pts',(-11.2108313684359,-39.0025248409737,-10.));
#8135=CARTESIAN_POINT('Ctrl Pts',(-10.0826583963605,-40.9659547139794,-7.33370694340927));
#8136=CARTESIAN_POINT('Ctrl Pts',(-10.042220928375,-40.8683300303409,-7.55624337792264));
#8137=CARTESIAN_POINT('Ctrl Pts',(-9.90397087044003,-40.5345648654753,-7.9982564213318));
#8138=CARTESIAN_POINT('Ctrl Pts',(-9.69518125265859,-40.0305021385447,-8.19211983152866));
#8139=CARTESIAN_POINT('Ctrl Pts',(-9.57757613744615,-39.7465782743944,-8.205020449001));
#8140=CARTESIAN_POINT('Ctrl Pts',(-22.8025248409747,-27.4108313684349,-10.));
#8141=CARTESIAN_POINT('Ctrl Pts',(-23.450716899653,-27.708290754092,-10.));
#8142=CARTESIAN_POINT('Ctrl Pts',(-24.5829367036348,-28.2256783563065,-9.5834694668643));
#8143=CARTESIAN_POINT('Ctrl Pts',(-25.3239851956502,-28.5625923072066,-8.58580850104782));
#8144=CARTESIAN_POINT('Ctrl Pts',(-25.5329123605844,-28.6575328288658,-8.10170660522453));
#8145=CARTESIAN_POINT('Ctrl Pts',(-23.0078973432515,-26.9150182880998,-10.));
#8146=CARTESIAN_POINT('Ctrl Pts',(-23.6592047946909,-27.2082213812849,-10.0082569059132));
#8147=CARTESIAN_POINT('Ctrl Pts',(-24.8025113206803,-27.7213770343433,-9.6064409817914));
#8148=CARTESIAN_POINT('Ctrl Pts',(-25.5592583168427,-28.0596272127204,-8.60479925570394));
#8149=CARTESIAN_POINT('Ctrl Pts',(-25.7734187554051,-28.1552866158673,-8.1159505448985));
#8150=CARTESIAN_POINT('Ctrl Pts',(-23.3635224280749,-26.0564633851989,-9.54988992622215));
#8151=CARTESIAN_POINT('Ctrl Pts',(-23.9300419980833,-26.298177628408,-9.56262658290158));
#8152=CARTESIAN_POINT('Ctrl Pts',(-24.9351315178885,-26.7264614681079,-9.22342911489829));
#8153=CARTESIAN_POINT('Ctrl Pts',(-25.6052838700472,-27.0116398217802,-8.35623173929288));
#8154=CARTESIAN_POINT('Ctrl Pts',(-25.7944251071041,-27.0921268022937,-7.93197728867495));
#8155=CARTESIAN_POINT('Ctrl Pts',(-23.4889318681372,-25.753698214151,-8.60883015717538));
#8156=CARTESIAN_POINT('Ctrl Pts',(-23.871881090872,-25.9122475899453,-8.6126127424032));
#8157=CARTESIAN_POINT('Ctrl Pts',(-24.5452860028772,-26.191256950944,-8.37673623448068));
#8158=CARTESIAN_POINT('Ctrl Pts',(-24.9893964191174,-26.3752359649041,-7.79578931562464));
#8159=CARTESIAN_POINT('Ctrl Pts',(-25.1146247374532,-26.4270822488749,-7.51290877045123));
#8160=CARTESIAN_POINT('Ctrl Pts',(-23.4889318681372,-25.753698214151,-8.20633199895714));
#8161=CARTESIAN_POINT('Ctrl Pts',(-23.7923988394177,-25.8793983493877,-8.20633199895714));
#8162=CARTESIAN_POINT('Ctrl Pts',(-24.3220292759009,-26.0987784592245,-8.01485739307415));
#8163=CARTESIAN_POINT('Ctrl Pts',(-24.6683300303419,-26.242220928374,-7.55624337792263));
#8164=CARTESIAN_POINT('Ctrl Pts',(-24.7659547139804,-26.2826583963595,-7.33370694340927));
#8165=CARTESIAN_POINT('',(-25.5329123605849,-28.657532828866,-8.10170660522477));
#8166=CARTESIAN_POINT('Ctrl Pts',(-22.8025248409747,-27.4108313684349,-10.));
#8167=CARTESIAN_POINT('Ctrl Pts',(-23.450716899653,-27.708290754092,-10.));
#8168=CARTESIAN_POINT('Ctrl Pts',(-24.5829367036348,-28.2256783563065,-9.5834694668643));
#8169=CARTESIAN_POINT('Ctrl Pts',(-25.3239851956502,-28.5625923072066,-8.58580850104782));
#8170=CARTESIAN_POINT('Ctrl Pts',(-25.5329123605844,-28.6575328288658,-8.10170660522453));
#8171=CARTESIAN_POINT('Origin',(-24.0795476868179,-27.9397915506434,-7.33370694340927));
#8172=CARTESIAN_POINT('Origin',(0.986407027162516,-17.5571331542829,5.54914669734926));
#8173=CARTESIAN_POINT('',(-25.5329123605736,-28.6575328288611,19.2000000000056));
#8174=CARTESIAN_POINT('Ctrl Pts',(-25.532912360576,-28.6575328288623,19.2));
#8175=CARTESIAN_POINT('Ctrl Pts',(-25.5490507747196,-28.6248539211296,19.2));
#8176=CARTESIAN_POINT('Ctrl Pts',(-25.5637854431057,-28.592226514658,19.2));
#8177=CARTESIAN_POINT('Ctrl Pts',(-25.5770944498128,-28.5600957301639,19.2));
#8178=CARTESIAN_POINT('Ctrl Pts',(-25.6589549397507,-28.3624670251334,19.2));
#8179=CARTESIAN_POINT('Ctrl Pts',(-25.7053854346013,-28.1100069654144,19.2));
#8180=CARTESIAN_POINT('Ctrl Pts',(-25.696150107596,-27.6707123790095,19.2));
#8181=CARTESIAN_POINT('Ctrl Pts',(-25.6338848647106,-27.4073982392631,19.2));
#8182=CARTESIAN_POINT('Ctrl Pts',(-25.4418952562645,-26.9820977544705,19.2));
#8183=CARTESIAN_POINT('Ctrl Pts',(-25.2724327054412,-26.7475321074836,19.2));
#8184=CARTESIAN_POINT('Ctrl Pts',(-24.9127458835655,-26.4032121010871,19.2));
#8185=CARTESIAN_POINT('Ctrl Pts',(-24.6537963772991,-26.2362008921729,19.2));
#8186=CARTESIAN_POINT('Ctrl Pts',(-24.4165628455421,-26.1379355458695,19.2));
#8187=CARTESIAN_POINT('Origin',(1.02732656094208,-17.6559216476995,5.54914669734926));
#8188=CARTESIAN_POINT('Origin',(0.300000000000007,-15.899999999999,5.54914669734926));
#8189=CARTESIAN_POINT('',(-23.6648036996953,-31.8931919435617,19.2000000000056));
#8190=CARTESIAN_POINT('Origin',(-0.857009473492657,-14.3921558975257,5.54914669734926));
#8191=CARTESIAN_POINT('Origin',(0.299999999999748,-15.8999999999992,19.2000000000062));
#8192=CARTESIAN_POINT('Origin',(0.300000000000293,-15.8999999999988,-8.10170660522653));
#8193=CARTESIAN_POINT('Origin',(0.300000000000006,-15.899999999999,-6.68030299018108));
#8194=CARTESIAN_POINT('Ctrl Pts',(-23.6648036997042,-31.8931919435684,-8.10170660522601));
#8195=CARTESIAN_POINT('Ctrl Pts',(-23.4781192174536,-31.7597259747567,-8.58580849113774));
#8196=CARTESIAN_POINT('Ctrl Pts',(-23.1942762897213,-31.5568789352348,-9.01337758018302));
#8197=CARTESIAN_POINT('Ctrl Pts',(-22.8458022225475,-31.3083839645235,-9.33420833942919));
#8198=CARTESIAN_POINT('Ctrl Pts',(-22.3811701329808,-30.9770573369073,-9.76198268509226));
#8199=CARTESIAN_POINT('Ctrl Pts',(-21.8016382399618,-30.5645788316205,-10.));
#8200=CARTESIAN_POINT('Ctrl Pts',(-21.2199348042316,-30.1519577196262,-10.));
#8201=CARTESIAN_POINT('Origin',(-0.791915895482059,-14.4769874999981,5.54914669734926));
#8202=CARTESIAN_POINT('Ctrl Pts',(-20.9245936878026,-32.1862035455379,19.2));
#8203=CARTESIAN_POINT('Ctrl Pts',(-21.1283107398915,-32.3425211375172,19.2));
#8204=CARTESIAN_POINT('Ctrl Pts',(-21.4024214426611,-32.4832723837842,19.2));
#8205=CARTESIAN_POINT('Ctrl Pts',(-21.8804547261696,-32.6226103057368,19.2));
#8206=CARTESIAN_POINT('Ctrl Pts',(-22.168325810727,-32.6520863562464,19.2));
#8207=CARTESIAN_POINT('Ctrl Pts',(-22.6326416390223,-32.6057039920271,19.2));
#8208=CARTESIAN_POINT('Ctrl Pts',(-22.891810994661,-32.5279702042655,19.2));
#8209=CARTESIAN_POINT('Ctrl Pts',(-23.2768689297353,-32.3163209388619,19.2));
#8210=CARTESIAN_POINT('Ctrl Pts',(-23.4722905074676,-32.1498809209514,19.2));
#8211=CARTESIAN_POINT('Ctrl Pts',(-23.6025117415721,-31.9801733045838,19.2));
#8212=CARTESIAN_POINT('Ctrl Pts',(-23.623683313834,-31.9525819744292,19.2));
#8213=CARTESIAN_POINT('Ctrl Pts',(-23.644572142505,-31.9235076740547,19.2));
#8214=CARTESIAN_POINT('Ctrl Pts',(-23.6648036996975,-31.8931919435632,19.2));
#8215=CARTESIAN_POINT('Ctrl Pts',(-23.6648036997062,-31.8931919435698,-8.10170660522085));
#8216=CARTESIAN_POINT('Ctrl Pts',(-23.4781192174557,-31.7597259747581,-8.5858084911347));
#8217=CARTESIAN_POINT('Ctrl Pts',(-22.8158190527451,-31.2864162158724,-9.58346969891146));
#8218=CARTESIAN_POINT('Ctrl Pts',(-21.8016382399618,-30.5645788316205,-10.));
#8219=CARTESIAN_POINT('Ctrl Pts',(-21.2199348042316,-30.1519577196262,-10.));
#8220=CARTESIAN_POINT('Ctrl Pts',(-23.3500989177054,-32.3525996977564,-8.11595054489479));
#8221=CARTESIAN_POINT('Ctrl Pts',(-23.1601752290764,-32.214961021867,-8.60479924569364));
#8222=CARTESIAN_POINT('Ctrl Pts',(-22.4888685902572,-31.7287240575558,-9.60644067382817));
#8223=CARTESIAN_POINT('Ctrl Pts',(-21.4728094068954,-30.9951693316894,-10.0082569062229));
#8224=CARTESIAN_POINT('Ctrl Pts',(-20.8932343322712,-30.5777220640042,-10.));
#8225=CARTESIAN_POINT('Ctrl Pts',(-22.4398766858171,-32.9023620489983,-7.93197376287819));
#8226=CARTESIAN_POINT('Ctrl Pts',(-22.2756023008532,-32.7788044255901,-8.35622820481178));
#8227=CARTESIAN_POINT('Ctrl Pts',(-21.6935564549008,-32.3410264636616,-9.22342473226072));
#8228=CARTESIAN_POINT('Ctrl Pts',(-20.8201105193419,-31.6847385140782,-9.5626196368708));
#8229=CARTESIAN_POINT('Ctrl Pts',(-20.3275200407867,-31.3149752824458,-9.54988297971365));
#8230=CARTESIAN_POINT('Ctrl Pts',(-21.5240330239822,-32.6461695258446,-7.51290877044908));
#8231=CARTESIAN_POINT('Ctrl Pts',(-21.4165186680048,-32.5636417645675,-7.79578930983202));
#8232=CARTESIAN_POINT('Ctrl Pts',(-21.035133031803,-32.2710204179471,-8.37673647440362));
#8233=CARTESIAN_POINT('Ctrl Pts',(-20.4568013196406,-31.8273392964433,-8.61261274254507));
#8234=CARTESIAN_POINT('Ctrl Pts',(-20.1280189087496,-31.5749702196271,-8.60883015717538));
#8235=CARTESIAN_POINT('Ctrl Pts',(-21.2246232870548,-32.4164243542366,-7.33370694340757));
#8236=CARTESIAN_POINT('Ctrl Pts',(-21.1407910724117,-32.3520976334789,-7.55624337336569));
#8237=CARTESIAN_POINT('Ctrl Pts',(-20.8434159272119,-32.1239136590129,-8.01485749974372));
#8238=CARTESIAN_POINT('Ctrl Pts',(-20.3886119145379,-31.774930265847,-8.20633199895714));
#8239=CARTESIAN_POINT('Ctrl Pts',(-20.1280189087496,-31.5749702196271,-8.20633199895714));
#8240=CARTESIAN_POINT('Origin',(0.300000000000009,-15.899999999999,-10.));
#8241=CARTESIAN_POINT('Ctrl Pts',(-7.89656505986804,-40.3753388952987,-10.));
#8242=CARTESIAN_POINT('Ctrl Pts',(-8.11816356287146,-40.3011276022578,-10.));
#8243=CARTESIAN_POINT('Ctrl Pts',(-8.33654224243974,-40.2245304187736,-9.95443771343473));
#8244=CARTESIAN_POINT('Ctrl Pts',(-8.74257633855122,-40.0765245960205,-9.77724421969078));
#8245=CARTESIAN_POINT('Ctrl Pts',(-8.92633020720581,-40.0066040832434,-9.64743674124911));
#8246=CARTESIAN_POINT('Ctrl Pts',(-9.23619685999152,-39.8857149432151,-9.3196765876677));
#8247=CARTESIAN_POINT('Ctrl Pts',(-9.35930905773089,-39.8359990992098,-9.12482820545795));
#8248=CARTESIAN_POINT('Ctrl Pts',(-9.48817404117122,-39.7834627535486,-8.79886778233493));
#8249=CARTESIAN_POINT('Ctrl Pts',(-9.52155698247107,-39.7697192558278,-8.68322392186212));
#8250=CARTESIAN_POINT('Ctrl Pts',(-9.56631590234554,-39.7512534139782,-8.44643660090626));
#8251=CARTESIAN_POINT('Ctrl Pts',(-9.577576782922,-39.7465798327109,-8.32590626147234));
#8252=CARTESIAN_POINT('Ctrl Pts',(-9.577576782922,-39.7465798327109,-8.20506192796296));
#8253=CARTESIAN_POINT('Ctrl Pts',(-7.89656505986803,-40.3753388952987,-10.));
#8254=CARTESIAN_POINT('Ctrl Pts',(-8.14457051134501,-41.0440154442272,-10.));
#8255=CARTESIAN_POINT('Ctrl Pts',(-8.57932258672117,-42.2104641816845,-9.5834697089562));
#8256=CARTESIAN_POINT('Ctrl Pts',(-8.86508880504084,-42.9726985806941,-8.58580850104783));
#8257=CARTESIAN_POINT('Ctrl Pts',(-8.94568953346534,-43.1875654824677,-8.10170660522454));
#8258=CARTESIAN_POINT('Ctrl Pts',(-8.39237814020312,-40.169966393022,-10.));
#8259=CARTESIAN_POINT('Ctrl Pts',(-8.64559616029723,-40.8378362040281,-10.0082569059133));
#8260=CARTESIAN_POINT('Ctrl Pts',(-9.09118016057361,-42.00913197893,-9.60644067848397));
#8261=CARTESIAN_POINT('Ctrl Pts',(-9.38710205347833,-42.7834117711089,-8.60479925570395));
#8262=CARTESIAN_POINT('Ctrl Pts',(-9.47089493919824,-43.0024874821277,-8.1159505448985));
#8263=CARTESIAN_POINT('Ctrl Pts',(-9.2509404637756,-39.8143382344557,-9.54989956857947));
#8264=CARTESIAN_POINT('Ctrl Pts',(-9.4806125129209,-40.385845844566,-9.56263622525891));
#8265=CARTESIAN_POINT('Ctrl Pts',(-9.88847884312077,-41.399399975013,-9.22343616691588));
#8266=CARTESIAN_POINT('Ctrl Pts',(-10.1606981639791,-42.0749238891886,-8.35623663340064));
#8267=CARTESIAN_POINT('Ctrl Pts',(-10.2375283255858,-42.2655798302319,-7.9319821827827));
#8268=CARTESIAN_POINT('Ctrl Pts',(-9.55369821415196,-39.6889318681362,-8.60883015717538));
#8269=CARTESIAN_POINT('Ctrl Pts',(-9.71237286762078,-40.0718291991592,-8.6126127424032));
#8270=CARTESIAN_POINT('Ctrl Pts',(-9.99125266833824,-40.7452878804917,-8.37673648141469));
#8271=CARTESIAN_POINT('Ctrl Pts',(-10.1751933147591,-41.1894140853853,-7.79578931562465));
#8272=CARTESIAN_POINT('Ctrl Pts',(-10.2270822488759,-41.3146247374522,-7.51290877045123));
#8273=CARTESIAN_POINT('Ctrl Pts',(-9.55369821415196,-39.6889318681362,-8.20633199895714));
#8274=CARTESIAN_POINT('Ctrl Pts',(-9.67939834938865,-39.9923988394168,-8.20633199895714));
#8275=CARTESIAN_POINT('Ctrl Pts',(-9.89877848816801,-40.5220293457732,-8.01485750436119));
#8276=CARTESIAN_POINT('Ctrl Pts',(-10.042220928375,-40.8683300303409,-7.55624337792264));
#8277=CARTESIAN_POINT('Ctrl Pts',(-10.0826583963605,-40.9659547139794,-7.33370694340927));
#8278=CARTESIAN_POINT('',(-8.9456895334655,-43.1875654824682,-8.10170660522477));
#8279=CARTESIAN_POINT('Ctrl Pts',(-7.89656505986803,-40.3753388952987,-10.));
#8280=CARTESIAN_POINT('Ctrl Pts',(-8.14457051134501,-41.0440154442272,-10.));
#8281=CARTESIAN_POINT('Ctrl Pts',(-8.57932258672117,-42.2104641816845,-9.5834697089562));
#8282=CARTESIAN_POINT('Ctrl Pts',(-8.86508880504084,-42.9726985806941,-8.58580850104783));
#8283=CARTESIAN_POINT('Ctrl Pts',(-8.94568953346534,-43.1875654824677,-8.10170660522454));
#8284=CARTESIAN_POINT('Origin',(-8.42552524207657,-41.652361741142,-7.33370694340927));
#8285=CARTESIAN_POINT('Origin',(1.95713315428393,-16.5864070271615,5.54914669734926));
#8286=CARTESIAN_POINT('',(-8.94568953346099,-43.1875654824568,19.2000000000056));
#8287=CARTESIAN_POINT('Ctrl Pts',(-8.94568953346184,-43.1875654824593,19.2));
#8288=CARTESIAN_POINT('Ctrl Pts',(-8.98020859279991,-43.1758695872783,19.2));
#8289=CARTESIAN_POINT('Ctrl Pts',(-9.01369863710283,-43.163217510844,19.2));
#8290=CARTESIAN_POINT('Ctrl Pts',(-9.045829421597,-43.1499085041369,19.2));
#8291=CARTESIAN_POINT('Ctrl Pts',(-9.24345812662743,-43.068048014199,19.2));
#8292=CARTESIAN_POINT('Ctrl Pts',(-9.45480566459626,-42.9223631117557,19.2));
#8293=CARTESIAN_POINT('Ctrl Pts',(-9.75890348322978,-42.6052045684182,19.2));
#8294=CARTESIAN_POINT('Ctrl Pts',(-9.90106652155027,-42.3749851791448,19.2));
#8295=CARTESIAN_POINT('Ctrl Pts',(-10.0660422243394,-41.9384951682564,19.2));
#8296=CARTESIAN_POINT('Ctrl Pts',(-10.1120770651129,-41.6528040897943,19.2));
#8297=CARTESIAN_POINT('Ctrl Pts',(-10.1012110856824,-41.1549960875213,19.2));
#8298=CARTESIAN_POINT('Ctrl Pts',(-10.0362008921739,-40.8537963772981,19.2));
#8299=CARTESIAN_POINT('Ctrl Pts',(-9.93793554587049,-40.6165628455412,19.2));
#8300=CARTESIAN_POINT('Origin',(2.05592164770054,-16.6273265609411,5.54914669734926));
#8301=CARTESIAN_POINT('Origin',(0.300000000000005,-15.899999999999,5.54914669734926));
#8302=CARTESIAN_POINT('',(-5.3367807297492,-44.1545696819803,-8.10170660522601));
#8303=CARTESIAN_POINT('Origin',(0.300000000000076,-15.8999999999987,-8.10170660522653));
#8304=CARTESIAN_POINT('',(-5.33678072974775,-44.1545696819693,19.2000000000056));
#8305=CARTESIAN_POINT('Origin',(-1.58433603443474,-15.6519224547717,5.54914669734926));
#8306=CARTESIAN_POINT('Origin',(0.29999999999994,-15.8999999999993,19.2000000000062));
#8307=CARTESIAN_POINT('Origin',(0.300000000000002,-15.899999999999,-6.68030299018108));
#8308=CARTESIAN_POINT('Ctrl Pts',(-5.33678072974936,-44.1545696819803,-8.10170660522601));
#8309=CARTESIAN_POINT('Ctrl Pts',(-5.29914955801207,-43.9281891270342,-8.58580849113774));
#8310=CARTESIAN_POINT('Ctrl Pts',(-5.24187679607056,-43.5840472363452,-9.01337740872712));
#8311=CARTESIAN_POINT('Ctrl Pts',(-5.17118089610791,-43.16192636514,-9.33420814347959));
#8312=CARTESIAN_POINT('Ctrl Pts',(-5.07691969615737,-42.5990985368644,-9.76198245648439));
#8313=CARTESIAN_POINT('Ctrl Pts',(-4.95879513972464,-41.8976414098922,-10.));
#8314=CARTESIAN_POINT('Ctrl Pts',(-4.83923588203221,-41.1945477794959,-10.));
#8315=CARTESIAN_POINT('Origin',(-1.47832292264457,-15.6658793457159,5.54914669734926));
#8316=CARTESIAN_POINT('Ctrl Pts',(-3.19196915773951,-42.4241390914084,19.2));
#8317=CARTESIAN_POINT('Ctrl Pts',(-3.22548563740757,-42.6787220296911,19.2));
#8318=CARTESIAN_POINT('Ctrl Pts',(-3.31978501343588,-42.9720737271112,19.2));
#8319=CARTESIAN_POINT('Ctrl Pts',(-3.55927880034852,-43.408621093002,19.2));
#8320=CARTESIAN_POINT('Ctrl Pts',(-3.74199168114861,-43.633019404198,19.2));
#8321=CARTESIAN_POINT('Ctrl Pts',(-4.10310983621539,-43.9285429907309,19.2));
#8322=CARTESIAN_POINT('Ctrl Pts',(-4.34133633351684,-44.0568373111252,19.2));
#8323=CARTESIAN_POINT('Ctrl Pts',(-4.76327204135761,-44.179455757366,19.2));
#8324=CARTESIAN_POINT('Ctrl Pts',(-5.01914682948759,-44.1999488148453,19.2));
#8325=CARTESIAN_POINT('Ctrl Pts',(-5.23122855352989,-44.1720277261825,19.2));
#8326=CARTESIAN_POINT('Ctrl Pts',(-5.26570913249894,-44.167488271843,19.2));
#8327=CARTESIAN_POINT('Ctrl Pts',(-5.30103839985629,-44.1617002692942,19.2));
#8328=CARTESIAN_POINT('Ctrl Pts',(-5.33678072974827,-44.1545696819719,19.2));
#8329=CARTESIAN_POINT('Origin',(-5.0196543495738,-42.5649620963365,-7.33370694341819));
#8330=CARTESIAN_POINT('Ctrl Pts',(-5.33678072974976,-44.1545696819827,-8.10170660522085));
#8331=CARTESIAN_POINT('Ctrl Pts',(-5.29914955801247,-43.9281891270366,-8.5858084911347));
#8332=CARTESIAN_POINT('Ctrl Pts',(-5.16551311348193,-43.1251913820935,-9.58346929884769));
#8333=CARTESIAN_POINT('Ctrl Pts',(-4.95879513972464,-41.8976414098922,-10.));
#8334=CARTESIAN_POINT('Ctrl Pts',(-4.83923588203221,-41.1945477794959,-10.));
#8335=CARTESIAN_POINT('Ctrl Pts',(-4.78940050601013,-44.2568901348731,-8.11595054489479));
#8336=CARTESIAN_POINT('Ctrl Pts',(-4.75242941894748,-44.0252685656607,-8.60479924569362));
#8337=CARTESIAN_POINT('Ctrl Pts',(-4.6215653494979,-43.2067614036476,-9.60644117504678));
#8338=CARTESIAN_POINT('Ctrl Pts',(-4.42180457950046,-41.9695977746945,-10.0082569062229));
#8339=CARTESIAN_POINT('Ctrl Pts',(-4.30716290779502,-41.264596515453,-10.));
#8340=CARTESIAN_POINT('Ctrl Pts',(-3.75701060056286,-44.0020445489396,-7.93199012744539));
#8341=CARTESIAN_POINT('Ctrl Pts',(-3.72821950235887,-43.7985165839772,-8.35624456937893));
#8342=CARTESIAN_POINT('Ctrl Pts',(-3.62620606784211,-43.0773799538487,-9.22344624977566));
#8343=CARTESIAN_POINT('Ctrl Pts',(-3.47265109775582,-41.9956725157498,-9.56265187829508));
#8344=CARTESIAN_POINT('Ctrl Pts',(-3.38579911854219,-41.3858963594947,-9.54991522113793));
#8345=CARTESIAN_POINT('Ctrl Pts',(-3.29059171347199,-43.1732517747209,-7.51290877044908));
#8346=CARTESIAN_POINT('Ctrl Pts',(-3.27292352292067,-43.0388717048993,-7.79578930983197));
#8347=CARTESIAN_POINT('Ctrl Pts',(-3.21015766312598,-42.5622766408668,-8.37673606633917));
#8348=CARTESIAN_POINT('Ctrl Pts',(-3.11494534608502,-41.8396045916335,-8.61261274254508));
#8349=CARTESIAN_POINT('Ctrl Pts',(-3.06091295938764,-41.428668433779,-8.60883015717538));
#8350=CARTESIAN_POINT('Ctrl Pts',(-3.2413314269263,-42.7990827505974,-7.33370694340758));
#8351=CARTESIAN_POINT('Ctrl Pts',(-3.22753895992954,-42.6943185626821,-7.55624337336564));
#8352=CARTESIAN_POINT('Ctrl Pts',(-3.17861339759215,-42.3226920213405,-8.01485731583871));
#8353=CARTESIAN_POINT('Ctrl Pts',(-3.10378693626187,-41.7543286199503,-8.20633199895715));
#8354=CARTESIAN_POINT('Ctrl Pts',(-3.06091295938764,-41.428668433779,-8.20633199895715));
#8355=CARTESIAN_POINT('Ctrl Pts',(-24.1753388952997,-7.70343494013095,-10.));
#8356=CARTESIAN_POINT('Ctrl Pts',(-24.8440154442282,-7.45542948865396,-10.));
#8357=CARTESIAN_POINT('Ctrl Pts',(-26.010469942505,-7.02067531368194,-9.58347875100117));
#8358=CARTESIAN_POINT('Ctrl Pts',(-26.772698580695,-6.73491119495814,-8.58580850104782));
#8359=CARTESIAN_POINT('Ctrl Pts',(-26.9875654824687,-6.65431046653365,-8.10170660522453));
#8360=CARTESIAN_POINT('Ctrl Pts',(-23.969966393023,-7.20762185979586,-10.));
#8361=CARTESIAN_POINT('Ctrl Pts',(-24.6378362040292,-6.95440383970174,-10.0082569059132));
#8362=CARTESIAN_POINT('Ctrl Pts',(-25.8091370330111,-6.50881816406,-9.60642935006082));
#8363=CARTESIAN_POINT('Ctrl Pts',(-26.5834117711099,-6.21289794652066,-8.60479925570394));
#8364=CARTESIAN_POINT('Ctrl Pts',(-26.8024874821287,-6.12910506080075,-8.1159505448985));
#8365=CARTESIAN_POINT('Ctrl Pts',(-23.6142965353144,-6.34895886558858,-9.55003037914271));
#8366=CARTESIAN_POINT('Ctrl Pts',(-24.1858041454247,-6.11928681644327,-9.56276703582214));
#8367=CARTESIAN_POINT('Ctrl Pts',(-25.1994441204433,-5.71137685920324,-9.22354214627562));
#8368=CARTESIAN_POINT('Ctrl Pts',(-25.8750070235714,-5.43913715552722,-8.35630302805598));
#8369=CARTESIAN_POINT('Ctrl Pts',(-26.0656629646147,-5.36230699392059,-7.93204857743805));
#8370=CARTESIAN_POINT('Ctrl Pts',(-23.4889318681372,-6.04630178584702,-8.60883015717538));
#8371=CARTESIAN_POINT('Ctrl Pts',(-23.8718291991602,-5.8876271323782,-8.61261274240319));
#8372=CARTESIAN_POINT('Ctrl Pts',(-24.5452912566221,-5.60874613158233,-8.37674570431072));
#8373=CARTESIAN_POINT('Ctrl Pts',(-24.9894140853863,-5.42480668523988,-7.79578931562463));
#8374=CARTESIAN_POINT('Ctrl Pts',(-25.1146247374532,-5.37291775112311,-7.51290877045123));
#8375=CARTESIAN_POINT('Ctrl Pts',(-23.4889318681372,-6.04630178584702,-8.20633199895714));
#8376=CARTESIAN_POINT('Ctrl Pts',(-23.7923988394178,-5.92060165061033,-8.20633199895714));
#8377=CARTESIAN_POINT('Ctrl Pts',(-24.3220319555146,-5.70122043084108,-8.014861660892));
#8378=CARTESIAN_POINT('Ctrl Pts',(-24.6683300303419,-5.55777907162395,-7.55624337792262));
#8379=CARTESIAN_POINT('Ctrl Pts',(-24.7659547139804,-5.51734160363849,-7.33370694340927));
#8380=CARTESIAN_POINT('',(-26.9875654824692,-6.65431046653348,-8.10170660522477));
#8381=CARTESIAN_POINT('Ctrl Pts',(-24.1753388952997,-7.70343494013095,-10.));
#8382=CARTESIAN_POINT('Ctrl Pts',(-24.8440154442282,-7.45542948865396,-10.));
#8383=CARTESIAN_POINT('Ctrl Pts',(-26.010469942505,-7.02067531368194,-9.58347875100117));
#8384=CARTESIAN_POINT('Ctrl Pts',(-26.772698580695,-6.73491119495814,-8.58580850104782));
#8385=CARTESIAN_POINT('Ctrl Pts',(-26.9875654824687,-6.65431046653365,-8.10170660522453));
#8386=CARTESIAN_POINT('Origin',(-25.4523617411429,-7.17447475792241,-7.33370694340928));
#8387=CARTESIAN_POINT('Origin',(-0.3864070271625,-17.5571331542829,5.54914669734926));
#8388=CARTESIAN_POINT('',(-26.9875654824578,-6.65431046653799,19.2000000000056));
#8389=CARTESIAN_POINT('Ctrl Pts',(-26.9875654824603,-6.65431046653714,19.2));
#8390=CARTESIAN_POINT('Ctrl Pts',(-26.9758695872793,-6.61979140719907,19.2));
#8391=CARTESIAN_POINT('Ctrl Pts',(-26.963217510845,-6.58630136289615,19.2));
#8392=CARTESIAN_POINT('Ctrl Pts',(-26.9499085041379,-6.55417057840199,19.2));
#8393=CARTESIAN_POINT('Ctrl Pts',(-26.8680480142,-6.35654187337155,19.2));
#8394=CARTESIAN_POINT('Ctrl Pts',(-26.7223631117567,-6.14519433540272,19.2));
#8395=CARTESIAN_POINT('Ctrl Pts',(-26.4052045684192,-5.84109651676921,19.2));
#8396=CARTESIAN_POINT('Ctrl Pts',(-26.1749851791458,-5.69893347844871,19.2));
#8397=CARTESIAN_POINT('Ctrl Pts',(-25.7384951682574,-5.53395777565956,19.2));
#8398=CARTESIAN_POINT('Ctrl Pts',(-25.4528040897953,-5.48792293488607,19.2));
#8399=CARTESIAN_POINT('Ctrl Pts',(-24.9549960875223,-5.4987889143166,19.2));
#8400=CARTESIAN_POINT('Ctrl Pts',(-24.6537963772991,-5.56379910782509,19.2));
#8401=CARTESIAN_POINT('Ctrl Pts',(-24.4165628455422,-5.66206445412849,19.2));
#8402=CARTESIAN_POINT('Origin',(-0.427326560942067,-17.6559216476995,5.54914669734926));
#8403=CARTESIAN_POINT('Origin',(0.300000000000009,-15.899999999999,5.54914669734926));
#8404=CARTESIAN_POINT('',(-27.9545696819813,-10.2632192702498,-8.10170660522601));
#8405=CARTESIAN_POINT('Origin',(0.300000000000343,-15.8999999999991,-8.10170660522653));
#8406=CARTESIAN_POINT('',(-27.9545696819703,-10.2632192702512,19.2000000000056));
#8407=CARTESIAN_POINT('Origin',(0.548077545227272,-14.0156639655643,5.54914669734926));
#8408=CARTESIAN_POINT('Origin',(0.299999999999708,-15.8999999999989,19.2000000000062));
#8409=CARTESIAN_POINT('Origin',(0.300000000000009,-15.899999999999,-6.68030299018108));
#8410=CARTESIAN_POINT('Ctrl Pts',(-27.9545696819813,-10.2632192702496,-8.10170660522601));
#8411=CARTESIAN_POINT('Ctrl Pts',(-27.7281891270352,-10.3008504419869,-8.58580849113774));
#8412=CARTESIAN_POINT('Ctrl Pts',(-27.3840485172523,-10.3581229786427,-9.01337932666202));
#8413=CARTESIAN_POINT('Ctrl Pts',(-26.9619278290337,-10.4288188464217,-9.33421033540519));
#8414=CARTESIAN_POINT('Ctrl Pts',(-26.3991002447402,-10.5230800034606,-9.76198501373093));
#8415=CARTESIAN_POINT('Ctrl Pts',(-25.6976414098932,-10.6412048602743,-10.));
#8416=CARTESIAN_POINT('Ctrl Pts',(-24.9945477794969,-10.7607641179668,-10.));
#8417=CARTESIAN_POINT('Origin',(0.534120654283085,-14.1216770773544,5.54914669734926));
#8418=CARTESIAN_POINT('Ctrl Pts',(-26.2241390914094,-12.4080308422595,19.2));
#8419=CARTESIAN_POINT('Ctrl Pts',(-26.4787220296921,-12.3745143625914,19.2));
#8420=CARTESIAN_POINT('Ctrl Pts',(-26.7720737271122,-12.2802149865631,19.2));
#8421=CARTESIAN_POINT('Ctrl Pts',(-27.208621093003,-12.0407211996505,19.2));
#8422=CARTESIAN_POINT('Ctrl Pts',(-27.433019404199,-11.8580083188504,19.2));
#8423=CARTESIAN_POINT('Ctrl Pts',(-27.7285429907319,-11.4968901637836,19.2));
#8424=CARTESIAN_POINT('Ctrl Pts',(-27.8568373111262,-11.2586636664821,19.2));
#8425=CARTESIAN_POINT('Ctrl Pts',(-27.9794557573669,-10.8367279586414,19.2));
#8426=CARTESIAN_POINT('Ctrl Pts',(-27.9999488148463,-10.5808531705114,19.2));
#8427=CARTESIAN_POINT('Ctrl Pts',(-27.9720277261835,-10.3687714464691,19.2));
#8428=CARTESIAN_POINT('Ctrl Pts',(-27.967488271844,-10.3342908675,19.2));
#8429=CARTESIAN_POINT('Ctrl Pts',(-27.9617002692952,-10.2989616001427,19.2));
#8430=CARTESIAN_POINT('Ctrl Pts',(-27.9545696819729,-10.2632192702507,19.2));
#8431=CARTESIAN_POINT('Origin',(-26.3649620963375,-10.5803456504252,-7.33370694341819));
#8432=CARTESIAN_POINT('Ctrl Pts',(-27.9545696819837,-10.2632192702492,-8.10170660522085));
#8433=CARTESIAN_POINT('Ctrl Pts',(-27.7281891270376,-10.3008504419865,-8.58580849113471));
#8434=CARTESIAN_POINT('Ctrl Pts',(-26.9251943708755,-10.4344863608503,-9.58347377402912));
#8435=CARTESIAN_POINT('Ctrl Pts',(-25.6976414098932,-10.6412048602744,-10.));
#8436=CARTESIAN_POINT('Ctrl Pts',(-24.9945477794969,-10.7607641179668,-10.));
#8437=CARTESIAN_POINT('Ctrl Pts',(-28.0568901348741,-10.8105994939888,-8.11595054489479));
#8438=CARTESIAN_POINT('Ctrl Pts',(-27.8252685656617,-10.8475705810515,-8.60479924569365));
#8439=CARTESIAN_POINT('Ctrl Pts',(-27.0067639845253,-10.9784341178933,-9.60643556833126));
#8440=CARTESIAN_POINT('Ctrl Pts',(-25.7695977746955,-11.1781954204985,-10.0082569062229));
#8441=CARTESIAN_POINT('Ctrl Pts',(-25.064596515454,-11.292837092204,-10.));
#8442=CARTESIAN_POINT('Ctrl Pts',(-27.8021270558607,-11.8430434199457,-7.932025621384));
#8443=CARTESIAN_POINT('Ctrl Pts',(-27.5985990908982,-11.8718345181497,-8.35628006331759));
#8444=CARTESIAN_POINT('Ctrl Pts',(-26.8774387591951,-11.9738489605717,-9.22350218188181));
#8445=CARTESIAN_POINT('Ctrl Pts',(-25.7956801191222,-12.1274066555825,-9.56272180835309));
#8446=CARTESIAN_POINT('Ctrl Pts',(-25.1859039628671,-12.2142586347961,-9.54998515119594));
#8447=CARTESIAN_POINT('Ctrl Pts',(-26.9732517747219,-12.309408286527,-7.51290877044908));
#8448=CARTESIAN_POINT('Ctrl Pts',(-26.8388717049002,-12.3270764770783,-7.79578930983203));
#8449=CARTESIAN_POINT('Ctrl Pts',(-26.3622783849228,-12.3898420157803,-8.37674063101724));
#8450=CARTESIAN_POINT('Ctrl Pts',(-25.6396045916345,-12.485054653914,-8.61261274254507));
#8451=CARTESIAN_POINT('Ctrl Pts',(-25.22866843378,-12.5390870406113,-8.60883015717538));
#8452=CARTESIAN_POINT('Ctrl Pts',(-26.5990827505984,-12.3586685730727,-7.33370694340758));
#8453=CARTESIAN_POINT('Ctrl Pts',(-26.4943185626831,-12.3724610400694,-7.5562433733657));
#8454=CARTESIAN_POINT('Ctrl Pts',(-26.1226934074364,-12.421386419924,-8.01485937303149));
#8455=CARTESIAN_POINT('Ctrl Pts',(-25.5543286199513,-12.4962130637371,-8.20633199895715));
#8456=CARTESIAN_POINT('Ctrl Pts',(-25.22866843378,-12.5390870406113,-8.20633199895715));
#8457=CARTESIAN_POINT('Ctrl Pts',(25.594547779497,-10.7607641179668,-10.));
#8458=CARTESIAN_POINT('Ctrl Pts',(26.2976413835224,-10.6412048647586,-10.));
#8459=CARTESIAN_POINT('Ctrl Pts',(27.5251941702682,-10.4344863961586,-9.58347346754332));
#8460=CARTESIAN_POINT('Ctrl Pts',(28.3281891224013,-10.3008504427572,-8.58580850104782));
#8461=CARTESIAN_POINT('Ctrl Pts',(28.554569681982,-10.2632192702495,-8.10170660522453));
#8462=CARTESIAN_POINT('Ctrl Pts',(25.664596515454,-11.292837092204,-10.));
#8463=CARTESIAN_POINT('Ctrl Pts',(26.3695977482532,-11.1781954247984,-10.0082569059132));
#8464=CARTESIAN_POINT('Ctrl Pts',(27.6067638124193,-10.9784341537817,-9.60643596949766));
#8465=CARTESIAN_POINT('Ctrl Pts',(28.4252685609179,-10.8475705818087,-8.60479925570395));
#8466=CARTESIAN_POINT('Ctrl Pts',(28.6568901348723,-10.8105994939891,-8.1159505448985));
#8467=CARTESIAN_POINT('Ctrl Pts',(25.7859034444859,-12.2142546973001,-9.54998038351793));
#8468=CARTESIAN_POINT('Ctrl Pts',(26.3956795778702,-12.127402721344,-9.56271704019736));
#8469=CARTESIAN_POINT('Ctrl Pts',(27.477434752458,-11.9738452082229,-9.22349835185609));
#8470=CARTESIAN_POINT('Ctrl Pts',(28.198593461589,-11.8718308357395,-8.35627765210629));
#8471=CARTESIAN_POINT('Ctrl Pts',(28.4021214307183,-11.8430397369461,-7.93202320148833));
#8472=CARTESIAN_POINT('Ctrl Pts',(25.82866843378,-12.5390870406114,-8.60883015717538));
#8473=CARTESIAN_POINT('Ctrl Pts',(26.2396045762216,-12.4850546559406,-8.6126127424032));
#8474=CARTESIAN_POINT('Ctrl Pts',(26.9622782678047,-12.3898420376195,-8.37674031517779));
#8475=CARTESIAN_POINT('Ctrl Pts',(27.4388717021481,-12.3270764774402,-7.79578931562468));
#8476=CARTESIAN_POINT('Ctrl Pts',(27.5732517747209,-12.3094082865271,-7.51290877045123));
#8477=CARTESIAN_POINT('Ctrl Pts',(25.82866843378,-12.5390870406114,-8.20633199895715));
#8478=CARTESIAN_POINT('Ctrl Pts',(26.1543286077369,-12.4962130653452,-8.20633199895714));
#8479=CARTESIAN_POINT('Ctrl Pts',(26.7226933143992,-12.4213864321726,-8.01485923214326));
#8480=CARTESIAN_POINT('Ctrl Pts',(27.0943185605375,-12.3724610403519,-7.55624337792267));
#8481=CARTESIAN_POINT('Ctrl Pts',(27.1990827505976,-12.3586685730728,-7.33370694340927));
#8482=CARTESIAN_POINT('',(25.8905323199626,-12.530942505485,-8.205061927963));
#8483=CARTESIAN_POINT('Ctrl Pts',(25.594547779497,-10.7607641179668,-10.));
#8484=CARTESIAN_POINT('Ctrl Pts',(25.6410781659775,-10.9897796975289,-10.));
#8485=CARTESIAN_POINT('Ctrl Pts',(25.683932399006,-11.2171997734219,-9.95443771343472));
#8486=CARTESIAN_POINT('Ctrl Pts',(25.7587726446495,-11.6428385268337,-9.77724421969077));
#8487=CARTESIAN_POINT('Ctrl Pts',(25.7900966386663,-11.8369343015208,-9.6474367412491));
#8488=CARTESIAN_POINT('Ctrl Pts',(25.8403368987529,-12.165731264633,-9.31967658766769));
#8489=CARTESIAN_POINT('Ctrl Pts',(25.8588378137434,-12.2972074773937,-9.12482820545795));
#8490=CARTESIAN_POINT('Ctrl Pts',(25.877772495499,-12.4350759995419,-8.79886778233492));
#8491=CARTESIAN_POINT('Ctrl Pts',(25.8825617479859,-12.470858223621,-8.68322392186212));
#8492=CARTESIAN_POINT('Ctrl Pts',(25.8889493197791,-12.518853506203,-8.44643660090627));
#8493=CARTESIAN_POINT('Ctrl Pts',(25.8905323199632,-12.5309425054849,-8.32590626147234));
#8494=CARTESIAN_POINT('Ctrl Pts',(25.8905323199632,-12.5309425054849,-8.20506192796295));
#8495=CARTESIAN_POINT('Ctrl Pts',(25.594547779497,-10.7607641179668,-10.));
#8496=CARTESIAN_POINT('Ctrl Pts',(26.2976413835224,-10.6412048647586,-10.));
#8497=CARTESIAN_POINT('Ctrl Pts',(27.5251941702682,-10.4344863961586,-9.58347346754332));
#8498=CARTESIAN_POINT('Ctrl Pts',(28.3281891224013,-10.3008504427572,-8.58580850104782));
#8499=CARTESIAN_POINT('Ctrl Pts',(28.554569681982,-10.2632192702495,-8.10170660522453));
#8500=CARTESIAN_POINT('Ctrl Pts',(25.890530647884,-12.5309427256183,-8.20502045352553));
#8501=CARTESIAN_POINT('Ctrl Pts',(26.1952185233864,-12.4908298058238,-8.19211987856681));
#8502=CARTESIAN_POINT('Ctrl Pts',(26.7361448444302,-12.4196155046476,-7.99825705666171));
#8503=CARTESIAN_POINT('Ctrl Pts',(27.0943185626831,-12.3724610400695,-7.55624337336568));
#8504=CARTESIAN_POINT('Ctrl Pts',(27.1990827505984,-12.3586685730727,-7.33370694340757));
#8505=CARTESIAN_POINT('Origin',(0.300000000000009,-15.899999999999,-6.68030299018108));
#8506=CARTESIAN_POINT('Ctrl Pts',(27.5875654824681,-6.6543104665339,-8.101706605226));
#8507=CARTESIAN_POINT('Ctrl Pts',(27.3726985850933,-6.73491119330828,-8.58580849113773));
#8508=CARTESIAN_POINT('Ctrl Pts',(27.0460290491126,-6.85738157353024,-9.01338127748405));
#8509=CARTESIAN_POINT('Ctrl Pts',(26.6451140533189,-7.00721743548804,-9.33421256491608));
#8510=CARTESIAN_POINT('Ctrl Pts',(26.1105607255921,-7.20699858476581,-9.76198761482697));
#8511=CARTESIAN_POINT('Ctrl Pts',(25.4440154693081,-7.45542947935208,-10.));
#8512=CARTESIAN_POINT('Ctrl Pts',(24.7753388952997,-7.70343494013097,-10.));
#8513=CARTESIAN_POINT('Ctrl Pts',(27.5875654824704,-6.65431046653305,-8.10170660522085));
#8514=CARTESIAN_POINT('Ctrl Pts',(27.3726985850956,-6.73491119330741,-8.5858084911347));
#8515=CARTESIAN_POINT('Ctrl Pts',(26.6104696678051,-7.0206754138261,-9.5834783259472));
#8516=CARTESIAN_POINT('Ctrl Pts',(25.4440154693081,-7.45542947935208,-10.));
#8517=CARTESIAN_POINT('Ctrl Pts',(24.7753388952997,-7.70343494013097,-10.));
#8518=CARTESIAN_POINT('Ctrl Pts',(27.4024874821304,-6.12910506080012,-8.11595054489479));
#8519=CARTESIAN_POINT('Ctrl Pts',(27.1834117755967,-6.21289794480455,-8.60479924569365));
#8520=CARTESIAN_POINT('Ctrl Pts',(26.4091367910985,-6.50881824463396,-9.60642986547644));
#8521=CARTESIAN_POINT('Ctrl Pts',(25.2378362290788,-6.95440383020435,-10.0082569062229));
#8522=CARTESIAN_POINT('Ctrl Pts',(24.569966393023,-7.20762185979588,-10.));
#8523=CARTESIAN_POINT('Ctrl Pts',(26.6656593317257,-5.36231419029505,-7.9320456760539));
#8524=CARTESIAN_POINT('Ctrl Pts',(26.4750033945857,-5.43914435032875,-8.35630011798751));
#8525=CARTESIAN_POINT('Ctrl Pts',(25.7994421722342,-5.7113831732719,-9.2235374490302));
#8526=CARTESIAN_POINT('Ctrl Pts',(24.7858059890715,-6.11929120703642,-9.56276132000732));
#8527=CARTESIAN_POINT('Ctrl Pts',(24.2142983575258,-6.348963264796,-9.55002466285017));
#8528=CARTESIAN_POINT('Ctrl Pts',(25.7146247374542,-5.37291775112272,-7.51290877044908));
#8529=CARTESIAN_POINT('Ctrl Pts',(25.5894140879507,-5.42480668417718,-7.79578930983205));
#8530=CARTESIAN_POINT('Ctrl Pts',(25.1452910958195,-5.60874618902998,-8.37674527396656));
#8531=CARTESIAN_POINT('Ctrl Pts',(24.4718292135215,-5.88762712642683,-8.61261274254507));
#8532=CARTESIAN_POINT('Ctrl Pts',(24.0889318681372,-6.04630178584704,-8.60883015717538));
#8533=CARTESIAN_POINT('Ctrl Pts',(25.3659547139812,-5.51734160363818,-7.33370694340757));
#8534=CARTESIAN_POINT('Ctrl Pts',(25.2683300323413,-5.55777907079578,-7.55624337336572));
#8535=CARTESIAN_POINT('Ctrl Pts',(24.9220318310678,-5.70122048238868,-8.01486146549927));
#8536=CARTESIAN_POINT('Ctrl Pts',(24.3923988507999,-5.92060164589574,-8.20633199895715));
#8537=CARTESIAN_POINT('Ctrl Pts',(24.0889318681372,-6.04630178584704,-8.20633199895714));
#8538=CARTESIAN_POINT('',(24.1465798326946,-6.02242321708419,-8.20506192796449));
#8539=CARTESIAN_POINT('Ctrl Pts',(24.1465798327119,-6.022423217077,-8.20506192796295));
#8540=CARTESIAN_POINT('Ctrl Pts',(24.1465798327119,-6.022423217077,-8.43913122004714));
#8541=CARTESIAN_POINT('Ctrl Pts',(24.1641888291267,-6.06464048100594,-8.67091714639555));
#8542=CARTESIAN_POINT('Ctrl Pts',(24.2313543165681,-6.22921621201006,-9.10353041775003));
#8543=CARTESIAN_POINT('Ctrl Pts',(24.2801568072799,-6.34987276695036,-9.30022842465399));
#8544=CARTESIAN_POINT('Ctrl Pts',(24.399661535309,-6.65558974358127,-9.63255671612021));
#8545=CARTESIAN_POINT('Ctrl Pts',(24.469122580688,-6.83768535429927,-9.76503947308665));
#8546=CARTESIAN_POINT('Ctrl Pts',(24.5809580821415,-7.14367176544175,-9.90375111216652));
#8547=CARTESIAN_POINT('Ctrl Pts',(24.619912982068,-7.2523590231778,-9.93969349865216));
#8548=CARTESIAN_POINT('Ctrl Pts',(24.698064598727,-7.47537599166116,-9.98787386919658));
#8549=CARTESIAN_POINT('Ctrl Pts',(24.7370562555223,-7.58912112995347,-10.));
#8550=CARTESIAN_POINT('Ctrl Pts',(24.7753388952998,-7.70343494013096,-10.));
#8551=CARTESIAN_POINT('Ctrl Pts',(25.3659547139804,-5.51734160363849,-7.33370694340927));
#8552=CARTESIAN_POINT('Ctrl Pts',(25.2683300303419,-5.55777907162396,-7.55624337792264));
#8553=CARTESIAN_POINT('Ctrl Pts',(24.9345681962899,-5.69602774989083,-7.99826173985674));
#8554=CARTESIAN_POINT('Ctrl Pts',(24.4305023659997,-5.90481865312587,-8.19212022152018));
#8555=CARTESIAN_POINT('Ctrl Pts',(24.1465782757914,-6.02242386197459,-8.20502048617203));
#8556=CARTESIAN_POINT('Origin',(0.300000000000009,-15.899999999999,-10.));
#8557=CARTESIAN_POINT('Ctrl Pts',(23.4025248409747,-4.3891686315631,-10.));
#8558=CARTESIAN_POINT('Ctrl Pts',(23.5067433365993,-4.59833774428753,-10.));
#8559=CARTESIAN_POINT('Ctrl Pts',(23.6069979939272,-4.80691717733824,-9.95443771343473));
#8560=CARTESIAN_POINT('Ctrl Pts',(23.7894515357567,-5.19868256101547,-9.77724421969078));
#8561=CARTESIAN_POINT('Ctrl Pts',(23.869943873623,-5.37805743633907,-9.64743674124911));
#8562=CARTESIAN_POINT('Ctrl Pts',(24.0035711543855,-5.68264777847326,-9.3196765876677));
#8563=CARTESIAN_POINT('Ctrl Pts',(24.0554702138252,-5.80485565877013,-9.12482820545797));
#8564=CARTESIAN_POINT('Ctrl Pts',(24.1094427111976,-5.93312576869407,-8.79886778233491));
#8565=CARTESIAN_POINT('Ctrl Pts',(24.1233298949311,-5.96644919329872,-8.68322392186209));
#8566=CARTESIAN_POINT('Ctrl Pts',(24.1419219087007,-6.01115585105269,-8.44643660090627));
#8567=CARTESIAN_POINT('Ctrl Pts',(24.1465798327119,-6.022423217077,-8.32590626147235));
#8568=CARTESIAN_POINT('Ctrl Pts',(24.1465798327119,-6.022423217077,-8.20506192796296));
#8569=CARTESIAN_POINT('Origin',(0.300000000000009,-15.899999999999,-10.));
#8570=CARTESIAN_POINT('Ctrl Pts',(25.8905323199632,-12.5309425054849,-8.20506192796295));
#8571=CARTESIAN_POINT('Ctrl Pts',(25.8905323199632,-12.5309425054849,-8.43913122004714));
#8572=CARTESIAN_POINT('Ctrl Pts',(25.8966146724384,-12.5762787946664,-8.67091714639555));
#8573=CARTESIAN_POINT('Ctrl Pts',(25.9188962178477,-12.7526304509471,-9.10353041775002));
#8574=CARTESIAN_POINT('Ctrl Pts',(25.9348075896785,-12.8818067475196,-9.30022842465399));
#8575=CARTESIAN_POINT('Ctrl Pts',(25.9711149168822,-13.2080367703762,-9.63255671612022));
#8576=CARTESIAN_POINT('Ctrl Pts',(25.9910793224514,-13.4019054650594,-9.76503947308665));
#8577=CARTESIAN_POINT('Ctrl Pts',(26.0199090108551,-13.7264107997702,-9.90375111216651));
#8578=CARTESIAN_POINT('Ctrl Pts',(26.0294062224926,-13.841476899007,-9.93969349865216));
#8579=CARTESIAN_POINT('Ctrl Pts',(26.0471738485652,-14.0771218753627,-9.98787386919657));
#8580=CARTESIAN_POINT('Ctrl Pts',(26.0553974887957,-14.1970830254328,-10.));
#8581=CARTESIAN_POINT('Ctrl Pts',(26.0627890880631,-14.3174099632559,-10.));
#8582=CARTESIAN_POINT('Ctrl Pts',(-11.2108313684359,7.20252484097573,-10.));
#8583=CARTESIAN_POINT('Ctrl Pts',(-11.508290754093,7.85071689965406,-10.));
#8584=CARTESIAN_POINT('Ctrl Pts',(-12.0256845021094,8.98294989828328,-9.58349093201504));
#8585=CARTESIAN_POINT('Ctrl Pts',(-12.3625923072076,9.72398519565119,-8.58580850104782));
#8586=CARTESIAN_POINT('Ctrl Pts',(-12.4575328288668,9.93291236058545,-8.10170660522453));
#8587=CARTESIAN_POINT('Ctrl Pts',(-10.7150182881008,7.40789734325251,-10.));
#8588=CARTESIAN_POINT('Ctrl Pts',(-11.0082213812859,8.05920479469193,-10.0082569059132));
#8589=CARTESIAN_POINT('Ctrl Pts',(-11.5213827059211,9.20252261686045,-9.60641408894663));
#8590=CARTESIAN_POINT('Ctrl Pts',(-11.8596272127214,9.95925831684372,-8.60479925570394));
#8591=CARTESIAN_POINT('Ctrl Pts',(-11.9552866158683,10.1734187554061,-8.11595054489849));
#8592=CARTESIAN_POINT('Ctrl Pts',(-9.85624317206924,7.7636136433413,-9.55017606928377));
#8593=CARTESIAN_POINT('Ctrl Pts',(-10.0979574152783,8.33013321334966,-9.5629127259632));
#8594=CARTESIAN_POINT('Ctrl Pts',(-10.5263068981349,9.33542391395108,-9.22366513678695));
#8595=CARTESIAN_POINT('Ctrl Pts',(-10.8115136888004,10.0056671823667,-8.35637697504059));
#8596=CARTESIAN_POINT('Ctrl Pts',(-10.8920006693139,10.1948084194236,-7.93212252442264));
#8597=CARTESIAN_POINT('Ctrl Pts',(-9.55369821415196,7.88893186813824,-8.60883015717538));
#8598=CARTESIAN_POINT('Ctrl Pts',(-9.71224758994629,8.27188109087303,-8.6126127424032));
#8599=CARTESIAN_POINT('Ctrl Pts',(-9.99126060370687,8.94529368459044,-8.37675812895861));
#8600=CARTESIAN_POINT('Ctrl Pts',(-10.1752359649051,9.3893964191184,-7.79578931562465));
#8601=CARTESIAN_POINT('Ctrl Pts',(-10.2270822488759,9.51462473745423,-7.51290877045123));
#8602=CARTESIAN_POINT('Ctrl Pts',(-9.55369821415196,7.88893186813824,-8.20633199895715));
#8603=CARTESIAN_POINT('Ctrl Pts',(-9.67939834938864,8.19239883941877,-8.20633199895715));
#8604=CARTESIAN_POINT('Ctrl Pts',(-9.89878102541621,8.72203547123425,-8.01486726037307));
#8605=CARTESIAN_POINT('Ctrl Pts',(-10.042220928375,9.0683300303429,-7.55624337792264));
#8606=CARTESIAN_POINT('Ctrl Pts',(-10.0826583963605,9.16595471398144,-7.33370694340927));
#8607=CARTESIAN_POINT('',(-9.57757678292177,7.94657983271235,-8.205061927963));
#8608=CARTESIAN_POINT('Ctrl Pts',(-11.2108313684359,7.20252484097573,-10.));
#8609=CARTESIAN_POINT('Ctrl Pts',(-11.0016622557115,7.30674333660033,-10.));
#8610=CARTESIAN_POINT('Ctrl Pts',(-10.7930828226607,7.40699799392821,-9.95443771343473));
#8611=CARTESIAN_POINT('Ctrl Pts',(-10.4013174389835,7.58945153575773,-9.77724421969078));
#8612=CARTESIAN_POINT('Ctrl Pts',(-10.2219425636599,7.66994387362398,-9.64743674124911));
#8613=CARTESIAN_POINT('Ctrl Pts',(-9.91735222152573,7.80357115438649,-9.3196765876677));
#8614=CARTESIAN_POINT('Ctrl Pts',(-9.79514434122886,7.85547021382619,-9.12482820545796));
#8615=CARTESIAN_POINT('Ctrl Pts',(-9.66687423130492,7.90944271119856,-8.79886778233491));
#8616=CARTESIAN_POINT('Ctrl Pts',(-9.63355080670027,7.92332989493207,-8.6832239218621));
#8617=CARTESIAN_POINT('Ctrl Pts',(-9.5888441489463,7.94192190870172,-8.44643660090626));
#8618=CARTESIAN_POINT('Ctrl Pts',(-9.57757678292199,7.94657983271291,-8.32590626147234));
#8619=CARTESIAN_POINT('Ctrl Pts',(-9.57757678292199,7.94657983271291,-8.20506192796296));
#8620=CARTESIAN_POINT('',(-12.457532828867,9.93291236058589,-8.10170660522477));
#8621=CARTESIAN_POINT('Ctrl Pts',(-11.2108313684359,7.20252484097573,-10.));
#8622=CARTESIAN_POINT('Ctrl Pts',(-11.508290754093,7.85071689965406,-10.));
#8623=CARTESIAN_POINT('Ctrl Pts',(-12.0256845021094,8.98294989828328,-9.58349093201504));
#8624=CARTESIAN_POINT('Ctrl Pts',(-12.3625923072076,9.72398519565119,-8.58580850104782));
#8625=CARTESIAN_POINT('Ctrl Pts',(-12.4575328288668,9.93291236058545,-8.10170660522453));
#8626=CARTESIAN_POINT('',(-10.0826583963694,9.16595471400283,-7.33370694341819));
#8627=CARTESIAN_POINT('Origin',(-11.7397915506444,8.47954768681892,-7.33370694340927));
#8628=CARTESIAN_POINT('Ctrl Pts',(-9.57757613856594,7.94657827709978,-8.20502052053297));
#8629=CARTESIAN_POINT('Ctrl Pts',(-9.6951814375508,8.23050258491597,-8.19212058159679));
#8630=CARTESIAN_POINT('Ctrl Pts',(-9.90397352139603,8.73457126545126,-7.99826664426583));
#8631=CARTESIAN_POINT('Ctrl Pts',(-10.0422209292032,9.06833003234229,-7.5562433733657));
#8632=CARTESIAN_POINT('Ctrl Pts',(-10.0826583963608,9.16595471398218,-7.33370694340758));
#8633=CARTESIAN_POINT('Origin',(-1.35713315428392,-16.5864070271615,5.54914669734926));
#8634=CARTESIAN_POINT('',(-12.4575328288621,9.93291236057462,19.2000000000056));
#8635=CARTESIAN_POINT('',(-9.9379355458705,8.81656284554317,19.2));
#8636=CARTESIAN_POINT('Ctrl Pts',(-12.4575328288633,9.932912360577,19.2));
#8637=CARTESIAN_POINT('Ctrl Pts',(-12.4248539211306,9.94905077472062,19.2));
#8638=CARTESIAN_POINT('Ctrl Pts',(-12.392226514659,9.96378544310668,19.2));
#8639=CARTESIAN_POINT('Ctrl Pts',(-12.3600957301648,9.97709444981385,19.2));
#8640=CARTESIAN_POINT('Ctrl Pts',(-12.1624670251344,10.0589549397517,19.2));
#8641=CARTESIAN_POINT('Ctrl Pts',(-11.9100069654154,10.1053854346023,19.2));
#8642=CARTESIAN_POINT('Ctrl Pts',(-11.4707123790104,10.096150107597,19.2));
#8643=CARTESIAN_POINT('Ctrl Pts',(-11.207398239264,10.0338848647116,19.2));
#8644=CARTESIAN_POINT('Ctrl Pts',(-10.7820977544715,9.84189525626549,19.2));
#8645=CARTESIAN_POINT('Ctrl Pts',(-10.5475321074846,9.67243270544217,19.2));
#8646=CARTESIAN_POINT('Ctrl Pts',(-10.203212101088,9.31274588356649,19.2));
#8647=CARTESIAN_POINT('Ctrl Pts',(-10.0362008921739,9.05379637730012,19.2));
#8648=CARTESIAN_POINT('Ctrl Pts',(-9.93793554587049,8.81656284554316,19.2));
#8649=CARTESIAN_POINT('Origin',(0.300000000000011,-15.899999999999,5.54914669734926));
#8650=CARTESIAN_POINT('Origin',(-1.45592164770053,-16.6273265609411,5.54914669734926));
#8651=CARTESIAN_POINT('Origin',(0.300000000000009,-15.899999999999,5.54914669734926));
#8652=CARTESIAN_POINT('',(-15.6931919435695,8.06480369970515,-8.10170660522601));
#8653=CARTESIAN_POINT('Origin',(0.300000000000196,-15.8999999999993,-8.10170660522653));
#8654=CARTESIAN_POINT('',(-15.6931919435627,8.06480369969633,19.2000000000056));
#8655=CARTESIAN_POINT('Origin',(1.80784410247329,-14.7429905265063,5.54914669734926));
#8656=CARTESIAN_POINT('Origin',(0.29999999999984,-15.8999999999987,19.2000000000062));
#8657=CARTESIAN_POINT('Origin',(0.300000000000009,-15.899999999999,-6.68030299018108));
#8658=CARTESIAN_POINT('Ctrl Pts',(-15.6931919435694,8.06480369970525,-8.101706605226));
#8659=CARTESIAN_POINT('Ctrl Pts',(-15.5597259747576,7.87811921745465,-8.58580849113774));
#8660=CARTESIAN_POINT('Ctrl Pts',(-15.3568824005765,7.5942812341778,-9.01338648422169));
#8661=CARTESIAN_POINT('Ctrl Pts',(-15.1083879249139,7.2458078733548,-9.33421851547338));
#8662=CARTESIAN_POINT('Ctrl Pts',(-14.7770619573626,6.78117672558914,-9.76199455714382));
#8663=CARTESIAN_POINT('Ctrl Pts',(-14.3645788316215,6.20163823996283,-10.));
#8664=CARTESIAN_POINT('Ctrl Pts',(-13.9519577196272,5.61993480423264,-10.));
#8665=CARTESIAN_POINT('Origin',(1.72301250000086,-14.8080841045169,5.54914669734926));
#8666=CARTESIAN_POINT('',(-15.9862035455388,5.32459368780364,19.2));
#8667=CARTESIAN_POINT('Ctrl Pts',(-15.9862035455388,5.32459368780364,19.2));
#8668=CARTESIAN_POINT('Ctrl Pts',(-16.1425211375182,5.52831073989254,19.2));
#8669=CARTESIAN_POINT('Ctrl Pts',(-16.2832723837852,5.80242144266214,19.2));
#8670=CARTESIAN_POINT('Ctrl Pts',(-16.4226103057378,6.28045472617064,19.2));
#8671=CARTESIAN_POINT('Ctrl Pts',(-16.4520863562474,6.56832581072805,19.2));
#8672=CARTESIAN_POINT('Ctrl Pts',(-16.4057039920281,7.03264163902332,19.2));
#8673=CARTESIAN_POINT('Ctrl Pts',(-16.3279702042665,7.29181099466202,19.2));
#8674=CARTESIAN_POINT('Ctrl Pts',(-16.1163209388629,7.67686892973636,19.2));
#8675=CARTESIAN_POINT('Ctrl Pts',(-15.9498809209524,7.87229050746864,19.2));
#8676=CARTESIAN_POINT('Ctrl Pts',(-15.7801733045848,8.00251174157311,19.2));
#8677=CARTESIAN_POINT('Ctrl Pts',(-15.7525819744302,8.02368331383499,19.2));
#8678=CARTESIAN_POINT('Ctrl Pts',(-15.7235076740557,8.04457214250597,19.2));
#8679=CARTESIAN_POINT('Ctrl Pts',(-15.6931919435642,8.06480369969855,19.2));
#8680=CARTESIAN_POINT('',(-16.2164243542371,5.62462328705522,-7.33370694340928));
#8681=CARTESIAN_POINT('Origin',(-14.7934118542503,6.71653918255566,-7.33370694341819));
#8682=CARTESIAN_POINT('Origin',(0.300000000000014,-15.899999999999,5.54914669734926));
#8683=CARTESIAN_POINT('Ctrl Pts',(-15.6931919435708,8.06480369970723,-8.10170660522085));
#8684=CARTESIAN_POINT('Ctrl Pts',(-15.5597259747591,7.87811921745667,-8.58580849113471));
#8685=CARTESIAN_POINT('Ctrl Pts',(-15.0864243016685,7.21583058980887,-9.58349047500169));
#8686=CARTESIAN_POINT('Ctrl Pts',(-14.3645788316215,6.20163823996282,-10.));
#8687=CARTESIAN_POINT('Ctrl Pts',(-13.9519577196272,5.61993480423263,-10.));
#8688=CARTESIAN_POINT('Ctrl Pts',(-16.1525996977573,7.7500989177064,-8.11595054489479));
#8689=CARTESIAN_POINT('Ctrl Pts',(-16.014961021868,7.56017522907739,-8.60479924569365));
#8690=CARTESIAN_POINT('Ctrl Pts',(-15.5287307815172,6.88887881105796,-9.60641464457569));
#8691=CARTESIAN_POINT('Ctrl Pts',(-14.7951693316904,5.8728094068964,-10.0082569062229));
#8692=CARTESIAN_POINT('Ctrl Pts',(-14.3777220640052,5.29323433227221,-10.));
#8693=CARTESIAN_POINT('Ctrl Pts',(-16.7027374893635,6.83995502134633,-7.93211179820253));
#8694=CARTESIAN_POINT('Ctrl Pts',(-16.5791798659553,6.67568063638245,-8.35636624013612));
#8695=CARTESIAN_POINT('Ctrl Pts',(-16.1413407107296,6.09356834508934,-9.22364958370441));
#8696=CARTESIAN_POINT('Ctrl Pts',(-15.4849182402142,5.21997261062907,-9.56289159367858));
#8697=CARTESIAN_POINT('Ctrl Pts',(-15.1151550085818,4.72738213207381,-9.55015493652143));
#8698=CARTESIAN_POINT('Ctrl Pts',(-16.4461695258456,5.92403302398317,-7.51290877044908));
#8699=CARTESIAN_POINT('Ctrl Pts',(-16.3636417645685,5.81651866800583,-7.79578930983203));
#8700=CARTESIAN_POINT('Ctrl Pts',(-16.0710250891819,5.43513981117344,-8.37675766598311));
#8701=CARTESIAN_POINT('Ctrl Pts',(-15.6273392964443,4.85680131964162,-8.61261274254507));
#8702=CARTESIAN_POINT('Ctrl Pts',(-15.374970219628,4.52801890875057,-8.60883015717538));
#8703=CARTESIAN_POINT('Ctrl Pts',(-16.2164243542376,5.62462328705586,-7.33370694340758));
#8704=CARTESIAN_POINT('Ctrl Pts',(-16.1520976334799,5.54079107241274,-7.5562433733657));
#8705=CARTESIAN_POINT('Ctrl Pts',(-15.9239176101747,5.24342107646599,-8.01486705028894));
#8706=CARTESIAN_POINT('Ctrl Pts',(-15.574930265848,4.78861191453897,-8.20633199895715));
#8707=CARTESIAN_POINT('Ctrl Pts',(-15.374970219628,4.52801890875058,-8.20633199895715));
#8708=CARTESIAN_POINT('',(-15.4129555370297,4.57752233818387,-8.20506192796449));
#8709=CARTESIAN_POINT('Ctrl Pts',(-15.4129555370412,4.57752233819878,-8.20506192796295));
#8710=CARTESIAN_POINT('Ctrl Pts',(-15.4129555370412,4.57752233819878,-8.43913122004715));
#8711=CARTESIAN_POINT('Ctrl Pts',(-15.3767343351342,4.6054579545478,-8.67091714639555));
#8712=CARTESIAN_POINT('Ctrl Pts',(-15.2351500935004,4.71293016704823,-9.10353041775002));
#8713=CARTESIAN_POINT('Ctrl Pts',(-15.1312358250171,4.79129796754899,-9.30022842465399));
#8714=CARTESIAN_POINT('Ctrl Pts',(-14.8668660013481,4.98585604667926,-9.63255671612022));
#8715=CARTESIAN_POINT('Ctrl Pts',(-14.7089529895385,5.10008007641522,-9.76503947308665));
#8716=CARTESIAN_POINT('Ctrl Pts',(-14.4423379702172,5.28729998631136,-9.90375111216652));
#8717=CARTESIAN_POINT('Ctrl Pts',(-14.3474364109825,5.35305786247299,-9.93969349865216));
#8718=CARTESIAN_POINT('Ctrl Pts',(-14.1522456882206,5.48626756619463,-9.98787386919658));
#8719=CARTESIAN_POINT('Ctrl Pts',(-14.0524681049079,5.55337002258087,-10.));
#8720=CARTESIAN_POINT('Ctrl Pts',(-13.9519577196272,5.61993480423265,-10.));
#8721=CARTESIAN_POINT('Ctrl Pts',(-16.2164243542371,5.62462328705523,-7.33370694340927));
#8722=CARTESIAN_POINT('Ctrl Pts',(-16.1520976321624,5.54079107069582,-7.55624337792265));
#8723=CARTESIAN_POINT('Ctrl Pts',(-15.932177243264,5.25418523987833,-7.99826537257121));
#8724=CARTESIAN_POINT('Ctrl Pts',(-15.6000374839679,4.8213322782342,-8.19212048789609));
#8725=CARTESIAN_POINT('Ctrl Pts',(-15.4129545117855,4.57752100205966,-8.20502051156094));
#8726=CARTESIAN_POINT('Origin',(0.300000000000009,-15.899999999999,-10.));
#8727=CARTESIAN_POINT('Ctrl Pts',(-9.577576782922,7.94657983271291,-8.20506192796295));
#8728=CARTESIAN_POINT('Ctrl Pts',(-9.577576782922,7.94657983271291,-8.43913122004715));
#8729=CARTESIAN_POINT('Ctrl Pts',(-9.53535951899305,7.96418882912772,-8.67091714639555));
#8730=CARTESIAN_POINT('Ctrl Pts',(-9.37078378798894,8.03135431656907,-9.10353041775002));
#8731=CARTESIAN_POINT('Ctrl Pts',(-9.25012723304864,8.08015680728085,-9.30022842465399));
#8732=CARTESIAN_POINT('Ctrl Pts',(-8.94441025641772,8.19966153531002,-9.63255671612022));
#8733=CARTESIAN_POINT('Ctrl Pts',(-8.76231464569971,8.26912258068898,-9.76503947308665));
#8734=CARTESIAN_POINT('Ctrl Pts',(-8.45632823455724,8.38095808214245,-9.90375111216652));
#8735=CARTESIAN_POINT('Ctrl Pts',(-8.34764097682121,8.41991298206902,-9.93969349865216));
#8736=CARTESIAN_POINT('Ctrl Pts',(-8.12462400833782,8.49806459872796,-9.98787386919658));
#8737=CARTESIAN_POINT('Ctrl Pts',(-8.01087887004551,8.53705625552324,-10.));
#8738=CARTESIAN_POINT('Ctrl Pts',(-7.89656505986803,8.57533889530075,-10.));
#8739=CARTESIAN_POINT('Origin',(0.300000000000009,-15.899999999999,-10.));
#8740=CARTESIAN_POINT('Ctrl Pts',(-16.7979827196289,3.43610301326852,-10.));
#8741=CARTESIAN_POINT('Ctrl Pts',(-16.622914603106,3.59090729978959,-10.));
#8742=CARTESIAN_POINT('Ctrl Pts',(-16.4473901565663,3.74173019219856,-9.95443771343472));
#8743=CARTESIAN_POINT('Ctrl Pts',(-16.1161963060983,4.01936312285718,-9.77724421969078));
#8744=CARTESIAN_POINT('Ctrl Pts',(-15.9637664314604,4.14353838476721,-9.64743674124911));
#8745=CARTESIAN_POINT('Ctrl Pts',(-15.7041400387614,4.35144620785111,-9.3196765876677));
#8746=CARTESIAN_POINT('Ctrl Pts',(-15.5995287560125,4.43320657660647,-9.12482820545796));
#8747=CARTESIAN_POINT('Ctrl Pts',(-15.4895984543278,4.51853875309348,-8.79886778233492));
#8748=CARTESIAN_POINT('Ctrl Pts',(-15.4610047655148,4.54057747945181,-8.6832239218621));
#8749=CARTESIAN_POINT('Ctrl Pts',(-15.4226334174336,4.57010692018425,-8.44643660090627));
#8750=CARTESIAN_POINT('Ctrl Pts',(-15.4129555370412,4.57752233819879,-8.32590626147235));
#8751=CARTESIAN_POINT('Ctrl Pts',(-15.4129555370412,4.57752233819879,-8.20506192796296));
#8752=CARTESIAN_POINT('Ctrl Pts',(-4.83923588203222,9.39454777949796,-10.));
#8753=CARTESIAN_POINT('Ctrl Pts',(-4.95879513524035,10.0976413835234,-10.));
#8754=CARTESIAN_POINT('Ctrl Pts',(-5.16551605436452,11.3252081032036,-9.58349432962258));
#8755=CARTESIAN_POINT('Ctrl Pts',(-5.29914955724177,12.1281891224023,-8.58580850104783));
#8756=CARTESIAN_POINT('Ctrl Pts',(-5.33678072974948,12.354569681983,-8.10170660522453));
#8757=CARTESIAN_POINT('Ctrl Pts',(-4.30716290779502,9.46459651545504,-10.));
#8758=CARTESIAN_POINT('Ctrl Pts',(-4.42180457520062,10.1695977482542,-10.0082569059132));
#8759=CARTESIAN_POINT('Ctrl Pts',(-4.6215683290995,11.4067758438058,-9.60640983221752));
#8760=CARTESIAN_POINT('Ctrl Pts',(-4.7524294181903,12.2252685609189,-8.60479925570395));
#8761=CARTESIAN_POINT('Ctrl Pts',(-4.78940050600986,12.4568901348733,-8.1159505448985));
#8762=CARTESIAN_POINT('Ctrl Pts',(-3.38551582449132,9.58593365586611,-9.55025824492924));
#8763=CARTESIAN_POINT('Ctrl Pts',(-3.47236780044741,10.1957097892504,-9.56299490160867));
#8764=CARTESIAN_POINT('Ctrl Pts',(-3.62593630245305,11.2776702058417,-9.22372871381514));
#8765=CARTESIAN_POINT('Ctrl Pts',(-3.72795451814791,11.9989212961422,-8.35641868439131));
#8766=CARTESIAN_POINT('Ctrl Pts',(-3.75674561694135,12.2024492652714,-7.93216423377336));
#8767=CARTESIAN_POINT('Ctrl Pts',(-3.06091295938764,9.62866843378103,-8.60883015717538));
#8768=CARTESIAN_POINT('Ctrl Pts',(-3.11494534405843,10.0396045762226,-8.6126127424032));
#8769=CARTESIAN_POINT('Ctrl Pts',(-3.21015945923277,10.7622863981461,-8.37676159452212));
#8770=CARTESIAN_POINT('Ctrl Pts',(-3.27292352255881,11.2388717021491,-7.79578931562466));
#8771=CARTESIAN_POINT('Ctrl Pts',(-3.29059171347187,11.3732517747219,-7.51290877045123));
#8772=CARTESIAN_POINT('Ctrl Pts',(-3.06091295938764,9.62866843378104,-8.20633199895715));
#8773=CARTESIAN_POINT('Ctrl Pts',(-3.1037869346538,9.95432860773784,-8.20633199895715));
#8774=CARTESIAN_POINT('Ctrl Pts',(-3.17861441851496,10.5226997760211,-8.0148688222167));
#8775=CARTESIAN_POINT('Ctrl Pts',(-3.22753895964707,10.8943185605385,-7.55624337792264));
#8776=CARTESIAN_POINT('Ctrl Pts',(-3.2413314269262,10.9990827505986,-7.33370694340927));
#8777=CARTESIAN_POINT('',(-3.06905749451404,9.69053231996359,-8.205061927963));
#8778=CARTESIAN_POINT('Ctrl Pts',(-4.83923588203222,9.39454777949796,-10.));
#8779=CARTESIAN_POINT('Ctrl Pts',(-4.61022030247015,9.44107816597848,-10.));
#8780=CARTESIAN_POINT('Ctrl Pts',(-4.38280022657705,9.48393239900702,-9.95443771343473));
#8781=CARTESIAN_POINT('Ctrl Pts',(-3.95716147316528,9.55877264465052,-9.77724421969078));
#8782=CARTESIAN_POINT('Ctrl Pts',(-3.76306569847823,9.59009663866728,-9.64743674124911));
#8783=CARTESIAN_POINT('Ctrl Pts',(-3.43426873536598,9.64033689875394,-9.3196765876677));
#8784=CARTESIAN_POINT('Ctrl Pts',(-3.30279252260529,9.65883781374441,-9.12482820545796));
#8785=CARTESIAN_POINT('Ctrl Pts',(-3.16492400045711,9.6777724955,-8.79886778233492));
#8786=CARTESIAN_POINT('Ctrl Pts',(-3.12914177637802,9.68256174798689,-8.68322392186211));
#8787=CARTESIAN_POINT('Ctrl Pts',(-3.08114649379599,9.68894931978012,-8.44643660090626));
#8788=CARTESIAN_POINT('Ctrl Pts',(-3.06905749451412,9.69053231996419,-8.32590626147234));
#8789=CARTESIAN_POINT('Ctrl Pts',(-3.06905749451412,9.69053231996419,-8.20506192796296));
#8790=CARTESIAN_POINT('',(-5.33678072974956,12.3545696819835,-8.10170660522477));
#8791=CARTESIAN_POINT('Ctrl Pts',(-4.83923588203222,9.39454777949796,-10.));
#8792=CARTESIAN_POINT('Ctrl Pts',(-4.95879513524035,10.0976413835234,-10.));
#8793=CARTESIAN_POINT('Ctrl Pts',(-5.16551605436452,11.3252081032036,-9.58349432962258));
#8794=CARTESIAN_POINT('Ctrl Pts',(-5.29914955724177,12.1281891224023,-8.58580850104783));
#8795=CARTESIAN_POINT('Ctrl Pts',(-5.33678072974948,12.354569681983,-8.10170660522453));
#8796=CARTESIAN_POINT('',(-3.24133142692923,10.9990827506216,-7.33370694341819));
#8797=CARTESIAN_POINT('Origin',(-5.01965434957078,10.7649620963155,-7.33370694340927));
#8798=CARTESIAN_POINT('Ctrl Pts',(-3.06905727482433,9.69053065125459,-8.20502053712973));
#8799=CARTESIAN_POINT('Ctrl Pts',(-3.10917026645188,9.99521907238329,-8.19212075572712));
#8800=CARTESIAN_POINT('Ctrl Pts',(-3.18038555376443,10.5361528838765,-7.9982690189783));
#8801=CARTESIAN_POINT('Ctrl Pts',(-3.22753895992954,10.8943185626841,-7.55624337336569));
#8802=CARTESIAN_POINT('Ctrl Pts',(-3.24133142692631,10.9990827505994,-7.33370694340758));
#8803=CARTESIAN_POINT('Origin',(-1.47832292264456,-16.1341206542821,5.54914669734926));
#8804=CARTESIAN_POINT('',(-5.33678072974775,12.3545696819713,19.2000000000056));
#8805=CARTESIAN_POINT('',(-3.19196915773951,10.6241390914104,19.2));
#8806=CARTESIAN_POINT('Ctrl Pts',(-5.33678072974827,12.3545696819739,19.2));
#8807=CARTESIAN_POINT('Ctrl Pts',(-5.30103839985628,12.3617002692962,19.2));
#8808=CARTESIAN_POINT('Ctrl Pts',(-5.26570913249894,12.367488271845,19.2));
#8809=CARTESIAN_POINT('Ctrl Pts',(-5.23122855352989,12.3720277261845,19.2));
#8810=CARTESIAN_POINT('Ctrl Pts',(-5.01914682948759,12.3999488148473,19.2));
#8811=CARTESIAN_POINT('Ctrl Pts',(-4.76327204135761,12.3794557573679,19.2));
#8812=CARTESIAN_POINT('Ctrl Pts',(-4.34133633351684,12.2568373111272,19.2));
#8813=CARTESIAN_POINT('Ctrl Pts',(-4.10310983621539,12.1285429907329,19.2));
#8814=CARTESIAN_POINT('Ctrl Pts',(-3.74199168114861,11.8330194042,19.2));
#8815=CARTESIAN_POINT('Ctrl Pts',(-3.55927880034852,11.608621093004,19.2));
#8816=CARTESIAN_POINT('Ctrl Pts',(-3.31978501343589,11.1720737271132,19.2));
#8817=CARTESIAN_POINT('Ctrl Pts',(-3.22548563740757,10.8787220296931,19.2));
#8818=CARTESIAN_POINT('Ctrl Pts',(-3.19196915773951,10.6241390914104,19.2));
#8819=CARTESIAN_POINT('Origin',(0.300000000000011,-15.899999999999,5.54914669734926));
#8820=CARTESIAN_POINT('Origin',(-1.58433603443473,-16.1480775452263,5.54914669734926));
#8821=CARTESIAN_POINT('Origin',(0.300000000000009,-15.899999999999,5.54914669734926));
#8822=CARTESIAN_POINT('',(-8.94568953346525,11.387565482469,-8.10170660522601));
#8823=CARTESIAN_POINT('Origin',(0.300000000000114,-15.8999999999993,-8.10170660522653));
#8824=CARTESIAN_POINT('',(-8.94568953346099,11.3875654824588,19.2000000000056));
#8825=CARTESIAN_POINT('Origin',(2.05592164770055,-15.1726734390569,5.54914669734926));
#8826=CARTESIAN_POINT('Origin',(0.299999999999914,-15.8999999999987,19.2000000000062));
#8827=CARTESIAN_POINT('Origin',(0.300000000000011,-15.899999999999,-6.68030299018108));
#8828=CARTESIAN_POINT('Ctrl Pts',(-8.94568953346509,11.3875654824691,-8.10170660522601));
#8829=CARTESIAN_POINT('Ctrl Pts',(-8.86508880669072,11.1726985850943,-8.58580849113774));
#8830=CARTESIAN_POINT('Ctrl Pts',(-8.74261986242707,10.8460329890607,-9.01338746155331));
#8831=CARTESIAN_POINT('Ctrl Pts',(-8.59278420560618,10.4451185561167,-9.33421963242381));
#8832=CARTESIAN_POINT('Ctrl Pts',(-8.39300332984427,9.91056597885603,-9.76199586025265));
#8833=CARTESIAN_POINT('Ctrl Pts',(-8.14457052064691,9.24401546930913,-10.));
#8834=CARTESIAN_POINT('Ctrl Pts',(-7.89656505986803,8.57533889530074,-10.));
#8835=CARTESIAN_POINT('Origin',(1.95713315428394,-15.2135929728365,5.54914669734926));
#8836=CARTESIAN_POINT('Ctrl Pts',(-9.9379355458705,8.81656284554317,19.2));
#8837=CARTESIAN_POINT('Ctrl Pts',(-10.0362008921739,9.05379637730012,19.2));
#8838=CARTESIAN_POINT('Ctrl Pts',(-10.1012110856824,9.35499608752335,19.2));
#8839=CARTESIAN_POINT('Ctrl Pts',(-10.1120770651129,9.8528040897963,19.2));
#8840=CARTESIAN_POINT('Ctrl Pts',(-10.0660422243394,10.1384951682585,19.2));
#8841=CARTESIAN_POINT('Ctrl Pts',(-9.90106652155028,10.5749851791468,19.2));
#8842=CARTESIAN_POINT('Ctrl Pts',(-9.75890348322978,10.8052045684203,19.2));
#8843=CARTESIAN_POINT('Ctrl Pts',(-9.45480566459627,11.1223631117577,19.2));
#8844=CARTESIAN_POINT('Ctrl Pts',(-9.24345812662743,11.268048014201,19.2));
#8845=CARTESIAN_POINT('Ctrl Pts',(-9.045829421597,11.3499085041389,19.2));
#8846=CARTESIAN_POINT('Ctrl Pts',(-9.01369863710284,11.363217510846,19.2));
#8847=CARTESIAN_POINT('Ctrl Pts',(-8.98020859279991,11.3758695872803,19.2));
#8848=CARTESIAN_POINT('Ctrl Pts',(-8.94568953346185,11.3875654824613,19.2));
#8849=CARTESIAN_POINT('Origin',(-8.42552524208544,9.85236174116534,-7.33370694341819));
#8850=CARTESIAN_POINT('Ctrl Pts',(-8.94568953346595,11.3875654824714,-8.10170660522085));
#8851=CARTESIAN_POINT('Ctrl Pts',(-8.86508880669159,11.1726985850966,-8.58580849113471));
#8852=CARTESIAN_POINT('Ctrl Pts',(-8.5793279367423,10.4104788610162,-9.58349275544214));
#8853=CARTESIAN_POINT('Ctrl Pts',(-8.14457052064691,9.24401546930913,-10.));
#8854=CARTESIAN_POINT('Ctrl Pts',(-7.89656505986803,8.57533889530073,-10.));
#8855=CARTESIAN_POINT('Ctrl Pts',(-9.47089493919887,11.2024874821314,-8.11595054489479));
#8856=CARTESIAN_POINT('Ctrl Pts',(-9.38710205519444,10.9834117755977,-8.60479924569364));
#8857=CARTESIAN_POINT('Ctrl Pts',(-9.09118442894203,10.209144856485,-9.6064117875338));
#8858=CARTESIAN_POINT('Ctrl Pts',(-8.64559616979464,9.03783622907983,-10.0082569062229));
#8859=CARTESIAN_POINT('Ctrl Pts',(-8.39237814020312,8.36996639302395,-10.));
#8860=CARTESIAN_POINT('Ctrl Pts',(-10.2379145967583,10.4657748285292,-7.9321379167157));
#8861=CARTESIAN_POINT('Ctrl Pts',(-10.1610844367246,10.2751188913892,-8.35639235864929));
#8862=CARTESIAN_POINT('Ctrl Pts',(-9.88881775612106,9.59950449425395,-9.22368962166119));
#8863=CARTESIAN_POINT('Ctrl Pts',(-9.4808486525029,8.58574805735409,-9.56294305229977));
#8864=CARTESIAN_POINT('Ctrl Pts',(-9.25117659474332,8.01424042580835,-9.55020639514263));
#8865=CARTESIAN_POINT('Ctrl Pts',(-10.2270822488763,9.51462473745518,-7.51290877044908));
#8866=CARTESIAN_POINT('Ctrl Pts',(-10.1751933158218,9.38941408795165,-7.79578930983203));
#8867=CARTESIAN_POINT('Ctrl Pts',(-9.99125572607431,8.94529648350239,-8.37675999202879));
#8868=CARTESIAN_POINT('Ctrl Pts',(-9.71237287357216,8.27182921352246,-8.61261274254507));
#8869=CARTESIAN_POINT('Ctrl Pts',(-9.55369821415196,7.88893186813822,-8.60883015717538));
#8870=CARTESIAN_POINT('Ctrl Pts',(-10.0826583963608,9.16595471398218,-7.33370694340758));
#8871=CARTESIAN_POINT('Ctrl Pts',(-10.0422209292032,9.06833003234229,-7.5562433733657));
#8872=CARTESIAN_POINT('Ctrl Pts',(-9.89878124267168,8.72203599573531,-8.01486809858289));
#8873=CARTESIAN_POINT('Ctrl Pts',(-9.67939835410326,8.19239885080085,-8.20633199895715));
#8874=CARTESIAN_POINT('Ctrl Pts',(-9.55369821415196,7.88893186813823,-8.20633199895715));
#8875=CARTESIAN_POINT('Origin',(0.300000000000009,-15.899999999999,-10.));
#8876=CARTESIAN_POINT('Ctrl Pts',(-3.06905749451412,9.69053231996419,-8.20506192796296));
#8877=CARTESIAN_POINT('Ctrl Pts',(-3.06905749451412,9.69053231996419,-8.43913122004716));
#8878=CARTESIAN_POINT('Ctrl Pts',(-3.02372120533259,9.69661467243935,-8.67091714639556));
#8879=CARTESIAN_POINT('Ctrl Pts',(-2.8473695490519,9.7188962178487,-9.10353041775002));
#8880=CARTESIAN_POINT('Ctrl Pts',(-2.71819325247935,9.73480758967945,-9.30022842465399));
#8881=CARTESIAN_POINT('Ctrl Pts',(-2.39196322962278,9.77111491688323,-9.63255671612022));
#8882=CARTESIAN_POINT('Ctrl Pts',(-2.19809453493958,9.79107932245241,-9.76503947308666));
#8883=CARTESIAN_POINT('Ctrl Pts',(-1.87358920022881,9.81990901085607,-9.90375111216652));
#8884=CARTESIAN_POINT('Ctrl Pts',(-1.75852310099197,9.82940622249359,-9.93969349865216));
#8885=CARTESIAN_POINT('Ctrl Pts',(-1.52287812463631,9.84717384856617,-9.98787386919658));
#8886=CARTESIAN_POINT('Ctrl Pts',(-1.40291697456623,9.85539748879667,-10.));
#8887=CARTESIAN_POINT('Ctrl Pts',(-1.28259003674307,9.86278908806412,-10.));
#8888=CARTESIAN_POINT('Ctrl Pts',(23.4025248409747,-4.3891686315631,-10.));
#8889=CARTESIAN_POINT('Ctrl Pts',(24.0507168996531,-4.09170924590598,-10.));
#8890=CARTESIAN_POINT('Ctrl Pts',(25.182944223013,-3.57431814131613,-9.58348169944477));
#8891=CARTESIAN_POINT('Ctrl Pts',(25.9239851956502,-3.23740769279142,-8.58580850104783));
#8892=CARTESIAN_POINT('Ctrl Pts',(26.1329123605845,-3.14246717113222,-8.10170660522454));
#8893=CARTESIAN_POINT('Ctrl Pts',(23.6078973432515,-4.88498171189819,-10.));
#8894=CARTESIAN_POINT('Ctrl Pts',(24.2592047946909,-4.59177861871312,-10.0082569059132));
#8895=CARTESIAN_POINT('Ctrl Pts',(25.4025177581575,-4.07861973353112,-9.60642565607155));
#8896=CARTESIAN_POINT('Ctrl Pts',(26.1592583168427,-3.7403727872776,-8.60479925570395));
#8897=CARTESIAN_POINT('Ctrl Pts',(26.3734187554051,-3.64471338413067,-8.1159505448985));
#8898=CARTESIAN_POINT('Ctrl Pts',(23.9635772886193,-5.7436690598692,-9.55006202421534));
#8899=CARTESIAN_POINT('Ctrl Pts',(24.5300968586277,-5.50195481666014,-9.56279868089477));
#8900=CARTESIAN_POINT('Ctrl Pts',(25.5353070043386,-5.07363163294854,-9.22356927527712));
#8901=CARTESIAN_POINT('Ctrl Pts',(26.2055144095557,-4.78843603968634,-8.35631908993692));
#8902=CARTESIAN_POINT('Ctrl Pts',(26.3946556466126,-4.70794905917284,-7.93206463931898));
#8903=CARTESIAN_POINT('Ctrl Pts',(24.0889318681373,-6.04630178584703,-8.60883015717538));
#8904=CARTESIAN_POINT('Ctrl Pts',(24.471881090872,-5.88775241005269,-8.6126127424032));
#8905=CARTESIAN_POINT('Ctrl Pts',(25.1452903805387,-5.60874096741461,-8.37674871172653));
#8906=CARTESIAN_POINT('Ctrl Pts',(25.5893964191174,-5.42476403509393,-7.79578931562465));
#8907=CARTESIAN_POINT('Ctrl Pts',(25.7146247374532,-5.37291775112312,-7.51290877045123));
#8908=CARTESIAN_POINT('Ctrl Pts',(24.0889318681373,-6.04630178584703,-8.20633199895715));
#8909=CARTESIAN_POINT('Ctrl Pts',(24.3923988394178,-5.92060165061035,-8.20633199895715));
#8910=CARTESIAN_POINT('Ctrl Pts',(24.9220328065028,-5.70122007835028,-8.01486301625982));
#8911=CARTESIAN_POINT('Ctrl Pts',(25.2683300303419,-5.55777907162396,-7.55624337792264));
#8912=CARTESIAN_POINT('Ctrl Pts',(25.3659547139804,-5.51734160363849,-7.33370694340927));
#8913=CARTESIAN_POINT('Ctrl Pts',(23.4025248409747,-4.3891686315631,-10.));
#8914=CARTESIAN_POINT('Ctrl Pts',(24.0507168996531,-4.09170924590598,-10.));
#8915=CARTESIAN_POINT('Ctrl Pts',(25.182944223013,-3.57431814131613,-9.58348169944477));
#8916=CARTESIAN_POINT('Ctrl Pts',(25.9239851956502,-3.23740769279142,-8.58580850104783));
#8917=CARTESIAN_POINT('Ctrl Pts',(26.1329123605845,-3.14246717113222,-8.10170660522454));
#8918=CARTESIAN_POINT('Origin',(0.300000000000009,-15.899999999999,-6.68030299018108));
#8919=CARTESIAN_POINT('Ctrl Pts',(24.2648036997043,0.0931919435703638,-8.10170660522601));
#8920=CARTESIAN_POINT('Ctrl Pts',(24.0781192174537,-0.0402740252413542,
-8.58580849113774));
#8921=CARTESIAN_POINT('Ctrl Pts',(23.7942807783493,-0.243117918890967,-9.01338566336166));
#8922=CARTESIAN_POINT('Ctrl Pts',(23.4458073524081,-0.491612440191907,-9.33421757734763));
#8923=CARTESIAN_POINT('Ctrl Pts',(22.9811761178181,-0.822938468594336,-9.76199346266378));
#8924=CARTESIAN_POINT('Ctrl Pts',(22.4016382399618,-1.23542116837748,-10.));
#8925=CARTESIAN_POINT('Ctrl Pts',(21.8199348042316,-1.64804228037179,-10.));
#8926=CARTESIAN_POINT('Ctrl Pts',(24.2648036997062,0.0931919435717846,-8.10170660522085));
#8927=CARTESIAN_POINT('Ctrl Pts',(24.0781192174557,-0.0402740252399149,
-8.58580849113471));
#8928=CARTESIAN_POINT('Ctrl Pts',(23.4158295262103,-0.513576443756978,-9.58348855966161));
#8929=CARTESIAN_POINT('Ctrl Pts',(22.4016382399618,-1.23542116837748,-10.));
#8930=CARTESIAN_POINT('Ctrl Pts',(21.8199348042316,-1.6480422803718,-10.));
#8931=CARTESIAN_POINT('Ctrl Pts',(23.9500989177054,0.552599697758358,-8.11595054489479));
#8932=CARTESIAN_POINT('Ctrl Pts',(23.7601752290764,0.414961021869023,-8.60479924569364));
#8933=CARTESIAN_POINT('Ctrl Pts',(23.0888778688052,-0.0712698383612391,
-9.60641704420284));
#8934=CARTESIAN_POINT('Ctrl Pts',(22.0728094068954,-0.804830668308557,-10.0082569062229));
#8935=CARTESIAN_POINT('Ctrl Pts',(21.4932343322712,-1.22227793599379,-10.));
#8936=CARTESIAN_POINT('Ctrl Pts',(23.0399485621867,1.10270653241643,-7.93210041649515));
#8937=CARTESIAN_POINT('Ctrl Pts',(22.8756741772228,0.979148909008257,-8.35635485842873));
#8938=CARTESIAN_POINT('Ctrl Pts',(22.2935672738188,0.541314723543418,-9.22363050748381));
#8939=CARTESIAN_POINT('Ctrl Pts',(21.4199839818958,-0.115096579109406,-9.56286916947071));
#8940=CARTESIAN_POINT('Ctrl Pts',(20.9273935033405,-0.4848598107418,-9.55013251231357));
#8941=CARTESIAN_POINT('Ctrl Pts',(22.1240330239822,0.846169525846599,-7.51290877044908));
#8942=CARTESIAN_POINT('Ctrl Pts',(22.0165186680048,0.763641764569549,-7.79578930983202));
#8943=CARTESIAN_POINT('Ctrl Pts',(21.6351391861849,0.471024658543594,-8.37675571233923));
#8944=CARTESIAN_POINT('Ctrl Pts',(21.0568013196406,0.0273392964452857,-8.61261274254508));
#8945=CARTESIAN_POINT('Ctrl Pts',(20.7280189087496,-0.225029780370942,-8.60883015717538));
#8946=CARTESIAN_POINT('Ctrl Pts',(21.8246232870549,0.616424354238593,-7.33370694340758));
#8947=CARTESIAN_POINT('Ctrl Pts',(21.7407910724118,0.552097633480888,-7.55624337336569));
#8948=CARTESIAN_POINT('Ctrl Pts',(21.4434206017573,0.32391724591969,-8.01486616982771));
#8949=CARTESIAN_POINT('Ctrl Pts',(20.988611914538,-0.0250697341509502,-8.20633199895715));
#8950=CARTESIAN_POINT('Ctrl Pts',(20.7280189087496,-0.22502978037094,-8.20633199895715));
#8951=CARTESIAN_POINT('',(20.7775223381829,-0.187044462969275,-8.20506192796449));
#8952=CARTESIAN_POINT('Ctrl Pts',(20.7775223381978,-0.187044462957819,-8.20506192796296));
#8953=CARTESIAN_POINT('Ctrl Pts',(20.7775223381978,-0.18704446295782,-8.43913122004715));
#8954=CARTESIAN_POINT('Ctrl Pts',(20.8054579545468,-0.223265664864757,-8.67091714639555));
#8955=CARTESIAN_POINT('Ctrl Pts',(20.9129301670472,-0.364849906498625,-9.10353041775003));
#8956=CARTESIAN_POINT('Ctrl Pts',(20.991297967548,-0.468764174981869,-9.300228424654));
#8957=CARTESIAN_POINT('Ctrl Pts',(21.1858560466783,-0.733133998650938,-9.63255671612022));
#8958=CARTESIAN_POINT('Ctrl Pts',(21.3000800764142,-0.891047010460536,-9.76503947308666));
#8959=CARTESIAN_POINT('Ctrl Pts',(21.4872999863104,-1.15766202978181,-9.90375111216652));
#8960=CARTESIAN_POINT('Ctrl Pts',(21.553057862472,-1.25256358901653,-9.93969349865216));
#8961=CARTESIAN_POINT('Ctrl Pts',(21.6862675661936,-1.44775431177843,-9.98787386919658));
#8962=CARTESIAN_POINT('Ctrl Pts',(21.7533700225799,-1.54753189509108,-10.));
#8963=CARTESIAN_POINT('Ctrl Pts',(21.8199348042317,-1.64804228037179,-10.));
#8964=CARTESIAN_POINT('Ctrl Pts',(21.8246232870542,0.616424354238092,-7.33370694340927));
#8965=CARTESIAN_POINT('Ctrl Pts',(21.7407910706948,0.552097632163435,-7.55624337792263));
#8966=CARTESIAN_POINT('Ctrl Pts',(21.4541850660559,0.332177109887134,-7.99826504935512));
#8967=CARTESIAN_POINT('Ctrl Pts',(21.0213322663633,3.74748607933455E-5,
-8.19212046419564));
#8968=CARTESIAN_POINT('Ctrl Pts',(20.7775210019858,-0.187045488269352,-8.205020509302));
#8969=CARTESIAN_POINT('Origin',(0.300000000000009,-15.899999999999,-10.));
#8970=CARTESIAN_POINT('Ctrl Pts',(19.6361030132675,1.19798271962991,-10.));
#8971=CARTESIAN_POINT('Ctrl Pts',(19.7909072997886,1.022914603107,-10.));
#8972=CARTESIAN_POINT('Ctrl Pts',(19.9417301921976,0.847390156567269,-9.95443771343473));
#8973=CARTESIAN_POINT('Ctrl Pts',(20.2193631228562,0.516196306099279,-9.77724421969078));
#8974=CARTESIAN_POINT('Ctrl Pts',(20.3435383847662,0.363766431461441,-9.6474367412491));
#8975=CARTESIAN_POINT('Ctrl Pts',(20.5514462078501,0.104140038762395,-9.3196765876677));
#8976=CARTESIAN_POINT('Ctrl Pts',(20.6332065766055,-0.000471243986488708,
-9.12482820545796));
#8977=CARTESIAN_POINT('Ctrl Pts',(20.7185387530925,-0.110401545671237,-8.79886778233493));
#8978=CARTESIAN_POINT('Ctrl Pts',(20.7405774794508,-0.138995234484196,-8.68322392186213));
#8979=CARTESIAN_POINT('Ctrl Pts',(20.7701069201833,-0.177366582565438,-8.44643660090626));
#8980=CARTESIAN_POINT('Ctrl Pts',(20.7775223381978,-0.187044462957831,-8.32590626147234));
#8981=CARTESIAN_POINT('Ctrl Pts',(20.7775223381978,-0.187044462957831,-8.20506192796296));
#8982=CARTESIAN_POINT('Ctrl Pts',(19.6361030132675,1.1979827196299,-10.));
#8983=CARTESIAN_POINT('Ctrl Pts',(20.1852203089878,1.65307087217835,-10.));
#8984=CARTESIAN_POINT('Ctrl Pts',(21.144961127434,2.44587754757285,-9.58348916063038));
#8985=CARTESIAN_POINT('Ctrl Pts',(21.7735490234533,2.96310031736139,-8.58580850104782));
#8986=CARTESIAN_POINT('Ctrl Pts',(21.9507847527193,3.10888014851762,-8.10170660522453));
#8987=CARTESIAN_POINT('Ctrl Pts',(19.9628034852279,0.772218375251885,-10.));
#8988=CARTESIAN_POINT('Ctrl Pts',(20.5160316288285,1.2240015879569,-10.0082569059132));
#8989=CARTESIAN_POINT('Ctrl Pts',(21.4875751375907,2.01558909809358,-9.60641630824494));
#8990=CARTESIAN_POINT('Ctrl Pts',(22.1309823529196,2.5381665074406,-8.60479925570394));
#8991=CARTESIAN_POINT('Ctrl Pts',(22.3130869761189,2.68599519567507,-8.1159505448985));
#8992=CARTESIAN_POINT('Ctrl Pts',(20.5286464461799,0.0347974714957276,-9.55013671667219));
#8993=CARTESIAN_POINT('Ctrl Pts',(21.0133020803341,0.414901555734724,-9.56287337335162));
#8994=CARTESIAN_POINT('Ctrl Pts',(21.8734494596773,1.08882828209107,-9.22363451043358));
#8995=CARTESIAN_POINT('Ctrl Pts',(22.4470262066149,1.53778119584345,-8.35635700109491));
#8996=CARTESIAN_POINT('Ctrl Pts',(22.6088910488648,1.66447900336604,-7.93210255047697));
#8997=CARTESIAN_POINT('Ctrl Pts',(20.7280189087496,-0.225029780370953,-8.60883015717538));
#8998=CARTESIAN_POINT('Ctrl Pts',(21.0568838551018,0.0272317086017814,-8.6126127424032));
#8999=CARTESIAN_POINT('Ctrl Pts',(21.6351360550241,0.47102913369002,-8.37675632214426));
#9000=CARTESIAN_POINT('Ctrl Pts',(22.0164905628275,0.76367838738996,-7.79578931562464));
#9001=CARTESIAN_POINT('Ctrl Pts',(22.1240330239814,0.846169525845959,-7.51290877045123));
#9002=CARTESIAN_POINT('Ctrl Pts',(20.7280189087496,-0.225029780370952,-8.20633199895715));
#9003=CARTESIAN_POINT('Ctrl Pts',(20.988611904764,-0.0250697416508288,-8.20633199895715));
#9004=CARTESIAN_POINT('Ctrl Pts',(21.4434207522311,0.32391736138234,-8.01486644608659));
#9005=CARTESIAN_POINT('Ctrl Pts',(21.7407910706948,0.552097632163435,-7.55624337792263));
#9006=CARTESIAN_POINT('Ctrl Pts',(21.8246232870542,0.616424354238092,-7.33370694340927));
#9007=CARTESIAN_POINT('Ctrl Pts',(19.6361030132675,1.1979827196299,-10.));
#9008=CARTESIAN_POINT('Ctrl Pts',(20.1852203089878,1.65307087217835,-10.));
#9009=CARTESIAN_POINT('Ctrl Pts',(21.144961127434,2.44587754757285,-9.58348916063038));
#9010=CARTESIAN_POINT('Ctrl Pts',(21.7735490234533,2.96310031736139,-8.58580850104782));
#9011=CARTESIAN_POINT('Ctrl Pts',(21.9507847527193,3.10888014851762,-8.10170660522453));
#9012=CARTESIAN_POINT('Origin',(0.300000000000009,-15.899999999999,-6.68030299018108));
#9013=CARTESIAN_POINT('Ctrl Pts',(19.3088801485162,5.75078475271971,-8.10170660522601));
#9014=CARTESIAN_POINT('Ctrl Pts',(19.1631003203445,5.57354902708222,-8.58580849113774));
#9015=CARTESIAN_POINT('Ctrl Pts',(18.941433415196,5.30415420991122,-9.01338591773027));
#9016=CARTESIAN_POINT('Ctrl Pts',(18.6691490638512,4.97393539363281,-9.33421786805462));
#9017=CARTESIAN_POINT('Ctrl Pts',(18.3061032620569,4.53364363859338,-9.76199380182192));
#9018=CARTESIAN_POINT('Ctrl Pts',(17.8530708892463,3.98522032958448,-10.));
#9019=CARTESIAN_POINT('Ctrl Pts',(17.3979827196289,3.4361030132685,-10.));
#9020=CARTESIAN_POINT('Origin',(1.72301250000086,-16.9919158954811,5.54914669734926));
#9021=CARTESIAN_POINT('',(16.5862035455389,5.32459368780363,19.2));
#9022=CARTESIAN_POINT('Ctrl Pts',(16.5862035455389,5.32459368780364,19.2));
#9023=CARTESIAN_POINT('Ctrl Pts',(16.7425211375182,5.52831073989254,19.2));
#9024=CARTESIAN_POINT('Ctrl Pts',(16.9708626414298,5.73521107408745,19.2));
#9025=CARTESIAN_POINT('Ctrl Pts',(17.3965440278901,5.99352528944776,19.2));
#9026=CARTESIAN_POINT('Ctrl Pts',(17.6669771798596,6.09650348710983,19.2));
#9027=CARTESIAN_POINT('Ctrl Pts',(18.1274764691816,6.1718753429314,19.2));
#9028=CARTESIAN_POINT('Ctrl Pts',(18.3979338278964,6.1638682349034,19.2));
#9029=CARTESIAN_POINT('Ctrl Pts',(18.8246500927707,6.05909107040006,19.2));
#9030=CARTESIAN_POINT('Ctrl Pts',(19.0564906882189,5.94890118471343,19.2));
#9031=CARTESIAN_POINT('Ctrl Pts',(19.2261983045865,5.81867995060897,19.2));
#9032=CARTESIAN_POINT('Ctrl Pts',(19.2537896347411,5.79750837834708,19.2));
#9033=CARTESIAN_POINT('Ctrl Pts',(19.2814916764953,5.77483118742402,19.2));
#9034=CARTESIAN_POINT('Ctrl Pts',(19.3088801485111,5.75078475271301,19.2));
#9035=CARTESIAN_POINT('',(16.8164243542371,5.62462328705521,-7.33370694340928));
#9036=CARTESIAN_POINT('Origin',(18.2394368542521,4.53270739159152,-7.33370694341819));
#9037=CARTESIAN_POINT('Origin',(0.300000000000014,-15.899999999999,5.54914669734926));
#9038=CARTESIAN_POINT('Ctrl Pts',(19.3088801485178,5.75078475272159,-8.10170660522085));
#9039=CARTESIAN_POINT('Ctrl Pts',(19.1631003203461,5.57354902708413,-8.58580849113471));
#9040=CARTESIAN_POINT('Ctrl Pts',(18.6458775416648,4.94496112035007,-9.58348915318837));
#9041=CARTESIAN_POINT('Ctrl Pts',(17.8530708892463,3.98522032958447,-10.));
#9042=CARTESIAN_POINT('Ctrl Pts',(17.3979827196289,3.43610301326849,-10.));
#9043=CARTESIAN_POINT('Ctrl Pts',(18.8859951956752,6.11308697612121,-8.11595054489479));
#9044=CARTESIAN_POINT('Ctrl Pts',(18.7381665104672,5.93098235665016,-8.60479924569365));
#9045=CARTESIAN_POINT('Ctrl Pts',(18.215589092326,5.28757513056453,-9.60641630060493));
#9046=CARTESIAN_POINT('Ctrl Pts',(17.4240016049009,4.31603164957934,-10.0082569062229));
#9047=CARTESIAN_POINT('Ctrl Pts',(16.9722183752509,3.76280348522891,-10.));
#9048=CARTESIAN_POINT('Ctrl Pts',(17.864479003366,6.40889104886697,-7.93210255047375));
#9049=CARTESIAN_POINT('Ctrl Pts',(17.7377811984373,6.24702620993096,-8.35635699240734));
#9050=CARTESIAN_POINT('Ctrl Pts',(17.288828277312,5.67344945359599,-9.22363450371076));
#9051=CARTESIAN_POINT('Ctrl Pts',(16.6149015699902,4.81330209851296,-9.56287337382934));
#9052=CARTESIAN_POINT('Ctrl Pts',(16.2347974714947,4.32864644618084,-9.55013671667219));
#9053=CARTESIAN_POINT('Ctrl Pts',(17.0461695258456,5.92403302398316,-7.51290877044908));
#9054=CARTESIAN_POINT('Ctrl Pts',(16.9636783890784,5.81649056503097,-7.79578930983203));
#9055=CARTESIAN_POINT('Ctrl Pts',(16.6710291304679,5.43513605082576,-8.37675631773559));
#9056=CARTESIAN_POINT('Ctrl Pts',(16.2272317180623,4.85688386743742,-8.61261274254507));
#9057=CARTESIAN_POINT('Ctrl Pts',(15.9749702196281,4.52801890875056,-8.60883015717538));
#9058=CARTESIAN_POINT('Ctrl Pts',(16.8164243542376,5.62462328705585,-7.33370694340758));
#9059=CARTESIAN_POINT('Ctrl Pts',(16.7520976334799,5.54079107241273,-7.5562433733657));
#9060=CARTESIAN_POINT('Ctrl Pts',(16.5239173587946,5.24342074886096,-8.01486644266557));
#9061=CARTESIAN_POINT('Ctrl Pts',(16.1749302658481,4.78861191453896,-8.20633199895715));
#9062=CARTESIAN_POINT('Ctrl Pts',(15.9749702196281,4.52801890875056,-8.20633199895715));
#9063=CARTESIAN_POINT('',(16.0129555370297,4.57752233818387,-8.20506192796449));
#9064=CARTESIAN_POINT('Ctrl Pts',(16.0129555370412,4.57752233819878,-8.20506192796296));
#9065=CARTESIAN_POINT('Ctrl Pts',(16.0129555370412,4.57752233819878,-8.43913122004715));
#9066=CARTESIAN_POINT('Ctrl Pts',(16.049314007236,4.54976561336544,-8.67091714639555));
#9067=CARTESIAN_POINT('Ctrl Pts',(16.1897688911199,4.44082159319015,-9.10353041775003));
#9068=CARTESIAN_POINT('Ctrl Pts',(16.2923613653144,4.36073119683464,-9.30022842465399));
#9069=CARTESIAN_POINT('Ctrl Pts',(16.5487139839755,4.15572489271868,-9.63255671612022));
#9070=CARTESIAN_POINT('Ctrl Pts',(16.6999168192061,4.03275599060872,-9.76503947308665));
#9071=CARTESIAN_POINT('Ctrl Pts',(16.949762410081,3.82368173607324,-9.90375111216652));
#9072=CARTESIAN_POINT('Ctrl Pts',(17.0378419718873,3.74903325976945,-9.93969349865216));
#9073=CARTESIAN_POINT('Ctrl Pts',(17.2170317415024,3.59497070791732,-9.98787386919658));
#9074=CARTESIAN_POINT('Ctrl Pts',(17.3076720759689,3.51596035699685,-10.));
#9075=CARTESIAN_POINT('Ctrl Pts',(17.3979827196289,3.43610301326851,-10.));
#9076=CARTESIAN_POINT('Ctrl Pts',(16.8164243542371,5.62462328705521,-7.33370694340927));
#9077=CARTESIAN_POINT('Ctrl Pts',(16.7520976321625,5.54079107069582,-7.55624337792263));
#9078=CARTESIAN_POINT('Ctrl Pts',(16.5321772138692,5.25418520157017,-7.99826530133828));
#9079=CARTESIAN_POINT('Ctrl Pts',(16.2000374819606,4.82133227561821,-8.19212048267279));
#9080=CARTESIAN_POINT('Ctrl Pts',(16.0129545117733,4.57752100204359,-8.2050205110631));
#9081=CARTESIAN_POINT('Origin',(0.300000000000009,-15.899999999999,-10.));
#9082=CARTESIAN_POINT('Ctrl Pts',(14.5519577196272,5.61993480423264,-10.));
#9083=CARTESIAN_POINT('Ctrl Pts',(14.7467981407445,5.49089828673854,-10.));
#9084=CARTESIAN_POINT('Ctrl Pts',(14.9379109373635,5.3603905276736,-9.95443771343473));
#9085=CARTESIAN_POINT('Ctrl Pts',(15.291803031437,5.11233852400054,-9.77724421969078));
#9086=CARTESIAN_POINT('Ctrl Pts',(15.4511988785009,4.99724149410276,-9.64743674124911));
#9087=CARTESIAN_POINT('Ctrl Pts',(15.719218669347,4.8002721604484,-9.3196765876677));
#9088=CARTESIAN_POINT('Ctrl Pts',(15.8252685134027,4.72038656128852,-9.12482820545797));
#9089=CARTESIAN_POINT('Ctrl Pts',(15.9361451221949,4.63628763623435,-8.79886778233491));
#9090=CARTESIAN_POINT('Ctrl Pts',(15.9648334883974,4.61437229585238,-8.6832239218621));
#9091=CARTESIAN_POINT('Ctrl Pts',(16.0032879735064,4.58495120140397,-8.44643660090626));
#9092=CARTESIAN_POINT('Ctrl Pts',(16.0129555370412,4.57752233819878,-8.32590626147234));
#9093=CARTESIAN_POINT('Ctrl Pts',(16.0129555370412,4.57752233819878,-8.20506192796296));
#9094=CARTESIAN_POINT('Ctrl Pts',(8.49656505986806,8.57533889530074,-10.));
#9095=CARTESIAN_POINT('Ctrl Pts',(8.74457051134504,9.24401544422918,-10.));
#9096=CARTESIAN_POINT('Ctrl Pts',(9.17932773571126,10.410478309359,-9.58349188341354));
#9097=CARTESIAN_POINT('Ctrl Pts',(9.46508880504087,11.172698580696,-8.58580850104783));
#9098=CARTESIAN_POINT('Ctrl Pts',(9.54568953346536,11.3875654824697,-8.10170660522454));
#9099=CARTESIAN_POINT('Ctrl Pts',(8.99237814020315,8.36996639302396,-10.));
#9100=CARTESIAN_POINT('Ctrl Pts',(9.24559616029726,9.03783620403014,-10.0082569059133));
#9101=CARTESIAN_POINT('Ctrl Pts',(9.69118426919271,10.2091443734165,-9.60641289697679));
#9102=CARTESIAN_POINT('Ctrl Pts',(9.98710205347835,10.9834117711109,-8.60479925570395));
#9103=CARTESIAN_POINT('Ctrl Pts',(10.0708949391983,11.2024874821297,-8.1159505448985));
#9104=CARTESIAN_POINT('Ctrl Pts',(9.85116873359535,8.01424368200247,-9.55019618043403));
#9105=CARTESIAN_POINT('Ctrl Pts',(10.0808407827406,8.58575129211276,-9.56293283711347));
#9106=CARTESIAN_POINT('Ctrl Pts',(10.4888064484285,9.59950096214028,-9.2236808942592));
#9107=CARTESIAN_POINT('Ctrl Pts',(10.7610715756144,10.2751123957038,-8.35638718272456));
#9108=CARTESIAN_POINT('Ctrl Pts',(10.837901737221,10.4657683367471,-7.93213273210662));
#9109=CARTESIAN_POINT('Ctrl Pts',(10.153698214152,7.88893186813823,-8.60883015717538));
#9110=CARTESIAN_POINT('Ctrl Pts',(10.3123728676208,8.27182919916119,-8.6126127424032));
#9111=CARTESIAN_POINT('Ctrl Pts',(10.5912556113769,8.9452961600189,-8.37675909938615));
#9112=CARTESIAN_POINT('Ctrl Pts',(10.7751933147591,9.38941408538728,-7.79578931562465));
#9113=CARTESIAN_POINT('Ctrl Pts',(10.8270822488759,9.51462473745423,-7.51290877045123));
#9114=CARTESIAN_POINT('Ctrl Pts',(10.153698214152,7.88893186813823,-8.20633199895715));
#9115=CARTESIAN_POINT('Ctrl Pts',(10.2793983493887,8.19239883941876,-8.20633199895715));
#9116=CARTESIAN_POINT('Ctrl Pts',(10.4987811391574,8.72203574582957,-8.01486769772072));
#9117=CARTESIAN_POINT('Ctrl Pts',(10.6422209283751,9.0683300303429,-7.55624337792264));
#9118=CARTESIAN_POINT('Ctrl Pts',(10.6826583963605,9.16595471398143,-7.33370694340927));
#9119=CARTESIAN_POINT('',(10.1775767829218,7.94657983271235,-8.205061927963));
#9120=CARTESIAN_POINT('Ctrl Pts',(8.49656505986806,8.57533889530074,-10.));
#9121=CARTESIAN_POINT('Ctrl Pts',(8.71816356287148,8.50112760225974,-10.));
#9122=CARTESIAN_POINT('Ctrl Pts',(8.93654224243976,8.42453041877562,-9.95443771343473));
#9123=CARTESIAN_POINT('Ctrl Pts',(9.34257633855125,8.27652459602246,-9.77724421969078));
#9124=CARTESIAN_POINT('Ctrl Pts',(9.52633020720584,8.20660408324544,-9.64743674124911));
#9125=CARTESIAN_POINT('Ctrl Pts',(9.83619685999155,8.0857149432171,-9.3196765876677));
#9126=CARTESIAN_POINT('Ctrl Pts',(9.95930905773091,8.03599909921177,-9.12482820545796));
#9127=CARTESIAN_POINT('Ctrl Pts',(10.0881740411712,7.98346275355059,-8.79886778233492));
#9128=CARTESIAN_POINT('Ctrl Pts',(10.1215569824711,7.96971925582983,-8.68322392186211));
#9129=CARTESIAN_POINT('Ctrl Pts',(10.1663159023456,7.95125341398024,-8.44643660090627));
#9130=CARTESIAN_POINT('Ctrl Pts',(10.177576782922,7.94657983271291,-8.32590626147235));
#9131=CARTESIAN_POINT('Ctrl Pts',(10.177576782922,7.94657983271291,-8.20506192796296));
#9132=CARTESIAN_POINT('',(9.54568953346553,11.3875654824702,-8.10170660522477));
#9133=CARTESIAN_POINT('Ctrl Pts',(8.49656505986806,8.57533889530074,-10.));
#9134=CARTESIAN_POINT('Ctrl Pts',(8.74457051134504,9.24401544422918,-10.));
#9135=CARTESIAN_POINT('Ctrl Pts',(9.17932773571126,10.410478309359,-9.58349188341354));
#9136=CARTESIAN_POINT('Ctrl Pts',(9.46508880504087,11.172698580696,-8.58580850104783));
#9137=CARTESIAN_POINT('Ctrl Pts',(9.54568953346536,11.3875654824697,-8.10170660522454));
#9138=CARTESIAN_POINT('',(10.6826583963694,9.16595471400282,-7.33370694341819));
#9139=CARTESIAN_POINT('Origin',(9.0255252420766,9.85236174114394,-7.33370694340928));
#9140=CARTESIAN_POINT('Ctrl Pts',(10.1775761384393,7.94657827679404,-8.20502051239234));
#9141=CARTESIAN_POINT('Ctrl Pts',(10.2951814169174,8.23050253510258,-8.19212049618671));
#9142=CARTESIAN_POINT('Ctrl Pts',(10.5039732192426,8.7345705359883,-7.99826547948109));
#9143=CARTESIAN_POINT('Ctrl Pts',(10.6422209292032,9.06833003234229,-7.55624337336569));
#9144=CARTESIAN_POINT('Ctrl Pts',(10.6826583963608,9.16595471398217,-7.33370694340758));
#9145=CARTESIAN_POINT('Origin',(-1.35713315428392,-15.2135929728365,5.54914669734926));
#9146=CARTESIAN_POINT('',(9.54568953346101,11.3875654824588,19.2000000000056));
#9147=CARTESIAN_POINT('',(10.5379355458705,8.81656284554317,19.2));
#9148=CARTESIAN_POINT('Ctrl Pts',(9.54568953346187,11.3875654824613,19.2));
#9149=CARTESIAN_POINT('Ctrl Pts',(9.58020859279993,11.3758695872803,19.2));
#9150=CARTESIAN_POINT('Ctrl Pts',(9.61369863710286,11.363217510846,19.2));
#9151=CARTESIAN_POINT('Ctrl Pts',(9.64582942159702,11.3499085041389,19.2));
#9152=CARTESIAN_POINT('Ctrl Pts',(9.84345812662746,11.268048014201,19.2));
#9153=CARTESIAN_POINT('Ctrl Pts',(10.0548056645963,11.1223631117577,19.2));
#9154=CARTESIAN_POINT('Ctrl Pts',(10.3589034832298,10.8052045684202,19.2));
#9155=CARTESIAN_POINT('Ctrl Pts',(10.5010665215503,10.5749851791468,19.2));
#9156=CARTESIAN_POINT('Ctrl Pts',(10.6660422243395,10.1384951682584,19.2));
#9157=CARTESIAN_POINT('Ctrl Pts',(10.7120770651129,9.85280408979628,19.2));
#9158=CARTESIAN_POINT('Ctrl Pts',(10.7012110856824,9.35499608752333,19.2));
#9159=CARTESIAN_POINT('Ctrl Pts',(10.6362008921739,9.05379637730011,19.2));
#9160=CARTESIAN_POINT('Ctrl Pts',(10.5379355458705,8.81656284554316,19.2));
#9161=CARTESIAN_POINT('Origin',(0.300000000000011,-15.899999999999,5.54914669734926));
#9162=CARTESIAN_POINT('Origin',(-1.45592164770053,-15.1726734390569,5.54914669734926));
#9163=CARTESIAN_POINT('Origin',(0.300000000000009,-15.899999999999,5.54914669734926));
#9164=CARTESIAN_POINT('',(5.93678072974922,12.3545696819823,-8.10170660522601));
#9165=CARTESIAN_POINT('Origin',(0.299999999999938,-15.8999999999993,-8.10170660522653));
#9166=CARTESIAN_POINT('',(5.93678072974777,12.3545696819713,19.2000000000056));
#9167=CARTESIAN_POINT('Origin',(2.18433603443475,-16.1480775452263,5.54914669734926));
#9168=CARTESIAN_POINT('Origin',(0.300000000000074,-15.8999999999987,19.2000000000062));
#9169=CARTESIAN_POINT('Origin',(0.300000000000011,-15.899999999999,-6.68030299018108));
#9170=CARTESIAN_POINT('Ctrl Pts',(5.93678072974939,12.3545696819823,-8.10170660522601));
#9171=CARTESIAN_POINT('Ctrl Pts',(5.89914955801209,12.1281891270362,-8.58580849113773));
#9172=CARTESIAN_POINT('Ctrl Pts',(5.84187800520372,11.7840541111103,-9.01338770249316));
#9173=CARTESIAN_POINT('Ctrl Pts',(5.77118227797437,11.361934222014,-9.33421990778363));
#9174=CARTESIAN_POINT('Ctrl Pts',(5.67692130833491,10.7991077032171,-9.76199618150577));
#9175=CARTESIAN_POINT('Ctrl Pts',(5.55879513972466,10.0976414098942,-10.));
#9176=CARTESIAN_POINT('Ctrl Pts',(5.43923588203224,9.39454777949794,-10.));
#9177=CARTESIAN_POINT('Origin',(2.07832292264459,-16.1341206542821,5.54914669734926));
#9178=CARTESIAN_POINT('',(3.79196915773954,10.6241390914104,19.2));
#9179=CARTESIAN_POINT('Ctrl Pts',(3.79196915773953,10.6241390914104,19.2));
#9180=CARTESIAN_POINT('Ctrl Pts',(3.82548563740759,10.8787220296931,19.2));
#9181=CARTESIAN_POINT('Ctrl Pts',(3.91978501343591,11.1720737271132,19.2));
#9182=CARTESIAN_POINT('Ctrl Pts',(4.15927880034854,11.608621093004,19.2));
#9183=CARTESIAN_POINT('Ctrl Pts',(4.34199168114863,11.8330194042,19.2));
#9184=CARTESIAN_POINT('Ctrl Pts',(4.70310983621541,12.1285429907329,19.2));
#9185=CARTESIAN_POINT('Ctrl Pts',(4.94133633351686,12.2568373111272,19.2));
#9186=CARTESIAN_POINT('Ctrl Pts',(5.36327204135764,12.3794557573679,19.2));
#9187=CARTESIAN_POINT('Ctrl Pts',(5.61914682948761,12.3999488148473,19.2));
#9188=CARTESIAN_POINT('Ctrl Pts',(5.83122855352991,12.3720277261845,19.2));
#9189=CARTESIAN_POINT('Ctrl Pts',(5.86570913249896,12.367488271845,19.2));
#9190=CARTESIAN_POINT('Ctrl Pts',(5.90103839985631,12.3617002692962,19.2));
#9191=CARTESIAN_POINT('Ctrl Pts',(5.93678072974829,12.3545696819739,19.2));
#9192=CARTESIAN_POINT('',(3.84133142692623,10.9990827505986,-7.33370694340928));
#9193=CARTESIAN_POINT('Origin',(5.61965434957382,10.7649620963385,-7.33370694341819));
#9194=CARTESIAN_POINT('Origin',(0.300000000000014,-15.899999999999,5.54914669734926));
#9195=CARTESIAN_POINT('Ctrl Pts',(5.93678072974979,12.3545696819847,-8.10170660522085));
#9196=CARTESIAN_POINT('Ctrl Pts',(5.8991495580125,12.1281891270386,-8.5858084911347));
#9197=CARTESIAN_POINT('Ctrl Pts',(5.76551593479259,11.3252074232093,-9.58349331763511));
#9198=CARTESIAN_POINT('Ctrl Pts',(5.55879513972466,10.0976414098942,-10.));
#9199=CARTESIAN_POINT('Ctrl Pts',(5.43923588203224,9.39454777949794,-10.));
#9200=CARTESIAN_POINT('Ctrl Pts',(5.38940050601016,12.4568901348751,-8.11595054489479));
#9201=CARTESIAN_POINT('Ctrl Pts',(5.35242941894751,12.2252685656627,-8.60479924569364));
#9202=CARTESIAN_POINT('Ctrl Pts',(5.22156820806201,11.4067752554966,-9.60641108319228));
#9203=CARTESIAN_POINT('Ctrl Pts',(5.02180457950049,10.1695977746965,-10.0082569062229));
#9204=CARTESIAN_POINT('Ctrl Pts',(4.90716290779505,9.46459651545502,-10.));
#9205=CARTESIAN_POINT('Ctrl Pts',(4.35675471934106,12.2024353629431,-7.93215825307854));
#9206=CARTESIAN_POINT('Ctrl Pts',(4.32796362113706,11.9989073979807,-8.35641269501212));
#9207=CARTESIAN_POINT('Ctrl Pts',(4.22594556044397,11.2776601435646,-9.22371862223515));
#9208=CARTESIAN_POINT('Ctrl Pts',(4.07237753508235,10.195708530961,-9.56298311894463));
#9209=CARTESIAN_POINT('Ctrl Pts',(3.98552555586872,9.58593237470595,-9.55024646178748));
#9210=CARTESIAN_POINT('Ctrl Pts',(3.89059171347202,11.3732517747229,-7.51290877044908));
#9211=CARTESIAN_POINT('Ctrl Pts',(3.87292352292069,11.2388717049012,-7.79578930983203));
#9212=CARTESIAN_POINT('Ctrl Pts',(3.81015938646542,10.7622860014028,-8.37676056546474));
#9213=CARTESIAN_POINT('Ctrl Pts',(3.71494534608504,10.0396045916355,-8.61261274254508));
#9214=CARTESIAN_POINT('Ctrl Pts',(3.66091295938767,9.62866843378102,-8.60883015717538));
#9215=CARTESIAN_POINT('Ctrl Pts',(3.84133142692633,10.9990827505994,-7.33370694340758));
#9216=CARTESIAN_POINT('Ctrl Pts',(3.82753895992956,10.8943185626841,-7.5562433733657));
#9217=CARTESIAN_POINT('Ctrl Pts',(3.7786143769976,10.5226994606653,-8.01486835701695));
#9218=CARTESIAN_POINT('Ctrl Pts',(3.70378693626189,9.95432861995232,-8.20633199895715));
#9219=CARTESIAN_POINT('Ctrl Pts',(3.66091295938767,9.62866843378102,-8.20633199895715));
#9220=CARTESIAN_POINT('',(3.66905749451169,9.69053231994555,-8.20506192796449));
#9221=CARTESIAN_POINT('Ctrl Pts',(3.66905749451414,9.69053231996419,-8.20506192796296));
#9222=CARTESIAN_POINT('Ctrl Pts',(3.66905749451414,9.69053231996419,-8.43913122004716));
#9223=CARTESIAN_POINT('Ctrl Pts',(3.71442321576228,9.68467352623009,-8.67091714639556));
#9224=CARTESIAN_POINT('Ctrl Pts',(3.89053272337892,9.6605526791098,-9.10353041775003));
#9225=CARTESIAN_POINT('Ctrl Pts',(4.01942561044622,9.64248859836401,-9.30022842465399));
#9226=CARTESIAN_POINT('Ctrl Pts',(4.34393664259135,9.59312424039416,-9.63255671612021));
#9227=CARTESIAN_POINT('Ctrl Pts',(4.53636659008027,9.56223146490677,-9.76503947308665));
#9228=CARTESIAN_POINT('Ctrl Pts',(4.85727634606922,9.50609064463921,-9.90375111216652));
#9229=CARTESIAN_POINT('Ctrl Pts',(4.97087972229959,9.48548294870947,-9.93969349865216));
#9230=CARTESIAN_POINT('Ctrl Pts',(5.20309389081064,9.44165574984124,-9.98787386919658));
#9231=CARTESIAN_POINT('Ctrl Pts',(5.32109589852639,9.41855094601545,-10.));
#9232=CARTESIAN_POINT('Ctrl Pts',(5.43923588203224,9.39454777949796,-10.));
#9233=CARTESIAN_POINT('Ctrl Pts',(3.84133142692623,10.9990827505986,-7.33370694340927));
#9234=CARTESIAN_POINT('Ctrl Pts',(3.82753895964709,10.8943185605385,-7.55624337792267));
#9235=CARTESIAN_POINT('Ctrl Pts',(3.78038550693276,10.5361525281543,-7.99826848599113));
#9236=CARTESIAN_POINT('Ctrl Pts',(3.70917026193585,9.99521903808041,-8.1921207161936));
#9237=CARTESIAN_POINT('Ctrl Pts',(3.66905727480176,9.69053065108294,-8.2050205333205));
#9238=CARTESIAN_POINT('Origin',(0.300000000000009,-15.899999999999,-10.));
#9239=CARTESIAN_POINT('Ctrl Pts',(10.177576782922,7.94657983271291,-8.20506192796296));
#9240=CARTESIAN_POINT('Ctrl Pts',(10.177576782922,7.94657983271291,-8.43913122004716));
#9241=CARTESIAN_POINT('Ctrl Pts',(10.2198803373041,7.9291791598804,-8.67091714639556));
#9242=CARTESIAN_POINT('Ctrl Pts',(10.3837461243473,7.86029971610014,-9.10353041775003));
#9243=CARTESIAN_POINT('Ctrl Pts',(10.5035717646613,7.80949122002835,-9.30022842465399));
#9244=CARTESIAN_POINT('Ctrl Pts',(10.8042489155342,7.67781927630206,-9.63255671612022));
#9245=CARTESIAN_POINT('Ctrl Pts',(10.982126332913,7.59817461135482,-9.76503947308665));
#9246=CARTESIAN_POINT('Ctrl Pts',(11.2775710406379,7.46088918654019,-9.90375111216652));
#9247=CARTESIAN_POINT('Ctrl Pts',(11.3819698115101,7.41158096346498,-9.93969349865216));
#9248=CARTESIAN_POINT('Ctrl Pts',(11.5949281603446,7.30914569083095,-9.98787386919658));
#9249=CARTESIAN_POINT('Ctrl Pts',(11.7029293838877,7.2562869971471,-10.));
#9250=CARTESIAN_POINT('Ctrl Pts',(11.8108313684359,7.20252484097573,-10.));
#9251=CARTESIAN_POINT('Origin',(0.300000000000009,-15.899999999999,-10.));
#9252=CARTESIAN_POINT('Ctrl Pts',(1.8825900367431,9.86278908806411,-10.));
#9253=CARTESIAN_POINT('Ctrl Pts',(2.11584504986181,9.848460396457,-10.));
#9254=CARTESIAN_POINT('Ctrl Pts',(2.34660746625461,9.83099376002529,-9.95443771343473));
#9255=CARTESIAN_POINT('Ctrl Pts',(2.7771130117572,9.7931204704215,-9.77724421969078));
#9256=CARTESIAN_POINT('Ctrl Pts',(2.97270237952123,9.77314144216187,-9.64743674124911));
#9257=CARTESIAN_POINT('Ctrl Pts',(3.3032989939381,9.73657089087373,-9.3196765876677));
#9258=CARTESIAN_POINT('Ctrl Pts',(3.43508365253768,9.7204128546326,-9.12482820545796));
#9259=CARTESIAN_POINT('Ctrl Pts',(3.57315507496422,9.7030193535008,-8.79886778233492));
#9260=CARTESIAN_POINT('Ctrl Pts',(3.60895759907969,9.6983842950987,-8.68322392186212));
#9261=CARTESIAN_POINT('Ctrl Pts',(3.65697070729776,9.69213212245375,-8.44643660090626));
#9262=CARTESIAN_POINT('Ctrl Pts',(3.66905749451415,9.69053231996419,-8.32590626147234));
#9263=CARTESIAN_POINT('Ctrl Pts',(3.66905749451415,9.69053231996419,-8.20506192796296));
#9264=CARTESIAN_POINT('Ctrl Pts',(14.5519577196272,5.61993480423263,-10.));
#9265=CARTESIAN_POINT('Ctrl Pts',(14.9645788161454,6.20163821814498,-10.));
#9266=CARTESIAN_POINT('Ctrl Pts',(15.6864240136443,7.21583017880334,-9.58348972872044));
#9267=CARTESIAN_POINT('Ctrl Pts',(16.1597259720256,7.87811921363327,-8.58580850104782));
#9268=CARTESIAN_POINT('Ctrl Pts',(16.2931919435698,8.06480369970581,-8.10170660522453));
#9269=CARTESIAN_POINT('Ctrl Pts',(14.9777220640052,5.29323433227222,-10.));
#9270=CARTESIAN_POINT('Ctrl Pts',(15.3951693160333,5.87280938515838,-10.0082569059133));
#9271=CARTESIAN_POINT('Ctrl Pts',(16.1287305428784,6.88887844765355,-9.6064155965072));
#9272=CARTESIAN_POINT('Ctrl Pts',(16.6149610190491,7.56017522518765,-8.60479925570394));
#9273=CARTESIAN_POINT('Ctrl Pts',(16.7525996977563,7.75009891770496,-8.1159505448985));
#9274=CARTESIAN_POINT('Ctrl Pts',(15.7151492145996,4.72738657795275,-9.5501461692216));
#9275=CARTESIAN_POINT('Ctrl Pts',(16.0849124323633,5.21997703803251,-9.56288282590103));
#9276=CARTESIAN_POINT('Ctrl Pts',(16.7413305532042,6.09356793025082,-9.22364211919398));
#9277=CARTESIAN_POINT('Ctrl Pts',(17.1791677600387,6.67567810764986,-8.3563617988631));
#9278=CARTESIAN_POINT('Ctrl Pts',(17.3027253859765,6.83995249597691,-7.93210734824517));
#9279=CARTESIAN_POINT('Ctrl Pts',(15.9749702196281,4.52801890875057,-8.60883015717538));
#9280=CARTESIAN_POINT('Ctrl Pts',(16.2273392869787,4.85680130731003,-8.6126127424032));
#9281=CARTESIAN_POINT('Ctrl Pts',(16.67102492294,5.43513956942775,-8.37675690159676));
#9282=CARTESIAN_POINT('Ctrl Pts',(16.9636417628784,5.81651866580388,-7.79578931562464));
#9283=CARTESIAN_POINT('Ctrl Pts',(17.046169525845,5.92403302398234,-7.51290877045123));
#9284=CARTESIAN_POINT('Ctrl Pts',(15.9749702196281,4.52801890875057,-8.20633199895715));
#9285=CARTESIAN_POINT('Ctrl Pts',(16.1749302583482,4.78861190476495,-8.20633199895715));
#9286=CARTESIAN_POINT('Ctrl Pts',(16.5239174694201,5.24342089303099,-8.01486670723148));
#9287=CARTESIAN_POINT('Ctrl Pts',(16.7520976321625,5.54079107069582,-7.55624337792263));
#9288=CARTESIAN_POINT('Ctrl Pts',(16.8164243542371,5.62462328705521,-7.33370694340927));
#9289=CARTESIAN_POINT('',(16.2931919435701,8.0648036997062,-8.10170660522477));
#9290=CARTESIAN_POINT('Ctrl Pts',(14.5519577196272,5.61993480423263,-10.));
#9291=CARTESIAN_POINT('Ctrl Pts',(14.9645788161454,6.20163821814498,-10.));
#9292=CARTESIAN_POINT('Ctrl Pts',(15.6864240136443,7.21583017880334,-9.58348972872044));
#9293=CARTESIAN_POINT('Ctrl Pts',(16.1597259720256,7.87811921363327,-8.58580850104782));
#9294=CARTESIAN_POINT('Ctrl Pts',(16.2931919435698,8.06480369970581,-8.10170660522453));
#9295=CARTESIAN_POINT('Origin',(15.3934118542363,6.71653918253728,-7.33370694340928));
#9296=CARTESIAN_POINT('Origin',(-1.12301250000084,-14.8080841045169,5.54914669734926));
#9297=CARTESIAN_POINT('',(16.2931919435627,8.06480369969632,19.2000000000056));
#9298=CARTESIAN_POINT('Ctrl Pts',(16.2931919435642,8.06480369969854,19.2));
#9299=CARTESIAN_POINT('Ctrl Pts',(16.3235076740557,8.04457214250595,19.2));
#9300=CARTESIAN_POINT('Ctrl Pts',(16.3525819744302,8.02368331383498,19.2));
#9301=CARTESIAN_POINT('Ctrl Pts',(16.3801733045848,8.00251174157309,19.2));
#9302=CARTESIAN_POINT('Ctrl Pts',(16.5498809209524,7.87229050746863,19.2));
#9303=CARTESIAN_POINT('Ctrl Pts',(16.7163209388629,7.67686892973634,19.2));
#9304=CARTESIAN_POINT('Ctrl Pts',(16.9279702042665,7.291810994662,19.2));
#9305=CARTESIAN_POINT('Ctrl Pts',(17.0057039920281,7.03264163902329,19.2));
#9306=CARTESIAN_POINT('Ctrl Pts',(17.0520863562474,6.56832581072803,19.2));
#9307=CARTESIAN_POINT('Ctrl Pts',(17.0226103057378,6.28045472617062,19.2));
#9308=CARTESIAN_POINT('Ctrl Pts',(16.8832723837852,5.80242144266213,19.2));
#9309=CARTESIAN_POINT('Ctrl Pts',(16.7425211375182,5.52831073989253,19.2));
#9310=CARTESIAN_POINT('Ctrl Pts',(16.5862035455389,5.32459368780363,19.2));
#9311=CARTESIAN_POINT('Origin',(-1.20784410247327,-14.7429905265063,5.54914669734926));
#9312=CARTESIAN_POINT('Origin',(0.300000000000009,-15.899999999999,5.54914669734926));
#9313=CARTESIAN_POINT('',(13.0575328288664,9.93291236058488,-8.10170660522602));
#9314=CARTESIAN_POINT('Origin',(0.299999999999854,-15.8999999999993,-8.10170660522653));
#9315=CARTESIAN_POINT('',(13.0575328288621,9.93291236057461,19.2000000000056));
#9316=CARTESIAN_POINT('Origin',(2.05592164770055,-16.6273265609411,5.54914669734926));
#9317=CARTESIAN_POINT('Origin',(0.300000000000149,-15.8999999999987,19.2000000000062));
#9318=CARTESIAN_POINT('Origin',(0.300000000000011,-15.899999999999,-6.68030299018108));
#9319=CARTESIAN_POINT('Ctrl Pts',(13.0575328288665,9.93291236058481,-8.10170660522601));
#9320=CARTESIAN_POINT('Ctrl Pts',(12.962592309151,9.72398519992786,-8.58580849113774));
#9321=CARTESIAN_POINT('Ctrl Pts',(12.8182031497651,9.40639842902452,-9.01338633613351));
#9322=CARTESIAN_POINT('Ctrl Pts',(12.6406635985244,9.0169592069849,-9.33421834622975));
#9323=CARTESIAN_POINT('Ctrl Pts',(12.4039441968693,8.49770691093022,-9.76199435969292));
#9324=CARTESIAN_POINT('Ctrl Pts',(12.1082907652498,7.85071692396568,-10.));
#9325=CARTESIAN_POINT('Ctrl Pts',(11.8108313684359,7.20252484097571,-10.));
#9326=CARTESIAN_POINT('Origin',(1.95713315428394,-16.5864070271615,5.54914669734926));
#9327=CARTESIAN_POINT('Ctrl Pts',(10.5379355458705,8.81656284554316,19.2));
#9328=CARTESIAN_POINT('Ctrl Pts',(10.6362008921739,9.05379637730012,19.2));
#9329=CARTESIAN_POINT('Ctrl Pts',(10.8032121010881,9.31274588356649,19.2));
#9330=CARTESIAN_POINT('Ctrl Pts',(11.1475321074846,9.67243270544218,19.2));
#9331=CARTESIAN_POINT('Ctrl Pts',(11.3820977544715,9.8418952562655,19.2));
#9332=CARTESIAN_POINT('Ctrl Pts',(11.8073982392641,10.0338848647116,19.2));
#9333=CARTESIAN_POINT('Ctrl Pts',(12.0707123790105,10.096150107597,19.2));
#9334=CARTESIAN_POINT('Ctrl Pts',(12.5100069654154,10.1053854346023,19.2));
#9335=CARTESIAN_POINT('Ctrl Pts',(12.7624670251344,10.0589549397517,19.2));
#9336=CARTESIAN_POINT('Ctrl Pts',(12.9600957301649,9.97709444981385,19.2));
#9337=CARTESIAN_POINT('Ctrl Pts',(12.992226514659,9.96378544310668,19.2));
#9338=CARTESIAN_POINT('Ctrl Pts',(13.0248539211306,9.94905077472062,19.2));
#9339=CARTESIAN_POINT('Ctrl Pts',(13.0575328288633,9.93291236057701,19.2));
#9340=CARTESIAN_POINT('Origin',(12.3397915506533,8.47954768684032,-7.33370694341819));
#9341=CARTESIAN_POINT('Ctrl Pts',(13.0575328288675,9.93291236058703,-8.10170660522086));
#9342=CARTESIAN_POINT('Ctrl Pts',(12.962592309152,9.72398519993011,-8.58580849113471));
#9343=CARTESIAN_POINT('Ctrl Pts',(12.625684270584,8.98294940115363,-9.5834901294626));
#9344=CARTESIAN_POINT('Ctrl Pts',(12.1082907652498,7.85071692396568,-10.));
#9345=CARTESIAN_POINT('Ctrl Pts',(11.8108313684359,7.2025248409757,-10.));
#9346=CARTESIAN_POINT('Ctrl Pts',(12.5552866158691,10.1734187554077,-8.11595054489479));
#9347=CARTESIAN_POINT('Ctrl Pts',(12.4596272146806,9.95925832122982,-8.60479924569365));
#9348=CARTESIAN_POINT('Ctrl Pts',(12.1213824920828,9.20252219014639,-9.60641507748315));
#9349=CARTESIAN_POINT('Ctrl Pts',(11.608221392283,8.0592048191204,-10.0082569062229));
#9350=CARTESIAN_POINT('Ctrl Pts',(11.3150182881008,7.40789734325247,-10.));
#9351=CARTESIAN_POINT('Ctrl Pts',(11.4920047901822,10.1947958962979,-7.93211777944869));
#9352=CARTESIAN_POINT('Ctrl Pts',(11.4115178113165,10.0056546631133,-8.35637222138228));
#9353=CARTESIAN_POINT('Ctrl Pts',(11.1263119261242,9.3354143024468,-9.22365717072704));
#9354=CARTESIAN_POINT('Ctrl Pts',(10.6979646188874,8.33013025452064,-9.56290337791294));
#9355=CARTESIAN_POINT('Ctrl Pts',(10.4562503666124,7.76361066326391,-9.55016672075578));
#9356=CARTESIAN_POINT('Ctrl Pts',(10.8270822488763,9.51462473745518,-7.51290877044908));
#9357=CARTESIAN_POINT('Ctrl Pts',(10.7752359659669,9.38939642168312,-7.79578930983202));
#9358=CARTESIAN_POINT('Ctrl Pts',(10.5912604663764,8.94529339515386,-8.37675731353378));
#9359=CARTESIAN_POINT('Ctrl Pts',(10.312247595893,8.27188110523623,-8.61261274254508));
#9360=CARTESIAN_POINT('Ctrl Pts',(10.153698214152,7.88893186813822,-8.60883015717538));
#9361=CARTESIAN_POINT('Ctrl Pts',(10.6826583963608,9.16595471398217,-7.33370694340758));
#9362=CARTESIAN_POINT('Ctrl Pts',(10.6422209292032,9.06833003234229,-7.55624337336569));
#9363=CARTESIAN_POINT('Ctrl Pts',(10.4987809287331,8.72203523782042,-8.01486689144834));
#9364=CARTESIAN_POINT('Ctrl Pts',(10.2793983541033,8.19239885080085,-8.20633199895715));
#9365=CARTESIAN_POINT('Ctrl Pts',(10.153698214152,7.88893186813822,-8.20633199895715));
#9366=CARTESIAN_POINT('Ctrl Pts',(1.8825900367431,9.86278908806411,-10.));
#9367=CARTESIAN_POINT('Ctrl Pts',(1.94907868150908,10.5728695702394,-10.));
#9368=CARTESIAN_POINT('Ctrl Pts',(2.0671194062469,11.8121130211673,-9.58349690844462));
#9369=CARTESIAN_POINT('Ctrl Pts',(2.14586598201793,12.6223182792342,-8.58580850104783));
#9370=CARTESIAN_POINT('Ctrl Pts',(2.16810866087965,12.8507247724376,-8.10170660522453));
#9371=CARTESIAN_POINT('Ctrl Pts',(2.41466301098029,9.79274035210703,-10.));
#9372=CARTESIAN_POINT('Ctrl Pts',(2.48639540953355,10.5033906973202,-10.0082569059132));
#9373=CARTESIAN_POINT('Ctrl Pts',(2.61364378226484,11.7501171515568,-9.60640660131255));
#9374=CARTESIAN_POINT('Ctrl Pts',(2.69908309165608,12.5745882317715,-8.60479925570396));
#9375=CARTESIAN_POINT('Ctrl Pts',(2.72331983770118,12.8078863136256,-8.1159505448985));
#9376=CARTESIAN_POINT('Ctrl Pts',(3.33634765512257,9.67139826671774,-9.55030372509804));
#9377=CARTESIAN_POINT('Ctrl Pts',(3.41027676505117,10.2828757276905,-9.56304038177747));
#9378=CARTESIAN_POINT('Ctrl Pts',(3.54197984594546,11.3677481475996,-9.22376530217731));
#9379=CARTESIAN_POINT('Ctrl Pts',(3.63011469722189,12.0908426858575,-8.35644176846082));
#9380=CARTESIAN_POINT('Ctrl Pts',(3.65498154595175,12.2948872923087,-7.93218731784286));
#9381=CARTESIAN_POINT('Ctrl Pts',(3.66091295938767,9.62866843378103,-8.60883015717538));
#9382=CARTESIAN_POINT('Ctrl Pts',(3.715079783563,10.039586876926,-8.6126127424032));
#9383=CARTESIAN_POINT('Ctrl Pts',(3.81015391114344,10.7622881579406,-8.37676422492352));
#9384=CARTESIAN_POINT('Ctrl Pts',(3.87287775331452,11.2388777277844,-7.79578931562468));
#9385=CARTESIAN_POINT('Ctrl Pts',(3.89059171347189,11.3732517747219,-7.51290877045123));
#9386=CARTESIAN_POINT('Ctrl Pts',(3.66091295938767,9.62866843378103,-8.20633199895715));
#9387=CARTESIAN_POINT('Ctrl Pts',(3.70378693465383,9.95432860773783,-8.20633199895715));
#9388=CARTESIAN_POINT('Ctrl Pts',(3.77861452367107,10.5227005747608,-8.01487000767347));
#9389=CARTESIAN_POINT('Ctrl Pts',(3.82753895964709,10.8943185605385,-7.55624337792267));
#9390=CARTESIAN_POINT('Ctrl Pts',(3.84133142692623,10.9990827505986,-7.33370694340927));
#9391=CARTESIAN_POINT('',(2.1681086608797,12.850724772438,-8.10170660522477));
#9392=CARTESIAN_POINT('Ctrl Pts',(1.8825900367431,9.86278908806411,-10.));
#9393=CARTESIAN_POINT('Ctrl Pts',(1.94907868150908,10.5728695702394,-10.));
#9394=CARTESIAN_POINT('Ctrl Pts',(2.0671194062469,11.8121130211673,-9.58349690844462));
#9395=CARTESIAN_POINT('Ctrl Pts',(2.14586598201793,12.6223182792342,-8.58580850104783));
#9396=CARTESIAN_POINT('Ctrl Pts',(2.16810866087965,12.8507247724376,-8.10170660522453));
#9397=CARTESIAN_POINT('Origin',(2.06300850428165,11.2332034048817,-7.33370694340928));
#9398=CARTESIAN_POINT('Origin',(-1.47832292264456,-15.6658793457159,5.54914669734926));
#9399=CARTESIAN_POINT('',(2.1681086608783,12.8507247724258,19.2000000000056));
#9400=CARTESIAN_POINT('Ctrl Pts',(2.16810866087847,12.8507247724285,19.2));
#9401=CARTESIAN_POINT('Ctrl Pts',(2.20447863221467,12.8483615951873,19.2));
#9402=CARTESIAN_POINT('Ctrl Pts',(2.24010212927171,12.8448084890902,19.2));
#9403=CARTESIAN_POINT('Ctrl Pts',(2.27458270824076,12.8402690347507,19.2));
#9404=CARTESIAN_POINT('Ctrl Pts',(2.48666443228306,12.8123479460878,19.2));
#9405=CARTESIAN_POINT('Ctrl Pts',(2.72851650486601,12.7263279042793,19.2));
#9406=CARTESIAN_POINT('Ctrl Pts',(3.10433911293499,12.4986825832779,19.2));
#9407=CARTESIAN_POINT('Ctrl Pts',(3.30124322568832,12.3131022312932,19.2));
#9408=CARTESIAN_POINT('Ctrl Pts',(3.57356944553747,11.9341841107199,19.2));
#9409=CARTESIAN_POINT('Ctrl Pts',(3.69197797927157,11.6701424132234,19.2));
#9410=CARTESIAN_POINT('Ctrl Pts',(3.81032444090437,11.1864844848743,19.2));
#9411=CARTESIAN_POINT('Ctrl Pts',(3.82548563740759,10.8787220296931,19.2));
#9412=CARTESIAN_POINT('Ctrl Pts',(3.79196915773954,10.6241390914104,19.2));
#9413=CARTESIAN_POINT('Origin',(-1.58433603443473,-15.6519224547717,5.54914669734926));
#9414=CARTESIAN_POINT('Origin',(0.300000000000009,-15.899999999999,5.54914669734926));
#9415=CARTESIAN_POINT('',(-1.56810866087972,12.8507247724368,-8.10170660522601));
#9416=CARTESIAN_POINT('Origin',(0.300000000000027,-15.8999999999993,-8.10170660522653));
#9417=CARTESIAN_POINT('',(-1.56810866087827,12.8507247724258,19.2000000000056));
#9418=CARTESIAN_POINT('Origin',(2.18433603443475,-15.6519224547717,5.54914669734926));
#9419=CARTESIAN_POINT('Origin',(0.299999999999994,-15.8999999999987,19.2000000000062));
#9420=CARTESIAN_POINT('Origin',(0.300000000000011,-15.899999999999,-6.68030299018108));
#9421=CARTESIAN_POINT('Ctrl Pts',(-1.56810866087955,12.8507247724369,-8.10170660522601));
#9422=CARTESIAN_POINT('Ctrl Pts',(-1.5458659824732,12.6223182839096,-8.58580849113774));
#9423=CARTESIAN_POINT('Ctrl Pts',(-1.51211748020054,12.2750878028415,-9.01338975601025));
#9424=CARTESIAN_POINT('Ctrl Pts',(-1.47115165974875,11.8490540977238,-9.33422225466031));
#9425=CARTESIAN_POINT('Ctrl Pts',(-1.41653056581284,11.2810091575649,-9.76199891952857));
#9426=CARTESIAN_POINT('Ctrl Pts',(-1.34907868400283,10.5728695968723,-10.));
#9427=CARTESIAN_POINT('Ctrl Pts',(-1.28259003674307,9.8627890880641,-10.));
#9428=CARTESIAN_POINT('Origin',(2.07832292264459,-15.6658793457159,5.54914669734926));
#9429=CARTESIAN_POINT('Ctrl Pts',(-3.19196915773951,10.6241390914104,19.2));
#9430=CARTESIAN_POINT('Ctrl Pts',(-3.22548563740757,10.8787220296931,19.2));
#9431=CARTESIAN_POINT('Ctrl Pts',(-3.21032444090435,11.1864844848743,19.2));
#9432=CARTESIAN_POINT('Ctrl Pts',(-3.09197797927154,11.6701424132234,19.2));
#9433=CARTESIAN_POINT('Ctrl Pts',(-2.97356944553744,11.9341841107199,19.2));
#9434=CARTESIAN_POINT('Ctrl Pts',(-2.70124322568829,12.3131022312932,19.2));
#9435=CARTESIAN_POINT('Ctrl Pts',(-2.50433911293496,12.4986825832779,19.2));
#9436=CARTESIAN_POINT('Ctrl Pts',(-2.12851650486598,12.7263279042793,19.2));
#9437=CARTESIAN_POINT('Ctrl Pts',(-1.88666443228304,12.8123479460879,19.2));
#9438=CARTESIAN_POINT('Ctrl Pts',(-1.67458270824074,12.8402690347507,19.2));
#9439=CARTESIAN_POINT('Ctrl Pts',(-1.64010212927169,12.8448084890902,19.2));
#9440=CARTESIAN_POINT('Ctrl Pts',(-1.60447863221464,12.8483615951873,19.2));
#9441=CARTESIAN_POINT('Ctrl Pts',(-1.56810866087845,12.8507247724285,19.2));
#9442=CARTESIAN_POINT('Origin',(-1.46300850428465,11.2332034049046,-7.33370694341819));
#9443=CARTESIAN_POINT('Ctrl Pts',(-1.56810866087979,12.8507247724393,-8.10170660522085));
#9444=CARTESIAN_POINT('Ctrl Pts',(-1.54586598247344,12.6223182839121,-8.58580849113471));
#9445=CARTESIAN_POINT('Ctrl Pts',(-1.46711947717035,11.8121138280843,-9.58349810917499));
#9446=CARTESIAN_POINT('Ctrl Pts',(-1.34907868400283,10.5728695968723,-10.));
#9447=CARTESIAN_POINT('Ctrl Pts',(-1.28259003674306,9.86278908806409,-10.));
#9448=CARTESIAN_POINT('Ctrl Pts',(-2.12331983770133,12.8078863136274,-8.11595054489479));
#9449=CARTESIAN_POINT('Ctrl Pts',(-2.09908309215242,12.5745882365496,-8.60479924569364));
#9450=CARTESIAN_POINT('Ctrl Pts',(-2.01364382281928,11.7501178527323,-9.60640508012816));
#9451=CARTESIAN_POINT('Ctrl Pts',(-1.88639541222398,10.5033907239744,-10.0082569062229));
#9452=CARTESIAN_POINT('Ctrl Pts',(-1.81466301098026,9.79274035210701,-10.));
#9453=CARTESIAN_POINT('Ctrl Pts',(-3.05499596053812,12.2949001739482,-7.93219427556356));
#9454=CARTESIAN_POINT('Ctrl Pts',(-3.03012911231735,12.0908555716744,-8.35644871749714));
#9455=CARTESIAN_POINT('Ctrl Pts',(-2.9419932815329,11.3677566737677,-9.22377714943089));
#9456=CARTESIAN_POINT('Ctrl Pts',(-2.81028808896239,10.282874260169,-9.56305409034332));
#9457=CARTESIAN_POINT('Ctrl Pts',(-2.73635897626094,9.67139677626159,-9.55031743318617));
#9458=CARTESIAN_POINT('Ctrl Pts',(-3.290591713472,11.3732517747229,-7.51290877044908));
#9459=CARTESIAN_POINT('Ctrl Pts',(-3.27287775367728,11.2388777305365,-7.79578930983202));
#9460=CARTESIAN_POINT('Ctrl Pts',(-3.21015394858286,10.76228862992,-8.37676545282793));
#9461=CARTESIAN_POINT('Ctrl Pts',(-3.1150797855946,10.0395868923383,-8.61261274254507));
#9462=CARTESIAN_POINT('Ctrl Pts',(-3.06091295938764,9.62866843378102,-8.60883015717538));
#9463=CARTESIAN_POINT('Ctrl Pts',(-3.24133142692631,10.9990827505994,-7.33370694340758));
#9464=CARTESIAN_POINT('Ctrl Pts',(-3.22753895992954,10.8943185626841,-7.55624337336569));
#9465=CARTESIAN_POINT('Ctrl Pts',(-3.17861457238047,10.5227009447457,-8.0148705596363));
#9466=CARTESIAN_POINT('Ctrl Pts',(-3.10378693626187,9.95432861995232,-8.20633199895715));
#9467=CARTESIAN_POINT('Ctrl Pts',(-3.06091295938764,9.62866843378103,-8.20633199895715));
#9468=CARTESIAN_POINT('Ctrl Pts',(-16.7979827196289,3.43610301326852,-10.));
#9469=CARTESIAN_POINT('Ctrl Pts',(-17.2530708721774,3.98522030898884,-10.));
#9470=CARTESIAN_POINT('Ctrl Pts',(-18.0458778650267,4.94496150609631,-9.58348988931338));
#9471=CARTESIAN_POINT('Ctrl Pts',(-18.5631003173604,5.57354902345427,-8.58580850104782));
#9472=CARTESIAN_POINT('Ctrl Pts',(-18.7088801485166,5.75078475272026,-8.10170660522453));
#9473=CARTESIAN_POINT('Ctrl Pts',(-16.3722183752509,3.76280348522893,-10.));
#9474=CARTESIAN_POINT('Ctrl Pts',(-16.8240015879559,4.31603162882953,-10.0082569059132));
#9475=CARTESIAN_POINT('Ctrl Pts',(-17.6155893833171,5.28757545816778,-9.60641539530662));
#9476=CARTESIAN_POINT('Ctrl Pts',(-18.1381665074396,5.93098235292059,-8.60479925570394));
#9477=CARTESIAN_POINT('Ctrl Pts',(-18.2859951956741,6.11308697611985,-8.1159505448985));
#9478=CARTESIAN_POINT('Ctrl Pts',(-15.6347918499876,4.32865075971503,-9.55014522298732));
#9479=CARTESIAN_POINT('Ctrl Pts',(-16.0148959342266,4.81330639386924,-9.56288187966676));
#9480=CARTESIAN_POINT('Ctrl Pts',(-16.6888261239286,5.67345908776864,-9.22364174976586));
#9481=CARTESIAN_POINT('Ctrl Pts',(-17.1377805232111,6.24703818372922,-8.35636131858923));
#9482=CARTESIAN_POINT('Ctrl Pts',(-17.2644783307337,6.40890302597908,-7.93210686797128));
#9483=CARTESIAN_POINT('Ctrl Pts',(-15.374970219628,4.52801890875058,-8.60883015717538));
#9484=CARTESIAN_POINT('Ctrl Pts',(-15.6272317086008,4.85688385510275,-8.6126127424032));
#9485=CARTESIAN_POINT('Ctrl Pts',(-16.0710293209581,5.43513627481862,-8.37675706540174));
#9486=CARTESIAN_POINT('Ctrl Pts',(-16.363678387389,5.81649056282846,-7.79578931562466));
#9487=CARTESIAN_POINT('Ctrl Pts',(-16.446169525845,5.92403302398236,-7.51290877045123));
#9488=CARTESIAN_POINT('Ctrl Pts',(-15.374970219628,4.52801890875058,-8.20633199895715));
#9489=CARTESIAN_POINT('Ctrl Pts',(-15.5749302583482,4.78861190476496,-8.20633199895715));
#9490=CARTESIAN_POINT('Ctrl Pts',(-15.9239174999615,5.24342093283332,-8.01486678105433));
#9491=CARTESIAN_POINT('Ctrl Pts',(-16.1520976321624,5.54079107069582,-7.55624337792265));
#9492=CARTESIAN_POINT('Ctrl Pts',(-16.2164243542371,5.62462328705523,-7.33370694340927));
#9493=CARTESIAN_POINT('Origin',(-17.6394368542379,4.53270739157316,-7.33370694340927));
#9494=CARTESIAN_POINT('Origin',(-1.12301250000084,-16.9919158954811,5.54914669734926));
#9495=CARTESIAN_POINT('',(-18.7088801485093,5.750784752711,19.2000000000056));
#9496=CARTESIAN_POINT('Ctrl Pts',(-18.708880148511,5.75078475271301,19.2));
#9497=CARTESIAN_POINT('Ctrl Pts',(-18.6814916764953,5.77483118742403,19.2));
#9498=CARTESIAN_POINT('Ctrl Pts',(-18.6537896347411,5.79750837834708,19.2));
#9499=CARTESIAN_POINT('Ctrl Pts',(-18.6261983045865,5.81867995060897,19.2));
#9500=CARTESIAN_POINT('Ctrl Pts',(-18.4564906882189,5.94890118471343,19.2));
#9501=CARTESIAN_POINT('Ctrl Pts',(-18.2246500927706,6.05909107040006,19.2));
#9502=CARTESIAN_POINT('Ctrl Pts',(-17.7979338278964,6.1638682349034,19.2));
#9503=CARTESIAN_POINT('Ctrl Pts',(-17.5274764691816,6.1718753429314,19.2));
#9504=CARTESIAN_POINT('Ctrl Pts',(-17.0669771798596,6.09650348710982,19.2));
#9505=CARTESIAN_POINT('Ctrl Pts',(-16.79654402789,5.99352528944776,19.2));
#9506=CARTESIAN_POINT('Ctrl Pts',(-16.3708626414297,5.73521107408745,19.2));
#9507=CARTESIAN_POINT('Ctrl Pts',(-16.1425211375182,5.52831073989254,19.2));
#9508=CARTESIAN_POINT('Ctrl Pts',(-15.9862035455388,5.32459368780364,19.2));
#9509=CARTESIAN_POINT('Origin',(-1.20784410247327,-17.0570094734917,5.54914669734926));
#9510=CARTESIAN_POINT('Origin',(0.300000000000009,-15.899999999999,5.54914669734926));
#9511=CARTESIAN_POINT('',(-21.35078475271,3.1088801485103,19.2000000000056));
#9512=CARTESIAN_POINT('Origin',(1.45700947349267,-14.3921558975257,5.54914669734926));
#9513=CARTESIAN_POINT('Origin',(0.299999999999783,-15.8999999999988,19.2000000000062));
#9514=CARTESIAN_POINT('Origin',(1.39191589548208,-14.4769874999981,5.54914669734926));
#9515=CARTESIAN_POINT('Ctrl Pts',(-20.9245936878026,0.386203545539859,19.2));
#9516=CARTESIAN_POINT('Ctrl Pts',(-21.1283107398915,0.542521137519185,19.2));
#9517=CARTESIAN_POINT('Ctrl Pts',(-21.3352110740864,0.770862641430765,19.2));
#9518=CARTESIAN_POINT('Ctrl Pts',(-21.5935252894468,1.19654402789105,19.2));
#9519=CARTESIAN_POINT('Ctrl Pts',(-21.6965034871088,1.4669771798606,19.2));
#9520=CARTESIAN_POINT('Ctrl Pts',(-21.7718753429304,1.92747646918264,19.2));
#9521=CARTESIAN_POINT('Ctrl Pts',(-21.7638682349024,2.19793382789743,19.2));
#9522=CARTESIAN_POINT('Ctrl Pts',(-21.6590910703991,2.62465009277167,19.2));
#9523=CARTESIAN_POINT('Ctrl Pts',(-21.5489011847124,2.85649068821988,19.2));
#9524=CARTESIAN_POINT('Ctrl Pts',(-21.418679950608,3.02619830458751,19.2));
#9525=CARTESIAN_POINT('Ctrl Pts',(-21.3975083783461,3.05378963474213,19.2));
#9526=CARTESIAN_POINT('Ctrl Pts',(-21.374831187423,3.08149167649631,19.2));
#9527=CARTESIAN_POINT('Ctrl Pts',(-21.350784752712,3.10888014851206,19.2));
#9528=CARTESIAN_POINT('Ctrl Pts',(11.8108313684359,-39.0025248409737,-10.));
#9529=CARTESIAN_POINT('Ctrl Pts',(12.108290754093,-39.650716899652,-10.));
#9530=CARTESIAN_POINT('Ctrl Pts',(12.6256782988785,-40.7829365803373,-9.5834692662848));
#9531=CARTESIAN_POINT('Ctrl Pts',(12.9625923072076,-41.5239851956492,-8.58580850104782));
#9532=CARTESIAN_POINT('Ctrl Pts',(13.0575328288668,-41.7329123605835,-8.10170660522453));
#9533=CARTESIAN_POINT('Ctrl Pts',(11.3150182881008,-39.2078973432505,-10.));
#9534=CARTESIAN_POINT('Ctrl Pts',(11.6082213812859,-39.8592047946899,-10.0082569059132));
#9535=CARTESIAN_POINT('Ctrl Pts',(12.1213769813467,-41.0025112151229,-9.60644123308971));
#9536=CARTESIAN_POINT('Ctrl Pts',(12.4596272127214,-41.7592583168417,-8.60479925570395));
#9537=CARTESIAN_POINT('Ctrl Pts',(12.5552866158683,-41.9734187554041,-8.1159505448985));
#9538=CARTESIAN_POINT('Ctrl Pts',(10.4564657319348,-39.5635214560246,-9.54988687689492));
#9539=CARTESIAN_POINT('Ctrl Pts',(10.6981799751438,-40.1300410260329,-9.56262353357435));
#9540=CARTESIAN_POINT('Ctrl Pts',(11.1264631209803,-41.1351284174063,-9.22342667423527));
#9541=CARTESIAN_POINT('Ctrl Pts',(11.4116411659366,-41.8052797852199,-8.35623019156598));
#9542=CARTESIAN_POINT('Ctrl Pts',(11.4921281464501,-41.9944210222769,-7.93197574094803));
#9543=CARTESIAN_POINT('Ctrl Pts',(10.153698214152,-39.6889318681362,-8.60883015717538));
#9544=CARTESIAN_POINT('Ctrl Pts',(10.3122475899463,-40.071881090871,-8.6126127424032));
#9545=CARTESIAN_POINT('Ctrl Pts',(10.591256916812,-40.745285931095,-8.37673602988934));
#9546=CARTESIAN_POINT('Ctrl Pts',(10.7752359649051,-41.1893964191164,-7.79578931562466));
#9547=CARTESIAN_POINT('Ctrl Pts',(10.8270822488759,-41.3146247374522,-7.51290877045123));
#9548=CARTESIAN_POINT('Ctrl Pts',(10.153698214152,-39.6889318681362,-8.20633199895714));
#9549=CARTESIAN_POINT('Ctrl Pts',(10.2793983493887,-39.9923988394168,-8.20633199895714));
#9550=CARTESIAN_POINT('Ctrl Pts',(10.498778435246,-40.5220292180081,-8.01485730086991));
#9551=CARTESIAN_POINT('Ctrl Pts',(10.642220928375,-40.8683300303409,-7.55624337792265));
#9552=CARTESIAN_POINT('Ctrl Pts',(10.6826583963605,-40.9659547139794,-7.33370694340926));
#9553=CARTESIAN_POINT('',(13.057532828867,-41.7329123605839,-8.10170660522477));
#9554=CARTESIAN_POINT('Ctrl Pts',(11.8108313684359,-39.0025248409737,-10.));
#9555=CARTESIAN_POINT('Ctrl Pts',(12.108290754093,-39.650716899652,-10.));
#9556=CARTESIAN_POINT('Ctrl Pts',(12.6256782988785,-40.7829365803373,-9.5834692662848));
#9557=CARTESIAN_POINT('Ctrl Pts',(12.9625923072076,-41.5239851956492,-8.58580850104782));
#9558=CARTESIAN_POINT('Ctrl Pts',(13.0575328288668,-41.7329123605835,-8.10170660522453));
#9559=CARTESIAN_POINT('Origin',(12.3397915506444,-40.2795476868169,-7.33370694340927));
#9560=CARTESIAN_POINT('Origin',(1.95713315428393,-15.2135929728365,5.54914669734926));
#9561=CARTESIAN_POINT('',(13.0575328288621,-41.7329123605726,19.2000000000056));
#9562=CARTESIAN_POINT('Ctrl Pts',(13.0575328288633,-41.732912360575,19.2));
#9563=CARTESIAN_POINT('Ctrl Pts',(13.0248539211306,-41.7490507747186,19.2));
#9564=CARTESIAN_POINT('Ctrl Pts',(12.992226514659,-41.7637854431047,19.2));
#9565=CARTESIAN_POINT('Ctrl Pts',(12.9600957301649,-41.7770944498118,19.2));
#9566=CARTESIAN_POINT('Ctrl Pts',(12.7624670251344,-41.8589549397497,19.2));
#9567=CARTESIAN_POINT('Ctrl Pts',(12.5100069654154,-41.9053854346003,19.2));
#9568=CARTESIAN_POINT('Ctrl Pts',(12.0707123790105,-41.896150107595,19.2));
#9569=CARTESIAN_POINT('Ctrl Pts',(11.8073982392641,-41.8338848647096,19.2));
#9570=CARTESIAN_POINT('Ctrl Pts',(11.3820977544715,-41.6418952562635,19.2));
#9571=CARTESIAN_POINT('Ctrl Pts',(11.1475321074846,-41.4724327054402,19.2));
#9572=CARTESIAN_POINT('Ctrl Pts',(10.8032121010881,-41.1127458835645,19.2));
#9573=CARTESIAN_POINT('Ctrl Pts',(10.6362008921739,-40.8537963772981,19.2));
#9574=CARTESIAN_POINT('Ctrl Pts',(10.5379355458705,-40.6165628455412,19.2));
#9575=CARTESIAN_POINT('Origin',(2.05592164770054,-15.1726734390569,5.54914669734926));
#9576=CARTESIAN_POINT('Origin',(0.300000000000005,-15.899999999999,5.54914669734926));
#9577=CARTESIAN_POINT('',(16.2931919435695,-39.8648036997032,-8.10170660522601));
#9578=CARTESIAN_POINT('Origin',(0.299999999999818,-15.8999999999987,-8.10170660522653));
#9579=CARTESIAN_POINT('',(16.2931919435627,-39.8648036996943,19.2000000000056));
#9580=CARTESIAN_POINT('Origin',(-1.20784410247328,-17.0570094734917,5.54914669734926));
#9581=CARTESIAN_POINT('Origin',(0.300000000000171,-15.8999999999993,19.2000000000062));
#9582=CARTESIAN_POINT('Origin',(0.300000000000002,-15.899999999999,-6.68030299018108));
#9583=CARTESIAN_POINT('Ctrl Pts',(16.2931919435694,-39.8648036997032,-8.10170660522601));
#9584=CARTESIAN_POINT('Ctrl Pts',(16.1597259747577,-39.6781192174527,-8.58580849113774));
#9585=CARTESIAN_POINT('Ctrl Pts',(15.9568789021392,-39.3942762424971,-9.01337749514297));
#9586=CARTESIAN_POINT('Ctrl Pts',(15.7083839266999,-39.0458021685772,-9.33420824224055));
#9587=CARTESIAN_POINT('Ctrl Pts',(15.3770572927796,-38.5811700700156,-9.76198257170552));
#9588=CARTESIAN_POINT('Ctrl Pts',(14.9645788316215,-38.0016382399608,-10.));
#9589=CARTESIAN_POINT('Ctrl Pts',(14.5519577196272,-37.4199348042306,-10.));
#9590=CARTESIAN_POINT('Origin',(-1.12301250000085,-16.9919158954811,5.54914669734926));
#9591=CARTESIAN_POINT('Ctrl Pts',(16.5862035455389,-37.1245936878016,19.2));
#9592=CARTESIAN_POINT('Ctrl Pts',(16.7425211375182,-37.3283107398905,19.2));
#9593=CARTESIAN_POINT('Ctrl Pts',(16.8832723837852,-37.6024214426601,19.2));
#9594=CARTESIAN_POINT('Ctrl Pts',(17.0226103057378,-38.0804547261686,19.2));
#9595=CARTESIAN_POINT('Ctrl Pts',(17.0520863562475,-38.368325810726,19.2));
#9596=CARTESIAN_POINT('Ctrl Pts',(17.0057039920281,-38.8326416390213,19.2));
#9597=CARTESIAN_POINT('Ctrl Pts',(16.9279702042665,-39.09181099466,19.2));
#9598=CARTESIAN_POINT('Ctrl Pts',(16.7163209388629,-39.4768689297344,19.2));
#9599=CARTESIAN_POINT('Ctrl Pts',(16.5498809209524,-39.6722905074666,19.2));
#9600=CARTESIAN_POINT('Ctrl Pts',(16.3801733045848,-39.8025117415711,19.2));
#9601=CARTESIAN_POINT('Ctrl Pts',(16.3525819744302,-39.823683313833,19.2));
#9602=CARTESIAN_POINT('Ctrl Pts',(16.3235076740557,-39.844572142504,19.2));
#9603=CARTESIAN_POINT('Ctrl Pts',(16.2931919435642,-39.8648036996966,19.2));
#9604=CARTESIAN_POINT('Origin',(15.3934118542504,-38.5165391825537,-7.33370694341819));
#9605=CARTESIAN_POINT('Ctrl Pts',(16.2931919435708,-39.8648036997052,-8.10170660522085));
#9606=CARTESIAN_POINT('Ctrl Pts',(16.1597259747591,-39.6781192174547,-8.58580849113471));
#9607=CARTESIAN_POINT('Ctrl Pts',(15.6864161386481,-39.0158189425566,-9.58346950048465));
#9608=CARTESIAN_POINT('Ctrl Pts',(14.9645788316215,-38.0016382399608,-10.));
#9609=CARTESIAN_POINT('Ctrl Pts',(14.5519577196272,-37.4199348042306,-10.));
#9610=CARTESIAN_POINT('Ctrl Pts',(16.7525996977574,-39.5500989177044,-8.11595054489479));
#9611=CARTESIAN_POINT('Ctrl Pts',(16.614961021868,-39.3601752290754,-8.60479924569365));
#9612=CARTESIAN_POINT('Ctrl Pts',(16.128723993338,-38.6888684926401,-9.60644092242664));
#9613=CARTESIAN_POINT('Ctrl Pts',(15.3951693316905,-37.6728094068944,-10.0082569062229));
#9614=CARTESIAN_POINT('Ctrl Pts',(14.9777220640052,-37.0932343322702,-10.));
#9615=CARTESIAN_POINT('Ctrl Pts',(17.3023579919109,-38.6398758393057,-7.93197227123912));
#9616=CARTESIAN_POINT('Ctrl Pts',(17.1788003685027,-38.4756014543418,-8.35622671317272));
#9617=CARTESIAN_POINT('Ctrl Pts',(16.7410230776353,-37.8935563381307,-9.22342237160797));
#9618=CARTESIAN_POINT('Ctrl Pts',(16.0847365719203,-37.0201120096118,-9.56261669804769));
#9619=CARTESIAN_POINT('Ctrl Pts',(15.7149733402879,-36.5275215310566,-9.54988004089055));
#9620=CARTESIAN_POINT('Ctrl Pts',(17.0461695258456,-37.7240330239812,-7.51290877044908));
#9621=CARTESIAN_POINT('Ctrl Pts',(16.9636417645685,-37.6165186680038,-7.79578930983203));
#9622=CARTESIAN_POINT('Ctrl Pts',(16.6710203733344,-37.235132967054,-8.37673627200857));
#9623=CARTESIAN_POINT('Ctrl Pts',(16.2273392964443,-36.6568013196396,-8.61261274254507));
#9624=CARTESIAN_POINT('Ctrl Pts',(15.9749702196281,-36.3280189087486,-8.60883015717538));
#9625=CARTESIAN_POINT('Ctrl Pts',(16.8164243542376,-37.4246232870539,-7.33370694340758));
#9626=CARTESIAN_POINT('Ctrl Pts',(16.7520976334799,-37.3407910724107,-7.5562433733657));
#9627=CARTESIAN_POINT('Ctrl Pts',(16.5239136212774,-37.0434158780318,-8.01485740852906));
#9628=CARTESIAN_POINT('Ctrl Pts',(16.1749302658481,-36.588611914537,-8.20633199895714));
#9629=CARTESIAN_POINT('Ctrl Pts',(15.9749702196281,-36.3280189087486,-8.20633199895714));
#9630=CARTESIAN_POINT('Ctrl Pts',(26.0627890880631,-17.4825900367421,-10.));
#9631=CARTESIAN_POINT('Ctrl Pts',(26.7728695702385,-17.5490786815081,-10.));
#9632=CARTESIAN_POINT('Ctrl Pts',(28.0120944904199,-17.6671177769196,-9.5834694759806));
#9633=CARTESIAN_POINT('Ctrl Pts',(28.8223182792332,-17.7458659820169,-8.58580850104782));
#9634=CARTESIAN_POINT('Ctrl Pts',(29.0507247724366,-17.7681086608786,-8.10170660522453));
#9635=CARTESIAN_POINT('Ctrl Pts',(25.992740352106,-18.0146630109793,-10.));
#9636=CARTESIAN_POINT('Ctrl Pts',(26.7033906973192,-18.0863954095325,-10.0082569059132));
#9637=CARTESIAN_POINT('Ctrl Pts',(27.9501010250269,-18.2136428411958,-9.6064409703699));
#9638=CARTESIAN_POINT('Ctrl Pts',(28.7745882317705,-18.2990830916551,-8.60479925570394));
#9639=CARTESIAN_POINT('Ctrl Pts',(29.0078863136247,-18.3233198377002,-8.11595054489849));
#9640=CARTESIAN_POINT('Ctrl Pts',(25.8714391022194,-18.9360374786842,-9.54992815103573));
#9641=CARTESIAN_POINT('Ctrl Pts',(26.4829165631922,-19.0099665886128,-9.56266480771516));
#9642=CARTESIAN_POINT('Ctrl Pts',(27.5675176044552,-19.1416122797397,-9.22345544962067));
#9643=CARTESIAN_POINT('Ctrl Pts',(28.2904897548675,-19.229719766531,-8.35625114080956));
#9644=CARTESIAN_POINT('Ctrl Pts',(28.4945343613188,-19.2545866152608,-7.93199669019161));
#9645=CARTESIAN_POINT('Ctrl Pts',(25.82866843378,-19.2609129593867,-8.60883015717538));
#9646=CARTESIAN_POINT('Ctrl Pts',(26.2395868769251,-19.315079783562,-8.6126127424032));
#9647=CARTESIAN_POINT('Ctrl Pts',(26.9622773218552,-19.4101530453338,-8.37673624377933));
#9648=CARTESIAN_POINT('Ctrl Pts',(27.4388777277834,-19.4728777533135,-7.79578931562465));
#9649=CARTESIAN_POINT('Ctrl Pts',(27.5732517747209,-19.4905917134709,-7.51290877045123));
#9650=CARTESIAN_POINT('Ctrl Pts',(25.82866843378,-19.2609129593867,-8.20633199895715));
#9651=CARTESIAN_POINT('Ctrl Pts',(26.1543286077369,-19.3037869346528,-8.20633199895715));
#9652=CARTESIAN_POINT('Ctrl Pts',(26.7226920780907,-19.3786134050624,-8.01485739726482));
#9653=CARTESIAN_POINT('Ctrl Pts',(27.0943185605375,-19.4275389596461,-7.55624337792264));
#9654=CARTESIAN_POINT('Ctrl Pts',(27.1990827505976,-19.4413314269252,-7.33370694340926));
#9655=CARTESIAN_POINT('Ctrl Pts',(26.0627890880631,-17.4825900367421,-10.));
#9656=CARTESIAN_POINT('Ctrl Pts',(26.7728695702385,-17.5490786815081,-10.));
#9657=CARTESIAN_POINT('Ctrl Pts',(28.0120944904199,-17.6671177769196,-9.5834694759806));
#9658=CARTESIAN_POINT('Ctrl Pts',(28.8223182792332,-17.7458659820169,-8.58580850104782));
#9659=CARTESIAN_POINT('Ctrl Pts',(29.0507247724366,-17.7681086608786,-8.10170660522453));
#9660=CARTESIAN_POINT('Origin',(0.300000000000007,-15.899999999999,-6.68030299018108));
#9661=CARTESIAN_POINT('Ctrl Pts',(29.0507247724359,-14.0318913391194,-8.101706605226));
#9662=CARTESIAN_POINT('Ctrl Pts',(28.8223182839087,-14.0541340175258,-8.58580849113774));
#9663=CARTESIAN_POINT('Ctrl Pts',(28.4750799953636,-14.0878832062752,-9.01337819797061));
#9664=CARTESIAN_POINT('Ctrl Pts',(28.0490451748921,-14.1288491247952,-9.33420904547215));
#9665=CARTESIAN_POINT('Ctrl Pts',(27.4809987475947,-14.1834703494885,-9.76198350880905));
#9666=CARTESIAN_POINT('Ctrl Pts',(26.7728695968713,-14.2509213159962,-10.));
#9667=CARTESIAN_POINT('Ctrl Pts',(26.0627890880631,-14.3174099632559,-10.));
#9668=CARTESIAN_POINT('Ctrl Pts',(29.0507247724383,-14.0318913391192,-8.10170660522085));
#9669=CARTESIAN_POINT('Ctrl Pts',(28.8223182839111,-14.0541340175256,-8.5858084911347));
#9670=CARTESIAN_POINT('Ctrl Pts',(28.0120956106371,-14.1328821246078,-9.58347114041583));
#9671=CARTESIAN_POINT('Ctrl Pts',(26.7728695968713,-14.2509213159962,-10.));
#9672=CARTESIAN_POINT('Ctrl Pts',(26.0627890880631,-14.3174099632559,-10.));
#9673=CARTESIAN_POINT('Ctrl Pts',(29.0078863136264,-13.4766801622977,-8.11595054489479));
#9674=CARTESIAN_POINT('Ctrl Pts',(28.7745882365486,-13.5009169078466,-8.60479924569364));
#9675=CARTESIAN_POINT('Ctrl Pts',(27.9501019988506,-13.586357102339,-9.60643886784443));
#9676=CARTESIAN_POINT('Ctrl Pts',(26.7033907239735,-13.713604587775,-10.0082569062229));
#9677=CARTESIAN_POINT('Ctrl Pts',(25.992740352106,-13.7853369890187,-10.));
#9678=CARTESIAN_POINT('Ctrl Pts',(28.4945598217891,-12.5453848944066,-7.93201044208185));
#9679=CARTESIAN_POINT('Ctrl Pts',(28.2905152195152,-12.5702517426273,-8.35626488401543));
#9680=CARTESIAN_POINT('Ctrl Pts',(27.5675340511992,-12.658361235648,-9.22347698735015));
#9681=CARTESIAN_POINT('Ctrl Pts',(26.4829136402505,-12.7900110324602,-9.56269190213469));
#9682=CARTESIAN_POINT('Ctrl Pts',(25.8714361563431,-12.8639401451617,-9.54995524497755));
#9683=CARTESIAN_POINT('Ctrl Pts',(27.5732517747219,-12.309408286527,-7.51290877044908));
#9684=CARTESIAN_POINT('Ctrl Pts',(27.4388777305355,-12.3271222463217,-7.79578930983201));
#9685=CARTESIAN_POINT('Ctrl Pts',(26.9622779770418,-12.3898469025878,-8.37673794473583));
#9686=CARTESIAN_POINT('Ctrl Pts',(26.2395868923373,-12.4849202144044,-8.61261274254507));
#9687=CARTESIAN_POINT('Ctrl Pts',(25.82866843378,-12.5390870406114,-8.60883015717538));
#9688=CARTESIAN_POINT('Ctrl Pts',(27.1990827505984,-12.3586685730727,-7.33370694340757));
#9689=CARTESIAN_POINT('Ctrl Pts',(27.0943185626831,-12.3724610400695,-7.55624337336568));
#9690=CARTESIAN_POINT('Ctrl Pts',(26.7226925917292,-12.4213865273139,-8.01485816238779));
#9691=CARTESIAN_POINT('Ctrl Pts',(26.1543286199513,-12.4962130637371,-8.20633199895714));
#9692=CARTESIAN_POINT('Ctrl Pts',(25.82866843378,-12.5390870406114,-8.20633199895714));
#9693=CARTESIAN_POINT('Origin',(0.300000000000007,-15.899999999999,17.7));
#9694=CARTESIAN_POINT('',(17.6676224973012,-29.449999999999,17.7));
#9695=CARTESIAN_POINT('',(17.6676224973012,-34.449999999999,17.7));
#9696=CARTESIAN_POINT('',(17.6676224973012,2.65000000000098,17.7));
#9697=CARTESIAN_POINT('',(12.3676224973012,-34.4499999999991,17.7));
#9698=CARTESIAN_POINT('',(17.6676224973012,-34.449999999999,17.7));
#9699=CARTESIAN_POINT('',(12.3676224973012,-29.4499999999991,17.7));
#9700=CARTESIAN_POINT('',(12.3676224973012,-5.94999999999906,17.7));
#9701=CARTESIAN_POINT('',(8.98381124865069,-29.4499999999991,17.7));
#9702=CARTESIAN_POINT('Origin',(12.3676224973012,-5.94999999999906,17.7));
#9703=CARTESIAN_POINT('',(17.6676224973012,-5.94999999999904,19.2));
#9704=CARTESIAN_POINT('',(17.6676224973012,-5.94999999999904,17.7));
#9705=CARTESIAN_POINT('',(12.3676224973012,-5.94999999999906,19.2));
#9706=CARTESIAN_POINT('',(6.33381124865059,-5.94999999999909,19.2));
#9707=CARTESIAN_POINT('',(12.3676224973012,-5.94999999999906,17.7));
#9708=CARTESIAN_POINT('Origin',(17.6676224973012,-29.449999999999,17.7));
#9709=CARTESIAN_POINT('',(12.3676224973012,-29.4499999999991,19.2));
#9710=CARTESIAN_POINT('',(12.3676224973012,-29.4499999999991,17.7));
#9711=CARTESIAN_POINT('',(17.6676224973012,-29.449999999999,19.2));
#9712=CARTESIAN_POINT('',(8.98381124865069,-29.4499999999991,19.2));
#9713=CARTESIAN_POINT('',(17.6676224973012,-29.449999999999,17.7));
#9714=CARTESIAN_POINT('Origin',(0.300000000000007,-15.899999999999,19.2));
#9715=CARTESIAN_POINT('',(12.3676224973012,-22.674999999999,19.2));
#9716=CARTESIAN_POINT('',(17.6676224973012,-10.924999999999,19.2));
#9717=CARTESIAN_POINT('Origin',(0.300000000000007,-15.899999999999,4.6));
#9718=CARTESIAN_POINT('',(17.6676224973012,2.65000000000098,4.6));
#9719=CARTESIAN_POINT('Origin',(0.300000000000007,-15.899999999999,4.6));
#9720=CARTESIAN_POINT('',(6.86762249730113,6.19668604704492,4.6));
#9721=CARTESIAN_POINT('',(6.86762249730113,6.19668604704492,4.6));
#9722=CARTESIAN_POINT('',(8.36762249730113,6.19668604704494,4.6));
#9723=CARTESIAN_POINT('',(8.36762249730113,6.19668604704494,4.6));
#9724=CARTESIAN_POINT('',(8.3676224973012,-5.94999999999906,4.6));
#9725=CARTESIAN_POINT('',(8.36762249730116,2.65000000000094,4.6));
#9726=CARTESIAN_POINT('',(12.3676224973012,-5.94999999999906,4.6));
#9727=CARTESIAN_POINT('',(12.3676224973012,-5.94999999999906,4.6));
#9728=CARTESIAN_POINT('',(12.3676224973012,-34.4499999999991,4.6));
#9729=CARTESIAN_POINT('',(12.3676224973012,-5.94999999999906,4.6));
#9730=CARTESIAN_POINT('',(17.6676224973012,-34.449999999999,4.6));
#9731=CARTESIAN_POINT('Origin',(0.300000000000007,-15.899999999999,4.6));
#9732=CARTESIAN_POINT('',(-19.1657124551868,-2.29999999999961,4.6));
#9733=CARTESIAN_POINT('',(-21.1657124551868,-2.29999999999903,4.6));
#9734=CARTESIAN_POINT('',(-10.4328562275914,-2.30000000000213,4.6));
#9735=CARTESIAN_POINT('',(-19.1657124551864,-29.4999999999995,4.6));
#9736=CARTESIAN_POINT('',(-19.1657124551868,-2.29999999999961,4.6));
#9737=CARTESIAN_POINT('',(-21.1657124551865,-29.4999999999995,4.6));
#9738=CARTESIAN_POINT('',(-9.43285622759322,-29.4999999999995,4.6));
#9739=CARTESIAN_POINT('Origin',(0.300000000000009,-15.899999999999,4.6));
#9740=CARTESIAN_POINT('Origin',(0.300000000000007,-15.899999999999,4.6));
#9741=CARTESIAN_POINT('',(14.7676224973011,2.65000000000097,4.6));
#9742=CARTESIAN_POINT('',(8.36762249730116,2.65000000000094,4.6));
#9743=CARTESIAN_POINT('',(14.7676224973011,2.65000000000097,4.6));
#9744=CARTESIAN_POINT('Origin',(6.86762249730113,6.19668604704492,4.6));
#9745=CARTESIAN_POINT('',(6.86762249730113,6.19668604704492,4.6));
#9746=CARTESIAN_POINT('Origin',(8.36762249730113,6.19668604704494,4.6));
#9747=CARTESIAN_POINT('',(8.36762249730113,6.19668604704494,4.6));
#9748=CARTESIAN_POINT('Origin',(8.36762249730125,-5.94999999999906,4.6));
#9749=CARTESIAN_POINT('',(8.3676224973012,-5.94999999999906,4.6));
#9750=CARTESIAN_POINT('Origin',(12.3676224973012,-5.94999999999906,4.6));
#9751=CARTESIAN_POINT('',(12.3676224973012,-5.94999999999906,4.6));
#9752=CARTESIAN_POINT('Origin',(12.3676224973012,-34.4499999999991,4.6));
#9753=CARTESIAN_POINT('',(12.3676224973012,-34.4499999999991,4.6));
#9754=CARTESIAN_POINT('Origin',(17.6676224973012,-34.449999999999,4.6));
#9755=CARTESIAN_POINT('',(17.6676224973012,-34.449999999999,4.6));
#9756=CARTESIAN_POINT('Origin',(17.6676224973012,2.65000000000098,4.6));
#9757=CARTESIAN_POINT('',(17.6676224973012,2.65000000000098,4.6));
#9758=CARTESIAN_POINT('Origin',(14.7676224973011,2.65000000000097,4.6));
#9759=CARTESIAN_POINT('',(14.7676224973011,2.65000000000097,4.6));
#9760=CARTESIAN_POINT('Origin',(14.7676224973012,4.99078051400637,4.6));
#9761=CARTESIAN_POINT('Origin',(-19.1657124551865,-29.4999999999995,-10.));
#9762=CARTESIAN_POINT('',(-19.1657124551864,-29.4999999999995,-10.));
#9763=CARTESIAN_POINT('',(-21.1657124551865,-29.4999999999995,-10.));
#9764=CARTESIAN_POINT('Origin',(-19.1657124551868,-2.29999999999961,-10.));
#9765=CARTESIAN_POINT('',(-19.1657124551868,-2.29999999999961,-10.));
#9766=CARTESIAN_POINT('Origin',(-21.1657124551868,-2.29999999999903,-10.));
#9767=CARTESIAN_POINT('',(-21.1657124551868,-2.29999999999903,-10.));
#9768=CARTESIAN_POINT('Origin',(0.300000000000009,-15.899999999999,-10.));
#9769=CARTESIAN_POINT('',(-0.300000000000007,-15.899999999999,19.2));
#9770=UNCERTAINTY_MEASURE_WITH_UNIT(LENGTH_MEASURE(0.01),#9776,
'DISTANCE_ACCURACY_VALUE',
'Maximum model space distance between geometric entities at asserted c
onnectivities');
#9771=UNCERTAINTY_MEASURE_WITH_UNIT(LENGTH_MEASURE(0.01),#9776,
'DISTANCE_ACCURACY_VALUE',
'Maximum model space distance between geometric entities at asserted c
onnectivities');
#9772=UNCERTAINTY_MEASURE_WITH_UNIT(LENGTH_MEASURE(0.01),#9776,
'DISTANCE_ACCURACY_VALUE',
'Maximum model space distance between geometric entities at asserted c
onnectivities');
#9773=(
GEOMETRIC_REPRESENTATION_CONTEXT(3)
GLOBAL_UNCERTAINTY_ASSIGNED_CONTEXT((#9770))
GLOBAL_UNIT_ASSIGNED_CONTEXT((#9776,#9778,#9779))
REPRESENTATION_CONTEXT('','3D')
);
#9774=(
GEOMETRIC_REPRESENTATION_CONTEXT(3)
GLOBAL_UNCERTAINTY_ASSIGNED_CONTEXT((#9771))
GLOBAL_UNIT_ASSIGNED_CONTEXT((#9776,#9778,#9779))
REPRESENTATION_CONTEXT('','3D')
);
#9775=(
GEOMETRIC_REPRESENTATION_CONTEXT(3)
GLOBAL_UNCERTAINTY_ASSIGNED_CONTEXT((#9772))
GLOBAL_UNIT_ASSIGNED_CONTEXT((#9776,#9778,#9779))
REPRESENTATION_CONTEXT('','3D')
);
#9776=(
LENGTH_UNIT()
NAMED_UNIT(*)
SI_UNIT(.MILLI.,.METRE.)
);
#9777=(
LENGTH_UNIT()
NAMED_UNIT(*)
SI_UNIT($,.METRE.)
);
#9778=(
NAMED_UNIT(*)
PLANE_ANGLE_UNIT()
SI_UNIT($,.RADIAN.)
);
#9779=(
NAMED_UNIT(*)
SI_UNIT($,.STERADIAN.)
SOLID_ANGLE_UNIT()
);
#9780=SHAPE_DEFINITION_REPRESENTATION(#9782,#9785);
#9781=SHAPE_DEFINITION_REPRESENTATION(#9783,#9786);
#9782=PRODUCT_DEFINITION_SHAPE('',$,#9788);
#9783=PRODUCT_DEFINITION_SHAPE('',$,#9789);
#9784=PRODUCT_DEFINITION_SHAPE($,$,#14);
#9785=SHAPE_REPRESENTATION('',(#3753,#4204),#9773);
#9786=SHAPE_REPRESENTATION('',(#3754),#9774);
#9787=PRODUCT_DEFINITION_CONTEXT('part definition',#9795,'design');
#9788=PRODUCT_DEFINITION('2026-09-28-16-39-01-195','PRINT_LAYOUT',#9790,
#9787);
#9789=PRODUCT_DEFINITION('2026-09-28-16-39-01-181','PumpkinCover',#9791,
#9787);
#9790=PRODUCT_DEFINITION_FORMATION('',$,#9797);
#9791=PRODUCT_DEFINITION_FORMATION('',$,#9798);
#9792=PRODUCT_RELATED_PRODUCT_CATEGORY('PRINT_LAYOUT','PRINT_LAYOUT',(#9797));
#9793=PRODUCT_RELATED_PRODUCT_CATEGORY('PumpkinCover','PumpkinCover',(#9798));
#9794=APPLICATION_PROTOCOL_DEFINITION('international standard',
'automotive_design',2009,#9795);
#9795=APPLICATION_CONTEXT(
'Core Data for Automotive Mechanical Design Process');
#9796=PRODUCT_CONTEXT('part definition',#9795,'mechanical');
#9797=PRODUCT('2026-09-28-16-39-01-195','PRINT_LAYOUT',$,(#9796));
#9798=PRODUCT('2026-09-28-16-39-01-181','PumpkinCover',$,(#9796));
#9799=PRESENTATION_STYLE_ASSIGNMENT((#9801));
#9800=PRESENTATION_STYLE_ASSIGNMENT((#9802));
#9801=SURFACE_STYLE_USAGE(.BOTH.,#9803);
#9802=SURFACE_STYLE_USAGE(.BOTH.,#9804);
#9803=SURFACE_SIDE_STYLE('',(#9805));
#9804=SURFACE_SIDE_STYLE('',(#9806));
#9805=SURFACE_STYLE_FILL_AREA(#9807);
#9806=SURFACE_STYLE_FILL_AREA(#9808);
#9807=FILL_AREA_STYLE('Steel - Satin',(#9809));
#9808=FILL_AREA_STYLE('Plastic - Matte (Red)',(#9810));
#9809=FILL_AREA_STYLE_COLOUR('Steel - Satin',#9811);
#9810=FILL_AREA_STYLE_COLOUR('Plastic - Matte (Red)',#9812);
#9811=COLOUR_RGB('Steel - Satin',0.627450980392157,0.627450980392157,0.627450980392157);
#9812=COLOUR_RGB('Plastic - Matte (Red)',0.901960784313726,0.392156862745098,
0.0784313725490196);
ENDSEC;
END-ISO-10303-21;
