ISO-10303-21;
HEADER;
/* Generated by software containing ST-Developer
 * from STEP Tools, Inc. (www.steptools.com) 
 */

FILE_DESCRIPTION(
/* description */ (''),
/* implementation_level */ '2;1');

FILE_NAME(
/* name */ 'PumpkinTop.step',
/* time_stamp */ '2026-09-28T16:38:43+02:00',
/* author */ (''),
/* organization */ (''),
/* preprocessor_version */ 'ST-DEVELOPER v20.2',
/* originating_system */ 'Autodesk Translation Framework v15.15.0.0',
/* authorisation */ '');

FILE_SCHEMA (('AUTOMOTIVE_DESIGN { 1 0 10303 214 3 1 1 }'));
ENDSEC;

DATA;
#10=MECHANICAL_DESIGN_GEOMETRIC_PRESENTATION_REPRESENTATION('',(#17),#7979);
#11=ITEM_DEFINED_TRANSFORMATION($,$,#2323,#2478);
#12=(
REPRESENTATION_RELATIONSHIP($,$,#7990,#7989)
REPRESENTATION_RELATIONSHIP_WITH_TRANSFORMATION(#11)
SHAPE_REPRESENTATION_RELATIONSHIP()
);
#13=CONTEXT_DEPENDENT_SHAPE_REPRESENTATION(#12,#7988);
#14=NEXT_ASSEMBLY_USAGE_OCCURRENCE('PumpkinTop:1','PumpkinTop:1',
'PumpkinTop:1',#7992,#7993,'PumpkinTop:1');
#15=SHAPE_REPRESENTATION_RELATIONSHIP('SRR','None',#7990,#16);
#16=ADVANCED_BREP_SHAPE_REPRESENTATION('',(#18),#7978);
#17=STYLED_ITEM('',(#8004),#18);
#18=MANIFOLD_SOLID_BREP('Body51',#2309);
#19=FACE_BOUND('',#591,.T.);
#20=FACE_BOUND('',#683,.T.);
#21=PLANE('',#2336);
#22=PLANE('',#2435);
#23=CONICAL_SURFACE('',#2332,10.8367916985286,1.23174893732079);
#24=CONICAL_SURFACE('',#2364,10.8367916985286,1.23174893732079);
#25=CONICAL_SURFACE('',#2369,10.8367916985286,1.23174893732079);
#26=CONICAL_SURFACE('',#2374,10.8367916985286,1.23174893732079);
#27=CONICAL_SURFACE('',#2379,10.8367916985286,1.23174893732079);
#28=CONICAL_SURFACE('',#2384,10.8367916985286,1.23174893732079);
#29=CONICAL_SURFACE('',#2389,10.8367916985286,1.23174893732079);
#30=CONICAL_SURFACE('',#2394,10.8367916985286,1.23174893732079);
#31=CONICAL_SURFACE('',#2399,10.8367916985286,1.23174893732079);
#32=CONICAL_SURFACE('',#2404,10.8367916985286,1.23174893732079);
#33=CONICAL_SURFACE('',#2409,10.8367916985286,1.23174893732079);
#34=CONICAL_SURFACE('',#2414,10.8367916985286,1.23174893732079);
#35=CONICAL_SURFACE('',#2419,10.8367916985286,1.23174893732079);
#36=CONICAL_SURFACE('',#2424,10.8367916985286,1.23174893732079);
#37=CONICAL_SURFACE('',#2429,10.8367916985286,1.23174893732079);
#38=CONICAL_SURFACE('',#2434,10.8367916985286,1.23174893732079);
#39=CONICAL_SURFACE('',#2437,2.86875,0.134825833038745);
#40=CONICAL_SURFACE('',#2442,10.8367916985286,1.23174893732079);
#41=CONICAL_SURFACE('',#2447,10.8367916985286,1.23174893732079);
#42=CONICAL_SURFACE('',#2452,10.8367916985286,1.23174893732079);
#43=CONICAL_SURFACE('',#2457,10.8367916985286,1.23174893732079);
#44=CONICAL_SURFACE('',#2462,10.8367916985286,1.23174893732079);
#45=CONICAL_SURFACE('',#2467,10.8367916985286,1.23174893732079);
#46=CONICAL_SURFACE('',#2472,10.8367916985286,1.23174893732079);
#47=CONICAL_SURFACE('',#2477,10.8367916985286,1.23174893732079);
#48=TOROIDAL_SURFACE('',#2329,20.6166983938746,12.9810186048534);
#49=TOROIDAL_SURFACE('',#2333,9.97332977838245,6.84797559778619);
#50=TOROIDAL_SURFACE('',#2362,20.6166983938746,12.9810186048534);
#51=TOROIDAL_SURFACE('',#2367,20.6166983938746,12.9810186048534);
#52=TOROIDAL_SURFACE('',#2372,20.6166983938746,12.9810186048534);
#53=TOROIDAL_SURFACE('',#2377,20.6166983938746,12.9810186048534);
#54=TOROIDAL_SURFACE('',#2382,20.6166983938746,12.9810186048534);
#55=TOROIDAL_SURFACE('',#2387,20.6166983938746,12.9810186048534);
#56=TOROIDAL_SURFACE('',#2392,20.6166983938746,12.9810186048534);
#57=TOROIDAL_SURFACE('',#2397,20.6166983938746,12.9810186048534);
#58=TOROIDAL_SURFACE('',#2402,20.6166983938746,12.9810186048534);
#59=TOROIDAL_SURFACE('',#2407,20.6166983938746,12.9810186048534);
#60=TOROIDAL_SURFACE('',#2412,20.6166983938746,12.9810186048534);
#61=TOROIDAL_SURFACE('',#2417,20.6166983938746,12.9810186048534);
#62=TOROIDAL_SURFACE('',#2422,20.6166983938746,12.9810186048534);
#63=TOROIDAL_SURFACE('',#2427,20.6166983938746,12.9810186048534);
#64=TOROIDAL_SURFACE('',#2432,20.6166983938746,12.9810186048534);
#65=TOROIDAL_SURFACE('',#2440,20.6166983938746,12.9810186048534);
#66=TOROIDAL_SURFACE('',#2445,20.6166983938746,12.9810186048534);
#67=TOROIDAL_SURFACE('',#2450,20.6166983938746,12.9810186048534);
#68=TOROIDAL_SURFACE('',#2455,20.6166983938746,12.9810186048534);
#69=TOROIDAL_SURFACE('',#2460,20.6166983938746,12.9810186048534);
#70=TOROIDAL_SURFACE('',#2465,20.6166983938746,12.9810186048534);
#71=TOROIDAL_SURFACE('',#2470,20.6166983938746,12.9810186048534);
#72=TOROIDAL_SURFACE('',#2475,20.6166983938746,12.9810186048534);
#73=B_SPLINE_CURVE_WITH_KNOTS('',3,(#2840,#2841,#2842,#2843,#2844,#2845,
#2846,#2847,#2848,#2849,#2850,#2851),.UNSPECIFIED.,.F.,.F.,(4,2,2,2,2,4),
(0.,0.0992766539047207,0.188445332666939,0.269519017043285,0.313211869682557,
0.356679902590645),.UNSPECIFIED.);
#74=B_SPLINE_CURVE_WITH_KNOTS('',3,(#2853,#2854,#2855,#2856,#2857,#2858,
#2859),.UNSPECIFIED.,.F.,.F.,(4,1,1,1,4),(0.135471015047203,0.609119813454961,
1.08308333802705,1.43855598145612,1.79402862488519),.UNSPECIFIED.);
#75=B_SPLINE_CURVE_WITH_KNOTS('',3,(#2862,#2863,#2864,#2865,#2866,#2867,
#2868),.UNSPECIFIED.,.F.,.F.,(4,1,1,1,4),(-1.57082499516394,-1.18507256195655,
-0.948058049565242,-0.474029024782622,-1.05425870036038E-15),
 .UNSPECIFIED.);
#76=B_SPLINE_CURVE_WITH_KNOTS('',3,(#2896,#2897,#2898,#2899,#2900,#2901,
#2902,#2903),.UNSPECIFIED.,.F.,.F.,(4,2,2,4),(0.,0.138776749216569,0.204581277544613,
0.266578974633085),.UNSPECIFIED.);
#77=B_SPLINE_CURVE_WITH_KNOTS('',3,(#2904,#2905,#2906,#2907,#2908),
 .UNSPECIFIED.,.F.,.F.,(4,1,4),(-2.03386637274595,-1.38714310465087,-1.04768247617837),
 .UNSPECIFIED.);
#78=B_SPLINE_CURVE_WITH_KNOTS('',3,(#2910,#2911,#2912,#2913),
 .UNSPECIFIED.,.F.,.F.,(4,4),(0.,0.123282687536063),.UNSPECIFIED.);
#79=B_SPLINE_CURVE_WITH_KNOTS('',3,(#2914,#2915,#2916,#2917,#2918,#2919),
 .UNSPECIFIED.,.F.,.F.,(4,2,4),(-0.00369090340613921,0.,0.984340967472696),
 .UNSPECIFIED.);
#80=B_SPLINE_CURVE_WITH_KNOTS('',3,(#2946,#2947,#2948,#2949),
 .UNSPECIFIED.,.F.,.F.,(4,4),(1.91058392124302,2.03386637274595),
 .UNSPECIFIED.);
#81=B_SPLINE_CURVE_WITH_KNOTS('',3,(#2953,#2954,#2955,#2956,#2957),
 .UNSPECIFIED.,.F.,.F.,(4,1,4),(-0.986191452539364,-0.646735587476465,0.),
 .UNSPECIFIED.);
#82=B_SPLINE_CURVE_WITH_KNOTS('',3,(#2958,#2959,#2960,#2961,#2962,#2963,
#2964,#2965),.UNSPECIFIED.,.F.,.F.,(4,2,2,4),(0.0830897522679509,0.0933909647613271,
0.187818316319485,0.291105848894101),.UNSPECIFIED.);
#83=B_SPLINE_CURVE_WITH_KNOTS('',3,(#3003,#3004,#3005,#3006,#3007,#3008,
#3009,#3010,#3011,#3012,#3013,#3014),.UNSPECIFIED.,.F.,.F.,(4,2,2,2,2,4),
(0.,0.0747810031381106,0.15162251917535,0.234304427009719,0.294064299538697,
0.355071194860903),.UNSPECIFIED.);
#84=B_SPLINE_CURVE_WITH_KNOTS('',3,(#3015,#3016,#3017,#3018,#3019,#3020,
#3021),.UNSPECIFIED.,.F.,.F.,(4,1,1,1,4),(-1.79402862488519,-1.43855598145612,
-1.08308333802705,-0.609119813454961,-0.223193127086878),.UNSPECIFIED.);
#85=B_SPLINE_CURVE_WITH_KNOTS('',3,(#3022,#3023,#3024,#3025,#3026,#3027,
#3028),.UNSPECIFIED.,.F.,.F.,(4,1,1,1,4),(1.05425870036038E-15,0.474029024782622,
0.948058049565242,1.18507256195655,1.65855760990077),.UNSPECIFIED.);
#86=B_SPLINE_CURVE_WITH_KNOTS('',3,(#3039,#3040,#3041,#3042,#3043,#3044,
#3045,#3046),.UNSPECIFIED.,.F.,.F.,(4,2,2,4),(0.,0.142972043404254,0.269283719594818,
0.275279060088909),.UNSPECIFIED.);
#87=B_SPLINE_CURVE_WITH_KNOTS('',3,(#3048,#3049,#3050,#3051,#3052,#3053,
#3054,#3055),.UNSPECIFIED.,.F.,.F.,(4,2,2,4),(0.0831504774045506,0.0934902002504031,
0.188227650244411,0.291166479066564),.UNSPECIFIED.);
#88=B_SPLINE_CURVE_WITH_KNOTS('',3,(#3057,#3058,#3059,#3060,#3061,#3062,
#3063,#3064),.UNSPECIFIED.,.F.,.F.,(4,2,2,4),(0.,0.142972043404254,0.269283719594818,
0.275279060088909),.UNSPECIFIED.);
#89=B_SPLINE_CURVE_WITH_KNOTS('',3,(#3066,#3067,#3068,#3069,#3070,#3071,
#3072,#3073),.UNSPECIFIED.,.F.,.F.,(4,2,2,4),(0.0831504774045506,0.0934902002504031,
0.188227650244411,0.291166479066564),.UNSPECIFIED.);
#90=B_SPLINE_CURVE_WITH_KNOTS('',3,(#3075,#3076,#3077,#3078,#3079,#3080,
#3081,#3082),.UNSPECIFIED.,.F.,.F.,(4,2,2,4),(0.,0.142972043404254,0.269283719594818,
0.275279060088909),.UNSPECIFIED.);
#91=B_SPLINE_CURVE_WITH_KNOTS('',3,(#3084,#3085,#3086,#3087,#3088,#3089,
#3090,#3091),.UNSPECIFIED.,.F.,.F.,(4,2,2,4),(0.,0.138776749216469,0.204581277544436,
0.266578974632859),.UNSPECIFIED.);
#92=B_SPLINE_CURVE_WITH_KNOTS('',3,(#3093,#3094,#3095,#3096,#3097,#3098,
#3099,#3100),.UNSPECIFIED.,.F.,.F.,(4,2,2,4),(0.083089752267949,0.0933909647613258,
0.187818316319505,0.29110584889418),.UNSPECIFIED.);
#93=B_SPLINE_CURVE_WITH_KNOTS('',3,(#3102,#3103,#3104,#3105,#3106,#3107,
#3108,#3109),.UNSPECIFIED.,.F.,.F.,(4,2,2,4),(0.,0.138776749216525,0.204581277544527,
0.266578974632953),.UNSPECIFIED.);
#94=B_SPLINE_CURVE_WITH_KNOTS('',3,(#3111,#3112,#3113,#3114,#3115,#3116,
#3117,#3118),.UNSPECIFIED.,.F.,.F.,(4,2,2,4),(0.0830897522679515,0.0933909647613247,
0.187818316319525,0.291105848894235),.UNSPECIFIED.);
#95=B_SPLINE_CURVE_WITH_KNOTS('',3,(#3120,#3121,#3122,#3123,#3124,#3125,
#3126,#3127),.UNSPECIFIED.,.F.,.F.,(4,2,2,4),(0.,0.138776749216468,0.204581277544414,
0.266578974632789),.UNSPECIFIED.);
#96=B_SPLINE_CURVE_WITH_KNOTS('',3,(#3129,#3130,#3131,#3132,#3133,#3134,
#3135,#3136),.UNSPECIFIED.,.F.,.F.,(4,2,2,4),(0.0830897522679527,0.0933909647613265,
0.187818316319458,0.291105848894084),.UNSPECIFIED.);
#97=B_SPLINE_CURVE_WITH_KNOTS('',3,(#3138,#3139,#3140,#3141,#3142,#3143,
#3144,#3145),.UNSPECIFIED.,.F.,.F.,(4,2,2,4),(0.,0.138776749216528,0.204581277544521,
0.266578974632958),.UNSPECIFIED.);
#98=B_SPLINE_CURVE_WITH_KNOTS('',3,(#3146,#3147,#3148,#3149,#3150,#3151,
#3152,#3153),.UNSPECIFIED.,.F.,.F.,(4,2,2,4),(0.083089752267952,0.0933909647613268,
0.187818316319498,0.291105848894189),.UNSPECIFIED.);
#99=B_SPLINE_CURVE_WITH_KNOTS('',3,(#3155,#3156,#3157,#3158,#3159,#3160,
#3161,#3162),.UNSPECIFIED.,.F.,.F.,(4,2,2,4),(0.0831504774045506,0.0934902002504031,
0.188227650244411,0.291166479066564),.UNSPECIFIED.);
#100=B_SPLINE_CURVE_WITH_KNOTS('',3,(#3164,#3165,#3166,#3167,#3168,#3169,
#3170,#3171),.UNSPECIFIED.,.F.,.F.,(4,2,2,4),(0.,0.142972043404254,0.269283719594818,
0.275279060088909),.UNSPECIFIED.);
#101=B_SPLINE_CURVE_WITH_KNOTS('',3,(#3173,#3174,#3175,#3176,#3177,#3178,
#3179,#3180),.UNSPECIFIED.,.F.,.F.,(4,2,2,4),(0.0831504774045506,0.0934902002504031,
0.188227650244411,0.291166479066564),.UNSPECIFIED.);
#102=B_SPLINE_CURVE_WITH_KNOTS('',3,(#3182,#3183,#3184,#3185,#3186,#3187,
#3188,#3189),.UNSPECIFIED.,.F.,.F.,(4,2,2,4),(0.,0.142972043404254,0.269283719594818,
0.275279060088909),.UNSPECIFIED.);
#103=B_SPLINE_CURVE_WITH_KNOTS('',3,(#3191,#3192,#3193,#3194,#3195,#3196,
#3197,#3198),.UNSPECIFIED.,.F.,.F.,(4,2,2,4),(0.,0.138776749216501,0.204581277544488,
0.26657897463292),.UNSPECIFIED.);
#104=B_SPLINE_CURVE_WITH_KNOTS('',3,(#3200,#3201,#3202,#3203,#3204,#3205,
#3206,#3207),.UNSPECIFIED.,.F.,.F.,(4,2,2,4),(0.0830897522679547,0.093390964761328,
0.187818316319458,0.291105848894098),.UNSPECIFIED.);
#105=B_SPLINE_CURVE_WITH_KNOTS('',3,(#3209,#3210,#3211,#3212,#3213,#3214,
#3215,#3216),.UNSPECIFIED.,.F.,.F.,(4,2,2,4),(0.0831504774045506,0.0934902002504031,
0.188227650244411,0.291166479066564),.UNSPECIFIED.);
#106=B_SPLINE_CURVE_WITH_KNOTS('',3,(#3218,#3219,#3220,#3221,#3222,#3223,
#3224,#3225),.UNSPECIFIED.,.F.,.F.,(4,2,2,4),(0.,0.142972043404254,0.269283719594818,
0.275279060088909),.UNSPECIFIED.);
#107=B_SPLINE_CURVE_WITH_KNOTS('',3,(#3227,#3228,#3229,#3230,#3231,#3232,
#3233,#3234),.UNSPECIFIED.,.F.,.F.,(4,2,2,4),(0.0831504774045506,0.0934902002504031,
0.188227650244411,0.291166479066564),.UNSPECIFIED.);
#108=B_SPLINE_CURVE_WITH_KNOTS('',3,(#3236,#3237,#3238,#3239,#3240,#3241,
#3242,#3243),.UNSPECIFIED.,.F.,.F.,(4,2,2,4),(0.,0.142972043404254,0.269283719594818,
0.275279060088909),.UNSPECIFIED.);
#109=B_SPLINE_CURVE_WITH_KNOTS('',3,(#3245,#3246,#3247,#3248,#3249,#3250,
#3251,#3252),.UNSPECIFIED.,.F.,.F.,(4,2,2,4),(0.,0.138776749216585,0.204581277544644,
0.26657897463313),.UNSPECIFIED.);
#110=B_SPLINE_CURVE_WITH_KNOTS('',3,(#3254,#3255,#3256,#3257,#3258,#3259,
#3260,#3261),.UNSPECIFIED.,.F.,.F.,(4,2,2,4),(0.0830897522679556,0.0933909647613303,
0.187818316319465,0.291105848894048),.UNSPECIFIED.);
#111=B_SPLINE_CURVE_WITH_KNOTS('',3,(#3263,#3264,#3265,#3266,#3267,#3268,
#3269,#3270),.UNSPECIFIED.,.F.,.F.,(4,2,2,4),(0.,0.138776749216453,0.204581277544397,
0.266578974632783),.UNSPECIFIED.);
#112=B_SPLINE_CURVE_WITH_KNOTS('',3,(#3272,#3273,#3274,#3275,#3276,#3277,
#3278,#3279),.UNSPECIFIED.,.F.,.F.,(4,2,2,4),(0.0830897522679528,0.0933909647613255,
0.187818316319462,0.291105848894131),.UNSPECIFIED.);
#113=B_SPLINE_CURVE_WITH_KNOTS('',3,(#3281,#3282,#3283,#3284,#3285,#3286,
#3287,#3288),.UNSPECIFIED.,.F.,.F.,(4,2,2,4),(0.,0.13877674921648,0.204581277544435,
0.266578974632823),.UNSPECIFIED.);
#114=B_SPLINE_CURVE_WITH_KNOTS('',3,(#3290,#3291,#3292,#3293,#3294,#3295,
#3296,#3297),.UNSPECIFIED.,.F.,.F.,(4,2,2,4),(0.0830897522679528,0.0933909647613231,
0.187818316319504,0.291105848894182),.UNSPECIFIED.);
#115=B_SPLINE_CURVE_WITH_KNOTS('',3,(#3299,#3300,#3301,#3302,#3303,#3304,
#3305,#3306),.UNSPECIFIED.,.F.,.F.,(4,2,2,4),(0.,0.138776749216315,0.204581277544115,
0.266578974632368),.UNSPECIFIED.);
#116=B_SPLINE_CURVE_WITH_KNOTS('',3,(#3308,#3309,#3310,#3311,#3312,#3313,
#3314,#3315),.UNSPECIFIED.,.F.,.F.,(4,2,2,4),(0.0830897522679527,0.0933909647613279,
0.187818316319562,0.291105848894246),.UNSPECIFIED.);
#117=B_SPLINE_CURVE_WITH_KNOTS('',3,(#3317,#3318,#3319,#3320,#3321,#3322,
#3323,#3324),.UNSPECIFIED.,.F.,.F.,(4,2,2,4),(0.,0.138776749216482,0.204581277544462,
0.266578974632871),.UNSPECIFIED.);
#118=B_SPLINE_CURVE_WITH_KNOTS('',3,(#3326,#3327,#3328,#3329,#3330,#3331,
#3332,#3333),.UNSPECIFIED.,.F.,.F.,(4,2,2,4),(0.0830897522679511,0.0933909647613246,
0.187818316319457,0.291105848894205),.UNSPECIFIED.);
#119=B_SPLINE_CURVE_WITH_KNOTS('',3,(#3335,#3336,#3337,#3338,#3339,#3340,
#3341,#3342),.UNSPECIFIED.,.F.,.F.,(4,2,2,4),(0.0831504774045506,0.0934902002504031,
0.188227650244411,0.291166479066564),.UNSPECIFIED.);
#120=B_SPLINE_CURVE_WITH_KNOTS('',3,(#3344,#3345,#3346,#3347,#3348,#3349,
#3350,#3351),.UNSPECIFIED.,.F.,.F.,(4,2,2,4),(0.,0.142972043404254,0.269283719594818,
0.275279060088909),.UNSPECIFIED.);
#121=B_SPLINE_CURVE_WITH_KNOTS('',3,(#3353,#3354,#3355,#3356,#3357,#3358,
#3359,#3360),.UNSPECIFIED.,.F.,.F.,(4,2,2,4),(0.,0.138776749216597,0.204581277544693,
0.266578974633204),.UNSPECIFIED.);
#122=B_SPLINE_CURVE_WITH_KNOTS('',3,(#3362,#3363,#3364,#3365,#3366,#3367,
#3368,#3369),.UNSPECIFIED.,.F.,.F.,(4,2,2,4),(0.0830897522679528,0.0933909647613234,
0.18781831631949,0.291105848894269),.UNSPECIFIED.);
#123=B_SPLINE_CURVE_WITH_KNOTS('',3,(#3371,#3372,#3373,#3374,#3375,#3376,
#3377,#3378),.UNSPECIFIED.,.F.,.F.,(4,2,2,4),(0.,0.138776749216485,0.204581277544465,
0.266578974632877),.UNSPECIFIED.);
#124=B_SPLINE_CURVE_WITH_KNOTS('',3,(#3380,#3381,#3382,#3383,#3384,#3385,
#3386,#3387),.UNSPECIFIED.,.F.,.F.,(4,2,2,4),(0.0830897522679514,0.0933909647613248,
0.187818316319356,0.291105848893894),.UNSPECIFIED.);
#125=B_SPLINE_CURVE_WITH_KNOTS('',3,(#3389,#3390,#3391,#3392,#3393,#3394,
#3395,#3396),.UNSPECIFIED.,.F.,.F.,(4,2,2,4),(0.,0.138776749216409,0.204581277544315,
0.266578974632642),.UNSPECIFIED.);
#126=B_SPLINE_CURVE_WITH_KNOTS('',3,(#3398,#3399,#3400,#3401,#3402,#3403,
#3404,#3405),.UNSPECIFIED.,.F.,.F.,(4,2,2,4),(0.0830897522679502,0.0933909647613233,
0.187818316319449,0.291105848894169),.UNSPECIFIED.);
#127=B_SPLINE_CURVE_WITH_KNOTS('',3,(#3407,#3408,#3409,#3410,#3411,#3412,
#3413,#3414),.UNSPECIFIED.,.F.,.F.,(4,2,2,4),(0.,0.138776749216599,0.204581277544667,
0.266578974633154),.UNSPECIFIED.);
#128=B_SPLINE_CURVE_WITH_KNOTS('',3,(#3416,#3417,#3418,#3419,#3420,#3421,
#3422,#3423),.UNSPECIFIED.,.F.,.F.,(4,2,2,4),(0.0830897522679527,0.0933909647613248,
0.18781831631948,0.291105848894214),.UNSPECIFIED.);
#129=B_SPLINE_CURVE_WITH_KNOTS('',3,(#3425,#3426,#3427,#3428,#3429,#3430,
#3431,#3432),.UNSPECIFIED.,.F.,.F.,(4,2,2,4),(0.,0.138776749216374,0.204581277544237,
0.266578974632551),.UNSPECIFIED.);
#130=B_SPLINE_CURVE_WITH_KNOTS('',3,(#3434,#3435,#3436,#3437,#3438,#3439,
#3440,#3441),.UNSPECIFIED.,.F.,.F.,(4,2,2,4),(0.0830897522679554,0.0933909647613316,
0.187818316319479,0.291105848894131),.UNSPECIFIED.);
#131=B_SPLINE_CURVE_WITH_KNOTS('',3,(#3442,#3443,#3444,#3445,#3446,#3447,
#3448,#3449),.UNSPECIFIED.,.F.,.F.,(4,2,2,4),(0.0831504774045506,0.0934902002504031,
0.188227650244411,0.291166479066564),.UNSPECIFIED.);
#132=B_SPLINE_CURVE_WITH_KNOTS('',3,(#3452,#3453,#3454,#3455,#3456,#3457,
#3458,#3459,#3460,#3461,#3462,#3463),.UNSPECIFIED.,.F.,.F.,(4,2,2,2,2,4),
(0.,0.0747810031381106,0.15162251917535,0.234304427009719,0.294064299538697,
0.355071194860903),.UNSPECIFIED.);
#133=B_SPLINE_CURVE_WITH_KNOTS('',3,(#3467,#3468,#3469,#3470,#3471,#3472,
#3473,#3474,#3475,#3476,#3477,#3478),.UNSPECIFIED.,.F.,.F.,(4,2,2,2,2,4),
(0.,0.0992766539047207,0.188445332666939,0.269519017043285,0.313211869682557,
0.356679902590645),.UNSPECIFIED.);
#134=B_SPLINE_CURVE_WITH_KNOTS('',3,(#3480,#3481,#3482,#3483,#3484,#3485,
#3486,#3487,#3488,#3489,#3490,#3491),.UNSPECIFIED.,.F.,.F.,(4,2,2,2,2,4),
(0.,0.0747810031381106,0.15162251917535,0.234304427009719,0.294064299538697,
0.355071194860903),.UNSPECIFIED.);
#135=B_SPLINE_CURVE_WITH_KNOTS('',3,(#3495,#3496,#3497,#3498,#3499,#3500,
#3501,#3502,#3503,#3504,#3505,#3506),.UNSPECIFIED.,.F.,.F.,(4,2,2,2,2,4),
(0.,0.0992766539047207,0.188445332666939,0.269519017043285,0.313211869682557,
0.356679902590645),.UNSPECIFIED.);
#136=B_SPLINE_CURVE_WITH_KNOTS('',3,(#3508,#3509,#3510,#3511,#3512,#3513,
#3514,#3515,#3516,#3517,#3518,#3519),.UNSPECIFIED.,.F.,.F.,(4,2,2,2,2,4),
(0.,0.0747810031381106,0.15162251917535,0.234304427009719,0.294064299538697,
0.355071194860903),.UNSPECIFIED.);
#137=B_SPLINE_CURVE_WITH_KNOTS('',3,(#3523,#3524,#3525,#3526,#3527,#3528,
#3529,#3530,#3531,#3532,#3533,#3534),.UNSPECIFIED.,.F.,.F.,(4,2,2,2,2,4),
(0.,0.0992766539047207,0.188445332666939,0.269519017043285,0.313211869682557,
0.356679902590645),.UNSPECIFIED.);
#138=B_SPLINE_CURVE_WITH_KNOTS('',3,(#3536,#3537,#3538,#3539,#3540,#3541,
#3542,#3543,#3544,#3545,#3546,#3547),.UNSPECIFIED.,.F.,.F.,(4,2,2,2,2,4),
(0.,0.0747810031381106,0.15162251917535,0.234304427009719,0.294064299538697,
0.355071194860903),.UNSPECIFIED.);
#139=B_SPLINE_CURVE_WITH_KNOTS('',3,(#3551,#3552,#3553,#3554,#3555,#3556,
#3557,#3558,#3559,#3560,#3561,#3562),.UNSPECIFIED.,.F.,.F.,(4,2,2,2,2,4),
(0.,0.0992766539047207,0.188445332666939,0.269519017043285,0.313211869682557,
0.356679902590645),.UNSPECIFIED.);
#140=B_SPLINE_CURVE_WITH_KNOTS('',3,(#3564,#3565,#3566,#3567,#3568,#3569,
#3570,#3571,#3572,#3573,#3574,#3575),.UNSPECIFIED.,.F.,.F.,(4,2,2,2,2,4),
(0.,0.0747810031381106,0.15162251917535,0.234304427009719,0.294064299538697,
0.355071194860903),.UNSPECIFIED.);
#141=B_SPLINE_CURVE_WITH_KNOTS('',3,(#3579,#3580,#3581,#3582,#3583,#3584,
#3585,#3586,#3587,#3588,#3589,#3590),.UNSPECIFIED.,.F.,.F.,(4,2,2,2,2,4),
(0.,0.0992766539047207,0.188445332666939,0.269519017043285,0.313211869682557,
0.356679902590645),.UNSPECIFIED.);
#142=B_SPLINE_CURVE_WITH_KNOTS('',3,(#3592,#3593,#3594,#3595,#3596,#3597,
#3598,#3599,#3600,#3601,#3602,#3603),.UNSPECIFIED.,.F.,.F.,(4,2,2,2,2,4),
(0.,0.0747810031381106,0.15162251917535,0.234304427009719,0.294064299538697,
0.355071194860903),.UNSPECIFIED.);
#143=B_SPLINE_CURVE_WITH_KNOTS('',3,(#3607,#3608,#3609,#3610,#3611,#3612,
#3613,#3614,#3615,#3616,#3617,#3618),.UNSPECIFIED.,.F.,.F.,(4,2,2,2,2,4),
(0.,0.0992766539047207,0.188445332666939,0.269519017043285,0.313211869682557,
0.356679902590645),.UNSPECIFIED.);
#144=B_SPLINE_CURVE_WITH_KNOTS('',3,(#3620,#3621,#3622,#3623,#3624,#3625,
#3626,#3627,#3628,#3629,#3630,#3631),.UNSPECIFIED.,.F.,.F.,(4,2,2,2,2,4),
(0.,0.0747810031381106,0.15162251917535,0.234304427009719,0.294064299538697,
0.355071194860903),.UNSPECIFIED.);
#145=B_SPLINE_CURVE_WITH_KNOTS('',3,(#3635,#3636,#3637,#3638,#3639,#3640,
#3641,#3642,#3643,#3644,#3645,#3646),.UNSPECIFIED.,.F.,.F.,(4,2,2,2,2,4),
(0.,0.0992766539047207,0.188445332666939,0.269519017043285,0.313211869682557,
0.356679902590645),.UNSPECIFIED.);
#146=B_SPLINE_CURVE_WITH_KNOTS('',3,(#3648,#3649,#3650,#3651,#3652,#3653,
#3654,#3655,#3656,#3657,#3658,#3659),.UNSPECIFIED.,.F.,.F.,(4,2,2,2,2,4),
(0.,0.0747810031381106,0.15162251917535,0.234304427009719,0.294064299538697,
0.355071194860903),.UNSPECIFIED.);
#147=B_SPLINE_CURVE_WITH_KNOTS('',3,(#3663,#3664,#3665,#3666,#3667,#3668,
#3669,#3670,#3671,#3672,#3673,#3674),.UNSPECIFIED.,.F.,.F.,(4,2,2,2,2,4),
(0.,0.0992766539047207,0.188445332666939,0.269519017043285,0.313211869682557,
0.356679902590645),.UNSPECIFIED.);
#148=B_SPLINE_CURVE_WITH_KNOTS('',3,(#3676,#3677,#3678,#3679,#3680,#3681,
#3682,#3683,#3684,#3685,#3686,#3687),.UNSPECIFIED.,.F.,.F.,(4,2,2,2,2,4),
(0.,0.0747810031381106,0.15162251917535,0.234304427009719,0.294064299538697,
0.355071194860903),.UNSPECIFIED.);
#149=B_SPLINE_CURVE_WITH_KNOTS('',3,(#3691,#3692,#3693,#3694,#3695,#3696,
#3697,#3698,#3699,#3700,#3701,#3702),.UNSPECIFIED.,.F.,.F.,(4,2,2,2,2,4),
(0.,0.0992766539047207,0.188445332666939,0.269519017043285,0.313211869682557,
0.356679902590645),.UNSPECIFIED.);
#150=B_SPLINE_CURVE_WITH_KNOTS('',3,(#3704,#3705,#3706,#3707,#3708,#3709,
#3710,#3711,#3712,#3713,#3714,#3715),.UNSPECIFIED.,.F.,.F.,(4,2,2,2,2,4),
(0.,0.0747810031381106,0.15162251917535,0.234304427009719,0.294064299538697,
0.355071194860903),.UNSPECIFIED.);
#151=B_SPLINE_CURVE_WITH_KNOTS('',3,(#3719,#3720,#3721,#3722,#3723,#3724,
#3725,#3726,#3727,#3728,#3729,#3730),.UNSPECIFIED.,.F.,.F.,(4,2,2,2,2,4),
(0.,0.0992766539047207,0.188445332666939,0.269519017043285,0.313211869682557,
0.356679902590645),.UNSPECIFIED.);
#152=B_SPLINE_CURVE_WITH_KNOTS('',3,(#3732,#3733,#3734,#3735,#3736,#3737,
#3738,#3739,#3740,#3741,#3742,#3743),.UNSPECIFIED.,.F.,.F.,(4,2,2,2,2,4),
(0.,0.0747810031381106,0.15162251917535,0.234304427009719,0.294064299538697,
0.355071194860903),.UNSPECIFIED.);
#153=B_SPLINE_CURVE_WITH_KNOTS('',3,(#3747,#3748,#3749,#3750,#3751,#3752,
#3753,#3754,#3755,#3756,#3757,#3758),.UNSPECIFIED.,.F.,.F.,(4,2,2,2,2,4),
(0.,0.0992766539047207,0.188445332666939,0.269519017043285,0.313211869682557,
0.356679902590645),.UNSPECIFIED.);
#154=B_SPLINE_CURVE_WITH_KNOTS('',3,(#3760,#3761,#3762,#3763,#3764,#3765,
#3766,#3767,#3768,#3769,#3770,#3771),.UNSPECIFIED.,.F.,.F.,(4,2,2,2,2,4),
(0.,0.0747810031381106,0.15162251917535,0.234304427009719,0.294064299538697,
0.355071194860903),.UNSPECIFIED.);
#155=B_SPLINE_CURVE_WITH_KNOTS('',3,(#3775,#3776,#3777,#3778,#3779,#3780,
#3781,#3782,#3783,#3784,#3785,#3786),.UNSPECIFIED.,.F.,.F.,(4,2,2,2,2,4),
(0.,0.0992766539047207,0.188445332666939,0.269519017043285,0.313211869682557,
0.356679902590645),.UNSPECIFIED.);
#156=B_SPLINE_CURVE_WITH_KNOTS('',3,(#3788,#3789,#3790,#3791,#3792,#3793,
#3794,#3795,#3796,#3797,#3798,#3799),.UNSPECIFIED.,.F.,.F.,(4,2,2,2,2,4),
(0.,0.0747810031381106,0.15162251917535,0.234304427009719,0.294064299538697,
0.355071194860903),.UNSPECIFIED.);
#157=B_SPLINE_CURVE_WITH_KNOTS('',3,(#3803,#3804,#3805,#3806,#3807,#3808,
#3809,#3810,#3811,#3812,#3813,#3814),.UNSPECIFIED.,.F.,.F.,(4,2,2,2,2,4),
(0.,0.0992766539047207,0.188445332666939,0.269519017043285,0.313211869682557,
0.356679902590645),.UNSPECIFIED.);
#158=B_SPLINE_CURVE_WITH_KNOTS('',3,(#3816,#3817,#3818,#3819,#3820,#3821,
#3822,#3823,#3824,#3825,#3826,#3827),.UNSPECIFIED.,.F.,.F.,(4,2,2,2,2,4),
(0.,0.0747810031381106,0.15162251917535,0.234304427009719,0.294064299538697,
0.355071194860903),.UNSPECIFIED.);
#159=B_SPLINE_CURVE_WITH_KNOTS('',3,(#3831,#3832,#3833,#3834,#3835,#3836,
#3837,#3838,#3839,#3840,#3841,#3842),.UNSPECIFIED.,.F.,.F.,(4,2,2,2,2,4),
(0.,0.0992766539047207,0.188445332666939,0.269519017043285,0.313211869682557,
0.356679902590645),.UNSPECIFIED.);
#160=B_SPLINE_CURVE_WITH_KNOTS('',3,(#3844,#3845,#3846,#3847,#3848,#3849,
#3850,#3851,#3852,#3853,#3854,#3855),.UNSPECIFIED.,.F.,.F.,(4,2,2,2,2,4),
(0.,0.0747810031381106,0.15162251917535,0.234304427009719,0.294064299538697,
0.355071194860903),.UNSPECIFIED.);
#161=B_SPLINE_CURVE_WITH_KNOTS('',3,(#3859,#3860,#3861,#3862,#3863,#3864,
#3865,#3866,#3867,#3868,#3869,#3870),.UNSPECIFIED.,.F.,.F.,(4,2,2,2,2,4),
(0.,0.0992766539047207,0.188445332666939,0.269519017043285,0.313211869682557,
0.356679902590645),.UNSPECIFIED.);
#162=B_SPLINE_CURVE_WITH_KNOTS('',3,(#3872,#3873,#3874,#3875,#3876,#3877,
#3878,#3879,#3880,#3881,#3882,#3883),.UNSPECIFIED.,.F.,.F.,(4,2,2,2,2,4),
(0.,0.0747810031381106,0.15162251917535,0.234304427009719,0.294064299538697,
0.355071194860903),.UNSPECIFIED.);
#163=B_SPLINE_CURVE_WITH_KNOTS('',3,(#3887,#3888,#3889,#3890,#3891,#3892,
#3893,#3894,#3895,#3896,#3897,#3898),.UNSPECIFIED.,.F.,.F.,(4,2,2,2,2,4),
(0.,0.0992766539047207,0.188445332666939,0.269519017043285,0.313211869682557,
0.356679902590645),.UNSPECIFIED.);
#164=B_SPLINE_CURVE_WITH_KNOTS('',3,(#3900,#3901,#3902,#3903,#3904,#3905,
#3906,#3907,#3908,#3909,#3910,#3911),.UNSPECIFIED.,.F.,.F.,(4,2,2,2,2,4),
(0.,0.0747810031381106,0.15162251917535,0.234304427009719,0.294064299538697,
0.355071194860903),.UNSPECIFIED.);
#165=B_SPLINE_CURVE_WITH_KNOTS('',3,(#3915,#3916,#3917,#3918,#3919,#3920,
#3921,#3922,#3923,#3924,#3925,#3926),.UNSPECIFIED.,.F.,.F.,(4,2,2,2,2,4),
(0.,0.0992766539047207,0.188445332666939,0.269519017043285,0.313211869682557,
0.356679902590645),.UNSPECIFIED.);
#166=B_SPLINE_CURVE_WITH_KNOTS('',3,(#3928,#3929,#3930,#3931,#3932,#3933,
#3934,#3935,#3936,#3937,#3938,#3939),.UNSPECIFIED.,.F.,.F.,(4,2,2,2,2,4),
(0.,0.0747810031381106,0.15162251917535,0.234304427009719,0.294064299538697,
0.355071194860903),.UNSPECIFIED.);
#167=B_SPLINE_CURVE_WITH_KNOTS('',3,(#3943,#3944,#3945,#3946,#3947,#3948,
#3949,#3950,#3951,#3952,#3953,#3954),.UNSPECIFIED.,.F.,.F.,(4,2,2,2,2,4),
(0.,0.0992766539047207,0.188445332666939,0.269519017043285,0.313211869682557,
0.356679902590645),.UNSPECIFIED.);
#168=B_SPLINE_CURVE_WITH_KNOTS('',3,(#3956,#3957,#3958,#3959,#3960,#3961,
#3962,#3963,#3964,#3965,#3966,#3967),.UNSPECIFIED.,.F.,.F.,(4,2,2,2,2,4),
(0.,0.0747810031381106,0.15162251917535,0.234304427009719,0.294064299538697,
0.355071194860903),.UNSPECIFIED.);
#169=B_SPLINE_CURVE_WITH_KNOTS('',3,(#3971,#3972,#3973,#3974,#3975,#3976,
#3977,#3978,#3979,#3980,#3981,#3982),.UNSPECIFIED.,.F.,.F.,(4,2,2,2,2,4),
(0.,0.0992766539047207,0.188445332666939,0.269519017043285,0.313211869682557,
0.356679902590645),.UNSPECIFIED.);
#170=B_SPLINE_CURVE_WITH_KNOTS('',3,(#3984,#3985,#3986,#3987,#3988,#3989,
#3990,#3991,#3992,#3993,#3994,#3995),.UNSPECIFIED.,.F.,.F.,(4,2,2,2,2,4),
(0.,0.0747810031381106,0.15162251917535,0.234304427009719,0.294064299538697,
0.355071194860903),.UNSPECIFIED.);
#171=B_SPLINE_CURVE_WITH_KNOTS('',3,(#3999,#4000,#4001,#4002,#4003,#4004,
#4005,#4006,#4007,#4008,#4009,#4010),.UNSPECIFIED.,.F.,.F.,(4,2,2,2,2,4),
(0.,0.0992766539047207,0.188445332666939,0.269519017043285,0.313211869682557,
0.356679902590645),.UNSPECIFIED.);
#172=B_SPLINE_CURVE_WITH_KNOTS('',3,(#4012,#4013,#4014,#4015,#4016,#4017,
#4018,#4019,#4020,#4021,#4022,#4023),.UNSPECIFIED.,.F.,.F.,(4,2,2,2,2,4),
(0.,0.0747810031381106,0.15162251917535,0.234304427009719,0.294064299538697,
0.355071194860903),.UNSPECIFIED.);
#173=B_SPLINE_CURVE_WITH_KNOTS('',3,(#4027,#4028,#4029,#4030,#4031,#4032,
#4033,#4034,#4035,#4036,#4037,#4038),.UNSPECIFIED.,.F.,.F.,(4,2,2,2,2,4),
(0.,0.0992766539047207,0.188445332666939,0.269519017043285,0.313211869682557,
0.356679902590645),.UNSPECIFIED.);
#174=B_SPLINE_CURVE_WITH_KNOTS('',3,(#4040,#4041,#4042,#4043,#4044,#4045,
#4046,#4047,#4048,#4049,#4050,#4051),.UNSPECIFIED.,.F.,.F.,(4,2,2,2,2,4),
(0.,0.0747810031381106,0.15162251917535,0.234304427009719,0.294064299538697,
0.355071194860903),.UNSPECIFIED.);
#175=B_SPLINE_CURVE_WITH_KNOTS('',3,(#4055,#4056,#4057,#4058,#4059,#4060,
#4061,#4062,#4063,#4064,#4065,#4066),.UNSPECIFIED.,.F.,.F.,(4,2,2,2,2,4),
(0.,0.0992766539047207,0.188445332666939,0.269519017043285,0.313211869682557,
0.356679902590645),.UNSPECIFIED.);
#176=B_SPLINE_CURVE_WITH_KNOTS('',3,(#4068,#4069,#4070,#4071,#4072,#4073,
#4074,#4075,#4076,#4077,#4078,#4079),.UNSPECIFIED.,.F.,.F.,(4,2,2,2,2,4),
(0.,0.0747810031381106,0.15162251917535,0.234304427009719,0.294064299538697,
0.355071194860903),.UNSPECIFIED.);
#177=B_SPLINE_CURVE_WITH_KNOTS('',3,(#4082,#4083,#4084,#4085,#4086,#4087,
#4088,#4089,#4090,#4091,#4092,#4093),.UNSPECIFIED.,.F.,.F.,(4,2,2,2,2,4),
(0.,0.0992766539047207,0.188445332666939,0.269519017043285,0.313211869682557,
0.356679902590645),.UNSPECIFIED.);
#178=B_SPLINE_CURVE_WITH_KNOTS('',3,(#4130,#4131,#4132,#4133,#4134,#4135,
#4136),.UNSPECIFIED.,.F.,.F.,(4,1,1,1,4),(0.135471015047203,0.609119813454961,
1.08308333802705,1.43855598145612,1.79402862488519),.UNSPECIFIED.);
#179=B_SPLINE_CURVE_WITH_KNOTS('',3,(#4139,#4140,#4141,#4142,#4143,#4144,
#4145),.UNSPECIFIED.,.F.,.F.,(4,1,1,1,4),(-1.57082471858755,-1.18507256195655,
-0.948058049565242,-0.474029024782622,-1.05425870036038E-15),
 .UNSPECIFIED.);
#180=B_SPLINE_CURVE_WITH_KNOTS('',3,(#4171,#4172,#4173,#4174,#4175),
 .UNSPECIFIED.,.F.,.F.,(4,1,4),(-2.03386637274595,-1.38714310465087,-1.04768236387456),
 .UNSPECIFIED.);
#181=B_SPLINE_CURVE_WITH_KNOTS('',3,(#4177,#4178,#4179,#4180),
 .UNSPECIFIED.,.F.,.F.,(4,4),(0.,0.123282681142373),.UNSPECIFIED.);
#182=B_SPLINE_CURVE_WITH_KNOTS('',3,(#4181,#4182,#4183,#4184,#4185,#4186),
 .UNSPECIFIED.,.F.,.F.,(4,2,4),(-0.00369090340613921,0.,0.984340967472696),
 .UNSPECIFIED.);
#183=B_SPLINE_CURVE_WITH_KNOTS('',3,(#4213,#4214,#4215,#4216),
 .UNSPECIFIED.,.F.,.F.,(4,4),(1.91058398750678,2.03386637274595),
 .UNSPECIFIED.);
#184=B_SPLINE_CURVE_WITH_KNOTS('',3,(#4219,#4220,#4221,#4222,#4223),
 .UNSPECIFIED.,.F.,.F.,(4,1,4),(-0.986191399791994,-0.646735587476465,0.),
 .UNSPECIFIED.);
#185=B_SPLINE_CURVE_WITH_KNOTS('',3,(#4259,#4260,#4261,#4262,#4263,#4264,
#4265),.UNSPECIFIED.,.F.,.F.,(4,1,1,1,4),(-1.79402862488519,-1.43855598145612,
-1.08308333802705,-0.609119813454961,-0.223193127119882),.UNSPECIFIED.);
#186=B_SPLINE_CURVE_WITH_KNOTS('',3,(#4266,#4267,#4268,#4269,#4270,#4271,
#4272),.UNSPECIFIED.,.F.,.F.,(4,1,1,1,4),(1.05425870036038E-15,0.474029024782622,
0.948058049565242,1.18507256195655,1.65855760990077),.UNSPECIFIED.);
#187=B_SPLINE_CURVE_WITH_KNOTS('',3,(#4312,#4313,#4314,#4315,#4316,#4317,
#4318),.UNSPECIFIED.,.F.,.F.,(4,1,1,1,4),(0.135471015047203,0.609119813454961,
1.08308333802705,1.43855598145612,1.79402862488519),.UNSPECIFIED.);
#188=B_SPLINE_CURVE_WITH_KNOTS('',3,(#4346,#4347,#4348,#4349),
 .UNSPECIFIED.,.F.,.F.,(4,4),(0.,0.123282724204514),.UNSPECIFIED.);
#189=B_SPLINE_CURVE_WITH_KNOTS('',3,(#4350,#4351,#4352,#4353,#4354,#4355),
 .UNSPECIFIED.,.F.,.F.,(4,2,4),(-0.00369090340613921,0.,0.984340967472696),
 .UNSPECIFIED.);
#190=B_SPLINE_CURVE_WITH_KNOTS('',3,(#4382,#4383,#4384,#4385),
 .UNSPECIFIED.,.F.,.F.,(4,4),(1.91058397162064,2.03386637274595),
 .UNSPECIFIED.);
#191=B_SPLINE_CURVE_WITH_KNOTS('',3,(#4388,#4389,#4390,#4391,#4392),
 .UNSPECIFIED.,.F.,.F.,(4,1,4),(-0.986191360562369,-0.646735587476465,0.),
 .UNSPECIFIED.);
#192=B_SPLINE_CURVE_WITH_KNOTS('',3,(#4428,#4429,#4430,#4431,#4432,#4433,
#4434),.UNSPECIFIED.,.F.,.F.,(4,1,1,1,4),(-1.79402862488519,-1.43855598145612,
-1.08308333802705,-0.609119813454961,-0.223193128641729),.UNSPECIFIED.);
#193=B_SPLINE_CURVE_WITH_KNOTS('',3,(#4435,#4436,#4437,#4438,#4439,#4440,
#4441),.UNSPECIFIED.,.F.,.F.,(4,1,1,1,4),(1.05425870036038E-15,0.474029024782622,
0.948058049565242,1.18507256195655,1.65855760990077),.UNSPECIFIED.);
#194=B_SPLINE_CURVE_WITH_KNOTS('',3,(#4481,#4482,#4483,#4484,#4485,#4486,
#4487),.UNSPECIFIED.,.F.,.F.,(4,1,1,1,4),(0.135471015047203,0.609119813454961,
1.08308333802705,1.43855598145612,1.79402862488519),.UNSPECIFIED.);
#195=B_SPLINE_CURVE_WITH_KNOTS('',3,(#4490,#4491,#4492,#4493,#4494,#4495,
#4496),.UNSPECIFIED.,.F.,.F.,(4,1,1,1,4),(-1.57082482409993,-1.18507256195655,
-0.948058049565242,-0.474029024782622,-1.05425870036038E-15),
 .UNSPECIFIED.);
#196=B_SPLINE_CURVE_WITH_KNOTS('',3,(#4522,#4523,#4524,#4525,#4526),
 .UNSPECIFIED.,.F.,.F.,(4,1,4),(-2.03386637274595,-1.38714310465087,-1.04768244161613),
 .UNSPECIFIED.);
#197=B_SPLINE_CURVE_WITH_KNOTS('',3,(#4528,#4529,#4530,#4531),
 .UNSPECIFIED.,.F.,.F.,(4,4),(0.,0.123282659086216),.UNSPECIFIED.);
#198=B_SPLINE_CURVE_WITH_KNOTS('',3,(#4532,#4533,#4534,#4535,#4536,#4537),
 .UNSPECIFIED.,.F.,.F.,(4,2,4),(-0.00369090340613921,0.,0.984340967472696),
 .UNSPECIFIED.);
#199=B_SPLINE_CURVE_WITH_KNOTS('',3,(#4564,#4565,#4566,#4567),
 .UNSPECIFIED.,.F.,.F.,(4,4),(1.91058407639542,2.03386637274595),
 .UNSPECIFIED.);
#200=B_SPLINE_CURVE_WITH_KNOTS('',3,(#4570,#4571,#4572,#4573,#4574),
 .UNSPECIFIED.,.F.,.F.,(4,1,4),(-0.986191789980586,-0.646735587476465,0.),
 .UNSPECIFIED.);
#201=B_SPLINE_CURVE_WITH_KNOTS('',3,(#4610,#4611,#4612,#4613,#4614,#4615,
#4616),.UNSPECIFIED.,.F.,.F.,(4,1,1,1,4),(-1.79402862488519,-1.43855598145612,
-1.08308333802705,-0.609119813454961,-0.223193117770251),.UNSPECIFIED.);
#202=B_SPLINE_CURVE_WITH_KNOTS('',3,(#4617,#4618,#4619,#4620,#4621,#4622,
#4623),.UNSPECIFIED.,.F.,.F.,(4,1,1,1,4),(1.05425870036038E-15,0.474029024782622,
0.948058049565242,1.18507256195655,1.65855760990077),.UNSPECIFIED.);
#203=B_SPLINE_CURVE_WITH_KNOTS('',3,(#4663,#4664,#4665,#4666,#4667,#4668,
#4669),.UNSPECIFIED.,.F.,.F.,(4,1,1,1,4),(0.135471015047203,0.609119813454961,
1.08308333802705,1.43855598145612,1.79402862488519),.UNSPECIFIED.);
#204=B_SPLINE_CURVE_WITH_KNOTS('',3,(#4672,#4673,#4674,#4675,#4676,#4677,
#4678),.UNSPECIFIED.,.F.,.F.,(4,1,1,1,4),(-1.57082490434537,-1.18507256195655,
-0.948058049565242,-0.474029024782622,-1.05425870036038E-15),
 .UNSPECIFIED.);
#205=B_SPLINE_CURVE_WITH_KNOTS('',3,(#4704,#4705,#4706,#4707,#4708),
 .UNSPECIFIED.,.F.,.F.,(4,1,4),(-2.03386637274595,-1.38714310465087,-1.04768243818544),
 .UNSPECIFIED.);
#206=B_SPLINE_CURVE_WITH_KNOTS('',3,(#4710,#4711,#4712,#4713),
 .UNSPECIFIED.,.F.,.F.,(4,4),(0.,0.123282701856543),.UNSPECIFIED.);
#207=B_SPLINE_CURVE_WITH_KNOTS('',3,(#4714,#4715,#4716,#4717,#4718,#4719),
 .UNSPECIFIED.,.F.,.F.,(4,2,4),(-0.00369090340613921,0.,0.984340967472696),
 .UNSPECIFIED.);
#208=B_SPLINE_CURVE_WITH_KNOTS('',3,(#4746,#4747,#4748,#4749),
 .UNSPECIFIED.,.F.,.F.,(4,4),(1.91058398235739,2.03386637274595),
 .UNSPECIFIED.);
#209=B_SPLINE_CURVE_WITH_KNOTS('',3,(#4786,#4787,#4788,#4789,#4790,#4791,
#4792),.UNSPECIFIED.,.F.,.F.,(4,1,1,1,4),(1.05425870036038E-15,0.474029024782622,
0.948058049565242,1.18507256195655,1.65855760990077),.UNSPECIFIED.);
#210=B_SPLINE_CURVE_WITH_KNOTS('',3,(#4832,#4833,#4834,#4835,#4836,#4837,
#4838),.UNSPECIFIED.,.F.,.F.,(4,1,1,1,4),(0.135471015047203,0.609119813454961,
1.08308333802705,1.43855598145612,1.79402862488519),.UNSPECIFIED.);
#211=B_SPLINE_CURVE_WITH_KNOTS('',3,(#4866,#4867,#4868,#4869),
 .UNSPECIFIED.,.F.,.F.,(4,4),(0.,0.123282735527425),.UNSPECIFIED.);
#212=B_SPLINE_CURVE_WITH_KNOTS('',3,(#4870,#4871,#4872,#4873,#4874,#4875),
 .UNSPECIFIED.,.F.,.F.,(4,2,4),(-0.00369090340613921,0.,0.984340967472696),
 .UNSPECIFIED.);
#213=B_SPLINE_CURVE_WITH_KNOTS('',3,(#4902,#4903,#4904,#4905),
 .UNSPECIFIED.,.F.,.F.,(4,4),(1.91058400240937,2.03386637274595),
 .UNSPECIFIED.);
#214=B_SPLINE_CURVE_WITH_KNOTS('',3,(#4942,#4943,#4944,#4945,#4946,#4947,
#4948),.UNSPECIFIED.,.F.,.F.,(4,1,1,1,4),(1.05425870036038E-15,0.474029024782622,
0.948058049565242,1.18507256195655,1.65855760990077),.UNSPECIFIED.);
#215=B_SPLINE_CURVE_WITH_KNOTS('',3,(#4988,#4989,#4990,#4991,#4992,#4993,
#4994),.UNSPECIFIED.,.F.,.F.,(4,1,1,1,4),(0.135471015047203,0.609119813454961,
1.08308333802705,1.3200651003131,1.79402862488519),.UNSPECIFIED.);
#216=B_SPLINE_CURVE_WITH_KNOTS('',3,(#4997,#4998,#4999,#5000,#5001,#5002,
#5003),.UNSPECIFIED.,.F.,.F.,(4,1,1,1,4),(-1.5708241475055,-1.18507256195655,
-0.948058049565242,-0.474029024782622,-1.05425870036038E-15),
 .UNSPECIFIED.);
#217=B_SPLINE_CURVE_WITH_KNOTS('',3,(#5029,#5030,#5031,#5032,#5033),
 .UNSPECIFIED.,.F.,.F.,(4,1,4),(-2.03386637274595,-1.38714310465087,-1.04768210882909),
 .UNSPECIFIED.);
#218=B_SPLINE_CURVE_WITH_KNOTS('',3,(#5035,#5036,#5037,#5038),
 .UNSPECIFIED.,.F.,.F.,(4,4),(0.,0.123282568190632),.UNSPECIFIED.);
#219=B_SPLINE_CURVE_WITH_KNOTS('',3,(#5039,#5040,#5041,#5042,#5043,#5044),
 .UNSPECIFIED.,.F.,.F.,(4,2,4),(-0.00369090340613921,0.,0.984340967472696),
 .UNSPECIFIED.);
#220=B_SPLINE_CURVE_WITH_KNOTS('',3,(#5071,#5072,#5073,#5074),
 .UNSPECIFIED.,.F.,.F.,(4,4),(1.91058420693395,2.03386637274595),
 .UNSPECIFIED.);
#221=B_SPLINE_CURVE_WITH_KNOTS('',3,(#5077,#5078,#5079,#5080,#5081),
 .UNSPECIFIED.,.F.,.F.,(4,1,4),(-0.986192006124117,-0.646735587476465,0.),
 .UNSPECIFIED.);
#222=B_SPLINE_CURVE_WITH_KNOTS('',3,(#5117,#5118,#5119,#5120,#5121,#5122,
#5123),.UNSPECIFIED.,.F.,.F.,(4,1,1,1,4),(-1.79402862488519,-1.3200651003131,
-1.08308333802705,-0.609119813454961,-0.223191772771615),.UNSPECIFIED.);
#223=B_SPLINE_CURVE_WITH_KNOTS('',3,(#5124,#5125,#5126,#5127,#5128,#5129,
#5130),.UNSPECIFIED.,.F.,.F.,(4,1,1,1,4),(1.05425870036038E-15,0.474029024782622,
0.948058049565242,1.18507256195655,1.65855760990077),.UNSPECIFIED.);
#224=B_SPLINE_CURVE_WITH_KNOTS('',3,(#5170,#5171,#5172,#5173,#5174,#5175,
#5176),.UNSPECIFIED.,.F.,.F.,(4,1,1,1,4),(0.135471015047203,0.609119813454961,
1.08308333802705,1.3200651003131,1.79402862488519),.UNSPECIFIED.);
#225=B_SPLINE_CURVE_WITH_KNOTS('',3,(#5179,#5180,#5181,#5182,#5183,#5184,
#5185),.UNSPECIFIED.,.F.,.F.,(4,1,1,1,4),(-1.57082418049208,-1.18507256195655,
-0.948058049565242,-0.474029024782622,-1.05425870036038E-15),
 .UNSPECIFIED.);
#226=B_SPLINE_CURVE_WITH_KNOTS('',3,(#5211,#5212,#5213,#5214,#5215),
 .UNSPECIFIED.,.F.,.F.,(4,1,4),(-2.03386637274595,-1.38714310465087,-1.04768214785555),
 .UNSPECIFIED.);
#227=B_SPLINE_CURVE_WITH_KNOTS('',3,(#5217,#5218,#5219,#5220),
 .UNSPECIFIED.,.F.,.F.,(4,4),(0.,0.123282573650631),.UNSPECIFIED.);
#228=B_SPLINE_CURVE_WITH_KNOTS('',3,(#5221,#5222,#5223,#5224,#5225,#5226),
 .UNSPECIFIED.,.F.,.F.,(4,2,4),(-0.00369090340613921,0.,0.984340967472696),
 .UNSPECIFIED.);
#229=B_SPLINE_CURVE_WITH_KNOTS('',3,(#5253,#5254,#5255,#5256),
 .UNSPECIFIED.,.F.,.F.,(4,4),(1.91058415932673,2.03386637274595),
 .UNSPECIFIED.);
#230=B_SPLINE_CURVE_WITH_KNOTS('',3,(#5259,#5260,#5261,#5262,#5263),
 .UNSPECIFIED.,.F.,.F.,(4,1,4),(-0.986191912468519,-0.646735587476465,0.),
 .UNSPECIFIED.);
#231=B_SPLINE_CURVE_WITH_KNOTS('',3,(#5299,#5300,#5301,#5302,#5303,#5304,
#5305),.UNSPECIFIED.,.F.,.F.,(4,1,1,1,4),(-1.79402862488519,-1.3200651003131,
-1.08308333802705,-0.609119813454961,-0.223191755301492),.UNSPECIFIED.);
#232=B_SPLINE_CURVE_WITH_KNOTS('',3,(#5306,#5307,#5308,#5309,#5310,#5311,
#5312),.UNSPECIFIED.,.F.,.F.,(4,1,1,1,4),(1.05425870036038E-15,0.474029024782622,
0.948058049565242,1.18507256195655,1.65855760990077),.UNSPECIFIED.);
#233=B_SPLINE_CURVE_WITH_KNOTS('',3,(#5352,#5353,#5354,#5355,#5356,#5357,
#5358),.UNSPECIFIED.,.F.,.F.,(4,1,1,1,4),(0.135471015047203,0.609119813454961,
1.08308333802705,1.3200651003131,1.79402862488519),.UNSPECIFIED.);
#234=B_SPLINE_CURVE_WITH_KNOTS('',3,(#5361,#5362,#5363,#5364,#5365,#5366,
#5367),.UNSPECIFIED.,.F.,.F.,(4,1,1,1,4),(-1.57082417343819,-1.18507256195655,
-0.948058049565242,-0.474029024782622,-1.05425870036038E-15),
 .UNSPECIFIED.);
#235=B_SPLINE_CURVE_WITH_KNOTS('',3,(#5393,#5394,#5395,#5396,#5397),
 .UNSPECIFIED.,.F.,.F.,(4,1,4),(-2.03386637274595,-1.38714310465087,-1.04768212607946),
 .UNSPECIFIED.);
#236=B_SPLINE_CURVE_WITH_KNOTS('',3,(#5399,#5400,#5401,#5402),
 .UNSPECIFIED.,.F.,.F.,(4,4),(0.,0.12328256182425),.UNSPECIFIED.);
#237=B_SPLINE_CURVE_WITH_KNOTS('',3,(#5403,#5404,#5405,#5406,#5407,#5408),
 .UNSPECIFIED.,.F.,.F.,(4,2,4),(-0.00369090340613921,0.,0.984340967472696),
 .UNSPECIFIED.);
#238=B_SPLINE_CURVE_WITH_KNOTS('',3,(#5435,#5436,#5437,#5438),
 .UNSPECIFIED.,.F.,.F.,(4,4),(1.91058415564188,2.03386637274595),
 .UNSPECIFIED.);
#239=B_SPLINE_CURVE_WITH_KNOTS('',3,(#5475,#5476,#5477,#5478,#5479,#5480,
#5481),.UNSPECIFIED.,.F.,.F.,(4,1,1,1,4),(1.05425870036038E-15,0.474029024782622,
0.948058049565242,1.18507256195655,1.65855760990077),.UNSPECIFIED.);
#240=B_SPLINE_CURVE_WITH_KNOTS('',3,(#5521,#5522,#5523,#5524,#5525,#5526,
#5527),.UNSPECIFIED.,.F.,.F.,(4,1,1,1,4),(0.135471015047203,0.609119813454961,
1.08308333802705,1.3200651003131,1.79402862488519),.UNSPECIFIED.);
#241=B_SPLINE_CURVE_WITH_KNOTS('',3,(#5530,#5531,#5532,#5533,#5534,#5535,
#5536),.UNSPECIFIED.,.F.,.F.,(4,1,1,1,4),(-1.57082418838441,-1.18507256195655,
-0.948058049565242,-0.474029024782622,-1.05425870036038E-15),
 .UNSPECIFIED.);
#242=B_SPLINE_CURVE_WITH_KNOTS('',3,(#5562,#5563,#5564,#5565,#5566),
 .UNSPECIFIED.,.F.,.F.,(4,1,4),(-2.03386637274595,-1.38714310465087,-1.04768215360565),
 .UNSPECIFIED.);
#243=B_SPLINE_CURVE_WITH_KNOTS('',3,(#5568,#5569,#5570,#5571),
 .UNSPECIFIED.,.F.,.F.,(4,4),(0.,0.1232825757427),.UNSPECIFIED.);
#244=B_SPLINE_CURVE_WITH_KNOTS('',3,(#5572,#5573,#5574,#5575,#5576,#5577),
 .UNSPECIFIED.,.F.,.F.,(4,2,4),(-0.00369090340613921,0.,0.984340967472696),
 .UNSPECIFIED.);
#245=B_SPLINE_CURVE_WITH_KNOTS('',3,(#5604,#5605,#5606,#5607),
 .UNSPECIFIED.,.F.,.F.,(4,4),(1.91058415633484,2.03386637274595),
 .UNSPECIFIED.);
#246=B_SPLINE_CURVE_WITH_KNOTS('',3,(#5610,#5611,#5612,#5613,#5614),
 .UNSPECIFIED.,.F.,.F.,(4,1,4),(-0.986191905116448,-0.646735587476465,0.),
 .UNSPECIFIED.);
#247=B_SPLINE_CURVE_WITH_KNOTS('',3,(#5650,#5651,#5652,#5653,#5654,#5655,
#5656),.UNSPECIFIED.,.F.,.F.,(4,1,1,1,4),(-1.79402862488519,-1.3200651003131,
-1.08308333802705,-0.609119813454961,-0.223191750435306),.UNSPECIFIED.);
#248=B_SPLINE_CURVE_WITH_KNOTS('',3,(#5657,#5658,#5659,#5660,#5661,#5662,
#5663),.UNSPECIFIED.,.F.,.F.,(4,1,1,1,4),(1.05425870036038E-15,0.474029024782622,
0.948058049565242,1.18507256195655,1.65855760990077),.UNSPECIFIED.);
#249=B_SPLINE_CURVE_WITH_KNOTS('',3,(#5703,#5704,#5705,#5706,#5707,#5708,
#5709),.UNSPECIFIED.,.F.,.F.,(4,1,1,1,4),(0.135471015047203,0.609119813454961,
1.08308333802705,1.3200651003131,1.79402862488519),.UNSPECIFIED.);
#250=B_SPLINE_CURVE_WITH_KNOTS('',3,(#5712,#5713,#5714,#5715,#5716,#5717,
#5718),.UNSPECIFIED.,.F.,.F.,(4,1,1,1,4),(-1.57082418167441,-1.18507256195655,
-0.948058049565242,-0.474029024782622,-1.05425870036038E-15),
 .UNSPECIFIED.);
#251=B_SPLINE_CURVE_WITH_KNOTS('',3,(#5744,#5745,#5746,#5747,#5748),
 .UNSPECIFIED.,.F.,.F.,(4,1,4),(-2.03386637274595,-1.38714310465087,-1.04768213190177),
 .UNSPECIFIED.);
#252=B_SPLINE_CURVE_WITH_KNOTS('',3,(#5750,#5751,#5752,#5753),
 .UNSPECIFIED.,.F.,.F.,(4,4),(0.,0.123282563895389),.UNSPECIFIED.);
#253=B_SPLINE_CURVE_WITH_KNOTS('',3,(#5754,#5755,#5756,#5757,#5758,#5759),
 .UNSPECIFIED.,.F.,.F.,(4,2,4),(-0.00369090340613921,0.,0.984340967472696),
 .UNSPECIFIED.);
#254=B_SPLINE_CURVE_WITH_KNOTS('',3,(#5786,#5787,#5788,#5789),
 .UNSPECIFIED.,.F.,.F.,(4,4),(1.91058415260702,2.03386637274595),
 .UNSPECIFIED.);
#255=B_SPLINE_CURVE_WITH_KNOTS('',3,(#5826,#5827,#5828,#5829,#5830,#5831,
#5832),.UNSPECIFIED.,.F.,.F.,(4,1,1,1,4),(1.05425870036038E-15,0.474029024782622,
0.948058049565242,1.18507256195655,1.65855760990077),.UNSPECIFIED.);
#256=B_SPLINE_CURVE_WITH_KNOTS('',3,(#5872,#5873,#5874,#5875,#5876,#5877,
#5878),.UNSPECIFIED.,.F.,.F.,(4,1,1,1,4),(0.135471015047203,0.609119813454961,
1.08308333802705,1.3200651003131,1.79402862488519),.UNSPECIFIED.);
#257=B_SPLINE_CURVE_WITH_KNOTS('',3,(#5881,#5882,#5883,#5884,#5885,#5886,
#5887),.UNSPECIFIED.,.F.,.F.,(4,1,1,1,4),(-1.5708241611362,-1.18507256195655,
-0.948058049565242,-0.474029024782622,-1.05425870036038E-15),
 .UNSPECIFIED.);
#258=B_SPLINE_CURVE_WITH_KNOTS('',3,(#5913,#5914,#5915,#5916,#5917),
 .UNSPECIFIED.,.F.,.F.,(4,1,4),(-2.03386637274595,-1.38714310465087,-1.04768208049356),
 .UNSPECIFIED.);
#259=B_SPLINE_CURVE_WITH_KNOTS('',3,(#5919,#5920,#5921,#5922),
 .UNSPECIFIED.,.F.,.F.,(4,4),(0.,0.12328254239097),.UNSPECIFIED.);
#260=B_SPLINE_CURVE_WITH_KNOTS('',3,(#5923,#5924,#5925,#5926,#5927,#5928),
 .UNSPECIFIED.,.F.,.F.,(4,2,4),(-0.00369090340613921,0.,0.984340967472696),
 .UNSPECIFIED.);
#261=B_SPLINE_CURVE_WITH_KNOTS('',3,(#5955,#5956,#5957,#5958),
 .UNSPECIFIED.,.F.,.F.,(4,4),(1.91058416406217,2.03386637274595),
 .UNSPECIFIED.);
#262=B_SPLINE_CURVE_WITH_KNOTS('',3,(#5995,#5996,#5997,#5998,#5999,#6000,
#6001),.UNSPECIFIED.,.F.,.F.,(4,1,1,1,4),(1.05425870036038E-15,0.474029024782622,
0.948058049565242,1.18507256195655,1.65855760990077),.UNSPECIFIED.);
#263=B_SPLINE_CURVE_WITH_KNOTS('',3,(#6041,#6042,#6043,#6044,#6045,#6046,
#6047),.UNSPECIFIED.,.F.,.F.,(4,1,1,1,4),(0.135471015047203,0.609119813454961,
1.08308333802705,1.3200651003131,1.79402862488519),.UNSPECIFIED.);
#264=B_SPLINE_CURVE_WITH_KNOTS('',3,(#6075,#6076,#6077,#6078),
 .UNSPECIFIED.,.F.,.F.,(4,4),(0.,0.123282578349363),.UNSPECIFIED.);
#265=B_SPLINE_CURVE_WITH_KNOTS('',3,(#6079,#6080,#6081,#6082,#6083,#6084),
 .UNSPECIFIED.,.F.,.F.,(4,2,4),(-0.00369090340613921,0.,0.984340967472696),
 .UNSPECIFIED.);
#266=B_SPLINE_CURVE_WITH_KNOTS('',3,(#6111,#6112,#6113,#6114),
 .UNSPECIFIED.,.F.,.F.,(4,4),(1.91058417327782,2.03386637274595),
 .UNSPECIFIED.);
#267=B_SPLINE_CURVE_WITH_KNOTS('',3,(#6117,#6118,#6119,#6120,#6121),
 .UNSPECIFIED.,.F.,.F.,(4,1,4),(-0.986191932867007,-0.646735587476465,0.),
 .UNSPECIFIED.);
#268=B_SPLINE_CURVE_WITH_KNOTS('',3,(#6157,#6158,#6159,#6160,#6161,#6162,
#6163),.UNSPECIFIED.,.F.,.F.,(4,1,1,1,4),(-1.79402862488519,-1.3200651003131,
-1.08308333802705,-0.609119813454961,-0.223191754577169),.UNSPECIFIED.);
#269=B_SPLINE_CURVE_WITH_KNOTS('',3,(#6164,#6165,#6166,#6167,#6168,#6169,
#6170),.UNSPECIFIED.,.F.,.F.,(4,1,1,1,4),(1.05425870036038E-15,0.474029024782622,
0.948058049565242,1.18507256195655,1.65855760990077),.UNSPECIFIED.);
#270=B_SPLINE_CURVE_WITH_KNOTS('',3,(#6210,#6211,#6212,#6213,#6214,#6215,
#6216),.UNSPECIFIED.,.F.,.F.,(4,1,1,1,4),(0.135471015047203,0.609119813454961,
1.08308333802705,1.3200651003131,1.79402862488519),.UNSPECIFIED.);
#271=B_SPLINE_CURVE_WITH_KNOTS('',3,(#6219,#6220,#6221,#6222,#6223,#6224,
#6225),.UNSPECIFIED.,.F.,.F.,(4,1,1,1,4),(-1.57082415224091,-1.18507256195655,
-0.948058049565242,-0.474029024782622,-1.05425870036038E-15),
 .UNSPECIFIED.);
#272=B_SPLINE_CURVE_WITH_KNOTS('',3,(#6251,#6252,#6253,#6254,#6255),
 .UNSPECIFIED.,.F.,.F.,(4,1,4),(-2.03386637274595,-1.38714310465087,-1.04768207460698),
 .UNSPECIFIED.);
#273=B_SPLINE_CURVE_WITH_KNOTS('',3,(#6257,#6258,#6259,#6260),
 .UNSPECIFIED.,.F.,.F.,(4,4),(0.,0.123282540338037),.UNSPECIFIED.);
#274=B_SPLINE_CURVE_WITH_KNOTS('',3,(#6261,#6262,#6263,#6264,#6265,#6266),
 .UNSPECIFIED.,.F.,.F.,(4,2,4),(-0.00369090340613921,0.,0.984340967472696),
 .UNSPECIFIED.);
#275=B_SPLINE_CURVE_WITH_KNOTS('',3,(#6293,#6294,#6295,#6296),
 .UNSPECIFIED.,.F.,.F.,(4,4),(1.91058416713514,2.03386637274595),
 .UNSPECIFIED.);
#276=B_SPLINE_CURVE_WITH_KNOTS('',3,(#6333,#6334,#6335,#6336,#6337,#6338,
#6339),.UNSPECIFIED.,.F.,.F.,(4,1,1,1,4),(1.05425870036038E-15,0.474029024782622,
0.948058049565242,1.18507256195655,1.65855760990077),.UNSPECIFIED.);
#277=B_SPLINE_CURVE_WITH_KNOTS('',3,(#6379,#6380,#6381,#6382,#6383,#6384,
#6385),.UNSPECIFIED.,.F.,.F.,(4,1,1,1,4),(0.135471015047203,0.609119813454961,
1.08308333802705,1.3200651003131,1.79402862488519),.UNSPECIFIED.);
#278=B_SPLINE_CURVE_WITH_KNOTS('',3,(#6413,#6414,#6415,#6416),
 .UNSPECIFIED.,.F.,.F.,(4,4),(0.,0.12328257622725),.UNSPECIFIED.);
#279=B_SPLINE_CURVE_WITH_KNOTS('',3,(#6417,#6418,#6419,#6420,#6421,#6422),
 .UNSPECIFIED.,.F.,.F.,(4,2,4),(-0.00369090340613921,0.,0.984340967472696),
 .UNSPECIFIED.);
#280=B_SPLINE_CURVE_WITH_KNOTS('',3,(#6449,#6450,#6451,#6452),
 .UNSPECIFIED.,.F.,.F.,(4,4),(1.91058417623978,2.03386637274595),
 .UNSPECIFIED.);
#281=B_SPLINE_CURVE_WITH_KNOTS('',3,(#6489,#6490,#6491,#6492,#6493,#6494,
#6495),.UNSPECIFIED.,.F.,.F.,(4,1,1,1,4),(1.05425870036038E-15,0.474029024782622,
0.948058049565242,1.18507256195655,1.65855760990077),.UNSPECIFIED.);
#282=B_SPLINE_CURVE_WITH_KNOTS('',3,(#6535,#6536,#6537,#6538,#6539,#6540,
#6541),.UNSPECIFIED.,.F.,.F.,(4,1,1,1,4),(0.135471015047203,0.609119813454961,
1.08308333802705,1.3200651003131,1.79402862488519),.UNSPECIFIED.);
#283=B_SPLINE_CURVE_WITH_KNOTS('',3,(#6569,#6570,#6571,#6572),
 .UNSPECIFIED.,.F.,.F.,(4,4),(0.,0.123282570339397),.UNSPECIFIED.);
#284=B_SPLINE_CURVE_WITH_KNOTS('',3,(#6573,#6574,#6575,#6576,#6577,#6578),
 .UNSPECIFIED.,.F.,.F.,(4,2,4),(-0.00369090340613921,0.,0.984340967472696),
 .UNSPECIFIED.);
#285=B_SPLINE_CURVE_WITH_KNOTS('',3,(#6605,#6606,#6607,#6608),
 .UNSPECIFIED.,.F.,.F.,(4,4),(1.91058420399789,2.03386637274595),
 .UNSPECIFIED.);
#286=B_SPLINE_CURVE_WITH_KNOTS('',3,(#6611,#6612,#6613,#6614,#6615),
 .UNSPECIFIED.,.F.,.F.,(4,1,4),(-0.986191998597543,-0.646735587476465,0.),
 .UNSPECIFIED.);
#287=B_SPLINE_CURVE_WITH_KNOTS('',3,(#6651,#6652,#6653,#6654,#6655,#6656,
#6657),.UNSPECIFIED.,.F.,.F.,(4,1,1,1,4),(-1.79402862488519,-1.3200651003131,
-1.08308333802705,-0.609119813454961,-0.223191767262449),.UNSPECIFIED.);
#288=B_SPLINE_CURVE_WITH_KNOTS('',3,(#6658,#6659,#6660,#6661,#6662,#6663,
#6664),.UNSPECIFIED.,.F.,.F.,(4,1,1,1,4),(1.05425870036038E-15,0.474029024782622,
0.948058049565242,1.18507256195655,1.65855760990077),.UNSPECIFIED.);
#289=B_SPLINE_CURVE_WITH_KNOTS('',3,(#6709,#6710,#6711,#6712,#6713,#6714,
#6715),.UNSPECIFIED.,.F.,.F.,(4,1,1,1,4),(0.135471015047203,0.609119813454961,
1.08308333802705,1.43855598145612,1.79402862488519),.UNSPECIFIED.);
#290=B_SPLINE_CURVE_WITH_KNOTS('',3,(#6743,#6744,#6745,#6746),
 .UNSPECIFIED.,.F.,.F.,(4,4),(0.,0.123282611582205),.UNSPECIFIED.);
#291=B_SPLINE_CURVE_WITH_KNOTS('',3,(#6747,#6748,#6749,#6750,#6751,#6752),
 .UNSPECIFIED.,.F.,.F.,(4,2,4),(-0.00369090340613921,0.,0.984340967472696),
 .UNSPECIFIED.);
#292=B_SPLINE_CURVE_WITH_KNOTS('',3,(#6779,#6780,#6781,#6782),
 .UNSPECIFIED.,.F.,.F.,(4,4),(1.91058416240736,2.03386637274595),
 .UNSPECIFIED.);
#293=B_SPLINE_CURVE_WITH_KNOTS('',3,(#6785,#6786,#6787,#6788,#6789),
 .UNSPECIFIED.,.F.,.F.,(4,1,4),(-0.986191981748771,-0.646735587476465,0.),
 .UNSPECIFIED.);
#294=B_SPLINE_CURVE_WITH_KNOTS('',3,(#6825,#6826,#6827,#6828,#6829,#6830,
#6831),.UNSPECIFIED.,.F.,.F.,(4,1,1,1,4),(-1.79402862488519,-1.3200651003131,
-1.08308333802705,-0.609119813454961,-0.22319172497178),.UNSPECIFIED.);
#295=B_SPLINE_CURVE_WITH_KNOTS('',3,(#6832,#6833,#6834,#6835,#6836,#6837,
#6838),.UNSPECIFIED.,.F.,.F.,(4,1,1,1,4),(1.05425870036038E-15,0.474029024782622,
0.948058049565242,1.18507256195655,1.65855760990077),.UNSPECIFIED.);
#296=B_SPLINE_CURVE_WITH_KNOTS('',3,(#6878,#6879,#6880,#6881,#6882,#6883,
#6884),.UNSPECIFIED.,.F.,.F.,(4,1,1,1,4),(0.135471015047203,0.609119813454961,
1.08308333802705,1.3200651003131,1.79402862488519),.UNSPECIFIED.);
#297=B_SPLINE_CURVE_WITH_KNOTS('',3,(#6912,#6913,#6914,#6915),
 .UNSPECIFIED.,.F.,.F.,(4,4),(0.,0.123282549194283),.UNSPECIFIED.);
#298=B_SPLINE_CURVE_WITH_KNOTS('',3,(#6916,#6917,#6918,#6919,#6920,#6921),
 .UNSPECIFIED.,.F.,.F.,(4,2,4),(-0.00369090340613921,0.,0.984340967472696),
 .UNSPECIFIED.);
#299=B_SPLINE_CURVE_WITH_KNOTS('',3,(#6948,#6949,#6950,#6951),
 .UNSPECIFIED.,.F.,.F.,(4,4),(1.91058418743468,2.03386637274595),
 .UNSPECIFIED.);
#300=B_SPLINE_CURVE_WITH_KNOTS('',3,(#6954,#6955,#6956,#6957,#6958),
 .UNSPECIFIED.,.F.,.F.,(4,1,4),(-0.986191937332919,-0.646735587476465,0.),
 .UNSPECIFIED.);
#301=B_SPLINE_CURVE_WITH_KNOTS('',3,(#6994,#6995,#6996,#6997,#6998,#6999,
#7000),.UNSPECIFIED.,.F.,.F.,(4,1,1,1,4),(-1.79402862488519,-1.43855598145612,
-1.08308333802705,-0.609119813454961,-0.223193118849918),.UNSPECIFIED.);
#302=B_SPLINE_CURVE_WITH_KNOTS('',3,(#7001,#7002,#7003,#7004,#7005,#7006,
#7007),.UNSPECIFIED.,.F.,.F.,(4,1,1,1,4),(1.05425870036038E-15,0.474029024782622,
0.948058049565242,1.18507256195655,1.65855760990077),.UNSPECIFIED.);
#303=B_SPLINE_CURVE_WITH_KNOTS('',3,(#7047,#7048,#7049,#7050,#7051,#7052,
#7053),.UNSPECIFIED.,.F.,.F.,(4,1,1,1,4),(0.135471015047203,0.609119813454961,
1.08308333802705,1.43855598145612,1.79402862488519),.UNSPECIFIED.);
#304=B_SPLINE_CURVE_WITH_KNOTS('',3,(#7056,#7057,#7058,#7059,#7060,#7061,
#7062),.UNSPECIFIED.,.F.,.F.,(4,1,1,1,4),(-1.57082449015205,-1.18507256195655,
-0.948058049565242,-0.474029024782622,-1.05425870036038E-15),
 .UNSPECIFIED.);
#305=B_SPLINE_CURVE_WITH_KNOTS('',3,(#7088,#7089,#7090,#7091,#7092),
 .UNSPECIFIED.,.F.,.F.,(4,1,4),(-2.03386637274595,-1.38714310465087,-1.04768223644614),
 .UNSPECIFIED.);
#306=B_SPLINE_CURVE_WITH_KNOTS('',3,(#7094,#7095,#7096,#7097),
 .UNSPECIFIED.,.F.,.F.,(4,4),(0.,0.123282628715113),.UNSPECIFIED.);
#307=B_SPLINE_CURVE_WITH_KNOTS('',3,(#7098,#7099,#7100,#7101,#7102,#7103),
 .UNSPECIFIED.,.F.,.F.,(4,2,4),(-0.00369090340613921,0.,0.984340967472696),
 .UNSPECIFIED.);
#308=B_SPLINE_CURVE_WITH_KNOTS('',3,(#7130,#7131,#7132,#7133),
 .UNSPECIFIED.,.F.,.F.,(4,4),(1.91058404162946,2.03386637274595),
 .UNSPECIFIED.);
#309=B_SPLINE_CURVE_WITH_KNOTS('',3,(#7170,#7171,#7172,#7173,#7174,#7175,
#7176),.UNSPECIFIED.,.F.,.F.,(4,1,1,1,4),(1.05425870036038E-15,0.474029024782622,
0.948058049565242,1.18507256195655,1.65855760990077),.UNSPECIFIED.);
#310=B_SPLINE_CURVE_WITH_KNOTS('',3,(#7216,#7217,#7218,#7219,#7220,#7221,
#7222),.UNSPECIFIED.,.F.,.F.,(4,1,1,1,4),(0.135471015047203,0.609119813454961,
1.08308333802705,1.3200651003131,1.79402862488519),.UNSPECIFIED.);
#311=B_SPLINE_CURVE_WITH_KNOTS('',3,(#7250,#7251,#7252,#7253),
 .UNSPECIFIED.,.F.,.F.,(4,4),(0.,0.123282551366777),.UNSPECIFIED.);
#312=B_SPLINE_CURVE_WITH_KNOTS('',3,(#7254,#7255,#7256,#7257,#7258,#7259),
 .UNSPECIFIED.,.F.,.F.,(4,2,4),(-0.00369090340613921,0.,0.984340967472696),
 .UNSPECIFIED.);
#313=B_SPLINE_CURVE_WITH_KNOTS('',3,(#7286,#7287,#7288,#7289),
 .UNSPECIFIED.,.F.,.F.,(4,4),(1.91058419430201,2.03386637274595),
 .UNSPECIFIED.);
#314=B_SPLINE_CURVE_WITH_KNOTS('',3,(#7326,#7327,#7328,#7329,#7330,#7331,
#7332),.UNSPECIFIED.,.F.,.F.,(4,1,1,1,4),(1.05425870036038E-15,0.474029024782622,
0.948058049565242,1.18507256195655,1.65855760990077),.UNSPECIFIED.);
#315=B_SPLINE_CURVE_WITH_KNOTS('',3,(#7372,#7373,#7374,#7375,#7376,#7377,
#7378),.UNSPECIFIED.,.F.,.F.,(4,1,1,1,4),(0.135471015047203,0.609119813454961,
1.08308333802705,1.43855598145612,1.79402862488519),.UNSPECIFIED.);
#316=B_SPLINE_CURVE_WITH_KNOTS('',3,(#7406,#7407,#7408,#7409),
 .UNSPECIFIED.,.F.,.F.,(4,4),(0.,0.123282708979911),.UNSPECIFIED.);
#317=B_SPLINE_CURVE_WITH_KNOTS('',3,(#7410,#7411,#7412,#7413,#7414,#7415),
 .UNSPECIFIED.,.F.,.F.,(4,2,4),(-0.00369090340613921,0.,0.984340967472696),
 .UNSPECIFIED.);
#318=B_SPLINE_CURVE_WITH_KNOTS('',3,(#7442,#7443,#7444,#7445),
 .UNSPECIFIED.,.F.,.F.,(4,4),(1.9105839380621,2.03386637274595),
 .UNSPECIFIED.);
#319=B_SPLINE_CURVE_WITH_KNOTS('',3,(#7448,#7449,#7450,#7451,#7452),
 .UNSPECIFIED.,.F.,.F.,(4,1,4),(-0.986191492378043,-0.646735587476465,0.),
 .UNSPECIFIED.);
#320=B_SPLINE_CURVE_WITH_KNOTS('',3,(#7488,#7489,#7490,#7491,#7492,#7493,
#7494),.UNSPECIFIED.,.F.,.F.,(4,1,1,1,4),(-1.79402862488519,-1.43855598145612,
-1.08308333802705,-0.609119813454961,-0.223193126958111),.UNSPECIFIED.);
#321=B_SPLINE_CURVE_WITH_KNOTS('',3,(#7495,#7496,#7497,#7498,#7499,#7500,
#7501),.UNSPECIFIED.,.F.,.F.,(4,1,1,1,4),(1.05425870036038E-15,0.474029024782622,
0.948058049565242,1.18507256195655,1.65855760990077),.UNSPECIFIED.);
#322=B_SPLINE_CURVE_WITH_KNOTS('',3,(#7541,#7542,#7543,#7544,#7545,#7546,
#7547),.UNSPECIFIED.,.F.,.F.,(4,1,1,1,4),(0.135471015047203,0.609119813454961,
1.08308333802705,1.43855598145612,1.79402862488519),.UNSPECIFIED.);
#323=B_SPLINE_CURVE_WITH_KNOTS('',3,(#7575,#7576,#7577,#7578),
 .UNSPECIFIED.,.F.,.F.,(4,4),(0.,0.123282697481141),.UNSPECIFIED.);
#324=B_SPLINE_CURVE_WITH_KNOTS('',3,(#7579,#7580,#7581,#7582,#7583,#7584),
 .UNSPECIFIED.,.F.,.F.,(4,2,4),(-0.00369090340613921,0.,0.984340967472696),
 .UNSPECIFIED.);
#325=B_SPLINE_CURVE_WITH_KNOTS('',3,(#7611,#7612,#7613,#7614),
 .UNSPECIFIED.,.F.,.F.,(4,4),(1.91058400059872,2.03386637274595),
 .UNSPECIFIED.);
#326=B_SPLINE_CURVE_WITH_KNOTS('',3,(#7651,#7652,#7653,#7654,#7655,#7656,
#7657),.UNSPECIFIED.,.F.,.F.,(4,1,1,1,4),(1.05425870036038E-15,0.474029024782622,
0.948058049565242,1.18507256195655,1.65855760990077),.UNSPECIFIED.);
#327=B_SPLINE_CURVE_WITH_KNOTS('',3,(#7697,#7698,#7699,#7700,#7701,#7702,
#7703),.UNSPECIFIED.,.F.,.F.,(4,1,1,1,4),(0.135471015047203,0.609119813454961,
1.08308333802705,1.43855598145612,1.79402862488519),.UNSPECIFIED.);
#328=B_SPLINE_CURVE_WITH_KNOTS('',3,(#7731,#7732,#7733,#7734),
 .UNSPECIFIED.,.F.,.F.,(4,4),(0.,0.123282569050348),.UNSPECIFIED.);
#329=B_SPLINE_CURVE_WITH_KNOTS('',3,(#7735,#7736,#7737,#7738,#7739,#7740),
 .UNSPECIFIED.,.F.,.F.,(4,2,4),(-0.00369090340613921,0.,0.984340967472696),
 .UNSPECIFIED.);
#330=B_SPLINE_CURVE_WITH_KNOTS('',3,(#7767,#7768,#7769,#7770),
 .UNSPECIFIED.,.F.,.F.,(4,4),(1.91058410888456,2.03386637274595),
 .UNSPECIFIED.);
#331=B_SPLINE_CURVE_WITH_KNOTS('',3,(#7807,#7808,#7809,#7810,#7811,#7812,
#7813),.UNSPECIFIED.,.F.,.F.,(4,1,1,1,4),(1.05425870036038E-15,0.474029024782622,
0.948058049565242,1.18507256195655,1.65855760990077),.UNSPECIFIED.);
#332=B_SPLINE_CURVE_WITH_KNOTS('',3,(#7853,#7854,#7855,#7856,#7857,#7858,
#7859),.UNSPECIFIED.,.F.,.F.,(4,1,1,1,4),(0.135471015047203,0.609119813454961,
1.08308333802705,1.3200651003131,1.79402862488519),.UNSPECIFIED.);
#333=B_SPLINE_CURVE_WITH_KNOTS('',3,(#7887,#7888,#7889,#7890),
 .UNSPECIFIED.,.F.,.F.,(4,4),(0.,0.123282556230055),.UNSPECIFIED.);
#334=B_SPLINE_CURVE_WITH_KNOTS('',3,(#7891,#7892,#7893,#7894,#7895,#7896),
 .UNSPECIFIED.,.F.,.F.,(4,2,4),(-0.00369090340613921,0.,0.984340967472696),
 .UNSPECIFIED.);
#335=B_SPLINE_CURVE_WITH_KNOTS('',3,(#7923,#7924,#7925,#7926),
 .UNSPECIFIED.,.F.,.F.,(4,4),(1.91058419119511,2.03386637274595),
 .UNSPECIFIED.);
#336=B_SPLINE_CURVE_WITH_KNOTS('',3,(#7963,#7964,#7965,#7966,#7967,#7968,
#7969),.UNSPECIFIED.,.F.,.F.,(4,1,1,1,4),(1.05425870036038E-15,0.474029024782622,
0.948058049565242,1.18507256195655,1.65855760990077),.UNSPECIFIED.);
#337=B_SPLINE_SURFACE_WITH_KNOTS('',3,3,((#2803,#2804,#2805,#2806,#2807,
#2808,#2809),(#2810,#2811,#2812,#2813,#2814,#2815,#2816),(#2817,#2818,#2819,
#2820,#2821,#2822,#2823),(#2824,#2825,#2826,#2827,#2828,#2829,#2830),(#2831,
#2832,#2833,#2834,#2835,#2836,#2837)),.UNSPECIFIED.,.F.,.F.,.F.,(4,1,4),
(4,1,1,1,4),(0.,0.571428571428571,1.),(0.135156288882871,0.609119813454961,
1.08308333802705,1.43855598145612,1.79402862488519),.UNSPECIFIED.);
#338=B_SPLINE_SURFACE_WITH_KNOTS('',3,3,((#2869,#2870,#2871,#2872,#2873),
(#2874,#2875,#2876,#2877,#2878),(#2879,#2880,#2881,#2882,#2883),(#2884,
#2885,#2886,#2887,#2888),(#2889,#2890,#2891,#2892,#2893)),.UNSPECIFIED.,
 .F.,.F.,.F.,(4,1,4),(4,1,4),(0.,0.571428571428571,1.),(0.,0.646735587476465,
1.13178727808381),.UNSPECIFIED.);
#339=B_SPLINE_SURFACE_WITH_KNOTS('',3,3,((#2920,#2921,#2922,#2923,#2924),
(#2925,#2926,#2927,#2928,#2929),(#2930,#2931,#2932,#2933,#2934),(#2935,
#2936,#2937,#2938,#2939),(#2940,#2941,#2942,#2943,#2944)),.UNSPECIFIED.,
 .F.,.F.,.F.,(4,1,4),(4,1,4),(0.,0.571428571428571,1.),(0.902100653579564,
1.38714310465087,2.03386637274595),.UNSPECIFIED.);
#340=B_SPLINE_SURFACE_WITH_KNOTS('',3,3,((#2966,#2967,#2968,#2969,#2970,
#2971,#2972),(#2973,#2974,#2975,#2976,#2977,#2978,#2979),(#2980,#2981,#2982,
#2983,#2984,#2985,#2986),(#2987,#2988,#2989,#2990,#2991,#2992,#2993),(#2994,
#2995,#2996,#2997,#2998,#2999,#3000)),.UNSPECIFIED.,.F.,.F.,.F.,(4,1,4),
(4,1,1,1,4),(0.,0.571428571428571,1.),(1.05425870036038E-15,0.474029024782622,
0.948058049565242,1.18507256195655,1.65910158673917),.UNSPECIFIED.);
#341=B_SPLINE_SURFACE_WITH_KNOTS('',3,3,((#4094,#4095,#4096,#4097,#4098,
#4099,#4100),(#4101,#4102,#4103,#4104,#4105,#4106,#4107),(#4108,#4109,#4110,
#4111,#4112,#4113,#4114),(#4115,#4116,#4117,#4118,#4119,#4120,#4121),(#4122,
#4123,#4124,#4125,#4126,#4127,#4128)),.UNSPECIFIED.,.F.,.F.,.F.,(4,1,4),
(4,1,1,1,4),(0.,0.571428571428571,1.),(0.135156288882871,0.609119813454961,
1.08308333802705,1.43855598145612,1.79402862488519),.UNSPECIFIED.);
#342=B_SPLINE_SURFACE_WITH_KNOTS('',3,3,((#4146,#4147,#4148,#4149,#4150),
(#4151,#4152,#4153,#4154,#4155),(#4156,#4157,#4158,#4159,#4160),(#4161,
#4162,#4163,#4164,#4165),(#4166,#4167,#4168,#4169,#4170)),.UNSPECIFIED.,
 .F.,.F.,.F.,(4,1,4),(4,1,4),(0.,0.571428571428571,1.),(0.,0.646735587476465,
1.13178727808381),.UNSPECIFIED.);
#343=B_SPLINE_SURFACE_WITH_KNOTS('',3,3,((#4187,#4188,#4189,#4190,#4191),
(#4192,#4193,#4194,#4195,#4196),(#4197,#4198,#4199,#4200,#4201),(#4202,
#4203,#4204,#4205,#4206),(#4207,#4208,#4209,#4210,#4211)),.UNSPECIFIED.,
 .F.,.F.,.F.,(4,1,4),(4,1,4),(0.,0.571428571428571,1.),(0.902100653579564,
1.38714310465087,2.03386637274595),.UNSPECIFIED.);
#344=B_SPLINE_SURFACE_WITH_KNOTS('',3,3,((#4224,#4225,#4226,#4227,#4228,
#4229,#4230),(#4231,#4232,#4233,#4234,#4235,#4236,#4237),(#4238,#4239,#4240,
#4241,#4242,#4243,#4244),(#4245,#4246,#4247,#4248,#4249,#4250,#4251),(#4252,
#4253,#4254,#4255,#4256,#4257,#4258)),.UNSPECIFIED.,.F.,.F.,.F.,(4,1,4),
(4,1,1,1,4),(0.,0.571428571428571,1.),(1.05425870036038E-15,0.474029024782622,
0.948058049565242,1.18507256195655,1.65910158673917),.UNSPECIFIED.);
#345=B_SPLINE_SURFACE_WITH_KNOTS('',3,3,((#4276,#4277,#4278,#4279,#4280,
#4281,#4282),(#4283,#4284,#4285,#4286,#4287,#4288,#4289),(#4290,#4291,#4292,
#4293,#4294,#4295,#4296),(#4297,#4298,#4299,#4300,#4301,#4302,#4303),(#4304,
#4305,#4306,#4307,#4308,#4309,#4310)),.UNSPECIFIED.,.F.,.F.,.F.,(4,1,4),
(4,1,1,1,4),(0.,0.571428571428571,1.),(0.135156288882871,0.609119813454961,
1.08308333802705,1.43855598145612,1.79402862488519),.UNSPECIFIED.);
#346=B_SPLINE_SURFACE_WITH_KNOTS('',3,3,((#4320,#4321,#4322,#4323,#4324),
(#4325,#4326,#4327,#4328,#4329),(#4330,#4331,#4332,#4333,#4334),(#4335,
#4336,#4337,#4338,#4339),(#4340,#4341,#4342,#4343,#4344)),.UNSPECIFIED.,
 .F.,.F.,.F.,(4,1,4),(4,1,4),(0.,0.571428571428571,1.),(0.,0.646735587476465,
1.13178727808381),.UNSPECIFIED.);
#347=B_SPLINE_SURFACE_WITH_KNOTS('',3,3,((#4356,#4357,#4358,#4359,#4360),
(#4361,#4362,#4363,#4364,#4365),(#4366,#4367,#4368,#4369,#4370),(#4371,
#4372,#4373,#4374,#4375),(#4376,#4377,#4378,#4379,#4380)),.UNSPECIFIED.,
 .F.,.F.,.F.,(4,1,4),(4,1,4),(0.,0.571428571428571,1.),(0.902100653579564,
1.38714310465087,2.03386637274595),.UNSPECIFIED.);
#348=B_SPLINE_SURFACE_WITH_KNOTS('',3,3,((#4393,#4394,#4395,#4396,#4397,
#4398,#4399),(#4400,#4401,#4402,#4403,#4404,#4405,#4406),(#4407,#4408,#4409,
#4410,#4411,#4412,#4413),(#4414,#4415,#4416,#4417,#4418,#4419,#4420),(#4421,
#4422,#4423,#4424,#4425,#4426,#4427)),.UNSPECIFIED.,.F.,.F.,.F.,(4,1,4),
(4,1,1,1,4),(0.,0.571428571428571,1.),(1.05425870036038E-15,0.474029024782622,
0.948058049565242,1.18507256195655,1.65910158673917),.UNSPECIFIED.);
#349=B_SPLINE_SURFACE_WITH_KNOTS('',3,3,((#4445,#4446,#4447,#4448,#4449,
#4450,#4451),(#4452,#4453,#4454,#4455,#4456,#4457,#4458),(#4459,#4460,#4461,
#4462,#4463,#4464,#4465),(#4466,#4467,#4468,#4469,#4470,#4471,#4472),(#4473,
#4474,#4475,#4476,#4477,#4478,#4479)),.UNSPECIFIED.,.F.,.F.,.F.,(4,1,4),
(4,1,1,1,4),(0.,0.571428571428571,1.),(0.135156288882871,0.609119813454961,
1.08308333802705,1.43855598145612,1.79402862488519),.UNSPECIFIED.);
#350=B_SPLINE_SURFACE_WITH_KNOTS('',3,3,((#4497,#4498,#4499,#4500,#4501),
(#4502,#4503,#4504,#4505,#4506),(#4507,#4508,#4509,#4510,#4511),(#4512,
#4513,#4514,#4515,#4516),(#4517,#4518,#4519,#4520,#4521)),.UNSPECIFIED.,
 .F.,.F.,.F.,(4,1,4),(4,1,4),(0.,0.571428571428571,1.),(0.,0.646735587476465,
1.13178727808381),.UNSPECIFIED.);
#351=B_SPLINE_SURFACE_WITH_KNOTS('',3,3,((#4538,#4539,#4540,#4541,#4542),
(#4543,#4544,#4545,#4546,#4547),(#4548,#4549,#4550,#4551,#4552),(#4553,
#4554,#4555,#4556,#4557),(#4558,#4559,#4560,#4561,#4562)),.UNSPECIFIED.,
 .F.,.F.,.F.,(4,1,4),(4,1,4),(0.,0.571428571428571,1.),(0.902100653579564,
1.38714310465087,2.03386637274595),.UNSPECIFIED.);
#352=B_SPLINE_SURFACE_WITH_KNOTS('',3,3,((#4575,#4576,#4577,#4578,#4579,
#4580,#4581),(#4582,#4583,#4584,#4585,#4586,#4587,#4588),(#4589,#4590,#4591,
#4592,#4593,#4594,#4595),(#4596,#4597,#4598,#4599,#4600,#4601,#4602),(#4603,
#4604,#4605,#4606,#4607,#4608,#4609)),.UNSPECIFIED.,.F.,.F.,.F.,(4,1,4),
(4,1,1,1,4),(0.,0.571428571428571,1.),(1.05425870036038E-15,0.474029024782622,
0.948058049565242,1.18507256195655,1.65910158673917),.UNSPECIFIED.);
#353=B_SPLINE_SURFACE_WITH_KNOTS('',3,3,((#4627,#4628,#4629,#4630,#4631,
#4632,#4633),(#4634,#4635,#4636,#4637,#4638,#4639,#4640),(#4641,#4642,#4643,
#4644,#4645,#4646,#4647),(#4648,#4649,#4650,#4651,#4652,#4653,#4654),(#4655,
#4656,#4657,#4658,#4659,#4660,#4661)),.UNSPECIFIED.,.F.,.F.,.F.,(4,1,4),
(4,1,1,1,4),(0.,0.571428571428571,1.),(0.135156288882871,0.609119813454961,
1.08308333802705,1.43855598145612,1.79402862488519),.UNSPECIFIED.);
#354=B_SPLINE_SURFACE_WITH_KNOTS('',3,3,((#4679,#4680,#4681,#4682,#4683),
(#4684,#4685,#4686,#4687,#4688),(#4689,#4690,#4691,#4692,#4693),(#4694,
#4695,#4696,#4697,#4698),(#4699,#4700,#4701,#4702,#4703)),.UNSPECIFIED.,
 .F.,.F.,.F.,(4,1,4),(4,1,4),(0.,0.571428571428571,1.),(0.,0.646735587476465,
1.13178727808381),.UNSPECIFIED.);
#355=B_SPLINE_SURFACE_WITH_KNOTS('',3,3,((#4720,#4721,#4722,#4723,#4724),
(#4725,#4726,#4727,#4728,#4729),(#4730,#4731,#4732,#4733,#4734),(#4735,
#4736,#4737,#4738,#4739),(#4740,#4741,#4742,#4743,#4744)),.UNSPECIFIED.,
 .F.,.F.,.F.,(4,1,4),(4,1,4),(0.,0.571428571428571,1.),(0.902100653579564,
1.38714310465087,2.03386637274595),.UNSPECIFIED.);
#356=B_SPLINE_SURFACE_WITH_KNOTS('',3,3,((#4751,#4752,#4753,#4754,#4755,
#4756,#4757),(#4758,#4759,#4760,#4761,#4762,#4763,#4764),(#4765,#4766,#4767,
#4768,#4769,#4770,#4771),(#4772,#4773,#4774,#4775,#4776,#4777,#4778),(#4779,
#4780,#4781,#4782,#4783,#4784,#4785)),.UNSPECIFIED.,.F.,.F.,.F.,(4,1,4),
(4,1,1,1,4),(0.,0.571428571428571,1.),(1.05425870036038E-15,0.474029024782622,
0.948058049565242,1.18507256195655,1.65910158673917),.UNSPECIFIED.);
#357=B_SPLINE_SURFACE_WITH_KNOTS('',3,3,((#4796,#4797,#4798,#4799,#4800,
#4801,#4802),(#4803,#4804,#4805,#4806,#4807,#4808,#4809),(#4810,#4811,#4812,
#4813,#4814,#4815,#4816),(#4817,#4818,#4819,#4820,#4821,#4822,#4823),(#4824,
#4825,#4826,#4827,#4828,#4829,#4830)),.UNSPECIFIED.,.F.,.F.,.F.,(4,1,4),
(4,1,1,1,4),(0.,0.571428571428571,1.),(0.135156288882871,0.609119813454961,
1.08308333802705,1.43855598145612,1.79402862488519),.UNSPECIFIED.);
#358=B_SPLINE_SURFACE_WITH_KNOTS('',3,3,((#4840,#4841,#4842,#4843,#4844),
(#4845,#4846,#4847,#4848,#4849),(#4850,#4851,#4852,#4853,#4854),(#4855,
#4856,#4857,#4858,#4859),(#4860,#4861,#4862,#4863,#4864)),.UNSPECIFIED.,
 .F.,.F.,.F.,(4,1,4),(4,1,4),(0.,0.571428571428571,1.),(0.,0.646735587476465,
1.13178727808381),.UNSPECIFIED.);
#359=B_SPLINE_SURFACE_WITH_KNOTS('',3,3,((#4876,#4877,#4878,#4879,#4880),
(#4881,#4882,#4883,#4884,#4885),(#4886,#4887,#4888,#4889,#4890),(#4891,
#4892,#4893,#4894,#4895),(#4896,#4897,#4898,#4899,#4900)),.UNSPECIFIED.,
 .F.,.F.,.F.,(4,1,4),(4,1,4),(0.,0.571428571428571,1.),(0.902100653579564,
1.38714310465087,2.03386637274595),.UNSPECIFIED.);
#360=B_SPLINE_SURFACE_WITH_KNOTS('',3,3,((#4907,#4908,#4909,#4910,#4911,
#4912,#4913),(#4914,#4915,#4916,#4917,#4918,#4919,#4920),(#4921,#4922,#4923,
#4924,#4925,#4926,#4927),(#4928,#4929,#4930,#4931,#4932,#4933,#4934),(#4935,
#4936,#4937,#4938,#4939,#4940,#4941)),.UNSPECIFIED.,.F.,.F.,.F.,(4,1,4),
(4,1,1,1,4),(0.,0.571428571428571,1.),(1.05425870036038E-15,0.474029024782622,
0.948058049565242,1.18507256195655,1.65910158673917),.UNSPECIFIED.);
#361=B_SPLINE_SURFACE_WITH_KNOTS('',3,3,((#4952,#4953,#4954,#4955,#4956,
#4957,#4958),(#4959,#4960,#4961,#4962,#4963,#4964,#4965),(#4966,#4967,#4968,
#4969,#4970,#4971,#4972),(#4973,#4974,#4975,#4976,#4977,#4978,#4979),(#4980,
#4981,#4982,#4983,#4984,#4985,#4986)),.UNSPECIFIED.,.F.,.F.,.F.,(4,1,4),
(4,1,1,1,4),(0.,0.571428571428571,1.),(0.135156288882871,0.609119813454961,
1.08308333802705,1.3200651003131,1.79402862488519),.UNSPECIFIED.);
#362=B_SPLINE_SURFACE_WITH_KNOTS('',3,3,((#5004,#5005,#5006,#5007,#5008),
(#5009,#5010,#5011,#5012,#5013),(#5014,#5015,#5016,#5017,#5018),(#5019,
#5020,#5021,#5022,#5023),(#5024,#5025,#5026,#5027,#5028)),.UNSPECIFIED.,
 .F.,.F.,.F.,(4,1,4),(4,1,4),(0.,0.571428571428571,1.),(0.,0.646735587476465,
1.13178727808381),.UNSPECIFIED.);
#363=B_SPLINE_SURFACE_WITH_KNOTS('',3,3,((#5045,#5046,#5047,#5048,#5049),
(#5050,#5051,#5052,#5053,#5054),(#5055,#5056,#5057,#5058,#5059),(#5060,
#5061,#5062,#5063,#5064),(#5065,#5066,#5067,#5068,#5069)),.UNSPECIFIED.,
 .F.,.F.,.F.,(4,1,4),(4,1,4),(0.,0.571428571428571,1.),(0.902100653579564,
1.38714310465087,2.03386637274595),.UNSPECIFIED.);
#364=B_SPLINE_SURFACE_WITH_KNOTS('',3,3,((#5082,#5083,#5084,#5085,#5086,
#5087,#5088),(#5089,#5090,#5091,#5092,#5093,#5094,#5095),(#5096,#5097,#5098,
#5099,#5100,#5101,#5102),(#5103,#5104,#5105,#5106,#5107,#5108,#5109),(#5110,
#5111,#5112,#5113,#5114,#5115,#5116)),.UNSPECIFIED.,.F.,.F.,.F.,(4,1,4),
(4,1,1,1,4),(0.,0.571428571428571,1.),(1.05425870036038E-15,0.474029024782622,
0.948058049565242,1.18507256195655,1.65910158673917),.UNSPECIFIED.);
#365=B_SPLINE_SURFACE_WITH_KNOTS('',3,3,((#5134,#5135,#5136,#5137,#5138,
#5139,#5140),(#5141,#5142,#5143,#5144,#5145,#5146,#5147),(#5148,#5149,#5150,
#5151,#5152,#5153,#5154),(#5155,#5156,#5157,#5158,#5159,#5160,#5161),(#5162,
#5163,#5164,#5165,#5166,#5167,#5168)),.UNSPECIFIED.,.F.,.F.,.F.,(4,1,4),
(4,1,1,1,4),(0.,0.571428571428571,1.),(0.135156288882871,0.609119813454961,
1.08308333802705,1.3200651003131,1.79402862488519),.UNSPECIFIED.);
#366=B_SPLINE_SURFACE_WITH_KNOTS('',3,3,((#5186,#5187,#5188,#5189,#5190),
(#5191,#5192,#5193,#5194,#5195),(#5196,#5197,#5198,#5199,#5200),(#5201,
#5202,#5203,#5204,#5205),(#5206,#5207,#5208,#5209,#5210)),.UNSPECIFIED.,
 .F.,.F.,.F.,(4,1,4),(4,1,4),(0.,0.571428571428571,1.),(0.,0.646735587476465,
1.13178727808381),.UNSPECIFIED.);
#367=B_SPLINE_SURFACE_WITH_KNOTS('',3,3,((#5227,#5228,#5229,#5230,#5231),
(#5232,#5233,#5234,#5235,#5236),(#5237,#5238,#5239,#5240,#5241),(#5242,
#5243,#5244,#5245,#5246),(#5247,#5248,#5249,#5250,#5251)),.UNSPECIFIED.,
 .F.,.F.,.F.,(4,1,4),(4,1,4),(0.,0.571428571428571,1.),(0.902100653579564,
1.38714310465087,2.03386637274595),.UNSPECIFIED.);
#368=B_SPLINE_SURFACE_WITH_KNOTS('',3,3,((#5264,#5265,#5266,#5267,#5268,
#5269,#5270),(#5271,#5272,#5273,#5274,#5275,#5276,#5277),(#5278,#5279,#5280,
#5281,#5282,#5283,#5284),(#5285,#5286,#5287,#5288,#5289,#5290,#5291),(#5292,
#5293,#5294,#5295,#5296,#5297,#5298)),.UNSPECIFIED.,.F.,.F.,.F.,(4,1,4),
(4,1,1,1,4),(0.,0.571428571428571,1.),(1.05425870036038E-15,0.474029024782622,
0.948058049565242,1.18507256195655,1.65910158673917),.UNSPECIFIED.);
#369=B_SPLINE_SURFACE_WITH_KNOTS('',3,3,((#5316,#5317,#5318,#5319,#5320,
#5321,#5322),(#5323,#5324,#5325,#5326,#5327,#5328,#5329),(#5330,#5331,#5332,
#5333,#5334,#5335,#5336),(#5337,#5338,#5339,#5340,#5341,#5342,#5343),(#5344,
#5345,#5346,#5347,#5348,#5349,#5350)),.UNSPECIFIED.,.F.,.F.,.F.,(4,1,4),
(4,1,1,1,4),(0.,0.571428571428571,1.),(0.135156288882871,0.609119813454961,
1.08308333802705,1.3200651003131,1.79402862488519),.UNSPECIFIED.);
#370=B_SPLINE_SURFACE_WITH_KNOTS('',3,3,((#5368,#5369,#5370,#5371,#5372),
(#5373,#5374,#5375,#5376,#5377),(#5378,#5379,#5380,#5381,#5382),(#5383,
#5384,#5385,#5386,#5387),(#5388,#5389,#5390,#5391,#5392)),.UNSPECIFIED.,
 .F.,.F.,.F.,(4,1,4),(4,1,4),(0.,0.571428571428571,1.),(0.,0.646735587476465,
1.13178727808381),.UNSPECIFIED.);
#371=B_SPLINE_SURFACE_WITH_KNOTS('',3,3,((#5409,#5410,#5411,#5412,#5413),
(#5414,#5415,#5416,#5417,#5418),(#5419,#5420,#5421,#5422,#5423),(#5424,
#5425,#5426,#5427,#5428),(#5429,#5430,#5431,#5432,#5433)),.UNSPECIFIED.,
 .F.,.F.,.F.,(4,1,4),(4,1,4),(0.,0.571428571428571,1.),(0.902100653579564,
1.38714310465087,2.03386637274595),.UNSPECIFIED.);
#372=B_SPLINE_SURFACE_WITH_KNOTS('',3,3,((#5440,#5441,#5442,#5443,#5444,
#5445,#5446),(#5447,#5448,#5449,#5450,#5451,#5452,#5453),(#5454,#5455,#5456,
#5457,#5458,#5459,#5460),(#5461,#5462,#5463,#5464,#5465,#5466,#5467),(#5468,
#5469,#5470,#5471,#5472,#5473,#5474)),.UNSPECIFIED.,.F.,.F.,.F.,(4,1,4),
(4,1,1,1,4),(0.,0.571428571428571,1.),(1.05425870036038E-15,0.474029024782622,
0.948058049565242,1.18507256195655,1.65910158673917),.UNSPECIFIED.);
#373=B_SPLINE_SURFACE_WITH_KNOTS('',3,3,((#5485,#5486,#5487,#5488,#5489,
#5490,#5491),(#5492,#5493,#5494,#5495,#5496,#5497,#5498),(#5499,#5500,#5501,
#5502,#5503,#5504,#5505),(#5506,#5507,#5508,#5509,#5510,#5511,#5512),(#5513,
#5514,#5515,#5516,#5517,#5518,#5519)),.UNSPECIFIED.,.F.,.F.,.F.,(4,1,4),
(4,1,1,1,4),(0.,0.571428571428571,1.),(0.135156288882871,0.609119813454961,
1.08308333802705,1.3200651003131,1.79402862488519),.UNSPECIFIED.);
#374=B_SPLINE_SURFACE_WITH_KNOTS('',3,3,((#5537,#5538,#5539,#5540,#5541),
(#5542,#5543,#5544,#5545,#5546),(#5547,#5548,#5549,#5550,#5551),(#5552,
#5553,#5554,#5555,#5556),(#5557,#5558,#5559,#5560,#5561)),.UNSPECIFIED.,
 .F.,.F.,.F.,(4,1,4),(4,1,4),(0.,0.571428571428571,1.),(0.,0.646735587476465,
1.13178727808381),.UNSPECIFIED.);
#375=B_SPLINE_SURFACE_WITH_KNOTS('',3,3,((#5578,#5579,#5580,#5581,#5582),
(#5583,#5584,#5585,#5586,#5587),(#5588,#5589,#5590,#5591,#5592),(#5593,
#5594,#5595,#5596,#5597),(#5598,#5599,#5600,#5601,#5602)),.UNSPECIFIED.,
 .F.,.F.,.F.,(4,1,4),(4,1,4),(0.,0.571428571428571,1.),(0.902100653579564,
1.38714310465087,2.03386637274595),.UNSPECIFIED.);
#376=B_SPLINE_SURFACE_WITH_KNOTS('',3,3,((#5615,#5616,#5617,#5618,#5619,
#5620,#5621),(#5622,#5623,#5624,#5625,#5626,#5627,#5628),(#5629,#5630,#5631,
#5632,#5633,#5634,#5635),(#5636,#5637,#5638,#5639,#5640,#5641,#5642),(#5643,
#5644,#5645,#5646,#5647,#5648,#5649)),.UNSPECIFIED.,.F.,.F.,.F.,(4,1,4),
(4,1,1,1,4),(0.,0.571428571428571,1.),(1.05425870036038E-15,0.474029024782622,
0.948058049565242,1.18507256195655,1.65910158673917),.UNSPECIFIED.);
#377=B_SPLINE_SURFACE_WITH_KNOTS('',3,3,((#5667,#5668,#5669,#5670,#5671,
#5672,#5673),(#5674,#5675,#5676,#5677,#5678,#5679,#5680),(#5681,#5682,#5683,
#5684,#5685,#5686,#5687),(#5688,#5689,#5690,#5691,#5692,#5693,#5694),(#5695,
#5696,#5697,#5698,#5699,#5700,#5701)),.UNSPECIFIED.,.F.,.F.,.F.,(4,1,4),
(4,1,1,1,4),(0.,0.571428571428571,1.),(0.135156288882871,0.609119813454961,
1.08308333802705,1.3200651003131,1.79402862488519),.UNSPECIFIED.);
#378=B_SPLINE_SURFACE_WITH_KNOTS('',3,3,((#5719,#5720,#5721,#5722,#5723),
(#5724,#5725,#5726,#5727,#5728),(#5729,#5730,#5731,#5732,#5733),(#5734,
#5735,#5736,#5737,#5738),(#5739,#5740,#5741,#5742,#5743)),.UNSPECIFIED.,
 .F.,.F.,.F.,(4,1,4),(4,1,4),(0.,0.571428571428571,1.),(0.,0.646735587476465,
1.13178727808381),.UNSPECIFIED.);
#379=B_SPLINE_SURFACE_WITH_KNOTS('',3,3,((#5760,#5761,#5762,#5763,#5764),
(#5765,#5766,#5767,#5768,#5769),(#5770,#5771,#5772,#5773,#5774),(#5775,
#5776,#5777,#5778,#5779),(#5780,#5781,#5782,#5783,#5784)),.UNSPECIFIED.,
 .F.,.F.,.F.,(4,1,4),(4,1,4),(0.,0.571428571428571,1.),(0.902100653579564,
1.38714310465087,2.03386637274595),.UNSPECIFIED.);
#380=B_SPLINE_SURFACE_WITH_KNOTS('',3,3,((#5791,#5792,#5793,#5794,#5795,
#5796,#5797),(#5798,#5799,#5800,#5801,#5802,#5803,#5804),(#5805,#5806,#5807,
#5808,#5809,#5810,#5811),(#5812,#5813,#5814,#5815,#5816,#5817,#5818),(#5819,
#5820,#5821,#5822,#5823,#5824,#5825)),.UNSPECIFIED.,.F.,.F.,.F.,(4,1,4),
(4,1,1,1,4),(0.,0.571428571428571,1.),(1.05425870036038E-15,0.474029024782622,
0.948058049565242,1.18507256195655,1.65910158673917),.UNSPECIFIED.);
#381=B_SPLINE_SURFACE_WITH_KNOTS('',3,3,((#5836,#5837,#5838,#5839,#5840,
#5841,#5842),(#5843,#5844,#5845,#5846,#5847,#5848,#5849),(#5850,#5851,#5852,
#5853,#5854,#5855,#5856),(#5857,#5858,#5859,#5860,#5861,#5862,#5863),(#5864,
#5865,#5866,#5867,#5868,#5869,#5870)),.UNSPECIFIED.,.F.,.F.,.F.,(4,1,4),
(4,1,1,1,4),(0.,0.571428571428571,1.),(0.135156288882871,0.609119813454961,
1.08308333802705,1.3200651003131,1.79402862488519),.UNSPECIFIED.);
#382=B_SPLINE_SURFACE_WITH_KNOTS('',3,3,((#5888,#5889,#5890,#5891,#5892),
(#5893,#5894,#5895,#5896,#5897),(#5898,#5899,#5900,#5901,#5902),(#5903,
#5904,#5905,#5906,#5907),(#5908,#5909,#5910,#5911,#5912)),.UNSPECIFIED.,
 .F.,.F.,.F.,(4,1,4),(4,1,4),(0.,0.571428571428571,1.),(0.,0.646735587476465,
1.13178727808381),.UNSPECIFIED.);
#383=B_SPLINE_SURFACE_WITH_KNOTS('',3,3,((#5929,#5930,#5931,#5932,#5933),
(#5934,#5935,#5936,#5937,#5938),(#5939,#5940,#5941,#5942,#5943),(#5944,
#5945,#5946,#5947,#5948),(#5949,#5950,#5951,#5952,#5953)),.UNSPECIFIED.,
 .F.,.F.,.F.,(4,1,4),(4,1,4),(0.,0.571428571428571,1.),(0.902100653579564,
1.38714310465087,2.03386637274595),.UNSPECIFIED.);
#384=B_SPLINE_SURFACE_WITH_KNOTS('',3,3,((#5960,#5961,#5962,#5963,#5964,
#5965,#5966),(#5967,#5968,#5969,#5970,#5971,#5972,#5973),(#5974,#5975,#5976,
#5977,#5978,#5979,#5980),(#5981,#5982,#5983,#5984,#5985,#5986,#5987),(#5988,
#5989,#5990,#5991,#5992,#5993,#5994)),.UNSPECIFIED.,.F.,.F.,.F.,(4,1,4),
(4,1,1,1,4),(0.,0.571428571428571,1.),(1.05425870036038E-15,0.474029024782622,
0.948058049565242,1.18507256195655,1.65910158673917),.UNSPECIFIED.);
#385=B_SPLINE_SURFACE_WITH_KNOTS('',3,3,((#6005,#6006,#6007,#6008,#6009,
#6010,#6011),(#6012,#6013,#6014,#6015,#6016,#6017,#6018),(#6019,#6020,#6021,
#6022,#6023,#6024,#6025),(#6026,#6027,#6028,#6029,#6030,#6031,#6032),(#6033,
#6034,#6035,#6036,#6037,#6038,#6039)),.UNSPECIFIED.,.F.,.F.,.F.,(4,1,4),
(4,1,1,1,4),(0.,0.571428571428571,1.),(0.135156288882871,0.609119813454961,
1.08308333802705,1.3200651003131,1.79402862488519),.UNSPECIFIED.);
#386=B_SPLINE_SURFACE_WITH_KNOTS('',3,3,((#6049,#6050,#6051,#6052,#6053),
(#6054,#6055,#6056,#6057,#6058),(#6059,#6060,#6061,#6062,#6063),(#6064,
#6065,#6066,#6067,#6068),(#6069,#6070,#6071,#6072,#6073)),.UNSPECIFIED.,
 .F.,.F.,.F.,(4,1,4),(4,1,4),(0.,0.571428571428571,1.),(0.,0.646735587476465,
1.13178727808381),.UNSPECIFIED.);
#387=B_SPLINE_SURFACE_WITH_KNOTS('',3,3,((#6085,#6086,#6087,#6088,#6089),
(#6090,#6091,#6092,#6093,#6094),(#6095,#6096,#6097,#6098,#6099),(#6100,
#6101,#6102,#6103,#6104),(#6105,#6106,#6107,#6108,#6109)),.UNSPECIFIED.,
 .F.,.F.,.F.,(4,1,4),(4,1,4),(0.,0.571428571428571,1.),(0.902100653579564,
1.38714310465087,2.03386637274595),.UNSPECIFIED.);
#388=B_SPLINE_SURFACE_WITH_KNOTS('',3,3,((#6122,#6123,#6124,#6125,#6126,
#6127,#6128),(#6129,#6130,#6131,#6132,#6133,#6134,#6135),(#6136,#6137,#6138,
#6139,#6140,#6141,#6142),(#6143,#6144,#6145,#6146,#6147,#6148,#6149),(#6150,
#6151,#6152,#6153,#6154,#6155,#6156)),.UNSPECIFIED.,.F.,.F.,.F.,(4,1,4),
(4,1,1,1,4),(0.,0.571428571428571,1.),(1.05425870036038E-15,0.474029024782622,
0.948058049565242,1.18507256195655,1.65910158673917),.UNSPECIFIED.);
#389=B_SPLINE_SURFACE_WITH_KNOTS('',3,3,((#6174,#6175,#6176,#6177,#6178,
#6179,#6180),(#6181,#6182,#6183,#6184,#6185,#6186,#6187),(#6188,#6189,#6190,
#6191,#6192,#6193,#6194),(#6195,#6196,#6197,#6198,#6199,#6200,#6201),(#6202,
#6203,#6204,#6205,#6206,#6207,#6208)),.UNSPECIFIED.,.F.,.F.,.F.,(4,1,4),
(4,1,1,1,4),(0.,0.571428571428571,1.),(0.135156288882871,0.609119813454961,
1.08308333802705,1.3200651003131,1.79402862488519),.UNSPECIFIED.);
#390=B_SPLINE_SURFACE_WITH_KNOTS('',3,3,((#6226,#6227,#6228,#6229,#6230),
(#6231,#6232,#6233,#6234,#6235),(#6236,#6237,#6238,#6239,#6240),(#6241,
#6242,#6243,#6244,#6245),(#6246,#6247,#6248,#6249,#6250)),.UNSPECIFIED.,
 .F.,.F.,.F.,(4,1,4),(4,1,4),(0.,0.571428571428571,1.),(0.,0.646735587476465,
1.13178727808381),.UNSPECIFIED.);
#391=B_SPLINE_SURFACE_WITH_KNOTS('',3,3,((#6267,#6268,#6269,#6270,#6271),
(#6272,#6273,#6274,#6275,#6276),(#6277,#6278,#6279,#6280,#6281),(#6282,
#6283,#6284,#6285,#6286),(#6287,#6288,#6289,#6290,#6291)),.UNSPECIFIED.,
 .F.,.F.,.F.,(4,1,4),(4,1,4),(0.,0.571428571428571,1.),(0.902100653579564,
1.38714310465087,2.03386637274595),.UNSPECIFIED.);
#392=B_SPLINE_SURFACE_WITH_KNOTS('',3,3,((#6298,#6299,#6300,#6301,#6302,
#6303,#6304),(#6305,#6306,#6307,#6308,#6309,#6310,#6311),(#6312,#6313,#6314,
#6315,#6316,#6317,#6318),(#6319,#6320,#6321,#6322,#6323,#6324,#6325),(#6326,
#6327,#6328,#6329,#6330,#6331,#6332)),.UNSPECIFIED.,.F.,.F.,.F.,(4,1,4),
(4,1,1,1,4),(0.,0.571428571428571,1.),(1.05425870036038E-15,0.474029024782622,
0.948058049565242,1.18507256195655,1.65910158673917),.UNSPECIFIED.);
#393=B_SPLINE_SURFACE_WITH_KNOTS('',3,3,((#6343,#6344,#6345,#6346,#6347,
#6348,#6349),(#6350,#6351,#6352,#6353,#6354,#6355,#6356),(#6357,#6358,#6359,
#6360,#6361,#6362,#6363),(#6364,#6365,#6366,#6367,#6368,#6369,#6370),(#6371,
#6372,#6373,#6374,#6375,#6376,#6377)),.UNSPECIFIED.,.F.,.F.,.F.,(4,1,4),
(4,1,1,1,4),(0.,0.571428571428571,1.),(0.135156288882871,0.609119813454961,
1.08308333802705,1.3200651003131,1.79402862488519),.UNSPECIFIED.);
#394=B_SPLINE_SURFACE_WITH_KNOTS('',3,3,((#6387,#6388,#6389,#6390,#6391),
(#6392,#6393,#6394,#6395,#6396),(#6397,#6398,#6399,#6400,#6401),(#6402,
#6403,#6404,#6405,#6406),(#6407,#6408,#6409,#6410,#6411)),.UNSPECIFIED.,
 .F.,.F.,.F.,(4,1,4),(4,1,4),(0.,0.571428571428571,1.),(0.,0.646735587476465,
1.13178727808381),.UNSPECIFIED.);
#395=B_SPLINE_SURFACE_WITH_KNOTS('',3,3,((#6423,#6424,#6425,#6426,#6427),
(#6428,#6429,#6430,#6431,#6432),(#6433,#6434,#6435,#6436,#6437),(#6438,
#6439,#6440,#6441,#6442),(#6443,#6444,#6445,#6446,#6447)),.UNSPECIFIED.,
 .F.,.F.,.F.,(4,1,4),(4,1,4),(0.,0.571428571428571,1.),(0.902100653579564,
1.38714310465087,2.03386637274595),.UNSPECIFIED.);
#396=B_SPLINE_SURFACE_WITH_KNOTS('',3,3,((#6454,#6455,#6456,#6457,#6458,
#6459,#6460),(#6461,#6462,#6463,#6464,#6465,#6466,#6467),(#6468,#6469,#6470,
#6471,#6472,#6473,#6474),(#6475,#6476,#6477,#6478,#6479,#6480,#6481),(#6482,
#6483,#6484,#6485,#6486,#6487,#6488)),.UNSPECIFIED.,.F.,.F.,.F.,(4,1,4),
(4,1,1,1,4),(0.,0.571428571428571,1.),(1.05425870036038E-15,0.474029024782622,
0.948058049565242,1.18507256195655,1.65910158673917),.UNSPECIFIED.);
#397=B_SPLINE_SURFACE_WITH_KNOTS('',3,3,((#6499,#6500,#6501,#6502,#6503,
#6504,#6505),(#6506,#6507,#6508,#6509,#6510,#6511,#6512),(#6513,#6514,#6515,
#6516,#6517,#6518,#6519),(#6520,#6521,#6522,#6523,#6524,#6525,#6526),(#6527,
#6528,#6529,#6530,#6531,#6532,#6533)),.UNSPECIFIED.,.F.,.F.,.F.,(4,1,4),
(4,1,1,1,4),(0.,0.571428571428571,1.),(0.135156288882871,0.609119813454961,
1.08308333802705,1.3200651003131,1.79402862488519),.UNSPECIFIED.);
#398=B_SPLINE_SURFACE_WITH_KNOTS('',3,3,((#6543,#6544,#6545,#6546,#6547),
(#6548,#6549,#6550,#6551,#6552),(#6553,#6554,#6555,#6556,#6557),(#6558,
#6559,#6560,#6561,#6562),(#6563,#6564,#6565,#6566,#6567)),.UNSPECIFIED.,
 .F.,.F.,.F.,(4,1,4),(4,1,4),(0.,0.571428571428571,1.),(0.,0.646735587476465,
1.13178727808381),.UNSPECIFIED.);
#399=B_SPLINE_SURFACE_WITH_KNOTS('',3,3,((#6579,#6580,#6581,#6582,#6583),
(#6584,#6585,#6586,#6587,#6588),(#6589,#6590,#6591,#6592,#6593),(#6594,
#6595,#6596,#6597,#6598),(#6599,#6600,#6601,#6602,#6603)),.UNSPECIFIED.,
 .F.,.F.,.F.,(4,1,4),(4,1,4),(0.,0.571428571428571,1.),(0.902100653579564,
1.38714310465087,2.03386637274595),.UNSPECIFIED.);
#400=B_SPLINE_SURFACE_WITH_KNOTS('',3,3,((#6616,#6617,#6618,#6619,#6620,
#6621,#6622),(#6623,#6624,#6625,#6626,#6627,#6628,#6629),(#6630,#6631,#6632,
#6633,#6634,#6635,#6636),(#6637,#6638,#6639,#6640,#6641,#6642,#6643),(#6644,
#6645,#6646,#6647,#6648,#6649,#6650)),.UNSPECIFIED.,.F.,.F.,.F.,(4,1,4),
(4,1,1,1,4),(0.,0.571428571428571,1.),(1.05425870036038E-15,0.474029024782622,
0.948058049565242,1.18507256195655,1.65910158673917),.UNSPECIFIED.);
#401=B_SPLINE_SURFACE_WITH_KNOTS('',3,3,((#6673,#6674,#6675,#6676,#6677,
#6678,#6679),(#6680,#6681,#6682,#6683,#6684,#6685,#6686),(#6687,#6688,#6689,
#6690,#6691,#6692,#6693),(#6694,#6695,#6696,#6697,#6698,#6699,#6700),(#6701,
#6702,#6703,#6704,#6705,#6706,#6707)),.UNSPECIFIED.,.F.,.F.,.F.,(4,1,4),
(4,1,1,1,4),(0.,0.571428571428571,1.),(0.135156288882871,0.609119813454961,
1.08308333802705,1.43855598145612,1.79402862488519),.UNSPECIFIED.);
#402=B_SPLINE_SURFACE_WITH_KNOTS('',3,3,((#6717,#6718,#6719,#6720,#6721),
(#6722,#6723,#6724,#6725,#6726),(#6727,#6728,#6729,#6730,#6731),(#6732,
#6733,#6734,#6735,#6736),(#6737,#6738,#6739,#6740,#6741)),.UNSPECIFIED.,
 .F.,.F.,.F.,(4,1,4),(4,1,4),(0.,0.571428571428571,1.),(0.,0.646735587476465,
1.13178727808381),.UNSPECIFIED.);
#403=B_SPLINE_SURFACE_WITH_KNOTS('',3,3,((#6753,#6754,#6755,#6756,#6757),
(#6758,#6759,#6760,#6761,#6762),(#6763,#6764,#6765,#6766,#6767),(#6768,
#6769,#6770,#6771,#6772),(#6773,#6774,#6775,#6776,#6777)),.UNSPECIFIED.,
 .F.,.F.,.F.,(4,1,4),(4,1,4),(0.,0.571428571428571,1.),(0.902100653579564,
1.38714310465087,2.03386637274595),.UNSPECIFIED.);
#404=B_SPLINE_SURFACE_WITH_KNOTS('',3,3,((#6790,#6791,#6792,#6793,#6794,
#6795,#6796),(#6797,#6798,#6799,#6800,#6801,#6802,#6803),(#6804,#6805,#6806,
#6807,#6808,#6809,#6810),(#6811,#6812,#6813,#6814,#6815,#6816,#6817),(#6818,
#6819,#6820,#6821,#6822,#6823,#6824)),.UNSPECIFIED.,.F.,.F.,.F.,(4,1,4),
(4,1,1,1,4),(0.,0.571428571428571,1.),(1.05425870036038E-15,0.474029024782622,
0.948058049565242,1.18507256195655,1.65910158673917),.UNSPECIFIED.);
#405=B_SPLINE_SURFACE_WITH_KNOTS('',3,3,((#6842,#6843,#6844,#6845,#6846,
#6847,#6848),(#6849,#6850,#6851,#6852,#6853,#6854,#6855),(#6856,#6857,#6858,
#6859,#6860,#6861,#6862),(#6863,#6864,#6865,#6866,#6867,#6868,#6869),(#6870,
#6871,#6872,#6873,#6874,#6875,#6876)),.UNSPECIFIED.,.F.,.F.,.F.,(4,1,4),
(4,1,1,1,4),(0.,0.571428571428571,1.),(0.135156288882871,0.609119813454961,
1.08308333802705,1.3200651003131,1.79402862488519),.UNSPECIFIED.);
#406=B_SPLINE_SURFACE_WITH_KNOTS('',3,3,((#6886,#6887,#6888,#6889,#6890),
(#6891,#6892,#6893,#6894,#6895),(#6896,#6897,#6898,#6899,#6900),(#6901,
#6902,#6903,#6904,#6905),(#6906,#6907,#6908,#6909,#6910)),.UNSPECIFIED.,
 .F.,.F.,.F.,(4,1,4),(4,1,4),(0.,0.571428571428571,1.),(0.,0.646735587476465,
1.13178727808381),.UNSPECIFIED.);
#407=B_SPLINE_SURFACE_WITH_KNOTS('',3,3,((#6922,#6923,#6924,#6925,#6926),
(#6927,#6928,#6929,#6930,#6931),(#6932,#6933,#6934,#6935,#6936),(#6937,
#6938,#6939,#6940,#6941),(#6942,#6943,#6944,#6945,#6946)),.UNSPECIFIED.,
 .F.,.F.,.F.,(4,1,4),(4,1,4),(0.,0.571428571428571,1.),(0.902100653579563,
1.38714310465087,2.03386637274595),.UNSPECIFIED.);
#408=B_SPLINE_SURFACE_WITH_KNOTS('',3,3,((#6959,#6960,#6961,#6962,#6963,
#6964,#6965),(#6966,#6967,#6968,#6969,#6970,#6971,#6972),(#6973,#6974,#6975,
#6976,#6977,#6978,#6979),(#6980,#6981,#6982,#6983,#6984,#6985,#6986),(#6987,
#6988,#6989,#6990,#6991,#6992,#6993)),.UNSPECIFIED.,.F.,.F.,.F.,(4,1,4),
(4,1,1,1,4),(0.,0.571428571428571,1.),(1.05425870036038E-15,0.474029024782622,
0.948058049565242,1.18507256195655,1.65910158673917),.UNSPECIFIED.);
#409=B_SPLINE_SURFACE_WITH_KNOTS('',3,3,((#7011,#7012,#7013,#7014,#7015,
#7016,#7017),(#7018,#7019,#7020,#7021,#7022,#7023,#7024),(#7025,#7026,#7027,
#7028,#7029,#7030,#7031),(#7032,#7033,#7034,#7035,#7036,#7037,#7038),(#7039,
#7040,#7041,#7042,#7043,#7044,#7045)),.UNSPECIFIED.,.F.,.F.,.F.,(4,1,4),
(4,1,1,1,4),(0.,0.571428571428571,1.),(0.135156288882871,0.609119813454961,
1.08308333802705,1.43855598145612,1.79402862488519),.UNSPECIFIED.);
#410=B_SPLINE_SURFACE_WITH_KNOTS('',3,3,((#7063,#7064,#7065,#7066,#7067),
(#7068,#7069,#7070,#7071,#7072),(#7073,#7074,#7075,#7076,#7077),(#7078,
#7079,#7080,#7081,#7082),(#7083,#7084,#7085,#7086,#7087)),.UNSPECIFIED.,
 .F.,.F.,.F.,(4,1,4),(4,1,4),(0.,0.571428571428571,1.),(0.,0.646735587476465,
1.13178727808381),.UNSPECIFIED.);
#411=B_SPLINE_SURFACE_WITH_KNOTS('',3,3,((#7104,#7105,#7106,#7107,#7108),
(#7109,#7110,#7111,#7112,#7113),(#7114,#7115,#7116,#7117,#7118),(#7119,
#7120,#7121,#7122,#7123),(#7124,#7125,#7126,#7127,#7128)),.UNSPECIFIED.,
 .F.,.F.,.F.,(4,1,4),(4,1,4),(0.,0.571428571428571,1.),(0.902100653579564,
1.38714310465087,2.03386637274595),.UNSPECIFIED.);
#412=B_SPLINE_SURFACE_WITH_KNOTS('',3,3,((#7135,#7136,#7137,#7138,#7139,
#7140,#7141),(#7142,#7143,#7144,#7145,#7146,#7147,#7148),(#7149,#7150,#7151,
#7152,#7153,#7154,#7155),(#7156,#7157,#7158,#7159,#7160,#7161,#7162),(#7163,
#7164,#7165,#7166,#7167,#7168,#7169)),.UNSPECIFIED.,.F.,.F.,.F.,(4,1,4),
(4,1,1,1,4),(0.,0.571428571428571,1.),(1.05425870036038E-15,0.474029024782622,
0.948058049565242,1.18507256195655,1.65910158673917),.UNSPECIFIED.);
#413=B_SPLINE_SURFACE_WITH_KNOTS('',3,3,((#7180,#7181,#7182,#7183,#7184,
#7185,#7186),(#7187,#7188,#7189,#7190,#7191,#7192,#7193),(#7194,#7195,#7196,
#7197,#7198,#7199,#7200),(#7201,#7202,#7203,#7204,#7205,#7206,#7207),(#7208,
#7209,#7210,#7211,#7212,#7213,#7214)),.UNSPECIFIED.,.F.,.F.,.F.,(4,1,4),
(4,1,1,1,4),(0.,0.571428571428571,1.),(0.135156288882871,0.609119813454961,
1.08308333802705,1.3200651003131,1.79402862488519),.UNSPECIFIED.);
#414=B_SPLINE_SURFACE_WITH_KNOTS('',3,3,((#7224,#7225,#7226,#7227,#7228),
(#7229,#7230,#7231,#7232,#7233),(#7234,#7235,#7236,#7237,#7238),(#7239,
#7240,#7241,#7242,#7243),(#7244,#7245,#7246,#7247,#7248)),.UNSPECIFIED.,
 .F.,.F.,.F.,(4,1,4),(4,1,4),(0.,0.571428571428571,1.),(0.,0.646735587476465,
1.13178727808381),.UNSPECIFIED.);
#415=B_SPLINE_SURFACE_WITH_KNOTS('',3,3,((#7260,#7261,#7262,#7263,#7264),
(#7265,#7266,#7267,#7268,#7269),(#7270,#7271,#7272,#7273,#7274),(#7275,
#7276,#7277,#7278,#7279),(#7280,#7281,#7282,#7283,#7284)),.UNSPECIFIED.,
 .F.,.F.,.F.,(4,1,4),(4,1,4),(0.,0.571428571428571,1.),(0.902100653579564,
1.38714310465087,2.03386637274595),.UNSPECIFIED.);
#416=B_SPLINE_SURFACE_WITH_KNOTS('',3,3,((#7291,#7292,#7293,#7294,#7295,
#7296,#7297),(#7298,#7299,#7300,#7301,#7302,#7303,#7304),(#7305,#7306,#7307,
#7308,#7309,#7310,#7311),(#7312,#7313,#7314,#7315,#7316,#7317,#7318),(#7319,
#7320,#7321,#7322,#7323,#7324,#7325)),.UNSPECIFIED.,.F.,.F.,.F.,(4,1,4),
(4,1,1,1,4),(0.,0.571428571428571,1.),(1.05425870036038E-15,0.474029024782622,
0.948058049565242,1.18507256195655,1.65910158673917),.UNSPECIFIED.);
#417=B_SPLINE_SURFACE_WITH_KNOTS('',3,3,((#7336,#7337,#7338,#7339,#7340,
#7341,#7342),(#7343,#7344,#7345,#7346,#7347,#7348,#7349),(#7350,#7351,#7352,
#7353,#7354,#7355,#7356),(#7357,#7358,#7359,#7360,#7361,#7362,#7363),(#7364,
#7365,#7366,#7367,#7368,#7369,#7370)),.UNSPECIFIED.,.F.,.F.,.F.,(4,1,4),
(4,1,1,1,4),(0.,0.571428571428571,1.),(0.135156288882871,0.609119813454961,
1.08308333802705,1.43855598145612,1.79402862488519),.UNSPECIFIED.);
#418=B_SPLINE_SURFACE_WITH_KNOTS('',3,3,((#7380,#7381,#7382,#7383,#7384),
(#7385,#7386,#7387,#7388,#7389),(#7390,#7391,#7392,#7393,#7394),(#7395,
#7396,#7397,#7398,#7399),(#7400,#7401,#7402,#7403,#7404)),.UNSPECIFIED.,
 .F.,.F.,.F.,(4,1,4),(4,1,4),(0.,0.571428571428571,1.),(0.,0.646735587476465,
1.13178727808381),.UNSPECIFIED.);
#419=B_SPLINE_SURFACE_WITH_KNOTS('',3,3,((#7416,#7417,#7418,#7419,#7420),
(#7421,#7422,#7423,#7424,#7425),(#7426,#7427,#7428,#7429,#7430),(#7431,
#7432,#7433,#7434,#7435),(#7436,#7437,#7438,#7439,#7440)),.UNSPECIFIED.,
 .F.,.F.,.F.,(4,1,4),(4,1,4),(0.,0.571428571428571,1.),(0.902100653579564,
1.38714310465087,2.03386637274595),.UNSPECIFIED.);
#420=B_SPLINE_SURFACE_WITH_KNOTS('',3,3,((#7453,#7454,#7455,#7456,#7457,
#7458,#7459),(#7460,#7461,#7462,#7463,#7464,#7465,#7466),(#7467,#7468,#7469,
#7470,#7471,#7472,#7473),(#7474,#7475,#7476,#7477,#7478,#7479,#7480),(#7481,
#7482,#7483,#7484,#7485,#7486,#7487)),.UNSPECIFIED.,.F.,.F.,.F.,(4,1,4),
(4,1,1,1,4),(0.,0.571428571428571,1.),(1.05425870036038E-15,0.474029024782622,
0.948058049565242,1.18507256195655,1.65910158673917),.UNSPECIFIED.);
#421=B_SPLINE_SURFACE_WITH_KNOTS('',3,3,((#7505,#7506,#7507,#7508,#7509,
#7510,#7511),(#7512,#7513,#7514,#7515,#7516,#7517,#7518),(#7519,#7520,#7521,
#7522,#7523,#7524,#7525),(#7526,#7527,#7528,#7529,#7530,#7531,#7532),(#7533,
#7534,#7535,#7536,#7537,#7538,#7539)),.UNSPECIFIED.,.F.,.F.,.F.,(4,1,4),
(4,1,1,1,4),(0.,0.571428571428571,1.),(0.135156288882871,0.609119813454961,
1.08308333802705,1.43855598145612,1.79402862488519),.UNSPECIFIED.);
#422=B_SPLINE_SURFACE_WITH_KNOTS('',3,3,((#7549,#7550,#7551,#7552,#7553),
(#7554,#7555,#7556,#7557,#7558),(#7559,#7560,#7561,#7562,#7563),(#7564,
#7565,#7566,#7567,#7568),(#7569,#7570,#7571,#7572,#7573)),.UNSPECIFIED.,
 .F.,.F.,.F.,(4,1,4),(4,1,4),(0.,0.571428571428571,1.),(0.,0.646735587476465,
1.13178727808381),.UNSPECIFIED.);
#423=B_SPLINE_SURFACE_WITH_KNOTS('',3,3,((#7585,#7586,#7587,#7588,#7589),
(#7590,#7591,#7592,#7593,#7594),(#7595,#7596,#7597,#7598,#7599),(#7600,
#7601,#7602,#7603,#7604),(#7605,#7606,#7607,#7608,#7609)),.UNSPECIFIED.,
 .F.,.F.,.F.,(4,1,4),(4,1,4),(0.,0.571428571428571,1.),(0.902100653579564,
1.38714310465087,2.03386637274595),.UNSPECIFIED.);
#424=B_SPLINE_SURFACE_WITH_KNOTS('',3,3,((#7616,#7617,#7618,#7619,#7620,
#7621,#7622),(#7623,#7624,#7625,#7626,#7627,#7628,#7629),(#7630,#7631,#7632,
#7633,#7634,#7635,#7636),(#7637,#7638,#7639,#7640,#7641,#7642,#7643),(#7644,
#7645,#7646,#7647,#7648,#7649,#7650)),.UNSPECIFIED.,.F.,.F.,.F.,(4,1,4),
(4,1,1,1,4),(0.,0.571428571428571,1.),(1.05425870036038E-15,0.474029024782622,
0.948058049565242,1.18507256195655,1.65910158673917),.UNSPECIFIED.);
#425=B_SPLINE_SURFACE_WITH_KNOTS('',3,3,((#7661,#7662,#7663,#7664,#7665,
#7666,#7667),(#7668,#7669,#7670,#7671,#7672,#7673,#7674),(#7675,#7676,#7677,
#7678,#7679,#7680,#7681),(#7682,#7683,#7684,#7685,#7686,#7687,#7688),(#7689,
#7690,#7691,#7692,#7693,#7694,#7695)),.UNSPECIFIED.,.F.,.F.,.F.,(4,1,4),
(4,1,1,1,4),(0.,0.571428571428571,1.),(0.135156288882871,0.609119813454961,
1.08308333802705,1.43855598145612,1.79402862488519),.UNSPECIFIED.);
#426=B_SPLINE_SURFACE_WITH_KNOTS('',3,3,((#7705,#7706,#7707,#7708,#7709),
(#7710,#7711,#7712,#7713,#7714),(#7715,#7716,#7717,#7718,#7719),(#7720,
#7721,#7722,#7723,#7724),(#7725,#7726,#7727,#7728,#7729)),.UNSPECIFIED.,
 .F.,.F.,.F.,(4,1,4),(4,1,4),(0.,0.571428571428571,1.),(0.,0.646735587476465,
1.13178727808381),.UNSPECIFIED.);
#427=B_SPLINE_SURFACE_WITH_KNOTS('',3,3,((#7741,#7742,#7743,#7744,#7745),
(#7746,#7747,#7748,#7749,#7750),(#7751,#7752,#7753,#7754,#7755),(#7756,
#7757,#7758,#7759,#7760),(#7761,#7762,#7763,#7764,#7765)),.UNSPECIFIED.,
 .F.,.F.,.F.,(4,1,4),(4,1,4),(0.,0.571428571428571,1.),(0.902100653579564,
1.38714310465087,2.03386637274595),.UNSPECIFIED.);
#428=B_SPLINE_SURFACE_WITH_KNOTS('',3,3,((#7772,#7773,#7774,#7775,#7776,
#7777,#7778),(#7779,#7780,#7781,#7782,#7783,#7784,#7785),(#7786,#7787,#7788,
#7789,#7790,#7791,#7792),(#7793,#7794,#7795,#7796,#7797,#7798,#7799),(#7800,
#7801,#7802,#7803,#7804,#7805,#7806)),.UNSPECIFIED.,.F.,.F.,.F.,(4,1,4),
(4,1,1,1,4),(0.,0.571428571428571,1.),(1.05425870036038E-15,0.474029024782622,
0.948058049565242,1.18507256195655,1.65910158673917),.UNSPECIFIED.);
#429=B_SPLINE_SURFACE_WITH_KNOTS('',3,3,((#7817,#7818,#7819,#7820,#7821,
#7822,#7823),(#7824,#7825,#7826,#7827,#7828,#7829,#7830),(#7831,#7832,#7833,
#7834,#7835,#7836,#7837),(#7838,#7839,#7840,#7841,#7842,#7843,#7844),(#7845,
#7846,#7847,#7848,#7849,#7850,#7851)),.UNSPECIFIED.,.F.,.F.,.F.,(4,1,4),
(4,1,1,1,4),(0.,0.571428571428571,1.),(0.135156288882871,0.609119813454961,
1.08308333802705,1.3200651003131,1.79402862488519),.UNSPECIFIED.);
#430=B_SPLINE_SURFACE_WITH_KNOTS('',3,3,((#7861,#7862,#7863,#7864,#7865),
(#7866,#7867,#7868,#7869,#7870),(#7871,#7872,#7873,#7874,#7875),(#7876,
#7877,#7878,#7879,#7880),(#7881,#7882,#7883,#7884,#7885)),.UNSPECIFIED.,
 .F.,.F.,.F.,(4,1,4),(4,1,4),(0.,0.571428571428571,1.),(0.,0.646735587476465,
1.13178727808381),.UNSPECIFIED.);
#431=B_SPLINE_SURFACE_WITH_KNOTS('',3,3,((#7897,#7898,#7899,#7900,#7901),
(#7902,#7903,#7904,#7905,#7906),(#7907,#7908,#7909,#7910,#7911),(#7912,
#7913,#7914,#7915,#7916),(#7917,#7918,#7919,#7920,#7921)),.UNSPECIFIED.,
 .F.,.F.,.F.,(4,1,4),(4,1,4),(0.,0.571428571428571,1.),(0.902100653579564,
1.38714310465087,2.03386637274595),.UNSPECIFIED.);
#432=B_SPLINE_SURFACE_WITH_KNOTS('',3,3,((#7928,#7929,#7930,#7931,#7932,
#7933,#7934),(#7935,#7936,#7937,#7938,#7939,#7940,#7941),(#7942,#7943,#7944,
#7945,#7946,#7947,#7948),(#7949,#7950,#7951,#7952,#7953,#7954,#7955),(#7956,
#7957,#7958,#7959,#7960,#7961,#7962)),.UNSPECIFIED.,.F.,.F.,.F.,(4,1,4),
(4,1,1,1,4),(0.,0.571428571428571,1.),(1.05425870036038E-15,0.474029024782622,
0.948058049565242,1.18507256195655,1.65910158673917),.UNSPECIFIED.);
#433=FACE_OUTER_BOUND('',#582,.T.);
#434=FACE_OUTER_BOUND('',#583,.T.);
#435=FACE_OUTER_BOUND('',#584,.T.);
#436=FACE_OUTER_BOUND('',#585,.T.);
#437=FACE_OUTER_BOUND('',#586,.T.);
#438=FACE_OUTER_BOUND('',#587,.T.);
#439=FACE_OUTER_BOUND('',#588,.T.);
#440=FACE_OUTER_BOUND('',#589,.T.);
#441=FACE_OUTER_BOUND('',#590,.T.);
#442=FACE_OUTER_BOUND('',#592,.T.);
#443=FACE_OUTER_BOUND('',#593,.T.);
#444=FACE_OUTER_BOUND('',#594,.T.);
#445=FACE_OUTER_BOUND('',#595,.T.);
#446=FACE_OUTER_BOUND('',#596,.T.);
#447=FACE_OUTER_BOUND('',#597,.T.);
#448=FACE_OUTER_BOUND('',#598,.T.);
#449=FACE_OUTER_BOUND('',#599,.T.);
#450=FACE_OUTER_BOUND('',#600,.T.);
#451=FACE_OUTER_BOUND('',#601,.T.);
#452=FACE_OUTER_BOUND('',#602,.T.);
#453=FACE_OUTER_BOUND('',#603,.T.);
#454=FACE_OUTER_BOUND('',#604,.T.);
#455=FACE_OUTER_BOUND('',#605,.T.);
#456=FACE_OUTER_BOUND('',#606,.T.);
#457=FACE_OUTER_BOUND('',#607,.T.);
#458=FACE_OUTER_BOUND('',#608,.T.);
#459=FACE_OUTER_BOUND('',#609,.T.);
#460=FACE_OUTER_BOUND('',#610,.T.);
#461=FACE_OUTER_BOUND('',#611,.T.);
#462=FACE_OUTER_BOUND('',#612,.T.);
#463=FACE_OUTER_BOUND('',#613,.T.);
#464=FACE_OUTER_BOUND('',#614,.T.);
#465=FACE_OUTER_BOUND('',#615,.T.);
#466=FACE_OUTER_BOUND('',#616,.T.);
#467=FACE_OUTER_BOUND('',#617,.T.);
#468=FACE_OUTER_BOUND('',#618,.T.);
#469=FACE_OUTER_BOUND('',#619,.T.);
#470=FACE_OUTER_BOUND('',#620,.T.);
#471=FACE_OUTER_BOUND('',#621,.T.);
#472=FACE_OUTER_BOUND('',#622,.T.);
#473=FACE_OUTER_BOUND('',#623,.T.);
#474=FACE_OUTER_BOUND('',#624,.T.);
#475=FACE_OUTER_BOUND('',#625,.T.);
#476=FACE_OUTER_BOUND('',#626,.T.);
#477=FACE_OUTER_BOUND('',#627,.T.);
#478=FACE_OUTER_BOUND('',#628,.T.);
#479=FACE_OUTER_BOUND('',#629,.T.);
#480=FACE_OUTER_BOUND('',#630,.T.);
#481=FACE_OUTER_BOUND('',#631,.T.);
#482=FACE_OUTER_BOUND('',#632,.T.);
#483=FACE_OUTER_BOUND('',#633,.T.);
#484=FACE_OUTER_BOUND('',#634,.T.);
#485=FACE_OUTER_BOUND('',#635,.T.);
#486=FACE_OUTER_BOUND('',#636,.T.);
#487=FACE_OUTER_BOUND('',#637,.T.);
#488=FACE_OUTER_BOUND('',#638,.T.);
#489=FACE_OUTER_BOUND('',#639,.T.);
#490=FACE_OUTER_BOUND('',#640,.T.);
#491=FACE_OUTER_BOUND('',#641,.T.);
#492=FACE_OUTER_BOUND('',#642,.T.);
#493=FACE_OUTER_BOUND('',#643,.T.);
#494=FACE_OUTER_BOUND('',#644,.T.);
#495=FACE_OUTER_BOUND('',#645,.T.);
#496=FACE_OUTER_BOUND('',#646,.T.);
#497=FACE_OUTER_BOUND('',#647,.T.);
#498=FACE_OUTER_BOUND('',#648,.T.);
#499=FACE_OUTER_BOUND('',#649,.T.);
#500=FACE_OUTER_BOUND('',#650,.T.);
#501=FACE_OUTER_BOUND('',#651,.T.);
#502=FACE_OUTER_BOUND('',#652,.T.);
#503=FACE_OUTER_BOUND('',#653,.T.);
#504=FACE_OUTER_BOUND('',#654,.T.);
#505=FACE_OUTER_BOUND('',#655,.T.);
#506=FACE_OUTER_BOUND('',#656,.T.);
#507=FACE_OUTER_BOUND('',#657,.T.);
#508=FACE_OUTER_BOUND('',#658,.T.);
#509=FACE_OUTER_BOUND('',#659,.T.);
#510=FACE_OUTER_BOUND('',#660,.T.);
#511=FACE_OUTER_BOUND('',#661,.T.);
#512=FACE_OUTER_BOUND('',#662,.T.);
#513=FACE_OUTER_BOUND('',#663,.T.);
#514=FACE_OUTER_BOUND('',#664,.T.);
#515=FACE_OUTER_BOUND('',#665,.T.);
#516=FACE_OUTER_BOUND('',#666,.T.);
#517=FACE_OUTER_BOUND('',#667,.T.);
#518=FACE_OUTER_BOUND('',#668,.T.);
#519=FACE_OUTER_BOUND('',#669,.T.);
#520=FACE_OUTER_BOUND('',#670,.T.);
#521=FACE_OUTER_BOUND('',#671,.T.);
#522=FACE_OUTER_BOUND('',#672,.T.);
#523=FACE_OUTER_BOUND('',#673,.T.);
#524=FACE_OUTER_BOUND('',#674,.T.);
#525=FACE_OUTER_BOUND('',#675,.T.);
#526=FACE_OUTER_BOUND('',#676,.T.);
#527=FACE_OUTER_BOUND('',#677,.T.);
#528=FACE_OUTER_BOUND('',#678,.T.);
#529=FACE_OUTER_BOUND('',#679,.T.);
#530=FACE_OUTER_BOUND('',#680,.T.);
#531=FACE_OUTER_BOUND('',#681,.T.);
#532=FACE_OUTER_BOUND('',#682,.T.);
#533=FACE_OUTER_BOUND('',#684,.T.);
#534=FACE_OUTER_BOUND('',#685,.T.);
#535=FACE_OUTER_BOUND('',#686,.T.);
#536=FACE_OUTER_BOUND('',#687,.T.);
#537=FACE_OUTER_BOUND('',#688,.T.);
#538=FACE_OUTER_BOUND('',#689,.T.);
#539=FACE_OUTER_BOUND('',#690,.T.);
#540=FACE_OUTER_BOUND('',#691,.T.);
#541=FACE_OUTER_BOUND('',#692,.T.);
#542=FACE_OUTER_BOUND('',#693,.T.);
#543=FACE_OUTER_BOUND('',#694,.T.);
#544=FACE_OUTER_BOUND('',#695,.T.);
#545=FACE_OUTER_BOUND('',#696,.T.);
#546=FACE_OUTER_BOUND('',#697,.T.);
#547=FACE_OUTER_BOUND('',#698,.T.);
#548=FACE_OUTER_BOUND('',#699,.T.);
#549=FACE_OUTER_BOUND('',#700,.T.);
#550=FACE_OUTER_BOUND('',#701,.T.);
#551=FACE_OUTER_BOUND('',#702,.T.);
#552=FACE_OUTER_BOUND('',#703,.T.);
#553=FACE_OUTER_BOUND('',#704,.T.);
#554=FACE_OUTER_BOUND('',#705,.T.);
#555=FACE_OUTER_BOUND('',#706,.T.);
#556=FACE_OUTER_BOUND('',#707,.T.);
#557=FACE_OUTER_BOUND('',#708,.T.);
#558=FACE_OUTER_BOUND('',#709,.T.);
#559=FACE_OUTER_BOUND('',#710,.T.);
#560=FACE_OUTER_BOUND('',#711,.T.);
#561=FACE_OUTER_BOUND('',#712,.T.);
#562=FACE_OUTER_BOUND('',#713,.T.);
#563=FACE_OUTER_BOUND('',#714,.T.);
#564=FACE_OUTER_BOUND('',#715,.T.);
#565=FACE_OUTER_BOUND('',#716,.T.);
#566=FACE_OUTER_BOUND('',#717,.T.);
#567=FACE_OUTER_BOUND('',#718,.T.);
#568=FACE_OUTER_BOUND('',#719,.T.);
#569=FACE_OUTER_BOUND('',#720,.T.);
#570=FACE_OUTER_BOUND('',#721,.T.);
#571=FACE_OUTER_BOUND('',#722,.T.);
#572=FACE_OUTER_BOUND('',#723,.T.);
#573=FACE_OUTER_BOUND('',#724,.T.);
#574=FACE_OUTER_BOUND('',#725,.T.);
#575=FACE_OUTER_BOUND('',#726,.T.);
#576=FACE_OUTER_BOUND('',#727,.T.);
#577=FACE_OUTER_BOUND('',#728,.T.);
#578=FACE_OUTER_BOUND('',#729,.T.);
#579=FACE_OUTER_BOUND('',#730,.T.);
#580=FACE_OUTER_BOUND('',#731,.T.);
#581=FACE_OUTER_BOUND('',#732,.T.);
#582=EDGE_LOOP('',(#1425,#1426,#1427,#1428));
#583=EDGE_LOOP('',(#1429,#1430,#1431,#1432));
#584=EDGE_LOOP('',(#1433,#1434,#1435,#1436,#1437));
#585=EDGE_LOOP('',(#1438,#1439,#1440,#1441,#1442));
#586=EDGE_LOOP('',(#1443,#1444,#1445,#1446));
#587=EDGE_LOOP('',(#1447,#1448,#1449,#1450));
#588=EDGE_LOOP('',(#1451,#1452,#1453));
#589=EDGE_LOOP('',(#1454,#1455,#1456,#1457,#1458,#1459,#1460,#1461,#1462,
#1463,#1464,#1465,#1466,#1467,#1468,#1469,#1470,#1471,#1472,#1473,#1474,
#1475,#1476,#1477,#1478,#1479,#1480,#1481,#1482,#1483,#1484,#1485,#1486,
#1487,#1488,#1489,#1490,#1491,#1492,#1493,#1494,#1495,#1496,#1497,#1498,
#1499,#1500,#1501,#1502,#1503,#1504));
#590=EDGE_LOOP('',(#1505,#1506,#1507,#1508,#1509,#1510,#1511,#1512,#1513,
#1514,#1515,#1516,#1517,#1518,#1519,#1520,#1521,#1522,#1523,#1524,#1525,
#1526,#1527,#1528,#1529,#1530,#1531,#1532,#1533,#1534,#1535,#1536,#1537,
#1538,#1539,#1540,#1541,#1542,#1543,#1544,#1545,#1546,#1547,#1548,#1549,
#1550,#1551,#1552,#1553,#1554,#1555,#1556,#1557,#1558,#1559,#1560,#1561,
#1562,#1563,#1564,#1565,#1566,#1567,#1568,#1569,#1570,#1571,#1572,#1573,
#1574,#1575,#1576));
#591=EDGE_LOOP('',(#1577));
#592=EDGE_LOOP('',(#1578,#1579,#1580,#1581));
#593=EDGE_LOOP('',(#1582,#1583,#1584,#1585,#1586));
#594=EDGE_LOOP('',(#1587,#1588,#1589,#1590,#1591));
#595=EDGE_LOOP('',(#1592,#1593,#1594,#1595));
#596=EDGE_LOOP('',(#1596,#1597,#1598,#1599));
#597=EDGE_LOOP('',(#1600,#1601,#1602));
#598=EDGE_LOOP('',(#1603,#1604,#1605,#1606));
#599=EDGE_LOOP('',(#1607,#1608,#1609,#1610,#1611));
#600=EDGE_LOOP('',(#1612,#1613,#1614,#1615,#1616));
#601=EDGE_LOOP('',(#1617,#1618,#1619,#1620));
#602=EDGE_LOOP('',(#1621,#1622,#1623,#1624));
#603=EDGE_LOOP('',(#1625,#1626,#1627));
#604=EDGE_LOOP('',(#1628,#1629,#1630,#1631));
#605=EDGE_LOOP('',(#1632,#1633,#1634,#1635,#1636));
#606=EDGE_LOOP('',(#1637,#1638,#1639,#1640,#1641));
#607=EDGE_LOOP('',(#1642,#1643,#1644,#1645));
#608=EDGE_LOOP('',(#1646,#1647,#1648,#1649));
#609=EDGE_LOOP('',(#1650,#1651,#1652));
#610=EDGE_LOOP('',(#1653,#1654,#1655,#1656));
#611=EDGE_LOOP('',(#1657,#1658,#1659,#1660,#1661));
#612=EDGE_LOOP('',(#1662,#1663,#1664,#1665,#1666));
#613=EDGE_LOOP('',(#1667,#1668,#1669,#1670));
#614=EDGE_LOOP('',(#1671,#1672,#1673,#1674));
#615=EDGE_LOOP('',(#1675,#1676,#1677));
#616=EDGE_LOOP('',(#1678,#1679,#1680,#1681));
#617=EDGE_LOOP('',(#1682,#1683,#1684,#1685,#1686));
#618=EDGE_LOOP('',(#1687,#1688,#1689,#1690,#1691));
#619=EDGE_LOOP('',(#1692,#1693,#1694,#1695));
#620=EDGE_LOOP('',(#1696,#1697,#1698,#1699));
#621=EDGE_LOOP('',(#1700,#1701,#1702));
#622=EDGE_LOOP('',(#1703,#1704,#1705,#1706));
#623=EDGE_LOOP('',(#1707,#1708,#1709,#1710,#1711));
#624=EDGE_LOOP('',(#1712,#1713,#1714,#1715,#1716));
#625=EDGE_LOOP('',(#1717,#1718,#1719,#1720));
#626=EDGE_LOOP('',(#1721,#1722,#1723,#1724));
#627=EDGE_LOOP('',(#1725,#1726,#1727));
#628=EDGE_LOOP('',(#1728,#1729,#1730,#1731));
#629=EDGE_LOOP('',(#1732,#1733,#1734,#1735,#1736));
#630=EDGE_LOOP('',(#1737,#1738,#1739,#1740,#1741));
#631=EDGE_LOOP('',(#1742,#1743,#1744,#1745));
#632=EDGE_LOOP('',(#1746,#1747,#1748,#1749));
#633=EDGE_LOOP('',(#1750,#1751,#1752));
#634=EDGE_LOOP('',(#1753,#1754,#1755,#1756));
#635=EDGE_LOOP('',(#1757,#1758,#1759,#1760,#1761));
#636=EDGE_LOOP('',(#1762,#1763,#1764,#1765,#1766));
#637=EDGE_LOOP('',(#1767,#1768,#1769,#1770));
#638=EDGE_LOOP('',(#1771,#1772,#1773,#1774));
#639=EDGE_LOOP('',(#1775,#1776,#1777));
#640=EDGE_LOOP('',(#1778,#1779,#1780,#1781));
#641=EDGE_LOOP('',(#1782,#1783,#1784,#1785,#1786));
#642=EDGE_LOOP('',(#1787,#1788,#1789,#1790,#1791));
#643=EDGE_LOOP('',(#1792,#1793,#1794,#1795));
#644=EDGE_LOOP('',(#1796,#1797,#1798,#1799));
#645=EDGE_LOOP('',(#1800,#1801,#1802));
#646=EDGE_LOOP('',(#1803,#1804,#1805,#1806));
#647=EDGE_LOOP('',(#1807,#1808,#1809,#1810,#1811));
#648=EDGE_LOOP('',(#1812,#1813,#1814,#1815,#1816));
#649=EDGE_LOOP('',(#1817,#1818,#1819,#1820));
#650=EDGE_LOOP('',(#1821,#1822,#1823,#1824));
#651=EDGE_LOOP('',(#1825,#1826,#1827));
#652=EDGE_LOOP('',(#1828,#1829,#1830,#1831));
#653=EDGE_LOOP('',(#1832,#1833,#1834,#1835,#1836));
#654=EDGE_LOOP('',(#1837,#1838,#1839,#1840,#1841));
#655=EDGE_LOOP('',(#1842,#1843,#1844,#1845));
#656=EDGE_LOOP('',(#1846,#1847,#1848,#1849));
#657=EDGE_LOOP('',(#1850,#1851,#1852));
#658=EDGE_LOOP('',(#1853,#1854,#1855,#1856));
#659=EDGE_LOOP('',(#1857,#1858,#1859,#1860,#1861));
#660=EDGE_LOOP('',(#1862,#1863,#1864,#1865,#1866));
#661=EDGE_LOOP('',(#1867,#1868,#1869,#1870));
#662=EDGE_LOOP('',(#1871,#1872,#1873,#1874));
#663=EDGE_LOOP('',(#1875,#1876,#1877));
#664=EDGE_LOOP('',(#1878,#1879,#1880,#1881));
#665=EDGE_LOOP('',(#1882,#1883,#1884,#1885,#1886));
#666=EDGE_LOOP('',(#1887,#1888,#1889,#1890,#1891));
#667=EDGE_LOOP('',(#1892,#1893,#1894,#1895));
#668=EDGE_LOOP('',(#1896,#1897,#1898,#1899));
#669=EDGE_LOOP('',(#1900,#1901,#1902));
#670=EDGE_LOOP('',(#1903,#1904,#1905,#1906));
#671=EDGE_LOOP('',(#1907,#1908,#1909,#1910,#1911));
#672=EDGE_LOOP('',(#1912,#1913,#1914,#1915,#1916));
#673=EDGE_LOOP('',(#1917,#1918,#1919,#1920));
#674=EDGE_LOOP('',(#1921,#1922,#1923,#1924));
#675=EDGE_LOOP('',(#1925,#1926,#1927));
#676=EDGE_LOOP('',(#1928,#1929,#1930,#1931));
#677=EDGE_LOOP('',(#1932,#1933,#1934,#1935,#1936));
#678=EDGE_LOOP('',(#1937,#1938,#1939,#1940,#1941));
#679=EDGE_LOOP('',(#1942,#1943,#1944,#1945));
#680=EDGE_LOOP('',(#1946,#1947,#1948,#1949));
#681=EDGE_LOOP('',(#1950,#1951,#1952));
#682=EDGE_LOOP('',(#1953));
#683=EDGE_LOOP('',(#1954));
#684=EDGE_LOOP('',(#1955,#1956,#1957,#1958));
#685=EDGE_LOOP('',(#1959,#1960,#1961,#1962));
#686=EDGE_LOOP('',(#1963,#1964,#1965,#1966,#1967));
#687=EDGE_LOOP('',(#1968,#1969,#1970,#1971,#1972));
#688=EDGE_LOOP('',(#1973,#1974,#1975,#1976));
#689=EDGE_LOOP('',(#1977,#1978,#1979,#1980));
#690=EDGE_LOOP('',(#1981,#1982,#1983));
#691=EDGE_LOOP('',(#1984,#1985,#1986,#1987));
#692=EDGE_LOOP('',(#1988,#1989,#1990,#1991,#1992));
#693=EDGE_LOOP('',(#1993,#1994,#1995,#1996,#1997));
#694=EDGE_LOOP('',(#1998,#1999,#2000,#2001));
#695=EDGE_LOOP('',(#2002,#2003,#2004,#2005));
#696=EDGE_LOOP('',(#2006,#2007,#2008));
#697=EDGE_LOOP('',(#2009,#2010,#2011,#2012));
#698=EDGE_LOOP('',(#2013,#2014,#2015,#2016,#2017));
#699=EDGE_LOOP('',(#2018,#2019,#2020,#2021,#2022));
#700=EDGE_LOOP('',(#2023,#2024,#2025,#2026));
#701=EDGE_LOOP('',(#2027,#2028,#2029,#2030));
#702=EDGE_LOOP('',(#2031,#2032,#2033));
#703=EDGE_LOOP('',(#2034,#2035,#2036,#2037));
#704=EDGE_LOOP('',(#2038,#2039,#2040,#2041,#2042));
#705=EDGE_LOOP('',(#2043,#2044,#2045,#2046,#2047));
#706=EDGE_LOOP('',(#2048,#2049,#2050,#2051));
#707=EDGE_LOOP('',(#2052,#2053,#2054,#2055));
#708=EDGE_LOOP('',(#2056,#2057,#2058));
#709=EDGE_LOOP('',(#2059,#2060,#2061,#2062));
#710=EDGE_LOOP('',(#2063,#2064,#2065,#2066,#2067));
#711=EDGE_LOOP('',(#2068,#2069,#2070,#2071,#2072));
#712=EDGE_LOOP('',(#2073,#2074,#2075,#2076));
#713=EDGE_LOOP('',(#2077,#2078,#2079,#2080));
#714=EDGE_LOOP('',(#2081,#2082,#2083));
#715=EDGE_LOOP('',(#2084,#2085,#2086,#2087));
#716=EDGE_LOOP('',(#2088,#2089,#2090,#2091,#2092));
#717=EDGE_LOOP('',(#2093,#2094,#2095,#2096,#2097));
#718=EDGE_LOOP('',(#2098,#2099,#2100,#2101));
#719=EDGE_LOOP('',(#2102,#2103,#2104,#2105));
#720=EDGE_LOOP('',(#2106,#2107,#2108));
#721=EDGE_LOOP('',(#2109,#2110,#2111,#2112));
#722=EDGE_LOOP('',(#2113,#2114,#2115,#2116,#2117));
#723=EDGE_LOOP('',(#2118,#2119,#2120,#2121,#2122));
#724=EDGE_LOOP('',(#2123,#2124,#2125,#2126));
#725=EDGE_LOOP('',(#2127,#2128,#2129,#2130));
#726=EDGE_LOOP('',(#2131,#2132,#2133));
#727=EDGE_LOOP('',(#2134,#2135,#2136,#2137));
#728=EDGE_LOOP('',(#2138,#2139,#2140,#2141,#2142));
#729=EDGE_LOOP('',(#2143,#2144,#2145,#2146,#2147));
#730=EDGE_LOOP('',(#2148,#2149,#2150,#2151));
#731=EDGE_LOOP('',(#2152,#2153,#2154,#2155));
#732=EDGE_LOOP('',(#2156,#2157,#2158));
#733=LINE('',#2801,#735);
#734=LINE('',#6672,#736);
#735=VECTOR('',#2487,1.05);
#736=VECTOR('',#2712,2.86875);
#737=CIRCLE('',#2325,1.05);
#738=CIRCLE('',#2326,1.05);
#739=CIRCLE('',#2327,2.06654905579286);
#740=CIRCLE('',#2328,2.06654905579286);
#741=CIRCLE('',#2330,32.5987123524444);
#742=CIRCLE('',#2331,16.2993561762226);
#743=CIRCLE('',#2334,3.1875);
#744=CIRCLE('',#2335,6.84797559778619);
#745=CIRCLE('',#2337,32.5987123524444);
#746=CIRCLE('',#2338,32.5987123524444);
#747=CIRCLE('',#2339,32.5987123524444);
#748=CIRCLE('',#2340,32.5987123524444);
#749=CIRCLE('',#2341,32.5987123524444);
#750=CIRCLE('',#2342,32.5987123524444);
#751=CIRCLE('',#2343,32.5987123524444);
#752=CIRCLE('',#2344,32.5987123524444);
#753=CIRCLE('',#2345,32.5987123524444);
#754=CIRCLE('',#2346,32.5987123524444);
#755=CIRCLE('',#2347,32.5987123524444);
#756=CIRCLE('',#2348,32.5987123524444);
#757=CIRCLE('',#2349,32.5987123524444);
#758=CIRCLE('',#2350,32.5987123524444);
#759=CIRCLE('',#2351,32.5987123524444);
#760=CIRCLE('',#2352,32.5987123524444);
#761=CIRCLE('',#2353,32.5987123524444);
#762=CIRCLE('',#2354,32.5987123524444);
#763=CIRCLE('',#2355,32.5987123524444);
#764=CIRCLE('',#2356,32.5987123524444);
#765=CIRCLE('',#2357,32.5987123524444);
#766=CIRCLE('',#2358,32.5987123524444);
#767=CIRCLE('',#2359,32.5987123524444);
#768=CIRCLE('',#2360,2.06654905579286);
#769=CIRCLE('',#2361,2.06654905579286);
#770=CIRCLE('',#2363,16.2993561762226);
#771=CIRCLE('',#2365,2.06654905579286);
#772=CIRCLE('',#2366,2.06654905579286);
#773=CIRCLE('',#2368,16.2993561762226);
#774=CIRCLE('',#2370,2.06654905579286);
#775=CIRCLE('',#2371,2.06654905579286);
#776=CIRCLE('',#2373,16.2993561762226);
#777=CIRCLE('',#2375,2.06654905579286);
#778=CIRCLE('',#2376,2.06654905579286);
#779=CIRCLE('',#2378,16.2993561762226);
#780=CIRCLE('',#2380,2.06654905579286);
#781=CIRCLE('',#2381,2.06654905579286);
#782=CIRCLE('',#2383,16.2993561762226);
#783=CIRCLE('',#2385,2.06654905579286);
#784=CIRCLE('',#2386,2.06654905579286);
#785=CIRCLE('',#2388,16.2993561762226);
#786=CIRCLE('',#2390,2.06654905579286);
#787=CIRCLE('',#2391,2.06654905579286);
#788=CIRCLE('',#2393,16.2993561762226);
#789=CIRCLE('',#2395,2.06654905579286);
#790=CIRCLE('',#2396,2.06654905579286);
#791=CIRCLE('',#2398,16.2993561762226);
#792=CIRCLE('',#2400,2.06654905579286);
#793=CIRCLE('',#2401,2.06654905579286);
#794=CIRCLE('',#2403,16.2993561762226);
#795=CIRCLE('',#2405,2.06654905579286);
#796=CIRCLE('',#2406,2.06654905579286);
#797=CIRCLE('',#2408,16.2993561762226);
#798=CIRCLE('',#2410,2.06654905579286);
#799=CIRCLE('',#2411,2.06654905579286);
#800=CIRCLE('',#2413,16.2993561762226);
#801=CIRCLE('',#2415,2.06654905579286);
#802=CIRCLE('',#2416,2.06654905579286);
#803=CIRCLE('',#2418,16.2993561762226);
#804=CIRCLE('',#2420,2.06654905579286);
#805=CIRCLE('',#2421,2.06654905579286);
#806=CIRCLE('',#2423,16.2993561762226);
#807=CIRCLE('',#2425,2.06654905579286);
#808=CIRCLE('',#2426,2.06654905579286);
#809=CIRCLE('',#2428,16.2993561762226);
#810=CIRCLE('',#2430,2.06654905579286);
#811=CIRCLE('',#2431,2.06654905579286);
#812=CIRCLE('',#2433,16.2993561762226);
#813=CIRCLE('',#2436,2.55);
#814=CIRCLE('',#2438,2.06654905579286);
#815=CIRCLE('',#2439,2.06654905579286);
#816=CIRCLE('',#2441,16.2993561762226);
#817=CIRCLE('',#2443,2.06654905579286);
#818=CIRCLE('',#2444,2.06654905579286);
#819=CIRCLE('',#2446,16.2993561762226);
#820=CIRCLE('',#2448,2.06654905579286);
#821=CIRCLE('',#2449,2.06654905579286);
#822=CIRCLE('',#2451,16.2993561762226);
#823=CIRCLE('',#2453,2.06654905579286);
#824=CIRCLE('',#2454,2.06654905579286);
#825=CIRCLE('',#2456,16.2993561762226);
#826=CIRCLE('',#2458,2.06654905579286);
#827=CIRCLE('',#2459,2.06654905579286);
#828=CIRCLE('',#2461,16.2993561762226);
#829=CIRCLE('',#2463,2.06654905579286);
#830=CIRCLE('',#2464,2.06654905579286);
#831=CIRCLE('',#2466,16.2993561762226);
#832=CIRCLE('',#2468,2.06654905579286);
#833=CIRCLE('',#2469,2.06654905579286);
#834=CIRCLE('',#2471,16.2993561762226);
#835=CIRCLE('',#2473,2.06654905579286);
#836=CIRCLE('',#2474,2.06654905579286);
#837=CIRCLE('',#2476,16.2993561762226);
#838=VERTEX_POINT('',#2798);
#839=VERTEX_POINT('',#2800);
#840=VERTEX_POINT('',#2838);
#841=VERTEX_POINT('',#2839);
#842=VERTEX_POINT('',#2852);
#843=VERTEX_POINT('',#2860);
#844=VERTEX_POINT('',#2894);
#845=VERTEX_POINT('',#2895);
#846=VERTEX_POINT('',#2909);
#847=VERTEX_POINT('',#2945);
#848=VERTEX_POINT('',#2950);
#849=VERTEX_POINT('',#2952);
#850=VERTEX_POINT('',#3001);
#851=VERTEX_POINT('',#3002);
#852=VERTEX_POINT('',#3034);
#853=VERTEX_POINT('',#3036);
#854=VERTEX_POINT('',#3038);
#855=VERTEX_POINT('',#3047);
#856=VERTEX_POINT('',#3056);
#857=VERTEX_POINT('',#3065);
#858=VERTEX_POINT('',#3074);
#859=VERTEX_POINT('',#3083);
#860=VERTEX_POINT('',#3092);
#861=VERTEX_POINT('',#3101);
#862=VERTEX_POINT('',#3110);
#863=VERTEX_POINT('',#3119);
#864=VERTEX_POINT('',#3128);
#865=VERTEX_POINT('',#3137);
#866=VERTEX_POINT('',#3154);
#867=VERTEX_POINT('',#3163);
#868=VERTEX_POINT('',#3172);
#869=VERTEX_POINT('',#3181);
#870=VERTEX_POINT('',#3190);
#871=VERTEX_POINT('',#3199);
#872=VERTEX_POINT('',#3208);
#873=VERTEX_POINT('',#3217);
#874=VERTEX_POINT('',#3226);
#875=VERTEX_POINT('',#3235);
#876=VERTEX_POINT('',#3244);
#877=VERTEX_POINT('',#3253);
#878=VERTEX_POINT('',#3262);
#879=VERTEX_POINT('',#3271);
#880=VERTEX_POINT('',#3280);
#881=VERTEX_POINT('',#3289);
#882=VERTEX_POINT('',#3298);
#883=VERTEX_POINT('',#3307);
#884=VERTEX_POINT('',#3316);
#885=VERTEX_POINT('',#3325);
#886=VERTEX_POINT('',#3334);
#887=VERTEX_POINT('',#3343);
#888=VERTEX_POINT('',#3352);
#889=VERTEX_POINT('',#3361);
#890=VERTEX_POINT('',#3370);
#891=VERTEX_POINT('',#3379);
#892=VERTEX_POINT('',#3388);
#893=VERTEX_POINT('',#3397);
#894=VERTEX_POINT('',#3406);
#895=VERTEX_POINT('',#3415);
#896=VERTEX_POINT('',#3424);
#897=VERTEX_POINT('',#3433);
#898=VERTEX_POINT('',#3451);
#899=VERTEX_POINT('',#3464);
#900=VERTEX_POINT('',#3466);
#901=VERTEX_POINT('',#3479);
#902=VERTEX_POINT('',#3492);
#903=VERTEX_POINT('',#3494);
#904=VERTEX_POINT('',#3507);
#905=VERTEX_POINT('',#3520);
#906=VERTEX_POINT('',#3522);
#907=VERTEX_POINT('',#3535);
#908=VERTEX_POINT('',#3548);
#909=VERTEX_POINT('',#3550);
#910=VERTEX_POINT('',#3563);
#911=VERTEX_POINT('',#3576);
#912=VERTEX_POINT('',#3578);
#913=VERTEX_POINT('',#3591);
#914=VERTEX_POINT('',#3604);
#915=VERTEX_POINT('',#3606);
#916=VERTEX_POINT('',#3619);
#917=VERTEX_POINT('',#3632);
#918=VERTEX_POINT('',#3634);
#919=VERTEX_POINT('',#3647);
#920=VERTEX_POINT('',#3660);
#921=VERTEX_POINT('',#3662);
#922=VERTEX_POINT('',#3675);
#923=VERTEX_POINT('',#3688);
#924=VERTEX_POINT('',#3690);
#925=VERTEX_POINT('',#3703);
#926=VERTEX_POINT('',#3716);
#927=VERTEX_POINT('',#3718);
#928=VERTEX_POINT('',#3731);
#929=VERTEX_POINT('',#3744);
#930=VERTEX_POINT('',#3746);
#931=VERTEX_POINT('',#3759);
#932=VERTEX_POINT('',#3772);
#933=VERTEX_POINT('',#3774);
#934=VERTEX_POINT('',#3787);
#935=VERTEX_POINT('',#3800);
#936=VERTEX_POINT('',#3802);
#937=VERTEX_POINT('',#3815);
#938=VERTEX_POINT('',#3828);
#939=VERTEX_POINT('',#3830);
#940=VERTEX_POINT('',#3843);
#941=VERTEX_POINT('',#3856);
#942=VERTEX_POINT('',#3858);
#943=VERTEX_POINT('',#3871);
#944=VERTEX_POINT('',#3884);
#945=VERTEX_POINT('',#3886);
#946=VERTEX_POINT('',#3899);
#947=VERTEX_POINT('',#3912);
#948=VERTEX_POINT('',#3914);
#949=VERTEX_POINT('',#3927);
#950=VERTEX_POINT('',#3940);
#951=VERTEX_POINT('',#3942);
#952=VERTEX_POINT('',#3955);
#953=VERTEX_POINT('',#3968);
#954=VERTEX_POINT('',#3970);
#955=VERTEX_POINT('',#3983);
#956=VERTEX_POINT('',#3996);
#957=VERTEX_POINT('',#3998);
#958=VERTEX_POINT('',#4011);
#959=VERTEX_POINT('',#4024);
#960=VERTEX_POINT('',#4026);
#961=VERTEX_POINT('',#4039);
#962=VERTEX_POINT('',#4052);
#963=VERTEX_POINT('',#4054);
#964=VERTEX_POINT('',#4067);
#965=VERTEX_POINT('',#4080);
#966=VERTEX_POINT('',#4129);
#967=VERTEX_POINT('',#4137);
#968=VERTEX_POINT('',#4176);
#969=VERTEX_POINT('',#4212);
#970=VERTEX_POINT('',#4217);
#971=VERTEX_POINT('',#4311);
#972=VERTEX_POINT('',#4345);
#973=VERTEX_POINT('',#4381);
#974=VERTEX_POINT('',#4386);
#975=VERTEX_POINT('',#4480);
#976=VERTEX_POINT('',#4488);
#977=VERTEX_POINT('',#4527);
#978=VERTEX_POINT('',#4563);
#979=VERTEX_POINT('',#4568);
#980=VERTEX_POINT('',#4662);
#981=VERTEX_POINT('',#4670);
#982=VERTEX_POINT('',#4709);
#983=VERTEX_POINT('',#4745);
#984=VERTEX_POINT('',#4831);
#985=VERTEX_POINT('',#4865);
#986=VERTEX_POINT('',#4901);
#987=VERTEX_POINT('',#4987);
#988=VERTEX_POINT('',#4995);
#989=VERTEX_POINT('',#5034);
#990=VERTEX_POINT('',#5070);
#991=VERTEX_POINT('',#5075);
#992=VERTEX_POINT('',#5169);
#993=VERTEX_POINT('',#5177);
#994=VERTEX_POINT('',#5216);
#995=VERTEX_POINT('',#5252);
#996=VERTEX_POINT('',#5257);
#997=VERTEX_POINT('',#5351);
#998=VERTEX_POINT('',#5359);
#999=VERTEX_POINT('',#5398);
#1000=VERTEX_POINT('',#5434);
#1001=VERTEX_POINT('',#5520);
#1002=VERTEX_POINT('',#5528);
#1003=VERTEX_POINT('',#5567);
#1004=VERTEX_POINT('',#5603);
#1005=VERTEX_POINT('',#5608);
#1006=VERTEX_POINT('',#5702);
#1007=VERTEX_POINT('',#5710);
#1008=VERTEX_POINT('',#5749);
#1009=VERTEX_POINT('',#5785);
#1010=VERTEX_POINT('',#5871);
#1011=VERTEX_POINT('',#5879);
#1012=VERTEX_POINT('',#5918);
#1013=VERTEX_POINT('',#5954);
#1014=VERTEX_POINT('',#6040);
#1015=VERTEX_POINT('',#6074);
#1016=VERTEX_POINT('',#6110);
#1017=VERTEX_POINT('',#6115);
#1018=VERTEX_POINT('',#6209);
#1019=VERTEX_POINT('',#6217);
#1020=VERTEX_POINT('',#6256);
#1021=VERTEX_POINT('',#6292);
#1022=VERTEX_POINT('',#6378);
#1023=VERTEX_POINT('',#6412);
#1024=VERTEX_POINT('',#6448);
#1025=VERTEX_POINT('',#6534);
#1026=VERTEX_POINT('',#6568);
#1027=VERTEX_POINT('',#6604);
#1028=VERTEX_POINT('',#6609);
#1029=VERTEX_POINT('',#6669);
#1030=VERTEX_POINT('',#6708);
#1031=VERTEX_POINT('',#6742);
#1032=VERTEX_POINT('',#6778);
#1033=VERTEX_POINT('',#6783);
#1034=VERTEX_POINT('',#6877);
#1035=VERTEX_POINT('',#6911);
#1036=VERTEX_POINT('',#6947);
#1037=VERTEX_POINT('',#6952);
#1038=VERTEX_POINT('',#7046);
#1039=VERTEX_POINT('',#7054);
#1040=VERTEX_POINT('',#7093);
#1041=VERTEX_POINT('',#7129);
#1042=VERTEX_POINT('',#7215);
#1043=VERTEX_POINT('',#7249);
#1044=VERTEX_POINT('',#7285);
#1045=VERTEX_POINT('',#7371);
#1046=VERTEX_POINT('',#7405);
#1047=VERTEX_POINT('',#7441);
#1048=VERTEX_POINT('',#7446);
#1049=VERTEX_POINT('',#7540);
#1050=VERTEX_POINT('',#7574);
#1051=VERTEX_POINT('',#7610);
#1052=VERTEX_POINT('',#7696);
#1053=VERTEX_POINT('',#7730);
#1054=VERTEX_POINT('',#7766);
#1055=VERTEX_POINT('',#7852);
#1056=VERTEX_POINT('',#7886);
#1057=VERTEX_POINT('',#7922);
#1058=EDGE_CURVE('',#838,#838,#737,.T.);
#1059=EDGE_CURVE('',#838,#839,#733,.T.);
#1060=EDGE_CURVE('',#839,#839,#738,.T.);
#1061=EDGE_CURVE('',#840,#841,#73,.T.);
#1062=EDGE_CURVE('',#841,#842,#74,.T.);
#1063=EDGE_CURVE('',#842,#843,#739,.T.);
#1064=EDGE_CURVE('',#840,#843,#75,.T.);
#1065=EDGE_CURVE('',#844,#845,#76,.T.);
#1066=EDGE_CURVE('',#843,#844,#77,.T.);
#1067=EDGE_CURVE('',#842,#846,#78,.T.);
#1068=EDGE_CURVE('',#846,#845,#79,.T.);
#1069=EDGE_CURVE('',#846,#847,#80,.T.);
#1070=EDGE_CURVE('',#847,#848,#740,.T.);
#1071=EDGE_CURVE('',#849,#848,#81,.T.);
#1072=EDGE_CURVE('',#845,#849,#82,.T.);
#1073=EDGE_CURVE('',#850,#851,#83,.T.);
#1074=EDGE_CURVE('',#848,#851,#84,.T.);
#1075=EDGE_CURVE('',#847,#850,#85,.T.);
#1076=EDGE_CURVE('',#841,#850,#741,.T.);
#1077=EDGE_CURVE('',#847,#842,#742,.T.);
#1078=EDGE_CURVE('',#852,#852,#743,.T.);
#1079=EDGE_CURVE('',#852,#853,#744,.T.);
#1080=EDGE_CURVE('',#854,#853,#86,.T.);
#1081=EDGE_CURVE('',#855,#854,#87,.T.);
#1082=EDGE_CURVE('',#856,#855,#88,.T.);
#1083=EDGE_CURVE('',#857,#856,#89,.T.);
#1084=EDGE_CURVE('',#858,#857,#90,.T.);
#1085=EDGE_CURVE('',#858,#859,#91,.T.);
#1086=EDGE_CURVE('',#859,#860,#92,.T.);
#1087=EDGE_CURVE('',#860,#861,#93,.T.);
#1088=EDGE_CURVE('',#861,#862,#94,.T.);
#1089=EDGE_CURVE('',#862,#863,#95,.T.);
#1090=EDGE_CURVE('',#863,#864,#96,.T.);
#1091=EDGE_CURVE('',#864,#865,#97,.T.);
#1092=EDGE_CURVE('',#865,#844,#98,.T.);
#1093=EDGE_CURVE('',#866,#849,#99,.T.);
#1094=EDGE_CURVE('',#867,#866,#100,.T.);
#1095=EDGE_CURVE('',#868,#867,#101,.T.);
#1096=EDGE_CURVE('',#869,#868,#102,.T.);
#1097=EDGE_CURVE('',#869,#870,#103,.T.);
#1098=EDGE_CURVE('',#870,#871,#104,.T.);
#1099=EDGE_CURVE('',#872,#871,#105,.T.);
#1100=EDGE_CURVE('',#873,#872,#106,.T.);
#1101=EDGE_CURVE('',#874,#873,#107,.T.);
#1102=EDGE_CURVE('',#875,#874,#108,.T.);
#1103=EDGE_CURVE('',#875,#876,#109,.T.);
#1104=EDGE_CURVE('',#876,#877,#110,.T.);
#1105=EDGE_CURVE('',#877,#878,#111,.T.);
#1106=EDGE_CURVE('',#878,#879,#112,.T.);
#1107=EDGE_CURVE('',#879,#880,#113,.T.);
#1108=EDGE_CURVE('',#880,#881,#114,.T.);
#1109=EDGE_CURVE('',#881,#882,#115,.T.);
#1110=EDGE_CURVE('',#882,#883,#116,.T.);
#1111=EDGE_CURVE('',#883,#884,#117,.T.);
#1112=EDGE_CURVE('',#884,#885,#118,.T.);
#1113=EDGE_CURVE('',#886,#885,#119,.T.);
#1114=EDGE_CURVE('',#887,#886,#120,.T.);
#1115=EDGE_CURVE('',#887,#888,#121,.T.);
#1116=EDGE_CURVE('',#888,#889,#122,.T.);
#1117=EDGE_CURVE('',#889,#890,#123,.T.);
#1118=EDGE_CURVE('',#890,#891,#124,.T.);
#1119=EDGE_CURVE('',#891,#892,#125,.T.);
#1120=EDGE_CURVE('',#892,#893,#126,.T.);
#1121=EDGE_CURVE('',#893,#894,#127,.T.);
#1122=EDGE_CURVE('',#894,#895,#128,.T.);
#1123=EDGE_CURVE('',#895,#896,#129,.T.);
#1124=EDGE_CURVE('',#896,#897,#130,.T.);
#1125=EDGE_CURVE('',#853,#897,#131,.T.);
#1126=EDGE_CURVE('',#898,#840,#132,.T.);
#1127=EDGE_CURVE('',#899,#898,#745,.T.);
#1128=EDGE_CURVE('',#900,#899,#133,.T.);
#1129=EDGE_CURVE('',#901,#900,#134,.T.);
#1130=EDGE_CURVE('',#902,#901,#746,.T.);
#1131=EDGE_CURVE('',#903,#902,#135,.T.);
#1132=EDGE_CURVE('',#904,#903,#136,.T.);
#1133=EDGE_CURVE('',#905,#904,#747,.T.);
#1134=EDGE_CURVE('',#906,#905,#137,.T.);
#1135=EDGE_CURVE('',#907,#906,#138,.T.);
#1136=EDGE_CURVE('',#908,#907,#748,.T.);
#1137=EDGE_CURVE('',#909,#908,#139,.T.);
#1138=EDGE_CURVE('',#910,#909,#140,.T.);
#1139=EDGE_CURVE('',#911,#910,#749,.T.);
#1140=EDGE_CURVE('',#912,#911,#141,.T.);
#1141=EDGE_CURVE('',#913,#912,#142,.T.);
#1142=EDGE_CURVE('',#914,#913,#750,.T.);
#1143=EDGE_CURVE('',#915,#914,#143,.T.);
#1144=EDGE_CURVE('',#916,#915,#144,.T.);
#1145=EDGE_CURVE('',#917,#916,#751,.T.);
#1146=EDGE_CURVE('',#918,#917,#145,.T.);
#1147=EDGE_CURVE('',#919,#918,#146,.T.);
#1148=EDGE_CURVE('',#920,#919,#752,.T.);
#1149=EDGE_CURVE('',#921,#920,#147,.T.);
#1150=EDGE_CURVE('',#922,#921,#148,.T.);
#1151=EDGE_CURVE('',#923,#922,#753,.T.);
#1152=EDGE_CURVE('',#924,#923,#149,.T.);
#1153=EDGE_CURVE('',#925,#924,#150,.T.);
#1154=EDGE_CURVE('',#926,#925,#754,.T.);
#1155=EDGE_CURVE('',#927,#926,#151,.T.);
#1156=EDGE_CURVE('',#928,#927,#152,.T.);
#1157=EDGE_CURVE('',#929,#928,#755,.T.);
#1158=EDGE_CURVE('',#930,#929,#153,.T.);
#1159=EDGE_CURVE('',#931,#930,#154,.T.);
#1160=EDGE_CURVE('',#932,#931,#756,.T.);
#1161=EDGE_CURVE('',#933,#932,#155,.T.);
#1162=EDGE_CURVE('',#934,#933,#156,.T.);
#1163=EDGE_CURVE('',#935,#934,#757,.T.);
#1164=EDGE_CURVE('',#936,#935,#157,.T.);
#1165=EDGE_CURVE('',#937,#936,#158,.T.);
#1166=EDGE_CURVE('',#938,#937,#758,.T.);
#1167=EDGE_CURVE('',#939,#938,#159,.T.);
#1168=EDGE_CURVE('',#940,#939,#160,.T.);
#1169=EDGE_CURVE('',#941,#940,#759,.T.);
#1170=EDGE_CURVE('',#942,#941,#161,.T.);
#1171=EDGE_CURVE('',#943,#942,#162,.T.);
#1172=EDGE_CURVE('',#944,#943,#760,.T.);
#1173=EDGE_CURVE('',#945,#944,#163,.T.);
#1174=EDGE_CURVE('',#946,#945,#164,.T.);
#1175=EDGE_CURVE('',#947,#946,#761,.T.);
#1176=EDGE_CURVE('',#948,#947,#165,.T.);
#1177=EDGE_CURVE('',#949,#948,#166,.T.);
#1178=EDGE_CURVE('',#950,#949,#762,.T.);
#1179=EDGE_CURVE('',#951,#950,#167,.T.);
#1180=EDGE_CURVE('',#952,#951,#168,.T.);
#1181=EDGE_CURVE('',#953,#952,#763,.T.);
#1182=EDGE_CURVE('',#954,#953,#169,.T.);
#1183=EDGE_CURVE('',#955,#954,#170,.T.);
#1184=EDGE_CURVE('',#956,#955,#764,.T.);
#1185=EDGE_CURVE('',#957,#956,#171,.T.);
#1186=EDGE_CURVE('',#958,#957,#172,.T.);
#1187=EDGE_CURVE('',#959,#958,#765,.T.);
#1188=EDGE_CURVE('',#960,#959,#173,.T.);
#1189=EDGE_CURVE('',#961,#960,#174,.T.);
#1190=EDGE_CURVE('',#962,#961,#766,.T.);
#1191=EDGE_CURVE('',#963,#962,#175,.T.);
#1192=EDGE_CURVE('',#964,#963,#176,.T.);
#1193=EDGE_CURVE('',#965,#964,#767,.T.);
#1194=EDGE_CURVE('',#851,#965,#177,.T.);
#1195=EDGE_CURVE('',#908,#966,#178,.T.);
#1196=EDGE_CURVE('',#966,#967,#768,.T.);
#1197=EDGE_CURVE('',#909,#967,#179,.T.);
#1198=EDGE_CURVE('',#967,#858,#180,.T.);
#1199=EDGE_CURVE('',#966,#968,#181,.T.);
#1200=EDGE_CURVE('',#968,#859,#182,.T.);
#1201=EDGE_CURVE('',#968,#969,#183,.T.);
#1202=EDGE_CURVE('',#969,#970,#769,.T.);
#1203=EDGE_CURVE('',#860,#970,#184,.T.);
#1204=EDGE_CURVE('',#970,#906,#185,.T.);
#1205=EDGE_CURVE('',#969,#907,#186,.T.);
#1206=EDGE_CURVE('',#969,#966,#770,.T.);
#1207=EDGE_CURVE('',#905,#971,#187,.T.);
#1208=EDGE_CURVE('',#971,#970,#771,.T.);
#1209=EDGE_CURVE('',#971,#972,#188,.T.);
#1210=EDGE_CURVE('',#972,#861,#189,.T.);
#1211=EDGE_CURVE('',#972,#973,#190,.T.);
#1212=EDGE_CURVE('',#973,#974,#772,.T.);
#1213=EDGE_CURVE('',#862,#974,#191,.T.);
#1214=EDGE_CURVE('',#974,#903,#192,.T.);
#1215=EDGE_CURVE('',#973,#904,#193,.T.);
#1216=EDGE_CURVE('',#973,#971,#773,.T.);
#1217=EDGE_CURVE('',#959,#975,#194,.T.);
#1218=EDGE_CURVE('',#975,#976,#774,.T.);
#1219=EDGE_CURVE('',#960,#976,#195,.T.);
#1220=EDGE_CURVE('',#976,#869,#196,.T.);
#1221=EDGE_CURVE('',#975,#977,#197,.T.);
#1222=EDGE_CURVE('',#977,#870,#198,.T.);
#1223=EDGE_CURVE('',#977,#978,#199,.T.);
#1224=EDGE_CURVE('',#978,#979,#775,.T.);
#1225=EDGE_CURVE('',#871,#979,#200,.T.);
#1226=EDGE_CURVE('',#979,#957,#201,.T.);
#1227=EDGE_CURVE('',#978,#958,#202,.T.);
#1228=EDGE_CURVE('',#978,#975,#776,.T.);
#1229=EDGE_CURVE('',#899,#980,#203,.T.);
#1230=EDGE_CURVE('',#980,#981,#777,.T.);
#1231=EDGE_CURVE('',#900,#981,#204,.T.);
#1232=EDGE_CURVE('',#981,#864,#205,.T.);
#1233=EDGE_CURVE('',#980,#982,#206,.T.);
#1234=EDGE_CURVE('',#982,#865,#207,.T.);
#1235=EDGE_CURVE('',#982,#983,#208,.T.);
#1236=EDGE_CURVE('',#983,#843,#778,.T.);
#1237=EDGE_CURVE('',#983,#898,#209,.T.);
#1238=EDGE_CURVE('',#983,#980,#779,.T.);
#1239=EDGE_CURVE('',#902,#984,#210,.T.);
#1240=EDGE_CURVE('',#984,#974,#780,.T.);
#1241=EDGE_CURVE('',#984,#985,#211,.T.);
#1242=EDGE_CURVE('',#985,#863,#212,.T.);
#1243=EDGE_CURVE('',#985,#986,#213,.T.);
#1244=EDGE_CURVE('',#986,#981,#781,.T.);
#1245=EDGE_CURVE('',#986,#901,#214,.T.);
#1246=EDGE_CURVE('',#986,#984,#782,.T.);
#1247=EDGE_CURVE('',#920,#987,#215,.T.);
#1248=EDGE_CURVE('',#987,#988,#783,.T.);
#1249=EDGE_CURVE('',#921,#988,#216,.T.);
#1250=EDGE_CURVE('',#988,#895,#217,.T.);
#1251=EDGE_CURVE('',#987,#989,#218,.T.);
#1252=EDGE_CURVE('',#989,#896,#219,.T.);
#1253=EDGE_CURVE('',#989,#990,#220,.T.);
#1254=EDGE_CURVE('',#990,#991,#784,.T.);
#1255=EDGE_CURVE('',#897,#991,#221,.T.);
#1256=EDGE_CURVE('',#991,#918,#222,.T.);
#1257=EDGE_CURVE('',#990,#919,#223,.T.);
#1258=EDGE_CURVE('',#990,#987,#785,.T.);
#1259=EDGE_CURVE('',#926,#992,#224,.T.);
#1260=EDGE_CURVE('',#992,#993,#786,.T.);
#1261=EDGE_CURVE('',#927,#993,#225,.T.);
#1262=EDGE_CURVE('',#993,#891,#226,.T.);
#1263=EDGE_CURVE('',#992,#994,#227,.T.);
#1264=EDGE_CURVE('',#994,#892,#228,.T.);
#1265=EDGE_CURVE('',#994,#995,#229,.T.);
#1266=EDGE_CURVE('',#995,#996,#787,.T.);
#1267=EDGE_CURVE('',#893,#996,#230,.T.);
#1268=EDGE_CURVE('',#996,#924,#231,.T.);
#1269=EDGE_CURVE('',#995,#925,#232,.T.);
#1270=EDGE_CURVE('',#995,#992,#788,.T.);
#1271=EDGE_CURVE('',#929,#997,#233,.T.);
#1272=EDGE_CURVE('',#997,#998,#789,.T.);
#1273=EDGE_CURVE('',#930,#998,#234,.T.);
#1274=EDGE_CURVE('',#998,#889,#235,.T.);
#1275=EDGE_CURVE('',#997,#999,#236,.T.);
#1276=EDGE_CURVE('',#999,#890,#237,.T.);
#1277=EDGE_CURVE('',#999,#1000,#238,.T.);
#1278=EDGE_CURVE('',#1000,#993,#790,.T.);
#1279=EDGE_CURVE('',#1000,#928,#239,.T.);
#1280=EDGE_CURVE('',#1000,#997,#791,.T.);
#1281=EDGE_CURVE('',#944,#1001,#240,.T.);
#1282=EDGE_CURVE('',#1001,#1002,#792,.T.);
#1283=EDGE_CURVE('',#945,#1002,#241,.T.);
#1284=EDGE_CURVE('',#1002,#879,#242,.T.);
#1285=EDGE_CURVE('',#1001,#1003,#243,.T.);
#1286=EDGE_CURVE('',#1003,#880,#244,.T.);
#1287=EDGE_CURVE('',#1003,#1004,#245,.T.);
#1288=EDGE_CURVE('',#1004,#1005,#793,.T.);
#1289=EDGE_CURVE('',#881,#1005,#246,.T.);
#1290=EDGE_CURVE('',#1005,#942,#247,.T.);
#1291=EDGE_CURVE('',#1004,#943,#248,.T.);
#1292=EDGE_CURVE('',#1004,#1001,#794,.T.);
#1293=EDGE_CURVE('',#947,#1006,#249,.T.);
#1294=EDGE_CURVE('',#1006,#1007,#795,.T.);
#1295=EDGE_CURVE('',#948,#1007,#250,.T.);
#1296=EDGE_CURVE('',#1007,#877,#251,.T.);
#1297=EDGE_CURVE('',#1006,#1008,#252,.T.);
#1298=EDGE_CURVE('',#1008,#878,#253,.T.);
#1299=EDGE_CURVE('',#1008,#1009,#254,.T.);
#1300=EDGE_CURVE('',#1009,#1002,#796,.T.);
#1301=EDGE_CURVE('',#1009,#946,#255,.T.);
#1302=EDGE_CURVE('',#1009,#1006,#797,.T.);
#1303=EDGE_CURVE('',#950,#1010,#256,.T.);
#1304=EDGE_CURVE('',#1010,#1011,#798,.T.);
#1305=EDGE_CURVE('',#951,#1011,#257,.T.);
#1306=EDGE_CURVE('',#1011,#875,#258,.T.);
#1307=EDGE_CURVE('',#1010,#1012,#259,.T.);
#1308=EDGE_CURVE('',#1012,#876,#260,.T.);
#1309=EDGE_CURVE('',#1012,#1013,#261,.T.);
#1310=EDGE_CURVE('',#1013,#1007,#799,.T.);
#1311=EDGE_CURVE('',#1013,#949,#262,.T.);
#1312=EDGE_CURVE('',#1013,#1010,#800,.T.);
#1313=EDGE_CURVE('',#941,#1014,#263,.T.);
#1314=EDGE_CURVE('',#1014,#1005,#801,.T.);
#1315=EDGE_CURVE('',#1014,#1015,#264,.T.);
#1316=EDGE_CURVE('',#1015,#882,#265,.T.);
#1317=EDGE_CURVE('',#1015,#1016,#266,.T.);
#1318=EDGE_CURVE('',#1016,#1017,#802,.T.);
#1319=EDGE_CURVE('',#883,#1017,#267,.T.);
#1320=EDGE_CURVE('',#1017,#939,#268,.T.);
#1321=EDGE_CURVE('',#1016,#940,#269,.T.);
#1322=EDGE_CURVE('',#1016,#1014,#803,.T.);
#1323=EDGE_CURVE('',#932,#1018,#270,.T.);
#1324=EDGE_CURVE('',#1018,#1019,#804,.T.);
#1325=EDGE_CURVE('',#933,#1019,#271,.T.);
#1326=EDGE_CURVE('',#1019,#887,#272,.T.);
#1327=EDGE_CURVE('',#1018,#1020,#273,.T.);
#1328=EDGE_CURVE('',#1020,#888,#274,.T.);
#1329=EDGE_CURVE('',#1020,#1021,#275,.T.);
#1330=EDGE_CURVE('',#1021,#998,#805,.T.);
#1331=EDGE_CURVE('',#1021,#931,#276,.T.);
#1332=EDGE_CURVE('',#1021,#1018,#806,.T.);
#1333=EDGE_CURVE('',#923,#1022,#277,.T.);
#1334=EDGE_CURVE('',#1022,#996,#807,.T.);
#1335=EDGE_CURVE('',#1022,#1023,#278,.T.);
#1336=EDGE_CURVE('',#1023,#894,#279,.T.);
#1337=EDGE_CURVE('',#1023,#1024,#280,.T.);
#1338=EDGE_CURVE('',#1024,#988,#808,.T.);
#1339=EDGE_CURVE('',#1024,#922,#281,.T.);
#1340=EDGE_CURVE('',#1024,#1022,#809,.T.);
#1341=EDGE_CURVE('',#938,#1025,#282,.T.);
#1342=EDGE_CURVE('',#1025,#1017,#810,.T.);
#1343=EDGE_CURVE('',#1025,#1026,#283,.T.);
#1344=EDGE_CURVE('',#1026,#884,#284,.T.);
#1345=EDGE_CURVE('',#1026,#1027,#285,.T.);
#1346=EDGE_CURVE('',#1027,#1028,#811,.T.);
#1347=EDGE_CURVE('',#885,#1028,#286,.T.);
#1348=EDGE_CURVE('',#1028,#936,#287,.T.);
#1349=EDGE_CURVE('',#1027,#937,#288,.T.);
#1350=EDGE_CURVE('',#1027,#1025,#812,.T.);
#1351=EDGE_CURVE('',#1029,#1029,#813,.T.);
#1352=EDGE_CURVE('',#852,#1029,#734,.T.);
#1353=EDGE_CURVE('',#956,#1030,#289,.T.);
#1354=EDGE_CURVE('',#1030,#979,#814,.T.);
#1355=EDGE_CURVE('',#1030,#1031,#290,.T.);
#1356=EDGE_CURVE('',#1031,#872,#291,.T.);
#1357=EDGE_CURVE('',#1031,#1032,#292,.T.);
#1358=EDGE_CURVE('',#1032,#1033,#815,.T.);
#1359=EDGE_CURVE('',#873,#1033,#293,.T.);
#1360=EDGE_CURVE('',#1033,#954,#294,.T.);
#1361=EDGE_CURVE('',#1032,#955,#295,.T.);
#1362=EDGE_CURVE('',#1032,#1030,#816,.T.);
#1363=EDGE_CURVE('',#917,#1034,#296,.T.);
#1364=EDGE_CURVE('',#1034,#991,#817,.T.);
#1365=EDGE_CURVE('',#1034,#1035,#297,.T.);
#1366=EDGE_CURVE('',#1035,#853,#298,.T.);
#1367=EDGE_CURVE('',#1035,#1036,#299,.T.);
#1368=EDGE_CURVE('',#1036,#1037,#818,.T.);
#1369=EDGE_CURVE('',#854,#1037,#300,.T.);
#1370=EDGE_CURVE('',#1037,#915,#301,.T.);
#1371=EDGE_CURVE('',#1036,#916,#302,.T.);
#1372=EDGE_CURVE('',#1036,#1034,#819,.T.);
#1373=EDGE_CURVE('',#911,#1038,#303,.T.);
#1374=EDGE_CURVE('',#1038,#1039,#820,.T.);
#1375=EDGE_CURVE('',#912,#1039,#304,.T.);
#1376=EDGE_CURVE('',#1039,#856,#305,.T.);
#1377=EDGE_CURVE('',#1038,#1040,#306,.T.);
#1378=EDGE_CURVE('',#1040,#857,#307,.T.);
#1379=EDGE_CURVE('',#1040,#1041,#308,.T.);
#1380=EDGE_CURVE('',#1041,#967,#821,.T.);
#1381=EDGE_CURVE('',#1041,#910,#309,.T.);
#1382=EDGE_CURVE('',#1041,#1038,#822,.T.);
#1383=EDGE_CURVE('',#935,#1042,#310,.T.);
#1384=EDGE_CURVE('',#1042,#1028,#823,.T.);
#1385=EDGE_CURVE('',#1042,#1043,#311,.T.);
#1386=EDGE_CURVE('',#1043,#886,#312,.T.);
#1387=EDGE_CURVE('',#1043,#1044,#313,.T.);
#1388=EDGE_CURVE('',#1044,#1019,#824,.T.);
#1389=EDGE_CURVE('',#1044,#934,#314,.T.);
#1390=EDGE_CURVE('',#1044,#1042,#825,.T.);
#1391=EDGE_CURVE('',#965,#1045,#315,.T.);
#1392=EDGE_CURVE('',#1045,#848,#826,.T.);
#1393=EDGE_CURVE('',#1045,#1046,#316,.T.);
#1394=EDGE_CURVE('',#1046,#866,#317,.T.);
#1395=EDGE_CURVE('',#1046,#1047,#318,.T.);
#1396=EDGE_CURVE('',#1047,#1048,#827,.T.);
#1397=EDGE_CURVE('',#867,#1048,#319,.T.);
#1398=EDGE_CURVE('',#1048,#963,#320,.T.);
#1399=EDGE_CURVE('',#1047,#964,#321,.T.);
#1400=EDGE_CURVE('',#1047,#1045,#828,.T.);
#1401=EDGE_CURVE('',#962,#1049,#322,.T.);
#1402=EDGE_CURVE('',#1049,#1048,#829,.T.);
#1403=EDGE_CURVE('',#1049,#1050,#323,.T.);
#1404=EDGE_CURVE('',#1050,#868,#324,.T.);
#1405=EDGE_CURVE('',#1050,#1051,#325,.T.);
#1406=EDGE_CURVE('',#1051,#976,#830,.T.);
#1407=EDGE_CURVE('',#1051,#961,#326,.T.);
#1408=EDGE_CURVE('',#1051,#1049,#831,.T.);
#1409=EDGE_CURVE('',#914,#1052,#327,.T.);
#1410=EDGE_CURVE('',#1052,#1037,#832,.T.);
#1411=EDGE_CURVE('',#1052,#1053,#328,.T.);
#1412=EDGE_CURVE('',#1053,#855,#329,.T.);
#1413=EDGE_CURVE('',#1053,#1054,#330,.T.);
#1414=EDGE_CURVE('',#1054,#1039,#833,.T.);
#1415=EDGE_CURVE('',#1054,#913,#331,.T.);
#1416=EDGE_CURVE('',#1054,#1052,#834,.T.);
#1417=EDGE_CURVE('',#953,#1055,#332,.T.);
#1418=EDGE_CURVE('',#1055,#1033,#835,.T.);
#1419=EDGE_CURVE('',#1055,#1056,#333,.T.);
#1420=EDGE_CURVE('',#1056,#874,#334,.T.);
#1421=EDGE_CURVE('',#1056,#1057,#335,.T.);
#1422=EDGE_CURVE('',#1057,#1011,#836,.T.);
#1423=EDGE_CURVE('',#1057,#952,#336,.T.);
#1424=EDGE_CURVE('',#1057,#1055,#837,.T.);
#1425=ORIENTED_EDGE('',*,*,#1058,.F.);
#1426=ORIENTED_EDGE('',*,*,#1059,.T.);
#1427=ORIENTED_EDGE('',*,*,#1060,.F.);
#1428=ORIENTED_EDGE('',*,*,#1059,.F.);
#1429=ORIENTED_EDGE('',*,*,#1061,.T.);
#1430=ORIENTED_EDGE('',*,*,#1062,.T.);
#1431=ORIENTED_EDGE('',*,*,#1063,.T.);
#1432=ORIENTED_EDGE('',*,*,#1064,.F.);
#1433=ORIENTED_EDGE('',*,*,#1065,.F.);
#1434=ORIENTED_EDGE('',*,*,#1066,.F.);
#1435=ORIENTED_EDGE('',*,*,#1063,.F.);
#1436=ORIENTED_EDGE('',*,*,#1067,.T.);
#1437=ORIENTED_EDGE('',*,*,#1068,.T.);
#1438=ORIENTED_EDGE('',*,*,#1068,.F.);
#1439=ORIENTED_EDGE('',*,*,#1069,.T.);
#1440=ORIENTED_EDGE('',*,*,#1070,.T.);
#1441=ORIENTED_EDGE('',*,*,#1071,.F.);
#1442=ORIENTED_EDGE('',*,*,#1072,.F.);
#1443=ORIENTED_EDGE('',*,*,#1073,.T.);
#1444=ORIENTED_EDGE('',*,*,#1074,.F.);
#1445=ORIENTED_EDGE('',*,*,#1070,.F.);
#1446=ORIENTED_EDGE('',*,*,#1075,.T.);
#1447=ORIENTED_EDGE('',*,*,#1062,.F.);
#1448=ORIENTED_EDGE('',*,*,#1076,.T.);
#1449=ORIENTED_EDGE('',*,*,#1075,.F.);
#1450=ORIENTED_EDGE('',*,*,#1077,.T.);
#1451=ORIENTED_EDGE('',*,*,#1067,.F.);
#1452=ORIENTED_EDGE('',*,*,#1077,.F.);
#1453=ORIENTED_EDGE('',*,*,#1069,.F.);
#1454=ORIENTED_EDGE('',*,*,#1078,.T.);
#1455=ORIENTED_EDGE('',*,*,#1079,.T.);
#1456=ORIENTED_EDGE('',*,*,#1080,.F.);
#1457=ORIENTED_EDGE('',*,*,#1081,.F.);
#1458=ORIENTED_EDGE('',*,*,#1082,.F.);
#1459=ORIENTED_EDGE('',*,*,#1083,.F.);
#1460=ORIENTED_EDGE('',*,*,#1084,.F.);
#1461=ORIENTED_EDGE('',*,*,#1085,.T.);
#1462=ORIENTED_EDGE('',*,*,#1086,.T.);
#1463=ORIENTED_EDGE('',*,*,#1087,.T.);
#1464=ORIENTED_EDGE('',*,*,#1088,.T.);
#1465=ORIENTED_EDGE('',*,*,#1089,.T.);
#1466=ORIENTED_EDGE('',*,*,#1090,.T.);
#1467=ORIENTED_EDGE('',*,*,#1091,.T.);
#1468=ORIENTED_EDGE('',*,*,#1092,.T.);
#1469=ORIENTED_EDGE('',*,*,#1065,.T.);
#1470=ORIENTED_EDGE('',*,*,#1072,.T.);
#1471=ORIENTED_EDGE('',*,*,#1093,.F.);
#1472=ORIENTED_EDGE('',*,*,#1094,.F.);
#1473=ORIENTED_EDGE('',*,*,#1095,.F.);
#1474=ORIENTED_EDGE('',*,*,#1096,.F.);
#1475=ORIENTED_EDGE('',*,*,#1097,.T.);
#1476=ORIENTED_EDGE('',*,*,#1098,.T.);
#1477=ORIENTED_EDGE('',*,*,#1099,.F.);
#1478=ORIENTED_EDGE('',*,*,#1100,.F.);
#1479=ORIENTED_EDGE('',*,*,#1101,.F.);
#1480=ORIENTED_EDGE('',*,*,#1102,.F.);
#1481=ORIENTED_EDGE('',*,*,#1103,.T.);
#1482=ORIENTED_EDGE('',*,*,#1104,.T.);
#1483=ORIENTED_EDGE('',*,*,#1105,.T.);
#1484=ORIENTED_EDGE('',*,*,#1106,.T.);
#1485=ORIENTED_EDGE('',*,*,#1107,.T.);
#1486=ORIENTED_EDGE('',*,*,#1108,.T.);
#1487=ORIENTED_EDGE('',*,*,#1109,.T.);
#1488=ORIENTED_EDGE('',*,*,#1110,.T.);
#1489=ORIENTED_EDGE('',*,*,#1111,.T.);
#1490=ORIENTED_EDGE('',*,*,#1112,.T.);
#1491=ORIENTED_EDGE('',*,*,#1113,.F.);
#1492=ORIENTED_EDGE('',*,*,#1114,.F.);
#1493=ORIENTED_EDGE('',*,*,#1115,.T.);
#1494=ORIENTED_EDGE('',*,*,#1116,.T.);
#1495=ORIENTED_EDGE('',*,*,#1117,.T.);
#1496=ORIENTED_EDGE('',*,*,#1118,.T.);
#1497=ORIENTED_EDGE('',*,*,#1119,.T.);
#1498=ORIENTED_EDGE('',*,*,#1120,.T.);
#1499=ORIENTED_EDGE('',*,*,#1121,.T.);
#1500=ORIENTED_EDGE('',*,*,#1122,.T.);
#1501=ORIENTED_EDGE('',*,*,#1123,.T.);
#1502=ORIENTED_EDGE('',*,*,#1124,.T.);
#1503=ORIENTED_EDGE('',*,*,#1125,.F.);
#1504=ORIENTED_EDGE('',*,*,#1079,.F.);
#1505=ORIENTED_EDGE('',*,*,#1126,.F.);
#1506=ORIENTED_EDGE('',*,*,#1127,.F.);
#1507=ORIENTED_EDGE('',*,*,#1128,.F.);
#1508=ORIENTED_EDGE('',*,*,#1129,.F.);
#1509=ORIENTED_EDGE('',*,*,#1130,.F.);
#1510=ORIENTED_EDGE('',*,*,#1131,.F.);
#1511=ORIENTED_EDGE('',*,*,#1132,.F.);
#1512=ORIENTED_EDGE('',*,*,#1133,.F.);
#1513=ORIENTED_EDGE('',*,*,#1134,.F.);
#1514=ORIENTED_EDGE('',*,*,#1135,.F.);
#1515=ORIENTED_EDGE('',*,*,#1136,.F.);
#1516=ORIENTED_EDGE('',*,*,#1137,.F.);
#1517=ORIENTED_EDGE('',*,*,#1138,.F.);
#1518=ORIENTED_EDGE('',*,*,#1139,.F.);
#1519=ORIENTED_EDGE('',*,*,#1140,.F.);
#1520=ORIENTED_EDGE('',*,*,#1141,.F.);
#1521=ORIENTED_EDGE('',*,*,#1142,.F.);
#1522=ORIENTED_EDGE('',*,*,#1143,.F.);
#1523=ORIENTED_EDGE('',*,*,#1144,.F.);
#1524=ORIENTED_EDGE('',*,*,#1145,.F.);
#1525=ORIENTED_EDGE('',*,*,#1146,.F.);
#1526=ORIENTED_EDGE('',*,*,#1147,.F.);
#1527=ORIENTED_EDGE('',*,*,#1148,.F.);
#1528=ORIENTED_EDGE('',*,*,#1149,.F.);
#1529=ORIENTED_EDGE('',*,*,#1150,.F.);
#1530=ORIENTED_EDGE('',*,*,#1151,.F.);
#1531=ORIENTED_EDGE('',*,*,#1152,.F.);
#1532=ORIENTED_EDGE('',*,*,#1153,.F.);
#1533=ORIENTED_EDGE('',*,*,#1154,.F.);
#1534=ORIENTED_EDGE('',*,*,#1155,.F.);
#1535=ORIENTED_EDGE('',*,*,#1156,.F.);
#1536=ORIENTED_EDGE('',*,*,#1157,.F.);
#1537=ORIENTED_EDGE('',*,*,#1158,.F.);
#1538=ORIENTED_EDGE('',*,*,#1159,.F.);
#1539=ORIENTED_EDGE('',*,*,#1160,.F.);
#1540=ORIENTED_EDGE('',*,*,#1161,.F.);
#1541=ORIENTED_EDGE('',*,*,#1162,.F.);
#1542=ORIENTED_EDGE('',*,*,#1163,.F.);
#1543=ORIENTED_EDGE('',*,*,#1164,.F.);
#1544=ORIENTED_EDGE('',*,*,#1165,.F.);
#1545=ORIENTED_EDGE('',*,*,#1166,.F.);
#1546=ORIENTED_EDGE('',*,*,#1167,.F.);
#1547=ORIENTED_EDGE('',*,*,#1168,.F.);
#1548=ORIENTED_EDGE('',*,*,#1169,.F.);
#1549=ORIENTED_EDGE('',*,*,#1170,.F.);
#1550=ORIENTED_EDGE('',*,*,#1171,.F.);
#1551=ORIENTED_EDGE('',*,*,#1172,.F.);
#1552=ORIENTED_EDGE('',*,*,#1173,.F.);
#1553=ORIENTED_EDGE('',*,*,#1174,.F.);
#1554=ORIENTED_EDGE('',*,*,#1175,.F.);
#1555=ORIENTED_EDGE('',*,*,#1176,.F.);
#1556=ORIENTED_EDGE('',*,*,#1177,.F.);
#1557=ORIENTED_EDGE('',*,*,#1178,.F.);
#1558=ORIENTED_EDGE('',*,*,#1179,.F.);
#1559=ORIENTED_EDGE('',*,*,#1180,.F.);
#1560=ORIENTED_EDGE('',*,*,#1181,.F.);
#1561=ORIENTED_EDGE('',*,*,#1182,.F.);
#1562=ORIENTED_EDGE('',*,*,#1183,.F.);
#1563=ORIENTED_EDGE('',*,*,#1184,.F.);
#1564=ORIENTED_EDGE('',*,*,#1185,.F.);
#1565=ORIENTED_EDGE('',*,*,#1186,.F.);
#1566=ORIENTED_EDGE('',*,*,#1187,.F.);
#1567=ORIENTED_EDGE('',*,*,#1188,.F.);
#1568=ORIENTED_EDGE('',*,*,#1189,.F.);
#1569=ORIENTED_EDGE('',*,*,#1190,.F.);
#1570=ORIENTED_EDGE('',*,*,#1191,.F.);
#1571=ORIENTED_EDGE('',*,*,#1192,.F.);
#1572=ORIENTED_EDGE('',*,*,#1193,.F.);
#1573=ORIENTED_EDGE('',*,*,#1194,.F.);
#1574=ORIENTED_EDGE('',*,*,#1073,.F.);
#1575=ORIENTED_EDGE('',*,*,#1076,.F.);
#1576=ORIENTED_EDGE('',*,*,#1061,.F.);
#1577=ORIENTED_EDGE('',*,*,#1060,.T.);
#1578=ORIENTED_EDGE('',*,*,#1137,.T.);
#1579=ORIENTED_EDGE('',*,*,#1195,.T.);
#1580=ORIENTED_EDGE('',*,*,#1196,.T.);
#1581=ORIENTED_EDGE('',*,*,#1197,.F.);
#1582=ORIENTED_EDGE('',*,*,#1085,.F.);
#1583=ORIENTED_EDGE('',*,*,#1198,.F.);
#1584=ORIENTED_EDGE('',*,*,#1196,.F.);
#1585=ORIENTED_EDGE('',*,*,#1199,.T.);
#1586=ORIENTED_EDGE('',*,*,#1200,.T.);
#1587=ORIENTED_EDGE('',*,*,#1200,.F.);
#1588=ORIENTED_EDGE('',*,*,#1201,.T.);
#1589=ORIENTED_EDGE('',*,*,#1202,.T.);
#1590=ORIENTED_EDGE('',*,*,#1203,.F.);
#1591=ORIENTED_EDGE('',*,*,#1086,.F.);
#1592=ORIENTED_EDGE('',*,*,#1135,.T.);
#1593=ORIENTED_EDGE('',*,*,#1204,.F.);
#1594=ORIENTED_EDGE('',*,*,#1202,.F.);
#1595=ORIENTED_EDGE('',*,*,#1205,.T.);
#1596=ORIENTED_EDGE('',*,*,#1195,.F.);
#1597=ORIENTED_EDGE('',*,*,#1136,.T.);
#1598=ORIENTED_EDGE('',*,*,#1205,.F.);
#1599=ORIENTED_EDGE('',*,*,#1206,.T.);
#1600=ORIENTED_EDGE('',*,*,#1199,.F.);
#1601=ORIENTED_EDGE('',*,*,#1206,.F.);
#1602=ORIENTED_EDGE('',*,*,#1201,.F.);
#1603=ORIENTED_EDGE('',*,*,#1134,.T.);
#1604=ORIENTED_EDGE('',*,*,#1207,.T.);
#1605=ORIENTED_EDGE('',*,*,#1208,.T.);
#1606=ORIENTED_EDGE('',*,*,#1204,.T.);
#1607=ORIENTED_EDGE('',*,*,#1087,.F.);
#1608=ORIENTED_EDGE('',*,*,#1203,.T.);
#1609=ORIENTED_EDGE('',*,*,#1208,.F.);
#1610=ORIENTED_EDGE('',*,*,#1209,.T.);
#1611=ORIENTED_EDGE('',*,*,#1210,.T.);
#1612=ORIENTED_EDGE('',*,*,#1210,.F.);
#1613=ORIENTED_EDGE('',*,*,#1211,.T.);
#1614=ORIENTED_EDGE('',*,*,#1212,.T.);
#1615=ORIENTED_EDGE('',*,*,#1213,.F.);
#1616=ORIENTED_EDGE('',*,*,#1088,.F.);
#1617=ORIENTED_EDGE('',*,*,#1132,.T.);
#1618=ORIENTED_EDGE('',*,*,#1214,.F.);
#1619=ORIENTED_EDGE('',*,*,#1212,.F.);
#1620=ORIENTED_EDGE('',*,*,#1215,.T.);
#1621=ORIENTED_EDGE('',*,*,#1207,.F.);
#1622=ORIENTED_EDGE('',*,*,#1133,.T.);
#1623=ORIENTED_EDGE('',*,*,#1215,.F.);
#1624=ORIENTED_EDGE('',*,*,#1216,.T.);
#1625=ORIENTED_EDGE('',*,*,#1209,.F.);
#1626=ORIENTED_EDGE('',*,*,#1216,.F.);
#1627=ORIENTED_EDGE('',*,*,#1211,.F.);
#1628=ORIENTED_EDGE('',*,*,#1188,.T.);
#1629=ORIENTED_EDGE('',*,*,#1217,.T.);
#1630=ORIENTED_EDGE('',*,*,#1218,.T.);
#1631=ORIENTED_EDGE('',*,*,#1219,.F.);
#1632=ORIENTED_EDGE('',*,*,#1097,.F.);
#1633=ORIENTED_EDGE('',*,*,#1220,.F.);
#1634=ORIENTED_EDGE('',*,*,#1218,.F.);
#1635=ORIENTED_EDGE('',*,*,#1221,.T.);
#1636=ORIENTED_EDGE('',*,*,#1222,.T.);
#1637=ORIENTED_EDGE('',*,*,#1222,.F.);
#1638=ORIENTED_EDGE('',*,*,#1223,.T.);
#1639=ORIENTED_EDGE('',*,*,#1224,.T.);
#1640=ORIENTED_EDGE('',*,*,#1225,.F.);
#1641=ORIENTED_EDGE('',*,*,#1098,.F.);
#1642=ORIENTED_EDGE('',*,*,#1186,.T.);
#1643=ORIENTED_EDGE('',*,*,#1226,.F.);
#1644=ORIENTED_EDGE('',*,*,#1224,.F.);
#1645=ORIENTED_EDGE('',*,*,#1227,.T.);
#1646=ORIENTED_EDGE('',*,*,#1217,.F.);
#1647=ORIENTED_EDGE('',*,*,#1187,.T.);
#1648=ORIENTED_EDGE('',*,*,#1227,.F.);
#1649=ORIENTED_EDGE('',*,*,#1228,.T.);
#1650=ORIENTED_EDGE('',*,*,#1221,.F.);
#1651=ORIENTED_EDGE('',*,*,#1228,.F.);
#1652=ORIENTED_EDGE('',*,*,#1223,.F.);
#1653=ORIENTED_EDGE('',*,*,#1128,.T.);
#1654=ORIENTED_EDGE('',*,*,#1229,.T.);
#1655=ORIENTED_EDGE('',*,*,#1230,.T.);
#1656=ORIENTED_EDGE('',*,*,#1231,.F.);
#1657=ORIENTED_EDGE('',*,*,#1091,.F.);
#1658=ORIENTED_EDGE('',*,*,#1232,.F.);
#1659=ORIENTED_EDGE('',*,*,#1230,.F.);
#1660=ORIENTED_EDGE('',*,*,#1233,.T.);
#1661=ORIENTED_EDGE('',*,*,#1234,.T.);
#1662=ORIENTED_EDGE('',*,*,#1234,.F.);
#1663=ORIENTED_EDGE('',*,*,#1235,.T.);
#1664=ORIENTED_EDGE('',*,*,#1236,.T.);
#1665=ORIENTED_EDGE('',*,*,#1066,.T.);
#1666=ORIENTED_EDGE('',*,*,#1092,.F.);
#1667=ORIENTED_EDGE('',*,*,#1126,.T.);
#1668=ORIENTED_EDGE('',*,*,#1064,.T.);
#1669=ORIENTED_EDGE('',*,*,#1236,.F.);
#1670=ORIENTED_EDGE('',*,*,#1237,.T.);
#1671=ORIENTED_EDGE('',*,*,#1229,.F.);
#1672=ORIENTED_EDGE('',*,*,#1127,.T.);
#1673=ORIENTED_EDGE('',*,*,#1237,.F.);
#1674=ORIENTED_EDGE('',*,*,#1238,.T.);
#1675=ORIENTED_EDGE('',*,*,#1233,.F.);
#1676=ORIENTED_EDGE('',*,*,#1238,.F.);
#1677=ORIENTED_EDGE('',*,*,#1235,.F.);
#1678=ORIENTED_EDGE('',*,*,#1131,.T.);
#1679=ORIENTED_EDGE('',*,*,#1239,.T.);
#1680=ORIENTED_EDGE('',*,*,#1240,.T.);
#1681=ORIENTED_EDGE('',*,*,#1214,.T.);
#1682=ORIENTED_EDGE('',*,*,#1089,.F.);
#1683=ORIENTED_EDGE('',*,*,#1213,.T.);
#1684=ORIENTED_EDGE('',*,*,#1240,.F.);
#1685=ORIENTED_EDGE('',*,*,#1241,.T.);
#1686=ORIENTED_EDGE('',*,*,#1242,.T.);
#1687=ORIENTED_EDGE('',*,*,#1242,.F.);
#1688=ORIENTED_EDGE('',*,*,#1243,.T.);
#1689=ORIENTED_EDGE('',*,*,#1244,.T.);
#1690=ORIENTED_EDGE('',*,*,#1232,.T.);
#1691=ORIENTED_EDGE('',*,*,#1090,.F.);
#1692=ORIENTED_EDGE('',*,*,#1129,.T.);
#1693=ORIENTED_EDGE('',*,*,#1231,.T.);
#1694=ORIENTED_EDGE('',*,*,#1244,.F.);
#1695=ORIENTED_EDGE('',*,*,#1245,.T.);
#1696=ORIENTED_EDGE('',*,*,#1239,.F.);
#1697=ORIENTED_EDGE('',*,*,#1130,.T.);
#1698=ORIENTED_EDGE('',*,*,#1245,.F.);
#1699=ORIENTED_EDGE('',*,*,#1246,.T.);
#1700=ORIENTED_EDGE('',*,*,#1241,.F.);
#1701=ORIENTED_EDGE('',*,*,#1246,.F.);
#1702=ORIENTED_EDGE('',*,*,#1243,.F.);
#1703=ORIENTED_EDGE('',*,*,#1149,.T.);
#1704=ORIENTED_EDGE('',*,*,#1247,.T.);
#1705=ORIENTED_EDGE('',*,*,#1248,.T.);
#1706=ORIENTED_EDGE('',*,*,#1249,.F.);
#1707=ORIENTED_EDGE('',*,*,#1123,.F.);
#1708=ORIENTED_EDGE('',*,*,#1250,.F.);
#1709=ORIENTED_EDGE('',*,*,#1248,.F.);
#1710=ORIENTED_EDGE('',*,*,#1251,.T.);
#1711=ORIENTED_EDGE('',*,*,#1252,.T.);
#1712=ORIENTED_EDGE('',*,*,#1252,.F.);
#1713=ORIENTED_EDGE('',*,*,#1253,.T.);
#1714=ORIENTED_EDGE('',*,*,#1254,.T.);
#1715=ORIENTED_EDGE('',*,*,#1255,.F.);
#1716=ORIENTED_EDGE('',*,*,#1124,.F.);
#1717=ORIENTED_EDGE('',*,*,#1147,.T.);
#1718=ORIENTED_EDGE('',*,*,#1256,.F.);
#1719=ORIENTED_EDGE('',*,*,#1254,.F.);
#1720=ORIENTED_EDGE('',*,*,#1257,.T.);
#1721=ORIENTED_EDGE('',*,*,#1247,.F.);
#1722=ORIENTED_EDGE('',*,*,#1148,.T.);
#1723=ORIENTED_EDGE('',*,*,#1257,.F.);
#1724=ORIENTED_EDGE('',*,*,#1258,.T.);
#1725=ORIENTED_EDGE('',*,*,#1251,.F.);
#1726=ORIENTED_EDGE('',*,*,#1258,.F.);
#1727=ORIENTED_EDGE('',*,*,#1253,.F.);
#1728=ORIENTED_EDGE('',*,*,#1155,.T.);
#1729=ORIENTED_EDGE('',*,*,#1259,.T.);
#1730=ORIENTED_EDGE('',*,*,#1260,.T.);
#1731=ORIENTED_EDGE('',*,*,#1261,.F.);
#1732=ORIENTED_EDGE('',*,*,#1119,.F.);
#1733=ORIENTED_EDGE('',*,*,#1262,.F.);
#1734=ORIENTED_EDGE('',*,*,#1260,.F.);
#1735=ORIENTED_EDGE('',*,*,#1263,.T.);
#1736=ORIENTED_EDGE('',*,*,#1264,.T.);
#1737=ORIENTED_EDGE('',*,*,#1264,.F.);
#1738=ORIENTED_EDGE('',*,*,#1265,.T.);
#1739=ORIENTED_EDGE('',*,*,#1266,.T.);
#1740=ORIENTED_EDGE('',*,*,#1267,.F.);
#1741=ORIENTED_EDGE('',*,*,#1120,.F.);
#1742=ORIENTED_EDGE('',*,*,#1153,.T.);
#1743=ORIENTED_EDGE('',*,*,#1268,.F.);
#1744=ORIENTED_EDGE('',*,*,#1266,.F.);
#1745=ORIENTED_EDGE('',*,*,#1269,.T.);
#1746=ORIENTED_EDGE('',*,*,#1259,.F.);
#1747=ORIENTED_EDGE('',*,*,#1154,.T.);
#1748=ORIENTED_EDGE('',*,*,#1269,.F.);
#1749=ORIENTED_EDGE('',*,*,#1270,.T.);
#1750=ORIENTED_EDGE('',*,*,#1263,.F.);
#1751=ORIENTED_EDGE('',*,*,#1270,.F.);
#1752=ORIENTED_EDGE('',*,*,#1265,.F.);
#1753=ORIENTED_EDGE('',*,*,#1158,.T.);
#1754=ORIENTED_EDGE('',*,*,#1271,.T.);
#1755=ORIENTED_EDGE('',*,*,#1272,.T.);
#1756=ORIENTED_EDGE('',*,*,#1273,.F.);
#1757=ORIENTED_EDGE('',*,*,#1117,.F.);
#1758=ORIENTED_EDGE('',*,*,#1274,.F.);
#1759=ORIENTED_EDGE('',*,*,#1272,.F.);
#1760=ORIENTED_EDGE('',*,*,#1275,.T.);
#1761=ORIENTED_EDGE('',*,*,#1276,.T.);
#1762=ORIENTED_EDGE('',*,*,#1276,.F.);
#1763=ORIENTED_EDGE('',*,*,#1277,.T.);
#1764=ORIENTED_EDGE('',*,*,#1278,.T.);
#1765=ORIENTED_EDGE('',*,*,#1262,.T.);
#1766=ORIENTED_EDGE('',*,*,#1118,.F.);
#1767=ORIENTED_EDGE('',*,*,#1156,.T.);
#1768=ORIENTED_EDGE('',*,*,#1261,.T.);
#1769=ORIENTED_EDGE('',*,*,#1278,.F.);
#1770=ORIENTED_EDGE('',*,*,#1279,.T.);
#1771=ORIENTED_EDGE('',*,*,#1271,.F.);
#1772=ORIENTED_EDGE('',*,*,#1157,.T.);
#1773=ORIENTED_EDGE('',*,*,#1279,.F.);
#1774=ORIENTED_EDGE('',*,*,#1280,.T.);
#1775=ORIENTED_EDGE('',*,*,#1275,.F.);
#1776=ORIENTED_EDGE('',*,*,#1280,.F.);
#1777=ORIENTED_EDGE('',*,*,#1277,.F.);
#1778=ORIENTED_EDGE('',*,*,#1173,.T.);
#1779=ORIENTED_EDGE('',*,*,#1281,.T.);
#1780=ORIENTED_EDGE('',*,*,#1282,.T.);
#1781=ORIENTED_EDGE('',*,*,#1283,.F.);
#1782=ORIENTED_EDGE('',*,*,#1107,.F.);
#1783=ORIENTED_EDGE('',*,*,#1284,.F.);
#1784=ORIENTED_EDGE('',*,*,#1282,.F.);
#1785=ORIENTED_EDGE('',*,*,#1285,.T.);
#1786=ORIENTED_EDGE('',*,*,#1286,.T.);
#1787=ORIENTED_EDGE('',*,*,#1286,.F.);
#1788=ORIENTED_EDGE('',*,*,#1287,.T.);
#1789=ORIENTED_EDGE('',*,*,#1288,.T.);
#1790=ORIENTED_EDGE('',*,*,#1289,.F.);
#1791=ORIENTED_EDGE('',*,*,#1108,.F.);
#1792=ORIENTED_EDGE('',*,*,#1171,.T.);
#1793=ORIENTED_EDGE('',*,*,#1290,.F.);
#1794=ORIENTED_EDGE('',*,*,#1288,.F.);
#1795=ORIENTED_EDGE('',*,*,#1291,.T.);
#1796=ORIENTED_EDGE('',*,*,#1281,.F.);
#1797=ORIENTED_EDGE('',*,*,#1172,.T.);
#1798=ORIENTED_EDGE('',*,*,#1291,.F.);
#1799=ORIENTED_EDGE('',*,*,#1292,.T.);
#1800=ORIENTED_EDGE('',*,*,#1285,.F.);
#1801=ORIENTED_EDGE('',*,*,#1292,.F.);
#1802=ORIENTED_EDGE('',*,*,#1287,.F.);
#1803=ORIENTED_EDGE('',*,*,#1176,.T.);
#1804=ORIENTED_EDGE('',*,*,#1293,.T.);
#1805=ORIENTED_EDGE('',*,*,#1294,.T.);
#1806=ORIENTED_EDGE('',*,*,#1295,.F.);
#1807=ORIENTED_EDGE('',*,*,#1105,.F.);
#1808=ORIENTED_EDGE('',*,*,#1296,.F.);
#1809=ORIENTED_EDGE('',*,*,#1294,.F.);
#1810=ORIENTED_EDGE('',*,*,#1297,.T.);
#1811=ORIENTED_EDGE('',*,*,#1298,.T.);
#1812=ORIENTED_EDGE('',*,*,#1298,.F.);
#1813=ORIENTED_EDGE('',*,*,#1299,.T.);
#1814=ORIENTED_EDGE('',*,*,#1300,.T.);
#1815=ORIENTED_EDGE('',*,*,#1284,.T.);
#1816=ORIENTED_EDGE('',*,*,#1106,.F.);
#1817=ORIENTED_EDGE('',*,*,#1174,.T.);
#1818=ORIENTED_EDGE('',*,*,#1283,.T.);
#1819=ORIENTED_EDGE('',*,*,#1300,.F.);
#1820=ORIENTED_EDGE('',*,*,#1301,.T.);
#1821=ORIENTED_EDGE('',*,*,#1293,.F.);
#1822=ORIENTED_EDGE('',*,*,#1175,.T.);
#1823=ORIENTED_EDGE('',*,*,#1301,.F.);
#1824=ORIENTED_EDGE('',*,*,#1302,.T.);
#1825=ORIENTED_EDGE('',*,*,#1297,.F.);
#1826=ORIENTED_EDGE('',*,*,#1302,.F.);
#1827=ORIENTED_EDGE('',*,*,#1299,.F.);
#1828=ORIENTED_EDGE('',*,*,#1179,.T.);
#1829=ORIENTED_EDGE('',*,*,#1303,.T.);
#1830=ORIENTED_EDGE('',*,*,#1304,.T.);
#1831=ORIENTED_EDGE('',*,*,#1305,.F.);
#1832=ORIENTED_EDGE('',*,*,#1103,.F.);
#1833=ORIENTED_EDGE('',*,*,#1306,.F.);
#1834=ORIENTED_EDGE('',*,*,#1304,.F.);
#1835=ORIENTED_EDGE('',*,*,#1307,.T.);
#1836=ORIENTED_EDGE('',*,*,#1308,.T.);
#1837=ORIENTED_EDGE('',*,*,#1308,.F.);
#1838=ORIENTED_EDGE('',*,*,#1309,.T.);
#1839=ORIENTED_EDGE('',*,*,#1310,.T.);
#1840=ORIENTED_EDGE('',*,*,#1296,.T.);
#1841=ORIENTED_EDGE('',*,*,#1104,.F.);
#1842=ORIENTED_EDGE('',*,*,#1177,.T.);
#1843=ORIENTED_EDGE('',*,*,#1295,.T.);
#1844=ORIENTED_EDGE('',*,*,#1310,.F.);
#1845=ORIENTED_EDGE('',*,*,#1311,.T.);
#1846=ORIENTED_EDGE('',*,*,#1303,.F.);
#1847=ORIENTED_EDGE('',*,*,#1178,.T.);
#1848=ORIENTED_EDGE('',*,*,#1311,.F.);
#1849=ORIENTED_EDGE('',*,*,#1312,.T.);
#1850=ORIENTED_EDGE('',*,*,#1307,.F.);
#1851=ORIENTED_EDGE('',*,*,#1312,.F.);
#1852=ORIENTED_EDGE('',*,*,#1309,.F.);
#1853=ORIENTED_EDGE('',*,*,#1170,.T.);
#1854=ORIENTED_EDGE('',*,*,#1313,.T.);
#1855=ORIENTED_EDGE('',*,*,#1314,.T.);
#1856=ORIENTED_EDGE('',*,*,#1290,.T.);
#1857=ORIENTED_EDGE('',*,*,#1109,.F.);
#1858=ORIENTED_EDGE('',*,*,#1289,.T.);
#1859=ORIENTED_EDGE('',*,*,#1314,.F.);
#1860=ORIENTED_EDGE('',*,*,#1315,.T.);
#1861=ORIENTED_EDGE('',*,*,#1316,.T.);
#1862=ORIENTED_EDGE('',*,*,#1316,.F.);
#1863=ORIENTED_EDGE('',*,*,#1317,.T.);
#1864=ORIENTED_EDGE('',*,*,#1318,.T.);
#1865=ORIENTED_EDGE('',*,*,#1319,.F.);
#1866=ORIENTED_EDGE('',*,*,#1110,.F.);
#1867=ORIENTED_EDGE('',*,*,#1168,.T.);
#1868=ORIENTED_EDGE('',*,*,#1320,.F.);
#1869=ORIENTED_EDGE('',*,*,#1318,.F.);
#1870=ORIENTED_EDGE('',*,*,#1321,.T.);
#1871=ORIENTED_EDGE('',*,*,#1313,.F.);
#1872=ORIENTED_EDGE('',*,*,#1169,.T.);
#1873=ORIENTED_EDGE('',*,*,#1321,.F.);
#1874=ORIENTED_EDGE('',*,*,#1322,.T.);
#1875=ORIENTED_EDGE('',*,*,#1315,.F.);
#1876=ORIENTED_EDGE('',*,*,#1322,.F.);
#1877=ORIENTED_EDGE('',*,*,#1317,.F.);
#1878=ORIENTED_EDGE('',*,*,#1161,.T.);
#1879=ORIENTED_EDGE('',*,*,#1323,.T.);
#1880=ORIENTED_EDGE('',*,*,#1324,.T.);
#1881=ORIENTED_EDGE('',*,*,#1325,.F.);
#1882=ORIENTED_EDGE('',*,*,#1115,.F.);
#1883=ORIENTED_EDGE('',*,*,#1326,.F.);
#1884=ORIENTED_EDGE('',*,*,#1324,.F.);
#1885=ORIENTED_EDGE('',*,*,#1327,.T.);
#1886=ORIENTED_EDGE('',*,*,#1328,.T.);
#1887=ORIENTED_EDGE('',*,*,#1328,.F.);
#1888=ORIENTED_EDGE('',*,*,#1329,.T.);
#1889=ORIENTED_EDGE('',*,*,#1330,.T.);
#1890=ORIENTED_EDGE('',*,*,#1274,.T.);
#1891=ORIENTED_EDGE('',*,*,#1116,.F.);
#1892=ORIENTED_EDGE('',*,*,#1159,.T.);
#1893=ORIENTED_EDGE('',*,*,#1273,.T.);
#1894=ORIENTED_EDGE('',*,*,#1330,.F.);
#1895=ORIENTED_EDGE('',*,*,#1331,.T.);
#1896=ORIENTED_EDGE('',*,*,#1323,.F.);
#1897=ORIENTED_EDGE('',*,*,#1160,.T.);
#1898=ORIENTED_EDGE('',*,*,#1331,.F.);
#1899=ORIENTED_EDGE('',*,*,#1332,.T.);
#1900=ORIENTED_EDGE('',*,*,#1327,.F.);
#1901=ORIENTED_EDGE('',*,*,#1332,.F.);
#1902=ORIENTED_EDGE('',*,*,#1329,.F.);
#1903=ORIENTED_EDGE('',*,*,#1152,.T.);
#1904=ORIENTED_EDGE('',*,*,#1333,.T.);
#1905=ORIENTED_EDGE('',*,*,#1334,.T.);
#1906=ORIENTED_EDGE('',*,*,#1268,.T.);
#1907=ORIENTED_EDGE('',*,*,#1121,.F.);
#1908=ORIENTED_EDGE('',*,*,#1267,.T.);
#1909=ORIENTED_EDGE('',*,*,#1334,.F.);
#1910=ORIENTED_EDGE('',*,*,#1335,.T.);
#1911=ORIENTED_EDGE('',*,*,#1336,.T.);
#1912=ORIENTED_EDGE('',*,*,#1336,.F.);
#1913=ORIENTED_EDGE('',*,*,#1337,.T.);
#1914=ORIENTED_EDGE('',*,*,#1338,.T.);
#1915=ORIENTED_EDGE('',*,*,#1250,.T.);
#1916=ORIENTED_EDGE('',*,*,#1122,.F.);
#1917=ORIENTED_EDGE('',*,*,#1150,.T.);
#1918=ORIENTED_EDGE('',*,*,#1249,.T.);
#1919=ORIENTED_EDGE('',*,*,#1338,.F.);
#1920=ORIENTED_EDGE('',*,*,#1339,.T.);
#1921=ORIENTED_EDGE('',*,*,#1333,.F.);
#1922=ORIENTED_EDGE('',*,*,#1151,.T.);
#1923=ORIENTED_EDGE('',*,*,#1339,.F.);
#1924=ORIENTED_EDGE('',*,*,#1340,.T.);
#1925=ORIENTED_EDGE('',*,*,#1335,.F.);
#1926=ORIENTED_EDGE('',*,*,#1340,.F.);
#1927=ORIENTED_EDGE('',*,*,#1337,.F.);
#1928=ORIENTED_EDGE('',*,*,#1167,.T.);
#1929=ORIENTED_EDGE('',*,*,#1341,.T.);
#1930=ORIENTED_EDGE('',*,*,#1342,.T.);
#1931=ORIENTED_EDGE('',*,*,#1320,.T.);
#1932=ORIENTED_EDGE('',*,*,#1111,.F.);
#1933=ORIENTED_EDGE('',*,*,#1319,.T.);
#1934=ORIENTED_EDGE('',*,*,#1342,.F.);
#1935=ORIENTED_EDGE('',*,*,#1343,.T.);
#1936=ORIENTED_EDGE('',*,*,#1344,.T.);
#1937=ORIENTED_EDGE('',*,*,#1344,.F.);
#1938=ORIENTED_EDGE('',*,*,#1345,.T.);
#1939=ORIENTED_EDGE('',*,*,#1346,.T.);
#1940=ORIENTED_EDGE('',*,*,#1347,.F.);
#1941=ORIENTED_EDGE('',*,*,#1112,.F.);
#1942=ORIENTED_EDGE('',*,*,#1165,.T.);
#1943=ORIENTED_EDGE('',*,*,#1348,.F.);
#1944=ORIENTED_EDGE('',*,*,#1346,.F.);
#1945=ORIENTED_EDGE('',*,*,#1349,.T.);
#1946=ORIENTED_EDGE('',*,*,#1341,.F.);
#1947=ORIENTED_EDGE('',*,*,#1166,.T.);
#1948=ORIENTED_EDGE('',*,*,#1349,.F.);
#1949=ORIENTED_EDGE('',*,*,#1350,.T.);
#1950=ORIENTED_EDGE('',*,*,#1343,.F.);
#1951=ORIENTED_EDGE('',*,*,#1350,.F.);
#1952=ORIENTED_EDGE('',*,*,#1345,.F.);
#1953=ORIENTED_EDGE('',*,*,#1351,.F.);
#1954=ORIENTED_EDGE('',*,*,#1058,.T.);
#1955=ORIENTED_EDGE('',*,*,#1078,.F.);
#1956=ORIENTED_EDGE('',*,*,#1352,.T.);
#1957=ORIENTED_EDGE('',*,*,#1351,.T.);
#1958=ORIENTED_EDGE('',*,*,#1352,.F.);
#1959=ORIENTED_EDGE('',*,*,#1185,.T.);
#1960=ORIENTED_EDGE('',*,*,#1353,.T.);
#1961=ORIENTED_EDGE('',*,*,#1354,.T.);
#1962=ORIENTED_EDGE('',*,*,#1226,.T.);
#1963=ORIENTED_EDGE('',*,*,#1099,.T.);
#1964=ORIENTED_EDGE('',*,*,#1225,.T.);
#1965=ORIENTED_EDGE('',*,*,#1354,.F.);
#1966=ORIENTED_EDGE('',*,*,#1355,.T.);
#1967=ORIENTED_EDGE('',*,*,#1356,.T.);
#1968=ORIENTED_EDGE('',*,*,#1356,.F.);
#1969=ORIENTED_EDGE('',*,*,#1357,.T.);
#1970=ORIENTED_EDGE('',*,*,#1358,.T.);
#1971=ORIENTED_EDGE('',*,*,#1359,.F.);
#1972=ORIENTED_EDGE('',*,*,#1100,.T.);
#1973=ORIENTED_EDGE('',*,*,#1183,.T.);
#1974=ORIENTED_EDGE('',*,*,#1360,.F.);
#1975=ORIENTED_EDGE('',*,*,#1358,.F.);
#1976=ORIENTED_EDGE('',*,*,#1361,.T.);
#1977=ORIENTED_EDGE('',*,*,#1353,.F.);
#1978=ORIENTED_EDGE('',*,*,#1184,.T.);
#1979=ORIENTED_EDGE('',*,*,#1361,.F.);
#1980=ORIENTED_EDGE('',*,*,#1362,.T.);
#1981=ORIENTED_EDGE('',*,*,#1355,.F.);
#1982=ORIENTED_EDGE('',*,*,#1362,.F.);
#1983=ORIENTED_EDGE('',*,*,#1357,.F.);
#1984=ORIENTED_EDGE('',*,*,#1146,.T.);
#1985=ORIENTED_EDGE('',*,*,#1363,.T.);
#1986=ORIENTED_EDGE('',*,*,#1364,.T.);
#1987=ORIENTED_EDGE('',*,*,#1256,.T.);
#1988=ORIENTED_EDGE('',*,*,#1125,.T.);
#1989=ORIENTED_EDGE('',*,*,#1255,.T.);
#1990=ORIENTED_EDGE('',*,*,#1364,.F.);
#1991=ORIENTED_EDGE('',*,*,#1365,.T.);
#1992=ORIENTED_EDGE('',*,*,#1366,.T.);
#1993=ORIENTED_EDGE('',*,*,#1366,.F.);
#1994=ORIENTED_EDGE('',*,*,#1367,.T.);
#1995=ORIENTED_EDGE('',*,*,#1368,.T.);
#1996=ORIENTED_EDGE('',*,*,#1369,.F.);
#1997=ORIENTED_EDGE('',*,*,#1080,.T.);
#1998=ORIENTED_EDGE('',*,*,#1144,.T.);
#1999=ORIENTED_EDGE('',*,*,#1370,.F.);
#2000=ORIENTED_EDGE('',*,*,#1368,.F.);
#2001=ORIENTED_EDGE('',*,*,#1371,.T.);
#2002=ORIENTED_EDGE('',*,*,#1363,.F.);
#2003=ORIENTED_EDGE('',*,*,#1145,.T.);
#2004=ORIENTED_EDGE('',*,*,#1371,.F.);
#2005=ORIENTED_EDGE('',*,*,#1372,.T.);
#2006=ORIENTED_EDGE('',*,*,#1365,.F.);
#2007=ORIENTED_EDGE('',*,*,#1372,.F.);
#2008=ORIENTED_EDGE('',*,*,#1367,.F.);
#2009=ORIENTED_EDGE('',*,*,#1140,.T.);
#2010=ORIENTED_EDGE('',*,*,#1373,.T.);
#2011=ORIENTED_EDGE('',*,*,#1374,.T.);
#2012=ORIENTED_EDGE('',*,*,#1375,.F.);
#2013=ORIENTED_EDGE('',*,*,#1083,.T.);
#2014=ORIENTED_EDGE('',*,*,#1376,.F.);
#2015=ORIENTED_EDGE('',*,*,#1374,.F.);
#2016=ORIENTED_EDGE('',*,*,#1377,.T.);
#2017=ORIENTED_EDGE('',*,*,#1378,.T.);
#2018=ORIENTED_EDGE('',*,*,#1378,.F.);
#2019=ORIENTED_EDGE('',*,*,#1379,.T.);
#2020=ORIENTED_EDGE('',*,*,#1380,.T.);
#2021=ORIENTED_EDGE('',*,*,#1198,.T.);
#2022=ORIENTED_EDGE('',*,*,#1084,.T.);
#2023=ORIENTED_EDGE('',*,*,#1138,.T.);
#2024=ORIENTED_EDGE('',*,*,#1197,.T.);
#2025=ORIENTED_EDGE('',*,*,#1380,.F.);
#2026=ORIENTED_EDGE('',*,*,#1381,.T.);
#2027=ORIENTED_EDGE('',*,*,#1373,.F.);
#2028=ORIENTED_EDGE('',*,*,#1139,.T.);
#2029=ORIENTED_EDGE('',*,*,#1381,.F.);
#2030=ORIENTED_EDGE('',*,*,#1382,.T.);
#2031=ORIENTED_EDGE('',*,*,#1377,.F.);
#2032=ORIENTED_EDGE('',*,*,#1382,.F.);
#2033=ORIENTED_EDGE('',*,*,#1379,.F.);
#2034=ORIENTED_EDGE('',*,*,#1164,.T.);
#2035=ORIENTED_EDGE('',*,*,#1383,.T.);
#2036=ORIENTED_EDGE('',*,*,#1384,.T.);
#2037=ORIENTED_EDGE('',*,*,#1348,.T.);
#2038=ORIENTED_EDGE('',*,*,#1113,.T.);
#2039=ORIENTED_EDGE('',*,*,#1347,.T.);
#2040=ORIENTED_EDGE('',*,*,#1384,.F.);
#2041=ORIENTED_EDGE('',*,*,#1385,.T.);
#2042=ORIENTED_EDGE('',*,*,#1386,.T.);
#2043=ORIENTED_EDGE('',*,*,#1386,.F.);
#2044=ORIENTED_EDGE('',*,*,#1387,.T.);
#2045=ORIENTED_EDGE('',*,*,#1388,.T.);
#2046=ORIENTED_EDGE('',*,*,#1326,.T.);
#2047=ORIENTED_EDGE('',*,*,#1114,.T.);
#2048=ORIENTED_EDGE('',*,*,#1162,.T.);
#2049=ORIENTED_EDGE('',*,*,#1325,.T.);
#2050=ORIENTED_EDGE('',*,*,#1388,.F.);
#2051=ORIENTED_EDGE('',*,*,#1389,.T.);
#2052=ORIENTED_EDGE('',*,*,#1383,.F.);
#2053=ORIENTED_EDGE('',*,*,#1163,.T.);
#2054=ORIENTED_EDGE('',*,*,#1389,.F.);
#2055=ORIENTED_EDGE('',*,*,#1390,.T.);
#2056=ORIENTED_EDGE('',*,*,#1385,.F.);
#2057=ORIENTED_EDGE('',*,*,#1390,.F.);
#2058=ORIENTED_EDGE('',*,*,#1387,.F.);
#2059=ORIENTED_EDGE('',*,*,#1194,.T.);
#2060=ORIENTED_EDGE('',*,*,#1391,.T.);
#2061=ORIENTED_EDGE('',*,*,#1392,.T.);
#2062=ORIENTED_EDGE('',*,*,#1074,.T.);
#2063=ORIENTED_EDGE('',*,*,#1093,.T.);
#2064=ORIENTED_EDGE('',*,*,#1071,.T.);
#2065=ORIENTED_EDGE('',*,*,#1392,.F.);
#2066=ORIENTED_EDGE('',*,*,#1393,.T.);
#2067=ORIENTED_EDGE('',*,*,#1394,.T.);
#2068=ORIENTED_EDGE('',*,*,#1394,.F.);
#2069=ORIENTED_EDGE('',*,*,#1395,.T.);
#2070=ORIENTED_EDGE('',*,*,#1396,.T.);
#2071=ORIENTED_EDGE('',*,*,#1397,.F.);
#2072=ORIENTED_EDGE('',*,*,#1094,.T.);
#2073=ORIENTED_EDGE('',*,*,#1192,.T.);
#2074=ORIENTED_EDGE('',*,*,#1398,.F.);
#2075=ORIENTED_EDGE('',*,*,#1396,.F.);
#2076=ORIENTED_EDGE('',*,*,#1399,.T.);
#2077=ORIENTED_EDGE('',*,*,#1391,.F.);
#2078=ORIENTED_EDGE('',*,*,#1193,.T.);
#2079=ORIENTED_EDGE('',*,*,#1399,.F.);
#2080=ORIENTED_EDGE('',*,*,#1400,.T.);
#2081=ORIENTED_EDGE('',*,*,#1393,.F.);
#2082=ORIENTED_EDGE('',*,*,#1400,.F.);
#2083=ORIENTED_EDGE('',*,*,#1395,.F.);
#2084=ORIENTED_EDGE('',*,*,#1191,.T.);
#2085=ORIENTED_EDGE('',*,*,#1401,.T.);
#2086=ORIENTED_EDGE('',*,*,#1402,.T.);
#2087=ORIENTED_EDGE('',*,*,#1398,.T.);
#2088=ORIENTED_EDGE('',*,*,#1095,.T.);
#2089=ORIENTED_EDGE('',*,*,#1397,.T.);
#2090=ORIENTED_EDGE('',*,*,#1402,.F.);
#2091=ORIENTED_EDGE('',*,*,#1403,.T.);
#2092=ORIENTED_EDGE('',*,*,#1404,.T.);
#2093=ORIENTED_EDGE('',*,*,#1404,.F.);
#2094=ORIENTED_EDGE('',*,*,#1405,.T.);
#2095=ORIENTED_EDGE('',*,*,#1406,.T.);
#2096=ORIENTED_EDGE('',*,*,#1220,.T.);
#2097=ORIENTED_EDGE('',*,*,#1096,.T.);
#2098=ORIENTED_EDGE('',*,*,#1189,.T.);
#2099=ORIENTED_EDGE('',*,*,#1219,.T.);
#2100=ORIENTED_EDGE('',*,*,#1406,.F.);
#2101=ORIENTED_EDGE('',*,*,#1407,.T.);
#2102=ORIENTED_EDGE('',*,*,#1401,.F.);
#2103=ORIENTED_EDGE('',*,*,#1190,.T.);
#2104=ORIENTED_EDGE('',*,*,#1407,.F.);
#2105=ORIENTED_EDGE('',*,*,#1408,.T.);
#2106=ORIENTED_EDGE('',*,*,#1403,.F.);
#2107=ORIENTED_EDGE('',*,*,#1408,.F.);
#2108=ORIENTED_EDGE('',*,*,#1405,.F.);
#2109=ORIENTED_EDGE('',*,*,#1143,.T.);
#2110=ORIENTED_EDGE('',*,*,#1409,.T.);
#2111=ORIENTED_EDGE('',*,*,#1410,.T.);
#2112=ORIENTED_EDGE('',*,*,#1370,.T.);
#2113=ORIENTED_EDGE('',*,*,#1081,.T.);
#2114=ORIENTED_EDGE('',*,*,#1369,.T.);
#2115=ORIENTED_EDGE('',*,*,#1410,.F.);
#2116=ORIENTED_EDGE('',*,*,#1411,.T.);
#2117=ORIENTED_EDGE('',*,*,#1412,.T.);
#2118=ORIENTED_EDGE('',*,*,#1412,.F.);
#2119=ORIENTED_EDGE('',*,*,#1413,.T.);
#2120=ORIENTED_EDGE('',*,*,#1414,.T.);
#2121=ORIENTED_EDGE('',*,*,#1376,.T.);
#2122=ORIENTED_EDGE('',*,*,#1082,.T.);
#2123=ORIENTED_EDGE('',*,*,#1141,.T.);
#2124=ORIENTED_EDGE('',*,*,#1375,.T.);
#2125=ORIENTED_EDGE('',*,*,#1414,.F.);
#2126=ORIENTED_EDGE('',*,*,#1415,.T.);
#2127=ORIENTED_EDGE('',*,*,#1409,.F.);
#2128=ORIENTED_EDGE('',*,*,#1142,.T.);
#2129=ORIENTED_EDGE('',*,*,#1415,.F.);
#2130=ORIENTED_EDGE('',*,*,#1416,.T.);
#2131=ORIENTED_EDGE('',*,*,#1411,.F.);
#2132=ORIENTED_EDGE('',*,*,#1416,.F.);
#2133=ORIENTED_EDGE('',*,*,#1413,.F.);
#2134=ORIENTED_EDGE('',*,*,#1182,.T.);
#2135=ORIENTED_EDGE('',*,*,#1417,.T.);
#2136=ORIENTED_EDGE('',*,*,#1418,.T.);
#2137=ORIENTED_EDGE('',*,*,#1360,.T.);
#2138=ORIENTED_EDGE('',*,*,#1101,.T.);
#2139=ORIENTED_EDGE('',*,*,#1359,.T.);
#2140=ORIENTED_EDGE('',*,*,#1418,.F.);
#2141=ORIENTED_EDGE('',*,*,#1419,.T.);
#2142=ORIENTED_EDGE('',*,*,#1420,.T.);
#2143=ORIENTED_EDGE('',*,*,#1420,.F.);
#2144=ORIENTED_EDGE('',*,*,#1421,.T.);
#2145=ORIENTED_EDGE('',*,*,#1422,.T.);
#2146=ORIENTED_EDGE('',*,*,#1306,.T.);
#2147=ORIENTED_EDGE('',*,*,#1102,.T.);
#2148=ORIENTED_EDGE('',*,*,#1180,.T.);
#2149=ORIENTED_EDGE('',*,*,#1305,.T.);
#2150=ORIENTED_EDGE('',*,*,#1422,.F.);
#2151=ORIENTED_EDGE('',*,*,#1423,.T.);
#2152=ORIENTED_EDGE('',*,*,#1417,.F.);
#2153=ORIENTED_EDGE('',*,*,#1181,.T.);
#2154=ORIENTED_EDGE('',*,*,#1423,.F.);
#2155=ORIENTED_EDGE('',*,*,#1424,.T.);
#2156=ORIENTED_EDGE('',*,*,#1419,.F.);
#2157=ORIENTED_EDGE('',*,*,#1424,.F.);
#2158=ORIENTED_EDGE('',*,*,#1421,.F.);
#2159=CYLINDRICAL_SURFACE('',#2324,1.05);
#2160=ADVANCED_FACE('',(#433),#2159,.F.);
#2161=ADVANCED_FACE('',(#434),#337,.F.);
#2162=ADVANCED_FACE('',(#435),#338,.F.);
#2163=ADVANCED_FACE('',(#436),#339,.F.);
#2164=ADVANCED_FACE('',(#437),#340,.F.);
#2165=ADVANCED_FACE('',(#438),#48,.T.);
#2166=ADVANCED_FACE('',(#439),#23,.F.);
#2167=ADVANCED_FACE('',(#440),#49,.F.);
#2168=ADVANCED_FACE('',(#441,#19),#21,.T.);
#2169=ADVANCED_FACE('',(#442),#341,.F.);
#2170=ADVANCED_FACE('',(#443),#342,.F.);
#2171=ADVANCED_FACE('',(#444),#343,.F.);
#2172=ADVANCED_FACE('',(#445),#344,.F.);
#2173=ADVANCED_FACE('',(#446),#50,.T.);
#2174=ADVANCED_FACE('',(#447),#24,.F.);
#2175=ADVANCED_FACE('',(#448),#345,.F.);
#2176=ADVANCED_FACE('',(#449),#346,.F.);
#2177=ADVANCED_FACE('',(#450),#347,.F.);
#2178=ADVANCED_FACE('',(#451),#348,.F.);
#2179=ADVANCED_FACE('',(#452),#51,.T.);
#2180=ADVANCED_FACE('',(#453),#25,.F.);
#2181=ADVANCED_FACE('',(#454),#349,.F.);
#2182=ADVANCED_FACE('',(#455),#350,.F.);
#2183=ADVANCED_FACE('',(#456),#351,.F.);
#2184=ADVANCED_FACE('',(#457),#352,.F.);
#2185=ADVANCED_FACE('',(#458),#52,.T.);
#2186=ADVANCED_FACE('',(#459),#26,.F.);
#2187=ADVANCED_FACE('',(#460),#353,.F.);
#2188=ADVANCED_FACE('',(#461),#354,.F.);
#2189=ADVANCED_FACE('',(#462),#355,.F.);
#2190=ADVANCED_FACE('',(#463),#356,.F.);
#2191=ADVANCED_FACE('',(#464),#53,.T.);
#2192=ADVANCED_FACE('',(#465),#27,.F.);
#2193=ADVANCED_FACE('',(#466),#357,.F.);
#2194=ADVANCED_FACE('',(#467),#358,.F.);
#2195=ADVANCED_FACE('',(#468),#359,.F.);
#2196=ADVANCED_FACE('',(#469),#360,.F.);
#2197=ADVANCED_FACE('',(#470),#54,.T.);
#2198=ADVANCED_FACE('',(#471),#28,.F.);
#2199=ADVANCED_FACE('',(#472),#361,.F.);
#2200=ADVANCED_FACE('',(#473),#362,.F.);
#2201=ADVANCED_FACE('',(#474),#363,.F.);
#2202=ADVANCED_FACE('',(#475),#364,.F.);
#2203=ADVANCED_FACE('',(#476),#55,.T.);
#2204=ADVANCED_FACE('',(#477),#29,.F.);
#2205=ADVANCED_FACE('',(#478),#365,.F.);
#2206=ADVANCED_FACE('',(#479),#366,.F.);
#2207=ADVANCED_FACE('',(#480),#367,.F.);
#2208=ADVANCED_FACE('',(#481),#368,.F.);
#2209=ADVANCED_FACE('',(#482),#56,.T.);
#2210=ADVANCED_FACE('',(#483),#30,.F.);
#2211=ADVANCED_FACE('',(#484),#369,.F.);
#2212=ADVANCED_FACE('',(#485),#370,.F.);
#2213=ADVANCED_FACE('',(#486),#371,.F.);
#2214=ADVANCED_FACE('',(#487),#372,.F.);
#2215=ADVANCED_FACE('',(#488),#57,.T.);
#2216=ADVANCED_FACE('',(#489),#31,.F.);
#2217=ADVANCED_FACE('',(#490),#373,.F.);
#2218=ADVANCED_FACE('',(#491),#374,.F.);
#2219=ADVANCED_FACE('',(#492),#375,.F.);
#2220=ADVANCED_FACE('',(#493),#376,.F.);
#2221=ADVANCED_FACE('',(#494),#58,.T.);
#2222=ADVANCED_FACE('',(#495),#32,.F.);
#2223=ADVANCED_FACE('',(#496),#377,.F.);
#2224=ADVANCED_FACE('',(#497),#378,.F.);
#2225=ADVANCED_FACE('',(#498),#379,.F.);
#2226=ADVANCED_FACE('',(#499),#380,.F.);
#2227=ADVANCED_FACE('',(#500),#59,.T.);
#2228=ADVANCED_FACE('',(#501),#33,.F.);
#2229=ADVANCED_FACE('',(#502),#381,.F.);
#2230=ADVANCED_FACE('',(#503),#382,.F.);
#2231=ADVANCED_FACE('',(#504),#383,.F.);
#2232=ADVANCED_FACE('',(#505),#384,.F.);
#2233=ADVANCED_FACE('',(#506),#60,.T.);
#2234=ADVANCED_FACE('',(#507),#34,.F.);
#2235=ADVANCED_FACE('',(#508),#385,.F.);
#2236=ADVANCED_FACE('',(#509),#386,.F.);
#2237=ADVANCED_FACE('',(#510),#387,.F.);
#2238=ADVANCED_FACE('',(#511),#388,.F.);
#2239=ADVANCED_FACE('',(#512),#61,.T.);
#2240=ADVANCED_FACE('',(#513),#35,.F.);
#2241=ADVANCED_FACE('',(#514),#389,.F.);
#2242=ADVANCED_FACE('',(#515),#390,.F.);
#2243=ADVANCED_FACE('',(#516),#391,.F.);
#2244=ADVANCED_FACE('',(#517),#392,.F.);
#2245=ADVANCED_FACE('',(#518),#62,.T.);
#2246=ADVANCED_FACE('',(#519),#36,.F.);
#2247=ADVANCED_FACE('',(#520),#393,.F.);
#2248=ADVANCED_FACE('',(#521),#394,.F.);
#2249=ADVANCED_FACE('',(#522),#395,.F.);
#2250=ADVANCED_FACE('',(#523),#396,.F.);
#2251=ADVANCED_FACE('',(#524),#63,.T.);
#2252=ADVANCED_FACE('',(#525),#37,.F.);
#2253=ADVANCED_FACE('',(#526),#397,.F.);
#2254=ADVANCED_FACE('',(#527),#398,.F.);
#2255=ADVANCED_FACE('',(#528),#399,.F.);
#2256=ADVANCED_FACE('',(#529),#400,.F.);
#2257=ADVANCED_FACE('',(#530),#64,.T.);
#2258=ADVANCED_FACE('',(#531),#38,.F.);
#2259=ADVANCED_FACE('',(#532,#20),#22,.T.);
#2260=ADVANCED_FACE('',(#533),#39,.T.);
#2261=ADVANCED_FACE('',(#534),#401,.F.);
#2262=ADVANCED_FACE('',(#535),#402,.F.);
#2263=ADVANCED_FACE('',(#536),#403,.F.);
#2264=ADVANCED_FACE('',(#537),#404,.F.);
#2265=ADVANCED_FACE('',(#538),#65,.T.);
#2266=ADVANCED_FACE('',(#539),#40,.F.);
#2267=ADVANCED_FACE('',(#540),#405,.F.);
#2268=ADVANCED_FACE('',(#541),#406,.F.);
#2269=ADVANCED_FACE('',(#542),#407,.F.);
#2270=ADVANCED_FACE('',(#543),#408,.F.);
#2271=ADVANCED_FACE('',(#544),#66,.T.);
#2272=ADVANCED_FACE('',(#545),#41,.F.);
#2273=ADVANCED_FACE('',(#546),#409,.F.);
#2274=ADVANCED_FACE('',(#547),#410,.F.);
#2275=ADVANCED_FACE('',(#548),#411,.F.);
#2276=ADVANCED_FACE('',(#549),#412,.F.);
#2277=ADVANCED_FACE('',(#550),#67,.T.);
#2278=ADVANCED_FACE('',(#551),#42,.F.);
#2279=ADVANCED_FACE('',(#552),#413,.F.);
#2280=ADVANCED_FACE('',(#553),#414,.F.);
#2281=ADVANCED_FACE('',(#554),#415,.F.);
#2282=ADVANCED_FACE('',(#555),#416,.F.);
#2283=ADVANCED_FACE('',(#556),#68,.T.);
#2284=ADVANCED_FACE('',(#557),#43,.F.);
#2285=ADVANCED_FACE('',(#558),#417,.F.);
#2286=ADVANCED_FACE('',(#559),#418,.F.);
#2287=ADVANCED_FACE('',(#560),#419,.F.);
#2288=ADVANCED_FACE('',(#561),#420,.F.);
#2289=ADVANCED_FACE('',(#562),#69,.T.);
#2290=ADVANCED_FACE('',(#563),#44,.F.);
#2291=ADVANCED_FACE('',(#564),#421,.F.);
#2292=ADVANCED_FACE('',(#565),#422,.F.);
#2293=ADVANCED_FACE('',(#566),#423,.F.);
#2294=ADVANCED_FACE('',(#567),#424,.F.);
#2295=ADVANCED_FACE('',(#568),#70,.T.);
#2296=ADVANCED_FACE('',(#569),#45,.F.);
#2297=ADVANCED_FACE('',(#570),#425,.F.);
#2298=ADVANCED_FACE('',(#571),#426,.F.);
#2299=ADVANCED_FACE('',(#572),#427,.F.);
#2300=ADVANCED_FACE('',(#573),#428,.F.);
#2301=ADVANCED_FACE('',(#574),#71,.T.);
#2302=ADVANCED_FACE('',(#575),#46,.F.);
#2303=ADVANCED_FACE('',(#576),#429,.F.);
#2304=ADVANCED_FACE('',(#577),#430,.F.);
#2305=ADVANCED_FACE('',(#578),#431,.F.);
#2306=ADVANCED_FACE('',(#579),#432,.F.);
#2307=ADVANCED_FACE('',(#580),#72,.T.);
#2308=ADVANCED_FACE('',(#581),#47,.F.);
#2309=CLOSED_SHELL('',(#2160,#2161,#2162,#2163,#2164,#2165,#2166,#2167,
#2168,#2169,#2170,#2171,#2172,#2173,#2174,#2175,#2176,#2177,#2178,#2179,
#2180,#2181,#2182,#2183,#2184,#2185,#2186,#2187,#2188,#2189,#2190,#2191,
#2192,#2193,#2194,#2195,#2196,#2197,#2198,#2199,#2200,#2201,#2202,#2203,
#2204,#2205,#2206,#2207,#2208,#2209,#2210,#2211,#2212,#2213,#2214,#2215,
#2216,#2217,#2218,#2219,#2220,#2221,#2222,#2223,#2224,#2225,#2226,#2227,
#2228,#2229,#2230,#2231,#2232,#2233,#2234,#2235,#2236,#2237,#2238,#2239,
#2240,#2241,#2242,#2243,#2244,#2245,#2246,#2247,#2248,#2249,#2250,#2251,
#2252,#2253,#2254,#2255,#2256,#2257,#2258,#2259,#2260,#2261,#2262,#2263,
#2264,#2265,#2266,#2267,#2268,#2269,#2270,#2271,#2272,#2273,#2274,#2275,
#2276,#2277,#2278,#2279,#2280,#2281,#2282,#2283,#2284,#2285,#2286,#2287,
#2288,#2289,#2290,#2291,#2292,#2293,#2294,#2295,#2296,#2297,#2298,#2299,
#2300,#2301,#2302,#2303,#2304,#2305,#2306,#2307,#2308));
#2310=DERIVED_UNIT_ELEMENT(#2312,1.);
#2311=DERIVED_UNIT_ELEMENT(#7981,-3.);
#2312=(
MASS_UNIT()
NAMED_UNIT(*)
SI_UNIT(.KILO.,.GRAM.)
);
#2313=DERIVED_UNIT((#2310,#2311));
#2314=MEASURE_REPRESENTATION_ITEM('density measure',
POSITIVE_RATIO_MEASURE(7850.),#2313);
#2315=PROPERTY_DEFINITION_REPRESENTATION(#2320,#2317);
#2316=PROPERTY_DEFINITION_REPRESENTATION(#2321,#2318);
#2317=REPRESENTATION('material name',(#2319),#7978);
#2318=REPRESENTATION('density',(#2314),#7978);
#2319=DESCRIPTIVE_REPRESENTATION_ITEM('Steel','Steel');
#2320=PROPERTY_DEFINITION('material property','material name',#7993);
#2321=PROPERTY_DEFINITION('material property','density of part',#7993);
#2322=AXIS2_PLACEMENT_3D('',#2795,#2479,#2480);
#2323=AXIS2_PLACEMENT_3D('',#2796,#2481,#2482);
#2324=AXIS2_PLACEMENT_3D('',#2797,#2483,#2484);
#2325=AXIS2_PLACEMENT_3D('',#2799,#2485,#2486);
#2326=AXIS2_PLACEMENT_3D('',#2802,#2488,#2489);
#2327=AXIS2_PLACEMENT_3D('',#2861,#2490,#2491);
#2328=AXIS2_PLACEMENT_3D('',#2951,#2492,#2493);
#2329=AXIS2_PLACEMENT_3D('',#3029,#2494,#2495);
#2330=AXIS2_PLACEMENT_3D('',#3030,#2496,#2497);
#2331=AXIS2_PLACEMENT_3D('',#3031,#2498,#2499);
#2332=AXIS2_PLACEMENT_3D('',#3032,#2500,#2501);
#2333=AXIS2_PLACEMENT_3D('',#3033,#2502,#2503);
#2334=AXIS2_PLACEMENT_3D('',#3035,#2504,#2505);
#2335=AXIS2_PLACEMENT_3D('',#3037,#2506,#2507);
#2336=AXIS2_PLACEMENT_3D('',#3450,#2508,#2509);
#2337=AXIS2_PLACEMENT_3D('',#3465,#2510,#2511);
#2338=AXIS2_PLACEMENT_3D('',#3493,#2512,#2513);
#2339=AXIS2_PLACEMENT_3D('',#3521,#2514,#2515);
#2340=AXIS2_PLACEMENT_3D('',#3549,#2516,#2517);
#2341=AXIS2_PLACEMENT_3D('',#3577,#2518,#2519);
#2342=AXIS2_PLACEMENT_3D('',#3605,#2520,#2521);
#2343=AXIS2_PLACEMENT_3D('',#3633,#2522,#2523);
#2344=AXIS2_PLACEMENT_3D('',#3661,#2524,#2525);
#2345=AXIS2_PLACEMENT_3D('',#3689,#2526,#2527);
#2346=AXIS2_PLACEMENT_3D('',#3717,#2528,#2529);
#2347=AXIS2_PLACEMENT_3D('',#3745,#2530,#2531);
#2348=AXIS2_PLACEMENT_3D('',#3773,#2532,#2533);
#2349=AXIS2_PLACEMENT_3D('',#3801,#2534,#2535);
#2350=AXIS2_PLACEMENT_3D('',#3829,#2536,#2537);
#2351=AXIS2_PLACEMENT_3D('',#3857,#2538,#2539);
#2352=AXIS2_PLACEMENT_3D('',#3885,#2540,#2541);
#2353=AXIS2_PLACEMENT_3D('',#3913,#2542,#2543);
#2354=AXIS2_PLACEMENT_3D('',#3941,#2544,#2545);
#2355=AXIS2_PLACEMENT_3D('',#3969,#2546,#2547);
#2356=AXIS2_PLACEMENT_3D('',#3997,#2548,#2549);
#2357=AXIS2_PLACEMENT_3D('',#4025,#2550,#2551);
#2358=AXIS2_PLACEMENT_3D('',#4053,#2552,#2553);
#2359=AXIS2_PLACEMENT_3D('',#4081,#2554,#2555);
#2360=AXIS2_PLACEMENT_3D('',#4138,#2556,#2557);
#2361=AXIS2_PLACEMENT_3D('',#4218,#2558,#2559);
#2362=AXIS2_PLACEMENT_3D('',#4273,#2560,#2561);
#2363=AXIS2_PLACEMENT_3D('',#4274,#2562,#2563);
#2364=AXIS2_PLACEMENT_3D('',#4275,#2564,#2565);
#2365=AXIS2_PLACEMENT_3D('',#4319,#2566,#2567);
#2366=AXIS2_PLACEMENT_3D('',#4387,#2568,#2569);
#2367=AXIS2_PLACEMENT_3D('',#4442,#2570,#2571);
#2368=AXIS2_PLACEMENT_3D('',#4443,#2572,#2573);
#2369=AXIS2_PLACEMENT_3D('',#4444,#2574,#2575);
#2370=AXIS2_PLACEMENT_3D('',#4489,#2576,#2577);
#2371=AXIS2_PLACEMENT_3D('',#4569,#2578,#2579);
#2372=AXIS2_PLACEMENT_3D('',#4624,#2580,#2581);
#2373=AXIS2_PLACEMENT_3D('',#4625,#2582,#2583);
#2374=AXIS2_PLACEMENT_3D('',#4626,#2584,#2585);
#2375=AXIS2_PLACEMENT_3D('',#4671,#2586,#2587);
#2376=AXIS2_PLACEMENT_3D('',#4750,#2588,#2589);
#2377=AXIS2_PLACEMENT_3D('',#4793,#2590,#2591);
#2378=AXIS2_PLACEMENT_3D('',#4794,#2592,#2593);
#2379=AXIS2_PLACEMENT_3D('',#4795,#2594,#2595);
#2380=AXIS2_PLACEMENT_3D('',#4839,#2596,#2597);
#2381=AXIS2_PLACEMENT_3D('',#4906,#2598,#2599);
#2382=AXIS2_PLACEMENT_3D('',#4949,#2600,#2601);
#2383=AXIS2_PLACEMENT_3D('',#4950,#2602,#2603);
#2384=AXIS2_PLACEMENT_3D('',#4951,#2604,#2605);
#2385=AXIS2_PLACEMENT_3D('',#4996,#2606,#2607);
#2386=AXIS2_PLACEMENT_3D('',#5076,#2608,#2609);
#2387=AXIS2_PLACEMENT_3D('',#5131,#2610,#2611);
#2388=AXIS2_PLACEMENT_3D('',#5132,#2612,#2613);
#2389=AXIS2_PLACEMENT_3D('',#5133,#2614,#2615);
#2390=AXIS2_PLACEMENT_3D('',#5178,#2616,#2617);
#2391=AXIS2_PLACEMENT_3D('',#5258,#2618,#2619);
#2392=AXIS2_PLACEMENT_3D('',#5313,#2620,#2621);
#2393=AXIS2_PLACEMENT_3D('',#5314,#2622,#2623);
#2394=AXIS2_PLACEMENT_3D('',#5315,#2624,#2625);
#2395=AXIS2_PLACEMENT_3D('',#5360,#2626,#2627);
#2396=AXIS2_PLACEMENT_3D('',#5439,#2628,#2629);
#2397=AXIS2_PLACEMENT_3D('',#5482,#2630,#2631);
#2398=AXIS2_PLACEMENT_3D('',#5483,#2632,#2633);
#2399=AXIS2_PLACEMENT_3D('',#5484,#2634,#2635);
#2400=AXIS2_PLACEMENT_3D('',#5529,#2636,#2637);
#2401=AXIS2_PLACEMENT_3D('',#5609,#2638,#2639);
#2402=AXIS2_PLACEMENT_3D('',#5664,#2640,#2641);
#2403=AXIS2_PLACEMENT_3D('',#5665,#2642,#2643);
#2404=AXIS2_PLACEMENT_3D('',#5666,#2644,#2645);
#2405=AXIS2_PLACEMENT_3D('',#5711,#2646,#2647);
#2406=AXIS2_PLACEMENT_3D('',#5790,#2648,#2649);
#2407=AXIS2_PLACEMENT_3D('',#5833,#2650,#2651);
#2408=AXIS2_PLACEMENT_3D('',#5834,#2652,#2653);
#2409=AXIS2_PLACEMENT_3D('',#5835,#2654,#2655);
#2410=AXIS2_PLACEMENT_3D('',#5880,#2656,#2657);
#2411=AXIS2_PLACEMENT_3D('',#5959,#2658,#2659);
#2412=AXIS2_PLACEMENT_3D('',#6002,#2660,#2661);
#2413=AXIS2_PLACEMENT_3D('',#6003,#2662,#2663);
#2414=AXIS2_PLACEMENT_3D('',#6004,#2664,#2665);
#2415=AXIS2_PLACEMENT_3D('',#6048,#2666,#2667);
#2416=AXIS2_PLACEMENT_3D('',#6116,#2668,#2669);
#2417=AXIS2_PLACEMENT_3D('',#6171,#2670,#2671);
#2418=AXIS2_PLACEMENT_3D('',#6172,#2672,#2673);
#2419=AXIS2_PLACEMENT_3D('',#6173,#2674,#2675);
#2420=AXIS2_PLACEMENT_3D('',#6218,#2676,#2677);
#2421=AXIS2_PLACEMENT_3D('',#6297,#2678,#2679);
#2422=AXIS2_PLACEMENT_3D('',#6340,#2680,#2681);
#2423=AXIS2_PLACEMENT_3D('',#6341,#2682,#2683);
#2424=AXIS2_PLACEMENT_3D('',#6342,#2684,#2685);
#2425=AXIS2_PLACEMENT_3D('',#6386,#2686,#2687);
#2426=AXIS2_PLACEMENT_3D('',#6453,#2688,#2689);
#2427=AXIS2_PLACEMENT_3D('',#6496,#2690,#2691);
#2428=AXIS2_PLACEMENT_3D('',#6497,#2692,#2693);
#2429=AXIS2_PLACEMENT_3D('',#6498,#2694,#2695);
#2430=AXIS2_PLACEMENT_3D('',#6542,#2696,#2697);
#2431=AXIS2_PLACEMENT_3D('',#6610,#2698,#2699);
#2432=AXIS2_PLACEMENT_3D('',#6665,#2700,#2701);
#2433=AXIS2_PLACEMENT_3D('',#6666,#2702,#2703);
#2434=AXIS2_PLACEMENT_3D('',#6667,#2704,#2705);
#2435=AXIS2_PLACEMENT_3D('',#6668,#2706,#2707);
#2436=AXIS2_PLACEMENT_3D('',#6670,#2708,#2709);
#2437=AXIS2_PLACEMENT_3D('',#6671,#2710,#2711);
#2438=AXIS2_PLACEMENT_3D('',#6716,#2713,#2714);
#2439=AXIS2_PLACEMENT_3D('',#6784,#2715,#2716);
#2440=AXIS2_PLACEMENT_3D('',#6839,#2717,#2718);
#2441=AXIS2_PLACEMENT_3D('',#6840,#2719,#2720);
#2442=AXIS2_PLACEMENT_3D('',#6841,#2721,#2722);
#2443=AXIS2_PLACEMENT_3D('',#6885,#2723,#2724);
#2444=AXIS2_PLACEMENT_3D('',#6953,#2725,#2726);
#2445=AXIS2_PLACEMENT_3D('',#7008,#2727,#2728);
#2446=AXIS2_PLACEMENT_3D('',#7009,#2729,#2730);
#2447=AXIS2_PLACEMENT_3D('',#7010,#2731,#2732);
#2448=AXIS2_PLACEMENT_3D('',#7055,#2733,#2734);
#2449=AXIS2_PLACEMENT_3D('',#7134,#2735,#2736);
#2450=AXIS2_PLACEMENT_3D('',#7177,#2737,#2738);
#2451=AXIS2_PLACEMENT_3D('',#7178,#2739,#2740);
#2452=AXIS2_PLACEMENT_3D('',#7179,#2741,#2742);
#2453=AXIS2_PLACEMENT_3D('',#7223,#2743,#2744);
#2454=AXIS2_PLACEMENT_3D('',#7290,#2745,#2746);
#2455=AXIS2_PLACEMENT_3D('',#7333,#2747,#2748);
#2456=AXIS2_PLACEMENT_3D('',#7334,#2749,#2750);
#2457=AXIS2_PLACEMENT_3D('',#7335,#2751,#2752);
#2458=AXIS2_PLACEMENT_3D('',#7379,#2753,#2754);
#2459=AXIS2_PLACEMENT_3D('',#7447,#2755,#2756);
#2460=AXIS2_PLACEMENT_3D('',#7502,#2757,#2758);
#2461=AXIS2_PLACEMENT_3D('',#7503,#2759,#2760);
#2462=AXIS2_PLACEMENT_3D('',#7504,#2761,#2762);
#2463=AXIS2_PLACEMENT_3D('',#7548,#2763,#2764);
#2464=AXIS2_PLACEMENT_3D('',#7615,#2765,#2766);
#2465=AXIS2_PLACEMENT_3D('',#7658,#2767,#2768);
#2466=AXIS2_PLACEMENT_3D('',#7659,#2769,#2770);
#2467=AXIS2_PLACEMENT_3D('',#7660,#2771,#2772);
#2468=AXIS2_PLACEMENT_3D('',#7704,#2773,#2774);
#2469=AXIS2_PLACEMENT_3D('',#7771,#2775,#2776);
#2470=AXIS2_PLACEMENT_3D('',#7814,#2777,#2778);
#2471=AXIS2_PLACEMENT_3D('',#7815,#2779,#2780);
#2472=AXIS2_PLACEMENT_3D('',#7816,#2781,#2782);
#2473=AXIS2_PLACEMENT_3D('',#7860,#2783,#2784);
#2474=AXIS2_PLACEMENT_3D('',#7927,#2785,#2786);
#2475=AXIS2_PLACEMENT_3D('',#7970,#2787,#2788);
#2476=AXIS2_PLACEMENT_3D('',#7971,#2789,#2790);
#2477=AXIS2_PLACEMENT_3D('',#7972,#2791,#2792);
#2478=AXIS2_PLACEMENT_3D('',#7973,#2793,#2794);
#2479=DIRECTION('axis',(0.,0.,1.));
#2480=DIRECTION('refdir',(1.,0.,0.));
#2481=DIRECTION('axis',(0.,0.,1.));
#2482=DIRECTION('refdir',(1.,0.,0.));
#2483=DIRECTION('center_axis',(2.84291373410909E-15,0.,-1.));
#2484=DIRECTION('ref_axis',(-1.,0.,-2.84291373410909E-15));
#2485=DIRECTION('center_axis',(6.1750970420232E-16,-1.5124625653876E-31,
-1.));
#2486=DIRECTION('ref_axis',(-1.,0.,-2.84291373410909E-15));
#2487=DIRECTION('',(2.84291373410909E-15,0.,-1.));
#2488=DIRECTION('center_axis',(-6.1750970420232E-16,-1.23259516440783E-31,
1.));
#2489=DIRECTION('ref_axis',(-1.,0.,-2.84291373410909E-15));
#2490=DIRECTION('center_axis',(-0.123196474170785,0.935770125355976,0.330389015015856));
#2491=DIRECTION('ref_axis',(0.0832047522326759,-0.322012920487287,0.943071921035266));
#2492=DIRECTION('center_axis',(0.361193786389415,-0.871998937746217,-0.330389015015855));
#2493=DIRECTION('ref_axis',(0.0889490310945549,-0.320473745605148,0.943071921035266));
#2494=DIRECTION('center_axis',(6.1750970420232E-16,0.,-1.));
#2495=DIRECTION('ref_axis',(-0.25881904510252,0.965925826289068,-2.1148542199668E-16));
#2496=DIRECTION('center_axis',(-4.57686432219136E-16,-5.96468571273144E-16,
1.));
#2497=DIRECTION('ref_axis',(-0.258819045102523,0.965925826289068,4.57686432219134E-16));
#2498=DIRECTION('center_axis',(4.57686432219136E-16,5.96468571273144E-16,
-1.));
#2499=DIRECTION('ref_axis',(-0.25881904510252,0.965925826289069,4.57686432219136E-16));
#2500=DIRECTION('center_axis',(-6.1750970420232E-16,0.,1.));
#2501=DIRECTION('ref_axis',(-0.25881904510252,0.965925826289068,-1.58122528474359E-16));
#2502=DIRECTION('center_axis',(6.1750970420232E-16,-1.5124625653876E-31,
-1.));
#2503=DIRECTION('ref_axis',(-1.,0.,-6.33609627674989E-16));
#2504=DIRECTION('center_axis',(6.1750970420232E-16,-1.5124625653876E-31,
-1.));
#2505=DIRECTION('ref_axis',(1.,9.33960311369578E-47,6.1750970420232E-16));
#2506=DIRECTION('center_axis',(-1.32002005765623E-16,-1.,6.97337370043174E-32));
#2507=DIRECTION('ref_axis',(1.,-1.32002005765623E-16,5.28008023062491E-16));
#2508=DIRECTION('center_axis',(6.1750970420232E-16,1.23259516440783E-31,
-1.));
#2509=DIRECTION('ref_axis',(0.965925826289068,0.25881904510252,5.96468571273144E-16));
#2510=DIRECTION('center_axis',(-6.1750970420232E-16,-6.1750970420232E-16,
1.));
#2511=DIRECTION('ref_axis',(-2.47276974435176E-15,1.,6.17509704202318E-16));
#2512=DIRECTION('center_axis',(-7.77332976185505E-16,-5.96468571273144E-16,
1.));
#2513=DIRECTION('ref_axis',(0.258819045102519,0.965925826289069,7.77332976185503E-16));
#2514=DIRECTION('center_axis',(-9.2626455630348E-16,-5.34779090922623E-16,
1.));
#2515=DIRECTION('ref_axis',(0.499999999999998,0.86602540378444,9.26264556303478E-16));
#2516=DIRECTION('center_axis',(-1.05415500349228E-15,-4.36645299289959E-16,
1.));
#2517=DIRECTION('ref_axis',(0.707106781186546,0.707106781186549,1.05415500349228E-15));
#2518=DIRECTION('center_axis',(-1.15228879512494E-15,-3.0875485210116E-16,
1.));
#2519=DIRECTION('ref_axis',(0.866025403784437,0.500000000000002,1.15228879512494E-15));
#2520=DIRECTION('center_axis',(-1.21397827547546E-15,-1.59823271983184E-16,
1.));
#2521=DIRECTION('ref_axis',(0.965925826289068,0.258819045102523,1.21397827547546E-15));
#2522=DIRECTION('center_axis',(-1.23501940840464E-15,7.562312826938E-32,
1.));
#2523=DIRECTION('ref_axis',(1.,2.53400208430912E-15,1.23501940840464E-15));
#2524=DIRECTION('center_axis',(-1.21397827547546E-15,1.59823271983185E-16,
1.));
#2525=DIRECTION('ref_axis',(0.965925826289069,-0.258819045102518,1.21397827547546E-15));
#2526=DIRECTION('center_axis',(-1.15228879512494E-15,3.0875485210116E-16,
1.));
#2527=DIRECTION('ref_axis',(0.86602540378444,-0.499999999999998,1.15228879512494E-15));
#2528=DIRECTION('center_axis',(-1.05415500349228E-15,4.36645299289959E-16,
1.));
#2529=DIRECTION('ref_axis',(0.707106781186549,-0.707106781186546,1.05415500349228E-15));
#2530=DIRECTION('center_axis',(-9.2626455630348E-16,5.34779090922623E-16,
1.));
#2531=DIRECTION('ref_axis',(0.500000000000002,-0.866025403784437,9.26264556303481E-16));
#2532=DIRECTION('center_axis',(-7.77332976185504E-16,5.96468571273144E-16,
1.));
#2533=DIRECTION('ref_axis',(0.258819045102523,-0.965925826289068,7.77332976185506E-16));
#2534=DIRECTION('center_axis',(-6.1750970420232E-16,6.1750970420232E-16,
1.));
#2535=DIRECTION('ref_axis',(2.59523442426649E-15,-1.,6.17509704202322E-16));
#2536=DIRECTION('center_axis',(-4.57686432219135E-16,5.96468571273144E-16,
1.));
#2537=DIRECTION('ref_axis',(-0.258819045102518,-0.965925826289069,4.57686432219137E-16));
#2538=DIRECTION('center_axis',(-3.0875485210116E-16,5.34779090922623E-16,
1.));
#2539=DIRECTION('ref_axis',(-0.499999999999998,-0.86602540378444,3.08754852101161E-16));
#2540=DIRECTION('center_axis',(-1.8086440491236E-16,4.36645299289959E-16,
1.));
#2541=DIRECTION('ref_axis',(-0.707106781186546,-0.707106781186549,1.80864404912361E-16));
#2542=DIRECTION('center_axis',(-8.27306132796965E-17,3.0875485210116E-16,
1.));
#2543=DIRECTION('ref_axis',(-0.866025403784437,-0.500000000000002,8.27306132796973E-17));
#2544=DIRECTION('center_axis',(-2.10411329291759E-17,1.59823271983184E-16,
1.));
#2545=DIRECTION('ref_axis',(-0.965925826289068,-0.258819045102523,2.10411329291763E-17));
#2546=DIRECTION('center_axis',(0.,0.,1.));
#2547=DIRECTION('ref_axis',(-1.,-2.65646676422386E-15,0.));
#2548=DIRECTION('center_axis',(-2.1041132929176E-17,-1.59823271983185E-16,
1.));
#2549=DIRECTION('ref_axis',(-0.965925826289069,0.258819045102519,2.10411329291756E-17));
#2550=DIRECTION('center_axis',(-8.27306132796967E-17,-3.0875485210116E-16,
1.));
#2551=DIRECTION('ref_axis',(-0.86602540378444,0.499999999999998,8.27306132796958E-17));
#2552=DIRECTION('center_axis',(-1.8086440491236E-16,-4.3664529928996E-16,
1.));
#2553=DIRECTION('ref_axis',(-0.707106781186549,0.707106781186546,1.80864404912359E-16));
#2554=DIRECTION('center_axis',(-3.0875485210116E-16,-5.34779090922624E-16,
1.));
#2555=DIRECTION('ref_axis',(-0.500000000000002,0.866025403784438,3.08754852101159E-16));
#2556=DIRECTION('center_axis',(0.748802463575432,0.574576338966561,0.330389015015856));
#2557=DIRECTION('ref_axis',(-0.237268993372472,-0.233063889392731,0.943071921035266));
#2558=DIRECTION('center_axis',(-0.574576338966562,-0.748802463575432,-0.330389015015856));
#2559=DIRECTION('ref_axis',(-0.233063889392732,-0.237268993372471,0.943071921035266));
#2560=DIRECTION('center_axis',(6.1750970420232E-16,9.86076131526265E-32,
-1.));
#2561=DIRECTION('ref_axis',(0.707106781186548,0.707106781186547,5.28713554991699E-16));
#2562=DIRECTION('center_axis',(1.05415500349228E-15,4.36645299289959E-16,
-1.));
#2563=DIRECTION('ref_axis',(0.707106781186549,0.707106781186547,1.05415500349228E-15));
#2564=DIRECTION('center_axis',(-6.1750970420232E-16,-9.86076131526265E-32,
1.));
#2565=DIRECTION('ref_axis',(0.707106781186548,0.707106781186547,4.38346042798785E-16));
#2566=DIRECTION('center_axis',(0.574576338966561,0.748802463575432,0.330389015015856));
#2567=DIRECTION('ref_axis',(-0.168862875175574,-0.286532164236917,0.943071921035266));
#2568=DIRECTION('center_axis',(-0.361193786389415,-0.871998937746217,-0.330389015015856));
#2569=DIRECTION('ref_axis',(-0.16371269564272,-0.289505621776586,0.943071921035266));
#2570=DIRECTION('center_axis',(6.1750970420232E-16,0.,-1.));
#2571=DIRECTION('ref_axis',(0.5,0.866025403784438,3.17228132995019E-16));
#2572=DIRECTION('center_axis',(9.2626455630348E-16,5.34779090922623E-16,
-1.));
#2573=DIRECTION('ref_axis',(0.500000000000001,0.866025403784438,9.2626455630348E-16));
#2574=DIRECTION('center_axis',(-6.1750970420232E-16,0.,1.));
#2575=DIRECTION('ref_axis',(0.500000000000001,0.866025403784438,3.10455595609985E-16));
#2576=DIRECTION('center_axis',(-0.748802463575432,0.574576338966561,0.330389015015855));
#2577=DIRECTION('ref_axis',(0.286532164236917,-0.168862875175573,0.943071921035266));
#2578=DIRECTION('center_axis',(0.871998937746217,-0.361193786389416,-0.330389015015855));
#2579=DIRECTION('ref_axis',(0.289505621776585,-0.163712695642719,0.943071921035266));
#2580=DIRECTION('center_axis',(6.1750970420232E-16,-1.4791141972894E-31,
-1.));
#2581=DIRECTION('ref_axis',(-0.866025403784438,0.5,-5.28713554991699E-16));
#2582=DIRECTION('center_axis',(8.27306132796967E-17,3.0875485210116E-16,
-1.));
#2583=DIRECTION('ref_axis',(-0.866025403784438,0.500000000000001,8.27306132796969E-17));
#2584=DIRECTION('center_axis',(-6.1750970420232E-16,1.4791141972894E-31,
1.));
#2585=DIRECTION('ref_axis',(-0.866025403784438,0.500000000000001,-5.33078347413798E-16));
#2586=DIRECTION('center_axis',(0.123196474170785,0.935770125355976,0.330389015015856));
#2587=DIRECTION('ref_axis',(-0.00297345753966883,-0.332575570818292,0.943071921035266));
#2588=DIRECTION('center_axis',(0.123196474170785,-0.935770125355976,-0.330389015015856));
#2589=DIRECTION('ref_axis',(0.00297345753966754,-0.332575570818292,0.943071921035266));
#2590=DIRECTION('center_axis',(6.1750970420232E-16,0.,-1.));
#2591=DIRECTION('ref_axis',(1.83397514387746E-16,1.,0.));
#2592=DIRECTION('center_axis',(6.1750970420232E-16,6.1750970420232E-16,
-1.));
#2593=DIRECTION('ref_axis',(8.64842344032048E-16,1.,6.1750970420232E-16));
#2594=DIRECTION('center_axis',(-6.1750970420232E-16,0.,1.));
#2595=DIRECTION('ref_axis',(4.30020604149501E-16,1.,1.70074350882519E-18));
#2596=DIRECTION('center_axis',(0.361193786389415,0.871998937746217,0.330389015015856));
#2597=DIRECTION('ref_axis',(-0.0889490310945564,-0.320473745605147,0.943071921035266));
#2598=DIRECTION('center_axis',(-0.123196474170785,-0.935770125355976,-0.330389015015856));
#2599=DIRECTION('ref_axis',(-0.0832047522326775,-0.322012920487287,0.943071921035266));
#2600=DIRECTION('center_axis',(6.1750970420232E-16,-9.86076131526265E-32,
-1.));
#2601=DIRECTION('ref_axis',(0.258819045102521,0.965925826289068,2.1148542199668E-16));
#2602=DIRECTION('center_axis',(7.77332976185505E-16,5.96468571273144E-16,
-1.));
#2603=DIRECTION('ref_axis',(0.258819045102522,0.965925826289068,7.77332976185505E-16));
#2604=DIRECTION('center_axis',(-6.1750970420232E-16,9.86076131526265E-32,
1.));
#2605=DIRECTION('ref_axis',(0.258819045102522,0.965925826289068,1.6152401549201E-16));
#2606=DIRECTION('center_axis',(0.871998937746216,-0.361193786389415,0.330389015015856));
#2607=DIRECTION('ref_axis',(-0.320473745605148,0.0889490310945557,0.943071921035266));
#2608=DIRECTION('center_axis',(-0.935770125355976,0.123196474170785,-0.330389015015856));
#2609=DIRECTION('ref_axis',(-0.322012920487288,0.0832047522326768,0.943071921035266));
#2610=DIRECTION('center_axis',(6.1750970420232E-16,1.23259516440783E-31,
-1.));
#2611=DIRECTION('ref_axis',(0.965925826289068,-0.258819045102521,5.28713554991699E-16));
#2612=DIRECTION('center_axis',(1.21397827547546E-15,-1.59823271983185E-16,
-1.));
#2613=DIRECTION('ref_axis',(0.965925826289068,-0.258819045102522,1.21397827547546E-15));
#2614=DIRECTION('center_axis',(-6.1750970420232E-16,-1.23259516440783E-31,
1.));
#2615=DIRECTION('ref_axis',(0.965925826289068,-0.258819045102521,5.98169314781969E-16));
#2616=DIRECTION('center_axis',(0.574576338966561,-0.748802463575432,0.330389015015856));
#2617=DIRECTION('ref_axis',(-0.233063889392732,0.237268993372471,0.943071921035266));
#2618=DIRECTION('center_axis',(-0.748802463575432,0.574576338966561,-0.330389015015856));
#2619=DIRECTION('ref_axis',(-0.237268993372471,0.233063889392732,0.943071921035266));
#2620=DIRECTION('center_axis',(6.1750970420232E-16,1.4791141972894E-31,
-1.));
#2621=DIRECTION('ref_axis',(0.707106781186547,-0.707106781186548,5.28713554991699E-16));
#2622=DIRECTION('center_axis',(1.05415500349228E-15,-4.36645299289959E-16,
-1.));
#2623=DIRECTION('ref_axis',(0.707106781186547,-0.707106781186548,1.05415500349228E-15));
#2624=DIRECTION('center_axis',(-6.1750970420232E-16,-1.4791141972894E-31,
1.));
#2625=DIRECTION('ref_axis',(0.707106781186547,-0.707106781186548,4.38346042798784E-16));
#2626=DIRECTION('center_axis',(0.361193786389415,-0.871998937746217,0.330389015015856));
#2627=DIRECTION('ref_axis',(-0.16371269564272,0.289505621776586,0.943071921035266));
#2628=DIRECTION('center_axis',(-0.574576338966561,0.748802463575432,-0.330389015015856));
#2629=DIRECTION('ref_axis',(-0.168862875175574,0.286532164236918,0.943071921035266));
#2630=DIRECTION('center_axis',(6.1750970420232E-16,1.97215226305253E-31,
-1.));
#2631=DIRECTION('ref_axis',(0.5,-0.866025403784439,3.17228132995019E-16));
#2632=DIRECTION('center_axis',(9.2626455630348E-16,-5.34779090922623E-16,
-1.));
#2633=DIRECTION('ref_axis',(0.499999999999999,-0.866025403784439,9.2626455630348E-16));
#2634=DIRECTION('center_axis',(-6.1750970420232E-16,-1.97215226305253E-31,
1.));
#2635=DIRECTION('ref_axis',(0.5,-0.866025403784439,3.10455595609985E-16));
#2636=DIRECTION('center_axis',(-0.748802463575432,-0.574576338966561,0.330389015015855));
#2637=DIRECTION('ref_axis',(0.23726899337247,0.233063889392731,0.943071921035266));
#2638=DIRECTION('center_axis',(0.574576338966562,0.748802463575432,-0.330389015015855));
#2639=DIRECTION('ref_axis',(0.233063889392731,0.237268993372471,0.943071921035266));
#2640=DIRECTION('center_axis',(6.1750970420232E-16,-9.86076131526265E-32,
-1.));
#2641=DIRECTION('ref_axis',(-0.707106781186548,-0.707106781186548,-5.28713554991699E-16));
#2642=DIRECTION('center_axis',(1.8086440491236E-16,-4.36645299289959E-16,
-1.));
#2643=DIRECTION('ref_axis',(-0.707106781186548,-0.707106781186547,1.8086440491236E-16));
#2644=DIRECTION('center_axis',(-6.1750970420232E-16,9.86076131526265E-32,
1.));
#2645=DIRECTION('ref_axis',(-0.707106781186548,-0.707106781186547,-4.34944555781135E-16));
#2646=DIRECTION('center_axis',(-0.871998937746217,-0.361193786389415,0.330389015015855));
#2647=DIRECTION('ref_axis',(0.289505621776585,0.163712695642719,0.943071921035266));
#2648=DIRECTION('center_axis',(0.748802463575432,0.574576338966561,-0.330389015015855));
#2649=DIRECTION('ref_axis',(0.286532164236917,0.168862875175573,0.943071921035266));
#2650=DIRECTION('center_axis',(6.1750970420232E-16,-1.4791141972894E-31,
-1.));
#2651=DIRECTION('ref_axis',(-0.866025403784439,-0.5,-5.28713554991699E-16));
#2652=DIRECTION('center_axis',(8.27306132796965E-17,-3.0875485210116E-16,
-1.));
#2653=DIRECTION('ref_axis',(-0.866025403784439,-0.499999999999999,8.27306132796963E-17));
#2654=DIRECTION('center_axis',(-6.1750970420232E-16,1.4791141972894E-31,
1.));
#2655=DIRECTION('ref_axis',(-0.866025403784439,-0.5,-5.33078347413799E-16));
#2656=DIRECTION('center_axis',(-0.935770125355977,-0.123196474170785,0.330389015015855));
#2657=DIRECTION('ref_axis',(0.322012920487287,0.0832047522326767,0.943071921035266));
#2658=DIRECTION('center_axis',(0.871998937746217,0.361193786389415,-0.330389015015855));
#2659=DIRECTION('ref_axis',(0.320473745605147,0.0889490310945556,0.943071921035266));
#2660=DIRECTION('center_axis',(6.1750970420232E-16,-1.4791141972894E-31,
-1.));
#2661=DIRECTION('ref_axis',(-0.965925826289068,-0.258819045102521,-5.28713554991699E-16));
#2662=DIRECTION('center_axis',(2.10411329291759E-17,-1.59823271983184E-16,
-1.));
#2663=DIRECTION('ref_axis',(-0.965925826289068,-0.25881904510252,2.10411329291758E-17));
#2664=DIRECTION('center_axis',(-6.1750970420232E-16,1.4791141972894E-31,
1.));
#2665=DIRECTION('ref_axis',(-0.965925826289068,-0.258819045102521,-5.94767827764319E-16));
#2666=DIRECTION('center_axis',(-0.574576338966562,-0.748802463575432,0.330389015015855));
#2667=DIRECTION('ref_axis',(0.168862875175573,0.286532164236918,0.943071921035266));
#2668=DIRECTION('center_axis',(0.361193786389415,0.871998937746217,-0.330389015015855));
#2669=DIRECTION('ref_axis',(0.163712695642718,0.289505621776586,0.943071921035266));
#2670=DIRECTION('center_axis',(6.1750970420232E-16,-9.86076131526265E-32,
-1.));
#2671=DIRECTION('ref_axis',(-0.5,-0.866025403784439,-3.17228132995019E-16));
#2672=DIRECTION('center_axis',(3.0875485210116E-16,-5.34779090922623E-16,
-1.));
#2673=DIRECTION('ref_axis',(-0.500000000000001,-0.866025403784438,3.0875485210116E-16));
#2674=DIRECTION('center_axis',(-6.1750970420232E-16,9.86076131526265E-32,
1.));
#2675=DIRECTION('ref_axis',(-0.5,-0.866025403784439,-3.07054108592335E-16));
#2676=DIRECTION('center_axis',(0.123196474170785,-0.935770125355976,0.330389015015856));
#2677=DIRECTION('ref_axis',(-0.0832047522326772,0.322012920487287,0.943071921035266));
#2678=DIRECTION('center_axis',(-0.361193786389415,0.871998937746217,-0.330389015015856));
#2679=DIRECTION('ref_axis',(-0.0889490310945562,0.320473745605148,0.943071921035266));
#2680=DIRECTION('center_axis',(6.1750970420232E-16,9.86076131526265E-32,
-1.));
#2681=DIRECTION('ref_axis',(0.258819045102521,-0.965925826289068,2.1148542199668E-16));
#2682=DIRECTION('center_axis',(7.77332976185504E-16,-5.96468571273144E-16,
-1.));
#2683=DIRECTION('ref_axis',(0.25881904510252,-0.965925826289068,7.77332976185504E-16));
#2684=DIRECTION('center_axis',(-6.1750970420232E-16,-9.86076131526265E-32,
1.));
#2685=DIRECTION('ref_axis',(0.25881904510252,-0.965925826289068,1.61524015492009E-16));
#2686=DIRECTION('center_axis',(0.748802463575432,-0.574576338966561,0.330389015015856));
#2687=DIRECTION('ref_axis',(-0.286532164236918,0.168862875175573,0.943071921035266));
#2688=DIRECTION('center_axis',(-0.871998937746216,0.361193786389415,-0.330389015015856));
#2689=DIRECTION('ref_axis',(-0.289505621776586,0.163712695642719,0.943071921035266));
#2690=DIRECTION('center_axis',(6.1750970420232E-16,1.4791141972894E-31,
-1.));
#2691=DIRECTION('ref_axis',(0.866025403784438,-0.5,5.28713554991699E-16));
#2692=DIRECTION('center_axis',(1.15228879512494E-15,-3.0875485210116E-16,
-1.));
#2693=DIRECTION('ref_axis',(0.866025403784438,-0.500000000000001,1.15228879512494E-15));
#2694=DIRECTION('center_axis',(-6.1750970420232E-16,-1.4791141972894E-31,
1.));
#2695=DIRECTION('ref_axis',(0.866025403784438,-0.5,5.36479834431448E-16));
#2696=DIRECTION('center_axis',(-0.361193786389415,-0.871998937746217,0.330389015015855));
#2697=DIRECTION('ref_axis',(0.0889490310945551,0.320473745605148,0.943071921035266));
#2698=DIRECTION('center_axis',(0.123196474170785,0.935770125355976,-0.330389015015856));
#2699=DIRECTION('ref_axis',(0.0832047522326762,0.322012920487287,0.943071921035266));
#2700=DIRECTION('center_axis',(6.1750970420232E-16,0.,-1.));
#2701=DIRECTION('ref_axis',(-0.258819045102521,-0.965925826289068,-2.1148542199668E-16));
#2702=DIRECTION('center_axis',(4.57686432219135E-16,-5.96468571273144E-16,
-1.));
#2703=DIRECTION('ref_axis',(-0.258819045102522,-0.965925826289068,4.57686432219135E-16));
#2704=DIRECTION('center_axis',(-6.1750970420232E-16,0.,1.));
#2705=DIRECTION('ref_axis',(-0.258819045102521,-0.965925826289068,-1.5812252847436E-16));
#2706=DIRECTION('center_axis',(-6.1750970420232E-16,1.5124625653876E-31,
1.));
#2707=DIRECTION('ref_axis',(1.,0.,6.1750970420232E-16));
#2708=DIRECTION('center_axis',(6.1750970420232E-16,-1.5124625653876E-31,
-1.));
#2709=DIRECTION('ref_axis',(1.,9.33960311369578E-47,6.1750970420232E-16));
#2710=DIRECTION('center_axis',(6.1750970420232E-16,-1.5124625653876E-31,
-1.));
#2711=DIRECTION('ref_axis',(-1.,-4.85956678392573E-31,-7.854720814955E-16));
#2712=DIRECTION('',(-0.134417726693122,1.64614238743396E-17,0.990924757360847));
#2713=DIRECTION('center_axis',(-0.871998937746217,0.361193786389416,0.330389015015855));
#2714=DIRECTION('ref_axis',(0.320473745605147,-0.0889490310945558,0.943071921035266));
#2715=DIRECTION('center_axis',(0.935770125355977,-0.123196474170786,-0.330389015015855));
#2716=DIRECTION('ref_axis',(0.322012920487287,-0.083204752232677,0.943071921035266));
#2717=DIRECTION('center_axis',(6.1750970420232E-16,-1.23259516440783E-31,
-1.));
#2718=DIRECTION('ref_axis',(-0.965925826289068,0.258819045102522,-5.28713554991699E-16));
#2719=DIRECTION('center_axis',(2.1041132929176E-17,1.59823271983185E-16,
-1.));
#2720=DIRECTION('ref_axis',(-0.965925826289068,0.258819045102522,2.10411329291762E-17));
#2721=DIRECTION('center_axis',(-6.1750970420232E-16,1.23259516440783E-31,
1.));
#2722=DIRECTION('ref_axis',(-0.965925826289068,0.258819045102522,-5.94767827764319E-16));
#2723=DIRECTION('center_axis',(0.935770125355976,-0.123196474170785,0.330389015015856));
#2724=DIRECTION('ref_axis',(-0.332575570818293,0.00297345753966823,0.943071921035266));
#2725=DIRECTION('center_axis',(-0.935770125355976,-0.123196474170785,-0.330389015015856));
#2726=DIRECTION('ref_axis',(-0.332575570818293,-0.00297345753966814,0.943071921035266));
#2727=DIRECTION('center_axis',(6.1750970420232E-16,1.58350854737804E-31,
-1.));
#2728=DIRECTION('ref_axis',(1.,-1.0574271099834E-16,6.34456265990039E-16));
#2729=DIRECTION('center_axis',(1.23501940840464E-15,-7.562312826938E-32,
-1.));
#2730=DIRECTION('ref_axis',(1.,-8.03610004074681E-16,1.23501940840464E-15));
#2731=DIRECTION('center_axis',(-6.1750970420232E-16,-1.58350854737804E-31,
1.));
#2732=DIRECTION('ref_axis',(1.,-3.68788264192133E-16,6.19210447711145E-16));
#2733=DIRECTION('center_axis',(0.871998937746217,0.361193786389415,0.330389015015856));
#2734=DIRECTION('ref_axis',(-0.289505621776586,-0.163712695642719,0.943071921035266));
#2735=DIRECTION('center_axis',(-0.748802463575432,-0.574576338966561,-0.330389015015856));
#2736=DIRECTION('ref_axis',(-0.286532164236918,-0.168862875175573,0.943071921035266));
#2737=DIRECTION('center_axis',(6.1750970420232E-16,9.86076131526265E-32,
-1.));
#2738=DIRECTION('ref_axis',(0.866025403784439,0.5,5.28713554991699E-16));
#2739=DIRECTION('center_axis',(1.15228879512494E-15,3.0875485210116E-16,
-1.));
#2740=DIRECTION('ref_axis',(0.866025403784439,0.499999999999999,1.15228879512494E-15));
#2741=DIRECTION('center_axis',(-6.1750970420232E-16,-9.86076131526265E-32,
1.));
#2742=DIRECTION('ref_axis',(0.866025403784439,0.5,5.36479834431448E-16));
#2743=DIRECTION('center_axis',(-0.123196474170785,-0.935770125355976,0.330389015015856));
#2744=DIRECTION('ref_axis',(0.00297345753966762,0.332575570818292,0.943071921035266));
#2745=DIRECTION('center_axis',(-0.123196474170785,0.935770125355976,-0.330389015015856));
#2746=DIRECTION('ref_axis',(-0.00297345753966875,0.332575570818292,0.943071921035266));
#2747=DIRECTION('center_axis',(6.1750970420232E-16,0.,-1.));
#2748=DIRECTION('ref_axis',(-6.11325047959152E-17,-1.,0.));
#2749=DIRECTION('center_axis',(6.1750970420232E-16,-6.1750970420232E-16,
-1.));
#2750=DIRECTION('ref_axis',(-7.42377664117313E-16,-1.,6.17509704202319E-16));
#2751=DIRECTION('center_axis',(-6.1750970420232E-16,0.,1.));
#2752=DIRECTION('ref_axis',(-3.07555924234766E-16,-1.,1.70074350882473E-18));
#2753=DIRECTION('center_axis',(-0.361193786389415,0.871998937746217,0.330389015015855));
#2754=DIRECTION('ref_axis',(0.163712695642718,-0.289505621776586,0.943071921035266));
#2755=DIRECTION('center_axis',(0.574576338966561,-0.748802463575432,-0.330389015015855));
#2756=DIRECTION('ref_axis',(0.168862875175572,-0.286532164236918,0.943071921035266));
#2757=DIRECTION('center_axis',(6.1750970420232E-16,-9.86076131526265E-32,
-1.));
#2758=DIRECTION('ref_axis',(-0.499999999999999,0.866025403784439,-3.17228132995019E-16));
#2759=DIRECTION('center_axis',(3.0875485210116E-16,5.34779090922624E-16,
-1.));
#2760=DIRECTION('ref_axis',(-0.499999999999999,0.866025403784439,3.08754852101161E-16));
#2761=DIRECTION('center_axis',(-6.1750970420232E-16,9.86076131526265E-32,
1.));
#2762=DIRECTION('ref_axis',(-0.499999999999999,0.866025403784439,-3.07054108592335E-16));
#2763=DIRECTION('center_axis',(-0.574576338966561,0.748802463575432,0.330389015015855));
#2764=DIRECTION('ref_axis',(0.233063889392731,-0.237268993372471,0.943071921035266));
#2765=DIRECTION('center_axis',(0.748802463575432,-0.574576338966562,-0.330389015015855));
#2766=DIRECTION('ref_axis',(0.23726899337247,-0.233063889392732,0.943071921035266));
#2767=DIRECTION('center_axis',(6.1750970420232E-16,-9.86076131526265E-32,
-1.));
#2768=DIRECTION('ref_axis',(-0.707106781186547,0.707106781186548,-5.28713554991699E-16));
#2769=DIRECTION('center_axis',(1.8086440491236E-16,4.3664529928996E-16,
-1.));
#2770=DIRECTION('ref_axis',(-0.707106781186547,0.707106781186548,1.80864404912361E-16));
#2771=DIRECTION('center_axis',(-6.1750970420232E-16,9.86076131526265E-32,
1.));
#2772=DIRECTION('ref_axis',(-0.707106781186547,0.707106781186548,-4.34944555781134E-16));
#2773=DIRECTION('center_axis',(0.935770125355976,0.123196474170785,0.330389015015856));
#2774=DIRECTION('ref_axis',(-0.322012920487288,-0.0832047522326766,0.943071921035266));
#2775=DIRECTION('center_axis',(-0.871998937746217,-0.361193786389415,-0.330389015015856));
#2776=DIRECTION('ref_axis',(-0.320473745605148,-0.0889490310945554,0.943071921035266));
#2777=DIRECTION('center_axis',(6.1750970420232E-16,1.23259516440783E-31,
-1.));
#2778=DIRECTION('ref_axis',(0.965925826289068,0.25881904510252,5.28713554991699E-16));
#2779=DIRECTION('center_axis',(1.21397827547546E-15,1.59823271983184E-16,
-1.));
#2780=DIRECTION('ref_axis',(0.965925826289069,0.25881904510252,1.21397827547546E-15));
#2781=DIRECTION('center_axis',(-6.1750970420232E-16,-1.23259516440783E-31,
1.));
#2782=DIRECTION('ref_axis',(0.965925826289068,0.25881904510252,5.98169314781969E-16));
#2783=DIRECTION('center_axis',(-0.935770125355977,0.123196474170785,0.330389015015855));
#2784=DIRECTION('ref_axis',(0.332575570818292,-0.00297345753966818,0.943071921035266));
#2785=DIRECTION('center_axis',(0.935770125355977,0.123196474170785,-0.330389015015855));
#2786=DIRECTION('ref_axis',(0.332575570818292,0.00297345753966818,0.943071921035266));
#2787=DIRECTION('center_axis',(6.1750970420232E-16,-1.58350854737804E-31,
-1.));
#2788=DIRECTION('ref_axis',(-1.,0.,-6.34456265990039E-16));
#2789=DIRECTION('center_axis',(0.,0.,-1.));
#2790=DIRECTION('ref_axis',(-1.,6.81145324159945E-16,0.));
#2791=DIRECTION('center_axis',(-6.1750970420232E-16,1.58350854737804E-31,
1.));
#2792=DIRECTION('ref_axis',(-1.,2.46323584277398E-16,-6.15808960693495E-16));
#2793=DIRECTION('',(0.,0.,1.));
#2794=DIRECTION('',(1.,0.,0.));
#2795=CARTESIAN_POINT('',(0.,0.,0.));
#2796=CARTESIAN_POINT('',(0.,0.,0.));
#2797=CARTESIAN_POINT('Origin',(0.267025571327043,-19.4499999999989,33.248219426822));
#2798=CARTESIAN_POINT('',(1.31702557132704,-19.4499999999989,33.248219426822));
#2799=CARTESIAN_POINT('Origin',(0.267025571327043,-19.4499999999989,33.248219426822));
#2800=CARTESIAN_POINT('',(1.31702557132708,-19.4499999999989,21.0000000000049));
#2801=CARTESIAN_POINT('',(1.31702557132704,-19.4499999999989,33.248219426822));
#2802=CARTESIAN_POINT('Origin',(0.267025571327078,-19.4499999999989,21.0000000000049));
#2803=CARTESIAN_POINT('Ctrl Pts',(-6.15471217036108,12.5114010343984,20.9965457743412));
#2804=CARTESIAN_POINT('Ctrl Pts',(-6.055131297536,11.7948437208556,22.7306192085543));
#2805=CARTESIAN_POINT('Ctrl Pts',(-5.75022730826494,9.60400435381224,25.8786840542961));
#2806=CARTESIAN_POINT('Ctrl Pts',(-5.10977671326115,5.07148419521906,28.5241832422585));
#2807=CARTESIAN_POINT('Ctrl Pts',(-4.43346342362661,0.415942480410065,29.2140789070688));
#2808=CARTESIAN_POINT('Ctrl Pts',(-4.0145211440164,-2.35802332353356,28.7138233886591));
#2809=CARTESIAN_POINT('Ctrl Pts',(-3.81063319387397,-3.66894456146955,28.248219426822));
#2810=CARTESIAN_POINT('Ctrl Pts',(-5.52346380541646,12.6316956895602,21.0119351987289));
#2811=CARTESIAN_POINT('Ctrl Pts',(-5.42420975593954,11.9107835507395,22.7517500862571));
#2812=CARTESIAN_POINT('Ctrl Pts',(-5.12074865094254,9.709498678885,25.9049727995176));
#2813=CARTESIAN_POINT('Ctrl Pts',(-4.48554792597079,5.15825973913952,28.544417639364));
#2814=CARTESIAN_POINT('Ctrl Pts',(-3.81983474272745,0.49387752595914,29.2143130089371));
#2815=CARTESIAN_POINT('Ctrl Pts',(-3.41194009929168,-2.27546842919236,28.6987291050794));
#2816=CARTESIAN_POINT('Ctrl Pts',(-3.21494802186955,-3.58239895356192,28.2252147834817));
#2817=CARTESIAN_POINT('Ctrl Pts',(-4.32990763378529,12.3294473097974,20.821836071473));
#2818=CARTESIAN_POINT('Ctrl Pts',(-4.23714493849962,11.6350254394032,22.4939207337359));
#2819=CARTESIAN_POINT('Ctrl Pts',(-3.95342870390474,9.51171189457235,25.5263713100209));
#2820=CARTESIAN_POINT('Ctrl Pts',(-3.36535347277736,5.12822093490385,28.0544699810317));
#2821=CARTESIAN_POINT('Ctrl Pts',(-2.75901507272398,0.641185447952023,28.6859770141811));
#2822=CARTESIAN_POINT('Ctrl Pts',(-2.39573319777414,-2.02054880560265,28.1808460047497));
#2823=CARTESIAN_POINT('Ctrl Pts',(-2.22328278033664,-3.27424603452915,27.7221997714676));
#2824=CARTESIAN_POINT('Ctrl Pts',(-3.78811763675141,11.3518707004527,20.3877846619754));
#2825=CARTESIAN_POINT('Ctrl Pts',(-3.70510942774797,10.721240550906,21.9098180125086));
#2826=CARTESIAN_POINT('Ctrl Pts',(-3.45117027471843,8.7927206129828,24.6723730289205));
#2827=CARTESIAN_POINT('Ctrl Pts',(-2.92611392520625,4.80458962149517,26.9876358797403));
#2828=CARTESIAN_POINT('Ctrl Pts',(-2.387094296399,0.709887635721331,27.583225711547));
#2829=CARTESIAN_POINT('Ctrl Pts',(-2.06588089314372,-1.72927415197037,27.1372737568882));
#2830=CARTESIAN_POINT('Ctrl Pts',(-1.9142275276191,-2.88173780278413,26.7257291117251));
#2831=CARTESIAN_POINT('Ctrl Pts',(-3.73004697122952,10.9107802039861,20.2020915721198));
#2832=CARTESIAN_POINT('Ctrl Pts',(-3.65061494830584,10.3074340891815,21.6601044037537));
#2833=CARTESIAN_POINT('Ctrl Pts',(-3.4077442416456,8.46264792020644,24.3070043846589));
#2834=CARTESIAN_POINT('Ctrl Pts',(-2.90503100063729,4.64416175229623,26.5313460336481));
#2835=CARTESIAN_POINT('Ctrl Pts',(-2.38815364904702,0.718088483179885,27.1114118555079));
#2836=CARTESIAN_POINT('Ctrl Pts',(-2.07968704167725,-1.6249480183874,26.6907958939538));
#2837=CARTESIAN_POINT('Ctrl Pts',(-1.93371045389515,-2.73375028539486,26.2993150388618));
#2838=CARTESIAN_POINT('',(-3.68155058866678,10.5424136066828,20.999999999935));
#2839=CARTESIAN_POINT('',(-6.15451372721568,12.5099730935893,20.9999999987503));
#2840=CARTESIAN_POINT('Ctrl Pts',(-3.68155058865736,10.5424136066113,21.0000000000049));
#2841=CARTESIAN_POINT('Ctrl Pts',(-3.72474460069246,10.8705047011721,21.0000000000049));
#2842=CARTESIAN_POINT('Ctrl Pts',(-3.82995860035156,11.1886641082116,21.0000000000057));
#2843=CARTESIAN_POINT('Ctrl Pts',(-4.14527998911744,11.7309373954251,21.0000000000057));
#2844=CARTESIAN_POINT('Ctrl Pts',(-4.34131193253787,11.9571698383572,21.0000000000074));
#2845=CARTESIAN_POINT('Ctrl Pts',(-4.79217190755612,12.2987733474787,21.0000000000074));
#2846=CARTESIAN_POINT('Ctrl Pts',(-5.03535099180147,12.4186357243905,21.0000000000052));
#2847=CARTESIAN_POINT('Ctrl Pts',(-5.43623611472992,12.5220601943017,21.0000000000052));
#2848=CARTESIAN_POINT('Ctrl Pts',(-5.58005568213175,12.5425447334651,21.0000000000049));
#2849=CARTESIAN_POINT('Ctrl Pts',(-5.86913248073032,12.550640467311,21.0000000000049));
#2850=CARTESIAN_POINT('Ctrl Pts',(-6.01312050081204,12.5383824455984,21.0000000000049));
#2851=CARTESIAN_POINT('Ctrl Pts',(-6.15451372707147,12.5099730925516,21.0000000000049));
#2852=CARTESIAN_POINT('',(-3.81063319387397,-3.66894456146955,28.248219426822));
#2853=CARTESIAN_POINT('Ctrl Pts',(-6.15451372626138,12.5099730858582,20.9999999947545));
#2854=CARTESIAN_POINT('Ctrl Pts',(-6.05492881429952,11.7933888151594,22.7327094842168));
#2855=CARTESIAN_POINT('Ctrl Pts',(-5.75007266148977,9.60290990619774,25.8793228512951));
#2856=CARTESIAN_POINT('Ctrl Pts',(-5.10977671326115,5.07148419521906,28.5241832422585));
#2857=CARTESIAN_POINT('Ctrl Pts',(-4.43346342362661,0.415942480410065,29.2140789070688));
#2858=CARTESIAN_POINT('Ctrl Pts',(-4.0145211440164,-2.35802332353356,28.7138233886591));
#2859=CARTESIAN_POINT('Ctrl Pts',(-3.81063319387397,-3.66894456146955,28.248219426822));
#2860=CARTESIAN_POINT('',(-1.93371045389515,-2.73375028539487,26.2993150388618));
#2861=CARTESIAN_POINT('Origin',(-3.98257989603788,-3.00348906468345,26.2993150388618));
#2862=CARTESIAN_POINT('Ctrl Pts',(-3.6814947551113,10.5419895087242,20.9997794747624));
#2863=CARTESIAN_POINT('Ctrl Pts',(-3.60444105756034,9.95670856865083,22.1419025295191));
#2864=CARTESIAN_POINT('Ctrl Pts',(-3.43732289537548,8.68732010092407,23.8165433312785));
#2865=CARTESIAN_POINT('Ctrl Pts',(-3.05013584771134,5.74634249123528,25.9921395114525));
#2866=CARTESIAN_POINT('Ctrl Pts',(-2.54737618363843,1.92750370514114,27.2184785424405));
#2867=CARTESIAN_POINT('Ctrl Pts',(-2.1283728022546,-1.25514295225086,26.8213616474846));
#2868=CARTESIAN_POINT('Ctrl Pts',(-1.93371045389516,-2.73375028539486,26.2993150388618));
#2869=CARTESIAN_POINT('Ctrl Pts',(-3.81063319387397,-3.66894456146958,28.248219426822));
#2870=CARTESIAN_POINT('Ctrl Pts',(-3.53535066530463,-5.68375833260198,27.5359716477485));
#2871=CARTESIAN_POINT('Ctrl Pts',(-3.0489965302683,-9.20554690468916,26.293232186561));
#2872=CARTESIAN_POINT('Ctrl Pts',(-2.53071138689649,-12.7311174402111,25.0621583182347));
#2873=CARTESIAN_POINT('Ctrl Pts',(-2.28508101620931,-14.2239721958707,24.5510644944923));
#2874=CARTESIAN_POINT('Ctrl Pts',(-3.21494802186955,-3.58239895356194,28.2252147834817));
#2875=CARTESIAN_POINT('Ctrl Pts',(-2.94179545836058,-5.59653444326109,27.5102206429339));
#2876=CARTESIAN_POINT('Ctrl Pts',(-2.46018891726825,-9.11701195681476,26.2617604964678));
#2877=CARTESIAN_POINT('Ctrl Pts',(-1.95355815988488,-12.6393814045846,25.0167833693898));
#2878=CARTESIAN_POINT('Ctrl Pts',(-1.71910831864694,-14.1299671286384,24.4932672001185));
#2879=CARTESIAN_POINT('Ctrl Pts',(-2.22305626451683,-3.27439828157627,27.72271544899));
#2880=CARTESIAN_POINT('Ctrl Pts',(-1.95544940340147,-5.2890747264794,27.0062747137877));
#2881=CARTESIAN_POINT('Ctrl Pts',(-1.4865337009758,-8.8106864851208,25.7539679376041));
#2882=CARTESIAN_POINT('Ctrl Pts',(-1.0098031106962,-12.3366444392889,24.5007929564076));
#2883=CARTESIAN_POINT('Ctrl Pts',(-0.801717270023373,-13.8330576013242,
23.9710380912939));
#2884=CARTESIAN_POINT('Ctrl Pts',(-1.9142275276191,-2.88173780278416,26.7257291117251));
#2885=CARTESIAN_POINT('Ctrl Pts',(-1.64875636045966,-4.89836430736637,26.0122360083414));
#2886=CARTESIAN_POINT('Ctrl Pts',(-1.18444217091295,-8.42457704285556,24.766623314348));
#2887=CARTESIAN_POINT('Ctrl Pts',(-0.718636349400994,-11.9624484298978,
23.5289474228209));
#2888=CARTESIAN_POINT('Ctrl Pts',(-0.519913235953077,-13.4726063181378,
23.0123101484984));
#2889=CARTESIAN_POINT('Ctrl Pts',(-1.93371045389515,-2.73375028539489,26.2993150388618));
#2890=CARTESIAN_POINT('Ctrl Pts',(-1.66812530690225,-4.75106975794496,25.5870672597883));
#2891=CARTESIAN_POINT('Ctrl Pts',(-1.20366735058818,-8.27897818980547,24.3443277986008));
#2892=CARTESIAN_POINT('Ctrl Pts',(-0.737318306466648,-11.8212508596571,
23.1132539302746));
#2893=CARTESIAN_POINT('Ctrl Pts',(-0.537814674145294,-13.3366313953656,
22.6021601065321));
#2894=CARTESIAN_POINT('',(-0.717527410239189,-11.9715776410713,23.0668723840425));
#2895=CARTESIAN_POINT('',(-1.21109759380893,-13.9335692478669,24.1092525010657));
#2896=CARTESIAN_POINT('Ctrl Pts',(-0.717527410242324,-11.9715776410475,
23.0668723840432));
#2897=CARTESIAN_POINT('Ctrl Pts',(-0.661077988516571,-12.4003535682818,
23.2310472959892));
#2898=CARTESIAN_POINT('Ctrl Pts',(-0.675393043037086,-12.7743718649918,
23.4212763825606));
#2899=CARTESIAN_POINT('Ctrl Pts',(-0.805166964095289,-13.2613979240075,
23.6995503535842));
#2900=CARTESIAN_POINT('Ctrl Pts',(-0.864122485262355,-13.4106541709917,
23.7901580655357));
#2901=CARTESIAN_POINT('Ctrl Pts',(-1.01621452647956,-13.6878691067598,23.9605902809103));
#2902=CARTESIAN_POINT('Ctrl Pts',(-1.10580453657584,-13.8140281699342,24.0391002125176));
#2903=CARTESIAN_POINT('Ctrl Pts',(-1.21109759380893,-13.9335692478669,24.1092525010657));
#2904=CARTESIAN_POINT('Ctrl Pts',(-1.93371045389515,-2.73375028539487,26.2993150388618));
#2905=CARTESIAN_POINT('Ctrl Pts',(-1.66813036591675,-4.75103133091473,25.5870808270826));
#2906=CARTESIAN_POINT('Ctrl Pts',(-1.26341765269831,-7.82512958681585,24.5042058864412));
#2907=CARTESIAN_POINT('Ctrl Pts',(-0.857281647631035,-10.9100388176314,
23.4302103268331));
#2908=CARTESIAN_POINT('Ctrl Pts',(-0.717545189813823,-11.9714425917941,
23.0664721762581));
#2909=CARTESIAN_POINT('',(-3.65282408430868,-4.82092192713495,27.8411658987835));
#2910=CARTESIAN_POINT('Ctrl Pts',(-3.81063319387397,-3.66894456146958,28.248219426822));
#2911=CARTESIAN_POINT('Ctrl Pts',(-3.7581580083253,-4.05301443701035,28.1124486078101));
#2912=CARTESIAN_POINT('Ctrl Pts',(-3.70558710640489,-4.43699844214408,27.9767544944569));
#2913=CARTESIAN_POINT('Ctrl Pts',(-3.65286651301563,-4.82092149970695,27.8411488498753));
#2914=CARTESIAN_POINT('Ctrl Pts',(-3.65282408431375,-4.82092192712252,27.8411658987882));
#2915=CARTESIAN_POINT('Ctrl Pts',(-3.64982110410653,-4.83212920182998,27.8370740542313));
#2916=CARTESIAN_POINT('Ctrl Pts',(-3.64681825898005,-4.84333597240158,27.8329807008064));
#2917=CARTESIAN_POINT('Ctrl Pts',(-2.84301274346454,-7.84317899579109,26.7368134111879));
#2918=CARTESIAN_POINT('Ctrl Pts',(-1.9953797442055,-11.0065884151175,25.4605653861152));
#2919=CARTESIAN_POINT('Ctrl Pts',(-1.21109759380894,-13.9335692478669,24.1092525010657));
#2920=CARTESIAN_POINT('Ctrl Pts',(-0.135799192764914,-13.6480738669719,
24.5510644944923));
#2921=CARTESIAN_POINT('Ctrl Pts',(-0.66956760061099,-12.2322409766201,25.0622188128515));
#2922=CARTESIAN_POINT('Ctrl Pts',(-1.98350358764904,-8.91999400169234,26.2932712208667));
#2923=CARTESIAN_POINT('Ctrl Pts',(-3.32315549514392,-5.62686102376468,27.5359852150427));
#2924=CARTESIAN_POINT('Ctrl Pts',(-4.09214606930924,-3.7443757091014,28.248219426822));
#2925=CARTESIAN_POINT('Ctrl Pts',(-0.672948460318519,-13.8496494394454,
24.4932672001185));
#2926=CARTESIAN_POINT('Ctrl Pts',(-1.21526598667233,-12.4413727470995,25.0168453343532));
#2927=CARTESIAN_POINT('Ctrl Pts',(-2.53768343156286,-9.13770868111378,26.2617693822712));
#2928=CARTESIAN_POINT('Ctrl Pts',(-3.88080135625334,-5.84810055472629,27.5102342625424));
#2929=CARTESIAN_POINT('Ctrl Pts',(-4.65129736487659,-3.96726760006963,28.2252147834817));
#2930=CARTESIAN_POINT('Ctrl Pts',(-1.61589870020279,-14.0512238398494,23.9710527248751));
#2931=CARTESIAN_POINT('Ctrl Pts',(-2.1839648871111,-12.6510834013728,24.5008702933831));
#2932=CARTESIAN_POINT('Ctrl Pts',(-3.53404655565978,-9.35927413838112,25.7540162577158));
#2933=CARTESIAN_POINT('Ctrl Pts',(-4.8887448614743,-6.0750177468355,27.0063061503388));
#2934=CARTESIAN_POINT('Ctrl Pts',(-5.66431397021714,-4.19648911853176,27.7227332383771));
#2935=CARTESIAN_POINT('Ctrl Pts',(-2.04016227127506,-13.8799558194465,23.0123101484984));
#2936=CARTESIAN_POINT('Ctrl Pts',(-2.62321095407499,-12.4725926077129,23.5290085735773));
#2937=CARTESIAN_POINT('Ctrl Pts',(-3.98868552546248,-9.17593632389183,24.7666616921144));
#2938=CARTESIAN_POINT('Ctrl Pts',(-5.34969128151097,-5.88998706189493,26.0122495993573));
#2939=CARTESIAN_POINT('Ctrl Pts',(-6.12808493150941,-4.01083749117645,26.7257291117251));
#2940=CARTESIAN_POINT('Ctrl Pts',(-2.09264663242244,-13.7532473629521,22.6021601065321));
#2941=CARTESIAN_POINT('Ctrl Pts',(-2.67763091886093,-12.3409703648571,23.1133144248913));
#2942=CARTESIAN_POINT('Ctrl Pts',(-4.04483855252713,-9.04023915308012,24.3443668329065));
#2943=CARTESIAN_POINT('Ctrl Pts',(-5.4065645612776,-5.75274175451856,25.5870808270825));
#2944=CARTESIAN_POINT('Ctrl Pts',(-6.18520598110892,-3.87293507853633,26.2993150388618));
#2945=CARTESIAN_POINT('',(-4.09214606930924,-3.7443757091014,28.248219426822));
#2946=CARTESIAN_POINT('Ctrl Pts',(-3.65278957227463,-4.82090151179472,27.8411497297164));
#2947=CARTESIAN_POINT('Ctrl Pts',(-3.79909272566756,-4.46205280196677,27.9767550527741));
#2948=CARTESIAN_POINT('Ctrl Pts',(-3.94555625594905,-4.10322688387595,28.1124488677526));
#2949=CARTESIAN_POINT('Ctrl Pts',(-4.09214606930924,-3.7443757091014,28.248219426822));
#2950=CARTESIAN_POINT('',(-6.18520598110892,-3.87293507853632,26.2993150388618));
#2951=CARTESIAN_POINT('Origin',(-4.27596360553138,-3.08210099271468,26.2993150388618));
#2952=CARTESIAN_POINT('',(-2.61953771473785,-12.4812197661327,23.0668723840432));
#2953=CARTESIAN_POINT('Ctrl Pts',(-2.61958972840715,-12.4810941940269,23.0664730465984));
#2954=CARTESIAN_POINT('Ctrl Pts',(-3.02924579519062,-11.4920969616898,23.4301852860197));
#2955=CARTESIAN_POINT('Ctrl Pts',(-4.2199994134121,-8.61736342713469,24.5042034751325));
#2956=CARTESIAN_POINT('Ctrl Pts',(-5.40654972899755,-5.75277756281019,25.5870672597883));
#2957=CARTESIAN_POINT('Ctrl Pts',(-6.18520598110891,-3.87293507853634,26.2993150388618));
#2958=CARTESIAN_POINT('Ctrl Pts',(-1.21109759380893,-13.9335692478669,24.1092525010657));
#2959=CARTESIAN_POINT('Ctrl Pts',(-1.24079663655565,-13.9235593774557,24.0954508502815));
#2960=CARTESIAN_POINT('Ctrl Pts',(-1.27019951527901,-13.9129896410444,24.0812754249942));
#2961=CARTESIAN_POINT('Ctrl Pts',(-1.56601668059956,-13.7996377060774,23.9336891428622));
#2962=CARTESIAN_POINT('Ctrl Pts',(-1.80783853355941,-13.6486686943045,23.7715353128819));
#2963=CARTESIAN_POINT('Ctrl Pts',(-2.26075182234225,-13.1878204081999,23.4154352404037));
#2964=CARTESIAN_POINT('Ctrl Pts',(-2.45660671703202,-12.8745699905251,23.2284975633769));
#2965=CARTESIAN_POINT('Ctrl Pts',(-2.61953771473785,-12.4812197661327,23.0668723840432));
#2966=CARTESIAN_POINT('Ctrl Pts',(-4.09214606930924,-3.74437570910139,28.248219426822));
#2967=CARTESIAN_POINT('Ctrl Pts',(-4.73075227656477,-2.09450097399667,28.8691105025332));
#2968=CARTESIAN_POINT('Ctrl Pts',(-6.12731828551896,1.45200079355659,29.3413909775739));
#2969=CARTESIAN_POINT('Ctrl Pts',(-7.83110856755671,5.70012799801898,27.8828681738354));
#2970=CARTESIAN_POINT('Ctrl Pts',(-9.25675465107302,9.2327699745267,25.0870786227612));
#2971=CARTESIAN_POINT('Ctrl Pts',(-9.88074176452237,10.7711247483549,22.7284945099007));
#2972=CARTESIAN_POINT('Ctrl Pts',(-10.1526815721095,11.4412265790735,20.9940294116002));
#2973=CARTESIAN_POINT('Ctrl Pts',(-4.65129736487659,-3.96726760006962,28.2252147834817));
#2974=CARTESIAN_POINT('Ctrl Pts',(-5.29520649710953,-2.32659946469498,28.8566544631215));
#2975=CARTESIAN_POINT('Ctrl Pts',(-6.70172306001314,1.210427131893,29.3497711630279));
#2976=CARTESIAN_POINT('Ctrl Pts',(-8.41891413953218,5.46651801778844,27.9061800796355));
#2977=CARTESIAN_POINT('Ctrl Pts',(-9.85651133659051,9.01200867144009,25.1117719856919));
#2978=CARTESIAN_POINT('Ctrl Pts',(-10.4851099311519,10.5560765040685,22.7496209735717));
#2979=CARTESIAN_POINT('Ctrl Pts',(-10.7595093109372,11.2297851969103,21.0094120171199));
#2980=CARTESIAN_POINT('Ctrl Pts',(-5.66415777408968,-4.19620668624964,27.7221585716338));
#2981=CARTESIAN_POINT('Ctrl Pts',(-6.30091532250194,-2.63337892823861,28.3337713938911));
#2982=CARTESIAN_POINT('Ctrl Pts',(-7.68442664961765,0.748879493618702,28.8206232537326));
#2983=CARTESIAN_POINT('Ctrl Pts',(-9.36182367121013,4.83202359789012,27.4430962111228));
#2984=CARTESIAN_POINT('Ctrl Pts',(-10.7627460538305,8.237000110553,24.7637510566111));
#2985=CARTESIAN_POINT('Ctrl Pts',(-11.375191453213,9.72364763361881,22.4918508570488));
#2986=CARTESIAN_POINT('Ctrl Pts',(-11.6419700525648,10.3711791522516,20.8193867944787));
#2987=CARTESIAN_POINT('Ctrl Pts',(-6.12808493150942,-4.01083749117644,26.7257291117251));
#2988=CARTESIAN_POINT('Ctrl Pts',(-6.72136178682759,-2.57878697207936,27.2745311374431));
#2989=CARTESIAN_POINT('Ctrl Pts',(-8.00072060470305,0.510105528477589,27.6985105930938));
#2990=CARTESIAN_POINT('Ctrl Pts',(-9.53924337513255,4.2243581305189,26.4267608914157));
#2991=CARTESIAN_POINT('Ctrl Pts',(-10.820420471301,7.31733218647332,23.9777219783466));
#2992=CARTESIAN_POINT('Ctrl Pts',(-11.3790671172215,8.66619589995698,21.907953359513));
#2993=CARTESIAN_POINT('Ctrl Pts',(-11.6224059137195,9.25362674010622,20.3855757216902));
#2994=CARTESIAN_POINT('Ctrl Pts',(-6.18520598110893,-3.87293507853632,26.2993150388618));
#2995=CARTESIAN_POINT('Ctrl Pts',(-6.75592710884131,-2.49509239163193,26.8213616474846));
#2996=CARTESIAN_POINT('Ctrl Pts',(-7.98438353466189,0.470663772368483,27.2184561298483));
#2997=CARTESIAN_POINT('Ctrl Pts',(-9.45839695930794,4.02924697326901,25.9921268861584));
#2998=CARTESIAN_POINT('Ctrl Pts',(-10.6849348533428,6.99037139181242,23.641420762883));
#2999=CARTESIAN_POINT('Ctrl Pts',(-11.2193383417174,8.28053554122586,21.6583179523617));
#3000=CARTESIAN_POINT('Ctrl Pts',(-11.4521360109884,8.84255883166887,20.199975808685));
#3001=CARTESIAN_POINT('',(-10.1517448111593,11.4389182516763,20.9999999999273));
#3002=CARTESIAN_POINT('',(-11.3096139705674,8.49848018874741,20.9999999951575));
#3003=CARTESIAN_POINT('Ctrl Pts',(-10.1517448111349,11.4389182516162,21.0000000000049));
#3004=CARTESIAN_POINT('Ctrl Pts',(-10.3879406734881,11.359249859376,21.0000000000049));
#3005=CARTESIAN_POINT('Ctrl Pts',(-10.6054097042545,11.234380721053,21.0000000000049));
#3006=CARTESIAN_POINT('Ctrl Pts',(-10.9875683444839,10.9034108596231,21.0000000000049));
#3007=CARTESIAN_POINT('Ctrl Pts',(-11.1456770087185,10.6995554299877,21.0000000000049));
#3008=CARTESIAN_POINT('Ctrl Pts',(-11.3891485002832,10.2260152388574,21.0000000000049));
#3009=CARTESIAN_POINT('Ctrl Pts',(-11.4652619569644,9.95820185441094,21.0000000000052));
#3010=CARTESIAN_POINT('Ctrl Pts',(-11.5115946335589,9.48427832435088,21.0000000000052));
#3011=CARTESIAN_POINT('Ctrl Pts',(-11.5051438066395,9.28362014866599,21.0000000000055));
#3012=CARTESIAN_POINT('Ctrl Pts',(-11.4436277195292,8.88442331617089,21.0000000000055));
#3013=CARTESIAN_POINT('Ctrl Pts',(-11.3877165960708,8.6870366064946,21.0000000000049));
#3014=CARTESIAN_POINT('Ctrl Pts',(-11.3096139686539,8.49848018412782,21.0000000000049));
#3015=CARTESIAN_POINT('Ctrl Pts',(-6.18520598110892,-3.87293507853632,26.2993150388618));
#3016=CARTESIAN_POINT('Ctrl Pts',(-6.61318768123558,-2.83969585364304,26.6907958939538));
#3017=CARTESIAN_POINT('Ctrl Pts',(-7.51756568229938,-0.656334217962929,
27.1114095872894));
#3018=CARTESIAN_POINT('Ctrl Pts',(-9.0329735460389,3.00218399920386,26.5313445869622));
#3019=CARTESIAN_POINT('Ctrl Pts',(-10.407300297798,6.32010228243296,24.457242514809));
#3020=CARTESIAN_POINT('Ctrl Pts',(-11.0835485011866,7.95270986658393,22.1428778010655));
#3021=CARTESIAN_POINT('Ctrl Pts',(-11.3094931459896,8.49818849241302,20.9998372240252));
#3022=CARTESIAN_POINT('Ctrl Pts',(-4.09214606930924,-3.74437570910139,28.248219426822));
#3023=CARTESIAN_POINT('Ctrl Pts',(-4.73075227656477,-2.09450097399667,28.8691105025332));
#3024=CARTESIAN_POINT('Ctrl Pts',(-6.12731828551896,1.45200079355659,29.3413909775739));
#3025=CARTESIAN_POINT('Ctrl Pts',(-7.83110856755671,5.70012799801898,27.8828681738354));
#3026=CARTESIAN_POINT('Ctrl Pts',(-9.25610024519604,9.23114840680563,25.0883619574782));
#3027=CARTESIAN_POINT('Ctrl Pts',(-9.879786878725,10.7687706019038,22.7321029342373));
#3028=CARTESIAN_POINT('Ctrl Pts',(-10.1517448011766,11.4389182283235,20.9999999803785));
#3029=CARTESIAN_POINT('Origin',(0.267025571327053,-19.4499999999989,16.0061852741483));
#3030=CARTESIAN_POINT('Origin',(0.267025571327069,-19.4499999999986,21.0000000000049));
#3031=CARTESIAN_POINT('Origin',(0.267025571327115,-19.4499999999992,28.248219426822));
#3032=CARTESIAN_POINT('Origin',(0.267025571327046,-19.4499999999989,26.3217617857081));
#3033=CARTESIAN_POINT('Origin',(0.267025571327045,-19.4499999999989,29.4690626580666));
#3034=CARTESIAN_POINT('',(3.45452557132704,-19.4499999999989,28.5485823450273));
#3035=CARTESIAN_POINT('Origin',(0.267025571327046,-19.4499999999989,28.5485823450273));
#3036=CARTESIAN_POINT('',(5.978054929891,-19.4499999999989,24.1092525010657));
#3037=CARTESIAN_POINT('Origin',(10.2403553497095,-19.4499999999989,29.4690626580666));
#3038=CARTESIAN_POINT('',(7.74544793027843,-18.4654470184295,23.0668723840432));
#3039=CARTESIAN_POINT('Ctrl Pts',(7.74544793027845,-18.4654470184295,23.0668723840432));
#3040=CARTESIAN_POINT('Ctrl Pts',(7.30370988103518,-18.5236029358918,23.236010390007));
#3041=CARTESIAN_POINT('Ctrl Pts',(6.93789799762742,-18.6392176053076,23.4326703648782));
#3042=CARTESIAN_POINT('Ctrl Pts',(6.3707664065119,-18.9764506356291,23.7981003935699));
#3043=CARTESIAN_POINT('Ctrl Pts',(6.16565147807347,-19.1778329130392,23.9601141691533));
#3044=CARTESIAN_POINT('Ctrl Pts',(5.99339687623141,-19.4271492504137,24.0970511752329));
#3045=CARTESIAN_POINT('Ctrl Pts',(5.98568153220184,-19.4385323585316,24.1031875716598));
#3046=CARTESIAN_POINT('Ctrl Pts',(5.97805492989099,-19.4499999999989,24.1092525010657));
#3047=CARTESIAN_POINT('',(5.78345632345906,-17.9718768348629,24.1092525010657));
#3048=CARTESIAN_POINT('Ctrl Pts',(5.78345632345906,-17.9718768348629,24.1092525010657));
#3049=CARTESIAN_POINT('Ctrl Pts',(5.80706226117499,-17.9926691967351,24.0953994341306));
#3050=CARTESIAN_POINT('Ctrl Pts',(5.83100749777707,-18.0129211429179,24.0811697970086));
#3051=CARTESIAN_POINT('Ctrl Pts',(6.07792431500565,-18.2130498157836,23.9330681446762));
#3052=CARTESIAN_POINT('Ctrl Pts',(6.33051275824009,-18.3472226462103,23.7702847870496));
#3053=CARTESIAN_POINT('Ctrl Pts',(6.95658713724768,-18.5081212285398,23.4141825451888));
#3054=CARTESIAN_POINT('Ctrl Pts',(7.32476053417021,-18.5208315648307,23.227950261382));
#3055=CARTESIAN_POINT('Ctrl Pts',(7.74544793027844,-18.4654470184295,23.0668723840432));
#3056=CARTESIAN_POINT('',(7.23580580517105,-16.5634367139432,23.0668723840425));
#3057=CARTESIAN_POINT('Ctrl Pts',(7.2358058051932,-16.563436713934,23.0668723840432));
#3058=CARTESIAN_POINT('Ctrl Pts',(6.82417147399922,-16.7339412366529,23.236010390007));
#3059=CARTESIAN_POINT('Ctrl Pts',(6.50074760659025,-16.9402955140902,23.4326703648782));
#3060=CARTESIAN_POINT('Ctrl Pts',(6.04022288671222,-17.4128220644156,23.7981003935699));
#3061=CARTESIAN_POINT('Ctrl Pts',(5.89421864871595,-17.6604300570376,23.9601141691533));
#3062=CARTESIAN_POINT('Ctrl Pts',(5.79236129646729,-17.9458339177867,24.0970511752329));
#3063=CARTESIAN_POINT('Ctrl Pts',(5.78785501158379,-17.9588260338755,24.1031875716598));
#3064=CARTESIAN_POINT('Ctrl Pts',(5.78345632345906,-17.9718768348629,24.1092525010657));
#3065=CARTESIAN_POINT('',(5.21292207760218,-16.5944853207169,24.1092525010657));
#3066=CARTESIAN_POINT('Ctrl Pts',(5.21292207760218,-16.5944853207169,24.1092525010657));
#3067=CARTESIAN_POINT('Ctrl Pts',(5.24110512174095,-16.6084595337804,24.0953994341306));
#3068=CARTESIAN_POINT('Ctrl Pts',(5.26947603356399,-16.6218239283589,24.0811697970086));
#3069=CARTESIAN_POINT('Ctrl Pts',(5.55977647627891,-16.751226607206,23.9330681446762));
#3070=CARTESIAN_POINT('Ctrl Pts',(5.83848466087096,-16.8154529096196,23.7702847870496));
#3071=CARTESIAN_POINT('Ctrl Pts',(6.48486969016915,-16.808829032767,23.4141825451888));
#3072=CARTESIAN_POINT('Ctrl Pts',(6.84378755991094,-16.7258159878276,23.227950261382));
#3073=CARTESIAN_POINT('Ctrl Pts',(7.23580580519319,-16.563436713934,23.0668723840432));
#3074=CARTESIAN_POINT('',(6.2512528236048,-14.858140927127,23.0668723840425));
#3075=CARTESIAN_POINT('Ctrl Pts',(6.25125282362382,-14.8581409271124,23.0668723840432));
#3076=CARTESIAN_POINT('Ctrl Pts',(5.8977744098921,-15.1293744536367,23.236010390007));
#3077=CARTESIAN_POINT('Ctrl Pts',(5.63877936056264,-15.4124056361048,23.4326703648782));
#3078=CARTESIAN_POINT('Ctrl Pts',(5.3162455105287,-15.9880238029163,23.7981003935699));
#3079=CARTESIAN_POINT('Ctrl Pts',(5.23930191051062,-16.2649834352446,23.9601141691533));
#3080=CARTESIAN_POINT('Ctrl Pts',(5.21478321808387,-16.5670250179104,24.0970511752329));
#3081=CARTESIAN_POINT('Ctrl Pts',(5.21379308821427,-16.5807407507293,24.1031875716598));
#3082=CARTESIAN_POINT('Ctrl Pts',(5.21292207760218,-16.5944853207169,24.1092525010657));
#3083=CARTESIAN_POINT('',(4.30533315832308,-15.4116924130029,24.1092525010657));
#3084=CARTESIAN_POINT('Ctrl Pts',(6.25125282362381,-14.8581409271124,23.0668723840432));
#3085=CARTESIAN_POINT('Ctrl Pts',(5.90814668897076,-15.1214155239728,23.2310472959891));
#3086=CARTESIAN_POINT('Ctrl Pts',(5.57707981527953,-15.2960274714566,23.4212763825604));
#3087=CARTESIAN_POINT('Ctrl Pts',(5.09041591533748,-15.4271529885794,23.6995503535843));
#3088=CARTESIAN_POINT('Ctrl Pts',(4.93167845319216,-15.4507241330475,23.7901580655357));
#3089=CARTESIAN_POINT('Ctrl Pts',(4.61555725589988,-15.457616029524,23.9605902809103));
#3090=CARTESIAN_POINT('Ctrl Pts',(4.46150529722504,-15.4431083364425,24.0391002125176));
#3091=CARTESIAN_POINT('Ctrl Pts',(4.30533315832308,-15.4116924130029,24.1092525010657));
#3092=CARTESIAN_POINT('',(4.85888464421354,-13.4657727477021,23.0668723840432));
#3093=CARTESIAN_POINT('Ctrl Pts',(4.30533315832308,-15.4116924130029,24.1092525010657));
#3094=CARTESIAN_POINT('Ctrl Pts',(4.29915243901439,-15.3809673523105,24.0954508502815));
#3095=CARTESIAN_POINT('Ctrl Pts',(4.29360465989619,-15.3502188441861,24.0812754249942));
#3096=CARTESIAN_POINT('Ctrl Pts',(4.24386173248546,-15.0373576966594,23.9336891428621));
#3097=CARTESIAN_POINT('Ctrl Pts',(4.25369380538514,-14.7524493229195,23.7715353128819));
#3098=CARTESIAN_POINT('Ctrl Pts',(4.42634348405081,-14.1297907660697,23.4154352404037));
#3099=CARTESIAN_POINT('Ctrl Pts',(4.59969885615835,-13.8035502429755,23.2284975633769));
#3100=CARTESIAN_POINT('Ctrl Pts',(4.85888464421354,-13.4657727477021,23.0668723840432));
#3101=CARTESIAN_POINT('',(3.12254025060903,-14.5041034937238,24.1092525010657));
#3102=CARTESIAN_POINT('Ctrl Pts',(4.85888464421354,-13.4657727477021,23.0668723840432));
#3103=CARTESIAN_POINT('Ctrl Pts',(4.595610047353,-13.8088788823553,23.2310472959892));
#3104=CARTESIAN_POINT('Ctrl Pts',(4.32101690133708,-14.0632274841223,23.4212763825605));
#3105=CARTESIAN_POINT('Ctrl Pts',(3.88487345279096,-14.3158428934655,23.6995503535842));
#3106=CARTESIAN_POINT('Ctrl Pts',(3.73764549960839,-14.3796951490368,23.7901580655357));
#3107=CARTESIAN_POINT('Ctrl Pts',(3.43407962497139,-14.4681703962555,23.9605902809103));
#3108=CARTESIAN_POINT('Ctrl Pts',(3.28152199222694,-14.4940286216686,24.0391002125176));
#3109=CARTESIAN_POINT('Ctrl Pts',(3.12254025060903,-14.5041034937238,24.1092525010657));
#3110=CARTESIAN_POINT('',(3.15358885739196,-12.4812197661328,23.0668723840432));
#3111=CARTESIAN_POINT('Ctrl Pts',(3.12254025060903,-14.5041034937238,24.1092525010657));
#3112=CARTESIAN_POINT('Ctrl Pts',(3.10861790333463,-14.4760250519563,24.0954508502815));
#3113=CARTESIAN_POINT('Ctrl Pts',(3.0953008606947,-14.4477601447328,24.0812754249942));
#3114=CARTESIAN_POINT('Ctrl Pts',(2.96627845898089,-14.1584338992673,23.9336891428621));
#3115=CARTESIAN_POINT('Ctrl Pts',(2.9020357988876,-13.8806888152267,23.7715353128819));
#3116=CARTESIAN_POINT('Ctrl Pts',(2.90764668930251,-13.2345618092362,23.4154352404037));
#3117=CARTESIAN_POINT('Ctrl Pts',(2.99065785968612,-12.8745699905252,23.228497563377));
#3118=CARTESIAN_POINT('Ctrl Pts',(3.15358885739196,-12.4812197661327,23.0668723840432));
#3119=CARTESIAN_POINT('',(1.74514873646304,-13.9335692478669,24.1092525010657));
#3120=CARTESIAN_POINT('Ctrl Pts',(3.15358885739196,-12.4812197661327,23.0668723840432));
#3121=CARTESIAN_POINT('Ctrl Pts',(2.98808752701835,-12.8807753225115,23.2310472959891));
#3122=CARTESIAN_POINT('Ctrl Pts',(2.78868117779213,-13.1975271416823,23.4212763825604));
#3123=CARTESIAN_POINT('Ctrl Pts',(2.43278063589894,-13.5544171205661,23.6995503535842));
#3124=CARTESIAN_POINT('Ctrl Pts',(2.30709553338283,-13.6541990615443,23.7901580655357));
#3125=CARTESIAN_POINT('Ctrl Pts',(2.03677249409126,-13.8182282176194,23.9605902809103));
#3126=CARTESIAN_POINT('Ctrl Pts',(1.89610573783535,-13.882690166198,24.0391002125176));
#3127=CARTESIAN_POINT('Ctrl Pts',(1.74514873646304,-13.9335692478669,24.1092525010657));
#3128=CARTESIAN_POINT('',(1.25157855289331,-11.9715776410713,23.0668723840425));
#3129=CARTESIAN_POINT('Ctrl Pts',(1.74514873646304,-13.9335692478669,24.1092525010657));
#3130=CARTESIAN_POINT('Ctrl Pts',(1.7244335461819,-13.9100509244288,24.0954508502815));
#3131=CARTESIAN_POINT('Ctrl Pts',(1.70425477446872,-13.8861958248237,24.0812754249942));
#3132=CARTESIAN_POINT('Ctrl Pts',(1.50474556190918,-13.6401215869139,23.9336891428622));
#3133=CARTESIAN_POINT('Ctrl Pts',(1.37080619994214,-13.3884676610545,23.771535312882));
#3134=CARTESIAN_POINT('Ctrl Pts',(1.20899592919687,-12.7629046936057,23.4154352404036));
#3135=CARTESIAN_POINT('Ctrl Pts',(1.19600582377745,-12.3936944268083,23.2284975633769));
#3136=CARTESIAN_POINT('Ctrl Pts',(1.25157855289643,-11.9715776410475,23.0668723840432));
#3137=CARTESIAN_POINT('',(0.267025571327049,-13.7389706414349,24.1092525010657));
#3138=CARTESIAN_POINT('Ctrl Pts',(1.25157855289643,-11.9715776410475,23.0668723840432));
#3139=CARTESIAN_POINT('Ctrl Pts',(1.19512913117069,-12.4003535682817,23.2310472959891));
#3140=CARTESIAN_POINT('Ctrl Pts',(1.08449879189929,-12.7579224918369,23.4212763825605));
#3141=CARTESIAN_POINT('Ctrl Pts',(0.833095190435827,-13.1947655779886,23.6995503535842));
#3142=CARTESIAN_POINT('Ctrl Pts',(0.737518170618197,-13.3236772299936,23.7901580655357));
#3143=CARTESIAN_POINT('Ctrl Pts',(0.518860035069783,-13.5520819790096,23.9605902809103));
#3144=CARTESIAN_POINT('Ctrl Pts',(0.399670362278463,-13.6507546754864,24.0391002125176));
#3145=CARTESIAN_POINT('Ctrl Pts',(0.267025571327052,-13.7389706414349,24.1092525010657));
#3146=CARTESIAN_POINT('Ctrl Pts',(0.267025571327051,-13.7389706414349,24.1092525010657));
#3147=CARTESIAN_POINT('Ctrl Pts',(0.24092924402336,-13.7216151712028,24.0954508502815));
#3148=CARTESIAN_POINT('Ctrl Pts',(0.215263893182174,-13.7037955648316,24.0812754249942));
#3149=CARTESIAN_POINT('Ctrl Pts',(-0.0411359070919068,-13.5177428871339,
23.9336891428621));
#3150=CARTESIAN_POINT('Ctrl Pts',(-0.235644224759761,-13.3093299186251,
23.7715353128819));
#3151=CARTESIAN_POINT('Ctrl Pts',(-0.553848554117959,-12.7469620721585,
23.4154352404036));
#3152=CARTESIAN_POINT('Ctrl Pts',(-0.661954681123339,-12.3936944268083,
23.2284975633769));
#3153=CARTESIAN_POINT('Ctrl Pts',(-0.717527410242319,-11.9715776410475,
23.0668723840432));
#3154=CARTESIAN_POINT('',(-2.58848910795492,-14.5041034937238,24.1092525010657));
#3155=CARTESIAN_POINT('Ctrl Pts',(-2.58848910795492,-14.5041034937238,24.1092525010657));
#3156=CARTESIAN_POINT('Ctrl Pts',(-2.57451489489143,-14.475920449585,24.0953994341306));
#3157=CARTESIAN_POINT('Ctrl Pts',(-2.56115050031296,-14.4475495377619,24.0811697970086));
#3158=CARTESIAN_POINT('Ctrl Pts',(-2.43174782146588,-14.157249095047,23.9330681446762));
#3159=CARTESIAN_POINT('Ctrl Pts',(-2.36752151905226,-13.878540910455,23.7702847870496));
#3160=CARTESIAN_POINT('Ctrl Pts',(-2.37414539590483,-13.2321558811568,23.4141825451888));
#3161=CARTESIAN_POINT('Ctrl Pts',(-2.45715844084424,-12.873238011415,23.2279502613819));
#3162=CARTESIAN_POINT('Ctrl Pts',(-2.61953771473785,-12.4812197661327,23.0668723840432));
#3163=CARTESIAN_POINT('',(-4.32483350155943,-13.4657727477021,23.0668723840432));
#3164=CARTESIAN_POINT('Ctrl Pts',(-4.32483350155944,-13.4657727477021,23.0668723840432));
#3165=CARTESIAN_POINT('Ctrl Pts',(-4.0535999750351,-13.8192511614338,23.236010390007));
#3166=CARTESIAN_POINT('Ctrl Pts',(-3.77056879256701,-14.0782462107633,23.4326703648782));
#3167=CARTESIAN_POINT('Ctrl Pts',(-3.19495062575555,-14.4007800607972,23.7981003935699));
#3168=CARTESIAN_POINT('Ctrl Pts',(-2.91799099342726,-14.4777236608153,23.9601141691533));
#3169=CARTESIAN_POINT('Ctrl Pts',(-2.61594941076143,-14.5022423532421,24.0970511752329));
#3170=CARTESIAN_POINT('Ctrl Pts',(-2.60223367794255,-14.5032324831117,24.1031875716598));
#3171=CARTESIAN_POINT('Ctrl Pts',(-2.58848910795493,-14.5041034937238,24.1092525010657));
#3172=CARTESIAN_POINT('',(-3.77128201566898,-15.4116924130029,24.1092525010657));
#3173=CARTESIAN_POINT('Ctrl Pts',(-3.77128201566897,-15.4116924130029,24.1092525010657));
#3174=CARTESIAN_POINT('Ctrl Pts',(-3.76507827094096,-15.3808528903246,24.0953994341306));
#3175=CARTESIAN_POINT('Ctrl Pts',(-3.75951218937163,-15.3499897340362,24.0811697970086));
#3176=CARTESIAN_POINT('Ctrl Pts',(-3.70965408325856,-15.0360891612618,23.9330681446762));
#3177=CARTESIAN_POINT('Ctrl Pts',(-3.71975122522856,-14.750254737505,23.7702847870496));
#3178=CARTESIAN_POINT('Ctrl Pts',(-3.89344615500214,-14.1276091294612,23.4141825451888));
#3179=CARTESIAN_POINT('Ctrl Pts',(-4.06652537934481,-13.8024064465832,23.2279502613819));
#3180=CARTESIAN_POINT('Ctrl Pts',(-4.32483350155944,-13.4657727477021,23.0668723840432));
#3181=CARTESIAN_POINT('',(-5.71720168095069,-14.858140927127,23.0668723840425));
#3182=CARTESIAN_POINT('Ctrl Pts',(-5.71720168096972,-14.8581409271124,23.0668723840432));
#3183=CARTESIAN_POINT('Ctrl Pts',(-5.363723267238,-15.1293744536367,23.236010390007));
#3184=CARTESIAN_POINT('Ctrl Pts',(-5.02330328709321,-15.3062906002844,23.4326703648782));
#3185=CARTESIAN_POINT('Ctrl Pts',(-4.38382093060983,-15.4688534316069,23.7981003935699));
#3186=CARTESIAN_POINT('Ctrl Pts',(-4.09638399982098,-15.4714928144608,23.9601141691533));
#3187=CARTESIAN_POINT('Ctrl Pts',(-3.79828832994977,-15.4170019386958,24.0970511752329));
#3188=CARTESIAN_POINT('Ctrl Pts',(-3.78478368492616,-15.4144084378372,24.1031875716598));
#3189=CARTESIAN_POINT('Ctrl Pts',(-3.77128201566898,-15.4116924130029,24.1092525010657));
#3190=CARTESIAN_POINT('',(-4.67887093494808,-16.5944853207169,24.1092525010657));
#3191=CARTESIAN_POINT('Ctrl Pts',(-5.71720168096971,-14.8581409271124,23.0668723840432));
#3192=CARTESIAN_POINT('Ctrl Pts',(-5.37409554631658,-15.1214155239729,23.2310472959891));
#3193=CARTESIAN_POINT('Ctrl Pts',(-5.1197469445496,-15.3960086699888,23.4212763825605));
#3194=CARTESIAN_POINT('Ctrl Pts',(-4.86713153520632,-15.832152118535,23.6995503535843));
#3195=CARTESIAN_POINT('Ctrl Pts',(-4.803279279635,-15.9793800717175,23.7901580655357));
#3196=CARTESIAN_POINT('Ctrl Pts',(-4.71480403241636,-16.2829459463546,23.9605902809103));
#3197=CARTESIAN_POINT('Ctrl Pts',(-4.68894580700321,-16.435503579099,24.0391002125176));
#3198=CARTESIAN_POINT('Ctrl Pts',(-4.67887093494808,-16.5944853207169,24.1092525010657));
#3199=CARTESIAN_POINT('',(-6.70175466253908,-16.563436713934,23.0668723840432));
#3200=CARTESIAN_POINT('Ctrl Pts',(-4.67887093494808,-16.5944853207169,24.1092525010657));
#3201=CARTESIAN_POINT('Ctrl Pts',(-4.70694937671557,-16.6084076679913,24.0954508502815));
#3202=CARTESIAN_POINT('Ctrl Pts',(-4.73521428393903,-16.6217247106312,24.0812754249942));
#3203=CARTESIAN_POINT('Ctrl Pts',(-5.02454052940427,-16.7507471123449,23.9336891428622));
#3204=CARTESIAN_POINT('Ctrl Pts',(-5.30228561344492,-16.8149897724383,23.771535312882));
#3205=CARTESIAN_POINT('Ctrl Pts',(-5.94841261943591,-16.8093788820234,23.4154352404035));
#3206=CARTESIAN_POINT('Ctrl Pts',(-6.30840443814698,-16.7263677116397,23.2284975633768));
#3207=CARTESIAN_POINT('Ctrl Pts',(-6.70175466253908,-16.563436713934,23.0668723840432));
#3208=CARTESIAN_POINT('',(-5.24940518080496,-17.9718768348629,24.1092525010657));
#3209=CARTESIAN_POINT('Ctrl Pts',(-5.24940518080497,-17.9718768348629,24.1092525010657));
#3210=CARTESIAN_POINT('Ctrl Pts',(-5.25945234161103,-17.942067152419,24.0953994341306));
#3211=CARTESIAN_POINT('Ctrl Pts',(-5.27006355171665,-17.9125558342475,24.0811697970086));
#3212=CARTESIAN_POINT('Ctrl Pts',(-5.38383545162535,-17.6157809109059,23.9330681446762));
#3213=CARTESIAN_POINT('Ctrl Pts',(-5.53549704495538,-17.3732896096415,23.7702847870496));
#3214=CARTESIAN_POINT('Ctrl Pts',(-5.99724407066978,-16.9209101604074,23.4141825451888));
#3215=CARTESIAN_POINT('Ctrl Pts',(-6.30973641725684,-16.7258159878276,23.2279502613819));
#3216=CARTESIAN_POINT('Ctrl Pts',(-6.70175466253909,-16.563436713934,23.0668723840432));
#3217=CARTESIAN_POINT('',(-7.21139678762433,-18.4654470184295,23.0668723840432));
#3218=CARTESIAN_POINT('Ctrl Pts',(-7.21139678762434,-18.4654470184295,23.0668723840432));
#3219=CARTESIAN_POINT('Ctrl Pts',(-6.76965873838108,-18.5236029358918,23.236010390007));
#3220=CARTESIAN_POINT('Ctrl Pts',(-6.38638831429605,-18.5066068231559,23.4326703648782));
#3221=CARTESIAN_POINT('Ctrl Pts',(-5.75129893264829,-18.3276491865506,23.7981003935699));
#3222=CARTESIAN_POINT('Ctrl Pts',(-5.50105155717233,-18.186216493758,23.9601141691533));
#3223=CARTESIAN_POINT('Ctrl Pts',(-5.27013857218823,-17.9899781761355,24.0970511752329));
#3224=CARTESIAN_POINT('Ctrl Pts',(-5.259739956958,-17.9809798159953,24.1031875716598));
#3225=CARTESIAN_POINT('Ctrl Pts',(-5.24940518080496,-17.9718768348629,24.1092525010657));
#3226=CARTESIAN_POINT('',(-5.4440037872369,-19.4499999999989,24.1092525010657));
#3227=CARTESIAN_POINT('Ctrl Pts',(-5.4440037872369,-19.4499999999989,24.1092525010657));
#3228=CARTESIAN_POINT('Ctrl Pts',(-5.46142391288531,-19.4238064544186,24.0953994341306));
#3229=CARTESIAN_POINT('Ctrl Pts',(-5.47931164596336,-19.3980470932959,24.0811697970086));
#3230=CARTESIAN_POINT('Ctrl Pts',(-5.66601786466081,-19.1408308647392,23.9330681446762));
#3231=CARTESIAN_POINT('Ctrl Pts',(-5.87527308155336,-18.9458551629618,23.7702847870496));
#3232=CARTESIAN_POINT('Ctrl Pts',(-6.43837087597782,-18.6283990939386,23.4141825451888));
#3233=CARTESIAN_POINT('Ctrl Pts',(-6.79070939151611,-18.5208315648307,23.2279502613819));
#3234=CARTESIAN_POINT('Ctrl Pts',(-7.21139678762434,-18.4654470184295,23.0668723840432));
#3235=CARTESIAN_POINT('',(-7.21139678760058,-20.4345529815651,23.0668723840425));
#3236=CARTESIAN_POINT('Ctrl Pts',(-7.21139678762435,-20.4345529815683,23.0668723840432));
#3237=CARTESIAN_POINT('Ctrl Pts',(-6.76965873838109,-20.376397064106,23.236010390007));
#3238=CARTESIAN_POINT('Ctrl Pts',(-6.40384685497333,-20.2607823946902,23.4326703648782));
#3239=CARTESIAN_POINT('Ctrl Pts',(-5.8367152638578,-19.9235493643686,23.7981003935699));
#3240=CARTESIAN_POINT('Ctrl Pts',(-5.63160033541937,-19.7221670869586,23.9601141691533));
#3241=CARTESIAN_POINT('Ctrl Pts',(-5.45934573357731,-19.4728507495841,24.0970511752329));
#3242=CARTESIAN_POINT('Ctrl Pts',(-5.45163038954775,-19.4614676414662,24.1031875716598));
#3243=CARTESIAN_POINT('Ctrl Pts',(-5.4440037872369,-19.4499999999989,24.1092525010657));
#3244=CARTESIAN_POINT('',(-5.24940518080497,-20.9281231651349,24.1092525010657));
#3245=CARTESIAN_POINT('Ctrl Pts',(-7.21139678762434,-20.4345529815683,23.0668723840432));
#3246=CARTESIAN_POINT('Ctrl Pts',(-6.78262086038994,-20.3781035598425,23.2310472959892));
#3247=CARTESIAN_POINT('Ctrl Pts',(-6.40860256368004,-20.392418614363,23.4212763825606));
#3248=CARTESIAN_POINT('Ctrl Pts',(-5.92157650466433,-20.5221925354212,23.6995503535842));
#3249=CARTESIAN_POINT('Ctrl Pts',(-5.77232025768016,-20.5811480565883,23.7901580655357));
#3250=CARTESIAN_POINT('Ctrl Pts',(-5.49510532191205,-20.7332400978055,23.9605902809103));
#3251=CARTESIAN_POINT('Ctrl Pts',(-5.36894625873759,-20.8228301079018,24.0391002125176));
#3252=CARTESIAN_POINT('Ctrl Pts',(-5.24940518080496,-20.9281231651349,24.1092525010657));
#3253=CARTESIAN_POINT('',(-6.70175466251695,-22.3365632860546,23.0668723840425));
#3254=CARTESIAN_POINT('Ctrl Pts',(-5.24940518080497,-20.9281231651349,24.1092525010657));
#3255=CARTESIAN_POINT('Ctrl Pts',(-5.25941505121615,-20.9578222078816,24.0954508502815));
#3256=CARTESIAN_POINT('Ctrl Pts',(-5.26998478762743,-20.9872250866049,24.0812754249942));
#3257=CARTESIAN_POINT('Ctrl Pts',(-5.3833367225944,-21.2830422519254,23.9336891428622));
#3258=CARTESIAN_POINT('Ctrl Pts',(-5.53430573436727,-21.5248641048853,23.771535312882));
#3259=CARTESIAN_POINT('Ctrl Pts',(-5.995154020472,-21.9777773936682,23.4154352404036));
#3260=CARTESIAN_POINT('Ctrl Pts',(-6.30840443814678,-22.173632288358,23.2284975633769));
#3261=CARTESIAN_POINT('Ctrl Pts',(-6.70175466253909,-22.3365632860638,23.0668723840432));
#3262=CARTESIAN_POINT('',(-4.67887093494808,-22.3055146792809,24.1092525010657));
#3263=CARTESIAN_POINT('Ctrl Pts',(-6.7017546625391,-22.3365632860638,23.0668723840432));
#3264=CARTESIAN_POINT('Ctrl Pts',(-6.30219910616038,-22.1710619556902,23.2310472959891));
#3265=CARTESIAN_POINT('Ctrl Pts',(-5.937220165122,-22.0880861781508,23.4212763825604));
#3266=CARTESIAN_POINT('Ctrl Pts',(-5.43320115431507,-22.0873865405452,23.6995503535843));
#3267=CARTESIAN_POINT('Ctrl Pts',(-5.27377187892613,-22.1057028417228,23.7901580655357));
#3268=CARTESIAN_POINT('Ctrl Pts',(-4.96663849615912,-22.1808639673439,23.9605902809103));
#3269=CARTESIAN_POINT('Ctrl Pts',(-4.82159059795464,-22.2347489036115,24.0391002125176));
#3270=CARTESIAN_POINT('Ctrl Pts',(-4.67887093494808,-22.3055146792809,24.1092525010657));
#3271=CARTESIAN_POINT('',(-5.7172016809507,-24.0418590728708,23.0668723840425));
#3272=CARTESIAN_POINT('Ctrl Pts',(-4.67887093494809,-22.3055146792809,24.1092525010657));
#3273=CARTESIAN_POINT('Ctrl Pts',(-4.68085304941189,-22.3367924967874,24.0954508502815));
#3274=CARTESIAN_POINT('Ctrl Pts',(-4.68345260579417,-22.3679291457985,24.0812754249942));
#3275=CARTESIAN_POINT('Ctrl Pts',(-4.71637905098544,-22.6830042252098,23.9336891428622));
#3276=CARTESIAN_POINT('Ctrl Pts',(-4.79961581735821,-22.955659853812,23.771535312882));
#3277=CARTESIAN_POINT('Ctrl Pts',(-5.12753849399086,-23.5124168098639,23.4154352404035));
#3278=CARTESIAN_POINT('Ctrl Pts',(-5.37942418569662,-23.7826732848304,23.2284975633768));
#3279=CARTESIAN_POINT('Ctrl Pts',(-5.71720168096972,-24.0418590728854,23.0668723840432));
#3280=CARTESIAN_POINT('',(-3.77128201566898,-23.4883075869949,24.1092525010657));
#3281=CARTESIAN_POINT('Ctrl Pts',(-5.71720168096972,-24.0418590728854,23.0668723840432));
#3282=CARTESIAN_POINT('Ctrl Pts',(-5.37409554631664,-23.7785844760249,23.2310472959891));
#3283=CARTESIAN_POINT('Ctrl Pts',(-5.04302867262542,-23.6039725285412,23.4212763825604));
#3284=CARTESIAN_POINT('Ctrl Pts',(-4.55636477268344,-23.4728470114184,23.6995503535842));
#3285=CARTESIAN_POINT('Ctrl Pts',(-4.3976273105381,-23.4492758669503,23.7901580655357));
#3286=CARTESIAN_POINT('Ctrl Pts',(-4.08150611324584,-23.4423839704738,23.9605902809103));
#3287=CARTESIAN_POINT('Ctrl Pts',(-3.92745415457097,-23.4568916635552,24.0391002125176));
#3288=CARTESIAN_POINT('Ctrl Pts',(-3.77128201566899,-23.4883075869949,24.1092525010657));
#3289=CARTESIAN_POINT('',(-4.32483350155944,-25.4342272522956,23.0668723840432));
#3290=CARTESIAN_POINT('Ctrl Pts',(-3.77128201566898,-23.4883075869949,24.1092525010657));
#3291=CARTESIAN_POINT('Ctrl Pts',(-3.7651012963603,-23.5190326476872,24.0954508502815));
#3292=CARTESIAN_POINT('Ctrl Pts',(-3.7595535172421,-23.5497811558117,24.0812754249942));
#3293=CARTESIAN_POINT('Ctrl Pts',(-3.70981058983136,-23.8626423033384,23.9336891428621));
#3294=CARTESIAN_POINT('Ctrl Pts',(-3.71964266273105,-24.1475506770783,23.7715353128819));
#3295=CARTESIAN_POINT('Ctrl Pts',(-3.89229234139668,-24.770209233928,23.4154352404037));
#3296=CARTESIAN_POINT('Ctrl Pts',(-4.06564771350421,-25.0964497570222,23.228497563377));
#3297=CARTESIAN_POINT('Ctrl Pts',(-4.32483350155944,-25.4342272522956,23.0668723840432));
#3298=CARTESIAN_POINT('',(-2.58848910795493,-24.395896506274,24.1092525010657));
#3299=CARTESIAN_POINT('Ctrl Pts',(-4.32483350155944,-25.4342272522956,23.0668723840432));
#3300=CARTESIAN_POINT('Ctrl Pts',(-4.0615589046993,-25.091121117643,23.2310472959889));
#3301=CARTESIAN_POINT('Ctrl Pts',(-3.78696575868346,-24.8367725158758,23.4212763825602));
#3302=CARTESIAN_POINT('Ctrl Pts',(-3.35082231013687,-24.5841571065323,23.6995503535842));
#3303=CARTESIAN_POINT('Ctrl Pts',(-3.20359435695429,-24.5203048509609,23.7901580655357));
#3304=CARTESIAN_POINT('Ctrl Pts',(-2.90002848231726,-24.4318296037423,23.9605902809103));
#3305=CARTESIAN_POINT('Ctrl Pts',(-2.74747084957283,-24.4059713783291,24.0391002125176));
#3306=CARTESIAN_POINT('Ctrl Pts',(-2.58848910795494,-24.395896506274,24.1092525010657));
#3307=CARTESIAN_POINT('',(-2.61953771473785,-26.418780233865,23.0668723840432));
#3308=CARTESIAN_POINT('Ctrl Pts',(-2.58848910795493,-24.395896506274,24.1092525010657));
#3309=CARTESIAN_POINT('Ctrl Pts',(-2.57456676068052,-24.4239749480415,24.0954508502815));
#3310=CARTESIAN_POINT('Ctrl Pts',(-2.5612497180406,-24.452239855265,24.0812754249942));
#3311=CARTESIAN_POINT('Ctrl Pts',(-2.43222731632677,-24.7415661007305,23.9336891428621));
#3312=CARTESIAN_POINT('Ctrl Pts',(-2.36798465623351,-25.0193111847712,23.7715353128818));
#3313=CARTESIAN_POINT('Ctrl Pts',(-2.37359554664841,-25.6654381907613,23.4154352404039));
#3314=CARTESIAN_POINT('Ctrl Pts',(-2.45660671703188,-26.0254300094723,23.2284975633771));
#3315=CARTESIAN_POINT('Ctrl Pts',(-2.61953771473786,-26.418780233865,23.0668723840432));
#3316=CARTESIAN_POINT('',(-1.21109759380894,-24.9664307521309,24.1092525010657));
#3317=CARTESIAN_POINT('Ctrl Pts',(-2.61953771473786,-26.418780233865,23.0668723840432));
#3318=CARTESIAN_POINT('Ctrl Pts',(-2.45403638436424,-26.0192246774862,23.2310472959891));
#3319=CARTESIAN_POINT('Ctrl Pts',(-2.25463003513801,-25.7024728583154,23.4212763825604));
#3320=CARTESIAN_POINT('Ctrl Pts',(-1.89872949324481,-25.3455828794317,23.6995503535843));
#3321=CARTESIAN_POINT('Ctrl Pts',(-1.77304439072872,-25.2458009384534,23.7901580655357));
#3322=CARTESIAN_POINT('Ctrl Pts',(-1.50272135143717,-25.0817717823784,23.9605902809103));
#3323=CARTESIAN_POINT('Ctrl Pts',(-1.36205459518125,-25.0173098337998,24.0391002125176));
#3324=CARTESIAN_POINT('Ctrl Pts',(-1.21109759380894,-24.9664307521309,24.1092525010657));
#3325=CARTESIAN_POINT('',(-0.717527410242325,-26.9284223589503,23.0668723840432));
#3326=CARTESIAN_POINT('Ctrl Pts',(-1.21109759380894,-24.9664307521309,24.1092525010657));
#3327=CARTESIAN_POINT('Ctrl Pts',(-1.1903824035278,-24.9899490755689,24.0954508502815));
#3328=CARTESIAN_POINT('Ctrl Pts',(-1.17020363181461,-25.0138041751741,24.0812754249942));
#3329=CARTESIAN_POINT('Ctrl Pts',(-0.970694419255062,-25.2598784130839,
23.9336891428622));
#3330=CARTESIAN_POINT('Ctrl Pts',(-0.836755057288039,-25.5115323389433,
23.771535312882));
#3331=CARTESIAN_POINT('Ctrl Pts',(-0.674944786542679,-26.1370953063925,
23.4154352404034));
#3332=CARTESIAN_POINT('Ctrl Pts',(-0.661954681123416,-26.5063055731899,
23.2284975633767));
#3333=CARTESIAN_POINT('Ctrl Pts',(-0.717527410242331,-26.9284223589503,
23.0668723840432));
#3334=CARTESIAN_POINT('',(0.267025571327049,-25.1610293585628,24.1092525010657));
#3335=CARTESIAN_POINT('Ctrl Pts',(0.267025571327046,-25.1610293585628,24.1092525010657));
#3336=CARTESIAN_POINT('Ctrl Pts',(0.240832025746781,-25.1784494842112,24.0953994341306));
#3337=CARTESIAN_POINT('Ctrl Pts',(0.215072664624105,-25.1963372172893,24.0811697970086));
#3338=CARTESIAN_POINT('Ctrl Pts',(-0.0421435639326839,-25.3830434359867,
23.9330681446762));
#3339=CARTESIAN_POINT('Ctrl Pts',(-0.237119265710044,-25.5922986528793,
23.7702847870496));
#3340=CARTESIAN_POINT('Ctrl Pts',(-0.554575334733272,-26.1553964473038,
23.4141825451888));
#3341=CARTESIAN_POINT('Ctrl Pts',(-0.662142863841142,-26.507734962842,23.227950261382));
#3342=CARTESIAN_POINT('Ctrl Pts',(-0.71752741024233,-26.9284223589503,23.0668723840432));
#3343=CARTESIAN_POINT('',(1.25157855289329,-26.9284223589265,23.0668723840425));
#3344=CARTESIAN_POINT('Ctrl Pts',(1.25157855289643,-26.9284223589503,23.0668723840432));
#3345=CARTESIAN_POINT('Ctrl Pts',(1.19342263543417,-26.486684309707,23.236010390007));
#3346=CARTESIAN_POINT('Ctrl Pts',(1.07780796601838,-26.1208724262993,23.4326703648782));
#3347=CARTESIAN_POINT('Ctrl Pts',(0.740574935696803,-25.5537408351837,23.7981003935699));
#3348=CARTESIAN_POINT('Ctrl Pts',(0.53919265828674,-25.3486259067453,23.9601141691533));
#3349=CARTESIAN_POINT('Ctrl Pts',(0.28987632091225,-25.1763713049032,24.0970511752329));
#3350=CARTESIAN_POINT('Ctrl Pts',(0.27849321279438,-25.1686559608737,24.1031875716598));
#3351=CARTESIAN_POINT('Ctrl Pts',(0.267025571327051,-25.1610293585628,24.1092525010657));
#3352=CARTESIAN_POINT('',(1.74514873646303,-24.9664307521309,24.1092525010657));
#3353=CARTESIAN_POINT('Ctrl Pts',(1.25157855289642,-26.9284223589503,23.0668723840432));
#3354=CARTESIAN_POINT('Ctrl Pts',(1.19512913117065,-26.4996464317158,23.2310472959892));
#3355=CARTESIAN_POINT('Ctrl Pts',(1.2094441856912,-26.125628135006,23.4212763825606));
#3356=CARTESIAN_POINT('Ctrl Pts',(1.3392181067494,-25.6386020759902,23.6995503535843));
#3357=CARTESIAN_POINT('Ctrl Pts',(1.39817362791647,-25.4893458290061,23.7901580655357));
#3358=CARTESIAN_POINT('Ctrl Pts',(1.55026566913364,-25.2121308932381,23.9605902809103));
#3359=CARTESIAN_POINT('Ctrl Pts',(1.63985567922992,-25.0859718300635,24.0391002125176));
#3360=CARTESIAN_POINT('Ctrl Pts',(1.74514873646303,-24.9664307521309,24.1092525010657));
#3361=CARTESIAN_POINT('',(3.15358885738277,-26.4187802338429,23.0668723840425));
#3362=CARTESIAN_POINT('Ctrl Pts',(1.74514873646303,-24.9664307521309,24.1092525010657));
#3363=CARTESIAN_POINT('Ctrl Pts',(1.77484777920973,-24.9764406225421,24.0954508502815));
#3364=CARTESIAN_POINT('Ctrl Pts',(1.80425065793309,-24.9870103589534,24.0812754249942));
#3365=CARTESIAN_POINT('Ctrl Pts',(2.10006782325368,-25.1003622939204,23.9336891428622));
#3366=CARTESIAN_POINT('Ctrl Pts',(2.34188967621352,-25.2513313056933,23.7715353128819));
#3367=CARTESIAN_POINT('Ctrl Pts',(2.79480296499663,-25.7121795917982,23.4154352404035));
#3368=CARTESIAN_POINT('Ctrl Pts',(2.99065785968631,-26.0254300094731,23.2284975633768));
#3369=CARTESIAN_POINT('Ctrl Pts',(3.15358885739195,-26.418780233865,23.0668723840432));
#3370=CARTESIAN_POINT('',(3.12254025060902,-24.395896506274,24.1092525010657));
#3371=CARTESIAN_POINT('Ctrl Pts',(3.15358885739195,-26.418780233865,23.0668723840432));
#3372=CARTESIAN_POINT('Ctrl Pts',(2.98808752701832,-26.0192246774862,23.2310472959891));
#3373=CARTESIAN_POINT('Ctrl Pts',(2.90511174947899,-25.6542457364479,23.4212763825604));
#3374=CARTESIAN_POINT('Ctrl Pts',(2.9044121118734,-25.150226725641,23.6995503535843));
#3375=CARTESIAN_POINT('Ctrl Pts',(2.92272841305099,-24.9907974502521,23.7901580655357));
#3376=CARTESIAN_POINT('Ctrl Pts',(2.99788953867204,-24.6836640674851,23.9605902809103));
#3377=CARTESIAN_POINT('Ctrl Pts',(3.05177447493968,-24.5386161692806,24.0391002125176));
#3378=CARTESIAN_POINT('Ctrl Pts',(3.12254025060901,-24.395896506274,24.1092525010657));
#3379=CARTESIAN_POINT('',(4.85888464419894,-25.4342272522766,23.0668723840425));
#3380=CARTESIAN_POINT('Ctrl Pts',(3.12254025060902,-24.395896506274,24.1092525010657));
#3381=CARTESIAN_POINT('Ctrl Pts',(3.15381806811556,-24.3978786207378,24.0954508502815));
#3382=CARTESIAN_POINT('Ctrl Pts',(3.18495471712665,-24.4004781771201,24.0812754249942));
#3383=CARTESIAN_POINT('Ctrl Pts',(3.5000297965377,-24.4334046223113,23.9336891428624));
#3384=CARTESIAN_POINT('Ctrl Pts',(3.77268542513986,-24.516641388684,23.7715353128822));
#3385=CARTESIAN_POINT('Ctrl Pts',(4.32944238119233,-24.8445640653169,23.4154352404033));
#3386=CARTESIAN_POINT('Ctrl Pts',(4.59969885615877,-25.0964497570228,23.2284975633767));
#3387=CARTESIAN_POINT('Ctrl Pts',(4.85888464421353,-25.4342272522957,23.0668723840432));
#3388=CARTESIAN_POINT('',(4.30533315832308,-23.4883075869949,24.1092525010657));
#3389=CARTESIAN_POINT('Ctrl Pts',(4.85888464421353,-25.4342272522957,23.0668723840432));
#3390=CARTESIAN_POINT('Ctrl Pts',(4.59561004735322,-25.0911211176427,23.231047295989));
#3391=CARTESIAN_POINT('Ctrl Pts',(4.42099809986939,-24.7600542439515,23.4212763825603));
#3392=CARTESIAN_POINT('Ctrl Pts',(4.28987258274652,-24.2733903440093,23.6995503535843));
#3393=CARTESIAN_POINT('Ctrl Pts',(4.26630143827849,-24.114652881864,23.7901580655357));
#3394=CARTESIAN_POINT('Ctrl Pts',(4.25940954180196,-23.7985316845718,23.9605902809103));
#3395=CARTESIAN_POINT('Ctrl Pts',(4.2739172348834,-23.6444797258969,24.0391002125176));
#3396=CARTESIAN_POINT('Ctrl Pts',(4.30533315832307,-23.4883075869949,24.1092525010657));
#3397=CARTESIAN_POINT('',(6.25125282362381,-24.0418590728854,23.0668723840432));
#3398=CARTESIAN_POINT('Ctrl Pts',(4.30533315832308,-23.4883075869949,24.1092525010657));
#3399=CARTESIAN_POINT('Ctrl Pts',(4.3360582190154,-23.4821268676862,24.0954508502815));
#3400=CARTESIAN_POINT('Ctrl Pts',(4.36680672713987,-23.476579088568,24.0812754249942));
#3401=CARTESIAN_POINT('Ctrl Pts',(4.6796678746664,-23.4268361611573,23.9336891428622));
#3402=CARTESIAN_POINT('Ctrl Pts',(4.96457624840632,-23.4366682340569,23.771535312882));
#3403=CARTESIAN_POINT('Ctrl Pts',(5.58723480525668,-23.6093179127228,23.4154352404034));
#3404=CARTESIAN_POINT('Ctrl Pts',(5.91347532835091,-23.7826732848305,23.2284975633767));
#3405=CARTESIAN_POINT('Ctrl Pts',(6.25125282362382,-24.0418590728854,23.0668723840432));
#3406=CARTESIAN_POINT('',(5.21292207760218,-22.3055146792809,24.1092525010657));
#3407=CARTESIAN_POINT('Ctrl Pts',(6.25125282362382,-24.0418590728854,23.0668723840432));
#3408=CARTESIAN_POINT('Ctrl Pts',(5.90814668897044,-23.7785844760247,23.2310472959892));
#3409=CARTESIAN_POINT('Ctrl Pts',(5.65379808720357,-23.5039913300088,23.4212763825606));
#3410=CARTESIAN_POINT('Ctrl Pts',(5.40118267786044,-23.0678478814628,23.6995503535842));
#3411=CARTESIAN_POINT('Ctrl Pts',(5.3373304222891,-22.9206199282802,23.7901580655357));
#3412=CARTESIAN_POINT('Ctrl Pts',(5.24885517507047,-22.6170540536432,23.9605902809103));
#3413=CARTESIAN_POINT('Ctrl Pts',(5.22299694965731,-22.4644964208988,24.0391002125176));
#3414=CARTESIAN_POINT('Ctrl Pts',(5.21292207760217,-22.3055146792809,24.1092525010657));
#3415=CARTESIAN_POINT('',(7.23580580517104,-22.3365632860546,23.0668723840425));
#3416=CARTESIAN_POINT('Ctrl Pts',(5.21292207760217,-22.3055146792809,24.1092525010657));
#3417=CARTESIAN_POINT('Ctrl Pts',(5.24100051936967,-22.2915923320065,24.0954508502815));
#3418=CARTESIAN_POINT('Ctrl Pts',(5.26926542659313,-22.2782752893665,24.0812754249942));
#3419=CARTESIAN_POINT('Ctrl Pts',(5.55859167205846,-22.1492528876528,23.9336891428622));
#3420=CARTESIAN_POINT('Ctrl Pts',(5.83633675609912,-22.0850102275594,23.771535312882));
#3421=CARTESIAN_POINT('Ctrl Pts',(6.4824637620901,-22.0906211179743,23.4154352404035));
#3422=CARTESIAN_POINT('Ctrl Pts',(6.8424555808012,-22.1736322883581,23.2284975633768));
#3423=CARTESIAN_POINT('Ctrl Pts',(7.23580580519319,-22.3365632860638,23.0668723840432));
#3424=CARTESIAN_POINT('',(5.78345632345906,-20.9281231651349,24.1092525010657));
#3425=CARTESIAN_POINT('Ctrl Pts',(7.23580580519319,-22.3365632860638,23.0668723840432));
#3426=CARTESIAN_POINT('Ctrl Pts',(6.8362502488147,-22.1710619556903,23.231047295989));
#3427=CARTESIAN_POINT('Ctrl Pts',(6.51949842964378,-21.9716556064641,23.4212763825603));
#3428=CARTESIAN_POINT('Ctrl Pts',(6.16260845075985,-21.6157550645708,23.6995503535843));
#3429=CARTESIAN_POINT('Ctrl Pts',(6.06282650978159,-21.4900699620547,23.7901580655357));
#3430=CARTESIAN_POINT('Ctrl Pts',(5.89879735370653,-21.2197469227631,23.9605902809103));
#3431=CARTESIAN_POINT('Ctrl Pts',(5.83433540512794,-21.0790801665072,24.0391002125176));
#3432=CARTESIAN_POINT('Ctrl Pts',(5.78345632345905,-20.9281231651349,24.1092525010657));
#3433=CARTESIAN_POINT('',(7.74544793027843,-20.4345529815683,23.0668723840432));
#3434=CARTESIAN_POINT('Ctrl Pts',(5.78345632345906,-20.9281231651349,24.1092525010657));
#3435=CARTESIAN_POINT('Ctrl Pts',(5.8069746468971,-20.9074079748537,24.0954508502815));
#3436=CARTESIAN_POINT('Ctrl Pts',(5.83082974650226,-20.8872292031406,24.0812754249942));
#3437=CARTESIAN_POINT('Ctrl Pts',(6.07690398441202,-20.687719990581,23.9336891428622));
#3438=CARTESIAN_POINT('Ctrl Pts',(6.32855791027149,-20.553780628614,23.771535312882));
#3439=CARTESIAN_POINT('Ctrl Pts',(6.95412087772033,-20.3919703578687,23.4154352404035));
#3440=CARTESIAN_POINT('Ctrl Pts',(7.32333114451769,-20.3789802524493,23.2284975633768));
#3441=CARTESIAN_POINT('Ctrl Pts',(7.74544793027844,-20.4345529815683,23.0668723840432));
#3442=CARTESIAN_POINT('Ctrl Pts',(5.97805492989099,-19.4499999999989,24.1092525010657));
#3443=CARTESIAN_POINT('Ctrl Pts',(5.9954750555394,-19.4761935455792,24.0953994341306));
#3444=CARTESIAN_POINT('Ctrl Pts',(6.01336278861745,-19.5019529067018,24.0811697970086));
#3445=CARTESIAN_POINT('Ctrl Pts',(6.2000690073149,-19.7591691352586,23.9330681446762));
#3446=CARTESIAN_POINT('Ctrl Pts',(6.40932422420746,-19.954144837036,23.7702847870496));
#3447=CARTESIAN_POINT('Ctrl Pts',(6.97242201863191,-20.2716009060592,23.4141825451888));
#3448=CARTESIAN_POINT('Ctrl Pts',(7.3247605341702,-20.3791684351671,23.227950261382));
#3449=CARTESIAN_POINT('Ctrl Pts',(7.74544793027844,-20.4345529815683,23.0668723840432));
#3450=CARTESIAN_POINT('Origin',(0.267025571327051,-19.4499999999989,21.0000000000049));
#3451=CARTESIAN_POINT('',(-1.80209349314378,13.0829800869635,20.9999999999273));
#3452=CARTESIAN_POINT('Ctrl Pts',(-1.80209349313577,13.0829800868991,21.0000000000049));
#3453=CARTESIAN_POINT('Ctrl Pts',(-2.05086087384981,13.0671583168468,21.0000000000049));
#3454=CARTESIAN_POINT('Ctrl Pts',(-2.29323833822867,13.0028291181165,21.0000000000049));
#3455=CARTESIAN_POINT('Ctrl Pts',(-2.74803654205876,12.7820467155799,21.0000000000049));
#3456=CARTESIAN_POINT('Ctrl Pts',(-2.95351945184023,12.6260590247654,21.0000000000049));
#3457=CARTESIAN_POINT('Ctrl Pts',(-3.31125607359363,12.2316693833232,21.0000000000049));
#3458=CARTESIAN_POINT('Ctrl Pts',(-3.45409123155825,11.9926811308382,21.0000000000052));
#3459=CARTESIAN_POINT('Ctrl Pts',(-3.62150559598377,11.5468979325804,21.0000000000052));
#3460=CARTESIAN_POINT('Ctrl Pts',(-3.66720873308414,11.3514074215669,21.0000000000055));
#3461=CARTESIAN_POINT('Ctrl Pts',(-3.71110849880645,10.9498913563628,21.0000000000055));
#3462=CARTESIAN_POINT('Ctrl Pts',(-3.70818994039543,10.7447595721361,21.0000000000049));
#3463=CARTESIAN_POINT('Ctrl Pts',(-3.68155058865736,10.5424136066113,21.0000000000049));
#3464=CARTESIAN_POINT('',(2.33614463591919,13.0829800879389,20.9999999987503));
#3465=CARTESIAN_POINT('Origin',(0.267025571327146,-19.4499999999986,21.0000000000049));
#3466=CARTESIAN_POINT('',(4.21560173132092,10.5424136066828,20.999999999935));
#3467=CARTESIAN_POINT('Ctrl Pts',(4.21560173131149,10.5424136066113,21.0000000000049));
#3468=CARTESIAN_POINT('Ctrl Pts',(4.2587957433466,10.870504701172,21.0000000000049));
#3469=CARTESIAN_POINT('Ctrl Pts',(4.23951253770906,11.2050544762316,21.0000000000057));
#3470=CARTESIAN_POINT('Ctrl Pts',(4.07528611909998,11.8104614299986,21.0000000000057));
#3471=CARTESIAN_POINT('Ctrl Pts',(3.94448706702343,12.0797219897768,21.0000000000074));
#3472=CARTESIAN_POINT('Ctrl Pts',(3.59740326714776,12.5263767897974,21.0000000000074));
#3473=CARTESIAN_POINT('Ctrl Pts',(3.39353297519787,12.7050943336301,21.0000000000052));
#3474=CARTESIAN_POINT('Ctrl Pts',(3.03307590412887,12.9087514048998,21.0000000000052));
#3475=CARTESIAN_POINT('Ctrl Pts',(2.89945865851534,12.9657611934193,21.0000000000049));
#3476=CARTESIAN_POINT('Ctrl Pts',(2.62232724307143,13.0483996527984,21.0000000000049));
#3477=CARTESIAN_POINT('Ctrl Pts',(2.48007288632377,13.0738261549108,21.0000000000049));
#3478=CARTESIAN_POINT('Ctrl Pts',(2.3361446357899,13.0829800868992,21.0000000000049));
#3479=CARTESIAN_POINT('',(6.68856486973455,12.5099730926158,20.9999999999273));
#3480=CARTESIAN_POINT('Ctrl Pts',(6.68856486972563,12.5099730925516,21.0000000000049));
#3481=CARTESIAN_POINT('Ctrl Pts',(6.44417905653888,12.5590761721695,21.0000000000049));
#3482=CARTESIAN_POINT('Ctrl Pts',(6.19341078219729,12.5596708416163,21.0000000000049));
#3483=CARTESIAN_POINT('Ctrl Pts',(5.69696676076796,12.4641218538457,21.0000000000049));
#3484=CARTESIAN_POINT('Ctrl Pts',(5.45811292616466,12.3666322051993,21.0000000000049));
#3485=CARTESIAN_POINT('Ctrl Pts',(5.01049033380725,12.0782701157498,21.0000000000049));
#3486=CARTESIAN_POINT('Ctrl Pts',(4.81066745452826,11.8843936496864,21.0000000000053));
#3487=CARTESIAN_POINT('Ctrl Pts',(4.53358041454203,11.4971301715004,21.0000000000053));
#3488=CARTESIAN_POINT('Ctrl Pts',(4.43883790668725,11.3201296804205,21.0000000000055));
#3489=CARTESIAN_POINT('Ctrl Pts',(4.29251398461857,10.9436570388144,21.0000000000055));
#3490=CARTESIAN_POINT('Ctrl Pts',(4.24224108304957,10.7447595721361,21.0000000000049));
#3491=CARTESIAN_POINT('Ctrl Pts',(4.2156017313115,10.5424136066113,21.0000000000049));
#3492=CARTESIAN_POINT('',(10.6857959541831,11.438918252587,20.9999999987503));
#3493=CARTESIAN_POINT('Origin',(0.267025571327215,-19.4499999999986,21.0000000000049));
#3494=CARTESIAN_POINT('',(11.8436651132216,8.49848018874739,20.9999999951575));
#3495=CARTESIAN_POINT('Ctrl Pts',(11.8436651113081,8.49848018412779,21.0000000000049));
#3496=CARTESIAN_POINT('Ctrl Pts',(11.9703035468747,8.80421241279039,21.0000000000049));
#3497=CARTESIAN_POINT('Ctrl Pts',(12.0382652538559,9.1323535415692,21.0000000000057));
#3498=CARTESIAN_POINT('Ctrl Pts',(12.0363255644348,9.75963667847275,21.0000000000057));
#3499=CARTESIAN_POINT('Ctrl Pts',(11.9796731429455,10.0535756929223,21.0000000000074));
#3500=CARTESIAN_POINT('Ctrl Pts',(11.7600187055908,10.5748429973526,21.0000000000074));
#3501=CARTESIAN_POINT('Ctrl Pts',(11.6093506294212,10.8002364028388,21.0000000000052));
#3502=CARTESIAN_POINT('Ctrl Pts',(11.3138861639215,11.0902471826191,21.0000000000052));
#3503=CARTESIAN_POINT('Ctrl Pts',(11.199577034572,11.1798970976203,21.0000000000049));
#3504=CARTESIAN_POINT('Ctrl Pts',(10.9532770502639,11.3314466080925,21.0000000000049));
#3505=CARTESIAN_POINT('Ctrl Pts',(10.8224507561762,11.3928248599301,21.0000000000049));
#3506=CARTESIAN_POINT('Ctrl Pts',(10.6857959537891,11.4389182516162,21.0000000000049));
#3507=CARTESIAN_POINT('',(14.7416059415218,9.75894674835924,20.9999999999273));
#3508=CARTESIAN_POINT('Ctrl Pts',(14.7416059414966,9.75894674829949,21.0000000000049));
#3509=CARTESIAN_POINT('Ctrl Pts',(14.5182561851391,9.86962838385836,21.0000000000049));
#3510=CARTESIAN_POINT('Ctrl Pts',(14.276186544317,9.93510639574224,21.0000000000049));
#3511=CARTESIAN_POINT('Ctrl Pts',(13.7719285449363,9.97130232835202,21.0000000000049));
#3512=CARTESIAN_POINT('Ctrl Pts',(13.5159812796148,9.93895448031973,21.0000000000049));
#3513=CARTESIAN_POINT('Ctrl Pts',(13.0089774565912,9.77627134271808,21.0000000000049));
#3514=CARTESIAN_POINT('Ctrl Pts',(12.7657844549978,9.64071902384233,21.0000000000053));
#3515=CARTESIAN_POINT('Ctrl Pts',(12.397907763318,9.33836663178351,21.0000000000053));
#3516=CARTESIAN_POINT('Ctrl Pts',(12.2605824300497,9.19191845159721,21.0000000000055));
#3517=CARTESIAN_POINT('Ctrl Pts',(12.0218060851119,8.86614522196402,21.0000000000055));
#3518=CARTESIAN_POINT('Ctrl Pts',(11.9217677387249,8.68703660649458,21.0000000000049));
#3519=CARTESIAN_POINT('Ctrl Pts',(11.843665111308,8.49848018412779,21.0000000000049));
#3520=CARTESIAN_POINT('',(18.3254252886874,7.68982768467242,20.9999999987503));
#3521=CARTESIAN_POINT('Origin',(0.267025571327277,-19.4499999999987,21.0000000000049));
#3522=CARTESIAN_POINT('',(18.6827996410002,4.5499040281103,20.9999999951575));
#3523=CARTESIAN_POINT('Ctrl Pts',(18.6827996379563,4.54990402414337,21.0000000000049));
#3524=CARTESIAN_POINT('Ctrl Pts',(18.8842522969504,4.81244224077086,21.0000000000049));
#3525=CARTESIAN_POINT('Ctrl Pts',(19.0348274385317,5.11181244762154,21.0000000000057));
#3526=CARTESIAN_POINT('Ctrl Pts',(19.1953066649272,5.71822345851605,21.0000000000057));
#3527=CARTESIAN_POINT('Ctrl Pts',(19.2166616429271,6.01680946955947,21.0000000000074));
#3528=CARTESIAN_POINT('Ctrl Pts',(19.139405655003,6.57716577303743,21.0000000000074));
#3529=CARTESIAN_POINT('Ctrl Pts',(19.0522075750138,6.83387485207347,21.0000000000052));
#3530=CARTESIAN_POINT('Ctrl Pts',(18.8418711301292,7.19047558498784,21.0000000000052));
#3531=CARTESIAN_POINT('Ctrl Pts',(18.7546600953039,7.3066561329169,21.0000000000049));
#3532=CARTESIAN_POINT('Ctrl Pts',(18.5559764790323,7.51678884579078,21.0000000000049));
#3533=CARTESIAN_POINT('Ctrl Pts',(18.445493843346,7.60993602092328,21.0000000000049));
#3534=CARTESIAN_POINT('Ctrl Pts',(18.3254252880556,7.68982768383665,21.0000000000049));
#3535=CARTESIAN_POINT('',(21.8082282814554,5.01737895326883,20.9999999999273));
#3536=CARTESIAN_POINT('Ctrl Pts',(21.8082282814155,5.01737895321765,21.0000000000049));
#3537=CARTESIAN_POINT('Ctrl Pts',(21.6211354986803,5.18209637416418,21.0000000000049));
#3538=CARTESIAN_POINT('Ctrl Pts',(21.4042611373607,5.30799551018278,21.0000000000049));
#3539=CARTESIAN_POINT('Ctrl Pts',(20.9265535093607,5.47346967018221,21.0000000000049));
#3540=CARTESIAN_POINT('Ctrl Pts',(20.6709551964797,5.50846807515006,21.0000000000049));
#3541=CARTESIAN_POINT('Ctrl Pts',(20.1391216154656,5.48255047637717,21.0000000000049));
#3542=CARTESIAN_POINT('Ctrl Pts',(19.8691316927209,5.41455997120974,21.0000000000053));
#3543=CARTESIAN_POINT('Ctrl Pts',(19.4355355379404,5.21772348113591,21.0000000000053));
#3544=CARTESIAN_POINT('Ctrl Pts',(19.26498587378,5.11180781330581,21.0000000000055));
#3545=CARTESIAN_POINT('Ctrl Pts',(18.9500293192841,4.85893490287939,21.0000000000055));
#3546=CARTESIAN_POINT('Ctrl Pts',(18.8070429760642,4.71182109477208,21.0000000000049));
#3547=CARTESIAN_POINT('Ctrl Pts',(18.6827996379563,4.54990402414337,21.0000000000049));
#3548=CARTESIAN_POINT('',(24.7344045253702,2.09120271073334,20.9999999987503));
#3549=CARTESIAN_POINT('Origin',(0.26702557132732,-19.4499999999988,21.0000000000049));
#3550=CARTESIAN_POINT('',(24.2669295955266,-1.03422593332576,20.999999999935));
#3551=CARTESIAN_POINT('Ctrl Pts',(24.2669295954693,-1.03422593336968,21.0000000000049));
#3552=CARTESIAN_POINT('Ctrl Pts',(24.5294678120968,-0.832773274375542,21.0000000000049));
#3553=CARTESIAN_POINT('Ctrl Pts',(24.7523949412165,-0.58257557431721,21.0000000000057));
#3554=CARTESIAN_POINT('Ctrl Pts',(25.0643566893542,-0.038362597682613,21.0000000000057));
#3555=CARTESIAN_POINT('Ctrl Pts',(25.1622637603834,0.24452226673874,21.0000000000074));
#3556=CARTESIAN_POINT('Ctrl Pts',(25.2326710897954,0.805780213214931,21.0000000000074));
#3557=CARTESIAN_POINT('Ctrl Pts',(25.2148854110363,1.07631066629631,21.0000000000052));
#3558=CARTESIAN_POINT('Ctrl Pts',(25.1040110678881,1.47519960170721,21.0000000000052));
#3559=CARTESIAN_POINT('Ctrl Pts',(25.0498414154875,1.60999327022016,21.0000000000049));
#3560=CARTESIAN_POINT('Ctrl Pts',(24.9123141273611,1.86438898837417,21.0000000000049));
#3561=CARTESIAN_POINT('Ctrl Pts',(24.8297043591169,1.98295726074927,21.0000000000049));
#3562=CARTESIAN_POINT('Ctrl Pts',(24.7344045245436,2.09120271008957,21.0000000000049));
#3563=CARTESIAN_POINT('',(27.4068532552144,-1.39160028323125,20.9999999999273));
#3564=CARTESIAN_POINT('Ctrl Pts',(27.4068532551626,-1.39160028327037,21.0000000000049));
#3565=CARTESIAN_POINT('Ctrl Pts',(27.2687675100074,-1.18407229696526,21.0000000000049));
#3566=CARTESIAN_POINT('Ctrl Pts',(27.0918680575125,-1.00633185487347,21.0000000000049));
#3567=CARTESIAN_POINT('Ctrl Pts',(26.6732657862922,-0.722856258029378,21.0000000000049));
#3568=CARTESIAN_POINT('Ctrl Pts',(26.4354350284784,-0.622896683522334,21.0000000000049));
#3569=CARTESIAN_POINT('Ctrl Pts',(25.9150152691233,-0.510282501940948,21.0000000000049));
#3570=CARTESIAN_POINT('Ctrl Pts',(25.636627792283,-0.506077752832526,21.0000000000053));
#3571=CARTESIAN_POINT('Ctrl Pts',(25.1668610357986,-0.583984259410522,21.0000000000053));
#3572=CARTESIAN_POINT('Ctrl Pts',(24.974709718512,-0.642149437155708,21.0000000000055));
#3573=CARTESIAN_POINT('Ctrl Pts',(24.6050367231565,-0.80488915742206,21.0000000000055));
#3574=CARTESIAN_POINT('Ctrl Pts',(24.428846666098,-0.909982595261769,21.0000000000049));
#3575=CARTESIAN_POINT('Ctrl Pts',(24.2669295954693,-1.03422593336967,21.0000000000049));
#3576=CARTESIAN_POINT('',(29.4759723205905,-4.9754196294215,20.9999999987503));
#3577=CARTESIAN_POINT('Origin',(0.267025571327345,-19.4499999999988,21.0000000000049));
#3578=CARTESIAN_POINT('',(28.2155057555204,-7.87336045999032,20.999999999935));
#3579=CARTESIAN_POINT('Ctrl Pts',(28.2155057554538,-7.87336046001793,21.0000000000049));
#3580=CARTESIAN_POINT('Ctrl Pts',(28.5212379841164,-7.74672202445133,21.0000000000049));
#3581=CARTESIAN_POINT('Ctrl Pts',(28.8013249853295,-7.56274739097306,21.0000000000057));
#3582=CARTESIAN_POINT('Ctrl Pts',(29.2435095776149,-7.11781966360156,21.0000000000057));
#3583=CARTESIAN_POINT('Ctrl Pts',(29.4112965365818,-6.86991408182324,21.0000000000074));
#3584=CARTESIAN_POINT('Ctrl Pts',(29.6245690401841,-6.34600329387856,21.0000000000074));
#3585=CARTESIAN_POINT('Ctrl Pts',(29.6774078272702,-6.08008767005665,21.0000000000052));
#3586=CARTESIAN_POINT('Ctrl Pts',(29.6735514891156,-5.66609415390232,21.0000000000052));
#3587=CARTESIAN_POINT('Ctrl Pts',(29.6561147914311,-5.52187333055754,21.0000000000049));
#3588=CARTESIAN_POINT('Ctrl Pts',(29.5891160888611,-5.24055125490682,21.0000000000049));
#3589=CARTESIAN_POINT('Ctrl Pts',(29.5400089072459,-5.10464211710815,21.0000000000049));
#3590=CARTESIAN_POINT('Ctrl Pts',(29.4759723196254,-4.97541962982939,21.0000000000049));
#3591=CARTESIAN_POINT('',(31.1559438230023,-9.03122961751251,20.9999999999273));
#3592=CARTESIAN_POINT('Ctrl Pts',(31.1559438229422,-9.0312296175369,21.0000000000049));
#3593=CARTESIAN_POINT('Ctrl Pts',(31.0762754307019,-8.7950337551837,21.0000000000049));
#3594=CARTESIAN_POINT('Ctrl Pts',(30.9514062923789,-8.57756472441729,21.0000000000049));
#3595=CARTESIAN_POINT('Ctrl Pts',(30.620436430949,-8.1954060841879,21.0000000000049));
#3596=CARTESIAN_POINT('Ctrl Pts',(30.4165810013136,-8.03729741995331,21.0000000000049));
#3597=CARTESIAN_POINT('Ctrl Pts',(29.9430408101833,-7.79382592838868,21.0000000000049));
#3598=CARTESIAN_POINT('Ctrl Pts',(29.6752274257369,-7.71771247170746,21.0000000000053));
#3599=CARTESIAN_POINT('Ctrl Pts',(29.2013038956768,-7.67137979511292,21.0000000000053));
#3600=CARTESIAN_POINT('Ctrl Pts',(29.0006457199919,-7.67783062203237,21.0000000000056));
#3601=CARTESIAN_POINT('Ctrl Pts',(28.6014488874968,-7.7393467091426,21.0000000000055));
#3602=CARTESIAN_POINT('Ctrl Pts',(28.4040621778205,-7.79525783260106,21.0000000000049));
#3603=CARTESIAN_POINT('Ctrl Pts',(28.2155057554538,-7.87336046001793,21.0000000000049));
#3604=CARTESIAN_POINT('',(32.2269986649153,-13.0284607014562,20.9999999987503));
#3605=CARTESIAN_POINT('Origin',(0.267025571327349,-19.4499999999989,21.0000000000049));
#3606=CARTESIAN_POINT('',(30.2594391828947,-15.5014238393618,20.9999999951575));
#3607=CARTESIAN_POINT('Ctrl Pts',(30.2594391779372,-15.5014238400145,21.0000000000049));
#3608=CARTESIAN_POINT('Ctrl Pts',(30.587530272498,-15.4582298279794,21.0000000000049));
#3609=CARTESIAN_POINT('Ctrl Pts',(30.9056896795375,-15.3530158283203,21.0000000000057));
#3610=CARTESIAN_POINT('Ctrl Pts',(31.4479629667511,-15.0376944395544,21.0000000000057));
#3611=CARTESIAN_POINT('Ctrl Pts',(31.6741954096831,-14.841662496134,21.0000000000074));
#3612=CARTESIAN_POINT('Ctrl Pts',(32.0157989188046,-14.3908025211157,21.0000000000074));
#3613=CARTESIAN_POINT('Ctrl Pts',(32.1356612957164,-14.1476234368704,21.0000000000052));
#3614=CARTESIAN_POINT('Ctrl Pts',(32.2390857656276,-13.7467383139419,21.0000000000052));
#3615=CARTESIAN_POINT('Ctrl Pts',(32.259570304791,-13.6029187465401,21.0000000000049));
#3616=CARTESIAN_POINT('Ctrl Pts',(32.2676660386369,-13.3138419479415,21.0000000000049));
#3617=CARTESIAN_POINT('Ctrl Pts',(32.2554080169243,-13.1698539278598,21.0000000000049));
#3618=CARTESIAN_POINT('Ctrl Pts',(32.2269986638775,-13.0284607016004,21.0000000000049));
#3619=CARTESIAN_POINT('',(32.8000056582895,-17.3808809355281,20.9999999999273));
#3620=CARTESIAN_POINT('Ctrl Pts',(32.8000056582251,-17.3808809355361,21.0000000000049));
#3621=CARTESIAN_POINT('Ctrl Pts',(32.7841838881728,-17.132113554822,21.0000000000049));
#3622=CARTESIAN_POINT('Ctrl Pts',(32.7198546894424,-16.8897360904432,21.0000000000049));
#3623=CARTESIAN_POINT('Ctrl Pts',(32.4990722869058,-16.4349378866131,21.0000000000049));
#3624=CARTESIAN_POINT('Ctrl Pts',(32.3430845960913,-16.2294549768316,21.0000000000049));
#3625=CARTESIAN_POINT('Ctrl Pts',(31.9486949546492,-15.8717183550782,21.0000000000049));
#3626=CARTESIAN_POINT('Ctrl Pts',(31.7097067021642,-15.7288831971136,21.0000000000053));
#3627=CARTESIAN_POINT('Ctrl Pts',(31.2639235039063,-15.5614688326881,21.0000000000053));
#3628=CARTESIAN_POINT('Ctrl Pts',(31.0684329928928,-15.5157656955877,21.0000000000055));
#3629=CARTESIAN_POINT('Ctrl Pts',(30.6669169276887,-15.4718659298654,21.0000000000055));
#3630=CARTESIAN_POINT('Ctrl Pts',(30.461785143462,-15.4747844882764,21.0000000000049));
#3631=CARTESIAN_POINT('Ctrl Pts',(30.2594391779372,-15.5014238400145,21.0000000000049));
#3632=CARTESIAN_POINT('',(32.8000056592648,-21.519119064591,20.9999999987503));
#3633=CARTESIAN_POINT('Origin',(0.267025571327334,-19.449999999999,21.0000000000049));
#3634=CARTESIAN_POINT('',(30.2594391828947,-23.398576160636,20.9999999951575));
#3635=CARTESIAN_POINT('Ctrl Pts',(30.2594391779372,-23.3985761599833,21.0000000000049));
#3636=CARTESIAN_POINT('Ctrl Pts',(30.587530272498,-23.4417701720184,21.0000000000049));
#3637=CARTESIAN_POINT('Ctrl Pts',(30.9220800475575,-23.4224869663809,21.0000000000057));
#3638=CARTESIAN_POINT('Ctrl Pts',(31.5274870013245,-23.2582605477718,21.0000000000057));
#3639=CARTESIAN_POINT('Ctrl Pts',(31.7967475611027,-23.1274614956953,21.0000000000074));
#3640=CARTESIAN_POINT('Ctrl Pts',(32.2434023611233,-22.7803776958196,21.0000000000074));
#3641=CARTESIAN_POINT('Ctrl Pts',(32.4221199049561,-22.5765074038697,21.0000000000052));
#3642=CARTESIAN_POINT('Ctrl Pts',(32.6257769762257,-22.2160503328007,21.0000000000052));
#3643=CARTESIAN_POINT('Ctrl Pts',(32.6827867647452,-22.0824330871872,21.0000000000049));
#3644=CARTESIAN_POINT('Ctrl Pts',(32.7654252241244,-21.8053016717433,21.0000000000049));
#3645=CARTESIAN_POINT('Ctrl Pts',(32.7908517262367,-21.6630473149956,21.0000000000049));
#3646=CARTESIAN_POINT('Ctrl Pts',(32.8000056582251,-21.5191190644617,21.0000000000049));
#3647=CARTESIAN_POINT('',(32.2269986639418,-25.8715392984064,20.9999999999273));
#3648=CARTESIAN_POINT('Ctrl Pts',(32.2269986638775,-25.8715392983974,21.0000000000049));
#3649=CARTESIAN_POINT('Ctrl Pts',(32.2761017434954,-25.6271534852107,21.0000000000049));
#3650=CARTESIAN_POINT('Ctrl Pts',(32.2766964129423,-25.3763852108691,21.0000000000049));
#3651=CARTESIAN_POINT('Ctrl Pts',(32.1811474251716,-24.8799411894398,21.0000000000049));
#3652=CARTESIAN_POINT('Ctrl Pts',(32.0836577765252,-24.6410873548365,21.0000000000049));
#3653=CARTESIAN_POINT('Ctrl Pts',(31.7952956870758,-24.1934647624791,21.0000000000049));
#3654=CARTESIAN_POINT('Ctrl Pts',(31.6014192210123,-23.9936418832001,21.0000000000053));
#3655=CARTESIAN_POINT('Ctrl Pts',(31.2141557428264,-23.7165548432139,21.0000000000053));
#3656=CARTESIAN_POINT('Ctrl Pts',(31.0371552517465,-23.6218123353591,21.0000000000055));
#3657=CARTESIAN_POINT('Ctrl Pts',(30.6606826101403,-23.4754884132904,21.0000000000055));
#3658=CARTESIAN_POINT('Ctrl Pts',(30.461785143462,-23.4252155117214,21.0000000000049));
#3659=CARTESIAN_POINT('Ctrl Pts',(30.2594391779372,-23.3985761599833,21.0000000000049));
#3660=CARTESIAN_POINT('',(31.155943823913,-29.8687703828549,20.9999999987503));
#3661=CARTESIAN_POINT('Origin',(0.2670255713273,-19.449999999999,21.0000000000049));
#3662=CARTESIAN_POINT('',(28.2155057555204,-31.0266395400075,20.999999999935));
#3663=CARTESIAN_POINT('Ctrl Pts',(28.2155057554537,-31.0266395399799,21.0000000000049));
#3664=CARTESIAN_POINT('Ctrl Pts',(28.5212379841163,-31.1532779755465,21.0000000000049));
#3665=CARTESIAN_POINT('Ctrl Pts',(28.8493791128951,-31.2212396825277,21.0000000000057));
#3666=CARTESIAN_POINT('Ctrl Pts',(29.4766622497987,-31.2192999931066,21.0000000000057));
#3667=CARTESIAN_POINT('Ctrl Pts',(29.7706012642483,-31.1626475716173,21.0000000000074));
#3668=CARTESIAN_POINT('Ctrl Pts',(30.2918685686786,-30.9429931342627,21.0000000000074));
#3669=CARTESIAN_POINT('Ctrl Pts',(30.5172619741648,-30.792325058093,21.0000000000052));
#3670=CARTESIAN_POINT('Ctrl Pts',(30.8072727539451,-30.4968605925934,21.0000000000052));
#3671=CARTESIAN_POINT('Ctrl Pts',(30.8969226689463,-30.3825514632438,21.0000000000049));
#3672=CARTESIAN_POINT('Ctrl Pts',(31.0484721794184,-30.1362514789357,21.0000000000049));
#3673=CARTESIAN_POINT('Ctrl Pts',(31.109850431256,-30.005425184848,21.0000000000049));
#3674=CARTESIAN_POINT('Ctrl Pts',(31.1559438229421,-29.8687703824609,21.0000000000049));
#3675=CARTESIAN_POINT('',(29.4759723196852,-33.9245803701937,20.9999999999273));
#3676=CARTESIAN_POINT('Ctrl Pts',(29.4759723196254,-33.9245803701684,21.0000000000049));
#3677=CARTESIAN_POINT('Ctrl Pts',(29.5866539551843,-33.701230613811,21.0000000000049));
#3678=CARTESIAN_POINT('Ctrl Pts',(29.6521319670682,-33.4591609729889,21.0000000000049));
#3679=CARTESIAN_POINT('Ctrl Pts',(29.688327899678,-32.9549029736082,21.0000000000049));
#3680=CARTESIAN_POINT('Ctrl Pts',(29.6559800516457,-32.6989557082866,21.0000000000049));
#3681=CARTESIAN_POINT('Ctrl Pts',(29.493296914044,-32.1919518852631,21.0000000000049));
#3682=CARTESIAN_POINT('Ctrl Pts',(29.3577445951683,-31.9487588836697,21.0000000000053));
#3683=CARTESIAN_POINT('Ctrl Pts',(29.0553922031095,-31.5808821919898,21.0000000000053));
#3684=CARTESIAN_POINT('Ctrl Pts',(28.9089440229231,-31.4435568587215,21.0000000000056));
#3685=CARTESIAN_POINT('Ctrl Pts',(28.58317079329,-31.2047805137837,21.0000000000055));
#3686=CARTESIAN_POINT('Ctrl Pts',(28.4040621778205,-31.1047421673967,21.0000000000049));
#3687=CARTESIAN_POINT('Ctrl Pts',(28.2155057554537,-31.0266395399799,21.0000000000049));
#3688=CARTESIAN_POINT('',(27.4068532559984,-37.5083997173593,20.9999999987503));
#3689=CARTESIAN_POINT('Origin',(0.26702557132725,-19.4499999999991,21.0000000000049));
#3690=CARTESIAN_POINT('',(24.2669295994362,-37.8657740696721,20.9999999951575));
#3691=CARTESIAN_POINT('Ctrl Pts',(24.2669295954693,-37.8657740666281,21.0000000000049));
#3692=CARTESIAN_POINT('Ctrl Pts',(24.5294678120968,-38.0672267256223,21.0000000000049));
#3693=CARTESIAN_POINT('Ctrl Pts',(24.8288380189475,-38.2178018672035,21.0000000000057));
#3694=CARTESIAN_POINT('Ctrl Pts',(25.435249029842,-38.378281093599,21.0000000000057));
#3695=CARTESIAN_POINT('Ctrl Pts',(25.7338350408854,-38.3996360715989,21.0000000000074));
#3696=CARTESIAN_POINT('Ctrl Pts',(26.2941913443634,-38.3223800836748,21.0000000000074));
#3697=CARTESIAN_POINT('Ctrl Pts',(26.5509004233994,-38.2351820036857,21.0000000000052));
#3698=CARTESIAN_POINT('Ctrl Pts',(26.9075011563138,-38.024845558801,21.0000000000052));
#3699=CARTESIAN_POINT('Ctrl Pts',(27.0236817042428,-37.9376345239758,21.0000000000049));
#3700=CARTESIAN_POINT('Ctrl Pts',(27.2338144171167,-37.7389509077042,21.0000000000049));
#3701=CARTESIAN_POINT('Ctrl Pts',(27.3269615922492,-37.6284682720178,21.0000000000049));
#3702=CARTESIAN_POINT('Ctrl Pts',(27.4068532551626,-37.5083997167274,21.0000000000049));
#3703=CARTESIAN_POINT('',(24.7344045245948,-40.9912027101272,20.9999999999273));
#3704=CARTESIAN_POINT('Ctrl Pts',(24.7344045245436,-40.9912027100874,21.0000000000049));
#3705=CARTESIAN_POINT('Ctrl Pts',(24.8991219454901,-40.8041099273521,21.0000000000049));
#3706=CARTESIAN_POINT('Ctrl Pts',(25.0250210815087,-40.5872355660325,21.0000000000049));
#3707=CARTESIAN_POINT('Ctrl Pts',(25.1904952415082,-40.1095279380325,21.0000000000049));
#3708=CARTESIAN_POINT('Ctrl Pts',(25.225493646476,-39.8539296251515,21.0000000000049));
#3709=CARTESIAN_POINT('Ctrl Pts',(25.1995760477031,-39.3220960441374,21.0000000000049));
#3710=CARTESIAN_POINT('Ctrl Pts',(25.1315855425357,-39.0521061213927,21.0000000000053));
#3711=CARTESIAN_POINT('Ctrl Pts',(24.9347490524619,-38.6185099666122,21.0000000000053));
#3712=CARTESIAN_POINT('Ctrl Pts',(24.8288333846318,-38.4479603024518,21.0000000000055));
#3713=CARTESIAN_POINT('Ctrl Pts',(24.5759604742053,-38.1330037479559,21.0000000000055));
#3714=CARTESIAN_POINT('Ctrl Pts',(24.428846666098,-37.990017404736,21.0000000000049));
#3715=CARTESIAN_POINT('Ctrl Pts',(24.2669295954693,-37.8657740666281,21.0000000000049));
#3716=CARTESIAN_POINT('',(21.8082282820593,-43.9173789540421,20.9999999987503));
#3717=CARTESIAN_POINT('Origin',(0.267025571327184,-19.4499999999992,21.0000000000049));
#3718=CARTESIAN_POINT('',(18.6827996380002,-43.4499040241984,20.999999999935));
#3719=CARTESIAN_POINT('Ctrl Pts',(18.6827996379563,-43.4499040241412,21.0000000000049));
#3720=CARTESIAN_POINT('Ctrl Pts',(18.8842522969504,-43.7124422407687,21.0000000000049));
#3721=CARTESIAN_POINT('Ctrl Pts',(19.1344499970087,-43.9353693698884,21.0000000000057));
#3722=CARTESIAN_POINT('Ctrl Pts',(19.6786629736433,-44.247331118026,21.0000000000057));
#3723=CARTESIAN_POINT('Ctrl Pts',(19.9615478380647,-44.3452381890552,21.0000000000074));
#3724=CARTESIAN_POINT('Ctrl Pts',(20.5228057845409,-44.4156455184672,21.0000000000074));
#3725=CARTESIAN_POINT('Ctrl Pts',(20.7933362376222,-44.3978598397081,21.0000000000052));
#3726=CARTESIAN_POINT('Ctrl Pts',(21.1922251730332,-44.2869854965599,21.0000000000052));
#3727=CARTESIAN_POINT('Ctrl Pts',(21.3270188415461,-44.2328158441593,21.0000000000049));
#3728=CARTESIAN_POINT('Ctrl Pts',(21.5814145597001,-44.0952885560329,21.0000000000049));
#3729=CARTESIAN_POINT('Ctrl Pts',(21.6999828320752,-44.0126787877888,21.0000000000049));
#3730=CARTESIAN_POINT('Ctrl Pts',(21.8082282814155,-43.9173789532154,21.0000000000049));
#3731=CARTESIAN_POINT('',(18.3254252880947,-46.5898276838862,20.9999999999273));
#3732=CARTESIAN_POINT('Ctrl Pts',(18.3254252880556,-46.5898276838345,21.0000000000049));
#3733=CARTESIAN_POINT('Ctrl Pts',(18.5329532743607,-46.4517419386793,21.0000000000049));
#3734=CARTESIAN_POINT('Ctrl Pts',(18.7106937164525,-46.2748424861843,21.0000000000049));
#3735=CARTESIAN_POINT('Ctrl Pts',(18.9941693132966,-45.856240214964,21.0000000000049));
#3736=CARTESIAN_POINT('Ctrl Pts',(19.0941288878036,-45.6184094571502,21.0000000000049));
#3737=CARTESIAN_POINT('Ctrl Pts',(19.206743069385,-45.0979896977952,21.0000000000049));
#3738=CARTESIAN_POINT('Ctrl Pts',(19.2109478184934,-44.8196022209548,21.0000000000053));
#3739=CARTESIAN_POINT('Ctrl Pts',(19.1330413119154,-44.3498354644705,21.0000000000053));
#3740=CARTESIAN_POINT('Ctrl Pts',(19.0748761341702,-44.1576841471838,21.0000000000055));
#3741=CARTESIAN_POINT('Ctrl Pts',(18.9121364139039,-43.7880111518283,21.0000000000055));
#3742=CARTESIAN_POINT('Ctrl Pts',(18.8070429760642,-43.6118210947699,21.0000000000049));
#3743=CARTESIAN_POINT('Ctrl Pts',(18.6827996379563,-43.4499040241412,21.0000000000049));
#3744=CARTESIAN_POINT('',(14.7416059419044,-48.6589467492623,20.9999999987503));
#3745=CARTESIAN_POINT('Origin',(0.267025571327109,-19.4499999999992,21.0000000000049));
#3746=CARTESIAN_POINT('',(11.8436651113356,-47.3984801841922,20.999999999935));
#3747=CARTESIAN_POINT('Ctrl Pts',(11.843665111308,-47.3984801841256,21.0000000000049));
#3748=CARTESIAN_POINT('Ctrl Pts',(11.9703035468746,-47.7042124127882,21.0000000000049));
#3749=CARTESIAN_POINT('Ctrl Pts',(12.1542781803529,-47.9842994140013,21.0000000000057));
#3750=CARTESIAN_POINT('Ctrl Pts',(12.5992059077244,-48.4264840062868,21.0000000000057));
#3751=CARTESIAN_POINT('Ctrl Pts',(12.8471114895027,-48.5942709652536,21.0000000000074));
#3752=CARTESIAN_POINT('Ctrl Pts',(13.3710222774474,-48.8075434688559,21.0000000000074));
#3753=CARTESIAN_POINT('Ctrl Pts',(13.6369379012693,-48.8603822559421,21.0000000000052));
#3754=CARTESIAN_POINT('Ctrl Pts',(14.0509314174236,-48.8565259177874,21.0000000000052));
#3755=CARTESIAN_POINT('Ctrl Pts',(14.1951522407684,-48.839089220103,21.0000000000049));
#3756=CARTESIAN_POINT('Ctrl Pts',(14.4764743164191,-48.7720905175329,21.0000000000049));
#3757=CARTESIAN_POINT('Ctrl Pts',(14.6123834542178,-48.7229833359178,21.0000000000049));
#3758=CARTESIAN_POINT('Ctrl Pts',(14.7416059414965,-48.6589467482973,21.0000000000049));
#3759=CARTESIAN_POINT('',(10.6857959538134,-50.3389182516741,20.9999999999273));
#3760=CARTESIAN_POINT('Ctrl Pts',(10.685795953789,-50.338918251614,21.0000000000049));
#3761=CARTESIAN_POINT('Ctrl Pts',(10.9219918161422,-50.2592498593738,21.0000000000049));
#3762=CARTESIAN_POINT('Ctrl Pts',(11.1394608469087,-50.1343807210508,21.0000000000049));
#3763=CARTESIAN_POINT('Ctrl Pts',(11.521619487138,-49.8034108596209,21.0000000000049));
#3764=CARTESIAN_POINT('Ctrl Pts',(11.6797281513726,-49.5995554299854,21.0000000000049));
#3765=CARTESIAN_POINT('Ctrl Pts',(11.9231996429373,-49.1260152388551,21.0000000000049));
#3766=CARTESIAN_POINT('Ctrl Pts',(11.9993130996185,-48.8582018544087,21.0000000000053));
#3767=CARTESIAN_POINT('Ctrl Pts',(12.045645776213,-48.3842783243486,21.0000000000053));
#3768=CARTESIAN_POINT('Ctrl Pts',(12.0391949492936,-48.1836201486638,21.0000000000055));
#3769=CARTESIAN_POINT('Ctrl Pts',(11.9776788621833,-47.7844233161687,21.0000000000055));
#3770=CARTESIAN_POINT('Ctrl Pts',(11.9217677387249,-47.5870366064924,21.0000000000049));
#3771=CARTESIAN_POINT('Ctrl Pts',(11.843665111308,-47.3984801841256,21.0000000000049));
#3772=CARTESIAN_POINT('',(6.6885648698698,-51.4099730935871,20.9999999987503));
#3773=CARTESIAN_POINT('Origin',(0.267025571327033,-19.4499999999992,21.0000000000049));
#3774=CARTESIAN_POINT('',(4.21560173132089,-49.4424136066806,20.999999999935));
#3775=CARTESIAN_POINT('Ctrl Pts',(4.21560173131147,-49.4424136066091,21.0000000000049));
#3776=CARTESIAN_POINT('Ctrl Pts',(4.25879574334657,-49.7705047011698,21.0000000000049));
#3777=CARTESIAN_POINT('Ctrl Pts',(4.36400974300567,-50.0886641082094,21.0000000000057));
#3778=CARTESIAN_POINT('Ctrl Pts',(4.67933113177155,-50.6309373954229,21.0000000000057));
#3779=CARTESIAN_POINT('Ctrl Pts',(4.87536307519198,-50.857169838355,21.0000000000074));
#3780=CARTESIAN_POINT('Ctrl Pts',(5.32622305021023,-51.1987733474765,21.0000000000074));
#3781=CARTESIAN_POINT('Ctrl Pts',(5.56940213445558,-51.3186357243882,21.0000000000052));
#3782=CARTESIAN_POINT('Ctrl Pts',(5.97028725738403,-51.4220601942995,21.0000000000052));
#3783=CARTESIAN_POINT('Ctrl Pts',(6.11410682478586,-51.4425447334628,21.0000000000049));
#3784=CARTESIAN_POINT('Ctrl Pts',(6.40318362338443,-51.4506404673088,21.0000000000049));
#3785=CARTESIAN_POINT('Ctrl Pts',(6.54717164346615,-51.4383824455962,21.0000000000049));
#3786=CARTESIAN_POINT('Ctrl Pts',(6.68856486972558,-51.4099730925494,21.0000000000049));
#3787=CARTESIAN_POINT('',(2.33614463579788,-51.9829800869613,20.9999999999273));
#3788=CARTESIAN_POINT('Ctrl Pts',(2.33614463578988,-51.9829800868969,21.0000000000049));
#3789=CARTESIAN_POINT('Ctrl Pts',(2.58491201650392,-51.9671583168446,21.0000000000049));
#3790=CARTESIAN_POINT('Ctrl Pts',(2.82728948088278,-51.9028291181143,21.0000000000049));
#3791=CARTESIAN_POINT('Ctrl Pts',(3.28208768471286,-51.6820467155777,21.0000000000049));
#3792=CARTESIAN_POINT('Ctrl Pts',(3.48757059449434,-51.5260590247632,21.0000000000049));
#3793=CARTESIAN_POINT('Ctrl Pts',(3.84530721624774,-51.131669383321,21.0000000000049));
#3794=CARTESIAN_POINT('Ctrl Pts',(3.98814237421236,-50.892681130836,21.0000000000053));
#3795=CARTESIAN_POINT('Ctrl Pts',(4.15555673863788,-50.4468979325782,21.0000000000053));
#3796=CARTESIAN_POINT('Ctrl Pts',(4.20125987573824,-50.2514074215647,21.0000000000055));
#3797=CARTESIAN_POINT('Ctrl Pts',(4.24515964146056,-49.8498913563605,21.0000000000055));
#3798=CARTESIAN_POINT('Ctrl Pts',(4.24224108304954,-49.6447595721338,21.0000000000049));
#3799=CARTESIAN_POINT('Ctrl Pts',(4.21560173131147,-49.4424136066091,21.0000000000049));
#3800=CARTESIAN_POINT('',(-1.80209349326508,-51.9829800879366,20.9999999987503));
#3801=CARTESIAN_POINT('Origin',(0.267025571326955,-19.4499999999992,21.0000000000049));
#3802=CARTESIAN_POINT('',(-3.68155058931005,-49.4424136115665,20.9999999951575));
#3803=CARTESIAN_POINT('Ctrl Pts',(-3.68155058865738,-49.4424136066091,21.0000000000049));
#3804=CARTESIAN_POINT('Ctrl Pts',(-3.72474460069249,-49.7705047011698,21.0000000000049));
#3805=CARTESIAN_POINT('Ctrl Pts',(-3.70546139505496,-50.1050544762293,21.0000000000057));
#3806=CARTESIAN_POINT('Ctrl Pts',(-3.54123497644587,-50.7104614299963,21.0000000000057));
#3807=CARTESIAN_POINT('Ctrl Pts',(-3.41043592436933,-50.9797219897745,21.0000000000074));
#3808=CARTESIAN_POINT('Ctrl Pts',(-3.06335212449365,-51.4263767897952,21.0000000000074));
#3809=CARTESIAN_POINT('Ctrl Pts',(-2.85948183254377,-51.6050943336279,21.0000000000052));
#3810=CARTESIAN_POINT('Ctrl Pts',(-2.49902476147476,-51.8087514048976,21.0000000000052));
#3811=CARTESIAN_POINT('Ctrl Pts',(-2.36540751586124,-51.8657611934171,21.0000000000049));
#3812=CARTESIAN_POINT('Ctrl Pts',(-2.08827610041733,-51.9483996527962,21.0000000000049));
#3813=CARTESIAN_POINT('Ctrl Pts',(-1.94602174366966,-51.9738261549086,21.0000000000049));
#3814=CARTESIAN_POINT('Ctrl Pts',(-1.8020934931358,-51.9829800868969,21.0000000000049));
#3815=CARTESIAN_POINT('',(-6.15451372708043,-51.4099730926136,20.9999999999273));
#3816=CARTESIAN_POINT('Ctrl Pts',(-6.15451372707151,-51.4099730925494,21.0000000000049));
#3817=CARTESIAN_POINT('Ctrl Pts',(-5.91012791388476,-51.4590761721673,21.0000000000049));
#3818=CARTESIAN_POINT('Ctrl Pts',(-5.65935963954316,-51.4596708416141,21.0000000000049));
#3819=CARTESIAN_POINT('Ctrl Pts',(-5.16291561811384,-51.3641218538435,21.0000000000049));
#3820=CARTESIAN_POINT('Ctrl Pts',(-4.92406178351053,-51.2666322051971,21.0000000000049));
#3821=CARTESIAN_POINT('Ctrl Pts',(-4.47643919115313,-50.9782701157476,21.0000000000049));
#3822=CARTESIAN_POINT('Ctrl Pts',(-4.27661631187414,-50.7843936496841,21.0000000000052));
#3823=CARTESIAN_POINT('Ctrl Pts',(-3.99952927188791,-50.3971301714982,21.0000000000052));
#3824=CARTESIAN_POINT('Ctrl Pts',(-3.90478676403313,-50.2201296804183,21.0000000000055));
#3825=CARTESIAN_POINT('Ctrl Pts',(-3.75846284196445,-49.8436570388122,21.0000000000055));
#3826=CARTESIAN_POINT('Ctrl Pts',(-3.70818994039546,-49.6447595721338,21.0000000000049));
#3827=CARTESIAN_POINT('Ctrl Pts',(-3.68155058865739,-49.4424136066091,21.0000000000049));
#3828=CARTESIAN_POINT('',(-10.1517448115289,-50.3389182525848,20.9999999987503));
#3829=CARTESIAN_POINT('Origin',(0.267025571326887,-19.4499999999991,21.0000000000049));
#3830=CARTESIAN_POINT('',(-11.3096139705674,-47.3984801887452,20.9999999951575));
#3831=CARTESIAN_POINT('Ctrl Pts',(-11.3096139686539,-47.3984801841256,21.0000000000049));
#3832=CARTESIAN_POINT('Ctrl Pts',(-11.4362524042205,-47.7042124127882,21.0000000000049));
#3833=CARTESIAN_POINT('Ctrl Pts',(-11.5042141112018,-48.032353541567,21.0000000000057));
#3834=CARTESIAN_POINT('Ctrl Pts',(-11.5022744217807,-48.6596366784705,21.0000000000057));
#3835=CARTESIAN_POINT('Ctrl Pts',(-11.4456220002914,-48.9535756929201,21.0000000000074));
#3836=CARTESIAN_POINT('Ctrl Pts',(-11.2259675629367,-49.4748429973504,21.0000000000074));
#3837=CARTESIAN_POINT('Ctrl Pts',(-11.0752994867671,-49.7002364028366,21.0000000000052));
#3838=CARTESIAN_POINT('Ctrl Pts',(-10.7798350212674,-49.9902471826169,21.0000000000052));
#3839=CARTESIAN_POINT('Ctrl Pts',(-10.6655258919178,-50.0798970976181,21.0000000000049));
#3840=CARTESIAN_POINT('Ctrl Pts',(-10.4192259076098,-50.2314466080903,21.0000000000049));
#3841=CARTESIAN_POINT('Ctrl Pts',(-10.2883996135221,-50.2928248599279,21.0000000000049));
#3842=CARTESIAN_POINT('Ctrl Pts',(-10.151744811135,-50.338918251614,21.0000000000049));
#3843=CARTESIAN_POINT('',(-14.2075547988677,-48.658946748357,20.9999999999273));
#3844=CARTESIAN_POINT('Ctrl Pts',(-14.2075547988425,-48.6589467482973,21.0000000000049));
#3845=CARTESIAN_POINT('Ctrl Pts',(-13.984205042485,-48.7696283838561,21.0000000000049));
#3846=CARTESIAN_POINT('Ctrl Pts',(-13.7421354016629,-48.83510639574,21.0000000000049));
#3847=CARTESIAN_POINT('Ctrl Pts',(-13.2378774022822,-48.8713023283498,21.0000000000049));
#3848=CARTESIAN_POINT('Ctrl Pts',(-12.9819301369607,-48.8389544803175,21.0000000000049));
#3849=CARTESIAN_POINT('Ctrl Pts',(-12.4749263139371,-48.6762713427159,21.0000000000049));
#3850=CARTESIAN_POINT('Ctrl Pts',(-12.2317333123437,-48.5407190238401,21.0000000000052));
#3851=CARTESIAN_POINT('Ctrl Pts',(-11.8638566206639,-48.2383666317813,21.0000000000052));
#3852=CARTESIAN_POINT('Ctrl Pts',(-11.7265312873955,-48.091918451595,21.0000000000055));
#3853=CARTESIAN_POINT('Ctrl Pts',(-11.4877549424578,-47.7661452219618,21.0000000000055));
#3854=CARTESIAN_POINT('Ctrl Pts',(-11.3877165960708,-47.5870366064924,21.0000000000049));
#3855=CARTESIAN_POINT('Ctrl Pts',(-11.3096139686539,-47.3984801841256,21.0000000000049));
#3856=CARTESIAN_POINT('',(-17.7913741460333,-46.5898276846702,20.9999999987503));
#3857=CARTESIAN_POINT('Origin',(0.267025571326824,-19.4499999999991,21.0000000000049));
#3858=CARTESIAN_POINT('',(-18.1487484983461,-43.4499040281081,20.9999999951575));
#3859=CARTESIAN_POINT('Ctrl Pts',(-18.1487484953022,-43.4499040241411,21.0000000000049));
#3860=CARTESIAN_POINT('Ctrl Pts',(-18.3502011542963,-43.7124422407686,21.0000000000049));
#3861=CARTESIAN_POINT('Ctrl Pts',(-18.5007762958776,-44.0118124476193,21.0000000000057));
#3862=CARTESIAN_POINT('Ctrl Pts',(-18.6612555222731,-44.6182234585138,21.0000000000057));
#3863=CARTESIAN_POINT('Ctrl Pts',(-18.682610500273,-44.9168094695573,21.0000000000074));
#3864=CARTESIAN_POINT('Ctrl Pts',(-18.6053545123489,-45.4771657730352,21.0000000000074));
#3865=CARTESIAN_POINT('Ctrl Pts',(-18.5181564323597,-45.7338748520713,21.0000000000052));
#3866=CARTESIAN_POINT('Ctrl Pts',(-18.3078199874751,-46.0904755849856,21.0000000000052));
#3867=CARTESIAN_POINT('Ctrl Pts',(-18.2206089526498,-46.2066561329147,21.0000000000049));
#3868=CARTESIAN_POINT('Ctrl Pts',(-18.0219253363782,-46.4167888457886,21.0000000000049));
#3869=CARTESIAN_POINT('Ctrl Pts',(-17.9114427006919,-46.5099360209211,21.0000000000049));
#3870=CARTESIAN_POINT('Ctrl Pts',(-17.7913741454015,-46.5898276838344,21.0000000000049));
#3871=CARTESIAN_POINT('',(-21.2741771388013,-43.9173789532666,20.9999999999272));
#3872=CARTESIAN_POINT('Ctrl Pts',(-21.2741771387614,-43.9173789532154,21.0000000000049));
#3873=CARTESIAN_POINT('Ctrl Pts',(-21.0870843560261,-44.082096374162,21.0000000000049));
#3874=CARTESIAN_POINT('Ctrl Pts',(-20.8702099947065,-44.2079955101806,21.0000000000049));
#3875=CARTESIAN_POINT('Ctrl Pts',(-20.3925023667065,-44.37346967018,21.0000000000049));
#3876=CARTESIAN_POINT('Ctrl Pts',(-20.1369040538256,-44.4084680751478,21.0000000000049));
#3877=CARTESIAN_POINT('Ctrl Pts',(-19.6050704728115,-44.3825504763749,21.0000000000049));
#3878=CARTESIAN_POINT('Ctrl Pts',(-19.3350805500668,-44.3145599712075,21.0000000000052));
#3879=CARTESIAN_POINT('Ctrl Pts',(-18.9014843952863,-44.1177234811337,21.0000000000052));
#3880=CARTESIAN_POINT('Ctrl Pts',(-18.7309347311259,-44.0118078133036,21.0000000000055));
#3881=CARTESIAN_POINT('Ctrl Pts',(-18.4159781766299,-43.7589349028772,21.0000000000055));
#3882=CARTESIAN_POINT('Ctrl Pts',(-18.2729918334101,-43.6118210947699,21.0000000000049));
#3883=CARTESIAN_POINT('Ctrl Pts',(-18.1487484953022,-43.4499040241412,21.0000000000049));
#3884=CARTESIAN_POINT('',(-24.2003533827161,-40.9912027107311,20.9999999987503));
#3885=CARTESIAN_POINT('Origin',(0.267025571326782,-19.449999999999,21.0000000000049));
#3886=CARTESIAN_POINT('',(-23.7328784528725,-37.865774066672,20.999999999935));
#3887=CARTESIAN_POINT('Ctrl Pts',(-23.7328784528152,-37.8657740666281,21.0000000000049));
#3888=CARTESIAN_POINT('Ctrl Pts',(-23.9954166694427,-38.0672267256222,21.0000000000049));
#3889=CARTESIAN_POINT('Ctrl Pts',(-24.2183437985624,-38.3174244256806,21.0000000000057));
#3890=CARTESIAN_POINT('Ctrl Pts',(-24.5303055467001,-38.8616374023152,21.0000000000057));
#3891=CARTESIAN_POINT('Ctrl Pts',(-24.6282126177293,-39.1445222667365,21.0000000000074));
#3892=CARTESIAN_POINT('Ctrl Pts',(-24.6986199471413,-39.7057802132127,21.0000000000074));
#3893=CARTESIAN_POINT('Ctrl Pts',(-24.6808342683822,-39.9763106662941,21.0000000000052));
#3894=CARTESIAN_POINT('Ctrl Pts',(-24.569959925234,-40.375199601705,21.0000000000052));
#3895=CARTESIAN_POINT('Ctrl Pts',(-24.5157902728334,-40.509993270218,21.0000000000049));
#3896=CARTESIAN_POINT('Ctrl Pts',(-24.3782629847069,-40.764388988372,21.0000000000049));
#3897=CARTESIAN_POINT('Ctrl Pts',(-24.2956532164628,-40.882957260747,21.0000000000049));
#3898=CARTESIAN_POINT('Ctrl Pts',(-24.2003533818895,-40.9912027100874,21.0000000000049));
#3899=CARTESIAN_POINT('',(-26.8728021125603,-37.5083997167665,20.9999999999272));
#3900=CARTESIAN_POINT('Ctrl Pts',(-26.8728021125085,-37.5083997167274,21.0000000000049));
#3901=CARTESIAN_POINT('Ctrl Pts',(-26.7347163673533,-37.7159277030325,21.0000000000049));
#3902=CARTESIAN_POINT('Ctrl Pts',(-26.5578169148584,-37.8936681451243,21.0000000000049));
#3903=CARTESIAN_POINT('Ctrl Pts',(-26.1392146436381,-38.1771437419684,21.0000000000049));
#3904=CARTESIAN_POINT('Ctrl Pts',(-25.9013838858243,-38.2771033164754,21.0000000000049));
#3905=CARTESIAN_POINT('Ctrl Pts',(-25.3809641264692,-38.3897174980568,21.0000000000049));
#3906=CARTESIAN_POINT('Ctrl Pts',(-25.1025766496289,-38.3939222471652,21.0000000000052));
#3907=CARTESIAN_POINT('Ctrl Pts',(-24.6328098931445,-38.3160157405873,21.0000000000052));
#3908=CARTESIAN_POINT('Ctrl Pts',(-24.4406585758579,-38.2578505628421,21.0000000000055));
#3909=CARTESIAN_POINT('Ctrl Pts',(-24.0709855805024,-38.0951108425757,21.0000000000055));
#3910=CARTESIAN_POINT('Ctrl Pts',(-23.8947955234439,-37.990017404736,21.0000000000049));
#3911=CARTESIAN_POINT('Ctrl Pts',(-23.7328784528152,-37.8657740666281,21.0000000000049));
#3912=CARTESIAN_POINT('',(-28.9419211779364,-33.9245803705763,20.9999999987503));
#3913=CARTESIAN_POINT('Origin',(0.267025571326757,-19.4499999999989,21.0000000000049));
#3914=CARTESIAN_POINT('',(-27.6814546128663,-31.0266395400075,20.999999999935));
#3915=CARTESIAN_POINT('Ctrl Pts',(-27.6814546127997,-31.0266395399799,21.0000000000049));
#3916=CARTESIAN_POINT('Ctrl Pts',(-27.9871868414623,-31.1532779755465,21.0000000000049));
#3917=CARTESIAN_POINT('Ctrl Pts',(-28.2672738426754,-31.3372526090247,21.0000000000057));
#3918=CARTESIAN_POINT('Ctrl Pts',(-28.7094584349608,-31.7821803363962,21.0000000000057));
#3919=CARTESIAN_POINT('Ctrl Pts',(-28.8772453939277,-32.0300859181745,21.0000000000074));
#3920=CARTESIAN_POINT('Ctrl Pts',(-29.09051789753,-32.5539967061192,21.0000000000074));
#3921=CARTESIAN_POINT('Ctrl Pts',(-29.1433566846161,-32.8199123299411,21.0000000000052));
#3922=CARTESIAN_POINT('Ctrl Pts',(-29.1395003464615,-33.2339058460955,21.0000000000052));
#3923=CARTESIAN_POINT('Ctrl Pts',(-29.122063648777,-33.3781266694402,21.0000000000049));
#3924=CARTESIAN_POINT('Ctrl Pts',(-29.055064946207,-33.659448745091,21.0000000000049));
#3925=CARTESIAN_POINT('Ctrl Pts',(-29.0059577645918,-33.7953578828896,21.0000000000049));
#3926=CARTESIAN_POINT('Ctrl Pts',(-28.9419211769713,-33.9245803701684,21.0000000000049));
#3927=CARTESIAN_POINT('',(-30.6218926803482,-29.8687703824853,20.9999999999272));
#3928=CARTESIAN_POINT('Ctrl Pts',(-30.621892680288,-29.8687703824609,21.0000000000049));
#3929=CARTESIAN_POINT('Ctrl Pts',(-30.5422242880478,-30.1049662448141,21.0000000000049));
#3930=CARTESIAN_POINT('Ctrl Pts',(-30.4173551497248,-30.3224352755805,21.0000000000049));
#3931=CARTESIAN_POINT('Ctrl Pts',(-30.0863852882949,-30.7045939158099,21.0000000000049));
#3932=CARTESIAN_POINT('Ctrl Pts',(-29.8825298586595,-30.8627025800445,21.0000000000049));
#3933=CARTESIAN_POINT('Ctrl Pts',(-29.4089896675292,-31.1061740716091,21.0000000000049));
#3934=CARTESIAN_POINT('Ctrl Pts',(-29.1411762830828,-31.1822875282903,21.0000000000052));
#3935=CARTESIAN_POINT('Ctrl Pts',(-28.6672527530227,-31.2286202048849,21.0000000000052));
#3936=CARTESIAN_POINT('Ctrl Pts',(-28.4665945773378,-31.2221693779654,21.0000000000055));
#3937=CARTESIAN_POINT('Ctrl Pts',(-28.0673977448427,-31.1606532908552,21.0000000000055));
#3938=CARTESIAN_POINT('Ctrl Pts',(-27.8700110351664,-31.1047421673967,21.0000000000049));
#3939=CARTESIAN_POINT('Ctrl Pts',(-27.6814546127996,-31.0266395399799,21.0000000000049));
#3940=CARTESIAN_POINT('',(-31.6929475222612,-25.8715392985416,20.9999999987503));
#3941=CARTESIAN_POINT('Origin',(0.267025571326752,-19.4499999999989,21.0000000000049));
#3942=CARTESIAN_POINT('',(-29.7253880353547,-23.3985761599927,20.999999999935));
#3943=CARTESIAN_POINT('Ctrl Pts',(-29.7253880352831,-23.3985761599833,21.0000000000049));
#3944=CARTESIAN_POINT('Ctrl Pts',(-30.0534791298439,-23.4417701720184,21.0000000000049));
#3945=CARTESIAN_POINT('Ctrl Pts',(-30.3716385368834,-23.5469841716775,21.0000000000057));
#3946=CARTESIAN_POINT('Ctrl Pts',(-30.913911824097,-23.8623055604434,21.0000000000057));
#3947=CARTESIAN_POINT('Ctrl Pts',(-31.140144267029,-24.0583375038638,21.0000000000074));
#3948=CARTESIAN_POINT('Ctrl Pts',(-31.4817477761505,-24.5091974788821,21.0000000000074));
#3949=CARTESIAN_POINT('Ctrl Pts',(-31.6016101530623,-24.7523765631274,21.0000000000052));
#3950=CARTESIAN_POINT('Ctrl Pts',(-31.7050346229735,-25.1532616860559,21.0000000000052));
#3951=CARTESIAN_POINT('Ctrl Pts',(-31.7255191621369,-25.2970812534577,21.0000000000049));
#3952=CARTESIAN_POINT('Ctrl Pts',(-31.7336148959828,-25.5861580520563,21.0000000000049));
#3953=CARTESIAN_POINT('Ctrl Pts',(-31.7213568742702,-25.730146072138,21.0000000000049));
#3954=CARTESIAN_POINT('Ctrl Pts',(-31.6929475212234,-25.8715392983974,21.0000000000049));
#3955=CARTESIAN_POINT('',(-32.2659545156354,-21.5191190644697,20.9999999999272));
#3956=CARTESIAN_POINT('Ctrl Pts',(-32.265954515571,-21.5191190644617,21.0000000000049));
#3957=CARTESIAN_POINT('Ctrl Pts',(-32.2501327455187,-21.7678864451758,21.0000000000049));
#3958=CARTESIAN_POINT('Ctrl Pts',(-32.1858035467883,-22.0102639095546,21.0000000000049));
#3959=CARTESIAN_POINT('Ctrl Pts',(-31.9650211442517,-22.4650621133847,21.0000000000049));
#3960=CARTESIAN_POINT('Ctrl Pts',(-31.8090334534372,-22.6705450231662,21.0000000000049));
#3961=CARTESIAN_POINT('Ctrl Pts',(-31.4146438119951,-23.0282816449196,21.0000000000049));
#3962=CARTESIAN_POINT('Ctrl Pts',(-31.1756555595101,-23.1711168028842,21.0000000000052));
#3963=CARTESIAN_POINT('Ctrl Pts',(-30.7298723612522,-23.3385311673097,21.0000000000052));
#3964=CARTESIAN_POINT('Ctrl Pts',(-30.5343818502387,-23.3842343044101,21.0000000000055));
#3965=CARTESIAN_POINT('Ctrl Pts',(-30.1328657850346,-23.4281340701324,21.0000000000055));
#3966=CARTESIAN_POINT('Ctrl Pts',(-29.9277340008079,-23.4252155117214,21.0000000000049));
#3967=CARTESIAN_POINT('Ctrl Pts',(-29.7253880352831,-23.3985761599833,21.0000000000049));
#3968=CARTESIAN_POINT('',(-32.2659545166107,-17.3808809354068,20.9999999987503));
#3969=CARTESIAN_POINT('Origin',(0.267025571326767,-19.4499999999988,21.0000000000049));
#3970=CARTESIAN_POINT('',(-29.7253880402406,-15.5014238393618,20.9999999951575));
#3971=CARTESIAN_POINT('Ctrl Pts',(-29.7253880352831,-15.5014238400144,21.0000000000049));
#3972=CARTESIAN_POINT('Ctrl Pts',(-30.0534791298439,-15.4582298279793,21.0000000000049));
#3973=CARTESIAN_POINT('Ctrl Pts',(-30.3880289049034,-15.4775130336169,21.0000000000057));
#3974=CARTESIAN_POINT('Ctrl Pts',(-30.9934358586704,-15.641739452226,21.0000000000057));
#3975=CARTESIAN_POINT('Ctrl Pts',(-31.2626964184486,-15.7725385043025,21.0000000000074));
#3976=CARTESIAN_POINT('Ctrl Pts',(-31.7093512184692,-16.1196223041782,21.0000000000074));
#3977=CARTESIAN_POINT('Ctrl Pts',(-31.888068762302,-16.3234925961281,21.0000000000052));
#3978=CARTESIAN_POINT('Ctrl Pts',(-32.0917258335716,-16.6839496671971,21.0000000000052));
#3979=CARTESIAN_POINT('Ctrl Pts',(-32.1487356220912,-16.8175669128106,21.0000000000049));
#3980=CARTESIAN_POINT('Ctrl Pts',(-32.2313740814703,-17.0946983282545,21.0000000000049));
#3981=CARTESIAN_POINT('Ctrl Pts',(-32.2568005835826,-17.2369526850022,21.0000000000049));
#3982=CARTESIAN_POINT('Ctrl Pts',(-32.265954515571,-17.380880935536,21.0000000000049));
#3983=CARTESIAN_POINT('',(-31.6929475212877,-13.0284607015914,20.9999999999272));
#3984=CARTESIAN_POINT('Ctrl Pts',(-31.6929475212234,-13.0284607016003,21.0000000000049));
#3985=CARTESIAN_POINT('Ctrl Pts',(-31.7420506008413,-13.2728465147871,21.0000000000049));
#3986=CARTESIAN_POINT('Ctrl Pts',(-31.7426452702882,-13.5236147891286,21.0000000000049));
#3987=CARTESIAN_POINT('Ctrl Pts',(-31.6470962825175,-14.020058810558,21.0000000000049));
#3988=CARTESIAN_POINT('Ctrl Pts',(-31.5496066338711,-14.2589126451613,21.0000000000049));
#3989=CARTESIAN_POINT('Ctrl Pts',(-31.2612445444217,-14.7065352375187,21.0000000000049));
#3990=CARTESIAN_POINT('Ctrl Pts',(-31.0673680783582,-14.9063581167977,21.0000000000052));
#3991=CARTESIAN_POINT('Ctrl Pts',(-30.6801046001723,-15.1834451567839,21.0000000000052));
#3992=CARTESIAN_POINT('Ctrl Pts',(-30.5031041090924,-15.2781876646387,21.0000000000055));
#3993=CARTESIAN_POINT('Ctrl Pts',(-30.1266314674862,-15.4245115867074,21.0000000000055));
#3994=CARTESIAN_POINT('Ctrl Pts',(-29.9277340008079,-15.4747844882764,21.0000000000049));
#3995=CARTESIAN_POINT('Ctrl Pts',(-29.7253880352831,-15.5014238400144,21.0000000000049));
#3996=CARTESIAN_POINT('',(-30.6218926812588,-9.03122961714287,20.9999999987503));
#3997=CARTESIAN_POINT('Origin',(0.2670255713268,-19.4499999999987,21.0000000000049));
#3998=CARTESIAN_POINT('',(-27.6814546174192,-7.87336045810438,20.9999999951575));
#3999=CARTESIAN_POINT('Ctrl Pts',(-27.6814546127996,-7.87336046001788,21.0000000000049));
#4000=CARTESIAN_POINT('Ctrl Pts',(-27.9871868414622,-7.74672202445128,21.0000000000049));
#4001=CARTESIAN_POINT('Ctrl Pts',(-28.315327970241,-7.67876031747005,21.0000000000057));
#4002=CARTESIAN_POINT('Ctrl Pts',(-28.9426111071446,-7.68070000689112,21.0000000000057));
#4003=CARTESIAN_POINT('Ctrl Pts',(-29.2365501215942,-7.73735242838042,21.0000000000074));
#4004=CARTESIAN_POINT('Ctrl Pts',(-29.7578174260244,-7.95700686573509,21.0000000000074));
#4005=CARTESIAN_POINT('Ctrl Pts',(-29.9832108315107,-8.10767494190472,21.0000000000052));
#4006=CARTESIAN_POINT('Ctrl Pts',(-30.273221611291,-8.40313940740439,21.0000000000052));
#4007=CARTESIAN_POINT('Ctrl Pts',(-30.3628715262922,-8.51744853675398,21.0000000000049));
#4008=CARTESIAN_POINT('Ctrl Pts',(-30.5144210367643,-8.76374852106205,21.0000000000049));
#4009=CARTESIAN_POINT('Ctrl Pts',(-30.5757992886019,-8.89457481514975,21.0000000000049));
#4010=CARTESIAN_POINT('Ctrl Pts',(-30.621892680288,-9.03122961753685,21.0000000000049));
#4011=CARTESIAN_POINT('',(-28.9419211770311,-4.9754196298041,20.9999999999272));
#4012=CARTESIAN_POINT('Ctrl Pts',(-28.9419211769713,-4.97541962982936,21.0000000000049));
#4013=CARTESIAN_POINT('Ctrl Pts',(-29.0526028125302,-5.19876938618679,21.0000000000049));
#4014=CARTESIAN_POINT('Ctrl Pts',(-29.1180808244141,-5.4408390270089,21.0000000000049));
#4015=CARTESIAN_POINT('Ctrl Pts',(-29.1542767570239,-5.94509702638959,21.0000000000049));
#4016=CARTESIAN_POINT('Ctrl Pts',(-29.1219289089916,-6.20104429171114,21.0000000000049));
#4017=CARTESIAN_POINT('Ctrl Pts',(-28.9592457713899,-6.70804811473469,21.0000000000049));
#4018=CARTESIAN_POINT('Ctrl Pts',(-28.8236934525142,-6.95124111632812,21.0000000000052));
#4019=CARTESIAN_POINT('Ctrl Pts',(-28.5213410604553,-7.31911780800797,21.0000000000052));
#4020=CARTESIAN_POINT('Ctrl Pts',(-28.374892880269,-7.45644314127628,21.0000000000055));
#4021=CARTESIAN_POINT('Ctrl Pts',(-28.0491196506359,-7.69521948621405,21.0000000000055));
#4022=CARTESIAN_POINT('Ctrl Pts',(-27.8700110351664,-7.79525783260102,21.0000000000049));
#4023=CARTESIAN_POINT('Ctrl Pts',(-27.6814546127996,-7.87336046001789,21.0000000000049));
#4024=CARTESIAN_POINT('',(-26.8728021133443,-1.39160028263852,20.9999999987503));
#4025=CARTESIAN_POINT('Origin',(0.267025571326852,-19.4499999999987,21.0000000000049));
#4026=CARTESIAN_POINT('',(-23.7328784528724,-1.03422593332574,20.999999999935));
#4027=CARTESIAN_POINT('Ctrl Pts',(-23.7328784528152,-1.03422593336965,21.0000000000049));
#4028=CARTESIAN_POINT('Ctrl Pts',(-23.9954166694427,-0.832773274375508,
21.0000000000049));
#4029=CARTESIAN_POINT('Ctrl Pts',(-24.2947868762934,-0.682198132794254,
21.0000000000057));
#4030=CARTESIAN_POINT('Ctrl Pts',(-24.9011978871879,-0.521718906398756,
21.0000000000057));
#4031=CARTESIAN_POINT('Ctrl Pts',(-25.1997838982313,-0.500363928398863,
21.0000000000074));
#4032=CARTESIAN_POINT('Ctrl Pts',(-25.7601402017093,-0.577619916322922,
21.0000000000074));
#4033=CARTESIAN_POINT('Ctrl Pts',(-26.0168492807453,-0.664817996312108,
21.0000000000052));
#4034=CARTESIAN_POINT('Ctrl Pts',(-26.3734500136597,-0.875154441196764,
21.0000000000052));
#4035=CARTESIAN_POINT('Ctrl Pts',(-26.4896305615887,-0.96236547602202,21.0000000000049));
#4036=CARTESIAN_POINT('Ctrl Pts',(-26.6997632744626,-1.16104909229362,21.0000000000049));
#4037=CARTESIAN_POINT('Ctrl Pts',(-26.7929104495951,-1.27153172797994,21.0000000000049));
#4038=CARTESIAN_POINT('Ctrl Pts',(-26.8728021125085,-1.39160028327034,21.0000000000049));
#4039=CARTESIAN_POINT('',(-24.2003533819407,2.09120271012947,20.9999999999272));
#4040=CARTESIAN_POINT('Ctrl Pts',(-24.2003533818895,2.0912027100896,21.0000000000049));
#4041=CARTESIAN_POINT('Ctrl Pts',(-24.365070802836,1.90410992735431,21.0000000000049));
#4042=CARTESIAN_POINT('Ctrl Pts',(-24.4909699388546,1.68723556603472,21.0000000000049));
#4043=CARTESIAN_POINT('Ctrl Pts',(-24.656444098854,1.20952793803472,21.0000000000049));
#4044=CARTESIAN_POINT('Ctrl Pts',(-24.6914425038219,0.953929625153729,21.0000000000049));
#4045=CARTESIAN_POINT('Ctrl Pts',(-24.665524905049,0.422096044139644,21.0000000000049));
#4046=CARTESIAN_POINT('Ctrl Pts',(-24.5975343998816,0.152106121394944,21.0000000000052));
#4047=CARTESIAN_POINT('Ctrl Pts',(-24.4006979098077,-0.281490033385536,
21.0000000000052));
#4048=CARTESIAN_POINT('Ctrl Pts',(-24.2947822419777,-0.452039697545965,
21.0000000000055));
#4049=CARTESIAN_POINT('Ctrl Pts',(-24.0419093315512,-0.766996252041892,
21.0000000000055));
#4050=CARTESIAN_POINT('Ctrl Pts',(-23.8947955234439,-0.909982595261756,
21.0000000000049));
#4051=CARTESIAN_POINT('Ctrl Pts',(-23.7328784528152,-1.03422593336966,21.0000000000049));
#4052=CARTESIAN_POINT('',(-21.2741771394052,5.01737895404428,20.9999999987503));
#4053=CARTESIAN_POINT('Origin',(0.267025571326918,-19.4499999999986,21.0000000000049));
#4054=CARTESIAN_POINT('',(-18.1487484983461,4.54990402811033,20.9999999951575));
#4055=CARTESIAN_POINT('Ctrl Pts',(-18.1487484953022,4.5499040241434,21.0000000000049));
#4056=CARTESIAN_POINT('Ctrl Pts',(-18.3502011542963,4.81244224077089,21.0000000000049));
#4057=CARTESIAN_POINT('Ctrl Pts',(-18.6003988543546,5.03536936989059,21.0000000000057));
#4058=CARTESIAN_POINT('Ctrl Pts',(-19.1446118309892,5.34733111802826,21.0000000000057));
#4059=CARTESIAN_POINT('Ctrl Pts',(-19.4274966954106,5.44523818905742,21.0000000000074));
#4060=CARTESIAN_POINT('Ctrl Pts',(-19.9887546418868,5.51564551846944,21.0000000000074));
#4061=CARTESIAN_POINT('Ctrl Pts',(-20.2592850949681,5.49785983971033,21.0000000000052));
#4062=CARTESIAN_POINT('Ctrl Pts',(-20.6581740303791,5.38698549656216,21.0000000000052));
#4063=CARTESIAN_POINT('Ctrl Pts',(-20.792967698892,5.33281584416154,21.0000000000049));
#4064=CARTESIAN_POINT('Ctrl Pts',(-21.047363417046,5.19528855603511,21.0000000000049));
#4065=CARTESIAN_POINT('Ctrl Pts',(-21.1659316894211,5.11267878779099,21.0000000000049));
#4066=CARTESIAN_POINT('Ctrl Pts',(-21.2741771387614,5.01737895321768,21.0000000000049));
#4067=CARTESIAN_POINT('',(-17.7913741454406,7.68982768388843,20.9999999999272));
#4068=CARTESIAN_POINT('Ctrl Pts',(-17.7913741454014,7.68982768383669,21.0000000000049));
#4069=CARTESIAN_POINT('Ctrl Pts',(-17.9989021317066,7.55174193868151,21.0000000000049));
#4070=CARTESIAN_POINT('Ctrl Pts',(-18.1766425737983,7.37484248618653,21.0000000000049));
#4071=CARTESIAN_POINT('Ctrl Pts',(-18.4601181706424,6.95624021496623,21.0000000000049));
#4072=CARTESIAN_POINT('Ctrl Pts',(-18.5600777451495,6.71840945715247,21.0000000000049));
#4073=CARTESIAN_POINT('Ctrl Pts',(-18.6726919267309,6.19798969779741,21.0000000000049));
#4074=CARTESIAN_POINT('Ctrl Pts',(-18.6768966758393,5.91960222095704,21.0000000000052));
#4075=CARTESIAN_POINT('Ctrl Pts',(-18.5989901692613,5.4498354644727,21.0000000000052));
#4076=CARTESIAN_POINT('Ctrl Pts',(-18.5408249915161,5.25768414718604,21.0000000000055));
#4077=CARTESIAN_POINT('Ctrl Pts',(-18.3780852712498,4.88801115183054,21.0000000000055));
#4078=CARTESIAN_POINT('Ctrl Pts',(-18.27299183341,4.71182109477211,21.0000000000049));
#4079=CARTESIAN_POINT('Ctrl Pts',(-18.1487484953021,4.5499040241434,21.0000000000049));
#4080=CARTESIAN_POINT('',(-14.2075547992503,9.75894674926458,20.9999999987503));
#4081=CARTESIAN_POINT('Origin',(0.267025571326991,-19.4499999999986,21.0000000000049));
#4082=CARTESIAN_POINT('Ctrl Pts',(-11.3096139686539,8.49848018412782,21.0000000000049));
#4083=CARTESIAN_POINT('Ctrl Pts',(-11.4362524042205,8.80421241279042,21.0000000000049));
#4084=CARTESIAN_POINT('Ctrl Pts',(-11.6202270376988,9.08429941400356,21.0000000000057));
#4085=CARTESIAN_POINT('Ctrl Pts',(-12.0651547650703,9.52648400628899,21.0000000000057));
#4086=CARTESIAN_POINT('Ctrl Pts',(-12.3130603468486,9.69427096525587,21.0000000000074));
#4087=CARTESIAN_POINT('Ctrl Pts',(-12.8369711347933,9.90754346885815,21.0000000000074));
#4088=CARTESIAN_POINT('Ctrl Pts',(-13.1028867586152,9.96038225594431,21.0000000000052));
#4089=CARTESIAN_POINT('Ctrl Pts',(-13.5168802747695,9.95652591778968,21.0000000000052));
#4090=CARTESIAN_POINT('Ctrl Pts',(-13.6611010981143,9.9390892201052,21.0000000000049));
#4091=CARTESIAN_POINT('Ctrl Pts',(-13.942423173765,9.87209051753517,21.0000000000049));
#4092=CARTESIAN_POINT('Ctrl Pts',(-14.0783323115637,9.82298333592001,21.0000000000049));
#4093=CARTESIAN_POINT('Ctrl Pts',(-14.2075547988424,9.75894674829952,21.0000000000049));
#4094=CARTESIAN_POINT('Ctrl Pts',(24.7355419368132,2.09208853794297,20.9965457743412));
#4095=CARTESIAN_POINT('Ctrl Pts',(24.1647755364302,1.64757031557403,22.7306192085543));
#4096=CARTESIAN_POINT('Ctrl Pts',(22.419881979887,0.28807852641721,25.8786706298087));
#4097=CARTESIAN_POINT('Ctrl Pts',(18.8148507327052,-2.53281213732504,28.5241764440086));
#4098=CARTESIAN_POINT('Ctrl Pts',(15.121188977952,-5.44628873491889,29.2140684638352));
#4099=CARTESIAN_POINT('Ctrl Pts',(12.9283382163654,-7.19608343878899,28.7138233886591));
#4100=CARTESIAN_POINT('Ctrl Pts',(11.8949910970235,-8.02811620210586,28.248219426822));
#4101=CARTESIAN_POINT('Ctrl Pts',(25.1553443465952,1.60555874538448,21.011935198729));
#4102=CARTESIAN_POINT('Ctrl Pts',(24.5806431452183,1.15914614769861,22.7517500862571));
#4103=CARTESIAN_POINT('Ctrl Pts',(22.8259952850947,-0.204309857152694,25.9050114854072));
#4104=CARTESIAN_POINT('Ctrl Pts',(19.2021162290557,-3.03002259817065,28.5444500804671));
#4105=CARTESIAN_POINT('Ctrl Pts',(15.49548633436,-5.93874884498203,29.2143443595994));
#4106=CARTESIAN_POINT('Ctrl Pts',(13.301123374434,-7.67665648418896,28.6987291050794));
#4107=CARTESIAN_POINT('Ctrl Pts',(12.2677843780597,-8.50072188976557,28.2252147834817));
#4108=CARTESIAN_POINT('Ctrl Pts',(25.4901523352725,0.420771310993175,20.8217613970785));
#4109=CARTESIAN_POINT('Ctrl Pts',(24.9351467022104,-0.00677447484483867,
22.4938460593414));
#4110=CARTESIAN_POINT('Ctrl Pts',(23.2381880140125,-1.31411847117785,25.5262027507203));
#4111=CARTESIAN_POINT('Ctrl Pts',(19.7360812276467,-4.01510345447285,28.054306029917));
#4112=CARTESIAN_POINT('Ctrl Pts',(16.1534057356509,-6.7836976544913,28.6857973505641));
#4113=CARTESIAN_POINT('Ctrl Pts',(14.0299686144993,-8.42914654163007,28.1807095952942));
#4114=CARTESIAN_POINT('Ctrl Pts',(13.0304601743136,-9.20534159848742,27.7220633620122));
#4115=CARTESIAN_POINT('Ctrl Pts',(24.9146564779624,-0.537207615593241,20.3877846619754));
#4116=CARTESIAN_POINT('Ctrl Pts',(24.4100188525643,-0.924409908086212,21.9098180125086));
#4117=CARTESIAN_POINT('Ctrl Pts',(22.8668198013097,-2.10860664980602,24.6723517703923));
#4118=CARTESIAN_POINT('Ctrl Pts',(19.6755457362117,-4.55736809148034,26.9876227270225));
#4119=CARTESIAN_POINT('Ctrl Pts',(16.3989406265196,-7.07152259656296,27.5832087737633));
#4120=CARTESIAN_POINT('Ctrl Pts',(14.4471710969839,-8.56928081310001,27.1372737568883));
#4121=CARTESIAN_POINT('Ctrl Pts',(13.5249349812033,-9.27684830562062,26.7257291117251));
#4122=CARTESIAN_POINT('Ctrl Pts',(24.5616962354154,-0.808043535383159,20.2020915721198));
#4123=CARTESIAN_POINT('Ctrl Pts',(24.0788991841819,-1.17850674251134,21.6601044037537));
#4124=CARTESIAN_POINT('Ctrl Pts',(22.6026835765149,-2.31124681834993,24.3069930973198));
#4125=CARTESIAN_POINT('Ctrl Pts',(19.5471517693539,-4.65583883661274,26.5313403176644));
#4126=CARTESIAN_POINT('Ctrl Pts',(16.4055102032985,-7.06650519680354,27.1114030748137));
#4127=CARTESIAN_POINT('Ctrl Pts',(14.5306171046786,-8.50516127095006,26.6907958939538));
#4128=CARTESIAN_POINT('Ctrl Pts',(13.6433544675674,-9.18598183783086,26.2993150388618));
#4129=CARTESIAN_POINT('',(11.8949910970235,-8.02811620210586,28.248219426822));
#4130=CARTESIAN_POINT('Ctrl Pts',(24.7344045191368,2.09120270602976,20.9999999947457));
#4131=CARTESIAN_POINT('Ctrl Pts',(24.1636167774845,1.64666749547853,22.7327094753045));
#4132=CARTESIAN_POINT('Ctrl Pts',(22.4190114889215,0.287397378413525,25.8793094284077));
#4133=CARTESIAN_POINT('Ctrl Pts',(18.8148507327052,-2.53281213732504,28.5241764440086));
#4134=CARTESIAN_POINT('Ctrl Pts',(15.121188977952,-5.44628873491889,29.2140684638352));
#4135=CARTESIAN_POINT('Ctrl Pts',(12.9283382163654,-7.19608343878899,28.7138233886591));
#4136=CARTESIAN_POINT('Ctrl Pts',(11.8949910970235,-8.02811620210586,28.248219426822));
#4137=CARTESIAN_POINT('',(13.6433544675674,-9.18598183783086,26.2993150388618));
#4138=CARTESIAN_POINT('Origin',(12.3853191112463,-7.54647824154191,26.2993150388618));
#4139=CARTESIAN_POINT('Ctrl Pts',(24.2665861820831,-1.03448944372895,20.999776843973));
#4140=CARTESIAN_POINT('Ctrl Pts',(23.7982366870142,-1.39386665110166,22.1418850279359));
#4141=CARTESIAN_POINT('Ctrl Pts',(22.7824369363542,-2.17331721416536,23.8164631376813));
#4142=CARTESIAN_POINT('Ctrl Pts',(20.4290920554724,-3.97910225328806,25.992079916012));
#4143=CARTESIAN_POINT('Ctrl Pts',(17.373290150783,-6.32390152467376,27.2183759982793));
#4144=CARTESIAN_POINT('Ctrl Pts',(14.8265348061123,-8.27809563241924,26.8213616474846));
#4145=CARTESIAN_POINT('Ctrl Pts',(13.6433544675674,-9.18598183783086,26.2993150388618));
#4146=CARTESIAN_POINT('Ctrl Pts',(11.8949910970235,-8.02811620210587,28.248219426822));
#4147=CARTESIAN_POINT('Ctrl Pts',(10.2877524516128,-9.27392475063114,27.5359716477485));
#4148=CARTESIAN_POINT('Ctrl Pts',(7.48096774653745,-11.4560103882103,26.293229895175));
#4149=CARTESIAN_POINT('Ctrl Pts',(4.68688007403575,-13.6676474411768,25.0621583182347));
#4150=CARTESIAN_POINT('Ctrl Pts',(3.51684511681764,-14.6267969599627,24.5510644944923));
#4151=CARTESIAN_POINT('Ctrl Pts',(12.2677843780597,-8.50072188976559,28.2252147834817));
#4152=CARTESIAN_POINT('Ctrl Pts',(10.6600681590709,-9.74434669372277,27.5102206429339));
#4153=CARTESIAN_POINT('Ctrl Pts',(7.85204515175142,-11.9216674738688,26.2617618249692));
#4154=CARTESIAN_POINT('Ctrl Pts',(5.05490242483656,-14.1216087798318,25.0167833693898));
#4155=CARTESIAN_POINT('Ctrl Pts',(3.88124224190652,-15.0699411602839,24.4932672001185));
#4156=CARTESIAN_POINT('Ctrl Pts',(13.0304460596431,-9.20565659719592,27.7226431630829));
#4157=CARTESIAN_POINT('Ctrl Pts',(11.4194885085086,-10.4447491596004,27.0062024278806));
#4158=CARTESIAN_POINT('Ctrl Pts',(8.60414102115191,-12.6116507720571,25.7539000865648));
#4159=CARTESIAN_POINT('Ctrl Pts',(5.78893776061741,-14.7874972990125,24.500733493893));
#4160=CARTESIAN_POINT('Ctrl Pts',(4.5970488680738,-15.7159115042207,23.9709786287793));
#4161=CARTESIAN_POINT('Ctrl Pts',(13.5249349812033,-9.27684830562063,26.7257291117251));
#4162=CARTESIAN_POINT('Ctrl Pts',(11.9112207818698,-10.5150663326441,26.0122360083414));
#4163=CARTESIAN_POINT('Ctrl Pts',(9.08959053010781,-12.6802795855434,24.7666210831702));
#4164=CARTESIAN_POINT('Ctrl Pts',(6.25860448281659,-14.8526159520549,23.5289474228209));
#4165=CARTESIAN_POINT('Ctrl Pts',(5.05013094459926,-15.7797941607399,23.0123101484984));
#4166=CARTESIAN_POINT('Ctrl Pts',(13.6433544675674,-9.18598183783087,26.2993150388618));
#4167=CARTESIAN_POINT('Ctrl Pts',(12.0290971302864,-10.4246450582696,25.5870672597883));
#4168=CARTESIAN_POINT('Ctrl Pts',(9.20607037011914,-12.5908296791328,24.3443255072149));
#4169=CARTESIAN_POINT('Ctrl Pts',(6.37154418706492,-14.7658381175233,23.1132539302746));
#4170=CARTESIAN_POINT('Ctrl Pts',(5.15893796290154,-15.6963035991151,22.6021601065321));
#4171=CARTESIAN_POINT('Ctrl Pts',(13.6433544675674,-9.18598183783085,26.2993150388618));
#4172=CARTESIAN_POINT('Ctrl Pts',(12.0291278795636,-10.4246214635194,25.5870808270826));
#4173=CARTESIAN_POINT('Ctrl Pts',(9.56924921549601,-12.3121527496121,24.5041918748368));
#4174=CARTESIAN_POINT('Ctrl Pts',(7.10069793198105,-14.2063387706632,23.4302065092587));
#4175=CARTESIAN_POINT('Ctrl Pts',(6.25136139358503,-14.8580576184511,23.0664703121932));
#4176=CARTESIAN_POINT('',(10.9762539885553,-8.7407715827707,27.8411658987835));
#4177=CARTESIAN_POINT('Ctrl Pts',(11.8949910970235,-8.02811620210587,28.248219426822));
#4178=CARTESIAN_POINT('Ctrl Pts',(11.5886144366405,-8.26559597131352,28.1124486148515));
#4179=CARTESIAN_POINT('Ctrl Pts',(11.2823599297368,-8.50311562161482,27.9767544609531));
#4180=CARTESIAN_POINT('Ctrl Pts',(10.9762330089089,-8.74073438947582,27.8411487476729));
#4181=CARTESIAN_POINT('Ctrl Pts',(10.9762539885635,-8.7407715827601,27.8411658987882));
#4182=CARTESIAN_POINT('Ctrl Pts',(10.9680496940632,-8.74897587726034,27.8370740542313));
#4183=CARTESIAN_POINT('Ctrl Pts',(10.9598457686171,-8.7571798027093,27.8329807008064));
#4184=CARTESIAN_POINT('Ctrl Pts',(8.76380826075401,-10.9532173105425,26.7368134111879));
#4185=CARTESIAN_POINT('Ctrl Pts',(6.44803184067586,-13.2689937306501,25.4605653861152));
#4186=CARTESIAN_POINT('Ctrl Pts',(4.30533315832308,-15.4116924130029,24.1092525010657));
#4187=CARTESIAN_POINT('Ctrl Pts',(5.09022861136322,-16.2001804545083,24.5510644944923));
#4188=CARTESIAN_POINT('Ctrl Pts',(6.04949165799845,-15.0300070084001,25.0622188128515));
#4189=CARTESIAN_POINT('Ctrl Pts',(8.26103823091222,-12.2360089827145,26.2932534022535));
#4190=CARTESIAN_POINT('Ctrl Pts',(10.4431245515532,-9.42924250413202,27.5359852150427));
#4191=CARTESIAN_POINT('Ctrl Pts',(11.6889093692201,-7.82203447430244,28.248219426822));
#4192=CARTESIAN_POINT('Ctrl Pts',(4.64708441104198,-15.8357833294194,24.4932672001185));
#4193=CARTESIAN_POINT('Ctrl Pts',(5.59552903899414,-14.6619842285065,25.0168453343532));
#4194=CARTESIAN_POINT('Ctrl Pts',(7.79538586760935,-11.8649318870757,26.261777785986));
#4195=CARTESIAN_POINT('Ctrl Pts',(9.97270256686438,-9.05692678757682,27.5102342625424));
#4196=CARTESIAN_POINT('Ctrl Pts',(11.2163036815604,-7.44924119326625,28.2252147834817));
#4197=CARTESIAN_POINT('Ctrl Pts',(4.00110255666581,-15.1199727732955,23.9709902598663));
#4198=CARTESIAN_POINT('Ctrl Pts',(4.92962665179828,-13.9279428051637,24.5008078283744));
#4199=CARTESIAN_POINT('Ctrl Pts',(7.10539061670952,-11.1128385868497,25.7539343793677));
#4200=CARTESIAN_POINT('Ctrl Pts',(9.27228663218369,-8.29750234629247,27.0062302144345));
#4201=CARTESIAN_POINT('Ctrl Pts',(10.5113555916596,-6.68657548157885,27.7226573024728));
#4202=CARTESIAN_POINT('Ctrl Pts',(3.93723141058599,-14.6668946267267,23.0123101484984));
#4203=CARTESIAN_POINT('Ctrl Pts',(4.86451936289899,-13.4582780499121,23.5290085735773));
#4204=CARTESIAN_POINT('Ctrl Pts',(7.03677527305753,-10.6273991759155,24.7666443046738));
#4205=CARTESIAN_POINT('Ctrl Pts',(9.20198282495173,-7.805774050525,26.0122495993573));
#4206=CARTESIAN_POINT('Ctrl Pts',(10.4401772657053,-6.19209059012262,26.7257291117251));
#4207=CARTESIAN_POINT('Ctrl Pts',(4.02072197221085,-14.5580876084244,22.6021601065321));
#4208=CARTESIAN_POINT('Ctrl Pts',(4.95129758652225,-13.3453378565065,23.1133144248914));
#4209=CARTESIAN_POINT('Ctrl Pts',(7.12622309979209,-10.5109197435736,24.3443490142933));
#4210=CARTESIAN_POINT('Ctrl Pts',(9.29240410780655,-7.68789769176238,25.5870808270826));
#4211=CARTESIAN_POINT('Ctrl Pts',(10.5310437334951,-6.07367110375855,26.2993150388618));
#4212=CARTESIAN_POINT('',(11.6889093692201,-7.82203447430244,28.248219426822));
#4213=CARTESIAN_POINT('Ctrl Pts',(10.9762906286235,-8.74079224452428,27.8411489895192));
#4214=CARTESIAN_POINT('Ctrl Pts',(11.2139102118579,-8.43466490084118,27.9767548286444));
#4215=CARTESIAN_POINT('Ctrl Pts',(11.4514301700116,-8.12841039931989,28.1124489407287));
#4216=CARTESIAN_POINT('Ctrl Pts',(11.6889093692201,-7.82203447430244,28.248219426822));
#4217=CARTESIAN_POINT('',(10.5310437334951,-6.07367110375855,26.2993150388618));
#4218=CARTESIAN_POINT('Origin',(12.1705473297841,-7.33170646007964,26.2993150388618));
#4219=CARTESIAN_POINT('Ctrl Pts',(4.85896724416641,-13.4656651013478,23.066473730763));
#4220=CARTESIAN_POINT('Ctrl Pts',(5.51063522347849,-12.6163948560401,23.4301866241289));
#4221=CARTESIAN_POINT('Ctrl Pts',(7.40484752496043,-10.1478093232009,24.5042082873894));
#4222=CARTESIAN_POINT('Ctrl Pts',(9.29238051305636,-7.6879284410395,25.5870672597883));
#4223=CARTESIAN_POINT('Ctrl Pts',(10.5310437334951,-6.07367110375857,26.2993150388618));
#4224=CARTESIAN_POINT('Ctrl Pts',(11.6889093692201,-7.82203447430243,28.248219426822));
#4225=CARTESIAN_POINT('Ctrl Pts',(12.7984396992551,-6.44404790825235,28.8691105025332));
#4226=CARTESIAN_POINT('Ctrl Pts',(15.1715175403132,-3.46133347196758,29.341364023827));
#4227=CARTESIAN_POINT('Ctrl Pts',(17.9986030711218,0.138247214899507,27.8828527071319));
#4228=CARTESIAN_POINT('Ctrl Pts',(20.3451327340919,3.13920749850385,25.0870570694009));
#4229=CARTESIAN_POINT('Ctrl Pts',(21.3654036664154,4.44878667871756,22.7284945099007));
#4230=CARTESIAN_POINT('Ctrl Pts',(21.8097589711466,5.01934437574751,20.9940294116002));
#4231=CARTESIAN_POINT('Ctrl Pts',(11.2163036815604,-7.44924119326624,28.2252147834817));
#4232=CARTESIAN_POINT('Ctrl Pts',(12.315209399858,-6.07126545933639,28.8566544631215));
#4233=CARTESIAN_POINT('Ctrl Pts',(14.6751038909368,-3.08467255874209,29.3497816605491));
#4234=CARTESIAN_POINT('Ctrl Pts',(17.5023883304077,0.530497993993424,27.9061918183245));
#4235=CARTESIAN_POINT('Ctrl Pts',(19.8540763703899,3.54824149119423,25.1117791285398));
#4236=CARTESIAN_POINT('Ctrl Pts',(20.8769823405093,4.86466074211408,22.7496209735717));
#4237=CARTESIAN_POINT('Ctrl Pts',(21.323231493368,5.4391519222118,21.0094120171199));
#4238=CARTESIAN_POINT('Ctrl Pts',(10.5116571785844,-6.6865593495037,27.7220962534054));
#4239=CARTESIAN_POINT('Ctrl Pts',(11.5467269445553,-5.35369725752167,28.3337090756627));
#4240=CARTESIAN_POINT('Ctrl Pts',(13.7840782302574,-2.4644384843213,28.8205146955331));
#4241=CARTESIAN_POINT('Ctrl Pts',(16.4814633831161,1.02976985162574,27.4430136639086));
#4242=CARTESIAN_POINT('Ctrl Pts',(18.72978473517,3.94547271309523,24.7636629060996));
#4243=CARTESIAN_POINT('Ctrl Pts',(19.7110309596871,5.21918114074565,22.4918167591395));
#4244=CARTESIAN_POINT('Ctrl Pts',(20.1384204048983,5.7739839442868,20.8193526965694));
#4245=CARTESIAN_POINT('Ctrl Pts',(10.4401772657053,-6.19209059012261,26.7257291117251));
#4246=CARTESIAN_POINT('Ctrl Pts',(11.383730967087,-4.96227250239119,27.2745311374431));
#4247=CARTESIAN_POINT('Ctrl Pts',(13.4191110211739,-2.30986605617974,27.6984795915227));
#4248=CARTESIAN_POINT('Ctrl Pts',(15.8664812387432,0.879651659823658,26.4267421694079));
#4249=CARTESIAN_POINT('Ctrl Pts',(17.9044807769963,3.53566364760141,23.9776975999672));
#4250=CARTESIAN_POINT('Ctrl Pts',(18.7933191341945,4.69391007309026,21.907953359513));
#4251=CARTESIAN_POINT('Ctrl Pts',(19.1803797664811,5.19836307265851,20.3855757216903));
#4252=CARTESIAN_POINT('Ctrl Pts',(10.5310437334951,-6.07367110375855,26.2993150388618));
#4253=CARTESIAN_POINT('Ctrl Pts',(11.4389299389067,-4.8904907652136,26.8213616474846));
#4254=CARTESIAN_POINT('Ctrl Pts',(13.393122769938,-2.3437370843892,27.2184334670774));
#4255=CARTESIAN_POINT('Ctrl Pts',(15.7379343436998,0.712080853068797,25.9921138817194));
#4256=CARTESIAN_POINT('Ctrl Pts',(17.6890702025944,3.25485061024055,23.6414026407693));
#4257=CARTESIAN_POINT('Ctrl Pts',(18.5391918540527,4.36275071642276,21.6583179523617));
#4258=CARTESIAN_POINT('Ctrl Pts',(18.9095194664594,4.84537105717481,20.199975808685));
#4259=CARTESIAN_POINT('Ctrl Pts',(10.5310437334951,-6.07367110375855,26.2993150388618));
#4260=CARTESIAN_POINT('Ctrl Pts',(11.2118643003759,-5.18640846664736,26.6907958939538));
#4261=CARTESIAN_POINT('Ctrl Pts',(12.650521955987,-3.31151330702276,27.1114096469611));
#4262=CARTESIAN_POINT('Ctrl Pts',(15.0611877344913,-0.169872499035869,26.531344625295));
#4263=CARTESIAN_POINT('Ctrl Pts',(17.2474259663122,2.67928863574859,24.4572425890096));
#4264=CARTESIAN_POINT('Ctrl Pts',(18.323181429321,4.0812404501141,22.1428778145941));
#4265=CARTESIAN_POINT('Ctrl Pts',(18.6826074414029,4.54965354871844,20.9998372278763));
#4266=CARTESIAN_POINT('Ctrl Pts',(11.6889093692201,-7.82203447430243,28.248219426822));
#4267=CARTESIAN_POINT('Ctrl Pts',(12.7984396992551,-6.44404790825235,28.8691105025332));
#4268=CARTESIAN_POINT('Ctrl Pts',(15.1715175403132,-3.46133347196758,29.341364023827));
#4269=CARTESIAN_POINT('Ctrl Pts',(17.9986030711218,0.138247214899507,27.8828527071319));
#4270=CARTESIAN_POINT('Ctrl Pts',(20.3440556204802,3.13782998548089,25.0883404069117));
#4271=CARTESIAN_POINT('Ctrl Pts',(21.3638423431224,4.44678263009745,22.7321029012737));
#4272=CARTESIAN_POINT('Ctrl Pts',(21.8082282661958,5.0173789329126,20.9999999803217));
#4273=CARTESIAN_POINT('Origin',(0.267025571327053,-19.4499999999989,16.0061852741483));
#4274=CARTESIAN_POINT('Origin',(0.267025571326833,-19.4499999999991,28.248219426822));
#4275=CARTESIAN_POINT('Origin',(0.267025571327049,-19.4499999999989,26.3217617857081));
#4276=CARTESIAN_POINT('Ctrl Pts',(18.3262946748228,7.6909777117954,20.9965457743412));
#4277=CARTESIAN_POINT('Ctrl Pts',(17.890026449759,7.1138808658294,22.7306192085543));
#4278=CARTESIAN_POINT('Ctrl Pts',(16.5564642592627,5.34911800495768,25.8786806756351));
#4279=CARTESIAN_POINT('Ctrl Pts',(13.8043596486397,1.69128065682646,28.5241815672473));
#4280=CARTESIAN_POINT('Ctrl Pts',(10.9906200563731,-2.07891058017225,29.2140762803551));
#4281=CARTESIAN_POINT('Ctrl Pts',(9.32536746675166,-4.33663667180161,28.7138233886591));
#4282=CARTESIAN_POINT('Ctrl Pts',(8.54257672195359,-5.40776852089555,28.248219426822));
#4283=CARTESIAN_POINT('Ctrl Pts',(18.8577158406935,7.3296788787356,21.011935198729));
#4284=CARTESIAN_POINT('Ctrl Pts',(18.4181371901391,6.7497338052904,22.7517500862571));
#4285=CARTESIAN_POINT('Ctrl Pts',(17.0761712981092,4.97860821460021,25.9049824752391));
#4286=CARTESIAN_POINT('Ctrl Pts',(14.3071159607039,1.31124385209851,28.5444257467598));
#4287=CARTESIAN_POINT('Ctrl Pts',(11.4796274279278,-2.45770628006671,29.2143208436006));
#4288=CARTESIAN_POINT('Ctrl Pts',(9.80983173529978,-4.70435068913213,28.6987291050794));
#4289=CARTESIAN_POINT('Ctrl Pts',(9.02498673276359,-5.76778455923875,28.2252147834817));
#4290=CARTESIAN_POINT('Ctrl Pts',(19.4878241970612,6.27193793657784,20.8217844405948));
#4291=CARTESIAN_POINT('Ctrl Pts',(19.0623869143788,5.71531439214021,22.4938691028576));
#4292=CARTESIAN_POINT('Ctrl Pts',(17.7616183209043,4.01331496191537,25.5262648246812));
#4293=CARTESIAN_POINT('Ctrl Pts',(15.0778845736174,0.497921859497202,28.054362876343));
#4294=CARTESIAN_POINT('Ctrl Pts',(12.3338398810138,-3.10361173106517,28.6858608552451));
#4295=CARTESIAN_POINT('Ctrl Pts',(10.7086172851742,-5.24259236005687,28.180751689422));
#4296=CARTESIAN_POINT('Ctrl Pts',(9.94406033263395,-6.25103103177409,27.7221054561399));
#4297=CARTESIAN_POINT('Ctrl Pts',(19.1798179557327,5.19763090663648,20.3877846619754));
#4298=CARTESIAN_POINT('Ctrl Pts',(18.7925907680481,4.69301238399084,21.9098180125086));
#4299=CARTESIAN_POINT('Ctrl Pts',(17.6084793363307,3.14977469047044,24.6723676900049));
#4300=CARTESIAN_POINT('Ctrl Pts',(15.1597197883858,-0.0415253033061339,
26.9876326183006));
#4301=CARTESIAN_POINT('Ctrl Pts',(12.645472836606,-3.31806094386433,27.5832214600115));
#4302=CARTESIAN_POINT('Ctrl Pts',(11.1478570051145,-5.26994060440898,27.1372737568882));
#4303=CARTESIAN_POINT('Ctrl Pts',(10.4401772657053,-6.19209059012262,26.7257291117251));
#4304=CARTESIAN_POINT('Ctrl Pts',(18.9089820359428,4.84467066408948,20.2020915721198));
#4305=CARTESIAN_POINT('Ctrl Pts',(18.5385188288146,4.3618736128559,21.6601044037537));
#4306=CARTESIAN_POINT('Ctrl Pts',(17.4057897840607,2.88567238117842,24.3070015438731));
#4307=CARTESIAN_POINT('Ctrl Pts',(15.0611877344913,-0.169872499035869,26.531344625295));
#4308=CARTESIAN_POINT('Ctrl Pts',(12.650521955987,-3.31151330702276,27.1114096469611));
#4309=CARTESIAN_POINT('Ctrl Pts',(11.2118643003759,-5.18640846664736,26.6907958939538));
#4310=CARTESIAN_POINT('Ctrl Pts',(10.5310437334951,-6.07367110375855,26.2993150388618));
#4311=CARTESIAN_POINT('',(8.54257672195358,-5.40776852089555,28.248219426822));
#4312=CARTESIAN_POINT('Ctrl Pts',(18.3254252838925,7.68982767852707,20.9999999947523));
#4313=CARTESIAN_POINT('Ctrl Pts',(17.8891408503602,7.11270891101944,22.7327094819738));
#4314=CARTESIAN_POINT('Ctrl Pts',(16.5557997207233,5.34823476313639,25.8793194730455));
#4315=CARTESIAN_POINT('Ctrl Pts',(13.8043596486397,1.69128065682646,28.5241815672473));
#4316=CARTESIAN_POINT('Ctrl Pts',(10.9906200563731,-2.07891058017225,29.2140762803551));
#4317=CARTESIAN_POINT('Ctrl Pts',(9.32536746675166,-4.33663667180161,28.7138233886591));
#4318=CARTESIAN_POINT('Ctrl Pts',(8.54257672195359,-5.40776852089555,28.248219426822));
#4319=CARTESIAN_POINT('Origin',(8.89154013720614,-4.81563574743746,26.2993150388618));
#4320=CARTESIAN_POINT('Ctrl Pts',(8.54257672195357,-5.40776852089557,28.248219426822));
#4321=CARTESIAN_POINT('Ctrl Pts',(7.31254238425136,-7.02711114398489,27.5359716477485));
#4322=CARTESIAN_POINT('Ctrl Pts',(5.16619042757104,-9.86131139354429,26.2932453279099));
#4323=CARTESIAN_POINT('Ctrl Pts',(3.03969421621295,-12.7207338048408,25.0621583182347));
#4324=CARTESIAN_POINT('Ctrl Pts',(2.15777339593768,-13.9500284266726,24.5510644944923));
#4325=CARTESIAN_POINT('Ctrl Pts',(9.02498673276357,-5.76778455923877,28.2252147834817));
#4326=CARTESIAN_POINT('Ctrl Pts',(7.7939258997245,-7.38514145218921,27.5102206429339));
#4327=CARTESIAN_POINT('Ctrl Pts',(5.6451401975242,-10.2150454772236,26.2617528773671));
#4328=CARTESIAN_POINT('Ctrl Pts',(3.51267034968722,-13.0639755925738,25.0167833693898));
#4329=CARTESIAN_POINT('Ctrl Pts',(2.62444814885638,-14.2837599385795,24.4932672001185));
#4330=CARTESIAN_POINT('Ctrl Pts',(9.9441372905286,-6.25134888563237,27.7226920118604));
#4331=CARTESIAN_POINT('Ctrl Pts',(8.7087725406275,-7.86516688790689,27.0062512766581));
#4332=CARTESIAN_POINT('Ctrl Pts',(6.55019492082073,-10.6869050230543,25.7539549089225));
#4333=CARTESIAN_POINT('Ctrl Pts',(4.39406207546109,-13.5172270832331,24.5007736769835));
#4334=CARTESIAN_POINT('Ctrl Pts',(3.48307709013775,-14.7224898865738,23.9710188118698));
#4335=CARTESIAN_POINT('Ctrl Pts',(10.4401772657053,-6.19209059012264,26.7257291117251));
#4336=CARTESIAN_POINT('Ctrl Pts',(9.20192345170267,-7.8057773291412,26.0122360083414));
#4337=CARTESIAN_POINT('Ctrl Pts',(7.03682207223373,-10.6275151625924,24.766636110397));
#4338=CARTESIAN_POINT('Ctrl Pts',(4.86455583292532,-13.4585332821923,23.5289474228209));
#4339=CARTESIAN_POINT('Ctrl Pts',(3.937231410586,-14.6668946267267,23.0123101484984));
#4340=CARTESIAN_POINT('Ctrl Pts',(10.5310437334951,-6.07367110375857,26.2993150388618));
#4341=CARTESIAN_POINT('Ctrl Pts',(9.29238051305636,-7.6879284410395,25.5870672597883));
#4342=CARTESIAN_POINT('Ctrl Pts',(7.1261825282219,-10.5109726174733,24.3443409399498));
#4343=CARTESIAN_POINT('Ctrl Pts',(4.95118745380269,-13.345481384261,23.1132539302745));
#4344=CARTESIAN_POINT('Ctrl Pts',(4.02072197221086,-14.5580876084244,22.6021601065321));
#4345=CARTESIAN_POINT('',(7.83959360642479,-6.33392741943759,27.8411658987835));
#4346=CARTESIAN_POINT('Ctrl Pts',(8.54257672195357,-5.40776852089557,28.248219426822));
#4347=CARTESIAN_POINT('Ctrl Pts',(8.30810379831452,-5.71645258569849,28.1124485674273));
#4348=CARTESIAN_POINT('Ctrl Pts',(8.07375978092744,-6.0251439316192,27.976754686605));
#4349=CARTESIAN_POINT('Ctrl Pts',(7.83956500660735,-6.33389821768085,27.8411494360179));
#4350=CARTESIAN_POINT('Ctrl Pts',(7.83959360643,-6.33392741942522,27.8411658987882));
#4351=CARTESIAN_POINT('Ctrl Pts',(7.83379229415403,-6.34397558703778,27.8370740542313));
#4352=CARTESIAN_POINT('Ctrl Pts',(7.82799124283943,-6.35402330265594,27.8329807008064));
#4353=CARTESIAN_POINT('Ctrl Pts',(6.27515822928172,-9.04360897776599,26.7368134111879));
#4354=CARTESIAN_POINT('Ctrl Pts',(4.63765701894016,-11.8798442715747,25.4605653861152));
#4355=CARTESIAN_POINT('Ctrl Pts',(3.12254025060903,-14.5041034937238,24.1092525010657));
#4356=CARTESIAN_POINT('Ctrl Pts',(4.08476676161456,-15.0625785650728,24.5510644944923));
#4357=CARTESIAN_POINT('Ctrl Pts',(4.70848053863821,-13.6840022665069,25.0622188128515));
#4358=CARTESIAN_POINT('Ctrl Pts',(6.12152320456862,-10.4128122192024,26.2932576741046));
#4359=CARTESIAN_POINT('Ctrl Pts',(7.50281950091716,-7.13692331483044,27.5359852150427));
#4360=CARTESIAN_POINT('Ctrl Pts',(8.29017918273882,-5.26204673368711,28.248219426822));
#4361=CARTESIAN_POINT('Ctrl Pts',(3.56240941780045,-14.8252921296938,24.4932672001185));
#4362=CARTESIAN_POINT('Ctrl Pts',(4.17473501630409,-13.446013730308,25.0168453343532));
#4363=CARTESIAN_POINT('Ctrl Pts',(5.57569948395169,-10.1748981181014,26.2617757712715));
#4364=CARTESIAN_POINT('Ctrl Pts',(6.95206435841659,-6.89904811754884,27.5102342625424));
#4365=CARTESIAN_POINT('Ctrl Pts',(7.73719114235878,-5.02427542845732,28.2252147834817));
#4366=CARTESIAN_POINT('Ctrl Pts',(2.75314465298262,-14.3010626945046,23.9710178666643));
#4367=CARTESIAN_POINT('Ctrl Pts',(3.34150999871728,-12.9093304429186,24.5008354351724));
#4368=CARTESIAN_POINT('Ctrl Pts',(4.7145292806465,-9.62701928329902,25.7539680859589));
#4369=CARTESIAN_POINT('Ctrl Pts',(6.07892785204071,-6.34678040139899,27.0062637747784));
#4370=CARTESIAN_POINT('Ctrl Pts',(6.85883800769648,-4.47004989360149,27.7226908628167));
#4371=CARTESIAN_POINT('Ctrl Pts',(2.57421341392917,-13.8799558194466,23.0123101484984));
#4372=CARTESIAN_POINT('Ctrl Pts',(3.15709180716876,-12.4725220714675,23.5290085735773));
#4373=CARTESIAN_POINT('Ctrl Pts',(4.52264427738364,-9.17588566109116,24.7666484731552));
#4374=CARTESIAN_POINT('Ctrl Pts',(5.88378409819115,-5.89000432384174,26.0122495993573));
#4375=CARTESIAN_POINT('Ctrl Pts',(6.66213607416353,-4.01083749117646,26.7257291117251));
#4376=CARTESIAN_POINT('Ctrl Pts',(2.62669777507655,-13.7532473629521,22.6021601065321));
#4377=CARTESIAN_POINT('Ctrl Pts',(3.21168206151503,-12.3409703648571,23.1133144248914));
#4378=CARTESIAN_POINT('Ctrl Pts',(4.57889554951471,-9.04022501946887,24.3443532861444));
#4379=CARTESIAN_POINT('Ctrl Pts',(5.94061570393171,-5.75274175451858,25.5870808270826));
#4380=CARTESIAN_POINT('Ctrl Pts',(6.71925712376304,-3.87293507853634,26.2993150388618));
#4381=CARTESIAN_POINT('',(8.29017918273882,-5.26204673368711,28.248219426822));
#4382=CARTESIAN_POINT('Ctrl Pts',(7.83963389022683,-6.33393777253358,27.8411491669746));
#4383=CARTESIAN_POINT('Ctrl Pts',(7.98992545915069,-5.97674110490727,27.9767548823774));
#4384=CARTESIAN_POINT('Ctrl Pts',(8.14008779603157,-5.61944733784009,28.1124489232334));
#4385=CARTESIAN_POINT('Ctrl Pts',(8.29017918273882,-5.26204673368711,28.248219426822));
#4386=CARTESIAN_POINT('',(6.71925712376305,-3.87293507853634,26.2993150388618));
#4387=CARTESIAN_POINT('Origin',(8.62849949934059,-4.66376916435798,26.2993150388618));
#4388=CARTESIAN_POINT('Ctrl Pts',(3.15364071557641,-12.4810945694005,23.0664742395941));
#4389=CARTESIAN_POINT('Ctrl Pts',(3.5632959988607,-11.4920992285978,23.4301876193152));
#4390=CARTESIAN_POINT('Ctrl Pts',(4.75404615385421,-8.61737405501463,24.5042118663861));
#4391=CARTESIAN_POINT('Ctrl Pts',(5.94060087165168,-5.7527775628102,25.5870672597883));
#4392=CARTESIAN_POINT('Ctrl Pts',(6.71925712376304,-3.87293507853636,26.2993150388618));
#4393=CARTESIAN_POINT('Ctrl Pts',(8.29017918273882,-5.26204673368711,28.248219426822));
#4394=CARTESIAN_POINT('Ctrl Pts',(9.00525401638152,-3.643846340728,28.8691105025332));
#4395=CARTESIAN_POINT('Ctrl Pts',(10.5254879034362,-0.148567766517144,29.3413651698694));
#4396=CARTESIAN_POINT('Ctrl Pts',(12.3246029200095,4.06006416523581,27.8828533703517));
#4397=CARTESIAN_POINT('Ctrl Pts',(13.814470981177,7.56609608886934,25.0870579890214));
#4398=CARTESIAN_POINT('Ctrl Pts',(14.4610327188902,9.09511734172917,22.7284945099007));
#4399=CARTESIAN_POINT('Ctrl Pts',(14.7425757854574,9.76124137233519,20.9940294116002));
#4400=CARTESIAN_POINT('Ctrl Pts',(7.73719114235878,-5.02427542845732,28.2252147834817));
#4401=CARTESIAN_POINT('Ctrl Pts',(8.44200619268902,-3.40883535038737,28.8566544631215));
#4402=CARTESIAN_POINT('Ctrl Pts',(9.94850220030853,0.0867775096943817,29.3497812109697));
#4403=CARTESIAN_POINT('Ctrl Pts',(11.7437743175424,4.31051944239645,27.9061913207174));
#4404=CARTESIAN_POINT('Ctrl Pts',(13.2342810010918,7.834097360802,25.1117788195531));
#4405=CARTESIAN_POINT('Ctrl Pts',(13.8816178181159,9.37040809886892,22.7496209735717));
#4406=CARTESIAN_POINT('Ctrl Pts',(14.1639721411691,10.0408217463213,21.0094120171199));
#4407=CARTESIAN_POINT('Ctrl Pts',(6.85913575764579,-4.46995817141588,27.7221232680376));
#4408=CARTESIAN_POINT('Ctrl Pts',(7.51396628270791,-2.9146164854457,28.3337360902948));
#4409=CARTESIAN_POINT('Ctrl Pts',(8.92729040463399,0.455276274829361,28.8205479628708));
#4410=CARTESIAN_POINT('Ctrl Pts',(10.6284008674502,4.52856871962849,27.4430411695669));
#4411=CARTESIAN_POINT('Ctrl Pts',(12.0454751078137,7.92683588874435,24.7636903596965));
#4412=CARTESIAN_POINT('Ctrl Pts',(12.6636301408398,9.41111995824539,22.4918315404082));
#4413=CARTESIAN_POINT('Ctrl Pts',(12.9328631120199,10.0576348427798,20.819367477838));
#4414=CARTESIAN_POINT('Ctrl Pts',(6.66213607416353,-4.01083749117646,26.7257291117251));
#4415=CARTESIAN_POINT('Ctrl Pts',(7.25523861970229,-2.57871477060468,27.2745311374431));
#4416=CARTESIAN_POINT('Ctrl Pts',(8.53477150874733,0.510108124721539,27.6984809101705));
#4417=CARTESIAN_POINT('Ctrl Pts',(10.0732418104091,4.22437208144069,26.4267429712002));
#4418=CARTESIAN_POINT('Ctrl Pts',(11.3543718804312,7.31735609699145,23.9776986409398));
#4419=CARTESIAN_POINT('Ctrl Pts',(11.9131472389555,8.66618389642903,21.907953359513));
#4420=CARTESIAN_POINT('Ctrl Pts',(12.1564570563736,9.25362674010621,20.3855757216902));
#4421=CARTESIAN_POINT('Ctrl Pts',(6.71925712376304,-3.87293507853633,26.2993150388618));
#4422=CARTESIAN_POINT('Ctrl Pts',(7.28997825149543,-2.49509239163194,26.8213616474846));
#4423=CARTESIAN_POINT('Ctrl Pts',(8.51843520033252,0.470665035042033,27.2184344306724));
#4424=CARTESIAN_POINT('Ctrl Pts',(9.9924455124077,4.02924072153171,25.9921144393561));
#4425=CARTESIAN_POINT('Ctrl Pts',(11.218980898674,6.99035908578636,23.6414034139883));
#4426=CARTESIAN_POINT('Ctrl Pts',(11.7533894843715,8.28053554122584,21.6583179523617));
#4427=CARTESIAN_POINT('Ctrl Pts',(11.9861871536425,8.84255883166886,20.199975808685));
#4428=CARTESIAN_POINT('Ctrl Pts',(6.71925712376304,-3.87293507853634,26.2993150388618));
#4429=CARTESIAN_POINT('Ctrl Pts',(7.14723882388971,-2.83969585364305,26.6907958939538));
#4430=CARTESIAN_POINT('Ctrl Pts',(8.0516172186744,-0.656333267436649,27.1114122856847));
#4431=CARTESIAN_POINT('Ctrl Pts',(9.56702490711749,3.00218452652711,26.5313463055801));
#4432=CARTESIAN_POINT('Ctrl Pts',(10.9413541467461,6.32010881600433,24.4572458700769));
#4433=CARTESIAN_POINT('Ctrl Pts',(11.6176001362403,7.95271105534158,22.142878413224));
#4434=CARTESIAN_POINT('Ctrl Pts',(11.8435444184002,8.49818880567286,20.9998373987473));
#4435=CARTESIAN_POINT('Ctrl Pts',(8.29017918273882,-5.26204673368711,28.248219426822));
#4436=CARTESIAN_POINT('Ctrl Pts',(9.00525401638152,-3.643846340728,28.8691105025332));
#4437=CARTESIAN_POINT('Ctrl Pts',(10.5254879034362,-0.148567766517144,29.3413651698694));
#4438=CARTESIAN_POINT('Ctrl Pts',(12.3246029200095,4.06006416523581,27.8828533703517));
#4439=CARTESIAN_POINT('Ctrl Pts',(13.8137870958661,7.56448673580321,25.0883413264145));
#4440=CARTESIAN_POINT('Ctrl Pts',(14.4600432827656,9.09277748019607,22.7321029026802));
#4441=CARTESIAN_POINT('Ctrl Pts',(14.7416059320515,9.75894672474887,20.9999999803242));
#4442=CARTESIAN_POINT('Origin',(0.267025571327053,-19.4499999999989,16.0061852741483));
#4443=CARTESIAN_POINT('Origin',(0.267025571326893,-19.4499999999991,28.248219426822));
#4444=CARTESIAN_POINT('Origin',(0.267025571327049,-19.4499999999989,26.3217617857081));
#4445=CARTESIAN_POINT('Ctrl Pts',(-26.8739521404672,-1.39073089650311,20.9965457743411));
#4446=CARTESIAN_POINT('Ctrl Pts',(-26.2968552945012,-1.82699912156693,22.7306192085543));
#4447=CARTESIAN_POINT('Ctrl Pts',(-24.5320580065058,-3.16058794019033,25.8786601947266));
#4448=CARTESIAN_POINT('Ctrl Pts',(-20.8742514868916,-5.9126685095565,28.5241709083533));
#4449=CARTESIAN_POINT('Ctrl Pts',(-17.104058300829,-8.72640889178447,29.2140603331557));
#4450=CARTESIAN_POINT('Ctrl Pts',(-14.8463377568702,-10.3916581045743,28.7138233886591));
#4451=CARTESIAN_POINT('Ctrl Pts',(-13.7752059077763,-11.1744488493723,28.2482194268219));
#4452=CARTESIAN_POINT('Ctrl Pts',(-26.5126533074074,-0.859309730632389,
21.0119351987289));
#4453=CARTESIAN_POINT('Ctrl Pts',(-25.9327082339622,-1.29888838118688,22.7517500862571));
#4454=CARTESIAN_POINT('Ctrl Pts',(-24.1615662671259,-2.64086523112353,25.9050419815899));
#4455=CARTESIAN_POINT('Ctrl Pts',(-20.4942147912141,-5.40991022822456,28.5444756996087));
#4456=CARTESIAN_POINT('Ctrl Pts',(-16.7252447393874,-8.23741310396072,29.2143691196587));
#4457=CARTESIAN_POINT('Ctrl Pts',(-14.4786237395397,-9.90719383602615,28.6987291050794));
#4458=CARTESIAN_POINT('Ctrl Pts',(-13.4151898694331,-10.6920388385623,28.2252147834817));
#4459=CARTESIAN_POINT('Ctrl Pts',(-25.454871475153,-0.22932337666894,20.8217399011925));
#4460=CARTESIAN_POINT('Ctrl Pts',(-24.8982479307154,-0.654760659351304,
22.4938245634553));
#4461=CARTESIAN_POINT('Ctrl Pts',(-23.1962410372773,-1.95553445062926,25.5261435054483));
#4462=CARTESIAN_POINT('Ctrl Pts',(-19.6809069002909,-4.63921969884812,28.0542519751794));
#4463=CARTESIAN_POINT('Ctrl Pts',(-16.079397179487,-7.3832434091016,28.6857370258927));
#4464=CARTESIAN_POINT('Ctrl Pts',(-13.9404422175491,-9.00843989002097,28.1806703282586));
#4465=CARTESIAN_POINT('Ctrl Pts',(-12.9320035458319,-9.77299684256118,27.7220240949766));
#4466=CARTESIAN_POINT('Ctrl Pts',(-24.3806053353083,-0.537207615593204,
20.3877846619754));
#4467=CARTESIAN_POINT('Ctrl Pts',(-23.8759868126627,-0.924434803277883,
21.9098180125086));
#4468=CARTESIAN_POINT('Ctrl Pts',(-22.332713117542,-2.1085698372003,24.672335165795));
#4469=CARTESIAN_POINT('Ctrl Pts',(-19.1414442114189,-4.55730622474361,26.9876121618638));
#4470=CARTESIAN_POINT('Ctrl Pts',(-15.8649108425057,-7.07155202586099,27.583195526483));
#4471=CARTESIAN_POINT('Ctrl Pts',(-13.9130338242629,-8.56916856621139,27.1372737568882));
#4472=CARTESIAN_POINT('Ctrl Pts',(-12.9908838385492,-9.27684830562059,26.7257291117251));
#4473=CARTESIAN_POINT('Ctrl Pts',(-24.0276450927613,-0.808043535383123,
20.2020915721198));
#4474=CARTESIAN_POINT('Ctrl Pts',(-23.5448480415277,-1.17850674251131,21.6601044037536));
#4475=CARTESIAN_POINT('Ctrl Pts',(-22.0686177899982,-2.31125805498086,24.3069843234794));
#4476=CARTESIAN_POINT('Ctrl Pts',(-19.0130989837531,-4.65584009729004,26.531335663273));
#4477=CARTESIAN_POINT('Ctrl Pts',(-15.8714568037641,-7.06650692856859,27.1113962385201));
#4478=CARTESIAN_POINT('Ctrl Pts',(-13.9965659620245,-8.50516127095004,26.6907958939538));
#4479=CARTESIAN_POINT('Ctrl Pts',(-13.1093033249133,-9.18598183783083,26.2993150388617));
#4480=CARTESIAN_POINT('',(-13.7752059077763,-11.1744488493724,28.2482194268219));
#4481=CARTESIAN_POINT('Ctrl Pts',(-26.8728021071761,-1.391600287451,20.9999999947387));
#4482=CARTESIAN_POINT('Ctrl Pts',(-26.2956833168369,-1.82788473864275,22.7327094683768));
#4483=CARTESIAN_POINT('Ctrl Pts',(-24.5311747721285,-3.16125247292459,25.8792989945087));
#4484=CARTESIAN_POINT('Ctrl Pts',(-20.8742514868916,-5.9126685095565,28.5241709083533));
#4485=CARTESIAN_POINT('Ctrl Pts',(-17.104058300829,-8.72640889178447,29.2140603331557));
#4486=CARTESIAN_POINT('Ctrl Pts',(-14.8463377568702,-10.3916581045743,28.7138233886591));
#4487=CARTESIAN_POINT('Ctrl Pts',(-13.7752059077763,-11.1744488493723,28.2482194268219));
#4488=CARTESIAN_POINT('',(-13.1093033249133,-9.18598183783084,26.2993150388618));
#4489=CARTESIAN_POINT('Origin',(-14.3673386812344,-10.8254854341198,26.2993150388618));
#4490=CARTESIAN_POINT('Ctrl Pts',(-23.7325365437201,-1.03448828944574,20.9997778209568));
#4491=CARTESIAN_POINT('Ctrl Pts',(-23.2641900587193,-1.393863187112,22.1418916060791));
#4492=CARTESIAN_POINT('Ctrl Pts',(-22.2484036244336,-2.17330353216227,23.8164933224941));
#4493=CARTESIAN_POINT('Ctrl Pts',(-19.8950504838617,-3.97909490916817,25.9921026390873));
#4494=CARTESIAN_POINT('Ctrl Pts',(-16.8392380895498,-6.32390222952433,27.2184141864608));
#4495=CARTESIAN_POINT('Ctrl Pts',(-14.2924836634582,-8.27809563241923,26.8213616474846));
#4496=CARTESIAN_POINT('Ctrl Pts',(-13.1093033249133,-9.18598183783085,26.2993150388618));
#4497=CARTESIAN_POINT('Ctrl Pts',(-13.7752059077763,-11.1744488493724,28.2482194268219));
#4498=CARTESIAN_POINT('Ctrl Pts',(-12.1558632846869,-12.4044831870746,27.5359716477484));
#4499=CARTESIAN_POINT('Ctrl Pts',(-9.32169031488399,-14.5508783285448,26.2932219906454));
#4500=CARTESIAN_POINT('Ctrl Pts',(-6.46224062383103,-16.677331355113,25.0621583182347));
#4501=CARTESIAN_POINT('Ctrl Pts',(-5.23294600199922,-17.5592521753883,24.5510644944923));
#4502=CARTESIAN_POINT('Ctrl Pts',(-13.4151898694331,-10.6920388385624,28.2252147834817));
#4503=CARTESIAN_POINT('Ctrl Pts',(-11.7978329764826,-11.9230996716014,27.5102206429338));
#4504=CARTESIAN_POINT('Ctrl Pts',(-8.96793472499147,-14.0719219026001,26.261766407863));
#4505=CARTESIAN_POINT('Ctrl Pts',(-6.11899883609808,-16.2043552216387,25.0167833693898));
#4506=CARTESIAN_POINT('Ctrl Pts',(-4.89921449009233,-17.0925774224696,24.4932672001185));
#4507=CARTESIAN_POINT('Ctrl Pts',(-12.9316869400998,-9.77292628863274,27.7226189589863));
#4508=CARTESIAN_POINT('Ctrl Pts',(-11.3178689378253,-11.0082910385338,27.006178223784));
#4509=CARTESIAN_POINT('Ctrl Pts',(-8.49614037641027,-13.1668744257195,25.7538728688206));
#4510=CARTESIAN_POINT('Ctrl Pts',(-5.66579953391098,-15.3229985005905,24.5007135835605));
#4511=CARTESIAN_POINT('Ctrl Pts',(-4.4605367305703,-16.2339834859138,23.9709587184467));
#4512=CARTESIAN_POINT('Ctrl Pts',(-12.9908838385492,-9.27684830562061,26.7257291117251));
#4513=CARTESIAN_POINT('Ctrl Pts',(-11.3771970995306,-10.5151021196233,26.0122360083414));
#4514=CARTESIAN_POINT('Ctrl Pts',(-8.55547557607107,-12.6801819146442,24.7666133863386));
#4515=CARTESIAN_POINT('Ctrl Pts',(-5.72444114647953,-14.8524697384006,23.5289474228209));
#4516=CARTESIAN_POINT('Ctrl Pts',(-4.51607980194516,-15.7797941607399,23.0123101484984));
#4517=CARTESIAN_POINT('Ctrl Pts',(-13.1093033249133,-9.18598183783086,26.2993150388618));
#4518=CARTESIAN_POINT('Ctrl Pts',(-11.4950459876323,-10.4246450582696,25.5870672597883));
#4519=CARTESIAN_POINT('Ctrl Pts',(-8.6720281479445,-12.5908228342081,24.3443176026852));
#4520=CARTESIAN_POINT('Ctrl Pts',(-5.83749304441082,-14.7658381175232,23.1132539302745));
#4521=CARTESIAN_POINT('Ctrl Pts',(-4.62488682024743,-15.6963035991151,22.6021601065321));
#4522=CARTESIAN_POINT('Ctrl Pts',(-13.1093033249133,-9.18598183783085,26.2993150388618));
#4523=CARTESIAN_POINT('Ctrl Pts',(-11.4950767369094,-10.4246214635194,25.5870808270825));
#4524=CARTESIAN_POINT('Ctrl Pts',(-9.03518965331119,-12.3121592101452,24.5042015742858));
#4525=CARTESIAN_POINT('Ctrl Pts',(-6.56664496258532,-14.2063401723713,23.430209151951));
#4526=CARTESIAN_POINT('Ctrl Pts',(-5.71730990227326,-14.8580578859855,23.0664716025802));
#4527=CARTESIAN_POINT('',(-12.8490470092342,-11.8774319649011,27.8411658987835));
#4528=CARTESIAN_POINT('Ctrl Pts',(-13.7752059077763,-11.1744488493724,28.2482194268219));
#4529=CARTESIAN_POINT('Ctrl Pts',(-13.4665220060212,-11.4089216491621,28.1124486391418));
#4530=CARTESIAN_POINT('Ctrl Pts',(-13.1578313895947,-11.643266439528,27.9767543453762));
#4531=CARTESIAN_POINT('Ctrl Pts',(-12.8490781681842,-11.8774625174084,27.8411483951084));
#4532=CARTESIAN_POINT('Ctrl Pts',(-12.8490470092466,-11.8774319648959,27.8411658987882));
#4533=CARTESIAN_POINT('Ctrl Pts',(-12.8389988416341,-11.8832332771719,27.8370740542313));
#4534=CARTESIAN_POINT('Ctrl Pts',(-12.8289511260159,-11.8890343284865,27.8329807008064));
#4535=CARTESIAN_POINT('Ctrl Pts',(-10.1393654509058,-13.4418673420442,26.7368134111879));
#4536=CARTESIAN_POINT('Ctrl Pts',(-7.30313015709716,-15.0793685523858,25.4605653861152));
#4537=CARTESIAN_POINT('Ctrl Pts',(-4.67887093494808,-16.5944853207169,24.1092525010657));
#4538=CARTESIAN_POINT('Ctrl Pts',(-4.12039586359905,-15.6322588097114,24.5510644944923));
#4539=CARTESIAN_POINT('Ctrl Pts',(-5.49897216216492,-15.0085450326877,25.0622188128515));
#4540=CARTESIAN_POINT('Ctrl Pts',(-8.77013039684894,-13.5954536676089,26.2932294997539));
#4541=CARTESIAN_POINT('Ctrl Pts',(-12.0460511138414,-12.2142060704088,27.5359852150427));
#4542=CARTESIAN_POINT('Ctrl Pts',(-13.9209276949847,-11.4268463885871,28.248219426822));
#4543=CARTESIAN_POINT('Ctrl Pts',(-4.35768229897802,-16.1546161535255,24.4932672001185));
#4544=CARTESIAN_POINT('Ctrl Pts',(-5.73696069836385,-15.5422905550218,25.0168453343532));
#4545=CARTESIAN_POINT('Ctrl Pts',(-9.00803888597391,-14.1413020727884,26.2617890590176));
#4546=CARTESIAN_POINT('Ctrl Pts',(-12.283926311123,-12.7649612129093,27.5102342625424));
#4547=CARTESIAN_POINT('Ctrl Pts',(-14.1586990002145,-11.9798344289672,28.2252147834817));
#4548=CARTESIAN_POINT('Ctrl Pts',(-4.88190691321335,-16.9638093033802,23.9709492276946));
#4549=CARTESIAN_POINT('Ctrl Pts',(-6.27363916479931,-16.3754439576455,24.5007667962027));
#4550=CARTESIAN_POINT('Ctrl Pts',(-9.5559472435999,-15.0024036079262,25.7538728587385));
#4551=CARTESIAN_POINT('Ctrl Pts',(-12.8361914947536,-13.6380152803068,27.0061803334672));
#4552=CARTESIAN_POINT('Ctrl Pts',(-14.7129220025511,-12.858105124651,27.7226074215054));
#4553=CARTESIAN_POINT('Ctrl Pts',(-5.30301860922529,-17.1428121573968,23.0123101484984));
#4554=CARTESIAN_POINT('Ctrl Pts',(-6.71045235720431,-16.5599337641572,23.5290085735773));
#4555=CARTESIAN_POINT('Ctrl Pts',(-10.0071138661734,-15.1943796599601,24.766620980564));
#4556=CARTESIAN_POINT('Ctrl Pts',(-13.2929701048301,-13.8332414731348,26.0122495993573));
#4557=CARTESIAN_POINT('Ctrl Pts',(-15.1721369374954,-13.0548894971624,26.7257291117251));
#4558=CARTESIAN_POINT('Ctrl Pts',(-5.42972706571978,-17.0903277962494,22.6021601065321));
#4559=CARTESIAN_POINT('Ctrl Pts',(-6.84200406381472,-16.5053435098109,23.1133144248914));
#4560=CARTESIAN_POINT('Ctrl Pts',(-10.1427788040737,-15.1381178460571,24.3443251117937));
#4561=CARTESIAN_POINT('Ctrl Pts',(-13.4302326741533,-13.7764098673942,25.5870808270825));
#4562=CARTESIAN_POINT('Ctrl Pts',(-15.3100393501355,-12.9977684475629,26.2993150388618));
#4563=CARTESIAN_POINT('',(-13.9209276949847,-11.4268463885871,28.248219426822));
#4564=CARTESIAN_POINT('Ctrl Pts',(-12.8490358549521,-11.8773886773061,27.8411479965968));
#4565=CARTESIAN_POINT('Ctrl Pts',(-13.2062332704949,-11.7270988457115,27.9767545279907));
#4566=CARTESIAN_POINT('Ctrl Pts',(-13.563527394578,-11.5769376477353,28.1124490386215));
#4567=CARTESIAN_POINT('Ctrl Pts',(-13.9209276949847,-11.4268463885871,28.248219426822));
#4568=CARTESIAN_POINT('',(-15.3100393501355,-12.9977684475629,26.2993150388618));
#4569=CARTESIAN_POINT('Origin',(-14.5192052643139,-11.0885260719853,26.2993150388618));
#4570=CARTESIAN_POINT('Ctrl Pts',(-6.70188161181541,-16.563384129822,23.0664686697755));
#4571=CARTESIAN_POINT('Ctrl Pts',(-7.69088578378168,-16.15372518855,23.4301767256759));
#4572=CARTESIAN_POINT('Ctrl Pts',(-10.5656499930166,-14.9629588644601,24.5041726893803));
#4573=CARTESIAN_POINT('Ctrl Pts',(-13.4301968658616,-13.7764246996743,25.5870672597883));
#4574=CARTESIAN_POINT('Ctrl Pts',(-15.3100393501355,-12.9977684475629,26.2993150388618));
#4575=CARTESIAN_POINT('Ctrl Pts',(-13.9209276949847,-11.4268463885871,28.2482194268219));
#4576=CARTESIAN_POINT('Ctrl Pts',(-15.5391280879438,-10.7117715549444,28.8691105025332));
#4577=CARTESIAN_POINT('Ctrl Pts',(-19.0344107345857,-9.19154062198988,29.3412416515236));
#4578=CARTESIAN_POINT('Ctrl Pts',(-23.2430024057959,-7.39243804562949,27.8827793017729));
#4579=CARTESIAN_POINT('Ctrl Pts',(-26.7490020802939,-5.90258350435307,25.0869573249892));
#4580=CARTESIAN_POINT('Ctrl Pts',(-28.278091770401,-5.25599285243576,22.7284945099007));
#4581=CARTESIAN_POINT('Ctrl Pts',(-28.944215801007,-4.97444978586853,20.9940294116002));
#4582=CARTESIAN_POINT('Ctrl Pts',(-14.1586990002145,-11.9798344289672,28.2252147834817));
#4583=CARTESIAN_POINT('Ctrl Pts',(-15.7741390782845,-11.2750193786369,28.8566544631215));
#4584=CARTESIAN_POINT('Ctrl Pts',(-19.2697491986248,-9.76853413944269,29.3498311221387));
#4585=CARTESIAN_POINT('Ctrl Pts',(-23.4934650884523,-7.97326647457446,27.9062443000696));
#4586=CARTESIAN_POINT('Ctrl Pts',(-27.0170534437693,-6.48275633187941,25.1118145649582));
#4587=CARTESIAN_POINT('Ctrl Pts',(-28.5533825275408,-5.83540775321,22.7496209735716));
#4588=CARTESIAN_POINT('Ctrl Pts',(-29.2237961749931,-5.55305343015685,21.0094120171199));
#4589=CARTESIAN_POINT('Ctrl Pts',(-14.7130208995251,-12.8577732856355,27.7219836227791));
#4590=CARTESIAN_POINT('Ctrl Pts',(-16.2683625854953,-12.2029427605734,28.3335964450364));
#4591=CARTESIAN_POINT('Ctrl Pts',(-19.6381917256123,-10.7896337034176,28.8202274210673));
#4592=CARTESIAN_POINT('Ctrl Pts',(-23.7113805381296,-9.08856270109988,27.4428068896922));
#4593=CARTESIAN_POINT('Ctrl Pts',(-27.1095791909922,-7.67151358220368,24.7634297409919));
#4594=CARTESIAN_POINT('Ctrl Pts',(-28.59387793298,-7.05335151619986,22.4917551324055));
#4595=CARTESIAN_POINT('Ctrl Pts',(-29.2403928175145,-6.78411854501971,20.8192910698353));
#4596=CARTESIAN_POINT('Ctrl Pts',(-15.1721369374954,-13.0548894971624,26.7257291117251));
#4597=CARTESIAN_POINT('Ctrl Pts',(-16.6042596580672,-12.4617869516236,27.2745311374431));
#4598=CARTESIAN_POINT('Ctrl Pts',(-19.6930912640071,-11.1822590596976,27.6983385680697));
#4599=CARTESIAN_POINT('Ctrl Pts',(-23.4073153916125,-9.64380183593838,26.4266538848152));
#4600=CARTESIAN_POINT('Ctrl Pts',(-26.5002641521846,-8.36268889471835,23.9775843197358));
#4601=CARTESIAN_POINT('Ctrl Pts',(-27.8491583251009,-7.80387833237041,21.907953359513));
#4602=CARTESIAN_POINT('Ctrl Pts',(-28.436601168778,-7.5605685149523,20.3855757216902));
#4603=CARTESIAN_POINT('Ctrl Pts',(-15.3100393501355,-12.9977684475629,26.2993150388618));
#4604=CARTESIAN_POINT('Ctrl Pts',(-16.6878820370399,-12.4270473198305,26.8213616474846));
#4605=CARTESIAN_POINT('Ctrl Pts',(-19.6536416536128,-11.1985894639076,27.2183305761704));
#4606=CARTESIAN_POINT('Ctrl Pts',(-23.2121847572022,-9.72459264811158,25.992052162329));
#4607=CARTESIAN_POINT('Ctrl Pts',(-26.1732759711442,-8.49806850787299,23.6413187754443));
#4608=CARTESIAN_POINT('Ctrl Pts',(-27.4635099698977,-7.96363608695445,21.6583179523617));
#4609=CARTESIAN_POINT('Ctrl Pts',(-28.0255332603407,-7.73083841768339,20.199975808685));
#4610=CARTESIAN_POINT('Ctrl Pts',(-15.3100393501355,-12.9977684475629,26.2993150388618));
#4611=CARTESIAN_POINT('Ctrl Pts',(-16.3432785750288,-12.5697867474362,26.6907958939538));
#4612=CARTESIAN_POINT('Ctrl Pts',(-18.5266272936582,-11.66541409679,27.1113774738015));
#4613=CARTESIAN_POINT('Ctrl Pts',(-22.1851481973174,-10.1500051202689,26.5313220918674));
#4614=CARTESIAN_POINT('Ctrl Pts',(-25.5030026975943,-8.77570478827359,24.4572026046531));
#4615=CARTESIAN_POINT('Ctrl Pts',(-27.1356708274125,-8.09943150604856,22.1428705786394));
#4616=CARTESIAN_POINT('Ctrl Pts',(-27.6811593475069,-7.87348276290661,20.9998352309427));
#4617=CARTESIAN_POINT('Ctrl Pts',(-13.9209276949847,-11.4268463885871,28.2482194268219));
#4618=CARTESIAN_POINT('Ctrl Pts',(-15.5391280879438,-10.7117715549444,28.8691105025332));
#4619=CARTESIAN_POINT('Ctrl Pts',(-19.0344107345857,-9.19154062198988,29.3412416515236));
#4620=CARTESIAN_POINT('Ctrl Pts',(-23.2430024057959,-7.39243804562949,27.8827793017729));
#4621=CARTESIAN_POINT('Ctrl Pts',(-26.7473927420309,-5.90326738345808,25.0882406745903));
#4622=CARTESIAN_POINT('Ctrl Pts',(-28.2757518042048,-5.2569823327797,22.7321027487244));
#4623=CARTESIAN_POINT('Ctrl Pts',(-28.9419211532406,-4.97541963935051,20.9999999800592));
#4624=CARTESIAN_POINT('Origin',(0.267025571327054,-19.4499999999989,16.0061852741483));
#4625=CARTESIAN_POINT('Origin',(0.2670255713273,-19.449999999999,28.248219426822));
#4626=CARTESIAN_POINT('Origin',(0.267025571327048,-19.4499999999989,26.3217617857081));
#4627=CARTESIAN_POINT('Ctrl Pts',(2.33632253283666,13.0844107337101,20.9965457743412));
#4628=CARTESIAN_POINT('Ctrl Pts',(2.24705159005045,12.3664960921278,22.7306192085543));
#4629=CARTESIAN_POINT('Ctrl Pts',(1.97453765172211,10.1714102865644,25.878692077774));
#4630=CARTESIAN_POINT('Ctrl Pts',(1.42006060511338,5.62755484243271,28.5241871179476));
#4631=CARTESIAN_POINT('Ctrl Pts',(0.868386133257995,0.955605300042282,29.214085140945));
#4632=CARTESIAN_POINT('Ctrl Pts',(0.555098104830996,-1.83227247344361,28.7138233886591));
#4633=CARTESIAN_POINT('Ctrl Pts',(0.412747358535498,-3.1512952379606,28.248219426822));
#4634=CARTESIAN_POINT('Ctrl Pts',(2.97719617911935,13.037227348858,21.0119351987289));
#4635=CARTESIAN_POINT('Ctrl Pts',(2.88648243750048,12.3151908571776,22.7517500862571));
#4636=CARTESIAN_POINT('Ctrl Pts',(2.60986946610298,10.1103792678231,25.904949993926));
#4637=CARTESIAN_POINT('Ctrl Pts',(2.04547783720665,5.54981081982451,28.5443985483784));
#4638=CARTESIAN_POINT('Ctrl Pts',(1.48127752435121,0.872074987635702,29.2142945605642));
#4639=CARTESIAN_POINT('Ctrl Pts',(1.15851347728478,-1.90849001950541,28.6987291050794));
#4640=CARTESIAN_POINT('Ctrl Pts',(1.01053470210848,-3.22187326753064,28.2252147834817));
#4641=CARTESIAN_POINT('Ctrl Pts',(4.05190001598364,12.4364133881734,20.821859457912));
#4642=CARTESIAN_POINT('Ctrl Pts',(3.96177229368251,11.7416446170046,22.4939441201749));
#4643=CARTESIAN_POINT('Ctrl Pts',(3.68626679550334,9.617249685962,25.5264315894328));
#4644=CARTESIAN_POINT('Ctrl Pts',(3.11976688089444,5.2308819583118,28.0545258473451));
#4645=CARTESIAN_POINT('Ctrl Pts',(2.54411132681598,0.739790386582407,28.6860392766057));
#4646=CARTESIAN_POINT('Ctrl Pts',(2.20610218428024,-1.92528932547927,28.1808887253024));
#4647=CARTESIAN_POINT('Ctrl Pts',(2.04819577659902,-3.18090130961511,27.7222424920203));
#4648=CARTESIAN_POINT('Ctrl Pts',(4.32216877940554,11.3518707004527,20.3877846619754));
#4649=CARTESIAN_POINT('Ctrl Pts',(4.23912945915742,10.721244646779,21.9098180125086));
#4650=CARTESIAN_POINT('Ctrl Pts',(3.98527921558461,8.79273057855541,24.6723856752676));
#4651=CARTESIAN_POINT('Ctrl Pts',(3.46023852812661,4.80458106576202,26.9876434864292));
#4652=CARTESIAN_POINT('Ctrl Pts',(2.92110474479785,0.709893319053448,27.5832357765567));
#4653=CARTESIAN_POINT('Ctrl Pts',(2.60007230948831,-1.72929261935207,27.1372737568882));
#4654=CARTESIAN_POINT('Ctrl Pts',(2.44827867027321,-2.88173780278413,26.7257291117251));
#4655=CARTESIAN_POINT('Ctrl Pts',(4.26409811388365,10.9107802039861,20.2020915721198));
#4656=CARTESIAN_POINT('Ctrl Pts',(4.18466609095997,10.3074340891815,21.6601044037537));
#4657=CARTESIAN_POINT('Ctrl Pts',(3.94179731947396,8.46266261931411,24.3070111308171));
#4658=CARTESIAN_POINT('Ctrl Pts',(3.43908226665561,4.64416268934028,26.5313492923363));
#4659=CARTESIAN_POINT('Ctrl Pts',(2.92220504529979,0.718090409452922,27.111417096965));
#4660=CARTESIAN_POINT('Ctrl Pts',(2.61373818433136,-1.62494801838741,26.6907958939538));
#4661=CARTESIAN_POINT('Ctrl Pts',(2.46776159654927,-2.73375028539487,26.2993150388618));
#4662=CARTESIAN_POINT('',(0.412747358535497,-3.1512952379606,28.248219426822));
#4663=CARTESIAN_POINT('Ctrl Pts',(2.3361446348416,13.0829800802358,20.9999999947599));
#4664=CARTESIAN_POINT('Ctrl Pts',(2.24687061811281,12.3650383662269,22.7327094895434));
#4665=CARTESIAN_POINT('Ctrl Pts',(1.97440376459978,10.1703131018686,25.8793308737715));
#4666=CARTESIAN_POINT('Ctrl Pts',(1.42006060511338,5.62755484243271,28.5241871179476));
#4667=CARTESIAN_POINT('Ctrl Pts',(0.868386133257995,0.955605300042282,29.214085140945));
#4668=CARTESIAN_POINT('Ctrl Pts',(0.555098104830996,-1.83227247344361,28.7138233886591));
#4669=CARTESIAN_POINT('Ctrl Pts',(0.412747358535498,-3.1512952379606,28.248219426822));
#4670=CARTESIAN_POINT('',(2.46776159654928,-2.73375028539488,26.2993150388618));
#4671=CARTESIAN_POINT('Origin',(0.41889215440654,-2.46401150610628,26.2993150388618));
#4672=CARTESIAN_POINT('Ctrl Pts',(4.21554567241026,10.5419877969816,20.9997785851274));
#4673=CARTESIAN_POINT('Ctrl Pts',(4.13849151518979,9.95670336537172,22.1418966872267));
#4674=CARTESIAN_POINT('Ctrl Pts',(3.97137132205029,8.68729947101294,23.8165166034973));
#4675=CARTESIAN_POINT('Ctrl Pts',(3.58418558953564,5.74633185087627,25.9921199366534));
#4676=CARTESIAN_POINT('Ctrl Pts',(3.08142765978746,1.92750623828639,27.2184439685335));
#4677=CARTESIAN_POINT('Ctrl Pts',(2.66242394490872,-1.25514295225086,26.8213616474846));
#4678=CARTESIAN_POINT('Ctrl Pts',(2.46776159654927,-2.73375028539487,26.2993150388618));
#4679=CARTESIAN_POINT('Ctrl Pts',(0.412747358535494,-3.15129523796062,28.248219426822));
#4680=CARTESIAN_POINT('Ctrl Pts',(0.157177686102879,-5.168704255838,27.5359716477485));
#4681=CARTESIAN_POINT('Ctrl Pts',(-0.284535025187119,-8.69636895215024,
26.2932373187728));
#4682=CARTESIAN_POINT('Ctrl Pts',(-0.696406043504226,-12.2359502037212,
25.0621583182347));
#4683=CARTESIAN_POINT('Ctrl Pts',(-0.845524567073117,-13.7415109851008,
24.5510644944923));
#4684=CARTESIAN_POINT('Ctrl Pts',(1.01053470210848,-3.22187326753066,28.2252147834817));
#4685=CARTESIAN_POINT('Ctrl Pts',(0.753083193567827,-5.23807584033115,27.5102206429338));
#4686=CARTESIAN_POINT('Ctrl Pts',(0.307120353178031,-8.76324201959211,26.2617575209103));
#4687=CARTESIAN_POINT('Ctrl Pts',(-0.115175802665293,-12.2967182448012,
25.0167833693898));
#4688=CARTESIAN_POINT('Ctrl Pts',(-0.27450661978725,-13.7971935759962,24.4932672001185));
#4689=CARTESIAN_POINT('Ctrl Pts',(2.04836201037398,-3.18109707388649,27.722734974925));
#4690=CARTESIAN_POINT('Ctrl Pts',(1.78541375515709,-5.19638683589143,27.0062942397227));
#4691=CARTESIAN_POINT('Ctrl Pts',(1.32689339165106,-8.7193679893345,25.7539892328904));
#4692=CARTESIAN_POINT('Ctrl Pts',(0.87479074264769,-12.2485659743293,24.5008090184762));
#4693=CARTESIAN_POINT('Ctrl Pts',(0.688486004561811,-13.7478466729205,23.9710541533624));
#4694=CARTESIAN_POINT('Ctrl Pts',(2.44827867027321,-2.88173780278416,26.7257291117251));
#4695=CARTESIAN_POINT('Ctrl Pts',(2.18276278052321,-4.89835841952562,26.0122360083414));
#4696=CARTESIAN_POINT('Ctrl Pts',(1.71860251729753,-8.42459720452929,24.7666283117067));
#4697=CARTESIAN_POINT('Ctrl Pts',(1.25287021363558,-11.9624724856503,23.5289474228209));
#4698=CARTESIAN_POINT('Ctrl Pts',(1.05396437860718,-13.4726063181378,23.0123101484984));
#4699=CARTESIAN_POINT('Ctrl Pts',(2.46776159654926,-2.73375028539489,26.2993150388618));
#4700=CARTESIAN_POINT('Ctrl Pts',(2.20217644955636,-4.75106975794496,25.5870672597883));
#4701=CARTESIAN_POINT('Ctrl Pts',(1.73771754034135,-8.27898542780666,24.3443329308127));
#4702=CARTESIAN_POINT('Ctrl Pts',(1.27136944912075,-11.8212508596571,23.1132539302745));
#4703=CARTESIAN_POINT('Ctrl Pts',(1.0718658167994,-13.3366313953656,22.6021601065321));
#4704=CARTESIAN_POINT('Ctrl Pts',(2.46776159654928,-2.73375028539487,26.2993150388618));
#4705=CARTESIAN_POINT('Ctrl Pts',(2.20218150857087,-4.75103133091474,25.5870808270825));
#4706=CARTESIAN_POINT('Ctrl Pts',(1.79746947231883,-7.82512444474551,24.5042011462558));
#4707=CARTESIAN_POINT('Ctrl Pts',(1.39133293716306,-10.9100377019828,23.4302090353307));
#4708=CARTESIAN_POINT('Ctrl Pts',(1.25159636050148,-11.9714423788582,23.0664715456363));
#4709=CARTESIAN_POINT('',(0.267025571327053,-4.30486392980342,27.8411658987835));
#4710=CARTESIAN_POINT('Ctrl Pts',(0.412747358535494,-3.15129523796062,28.248219426822));
#4711=CARTESIAN_POINT('Ctrl Pts',(0.364029891397147,-3.53585987193127,28.112448592039));
#4712=CARTESIAN_POINT('Ctrl Pts',(0.31542733715863,-3.92036634394584,27.9767545694982));
#4713=CARTESIAN_POINT('Ctrl Pts',(0.266985286071199,-4.30485269362057,27.8411490787868));
#4714=CARTESIAN_POINT('Ctrl Pts',(0.267025571325377,-4.3048639297901,27.8411658987882));
#4715=CARTESIAN_POINT('Ctrl Pts',(0.267025571325377,-4.31646655434204,27.8370740542313));
#4716=CARTESIAN_POINT('Ctrl Pts',(0.267025571327362,-4.32806865697467,27.8329807008064));
#4717=CARTESIAN_POINT('Ctrl Pts',(0.267025571306263,-7.43373468405355,26.7368134111879));
#4718=CARTESIAN_POINT('Ctrl Pts',(0.267025571327053,-10.7087371047727,25.4605653861152));
#4719=CARTESIAN_POINT('Ctrl Pts',(0.267025571327053,-13.7389706414349,24.1092525010657));
#4720=CARTESIAN_POINT('Ctrl Pts',(1.37957570972722,-13.7415109851008,24.5510644944923));
#4721=CARTESIAN_POINT('Ctrl Pts',(1.23043953603711,-12.2357720009758,25.0622188128515));
#4722=CARTESIAN_POINT('Ctrl Pts',(0.818581309544227,-8.69631731445571,26.2932547869473));
#4723=CARTESIAN_POINT('Ctrl Pts',(0.376868588317091,-5.16866582710207,27.5359852150427));
#4724=CARTESIAN_POINT('Ctrl Pts',(0.121303784118615,-3.1512952379606,28.248219426822));
#4725=CARTESIAN_POINT('Ctrl Pts',(0.808557762441356,-13.7971935759962,24.4932672001185));
#4726=CARTESIAN_POINT('Ctrl Pts',(0.649208086440109,-12.2965406439851,25.0168453343532));
#4727=CARTESIAN_POINT('Ctrl Pts',(0.226925147846002,-8.76319128210187,26.2617771329289));
#4728=CARTESIAN_POINT('Ctrl Pts',(-0.219036954994123,-5.23803743457625,
27.5102342625424));
#4729=CARTESIAN_POINT('Ctrl Pts',(-0.476483559454372,-3.22187326753064,
28.2252147834817));
#4730=CARTESIAN_POINT('Ctrl Pts',(-0.154430558777188,-13.7478445602928,
23.9710495691853));
#4731=CARTESIAN_POINT('Ctrl Pts',(-0.340757348457542,-12.248386402286,24.5008671376934));
#4732=CARTESIAN_POINT('Ctrl Pts',(-0.792843876029399,-8.71931340479351,
25.7540015707161));
#4733=CARTESIAN_POINT('Ctrl Pts',(-1.25136276852567,-5.19634584108507,27.0063023141087));
#4734=CARTESIAN_POINT('Ctrl Pts',(-1.51430601495705,-3.18109446744728,27.7227294021469));
#4735=CARTESIAN_POINT('Ctrl Pts',(-0.519913235953074,-13.4726063181378,
23.0123101484984));
#4736=CARTESIAN_POINT('Ctrl Pts',(-0.718842614080041,-11.9622937416246,
23.5290085735773));
#4737=CARTESIAN_POINT('Ctrl Pts',(-1.18455883083771,-8.42454431697827,24.766645655861));
#4738=CARTESIAN_POINT('Ctrl Pts',(-1.64871669556436,-4.89832000580759,26.0122495993573));
#4739=CARTESIAN_POINT('Ctrl Pts',(-1.9142275276191,-2.88173780278413,26.7257291117251));
#4740=CARTESIAN_POINT('Ctrl Pts',(-0.537814674145292,-13.3366313953656,
22.6021601065321));
#4741=CARTESIAN_POINT('Ctrl Pts',(-0.73734192032232,-11.8210714946157,23.1133144248914));
#4742=CARTESIAN_POINT('Ctrl Pts',(-1.2036734055814,-8.27893219756578,24.3443503989871));
#4743=CARTESIAN_POINT('Ctrl Pts',(-1.66813036591675,-4.75103133091473,25.5870808270826));
#4744=CARTESIAN_POINT('Ctrl Pts',(-1.93371045389515,-2.73375028539487,26.2993150388618));
#4745=CARTESIAN_POINT('',(0.121303784118609,-3.1512952379606,28.248219426822));
#4746=CARTESIAN_POINT('Ctrl Pts',(0.2670659422957,-4.30485267114212,27.8411490470402));
#4747=CARTESIAN_POINT('Ctrl Pts',(0.218623732643271,-3.92036552101037,27.9767548460616));
#4748=CARTESIAN_POINT('Ctrl Pts',(0.170021128174561,-3.53585890034669,28.1124489350577));
#4749=CARTESIAN_POINT('Ctrl Pts',(0.121303784118615,-3.1512952379606,28.248219426822));
#4750=CARTESIAN_POINT('Origin',(0.11515898824757,-2.46401150610629,26.2993150388618));
#4751=CARTESIAN_POINT('Ctrl Pts',(0.121303784118614,-3.15129523796059,28.248219426822));
#4752=CARTESIAN_POINT('Ctrl Pts',(-0.0685234408194343,-1.39235517242269,
28.8691105025332));
#4753=CARTESIAN_POINT('Ctrl Pts',(-0.499599159870652,2.39475846301257,29.3414176337732));
#4754=CARTESIAN_POINT('Ctrl Pts',(-1.0458402694266,6.93911774912299,27.8828831896067));
#4755=CARTESIAN_POINT('Ctrl Pts',(-1.50859464491324,10.7203804074177,25.0870997810265));
#4756=CARTESIAN_POINT('Ctrl Pts',(-1.71316232824943,12.3678003457269,22.7284945099007));
#4757=CARTESIAN_POINT('Ctrl Pts',(-1.80240089564583,13.0854522115866,20.9940294116002));
#4758=CARTESIAN_POINT('Ctrl Pts',(-0.476483559454374,-3.22187326753063,
28.2252147834817));
#4759=CARTESIAN_POINT('Ctrl Pts',(-0.673815859933757,-1.47045359646541,
28.8566544631215));
#4760=CARTESIAN_POINT('Ctrl Pts',(-1.11695478729162,2.31008589562218,29.3497609452712));
#4761=CARTESIAN_POINT('Ctrl Pts',(-1.67407890418839,6.86560227812364,27.9061683930189));
#4762=CARTESIAN_POINT('Ctrl Pts',(-2.14505005140389,10.6623576637643,25.1117651862432));
#4763=CARTESIAN_POINT('Ctrl Pts',(-2.35259573022103,12.3165016844499,22.7496209735717));
#4764=CARTESIAN_POINT('Ctrl Pts',(-2.44327653731484,13.038274095714,21.0094120171199));
#4765=CARTESIAN_POINT('Ctrl Pts',(-1.51415110496884,-3.18090539747991,27.7222516572597));
#4766=CARTESIAN_POINT('Ctrl Pts',(-1.72472207807663,-1.50652472333373,28.333864479517));
#4767=CARTESIAN_POINT('Ctrl Pts',(-2.18571081920241,2.11860985473576,28.8207688611735));
#4768=CARTESIAN_POINT('Ctrl Pts',(-2.74916556122208,6.49681916124969,27.4432094110465));
#4769=CARTESIAN_POINT('Ctrl Pts',(-3.22108575671972,10.1483901153757,24.7638695523894));
#4770=CARTESIAN_POINT('Ctrl Pts',(-3.42789439874157,11.7429175078918,22.4919017895821));
#4771=CARTESIAN_POINT('Ctrl Pts',(-3.51798924843042,12.4374323074135,20.8194377270119));
#4772=CARTESIAN_POINT('Ctrl Pts',(-1.9142275276191,-2.88173780278413,26.7257291117251));
#4773=CARTESIAN_POINT('Ctrl Pts',(-2.11664701641921,-1.34493187266271,27.2745311374431));
#4774=CARTESIAN_POINT('Ctrl Pts',(-2.55294647273028,1.96982906341879,27.6985412271697));
#4775=CARTESIAN_POINT('Ctrl Pts',(-3.0777281174899,5.95573061453234,26.4267791188649));
#4776=CARTESIAN_POINT('Ctrl Pts',(-3.5147302418514,9.27491648898201,23.9777458688149));
#4777=CARTESIAN_POINT('Ctrl Pts',(-3.70522915715626,10.7223903455969,21.907953359513));
#4778=CARTESIAN_POINT('Ctrl Pts',(-3.78823809612062,11.3527856802017,20.3855757216902));
#4779=CARTESIAN_POINT('Ctrl Pts',(-1.93371045389516,-2.73375028539486,26.2993150388618));
#4780=CARTESIAN_POINT('Ctrl Pts',(-2.1283728022546,-1.25514295225086,26.8213616474846));
#4781=CARTESIAN_POINT('Ctrl Pts',(-2.54737618363843,1.92750370514114,27.2184785424405));
#4782=CARTESIAN_POINT('Ctrl Pts',(-3.05013584771134,5.74634249123528,25.9921395114525));
#4783=CARTESIAN_POINT('Ctrl Pts',(-3.46848598659105,8.92402727918999,23.6414385527999));
#4784=CARTESIAN_POINT('Ctrl Pts',(-3.650759253476,10.3085301957712,21.6583179523617));
#4785=CARTESIAN_POINT('Ctrl Pts',(-3.73016220316697,10.9116554774489,20.199975808685));
#4786=CARTESIAN_POINT('Ctrl Pts',(0.121303784118614,-3.15129523796059,28.248219426822));
#4787=CARTESIAN_POINT('Ctrl Pts',(-0.0685234408194343,-1.39235517242269,
28.8691105025332));
#4788=CARTESIAN_POINT('Ctrl Pts',(-0.499599159870652,2.39475846301257,29.3414176337732));
#4789=CARTESIAN_POINT('Ctrl Pts',(-1.0458402694266,6.93911774912299,27.8828831896067));
#4790=CARTESIAN_POINT('Ctrl Pts',(-1.50838222951336,10.7186447168178,25.0883831129239));
#4791=CARTESIAN_POINT('Ctrl Pts',(-1.71284928050068,12.3652792973468,22.7321029665967));
#4792=CARTESIAN_POINT('Ctrl Pts',(-1.80209348955078,13.0829800618659,20.9999999804341));
#4793=CARTESIAN_POINT('Origin',(0.267025571327055,-19.4499999999989,16.0061852741483));
#4794=CARTESIAN_POINT('Origin',(0.26702557132704,-19.4499999999992,28.248219426822));
#4795=CARTESIAN_POINT('Origin',(0.267025571327049,-19.4499999999989,26.3217617857081));
#4796=CARTESIAN_POINT('Ctrl Pts',(10.6863380677825,11.4402541071754,20.9965457743412));
#4797=CARTESIAN_POINT('Ctrl Pts',(10.4142989766086,10.7699068339673,22.7306192085543));
#4798=CARTESIAN_POINT('Ctrl Pts',(9.58293444888641,8.7201336170024,25.8786847125385));
#4799=CARTESIAN_POINT('Ctrl Pts',(7.87132033525098,4.47462949117638,28.5241835656781));
#4800=CARTESIAN_POINT('Ctrl Pts',(6.12925398388292,0.104655542642663,29.2140794186954));
#4801=CARTESIAN_POINT('Ctrl Pts',(5.10508568658247,-2.50714063961708,28.7138233886591));
#4802=CARTESIAN_POINT('Ctrl Pts',(4.62619721196335,-3.74437570910141,28.248219426822));
#4803=CARTESIAN_POINT('Ctrl Pts',(11.2931625155028,11.2288081520128,21.011935198729));
#4804=CARTESIAN_POINT('Ctrl Pts',(11.0186629743679,10.554852901159,22.7517500862571));
#4805=CARTESIAN_POINT('Ctrl Pts',(10.1808257734963,8.49675433530132,25.9049709193674));
#4806=CARTESIAN_POINT('Ctrl Pts',(8.45530603443935,4.23766490071493,28.5444160644842));
#4807=CARTESIAN_POINT('Ctrl Pts',(6.69963976098935,-0.134664377275547,29.2143114870495));
#4808=CARTESIAN_POINT('Ctrl Pts',(5.66821362632365,-2.73693652627322,28.6987291050794));
#4809=CARTESIAN_POINT('Ctrl Pts',(5.1853485075307,-3.96726760006964,28.2252147834817));
#4810=CARTESIAN_POINT('Ctrl Pts',(12.1756239778524,10.3702326762418,20.8218093661175));
#4811=CARTESIAN_POINT('Ctrl Pts',(11.9087478932962,9.72246434789403,22.4938940283804));
#4812=CARTESIAN_POINT('Ctrl Pts',(11.0928067610828,7.74178491493594,25.5263204475758));
#4813=CARTESIAN_POINT('Ctrl Pts',(9.41035782750057,3.65154944126669,28.0544171653868));
#4814=CARTESIAN_POINT('Ctrl Pts',(7.69195222162916,-0.53749095837357,28.6859203097831));
#4815=CARTESIAN_POINT('Ctrl Pts',(6.67570679244827,-3.02424317573954,28.1807972214549));
#4816=CARTESIAN_POINT('Ctrl Pts',(6.19820462037913,-4.19620203336279,27.7221509881729));
#4817=CARTESIAN_POINT('Ctrl Pts',(12.156103887373,9.25277411471496,20.3877846619754));
#4818=CARTESIAN_POINT('Ctrl Pts',(11.9126760303192,8.66512828031342,21.9098180125086));
#4819=CARTESIAN_POINT('Ctrl Pts',(11.16833426854,6.86801279535409,24.6723740681451));
#4820=CARTESIAN_POINT('Ctrl Pts',(9.62898042136881,3.15166064346469,26.9876365111944));
#4821=CARTESIAN_POINT('Ctrl Pts',(8.04843410887592,-0.663965180625143,27.5832265389431));
#4822=CARTESIAN_POINT('Ctrl Pts',(7.10703223245669,-2.93694800987127,27.1372737568882));
#4823=CARTESIAN_POINT('Ctrl Pts',(6.66213607416354,-4.01083749117646,26.7257291117251));
#4824=CARTESIAN_POINT('Ctrl Pts',(11.9858493106963,8.84174320664606,20.2020915721198));
#4825=CARTESIAN_POINT('Ctrl Pts',(11.7529664030199,8.27951413248881,21.6601044037537));
#4826=CARTESIAN_POINT('Ctrl Pts',(11.0409059824509,6.560448207922,24.3070049381106));
#4827=CARTESIAN_POINT('Ctrl Pts',(9.56702490711749,3.00218452652711,26.5313463055801));
#4828=CARTESIAN_POINT('Ctrl Pts',(8.0516172186744,-0.656333267436649,27.1114122856847));
#4829=CARTESIAN_POINT('Ctrl Pts',(7.14723882388971,-2.83969585364305,26.6907958939538));
#4830=CARTESIAN_POINT('Ctrl Pts',(6.71925712376304,-3.87293507853634,26.2993150388618));
#4831=CARTESIAN_POINT('',(4.62619721196335,-3.74437570910141,28.248219426822));
#4832=CARTESIAN_POINT('Ctrl Pts',(10.6857959511443,11.4389182454154,20.999999994755));
#4833=CARTESIAN_POINT('Ctrl Pts',(10.4137468797558,10.7685456079358,22.7327094846538));
#4834=CARTESIAN_POINT('Ctrl Pts',(9.58252115298964,8.71910847388108,25.8793235094567));
#4835=CARTESIAN_POINT('Ctrl Pts',(7.87132033525098,4.47462949117638,28.5241835656781));
#4836=CARTESIAN_POINT('Ctrl Pts',(6.12925398388292,0.104655542642663,29.2140794186954));
#4837=CARTESIAN_POINT('Ctrl Pts',(5.10508568658247,-2.50714063961708,28.7138233886591));
#4838=CARTESIAN_POINT('Ctrl Pts',(4.62619721196335,-3.74437570910141,28.248219426822));
#4839=CARTESIAN_POINT('Origin',(4.8100147481855,-3.08210099271469,26.2993150388618));
#4840=CARTESIAN_POINT('Ctrl Pts',(4.62619721196334,-3.74437570910143,28.248219426822));
#4841=CARTESIAN_POINT('Ctrl Pts',(3.8571919893562,-5.62689688308148,27.5359716477485));
#4842=CARTESIAN_POINT('Ctrl Pts',(2.51752868523591,-8.92004350324004,26.2932493858559));
#4843=CARTESIAN_POINT('Ctrl Pts',(1.20355557229277,-12.2324085390667,25.0621583182347));
#4844=CARTESIAN_POINT('Ctrl Pts',(0.669850335419016,-13.6480738669719,24.5510644944923));
#4845=CARTESIAN_POINT('Ctrl Pts',(5.18534850753069,-3.96726760006966,28.2252147834817));
#4846=CARTESIAN_POINT('Ctrl Pts',(4.41483782178873,-5.84813638256742,27.5102206429339));
#4847=CARTESIAN_POINT('Ctrl Pts',(3.07170966949269,-9.13775975560493,26.2617505246483));
#4848=CARTESIAN_POINT('Ctrl Pts',(1.74925294657424,-12.4415394152774,25.0167833693898));
#4849=CARTESIAN_POINT('Ctrl Pts',(1.20699960297262,-13.8496494394454,24.4932672001185));
#4850=CARTESIAN_POINT('Ctrl Pts',(6.19836112600727,-4.1964853693195,27.7227277016354));
#4851=CARTESIAN_POINT('Ctrl Pts',(5.42277724350861,-6.0750497815694,27.0062869664331));
#4852=CARTESIAN_POINT('Ctrl Pts',(4.06807165652561,-9.35932081781569,25.7539904322168));
#4853=CARTESIAN_POINT('Ctrl Pts',(2.71794521330964,-12.651245972657,24.5008030354553));
#4854=CARTESIAN_POINT('Ctrl Pts',(2.14994625648247,-14.0512207058735,23.9710481703416));
#4855=CARTESIAN_POINT('Ctrl Pts',(6.66213607416353,-4.01083749117648,26.7257291117251));
#4856=CARTESIAN_POINT('Ctrl Pts',(5.8837275966048,-5.89002285766941,26.0122360083414));
#4857=CARTESIAN_POINT('Ctrl Pts',(4.52271685796677,-9.17598548838062,24.7666400617171));
#4858=CARTESIAN_POINT('Ctrl Pts',(3.15719309348413,-12.4727591677813,23.5289474228209));
#4859=CARTESIAN_POINT('Ctrl Pts',(2.57421341392917,-13.8799558194466,23.0123101484984));
#4860=CARTESIAN_POINT('Ctrl Pts',(6.71925712376304,-3.87293507853636,26.2993150388618));
#4861=CARTESIAN_POINT('Ctrl Pts',(5.94060087165168,-5.7527775628102,25.5870672597883));
#4862=CARTESIAN_POINT('Ctrl Pts',(4.57886968229334,-9.04028746846552,24.3443449978957));
#4863=CARTESIAN_POINT('Ctrl Pts',(3.21161282919325,-12.3411375064673,23.1132539302745));
#4864=CARTESIAN_POINT('Ctrl Pts',(2.62669777507655,-13.7532473629521,22.6021601065321));
#4865=CARTESIAN_POINT('',(4.1868752269628,-4.82092192713496,27.8411658987835));
#4866=CARTESIAN_POINT('Ctrl Pts',(4.62619721196334,-3.74437570910143,28.248219426822));
#4867=CARTESIAN_POINT('Ctrl Pts',(4.47960706088196,-4.10322771061589,28.1124485549574));
#4868=CARTESIAN_POINT('Ctrl Pts',(4.33314348429236,-4.46205343653519,27.9767547459389));
#4869=CARTESIAN_POINT('Ctrl Pts',(4.18684045974157,-4.82090136342791,27.8411496170144));
#4870=CARTESIAN_POINT('Ctrl Pts',(4.18687522696462,-4.82092192712166,27.8411658987882));
#4871=CARTESIAN_POINT('Ctrl Pts',(4.1838722467574,-4.83212920182912,27.8370740542313));
#4872=CARTESIAN_POINT('Ctrl Pts',(4.18086940163477,-4.84333597240175,27.8329807008064));
#4873=CARTESIAN_POINT('Ctrl Pts',(3.37706388607849,-7.84317899578034,26.7368134111879));
#4874=CARTESIAN_POINT('Ctrl Pts',(2.52943088685959,-11.0065884151175,25.4605653861152));
#4875=CARTESIAN_POINT('Ctrl Pts',(1.74514873646303,-13.9335692478669,24.1092525010657));
#4876=CARTESIAN_POINT('Ctrl Pts',(2.81913215886341,-14.2239721958708,24.5510644944923));
#4877=CARTESIAN_POINT('Ctrl Pts',(3.06479160310708,-12.7309407413895,25.0622188128515));
#4878=CARTESIAN_POINT('Ctrl Pts',(3.58305596586103,-9.20549676447707,26.293249394886));
#4879=CARTESIAN_POINT('Ctrl Pts',(4.06940705169439,-5.68371995330177,27.5359852150427));
#4880=CARTESIAN_POINT('Ctrl Pts',(4.34468433652808,-3.66894456146957,28.248219426822));
#4881=CARTESIAN_POINT('Ctrl Pts',(2.25315946130104,-14.1299671286384,24.4932672001185));
#4882=CARTESIAN_POINT('Ctrl Pts',(2.48763705273405,-12.6392049743324,25.0168453343532));
#4883=CARTESIAN_POINT('Ctrl Pts',(2.99424745731834,-9.11696243427473,26.2617796759633));
#4884=CARTESIAN_POINT('Ctrl Pts',(3.47585180417758,-5.59649607688116,27.5102342625424));
#4885=CARTESIAN_POINT('Ctrl Pts',(3.74899916452366,-3.58239895356193,28.2252147834817));
#4886=CARTESIAN_POINT('Ctrl Pts',(1.33577277961861,-13.833056740702,23.9710338349503));
#4887=CARTESIAN_POINT('Ctrl Pts',(1.54388324996335,-12.3364664586612,24.5008514034584));
#4888=CARTESIAN_POINT('Ctrl Pts',(2.02059682002412,-8.81063449147364,25.7539803504343));
#4889=CARTESIAN_POINT('Ctrl Pts',(2.48951062212662,-5.28903517838063,27.0062831867061));
#4890=CARTESIAN_POINT('Ctrl Pts',(2.75711238571674,-3.27439711016184,27.7227102747444));
#4891=CARTESIAN_POINT('Ctrl Pts',(1.05396437860718,-13.4726063181378,23.0123101484984));
#4892=CARTESIAN_POINT('Ctrl Pts',(1.25271101352619,-11.9622696830249,23.5290085735773));
#4893=CARTESIAN_POINT('Ctrl Pts',(1.71849967878066,-8.42452519962876,24.7666403942761));
#4894=CARTESIAN_POINT('Ctrl Pts',(2.18281255995712,-4.89832589353619,26.0122495993573));
#4895=CARTESIAN_POINT('Ctrl Pts',(2.44827867027322,-2.88173780278414,26.7257291117251));
#4896=CARTESIAN_POINT('Ctrl Pts',(1.0718658167994,-13.3366313953656,22.6021601065321));
#4897=CARTESIAN_POINT('Ctrl Pts',(1.27139306297643,-11.8210714946157,23.1133144248913));
#4898=CARTESIAN_POINT('Ctrl Pts',(1.7377253430299,-8.27892616050309,24.3443450069258));
#4899=CARTESIAN_POINT('Ctrl Pts',(2.20218150857087,-4.75103133091474,25.5870808270825));
#4900=CARTESIAN_POINT('Ctrl Pts',(2.46776159654928,-2.73375028539487,26.2993150388618));
#4901=CARTESIAN_POINT('',(4.34468433652808,-3.66894456146957,28.248219426822));
#4902=CARTESIAN_POINT('Ctrl Pts',(4.1869177312493,-4.82092150019924,27.8411488230508));
#4903=CARTESIAN_POINT('Ctrl Pts',(4.23963838870376,-4.43699761336089,27.9767547782383));
#4904=CARTESIAN_POINT('Ctrl Pts',(4.29220928599515,-4.05301344881996,28.1124489571409));
#4905=CARTESIAN_POINT('Ctrl Pts',(4.34468433652808,-3.66894456146957,28.248219426822));
#4906=CARTESIAN_POINT('Origin',(4.516631038692,-3.00348906468346,26.2993150388618));
#4907=CARTESIAN_POINT('Ctrl Pts',(4.34468433652808,-3.66894456146956,28.248219426822));
#4908=CARTESIAN_POINT('Ctrl Pts',(4.61657250558272,-1.92080802417898,28.8691105025332));
#4909=CARTESIAN_POINT('Ctrl Pts',(5.18036134141819,1.84883660376264,29.341376513632));
#4910=CARTESIAN_POINT('Ctrl Pts',(5.82889906534547,6.37971233872143,27.882859908509));
#4911=CARTESIAN_POINT('Ctrl Pts',(6.3605737311146,10.1518887237844,25.0870670763774));
#4912=CARTESIAN_POINT('Ctrl Pts',(6.58936364096444,11.7961454309388,22.7284945099007));
#4913=CARTESIAN_POINT('Ctrl Pts',(6.68890777465307,12.5124405432571,20.9940294116002));
#4914=CARTESIAN_POINT('Ctrl Pts',(3.74899916452366,-3.58239895356192,28.2252147834817));
#4915=CARTESIAN_POINT('Ctrl Pts',(4.01169156596847,-1.83958410303135,28.8566544631215));
#4916=CARTESIAN_POINT('Ctrl Pts',(4.56212466692535,1.92682877193288,29.3497767762482));
#4917=CARTESIAN_POINT('Ctrl Pts',(5.20303929428432,6.47130354919086,27.9061863881962));
#4918=CARTESIAN_POINT('Ctrl Pts',(5.73078903954857,10.2605887499128,25.1117757861866));
#4919=CARTESIAN_POINT('Ctrl Pts',(5.95844133328143,11.9120922716622,22.7496209735717));
#4920=CARTESIAN_POINT('Ctrl Pts',(6.05765884602551,12.6327408043063,21.0094120171199));
#4921=CARTESIAN_POINT('Ctrl Pts',(2.75734041416204,-3.27424401507146,27.7221916312526));
#4922=CARTESIAN_POINT('Ctrl Pts',(2.98730608019104,-1.6024167006883,28.3338044535099));
#4923=CARTESIAN_POINT('Ctrl Pts',(3.48028008616101,2.01848056629881,28.8206433349653));
#4924=CARTESIAN_POINT('Ctrl Pts',(4.06918392780169,6.39329378476425,27.44311752654));
#4925=CARTESIAN_POINT('Ctrl Pts',(4.55843756827388,10.0425530093379,24.7637685735794));
#4926=CARTESIAN_POINT('Ctrl Pts',(4.77137038374508,11.63627529052,22.4918689458796));
#4927=CARTESIAN_POINT('Ctrl Pts',(4.86409909883676,12.3304433350831,20.8194048833095));
#4928=CARTESIAN_POINT('Ctrl Pts',(2.44827867027322,-2.88173780278414,26.7257291117251));
#4929=CARTESIAN_POINT('Ctrl Pts',(2.65051110163888,-1.34490724608427,27.2745311374431));
#4930=CARTESIAN_POINT('Ctrl Pts',(3.08699936873974,1.96983298668996,27.698493960072));
#4931=CARTESIAN_POINT('Ctrl Pts',(3.61172555488043,5.95572606399464,26.4267508802046));
#4932=CARTESIAN_POINT('Ctrl Pts',(4.04867973304613,9.27490384131357,23.9777089235975));
#4933=CARTESIAN_POINT('Ctrl Pts',(4.23931139819377,10.722386251417,21.907953359513));
#4934=CARTESIAN_POINT('Ctrl Pts',(4.32228923877476,11.3527856802017,20.3855757216902));
#4935=CARTESIAN_POINT('Ctrl Pts',(2.46776159654927,-2.73375028539487,26.2993150388618));
#4936=CARTESIAN_POINT('Ctrl Pts',(2.66242394490872,-1.25514295225086,26.8213616474846));
#4937=CARTESIAN_POINT('Ctrl Pts',(3.08142765978746,1.92750623828639,27.2184439685335));
#4938=CARTESIAN_POINT('Ctrl Pts',(3.58418558953564,5.74633185087627,25.9921199366534));
#4939=CARTESIAN_POINT('Ctrl Pts',(4.00253434205565,8.92400610838357,23.6414110546576));
#4940=CARTESIAN_POINT('Ctrl Pts',(4.18481039613014,10.3085301957712,21.6583179523617));
#4941=CARTESIAN_POINT('Ctrl Pts',(4.26421334582112,10.9116554774489,20.199975808685));
#4942=CARTESIAN_POINT('Ctrl Pts',(4.34468433652808,-3.66894456146956,28.248219426822));
#4943=CARTESIAN_POINT('Ctrl Pts',(4.61657250558272,-1.92080802417898,28.8691105025332));
#4944=CARTESIAN_POINT('Ctrl Pts',(5.18036134141819,1.84883660376264,29.341376513632));
#4945=CARTESIAN_POINT('Ctrl Pts',(5.82889906534547,6.37971233872143,27.882859908509));
#4946=CARTESIAN_POINT('Ctrl Pts',(6.36032967964212,10.1501572040026,25.0883504126004));
#4947=CARTESIAN_POINT('Ctrl Pts',(6.58901352123925,11.7936292238957,22.7321029165784));
#4948=CARTESIAN_POINT('Ctrl Pts',(6.68856486670026,12.509973067377,20.9999999803481));
#4949=CARTESIAN_POINT('Origin',(0.267025571327053,-19.4499999999989,16.0061852741483));
#4950=CARTESIAN_POINT('Origin',(0.267025571326962,-19.4499999999992,28.248219426822));
#4951=CARTESIAN_POINT('Origin',(0.267025571327046,-19.4499999999989,26.3217617857081));
#4952=CARTESIAN_POINT('Ctrl Pts',(31.1572796785014,-29.8693124964543,20.9965457743412));
#4953=CARTESIAN_POINT('Ctrl Pts',(30.4869324052932,-29.5972734052804,22.7306192085543));
#4954=CARTESIAN_POINT('Ctrl Pts',(28.4365714361947,-28.7656568874329,25.8787981801372));
#4955=CARTESIAN_POINT('Ctrl Pts',(24.5776076956433,-27.2099161896304,28.2821682062418));
#4956=CARTESIAN_POINT('Ctrl Pts',(20.2802967306198,-25.4942895475732,29.219822692987));
#4957=CARTESIAN_POINT('Ctrl Pts',(17.622296621537,-24.447689606794,28.8690247092715));
#4958=CARTESIAN_POINT('Ctrl Pts',(15.9726498622245,-23.8091716406352,28.248219426822));
#4959=CARTESIAN_POINT('Ctrl Pts',(30.9458337233387,-30.4761369441746,21.011935198729));
#4960=CARTESIAN_POINT('Ctrl Pts',(30.2718784724849,-30.2016374030398,22.7517500862572));
#4961=CARTESIAN_POINT('Ctrl Pts',(28.2132759624928,-29.3635963306566,25.9058289281442));
#4962=CARTESIAN_POINT('Ctrl Pts',(24.3423609367276,-27.7953932717529,28.303453541055));
#4963=CARTESIAN_POINT('Ctrl Pts',(20.040388887097,-26.0659168190042,29.2232122261065));
#4964=CARTESIAN_POINT('Ctrl Pts',(17.3901994029848,-25.0121430945931,28.8565672122787));
#4965=CARTESIAN_POINT('Ctrl Pts',(15.7497579712563,-24.3683229362025,28.2252147834817));
#4966=CARTESIAN_POINT('Ctrl Pts',(30.0869797941684,-31.3581781715364,20.8216348682412));
#4967=CARTESIAN_POINT('Ctrl Pts',(29.4392114658207,-31.0913020869802,22.4937195305041));
#4968=CARTESIAN_POINT('Ctrl Pts',(27.4580649486902,-30.2751633667275,25.5259966621066));
#4969=CARTESIAN_POINT('Ctrl Pts',(23.7403543914051,-28.7459584227814,27.8226287180006));
#4970=CARTESIAN_POINT('Ctrl Pts',(19.6184470228751,-27.0545091407743,28.6950038599794));
#4971=CARTESIAN_POINT('Ctrl Pts',(17.0836309252047,-26.0176680206049,28.3333605398812));
#4972=CARTESIAN_POINT('Ctrl Pts',(15.5210191150404,-25.380998457846,27.7218322288385));
#4973=CARTESIAN_POINT('Ctrl Pts',(28.9697996860409,-31.3390783160448,20.3877846619754));
#4974=CARTESIAN_POINT('Ctrl Pts',(28.3821538516394,-31.0956504589911,21.9098180125086));
#4975=CARTESIAN_POINT('Ctrl Pts',(26.5844837107885,-30.3511056440596,24.6723460414775));
#4976=CARTESIAN_POINT('Ctrl Pts',(23.2064469862943,-28.9519196890401,26.7757083898259));
#4977=CARTESIAN_POINT('Ctrl Pts',(19.4531817468154,-27.3971505120369,27.5893546559053));
#4978=CARTESIAN_POINT('Ctrl Pts',(17.1380407218897,-26.4383053805596,27.274455305276));
#4979=CARTESIAN_POINT('Ctrl Pts',(15.7061880801495,-25.8451105028354,26.7257291117251));
#4980=CARTESIAN_POINT('Ctrl Pts',(28.558768777972,-31.1688237393681,20.2020915721198));
#4981=CARTESIAN_POINT('Ctrl Pts',(27.9965397038147,-30.9359408316917,21.6601044037537));
#4982=CARTESIAN_POINT('Ctrl Pts',(26.2769757696616,-30.2236741287978,24.3071003419219));
#4983=CARTESIAN_POINT('Ctrl Pts',(23.0426972630344,-28.8839921068611,26.3278592487181));
#4984=CARTESIAN_POINT('Ctrl Pts',(19.444479108684,-27.393561346952,27.1162412435867));
#4985=CARTESIAN_POINT('Ctrl Pts',(17.2217427926473,-26.4728738192704,26.8212895123178));
#4986=CARTESIAN_POINT('Ctrl Pts',(15.8440904927896,-25.9022315524349,26.2993150388618));
#4987=CARTESIAN_POINT('',(15.9726498622245,-23.8091716406352,28.248219426822));
#4988=CARTESIAN_POINT('Ctrl Pts',(31.1559438163528,-29.8687703796496,20.9999999948299));
#4989=CARTESIAN_POINT('Ctrl Pts',(30.4855707890929,-29.5967211411504,22.7327095598436));
#4990=CARTESIAN_POINT('Ctrl Pts',(28.43554644858,-28.7652436638179,25.8794365443914));
#4991=CARTESIAN_POINT('Ctrl Pts',(24.5776076956433,-27.2099161896304,28.2821682062418));
#4992=CARTESIAN_POINT('Ctrl Pts',(20.2802967306198,-25.4942895475732,29.219822692987));
#4993=CARTESIAN_POINT('Ctrl Pts',(17.622296621537,-24.447689606794,28.8690247092715));
#4994=CARTESIAN_POINT('Ctrl Pts',(15.9726498622245,-23.8091716406352,28.248219426822));
#4995=CARTESIAN_POINT('',(15.8440904927896,-25.9022315524349,26.2993150388618));
#4996=CARTESIAN_POINT('Origin',(16.6349245786112,-23.9929891768573,26.2993150388618));
#4997=CARTESIAN_POINT('Ctrl Pts',(28.2150971028906,-31.0264702705459,20.9997719703974));
#4998=CARTESIAN_POINT('Ctrl Pts',(27.6696756037764,-30.800549288403,22.1418509595115));
#4999=CARTESIAN_POINT('Ctrl Pts',(26.4866765575954,-30.3105350392003,23.8163061543806));
#5000=CARTESIAN_POINT('Ctrl Pts',(23.7461918823947,-29.1753891192566,25.9919578988918));
#5001=CARTESIAN_POINT('Ctrl Pts',(20.187686366954,-27.7014078729816,27.2181837174221));
#5002=CARTESIAN_POINT('Ctrl Pts',(17.221933179694,-26.4729526801673,26.8213616474846));
#5003=CARTESIAN_POINT('Ctrl Pts',(15.8440904927896,-25.9022315524349,26.2993150388618));
#5004=CARTESIAN_POINT('Ctrl Pts',(15.9726498622245,-23.8091716406352,28.248219426822));
#5005=CARTESIAN_POINT('Ctrl Pts',(14.0901286882444,-23.040166418028,27.5359716477485));
#5006=CARTESIAN_POINT('Ctrl Pts',(10.7970210590096,-21.7003777784758,26.2931894154483));
#5007=CARTESIAN_POINT('Ctrl Pts',(7.48461703225928,-20.3865300009646,25.0621583182347));
#5008=CARTESIAN_POINT('Ctrl Pts',(6.068951704354,-19.8528247640909,24.5510644944923));
#5009=CARTESIAN_POINT('Ctrl Pts',(15.7497579712563,-24.3683229362025,28.2252147834817));
#5010=CARTESIAN_POINT('Ctrl Pts',(13.8688891887585,-23.5978122504606,27.5102206429339));
#5011=CARTESIAN_POINT('Ctrl Pts',(10.5792558515152,-22.2545895876705,26.2617852943342));
#5012=CARTESIAN_POINT('Ctrl Pts',(7.27548615604849,-20.9322273752461,25.0167833693898));
#5013=CARTESIAN_POINT('Ctrl Pts',(5.86737613188051,-20.3899740316445,24.4932672001185));
#5014=CARTESIAN_POINT('Ctrl Pts',(15.5206678431347,-25.3811998227501,27.7225392044515));
#5015=CARTESIAN_POINT('Ctrl Pts',(13.6421034308848,-24.6056159402514,27.0060984692492));
#5016=CARTESIAN_POINT('Ctrl Pts',(10.3578517652797,-23.2508900316703,25.7537796865972));
#5017=CARTESIAN_POINT('Ctrl Pts',(7.0658862942076,-21.9007975446341,24.5006479773396));
#5018=CARTESIAN_POINT('Ctrl Pts',(5.66591156099116,-21.3327985878069,23.9708931122258));
#5019=CARTESIAN_POINT('Ctrl Pts',(15.7061880801495,-25.8451105028354,26.7257291117251));
#5020=CARTESIAN_POINT('Ctrl Pts',(13.8270027136565,-25.0667020252766,26.0122360083414));
#5021=CARTESIAN_POINT('Ctrl Pts',(10.5410949227478,-23.7057340151386,24.766581667082));
#5022=CARTESIAN_POINT('Ctrl Pts',(7.24426640354463,-22.340167522156,23.5289474228209));
#5023=CARTESIAN_POINT('Ctrl Pts',(5.83706975187939,-21.757187842601,23.0123101484984));
#5024=CARTESIAN_POINT('Ctrl Pts',(15.8440904927896,-25.9022315524349,26.2993150388618));
#5025=CARTESIAN_POINT('Ctrl Pts',(13.9642480085157,-25.1235753003235,25.5870672597883));
#5026=CARTESIAN_POINT('Ctrl Pts',(10.67681691586,-23.7618767563785,24.3442850274881));
#5027=CARTESIAN_POINT('Ctrl Pts',(7.37588806485861,-22.3945872578651,23.1132539302745));
#5028=CARTESIAN_POINT('Ctrl Pts',(5.96377820837388,-21.8096722037484,22.6021601065321));
#5029=CARTESIAN_POINT('Ctrl Pts',(15.8440904927896,-25.9022315524349,26.2993150388618));
#5030=CARTESIAN_POINT('Ctrl Pts',(13.9642838168074,-25.1235901326035,25.5870808270826));
#5031=CARTESIAN_POINT('Ctrl Pts',(11.0997266071629,-23.9370516861752,24.5041600537286));
#5032=CARTESIAN_POINT('Ctrl Pts',(8.22501256410669,-22.7463061415969,23.4301978393669));
#5033=CARTESIAN_POINT('Ctrl Pts',(7.23593356963209,-22.3366162078272,23.0664660788258));
#5034=CARTESIAN_POINT('',(14.896103644191,-23.3698496556346,27.8411658987835));
#5035=CARTESIAN_POINT('Ctrl Pts',(15.9726498622245,-23.8091716406352,28.248219426822));
#5036=CARTESIAN_POINT('Ctrl Pts',(15.6137983477948,-23.6625816885267,28.1124487392449));
#5037=CARTESIAN_POINT('Ctrl Pts',(15.2549739184979,-23.516115708097,27.9767538690769));
#5038=CARTESIAN_POINT('Ctrl Pts',(14.8961277672556,-23.3698087398048,27.8411469421662));
#5039=CARTESIAN_POINT('Ctrl Pts',(14.8961036442043,-23.3698496556365,27.8411658987882));
#5040=CARTESIAN_POINT('Ctrl Pts',(14.8848963694968,-23.3668466754292,27.8370740542313));
#5041=CARTESIAN_POINT('Ctrl Pts',(14.8736895989242,-23.3638438303066,27.8329807008064));
#5042=CARTESIAN_POINT('Ctrl Pts',(11.8738465755456,-22.5600383147503,26.7368134111879));
#5043=CARTESIAN_POINT('Ctrl Pts',(8.71043715620839,-21.7124053155314,25.4605653861152));
#5044=CARTESIAN_POINT('Ctrl Pts',(5.78345632345906,-20.9281231651349,24.1092525010657));
#5045=CARTESIAN_POINT('Ctrl Pts',(5.49305337545518,-22.0021065875352,24.5510644944923));
#5046=CARTESIAN_POINT('Ctrl Pts',(6.98608482993648,-22.2477660317789,25.0622188128515));
#5047=CARTESIAN_POINT('Ctrl Pts',(10.5114934274279,-22.7661382903772,26.2931943975254));
#5048=CARTESIAN_POINT('Ctrl Pts',(14.0333056180242,-23.2523814803662,27.5359852150427));
#5049=CARTESIAN_POINT('Ctrl Pts',(16.0480810098564,-23.5276587651999,28.248219426822));
#5050=CARTESIAN_POINT('Ctrl Pts',(5.58705844268754,-21.4361338899729,24.4932672001185));
#5051=CARTESIAN_POINT('Ctrl Pts',(7.0778205969935,-21.6706114814059,25.0168453343532));
#5052=CARTESIAN_POINT('Ctrl Pts',(10.6000047048843,-22.1772860738436,26.2618056141285));
#5053=CARTESIAN_POINT('Ctrl Pts',(14.1205294944448,-22.6588262328494,27.5102342625424));
#5054=CARTESIAN_POINT('Ctrl Pts',(16.134626617764,-22.9319735931955,28.2252147834817));
#5055=CARTESIAN_POINT('Ctrl Pts',(5.88399682881698,-20.5188892757939,23.9708953654631));
#5056=CARTESIAN_POINT('Ctrl Pts',(7.38058711085776,-20.7269997461387,24.5007129339712));
#5057=CARTESIAN_POINT('Ctrl Pts',(10.9064237696901,-21.2037543165161,25.7537903604782));
#5058=CARTESIAN_POINT('Ctrl Pts',(14.4280285019822,-21.6726470153292,27.0061148555726));
#5059=CARTESIAN_POINT('Ctrl Pts',(16.442666570201,-21.9402487789194,27.7225419436109));
#5060=CARTESIAN_POINT('Ctrl Pts',(6.2444192531881,-20.236938807279,23.0123101484984));
#5061=CARTESIAN_POINT('Ctrl Pts',(7.75475588830103,-20.435685442198,23.5290085735773));
#5062=CARTESIAN_POINT('Ctrl Pts',(11.2925485211848,-20.9014645079456,24.766586727735));
#5063=CARTESIAN_POINT('Ctrl Pts',(14.8186996777897,-21.365786988629,26.0122495993573));
#5064=CARTESIAN_POINT('Ctrl Pts',(16.8352877685418,-21.6312530989451,26.7257291117251));
#5065=CARTESIAN_POINT('Ctrl Pts',(6.38039417596034,-20.2548402454712,22.6021601065321));
#5066=CARTESIAN_POINT('Ctrl Pts',(7.89595407671022,-20.4543674916483,23.1133144248914));
#5067=CARTESIAN_POINT('Ctrl Pts',(11.4381609869976,-20.9207078783589,24.3442900095652));
#5068=CARTESIAN_POINT('Ctrl Pts',(14.9659942404112,-21.3851559372427,25.5870808270826));
#5069=CARTESIAN_POINT('Ctrl Pts',(16.9832752859311,-21.6507360252211,26.2993150388618));
#5070=CARTESIAN_POINT('',(16.0480810098564,-23.5276587651999,28.248219426822));
#5071=CARTESIAN_POINT('Ctrl Pts',(14.8961040780692,-23.3698982284054,27.841146538439));
#5072=CARTESIAN_POINT('Ctrl Pts',(15.2800284973763,-23.422615232229,27.9767540864664));
#5073=CARTESIAN_POINT('Ctrl Pts',(15.6640127596735,-23.4751838017227,28.1124491823831));
#5074=CARTESIAN_POINT('Ctrl Pts',(16.0480810098564,-23.5276587651999,28.248219426822));
#5075=CARTESIAN_POINT('',(16.9832752859311,-21.6507360252211,26.2993150388618));
#5076=CARTESIAN_POINT('Origin',(16.7135365066425,-23.6996054673638,26.2993150388618));
#5077=CARTESIAN_POINT('Ctrl Pts',(7.7455851102872,-20.434571041659,23.0664658662492));
#5078=CARTESIAN_POINT('Ctrl Pts',(8.806922088506,-20.5742987056234,23.4301712424191));
#5079=CARTESIAN_POINT('Ctrl Pts',(11.8919451710938,-20.9804496995609,24.5041529697375));
#5080=CARTESIAN_POINT('Ctrl Pts',(14.965955813381,-21.3851508782282,25.5870672597883));
#5081=CARTESIAN_POINT('Ctrl Pts',(16.983275285931,-21.6507360252211,26.2993150388618));
#5082=CARTESIAN_POINT('Ctrl Pts',(16.0480810098564,-23.5276587651999,28.248219426822));
#5083=CARTESIAN_POINT('Ctrl Pts',(17.796217547147,-23.7995469342546,28.8691105025332));
#5084=CARTESIAN_POINT('Ctrl Pts',(21.5658570800839,-24.3633244104812,29.3410526817545));
#5085=CARTESIAN_POINT('Ctrl Pts',(26.096634421436,-25.0118585469479,27.8826576967189));
#5086=CARTESIAN_POINT('Ctrl Pts',(29.8687261782406,-25.5435217656679,25.0867979527151));
#5087=CARTESIAN_POINT('Ctrl Pts',(31.5131710022648,-25.7723380696363,22.7284945099007));
#5088=CARTESIAN_POINT('Ctrl Pts',(32.2294661145831,-25.8718822033249,20.9940294116002));
#5089=CARTESIAN_POINT('Ctrl Pts',(16.134626617764,-22.9319735931955,28.2252147834817));
#5090=CARTESIAN_POINT('Ctrl Pts',(17.8774414682946,-23.1946659946403,28.8566544631215));
#5091=CARTESIAN_POINT('Ctrl Pts',(21.6438332750225,-23.7450734846348,29.3499119057341));
#5092=CARTESIAN_POINT('Ctrl Pts',(26.1882489609565,-24.3859945114546,27.9063235327448));
#5093=CARTESIAN_POINT('Ctrl Pts',(29.9775566894073,-24.9137452153582,25.1118770763511));
#5094=CARTESIAN_POINT('Ctrl Pts',(31.6291178429882,-25.1414157619533,22.7496209735717));
#5095=CARTESIAN_POINT('Ctrl Pts',(32.3497663756323,-25.2406332746973,21.0094120171199));
#5096=CARTESIAN_POINT('Ctrl Pts',(16.4428671827858,-21.9405900733964,27.7218464799927));
#5097=CARTESIAN_POINT('Ctrl Pts',(18.1146944971689,-22.1705557394254,28.33345930225));
#5098=CARTESIAN_POINT('Ctrl Pts',(21.7354162953421,-22.6635322806636,28.8198377281251));
#5099=CARTESIAN_POINT('Ctrl Pts',(26.1099638424415,-23.2524093704952,27.4425224449311));
#5100=CARTESIAN_POINT('Ctrl Pts',(29.759047730948,-23.7416473048737,24.7631065513226));
#5101=CARTESIAN_POINT('Ctrl Pts',(31.3528121896788,-23.95458812042,22.4916800936501));
#5102=CARTESIAN_POINT('Ctrl Pts',(32.0469802342419,-24.0473168355117,20.8192160310799));
#5103=CARTESIAN_POINT('Ctrl Pts',(16.8352877685418,-21.6312530989451,26.7257291117251));
#5104=CARTESIAN_POINT('Ctrl Pts',(18.3721183252417,-21.8334855303107,27.2745311374431));
#5105=CARTESIAN_POINT('Ctrl Pts',(21.6868639935663,-22.269953440683,27.698120146231));
#5106=CARTESIAN_POINT('Ctrl Pts',(25.6726587220298,-22.7946744866718,26.4265089904044));
#5107=CARTESIAN_POINT('Ctrl Pts',(28.9917432728146,-23.2316105845839,23.9774021654344));
#5108=CARTESIAN_POINT('Ctrl Pts',(30.439411822743,-23.4222858268656,21.907953359513));
#5109=CARTESIAN_POINT('Ctrl Pts',(31.0698112515277,-23.5052636674466,20.3855757216903));
#5110=CARTESIAN_POINT('Ctrl Pts',(16.9832752859311,-21.6507360252211,26.2993150388618));
#5111=CARTESIAN_POINT('Ctrl Pts',(18.4618826190751,-21.8453983735806,26.8213616474846));
#5112=CARTESIAN_POINT('Ctrl Pts',(21.6445267897914,-22.2644014275873,27.2181716899648));
#5113=CARTESIAN_POINT('Ctrl Pts',(25.4632707019685,-22.7671486012721,25.9919499165269));
#5114=CARTESIAN_POINT('Ctrl Pts',(28.6408738163809,-23.185487987626,23.6411847748789));
#5115=CARTESIAN_POINT('Ctrl Pts',(30.0255557670971,-23.367784824802,21.6583179523617));
#5116=CARTESIAN_POINT('Ctrl Pts',(30.6286810487748,-23.4471877744929,20.199975808685));
#5117=CARTESIAN_POINT('Ctrl Pts',(16.9832752859311,-21.6507360252211,26.2993150388618));
#5118=CARTESIAN_POINT('Ctrl Pts',(18.4616783086077,-21.8453714755972,26.8212895123178));
#5119=CARTESIAN_POINT('Ctrl Pts',(20.8469669643615,-22.1594006845941,27.1162345970562));
#5120=CARTESIAN_POINT('Ctrl Pts',(24.708330366146,-22.6677588205316,26.3278545279704));
#5121=CARTESIAN_POINT('Ctrl Pts',(27.9212644369391,-23.0907496155352,24.4572318114286));
#5122=CARTESIAN_POINT('Ctrl Pts',(29.6736706080517,-23.3214582647497,22.1428776026893));
#5123=CARTESIAN_POINT('Ctrl Pts',(30.2591080621168,-23.3985325677586,20.999827819954));
#5124=CARTESIAN_POINT('Ctrl Pts',(16.0480810098564,-23.5276587651999,28.248219426822));
#5125=CARTESIAN_POINT('Ctrl Pts',(17.796217547147,-23.7995469342546,28.8691105025332));
#5126=CARTESIAN_POINT('Ctrl Pts',(21.5658570800839,-24.3633244104812,29.3410526817545));
#5127=CARTESIAN_POINT('Ctrl Pts',(26.096634421436,-25.0118585469479,27.8826576967189));
#5128=CARTESIAN_POINT('Ctrl Pts',(29.8669946973052,-25.5432777194499,25.0880813196522));
#5129=CARTESIAN_POINT('Ctrl Pts',(31.5106545075276,-25.7719879095454,22.7321025049786));
#5130=CARTESIAN_POINT('Ctrl Pts',(32.2269986382079,-25.8715392953026,20.9999999796398));
#5131=CARTESIAN_POINT('Origin',(0.267025571327054,-19.4499999999989,16.0061852741483));
#5132=CARTESIAN_POINT('Origin',(0.267025571326762,-19.4499999999988,28.248219426822));
#5133=CARTESIAN_POINT('Origin',(0.267025571327047,-19.4499999999989,26.3217617857081));
#5134=CARTESIAN_POINT('Ctrl Pts',(21.8091141092689,-43.9185163654851,20.9965457743412));
#5135=CARTESIAN_POINT('Ctrl Pts',(21.3645958869,-43.347749965102,22.7306192085543));
#5136=CARTESIAN_POINT('Ctrl Pts',(20.0047391209903,-41.6023680163478,25.8787975194811));
#5137=CARTESIAN_POINT('Ctrl Pts',(17.4406490555876,-38.3255754689784,28.2821676333024));
#5138=CARTESIAN_POINT('Ctrl Pts',(14.5768819286053,-34.6911437665047,29.2198218856634));
#5139=CARTESIAN_POINT('Ctrl Pts',(12.7982863869759,-32.4557616848179,28.8690247092715));
#5140=CARTESIAN_POINT('Ctrl Pts',(11.6889093692201,-31.0779655256954,28.248219426822));
#5141=CARTESIAN_POINT('Ctrl Pts',(21.3225843167104,-44.3383187752671,21.011935198729));
#5142=CARTESIAN_POINT('Ctrl Pts',(20.8761717190246,-43.7636175738902,22.7517500862571));
#5143=CARTESIAN_POINT('Ctrl Pts',(19.5123900188051,-42.0085512950092,25.9058294169287));
#5144=CARTESIAN_POINT('Ctrl Pts',(16.9441809145359,-38.714990244812,28.3034538258527));
#5145=CARTESIAN_POINT('Ctrl Pts',(14.0833019572135,-35.0662335641321,29.2232124586669));
#5146=CARTESIAN_POINT('Ctrl Pts',(12.3150575556625,-32.8285441352306,28.8565672122787));
#5147=CARTESIAN_POINT('Ctrl Pts',(11.2163036815604,-31.4507588067315,28.2252147834817));
#5148=CARTESIAN_POINT('Ctrl Pts',(20.1377724039694,-44.6727298429289,20.8216237435412));
#5149=CARTESIAN_POINT('Ctrl Pts',(19.7102266181314,-44.1177242098669,22.4937084058041));
#5150=CARTESIAN_POINT('Ctrl Pts',(18.4025780554048,-42.4203617710083,25.5259768179126));
#5151=CARTESIAN_POINT('Ctrl Pts',(15.9475539340301,-39.2371840847015,27.8226077785255));
#5152=CARTESIAN_POINT('Ctrl Pts',(13.2236043707345,-35.711395708074,28.6949808764598));
#5153=CARTESIAN_POINT('Ctrl Pts',(11.5468155575676,-33.5460662899885,28.3333402181326));
#5154=CARTESIAN_POINT('Ctrl Pts',(10.5118888150911,-32.2133883697408,27.7218119070898));
#5155=CARTESIAN_POINT('Ctrl Pts',(19.1798179557327,-44.0976309066343,20.3877846619754));
#5156=CARTESIAN_POINT('Ctrl Pts',(18.7926156632397,-43.5929932812362,21.9098180125086));
#5157=CARTESIAN_POINT('Ctrl Pts',(17.6080596888406,-42.0493630909409,24.6723452451364));
#5158=CARTESIAN_POINT('Ctrl Pts',(15.3821872708269,-39.1486144205327,26.7757077224626));
#5159=CARTESIAN_POINT('Ctrl Pts',(12.9091488581868,-35.9255122545792,27.5893537442947));
#5160=CARTESIAN_POINT('Ctrl Pts',(11.3836005890661,-33.9375575642493,27.274455305276));
#5161=CARTESIAN_POINT('Ctrl Pts',(10.4401772657053,-32.7079094098752,26.7257291117251));
#5162=CARTESIAN_POINT('Ctrl Pts',(18.9089820359428,-43.7446706640873,20.2020915721198));
#5163=CARTESIAN_POINT('Ctrl Pts',(18.5385188288146,-43.2618736128537,21.6601044037537));
#5164=CARTESIAN_POINT('Ctrl Pts',(17.4054658489426,-41.7852502207112,24.3070997864409));
#5165=CARTESIAN_POINT('Ctrl Pts',(15.2743396952824,-39.0079125445357,26.3278587669894));
#5166=CARTESIAN_POINT('Ctrl Pts',(12.9034067646971,-35.9180525920921,27.1162405647872));
#5167=CARTESIAN_POINT('Ctrl Pts',(11.4388044893361,-34.0093457457208,26.8212895123178));
#5168=CARTESIAN_POINT('Ctrl Pts',(10.5310437334951,-32.8263288962392,26.2993150388618));
#5169=CARTESIAN_POINT('',(11.6889093692201,-31.0779655256954,28.248219426822));
#5170=CARTESIAN_POINT('Ctrl Pts',(21.8082282771144,-43.9173789474858,20.9999999948295));
#5171=CARTESIAN_POINT('Ctrl Pts',(21.3636928245205,-43.3465908819478,22.7327095594049));
#5172=CARTESIAN_POINT('Ctrl Pts',(20.0040580675425,-41.6014976604691,25.8794358837587));
#5173=CARTESIAN_POINT('Ctrl Pts',(17.4406490555876,-38.3255754689784,28.2821676333024));
#5174=CARTESIAN_POINT('Ctrl Pts',(14.5768819286053,-34.6911437665047,29.2198218856634));
#5175=CARTESIAN_POINT('Ctrl Pts',(12.7982863869759,-32.4557616848179,28.8690247092715));
#5176=CARTESIAN_POINT('Ctrl Pts',(11.6889093692201,-31.0779655256954,28.248219426822));
#5177=CARTESIAN_POINT('',(10.5310437334951,-32.8263288962392,26.2993150388618));
#5178=CARTESIAN_POINT('Origin',(12.170547329784,-31.5682935399182,26.2993150388618));
#5179=CARTESIAN_POINT('Ctrl Pts',(18.6825306839754,-43.4495535164891,20.9997722368134));
#5180=CARTESIAN_POINT('Ctrl Pts',(18.3231428982738,-42.9811902354736,22.1418528713774));
#5181=CARTESIAN_POINT('Ctrl Pts',(17.5436454475681,-41.9653293796489,23.8163149883279));
#5182=CARTESIAN_POINT('Ctrl Pts',(15.7378876084029,-39.6120199464419,25.9919648932503));
#5183=CARTESIAN_POINT('Ctrl Pts',(13.3931204660251,-36.5562599130909,27.2181943007923));
#5184=CARTESIAN_POINT('Ctrl Pts',(11.4389299389067,-34.0095092347842,26.8213616474846));
#5185=CARTESIAN_POINT('Ctrl Pts',(10.5310437334951,-32.8263288962392,26.2993150388618));
#5186=CARTESIAN_POINT('Ctrl Pts',(11.6889093692201,-31.0779655256953,28.248219426822));
#5187=CARTESIAN_POINT('Ctrl Pts',(10.4431008206948,-29.4707268802846,27.5359716477485));
#5188=CARTESIAN_POINT('Ctrl Pts',(8.26107712962345,-26.6638849736312,26.2931913721986));
#5189=CARTESIAN_POINT('Ctrl Pts',(6.04937813014914,-23.8698545027076,25.0621583182347));
#5190=CARTESIAN_POINT('Ctrl Pts',(5.09022861136322,-22.6998195454895,24.5510644944923));
#5191=CARTESIAN_POINT('Ctrl Pts',(11.2163036815603,-31.4507588067315,28.2252147834817));
#5192=CARTESIAN_POINT('Ctrl Pts',(9.97267887760317,-29.8430425877427,27.5102206429338));
#5193=CARTESIAN_POINT('Ctrl Pts',(7.79538290949736,-27.0349638033663,26.2617841598481));
#5194=CARTESIAN_POINT('Ctrl Pts',(5.59541679149416,-24.2378768535084,25.0167833693898));
#5195=CARTESIAN_POINT('Ctrl Pts',(4.64708441104198,-23.0642166705784,24.4932672001185));
#5196=CARTESIAN_POINT('Ctrl Pts',(10.5114772425877,-32.2133878834875,27.7225287709053));
#5197=CARTESIAN_POINT('Ctrl Pts',(9.27238468018317,-30.602430332353,27.006088035703));
#5198=CARTESIAN_POINT('Ctrl Pts',(7.10550034548523,-27.7870777618208,25.7537713938964));
#5199=CARTESIAN_POINT('Ctrl Pts',(4.92962139544317,-24.9718803946856,24.500639394686));
#5200=CARTESIAN_POINT('Ctrl Pts',(4.00120719023498,-23.779991502142,23.9708845295723));
#5201=CARTESIAN_POINT('Ctrl Pts',(10.4401772657053,-32.7079094098751,26.7257291117251));
#5202=CARTESIAN_POINT('Ctrl Pts',(9.20195923868181,-31.0941952105416,26.0122360083414));
#5203=CARTESIAN_POINT('Ctrl Pts',(7.03676276979727,-28.2726063425094,24.766583572417));
#5204=CARTESIAN_POINT('Ctrl Pts',(4.86440961927101,-25.4415789114884,23.5289474228209));
#5205=CARTESIAN_POINT('Ctrl Pts',(3.93723141058599,-24.2331053732711,23.0123101484984));
#5206=CARTESIAN_POINT('Ctrl Pts',(10.5310437334951,-32.8263288962392,26.2993150388618));
#5207=CARTESIAN_POINT('Ctrl Pts',(9.29238051305634,-31.2120715589583,25.5870672597883));
#5208=CARTESIAN_POINT('Ctrl Pts',(7.12622925115096,-28.3890882730312,24.3442869842384));
#5209=CARTESIAN_POINT('Ctrl Pts',(4.95118745380267,-25.5545186157368,23.1132539302746));
#5210=CARTESIAN_POINT('Ctrl Pts',(4.02072197221085,-24.3419123915734,22.6021601065321));
#5211=CARTESIAN_POINT('Ctrl Pts',(10.5310437334951,-32.8263288962392,26.2993150388618));
#5212=CARTESIAN_POINT('Ctrl Pts',(9.29240410780654,-31.2121023082354,25.5870808270826));
#5213=CARTESIAN_POINT('Ctrl Pts',(7.40489077362149,-28.7522470395493,24.5041649229482));
#5214=CARTESIAN_POINT('Ctrl Pts',(5.51069069559083,-26.283677436622,23.4301991660188));
#5215=CARTESIAN_POINT('Ctrl Pts',(4.85896869627591,-25.434336791076,23.0664667266073));
#5216=CARTESIAN_POINT('',(10.9762539885552,-30.1592284172271,27.8411658987835));
#5217=CARTESIAN_POINT('Ctrl Pts',(11.6889093692201,-31.0779655256953,28.248219426822));
#5218=CARTESIAN_POINT('Ctrl Pts',(11.4514298070741,-30.7715891324461,28.1124487332318));
#5219=CARTESIAN_POINT('Ctrl Pts',(11.2139116501636,-30.4653337047273,27.9767538976875));
#5220=CARTESIAN_POINT('Ctrl Pts',(10.9762951367694,-30.1592051602847,27.8411470294424));
#5221=CARTESIAN_POINT('Ctrl Pts',(10.9762539885658,-30.1592284172353,27.8411658987882));
#5222=CARTESIAN_POINT('Ctrl Pts',(10.9680496940656,-30.1510241227351,27.8370740542313));
#5223=CARTESIAN_POINT('Ctrl Pts',(10.9598457686166,-30.1428201972889,27.8329807008064));
#5224=CARTESIAN_POINT('Ctrl Pts',(8.76380826078341,-27.9467826894258,26.7368134111879));
#5225=CARTESIAN_POINT('Ctrl Pts',(6.44803184067585,-25.6310062693477,25.4605653861152));
#5226=CARTESIAN_POINT('Ctrl Pts',(4.30533315832307,-23.4883075869949,24.1092525010657));
#5227=CARTESIAN_POINT('Ctrl Pts',(3.51684511681764,-24.2732030400351,24.5510644944923));
#5228=CARTESIAN_POINT('Ctrl Pts',(4.68701856292585,-25.2324660866703,25.0622188128515));
#5229=CARTESIAN_POINT('Ctrl Pts',(7.48094552716148,-27.4440762974776,26.2932071992468));
#5230=CARTESIAN_POINT('Ctrl Pts',(10.2877830671939,-29.626098980225,27.5359852150427));
#5231=CARTESIAN_POINT('Ctrl Pts',(11.8949910970235,-30.8718837978919,28.248219426822));
#5232=CARTESIAN_POINT('Ctrl Pts',(3.88124224190652,-23.8300588397138,24.4932672001185));
#5233=CARTESIAN_POINT('Ctrl Pts',(5.05504134281939,-24.778503467666,25.0168453343532));
#5234=CARTESIAN_POINT('Ctrl Pts',(7.8520242103546,-26.9783824514578,26.2617995765085));
#5235=CARTESIAN_POINT('Ctrl Pts',(10.6600987837491,-29.1556769955362,27.5102342625424));
#5236=CARTESIAN_POINT('Ctrl Pts',(12.2677843780597,-30.3992781102322,28.2252147834817));
#5237=CARTESIAN_POINT('Ctrl Pts',(4.59701707347019,-23.1841816189068,23.9708845295723));
#5238=CARTESIAN_POINT('Ctrl Pts',(5.78904704160205,-24.1127057140393,24.5007020980804));
#5239=CARTESIAN_POINT('Ctrl Pts',(8.60413750144008,-26.2885005289826,25.7537866151065));
#5240=CARTESIAN_POINT('Ctrl Pts',(11.4194865901021,-28.4553827117836,27.006101682867));
#5241=CARTESIAN_POINT('Ctrl Pts',(13.0304134548157,-29.6944516712595,27.7225287709053));
#5242=CARTESIAN_POINT('Ctrl Pts',(5.05013094459926,-23.1202058392578,23.0123101484984));
#5243=CARTESIAN_POINT('Ctrl Pts',(6.25874752141386,-24.0474937915708,23.5290085735773));
#5244=CARTESIAN_POINT('Ctrl Pts',(9.0896654585106,-26.2197629427411,24.7665992196819));
#5245=CARTESIAN_POINT('Ctrl Pts',(11.9112515208009,-28.3849572536236,26.0122495993573));
#5246=CARTESIAN_POINT('Ctrl Pts',(13.5249349812033,-29.6231516943772,26.7257291117251));
#5247=CARTESIAN_POINT('Ctrl Pts',(5.15893796290154,-23.2036964008827,22.6021601065321));
#5248=CARTESIAN_POINT('Ctrl Pts',(6.37168771481944,-24.1342720151941,23.1133144248914));
#5249=CARTESIAN_POINT('Ctrl Pts',(9.20614722192301,-26.3092292913282,24.3443028112866));
#5250=CARTESIAN_POINT('Ctrl Pts',(12.0291278795635,-28.4753785364784,25.5870808270826));
#5251=CARTESIAN_POINT('Ctrl Pts',(13.6433544675674,-29.7140181621669,26.2993150388618));
#5252=CARTESIAN_POINT('',(11.8949910970235,-30.8718837978919,28.248219426822));
#5253=CARTESIAN_POINT('Ctrl Pts',(10.9762307827966,-30.1592694753009,27.8411470702256));
#5254=CARTESIAN_POINT('Ctrl Pts',(11.2823600485747,-30.3968866240201,27.9767542474891));
#5255=CARTESIAN_POINT('Ctrl Pts',(11.5886155990054,-30.6344049296607,28.1124491299535));
#5256=CARTESIAN_POINT('Ctrl Pts',(11.8949910970235,-30.8718837978919,28.248219426822));
#5257=CARTESIAN_POINT('',(13.6433544675674,-29.7140181621669,26.2993150388618));
#5258=CARTESIAN_POINT('Origin',(12.3853191112463,-31.3535217584559,26.2993150388618));
#5259=CARTESIAN_POINT('Ctrl Pts',(6.2513622667177,-24.041943051525,23.066467081026));
#5260=CARTESIAN_POINT('Ctrl Pts',(7.10064156587707,-24.6936179781018,23.4301736183336));
#5261=CARTESIAN_POINT('Ctrl Pts',(9.56926711874084,-26.5878609880287,24.5041615143365));
#5262=CARTESIAN_POINT('Ctrl Pts',(12.0290971302864,-28.4753549417282,25.5870672597883));
#5263=CARTESIAN_POINT('Ctrl Pts',(13.6433544675674,-29.7140181621669,26.2993150388618));
#5264=CARTESIAN_POINT('Ctrl Pts',(11.8949910970235,-30.8718837978919,28.248219426822));
#5265=CARTESIAN_POINT('Ctrl Pts',(13.2729776630736,-31.981414127927,28.8691105025332));
#5266=CARTESIAN_POINT('Ctrl Pts',(16.2556936988868,-34.3544812842164,29.3410760477703));
#5267=CARTESIAN_POINT('Ctrl Pts',(19.8551997639032,-37.1815200130701,27.8826731822715));
#5268=CARTESIAN_POINT('Ctrl Pts',(22.8560997522867,-39.5280030702859,25.0868179704662));
#5269=CARTESIAN_POINT('Ctrl Pts',(24.1658122500435,-40.5483780950872,22.7284945099007));
#5270=CARTESIAN_POINT('Ctrl Pts',(24.7363699470735,-40.9927333998184,20.9940294116002));
#5271=CARTESIAN_POINT('Ctrl Pts',(12.2677843780597,-30.3992781102322,28.2252147834817));
#5272=CARTESIAN_POINT('Ctrl Pts',(13.6457601119895,-31.4981838285298,28.8566544631215));
#5273=CARTESIAN_POINT('Ctrl Pts',(16.6323483958725,-33.8580493612407,29.3499016892102));
#5274=CARTESIAN_POINT('Ctrl Pts',(20.2474702846049,-36.6853122807419,27.9063138207391));
#5275=CARTESIAN_POINT('Ctrl Pts',(23.2652308627733,-39.0370111976185,25.1118689228248));
#5276=CARTESIAN_POINT('Ctrl Pts',(24.58168631344,-40.0599567691811,22.7496209735717));
#5277=CARTESIAN_POINT('Ctrl Pts',(25.1561774935378,-40.5062059220398,21.0094120171199));
#5278=CARTESIAN_POINT('Ctrl Pts',(13.0304139410911,-29.6948632436649,27.7218119072102));
#5279=CARTESIAN_POINT('Ctrl Pts',(14.3632760330731,-30.7299330096358,28.3334247294675));
#5280=CARTESIAN_POINT('Ctrl Pts',(17.252409542921,-32.9672145495178,28.8198284297768));
#5281=CARTESIAN_POINT('Ctrl Pts',(20.7464331793544,-35.664466564183,27.4425096572711));
#5282=CARTESIAN_POINT('Ctrl Pts',(23.6620126562008,-37.9127008824234,24.7630992940644));
#5283=CARTESIAN_POINT('Ctrl Pts',(24.9357578425635,-38.8939776869108,22.4916611768799));
#5284=CARTESIAN_POINT('Ctrl Pts',(25.4905606461046,-39.321367132122,20.8191971143097));
#5285=CARTESIAN_POINT('Ctrl Pts',(13.5249349812033,-29.6231516943772,26.7257291117251));
#5286=CARTESIAN_POINT('Ctrl Pts',(14.7547530689348,-30.5667053957589,27.2745311374431));
#5287=CARTESIAN_POINT('Ctrl Pts',(17.4071732091605,-32.6020725428903,27.6981471867267));
#5288=CARTESIAN_POINT('Ctrl Pts',(20.5966170499897,-35.049394774805,26.4265273751488));
#5289=CARTESIAN_POINT('Ctrl Pts',(23.2525650343815,-37.0873387345091,23.9774251043514));
#5290=CARTESIAN_POINT('Ctrl Pts',(24.4109356444162,-37.9762935628663,21.907953359513));
#5291=CARTESIAN_POINT('Ctrl Pts',(24.9153886439845,-38.3633541951529,20.3855757216903));
#5292=CARTESIAN_POINT('Ctrl Pts',(13.6433544675674,-29.7140181621669,26.2993150388618));
#5293=CARTESIAN_POINT('Ctrl Pts',(14.8265348061123,-30.6219043675786,26.8213616474846));
#5294=CARTESIAN_POINT('Ctrl Pts',(17.3732852979568,-32.5760947516195,27.2181913361633));
#5295=CARTESIAN_POINT('Ctrl Pts',(20.4290447472783,-34.9208614458556,25.9919629368143));
#5296=CARTESIAN_POINT('Ctrl Pts',(22.9717637025213,-36.8719583230592,23.6412016058489));
#5297=CARTESIAN_POINT('Ctrl Pts',(24.0797762877487,-37.7221662827246,21.6583179523617));
#5298=CARTESIAN_POINT('Ctrl Pts',(24.5623966285008,-38.0924938951312,20.199975808685));
#5299=CARTESIAN_POINT('Ctrl Pts',(13.6433544675674,-29.7140181621669,26.2993150388618));
#5300=CARTESIAN_POINT('Ctrl Pts',(14.826371317049,-30.621778918008,26.8212895123178));
#5301=CARTESIAN_POINT('Ctrl Pts',(16.7350785878552,-32.0863815190493,27.1162434631361));
#5302=CARTESIAN_POINT('Ctrl Pts',(19.82493864906,-34.45731453309,26.3278608232529));
#5303=CARTESIAN_POINT('Ctrl Pts',(22.3959287274011,-36.4301046060273,24.4572389695928));
#5304=CARTESIAN_POINT('Ctrl Pts',(23.7981989621131,-37.5061044015615,22.1428787878021));
#5305=CARTESIAN_POINT('Ctrl Pts',(24.2666649206886,-37.8655709745259,20.9998280042871));
#5306=CARTESIAN_POINT('Ctrl Pts',(11.8949910970235,-30.8718837978919,28.248219426822));
#5307=CARTESIAN_POINT('Ctrl Pts',(13.2729776630736,-31.981414127927,28.8691105025332));
#5308=CARTESIAN_POINT('Ctrl Pts',(16.2556936988868,-34.3544812842164,29.3410760477703));
#5309=CARTESIAN_POINT('Ctrl Pts',(19.8551997639032,-37.1815200130701,27.8826731822715));
#5310=CARTESIAN_POINT('Ctrl Pts',(22.8547222669407,-39.5269259780674,25.088101335323));
#5311=CARTESIAN_POINT('Ctrl Pts',(24.1638079975361,-40.5468166126017,22.732102535594));
#5312=CARTESIAN_POINT('Ctrl Pts',(24.7344045038877,-40.9912026945937,20.9999999796924));
#5313=CARTESIAN_POINT('Origin',(0.267025571327053,-19.4499999999989,16.0061852741483));
#5314=CARTESIAN_POINT('Origin',(0.267025571326844,-19.4499999999987,28.248219426822));
#5315=CARTESIAN_POINT('Origin',(0.267025571327049,-19.4499999999989,26.3217617857081));
#5316=CARTESIAN_POINT('Ctrl Pts',(14.7421672015403,-48.6602746733028,20.9965457743412));
#5317=CARTESIAN_POINT('Ctrl Pts',(14.4605207850217,-47.9939068845506,22.7306192085543));
#5318=CARTESIAN_POINT('Ctrl Pts',(13.5987357495897,-45.9560350072776,25.8787902570176));
#5319=CARTESIAN_POINT('Ctrl Pts',(11.9701127288608,-42.1272647792944,28.2821613360657));
#5320=CARTESIAN_POINT('Ctrl Pts',(10.1445863071369,-37.8754762769372,29.2198130221424));
#5321=CARTESIAN_POINT('Ctrl Pts',(9.00515520903069,-35.2559300601633,28.8690247092715));
#5322=CARTESIAN_POINT('Ctrl Pts',(8.2901791827388,-33.6379532663107,28.248219426822));
#5323=CARTESIAN_POINT('Ctrl Pts',(14.1635626508175,-48.9398494865257,21.011935198729));
#5324=CARTESIAN_POINT('Ctrl Pts',(13.8811048096915,-48.2691906714616,22.7517500862571));
#5325=CARTESIAN_POINT('Ctrl Pts',(13.0180361296611,-46.2209519228086,25.905834777663));
#5326=CARTESIAN_POINT('Ctrl Pts',(11.3897737376918,-42.3749167192824,28.30345695416));
#5327=CARTESIAN_POINT('Ctrl Pts',(9.57074382589389,-38.110036973732,29.2232150217527));
#5328=CARTESIAN_POINT('Ctrl Pts',(8.4419088030108,-35.4909414319177,28.8565672122787));
#5329=CARTESIAN_POINT('Ctrl Pts',(7.73719114235876,-33.8757245715405,28.2252147834817));
#5330=CARTESIAN_POINT('Ctrl Pts',(12.9325670848717,-48.9562295904345,20.8216292905374));
#5331=CARTESIAN_POINT('Ctrl Pts',(12.6632355963853,-48.3094783236957,22.4937139528003));
#5332=CARTESIAN_POINT('Ctrl Pts',(11.8394498749653,-46.3314972352584,25.5259771799574));
#5333=CARTESIAN_POINT('Ctrl Pts',(10.291945845088,-42.6213762808815,27.8226101383267));
#5334=CARTESIAN_POINT('Ctrl Pts',(8.57335344892929,-38.5107151222814,28.6949812082081));
#5335=CARTESIAN_POINT('Ctrl Pts',(7.51412716186216,-35.9851786149297,28.3333503509598));
#5336=CARTESIAN_POINT('Ctrl Pts',(6.85938711973463,-34.4300518423984,27.7218220399171));
#5337=CARTESIAN_POINT('Ctrl Pts',(12.1561038873729,-48.1527741147128,20.3877846619754));
#5338=CARTESIAN_POINT('Ctrl Pts',(11.912705021384,-47.565116271819,21.9098180125086));
#5339=CARTESIAN_POINT('Ctrl Pts',(11.168029887285,-45.7674931159769,24.6723364931914));
#5340=CARTESIAN_POINT('Ctrl Pts',(9.76877281240528,-42.3894904024234,26.7757003877436));
#5341=CARTESIAN_POINT('Ctrl Pts',(8.21420165670282,-38.6361440719971,27.5893437341493));
#5342=CARTESIAN_POINT('Ctrl Pts',(7.255156666194,-36.3210873420596,27.274455305276));
#5343=CARTESIAN_POINT('Ctrl Pts',(6.66213607416351,-34.8891625088213,26.7257291117251));
#5344=CARTESIAN_POINT('Ctrl Pts',(11.9858493106963,-47.7417432066439,20.2020915721198));
#5345=CARTESIAN_POINT('Ctrl Pts',(11.7529664030199,-47.1795141324866,21.6601044037537));
#5346=CARTESIAN_POINT('Ctrl Pts',(11.0406975894013,-45.4599451025934,24.3070936801452));
#5347=CARTESIAN_POINT('Ctrl Pts',(9.70101695449196,-42.2256699445466,26.3278534722586));
#5348=CARTESIAN_POINT('Ctrl Pts',(8.21058633981777,-38.6274521408241,27.1162331123189));
#5349=CARTESIAN_POINT('Ctrl Pts',(7.28989939059857,-36.4047172213192,26.8212895123178));
#5350=CARTESIAN_POINT('Ctrl Pts',(6.71925712376302,-35.0270649214614,26.2993150388618));
#5351=CARTESIAN_POINT('',(8.2901791827388,-33.6379532663107,28.248219426822));
#5352=CARTESIAN_POINT('Ctrl Pts',(14.7416059388234,-48.658946741646,20.9999999948247));
#5353=CARTESIAN_POINT('Ctrl Pts',(14.4599484849787,-47.9925535627722,22.7327095545833));
#5354=CARTESIAN_POINT('Ctrl Pts',(13.598303167545,-45.9550180394263,25.8794286215515));
#5355=CARTESIAN_POINT('Ctrl Pts',(11.9701127288608,-42.1272647792944,28.2821613360657));
#5356=CARTESIAN_POINT('Ctrl Pts',(10.1445863071369,-37.8754762769372,29.2198130221424));
#5357=CARTESIAN_POINT('Ctrl Pts',(9.00515520903069,-35.2559300601633,28.8690247092715));
#5358=CARTESIAN_POINT('Ctrl Pts',(8.2901791827388,-33.6379532663107,28.248219426822));
#5359=CARTESIAN_POINT('',(6.71925712376302,-35.0270649214614,26.2993150388618));
#5360=CARTESIAN_POINT('Origin',(8.62849949934057,-34.2362308356398,26.2993150388618));
#5361=CARTESIAN_POINT('Ctrl Pts',(11.8434959973543,-47.398071906925,20.999772179714));
#5362=CARTESIAN_POINT('Ctrl Pts',(11.6175753101037,-46.8526511197438,22.1418524620642));
#5363=CARTESIAN_POINT('Ctrl Pts',(11.1275623700662,-45.6696552341671,23.8163130972685));
#5364=CARTESIAN_POINT('Ctrl Pts',(9.99241573375546,-42.9291688295035,25.9919633969959));
#5365=CARTESIAN_POINT('Ctrl Pts',(8.51843370379833,-39.3706614220867,27.218192033184));
#5366=CARTESIAN_POINT('Ctrl Pts',(7.28997825149542,-36.4049076083659,26.8213616474846));
#5367=CARTESIAN_POINT('Ctrl Pts',(6.71925712376302,-35.0270649214614,26.2993150388618));
#5368=CARTESIAN_POINT('Ctrl Pts',(8.29017918273879,-33.6379532663106,28.248219426822));
#5369=CARTESIAN_POINT('Ctrl Pts',(7.50280450256361,-31.7630409707887,27.5359716477485));
#5370=CARTESIAN_POINT('Ctrl Pts',(6.12160381983405,-28.4870862797619,26.29318713387));
#5371=CARTESIAN_POINT('Ctrl Pts',(4.70840672271885,-25.2158345803257,25.0621583182347));
#5372=CARTESIAN_POINT('Ctrl Pts',(4.08476676161455,-23.837421434925,24.5510644944923));
#5373=CARTESIAN_POINT('Ctrl Pts',(7.73719114235875,-33.8757245715404,28.2252147834817));
#5374=CARTESIAN_POINT('Ctrl Pts',(6.95204940259734,-32.0009161700494,27.5102206429339));
#5375=CARTESIAN_POINT('Ctrl Pts',(5.57573149017552,-28.7249894655943,26.2617866171493));
#5376=CARTESIAN_POINT('Ctrl Pts',(4.1746625481646,-25.4538230334317,25.0167833693898));
#5377=CARTESIAN_POINT('Ctrl Pts',(3.56240941780044,-24.074707870304,24.4932672001185));
#5378=CARTESIAN_POINT('Ctrl Pts',(6.85899483041353,-34.4299452888141,27.7225321333734));
#5379=CARTESIAN_POINT('Ctrl Pts',(6.07906981830968,-32.5531790313226,27.0060913981711));
#5380=CARTESIAN_POINT('Ctrl Pts',(4.71469007802534,-29.2729264922793,25.753771847275));
#5381=CARTESIAN_POINT('Ctrl Pts',(3.34157659856819,-25.9904956760748,24.5006421606583));
#5382=CARTESIAN_POINT('Ctrl Pts',(2.75328088530039,-24.5989281346482,23.9708872955445));
#5383=CARTESIAN_POINT('Ctrl Pts',(6.6621360741635,-34.8891625088213,26.7257291117251));
#5384=CARTESIAN_POINT('Ctrl Pts',(5.88376927142469,-33.0099598800528,26.0122360083414));
#5385=CARTESIAN_POINT('Ctrl Pts',(4.52263162488337,-29.7241251145762,24.7665794454541));
#5386=CARTESIAN_POINT('Ctrl Pts',(3.15702282407739,-26.427311360114,23.5289474228209));
#5387=CARTESIAN_POINT('Ctrl Pts',(2.57421341392916,-25.0200441805512,23.0123101484984));
#5388=CARTESIAN_POINT('Ctrl Pts',(6.71925712376301,-35.0270649214614,26.2993150388618));
#5389=CARTESIAN_POINT('Ctrl Pts',(5.94060087165166,-33.1472224371876,25.5870672597883));
#5390=CARTESIAN_POINT('Ctrl Pts',(4.57890356970365,-29.8597943429778,24.3442827459099));
#5391=CARTESIAN_POINT('Ctrl Pts',(3.21161282919324,-26.5588624935305,23.1132539302746));
#5392=CARTESIAN_POINT('Ctrl Pts',(2.62669777507654,-25.1467526370457,22.6021601065321));
#5393=CARTESIAN_POINT('Ctrl Pts',(6.71925712376303,-35.0270649214614,26.2993150388618));
#5394=CARTESIAN_POINT('Ctrl Pts',(5.9406157039317,-33.1472582454792,25.5870808270825));
#5395=CARTESIAN_POINT('Ctrl Pts',(4.75407635632032,-30.2826988601865,24.5041622060095));
#5396=CARTESIAN_POINT('Ctrl Pts',(3.56333151740043,-27.4079865207403,23.4301984257703));
#5397=CARTESIAN_POINT('Ctrl Pts',(3.15364174183661,-26.4189079082086,23.0664663651566));
#5398=CARTESIAN_POINT('',(7.83959360642477,-32.5660725805602,27.8411658987835));
#5399=CARTESIAN_POINT('Ctrl Pts',(8.29017918273879,-33.6379532663106,28.248219426822));
#5400=CARTESIAN_POINT('Ctrl Pts',(8.14008760038702,-33.280552196285,28.1124487462561));
#5401=CARTESIAN_POINT('Ctrl Pts',(7.98992760070015,-32.9232578913128,27.9767538357168));
#5402=CARTESIAN_POINT('Ctrl Pts',(7.83963985703057,-32.5660606366269,27.8411468404019));
#5403=CARTESIAN_POINT('Ctrl Pts',(7.83959360643289,-32.5660725805709,27.8411658987882));
#5404=CARTESIAN_POINT('Ctrl Pts',(7.83379229415691,-32.5560244129583,27.8370740542313));
#5405=CARTESIAN_POINT('Ctrl Pts',(7.82799124283888,-32.5459766973421,27.8329807008064));
#5406=CARTESIAN_POINT('Ctrl Pts',(6.27515822931772,-29.856391022211,26.7368134111879));
#5407=CARTESIAN_POINT('Ctrl Pts',(4.63765701894015,-27.0201557284231,25.4605653861152));
#5408=CARTESIAN_POINT('Ctrl Pts',(3.12254025060902,-24.395896506274,24.1092525010657));
#5409=CARTESIAN_POINT('Ctrl Pts',(2.15777339593767,-24.9499715733252,24.5510644944923));
#5410=CARTESIAN_POINT('Ctrl Pts',(3.03979860303901,-26.1794116982009,25.0622188128515));
#5411=CARTESIAN_POINT('Ctrl Pts',(5.16611979694391,-29.0387837036362,26.2932081901157));
#5412=CARTESIAN_POINT('Ctrl Pts',(7.31256581463376,-31.8729197021574,27.5359852150427));
#5413=CARTESIAN_POINT('Ctrl Pts',(8.54257672195357,-33.4922314791022,28.248219426822));
#5414=CARTESIAN_POINT('Ctrl Pts',(2.62444814885637,-24.6162400614183,24.4932672001185));
#5415=CARTESIAN_POINT('Ctrl Pts',(3.51277548236382,-25.8361687848028,25.0168453343532));
#5416=CARTESIAN_POINT('Ctrl Pts',(5.64508445402075,-28.6850010715758,26.2617991091894));
#5417=CARTESIAN_POINT('Ctrl Pts',(7.79394934966015,-31.5148893561278,27.5102342625424));
#5418=CARTESIAN_POINT('Ctrl Pts',(9.02498673276357,-33.132215440759,28.2252147834817));
#5419=CARTESIAN_POINT('Ctrl Pts',(3.48300016590587,-24.1776247996005,23.9708867542596));
#5420=CARTESIAN_POINT('Ctrl Pts',(4.3940929781781,-25.3830302615061,24.5007043227677));
#5421=CARTESIAN_POINT('Ctrl Pts',(6.5501248699775,-28.213285148311,25.7537897139693));
#5422=CARTESIAN_POINT('Ctrl Pts',(8.70871254886533,-31.0349987754027,27.0061043873194));
#5423=CARTESIAN_POINT('Ctrl Pts',(9.94405376684735,-32.6487860367688,27.7225314753577));
#5424=CARTESIAN_POINT('Ctrl Pts',(3.937231410586,-24.2331053732711,23.0123101484984));
#5425=CARTESIAN_POINT('Ctrl Pts',(4.86466559385959,-25.4416097431232,23.5290085735773));
#5426=CARTESIAN_POINT('Ctrl Pts',(7.03689697828964,-28.2725556040172,24.7666001865738));
#5427=CARTESIAN_POINT('Ctrl Pts',(9.20194703865424,-31.0942534092646,26.0122495993573));
#5428=CARTESIAN_POINT('Ctrl Pts',(10.4401772657053,-32.7079094098752,26.7257291117251));
#5429=CARTESIAN_POINT('Ctrl Pts',(4.02072197221085,-24.3419123915734,22.6021601065321));
#5430=CARTESIAN_POINT('Ctrl Pts',(4.95129758652226,-25.5546621434913,23.1133144248914));
#5431=CARTESIAN_POINT('Ctrl Pts',(7.12625418147053,-28.3891207628562,24.3443038021555));
#5432=CARTESIAN_POINT('Ctrl Pts',(9.29240410780654,-31.2121023082354,25.5870808270826));
#5433=CARTESIAN_POINT('Ctrl Pts',(10.5310437334951,-32.8263288962392,26.2993150388618));
#5434=CARTESIAN_POINT('',(8.54257672195357,-33.4922314791022,28.248219426822));
#5435=CARTESIAN_POINT('Ctrl Pts',(7.83956064199374,-32.5661061561227,27.8411471113866));
#5436=CARTESIAN_POINT('Ctrl Pts',(8.07375890913073,-32.874858820849,27.9767542599525));
#5437=CARTESIAN_POINT('Ctrl Pts',(8.30810476277506,-33.1835486840135,28.1124491258953));
#5438=CARTESIAN_POINT('Ctrl Pts',(8.54257672195357,-33.4922314791022,28.248219426822));
#5439=CARTESIAN_POINT('Origin',(8.89154013720612,-34.0843642525603,26.2993150388618));
#5440=CARTESIAN_POINT('Ctrl Pts',(8.54257672195357,-33.4922314791022,28.248219426822));
#5441=CARTESIAN_POINT('Ctrl Pts',(9.58644195384877,-34.9206046471233,28.8691105025332));
#5442=CARTESIAN_POINT('Ctrl Pts',(11.8533295202961,-37.9847955075957,29.3410795737232));
#5443=CARTESIAN_POINT('Ctrl Pts',(14.5984945270515,-41.647126592582,27.8826755091398));
#5444=CARTESIAN_POINT('Ctrl Pts',(16.8898273272928,-44.6903459076659,25.0868209840546));
#5445=CARTESIAN_POINT('Ctrl Pts',(17.8908187694897,-46.0149294421505,22.7284945099007));
#5446=CARTESIAN_POINT('Ctrl Pts',(18.3269275687822,-46.5918149053601,20.9940294116002));
#5447=CARTESIAN_POINT('Ctrl Pts',(9.02498673276357,-33.132215440759,28.2252147834817));
#5448=CARTESIAN_POINT('Ctrl Pts',(10.0715913534986,-34.5503232183496,28.8566544631215));
#5449=CARTESIAN_POINT('Ctrl Pts',(12.3456360040527,-37.6027646476773,29.3499001524168));
#5450=CARTESIAN_POINT('Ctrl Pts',(15.1058265080362,-41.2693536118304,27.9063123534638));
#5451=CARTESIAN_POINT('Ctrl Pts',(17.4120948134554,-44.3219741370376,25.111867701811));
#5452=CARTESIAN_POINT('Ctrl Pts',(18.4189350089869,-45.6507867973186,22.7496209735717));
#5453=CARTESIAN_POINT('Ctrl Pts',(18.8583530971979,-46.2305196376772,21.0094120171199));
#5454=CARTESIAN_POINT('Ctrl Pts',(9.9439476599379,-32.6491834085042,27.7218153909719));
#5455=CARTESIAN_POINT('Ctrl Pts',(10.9634978090219,-33.9939541213666,28.3334282132292));
#5456=CARTESIAN_POINT('Ctrl Pts',(13.1751368176947,-36.9027663572288,28.819836582358));
#5457=CARTESIAN_POINT('Ctrl Pts',(15.8520059126511,-40.4124335597746,27.4425157874999));
#5458=CARTESIAN_POINT('Ctrl Pts',(18.0863546335988,-43.3386699211256,24.7631061102266));
#5459=CARTESIAN_POINT('Ctrl Pts',(19.0627246602458,-44.6161796951041,22.4916630830475));
#5460=CARTESIAN_POINT('Ctrl Pts',(19.4880064885873,-45.1725997299497,20.8191990204774));
#5461=CARTESIAN_POINT('Ctrl Pts',(10.4401772657053,-32.7079094098752,26.7257291117251));
#5462=CARTESIAN_POINT('Ctrl Pts',(11.383880650288,-33.9376126416468,27.2745311374431));
#5463=CARTESIAN_POINT('Ctrl Pts',(13.4191299151098,-36.5901234675928,27.6981512664692));
#5464=CARTESIAN_POINT('Ctrl Pts',(15.8664830885399,-39.7795446821607,26.4265301390499));
#5465=CARTESIAN_POINT('Ctrl Pts',(17.9044736381744,-42.4354580623484,23.9774285564254));
#5466=CARTESIAN_POINT('Ctrl Pts',(18.7932942492943,-43.5939291679435,21.907953359513));
#5467=CARTESIAN_POINT('Ctrl Pts',(19.1803797664811,-44.0983630726563,20.3855757216903));
#5468=CARTESIAN_POINT('Ctrl Pts',(10.5310437334951,-32.8263288962392,26.2993150388618));
#5469=CARTESIAN_POINT('Ctrl Pts',(11.4389299389067,-34.0095092347842,26.8213616474846));
#5470=CARTESIAN_POINT('Ctrl Pts',(13.3931204660251,-36.5562599130909,27.2181943007923));
#5471=CARTESIAN_POINT('Ctrl Pts',(15.7378876084029,-39.6120199464419,25.9919648932503));
#5472=CARTESIAN_POINT('Ctrl Pts',(17.6889849100211,-42.1547394547928,23.6412041396808));
#5473=CARTESIAN_POINT('Ctrl Pts',(18.5391918540527,-43.2627507164206,21.6583179523617));
#5474=CARTESIAN_POINT('Ctrl Pts',(18.9095194664594,-43.7453710571726,20.199975808685));
#5475=CARTESIAN_POINT('Ctrl Pts',(8.54257672195357,-33.4922314791022,28.248219426822));
#5476=CARTESIAN_POINT('Ctrl Pts',(9.58644195384877,-34.9206046471233,28.8691105025332));
#5477=CARTESIAN_POINT('Ctrl Pts',(11.8533295202961,-37.9847955075957,29.3410795737232));
#5478=CARTESIAN_POINT('Ctrl Pts',(14.5984945270515,-41.647126592582,27.8826755091398));
#5479=CARTESIAN_POINT('Ctrl Pts',(16.8887755503701,-44.68894899673,25.0881043485962));
#5480=CARTESIAN_POINT('Ctrl Pts',(17.8892869534635,-46.0129024296058,22.7321025402031));
#5481=CARTESIAN_POINT('Ctrl Pts',(18.3254252721167,-46.5898276635268,20.9999999797004));
#5482=CARTESIAN_POINT('Origin',(0.267025571327053,-19.4499999999989,16.0061852741483));
#5483=CARTESIAN_POINT('Origin',(0.267025571326904,-19.4499999999986,28.248219426822));
#5484=CARTESIAN_POINT('Origin',(0.267025571327049,-19.4499999999989,26.3217617857081));
#5485=CARTESIAN_POINT('Ctrl Pts',(-24.2014907941591,-40.9920885379408,20.9965457743411));
#5486=CARTESIAN_POINT('Ctrl Pts',(-23.6307243937761,-40.5475703155718,22.7306192085543));
#5487=CARTESIAN_POINT('Ctrl Pts',(-21.8853440170836,-39.187714777642,25.8787999131229));
#5488=CARTESIAN_POINT('Ctrl Pts',(-18.6085504215509,-36.6236239238808,28.2821697092053));
#5489=CARTESIAN_POINT('Ctrl Pts',(-14.9741185902424,-33.7598567399654,29.2198248115171));
#5490=CARTESIAN_POINT('Ctrl Pts',(-12.7387361134919,-31.9812608156478,28.8690247092715));
#5491=CARTESIAN_POINT('Ctrl Pts',(-11.3609399543694,-30.8718837978919,28.2482194268219));
#5492=CARTESIAN_POINT('Ctrl Pts',(-24.6212932039411,-40.5055587453823,21.0119351987289));
#5493=CARTESIAN_POINT('Ctrl Pts',(-24.0465920025642,-40.0591461476964,22.7517500862571));
#5494=CARTESIAN_POINT('Ctrl Pts',(-22.2915263248755,-38.6953650509705,25.9058276451));
#5495=CARTESIAN_POINT('Ctrl Pts',(-18.9979647303003,-36.1271555312313,28.3034527938176));
#5496=CARTESIAN_POINT('Ctrl Pts',(-15.3492084581106,-33.266276945347,29.2232116165512));
#5497=CARTESIAN_POINT('Ctrl Pts',(-13.1115185639047,-31.4980319843344,28.8565672122786));
#5498=CARTESIAN_POINT('Ctrl Pts',(-11.7337332354056,-30.3992781102322,28.2252147834817));
#5499=CARTESIAN_POINT('Ctrl Pts',(-24.9557080919593,-39.3207470682448,20.8216250684535));
#5500=CARTESIAN_POINT('Ctrl Pts',(-24.4007024588972,-38.8932012824068,22.4937097307164));
#5501=CARTESIAN_POINT('Ctrl Pts',(-22.7033407304851,-37.5855532775274,25.5259820821908));
#5502=CARTESIAN_POINT('Ctrl Pts',(-19.5201610257773,-35.1305277275035,27.8226127322136));
#5503=CARTESIAN_POINT('Ctrl Pts',(-15.9943720293531,-32.406577729254,28.6949870057951));
#5504=CARTESIAN_POINT('Ctrl Pts',(-13.8290411636565,-30.7297880146371,28.3333426383808));
#5505=CARTESIAN_POINT('Ctrl Pts',(-12.4963632434089,-29.6948612721607,27.7218143273381));
#5506=CARTESIAN_POINT('Ctrl Pts',(-24.3806053353083,-38.3627923844045,20.3877846619754));
#5507=CARTESIAN_POINT('Ctrl Pts',(-23.8759677099102,-37.9755900919116,21.9098180125086));
#5508=CARTESIAN_POINT('Ctrl Pts',(-22.332338955196,-36.7910354672698,24.6723481305336));
#5509=CARTESIAN_POINT('Ctrl Pts',(-19.4315892925014,-34.5651622409738,26.7757101405114));
#5510=CARTESIAN_POINT('Ctrl Pts',(-16.208486915628,-32.0921236707261,27.5893570479777));
#5511=CARTESIAN_POINT('Ctrl Pts',(-14.2205319929233,-30.566575017738,27.274455305276));
#5512=CARTESIAN_POINT('Ctrl Pts',(-12.9908838385492,-29.6231516943772,26.7257291117251));
#5513=CARTESIAN_POINT('Ctrl Pts',(-24.0276450927613,-38.0919564646146,20.2020915721198));
#5514=CARTESIAN_POINT('Ctrl Pts',(-23.5448480415278,-37.7214932574864,21.6601044037536));
#5515=CARTESIAN_POINT('Ctrl Pts',(-22.0682259768409,-36.588441296207,24.3071017990202));
#5516=CARTESIAN_POINT('Ctrl Pts',(-19.2908874258381,-34.4573144712682,26.3278605124131));
#5517=CARTESIAN_POINT('Ctrl Pts',(-16.2010273811356,-32.0863814698901,27.1162430248516));
#5518=CARTESIAN_POINT('Ctrl Pts',(-14.2923201743949,-30.621778918008,26.8212895123178));
#5519=CARTESIAN_POINT('Ctrl Pts',(-13.1093033249133,-29.7140181621669,26.2993150388618));
#5520=CARTESIAN_POINT('',(-11.3609399543694,-30.8718837978919,28.2482194268219));
#5521=CARTESIAN_POINT('Ctrl Pts',(-24.2003533761609,-40.9912027057871,20.999999994831));
#5522=CARTESIAN_POINT('Ctrl Pts',(-23.6295653116655,-40.5466672540075,22.7327095609941));
#5523=CARTESIAN_POINT('Ctrl Pts',(-21.8844736609265,-39.1870337239848,25.8794382773161));
#5524=CARTESIAN_POINT('Ctrl Pts',(-18.6085504215509,-36.6236239238808,28.2821697092053));
#5525=CARTESIAN_POINT('Ctrl Pts',(-14.9741185902424,-33.7598567399654,29.2198248115171));
#5526=CARTESIAN_POINT('Ctrl Pts',(-12.7387361134919,-31.9812608156478,28.8690247092715));
#5527=CARTESIAN_POINT('Ctrl Pts',(-11.3609399543694,-30.8718837978919,28.2482194268219));
#5528=CARTESIAN_POINT('',(-13.1093033249133,-29.7140181621669,26.2993150388618));
#5529=CARTESIAN_POINT('Origin',(-11.8512679685922,-31.3535217584559,26.2993150388618));
#5530=CARTESIAN_POINT('Ctrl Pts',(-23.7325280436721,-37.8655051882357,20.9997723007837));
#5531=CARTESIAN_POINT('Ctrl Pts',(-23.2641649498285,-37.5061175461562,22.1418533296545));
#5532=CARTESIAN_POINT('Ctrl Pts',(-22.2483049248514,-36.7266207329823,23.8163171054673));
#5533=CARTESIAN_POINT('Ctrl Pts',(-19.8949950350189,-34.920862543436,25.9919665677224));
#5534=CARTESIAN_POINT('Ctrl Pts',(-16.8392344989661,-32.5760950153217,27.2181968408393));
#5535=CARTESIAN_POINT('Ctrl Pts',(-14.2924836634582,-30.6219043675785,26.8213616474846));
#5536=CARTESIAN_POINT('Ctrl Pts',(-13.1093033249133,-29.7140181621669,26.2993150388618));
#5537=CARTESIAN_POINT('Ctrl Pts',(-11.3609399543694,-30.8718837978919,28.2482194268219));
#5538=CARTESIAN_POINT('Ctrl Pts',(-9.75370130895868,-29.6260752493666,27.5359716477484));
#5539=CARTESIAN_POINT('Ctrl Pts',(-6.94686051559208,-27.4440503526602,26.2931921219528));
#5540=CARTESIAN_POINT('Ctrl Pts',(-4.15282893138165,-25.232352558821,25.0621583182347));
#5541=CARTESIAN_POINT('Ctrl Pts',(-2.98279397416354,-24.2732030400351,24.5510644944923));
#5542=CARTESIAN_POINT('Ctrl Pts',(-11.7337332354056,-30.3992781102322,28.2252147834817));
#5543=CARTESIAN_POINT('Ctrl Pts',(-10.1260170164168,-29.155653306275,27.5102206429338));
#5544=CARTESIAN_POINT('Ctrl Pts',(-7.31793931760244,-26.9783568552644,26.2617837251551));
#5545=CARTESIAN_POINT('Ctrl Pts',(-4.52085128218247,-24.778391220166,25.0167833693898));
#5546=CARTESIAN_POINT('Ctrl Pts',(-3.34719109925242,-23.8300588397138,24.4932672001185));
#5547=CARTESIAN_POINT('Ctrl Pts',(-12.4963629201283,-29.6944496524289,27.722530903922));
#5548=CARTESIAN_POINT('Ctrl Pts',(-10.8854053689938,-28.4553570900244,27.0060901687197));
#5549=CARTESIAN_POINT('Ctrl Pts',(-8.07005289705314,-26.2884724258855,25.7537737971414));
#5550=CARTESIAN_POINT('Ctrl Pts',(-5.25485541621861,-24.1125940876922,24.5006411493093));
#5551=CARTESIAN_POINT('Ctrl Pts',(-4.062966523675,-23.184179882484,23.9708862841956));
#5552=CARTESIAN_POINT('Ctrl Pts',(-12.9908838385492,-29.6231516943771,26.7257291117251));
#5553=CARTESIAN_POINT('Ctrl Pts',(-11.3771696392157,-28.3849336673537,26.0122360083414));
#5554=CARTESIAN_POINT('Ctrl Pts',(-8.55557996575183,-26.2197368718099,24.7665843024708));
#5555=CARTESIAN_POINT('Ctrl Pts',(-5.72455334016249,-24.0473840479429,23.5289474228209));
#5556=CARTESIAN_POINT('Ctrl Pts',(-4.51607980194516,-23.1202058392578,23.0123101484984));
#5557=CARTESIAN_POINT('Ctrl Pts',(-13.1093033249133,-29.7140181621669,26.2993150388618));
#5558=CARTESIAN_POINT('Ctrl Pts',(-11.4950459876323,-28.4753549417282,25.5870672597883));
#5559=CARTESIAN_POINT('Ctrl Pts',(-8.67206185558701,-26.3092030305734,24.3442877339926));
#5560=CARTESIAN_POINT('Ctrl Pts',(-5.83749304441082,-24.1341618824745,23.1132539302745));
#5561=CARTESIAN_POINT('Ctrl Pts',(-4.62488682024744,-23.2036964008827,22.6021601065321));
#5562=CARTESIAN_POINT('Ctrl Pts',(-13.1093033249133,-29.7140181621669,26.2993150388618));
#5563=CARTESIAN_POINT('Ctrl Pts',(-11.4950767369095,-28.4753785364784,25.5870808270825));
#5564=CARTESIAN_POINT('Ctrl Pts',(-9.03522084547003,-26.5878647244379,24.5041656403709));
#5565=CARTESIAN_POINT('Ctrl Pts',(-6.56665173018071,-24.693665020585,23.4301993614856));
#5566=CARTESIAN_POINT('Ctrl Pts',(-5.71731119396134,-24.0419431051594,23.0664668220504));
#5567=CARTESIAN_POINT('',(-10.4422028459012,-30.1592284172271,27.8411658987835));
#5568=CARTESIAN_POINT('Ctrl Pts',(-11.3609399543694,-30.8718837978919,28.2482194268219));
#5569=CARTESIAN_POINT('Ctrl Pts',(-11.054563555921,-30.6344042317159,28.1124487309278));
#5570=CARTESIAN_POINT('Ctrl Pts',(-10.7483081461236,-30.3968860457403,27.97675390865));
#5571=CARTESIAN_POINT('Ctrl Pts',(-10.4421796332805,-30.1592694884686,27.8411470628834));
#5572=CARTESIAN_POINT('Ctrl Pts',(-10.4422028459094,-30.1592284172377,27.8411658987882));
#5573=CARTESIAN_POINT('Ctrl Pts',(-10.4339985514091,-30.1510241227374,27.8370740542313));
#5574=CARTESIAN_POINT('Ctrl Pts',(-10.425794625963,-30.1428201972885,27.8329807008064));
#5575=CARTESIAN_POINT('Ctrl Pts',(-8.22975711809992,-27.9467826894552,26.7368134111879));
#5576=CARTESIAN_POINT('Ctrl Pts',(-5.91398069802176,-25.6310062693477,25.4605653861152));
#5577=CARTESIAN_POINT('Ctrl Pts',(-3.77128201566898,-23.4883075869949,24.1092525010657));
#5578=CARTESIAN_POINT('Ctrl Pts',(-4.55617746870912,-22.6998195454895,24.5510644944923));
#5579=CARTESIAN_POINT('Ctrl Pts',(-5.51544051534435,-23.8699929915977,25.0622188128515));
#5580=CARTESIAN_POINT('Ctrl Pts',(-7.72704961803005,-26.6639211932208,26.2932080037762));
#5581=CARTESIAN_POINT('Ctrl Pts',(-9.90907340889911,-29.4707574958658,27.5359852150427));
#5582=CARTESIAN_POINT('Ctrl Pts',(-11.154858226566,-31.0779655256953,28.248219426822));
#5583=CARTESIAN_POINT('Ctrl Pts',(-4.11303326838789,-23.0642166705784,24.4932672001185));
#5584=CARTESIAN_POINT('Ctrl Pts',(-5.06147789634004,-24.2380157714912,25.0168453343532));
#5585=CARTESIAN_POINT('Ctrl Pts',(-7.26135649434551,-27.0349998487699,26.2617991970718));
#5586=CARTESIAN_POINT('Ctrl Pts',(-9.43865142421029,-29.843073212421,27.5102342625424));
#5587=CARTESIAN_POINT('Ctrl Pts',(-10.6822525389063,-31.4507588067315,28.2252147834817));
#5588=CARTESIAN_POINT('Ctrl Pts',(-3.46715431115803,-23.7799920950009,23.9708862841956));
#5589=CARTESIAN_POINT('Ctrl Pts',(-4.39567840629049,-24.9720220631328,24.5007038527037));
#5590=CARTESIAN_POINT('Ctrl Pts',(-6.5714727056474,-27.787112761419,25.7537890739045));
#5591=CARTESIAN_POINT('Ctrl Pts',(-8.73835512162702,-30.6024616267407,27.0061038158837));
#5592=CARTESIAN_POINT('Ctrl Pts',(-9.97742408110297,-32.2133884914543,27.722530903922));
#5593=CARTESIAN_POINT('Ctrl Pts',(-3.4031802679319,-24.2331053732711,23.0123101484984));
#5594=CARTESIAN_POINT('Ctrl Pts',(-4.33046822024489,-25.4417219500857,23.5290085735773));
#5595=CARTESIAN_POINT('Ctrl Pts',(-6.50273714085045,-28.2726392069797,24.7666000047433));
#5596=CARTESIAN_POINT('Ctrl Pts',(-8.66793168229762,-31.0942259494728,26.0122495993573));
#5597=CARTESIAN_POINT('Ctrl Pts',(-9.90612612305123,-32.7079094098752,26.7257291117251));
#5598=CARTESIAN_POINT('Ctrl Pts',(-3.48667082955675,-24.3419123915734,22.6021601065321));
#5599=CARTESIAN_POINT('Ctrl Pts',(-4.41724644386815,-25.5546621434913,23.1133144248914));
#5600=CARTESIAN_POINT('Ctrl Pts',(-6.59220316691799,-28.3891209298014,24.344303615816));
#5601=CARTESIAN_POINT('Ctrl Pts',(-8.75835296515245,-31.2121023082354,25.5870808270825));
#5602=CARTESIAN_POINT('Ctrl Pts',(-9.99699259084099,-32.8263288962392,26.2993150388618));
#5603=CARTESIAN_POINT('',(-11.154858226566,-31.0779655256953,28.248219426822));
#5604=CARTESIAN_POINT('Ctrl Pts',(-10.4422438270447,-30.1592052557667,27.841147103646));
#5605=CARTESIAN_POINT('Ctrl Pts',(-10.6798610181558,-30.4653344880757,27.9767542576087));
#5606=CARTESIAN_POINT('Ctrl Pts',(-10.9173793525715,-30.7715900202419,28.1124491266585));
#5607=CARTESIAN_POINT('Ctrl Pts',(-11.154858226566,-31.0779655256953,28.248219426822));
#5608=CARTESIAN_POINT('',(-9.996992590841,-32.8263288962392,26.2993150388618));
#5609=CARTESIAN_POINT('Origin',(-11.6364961871299,-31.5682935399181,26.2993150388618));
#5610=CARTESIAN_POINT('Ctrl Pts',(-4.32491746042762,-25.4343366696229,23.0664671763873));
#5611=CARTESIAN_POINT('Ctrl Pts',(-4.97659228737591,-26.2836158389438,23.4301738048454));
#5612=CARTESIAN_POINT('Ctrl Pts',(-6.87083485692109,-28.7522408178911,24.5041621850958));
#5613=CARTESIAN_POINT('Ctrl Pts',(-8.75832937040227,-31.2120715589583,25.5870672597883));
#5614=CARTESIAN_POINT('Ctrl Pts',(-9.99699259084099,-32.8263288962392,26.2993150388618));
#5615=CARTESIAN_POINT('Ctrl Pts',(-11.154858226566,-31.0779655256953,28.2482194268219));
#5616=CARTESIAN_POINT('Ctrl Pts',(-12.264388556601,-32.4559520917454,28.8691105025332));
#5617=CARTESIAN_POINT('Ctrl Pts',(-14.6374559313777,-35.4386682656746,29.3410790403871));
#5618=CARTESIAN_POINT('Ctrl Pts',(-17.4644950546218,-39.0381749642092,27.882675157347));
#5619=CARTESIAN_POINT('Ctrl Pts',(-19.8109785419888,-42.0390755102379,25.0868205283398));
#5620=CARTESIAN_POINT('Ctrl Pts',(-20.8313525237612,-43.3487866787153,22.7284945099007));
#5621=CARTESIAN_POINT('Ctrl Pts',(-21.2757078284925,-43.9193443757453,20.9940294116002));
#5622=CARTESIAN_POINT('Ctrl Pts',(-10.6822525389063,-31.4507588067315,28.2252147834817));
#5623=CARTESIAN_POINT('Ctrl Pts',(-11.7811582572039,-32.8287345406614,28.8566544631215));
#5624=CARTESIAN_POINT('Ctrl Pts',(-14.1410241397857,-35.8153229521428,29.3499003847884));
#5625=CARTESIAN_POINT('Ctrl Pts',(-16.9682872160484,-39.4304452302924,27.9063125754339));
#5626=CARTESIAN_POINT('Ctrl Pts',(-19.3199860699562,-42.4482056980372,25.1118678863416));
#5627=CARTESIAN_POINT('Ctrl Pts',(-20.3429311978552,-43.7646607421119,22.7496209735716));
#5628=CARTESIAN_POINT('Ctrl Pts',(-20.7891803507139,-44.3391519222096,21.0094120171198));
#5629=CARTESIAN_POINT('Ctrl Pts',(-9.97783570073563,-32.2133888147572,27.7218143274597));
#5630=CARTESIAN_POINT('Ctrl Pts',(-11.0129054667065,-33.5462509067392,28.333427149717));
#5631=CARTESIAN_POINT('Ctrl Pts',(-13.2501877249273,-36.4353856371294,28.819834757294));
#5632=CARTESIAN_POINT('Ctrl Pts',(-15.9474408609549,-39.9294108369855,27.4425143607573));
#5633=CARTESIAN_POINT('Ctrl Pts',(-18.1956759295877,-42.8449913745736,24.7631045887276));
#5634=CARTESIAN_POINT('Ctrl Pts',(-19.1769523513694,-44.1187360918464,22.4916625011384));
#5635=CARTESIAN_POINT('Ctrl Pts',(-19.6043417965806,-44.6735388953875,20.8191984385683));
#5636=CARTESIAN_POINT('Ctrl Pts',(-9.90612612305123,-32.7079094098752,26.7257291117251));
#5637=CARTESIAN_POINT('Ctrl Pts',(-10.8496798244329,-33.9377274976066,27.2745311374431));
#5638=CARTESIAN_POINT('Ctrl Pts',(-12.8850472203448,-36.5901476437608,27.6981506493788));
#5639=CARTESIAN_POINT('Ctrl Pts',(-15.3323698584588,-39.7795921197535,26.4265297211592));
#5640=CARTESIAN_POINT('Ctrl Pts',(-17.3703143261253,-42.4355406863897,23.9774280344249));
#5641=CARTESIAN_POINT('Ctrl Pts',(-18.2592679915403,-43.593910073088,21.907953359513));
#5642=CARTESIAN_POINT('Ctrl Pts',(-18.646328623827,-44.0983630726563,20.3855757216902));
#5643=CARTESIAN_POINT('Ctrl Pts',(-9.99699259084099,-32.8263288962392,26.2993150388618));
#5644=CARTESIAN_POINT('Ctrl Pts',(-10.9048787962526,-34.0095092347842,26.8213616474846));
#5645=CARTESIAN_POINT('Ctrl Pts',(-12.8590693018872,-36.5562598850926,27.2181938523622));
#5646=CARTESIAN_POINT('Ctrl Pts',(-15.2038363763358,-39.6120198299167,25.9919645974622));
#5647=CARTESIAN_POINT('Ctrl Pts',(-17.1549336136837,-42.1547392545088,23.6412037565148));
#5648=CARTESIAN_POINT('Ctrl Pts',(-18.0051407113986,-43.2627507164205,21.6583179523617));
#5649=CARTESIAN_POINT('Ctrl Pts',(-18.3754683238053,-43.7453710571726,20.199975808685));
#5650=CARTESIAN_POINT('Ctrl Pts',(-9.996992590841,-32.8263288962392,26.2993150388618));
#5651=CARTESIAN_POINT('Ctrl Pts',(-10.9047533466821,-34.0093457457208,26.8212895123178));
#5652=CARTESIAN_POINT('Ctrl Pts',(-12.3693562256296,-35.9180533787015,27.1162459462379));
#5653=CARTESIAN_POINT('Ctrl Pts',(-14.7402893116974,-39.0079135337738,26.3278625836023));
#5654=CARTESIAN_POINT('Ctrl Pts',(-16.7130800228271,-41.5789044438235,24.4572409708596));
#5655=CARTESIAN_POINT('Ctrl Pts',(-17.7890790201346,-42.9811736382662,22.1428791192232));
#5656=CARTESIAN_POINT('Ctrl Pts',(-18.1485454642739,-43.4496394289537,20.9998280559808));
#5657=CARTESIAN_POINT('Ctrl Pts',(-11.154858226566,-31.0779655256953,28.2482194268219));
#5658=CARTESIAN_POINT('Ctrl Pts',(-12.264388556601,-32.4559520917454,28.8691105025332));
#5659=CARTESIAN_POINT('Ctrl Pts',(-14.6374559313777,-35.4386682656746,29.3410790403871));
#5660=CARTESIAN_POINT('Ctrl Pts',(-17.4644950546218,-39.0381749642092,27.882675157347));
#5661=CARTESIAN_POINT('Ctrl Pts',(-19.8099014495728,-42.0376980246359,25.0881038929291));
#5662=CARTESIAN_POINT('Ctrl Pts',(-20.8297910428709,-43.3467824282408,22.7321025395061));
#5663=CARTESIAN_POINT('Ctrl Pts',(-21.2741771232705,-43.917378932563,20.9999999796991));
#5664=CARTESIAN_POINT('Origin',(0.267025571327055,-19.4499999999989,16.0061852741483));
#5665=CARTESIAN_POINT('Origin',(0.267025571327262,-19.4499999999987,28.248219426822));
#5666=CARTESIAN_POINT('Origin',(0.267025571327049,-19.4499999999989,26.3217617857081));
#5667=CARTESIAN_POINT('Ctrl Pts',(-28.9432491019768,-33.9251416302121,20.9965457743411));
#5668=CARTESIAN_POINT('Ctrl Pts',(-28.2768813132246,-33.6434952136936,22.7306192085543));
#5669=CARTESIAN_POINT('Ctrl Pts',(-26.2390113091947,-32.7817109735692,25.8787927152106));
#5670=CARTESIAN_POINT('Ctrl Pts',(-22.4102398459304,-31.1530874550058,28.2821634673485));
#5671=CARTESIAN_POINT('Ctrl Pts',(-18.1584512037438,-29.3275610119108,29.2198160199668));
#5672=CARTESIAN_POINT('Ctrl Pts',(-15.5389044888373,-28.1881296377025,28.8690247092715));
#5673=CARTESIAN_POINT('Ctrl Pts',(-13.9209276949847,-27.4731536114106,28.2482194268219));
#5674=CARTESIAN_POINT('Ctrl Pts',(-29.2228239151997,-33.3465370794893,21.0119351987289));
#5675=CARTESIAN_POINT('Ctrl Pts',(-28.5521651001357,-33.0640792383634,22.7517500862571));
#5676=CARTESIAN_POINT('Ctrl Pts',(-26.5039271031233,-32.2010109952726,25.9058329656946));
#5677=CARTESIAN_POINT('Ctrl Pts',(-22.65789125843,-30.5727483393845,28.3034558957867));
#5678=CARTESIAN_POINT('Ctrl Pts',(-18.3930120092961,-28.7537186840046,29.2232141528554));
#5679=CARTESIAN_POINT('Ctrl Pts',(-15.7739158605917,-27.6248832316826,28.8565672122786));
#5680=CARTESIAN_POINT('Ctrl Pts',(-14.1586990002145,-26.9201655710306,28.2252147834817));
#5681=CARTESIAN_POINT('Ctrl Pts',(-29.2392079387195,-32.1155407181551,20.8216306749469));
#5682=CARTESIAN_POINT('Ctrl Pts',(-28.5924566719807,-31.8462092296687,22.4937153372098));
#5683=CARTESIAN_POINT('Ctrl Pts',(-26.6144764035386,-31.0224238602273,25.5259826280665));
#5684=CARTESIAN_POINT('Ctrl Pts',(-22.9043530630885,-29.474918949548,27.8226152695336));
#5685=CARTESIAN_POINT('Ctrl Pts',(-18.7936911707072,-27.7563262855826,28.6949875442667));
#5686=CARTESIAN_POINT('Ctrl Pts',(-16.2681529595337,-26.6970994802466,28.3333528798929));
#5687=CARTESIAN_POINT('Ctrl Pts',(-14.7130261870024,-26.042359438119,27.7218245688502));
#5688=CARTESIAN_POINT('Ctrl Pts',(-28.4357485433868,-31.3390783160448,20.3877846619754));
#5689=CARTESIAN_POINT('Ctrl Pts',(-27.8480907004931,-31.0956794500558,21.9098180125086));
#5690=CARTESIAN_POINT('Ctrl Pts',(-26.0504693150694,-30.351005267844,24.6723394551184));
#5691=CARTESIAN_POINT('Ctrl Pts',(-22.6724654156438,-28.9517476604074,26.7757028700903));
#5692=CARTESIAN_POINT('Ctrl Pts',(-18.9191188386543,-27.3971764067794,27.5893471201265));
#5693=CARTESIAN_POINT('Ctrl Pts',(-16.6040617707337,-26.4381310948658,27.274455305276));
#5694=CARTESIAN_POINT('Ctrl Pts',(-15.1721369374954,-25.8451105028353,26.7257291117251));
#5695=CARTESIAN_POINT('Ctrl Pts',(-28.0247176353179,-31.1688237393681,20.2020915721198));
#5696=CARTESIAN_POINT('Ctrl Pts',(-27.4624885611607,-30.9359408316917,21.6601044037536));
#5697=CARTESIAN_POINT('Ctrl Pts',(-25.7429211082885,-30.2236726712967,24.3070957469994));
#5698=CARTESIAN_POINT('Ctrl Pts',(-22.5086449157415,-28.8839916078833,26.3278552642459));
#5699=CARTESIAN_POINT('Ctrl Pts',(-18.9104270041726,-27.3935609485377,27.1162356328963));
#5700=CARTESIAN_POINT('Ctrl Pts',(-16.6876916499932,-26.4728738192704,26.8212895123178));
#5701=CARTESIAN_POINT('Ctrl Pts',(-15.3100393501355,-25.9022315524349,26.2993150388618));
#5702=CARTESIAN_POINT('',(-13.9209276949847,-27.4731536114106,28.2482194268219));
#5703=CARTESIAN_POINT('Ctrl Pts',(-28.9419211703213,-33.9245803674957,20.9999999948263));
#5704=CARTESIAN_POINT('Ctrl Pts',(-28.2755279926898,-33.6429229141786,22.7327095562153));
#5705=CARTESIAN_POINT('Ctrl Pts',(-26.2379943410153,-32.7812783913923,25.8794310796577));
#5706=CARTESIAN_POINT('Ctrl Pts',(-22.4102398459304,-31.1530874550058,28.2821634673485));
#5707=CARTESIAN_POINT('Ctrl Pts',(-18.1584512037438,-29.3275610119108,29.2198160199668));
#5708=CARTESIAN_POINT('Ctrl Pts',(-15.5389044888373,-28.1881296377025,28.8690247092715));
#5709=CARTESIAN_POINT('Ctrl Pts',(-13.9209276949847,-27.4731536114106,28.2482194268219));
#5710=CARTESIAN_POINT('',(-15.3100393501355,-25.9022315524349,26.2993150388618));
#5711=CARTESIAN_POINT('Origin',(-14.5192052643139,-27.8114739280124,26.2993150388618));
#5712=CARTESIAN_POINT('Ctrl Pts',(-27.6810464551688,-31.0264704755536,20.9997722463909));
#5713=CARTESIAN_POINT('Ctrl Pts',(-27.135625895059,-30.800549882359,22.1418529400095));
#5714=CARTESIAN_POINT('Ctrl Pts',(-25.9526310174752,-30.3105373598458,23.816315305402));
#5715=CARTESIAN_POINT('Ctrl Pts',(-23.2121440595263,-29.1753904943568,25.991965144073));
#5716=CARTESIAN_POINT('Ctrl Pts',(-19.6536360440982,-27.7014082125531,27.218194681113));
#5717=CARTESIAN_POINT('Ctrl Pts',(-16.6878820370399,-26.4729526801672,26.8213616474846));
#5718=CARTESIAN_POINT('Ctrl Pts',(-15.3100393501355,-25.9022315524349,26.2993150388618));
#5719=CARTESIAN_POINT('Ctrl Pts',(-13.9209276949847,-27.4731536114106,28.248219426822));
#5720=CARTESIAN_POINT('Ctrl Pts',(-12.0460153994628,-26.6857789312354,27.5359716477485));
#5721=CARTESIAN_POINT('Ctrl Pts',(-8.7700614641102,-25.3045768103462,26.2931878761229));
#5722=CARTESIAN_POINT('Ctrl Pts',(-5.49880900899976,-23.8913811513907,25.0621583182347));
#5723=CARTESIAN_POINT('Ctrl Pts',(-4.12039586359905,-23.2677411902864,24.5510644944923));
#5724=CARTESIAN_POINT('Ctrl Pts',(-14.1586990002145,-26.9201655710306,28.2252147834817));
#5725=CARTESIAN_POINT('Ctrl Pts',(-12.2838905987234,-26.1350238312692,27.5102206429338));
#5726=CARTESIAN_POINT('Ctrl Pts',(-9.00796480861535,-24.7587051789109,26.2617861868054));
#5727=CARTESIAN_POINT('Ctrl Pts',(-5.73679746210575,-23.3576369768364,25.0167833693898));
#5728=CARTESIAN_POINT('Ctrl Pts',(-4.35768229897803,-22.7453838464723,24.4932672001185));
#5729=CARTESIAN_POINT('Ctrl Pts',(-14.7129197835689,-26.0419671080148,27.7225343105977));
#5730=CARTESIAN_POINT('Ctrl Pts',(-12.8361535260774,-25.262042095911,27.0060935753954));
#5731=CARTESIAN_POINT('Ctrl Pts',(-9.55590099800677,-23.8976620205659,25.7537742848463));
#5732=CARTESIAN_POINT('Ctrl Pts',(-6.27347023054141,-22.5245491585993,24.5006439516468));
#5733=CARTESIAN_POINT('Ctrl Pts',(-4.88190268911485,-21.9362534453315,23.970889086533));
#5734=CARTESIAN_POINT('Ctrl Pts',(-15.1721369374954,-25.8451105028353,26.7257291117251));
#5735=CARTESIAN_POINT('Ctrl Pts',(-13.2929343087268,-25.0667437000965,26.0122360083414));
#5736=CARTESIAN_POINT('Ctrl Pts',(-10.0070986893471,-23.7056059475589,24.7665801682037));
#5737=CARTESIAN_POINT('Ctrl Pts',(-6.71028578878807,-22.3399972527492,23.5289474228209));
#5738=CARTESIAN_POINT('Ctrl Pts',(-5.30301860922529,-21.757187842601,23.0123101484984));
#5739=CARTESIAN_POINT('Ctrl Pts',(-15.3100393501355,-25.9022315524349,26.2993150388618));
#5740=CARTESIAN_POINT('Ctrl Pts',(-13.4301968658616,-25.1235753003235,25.5870672597883));
#5741=CARTESIAN_POINT('Ctrl Pts',(-10.1427677961846,-23.7618775943237,24.3442834881627));
#5742=CARTESIAN_POINT('Ctrl Pts',(-6.84183692220452,-22.3945872578651,23.1132539302745));
#5743=CARTESIAN_POINT('Ctrl Pts',(-5.42972706571978,-21.8096722037484,22.6021601065321));
#5744=CARTESIAN_POINT('Ctrl Pts',(-15.3100393501355,-25.9022315524349,26.2993150388618));
#5745=CARTESIAN_POINT('Ctrl Pts',(-13.4302326741533,-25.1235901326035,25.5870808270825));
#5746=CARTESIAN_POINT('Ctrl Pts',(-10.5656725545411,-23.9370504808271,24.5041629324421));
#5747=CARTESIAN_POINT('Ctrl Pts',(-7.6909607900932,-22.7463058800793,23.4301986236918));
#5748=CARTESIAN_POINT('Ctrl Pts',(-6.70188230647387,-22.3366161579127,23.0664664617983));
#5749=CARTESIAN_POINT('',(-12.8490470092343,-27.0225680350966,27.8411658987835));
#5750=CARTESIAN_POINT('Ctrl Pts',(-13.9209276949847,-27.4731536114106,28.248219426822));
#5751=CARTESIAN_POINT('Ctrl Pts',(-13.5635266189548,-27.3230620265373,28.1124487439752));
#5752=CARTESIAN_POINT('Ctrl Pts',(-13.2062323236726,-27.1729019944646,27.9767538465697));
#5753=CARTESIAN_POINT('Ctrl Pts',(-12.8490350879614,-27.0226142007399,27.8411468735083));
#5754=CARTESIAN_POINT('Ctrl Pts',(-12.849047009245,-27.0225680351047,27.8411658987882));
#5755=CARTESIAN_POINT('Ctrl Pts',(-12.8389988416324,-27.0167667228288,27.8370740542313));
#5756=CARTESIAN_POINT('Ctrl Pts',(-12.8289511260162,-27.0109656715107,27.8329807008064));
#5757=CARTESIAN_POINT('Ctrl Pts',(-10.1393654508851,-25.4581326579896,26.7368134111879));
#5758=CARTESIAN_POINT('Ctrl Pts',(-7.30313015709716,-23.820631447612,25.4605653861152));
#5759=CARTESIAN_POINT('Ctrl Pts',(-4.67887093494808,-22.3055146792809,24.1092525010657));
#5760=CARTESIAN_POINT('Ctrl Pts',(-5.23294600199922,-21.3407478246095,24.5510644944923));
#5761=CARTESIAN_POINT('Ctrl Pts',(-6.46238612687498,-22.2227730317108,25.0622188128515));
#5762=CARTESIAN_POINT('Ctrl Pts',(-9.32175737143427,-24.3490957289265,26.2932090061988));
#5763=CARTESIAN_POINT('Ctrl Pts',(-12.1558941308314,-26.4955402433056,27.5359852150427));
#5764=CARTESIAN_POINT('Ctrl Pts',(-13.7752059077763,-27.7255511506254,28.248219426822));
#5765=CARTESIAN_POINT('Ctrl Pts',(-4.89921449009233,-21.8074225775282,24.4932672001185));
#5766=CARTESIAN_POINT('Ctrl Pts',(-6.11914321347691,-22.6957499110356,25.0168453343532));
#5767=CARTESIAN_POINT('Ctrl Pts',(-8.96797543985848,-24.8280601692789,26.2617987243036));
#5768=CARTESIAN_POINT('Ctrl Pts',(-11.7978637848018,-26.976923778332,27.5102342625423));
#5769=CARTESIAN_POINT('Ctrl Pts',(-13.4151898694331,-28.2079611614354,28.2252147834817));
#5770=CARTESIAN_POINT('Ctrl Pts',(-4.46059767908645,-22.6659756336751,23.9708885381021));
#5771=CARTESIAN_POINT('Ctrl Pts',(-5.66600314099207,-23.5770684459473,24.5007061066102));
#5772=CARTESIAN_POINT('Ctrl Pts',(-8.49625758431815,-25.733100707033,25.7537922133275));
#5773=CARTESIAN_POINT('Ctrl Pts',(-11.3179713815364,-27.8916881057803,27.0061065558566));
#5774=CARTESIAN_POINT('Ctrl Pts',(-12.9317586429025,-29.1270293237623,27.7225336438948));
#5775=CARTESIAN_POINT('Ctrl Pts',(-4.51607980194516,-23.1202058392578,23.0123101484984));
#5776=CARTESIAN_POINT('Ctrl Pts',(-5.72458417179722,-24.0476400225314,23.5290085735773));
#5777=CARTESIAN_POINT('Ctrl Pts',(-8.55552962820692,-26.2198708010322,24.7666009829094));
#5778=CARTESIAN_POINT('Ctrl Pts',(-11.3772278379387,-28.3849214673261,26.0122495993573));
#5779=CARTESIAN_POINT('Ctrl Pts',(-12.9908838385492,-29.6231516943772,26.7257291117251));
#5780=CARTESIAN_POINT('Ctrl Pts',(-4.62488682024744,-23.2036964008827,22.6021601065321));
#5781=CARTESIAN_POINT('Ctrl Pts',(-5.83763657216535,-24.1342720151941,23.1133144248914));
#5782=CARTESIAN_POINT('Ctrl Pts',(-8.67209446038558,-26.3092280491153,24.3443046182386));
#5783=CARTESIAN_POINT('Ctrl Pts',(-11.4950767369095,-28.4753785364784,25.5870808270825));
#5784=CARTESIAN_POINT('Ctrl Pts',(-13.1093033249133,-29.7140181621669,26.2993150388618));
#5785=CARTESIAN_POINT('',(-13.7752059077763,-27.7255511506254,28.248219426822));
#5786=CARTESIAN_POINT('Ctrl Pts',(-12.8490805210506,-27.022535134266,27.8411471452869));
#5787=CARTESIAN_POINT('Ctrl Pts',(-13.1578332185255,-27.2567333574805,27.9767542702174));
#5788=CARTESIAN_POINT('Ctrl Pts',(-13.4665231050887,-27.4910791856749,28.1124491225531));
#5789=CARTESIAN_POINT('Ctrl Pts',(-13.7752059077763,-27.7255511506254,28.248219426822));
#5790=CARTESIAN_POINT('Origin',(-14.3673386812344,-28.074514565878,26.2993150388618));
#5791=CARTESIAN_POINT('Ctrl Pts',(-13.7752059077763,-27.7255511506254,28.2482194268219));
#5792=CARTESIAN_POINT('Ctrl Pts',(-15.2035790757973,-28.7694163825206,28.8691105025332));
#5793=CARTESIAN_POINT('Ctrl Pts',(-18.2677701822234,-31.0363040238764,29.3410825947034));
#5794=CARTESIAN_POINT('Ctrl Pts',(-21.9301018200993,-33.7814695478349,27.8826775006569));
#5795=CARTESIAN_POINT('Ctrl Pts',(-24.973321701843,-36.0728027805993,25.086823564547));
#5796=CARTESIAN_POINT('Ctrl Pts',(-26.2979038708245,-37.0737931981616,22.7284945099007));
#5797=CARTESIAN_POINT('Ctrl Pts',(-26.8747893340341,-37.509901997454,20.9940294116002));
#5798=CARTESIAN_POINT('Ctrl Pts',(-13.4151898694331,-28.2079611614354,28.2252147834817));
#5799=CARTESIAN_POINT('Ctrl Pts',(-14.8332976470236,-29.2545657821704,28.8566544631215));
#5800=CARTESIAN_POINT('Ctrl Pts',(-17.8857394494233,-31.5286104643783,29.3498988367602));
#5801=CARTESIAN_POINT('Ctrl Pts',(-21.5523286701139,-34.2888013090818,27.9063110959538));
#5802=CARTESIAN_POINT('Ctrl Pts',(-24.6049491037765,-36.5950695222758,25.1118666576545));
#5803=CARTESIAN_POINT('Ctrl Pts',(-25.9337612259927,-37.6019094376588,22.7496209735716));
#5804=CARTESIAN_POINT('Ctrl Pts',(-26.5134940663513,-38.0413275258697,21.0094120171198));
#5805=CARTESIAN_POINT('Ctrl Pts',(-12.9321560205041,-29.1269230431393,27.7218178483177));
#5806=CARTESIAN_POINT('Ctrl Pts',(-14.2769267333665,-30.1464731922233,28.3334306705749));
#5807=CARTESIAN_POINT('Ctrl Pts',(-17.1857399901669,-32.3581132059911,28.8198429904473));
#5808=CARTESIAN_POINT('Ctrl Pts',(-20.6954087030162,-35.0349835392149,27.4425205499247));
#5809=CARTESIAN_POINT('Ctrl Pts',(-23.621646077963,-37.2693331024618,24.7631114699891));
#5810=CARTESIAN_POINT('Ctrl Pts',(-24.8991553590227,-38.2457027739484,22.4916644276036));
#5811=CARTESIAN_POINT('Ctrl Pts',(-25.4555753938683,-38.6709846022899,20.8192003650334));
#5812=CARTESIAN_POINT('Ctrl Pts',(-12.9908838385492,-29.6231516943772,26.7257291117251));
#5813=CARTESIAN_POINT('Ctrl Pts',(-14.2205870703209,-30.5668550789598,27.2745311374431));
#5814=CARTESIAN_POINT('Ctrl Pts',(-16.8730981370931,-32.60210428205,27.6981547617795));
#5815=CARTESIAN_POINT('Ctrl Pts',(-20.0625199164806,-35.0494579710175,26.4265325049135));
#5816=CARTESIAN_POINT('Ctrl Pts',(-22.7184339460081,-37.0874489570214,23.977431512113));
#5817=CARTESIAN_POINT('Ctrl Pts',(-23.8769035966176,-37.9762686779662,21.907953359513));
#5818=CARTESIAN_POINT('Ctrl Pts',(-24.3813375013304,-38.3633541951529,20.3855757216902));
#5819=CARTESIAN_POINT('Ctrl Pts',(-13.1093033249133,-29.7140181621669,26.2993150388618));
#5820=CARTESIAN_POINT('Ctrl Pts',(-14.2924836634582,-30.6219043675785,26.8213616474846));
#5821=CARTESIAN_POINT('Ctrl Pts',(-16.8392344989661,-32.5760950153217,27.2181968408393));
#5822=CARTESIAN_POINT('Ctrl Pts',(-19.8949950350189,-34.920862543436,25.9919665677224));
#5823=CARTESIAN_POINT('Ctrl Pts',(-22.4377150184506,-36.8719602095966,23.6412063093646));
#5824=CARTESIAN_POINT('Ctrl Pts',(-23.5457251450946,-37.7221662827245,21.6583179523617));
#5825=CARTESIAN_POINT('Ctrl Pts',(-24.0283454858467,-38.0924938951312,20.199975808685));
#5826=CARTESIAN_POINT('Ctrl Pts',(-13.7752059077763,-27.7255511506254,28.2482194268219));
#5827=CARTESIAN_POINT('Ctrl Pts',(-15.2035790757973,-28.7694163825206,28.8691105025332));
#5828=CARTESIAN_POINT('Ctrl Pts',(-18.2677701822234,-31.0363040238764,29.3410825947034));
#5829=CARTESIAN_POINT('Ctrl Pts',(-21.9301018200993,-33.7814695478349,27.8826775006569));
#5830=CARTESIAN_POINT('Ctrl Pts',(-24.971924790647,-36.071751003478,25.0881069288183));
#5831=CARTESIAN_POINT('Ctrl Pts',(-26.2958768603682,-37.0722613837024,22.7321025441497));
#5832=CARTESIAN_POINT('Ctrl Pts',(-26.8728020922044,-37.5083997007912,20.9999999797071));
#5833=CARTESIAN_POINT('Origin',(0.267025571327054,-19.4499999999989,16.0061852741483));
#5834=CARTESIAN_POINT('Origin',(0.267025571327306,-19.4499999999987,28.248219426822));
#5835=CARTESIAN_POINT('Origin',(0.267025571327048,-19.4499999999989,26.3217617857081));
#5836=CARTESIAN_POINT('Ctrl Pts',(-31.6943754630702,-25.871737741687,20.9965457743411));
#5837=CARTESIAN_POINT('Ctrl Pts',(-30.9778181495274,-25.7721568688619,22.7306192085543));
#5838=CARTESIAN_POINT('Ctrl Pts',(-28.7863314470689,-25.4671754799082,25.878781373281));
#5839=CARTESIAN_POINT('Ctrl Pts',(-24.6665094819936,-24.885005674693,28.282153635496));
#5840=CARTESIAN_POINT('Ctrl Pts',(-20.087116653472,-24.2221263412594,29.2198022074971));
#5841=CARTESIAN_POINT('Ctrl Pts',(-17.2619248511169,-23.7995093653898,28.8690247092715));
#5842=CARTESIAN_POINT('Ctrl Pts',(-15.5140298672023,-23.5276587651999,28.2482194268219));
#5843=CARTESIAN_POINT('Ctrl Pts',(-31.8146701182321,-25.2404893767424,21.0119351987289));
#5844=CARTESIAN_POINT('Ctrl Pts',(-31.0937579794113,-25.1412353272655,22.7517500862571));
#5845=CARTESIAN_POINT('Ctrl Pts',(-28.8919296446552,-24.837697375657,25.9058413047034));
#5846=CARTESIAN_POINT('Ctrl Pts',(-24.7555220530301,-24.260344156888,28.3034607749021));
#5847=CARTESIAN_POINT('Ctrl Pts',(-20.1651630258214,-23.6071278626006,29.2232181731791));
#5848=CARTESIAN_POINT('Ctrl Pts',(-17.3431495076027,-23.194629696425,28.8565672122786));
#5849=CARTESIAN_POINT('Ctrl Pts',(-15.6005754751099,-22.9319735931955,28.2252147834817));
#5850=CARTESIAN_POINT('Ctrl Pts',(-31.5119255515621,-24.0471802813413,20.8216442030122));
#5851=CARTESIAN_POINT('Ctrl Pts',(-30.8175036811679,-23.9544175860557,22.493728865275));
#5852=CARTESIAN_POINT('Ctrl Pts',(-28.6936883649794,-23.6706389745114,25.5259913774692));
#5853=CARTESIAN_POINT('Ctrl Pts',(-24.7094560870962,-23.1361147900543,27.822627707003));
#5854=CARTESIAN_POINT('Ctrl Pts',(-20.2940535795197,-22.5399991270314,28.6949975984279));
#5855=CARTESIAN_POINT('Ctrl Pts',(-17.580411650511,-22.1705217298275,28.3333775919247));
#5856=CARTESIAN_POINT('Ctrl Pts',(-15.9088153452757,-21.9405878399109,27.721849280882));
#5857=CARTESIAN_POINT('Ctrl Pts',(-30.5348451291245,-23.5051432080773,20.3877846619754));
#5858=CARTESIAN_POINT('Ctrl Pts',(-29.9042149795778,-23.4221349990739,21.9098180125086));
#5859=CARTESIAN_POINT('Ctrl Pts',(-27.9751012070503,-23.1680915023824,24.6723257925682));
#5860=CARTESIAN_POINT('Ctrl Pts',(-24.3500513628958,-22.690805137461,26.7756914193161));
#5861=CARTESIAN_POINT('Ctrl Pts',(-20.3222455236115,-22.1606423307153,27.5893315163788));
#5862=CARTESIAN_POINT('Ctrl Pts',(-17.8378548269727,-21.8334575863112,27.274455305276));
#5863=CARTESIAN_POINT('Ctrl Pts',(-16.3012366258877,-21.631253098945,26.7257291117251));
#5864=CARTESIAN_POINT('Ctrl Pts',(-30.0937546326579,-23.4470725425555,20.2020915721198));
#5865=CARTESIAN_POINT('Ctrl Pts',(-29.4904085178533,-23.3676405196318,21.6601044037536));
#5866=CARTESIAN_POINT('Ctrl Pts',(-27.6450775629509,-23.1246980905435,24.3070862106796));
#5867=CARTESIAN_POINT('Ctrl Pts',(-24.1742767728443,-22.6677584978977,26.3278469976024));
#5868=CARTESIAN_POINT('Ctrl Pts',(-20.3129138499237,-22.1594004250038,27.1162240193408));
#5869=CARTESIAN_POINT('Ctrl Pts',(-17.9276271659536,-21.8453714755972,26.8212895123178));
#5870=CARTESIAN_POINT('Ctrl Pts',(-16.449224143277,-21.6507360252211,26.2993150388618));
#5871=CARTESIAN_POINT('',(-15.5140298672023,-23.5276587651999,28.2482194268219));
#5872=CARTESIAN_POINT('Ctrl Pts',(-31.6929475141021,-25.8715392975361,20.9999999948188));
#5873=CARTESIAN_POINT('Ctrl Pts',(-30.9763628141097,-25.7719543342434,22.7327095486853));
#5874=CARTESIAN_POINT('Ctrl Pts',(-28.7852371723431,-25.4670208485408,25.8794197381292));
#5875=CARTESIAN_POINT('Ctrl Pts',(-24.6665094819936,-24.885005674693,28.282153635496));
#5876=CARTESIAN_POINT('Ctrl Pts',(-20.087116653472,-24.2221263412594,29.2198022074971));
#5877=CARTESIAN_POINT('Ctrl Pts',(-17.2619248511169,-23.7995093653898,28.8690247092715));
#5878=CARTESIAN_POINT('Ctrl Pts',(-15.5140298672023,-23.5276587651999,28.2482194268219));
#5879=CARTESIAN_POINT('',(-16.449224143277,-21.6507360252211,26.2993150388618));
#5880=CARTESIAN_POINT('Origin',(-16.1794853639884,-23.6996054673638,26.2993150388618));
#5881=CARTESIAN_POINT('Ctrl Pts',(-29.7249497085661,-23.3985184531762,20.9997720803008));
#5882=CARTESIAN_POINT('Ctrl Pts',(-29.139640744452,-23.3214610661903,22.1418517488455));
#5883=CARTESIAN_POINT('Ctrl Pts',(-27.8701281733096,-23.1543265654808,23.8163098018692));
#5884=CARTESIAN_POINT('Ctrl Pts',(-24.9292248929605,-22.7671493034599,25.9919607882713));
#5885=CARTESIAN_POINT('Ctrl Pts',(-21.1104770312839,-22.2644016098137,27.2181880842862));
#5886=CARTESIAN_POINT('Ctrl Pts',(-17.927831476421,-21.8453983735805,26.8213616474846));
#5887=CARTESIAN_POINT('Ctrl Pts',(-16.449224143277,-21.6507360252211,26.2993150388618));
#5888=CARTESIAN_POINT('Ctrl Pts',(-15.5140298672023,-23.5276587651999,28.2482194268219));
#5889=CARTESIAN_POINT('Ctrl Pts',(-13.4992160960699,-23.2523762366306,27.5359716477484));
#5890=CARTESIAN_POINT('Ctrl Pts',(-9.97740245617727,-22.7661331602435,26.2931801693967));
#5891=CARTESIAN_POINT('Ctrl Pts',(-6.45185698846076,-22.2477369582224,25.0621583182347));
#5892=CARTESIAN_POINT('Ctrl Pts',(-4.95900223280109,-22.0021065875352,24.5510644944923));
#5893=CARTESIAN_POINT('Ctrl Pts',(-15.6005754751099,-22.9319735931955,28.2252147834817));
#5894=CARTESIAN_POINT('Ctrl Pts',(-13.5864399854107,-22.6588210296865,27.5102206429338));
#5895=CARTESIAN_POINT('Ctrl Pts',(-10.0659139987274,-22.1772811610012,26.2617906550166));
#5896=CARTESIAN_POINT('Ctrl Pts',(-6.54359302408726,-21.6705837312108,25.0167833693898));
#5897=CARTESIAN_POINT('Ctrl Pts',(-5.05300730003345,-21.4361338899729,24.4932672001185));
#5898=CARTESIAN_POINT('Ctrl Pts',(-15.9086149048475,-21.9402465574312,27.7225442524226));
#5899=CARTESIAN_POINT('Ctrl Pts',(-13.8939384599443,-21.6726396963159,27.0061035172203));
#5900=CARTESIAN_POINT('Ctrl Pts',(-10.3723320526808,-21.2037469007877,25.7537785692342));
#5901=CARTESIAN_POINT('Ctrl Pts',(-6.84635846417805,-20.7269731678841,24.5006521298095));
#5902=CARTESIAN_POINT('Ctrl Pts',(-5.34994530214269,-20.5188873272113,23.9708972646957));
#5903=CARTESIAN_POINT('Ctrl Pts',(-16.3012366258877,-21.631253098945,26.7257291117251));
#5904=CARTESIAN_POINT('Ctrl Pts',(-14.2846101213055,-21.3657819317856,26.0122360083414));
#5905=CARTESIAN_POINT('Ctrl Pts',(-10.7584571109617,-20.9014594292073,24.7665726639781));
#5906=CARTESIAN_POINT('Ctrl Pts',(-7.22052599877399,-20.4356619207269,23.5289474228209));
#5907=CARTESIAN_POINT('Ctrl Pts',(-5.71036811053401,-20.236938807279,23.0123101484984));
#5908=CARTESIAN_POINT('Ctrl Pts',(-16.4492241432769,-21.6507360252211,26.2993150388618));
#5909=CARTESIAN_POINT('Ctrl Pts',(-14.4319046707269,-21.3851508782282,25.5870672597883));
#5910=CARTESIAN_POINT('Ctrl Pts',(-10.9040695991074,-20.9207025799731,24.3442757814365));
#5911=CARTESIAN_POINT('Ctrl Pts',(-7.36172356901478,-20.4543438777926,23.1132539302745));
#5912=CARTESIAN_POINT('Ctrl Pts',(-5.84634303330624,-20.2548402454712,22.6021601065321));
#5913=CARTESIAN_POINT('Ctrl Pts',(-16.449224143277,-21.6507360252211,26.2993150388618));
#5914=CARTESIAN_POINT('Ctrl Pts',(-14.4319430977571,-21.3851559372427,25.5870808270825));
#5915=CARTESIAN_POINT('Ctrl Pts',(-11.3578983954848,-20.9804502744932,24.5041565183791));
#5916=CARTESIAN_POINT('Ctrl Pts',(-8.27294723028261,-20.5743087486592,23.4301968761374));
#5917=CARTESIAN_POINT('Ctrl Pts',(-7.21153405456998,-20.4345710531045,23.0664656084975));
#5918=CARTESIAN_POINT('',(-14.3620525015369,-23.3698496556346,27.8411658987835));
#5919=CARTESIAN_POINT('Ctrl Pts',(-15.5140298672023,-23.5276587651999,28.2482194268219));
#5920=CARTESIAN_POINT('Ctrl Pts',(-15.1299604438406,-23.4751836414321,28.1124487676579));
#5921=CARTESIAN_POINT('Ctrl Pts',(-14.7459763701752,-23.4226151075429,27.976753733886));
#5922=CARTESIAN_POINT('Ctrl Pts',(-14.3620529360739,-23.3698982466665,27.8411465297685));
#5923=CARTESIAN_POINT('Ctrl Pts',(-14.3620525015493,-23.3698496556397,27.8411658987882));
#5924=CARTESIAN_POINT('Ctrl Pts',(-14.3508452268419,-23.3668466754325,27.8370740542313));
#5925=CARTESIAN_POINT('Ctrl Pts',(-14.3396384562703,-23.363843830306,27.8329807008064));
#5926=CARTESIAN_POINT('Ctrl Pts',(-11.3397954328807,-22.5600383147905,26.7368134111879));
#5927=CARTESIAN_POINT('Ctrl Pts',(-8.1763860135543,-21.7124053155314,25.4605653861152));
#5928=CARTESIAN_POINT('Ctrl Pts',(-5.24940518080497,-20.9281231651349,24.1092525010657));
#5929=CARTESIAN_POINT('Ctrl Pts',(-5.53490056169991,-19.8528247640908,24.5510644944923));
#5930=CARTESIAN_POINT('Ctrl Pts',(-6.95073345205178,-20.3865931719369,25.0622188128515));
#5931=CARTESIAN_POINT('Ctrl Pts',(-10.2630080996663,-21.7003972208424,26.2932059258739));
#5932=CARTESIAN_POINT('Ctrl Pts',(-13.5561134049072,-23.0401810664698,27.5359852150427));
#5933=CARTESIAN_POINT('Ctrl Pts',(-15.4385987195704,-23.8091716406352,28.248219426822));
#5934=CARTESIAN_POINT('Ctrl Pts',(-5.33332498922642,-20.3899740316444,24.4932672001185));
#5935=CARTESIAN_POINT('Ctrl Pts',(-6.7416016815723,-20.9322915579983,25.0168453343532));
#5936=CARTESIAN_POINT('Ctrl Pts',(-10.045243771991,-22.2546083198322,26.2618001770638));
#5937=CARTESIAN_POINT('Ctrl Pts',(-13.3348738739456,-23.5978269275793,27.5102342625423));
#5938=CARTESIAN_POINT('Ctrl Pts',(-15.2157068286022,-24.3683229362025,28.2252147834817));
#5939=CARTESIAN_POINT('Ctrl Pts',(-5.13185913249255,-21.3328000592668,23.9708949809134));
#5940=CARTESIAN_POINT('Ctrl Pts',(-6.53199957096916,-21.9008662461751,24.5007125494215));
#5941=CARTESIAN_POINT('Ctrl Pts',(-9.82383800373557,-23.2509085401168,25.7537973626032));
#5942=CARTESIAN_POINT('Ctrl Pts',(-13.108086533906,-24.6056323497847,27.0061143880928));
#5943=CARTESIAN_POINT('Ctrl Pts',(-14.9866151622097,-25.3812014585275,27.7225414761311));
#5944=CARTESIAN_POINT('Ctrl Pts',(-5.30301860922529,-21.757187842601,23.0123101484984));
#5945=CARTESIAN_POINT('Ctrl Pts',(-6.71038182095889,-22.3402365254009,23.5290085735773));
#5946=CARTESIAN_POINT('Ctrl Pts',(-10.0070819126116,-23.7057495492649,24.7665979771219));
#5947=CARTESIAN_POINT('Ctrl Pts',(-13.2929873667769,-25.0667168528369,26.0122495993573));
#5948=CARTESIAN_POINT('Ctrl Pts',(-15.1721369374954,-25.8451105028353,26.7257291117251));
#5949=CARTESIAN_POINT('Ctrl Pts',(-5.42972706571978,-21.8096722037484,22.6021601065321));
#5950=CARTESIAN_POINT('Ctrl Pts',(-6.84200406381472,-22.3946564901869,23.1133144248914));
#5951=CARTESIAN_POINT('Ctrl Pts',(-10.1428033991802,-23.7618923415673,24.3443015379137));
#5952=CARTESIAN_POINT('Ctrl Pts',(-13.4302326741533,-25.1235901326035,25.5870808270825));
#5953=CARTESIAN_POINT('Ctrl Pts',(-15.3100393501355,-25.9022315524349,26.2993150388618));
#5954=CARTESIAN_POINT('',(-15.4385987195704,-23.8091716406352,28.248219426822));
#5955=CARTESIAN_POINT('Ctrl Pts',(-14.3620765263846,-23.3698089082203,27.8411470173293));
#5956=CARTESIAN_POINT('Ctrl Pts',(-14.7209236148191,-23.5161161342909,27.9767542314723));
#5957=CARTESIAN_POINT('Ctrl Pts',(-15.0797482515951,-23.6625821160007,28.1124491351686));
#5958=CARTESIAN_POINT('Ctrl Pts',(-15.4385987195704,-23.8091716406352,28.248219426822));
#5959=CARTESIAN_POINT('Origin',(-16.1008734359572,-23.9929891768573,26.2993150388618));
#5960=CARTESIAN_POINT('Ctrl Pts',(-15.4385987195704,-23.8091716406352,28.2482194268219));
#5961=CARTESIAN_POINT('Ctrl Pts',(-17.0884734546752,-24.4477778478907,28.8691105025332));
#5962=CARTESIAN_POINT('Ctrl Pts',(-20.6349682574664,-25.844352142495,29.3410800260538));
#5963=CARTESIAN_POINT('Ctrl Pts',(-24.8830095223967,-27.5480969389629,27.8826758074533));
#5964=CARTESIAN_POINT('Ctrl Pts',(-28.415574319888,-28.9737113907274,25.0868213705195));
#5965=CARTESIAN_POINT('Ctrl Pts',(-29.9540991770268,-29.5977673358483,22.7284945099007));
#5966=CARTESIAN_POINT('Ctrl Pts',(-30.6242010077454,-29.8697071434354,20.9940294116002));
#5967=CARTESIAN_POINT('Ctrl Pts',(-15.2157068286022,-24.3683229362025,28.2252147834817));
#5968=CARTESIAN_POINT('Ctrl Pts',(-16.8563749639769,-25.0122320684355,28.8566544631215));
#5969=CARTESIAN_POINT('Ctrl Pts',(-20.393373094053,-26.4187605407419,29.3498999553623));
#5970=CARTESIAN_POINT('Ctrl Pts',(-24.6494159896338,-28.1359168187918,27.906312165199));
#5971=CARTESIAN_POINT('Ctrl Pts',(-28.1949271366188,-29.5735245981977,25.1118675453525));
#5972=CARTESIAN_POINT('Ctrl Pts',(-29.7390509327403,-30.2021355024778,22.7496209735716));
#5973=CARTESIAN_POINT('Ctrl Pts',(-30.4127596255821,-30.4765348822632,21.0094120171199));
#5974=CARTESIAN_POINT('Ctrl Pts',(-14.9869663517288,-25.3809999543224,27.7218348702508));
#5975=CARTESIAN_POINT('Ctrl Pts',(-16.5497941097399,-26.0177575027347,28.3334476925081));
#5976=CARTESIAN_POINT('Ctrl Pts',(-19.9319146241673,-27.4011858297454,28.8198586146196));
#5977=CARTESIAN_POINT('Ctrl Pts',(-24.0148252444579,-29.0784778676708,27.4425342908837));
#5978=CARTESIAN_POINT('Ctrl Pts',(-27.4196481819862,-30.4793291595308,24.7631243807194));
#5979=CARTESIAN_POINT('Ctrl Pts',(-28.9063392539082,-31.091790257035,22.4916737412883));
#5980=CARTESIAN_POINT('Ctrl Pts',(-29.553870772541,-31.3585688563869,20.8192096787182));
#5981=CARTESIAN_POINT('Ctrl Pts',(-15.1721369374954,-25.8451105028354,26.7257291117251));
#5982=CARTESIAN_POINT('Ctrl Pts',(-16.6041874565925,-26.4383873581535,27.2745311374431));
#5983=CARTESIAN_POINT('Ctrl Pts',(-19.6930774717988,-27.71776684871,27.69815178983));
#5984=CARTESIAN_POINT('Ctrl Pts',(-23.4072435067277,-29.256245584382,26.4265304934199));
#5985=CARTESIAN_POINT('Ctrl Pts',(-26.5001297117257,-30.5373923629751,23.9774289990972));
#5986=CARTESIAN_POINT('Ctrl Pts',(-27.8491703286288,-31.0960926885474,21.907953359513));
#5987=CARTESIAN_POINT('Ctrl Pts',(-28.4366011687781,-31.3394314850454,20.3855757216902));
#5988=CARTESIAN_POINT('Ctrl Pts',(-15.3100393501355,-25.9022315524349,26.2993150388618));
#5989=CARTESIAN_POINT('Ctrl Pts',(-16.6878820370399,-26.4729526801672,26.8213616474846));
#5990=CARTESIAN_POINT('Ctrl Pts',(-19.6536360440982,-27.7014082125531,27.218194681113));
#5991=CARTESIAN_POINT('Ctrl Pts',(-23.2121440595263,-29.1753904943568,25.991965144073));
#5992=CARTESIAN_POINT('Ctrl Pts',(-26.1732037249141,-30.4019015667564,23.6412044646214));
#5993=CARTESIAN_POINT('Ctrl Pts',(-27.4635099698977,-30.9363639130433,21.6583179523617));
#5994=CARTESIAN_POINT('Ctrl Pts',(-28.0255332603407,-31.1691615823143,20.199975808685));
#5995=CARTESIAN_POINT('Ctrl Pts',(-15.4385987195704,-23.8091716406352,28.2482194268219));
#5996=CARTESIAN_POINT('Ctrl Pts',(-17.0884734546752,-24.4477778478907,28.8691105025332));
#5997=CARTESIAN_POINT('Ctrl Pts',(-20.6349682574664,-25.844352142495,29.3410800260538));
#5998=CARTESIAN_POINT('Ctrl Pts',(-24.8830095223967,-27.5480969389629,27.8826758074533));
#5999=CARTESIAN_POINT('Ctrl Pts',(-28.4139527875939,-28.9730569993702,25.0881047350206));
#6000=CARTESIAN_POINT('Ctrl Pts',(-29.9517447704611,-29.5968123447844,22.7321025407941));
#6001=CARTESIAN_POINT('Ctrl Pts',(-30.6218926565477,-29.8687703723214,20.9999999797014));
#6002=CARTESIAN_POINT('Origin',(0.267025571327054,-19.4499999999989,16.0061852741483));
#6003=CARTESIAN_POINT('Origin',(0.267025571327333,-19.4499999999988,28.248219426822));
#6004=CARTESIAN_POINT('Origin',(0.267025571327048,-19.4499999999989,26.3217617857081));
#6005=CARTESIAN_POINT('Ctrl Pts',(-17.7922435321687,-46.5909777117932,20.9965457743411));
#6006=CARTESIAN_POINT('Ctrl Pts',(-17.3559753071049,-46.0138808658272,22.7306192085543));
#6007=CARTESIAN_POINT('Ctrl Pts',(-16.0220252645562,-44.2486254939222,25.8788027532264));
#6008=CARTESIAN_POINT('Ctrl Pts',(-13.5205202863882,-40.9238060974855,28.282172172554));
#6009=CARTESIAN_POINT('Ctrl Pts',(-10.7511260734501,-37.2169591322082,29.2198282860397));
#6010=CARTESIAN_POINT('Ctrl Pts',(-9.05224657236359,-34.9204072778941,28.8690247092715));
#6011=CARTESIAN_POINT('Ctrl Pts',(-8.00852557929949,-33.4922314791022,28.248219426822));
#6012=CARTESIAN_POINT('Ctrl Pts',(-18.3236646980394,-46.2296788787334,21.0119351987289));
#6013=CARTESIAN_POINT('Ctrl Pts',(-17.8840860474849,-45.6497338052882,22.7517500862571));
#6014=CARTESIAN_POINT('Ctrl Pts',(-16.5417958089303,-43.8781788778415,25.905825539554));
#6015=CARTESIAN_POINT('Ctrl Pts',(-14.0251606407922,-40.5450418618962,28.3034515686534));
#6016=CARTESIAN_POINT('Ctrl Pts',(-11.2411829435412,-36.8372782897595,29.2232106190935));
#6017=CARTESIAN_POINT('Ctrl Pts',(-9.53739559349109,-34.5501272675679,28.8565672122786));
#6018=CARTESIAN_POINT('Ctrl Pts',(-8.4909355901095,-33.132215440759,28.2252147834817));
#6019=CARTESIAN_POINT('Ctrl Pts',(-18.953341781558,-45.1717933919776,20.8216269958703));
#6020=CARTESIAN_POINT('Ctrl Pts',(-18.5279044988757,-44.6151698475399,22.4937116581332));
#6021=CARTESIAN_POINT('Ctrl Pts',(-17.2268236199275,-42.912769948597,25.5259889419212));
#6022=CARTESIAN_POINT('Ctrl Pts',(-14.7875134288302,-39.7175273548086,27.8226192610059));
#6023=CARTESIAN_POINT('Ctrl Pts',(-12.0868722547643,-36.1738515729037,28.6949949900787));
#6024=CARTESIAN_POINT('Ctrl Pts',(-10.4293067418194,-33.9937664875435,28.3333461592379));
#6025=CARTESIAN_POINT('Ctrl Pts',(-9.40989747176578,-32.6491815919205,27.7218178481952));
#6026=CARTESIAN_POINT('Ctrl Pts',(-18.6457668130786,-44.0976309066343,20.3877846619754));
#6027=CARTESIAN_POINT('Ctrl Pts',(-18.2585396253939,-43.5930123839886,21.9098180125086));
#6028=CARTESIAN_POINT('Ctrl Pts',(-17.074095276034,-42.0493019515449,24.6723515546577));
#6029=CARTESIAN_POINT('Ctrl Pts',(-14.8482837514391,-39.1485030225171,26.7757130099538));
#6030=CARTESIAN_POINT('Ctrl Pts',(-12.3750752115917,-35.925530671422,27.5893609707446));
#6031=CARTESIAN_POINT('Ctrl Pts',(-10.8496991089302,-33.93744272416,27.274455305276));
#6032=CARTESIAN_POINT('Ctrl Pts',(-9.90612612305124,-32.7079094098752,26.7257291117251));
#6033=CARTESIAN_POINT('Ctrl Pts',(-18.3749308932887,-43.7446706640873,20.2020915721198));
#6034=CARTESIAN_POINT('Ctrl Pts',(-18.0044676861605,-43.2618736128537,21.6601044037537));
#6035=CARTESIAN_POINT('Ctrl Pts',(-16.8714169364006,-41.7852531270498,24.3071041869856));
#6036=CARTESIAN_POINT('Ctrl Pts',(-14.7402893116974,-39.0079135337738,26.3278625836023));
#6037=CARTESIAN_POINT('Ctrl Pts',(-12.3693562256296,-35.9180533787015,27.1162459462379));
#6038=CARTESIAN_POINT('Ctrl Pts',(-10.9047533466821,-34.0093457457208,26.8212895123178));
#6039=CARTESIAN_POINT('Ctrl Pts',(-9.996992590841,-32.8263288962392,26.2993150388618));
#6040=CARTESIAN_POINT('',(-8.00852557929949,-33.4922314791022,28.2482194268219));
#6041=CARTESIAN_POINT('Ctrl Pts',(-17.791374140982,-46.5898276781992,20.9999999948329));
#6042=CARTESIAN_POINT('Ctrl Pts',(-17.3550894502393,-46.0127085840722,22.7327095628796));
#6043=CARTESIAN_POINT('Ctrl Pts',(-16.0213608344673,-44.2477423815294,25.8794411173195));
#6044=CARTESIAN_POINT('Ctrl Pts',(-13.5205202863882,-40.9238060974855,28.282172172554));
#6045=CARTESIAN_POINT('Ctrl Pts',(-10.7511260734501,-37.2169591322082,29.2198282860397));
#6046=CARTESIAN_POINT('Ctrl Pts',(-9.05224657236359,-34.9204072778941,28.8690247092715));
#6047=CARTESIAN_POINT('Ctrl Pts',(-8.00852557929949,-33.4922314791022,28.248219426822));
#6048=CARTESIAN_POINT('Origin',(-8.35748899455203,-34.0843642525603,26.2993150388618));
#6049=CARTESIAN_POINT('Ctrl Pts',(-8.00852557929948,-33.4922314791022,28.248219426822));
#6050=CARTESIAN_POINT('Ctrl Pts',(-6.77849124159727,-31.8728888560129,27.5359716477485));
#6051=CARTESIAN_POINT('Ctrl Pts',(-4.63204255781456,-29.0387497087953,26.2931930561268));
#6052=CARTESIAN_POINT('Ctrl Pts',(-2.50564307355886,-26.179266195157,25.0621583182347));
#6053=CARTESIAN_POINT('Ctrl Pts',(-1.62372225328358,-24.9499715733252,24.5510644944923));
#6054=CARTESIAN_POINT('Ctrl Pts',(-8.49093559010948,-33.132215440759,28.2252147834817));
#6055=CARTESIAN_POINT('Ctrl Pts',(-7.2598747570704,-31.5148585478086,27.5102206429338));
#6056=CARTESIAN_POINT('Ctrl Pts',(-5.11100723613662,-28.6849674545983,26.261783183539));
#6057=CARTESIAN_POINT('Ctrl Pts',(-2.97861920703313,-25.836024407424,25.0167833693898));
#6058=CARTESIAN_POINT('Ctrl Pts',(-2.09039700620228,-24.6162400614183,24.4932672001185));
#6059=CARTESIAN_POINT('Ctrl Pts',(-9.4100037524364,-32.6487842142284,27.7225336438948));
#6060=CARTESIAN_POINT('Ctrl Pts',(-8.17463900253531,-31.0349662119539,27.0060929086925));
#6061=CARTESIAN_POINT('Ctrl Pts',(-6.01604858283325,-28.2132491536364,25.7537768673466));
#6062=CARTESIAN_POINT('Ctrl Pts',(-3.8599350476725,-25.3828860537531,24.5006434032158));
#6063=CARTESIAN_POINT('Ctrl Pts',(-2.94895006234914,-24.1776232504124,23.9708885381021));
#6064=CARTESIAN_POINT('Ctrl Pts',(-9.90612612305123,-32.7079094098751,26.7257291117251));
#6065=CARTESIAN_POINT('Ctrl Pts',(-8.66787230904858,-31.0942226708566,26.0122360083414));
#6066=CARTESIAN_POINT('Ctrl Pts',(-6.50281927533088,-28.2725213692082,24.7665852120986));
#6067=CARTESIAN_POINT('Ctrl Pts',(-4.33050469027123,-25.4414667178055,23.5289474228209));
#6068=CARTESIAN_POINT('Ctrl Pts',(-3.4031802679319,-24.2331053732711,23.0123101484984));
#6069=CARTESIAN_POINT('Ctrl Pts',(-9.99699259084099,-32.8263288962392,26.2993150388618));
#6070=CARTESIAN_POINT('Ctrl Pts',(-8.75832937040227,-31.2120715589583,25.5870672597883));
#6071=CARTESIAN_POINT('Ctrl Pts',(-6.59217665029983,-28.3890863726718,24.3442886681666));
#6072=CARTESIAN_POINT('Ctrl Pts',(-4.4171363111486,-25.5545186157368,23.1132539302745));
#6073=CARTESIAN_POINT('Ctrl Pts',(-3.48667082955676,-24.3419123915734,22.6021601065321));
#6074=CARTESIAN_POINT('',(-7.30554246377069,-32.5660725805602,27.8411658987835));
#6075=CARTESIAN_POINT('Ctrl Pts',(-8.00852557929948,-33.4922314791022,28.248219426822));
#6076=CARTESIAN_POINT('Ctrl Pts',(-7.77405293306413,-33.1835477795018,28.1124487280571));
#6077=CARTESIAN_POINT('Ctrl Pts',(-7.53970718433034,-32.8748580675323,27.976753922309));
#6078=CARTESIAN_POINT('Ctrl Pts',(-7.30550949024576,-32.5661061661198,27.84114710455));
#6079=CARTESIAN_POINT('Ctrl Pts',(-7.3055424637759,-32.5660725805726,27.8411658987882));
#6080=CARTESIAN_POINT('Ctrl Pts',(-7.29974115149993,-32.55602441296,27.8370740542313));
#6081=CARTESIAN_POINT('Ctrl Pts',(-7.29394010018533,-32.5459766973418,27.8329807008064));
#6082=CARTESIAN_POINT('Ctrl Pts',(-5.74110708662762,-29.8563910222318,26.7368134111879));
#6083=CARTESIAN_POINT('Ctrl Pts',(-4.10360587628606,-27.0201557284231,25.4605653861152));
#6084=CARTESIAN_POINT('Ctrl Pts',(-2.58848910795493,-24.395896506274,24.1092525010657));
#6085=CARTESIAN_POINT('Ctrl Pts',(-3.55071561896045,-23.837421434925,24.5510644944923));
#6086=CARTESIAN_POINT('Ctrl Pts',(-4.17442939598411,-25.2159977334909,25.0622188128515));
#6087=CARTESIAN_POINT('Ctrl Pts',(-5.58756579173852,-28.4871265519769,26.2932034477574));
#6088=CARTESIAN_POINT('Ctrl Pts',(-6.96876835826306,-31.7630766851673,27.5359852150427));
#6089=CARTESIAN_POINT('Ctrl Pts',(-7.75612804008472,-33.6379532663107,28.248219426822));
#6090=CARTESIAN_POINT('Ctrl Pts',(-3.02835827514635,-24.074707870304,24.4932672001185));
#6091=CARTESIAN_POINT('Ctrl Pts',(-3.64068387364999,-25.4539862696898,25.0168453343532));
#6092=CARTESIAN_POINT('Ctrl Pts',(-5.04169456146722,-28.725029851872,26.2618013458071));
#6093=CARTESIAN_POINT('Ctrl Pts',(-6.41801321576249,-32.0009518824489,27.5102342625424));
#6094=CARTESIAN_POINT('Ctrl Pts',(-7.20313999970468,-33.8757245715405,28.2252147834817));
#6095=CARTESIAN_POINT('Ctrl Pts',(-2.21922787400553,-24.5989282604408,23.970889086533));
#6096=CARTESIAN_POINT('Ctrl Pts',(-2.80759321974019,-25.9906605120267,24.5007066550411));
#6097=CARTESIAN_POINT('Ctrl Pts',(-4.18065220006357,-29.2729655611526,25.7537892470226));
#6098=CARTESIAN_POINT('Ctrl Pts',(-5.54503138103316,-32.5532148470973,27.0061072225594));
#6099=CARTESIAN_POINT('Ctrl Pts',(-6.32494153668893,-34.4299453548948,27.7225343105977));
#6100=CARTESIAN_POINT('Ctrl Pts',(-2.04016227127506,-25.0200441805512,23.0123101484984));
#6101=CARTESIAN_POINT('Ctrl Pts',(-2.62304066451466,-26.4274779285303,23.5290085735773));
#6102=CARTESIAN_POINT('Ctrl Pts',(-3.98859627960713,-29.7241626454326,24.7665955589706));
#6103=CARTESIAN_POINT('Ctrl Pts',(-5.34973295553705,-33.009995676156,26.0122495993573));
#6104=CARTESIAN_POINT('Ctrl Pts',(-6.12808493150943,-34.8891625088213,26.7257291117251));
#6105=CARTESIAN_POINT('Ctrl Pts',(-2.09264663242244,-25.1467526370457,22.6021601065321));
#6106=CARTESIAN_POINT('Ctrl Pts',(-2.67763091886093,-26.5590296351407,23.1133144248913));
#6107=CARTESIAN_POINT('Ctrl Pts',(-4.0448678411778,-29.8598315559753,24.3442990597972));
#6108=CARTESIAN_POINT('Ctrl Pts',(-5.40656456127761,-33.1472582454792,25.5870808270825));
#6109=CARTESIAN_POINT('Ctrl Pts',(-6.18520598110894,-35.0270649214614,26.2993150388618));
#6110=CARTESIAN_POINT('',(-7.75612804008472,-33.6379532663107,28.248219426822));
#6111=CARTESIAN_POINT('Ctrl Pts',(-7.30558852887854,-32.5660606854513,27.8411469143877));
#6112=CARTESIAN_POINT('Ctrl Pts',(-7.45587675401976,-32.9232587925672,27.976754200302));
#6113=CARTESIAN_POINT('Ctrl Pts',(-7.60603689888701,-33.2805532467699,28.1124491453177));
#6114=CARTESIAN_POINT('Ctrl Pts',(-7.75612804008472,-33.6379532663107,28.248219426822));
#6115=CARTESIAN_POINT('',(-6.18520598110894,-35.0270649214614,26.2993150388618));
#6116=CARTESIAN_POINT('Origin',(-8.09444835668648,-34.2362308356398,26.2993150388618));
#6117=CARTESIAN_POINT('Ctrl Pts',(-2.61959054040174,-26.4189077662992,23.0664668164439));
#6118=CARTESIAN_POINT('Ctrl Pts',(-3.02925069885958,-27.407914876812,23.4301731008524));
#6119=CARTESIAN_POINT('Ctrl Pts',(-4.2200224031944,-30.2826920751073,24.5041596532985));
#6120=CARTESIAN_POINT('Ctrl Pts',(-5.40654972899757,-33.1472224371876,25.5870672597883));
#6121=CARTESIAN_POINT('Ctrl Pts',(-6.18520598110893,-35.0270649214614,26.2993150388618));
#6122=CARTESIAN_POINT('Ctrl Pts',(-7.75612804008472,-33.6379532663107,28.248219426822));
#6123=CARTESIAN_POINT('Ctrl Pts',(-8.47120287372744,-35.2561536592698,28.8691105025332));
#6124=CARTESIAN_POINT('Ctrl Pts',(-9.99142565655876,-38.7514306957155,29.3410700518622));
#6125=CARTESIAN_POINT('Ctrl Pts',(-11.7905142222852,-42.9599766084813,27.8826692193812));
#6126=CARTESIAN_POINT('Ctrl Pts',(-13.280352197327,-46.4659366157548,25.0868128415251));
#6127=CARTESIAN_POINT('Ctrl Pts',(-13.9269815762361,-47.995117341727,22.7284945099007));
#6128=CARTESIAN_POINT('Ctrl Pts',(-14.2085246428033,-48.661241372333,20.9940294116002));
#6129=CARTESIAN_POINT('Ctrl Pts',(-7.20313999970468,-33.8757245715405,28.2252147834817));
#6130=CARTESIAN_POINT('Ctrl Pts',(-7.90795505003494,-35.4911646496105,28.8566544631215));
#6131=CARTESIAN_POINT('Ctrl Pts',(-9.41442357458584,-38.986765116177,29.3499043055215));
#6132=CARTESIAN_POINT('Ctrl Pts',(-11.2096873513665,-43.2104533745096,27.906316314793));
#6133=CARTESIAN_POINT('Ctrl Pts',(-12.7002002227029,-46.7340509651246,25.1118710048638));
#6134=CARTESIAN_POINT('Ctrl Pts',(-13.3475666754618,-48.2704080988667,22.7496209735716));
#6135=CARTESIAN_POINT('Ctrl Pts',(-13.629920998515,-48.9408217463191,21.0094120171198));
#6136=CARTESIAN_POINT('Ctrl Pts',(-6.32533386619185,-34.4300517583044,27.7218245695707));
#6137=CARTESIAN_POINT('Ctrl Pts',(-6.980164391254,-35.9853934442746,28.3334373918281));
#6138=CARTESIAN_POINT('Ctrl Pts',(-8.39345158401316,-39.3551396169803,28.8198350265179));
#6139=CARTESIAN_POINT('Ctrl Pts',(-10.0944782209995,-43.4282110660913,27.4425165024914));
#6140=CARTESIAN_POINT('Ctrl Pts',(-11.511498519216,-46.8263314039145,24.7631046573502));
#6141=CARTESIAN_POINT('Ctrl Pts',(-12.1296729299821,-48.3106569675202,22.4916681051901));
#6142=CARTESIAN_POINT('Ctrl Pts',(-12.3989059011623,-48.9571718520547,20.8192040426199));
#6143=CARTESIAN_POINT('Ctrl Pts',(-6.12808493150943,-34.8891625088213,26.7257291117251));
#6144=CARTESIAN_POINT('Ctrl Pts',(-6.72118747704819,-36.3212852293931,27.2745311374431));
#6145=CARTESIAN_POINT('Ctrl Pts',(-8.00070384012841,-39.410117976387,27.6981402486719));
#6146=CARTESIAN_POINT('Ctrl Pts',(-9.53914632629163,-43.1242963255542,26.4265226688041));
#6147=CARTESIAN_POINT('Ctrl Pts',(-10.8202384296612,-46.2172024016767,23.9774192283512));
#6148=CARTESIAN_POINT('Ctrl Pts',(-11.3790960963014,-47.5661838964268,21.907953359513));
#6149=CARTESIAN_POINT('Ctrl Pts',(-11.6224059137195,-48.153626740104,20.3855757216902));
#6150=CARTESIAN_POINT('Ctrl Pts',(-6.18520598110894,-35.0270649214614,26.2993150388618));
#6151=CARTESIAN_POINT('Ctrl Pts',(-6.75592710884133,-36.4049076083658,26.8213616474846));
#6152=CARTESIAN_POINT('Ctrl Pts',(-7.98438238337122,-39.3706609929047,27.2181862947903));
#6153=CARTESIAN_POINT('Ctrl Pts',(-9.45836387136995,-42.9291670919181,25.9919596048072));
#6154=CARTESIAN_POINT('Ctrl Pts',(-10.6848741906433,-45.8902249390982,23.6411972934237));
#6155=CARTESIAN_POINT('Ctrl Pts',(-11.2193383417174,-47.1805355412236,21.6583179523617));
#6156=CARTESIAN_POINT('Ctrl Pts',(-11.4521360109884,-47.7425588316666,20.199975808685));
#6157=CARTESIAN_POINT('Ctrl Pts',(-6.18520598110894,-35.0270649214614,26.2993150388618));
#6158=CARTESIAN_POINT('Ctrl Pts',(-6.7558482479445,-36.4047172213192,26.8212895123178));
#6159=CARTESIAN_POINT('Ctrl Pts',(-7.67653595834815,-38.6274539784859,27.1162438323629));
#6160=CARTESIAN_POINT('Ctrl Pts',(-9.16696676518328,-42.225672246126,26.3278610850864));
#6161=CARTESIAN_POINT('Ctrl Pts',(-10.4071145090157,-45.2196537486324,24.4572392672704));
#6162=CARTESIAN_POINT('Ctrl Pts',(-11.0835161829106,-46.8526318433615,22.1428788370967));
#6163=CARTESIAN_POINT('Ctrl Pts',(-11.3094863053287,-47.3981719775943,20.9998280119718));
#6164=CARTESIAN_POINT('Ctrl Pts',(-7.75612804008472,-33.6379532663107,28.248219426822));
#6165=CARTESIAN_POINT('Ctrl Pts',(-8.47120287372744,-35.2561536592698,28.8691105025332));
#6166=CARTESIAN_POINT('Ctrl Pts',(-9.99142565655876,-38.7514306957155,29.3410700518622));
#6167=CARTESIAN_POINT('Ctrl Pts',(-11.7905142222852,-42.9599766084813,27.8826692193812));
#6168=CARTESIAN_POINT('Ctrl Pts',(-13.2796683258263,-46.4643272957,25.0880962069171));
#6169=CARTESIAN_POINT('Ctrl Pts',(-13.9259920366652,-47.9927772363058,22.7321025277497));
#6170=CARTESIAN_POINT('Ctrl Pts',(-14.2075547892194,-48.6589467243269,20.9999999796789));
#6171=CARTESIAN_POINT('Origin',(0.267025571327055,-19.4499999999989,16.0061852741483));
#6172=CARTESIAN_POINT('Origin',(0.2670255713272,-19.4499999999986,28.248219426822));
#6173=CARTESIAN_POINT('Origin',(0.267025571327046,-19.4499999999989,26.3217617857081));
#6174=CARTESIAN_POINT('Ctrl Pts',(6.68876331301519,-51.4114010343961,20.9965457743412));
#6175=CARTESIAN_POINT('Ctrl Pts',(6.5891824401901,-50.6948437208534,22.7306192085543));
#6176=CARTESIAN_POINT('Ctrl Pts',(6.28420075250927,-48.5033548981352,25.878778760147));
#6177=CARTESIAN_POINT('Ctrl Pts',(5.70203111570435,-44.3835343139279,28.2821513709112));
#6178=CARTESIAN_POINT('Ctrl Pts',(5.03915176569003,-39.8041416295588,29.2197990320668));
#6179=CARTESIAN_POINT('Ctrl Pts',(4.61653493671797,-36.9789504224429,28.8690247092715));
#6180=CARTESIAN_POINT('Ctrl Pts',(4.34468433652806,-35.2310554385282,28.248219426822));
#6181=CARTESIAN_POINT('Ctrl Pts',(6.05751494807057,-51.531695689558,21.0119351987289));
#6182=CARTESIAN_POINT('Ctrl Pts',(5.95826089859364,-50.8107835507373,22.7517500862571));
#6183=CARTESIAN_POINT('Ctrl Pts',(5.65472270597843,-48.6089543328542,25.9058432183467));
#6184=CARTESIAN_POINT('Ctrl Pts',(5.07736958017473,-44.4725474561635,28.3034618975477));
#6185=CARTESIAN_POINT('Ctrl Pts',(4.42415316144655,-39.8821878619213,29.2232191034842));
#6186=CARTESIAN_POINT('Ctrl Pts',(4.01165526775314,-37.0601750789286,28.8565672122786));
#6187=CARTESIAN_POINT('Ctrl Pts',(3.74899916452364,-35.3176010464359,28.2252147834817));
#6188=CARTESIAN_POINT('Ctrl Pts',(4.86420782718586,-51.228947157597,20.8216426696902));
#6189=CARTESIAN_POINT('Ctrl Pts',(4.7714451319002,-50.5345252872027,22.4937273319531));
#6190=CARTESIAN_POINT('Ctrl Pts',(4.48766639224648,-48.4107091082055,25.5259854721829));
#6191=CARTESIAN_POINT('Ctrl Pts',(3.95314245519723,-44.4264795488018,27.8226221343312));
#6192=CARTESIAN_POINT('Ctrl Pts',(3.35702686633823,-40.0110778831973,28.6949907443239));
#6193=CARTESIAN_POINT('Ctrl Pts',(2.98754953469359,-37.2974379167092,28.3333747909697));
#6194=CARTESIAN_POINT('Ctrl Pts',(2.75761564477693,-35.6258416114739,27.721846479927));
#6195=CARTESIAN_POINT('Ctrl Pts',(4.32216877940552,-50.2518707004504,20.3877846619754));
#6196=CARTESIAN_POINT('Ctrl Pts',(4.23916057040208,-49.6212405509037,21.9098180125086));
#6197=CARTESIAN_POINT('Ctrl Pts',(3.98511658678931,-47.6921247205322,24.6723226460536));
#6198=CARTESIAN_POINT('Ctrl Pts',(3.5078304393766,-44.067076217235,26.7756887820479));
#6199=CARTESIAN_POINT('Ctrl Pts',(2.97766766355436,-40.0392706498527,27.5893279281145));
#6200=CARTESIAN_POINT('Ctrl Pts',(2.65048315763935,-37.5548803982986,27.274455305276));
#6201=CARTESIAN_POINT('Ctrl Pts',(2.44827867027319,-36.0182621972136,26.7257291117251));
#6202=CARTESIAN_POINT('Ctrl Pts',(4.26409811388363,-49.8107802039839,20.2020915721198));
#6203=CARTESIAN_POINT('Ctrl Pts',(4.18466609095995,-49.2074340891793,21.6601044037537));
#6204=CARTESIAN_POINT('Ctrl Pts',(3.9417234274587,-47.3621013537333,24.3070840135506));
#6205=CARTESIAN_POINT('Ctrl Pts',(3.48478398747027,-43.8913017231749,26.3278450935344));
#6206=CARTESIAN_POINT('Ctrl Pts',(2.97642593019419,-40.0299389188831,27.1162213494319));
#6207=CARTESIAN_POINT('Ctrl Pts',(2.66239704692537,-37.6446527372795,26.8212895123178));
#6208=CARTESIAN_POINT('Ctrl Pts',(2.46776159654924,-36.1662497146029,26.2993150388618));
#6209=CARTESIAN_POINT('',(4.34468433652806,-35.2310554385282,28.248219426822));
#6210=CARTESIAN_POINT('Ctrl Pts',(6.68856486886411,-51.4099730854266,20.9999999948171));
#6211=CARTESIAN_POINT('Ctrl Pts',(6.58897990537322,-50.693388384028,22.7327095469504));
#6212=CARTESIAN_POINT('Ctrl Pts',(6.28404612118658,-48.5022606237761,25.8794171250877));
#6213=CARTESIAN_POINT('Ctrl Pts',(5.70203111570435,-44.3835343139279,28.2821513709112));
#6214=CARTESIAN_POINT('Ctrl Pts',(5.03915176569003,-39.8041416295588,29.2197990320668));
#6215=CARTESIAN_POINT('Ctrl Pts',(4.61653493671797,-36.9789504224429,28.8690247092715));
#6216=CARTESIAN_POINT('Ctrl Pts',(4.34468433652806,-35.2310554385282,28.248219426822));
#6217=CARTESIAN_POINT('',(2.46776159654925,-36.1662497146029,26.2993150388618));
#6218=CARTESIAN_POINT('Origin',(4.51663103869198,-35.8965109353143,26.2993150388618));
#6219=CARTESIAN_POINT('Ctrl Pts',(4.21554400632582,-49.4419751418119,20.9997720085494));
#6220=CARTESIAN_POINT('Ctrl Pts',(4.13848658487113,-48.8566659158814,22.1418512336233));
#6221=CARTESIAN_POINT('Ctrl Pts',(3.97135193113577,-47.5871521823922,23.8163074210905));
#6222=CARTESIAN_POINT('Ctrl Pts',(3.58417475279175,-44.6462495376323,25.9919589025517));
#6223=CARTESIAN_POINT('Ctrl Pts',(3.08142715059306,-40.8275023705689,27.2181852334915));
#6224=CARTESIAN_POINT('Ctrl Pts',(2.66242394490871,-37.6448570477469,26.8213616474846));
#6225=CARTESIAN_POINT('Ctrl Pts',(2.46776159654926,-36.1662497146029,26.2993150388618));
#6226=CARTESIAN_POINT('Ctrl Pts',(4.34468433652806,-35.2310554385282,28.248219426822));
#6227=CARTESIAN_POINT('Ctrl Pts',(4.06940180795872,-33.2162416673958,27.5359716477485));
#6228=CARTESIAN_POINT('Ctrl Pts',(3.58316030237754,-29.6944276729459,26.2931794336695));
#6229=CARTESIAN_POINT('Ctrl Pts',(3.06476252955059,-26.1688825597867,25.0621583182347));
#6230=CARTESIAN_POINT('Ctrl Pts',(2.81913215886341,-24.676027804127,24.5510644944923));
#6231=CARTESIAN_POINT('Ctrl Pts',(3.74899916452364,-35.3176010464358,28.2252147834817));
#6232=CARTESIAN_POINT('Ctrl Pts',(3.47584660101467,-33.3034655567367,27.5102206429339));
#6233=CARTESIAN_POINT('Ctrl Pts',(2.99430767533927,-29.7829388844527,26.2617910815771));
#6234=CARTESIAN_POINT('Ctrl Pts',(2.48760930253897,-26.2606185954132,25.0167833693898));
#6235=CARTESIAN_POINT('Ctrl Pts',(2.25315946130104,-24.7700328713594,24.4932672001185));
#6236=CARTESIAN_POINT('Ctrl Pts',(2.75727435024749,-35.6256409988729,27.7225419436109));
#6237=CARTESIAN_POINT('Ctrl Pts',(2.48966748913214,-33.6109645539697,27.0061012084086));
#6238=CARTESIAN_POINT('Ctrl Pts',(2.0207750068431,-30.0893582168891,25.7537760180283));
#6239=CARTESIAN_POINT('Ctrl Pts',(1.54400068779489,-26.5633844195242,24.5006502305769));
#6240=CARTESIAN_POINT('Ctrl Pts',(1.33591484712206,-25.0669712574888,23.9708953654631));
#6241=CARTESIAN_POINT('Ctrl Pts',(2.44827867027319,-36.0182621972136,26.7257291117251));
#6242=CARTESIAN_POINT('Ctrl Pts',(2.18280750311374,-34.0016356926314,26.0122360083414));
#6243=CARTESIAN_POINT('Ctrl Pts',(1.71848488295646,-30.4754835270359,24.7665719475828));
#6244=CARTESIAN_POINT('Ctrl Pts',(1.25268749205509,-26.9375515700999,23.5289474228209));
#6245=CARTESIAN_POINT('Ctrl Pts',(1.05396437860717,-25.4273936818599,23.0123101484984));
#6246=CARTESIAN_POINT('Ctrl Pts',(2.46776159654924,-36.1662497146029,26.2993150388618));
#6247=CARTESIAN_POINT('Ctrl Pts',(2.20217644955634,-34.1489302420528,25.5870672597883));
#6248=CARTESIAN_POINT('Ctrl Pts',(1.73772828790416,-30.6210962080356,24.3442750457093));
#6249=CARTESIAN_POINT('Ctrl Pts',(1.27136944912074,-27.0787491403407,23.1132539302745));
#6250=CARTESIAN_POINT('Ctrl Pts',(1.07186581679939,-25.5633686046322,22.6021601065321));
#6251=CARTESIAN_POINT('Ctrl Pts',(2.46776159654926,-36.1662497146029,26.2993150388618));
#6252=CARTESIAN_POINT('Ctrl Pts',(2.20218150857085,-34.148968669083,25.5870808270825));
#6253=CARTESIAN_POINT('Ctrl Pts',(1.79747595071185,-31.0749247635328,24.5041557839263));
#6254=CARTESIAN_POINT('Ctrl Pts',(1.39133434274488,-27.9899729744688,23.4301966760309));
#6255=CARTESIAN_POINT('Ctrl Pts',(1.25159662877625,-26.9285596588888,23.066465510789));
#6256=CARTESIAN_POINT('',(4.18687522696278,-34.0790780728628,27.8411658987835));
#6257=CARTESIAN_POINT('Ctrl Pts',(4.34468433652806,-35.2310554385282,28.248219426822));
#6258=CARTESIAN_POINT('Ctrl Pts',(4.29220921363413,-34.8469860215622,28.1124487699188));
#6259=CARTESIAN_POINT('Ctrl Pts',(4.23964071323805,-34.4630019469275,27.9767537231287));
#6260=CARTESIAN_POINT('Ctrl Pts',(4.18692390515405,-34.0790785075005,27.8411464969532));
#6261=CARTESIAN_POINT('Ctrl Pts',(4.18687522696784,-34.0790780728752,27.8411658987882));
#6262=CARTESIAN_POINT('Ctrl Pts',(4.18387224676062,-34.0678707981678,27.8370740542313));
#6263=CARTESIAN_POINT('Ctrl Pts',(4.18086940163415,-34.0566640275962,27.8329807008064));
#6264=CARTESIAN_POINT('Ctrl Pts',(3.37706388611863,-31.0568210042067,26.7368134111879));
#6265=CARTESIAN_POINT('Ctrl Pts',(2.52943088685959,-27.8934115848802,25.4605653861152));
#6266=CARTESIAN_POINT('Ctrl Pts',(1.74514873646303,-24.9664307521309,24.1092525010657));
#6267=CARTESIAN_POINT('Ctrl Pts',(0.669850335419009,-25.2519261330258,24.5510644944923));
#6268=CARTESIAN_POINT('Ctrl Pts',(1.20361874326508,-26.6677590233777,25.0622188128515));
#6269=CARTESIAN_POINT('Ctrl Pts',(2.51742112244509,-29.9800340212003,26.2932050995418));
#6270=CARTESIAN_POINT('Ctrl Pts',(3.85720663779801,-33.2731389762331,27.5359852150427));
#6271=CARTESIAN_POINT('Ctrl Pts',(4.62619721196333,-35.1556242908964,28.248219426822));
#6272=CARTESIAN_POINT('Ctrl Pts',(1.20699960297261,-25.0503505605523,24.4932672001185));
#6273=CARTESIAN_POINT('Ctrl Pts',(1.74931712932642,-26.4586272528982,25.0168453343532));
#6274=CARTESIAN_POINT('Ctrl Pts',(3.07163261697927,-29.762269065208,26.2618005667832));
#6275=CARTESIAN_POINT('Ctrl Pts',(4.41485249890744,-33.0518994452715,27.5102342625424));
#6276=CARTESIAN_POINT('Ctrl Pts',(5.18534850753068,-34.9327323999281,28.2252147834817));
#6277=CARTESIAN_POINT('Ctrl Pts',(2.14982415913508,-24.848885989663,23.9708931122258));
#6278=CARTESIAN_POINT('Ctrl Pts',(2.71789034604339,-26.2490264281396,24.5007106807339));
#6279=CARTESIAN_POINT('Ctrl Pts',(4.06793215985478,-29.5408652020657,25.7537947628298));
#6280=CARTESIAN_POINT('Ctrl Pts',(5.42265628533537,-32.8251136435029,27.0061121164133));
#6281=CARTESIAN_POINT('Ctrl Pts',(6.19822539407821,-34.7036422718066,27.7225392044516));
#6282=CARTESIAN_POINT('Ctrl Pts',(2.57421341392916,-25.0200441805512,23.0123101484984));
#6283=CARTESIAN_POINT('Ctrl Pts',(3.15726209672909,-26.4274073922848,23.5290085735773));
#6284=CARTESIAN_POINT('Ctrl Pts',(4.52277560722326,-29.7241080383417,24.7665971707853));
#6285=CARTESIAN_POINT('Ctrl Pts',(5.88374242416507,-33.0100129381028,26.0122495993573));
#6286=CARTESIAN_POINT('Ctrl Pts',(6.66213607416351,-34.8891625088213,26.7257291117251));
#6287=CARTESIAN_POINT('Ctrl Pts',(2.62669777507654,-25.1467526370457,22.6021601065321));
#6288=CARTESIAN_POINT('Ctrl Pts',(3.21168206151502,-26.5590296351407,23.1133144248914));
#6289=CARTESIAN_POINT('Ctrl Pts',(4.57891827000103,-29.8598298326352,24.3443007115816));
#6290=CARTESIAN_POINT('Ctrl Pts',(5.9406157039317,-33.1472582454792,25.5870808270825));
#6291=CARTESIAN_POINT('Ctrl Pts',(6.71925712376303,-35.0270649214614,26.2993150388618));
#6292=CARTESIAN_POINT('',(4.62619721196333,-35.1556242908964,28.248219426822));
#6293=CARTESIAN_POINT('Ctrl Pts',(4.18683440063777,-34.0791021433901,27.8411469830032));
#6294=CARTESIAN_POINT('Ctrl Pts',(4.33314167824941,-34.4379492113054,27.9767542210786));
#6295=CARTESIAN_POINT('Ctrl Pts',(4.4796076909828,-34.7967738318658,28.1124491385528));
#6296=CARTESIAN_POINT('Ctrl Pts',(4.62619721196333,-35.1556242908964,28.248219426822));
#6297=CARTESIAN_POINT('Origin',(4.81001474818548,-35.8178990072831,26.2993150388618));
#6298=CARTESIAN_POINT('Ctrl Pts',(4.62619721196333,-35.1556242908964,28.248219426822));
#6299=CARTESIAN_POINT('Ctrl Pts',(5.26480341921888,-36.8054990260011,28.8691105025332));
#6300=CARTESIAN_POINT('Ctrl Pts',(6.66137770338361,-40.3519935580005,29.341076876765));
#6301=CARTESIAN_POINT('Ctrl Pts',(8.36512212955039,-44.6000341292583,27.882673729584));
#6302=CARTESIAN_POINT('Ctrl Pts',(9.79073629923904,-48.1325982408311,25.0868186791672));
#6303=CARTESIAN_POINT('Ctrl Pts',(10.4147929071765,-49.6711247483527,22.7284945099007));
#6304=CARTESIAN_POINT('Ctrl Pts',(10.6867327147636,-50.3412265790713,20.9940294116002));
#6305=CARTESIAN_POINT('Ctrl Pts',(5.18534850753068,-34.9327323999281,28.2252147834817));
#6306=CARTESIAN_POINT('Ctrl Pts',(5.82925763976364,-36.5734005353028,28.8566544631215));
#6307=CARTESIAN_POINT('Ctrl Pts',(7.23578618012588,-40.1103982798384,29.3499013277738));
#6308=CARTESIAN_POINT('Ctrl Pts',(8.95294218538701,-44.3664408270155,27.9063134758065));
#6309=CARTESIAN_POINT('Ctrl Pts',(10.3905500324657,-47.9119520898927,25.1118686355255));
#6310=CARTESIAN_POINT('Ctrl Pts',(11.019161073806,-49.4560765040662,22.7496209735717));
#6311=CARTESIAN_POINT('Ctrl Pts',(11.2935604535913,-50.129785196908,21.0094120171199));
#6312=CARTESIAN_POINT('Ctrl Pts',(6.19802402960701,-34.7039935432435,27.7218322296025));
#6313=CARTESIAN_POINT('Ctrl Pts',(6.83478157801928,-36.2668213012546,28.3334450518598));
#6314=CARTESIAN_POINT('Ctrl Pts',(8.21820914577592,-39.6489404760122,28.8198518350702));
#6315=CARTESIAN_POINT('Ctrl Pts',(9.89550033041563,-43.7318492124346,27.4425292416167));
#6316=CARTESIAN_POINT('Ctrl Pts',(11.2963510399498,-47.1366708873141,24.7631187092775));
#6317=CARTESIAN_POINT('Ctrl Pts',(11.9088123469357,-48.6233625181774,22.4916722964368));
#6318=CARTESIAN_POINT('Ctrl Pts',(12.1755909462876,-49.2708940368102,20.8192082338666));
#6319=CARTESIAN_POINT('Ctrl Pts',(6.66213607416351,-34.8891625088213,26.7257291117251));
#6320=CARTESIAN_POINT('Ctrl Pts',(7.2554129294817,-36.3212130279184,27.2745311374431));
#6321=CARTESIAN_POINT('Ctrl Pts',(8.53479254595692,-39.4101028143004,27.6981481459409));
#6322=CARTESIAN_POINT('Ctrl Pts',(10.0732709160885,-43.1242681439453,26.426528025224));
#6323=CARTESIAN_POINT('Ctrl Pts',(11.3544174311066,-46.2171535790557,23.9774259162012));
#6324=CARTESIAN_POINT('Ctrl Pts',(11.9131182598756,-47.5661958999547,21.907953359513));
#6325=CARTESIAN_POINT('Ctrl Pts',(12.1564570563736,-48.153626740104,20.3855757216902));
#6326=CARTESIAN_POINT('Ctrl Pts',(6.71925712376302,-35.0270649214614,26.2993150388618));
#6327=CARTESIAN_POINT('Ctrl Pts',(7.28997825149542,-36.4049076083659,26.8213616474846));
#6328=CARTESIAN_POINT('Ctrl Pts',(8.51843370379833,-39.3706614220867,27.218192033184));
#6329=CARTESIAN_POINT('Ctrl Pts',(9.99241573375546,-42.9291688295035,25.9919633969959));
#6330=CARTESIAN_POINT('Ctrl Pts',(11.2189265677413,-45.8902279193096,23.6412022017263));
#6331=CARTESIAN_POINT('Ctrl Pts',(11.7533894843715,-47.1805355412236,21.6583179523617));
#6332=CARTESIAN_POINT('Ctrl Pts',(11.9861871536425,-47.7425588316666,20.199975808685));
#6333=CARTESIAN_POINT('Ctrl Pts',(4.62619721196333,-35.1556242908964,28.248219426822));
#6334=CARTESIAN_POINT('Ctrl Pts',(5.26480341921888,-36.8054990260011,28.8691105025332));
#6335=CARTESIAN_POINT('Ctrl Pts',(6.66137770338361,-40.3519935580005,29.341076876765));
#6336=CARTESIAN_POINT('Ctrl Pts',(8.36512212955039,-44.6000341292583,27.882673729584));
#6337=CARTESIAN_POINT('Ctrl Pts',(9.79008190801127,-48.1309767088519,25.0881020439499));
#6338=CARTESIAN_POINT('Ctrl Pts',(10.4138379150988,-49.6687703392631,22.7321025366779));
#6339=CARTESIAN_POINT('Ctrl Pts',(10.6857959436478,-50.3389182278693,20.9999999796943));
#6340=CARTESIAN_POINT('Origin',(0.267025571327053,-19.4499999999989,16.0061852741483));
#6341=CARTESIAN_POINT('Origin',(0.267025571326975,-19.4499999999986,28.248219426822));
#6342=CARTESIAN_POINT('Origin',(0.267025571327046,-19.4499999999989,26.3217617857081));
#6343=CARTESIAN_POINT('Ctrl Pts',(27.4080032831213,-37.5092691034947,20.9965457743412));
#6344=CARTESIAN_POINT('Ctrl Pts',(26.8309064371553,-37.0730008784308,22.7306192085543));
#6345=CARTESIAN_POINT('Ctrl Pts',(25.0656494546554,-35.7390496217919,25.8788003393796));
#6346=CARTESIAN_POINT('Ctrl Pts',(21.7408311043402,-33.2375454624954,28.2821700788996));
#6347=CARTESIAN_POINT('Ctrl Pts',(18.0339842290383,-30.4681513610703,29.2198253327866));
#6348=CARTESIAN_POINT('Ctrl Pts',(15.7374328492223,-28.7692721436895,28.8690247092715));
#6349=CARTESIAN_POINT('Ctrl Pts',(14.3092570504304,-27.7255511506254,28.248219426822));
#6350=CARTESIAN_POINT('Ctrl Pts',(27.0467044500615,-38.0406902693654,21.011935198729));
#6351=CARTESIAN_POINT('Ctrl Pts',(26.4667593766163,-37.6011116188109,22.7517500862572));
#6352=CARTESIAN_POINT('Ctrl Pts',(24.6952037027538,-36.2588209507974,25.9058273293139));
#6353=CARTESIAN_POINT('Ctrl Pts',(21.3620672366023,-33.7421862069405,28.303452609983));
#6354=CARTESIAN_POINT('Ctrl Pts',(17.6543031933903,-30.9582082068604,29.2232114667278));
#6355=CARTESIAN_POINT('Ctrl Pts',(15.367152838896,-29.254421164817,28.8565672122787));
#6356=CARTESIAN_POINT('Ctrl Pts',(13.9492410120872,-28.2079611614354,28.2252147834817));
#6357=CARTESIAN_POINT('Ctrl Pts',(25.9888177283056,-38.6703636680555,20.8216256506505));
#6358=CARTESIAN_POINT('Ctrl Pts',(25.4321941838679,-38.2449263853732,22.4937103129134));
#6359=CARTESIAN_POINT('Ctrl Pts',(23.7297935569104,-36.9438449606559,25.5259836123913));
#6360=CARTESIAN_POINT('Ctrl Pts',(20.5345528925497,-34.5045363719969,27.8226142449062));
#6361=CARTESIAN_POINT('Ctrl Pts',(16.9908777008473,-31.8038956920787,28.6949887835562));
#6362=CARTESIAN_POINT('Ctrl Pts',(14.8107938755449,-30.1463313586163,28.3333437018935));
#6363=CARTESIAN_POINT('Ctrl Pts',(13.4662089799219,-29.1269220885627,27.7218153908508));
#6364=CARTESIAN_POINT('Ctrl Pts',(24.9146564779624,-38.3627923844046,20.3877846619754));
#6365=CARTESIAN_POINT('Ctrl Pts',(24.4100379553168,-37.9755651967199,21.9098180125086));
#6366=CARTESIAN_POINT('Ctrl Pts',(22.8663258291502,-36.7911197981595,24.6723486444052));
#6367=CARTESIAN_POINT('Ctrl Pts',(19.9655279508874,-34.5653090325827,26.7757105711452));
#6368=CARTESIAN_POINT('Ctrl Pts',(16.7425558100471,-32.0921006581292,27.5893576365258));
#6369=CARTESIAN_POINT('Ctrl Pts',(14.7544682954882,-30.5667246802561,27.274455305276));
#6370=CARTESIAN_POINT('Ctrl Pts',(13.5249349812033,-29.6231516943772,26.7257291117251));
#6371=CARTESIAN_POINT('Ctrl Pts',(24.5616962354154,-38.0919564646147,20.2020915721198));
#6372=CARTESIAN_POINT('Ctrl Pts',(24.0788991841818,-37.7214932574865,21.6601044037537));
#6373=CARTESIAN_POINT('Ctrl Pts',(22.6022773561956,-36.5884414778338,24.3071021574178));
#6374=CARTESIAN_POINT('Ctrl Pts',(19.82493864906,-34.45731453309,26.3278608232529));
#6375=CARTESIAN_POINT('Ctrl Pts',(16.7350785878552,-32.0863815190493,27.1162434631361));
#6376=CARTESIAN_POINT('Ctrl Pts',(14.826371317049,-30.621778918008,26.8212895123178));
#6377=CARTESIAN_POINT('Ctrl Pts',(13.6433544675674,-29.7140181621669,26.2993150388618));
#6378=CARTESIAN_POINT('',(14.3092570504304,-27.7255511506254,28.248219426822));
#6379=CARTESIAN_POINT('Ctrl Pts',(27.4068532495263,-37.5083997123071,20.9999999948314));
#6380=CARTESIAN_POINT('Ctrl Pts',(26.8297341543312,-37.0721150207593,22.7327095612771));
#6381=CARTESIAN_POINT('Ctrl Pts',(25.0647663425405,-35.7383851919206,25.8794387035577));
#6382=CARTESIAN_POINT('Ctrl Pts',(21.7408311043402,-33.2375454624954,28.2821700788996));
#6383=CARTESIAN_POINT('Ctrl Pts',(18.0339842290383,-30.4681513610703,29.2198253327866));
#6384=CARTESIAN_POINT('Ctrl Pts',(15.7374328492223,-28.7692721436895,28.8690247092715));
#6385=CARTESIAN_POINT('Ctrl Pts',(14.3092570504304,-27.7255511506254,28.248219426822));
#6386=CARTESIAN_POINT('Origin',(14.9013898238885,-28.074514565878,26.2993150388618));
#6387=CARTESIAN_POINT('Ctrl Pts',(14.3092570504304,-27.7255511506254,28.248219426822));
#6388=CARTESIAN_POINT('Ctrl Pts',(12.689914427341,-26.4955168129232,27.5359716477485));
#6389=CARTESIAN_POINT('Ctrl Pts',(9.85577616912365,-24.3490667218226,26.2931922956056));
#6390=CARTESIAN_POINT('Ctrl Pts',(6.99629176648513,-22.2226686448848,25.0621583182347));
#6391=CARTESIAN_POINT('Ctrl Pts',(5.76699714465332,-21.3407478246095,24.5510644944923));
#6392=CARTESIAN_POINT('Ctrl Pts',(13.9492410120872,-28.2079611614354,28.2252147834817));
#6393=CARTESIAN_POINT('Ctrl Pts',(12.3318841191367,-26.9769003283963,27.5102206429339));
#6394=CARTESIAN_POINT('Ctrl Pts',(9.50199321407622,-24.828031617052,26.2617836244745));
#6395=CARTESIAN_POINT('Ctrl Pts',(6.65304997875218,-22.6956447783591,25.0167833693898));
#6396=CARTESIAN_POINT('Ctrl Pts',(5.43326563274642,-21.8074225775282,24.4932672001185));
#6397=CARTESIAN_POINT('Ctrl Pts',(13.4658116080969,-29.1270281955192,27.7225314753577));
#6398=CARTESIAN_POINT('Ctrl Pts',(11.8519936058224,-27.8916634456181,27.0060907401554));
#6399=CARTESIAN_POINT('Ctrl Pts',(9.03027684469993,-25.7330728427318,25.7537744243394));
#6400=CARTESIAN_POINT('Ctrl Pts',(6.19991317426931,-23.5769595799011,24.5006416193733));
#6401=CARTESIAN_POINT('Ctrl Pts',(4.99465037092864,-22.6659745945777,23.9708867542596));
#6402=CARTESIAN_POINT('Ctrl Pts',(13.5249349812033,-29.6231516943772,26.7257291117251));
#6403=CARTESIAN_POINT('Ctrl Pts',(11.9112482421847,-28.3848978803745,26.0122360083414));
#6404=CARTESIAN_POINT('Ctrl Pts',(9.08954747205082,-26.2198455500568,24.7665844715608));
#6405=CARTESIAN_POINT('Ctrl Pts',(6.25849228913363,-24.0475302615972,23.5289474228209));
#6406=CARTESIAN_POINT('Ctrl Pts',(5.05013094459926,-23.1202058392578,23.0123101484984));
#6407=CARTESIAN_POINT('Ctrl Pts',(13.6433544675674,-29.7140181621669,26.2993150388618));
#6408=CARTESIAN_POINT('Ctrl Pts',(12.0290971302864,-28.4753549417282,25.5870672597883));
#6409=CARTESIAN_POINT('Ctrl Pts',(9.20611280226911,-26.3092028801989,24.3442879076454));
#6410=CARTESIAN_POINT('Ctrl Pts',(6.37154418706492,-24.1341618824745,23.1132539302745));
#6411=CARTESIAN_POINT('Ctrl Pts',(5.15893796290153,-23.2036964008827,22.6021601065321));
#6412=CARTESIAN_POINT('',(13.3830981518883,-27.0225680350966,27.8411658987835));
#6413=CARTESIAN_POINT('Ctrl Pts',(14.3092570504304,-27.7255511506254,28.248219426822));
#6414=CARTESIAN_POINT('Ctrl Pts',(14.0005733561435,-27.4910785084261,28.1124487303942));
#6415=CARTESIAN_POINT('Ctrl Pts',(13.6918836679469,-27.2567327345024,27.9767539111891));
#6416=CARTESIAN_POINT('Ctrl Pts',(13.3831318012295,-27.0225349979373,27.8411470706288));
#6417=CARTESIAN_POINT('Ctrl Pts',(13.3830981519007,-27.0225680351018,27.8411658987882));
#6418=CARTESIAN_POINT('Ctrl Pts',(13.3730499842882,-27.0167667228259,27.8370740542313));
#6419=CARTESIAN_POINT('Ctrl Pts',(13.36300226867,-27.0109656715113,27.8329807008064));
#6420=CARTESIAN_POINT('Ctrl Pts',(10.6734165935599,-25.4581326579536,26.7368134111879));
#6421=CARTESIAN_POINT('Ctrl Pts',(7.83718129975125,-23.820631447612,25.4605653861152));
#6422=CARTESIAN_POINT('Ctrl Pts',(5.21292207760218,-22.3055146792809,24.1092525010657));
#6423=CARTESIAN_POINT('Ctrl Pts',(4.65444700625314,-23.2677411902864,24.5510644944923));
#6424=CARTESIAN_POINT('Ctrl Pts',(6.03302330481901,-23.89145496731,25.0622188128515));
#6425=CARTESIAN_POINT('Ctrl Pts',(9.30415122397288,-25.3045927397732,26.2932026512779));
#6426=CARTESIAN_POINT('Ctrl Pts',(12.5801022564955,-26.685793929589,27.5359852150427));
#6427=CARTESIAN_POINT('Ctrl Pts',(14.4549788376388,-27.4731536114107,28.248219426822));
#6428=CARTESIAN_POINT('Ctrl Pts',(4.89173344163212,-22.7453838464723,24.4932672001185));
#6429=CARTESIAN_POINT('Ctrl Pts',(6.27101184101795,-23.3577094449759,25.0168453343532));
#6430=CARTESIAN_POINT('Ctrl Pts',(9.54205436521928,-24.7587208116775,26.2618017214473));
#6431=CARTESIAN_POINT('Ctrl Pts',(12.8179774537771,-26.1350387870884,27.5102342625424));
#6432=CARTESIAN_POINT('Ctrl Pts',(14.6927501428686,-26.9201655710306,28.2252147834817));
#6433=CARTESIAN_POINT('Ctrl Pts',(5.41595370597637,-21.9362553139722,23.9708872955445));
#6434=CARTESIAN_POINT('Ctrl Pts',(6.80768595756233,-22.5246206597069,24.5007048640526));
#6435=CARTESIAN_POINT('Ctrl Pts',(10.0899909114697,-23.8976801974329,25.7537867544544));
#6436=CARTESIAN_POINT('Ctrl Pts',(13.3702403523447,-25.2620591034296,27.0061050453352));
#6437=CARTESIAN_POINT('Ctrl Pts',(15.2469708601422,-26.0419692590854,27.7225321333734));
#6438=CARTESIAN_POINT('Ctrl Pts',(5.83706975187939,-21.757187842601,23.0123101484984));
#6439=CARTESIAN_POINT('Ctrl Pts',(7.24450349985842,-22.3400662358406,23.5290085735773));
#6440=CARTESIAN_POINT('Ctrl Pts',(10.5411889262896,-23.7056218971252,24.7665947817641));
#6441=CARTESIAN_POINT('Ctrl Pts',(13.8270212474842,-25.066758526863,26.0122495993573));
#6442=CARTESIAN_POINT('Ctrl Pts',(15.7061880801495,-25.8451105028354,26.7257291117251));
#6443=CARTESIAN_POINT('Ctrl Pts',(5.96377820837388,-21.8096722037484,22.6021601065321));
#6444=CARTESIAN_POINT('Ctrl Pts',(7.37605520646882,-22.3946564901869,23.1133144248914));
#6445=CARTESIAN_POINT('Ctrl Pts',(10.6768579582867,-23.7618937567082,24.3442982633177));
#6446=CARTESIAN_POINT('Ctrl Pts',(13.9642838168074,-25.1235901326035,25.5870808270826));
#6447=CARTESIAN_POINT('Ctrl Pts',(15.8440904927896,-25.9022315524349,26.2993150388618));
#6448=CARTESIAN_POINT('',(14.4549788376388,-27.4731536114107,28.248219426822));
#6449=CARTESIAN_POINT('Ctrl Pts',(13.3830862341305,-27.0226141851204,27.8411468813017));
#6450=CARTESIAN_POINT('Ctrl Pts',(13.7402843623896,-27.1729023611481,27.9767541902838));
#6451=CARTESIAN_POINT('Ctrl Pts',(14.0975788266849,-27.323062473819,28.1124491485797));
#6452=CARTESIAN_POINT('Ctrl Pts',(14.4549788376388,-27.4731536114107,28.248219426822));
#6453=CARTESIAN_POINT('Origin',(15.053256406968,-27.8114739280124,26.2993150388618));
#6454=CARTESIAN_POINT('Ctrl Pts',(14.4549788376388,-27.4731536114107,28.248219426822));
#6455=CARTESIAN_POINT('Ctrl Pts',(16.073179230598,-28.1882284450534,28.8691105025332));
#6456=CARTESIAN_POINT('Ctrl Pts',(19.5684560624408,-29.7084510447138,29.3410669864943));
#6457=CARTESIAN_POINT('Ctrl Pts',(23.7770012530307,-31.5075393911912,27.8826671904672));
#6458=CARTESIAN_POINT('Ctrl Pts',(27.2829605990677,-32.9973770903858,25.0868102173018));
#6459=CARTESIAN_POINT('Ctrl Pts',(28.8121429130551,-33.644007147562,22.7284945099007));
#6460=CARTESIAN_POINT('Ctrl Pts',(29.4782669436611,-33.9255502141292,20.9940294116002));
#6461=CARTESIAN_POINT('Ctrl Pts',(14.6927501428686,-26.9201655710306,28.2252147834817));
#6462=CARTESIAN_POINT('Ctrl Pts',(16.3081902209386,-27.6249806213609,28.8566544631215));
#6463=CARTESIAN_POINT('Ctrl Pts',(19.8037904636909,-29.1314488321648,29.3499056445305));
#6464=CARTESIAN_POINT('Ctrl Pts',(24.0274783019957,-30.9267125588614,27.9063175893535));
#6465=CARTESIAN_POINT('Ctrl Pts',(27.5510760146912,-32.4172254616479,25.1118720720423));
#6466=CARTESIAN_POINT('Ctrl Pts',(29.0874336701949,-33.0645922467878,22.7496209735717));
#6467=CARTESIAN_POINT('Ctrl Pts',(29.7578473176472,-33.3469465698409,21.0094120171199));
#6468=CARTESIAN_POINT('Ctrl Pts',(15.2470774137029,-26.0423615478117,27.7218220406299));
#6469=CARTESIAN_POINT('Ctrl Pts',(16.8024190996731,-26.6971920728738,28.3334348628872));
#6470=CARTESIAN_POINT('Ctrl Pts',(20.1721638372159,-28.1104788665055,28.8198284878591));
#6471=CARTESIAN_POINT('Ctrl Pts',(24.2452334315153,-29.8115048053864,27.4425116300216));
#6472=CARTESIAN_POINT('Ctrl Pts',(27.6433525164948,-31.2285246414089,24.7630991808644));
#6473=CARTESIAN_POINT('Ctrl Pts',(29.1276786189214,-31.8466992965848,22.4916667214602));
#6474=CARTESIAN_POINT('Ctrl Pts',(29.7741935034559,-32.115932267765,20.8192026588901));
#6475=CARTESIAN_POINT('Ctrl Pts',(15.7061880801495,-25.8451105028354,26.7257291117251));
#6476=CARTESIAN_POINT('Ctrl Pts',(17.1383108007213,-26.4382130483741,27.2745311374431));
#6477=CARTESIAN_POINT('Ctrl Pts',(20.2271434660742,-27.717729162764,27.6981367014343));
#6478=CARTESIAN_POINT('Ctrl Pts',(23.941321087883,-29.256171418638,26.4265202596697));
#6479=CARTESIAN_POINT('Ctrl Pts',(27.0342264587078,-30.5372631762947,23.9774162215172));
#6480=CARTESIAN_POINT('Ctrl Pts',(28.383209467755,-31.0961216676274,21.907953359513));
#6481=CARTESIAN_POINT('Ctrl Pts',(28.9706523114321,-31.3394314850455,20.3855757216903));
#6482=CARTESIAN_POINT('Ctrl Pts',(15.8440904927896,-25.9022315524349,26.2993150388618));
#6483=CARTESIAN_POINT('Ctrl Pts',(17.221933179694,-26.4729526801673,26.8213616474846));
#6484=CARTESIAN_POINT('Ctrl Pts',(20.187686366954,-27.7014078729816,27.2181837174221));
#6485=CARTESIAN_POINT('Ctrl Pts',(23.7461918823947,-29.1753891192566,25.9919578988918));
#6486=CARTESIAN_POINT('Ctrl Pts',(26.7072491735505,-30.4018992082171,23.6411950869709));
#6487=CARTESIAN_POINT('Ctrl Pts',(27.9975611125518,-30.9363639130433,21.6583179523617));
#6488=CARTESIAN_POINT('Ctrl Pts',(28.5595844029948,-31.1691615823144,20.199975808685));
#6489=CARTESIAN_POINT('Ctrl Pts',(14.4549788376388,-27.4731536114107,28.248219426822));
#6490=CARTESIAN_POINT('Ctrl Pts',(16.073179230598,-28.1882284450534,28.8691105025332));
#6491=CARTESIAN_POINT('Ctrl Pts',(19.5684560624408,-29.7084510447138,29.3410669864943));
#6492=CARTESIAN_POINT('Ctrl Pts',(23.7770012530307,-31.5075393911912,27.8826671904672));
#6493=CARTESIAN_POINT('Ctrl Pts',(27.2813512793164,-32.9966932190117,25.0880935829671));
#6494=CARTESIAN_POINT('Ctrl Pts',(28.8098028052053,-33.6430176069538,22.7321025237362));
#6495=CARTESIAN_POINT('Ctrl Pts',(29.4759722956509,-33.9245803605436,20.999999979672));
#6496=CARTESIAN_POINT('Origin',(0.267025571327054,-19.4499999999989,16.0061852741483));
#6497=CARTESIAN_POINT('Origin',(0.267025571326794,-19.4499999999987,28.248219426822));
#6498=CARTESIAN_POINT('Origin',(0.267025571327049,-19.4499999999989,26.3217617857081));
#6499=CARTESIAN_POINT('Ctrl Pts',(-10.1522869251283,-50.3402541071732,20.9965457743411));
#6500=CARTESIAN_POINT('Ctrl Pts',(-9.8802478339545,-49.6699068339651,22.7306192085543));
#6501=CARTESIAN_POINT('Ctrl Pts',(-9.04863210304542,-47.6195478119582,25.8788006984281));
#6502=CARTESIAN_POINT('Ctrl Pts',(-7.49289086432576,-43.7605828003042,28.2821703903087));
#6503=CARTESIAN_POINT('Ctrl Pts',(-5.77726413466903,-39.4632717153462,29.219825771923));
#6504=CARTESIAN_POINT('Ctrl Pts',(-4.73066403546808,-36.8052710502088,28.8690247092715));
#6505=CARTESIAN_POINT('Ctrl Pts',(-4.09214606930926,-35.1556242908964,28.2482194268219));
#6506=CARTESIAN_POINT('Ctrl Pts',(-10.7591113728487,-50.1288081520106,21.0119351987289));
#6507=CARTESIAN_POINT('Ctrl Pts',(-10.4846118317138,-49.4548529011568,22.7517500862571));
#6508=CARTESIAN_POINT('Ctrl Pts',(-9.64657098986739,-47.3962512577893,25.9058270632565));
#6509=CARTESIAN_POINT('Ctrl Pts',(-8.07836765309821,-43.525335566176,28.3034524551216));
#6510=CARTESIAN_POINT('Ctrl Pts',(-6.34889137744288,-39.2233640706605,29.2232113405599));
#6511=CARTESIAN_POINT('Ctrl Pts',(-5.2951175232672,-36.5731738316567,28.8565672122786));
#6512=CARTESIAN_POINT('Ctrl Pts',(-4.65129736487661,-34.9327323999281,28.2252147834817));
#6513=CARTESIAN_POINT('Ctrl Pts',(-11.6411560814865,-49.269956529581,20.8216363138022));
#6514=CARTESIAN_POINT('Ctrl Pts',(-11.3742799969303,-48.6221882012333,22.4937209760651));
#6515=CARTESIAN_POINT('Ctrl Pts',(-10.558141614213,-46.6410425297507,25.5260023057807));
#6516=CARTESIAN_POINT('Ctrl Pts',(-9.02893556189689,-42.923329567553,27.8226340363602));
#6517=CARTESIAN_POINT('Ctrl Pts',(-7.33748593470449,-38.8014214568419,28.6950104269122));
#6518=CARTESIAN_POINT('Ctrl Pts',(-6.30064394531777,-36.2666037336931,28.3333631805211));
#6519=CARTESIAN_POINT('Ctrl Pts',(-5.6639743825589,-34.7039919235287,27.7218348694784));
#6520=CARTESIAN_POINT('Ctrl Pts',(-11.6220527447188,-48.1527741147127,20.3877846619754));
#6521=CARTESIAN_POINT('Ctrl Pts',(-11.3786248876651,-47.5651282803112,21.9098180125086));
#6522=CARTESIAN_POINT('Ctrl Pts',(-10.6340806712111,-45.7674601257344,24.6723490772648));
#6523=CARTESIAN_POINT('Ctrl Pts',(-9.23489423671123,-42.3894221414393,26.7757109338879));
#6524=CARTESIAN_POINT('Ctrl Pts',(-7.68012495028042,-38.6361566469027,27.589358132332));
#6525=CARTESIAN_POINT('Ctrl Pts',(-6.72127980923364,-36.3210151505616,27.274455305276));
#6526=CARTESIAN_POINT('Ctrl Pts',(-6.12808493150943,-34.8891625088213,26.7257291117251));
#6527=CARTESIAN_POINT('Ctrl Pts',(-11.4517981680422,-47.7417432066438,20.2020915721198));
#6528=CARTESIAN_POINT('Ctrl Pts',(-11.2189152603658,-47.1795141324866,21.6601044037537));
#6529=CARTESIAN_POINT('Ctrl Pts',(-10.5066492315818,-45.4599518257786,24.3071024593066));
#6530=CARTESIAN_POINT('Ctrl Pts',(-9.16696676518328,-42.225672246126,26.3278610850864));
#6531=CARTESIAN_POINT('Ctrl Pts',(-7.67653595834815,-38.6274539784859,27.1162438323629));
#6532=CARTESIAN_POINT('Ctrl Pts',(-6.7558482479445,-36.4047172213192,26.8212895123178));
#6533=CARTESIAN_POINT('Ctrl Pts',(-6.18520598110894,-35.0270649214614,26.2993150388618));
#6534=CARTESIAN_POINT('',(-4.09214606930925,-35.1556242908964,28.2482194268219));
#6535=CARTESIAN_POINT('Ctrl Pts',(-10.1517448083241,-50.3389182450259,20.9999999948316));
#6536=CARTESIAN_POINT('Ctrl Pts',(-9.87969557034684,-49.6685452190573,22.7327095615154));
#6537=CARTESIAN_POINT('Ctrl Pts',(-9.04821887928673,-47.6185228240058,25.8794390625936));
#6538=CARTESIAN_POINT('Ctrl Pts',(-7.49289086432576,-43.7605828003042,28.2821703903087));
#6539=CARTESIAN_POINT('Ctrl Pts',(-5.77726413466903,-39.4632717153462,29.219825771923));
#6540=CARTESIAN_POINT('Ctrl Pts',(-4.73066403546808,-36.8052710502088,28.8690247092715));
#6541=CARTESIAN_POINT('Ctrl Pts',(-4.09214606930926,-35.1556242908964,28.2482194268219));
#6542=CARTESIAN_POINT('Origin',(-4.2759636055314,-35.8178990072831,26.2993150388618));
#6543=CARTESIAN_POINT('Ctrl Pts',(-4.09214606930925,-35.1556242908963,28.248219426822));
#6544=CARTESIAN_POINT('Ctrl Pts',(-3.32314084670211,-33.2731031169163,27.5359716477485));
#6545=CARTESIAN_POINT('Ctrl Pts',(-1.98335381656701,-29.9799949870037,26.2931901855211));
#6546=CARTESIAN_POINT('Ctrl Pts',(-0.66950442963867,-26.6675914609311,25.0621583182347));
#6547=CARTESIAN_POINT('Ctrl Pts',(-0.13579919276492,-25.2519261330258,24.5510644944923));
#6548=CARTESIAN_POINT('Ctrl Pts',(-4.65129736487659,-34.9327323999281,28.2252147834817));
#6549=CARTESIAN_POINT('Ctrl Pts',(-3.88078667913463,-33.0518636174304,27.5102206429338));
#6550=CARTESIAN_POINT('Ctrl Pts',(-2.53756522994245,-29.7622304081362,26.2617848478608));
#6551=CARTESIAN_POINT('Ctrl Pts',(-1.21520180392014,-26.4584605847203,25.0167833693898));
#6552=CARTESIAN_POINT('Ctrl Pts',(-0.672948460318524,-25.0503505605523,
24.4932672001185));
#6553=CARTESIAN_POINT('Ctrl Pts',(-5.66417588720158,-34.7036407335356,27.7225414761311));
#6554=CARTESIAN_POINT('Ctrl Pts',(-4.88859200470293,-32.8250763212857,27.0061007409288));
#6555=CARTESIAN_POINT('Ctrl Pts',(-3.53386635040669,-29.5408244172578,25.7537822293121));
#6556=CARTESIAN_POINT('Ctrl Pts',(-2.18377344476804,-26.2488594370349,24.5006498460272));
#6557=CARTESIAN_POINT('Ctrl Pts',(-1.61577448794087,-24.8488847038185,23.9708949809134));
#6558=CARTESIAN_POINT('Ctrl Pts',(-6.12808493150942,-34.8891625088213,26.7257291117251));
#6559=CARTESIAN_POINT('Ctrl Pts',(-5.3496764539507,-33.0099771423284,26.0122360083414));
#6560=CARTESIAN_POINT('Ctrl Pts',(-3.98870789514116,-29.7240686472284,24.7665824169205));
#6561=CARTESIAN_POINT('Ctrl Pts',(-2.62314195083002,-26.4272408322165,23.5289474228209));
#6562=CARTESIAN_POINT('Ctrl Pts',(-2.04016227127507,-25.0200441805512,23.0123101484984));
#6563=CARTESIAN_POINT('Ctrl Pts',(-6.18520598110893,-35.0270649214614,26.2993150388618));
#6564=CARTESIAN_POINT('Ctrl Pts',(-5.40654972899757,-33.1472224371876,25.5870672597883));
#6565=CARTESIAN_POINT('Ctrl Pts',(-4.04485076585676,-29.8597903325036,24.3442857975609));
#6566=CARTESIAN_POINT('Ctrl Pts',(-2.67756168653915,-26.5588624935304,23.1132539302745));
#6567=CARTESIAN_POINT('Ctrl Pts',(-2.09264663242245,-25.1467526370457,22.6021601065321));
#6568=CARTESIAN_POINT('',(-3.6528240843087,-34.0790780728628,27.8411658987835));
#6569=CARTESIAN_POINT('Ctrl Pts',(-4.09214606930925,-35.1556242908963,28.248219426822));
#6570=CARTESIAN_POINT('Ctrl Pts',(-3.94555611464577,-34.796772770212,28.1124487368784));
#6571=CARTESIAN_POINT('Ctrl Pts',(-3.79909016508335,-34.4379483242653,27.9767538803365));
#6572=CARTESIAN_POINT('Ctrl Pts',(-3.65278324743216,-34.0791021502221,27.8411469765135));
#6573=CARTESIAN_POINT('Ctrl Pts',(-3.65282408431053,-34.0790780728761,27.8411658987882));
#6574=CARTESIAN_POINT('Ctrl Pts',(-3.64982110410331,-34.0678707981687,27.8370740542313));
#6575=CARTESIAN_POINT('Ctrl Pts',(-3.64681825898067,-34.056664027596,27.8329807008064));
#6576=CARTESIAN_POINT('Ctrl Pts',(-2.84301274342439,-31.0568210042174,26.7368134111879));
#6577=CARTESIAN_POINT('Ctrl Pts',(-1.9953797442055,-27.8934115848802,25.4605653861152));
#6578=CARTESIAN_POINT('Ctrl Pts',(-1.21109759380894,-24.9664307521309,24.1092525010657));
#6579=CARTESIAN_POINT('Ctrl Pts',(-2.28508101620932,-24.676027804127,24.5510644944923));
#6580=CARTESIAN_POINT('Ctrl Pts',(-2.53074046045298,-26.1690592586083,25.0622188128515));
#6581=CARTESIAN_POINT('Ctrl Pts',(-3.04911117015135,-29.6944683639893,26.2931951870405));
#6582=CARTESIAN_POINT('Ctrl Pts',(-3.5353559090403,-33.216280046696,27.5359852150427));
#6583=CARTESIAN_POINT('Ctrl Pts',(-3.81063319387399,-35.2310554385282,28.248219426822));
#6584=CARTESIAN_POINT('Ctrl Pts',(-1.71910831864695,-24.7700328713594,24.4932672001185));
#6585=CARTESIAN_POINT('Ctrl Pts',(-1.95358591007996,-26.2607950256653,25.0168453343532));
#6586=CARTESIAN_POINT('Ctrl Pts',(-2.46025958106828,-29.7829799723797,26.2618052417729));
#6587=CARTESIAN_POINT('Ctrl Pts',(-2.94180066152348,-33.3035039231166,27.5102342625424));
#6588=CARTESIAN_POINT('Ctrl Pts',(-3.21494802186956,-35.3176010464358,28.2252147834817));
#6589=CARTESIAN_POINT('Ctrl Pts',(-0.801861755885366,-25.0669708734686,
23.9708972646957));
#6590=CARTESIAN_POINT('Ctrl Pts',(-1.00997222623011,-26.5635611555094,24.5007148332038));
#6591=CARTESIAN_POINT('Ctrl Pts',(-1.48672623103812,-30.089397758724,25.7537929662258));
#6592=CARTESIAN_POINT('Ctrl Pts',(-1.95561922251521,-33.6110024079546,27.0061171643843));
#6593=CARTESIAN_POINT('Ctrl Pts',(-2.22322098610533,-35.6256404761734,27.7225442524226));
#6594=CARTESIAN_POINT('Ctrl Pts',(-0.519913235953083,-25.4273936818599,
23.0123101484984));
#6595=CARTESIAN_POINT('Ctrl Pts',(-0.718659870872092,-26.9377303169729,
23.5290085735773));
#6596=CARTESIAN_POINT('Ctrl Pts',(-1.18443907442552,-30.4755222586461,24.7665874981455));
#6597=CARTESIAN_POINT('Ctrl Pts',(-1.64876141730302,-34.0016741064616,26.0122495993573));
#6598=CARTESIAN_POINT('Ctrl Pts',(-1.91422752761912,-36.0182621972136,26.7257291117251));
#6599=CARTESIAN_POINT('Ctrl Pts',(-0.5378146741453,-25.5633686046322,22.6021601065321));
#6600=CARTESIAN_POINT('Ctrl Pts',(-0.737341920322329,-27.0789285053821,
23.1133144248914));
#6601=CARTESIAN_POINT('Ctrl Pts',(-1.2036821906578,-30.621134531712,24.3442907990804));
#6602=CARTESIAN_POINT('Ctrl Pts',(-1.66813036591677,-34.148968669083,25.5870808270825));
#6603=CARTESIAN_POINT('Ctrl Pts',(-1.93371045389517,-36.1662497146029,26.2993150388618));
#6604=CARTESIAN_POINT('',(-3.81063319387398,-35.2310554385282,28.248219426822));
#6605=CARTESIAN_POINT('Ctrl Pts',(-3.6528725699635,-34.0790785066412,27.8411465712356));
#6606=CARTESIAN_POINT('Ctrl Pts',(-3.70558962623676,-34.4630029183045,27.9767540963971));
#6607=CARTESIAN_POINT('Ctrl Pts',(-3.75815822914705,-34.8469871791985,28.1124491791497));
#6608=CARTESIAN_POINT('Ctrl Pts',(-3.81063319387399,-35.2310554385282,28.248219426822));
#6609=CARTESIAN_POINT('',(-1.93371045389517,-36.1662497146029,26.2993150388618));
#6610=CARTESIAN_POINT('Origin',(-3.9825798960379,-35.8965109353143,26.2993150388618));
#6611=CARTESIAN_POINT('Ctrl Pts',(-0.717545465993218,-26.9285595059943,
23.0664659638741));
#6612=CARTESIAN_POINT('Ctrl Pts',(-0.857273108088863,-27.9898963181037,
23.4301714333583));
#6613=CARTESIAN_POINT('Ctrl Pts',(-1.2634240053613,-31.0749186664478,24.5041536564203));
#6614=CARTESIAN_POINT('Ctrl Pts',(-1.66812530690226,-34.1489302420528,25.5870672597883));
#6615=CARTESIAN_POINT('Ctrl Pts',(-1.93371045389517,-36.1662497146029,26.2993150388618));
#6616=CARTESIAN_POINT('Ctrl Pts',(-3.81063319387399,-35.2310554385282,28.248219426822));
#6617=CARTESIAN_POINT('Ctrl Pts',(-4.08252136292863,-36.9791919758188,28.8691105025332));
#6618=CARTESIAN_POINT('Ctrl Pts',(-4.64629897188851,-40.7488317856321,29.3410559273029));
#6619=CARTESIAN_POINT('Ctrl Pts',(-5.29483313380575,-45.279609909772,27.8826598543983));
#6620=CARTESIAN_POINT('Ctrl Pts',(-5.82649645234082,-49.0517024104107,25.0868007380334));
#6621=CARTESIAN_POINT('Ctrl Pts',(-6.05531249831033,-50.6961454309366,22.7284945099007));
#6622=CARTESIAN_POINT('Ctrl Pts',(-6.15485663199895,-51.4124405432549,20.9940294116002));
#6623=CARTESIAN_POINT('Ctrl Pts',(-3.21494802186956,-35.3176010464358,28.2252147834817));
#6624=CARTESIAN_POINT('Ctrl Pts',(-3.47764042331437,-37.0604158969665,28.8566544631215));
#6625=CARTESIAN_POINT('Ctrl Pts',(-4.02804817303269,-40.8268080267574,29.3499104833484));
#6626=CARTESIAN_POINT('Ctrl Pts',(-4.6689691360571,-45.3712241444819,27.9063221849011));
#6627=CARTESIAN_POINT('Ctrl Pts',(-5.19671984210355,-49.160531746183,25.1118759374695));
#6628=CARTESIAN_POINT('Ctrl Pts',(-5.42439019062732,-50.81209227166,22.7496209735716));
#6629=CARTESIAN_POINT('Ctrl Pts',(-5.52360770337139,-51.5327408043041,21.0094120171199));
#6630=CARTESIAN_POINT('Ctrl Pts',(-2.22356226853194,-35.6258409165851,27.7218492809485));
#6631=CARTESIAN_POINT('Ctrl Pts',(-2.45352793456094,-37.2976682309683,28.3334621032058));
#6632=CARTESIAN_POINT('Ctrl Pts',(-2.94650449402954,-40.9183916927544,28.8198447975703));
#6633=CARTESIAN_POINT('Ctrl Pts',(-3.53538179141364,-45.2929413648177,27.4425277370196));
#6634=CARTESIAN_POINT('Ctrl Pts',(-4.02461985532606,-48.94202667831,24.7631124803871));
#6635=CARTESIAN_POINT('Ctrl Pts',(-4.23756057461206,-50.5357905840007,22.491681626215));
#6636=CARTESIAN_POINT('Ctrl Pts',(-4.33028928970374,-51.2299586285637,20.8192175636449));
#6637=CARTESIAN_POINT('Ctrl Pts',(-1.91422752761911,-36.0182621972136,26.7257291117251));
#6638=CARTESIAN_POINT('Ctrl Pts',(-2.11645995898477,-37.5550927539135,27.2745311374431));
#6639=CARTESIAN_POINT('Ctrl Pts',(-2.55292810367773,-40.8698385912096,27.6981239026335));
#6640=CARTESIAN_POINT('Ctrl Pts',(-3.07764918447587,-44.855634111358,26.4265115510959));
#6641=CARTESIAN_POINT('Ctrl Pts',(-3.514585441017,-48.1747194685046,23.977405358081));
#6642=CARTESIAN_POINT('Ctrl Pts',(-3.70526025553966,-49.6223862514148,21.907953359513));
#6643=CARTESIAN_POINT('Ctrl Pts',(-3.78823809612065,-50.2527856801995,20.3855757216902));
#6644=CARTESIAN_POINT('Ctrl Pts',(-1.93371045389517,-36.1662497146029,26.2993150388618));
#6645=CARTESIAN_POINT('Ctrl Pts',(-2.12837280225462,-37.6448570477469,26.8213616474846));
#6646=CARTESIAN_POINT('Ctrl Pts',(-2.54737588768646,-40.8275014571604,27.2181744188292));
#6647=CARTESIAN_POINT('Ctrl Pts',(-3.05012314692855,-44.6462460192097,25.9919517307086));
#6648=CARTESIAN_POINT('Ctrl Pts',(-3.46846261556724,-47.8238497586372,23.6411871167808));
#6649=CARTESIAN_POINT('Ctrl Pts',(-3.65075925347604,-49.208530195769,21.6583179523617));
#6650=CARTESIAN_POINT('Ctrl Pts',(-3.73016220316701,-49.8116554774467,20.199975808685));
#6651=CARTESIAN_POINT('Ctrl Pts',(-1.93371045389517,-36.1662497146029,26.2993150388618));
#6652=CARTESIAN_POINT('Ctrl Pts',(-2.1283459042713,-37.6446527372795,26.8212895123178));
#6653=CARTESIAN_POINT('Ctrl Pts',(-2.44237518103101,-40.0299419077431,27.1162373848699));
#6654=CARTESIAN_POINT('Ctrl Pts',(-2.95073333389641,-43.8913054381079,26.3278565090784));
#6655=CARTESIAN_POINT('Ctrl Pts',(-3.37372428095691,-47.1042406638881,24.4572340643081));
#6656=CARTESIAN_POINT('Ctrl Pts',(-3.60443273894975,-48.8566453825278,22.1428779756248));
#6657=CARTESIAN_POINT('Ctrl Pts',(-3.68150701110498,-49.4420826022362,20.9998278778741));
#6658=CARTESIAN_POINT('Ctrl Pts',(-3.81063319387399,-35.2310554385282,28.248219426822));
#6659=CARTESIAN_POINT('Ctrl Pts',(-4.08252136292863,-36.9791919758188,28.8691105025332));
#6660=CARTESIAN_POINT('Ctrl Pts',(-4.64629897188851,-40.7488317856321,29.3410559273029));
#6661=CARTESIAN_POINT('Ctrl Pts',(-5.29483313380575,-45.279609909772,27.8826598543983));
#6662=CARTESIAN_POINT('Ctrl Pts',(-5.826252406077,-49.0499709291339,25.0880841046825));
#6663=CARTESIAN_POINT('Ctrl Pts',(-6.05496233861406,-50.6936289389576,22.7321025092385));
#6664=CARTESIAN_POINT('Ctrl Pts',(-6.15451372397735,-51.4099730668845,20.9999999796471));
#6665=CARTESIAN_POINT('Origin',(0.267025571327053,-19.4499999999989,16.0061852741483));
#6666=CARTESIAN_POINT('Origin',(0.267025571327129,-19.4499999999986,28.248219426822));
#6667=CARTESIAN_POINT('Origin',(0.267025571327049,-19.4499999999989,26.3217617857081));
#6668=CARTESIAN_POINT('Origin',(-2.28297442867296,-19.4499999999989,33.2482194268219));
#6669=CARTESIAN_POINT('',(2.81702557132704,-19.4499999999989,33.248219426822));
#6670=CARTESIAN_POINT('Origin',(0.267025571327043,-19.4499999999989,33.2482194268219));
#6671=CARTESIAN_POINT('Origin',(0.267025571327044,-19.4499999999989,30.8984008859246));
#6672=CARTESIAN_POINT('',(3.13577557132704,-19.4499999999989,30.8984008859246));
#6673=CARTESIAN_POINT('Ctrl Pts',(-30.6232285358473,-9.03068750354348,20.9965457743411));
#6674=CARTESIAN_POINT('Ctrl Pts',(-29.9528812626392,-9.30272659471732,22.7306192085543));
#6675=CARTESIAN_POINT('Ctrl Pts',(-27.9030063035571,-10.1341336900016,25.87863163755));
#6676=CARTESIAN_POINT('Ctrl Pts',(-23.6575909484062,-11.8457101977554,28.5241547673336));
#6677=CARTESIAN_POINT('Ctrl Pts',(-19.2876128438448,-13.5877767877571,29.2140380155194));
#6678=CARTESIAN_POINT('Ctrl Pts',(-16.6758337890548,-14.6119398847435,28.7138233886591));
#6679=CARTESIAN_POINT('Ctrl Pts',(-15.4385987195704,-15.0908283593626,28.2482194268219));
#6680=CARTESIAN_POINT('Ctrl Pts',(-30.4117825806846,-8.42386305582311,21.0119351987289));
#6681=CARTESIAN_POINT('Ctrl Pts',(-29.7378273298308,-8.69836259695799,22.7517500862571));
#6682=CARTESIAN_POINT('Ctrl Pts',(-27.6796807869863,-9.53621595002028,25.9051271254182));
#6683=CARTESIAN_POINT('Ctrl Pts',(-23.4206278477872,-11.2617196283971,28.5445474120769));
#6684=CARTESIAN_POINT('Ctrl Pts',(-19.0482430994335,-13.0174069025007,29.2144384404826));
#6685=CARTESIAN_POINT('Ctrl Pts',(-16.4460379023986,-14.0488119450023,28.6987291050794));
#6686=CARTESIAN_POINT('Ctrl Pts',(-15.2157068286022,-14.5316770637952,28.2252147834817));
#6687=CARTESIAN_POINT('Ctrl Pts',(-29.5530307902904,-7.54166768314503,20.8216988753589));
#6688=CARTESIAN_POINT('Ctrl Pts',(-28.9052624619427,-7.80854376770125,22.4937835376218));
#6689=CARTESIAN_POINT('Ctrl Pts',(-26.9245602474549,-8.62449323731841,25.5260174935441));
#6690=CARTESIAN_POINT('Ctrl Pts',(-22.8344962200307,-10.3068642087618,28.0541396456072));
#6691=CARTESIAN_POINT('Ctrl Pts',(-18.645526845637,-12.0252347196359,28.6856114506115));
#6692=CARTESIAN_POINT('Ctrl Pts',(-16.1588550908843,-13.0414331278866,28.1805953854131));
#6693=CARTESIAN_POINT('Ctrl Pts',(-14.986896233261,-13.5189352999558,27.7219491521311));
#6694=CARTESIAN_POINT('Ctrl Pts',(-28.4357485433868,-7.56092168395296,20.3877846619754));
#6695=CARTESIAN_POINT('Ctrl Pts',(-27.8481027089853,-7.80434954100669,21.9098180125086));
#6696=CARTESIAN_POINT('Ctrl Pts',(-26.0508836370562,-8.54872515641726,24.6722894063581));
#6697=CARTESIAN_POINT('Ctrl Pts',(-22.3346205032689,-10.088043690747,26.9875818989296));
#6698=CARTESIAN_POINT('Ctrl Pts',(-18.5190016689657,-11.66858836526,27.5831589333451));
#6699=CARTESIAN_POINT('Ctrl Pts',(-16.2460264188006,-12.6099933388692,27.1372737568882));
#6700=CARTESIAN_POINT('Ctrl Pts',(-15.1721369374954,-13.0548894971624,26.7257291117251));
#6701=CARTESIAN_POINT('Ctrl Pts',(-28.0247176353179,-7.73117626062963,20.2020915721198));
#6702=CARTESIAN_POINT('Ctrl Pts',(-27.4624885611607,-7.96405916830603,21.6601044037536));
#6703=CARTESIAN_POINT('Ctrl Pts',(-25.7433370023864,-8.67615505972519,24.3069603125412));
#6704=CARTESIAN_POINT('Ctrl Pts',(-22.1851481973174,-10.1500051202689,26.5313220918674));
#6705=CARTESIAN_POINT('Ctrl Pts',(-18.5266272936582,-11.66541409679,27.1113774738015));
#6706=CARTESIAN_POINT('Ctrl Pts',(-16.3432785750288,-12.5697867474362,26.6907958939538));
#6707=CARTESIAN_POINT('Ctrl Pts',(-15.3100393501355,-12.9977684475629,26.2993150388618));
#6708=CARTESIAN_POINT('',(-15.4385987195704,-15.0908283593626,28.2482194268219));
#6709=CARTESIAN_POINT('Ctrl Pts',(-30.62189267402,-9.03122962020974,20.9999999947199));
#6710=CARTESIAN_POINT('Ctrl Pts',(-29.9515199690661,-9.30327871982853,22.7327094494181));
#6711=CARTESIAN_POINT('Ctrl Pts',(-27.9019811818709,-10.1345469768179,25.8792704403302));
#6712=CARTESIAN_POINT('Ctrl Pts',(-23.6575909484062,-11.8457101977554,28.5241547673336));
#6713=CARTESIAN_POINT('Ctrl Pts',(-19.2876128438448,-13.5877767877571,29.2140380155194));
#6714=CARTESIAN_POINT('Ctrl Pts',(-16.6758337890548,-14.6119398847435,28.7138233886591));
#6715=CARTESIAN_POINT('Ctrl Pts',(-15.4385987195704,-15.0908283593626,28.2482194268219));
#6716=CARTESIAN_POINT('Origin',(-16.1008734359572,-14.9070108231404,26.2993150388618));
#6717=CARTESIAN_POINT('Ctrl Pts',(-15.4385987195704,-15.0908283593626,28.2482194268219));
#6718=CARTESIAN_POINT('Ctrl Pts',(-13.5560775455904,-15.8598335819697,27.5359716477484));
#6719=CARTESIAN_POINT('Ctrl Pts',(-10.2629598057915,-17.1995897213455,26.2932049661094));
#6720=CARTESIAN_POINT('Ctrl Pts',(-6.95056588960518,-18.5134699990332,25.0621583182347));
#6721=CARTESIAN_POINT('Ctrl Pts',(-5.5349005616999,-19.0471752359069,24.5510644944923));
#6722=CARTESIAN_POINT('Ctrl Pts',(-15.2157068286022,-14.5316770637952,28.2252147834817));
#6723=CARTESIAN_POINT('Ctrl Pts',(-13.3348380461044,-15.3021877495372,27.5102206429338));
#6724=CARTESIAN_POINT('Ctrl Pts',(-10.0452072926352,-16.6453859052291,26.2617762783607));
#6725=CARTESIAN_POINT('Ctrl Pts',(-6.74143501339439,-17.9677726247517,25.0167833693898));
#6726=CARTESIAN_POINT('Ctrl Pts',(-5.33332498922641,-18.5100259683533,24.4932672001185));
#6727=CARTESIAN_POINT('Ctrl Pts',(-14.9865851528312,-13.5187666298843,27.7225857932208));
#6728=CARTESIAN_POINT('Ctrl Pts',(-13.1080207405813,-14.294350512383,27.0061450580185));
#6729=CARTESIAN_POINT('Ctrl Pts',(-9.82376421076193,-15.6490712539809,25.7538318190111));
#6730=CARTESIAN_POINT('Ctrl Pts',(-6.53180878079438,-16.9991722779094,24.5006863013433));
#6731=CARTESIAN_POINT('Ctrl Pts',(-5.13183404757794,-17.5671712347366,23.9709314362295));
#6732=CARTESIAN_POINT('Ctrl Pts',(-15.1721369374954,-13.0548894971624,26.7257291117251));
#6733=CARTESIAN_POINT('Ctrl Pts',(-13.2929515710024,-13.8332979747211,26.0122360083414));
#6734=CARTESIAN_POINT('Ctrl Pts',(-10.0070295598271,-15.1942770645975,24.7665968091366));
#6735=CARTESIAN_POINT('Ctrl Pts',(-6.71021526089053,-16.5598324778418,23.5289474228209));
#6736=CARTESIAN_POINT('Ctrl Pts',(-5.30301860922529,-17.1428121573968,23.0123101484984));
#6737=CARTESIAN_POINT('Ctrl Pts',(-15.3100393501355,-12.9977684475629,26.2993150388618));
#6738=CARTESIAN_POINT('Ctrl Pts',(-13.4301968658616,-13.7764246996743,25.5870672597883));
#6739=CARTESIAN_POINT('Ctrl Pts',(-10.1427453365556,-15.138131708757,24.3443005781493));
#6740=CARTESIAN_POINT('Ctrl Pts',(-6.84183692220452,-16.5054127421327,23.1132539302745));
#6741=CARTESIAN_POINT('Ctrl Pts',(-5.42972706571978,-17.0903277962494,22.6021601065321));
#6742=CARTESIAN_POINT('',(-14.3620525015369,-15.5301503443631,27.8411658987835));
#6743=CARTESIAN_POINT('Ctrl Pts',(-15.4385987195704,-15.0908283593626,28.2482194268219));
#6744=CARTESIAN_POINT('Ctrl Pts',(-15.0797470788363,-15.2374183630661,28.1124486914578));
#6745=CARTESIAN_POINT('Ctrl Pts',(-14.7209223133178,-15.3838837201683,27.976754096451));
#6746=CARTESIAN_POINT('Ctrl Pts',(-14.3620757016394,-15.5301896658284,27.841147635767));
#6747=CARTESIAN_POINT('Ctrl Pts',(-14.3620525015502,-15.5301503443613,27.8411658987882));
#6748=CARTESIAN_POINT('Ctrl Pts',(-14.3508452268427,-15.5331533245685,27.8370740542313));
#6749=CARTESIAN_POINT('Ctrl Pts',(-14.3396384562701,-15.5361561696912,27.8329807008064));
#6750=CARTESIAN_POINT('Ctrl Pts',(-11.3397954328915,-16.3399616852474,26.7368134111879));
#6751=CARTESIAN_POINT('Ctrl Pts',(-8.1763860135543,-17.1875946844663,25.4605653861152));
#6752=CARTESIAN_POINT('Ctrl Pts',(-5.24940518080496,-17.9718768348629,24.1092525010657));
#6753=CARTESIAN_POINT('Ctrl Pts',(-4.95900223280109,-16.8978934124625,24.5510644944923));
#6754=CARTESIAN_POINT('Ctrl Pts',(-6.4520336872824,-16.6522339682189,25.0622188128515));
#6755=CARTESIAN_POINT('Ctrl Pts',(-9.97744998713431,-16.1338851993407,26.2932063708559));
#6756=CARTESIAN_POINT('Ctrl Pts',(-13.4992544753701,-15.6476185196315,27.5359852150427));
#6757=CARTESIAN_POINT('Ctrl Pts',(-15.5140298672023,-15.3723412347978,28.248219426822));
#6758=CARTESIAN_POINT('Ctrl Pts',(-5.05300730003345,-17.4638661100249,24.4932672001185));
#6759=CARTESIAN_POINT('Ctrl Pts',(-6.54376945433942,-17.2293885185919,25.0168453343532));
#6760=CARTESIAN_POINT('Ctrl Pts',(-10.0659662833434,-16.7227279003227,26.2617999671989));
#6761=CARTESIAN_POINT('Ctrl Pts',(-13.5864783517907,-16.2411737671484,27.5102342625423));
#6762=CARTESIAN_POINT('Ctrl Pts',(-15.6005754751099,-15.9680264068023,28.2252147834817));
#6763=CARTESIAN_POINT('Ctrl Pts',(-5.34993980830274,-18.3811405494471,23.9709244353492));
#6764=CARTESIAN_POINT('Ctrl Pts',(-6.84653009034352,-18.1730300791024,24.5007420038573));
#6765=CARTESIAN_POINT('Ctrl Pts',(-10.3723658703075,-17.6962841552514,25.753830244793));
#6766=CARTESIAN_POINT('Ctrl Pts',(-13.8939693588265,-17.2273869870365,27.0061501945269));
#6767=CARTESIAN_POINT('Ctrl Pts',(-15.9086074270453,-16.9597852234464,27.7225772825651));
#6768=CARTESIAN_POINT('Ctrl Pts',(-5.71036811053401,-18.6630611927187,23.0123101484984));
#6769=CARTESIAN_POINT('Ctrl Pts',(-7.22070474564694,-18.4643145577997,23.5290085735773));
#6770=CARTESIAN_POINT('Ctrl Pts',(-10.7584868960326,-17.9985334021688,24.7665984113363));
#6771=CARTESIAN_POINT('Ctrl Pts',(-14.2846485351357,-17.5342130113688,26.0122495993573));
#6772=CARTESIAN_POINT('Ctrl Pts',(-16.3012366258877,-17.2687469010527,26.7257291117251));
#6773=CARTESIAN_POINT('Ctrl Pts',(-5.84634303330624,-18.6451597545265,22.6021601065321));
#6774=CARTESIAN_POINT('Ctrl Pts',(-7.36190293405613,-18.4456325083495,23.1133144248914));
#6775=CARTESIAN_POINT('Ctrl Pts',(-10.9040964387567,-17.9792938865178,24.3443019828957));
#6776=CARTESIAN_POINT('Ctrl Pts',(-14.4319430977571,-17.5148440627551,25.5870808270825));
#6777=CARTESIAN_POINT('Ctrl Pts',(-16.449224143277,-17.2492639747767,26.2993150388618));
#6778=CARTESIAN_POINT('',(-15.5140298672023,-15.3723412347978,28.248219426822));
#6779=CARTESIAN_POINT('Ctrl Pts',(-14.3620529339019,-15.5301030927432,27.841147035814));
#6780=CARTESIAN_POINT('Ctrl Pts',(-14.7459772372875,-15.4773852934989,27.9767542370694));
#6781=CARTESIAN_POINT('Ctrl Pts',(-15.1299614783031,-15.4248162172278,28.1124491333461));
#6782=CARTESIAN_POINT('Ctrl Pts',(-15.5140298672023,-15.3723412347978,28.248219426822));
#6783=CARTESIAN_POINT('',(-16.449224143277,-17.2492639747767,26.2993150388618));
#6784=CARTESIAN_POINT('Origin',(-16.1794853639884,-15.2003945326339,26.2993150388618));
#6785=CARTESIAN_POINT('Ctrl Pts',(-7.21153386087465,-18.4654289723938,23.0664661824142));
#6786=CARTESIAN_POINT('Ctrl Pts',(-8.27287030113646,-18.3257013792528,23.4301718607889));
#6787=CARTESIAN_POINT('Ctrl Pts',(-11.3578910058249,-17.9195506983717,24.5041551936075));
#6788=CARTESIAN_POINT('Ctrl Pts',(-14.4319046707269,-17.5148491217696,25.5870672597883));
#6789=CARTESIAN_POINT('Ctrl Pts',(-16.4492241432769,-17.2492639747767,26.2993150388618));
#6790=CARTESIAN_POINT('Ctrl Pts',(-15.5140298672023,-15.3723412347978,28.2482194268219));
#6791=CARTESIAN_POINT('Ctrl Pts',(-17.2621664044929,-15.1004530657432,28.8691105025332));
#6792=CARTESIAN_POINT('Ctrl Pts',(-21.0318113785895,-14.5366725523471,29.3411291824541));
#6793=CARTESIAN_POINT('Ctrl Pts',(-25.5626081569531,-13.8881377620128,27.8827079581926));
#6794=CARTESIAN_POINT('Ctrl Pts',(-29.3347179453283,-13.3564721219402,25.0868631797295));
#6795=CARTESIAN_POINT('Ctrl Pts',(-30.9791198596107,-13.1276619303615,22.7284945099007));
#6796=CARTESIAN_POINT('Ctrl Pts',(-31.695414971929,-13.0281177966729,20.9940294116002));
#6797=CARTESIAN_POINT('Ctrl Pts',(-15.6005754751099,-15.9680264068023,28.2252147834817));
#6798=CARTESIAN_POINT('Ctrl Pts',(-17.3433903256405,-15.7053340053575,28.8566544631215));
#6799=CARTESIAN_POINT('Ctrl Pts',(-21.1097892335083,-15.1549204054503,29.3498786745955));
#6800=CARTESIAN_POINT('Ctrl Pts',(-25.6542158206243,-14.514000887107,27.906291657289));
#6801=CARTESIAN_POINT('Ctrl Pts',(-29.4435201349981,-13.9862501862619,25.1118507955122));
#6802=CARTESIAN_POINT('Ctrl Pts',(-31.0950667003341,-13.7585842380445,22.7496209735716));
#6803=CARTESIAN_POINT('Ctrl Pts',(-31.8157152329782,-13.6593667253004,21.0094120171199));
#6804=CARTESIAN_POINT('Ctrl Pts',(-15.9087988940739,-16.9594650394158,27.7219155938918));
#6805=CARTESIAN_POINT('Ctrl Pts',(-17.5806262084571,-16.7294993733868,28.3335284161491));
#6806=CARTESIAN_POINT('Ctrl Pts',(-21.2013876653181,-16.2365226041243,28.8200090623223));
#6807=CARTESIAN_POINT('Ctrl Pts',(-25.5759878490773,-15.647640339722,27.442650356798));
#6808=CARTESIAN_POINT('Ctrl Pts',(-29.2251068386468,-15.1583992255945,24.7632496278099));
#6809=CARTESIAN_POINT('Ctrl Pts',(-30.8188588998873,-14.9454606001438,22.4917179098641));
#6810=CARTESIAN_POINT('Ctrl Pts',(-31.5130269444504,-14.8527318850522,20.8192538472939));
#6811=CARTESIAN_POINT('Ctrl Pts',(-16.3012366258877,-17.2687469010527,26.7257291117251));
#6812=CARTESIAN_POINT('Ctrl Pts',(-17.8380671825876,-17.0665144696871,27.2745311374431));
#6813=CARTESIAN_POINT('Ctrl Pts',(-21.1528157559173,-16.6300411826786,27.6982086462273));
#6814=CARTESIAN_POINT('Ctrl Pts',(-25.1386300942153,-16.105319230661,26.4265687239806));
#6815=CARTESIAN_POINT('Ctrl Pts',(-28.4577342562072,-15.6683792897627,23.9774768540223));
#6816=CARTESIAN_POINT('Ctrl Pts',(-29.9053606800889,-15.4777141731322,21.907953359513));
#6817=CARTESIAN_POINT('Ctrl Pts',(-30.5357601088736,-15.3947363325512,20.3855757216902));
#6818=CARTESIAN_POINT('Ctrl Pts',(-16.449224143277,-17.2492639747767,26.2993150388618));
#6819=CARTESIAN_POINT('Ctrl Pts',(-17.927831476421,-17.0546016264172,26.8213616474846));
#6820=CARTESIAN_POINT('Ctrl Pts',(-21.1104803680804,-16.6355979508865,27.2182360119246));
#6821=CARTESIAN_POINT('Ctrl Pts',(-24.9292404179874,-16.1328486526293,25.9919921764867));
#6822=CARTESIAN_POINT('Ctrl Pts',(-28.1068586848732,-15.7145072714144,23.6412396178988));
#6823=CARTESIAN_POINT('Ctrl Pts',(-29.491504624443,-15.5322151751958,21.6583179523617));
#6824=CARTESIAN_POINT('Ctrl Pts',(-30.0946299061207,-15.4528122255048,20.199975808685));
#6825=CARTESIAN_POINT('Ctrl Pts',(-16.449224143277,-17.2492639747767,26.2993150388618));
#6826=CARTESIAN_POINT('Ctrl Pts',(-17.9276271659536,-17.0546285244005,26.8212895123178));
#6827=CARTESIAN_POINT('Ctrl Pts',(-20.3129202625689,-16.7405987307532,27.1162590394483));
#6828=CARTESIAN_POINT('Ctrl Pts',(-24.174284825791,-16.2322404419095,26.3278718454483));
#6829=CARTESIAN_POINT('Ctrl Pts',(-27.387229153902,-15.8092482965044,24.4572514976672));
#6830=CARTESIAN_POINT('Ctrl Pts',(-29.1396225128572,-15.5785413340424,22.14288086318));
#6831=CARTESIAN_POINT('Ctrl Pts',(-29.7250578990561,-15.5014673032733,20.9998283290586));
#6832=CARTESIAN_POINT('Ctrl Pts',(-15.5140298672023,-15.3723412347978,28.2482194268219));
#6833=CARTESIAN_POINT('Ctrl Pts',(-17.2621664044929,-15.1004530657432,28.8691105025332));
#6834=CARTESIAN_POINT('Ctrl Pts',(-21.0318113785895,-14.5366725523471,29.3411291824541));
#6835=CARTESIAN_POINT('Ctrl Pts',(-25.5626081569531,-13.8881377620128,27.8827079581926));
#6836=CARTESIAN_POINT('Ctrl Pts',(-29.332986456116,-13.3567161692696,25.0881465397971));
#6837=CARTESIAN_POINT('Ctrl Pts',(-30.9766034304974,-13.1280120811043,22.7321026047377));
#6838=CARTESIAN_POINT('Ctrl Pts',(-31.6929474956667,-13.0284607046791,20.9999999798114));
#6839=CARTESIAN_POINT('Origin',(0.267025571327053,-19.4499999999989,16.0061852741483));
#6840=CARTESIAN_POINT('Origin',(0.267025571327331,-19.449999999999,28.248219426822));
#6841=CARTESIAN_POINT('Origin',(0.267025571327047,-19.4499999999989,26.3217617857081));
#6842=CARTESIAN_POINT('Ctrl Pts',(32.801436305036,-21.5192969615085,20.9965457743412));
#6843=CARTESIAN_POINT('Ctrl Pts',(32.0835216634537,-21.4300260187223,22.7306192085543));
#6844=CARTESIAN_POINT('Ctrl Pts',(29.8877815198387,-21.157417959317,25.8787917052393));
#6845=CARTESIAN_POINT('Ctrl Pts',(25.7576569504944,-20.6534616446762,28.2821625916662));
#6846=CARTESIAN_POINT('Ctrl Pts',(21.1627368075622,-20.1085196197372,29.2198147880004));
#6847=CARTESIAN_POINT('Ctrl Pts',(18.3244273527213,-19.785522782268,28.8690247092715));
#6848=CARTESIAN_POINT('Ctrl Pts',(16.5657303333653,-19.5957217872073,28.248219426822));
#6849=CARTESIAN_POINT('Ctrl Pts',(32.7542529201839,-22.1601706077912,21.011935198729));
#6850=CARTESIAN_POINT('Ctrl Pts',(32.0322164285035,-22.0694568661723,22.7517500862572));
#6851=CARTESIAN_POINT('Ctrl Pts',(29.8268558111241,-21.7927768924056,25.9058337104703));
#6852=CARTESIAN_POINT('Ctrl Pts',(25.6819600205613,-21.2798758319646,28.30345633069));
#6853=CARTESIAN_POINT('Ctrl Pts',(21.0789511894053,-20.7227620884216,29.2232145096842));
#6854=CARTESIAN_POINT('Ctrl Pts',(18.2463299678289,-20.3908141643487,28.8565672122787));
#6855=CARTESIAN_POINT('Ctrl Pts',(16.4951523037953,-20.1935091307803,28.2252147834817));
#6856=CARTESIAN_POINT('Ctrl Pts',(32.1529899970309,-23.2344776410712,20.8216520532405));
#6857=CARTESIAN_POINT('Ctrl Pts',(31.4582212258622,-23.1443499187701,22.4937367155034));
#6858=CARTESIAN_POINT('Ctrl Pts',(29.3333277767633,-22.868775275242,25.5260178239397));
#6859=CARTESIAN_POINT('Ctrl Pts',(25.3464977549739,-22.3538886488941,27.8226530250942));
#6860=CARTESIAN_POINT('Ctrl Pts',(20.9272564064697,-21.7869012009649,28.6950282993259));
#6861=CARTESIAN_POINT('Ctrl Pts',(18.2104425572784,-21.4414445842086,28.3333919321195));
#6862=CARTESIAN_POINT('Ctrl Pts',(16.5362932450972,-21.2309027073003,27.7218636210768));
#6863=CARTESIAN_POINT('Ctrl Pts',(31.0688962717786,-23.5051432080774,20.3877846619755));
#6864=CARTESIAN_POINT('Ctrl Pts',(30.438270218105,-23.4221038878293,21.9098180125087));
#6865=CARTESIAN_POINT('Ctrl Pts',(28.5091465148004,-23.1681999293942,24.672338238131));
#6866=CARTESIAN_POINT('Ctrl Pts',(24.884081052031,-22.6909906683589,26.7757018501576));
#6867=CARTESIAN_POINT('Ctrl Pts',(20.8563020483931,-22.1606155933168,27.5893457286894));
#6868=CARTESIAN_POINT('Ctrl Pts',(18.3718813464512,-21.8336446178985,27.274455305276));
#6869=CARTESIAN_POINT('Ctrl Pts',(16.8352877685418,-21.6312530989451,26.7257291117251));
#6870=CARTESIAN_POINT('Ctrl Pts',(30.627805775312,-23.4470725425555,20.2020915721198));
#6871=CARTESIAN_POINT('Ctrl Pts',(30.0244596605074,-23.3676405196318,21.6601044037537));
#6872=CARTESIAN_POINT('Ctrl Pts',(28.1791357868231,-23.1246990228036,24.3070948978133));
#6873=CARTESIAN_POINT('Ctrl Pts',(24.708330366146,-22.6677588205316,26.3278545279704));
#6874=CARTESIAN_POINT('Ctrl Pts',(20.8469669643615,-22.1594006845941,27.1162345970562));
#6875=CARTESIAN_POINT('Ctrl Pts',(18.4616783086077,-21.8453714755972,26.8212895123178));
#6876=CARTESIAN_POINT('Ctrl Pts',(16.9832752859311,-21.6507360252211,26.2993150388618));
#6877=CARTESIAN_POINT('',(16.5657303333653,-19.5957217872073,28.248219426822));
#6878=CARTESIAN_POINT('Ctrl Pts',(32.8000056511291,-21.5191190634512,20.9999999948257));
#6879=CARTESIAN_POINT('Ctrl Pts',(32.0820635031822,-21.4298449843058,22.7327095555448));
#6880=CARTESIAN_POINT('Ctrl Pts',(29.8866845086161,-21.1572841024022,25.8794300697221));
#6881=CARTESIAN_POINT('Ctrl Pts',(25.7576569504944,-20.6534616446762,28.2821625916662));
#6882=CARTESIAN_POINT('Ctrl Pts',(21.1627368075622,-20.1085196197372,29.2198147880004));
#6883=CARTESIAN_POINT('Ctrl Pts',(18.3244273527213,-19.785522782268,28.8690247092715));
#6884=CARTESIAN_POINT('Ctrl Pts',(16.5657303333653,-19.5957217872073,28.248219426822));
#6885=CARTESIAN_POINT('Origin',(17.2530140652196,-19.6018665830784,26.2993150388618));
#6886=CARTESIAN_POINT('Ctrl Pts',(16.5657303333653,-19.5957217872073,28.248219426822));
#6887=CARTESIAN_POINT('Ctrl Pts',(14.5483213154879,-19.3401521147747,27.5359716477485));
#6888=CARTESIAN_POINT('Ctrl Pts',(11.0206613842679,-18.8983197491061,26.2931826075579));
#6889=CARTESIAN_POINT('Ctrl Pts',(7.48107536760474,-18.4865683851676,25.0621583182347));
#6890=CARTESIAN_POINT('Ctrl Pts',(5.97551458622517,-18.3374498615987,24.5510644944923));
#6891=CARTESIAN_POINT('Ctrl Pts',(16.4951523037953,-20.1935091307803,28.2252147834817));
#6892=CARTESIAN_POINT('Ctrl Pts',(14.4789497309948,-19.9360576222397,27.5102206429339));
#6893=CARTESIAN_POINT('Ctrl Pts',(10.9537524551383,-19.4900138503076,26.2617892414178));
#6894=CARTESIAN_POINT('Ctrl Pts',(7.42030732652476,-19.0677986260065,25.0167833693898));
#6895=CARTESIAN_POINT('Ctrl Pts',(5.91983199532977,-18.9084678088846,24.4932672001185));
#6896=CARTESIAN_POINT('Ctrl Pts',(16.5360135222342,-21.2311781368056,27.7225531850279));
#6897=CARTESIAN_POINT('Ctrl Pts',(14.5207237602293,-20.9682298815887,27.0061124498256));
#6898=CARTESIAN_POINT('Ctrl Pts',(10.997754357504,-20.5096876162011,25.7537881929639));
#6899=CARTESIAN_POINT('Ctrl Pts',(7.46852851313684,-20.0576247986647,24.5006594777863));
#6900=CARTESIAN_POINT('Ctrl Pts',(5.9692478145457,-19.8713200605788,23.9709046126726));
#6901=CARTESIAN_POINT('Ctrl Pts',(16.8352877685418,-21.6312530989451,26.7257291117251));
#6902=CARTESIAN_POINT('Ctrl Pts',(14.8186671518003,-21.3657372091951,26.0122360083414));
#6903=CARTESIAN_POINT('Ctrl Pts',(11.2924867817117,-20.9016016502153,24.7665750380746));
#6904=CARTESIAN_POINT('Ctrl Pts',(7.75455308567566,-20.4358446423074,23.5289474228209));
#6905=CARTESIAN_POINT('Ctrl Pts',(6.2444192531881,-20.236938807279,23.0123101484984));
#6906=CARTESIAN_POINT('Ctrl Pts',(16.983275285931,-21.6507360252211,26.2993150388618));
#6907=CARTESIAN_POINT('Ctrl Pts',(14.965955813381,-21.3851508782282,25.5870672597883));
#6908=CARTESIAN_POINT('Ctrl Pts',(11.4381173032025,-20.9207021272782,24.3442782195977));
#6909=CARTESIAN_POINT('Ctrl Pts',(7.89577471166887,-20.4543438777926,23.1132539302746));
#6910=CARTESIAN_POINT('Ctrl Pts',(6.38039417596034,-20.2548402454712,22.6021601065321));
#6911=CARTESIAN_POINT('',(15.4121616415225,-19.4499999999989,27.8411658987835));
#6912=CARTESIAN_POINT('Ctrl Pts',(16.5657303333653,-19.5957217872073,28.248219426822));
#6913=CARTESIAN_POINT('Ctrl Pts',(16.1811661756051,-19.5470043803963,28.1124487601655));
#6914=CARTESIAN_POINT('Ctrl Pts',(15.7966602785994,-19.4983994016935,27.9767537695355));
#6915=CARTESIAN_POINT('Ctrl Pts',(15.4121745624575,-19.4499534560457,27.8411466385167));
#6916=CARTESIAN_POINT('Ctrl Pts',(15.4121616415358,-19.4499999999972,27.8411658987882));
#6917=CARTESIAN_POINT('Ctrl Pts',(15.4005590169839,-19.4499999999972,27.8370740542313));
#6918=CARTESIAN_POINT('Ctrl Pts',(15.3889569143513,-19.4499999999992,27.8329807008064));
#6919=CARTESIAN_POINT('Ctrl Pts',(12.2832908872724,-19.4499999999781,26.7368134111879));
#6920=CARTESIAN_POINT('Ctrl Pts',(9.00828846655325,-19.4499999999989,25.4605653861152));
#6921=CARTESIAN_POINT('Ctrl Pts',(5.978054929891,-19.4499999999989,24.1092525010657));
#6922=CARTESIAN_POINT('Ctrl Pts',(5.97551458622517,-20.5625501383991,24.5510644944923));
#6923=CARTESIAN_POINT('Ctrl Pts',(7.48125357035016,-20.4134139647089,25.0622188128515));
#6924=CARTESIAN_POINT('Ctrl Pts',(11.0207019915844,-20.0016694209094,26.2931996409353));
#6925=CARTESIAN_POINT('Ctrl Pts',(14.5483597442239,-19.5598430169889,27.5359852150427));
#6926=CARTESIAN_POINT('Ctrl Pts',(16.5657303333653,-19.3042782127904,28.248219426822));
#6927=CARTESIAN_POINT('Ctrl Pts',(5.91983199532976,-19.9915321911132,24.4932672001185));
#6928=CARTESIAN_POINT('Ctrl Pts',(7.42048492734085,-19.8321825151119,25.0168453343532));
#6929=CARTESIAN_POINT('Ctrl Pts',(10.9537943534732,-19.4099769090382,26.261803141202));
#6930=CARTESIAN_POINT('Ctrl Pts',(14.4789881367497,-18.9639374736777,27.5102342625424));
#6931=CARTESIAN_POINT('Ctrl Pts',(16.4951523037953,-18.7064908692175,28.2252147834817));
#6932=CARTESIAN_POINT('Ctrl Pts',(5.96924574784186,-19.0286757298288,23.9709090972));
#6933=CARTESIAN_POINT('Ctrl Pts',(7.46870390584875,-18.8423489401485,24.500726665708));
#6934=CARTESIAN_POINT('Ctrl Pts',(10.9977923613303,-18.3903012090502,25.7538089144339));
#6935=CARTESIAN_POINT('Ctrl Pts',(14.5207595988154,-17.9317603623489,27.0061315486281));
#6936=CARTESIAN_POINT('Ctrl Pts',(16.5360109724532,-17.6688171159175,27.7225586366663));
#6937=CARTESIAN_POINT('Ctrl Pts',(6.2444192531881,-18.6630611927188,23.0123101484984));
#6938=CARTESIAN_POINT('Ctrl Pts',(7.75473182970128,-18.4641318145918,23.5290085735773));
#6939=CARTESIAN_POINT('Ctrl Pts',(11.2925253976386,-17.9983938046725,24.7665918442655));
#6940=CARTESIAN_POINT('Ctrl Pts',(14.8187055655183,-17.5342577331075,26.0122495993573));
#6941=CARTESIAN_POINT('Ctrl Pts',(16.8352877685418,-17.2687469010527,26.7257291117251));
#6942=CARTESIAN_POINT('Ctrl Pts',(6.38039417596034,-18.6451597545265,22.6021601065321));
#6943=CARTESIAN_POINT('Ctrl Pts',(7.89595407671022,-18.4456325083495,23.1133144248914));
#6944=CARTESIAN_POINT('Ctrl Pts',(11.4381551163681,-17.9792928945219,24.3442952529751));
#6945=CARTESIAN_POINT('Ctrl Pts',(14.9659942404112,-17.5148440627551,25.5870808270826));
#6946=CARTESIAN_POINT('Ctrl Pts',(16.9832752859311,-17.2492639747767,26.2993150388618));
#6947=CARTESIAN_POINT('',(16.5657303333653,-19.3042782127905,28.248219426822));
#6948=CARTESIAN_POINT('Ctrl Pts',(15.4121744817913,-19.4500462467187,27.8411467562514));
#6949=CARTESIAN_POINT('Ctrl Pts',(15.7966611994538,-19.4016003602034,27.9767541524191));
#6950=CARTESIAN_POINT('Ctrl Pts',(16.1811673106916,-19.3529954758063,28.1124491609087));
#6951=CARTESIAN_POINT('Ctrl Pts',(16.5657303333653,-19.3042782127904,28.248219426822));
#6952=CARTESIAN_POINT('',(16.9832752859311,-17.2492639747767,26.2993150388618));
#6953=CARTESIAN_POINT('Origin',(17.2530140652196,-19.2981334169194,26.2993150388618));
#6954=CARTESIAN_POINT('Ctrl Pts',(7.74558480899781,-18.4654289980042,23.066466758518));
#6955=CARTESIAN_POINT('Ctrl Pts',(8.80692026901547,-18.3257015339149,23.4301729875584));
#6956=CARTESIAN_POINT('Ctrl Pts',(11.8919366407908,-17.9195514234726,24.5041592458548));
#6957=CARTESIAN_POINT('Ctrl Pts',(14.965955813381,-17.5148491217696,25.5870672597883));
#6958=CARTESIAN_POINT('Ctrl Pts',(16.983275285931,-17.2492639747767,26.2993150388618));
#6959=CARTESIAN_POINT('Ctrl Pts',(16.5657303333653,-19.3042782127904,28.248219426822));
#6960=CARTESIAN_POINT('Ctrl Pts',(18.3246703989032,-19.1144509878524,28.8691105025332));
#6961=CARTESIAN_POINT('Ctrl Pts',(22.1117825464527,-18.6833645000772,29.3410949367798));
#6962=CARTESIAN_POINT('Ctrl Pts',(26.6560405895598,-18.1371465302261,27.8826856164767));
#6963=CARTESIAN_POINT('Ctrl Pts',(30.4372158383123,-17.6744033080683,25.0868340925118));
#6964=CARTESIAN_POINT('Ctrl Pts',(32.0848259170528,-17.4698121004224,22.7284945099007));
#6965=CARTESIAN_POINT('Ctrl Pts',(32.8024777829125,-17.380573533026,20.9940294116002));
#6966=CARTESIAN_POINT('Ctrl Pts',(16.4951523037953,-18.7064908692175,28.2252147834817));
#6967=CARTESIAN_POINT('Ctrl Pts',(18.2465719748605,-18.5091585687381,28.8566544631215));
#6968=CARTESIAN_POINT('Ctrl Pts',(22.0270878279625,-18.0659996600421,29.349893471856));
#6969=CARTESIAN_POINT('Ctrl Pts',(26.5825442882154,-17.5088981915503,27.9063059548152));
#6970=CARTESIAN_POINT('Ctrl Pts',(30.3793247115753,-17.0379216891359,25.1118624110902));
#6971=CARTESIAN_POINT('Ctrl Pts',(32.0335272557758,-16.8303786984508,22.7496209735717));
#6972=CARTESIAN_POINT('Ctrl Pts',(32.7552996670399,-16.739697891357,21.0094120171199));
#6973=CARTESIAN_POINT('Ctrl Pts',(16.5362827795217,-17.6690807258606,27.7218870855282));
#6974=CARTESIAN_POINT('Ctrl Pts',(18.2106634536679,-17.4585097527528,28.3334999077855));
#6975=CARTESIAN_POINT('Ctrl Pts',(21.8356266807362,-16.997570884985,28.8199347162969));
#6976=CARTESIAN_POINT('Ctrl Pts',(26.2135572808175,-16.4341613244105,27.4425952920116));
#6977=CARTESIAN_POINT('Ctrl Pts',(29.864945184186,-15.9622730838613,24.7631876810087));
#6978=CARTESIAN_POINT('Ctrl Pts',(31.4595110151569,-15.7554618651637,22.4917023112885));
#6979=CARTESIAN_POINT('Ctrl Pts',(32.1540258146785,-15.6653670154749,20.8192382487184));
#6980=CARTESIAN_POINT('Ctrl Pts',(16.8352877685418,-17.2687469010527,26.7257291117251));
#6981=CARTESIAN_POINT('Ctrl Pts',(18.3720936986632,-17.0663274122526,27.2745311374431));
#6982=CARTESIAN_POINT('Ctrl Pts',(21.6868609570089,-16.6300061477747,27.6981690402654));
#6983=CARTESIAN_POINT('Ctrl Pts',(25.6726611693256,-16.1052458949596,26.4265421491805));
#6984=CARTESIAN_POINT('Ctrl Pts',(28.9917488918452,-15.668250723753,23.9774435681492));
#6985=CARTESIAN_POINT('Ctrl Pts',(30.4394159169228,-15.4777452715156,21.907953359513));
#6986=CARTESIAN_POINT('Ctrl Pts',(31.0698112515277,-15.3947363325512,20.3855757216903));
#6987=CARTESIAN_POINT('Ctrl Pts',(16.9832752859311,-17.2492639747767,26.2993150388618));
#6988=CARTESIAN_POINT('Ctrl Pts',(18.4618826190751,-17.0546016264172,26.8213616474846));
#6989=CARTESIAN_POINT('Ctrl Pts',(21.64452963531,-16.6355981977908,27.2182072180849));
#6990=CARTESIAN_POINT('Ctrl Pts',(25.4632822459921,-16.1328498789261,25.9919733915219));
#6991=CARTESIAN_POINT('Ctrl Pts',(28.640893619327,-15.7145094052645,23.641215161301));
#6992=CARTESIAN_POINT('Ctrl Pts',(30.0255557670971,-15.5322151751958,21.6583179523617));
#6993=CARTESIAN_POINT('Ctrl Pts',(30.6286810487748,-15.4528122255049,20.199975808685));
#6994=CARTESIAN_POINT('Ctrl Pts',(16.9832752859311,-17.2492639747767,26.2993150388618));
#6995=CARTESIAN_POINT('Ctrl Pts',(18.0920775529385,-17.1032873869946,26.6907958939538));
#6996=CARTESIAN_POINT('Ctrl Pts',(20.4350910183735,-16.7948238123892,27.1113610415032));
#6997=CARTESIAN_POINT('Ctrl Pts',(24.3611677362462,-16.2779460067615,26.5313094035979));
#6998=CARTESIAN_POINT('Ctrl Pts',(27.9216342925044,-15.8092016920537,24.4571822305686));
#6999=CARTESIAN_POINT('Ctrl Pts',(29.6737341111102,-15.5785333749119,22.1428669285397));
#7000=CARTESIAN_POINT('Ctrl Pts',(30.2591204652194,-15.5014657993398,20.999834267432));
#7001=CARTESIAN_POINT('Ctrl Pts',(16.5657303333653,-19.3042782127904,28.248219426822));
#7002=CARTESIAN_POINT('Ctrl Pts',(18.3246703989032,-19.1144509878524,28.8691105025332));
#7003=CARTESIAN_POINT('Ctrl Pts',(22.1117825464527,-18.6833645000772,29.3410949367798));
#7004=CARTESIAN_POINT('Ctrl Pts',(26.6560405895598,-18.1371465302261,27.8826856164767));
#7005=CARTESIAN_POINT('Ctrl Pts',(30.4354801878354,-17.6746157183485,25.0881174556758));
#7006=CARTESIAN_POINT('Ctrl Pts',(32.0823045778846,-17.4701251841475,22.7321025602513));
#7007=CARTESIAN_POINT('Ctrl Pts',(32.8000056326914,-17.380880939183,20.9999999797349));
#7008=CARTESIAN_POINT('Origin',(0.267025571327054,-19.4499999999989,16.0061852741483));
#7009=CARTESIAN_POINT('Origin',(0.26702557132675,-19.4499999999989,28.248219426822));
#7010=CARTESIAN_POINT('Origin',(0.267025571327047,-19.4499999999989,26.3217617857081));
#7011=CARTESIAN_POINT('Ctrl Pts',(29.477300244631,-4.97485836978566,20.9965457743412));
#7012=CARTESIAN_POINT('Ctrl Pts',(28.8109324558787,-5.25650478630419,22.7306192085543));
#7013=CARTESIAN_POINT('Ctrl Pts',(26.7735763675488,-6.11808428668676,25.8786413819599));
#7014=CARTESIAN_POINT('Ctrl Pts',(22.5613320647319,-7.90978496916443,28.5241604271475));
#7015=CARTESIAN_POINT('Ctrl Pts',(18.2394640144125,-9.76799869411245,29.2140456424331));
#7016=CARTESIAN_POINT('Ctrl Pts',(15.6684614330283,-10.8906143688682,28.7138233886591));
#7017=CARTESIAN_POINT('Ctrl Pts',(14.4549788376388,-11.4268463885871,28.248219426822));
#7018=CARTESIAN_POINT('Ctrl Pts',(29.7568750578538,-5.55346292050848,21.011935198729));
#7019=CARTESIAN_POINT('Ctrl Pts',(29.0862162427898,-5.83592076163442,22.7517500862572));
#7020=CARTESIAN_POINT('Ctrl Pts',(27.038443259413,-6.69879423376651,25.9050978128846));
#7021=CARTESIAN_POINT('Ctrl Pts',(22.8067167331812,-8.49028641201034,28.5445226951393));
#7022=CARTESIAN_POINT('Ctrl Pts',(18.4735241357376,-10.3405670183133,29.2144145454659));
#7023=CARTESIAN_POINT('Ctrl Pts',(15.9041627881515,-11.4512961834781,28.6987291050794));
#7024=CARTESIAN_POINT('Ctrl Pts',(14.6927501428686,-11.9798344289672,28.2252147834817));
#7025=CARTESIAN_POINT('Ctrl Pts',(29.7734985832893,-6.78450788285384,20.8217152672035));
#7026=CARTESIAN_POINT('Ctrl Pts',(29.1267473165505,-7.05383937134019,22.4937999294664));
#7027=CARTESIAN_POINT('Ctrl Pts',(27.1492219946909,-7.87744132360279,25.5260647279309));
#7028=CARTESIAN_POINT('Ctrl Pts',(23.0674662359875,-9.57994789149268,28.0541826251077));
#7029=CARTESIAN_POINT('Ctrl Pts',(18.8903348121658,-11.3269289453488,28.6856591328221));
#7030=CARTESIAN_POINT('Ctrl Pts',(16.4134172720795,-12.3667144762136,28.1806253287773));
#7031=CARTESIAN_POINT('Ctrl Pts',(15.247072192681,-12.8577695078092,27.7219790954953));
#7032=CARTESIAN_POINT('Ctrl Pts',(28.9697996860409,-7.56092168395301,20.3877846619754));
#7033=CARTESIAN_POINT('Ctrl Pts',(28.3821418431472,-7.80432054994197,21.9098180125087));
#7034=CARTESIAN_POINT('Ctrl Pts',(26.5849800690656,-8.5487845350461,24.6723050696701));
#7035=CARTESIAN_POINT('Ctrl Pts',(22.8687078766277,-10.0881232266648,26.987592432579));
#7036=CARTESIAN_POINT('Ctrl Pts',(19.0530427719429,-11.6685600694332,27.583171473611));
#7037=CARTESIAN_POINT('Ctrl Pts',(16.7801317050782,-12.6101240531396,27.1372737568883));
#7038=CARTESIAN_POINT('Ctrl Pts',(15.7061880801495,-13.0548894971624,26.7257291117251));
#7039=CARTESIAN_POINT('Ctrl Pts',(28.558768777972,-7.73117626062968,20.2020915721198));
#7040=CARTESIAN_POINT('Ctrl Pts',(27.9965397038148,-7.96405916830608,21.6601044037537));
#7041=CARTESIAN_POINT('Ctrl Pts',(26.2774032462396,-8.67614880460375,24.3069685056629));
#7042=CARTESIAN_POINT('Ctrl Pts',(22.7192019074355,-10.1500040567905,26.5313268506517));
#7043=CARTESIAN_POINT('Ctrl Pts',(19.0606812538944,-11.6654129297093,27.1113838865277));
#7044=CARTESIAN_POINT('Ctrl Pts',(16.8773297176829,-12.5697867474362,26.6907958939538));
#7045=CARTESIAN_POINT('Ctrl Pts',(15.8440904927896,-12.9977684475629,26.2993150388618));
#7046=CARTESIAN_POINT('',(14.4549788376388,-11.4268463885871,28.248219426822));
#7047=CARTESIAN_POINT('Ctrl Pts',(29.4759723133151,-4.97541963236667,20.9999999947263));
#7048=CARTESIAN_POINT('Ctrl Pts',(28.8095794764951,-5.25707694990562,22.7327094558874));
#7049=CARTESIAN_POINT('Ctrl Pts',(26.7725592555299,-6.11851692073343,25.8792801837537));
#7050=CARTESIAN_POINT('Ctrl Pts',(22.5613320647319,-7.90978496916443,28.5241604271475));
#7051=CARTESIAN_POINT('Ctrl Pts',(18.2394640144125,-9.76799869411245,29.2140456424331));
#7052=CARTESIAN_POINT('Ctrl Pts',(15.6684614330283,-10.8906143688682,28.7138233886591));
#7053=CARTESIAN_POINT('Ctrl Pts',(14.4549788376388,-11.4268463885871,28.248219426822));
#7054=CARTESIAN_POINT('',(15.8440904927896,-12.9977684475629,26.2993150388618));
#7055=CARTESIAN_POINT('Origin',(15.053256406968,-11.0885260719854,26.2993150388618));
#7056=CARTESIAN_POINT('Ctrl Pts',(28.2151022140713,-7.8735276123315,20.9997748206721));
#7057=CARTESIAN_POINT('Ctrl Pts',(27.6696905325211,-8.09944452790632,22.1418711265515));
#7058=CARTESIAN_POINT('Ctrl Pts',(26.4867350351394,-8.58944073860562,23.8163992019032));
#7059=CARTESIAN_POINT('Ctrl Pts',(23.7462257877544,-9.72459683668138,25.9920308826172));
#7060=CARTESIAN_POINT('Ctrl Pts',(20.187692229764,-11.1985896985608,27.21829652156));
#7061=CARTESIAN_POINT('Ctrl Pts',(17.221933179694,-12.4270473198305,26.8213616474846));
#7062=CARTESIAN_POINT('Ctrl Pts',(15.8440904927896,-12.9977684475629,26.2993150388618));
#7063=CARTESIAN_POINT('Ctrl Pts',(14.4549788376388,-11.4268463885871,28.248219426822));
#7064=CARTESIAN_POINT('Ctrl Pts',(12.5800665421169,-12.2142210687623,27.5359716477485));
#7065=CARTESIAN_POINT('Ctrl Pts',(9.30413625689749,-13.5954681993491,26.2932111062116));
#7066=CARTESIAN_POINT('Ctrl Pts',(6.03286015165385,-15.0086188486071,25.0621583182347));
#7067=CARTESIAN_POINT('Ctrl Pts',(4.65444700625315,-15.6322588097114,24.5510644944923));
#7068=CARTESIAN_POINT('Ctrl Pts',(14.6927501428686,-11.9798344289672,28.2252147834817));
#7069=CARTESIAN_POINT('Ctrl Pts',(12.8179417413775,-12.7649761687286,27.5102206429339));
#7070=CARTESIAN_POINT('Ctrl Pts',(9.54204456734028,-14.1413179786798,26.2617727184479));
#7071=CARTESIAN_POINT('Ctrl Pts',(6.27084860475984,-15.5423630231613,25.0167833693898));
#7072=CARTESIAN_POINT('Ctrl Pts',(4.89173344163212,-16.1546161535255,24.4932672001185));
#7073=CARTESIAN_POINT('Ctrl Pts',(15.2469730470389,-12.8581019291265,27.7226041871282));
#7074=CARTESIAN_POINT('Ctrl Pts',(13.3702067895474,-13.6380269412304,27.0061634519259));
#7075=CARTESIAN_POINT('Ctrl Pts',(10.0899545748393,-15.0024176425876,25.7538524799153));
#7076=CARTESIAN_POINT('Ctrl Pts',(6.80752541042272,-16.3755108141516,24.5007014322039));
#7077=CARTESIAN_POINT('Ctrl Pts',(5.41595786899618,-16.9638065274194,23.9709465670902));
#7078=CARTESIAN_POINT('Ctrl Pts',(15.7061880801495,-13.0548894971624,26.7257291117251));
#7079=CARTESIAN_POINT('Ctrl Pts',(13.8269854513809,-13.8332562999012,26.0122360083414));
#7080=CARTESIAN_POINT('Ctrl Pts',(10.5411231076223,-15.1943973697769,24.7666027879024));
#7081=CARTESIAN_POINT('Ctrl Pts',(7.24433693144216,-16.5600027472486,23.5289474228209));
#7082=CARTESIAN_POINT('Ctrl Pts',(5.83706975187939,-17.1428121573968,23.0123101484984));
#7083=CARTESIAN_POINT('Ctrl Pts',(15.8440904927896,-12.9977684475629,26.2993150388618));
#7084=CARTESIAN_POINT('Ctrl Pts',(13.9642480085157,-13.7764246996743,25.5870672597883));
#7085=CARTESIAN_POINT('Ctrl Pts',(10.6767884098987,-15.1381350511751,24.3443067182515));
#7086=CARTESIAN_POINT('Ctrl Pts',(7.37588806485862,-16.5054127421327,23.1132539302746));
#7087=CARTESIAN_POINT('Ctrl Pts',(5.96377820837388,-17.0903277962494,22.6021601065321));
#7088=CARTESIAN_POINT('Ctrl Pts',(15.8440904927896,-12.9977684475629,26.2993150388618));
#7089=CARTESIAN_POINT('Ctrl Pts',(13.9642838168074,-13.7764098673942,25.5870808270826));
#7090=CARTESIAN_POINT('Ctrl Pts',(11.0997105119187,-14.962954980691,24.504175976105));
#7091=CARTESIAN_POINT('Ctrl Pts',(8.22500907201066,-16.1536953048744,23.4302021775295));
#7092=CARTESIAN_POINT('Ctrl Pts',(7.2359329031157,-16.5633840682507,23.0664681970781));
#7093=CARTESIAN_POINT('',(13.3830981518884,-11.8774319649012,27.8411658987835));
#7094=CARTESIAN_POINT('Ctrl Pts',(14.4549788376388,-11.4268463885871,28.248219426822));
#7095=CARTESIAN_POINT('Ctrl Pts',(14.0975775736939,-11.5769380523759,28.1124486725895));
#7096=CARTESIAN_POINT('Ctrl Pts',(13.7402835816818,-11.7270990980199,27.9767541862288));
#7097=CARTESIAN_POINT('Ctrl Pts',(13.383086939818,-11.8773884583087,27.8411479096324));
#7098=CARTESIAN_POINT('Ctrl Pts',(13.383098151899,-11.877431964893,27.8411658987882));
#7099=CARTESIAN_POINT('Ctrl Pts',(13.3730499842865,-11.883233277169,27.8370740542313));
#7100=CARTESIAN_POINT('Ctrl Pts',(13.3630022686703,-11.8890343284871,27.8329807008064));
#7101=CARTESIAN_POINT('Ctrl Pts',(10.6734165935392,-13.4418673420082,26.7368134111879));
#7102=CARTESIAN_POINT('Ctrl Pts',(7.83718129975126,-15.0793685523858,25.4605653861152));
#7103=CARTESIAN_POINT('Ctrl Pts',(5.21292207760218,-16.5944853207169,24.1092525010657));
#7104=CARTESIAN_POINT('Ctrl Pts',(5.76699714465332,-17.5592521753883,24.5510644944923));
#7105=CARTESIAN_POINT('Ctrl Pts',(6.99643726952908,-16.6772269682869,25.0622188128515));
#7106=CARTESIAN_POINT('Ctrl Pts',(9.85578069062895,-14.5508492985099,26.293238848451));
#7107=CARTESIAN_POINT('Ctrl Pts',(12.6899452734855,-12.4044597566922,27.5359852150427));
#7108=CARTESIAN_POINT('Ctrl Pts',(14.3092570504304,-11.1744488493724,28.248219426822));
#7109=CARTESIAN_POINT('Ctrl Pts',(5.43326563274643,-17.0925774224696,24.4932672001185));
#7110=CARTESIAN_POINT('Ctrl Pts',(6.65319435613101,-16.2042500889621,25.0168453343532));
#7111=CARTESIAN_POINT('Ctrl Pts',(9.50202437414234,-14.0718927832639,26.2617846499324));
#7112=CARTESIAN_POINT('Ctrl Pts',(12.3319149274559,-11.9230762216658,27.5102342625424));
#7113=CARTESIAN_POINT('Ctrl Pts',(13.9492410120872,-10.6920388385624,28.2252147834817));
#7114=CARTESIAN_POINT('Ctrl Pts',(4.99459031651882,-16.2339851247211,23.9709559050682));
#7115=CARTESIAN_POINT('Ctrl Pts',(6.19999577842443,-15.3228923124489,24.5007734735763));
#7116=CARTESIAN_POINT('Ctrl Pts',(9.03023349629717,-13.1668463823472,25.7538864310452));
#7117=CARTESIAN_POINT('Ctrl Pts',(11.8519536957984,-11.0082692860179,27.0061884508502));
#7118=CARTESIAN_POINT('Ctrl Pts',(13.4657409571645,-9.7729280680359,27.7226155388885));
#7119=CARTESIAN_POINT('Ctrl Pts',(5.05013094459926,-15.7797941607399,23.0123101484984));
#7120=CARTESIAN_POINT('Ctrl Pts',(6.25863531445133,-14.8523599774664,23.5290085735773));
#7121=CARTESIAN_POINT('Ctrl Pts',(9.08956597981402,-12.680151356385,24.7666301030425));
#7122=CARTESIAN_POINT('Ctrl Pts',(11.9112789805928,-10.5150785326717,26.0122495993573));
#7123=CARTESIAN_POINT('Ctrl Pts',(13.5249349812033,-9.27684830562061,26.7257291117251));
#7124=CARTESIAN_POINT('Ctrl Pts',(5.15893796290154,-15.6963035991151,22.6021601065321));
#7125=CARTESIAN_POINT('Ctrl Pts',(6.37168771481945,-14.7657279848037,23.1133144248914));
#7126=CARTESIAN_POINT('Ctrl Pts',(9.20611886678658,-12.590792466331,24.3443344604908));
#7127=CARTESIAN_POINT('Ctrl Pts',(12.0291278795636,-10.4246214635194,25.5870808270826));
#7128=CARTESIAN_POINT('Ctrl Pts',(13.6433544675674,-9.18598183783085,26.2993150388618));
#7129=CARTESIAN_POINT('',(14.3092570504304,-11.1744488493724,28.248219426822));
#7130=CARTESIAN_POINT('Ctrl Pts',(13.3831293326547,-11.8774625400088,27.8411483849461));
#7131=CARTESIAN_POINT('Ctrl Pts',(13.6918832276727,-11.643265922938,27.9767546455816));
#7132=CARTESIAN_POINT('Ctrl Pts',(14.0005739698693,-11.4089210253925,28.1124490003338));
#7133=CARTESIAN_POINT('Ctrl Pts',(14.3092570504304,-11.1744488493724,28.248219426822));
#7134=CARTESIAN_POINT('Origin',(14.9013898238885,-10.8254854341198,26.2993150388618));
#7135=CARTESIAN_POINT('Ctrl Pts',(14.3092570504304,-11.1744488493724,28.248219426822));
#7136=CARTESIAN_POINT('Ctrl Pts',(15.7376302184514,-10.1305836174772,28.8691105025332));
#7137=CARTESIAN_POINT('Ctrl Pts',(18.8018311209968,-7.8636970769891,29.3412956738687));
#7138=CARTESIAN_POINT('Ctrl Pts',(22.4642083710162,-5.11848911544279,27.8828123103468));
#7139=CARTESIAN_POINT('Ctrl Pts',(25.5074718932801,-2.82712261549843,25.0870017267752));
#7140=CARTESIAN_POINT('Ctrl Pts',(26.8319550134786,-1.82620680183621,22.7284945099007));
#7141=CARTESIAN_POINT('Ctrl Pts',(27.4088404766882,-1.39009800254374,20.9940294116002));
#7142=CARTESIAN_POINT('Ctrl Pts',(13.9492410120872,-10.6920388385624,28.2252147834817));
#7143=CARTESIAN_POINT('Ctrl Pts',(15.3673487896778,-9.64543421782739,28.8566544631215));
#7144=CARTESIAN_POINT('Ctrl Pts',(18.4198133937499,-7.37139063427865,29.3498089520276));
#7145=CARTESIAN_POINT('Ctrl Pts',(22.086425582639,-4.61117085441948,27.9062212783554));
#7146=CARTESIAN_POINT('Ctrl Pts',(25.1390362096535,-2.30491177830942,25.1117983518111));
#7147=CARTESIAN_POINT('Ctrl Pts',(26.4678123686468,-1.29809056233901,22.7496209735717));
#7148=CARTESIAN_POINT('Ctrl Pts',(27.0475452090054,-0.858672474128039,21.0094120171199));
#7149=CARTESIAN_POINT('Ctrl Pts',(13.4660584728388,-9.77299883096203,27.7220189760273));
#7150=CARTESIAN_POINT('Ctrl Pts',(14.8108291857012,-8.753448681878,28.3336317982846));
#7151=CARTESIAN_POINT('Ctrl Pts',(17.7197158402276,-6.54173381661333,28.8203367543901));
#7152=CARTESIAN_POINT('Ctrl Pts',(21.2295091111127,-3.86476172387413,27.442884264737));
#7153=CARTESIAN_POINT('Ctrl Pts',(24.1558286222054,-1.63034376323366,24.7635187587886));
#7154=CARTESIAN_POINT('Ctrl Pts',(25.4333076034053,-0.653995615336538,22.4917744762136));
#7155=CARTESIAN_POINT('Ctrl Pts',(25.9897276382509,-0.228713786995028,20.8193104136434));
#7156=CARTESIAN_POINT('Ctrl Pts',(13.5249349812033,-9.27684830562061,26.7257291117251));
#7157=CARTESIAN_POINT('Ctrl Pts',(14.754638212975,-8.33314492103795,27.2745311374431));
#7158=CARTESIAN_POINT('Ctrl Pts',(17.4071584292802,-6.2979060363843,27.6984008745484));
#7159=CARTESIAN_POINT('Ctrl Pts',(20.596626578146,-3.85051049887767,26.4266934821671));
#7160=CARTESIAN_POINT('Ctrl Pts',(23.2525910338539,-1.81248548958712,23.9776348324447));
#7161=CARTESIAN_POINT('Ctrl Pts',(24.4109547392716,-0.923731322031587,21.907953359513));
#7162=CARTESIAN_POINT('Ctrl Pts',(24.9153886439845,-0.536645804844841,20.3855757216903));
#7163=CARTESIAN_POINT('Ctrl Pts',(13.6433544675674,-9.18598183783086,26.2993150388618));
#7164=CARTESIAN_POINT('Ctrl Pts',(14.8265348061123,-8.27809563241924,26.8213616474846));
#7165=CARTESIAN_POINT('Ctrl Pts',(17.373290150783,-6.32390152467376,27.2183759982793));
#7166=CARTESIAN_POINT('Ctrl Pts',(20.4290920554724,-3.97910225328806,25.992079916012));
#7167=CARTESIAN_POINT('Ctrl Pts',(22.9718486170695,-2.02797651971406,23.6413561085656));
#7168=CARTESIAN_POINT('Ctrl Pts',(24.0797762877487,-1.17783371727322,21.6583179523617));
#7169=CARTESIAN_POINT('Ctrl Pts',(24.5623966285008,-0.807506104866574,20.199975808685));
#7170=CARTESIAN_POINT('Ctrl Pts',(14.3092570504304,-11.1744488493724,28.248219426822));
#7171=CARTESIAN_POINT('Ctrl Pts',(15.7376302184514,-10.1305836174772,28.8691105025332));
#7172=CARTESIAN_POINT('Ctrl Pts',(18.8018311209968,-7.8636970769891,29.3412956738687));
#7173=CARTESIAN_POINT('Ctrl Pts',(22.4642083710162,-5.11848911544279,27.8828123103468));
#7174=CARTESIAN_POINT('Ctrl Pts',(25.5060749620521,-2.82817440789012,25.0882850711466));
#7175=CARTESIAN_POINT('Ctrl Pts',(26.8299281545016,-1.82773850220078,22.7321028166327));
#7176=CARTESIAN_POINT('Ctrl Pts',(27.4068532351192,-1.39160029901022,20.9999999801761));
#7177=CARTESIAN_POINT('Origin',(0.267025571327054,-19.4499999999989,16.0061852741483));
#7178=CARTESIAN_POINT('Origin',(0.267025571326788,-19.449999999999,28.248219426822));
#7179=CARTESIAN_POINT('Origin',(0.267025571327049,-19.4499999999989,26.3217617857081));
#7180=CARTESIAN_POINT('Ctrl Pts',(-1.80227139018255,-51.9844107337079,20.9965457743411));
#7181=CARTESIAN_POINT('Ctrl Pts',(-1.71300044739634,-51.2664960921255,22.7306192085543));
#7182=CARTESIAN_POINT('Ctrl Pts',(-1.44039266247647,-49.0707581846848,25.8787944226933));
#7183=CARTESIAN_POINT('Ctrl Pts',(-0.936436141145012,-44.9406321539831,
28.2821649478779));
#7184=CARTESIAN_POINT('Ctrl Pts',(-0.39149405918427,-40.3457118646226,29.2198181036596));
#7185=CARTESIAN_POINT('Ctrl Pts',(-0.0684972109420668,-37.5074017813932,
28.8690247092715));
#7186=CARTESIAN_POINT('Ctrl Pts',(0.121303784118598,-35.7487047620372,28.248219426822));
#7187=CARTESIAN_POINT('Ctrl Pts',(-2.44314503646524,-51.9372273488558,21.0119351987289));
#7188=CARTESIAN_POINT('Ctrl Pts',(-2.35243129484637,-51.2151908571754,22.7517500862571));
#7189=CARTESIAN_POINT('Ctrl Pts',(-2.07575131844438,-49.0098312021924,25.9058317055662));
#7190=CARTESIAN_POINT('Ctrl Pts',(-1.56285015589546,-44.8649346495836,28.3034551603348));
#7191=CARTESIAN_POINT('Ctrl Pts',(-1.00573644143543,-40.2619264373785,29.2232135501197));
#7192=CARTESIAN_POINT('Ctrl Pts',(-0.673788593022786,-37.4293043965008,
28.8565672122786));
#7193=CARTESIAN_POINT('Ctrl Pts',(-0.476483559454391,-35.6781267324671,
28.2252147834817));
#7194=CARTESIAN_POINT('Ctrl Pts',(-3.51745521182067,-51.3359679807965,20.8216536955672));
#7195=CARTESIAN_POINT('Ctrl Pts',(-3.42732748951954,-50.6411992096278,22.49373835783));
#7196=CARTESIAN_POINT('Ctrl Pts',(-3.15175294854545,-48.5163066551775,25.5260240750542));
#7197=CARTESIAN_POINT('Ctrl Pts',(-2.63686582610655,-44.5294737634288,27.8226589289666));
#7198=CARTESIAN_POINT('Ctrl Pts',(-2.06987822069163,-40.1102315176012,28.6950355606332));
#7199=CARTESIAN_POINT('Ctrl Pts',(-1.72442113105605,-37.3934156478611,28.333394932196));
#7200=CARTESIAN_POINT('Ctrl Pts',(-1.51387925414775,-35.71926633568,27.7218666211532));
#7201=CARTESIAN_POINT('Ctrl Pts',(-3.78811763675143,-50.2518707004504,20.3877846619754));
#7202=CARTESIAN_POINT('Ctrl Pts',(-3.70507831650331,-49.6212446467768,21.9098180125086));
#7203=CARTESIAN_POINT('Ctrl Pts',(-3.45117442568917,-47.6921231677728,24.6723415127544));
#7204=CARTESIAN_POINT('Ctrl Pts',(-2.97396501858,-44.0670562719178,26.7757045945333));
#7205=CARTESIAN_POINT('Ctrl Pts',(-2.44358990094698,-40.0392769768756,27.5893494734072));
#7206=CARTESIAN_POINT('Ctrl Pts',(-2.11661904657258,-37.5548557751231,27.274455305276));
#7207=CARTESIAN_POINT('Ctrl Pts',(-1.91422752761912,-36.0182621972136,26.7257291117251));
#7208=CARTESIAN_POINT('Ctrl Pts',(-3.73004697122954,-49.8107802039839,20.2020915721198));
#7209=CARTESIAN_POINT('Ctrl Pts',(-3.65061494830587,-49.2074340891793,21.6601044037537));
#7210=CARTESIAN_POINT('Ctrl Pts',(-3.40767369813449,-47.3621120890394,24.3070971826548));
#7211=CARTESIAN_POINT('Ctrl Pts',(-2.95073333389641,-43.8913054381079,26.3278565090784));
#7212=CARTESIAN_POINT('Ctrl Pts',(-2.44237518103101,-40.0299419077431,27.1162373848699));
#7213=CARTESIAN_POINT('Ctrl Pts',(-2.1283459042713,-37.6446527372795,26.8212895123178));
#7214=CARTESIAN_POINT('Ctrl Pts',(-1.93371045389517,-36.1662497146029,26.2993150388618));
#7215=CARTESIAN_POINT('',(0.121303784118598,-35.7487047620372,28.248219426822));
#7216=CARTESIAN_POINT('Ctrl Pts',(-1.80209349212545,-51.9829800798024,20.9999999948274));
#7217=CARTESIAN_POINT('Ctrl Pts',(-1.71281941316208,-51.2650379333386,22.7327095573489));
#7218=CARTESIAN_POINT('Ctrl Pts',(-1.4402588055067,-49.069661173074,25.8794327870802));
#7219=CARTESIAN_POINT('Ctrl Pts',(-0.936436141145012,-44.9406321539831,
28.2821649478779));
#7220=CARTESIAN_POINT('Ctrl Pts',(-0.39149405918427,-40.3457118646226,29.2198181036596));
#7221=CARTESIAN_POINT('Ctrl Pts',(-0.0684972109420668,-37.5074017813932,
28.8690247092715));
#7222=CARTESIAN_POINT('Ctrl Pts',(0.121303784118598,-35.7487047620372,28.248219426822));
#7223=CARTESIAN_POINT('Origin',(0.115158988247559,-36.4359884938915,26.2993150388618));
#7224=CARTESIAN_POINT('Ctrl Pts',(0.121303784118602,-35.7487047620371,28.248219426822));
#7225=CARTESIAN_POINT('Ctrl Pts',(0.376873456551217,-33.7312957441598,27.5359716477485));
#7226=CARTESIAN_POINT('Ctrl Pts',(0.818704119461839,-30.2036357451294,26.2931833861333));
#7227=CARTESIAN_POINT('Ctrl Pts',(1.23045718615832,-26.6640497962766,25.0621583182347));
#7228=CARTESIAN_POINT('Ctrl Pts',(1.37957570972721,-25.158489014897,24.5510644944923));
#7229=CARTESIAN_POINT('Ctrl Pts',(-0.476483559454386,-35.6781267324671,
28.2252147834817));
#7230=CARTESIAN_POINT('Ctrl Pts',(-0.21903205091373,-33.6619241596666,27.5102206429339));
#7231=CARTESIAN_POINT('Ctrl Pts',(0.227010569310951,-30.1367273263345,26.2617887900148));
#7232=CARTESIAN_POINT('Ctrl Pts',(0.649226945319391,-26.6032817551966,25.0167833693898));
#7233=CARTESIAN_POINT('Ctrl Pts',(0.808557762441348,-25.1028064240016,24.4932672001185));
#7234=CARTESIAN_POINT('Ctrl Pts',(-1.51415471145265,-35.718986798295,27.7225556494037));
#7235=CARTESIAN_POINT('Ctrl Pts',(-1.25120645623576,-33.7036970362901,27.0061149142014));
#7236=CARTESIAN_POINT('Ctrl Pts',(-0.792664492662362,-30.1807274752611,
25.7537909151757));
#7237=CARTESIAN_POINT('Ctrl Pts',(-0.340601130255105,-26.6515020075694,
24.5006615049862));
#7238=CARTESIAN_POINT('Ctrl Pts',(-0.154296392169225,-25.1522213089783,
23.9709066398724));
#7239=CARTESIAN_POINT('Ctrl Pts',(-1.91422752761911,-36.0182621972136,26.7257291117251));
#7240=CARTESIAN_POINT('Ctrl Pts',(-1.64871163786912,-34.0016415804722,26.0122360083414));
#7241=CARTESIAN_POINT('Ctrl Pts',(-1.1845757273322,-30.4754603791022,24.7665757961923));
#7242=CARTESIAN_POINT('Ctrl Pts',(-0.718819070981479,-26.9375275143475,
23.5289474228209));
#7243=CARTESIAN_POINT('Ctrl Pts',(-0.519913235953083,-25.4273936818599,
23.0123101484984));
#7244=CARTESIAN_POINT('Ctrl Pts',(-1.93371045389517,-36.1662497146029,26.2993150388618));
#7245=CARTESIAN_POINT('Ctrl Pts',(-1.66812530690226,-34.1489302420528,25.5870672597883));
#7246=CARTESIAN_POINT('Ctrl Pts',(-1.20367641139369,-30.6210906338429,24.3442789981731));
#7247=CARTESIAN_POINT('Ctrl Pts',(-0.737318306466656,-27.0787491403407,
23.1132539302745));
#7248=CARTESIAN_POINT('Ctrl Pts',(-0.537814674145301,-25.5633686046322,
22.6021601065321));
#7249=CARTESIAN_POINT('',(0.267025571327042,-34.5951360701944,27.8411658987835));
#7250=CARTESIAN_POINT('Ctrl Pts',(0.121303784118602,-35.7487047620371,28.248219426822));
#7251=CARTESIAN_POINT('Ctrl Pts',(0.170021191788101,-35.3641405975001,28.1124487577729));
#7252=CARTESIAN_POINT('Ctrl Pts',(0.218626135989375,-34.9796346923116,27.9767537809194));
#7253=CARTESIAN_POINT('Ctrl Pts',(0.267072026215174,-34.5951489671542,27.8411466732432));
#7254=CARTESIAN_POINT('Ctrl Pts',(0.267025571328718,-34.5951360702077,27.8411658987882));
#7255=CARTESIAN_POINT('Ctrl Pts',(0.267025571328718,-34.5835334456557,27.8370740542313));
#7256=CARTESIAN_POINT('Ctrl Pts',(0.267025571326733,-34.5719313430231,27.8329807008064));
#7257=CARTESIAN_POINT('Ctrl Pts',(0.267025571347836,-31.4662653159442,26.7368134111879));
#7258=CARTESIAN_POINT('Ctrl Pts',(0.267025571327049,-28.1912628952251,25.4605653861152));
#7259=CARTESIAN_POINT('Ctrl Pts',(0.26702557132705,-25.1610293585628,24.1092525010657));
#7260=CARTESIAN_POINT('Ctrl Pts',(-0.845524567073118,-25.158489014897,24.5510644944923));
#7261=CARTESIAN_POINT('Ctrl Pts',(-0.69638839338301,-26.664227999022,25.0622188128515));
#7262=CARTESIAN_POINT('Ctrl Pts',(-0.284647656415641,-30.203676210454,26.29319779429));
#7263=CARTESIAN_POINT('Ctrl Pts',(0.157182554337011,-33.7313341728957,27.5359852150427));
#7264=CARTESIAN_POINT('Ctrl Pts',(0.412747358535487,-35.7487047620372,28.248219426822));
#7265=CARTESIAN_POINT('Ctrl Pts',(-0.274506619787253,-25.1028064240016,
24.4932672001185));
#7266=CARTESIAN_POINT('Ctrl Pts',(-0.115156943786006,-26.6034593560127,
25.0168453343532));
#7267=CARTESIAN_POINT('Ctrl Pts',(0.307046072694582,-30.1367674448377,26.2618040121273));
#7268=CARTESIAN_POINT('Ctrl Pts',(0.753088097648226,-33.6619625654215,27.5102342625424));
#7269=CARTESIAN_POINT('Ctrl Pts',(1.01053470210847,-35.6781267324671,28.2252147834817));
#7270=CARTESIAN_POINT('Ctrl Pts',(0.688345631906953,-25.1522222432175,23.9709046126726));
#7271=CARTESIAN_POINT('Ctrl Pts',(0.874672421587308,-26.6516804012244,24.5007221811806));
#7272=CARTESIAN_POINT('Ctrl Pts',(1.32671890129044,-30.1807693313094,25.7538027647849));
#7273=CARTESIAN_POINT('Ctrl Pts',(1.78526046170238,-33.7037365772683,27.0061260969896));
#7274=CARTESIAN_POINT('Ctrl Pts',(2.04820370813376,-35.7189879509061,27.7225531850279));
#7275=CARTESIAN_POINT('Ctrl Pts',(1.05396437860718,-25.4273936818599,23.0123101484984));
#7276=CARTESIAN_POINT('Ctrl Pts',(1.25289375673414,-26.9377062583731,23.5290085735773));
#7277=CARTESIAN_POINT('Ctrl Pts',(1.71863249642948,-30.4755013045134,24.7665900423051));
#7278=CARTESIAN_POINT('Ctrl Pts',(2.18276783821846,-34.0016799941902,26.0122495993573));
#7279=CARTESIAN_POINT('Ctrl Pts',(2.4482786702732,-36.0182621972136,26.7257291117251));
#7280=CARTESIAN_POINT('Ctrl Pts',(1.0718658167994,-25.5633686046322,22.6021601065321));
#7281=CARTESIAN_POINT('Ctrl Pts',(1.27139306297642,-27.0789285053821,23.1133144248914));
#7282=CARTESIAN_POINT('Ctrl Pts',(1.73773294900113,-30.621131612582,24.3442934063298));
#7283=CARTESIAN_POINT('Ctrl Pts',(2.20218150857085,-34.148968669083,25.5870808270825));
#7284=CARTESIAN_POINT('Ctrl Pts',(2.46776159654926,-36.1662497146029,26.2993150388618));
#7285=CARTESIAN_POINT('',(0.412747358535486,-35.7487047620372,28.248219426822));
#7286=CARTESIAN_POINT('Ctrl Pts',(0.266979127849717,-34.5951489634258,27.8411466795413));
#7287=CARTESIAN_POINT('Ctrl Pts',(0.3154251374898,-34.9796356666064,27.9767541291916));
#7288=CARTESIAN_POINT('Ctrl Pts',(0.364030098233426,-35.3641417607852,28.1124491684716));
#7289=CARTESIAN_POINT('Ctrl Pts',(0.412747358535487,-35.7487047620372,28.248219426822));
#7290=CARTESIAN_POINT('Origin',(0.418892154406529,-36.4359884938915,26.2993150388618));
#7291=CARTESIAN_POINT('Ctrl Pts',(0.412747358535489,-35.7487047620372,28.248219426822));
#7292=CARTESIAN_POINT('Ctrl Pts',(0.602574583473536,-37.5076448275751,28.8691105025332));
#7293=CARTESIAN_POINT('Ctrl Pts',(1.03366157562462,-41.2947548155702,29.3410687896167));
#7294=CARTESIAN_POINT('Ctrl Pts',(1.57987805984777,-45.8390064688197,27.8826683841604));
#7295=CARTESIAN_POINT('Ctrl Pts',(2.04262049177914,-49.6201755944958,25.0868117611028));
#7296=CARTESIAN_POINT('Ctrl Pts',(2.24721347090354,-51.2678003457247,22.7284945099007));
#7297=CARTESIAN_POINT('Ctrl Pts',(2.33645203829995,-51.9854522115844,20.9940294116002));
#7298=CARTESIAN_POINT('Ctrl Pts',(1.01053470210848,-35.6781267324671,28.2252147834817));
#7299=CARTESIAN_POINT('Ctrl Pts',(1.20786700258786,-37.4295464035324,28.8566544631215));
#7300=CARTESIAN_POINT('Ctrl Pts',(1.65102728946101,-41.2100593271232,29.3499048567764));
#7301=CARTESIAN_POINT('Ctrl Pts',(2.20812731274655,-45.7655123845211,27.9063168396679));
#7302=CARTESIAN_POINT('Ctrl Pts',(2.67910411075165,-49.5622938965542,25.1118714440781));
#7303=CARTESIAN_POINT('Ctrl Pts',(2.88664687287514,-51.2165016844476,22.7496209735717));
#7304=CARTESIAN_POINT('Ctrl Pts',(2.97732767996895,-51.9382740957117,21.0094120171199));
#7305=CARTESIAN_POINT('Ctrl Pts',(2.04792827871143,-35.7192676737166,27.7218636211944));
#7306=CARTESIAN_POINT('Ctrl Pts',(2.25849925181922,-37.3936483478628,28.3334764434517));
#7307=CARTESIAN_POINT('Ctrl Pts',(2.71943469788647,-41.0185984343643,28.819876423481));
#7308=CARTESIAN_POINT('Ctrl Pts',(3.28284133529348,-45.3965113719177,27.4425517295541));
#7309=CARTESIAN_POINT('Ctrl Pts',(3.75472753882473,-49.0478875120283,24.7631389490461));
#7310=CARTESIAN_POINT('Ctrl Pts',(3.96153913072587,-50.6424576355965,22.4916894725935));
#7311=CARTESIAN_POINT('Ctrl Pts',(4.05163398041472,-51.3369724351182,20.8192254100233));
#7312=CARTESIAN_POINT('Ctrl Pts',(2.4482786702732,-36.0182621972136,26.7257291117251));
#7313=CARTESIAN_POINT('Ctrl Pts',(2.65069815907332,-37.5550681273351,27.2745311374431));
#7314=CARTESIAN_POINT('Ctrl Pts',(3.08702092951614,-40.8698338559289,27.6981387880206));
#7315=CARTESIAN_POINT('Ctrl Pts',(3.61177976112461,-44.8556275964029,26.4265216770286));
#7316=CARTESIAN_POINT('Ctrl Pts',(4.04877447112946,-48.1747085585917,23.9774179904346));
#7317=CARTESIAN_POINT('Ctrl Pts',(4.23928029981038,-49.6223903455946,21.907953359513));
#7318=CARTESIAN_POINT('Ctrl Pts',(4.32228923877473,-50.2527856801995,20.3855757216902));
#7319=CARTESIAN_POINT('Ctrl Pts',(2.46776159654926,-36.1662497146029,26.2993150388618));
#7320=CARTESIAN_POINT('Ctrl Pts',(2.66242394490871,-37.6448570477469,26.8213616474846));
#7321=CARTESIAN_POINT('Ctrl Pts',(3.08142715059306,-40.8275023705689,27.2181852334915));
#7322=CARTESIAN_POINT('Ctrl Pts',(3.58417475279175,-44.6462495376323,25.9919589025517));
#7323=CARTESIAN_POINT('Ctrl Pts',(4.00251454951802,-47.8238557691324,23.6411963850023));
#7324=CARTESIAN_POINT('Ctrl Pts',(4.18481039613012,-49.208530195769,21.6583179523617));
#7325=CARTESIAN_POINT('Ctrl Pts',(4.26421334582109,-49.8116554774467,20.199975808685));
#7326=CARTESIAN_POINT('Ctrl Pts',(0.412747358535489,-35.7487047620372,28.248219426822));
#7327=CARTESIAN_POINT('Ctrl Pts',(0.602574583473536,-37.5076448275751,28.8691105025332));
#7328=CARTESIAN_POINT('Ctrl Pts',(1.03366157562462,-41.2947548155702,29.3410687896167));
#7329=CARTESIAN_POINT('Ctrl Pts',(1.57987805984777,-45.8390064688197,27.8826683841604));
#7330=CARTESIAN_POINT('Ctrl Pts',(2.04240808186164,-49.6184399468295,25.0880951266074));
#7331=CARTESIAN_POINT('Ctrl Pts',(2.24690038446921,-51.2652789841171,22.7321025260973));
#7332=CARTESIAN_POINT('Ctrl Pts',(2.33614463213832,-51.9829800613246,20.9999999796761));
#7333=CARTESIAN_POINT('Origin',(0.267025571327055,-19.4499999999989,16.0061852741483));
#7334=CARTESIAN_POINT('Origin',(0.267025571327053,-19.4499999999986,28.248219426822));
#7335=CARTESIAN_POINT('Origin',(0.267025571327049,-19.4499999999989,26.3217617857081));
#7336=CARTESIAN_POINT('Ctrl Pts',(-14.2081160588862,9.76027467330502,20.9965457743411));
#7337=CARTESIAN_POINT('Ctrl Pts',(-13.9264696423676,9.09390688455281,22.7306192085543));
#7338=CARTESIAN_POINT('Ctrl Pts',(-13.0649211935091,7.05662653659656,25.8786805843671));
#7339=CARTESIAN_POINT('Ctrl Pts',(-11.2731935007515,2.84431552443644,28.5241815216565));
#7340=CARTESIAN_POINT('Ctrl Pts',(-9.41498190173776,-1.47755007011807,29.2140762093851));
#7341=CARTESIAN_POINT('Ctrl Pts',(-8.29236005980362,-4.04856413829766,28.7138233886591));
#7342=CARTESIAN_POINT('Ctrl Pts',(-7.7561280400847,-5.26204673368709,28.2482194268219));
#7343=CARTESIAN_POINT('Ctrl Pts',(-13.6295115081633,10.0398494865279,21.0119351987289));
#7344=CARTESIAN_POINT('Ctrl Pts',(-13.3470536670374,9.36919067146384,22.7517500862571));
#7345=CARTESIAN_POINT('Ctrl Pts',(-12.4841968193056,7.32145124298508,25.904982737189));
#7346=CARTESIAN_POINT('Ctrl Pts',(-10.6926938136499,3.08969686825037,28.544425966312));
#7347=CARTESIAN_POINT('Ctrl Pts',(-8.84243147223401,-1.24345520225172,29.2143210557689));
#7348=CARTESIAN_POINT('Ctrl Pts',(-7.73167824519369,-3.81286278317439,28.6987291050794));
#7349=CARTESIAN_POINT('Ctrl Pts',(-7.20313999970466,-5.02427542845731,28.2252147834817));
#7350=CARTESIAN_POINT('Ctrl Pts',(-12.3984191013974,10.056706814293,20.821797846362));
#7351=CARTESIAN_POINT('Ctrl Pts',(-12.129087612911,9.40995554755421,22.4938825086249));
#7352=CARTESIAN_POINT('Ctrl Pts',(-11.3054931167375,7.4324462294548,25.5262907249636));
#7353=CARTESIAN_POINT('Ctrl Pts',(-9.60293714602757,3.35055867420773,28.0543896056923));
#7354=CARTESIAN_POINT('Ctrl Pts',(-7.85593712311691,-0.826628785132611,
28.6858896147203));
#7355=CARTESIAN_POINT('Ctrl Pts',(-6.81613407513963,-3.30361331397396,28.1807761780493));
#7356=CARTESIAN_POINT('Ctrl Pts',(-6.32507904354399,-4.46995839337239,27.7221299447672));
#7357=CARTESIAN_POINT('Ctrl Pts',(-11.6220527447188,9.25277411471499,20.3877846619754));
#7358=CARTESIAN_POINT('Ctrl Pts',(-11.3786538787299,8.66511627182123,21.9098180125086));
#7359=CARTESIAN_POINT('Ctrl Pts',(-10.6342264602097,6.86802666928557,24.6723675456758));
#7360=CARTESIAN_POINT('Ctrl Pts',(-9.09485943961126,3.1516888615184,26.9876325297329));
#7361=CARTESIAN_POINT('Ctrl Pts',(-7.5144198202021,-0.663980682023667,27.5832213450575));
#7362=CARTESIAN_POINT('Ctrl Pts',(-6.57285037553228,-2.93689386624771,27.1372737568882));
#7363=CARTESIAN_POINT('Ctrl Pts',(-6.12808493150941,-4.01083749117645,26.7257291117251));
#7364=CARTESIAN_POINT('Ctrl Pts',(-11.4517981680421,8.84174320664609,20.2020915721198));
#7365=CARTESIAN_POINT('Ctrl Pts',(-11.2189152603657,8.27951413248884,21.6601044037537));
#7366=CARTESIAN_POINT('Ctrl Pts',(-10.5068519514043,6.56044123472582,24.3070014671348));
#7367=CARTESIAN_POINT('Ctrl Pts',(-9.0329735460389,3.00218399920386,26.5313445869622));
#7368=CARTESIAN_POINT('Ctrl Pts',(-7.51756568229938,-0.656334217962929,
27.1114095872894));
#7369=CARTESIAN_POINT('Ctrl Pts',(-6.61318768123558,-2.83969585364304,26.6907958939538));
#7370=CARTESIAN_POINT('Ctrl Pts',(-6.18520598110892,-3.87293507853632,26.2993150388618));
#7371=CARTESIAN_POINT('',(-7.7561280400847,-5.26204673368709,28.2482194268219));
#7372=CARTESIAN_POINT('Ctrl Pts',(-14.2075547963257,9.75894674203929,20.9999999947522));
#7373=CARTESIAN_POINT('Ctrl Pts',(-13.9258974993798,9.09255395544939,22.7327094819132));
#7374=CARTESIAN_POINT('Ctrl Pts',(-13.0644885529404,7.05560940846972,25.8793193817886));
#7375=CARTESIAN_POINT('Ctrl Pts',(-11.2731935007515,2.84431552443644,28.5241815216565));
#7376=CARTESIAN_POINT('Ctrl Pts',(-9.41498190173776,-1.47755007011807,29.2140762093851));
#7377=CARTESIAN_POINT('Ctrl Pts',(-8.29236005980362,-4.04856413829766,28.7138233886591));
#7378=CARTESIAN_POINT('Ctrl Pts',(-7.7561280400847,-5.26204673368709,28.2482194268219));
#7379=CARTESIAN_POINT('Origin',(-8.09444835668647,-4.66376916435796,26.2993150388618));
#7380=CARTESIAN_POINT('Ctrl Pts',(-7.75612804008469,-5.26204673368712,28.248219426822));
#7381=CARTESIAN_POINT('Ctrl Pts',(-6.96875335990952,-7.13695902920905,27.5359716477485));
#7382=CARTESIAN_POINT('Ctrl Pts',(-5.58745049451954,-10.412860028839,26.2932398716666));
#7383=CARTESIAN_POINT('Ctrl Pts',(-4.17435558006475,-13.6841654196721,25.0621583182347));
#7384=CARTESIAN_POINT('Ctrl Pts',(-3.55071561896045,-15.0625785650728,24.5510644944923));
#7385=CARTESIAN_POINT('Ctrl Pts',(-7.20313999970465,-5.02427542845733,28.2252147834817));
#7386=CARTESIAN_POINT('Ctrl Pts',(-6.41799825994324,-6.89908382994842,27.5102206429338));
#7387=CARTESIAN_POINT('Ctrl Pts',(-5.04162777430747,-10.1749455691535,26.2617560407918));
#7388=CARTESIAN_POINT('Ctrl Pts',(-3.64061140551049,-13.4461769665661,25.0167833693898));
#7389=CARTESIAN_POINT('Ctrl Pts',(-3.02835827514634,-14.8252921296938,24.4932672001185));
#7390=CARTESIAN_POINT('Ctrl Pts',(-6.32478213747479,-4.47004974837097,27.7226956478643));
#7391=CARTESIAN_POINT('Ctrl Pts',(-5.54485712537094,-6.3468160058624,27.006254912662));
#7392=CARTESIAN_POINT('Ctrl Pts',(-4.18045286906358,-9.62706791790698,25.7539547258584));
#7393=CARTESIAN_POINT('Ctrl Pts',(-2.80738511674561,-12.9094948766143,24.5007766679667));
#7394=CARTESIAN_POINT('Ctrl Pts',(-2.21908940347781,-14.3010624180409,23.9710218028529));
#7395=CARTESIAN_POINT('Ctrl Pts',(-6.1280849315094,-4.01083749117647,26.7257291117251));
#7396=CARTESIAN_POINT('Ctrl Pts',(-5.34971812877059,-5.89004011994503,26.0122360083414));
#7397=CARTESIAN_POINT('Ctrl Pts',(-3.98857295108732,-9.17593555608321,24.766630797521));
#7398=CARTESIAN_POINT('Ctrl Pts',(-2.62297168142328,-12.4726886398838,23.5289474228209));
#7399=CARTESIAN_POINT('Ctrl Pts',(-2.04016227127506,-13.8799558194465,23.0123101484984));
#7400=CARTESIAN_POINT('Ctrl Pts',(-6.18520598110891,-3.87293507853634,26.2993150388618));
#7401=CARTESIAN_POINT('Ctrl Pts',(-5.40654972899755,-5.75277756281019,25.5870672597883));
#7402=CARTESIAN_POINT('Ctrl Pts',(-4.044823718771,-9.04027496493534,24.3443354837064));
#7403=CARTESIAN_POINT('Ctrl Pts',(-2.67756168653914,-12.3411375064673,23.1132539302745));
#7404=CARTESIAN_POINT('Ctrl Pts',(-2.09264663242244,-13.7532473629521,22.6021601065321));
#7405=CARTESIAN_POINT('',(-7.30554246377068,-6.33392741943758,27.8411658987835));
#7406=CARTESIAN_POINT('Ctrl Pts',(-7.75612804008469,-5.26204673368712,28.248219426822));
#7407=CARTESIAN_POINT('Ctrl Pts',(-7.6060362785768,-5.61944823032287,28.1124485841941));
#7408=CARTESIAN_POINT('Ctrl Pts',(-7.45587397784116,-5.97674184679774,27.9767546068257));
#7409=CARTESIAN_POINT('Ctrl Pts',(-7.30558267769739,-6.33393775330623,27.8411491926534));
#7410=CARTESIAN_POINT('Ctrl Pts',(-7.30554246377879,-6.33392741942688,27.8411658987882));
#7411=CARTESIAN_POINT('Ctrl Pts',(-7.29974115150281,-6.34397558703944,27.8370740542313));
#7412=CARTESIAN_POINT('Ctrl Pts',(-7.29394010018478,-6.35402330265562,27.8329807008064));
#7413=CARTESIAN_POINT('Ctrl Pts',(-5.74110708666362,-9.04360897778677,26.7368134111879));
#7414=CARTESIAN_POINT('Ctrl Pts',(-4.10360587628605,-11.8798442715747,25.4605653861152));
#7415=CARTESIAN_POINT('Ctrl Pts',(-2.58848910795493,-14.5041034937238,24.1092525010657));
#7416=CARTESIAN_POINT('Ctrl Pts',(-1.62372225328357,-13.9500284266726,24.5510644944923));
#7417=CARTESIAN_POINT('Ctrl Pts',(-2.50574746038491,-12.7205883017969,25.0622188128515));
#7418=CARTESIAN_POINT('Ctrl Pts',(-4.632176432216,-9.8612708463894,26.2932666981418));
#7419=CARTESIAN_POINT('Ctrl Pts',(-6.77851467197966,-7.02708029784039,27.5359852150427));
#7420=CARTESIAN_POINT('Ctrl Pts',(-8.00852557929947,-5.40776852089554,28.248219426822));
#7421=CARTESIAN_POINT('Ctrl Pts',(-2.09039700620227,-14.2837599385795,24.4932672001185));
#7422=CARTESIAN_POINT('Ctrl Pts',(-2.97872433970972,-13.0638312151949,25.0168453343532));
#7423=CARTESIAN_POINT('Ctrl Pts',(-5.11112555151337,-10.2150032581014,26.2617715153042));
#7424=CARTESIAN_POINT('Ctrl Pts',(-7.25989820700604,-7.38511064387001,27.5102342625424));
#7425=CARTESIAN_POINT('Ctrl Pts',(-8.49093559010947,-5.76778455923874,28.2252147834817));
#7426=CARTESIAN_POINT('Ctrl Pts',(-2.94902825116755,-14.7224933211313,23.9710227666573));
#7427=CARTESIAN_POINT('Ctrl Pts',(-3.86012106343978,-13.5170878592257,24.5008403351654));
#7428=CARTESIAN_POINT('Ctrl Pts',(-6.01618005845141,-10.6868667004986,25.7539796328927));
#7429=CARTESIAN_POINT('Ctrl Pts',(-8.174747431213,-7.86514018757919,27.0062697314797));
#7430=CARTESIAN_POINT('Ctrl Pts',(-9.41008864919503,-6.25135292621307,27.7226968195179));
#7431=CARTESIAN_POINT('Ctrl Pts',(-3.4031802679319,-14.6668946267267,23.0123101484984));
#7432=CARTESIAN_POINT('Ctrl Pts',(-4.33061445120548,-13.4583902568746,23.5290085735773));
#7433=CARTESIAN_POINT('Ctrl Pts',(-6.50280239431406,-10.6274733949635,24.7666572788298));
#7434=CARTESIAN_POINT('Ctrl Pts',(-8.66789589600014,-7.80574659073314,26.0122495993573));
#7435=CARTESIAN_POINT('Ctrl Pts',(-9.90612612305122,-6.1920905901226,26.7257291117251));
#7436=CARTESIAN_POINT('Ctrl Pts',(-3.48667082955675,-14.5580876084244,22.6021601065321));
#7437=CARTESIAN_POINT('Ctrl Pts',(-4.41724644386815,-13.3453378565065,23.1133144248913));
#7438=CARTESIAN_POINT('Ctrl Pts',(-6.59216281670481,-10.510931655618,24.3443623101816));
#7439=CARTESIAN_POINT('Ctrl Pts',(-8.75835296515244,-7.68789769176237,25.5870808270825));
#7440=CARTESIAN_POINT('Ctrl Pts',(-9.99699259084098,-6.07367110375853,26.2993150388618));
#7441=CARTESIAN_POINT('',(-8.00852557929946,-5.40776852089554,28.248219426822));
#7442=CARTESIAN_POINT('Ctrl Pts',(-7.30551405910834,-6.33389841407996,27.8411495418391));
#7443=CARTESIAN_POINT('Ctrl Pts',(-7.53970917727164,-6.02514340147669,27.9767549958854));
#7444=CARTESIAN_POINT('Ctrl Pts',(-7.77405320630331,-5.71645186077601,28.1124488862754));
#7445=CARTESIAN_POINT('Ctrl Pts',(-8.00852557929947,-5.40776852089554,28.248219426822));
#7446=CARTESIAN_POINT('',(-9.99699259084098,-6.07367110375853,26.2993150388618));
#7447=CARTESIAN_POINT('Origin',(-8.35748899455201,-4.81563574743745,26.2993150388618));
#7448=CARTESIAN_POINT('Ctrl Pts',(-4.32491635049134,-13.4656647768719,23.0664725298669));
#7449=CARTESIAN_POINT('Ctrl Pts',(-4.97658558442549,-12.616392896509,23.4301842753802));
#7450=CARTESIAN_POINT('Ctrl Pts',(-6.87080343159864,-10.1478001363843,24.5041998405563));
#7451=CARTESIAN_POINT('Ctrl Pts',(-8.75832937040224,-7.6879284410395,25.5870672597883));
#7452=CARTESIAN_POINT('Ctrl Pts',(-9.99699259084097,-6.07367110375855,26.2993150388618));
#7453=CARTESIAN_POINT('Ctrl Pts',(-8.00852557929947,-5.40776852089553,28.2482194268219));
#7454=CARTESIAN_POINT('Ctrl Pts',(-9.05239081119467,-3.97939535287447,28.8691105025332));
#7455=CARTESIAN_POINT('Ctrl Pts',(-11.3192731974716,-0.91519515850224,29.3413762683579));
#7456=CARTESIAN_POINT('Ctrl Pts',(-14.0645006693194,2.74720315321843,27.8828597676553));
#7457=CARTESIAN_POINT('Ctrl Pts',(-16.355881364758,5.79048535754108,25.0870668801851));
#7458=CARTESIAN_POINT('Ctrl Pts',(-17.3567676268356,7.1149294421527,22.7284945099007));
#7459=CARTESIAN_POINT('Ctrl Pts',(-17.7928764261281,7.69181490536231,20.9940294116002));
#7460=CARTESIAN_POINT('Ctrl Pts',(-8.49093559010947,-5.76778455923873,28.2252147834817));
#7461=CARTESIAN_POINT('Ctrl Pts',(-9.53754021084446,-4.34967678164815,28.8566544631215));
#7462=CARTESIAN_POINT('Ctrl Pts',(-11.8115813267613,-1.29720573614142,29.3497768718382));
#7463=CARTESIAN_POINT('Ctrl Pts',(-14.5718151336956,2.36941823591126,27.9061864949853));
#7464=CARTESIAN_POINT('Ctrl Pts',(-16.8780689891261,5.42202294121958,25.1117758512886));
#7465=CARTESIAN_POINT('Ctrl Pts',(-17.8848838663328,6.75078679732086,22.7496209735716));
#7466=CARTESIAN_POINT('Ctrl Pts',(-18.3243019545438,7.33051963767943,21.0094120171199));
#7467=CARTESIAN_POINT('Ctrl Pts',(-9.41001173220098,-6.25103587016557,27.7221120008471));
#7468=CARTESIAN_POINT('Ctrl Pts',(-10.429561881285,-4.90626515730316,28.3337248231044));
#7469=CARTESIAN_POINT('Ctrl Pts',(-12.6413075597808,-1.99734981516033,28.8205490909487));
#7470=CARTESIAN_POINT('Ctrl Pts',(-15.3183267508036,1.51250137687916,27.4430387261672));
#7471=CARTESIAN_POINT('Ctrl Pts',(-17.5527762240529,4.43885863684169,24.7636906470869));
#7472=CARTESIAN_POINT('Ctrl Pts',(-18.5291183131699,5.71632879326458,22.4918253754762));
#7473=CARTESIAN_POINT('Ctrl Pts',(-18.9544001415114,6.27274882811017,20.8193613129061));
#7474=CARTESIAN_POINT('Ctrl Pts',(-9.90612612305122,-6.1920905901226,26.7257291117251));
#7475=CARTESIAN_POINT('Ctrl Pts',(-10.8498295076339,-4.96238735835093,27.2745311374431));
#7476=CARTESIAN_POINT('Ctrl Pts',(-12.8850610162327,-2.30986824069071,27.6984936779535));
#7477=CARTESIAN_POINT('Ctrl Pts',(-15.3324755351133,0.879621159779921,26.4267507097254));
#7478=CARTESIAN_POINT('Ctrl Pts',(-17.3705153400937,3.53560746733252,23.977708701674));
#7479=CARTESIAN_POINT('Ctrl Pts',(-18.2592431066402,4.69392916794573,21.907953359513));
#7480=CARTESIAN_POINT('Ctrl Pts',(-18.646328623827,5.19836307265855,20.3855757216902));
#7481=CARTESIAN_POINT('Ctrl Pts',(-9.99699259084098,-6.07367110375853,26.2993150388618));
#7482=CARTESIAN_POINT('Ctrl Pts',(-10.9048787962526,-4.89049076521358,26.8213616474846));
#7483=CARTESIAN_POINT('Ctrl Pts',(-12.8590712606716,-2.34373756216764,27.2184437623065));
#7484=CARTESIAN_POINT('Ctrl Pts',(-15.2038851591308,0.712083404895119,25.9921198182233));
#7485=CARTESIAN_POINT('Ctrl Pts',(-17.1550228973527,3.25485561125391,23.6414108896987));
#7486=CARTESIAN_POINT('Ctrl Pts',(-18.0051407113986,4.3627507164228,21.6583179523617));
#7487=CARTESIAN_POINT('Ctrl Pts',(-18.3754683238052,4.84537105717485,20.199975808685));
#7488=CARTESIAN_POINT('Ctrl Pts',(-9.99699259084097,-6.07367110375853,26.2993150388618));
#7489=CARTESIAN_POINT('Ctrl Pts',(-10.6778131577218,-5.18640846664735,26.6907958939538));
#7490=CARTESIAN_POINT('Ctrl Pts',(-12.1164707444148,-3.31151339683844,27.1114093533947));
#7491=CARTESIAN_POINT('Ctrl Pts',(-14.5271365518338,-0.169872551169326,
26.5313444365683));
#7492=CARTESIAN_POINT('Ctrl Pts',(-16.7133743572404,2.67928802790128,24.457242223965));
#7493=CARTESIAN_POINT('Ctrl Pts',(-17.7891302018038,4.08124033951853,22.142877748041));
#7494=CARTESIAN_POINT('Ctrl Pts',(-18.1485562763728,4.54965351955755,20.9998372089358));
#7495=CARTESIAN_POINT('Ctrl Pts',(-8.00852557929947,-5.40776852089553,28.2482194268219));
#7496=CARTESIAN_POINT('Ctrl Pts',(-9.05239081119467,-3.97939535287447,28.8691105025332));
#7497=CARTESIAN_POINT('Ctrl Pts',(-11.3192731974716,-0.91519515850224,29.3413762683579));
#7498=CARTESIAN_POINT('Ctrl Pts',(-14.0645006693194,2.74720315321843,27.8828597676553));
#7499=CARTESIAN_POINT('Ctrl Pts',(-16.3548295658502,5.78908841773754,25.0883502164335));
#7500=CARTESIAN_POINT('Ctrl Pts',(-17.3552359716651,7.11290264287384,22.7321029162783));
#7501=CARTESIAN_POINT('Ctrl Pts',(-17.7913741297394,7.68982766389601,20.9999999803475));
#7502=CARTESIAN_POINT('Origin',(0.267025571327055,-19.4499999999989,16.0061852741483));
#7503=CARTESIAN_POINT('Origin',(0.267025571327186,-19.4499999999991,28.248219426822));
#7504=CARTESIAN_POINT('Origin',(0.267025571327046,-19.4499999999989,26.3217617857081));
#7505=CARTESIAN_POINT('Ctrl Pts',(-21.2750629666148,5.0185163654873,20.9965457743411));
#7506=CARTESIAN_POINT('Ctrl Pts',(-20.8305447442459,4.44774996510427,22.7306192085543));
#7507=CARTESIAN_POINT('Ctrl Pts',(-19.4710654234484,2.70287279182177,25.8786802266349));
#7508=CARTESIAN_POINT('Ctrl Pts',(-16.6501634867705,-0.902173384281414,
28.524181342787));
#7509=CARTESIAN_POINT('Ctrl Pts',(-13.7366877511449,-4.5958344571461,29.2140759312047));
#7510=CARTESIAN_POINT('Ctrl Pts',(-11.9868909898829,-6.78868735496052,28.7138233886591));
#7511=CARTESIAN_POINT('Ctrl Pts',(-11.154858226566,-7.82203447430242,28.2482194268219));
#7512=CARTESIAN_POINT('Ctrl Pts',(-20.7885331740563,5.43831877526929,21.0119351987289));
#7513=CARTESIAN_POINT('Ctrl Pts',(-20.3421205763705,4.86361757389241,22.7517500862571));
#7514=CARTESIAN_POINT('Ctrl Pts',(-18.978670671179,3.10897669790006,25.9049837642154));
#7515=CARTESIAN_POINT('Ctrl Pts',(-16.1529532056566,-0.514908798106713,
28.5444268271408));
#7516=CARTESIAN_POINT('Ctrl Pts',(-13.2442344554476,-4.22152951270921,29.2143218876473));
#7517=CARTESIAN_POINT('Ctrl Pts',(-11.5063179444829,-6.41590219689193,28.6987291050794));
#7518=CARTESIAN_POINT('Ctrl Pts',(-10.6822525389063,-7.44924119326623,28.2252147834817));
#7519=CARTESIAN_POINT('Ctrl Pts',(-19.6037495630003,5.77318876004296,20.8217828975323));
#7520=CARTESIAN_POINT('Ctrl Pts',(-19.1762037771623,5.21818312698089,22.4938675597952));
#7521=CARTESIAN_POINT('Ctrl Pts',(-17.8688623909692,3.52122750092619,25.5262610420526));
#7522=CARTESIAN_POINT('Ctrl Pts',(-15.1678560463027,0.019090832540619,28.0543593061732));
#7523=CARTESIAN_POINT('Ctrl Pts',(-12.3992533552528,-3.5635974018009,28.6858569027843));
#7524=CARTESIAN_POINT('Ctrl Pts',(-10.7537958922127,-5.68704973553933,28.180748870674));
#7525=CARTESIAN_POINT('Ctrl Pts',(-9.97760083535535,-6.68655817572508,27.7221026373919));
#7526=CARTESIAN_POINT('Ctrl Pts',(-18.6457668130786,5.19763090663651,20.3877846619754));
#7527=CARTESIAN_POINT('Ctrl Pts',(-18.2585645205856,4.6929932812384,21.9098180125086));
#7528=CARTESIAN_POINT('Ctrl Pts',(-17.0743813269378,3.14980944232529,24.6723669799108));
#7529=CARTESIAN_POINT('Ctrl Pts',(-14.6256083996452,-0.0414791695470865,
26.9876321823499));
#7530=CARTESIAN_POINT('Ctrl Pts',(-12.1114530373026,-3.31808502724449,27.5832208944316));
#7531=CARTESIAN_POINT('Ctrl Pts',(-10.6136936155718,-5.26985447434203,27.1372737568882));
#7532=CARTESIAN_POINT('Ctrl Pts',(-9.90612612305122,-6.1920905901226,26.7257291117251));
#7533=CARTESIAN_POINT('Ctrl Pts',(-18.3749308932887,4.8446706640895,20.2020915721198));
#7534=CARTESIAN_POINT('Ctrl Pts',(-18.0044676861605,4.36187361285593,21.6601044037536));
#7535=CARTESIAN_POINT('Ctrl Pts',(-16.8717381437888,2.88567173267034,24.3070011663528));
#7536=CARTESIAN_POINT('Ctrl Pts',(-14.5271365518338,-0.169872551169326,
26.5313444365683));
#7537=CARTESIAN_POINT('Ctrl Pts',(-12.1164707444148,-3.31151339683844,27.1114093533947));
#7538=CARTESIAN_POINT('Ctrl Pts',(-10.6778131577218,-5.18640846664735,26.6907958939538));
#7539=CARTESIAN_POINT('Ctrl Pts',(-9.99699259084097,-6.07367110375853,26.2993150388618));
#7540=CARTESIAN_POINT('',(-11.154858226566,-7.82203447430242,28.2482194268219));
#7541=CARTESIAN_POINT('Ctrl Pts',(-21.2741771347098,5.01737894782174,20.999999994752));
#7542=CARTESIAN_POINT('Ctrl Pts',(-20.8296419324275,4.44659121703457,22.7327094816757));
#7543=CARTESIAN_POINT('Ctrl Pts',(-19.4703842727227,2.70200229725152,25.8793190240996));
#7544=CARTESIAN_POINT('Ctrl Pts',(-16.6501634867705,-0.902173384281414,
28.524181342787));
#7545=CARTESIAN_POINT('Ctrl Pts',(-13.7366877511449,-4.5958344571461,29.2140759312047));
#7546=CARTESIAN_POINT('Ctrl Pts',(-11.9868909898829,-6.78868735496052,28.7138233886591));
#7547=CARTESIAN_POINT('Ctrl Pts',(-11.154858226566,-7.82203447430242,28.2482194268219));
#7548=CARTESIAN_POINT('Origin',(-11.6364961871299,-7.33170646007962,26.2993150388618));
#7549=CARTESIAN_POINT('Ctrl Pts',(-11.154858226566,-7.82203447430244,28.248219426822));
#7550=CARTESIAN_POINT('Ctrl Pts',(-9.9090496780407,-9.42927311971316,27.5359716477485));
#7551=CARTESIAN_POINT('Ctrl Pts',(-7.72695462453399,-12.2360491300947,26.2932357507038));
#7552=CARTESIAN_POINT('Ctrl Pts',(-5.51532698749504,-15.0301454972902,25.0621583182347));
#7553=CARTESIAN_POINT('Ctrl Pts',(-4.55617746870912,-16.2001804545083,24.5510644944923));
#7554=CARTESIAN_POINT('Ctrl Pts',(-10.6822525389063,-7.44924119326624,28.2252147834817));
#7555=CARTESIAN_POINT('Ctrl Pts',(-9.43862773494907,-9.05695741225504,27.5102206429338));
#7556=CARTESIAN_POINT('Ctrl Pts',(-7.2613031833495,-11.8649719414093,26.2617584300465));
#7557=CARTESIAN_POINT('Ctrl Pts',(-5.06136564884006,-14.6621231464894,25.0167833693898));
#7558=CARTESIAN_POINT('Ctrl Pts',(-4.11303326838788,-15.8357833294194,24.4932672001185));
#7559=CARTESIAN_POINT('Ctrl Pts',(-9.97730052268156,-6.68657429917432,27.7226614508716));
#7560=CARTESIAN_POINT('Ctrl Pts',(-8.73820796027707,-8.29753185030888,27.0062207156693));
#7561=CARTESIAN_POINT('Ctrl Pts',(-6.57130365574721,-11.1128785617411,25.7539206261012));
#7562=CARTESIAN_POINT('Ctrl Pts',(-4.39546224213683,-13.9280827277299,24.5007485374603));
#7563=CARTESIAN_POINT('Ctrl Pts',(-3.46704803692863,-15.1199716202735,23.9709936723465));
#7564=CARTESIAN_POINT('Ctrl Pts',(-9.90612612305121,-6.19209059012262,26.7257291117251));
#7565=CARTESIAN_POINT('Ctrl Pts',(-8.66790809602771,-7.80580478945613,26.0122360083414));
#7566=CARTESIAN_POINT('Ctrl Pts',(-6.50269229194236,-10.6274413315841,24.76662678484));
#7567=CARTESIAN_POINT('Ctrl Pts',(-4.33035847661691,-13.4584210885093,23.5289474228209));
#7568=CARTESIAN_POINT('Ctrl Pts',(-3.40318026793189,-14.6668946267267,23.0123101484984));
#7569=CARTESIAN_POINT('Ctrl Pts',(-9.99699259084097,-6.07367110375855,26.2993150388618));
#7570=CARTESIAN_POINT('Ctrl Pts',(-8.75832937040224,-7.6879284410395,25.5870672597883));
#7571=CARTESIAN_POINT('Ctrl Pts',(-6.59213967894604,-10.5109618093323,24.3443313627436));
#7572=CARTESIAN_POINT('Ctrl Pts',(-4.41713631114857,-13.345481384261,23.1132539302745));
#7573=CARTESIAN_POINT('Ctrl Pts',(-3.48667082955675,-14.5580876084244,22.6021601065321));
#7574=CARTESIAN_POINT('',(-10.4422028459011,-8.74077158277068,27.8411658987835));
#7575=CARTESIAN_POINT('Ctrl Pts',(-11.154858226566,-7.82203447430244,28.248219426822));
#7576=CARTESIAN_POINT('Ctrl Pts',(-10.9173784258849,-8.12841117528981,28.1124485968576));
#7577=CARTESIAN_POINT('Ctrl Pts',(-10.6798585485865,-8.43466554222821,27.9767545465704));
#7578=CARTESIAN_POINT('Ctrl Pts',(-10.4422394380441,-8.74079221626447,27.8411490088464));
#7579=CARTESIAN_POINT('Ctrl Pts',(-10.4422028459117,-8.74077158276245,27.8411658987882));
#7580=CARTESIAN_POINT('Ctrl Pts',(-10.4339985514115,-8.74897587726269,27.8370740542313));
#7581=CARTESIAN_POINT('Ctrl Pts',(-10.4257946259625,-8.75717980270884,27.8329807008064));
#7582=CARTESIAN_POINT('Ctrl Pts',(-8.22975711812931,-10.9532173105719,26.7368134111879));
#7583=CARTESIAN_POINT('Ctrl Pts',(-5.91398069802175,-13.2689937306501,25.4605653861152));
#7584=CARTESIAN_POINT('Ctrl Pts',(-3.77128201566898,-15.4116924130029,24.1092525010657));
#7585=CARTESIAN_POINT('Ctrl Pts',(-2.98279397416354,-14.6267969599627,24.5510644944923));
#7586=CARTESIAN_POINT('Ctrl Pts',(-4.15296742027175,-13.6675339133275,25.0622188128515));
#7587=CARTESIAN_POINT('Ctrl Pts',(-6.94696003137432,-11.4559824914744,26.2932498817791));
#7588=CARTESIAN_POINT('Ctrl Pts',(-9.75373192453982,-9.27390101977272,27.5359852150427));
#7589=CARTESIAN_POINT('Ctrl Pts',(-11.3609399543694,-8.02811620210585,28.248219426822));
#7590=CARTESIAN_POINT('Ctrl Pts',(-3.34719109925242,-15.0699411602839,24.4932672001185));
#7591=CARTESIAN_POINT('Ctrl Pts',(-4.5209902001653,-14.1214965323318,25.0168453343532));
#7592=CARTESIAN_POINT('Ctrl Pts',(-7.31803724797809,-11.9216380155855,26.261779446332));
#7593=CARTESIAN_POINT('Ctrl Pts',(-10.126047641095,-9.74432300446155,27.5102342625423));
#7594=CARTESIAN_POINT('Ctrl Pts',(-11.7337332354056,-8.50072188976556,28.2252147834817));
#7595=CARTESIAN_POINT('Ctrl Pts',(-4.06299880770317,-15.7159146741178,23.9709818319019));
#7596=CARTESIAN_POINT('Ctrl Pts',(-5.25502877583503,-14.7873905789854,24.50079940041));
#7597=CARTESIAN_POINT('Ctrl Pts',(-8.07013194096444,-12.611624170533,25.753922629218));
#7598=CARTESIAN_POINT('Ctrl Pts',(-10.8854691621388,-10.4447292421137,27.0062199689369));
#7599=CARTESIAN_POINT('Ctrl Pts',(-12.4963960268524,-9.20566028263771,27.7226470569752));
#7600=CARTESIAN_POINT('Ctrl Pts',(-4.51607980194516,-15.7797941607399,23.0123101484984));
#7601=CARTESIAN_POINT('Ctrl Pts',(-5.72469637875976,-14.8525062084269,23.5290085735773));
#7602=CARTESIAN_POINT('Ctrl Pts',(-8.55557822919994,-12.6802492893591,24.7666408693875));
#7603=CARTESIAN_POINT('Ctrl Pts',(-11.3772003781468,-10.5150427463742,26.0122495993573));
#7604=CARTESIAN_POINT('Ctrl Pts',(-12.9908838385492,-9.2768483056206,26.7257291117251));
#7605=CARTESIAN_POINT('Ctrl Pts',(-4.62488682024744,-15.6963035991151,22.6021601065321));
#7606=CARTESIAN_POINT('Ctrl Pts',(-5.83763657216535,-14.7657279848037,23.1133144248914));
#7607=CARTESIAN_POINT('Ctrl Pts',(-8.67205783915963,-12.5908000513374,24.3443454938189));
#7608=CARTESIAN_POINT('Ctrl Pts',(-11.4950767369094,-10.4246214635194,25.5870808270825));
#7609=CARTESIAN_POINT('Ctrl Pts',(-13.1093033249133,-9.18598183783085,26.2993150388618));
#7610=CARTESIAN_POINT('',(-11.3609399543694,-8.02811620210585,28.248219426822));
#7611=CARTESIAN_POINT('Ctrl Pts',(-10.4421819903042,-8.7407346060685,27.8411488432766));
#7612=CARTESIAN_POINT('Ctrl Pts',(-10.7483094804433,-8.50311520833428,27.9767547843626));
#7613=CARTESIAN_POINT('Ctrl Pts',(-11.0545640618874,-8.26559537609531,28.1124489551468));
#7614=CARTESIAN_POINT('Ctrl Pts',(-11.3609399543694,-8.02811620210585,28.248219426822));
#7615=CARTESIAN_POINT('Origin',(-11.8512679685922,-7.54647824154189,26.2993150388618));
#7616=CARTESIAN_POINT('Ctrl Pts',(-11.3609399543694,-8.02811620210584,28.2482194268219));
#7617=CARTESIAN_POINT('Ctrl Pts',(-12.7389265204195,-6.91858587207081,28.8691105025332));
#7618=CARTESIAN_POINT('Ctrl Pts',(-15.7216423185768,-4.54550802598261,29.3413410926124));
#7619=CARTESIAN_POINT('Ctrl Pts',(-19.3212159407264,-1.71842694369186,27.8828393358163));
#7620=CARTESIAN_POINT('Ctrl Pts',(-22.322170872108,0.628098569916128,25.0870386100255));
#7621=CARTESIAN_POINT('Ctrl Pts',(-23.6317611073894,1.64837809508941,22.7284945099007));
#7622=CARTESIAN_POINT('Ctrl Pts',(-24.2023188044194,2.09273339982062,20.9940294116002));
#7623=CARTESIAN_POINT('Ctrl Pts',(-11.7337332354056,-8.50072188976556,28.2252147834817));
#7624=CARTESIAN_POINT('Ctrl Pts',(-13.1117089693354,-7.40181617146794,28.8566544631215));
#7625=CARTESIAN_POINT('Ctrl Pts',(-16.0983021677577,-5.04192357375153,29.3497907140278));
#7626=CARTESIAN_POINT('Ctrl Pts',(-19.7134678560569,-2.21464142258373,27.9062017483907));
#7627=CARTESIAN_POINT('Ctrl Pts',(-22.7312133130786,0.137047925364942,25.1117854063516));
#7628=CARTESIAN_POINT('Ctrl Pts',(-24.0476351707859,1.15995676918333,22.7496209735717));
#7629=CARTESIAN_POINT('Ctrl Pts',(-24.6221263508837,1.60620592204205,21.0094120171198));
#7630=CARTESIAN_POINT('Ctrl Pts',(-12.4964101033447,-9.20534634672457,27.7220691907296));
#7631=CARTESIAN_POINT('Ctrl Pts',(-13.8292721953267,-8.17027658075368,28.3336820129869));
#7632=CARTESIAN_POINT('Ctrl Pts',(-16.7185202985561,-5.93293091469845,28.8204533774066));
#7633=CARTESIAN_POINT('Ctrl Pts',(-20.2127110352017,-3.23555850136766,27.442969128437));
#7634=CARTESIAN_POINT('Ctrl Pts',(-23.1284021936875,-0.987245386045183,
24.7636133756791));
#7635=CARTESIAN_POINT('Ctrl Pts',(-24.4021128482199,-0.00599724812676748,
22.4918019515833));
#7636=CARTESIAN_POINT('Ctrl Pts',(-24.956915651761,0.421392197084453,20.8193378890132));
#7637=CARTESIAN_POINT('Ctrl Pts',(-12.9908838385492,-9.2768483056206,26.7257291117251));
#7638=CARTESIAN_POINT('Ctrl Pts',(-14.2207019262807,-8.33329460423892,27.2745311374431));
#7639=CARTESIAN_POINT('Ctrl Pts',(-16.8731106401785,-6.29791466812086,27.6984531978038));
#7640=CARTESIAN_POINT('Ctrl Pts',(-20.0626214354201,-3.85054898858156,26.4267260223761));
#7641=CARTESIAN_POINT('Ctrl Pts',(-22.7186276551202,-1.81255444543114,23.9776766900675));
#7642=CARTESIAN_POINT('Ctrl Pts',(-23.8768845017621,-0.923706437131494,
21.907953359513));
#7643=CARTESIAN_POINT('Ctrl Pts',(-24.3813375013304,-0.536645804844828,
20.3855757216902));
#7644=CARTESIAN_POINT('Ctrl Pts',(-13.1093033249133,-9.18598183783085,26.2993150388618));
#7645=CARTESIAN_POINT('Ctrl Pts',(-14.2924836634582,-8.27809563241923,26.8213616474846));
#7646=CARTESIAN_POINT('Ctrl Pts',(-16.8392380895498,-6.32390222952433,27.2184141864608));
#7647=CARTESIAN_POINT('Ctrl Pts',(-19.8950504838617,-3.97909490916817,25.9921026390873));
#7648=CARTESIAN_POINT('Ctrl Pts',(-22.4378157253242,-2.02796251529917,23.6413871200851));
#7649=CARTESIAN_POINT('Ctrl Pts',(-23.5457251450946,-1.17783371727321,21.6583179523617));
#7650=CARTESIAN_POINT('Ctrl Pts',(-24.0283454858467,-0.807506104866561,
20.199975808685));
#7651=CARTESIAN_POINT('Ctrl Pts',(-11.3609399543694,-8.02811620210584,28.2482194268219));
#7652=CARTESIAN_POINT('Ctrl Pts',(-12.7389265204195,-6.91858587207081,28.8691105025332));
#7653=CARTESIAN_POINT('Ctrl Pts',(-15.7216423185768,-4.54550802598261,29.3413410926124));
#7654=CARTESIAN_POINT('Ctrl Pts',(-19.3212159407264,-1.71842694369186,27.8828393358163));
#7655=CARTESIAN_POINT('Ctrl Pts',(-22.3207933615418,0.627021458209127,25.0883219498719));
#7656=CARTESIAN_POINT('Ctrl Pts',(-23.6297570418625,1.64681675865522,22.732102873042));
#7657=CARTESIAN_POINT('Ctrl Pts',(-24.2003533615554,2.09120269484729,20.9999999802731));
#7658=CARTESIAN_POINT('Origin',(0.267025571327055,-19.4499999999989,16.0061852741483));
#7659=CARTESIAN_POINT('Origin',(0.267025571327251,-19.4499999999991,28.248219426822));
#7660=CARTESIAN_POINT('Origin',(0.267025571327049,-19.4499999999989,26.3217617857081));
#7661=CARTESIAN_POINT('Ctrl Pts',(32.2284266057243,-13.0282622583108,20.9965457743412));
#7662=CARTESIAN_POINT('Ctrl Pts',(31.5118692921815,-13.1278431311358,22.7306192085543));
#7663=CARTESIAN_POINT('Ctrl Pts',(29.3208741255442,-13.4327671180756,25.8786067413327));
#7664=CARTESIAN_POINT('Ctrl Pts',(24.7884864990576,-14.0732013654415,28.5241396766632));
#7665=CARTESIAN_POINT('Ctrl Pts',(20.1329410263296,-14.7495170487588,29.2140184719247));
#7666=CARTESIAN_POINT('Ctrl Pts',(17.3590022477924,-15.1684532846554,28.7138233886591));
#7667=CARTESIAN_POINT('Ctrl Pts',(16.0480810098564,-15.3723412347979,28.248219426822));
#7668=CARTESIAN_POINT('Ctrl Pts',(32.3487212608862,-13.6595106232554,21.011935198729));
#7669=CARTESIAN_POINT('Ctrl Pts',(31.6278091220654,-13.7587646727323,22.7517500862572));
#7670=CARTESIAN_POINT('Ctrl Pts',(29.4264525344361,-14.0622404589708,25.905203096757));
#7671=CARTESIAN_POINT('Ctrl Pts',(24.8752674021626,-14.6974352932295,28.544611593689));
#7672=CARTESIAN_POINT('Ctrl Pts',(20.210805731989,-15.3631614620076,29.2145005007651));
#7673=CARTESIAN_POINT('Ctrl Pts',(17.4415571421336,-15.7710343293802,28.6987291050794));
#7674=CARTESIAN_POINT('Ctrl Pts',(16.134626617764,-15.9680264068023,28.2252147834817));
#7675=CARTESIAN_POINT('Ctrl Pts',(32.0460654783326,-14.8528639287,20.8216785345746));
#7676=CARTESIAN_POINT('Ctrl Pts',(31.3516436079384,-14.9456266239857,22.4937631968375));
#7677=CARTESIAN_POINT('Ctrl Pts',(29.228297030245,-15.2293486674628,25.5259383246725));
#7678=CARTESIAN_POINT('Ctrl Pts',(24.8450687429529,-15.8173985564496,28.0540719347219));
#7679=CARTESIAN_POINT('Ctrl Pts',(20.3581464422171,-16.4237295762038,28.6855356934006));
#7680=CARTESIAN_POINT('Ctrl Pts',(17.6965481584459,-16.7870117522664,28.1805582284286));
#7681=CARTESIAN_POINT('Ctrl Pts',(16.4428509295194,-16.9594621697039,27.7219119951465));
#7682=CARTESIAN_POINT('Ctrl Pts',(31.0688962717786,-15.3948567919204,20.3877846619754));
#7683=CARTESIAN_POINT('Ctrl Pts',(30.4382661222319,-15.4778650009239,21.9098180125086));
#7684=CARTESIAN_POINT('Ctrl Pts',(28.5095945623682,-15.7318365328918,24.6722491828312));
#7685=CARTESIAN_POINT('Ctrl Pts',(24.521595001784,-16.2568734456441,26.9875541262639));
#7686=CARTESIAN_POINT('Ctrl Pts',(20.4269037189737,-16.7958900379804,27.5831266594554));
#7687=CARTESIAN_POINT('Ctrl Pts',(17.9877514193556,-17.1170935355281,27.1372737568883));
#7688=CARTESIAN_POINT('Ctrl Pts',(16.8352877685418,-17.2687469010527,26.7257291117251));
#7689=CARTESIAN_POINT('Ctrl Pts',(30.627805775312,-15.4529274574423,20.2020915721198));
#7690=CARTESIAN_POINT('Ctrl Pts',(30.0244596605074,-15.532359480366,21.6601044037537));
#7691=CARTESIAN_POINT('Ctrl Pts',(28.1795426081695,-15.7752474181479,24.3069393797459));
#7692=CARTESIAN_POINT('Ctrl Pts',(24.3611677362462,-16.2779460067615,26.5313094035979));
#7693=CARTESIAN_POINT('Ctrl Pts',(20.4350910183735,-16.7948238123892,27.1113610415032));
#7694=CARTESIAN_POINT('Ctrl Pts',(18.0920775529385,-17.1032873869946,26.6907958939538));
#7695=CARTESIAN_POINT('Ctrl Pts',(16.9832752859311,-17.2492639747767,26.2993150388618));
#7696=CARTESIAN_POINT('',(16.0480810098564,-15.3723412347979,28.248219426822));
#7697=CARTESIAN_POINT('Ctrl Pts',(32.2269986570812,-13.0284607024237,20.9999999947035));
#7698=CARTESIAN_POINT('Ctrl Pts',(31.5104142830575,-13.1280456276479,22.7327094328899));
#7699=CARTESIAN_POINT('Ctrl Pts',(29.3197797099316,-13.4329217609033,25.8792455464805));
#7700=CARTESIAN_POINT('Ctrl Pts',(24.7884864990576,-14.0732013654415,28.5241396766632));
#7701=CARTESIAN_POINT('Ctrl Pts',(20.1329410263296,-14.7495170487588,29.2140184719247));
#7702=CARTESIAN_POINT('Ctrl Pts',(17.3590022477924,-15.1684532846554,28.7138233886591));
#7703=CARTESIAN_POINT('Ctrl Pts',(16.0480810098564,-15.3723412347979,28.248219426822));
#7704=CARTESIAN_POINT('Origin',(16.7135365066425,-15.200394532634,26.2993150388618));
#7705=CARTESIAN_POINT('Ctrl Pts',(16.0480810098564,-15.3723412347979,28.248219426822));
#7706=CARTESIAN_POINT('Ctrl Pts',(14.0332672387239,-15.6476237633672,27.5359716477485));
#7707=CARTESIAN_POINT('Ctrl Pts',(10.5114582031139,-16.1338872382454,26.2931897235527));
#7708=CARTESIAN_POINT('Ctrl Pts',(6.98590813111486,-16.6522630417753,25.0621583182347));
#7709=CARTESIAN_POINT('Ctrl Pts',(5.49305337545518,-16.8978934124625,24.5510644944923));
#7710=CARTESIAN_POINT('Ctrl Pts',(16.134626617764,-15.9680264068023,28.2252147834817));
#7711=CARTESIAN_POINT('Ctrl Pts',(14.1204911280648,-16.2411789703113,27.5102206429339));
#7712=CARTESIAN_POINT('Ctrl Pts',(10.5999740445936,-16.7227310849271,26.2617851157012));
#7713=CARTESIAN_POINT('Ctrl Pts',(7.07764416674135,-17.229416268787,25.0167833693898));
#7714=CARTESIAN_POINT('Ctrl Pts',(5.58705844268755,-17.4638661100249,24.4932672001185));
#7715=CARTESIAN_POINT('Ctrl Pts',(16.4426591976023,-16.9597825548403,27.7225745090597));
#7716=CARTESIAN_POINT('Ctrl Pts',(14.4279827526992,-17.2273894159556,27.0061337738574));
#7717=CARTESIAN_POINT('Ctrl Pts',(10.906375420619,-17.6962863054208,25.7538120092531));
#7718=CARTESIAN_POINT('Ctrl Pts',(7.38040457430401,-18.1730523680012,24.5006770189725));
#7719=CARTESIAN_POINT('Ctrl Pts',(5.88399141226864,-18.3811382086741,23.9709221538588));
#7720=CARTESIAN_POINT('Ctrl Pts',(16.8352877685418,-17.2687469010528,26.7257291117251));
#7721=CARTESIAN_POINT('Ctrl Pts',(14.8186612639596,-17.5342180682122,26.0122360083414));
#7722=CARTESIAN_POINT('Ctrl Pts',(11.2924972837106,-17.9985390439099,24.7665819670908));
#7723=CARTESIAN_POINT('Ctrl Pts',(7.75457714142809,-18.4643380792708,23.5289474228209));
#7724=CARTESIAN_POINT('Ctrl Pts',(6.24441925318811,-18.6630611927188,23.0123101484984));
#7725=CARTESIAN_POINT('Ctrl Pts',(16.983275285931,-17.2492639747767,26.2993150388618));
#7726=CARTESIAN_POINT('Ctrl Pts',(14.965955813381,-17.5148491217696,25.5870672597883));
#7727=CARTESIAN_POINT('Ctrl Pts',(11.4381072674556,-17.9792991939507,24.3442853355926));
#7728=CARTESIAN_POINT('Ctrl Pts',(7.89577471166887,-18.4456561222052,23.1132539302746));
#7729=CARTESIAN_POINT('Ctrl Pts',(6.38039417596034,-18.6451597545265,22.6021601065321));
#7730=CARTESIAN_POINT('',(14.896103644191,-15.5301503443632,27.8411658987835));
#7731=CARTESIAN_POINT('Ctrl Pts',(16.0480810098564,-15.3723412347979,28.248219426822));
#7732=CARTESIAN_POINT('Ctrl Pts',(15.6640115034412,-15.4248163699132,28.1124487382981));
#7733=CARTESIAN_POINT('Ctrl Pts',(15.2800274423626,-15.4773853387454,27.9767538735818));
#7734=CARTESIAN_POINT('Ctrl Pts',(14.8961040774207,-15.530102885183,27.8411469559085));
#7735=CARTESIAN_POINT('Ctrl Pts',(14.8961036442034,-15.5301503443581,27.8411658987882));
#7736=CARTESIAN_POINT('Ctrl Pts',(14.884896369496,-15.5331533245653,27.8370740542313));
#7737=CARTESIAN_POINT('Ctrl Pts',(14.8736895989244,-15.5361561696918,27.8329807008064));
#7738=CARTESIAN_POINT('Ctrl Pts',(11.8738465755348,-16.3399616852073,26.7368134111879));
#7739=CARTESIAN_POINT('Ctrl Pts',(8.71043715620839,-17.1875946844663,25.4605653861152));
#7740=CARTESIAN_POINT('Ctrl Pts',(5.78345632345906,-17.9718768348629,24.1092525010657));
#7741=CARTESIAN_POINT('Ctrl Pts',(6.068951704354,-19.0471752359069,24.5510644944923));
#7742=CARTESIAN_POINT('Ctrl Pts',(7.48478459470588,-18.5134068280609,25.0622188128516));
#7743=CARTESIAN_POINT('Ctrl Pts',(10.7970529540627,-17.1995727979328,26.2932207633108));
#7744=CARTESIAN_POINT('Ctrl Pts',(14.0901645475613,-15.8598189335279,27.5359852150427));
#7745=CARTESIAN_POINT('Ctrl Pts',(15.9726498622245,-15.0908283593626,28.248219426822));
#7746=CARTESIAN_POINT('Ctrl Pts',(5.86737613188051,-18.5100259683533,24.4932672001185));
#7747=CARTESIAN_POINT('Ctrl Pts',(7.27565282422639,-17.9677084419995,25.0168453343532));
#7748=CARTESIAN_POINT('Ctrl Pts',(10.5792999083065,-16.6453688012521,26.2617931793482));
#7749=CARTESIAN_POINT('Ctrl Pts',(13.8689250165996,-15.3021730724185,27.5102342625424));
#7750=CARTESIAN_POINT('Ctrl Pts',(15.7497579712563,-14.5316770637953,28.2252147834817));
#7751=CARTESIAN_POINT('Ctrl Pts',(5.66588683177532,-17.5671731132414,23.9709290506133));
#7752=CARTESIAN_POINT('Ctrl Pts',(7.06602727025193,-16.9991069263331,24.5007466191214));
#7753=CARTESIAN_POINT('Ctrl Pts',(10.357859464051,-15.649055937819,25.7538447325731));
#7754=CARTESIAN_POINT('Ctrl Pts',(13.6421096309792,-14.2943378269042,27.0061558050961));
#7755=CARTESIAN_POINT('Ctrl Pts',(15.5206382592829,-13.5187687181613,27.7225828931343));
#7756=CARTESIAN_POINT('Ctrl Pts',(5.83706975187939,-17.1428121573968,23.0123101484984));
#7757=CARTESIAN_POINT('Ctrl Pts',(7.24443296361299,-16.5597634745968,23.5290085735773));
#7758=CARTESIAN_POINT('Ctrl Pts',(10.5411231005064,-15.1942591885574,24.7666124555243));
#7759=CARTESIAN_POINT('Ctrl Pts',(13.827038509431,-13.8332831471609,26.0122495993573));
#7760=CARTESIAN_POINT('Ctrl Pts',(15.7061880801495,-13.0548894971624,26.7257291117251));
#7761=CARTESIAN_POINT('Ctrl Pts',(5.96377820837388,-17.0903277962494,22.6021601065321));
#7762=CARTESIAN_POINT('Ctrl Pts',(7.37605520646882,-16.5053435098109,23.1133144248914));
#7763=CARTESIAN_POINT('Ctrl Pts',(10.6768390616359,-15.1381140705386,24.3443163753506));
#7764=CARTESIAN_POINT('Ctrl Pts',(13.9642838168074,-13.7764098673942,25.5870808270826));
#7765=CARTESIAN_POINT('Ctrl Pts',(15.8440904927896,-12.9977684475629,26.2993150388618));
#7766=CARTESIAN_POINT('',(15.9726498622245,-15.0908283593626,28.248219426822));
#7767=CARTESIAN_POINT('Ctrl Pts',(14.896126848825,-15.5301896748735,27.8411476336813));
#7768=CARTESIAN_POINT('Ctrl Pts',(15.2549743056999,-15.3838833742631,27.9767544181013));
#7769=CARTESIAN_POINT('Ctrl Pts',(15.6137992336379,-15.2374179496064,28.1124490744017));
#7770=CARTESIAN_POINT('Ctrl Pts',(15.9726498622245,-15.0908283593626,28.248219426822));
#7771=CARTESIAN_POINT('Origin',(16.6349245786113,-14.9070108231405,26.2993150388618));
#7772=CARTESIAN_POINT('Ctrl Pts',(15.9726498622245,-15.0908283593626,28.248219426822));
#7773=CARTESIAN_POINT('Ctrl Pts',(17.6225245973293,-14.4522221521071,28.8691105025332));
#7774=CARTESIAN_POINT('Ctrl Pts',(21.1690270202179,-13.0556487708393,29.3412011490027));
#7775=CARTESIAN_POINT('Ctrl Pts',(25.4170974519167,-11.3518884683252,27.8827539929539));
#7776=CARTESIAN_POINT('Ctrl Pts',(28.9496899566806,-9.92626263057167,25.0869236765374));
#7777=CARTESIAN_POINT('Ctrl Pts',(30.4881503196809,-9.30223266414947,22.7284945099007));
#7778=CARTESIAN_POINT('Ctrl Pts',(31.1582521503995,-9.03029285656238,20.9940294116002));
#7779=CARTESIAN_POINT('Ctrl Pts',(15.7497579712563,-14.5316770637953,28.2252147834817));
#7780=CARTESIAN_POINT('Ctrl Pts',(17.390426106631,-13.8877679315623,28.8566544631215));
#7781=CARTESIAN_POINT('Ctrl Pts',(20.9274377609292,-12.4812427867218,29.3498480461009));
#7782=CARTESIAN_POINT('Ctrl Pts',(25.1834958745145,-10.7640749557865,27.9062614340931));
#7783=CARTESIAN_POINT('Ctrl Pts',(28.7290013910753,-9.32647027723944,25.1118272502705));
#7784=CARTESIAN_POINT('Ctrl Pts',(30.2731020753944,-8.69786449751997,22.7496209735717));
#7785=CARTESIAN_POINT('Ctrl Pts',(30.9468107682362,-8.4234651177346,21.0094120171199));
#7786=CARTESIAN_POINT('Ctrl Pts',(15.5209498550643,-13.518937589143,27.7219451115147));
#7787=CARTESIAN_POINT('Ctrl Pts',(17.0837776130753,-12.8821800407307,28.333557933772));
#7788=CARTESIAN_POINT('Ctrl Pts',(20.4659504064998,-11.4987214221865,28.8201324497745));
#7789=CARTESIAN_POINT('Ctrl Pts',(24.5489400922791,-9.821393668457,27.4427372496885));
#7790=CARTESIAN_POINT('Ctrl Pts',(27.9538154891773,-8.42051814689616,24.763351704567));
#7791=CARTESIAN_POINT('Ctrl Pts',(29.4404867111138,-7.80806440101648,22.4917340606639));
#7792=CARTESIAN_POINT('Ctrl Pts',(30.0880182297466,-7.54128580166462,20.8192699980938));
#7793=CARTESIAN_POINT('Ctrl Pts',(15.7061880801495,-13.0548894971624,26.7257291117251));
#7794=CARTESIAN_POINT('Ctrl Pts',(17.1382385992466,-12.4616126418443,27.2745311374431));
#7795=CARTESIAN_POINT('Ctrl Pts',(20.2271345643437,-11.1822391613906,27.6982918097843));
#7796=CARTESIAN_POINT('Ctrl Pts',(23.9413301579888,-9.64374523540858,26.4266236154544));
#7797=CARTESIAN_POINT('Ctrl Pts',(27.0342476181839,-8.36258771619986,23.9775459622969));
#7798=CARTESIAN_POINT('Ctrl Pts',(28.3832214712829,-7.80390731145038,21.907953359513));
#7799=CARTESIAN_POINT('Ctrl Pts',(28.9706523114322,-7.56056851495234,20.3855757216903));
#7800=CARTESIAN_POINT('Ctrl Pts',(15.8440904927896,-12.9977684475629,26.2993150388618));
#7801=CARTESIAN_POINT('Ctrl Pts',(17.221933179694,-12.4270473198305,26.8213616474846));
#7802=CARTESIAN_POINT('Ctrl Pts',(20.187692229764,-11.1985896985608,27.21829652156));
#7803=CARTESIAN_POINT('Ctrl Pts',(23.7462257877544,-9.72459683668138,25.9920308826172));
#7804=CARTESIAN_POINT('Ctrl Pts',(26.7073087037658,-8.49807613355819,23.6412904837506));
#7805=CARTESIAN_POINT('Ctrl Pts',(27.9975611125518,-7.96363608695449,21.6583179523617));
#7806=CARTESIAN_POINT('Ctrl Pts',(28.5595844029948,-7.73083841768343,20.199975808685));
#7807=CARTESIAN_POINT('Ctrl Pts',(15.9726498622245,-15.0908283593626,28.248219426822));
#7808=CARTESIAN_POINT('Ctrl Pts',(17.6225245973293,-14.4522221521071,28.8691105025332));
#7809=CARTESIAN_POINT('Ctrl Pts',(21.1690270202179,-13.0556487708393,29.3412011490027));
#7810=CARTESIAN_POINT('Ctrl Pts',(25.4170974519167,-11.3518884683252,27.8827539929539));
#7811=CARTESIAN_POINT('Ctrl Pts',(28.9480684116683,-9.92691702715536,25.0882070299666));
#7812=CARTESIAN_POINT('Ctrl Pts',(30.485796011749,-9.30318761548313,22.7321026972622));
#7813=CARTESIAN_POINT('Ctrl Pts',(31.1559437993715,-9.03122962760806,20.9999999799707));
#7814=CARTESIAN_POINT('Origin',(0.267025571327053,-19.4499999999989,16.0061852741483));
#7815=CARTESIAN_POINT('Origin',(0.267025571326759,-19.449999999999,28.248219426822));
#7816=CARTESIAN_POINT('Origin',(0.267025571327048,-19.4499999999989,26.3217617857081));
#7817=CARTESIAN_POINT('Ctrl Pts',(-32.2673851623819,-17.3807030384893,20.9965457743411));
#7818=CARTESIAN_POINT('Ctrl Pts',(-31.5494705207996,-17.4699739812755,22.7306192085543));
#7819=CARTESIAN_POINT('Ctrl Pts',(-29.3537501073494,-17.7425796137876,25.8788154497256));
#7820=CARTESIAN_POINT('Ctrl Pts',(-25.2236125558715,-18.2465377652599,28.2821831880408));
#7821=CARTESIAN_POINT('Ctrl Pts',(-20.6286910891915,-18.791480299933,29.2198438583226));
#7822=CARTESIAN_POINT('Ctrl Pts',(-17.7903762100672,-19.1144772177298,28.8690247092715));
#7823=CARTESIAN_POINT('Ctrl Pts',(-16.0316791907112,-19.3042782127904,28.2482194268219));
#7824=CARTESIAN_POINT('Ctrl Pts',(-32.2202017775298,-16.7398293922066,21.0119351987289));
#7825=CARTESIAN_POINT('Ctrl Pts',(-31.4981652858494,-16.8305431338255,22.7517500862571));
#7826=CARTESIAN_POINT('Ctrl Pts',(-29.2928131549818,-17.107223117615,25.9058160832396));
#7827=CARTESIAN_POINT('Ctrl Pts',(-25.1479105655807,-17.6201250929525,28.3034460830629));
#7828=CARTESIAN_POINT('Ctrl Pts',(-20.5449072609094,-18.1772385714244,29.223206183412));
#7829=CARTESIAN_POINT('Ctrl Pts',(-17.7122788251748,-18.5091858356491,28.8565672122786));
#7830=CARTESIAN_POINT('Ctrl Pts',(-15.9611011611412,-18.7064908692175,28.2252147834817));
#7831=CARTESIAN_POINT('Ctrl Pts',(-31.6189705506178,-15.6654943450437,20.821666695775));
#7832=CARTESIAN_POINT('Ctrl Pts',(-30.9242017794491,-15.7556220673448,22.4937513580378));
#7833=CARTESIAN_POINT('Ctrl Pts',(-28.7993161474115,-16.0311958143376,25.5260731352731));
#7834=CARTESIAN_POINT('Ctrl Pts',(-24.812460563587,-16.5460868599599,27.8227052891921));
#7835=CARTESIAN_POINT('Ctrl Pts',(-20.3932111647938,-17.113075719378,28.6950925952496));
#7836=CARTESIAN_POINT('Ctrl Pts',(-17.6763794845889,-17.4585365307359,28.3334186799783));
#7837=CARTESIAN_POINT('Ctrl Pts',(-16.0022301724077,-17.6690784076442,27.7218903689356));
#7838=CARTESIAN_POINT('Ctrl Pts',(-30.5348451291245,-15.3948567919204,20.3877846619754));
#7839=CARTESIAN_POINT('Ctrl Pts',(-29.9042190754509,-15.4778961121685,21.9098180125086));
#7840=CARTESIAN_POINT('Ctrl Pts',(-27.9751149996774,-15.7317994587385,24.6723668693027));
#7841=CARTESIAN_POINT('Ctrl Pts',(-24.3500368116221,-16.2090100231287,26.7757258426123));
#7842=CARTESIAN_POINT('Ctrl Pts',(-20.3222551887714,-16.7393854736888,27.5893785460895));
#7843=CARTESIAN_POINT('Ctrl Pts',(-17.8378302037971,-17.0663553820993,27.2744553052759));
#7844=CARTESIAN_POINT('Ctrl Pts',(-16.3012366258877,-17.2687469010527,26.7257291117251));
#7845=CARTESIAN_POINT('Ctrl Pts',(-30.0937546326579,-15.4529274574423,20.2020915721198));
#7846=CARTESIAN_POINT('Ctrl Pts',(-29.4904085178533,-15.532359480366,21.6601044037536));
#7847=CARTESIAN_POINT('Ctrl Pts',(-27.6451011757902,-15.7752988007649,24.3071148622306));
#7848=CARTESIAN_POINT('Ctrl Pts',(-24.174284825791,-16.2322404419095,26.3278718454483));
#7849=CARTESIAN_POINT('Ctrl Pts',(-20.3129202625689,-16.7405987307532,27.1162590394483));
#7850=CARTESIAN_POINT('Ctrl Pts',(-17.9276271659536,-17.0546285244005,26.8212895123178));
#7851=CARTESIAN_POINT('Ctrl Pts',(-16.449224143277,-17.2492639747767,26.2993150388618));
#7852=CARTESIAN_POINT('',(-16.0316791907112,-19.3042782127904,28.2482194268219));
#7853=CARTESIAN_POINT('Ctrl Pts',(-32.265954508488,-17.380880936545,20.9999999948413));
#7854=CARTESIAN_POINT('Ctrl Pts',(-31.5480123736262,-17.4701550140809,22.7327095713089));
#7855=CARTESIAN_POINT('Ctrl Pts',(-29.3526530926786,-17.7427134711903,25.8794538133722));
#7856=CARTESIAN_POINT('Ctrl Pts',(-25.2236125558715,-18.2465377652599,28.2821831880408));
#7857=CARTESIAN_POINT('Ctrl Pts',(-20.6286910891915,-18.791480299933,29.2198438583226));
#7858=CARTESIAN_POINT('Ctrl Pts',(-17.7903762100672,-19.1144772177298,28.8690247092715));
#7859=CARTESIAN_POINT('Ctrl Pts',(-16.0316791907112,-19.3042782127904,28.2482194268219));
#7860=CARTESIAN_POINT('Origin',(-16.7189629225656,-19.2981334169194,26.2993150388618));
#7861=CARTESIAN_POINT('Ctrl Pts',(-16.0316791907112,-19.3042782127904,28.2482194268219));
#7862=CARTESIAN_POINT('Ctrl Pts',(-14.0142701728338,-19.5598478852231,27.5359716477484));
#7863=CARTESIAN_POINT('Ctrl Pts',(-10.4866100220054,-20.0016747363911,26.2931851290287));
#7864=CARTESIAN_POINT('Ctrl Pts',(-6.94702422495066,-20.4134316148302,25.0621583182347));
#7865=CARTESIAN_POINT('Ctrl Pts',(-5.44146344357108,-20.5625501383991,24.5510644944923));
#7866=CARTESIAN_POINT('Ctrl Pts',(-15.9611011611412,-18.7064908692175,28.2252147834817));
#7867=CARTESIAN_POINT('Ctrl Pts',(-13.9448985883407,-18.9639423777581,27.5102206429338));
#7868=CARTESIAN_POINT('Ctrl Pts',(-10.4197027456302,-19.4099824198055,26.2617877795176));
#7869=CARTESIAN_POINT('Ctrl Pts',(-6.88625618387067,-19.8322013739912,25.0167833693898));
#7870=CARTESIAN_POINT('Ctrl Pts',(-5.38578085267568,-19.9915321911132,24.4932672001185));
#7871=CARTESIAN_POINT('Ctrl Pts',(-16.0019586410428,-17.668814902648,27.7225611783235));
#7872=CARTESIAN_POINT('Ctrl Pts',(-13.9866688790379,-17.9317631578649,27.0061204431212));
#7873=CARTESIAN_POINT('Ctrl Pts',(-10.4636989627446,-18.3903044448212,25.7537970228877));
#7874=CARTESIAN_POINT('Ctrl Pts',(-6.93447434024241,-18.8423690291522,24.5006660530854));
#7875=CARTESIAN_POINT('Ctrl Pts',(-5.43519364165127,-19.0286737672381,23.9709111879716));
#7876=CARTESIAN_POINT('Ctrl Pts',(-16.3012366258877,-17.2687469010527,26.7257291117251));
#7877=CARTESIAN_POINT('Ctrl Pts',(-14.2846160091462,-17.5342627908027,26.0122360083414));
#7878=CARTESIAN_POINT('Ctrl Pts',(-10.7584329468948,-17.9983994883248,24.7665774932916));
#7879=CARTESIAN_POINT('Ctrl Pts',(-7.22050194302156,-18.4641553576904,23.5289474228209));
#7880=CARTESIAN_POINT('Ctrl Pts',(-5.71036811053401,-18.6630611927188,23.0123101484984));
#7881=CARTESIAN_POINT('Ctrl Pts',(-16.4492241432769,-17.2492639747767,26.2993150388618));
#7882=CARTESIAN_POINT('Ctrl Pts',(-14.4319046707269,-17.5148491217696,25.5870672597883));
#7883=CARTESIAN_POINT('Ctrl Pts',(-10.9040626044971,-17.9792983408826,24.3442807410685));
#7884=CARTESIAN_POINT('Ctrl Pts',(-7.36172356901478,-18.4456561222052,23.1132539302745));
#7885=CARTESIAN_POINT('Ctrl Pts',(-5.84634303330625,-18.6451597545265,22.6021601065321));
#7886=CARTESIAN_POINT('',(-14.8781104988684,-19.4499999999989,27.8411658987835));
#7887=CARTESIAN_POINT('Ctrl Pts',(-16.0316791907112,-19.3042782127904,28.2482194268219));
#7888=CARTESIAN_POINT('Ctrl Pts',(-15.6471150110038,-19.3529956223818,28.112448752417));
#7889=CARTESIAN_POINT('Ctrl Pts',(-15.2626090874976,-19.4016004893488,27.9767538064031));
#7890=CARTESIAN_POINT('Ctrl Pts',(-14.8781233421581,-19.4500462555087,27.8411467509808));
#7891=CARTESIAN_POINT('Ctrl Pts',(-14.8781104988817,-19.4500000000006,27.8411658987882));
#7892=CARTESIAN_POINT('Ctrl Pts',(-14.8665078743298,-19.4500000000006,27.8370740542313));
#7893=CARTESIAN_POINT('Ctrl Pts',(-14.8549057716972,-19.4499999999986,27.8329807008064));
#7894=CARTESIAN_POINT('Ctrl Pts',(-11.7492397446183,-19.4500000000197,26.7368134111879));
#7895=CARTESIAN_POINT('Ctrl Pts',(-8.47423732389916,-19.4499999999989,25.4605653861152));
#7896=CARTESIAN_POINT('Ctrl Pts',(-5.4440037872369,-19.4499999999989,24.1092525010657));
#7897=CARTESIAN_POINT('Ctrl Pts',(-5.44146344357108,-18.3374498615987,24.5510644944923));
#7898=CARTESIAN_POINT('Ctrl Pts',(-6.94720242769607,-18.4865860352888,25.0622188128515));
#7899=CARTESIAN_POINT('Ctrl Pts',(-10.4866507340463,-18.8983284945347,26.2931986297451));
#7900=CARTESIAN_POINT('Ctrl Pts',(-14.0143086015698,-19.3401569830088,27.5359852150427));
#7901=CARTESIAN_POINT('Ctrl Pts',(-16.0316791907112,-19.5957217872073,28.248219426822));
#7902=CARTESIAN_POINT('Ctrl Pts',(-5.38578085267567,-18.9084678088846,24.4932672001185));
#7903=CARTESIAN_POINT('Ctrl Pts',(-6.88643378468676,-19.0678174848858,25.0168453343532));
#7904=CARTESIAN_POINT('Ctrl Pts',(-10.4197424785333,-19.4900216729444,26.2618036181052));
#7905=CARTESIAN_POINT('Ctrl Pts',(-13.9449369940956,-19.9360625263201,27.5102342625423));
#7906=CARTESIAN_POINT('Ctrl Pts',(-15.9611011611412,-20.1935091307803,28.2252147834817));
#7907=CARTESIAN_POINT('Ctrl Pts',(-5.43519573765231,-19.8713219634952,23.9709066398724));
#7908=CARTESIAN_POINT('Ctrl Pts',(-6.9346538956592,-20.0576487531755,24.5007242083805));
#7909=CARTESIAN_POINT('Ctrl Pts',(-10.4637426113547,-20.5096957986663,25.7538055446847));
#7910=CARTESIAN_POINT('Ctrl Pts',(-13.9867098533313,-20.9682370363472,27.0061285613654));
#7911=CARTESIAN_POINT('Ctrl Pts',(-16.0019612269691,-21.2311802827786,27.7225556494037));
#7912=CARTESIAN_POINT('Ctrl Pts',(-5.71036811053401,-20.236938807279,23.0123101484984));
#7913=CARTESIAN_POINT('Ctrl Pts',(-7.22068068704719,-20.435868185406,23.5290085735773));
#7914=CARTESIAN_POINT('Ctrl Pts',(-10.7584750644222,-20.9016065949377,24.766590857544));
#7915=CARTESIAN_POINT('Ctrl Pts',(-14.2846544228642,-21.3657422668903,26.0122495993573));
#7916=CARTESIAN_POINT('Ctrl Pts',(-16.3012366258877,-21.631253098945,26.7257291117251));
#7917=CARTESIAN_POINT('Ctrl Pts',(-5.84634303330624,-20.2548402454712,22.6021601065321));
#7918=CARTESIAN_POINT('Ctrl Pts',(-7.36190293405613,-20.4543674916483,23.1133144248913));
#7919=CARTESIAN_POINT('Ctrl Pts',(-10.9041051058633,-20.9207072545262,24.3442942417849));
#7920=CARTESIAN_POINT('Ctrl Pts',(-14.4319430977571,-21.3851559372427,25.5870808270825));
#7921=CARTESIAN_POINT('Ctrl Pts',(-16.449224143277,-21.6507360252211,26.2993150388618));
#7922=CARTESIAN_POINT('',(-16.0316791907112,-19.5957217872073,28.248219426822));
#7923=CARTESIAN_POINT('Ctrl Pts',(-14.8781233681387,-19.4499536455381,27.8411467142463));
#7924=CARTESIAN_POINT('Ctrl Pts',(-15.2626100778711,-19.4983995994744,27.9767541397001));
#7925=CARTESIAN_POINT('Ctrl Pts',(-15.6471161797677,-19.5470045256775,28.11244916505));
#7926=CARTESIAN_POINT('Ctrl Pts',(-16.0316791907112,-19.5957217872073,28.248219426822));
#7927=CARTESIAN_POINT('Origin',(-16.7189629225656,-19.6018665830784,26.2993150388618));
#7928=CARTESIAN_POINT('Ctrl Pts',(-16.0316791907112,-19.5957217872073,28.2482194268219));
#7929=CARTESIAN_POINT('Ctrl Pts',(-17.7906192562491,-19.7855490121454,28.8691105025332));
#7930=CARTESIAN_POINT('Ctrl Pts',(-21.5777295390196,-20.2166359415399,29.3410721801818));
#7931=CARTESIAN_POINT('Ctrl Pts',(-26.1219820075654,-20.7628526156156,27.8826706269228));
#7932=CARTESIAN_POINT('Ctrl Pts',(-29.9031519203668,-21.2255951491535,25.0868146627241));
#7933=CARTESIAN_POINT('Ctrl Pts',(-31.5507747743987,-21.4301878995754,22.7284945099007));
#7934=CARTESIAN_POINT('Ctrl Pts',(-32.2684266402584,-21.5194264669718,20.9940294116002));
#7935=CARTESIAN_POINT('Ctrl Pts',(-15.9611011611412,-20.1935091307803,28.2252147834817));
#7936=CARTESIAN_POINT('Ctrl Pts',(-17.7125208322064,-20.3908414312597,28.8566544631215));
#7937=CARTESIAN_POINT('Ctrl Pts',(-21.4930341425381,-20.8340015410897,29.3499033764027));
#7938=CARTESIAN_POINT('Ctrl Pts',(-26.0484876316061,-21.3911017491417,27.90631542965));
#7939=CARTESIAN_POINT('Ctrl Pts',(-29.8452690083162,-21.8620785096216,25.1118702650014));
#7940=CARTESIAN_POINT('Ctrl Pts',(-31.4994761131217,-22.069621301547,22.7496209735716));
#7941=CARTESIAN_POINT('Ctrl Pts',(-32.2212485243858,-22.1603021086408,21.0094120171198));
#7942=CARTESIAN_POINT('Ctrl Pts',(-16.002240764301,-21.2309048255577,27.7218666212722));
#7943=CARTESIAN_POINT('Ctrl Pts',(-17.6766214384472,-21.4414757986655,28.3334794435295));
#7944=CARTESIAN_POINT('Ctrl Pts',(-21.3015732236842,-21.9024116841537,28.8198839176511));
#7945=CARTESIAN_POINT('Ctrl Pts',(-25.6794884166714,-22.4658186952869,27.4425573346491));
#7946=CARTESIAN_POINT('Ctrl Pts',(-29.3308660615793,-22.9377051592535,24.7631452224129));
#7947=CARTESIAN_POINT('Ctrl Pts',(-30.9254356197459,-23.1445167015377,22.4916911141097));
#7948=CARTESIAN_POINT('Ctrl Pts',(-31.6199504192676,-23.2346115512266,20.8192270515395));
#7949=CARTESIAN_POINT('Ctrl Pts',(-16.3012366258877,-21.631253098945,26.7257291117251));
#7950=CARTESIAN_POINT('Ctrl Pts',(-17.8380425560091,-21.8336725877452,27.2745311374431));
#7951=CARTESIAN_POINT('Ctrl Pts',(-21.1528084978103,-22.269995164796,27.6981427114785));
#7952=CARTESIAN_POINT('Ctrl Pts',(-25.1386030645882,-22.7947541784539,26.4265243402836));
#7953=CARTESIAN_POINT('Ctrl Pts',(-28.4576848950068,-23.2317489474928,23.9774213149304));
#7954=CARTESIAN_POINT('Ctrl Pts',(-29.9053647742687,-23.4222547284822,21.907953359513));
#7955=CARTESIAN_POINT('Ctrl Pts',(-30.5357601088736,-23.5052636674466,20.3855757216902));
#7956=CARTESIAN_POINT('Ctrl Pts',(-16.449224143277,-21.6507360252211,26.2993150388618));
#7957=CARTESIAN_POINT('Ctrl Pts',(-17.927831476421,-21.8453983735805,26.8213616474846));
#7958=CARTESIAN_POINT('Ctrl Pts',(-21.1104770312839,-22.2644016098137,27.2181880842862));
#7959=CARTESIAN_POINT('Ctrl Pts',(-24.9292248929605,-22.7671493034599,25.9919607882713));
#7960=CARTESIAN_POINT('Ctrl Pts',(-28.1068317854351,-23.1854891872051,23.641198824692));
#7961=CARTESIAN_POINT('Ctrl Pts',(-29.491504624443,-23.367784824802,21.6583179523617));
#7962=CARTESIAN_POINT('Ctrl Pts',(-30.0946299061207,-23.4471877744929,20.199975808685));
#7963=CARTESIAN_POINT('Ctrl Pts',(-16.0316791907112,-19.5957217872073,28.2482194268219));
#7964=CARTESIAN_POINT('Ctrl Pts',(-17.7906192562491,-19.7855490121454,28.8691105025332));
#7965=CARTESIAN_POINT('Ctrl Pts',(-21.5777295390196,-20.2166359415399,29.3410721801818));
#7966=CARTESIAN_POINT('Ctrl Pts',(-26.1219820075654,-20.7628526156156,27.8826706269228));
#7967=CARTESIAN_POINT('Ctrl Pts',(-29.9014162723393,-21.2253827391894,25.0880980279263));
#7968=CARTESIAN_POINT('Ctrl Pts',(-31.5482534156926,-21.4298748134908,22.7321025305351));
#7969=CARTESIAN_POINT('Ctrl Pts',(-32.2659544900037,-21.5191190608108,20.9999999796837));
#7970=CARTESIAN_POINT('Origin',(0.267025571327054,-19.4499999999989,16.0061852741483));
#7971=CARTESIAN_POINT('Origin',(0.267025571327342,-19.4499999999989,28.248219426822));
#7972=CARTESIAN_POINT('Origin',(0.267025571327047,-19.4499999999989,26.3217617857081));
#7973=CARTESIAN_POINT('',(-0.267025571327146,19.4499999999986,-21.0000000000049));
#7974=UNCERTAINTY_MEASURE_WITH_UNIT(LENGTH_MEASURE(0.01),#7980,
'DISTANCE_ACCURACY_VALUE',
'Maximum model space distance between geometric entities at asserted c
onnectivities');
#7975=UNCERTAINTY_MEASURE_WITH_UNIT(LENGTH_MEASURE(0.01),#7980,
'DISTANCE_ACCURACY_VALUE',
'Maximum model space distance between geometric entities at asserted c
onnectivities');
#7976=UNCERTAINTY_MEASURE_WITH_UNIT(LENGTH_MEASURE(0.01),#7980,
'DISTANCE_ACCURACY_VALUE',
'Maximum model space distance between geometric entities at asserted c
onnectivities');
#7977=(
GEOMETRIC_REPRESENTATION_CONTEXT(3)
GLOBAL_UNCERTAINTY_ASSIGNED_CONTEXT((#7974))
GLOBAL_UNIT_ASSIGNED_CONTEXT((#7980,#7982,#7983))
REPRESENTATION_CONTEXT('','3D')
);
#7978=(
GEOMETRIC_REPRESENTATION_CONTEXT(3)
GLOBAL_UNCERTAINTY_ASSIGNED_CONTEXT((#7975))
GLOBAL_UNIT_ASSIGNED_CONTEXT((#7980,#7982,#7983))
REPRESENTATION_CONTEXT('','3D')
);
#7979=(
GEOMETRIC_REPRESENTATION_CONTEXT(3)
GLOBAL_UNCERTAINTY_ASSIGNED_CONTEXT((#7976))
GLOBAL_UNIT_ASSIGNED_CONTEXT((#7980,#7982,#7983))
REPRESENTATION_CONTEXT('','3D')
);
#7980=(
LENGTH_UNIT()
NAMED_UNIT(*)
SI_UNIT(.MILLI.,.METRE.)
);
#7981=(
LENGTH_UNIT()
NAMED_UNIT(*)
SI_UNIT($,.METRE.)
);
#7982=(
NAMED_UNIT(*)
PLANE_ANGLE_UNIT()
SI_UNIT($,.RADIAN.)
);
#7983=(
NAMED_UNIT(*)
SI_UNIT($,.STERADIAN.)
SOLID_ANGLE_UNIT()
);
#7984=SHAPE_DEFINITION_REPRESENTATION(#7986,#7989);
#7985=SHAPE_DEFINITION_REPRESENTATION(#7987,#7990);
#7986=PRODUCT_DEFINITION_SHAPE('',$,#7992);
#7987=PRODUCT_DEFINITION_SHAPE('',$,#7993);
#7988=PRODUCT_DEFINITION_SHAPE($,$,#14);
#7989=SHAPE_REPRESENTATION('',(#2322,#2478),#7977);
#7990=SHAPE_REPRESENTATION('',(#2323),#7978);
#7991=PRODUCT_DEFINITION_CONTEXT('part definition',#7999,'design');
#7992=PRODUCT_DEFINITION('2026-09-28-16-38-43-332','PRINT_LAYOUT',#7994,
#7991);
#7993=PRODUCT_DEFINITION('2026-09-28-16-38-43-322','PumpkinTop',#7995,#7991);
#7994=PRODUCT_DEFINITION_FORMATION('',$,#8001);
#7995=PRODUCT_DEFINITION_FORMATION('',$,#8002);
#7996=PRODUCT_RELATED_PRODUCT_CATEGORY('PRINT_LAYOUT','PRINT_LAYOUT',(#8001));
#7997=PRODUCT_RELATED_PRODUCT_CATEGORY('PumpkinTop','PumpkinTop',(#8002));
#7998=APPLICATION_PROTOCOL_DEFINITION('international standard',
'automotive_design',2009,#7999);
#7999=APPLICATION_CONTEXT(
'Core Data for Automotive Mechanical Design Process');
#8000=PRODUCT_CONTEXT('part definition',#7999,'mechanical');
#8001=PRODUCT('2026-09-28-16-38-43-332','PRINT_LAYOUT',$,(#8000));
#8002=PRODUCT('2026-09-28-16-38-43-322','PumpkinTop',$,(#8000));
#8003=PRESENTATION_STYLE_ASSIGNMENT((#8005));
#8004=PRESENTATION_STYLE_ASSIGNMENT((#8006));
#8005=SURFACE_STYLE_USAGE(.BOTH.,#8007);
#8006=SURFACE_STYLE_USAGE(.BOTH.,#8008);
#8007=SURFACE_SIDE_STYLE('',(#8009));
#8008=SURFACE_SIDE_STYLE('',(#8010));
#8009=SURFACE_STYLE_FILL_AREA(#8011);
#8010=SURFACE_STYLE_FILL_AREA(#8012);
#8011=FILL_AREA_STYLE('Steel - Satin',(#8013));
#8012=FILL_AREA_STYLE('Plastic - Matte (Red)',(#8014));
#8013=FILL_AREA_STYLE_COLOUR('Steel - Satin',#8015);
#8014=FILL_AREA_STYLE_COLOUR('Plastic - Matte (Red)',#8016);
#8015=COLOUR_RGB('Steel - Satin',0.627450980392157,0.627450980392157,0.627450980392157);
#8016=COLOUR_RGB('Plastic - Matte (Red)',0.901960784313726,0.392156862745098,
0.0784313725490196);
ENDSEC;
END-ISO-10303-21;
