ISO-10303-21;
HEADER;
/* Generated by software containing ST-Developer
 * from STEP Tools, Inc. (www.steptools.com) 
 */

FILE_DESCRIPTION(
/* description */ (''),
/* implementation_level */ '2;1');

FILE_NAME(
/* name */ 'PumpkinCover.step',
/* time_stamp */ '2026-09-28T16:38:21+02:00',
/* author */ (''),
/* organization */ (''),
/* preprocessor_version */ 'ST-DEVELOPER v20.2',
/* originating_system */ 'Autodesk Translation Framework v15.15.0.0',
/* authorisation */ '');

FILE_SCHEMA (('AUTOMOTIVE_DESIGN { 1 0 10303 214 3 1 1 }'));
ENDSEC;

DATA;
#10=MECHANICAL_DESIGN_GEOMETRIC_PRESENTATION_REPRESENTATION('',(#17),#9835);
#11=ITEM_DEFINED_TRANSFORMATION($,$,#3766,#4214);
#12=(
REPRESENTATION_RELATIONSHIP($,$,#9846,#9845)
REPRESENTATION_RELATIONSHIP_WITH_TRANSFORMATION(#11)
SHAPE_REPRESENTATION_RELATIONSHIP()
);
#13=CONTEXT_DEPENDENT_SHAPE_REPRESENTATION(#12,#9844);
#14=NEXT_ASSEMBLY_USAGE_OCCURRENCE('PumpkinCover:1','PumpkinCover:1',
'PumpkinCover:1',#9848,#9849,'PumpkinCover:1');
#15=SHAPE_REPRESENTATION_RELATIONSHIP('SRR','None',#9846,#16);
#16=ADVANCED_BREP_SHAPE_REPRESENTATION('',(#18),#9834);
#17=STYLED_ITEM('',(#9860),#18);
#18=MANIFOLD_SOLID_BREP('Body1',#3752);
#19=(
BOUNDED_CURVE()
B_SPLINE_CURVE(2,(#6192,#6193,#6194),.UNSPECIFIED.,.F.,.F.)
B_SPLINE_CURVE_WITH_KNOTS((3,3),(0.841522217202109,2.37217073555849),
 .UNSPECIFIED.)
CURVE()
GEOMETRIC_REPRESENTATION_ITEM()
RATIONAL_B_SPLINE_CURVE((1.,1.,1.))
REPRESENTATION_ITEM('')
);
#20=(
BOUNDED_CURVE()
B_SPLINE_CURVE(2,(#6198,#6199,#6200),.UNSPECIFIED.,.F.,.F.)
B_SPLINE_CURVE_WITH_KNOTS((3,3),(0.84152221720198,2.56767931614365),
 .UNSPECIFIED.)
CURVE()
GEOMETRIC_REPRESENTATION_ITEM()
RATIONAL_B_SPLINE_CURVE((1.,1.,1.))
REPRESENTATION_ITEM('')
);
#21=(
BOUNDED_CURVE()
B_SPLINE_CURVE(2,(#6289,#6290,#6291),.UNSPECIFIED.,.F.,.F.)
B_SPLINE_CURVE_WITH_KNOTS((3,3),(0.841522217202023,2.56767931614371),
 .UNSPECIFIED.)
CURVE()
GEOMETRIC_REPRESENTATION_ITEM()
RATIONAL_B_SPLINE_CURVE((1.,1.,1.))
REPRESENTATION_ITEM('')
);
#22=(
BOUNDED_CURVE()
B_SPLINE_CURVE(2,(#6295,#6296,#6297),.UNSPECIFIED.,.F.,.F.)
B_SPLINE_CURVE_WITH_KNOTS((3,3),(0.841522217201768,2.37217073555797),
 .UNSPECIFIED.)
CURVE()
GEOMETRIC_REPRESENTATION_ITEM()
RATIONAL_B_SPLINE_CURVE((1.,1.,1.))
REPRESENTATION_ITEM('')
);
#23=CONICAL_SURFACE('',#3858,24.3059593023256,0.174532925199433);
#24=CONICAL_SURFACE('',#3859,3.,0.174532925199433);
#25=CONICAL_SURFACE('',#3861,3.00000000000001,0.174532925199433);
#26=CONICAL_SURFACE('',#3863,58.8504166666982,0.174532925199433);
#27=FACE_BOUND('',#495,.T.);
#28=FACE_BOUND('',#497,.T.);
#29=FACE_BOUND('',#589,.T.);
#30=FACE_BOUND('',#692,.T.);
#31=FACE_BOUND('',#693,.T.);
#32=FACE_BOUND('',#705,.T.);
#33=FACE_BOUND('',#706,.T.);
#34=FACE_BOUND('',#713,.T.);
#35=B_SPLINE_SURFACE_WITH_KNOTS('',3,3,((#5577,#5578,#5579,#5580,#5581),
(#5582,#5583,#5584,#5585,#5586),(#5587,#5588,#5589,#5590,#5591),(#5592,
#5593,#5594,#5595,#5596),(#5597,#5598,#5599,#5600,#5601)),.UNSPECIFIED.,
 .F.,.F.,.F.,(4,1,4),(4,1,4),(0.,0.571428571428571,1.),(0.944095170984932,
1.01682239136362,1.11379201853521),.UNSPECIFIED.);
#36=B_SPLINE_SURFACE_WITH_KNOTS('',3,3,((#5667,#5668,#5669,#5670,#5671),
(#5672,#5673,#5674,#5675,#5676),(#5677,#5678,#5679,#5680,#5681),(#5682,
#5683,#5684,#5685,#5686),(#5687,#5688,#5689,#5690,#5691)),.UNSPECIFIED.,
 .F.,.F.,.F.,(4,1,4),(4,1,4),(0.307131776702271,0.653565888351135,1.),(0.954765457504084,
1.03342041913796,1.11207538077183),.UNSPECIFIED.);
#37=B_SPLINE_SURFACE_WITH_KNOTS('',3,3,((#5861,#5862,#5863,#5864,#5865),
(#5866,#5867,#5868,#5869,#5870),(#5871,#5872,#5873,#5874,#5875),(#5876,
#5877,#5878,#5879,#5880),(#5881,#5882,#5883,#5884,#5885)),.UNSPECIFIED.,
 .F.,.F.,.F.,(4,1,4),(4,1,4),(0.,0.571428571428571,1.),(0.774398319110401,
0.847125540909455,0.944095169974861),.UNSPECIFIED.);
#38=B_SPLINE_SURFACE_WITH_KNOTS('',3,3,((#6895,#6896,#6897,#6898,#6899),
(#6900,#6901,#6902,#6903,#6904),(#6905,#6906,#6907,#6908,#6909),(#6910,
#6911,#6912,#6913,#6914),(#6915,#6916,#6917,#6918,#6919)),.UNSPECIFIED.,
 .F.,.F.,.F.,(4,1,4),(4,1,4),(0.,0.571428571428571,1.),(0.773939297747567,
0.846863242987836,0.944095169974861),.UNSPECIFIED.);
#39=B_SPLINE_SURFACE_WITH_KNOTS('',3,3,((#6989,#6990,#6991,#6992,#6993),
(#6994,#6995,#6996,#6997,#6998),(#6999,#7000,#7001,#7002,#7003),(#7004,
#7005,#7006,#7007,#7008),(#7009,#7010,#7011,#7012,#7013)),.UNSPECIFIED.,
 .F.,.F.,.F.,(4,1,4),(4,1,4),(0.,0.571428571428571,1.),(0.944095170984932,
1.04132709606421,1.11425103987368),.UNSPECIFIED.);
#40=B_SPLINE_SURFACE_WITH_KNOTS('',3,3,((#7058,#7059,#7060,#7061,#7062),
(#7063,#7064,#7065,#7066,#7067),(#7068,#7069,#7070,#7071,#7072),(#7073,
#7074,#7075,#7076,#7077),(#7078,#7079,#7080,#7081,#7082)),.UNSPECIFIED.,
 .F.,.F.,.F.,(4,1,4),(4,1,4),(0.,0.571428571428571,1.),(0.773939297747567,
0.846863242987836,0.944095169974861),.UNSPECIFIED.);
#41=B_SPLINE_SURFACE_WITH_KNOTS('',3,3,((#7112,#7113,#7114,#7115,#7116),
(#7117,#7118,#7119,#7120,#7121),(#7122,#7123,#7124,#7125,#7126),(#7127,
#7128,#7129,#7130,#7131),(#7132,#7133,#7134,#7135,#7136)),.UNSPECIFIED.,
 .F.,.F.,.F.,(4,1,4),(4,1,4),(0.,0.571428571428571,1.),(0.944095170984932,
1.04132709606421,1.11425103987368),.UNSPECIFIED.);
#42=B_SPLINE_SURFACE_WITH_KNOTS('',3,3,((#7155,#7156,#7157,#7158,#7159),
(#7160,#7161,#7162,#7163,#7164),(#7165,#7166,#7167,#7168,#7169),(#7170,
#7171,#7172,#7173,#7174),(#7175,#7176,#7177,#7178,#7179)),.UNSPECIFIED.,
 .F.,.F.,.F.,(4,1,4),(4,1,4),(0.,0.571428571428571,1.),(0.773939297747567,
0.846863242987836,0.944095169974861),.UNSPECIFIED.);
#43=B_SPLINE_SURFACE_WITH_KNOTS('',3,3,((#7251,#7252,#7253,#7254,#7255),
(#7256,#7257,#7258,#7259,#7260),(#7261,#7262,#7263,#7264,#7265),(#7266,
#7267,#7268,#7269,#7270),(#7271,#7272,#7273,#7274,#7275)),.UNSPECIFIED.,
 .F.,.F.,.F.,(4,1,4),(4,1,4),(0.,0.571428571428571,1.),(0.944095170984932,
1.04132709606421,1.11425103987368),.UNSPECIFIED.);
#44=B_SPLINE_SURFACE_WITH_KNOTS('',3,3,((#7289,#7290,#7291,#7292,#7293),
(#7294,#7295,#7296,#7297,#7298),(#7299,#7300,#7301,#7302,#7303),(#7304,
#7305,#7306,#7307,#7308),(#7309,#7310,#7311,#7312,#7313)),.UNSPECIFIED.,
 .F.,.F.,.F.,(4,1,4),(4,1,4),(0.,0.571428571428571,1.),(0.773939297747567,
0.846863242987836,0.944095169974861),.UNSPECIFIED.);
#45=B_SPLINE_SURFACE_WITH_KNOTS('',3,3,((#7390,#7391,#7392,#7393,#7394),
(#7395,#7396,#7397,#7398,#7399),(#7400,#7401,#7402,#7403,#7404),(#7405,
#7406,#7407,#7408,#7409),(#7410,#7411,#7412,#7413,#7414)),.UNSPECIFIED.,
 .F.,.F.,.F.,(4,1,4),(4,1,4),(0.,0.571428571428571,1.),(0.944095170984932,
1.04132709606421,1.11425103987368),.UNSPECIFIED.);
#46=B_SPLINE_SURFACE_WITH_KNOTS('',3,3,((#7459,#7460,#7461,#7462,#7463),
(#7464,#7465,#7466,#7467,#7468),(#7469,#7470,#7471,#7472,#7473),(#7474,
#7475,#7476,#7477,#7478),(#7479,#7480,#7481,#7482,#7483)),.UNSPECIFIED.,
 .F.,.F.,.F.,(4,1,4),(4,1,4),(0.,0.571428571428571,1.),(0.773939297747567,
0.846863242987836,0.944095169974861),.UNSPECIFIED.);
#47=B_SPLINE_SURFACE_WITH_KNOTS('',3,3,((#7557,#7558,#7559,#7560,#7561),
(#7562,#7563,#7564,#7565,#7566),(#7567,#7568,#7569,#7570,#7571),(#7572,
#7573,#7574,#7575,#7576),(#7577,#7578,#7579,#7580,#7581)),.UNSPECIFIED.,
 .F.,.F.,.F.,(4,1,4),(4,1,4),(0.,0.571428571428571,1.),(0.944095170984932,
1.04132709606421,1.11425103987368),.UNSPECIFIED.);
#48=B_SPLINE_SURFACE_WITH_KNOTS('',3,3,((#7595,#7596,#7597,#7598,#7599),
(#7600,#7601,#7602,#7603,#7604),(#7605,#7606,#7607,#7608,#7609),(#7610,
#7611,#7612,#7613,#7614),(#7615,#7616,#7617,#7618,#7619)),.UNSPECIFIED.,
 .F.,.F.,.F.,(4,1,4),(4,1,4),(0.307131776701224,0.653565888350612,1.),(0.776114956976087,
0.854769920198915,0.933424883421741),.UNSPECIFIED.);
#49=B_SPLINE_SURFACE_WITH_KNOTS('',3,3,((#7657,#7658,#7659,#7660,#7661),
(#7662,#7663,#7664,#7665,#7666),(#7667,#7668,#7669,#7670,#7671),(#7672,
#7673,#7674,#7675,#7676),(#7677,#7678,#7679,#7680,#7681)),.UNSPECIFIED.,
 .F.,.F.,.F.,(4,1,4),(4,1,4),(0.,0.571428571428571,1.),(0.773939297747567,
0.846863242987836,0.944095169974861),.UNSPECIFIED.);
#50=B_SPLINE_SURFACE_WITH_KNOTS('',3,3,((#7723,#7724,#7725,#7726,#7727),
(#7728,#7729,#7730,#7731,#7732),(#7733,#7734,#7735,#7736,#7737),(#7738,
#7739,#7740,#7741,#7742),(#7743,#7744,#7745,#7746,#7747)),.UNSPECIFIED.,
 .F.,.F.,.F.,(4,1,4),(4,1,4),(0.,0.571428571428571,1.),(0.944095170984932,
1.04132709606421,1.11425103987368),.UNSPECIFIED.);
#51=B_SPLINE_SURFACE_WITH_KNOTS('',3,3,((#7779,#7780,#7781,#7782,#7783),
(#7784,#7785,#7786,#7787,#7788),(#7789,#7790,#7791,#7792,#7793),(#7794,
#7795,#7796,#7797,#7798),(#7799,#7800,#7801,#7802,#7803)),.UNSPECIFIED.,
 .F.,.F.,.F.,(4,1,4),(4,1,4),(0.,0.571428571428571,1.),(0.773939297747567,
0.846863242987836,0.944095169974861),.UNSPECIFIED.);
#52=B_SPLINE_SURFACE_WITH_KNOTS('',3,3,((#7880,#7881,#7882,#7883,#7884),
(#7885,#7886,#7887,#7888,#7889),(#7890,#7891,#7892,#7893,#7894),(#7895,
#7896,#7897,#7898,#7899),(#7900,#7901,#7902,#7903,#7904)),.UNSPECIFIED.,
 .F.,.F.,.F.,(4,1,4),(4,1,4),(0.,0.571428571428571,1.),(0.944095170984932,
1.04132709606421,1.11425103987368),.UNSPECIFIED.);
#53=B_SPLINE_SURFACE_WITH_KNOTS('',3,3,((#7949,#7950,#7951,#7952,#7953),
(#7954,#7955,#7956,#7957,#7958),(#7959,#7960,#7961,#7962,#7963),(#7964,
#7965,#7966,#7967,#7968),(#7969,#7970,#7971,#7972,#7973)),.UNSPECIFIED.,
 .F.,.F.,.F.,(4,1,4),(4,1,4),(0.,0.571428571428571,1.),(0.773939297747567,
0.846863242987836,0.944095169974861),.UNSPECIFIED.);
#54=B_SPLINE_SURFACE_WITH_KNOTS('',3,3,((#8029,#8030,#8031,#8032,#8033),
(#8034,#8035,#8036,#8037,#8038),(#8039,#8040,#8041,#8042,#8043),(#8044,
#8045,#8046,#8047,#8048),(#8049,#8050,#8051,#8052,#8053)),.UNSPECIFIED.,
 .F.,.F.,.F.,(4,1,4),(4,1,4),(0.,0.571428571428571,1.),(0.944095170984932,
1.04132709606421,1.11425103987368),.UNSPECIFIED.);
#55=B_SPLINE_SURFACE_WITH_KNOTS('',3,3,((#8085,#8086,#8087,#8088,#8089),
(#8090,#8091,#8092,#8093,#8094),(#8095,#8096,#8097,#8098,#8099),(#8100,
#8101,#8102,#8103,#8104),(#8105,#8106,#8107,#8108,#8109)),.UNSPECIFIED.,
 .F.,.F.,.F.,(4,1,4),(4,1,4),(0.,0.571428571428571,1.),(0.773939297747567,
0.846863242987836,0.944095169974861),.UNSPECIFIED.);
#56=B_SPLINE_SURFACE_WITH_KNOTS('',3,3,((#8165,#8166,#8167,#8168,#8169),
(#8170,#8171,#8172,#8173,#8174),(#8175,#8176,#8177,#8178,#8179),(#8180,
#8181,#8182,#8183,#8184),(#8185,#8186,#8187,#8188,#8189)),.UNSPECIFIED.,
 .F.,.F.,.F.,(4,1,4),(4,1,4),(0.,0.571428571428571,1.),(0.944095170984932,
1.04132709606421,1.11425103987368),.UNSPECIFIED.);
#57=B_SPLINE_SURFACE_WITH_KNOTS('',3,3,((#8245,#8246,#8247,#8248,#8249),
(#8250,#8251,#8252,#8253,#8254),(#8255,#8256,#8257,#8258,#8259),(#8260,
#8261,#8262,#8263,#8264),(#8265,#8266,#8267,#8268,#8269)),.UNSPECIFIED.,
 .F.,.F.,.F.,(4,1,4),(4,1,4),(0.,0.571428571428571,1.),(0.773939297747567,
0.846863242987836,0.944095169974861),.UNSPECIFIED.);
#58=B_SPLINE_SURFACE_WITH_KNOTS('',3,3,((#8320,#8321,#8322,#8323,#8324),
(#8325,#8326,#8327,#8328,#8329),(#8330,#8331,#8332,#8333,#8334),(#8335,
#8336,#8337,#8338,#8339),(#8340,#8341,#8342,#8343,#8344)),.UNSPECIFIED.,
 .F.,.F.,.F.,(4,1,4),(4,1,4),(0.,0.571428571428571,1.),(0.944095170984932,
1.04132709606421,1.11425103987368),.UNSPECIFIED.);
#59=B_SPLINE_SURFACE_WITH_KNOTS('',3,3,((#8358,#8359,#8360,#8361,#8362),
(#8363,#8364,#8365,#8366,#8367),(#8368,#8369,#8370,#8371,#8372),(#8373,
#8374,#8375,#8376,#8377),(#8378,#8379,#8380,#8381,#8382)),.UNSPECIFIED.,
 .F.,.F.,.F.,(4,1,4),(4,1,4),(0.,0.571428571428571,1.),(0.773939297747567,
0.846863242987836,0.944095169974861),.UNSPECIFIED.);
#60=B_SPLINE_SURFACE_WITH_KNOTS('',3,3,((#8435,#8436,#8437,#8438,#8439),
(#8440,#8441,#8442,#8443,#8444),(#8445,#8446,#8447,#8448,#8449),(#8450,
#8451,#8452,#8453,#8454),(#8455,#8456,#8457,#8458,#8459)),.UNSPECIFIED.,
 .F.,.F.,.F.,(4,1,4),(4,1,4),(0.,0.571428571428571,1.),(0.944095170984932,
1.04132709606421,1.11425103987368),.UNSPECIFIED.);
#61=B_SPLINE_SURFACE_WITH_KNOTS('',3,3,((#8460,#8461,#8462,#8463,#8464),
(#8465,#8466,#8467,#8468,#8469),(#8470,#8471,#8472,#8473,#8474),(#8475,
#8476,#8477,#8478,#8479),(#8480,#8481,#8482,#8483,#8484)),.UNSPECIFIED.,
 .F.,.F.,.F.,(4,1,4),(4,1,4),(0.,0.571428571428571,1.),(0.773939297747567,
0.846863242987836,0.944095169974861),.UNSPECIFIED.);
#62=B_SPLINE_SURFACE_WITH_KNOTS('',3,3,((#8537,#8538,#8539,#8540,#8541),
(#8542,#8543,#8544,#8545,#8546),(#8547,#8548,#8549,#8550,#8551),(#8552,
#8553,#8554,#8555,#8556),(#8557,#8558,#8559,#8560,#8561)),.UNSPECIFIED.,
 .F.,.F.,.F.,(4,1,4),(4,1,4),(0.,0.571428571428571,1.),(0.944095170984932,
1.04132709606421,1.11425103987368),.UNSPECIFIED.);
#63=B_SPLINE_SURFACE_WITH_KNOTS('',3,3,((#8562,#8563,#8564,#8565,#8566),
(#8567,#8568,#8569,#8570,#8571),(#8572,#8573,#8574,#8575,#8576),(#8577,
#8578,#8579,#8580,#8581),(#8582,#8583,#8584,#8585,#8586)),.UNSPECIFIED.,
 .F.,.F.,.F.,(4,1,4),(4,1,4),(0.,0.571428571428571,1.),(0.773939297747567,
0.846863242987836,0.944095169974861),.UNSPECIFIED.);
#64=B_SPLINE_SURFACE_WITH_KNOTS('',3,3,((#8618,#8619,#8620,#8621,#8622),
(#8623,#8624,#8625,#8626,#8627),(#8628,#8629,#8630,#8631,#8632),(#8633,
#8634,#8635,#8636,#8637),(#8638,#8639,#8640,#8641,#8642)),.UNSPECIFIED.,
 .F.,.F.,.F.,(4,1,4),(4,1,4),(0.,0.571428571428571,1.),(0.944095170984932,
1.04132709606421,1.11425103987368),.UNSPECIFIED.);
#65=B_SPLINE_SURFACE_WITH_KNOTS('',3,3,((#8687,#8688,#8689,#8690,#8691),
(#8692,#8693,#8694,#8695,#8696),(#8697,#8698,#8699,#8700,#8701),(#8702,
#8703,#8704,#8705,#8706),(#8707,#8708,#8709,#8710,#8711)),.UNSPECIFIED.,
 .F.,.F.,.F.,(4,1,4),(4,1,4),(0.,0.571428571428571,1.),(0.773939297747567,
0.846863242987836,0.944095169974861),.UNSPECIFIED.);
#66=B_SPLINE_SURFACE_WITH_KNOTS('',3,3,((#8787,#8788,#8789,#8790,#8791),
(#8792,#8793,#8794,#8795,#8796),(#8797,#8798,#8799,#8800,#8801),(#8802,
#8803,#8804,#8805,#8806),(#8807,#8808,#8809,#8810,#8811)),.UNSPECIFIED.,
 .F.,.F.,.F.,(4,1,4),(4,1,4),(0.,0.571428571428571,1.),(0.944095170984932,
1.04132709606421,1.11425103987368),.UNSPECIFIED.);
#67=B_SPLINE_SURFACE_WITH_KNOTS('',3,3,((#8825,#8826,#8827,#8828,#8829),
(#8830,#8831,#8832,#8833,#8834),(#8835,#8836,#8837,#8838,#8839),(#8840,
#8841,#8842,#8843,#8844),(#8845,#8846,#8847,#8848,#8849)),.UNSPECIFIED.,
 .F.,.F.,.F.,(4,1,4),(4,1,4),(0.,0.571428571428571,1.),(0.773939297747567,
0.846863242987836,0.944095169974861),.UNSPECIFIED.);
#68=B_SPLINE_SURFACE_WITH_KNOTS('',3,3,((#8923,#8924,#8925,#8926,#8927),
(#8928,#8929,#8930,#8931,#8932),(#8933,#8934,#8935,#8936,#8937),(#8938,
#8939,#8940,#8941,#8942),(#8943,#8944,#8945,#8946,#8947)),.UNSPECIFIED.,
 .F.,.F.,.F.,(4,1,4),(4,1,4),(0.,0.571428571428571,1.),(0.944095170984932,
1.04132709606421,1.11425103987368),.UNSPECIFIED.);
#69=B_SPLINE_SURFACE_WITH_KNOTS('',3,3,((#8961,#8962,#8963,#8964,#8965),
(#8966,#8967,#8968,#8969,#8970),(#8971,#8972,#8973,#8974,#8975),(#8976,
#8977,#8978,#8979,#8980),(#8981,#8982,#8983,#8984,#8985)),.UNSPECIFIED.,
 .F.,.F.,.F.,(4,1,4),(4,1,4),(0.,0.571428571428571,1.),(0.773939297747567,
0.846863242987836,0.944095169974861),.UNSPECIFIED.);
#70=B_SPLINE_SURFACE_WITH_KNOTS('',3,3,((#8999,#9000,#9001,#9002,#9003),
(#9004,#9005,#9006,#9007,#9008),(#9009,#9010,#9011,#9012,#9013),(#9014,
#9015,#9016,#9017,#9018),(#9019,#9020,#9021,#9022,#9023)),.UNSPECIFIED.,
 .F.,.F.,.F.,(4,1,4),(4,1,4),(0.,0.571428571428571,1.),(0.944095170984932,
1.04132709606421,1.11425103987368),.UNSPECIFIED.);
#71=B_SPLINE_SURFACE_WITH_KNOTS('',3,3,((#9055,#9056,#9057,#9058,#9059),
(#9060,#9061,#9062,#9063,#9064),(#9065,#9066,#9067,#9068,#9069),(#9070,
#9071,#9072,#9073,#9074),(#9075,#9076,#9077,#9078,#9079)),.UNSPECIFIED.,
 .F.,.F.,.F.,(4,1,4),(4,1,4),(0.,0.571428571428571,1.),(0.773939297747567,
0.846863242987836,0.944095169974861),.UNSPECIFIED.);
#72=B_SPLINE_SURFACE_WITH_KNOTS('',3,3,((#9111,#9112,#9113,#9114,#9115),
(#9116,#9117,#9118,#9119,#9120),(#9121,#9122,#9123,#9124,#9125),(#9126,
#9127,#9128,#9129,#9130),(#9131,#9132,#9133,#9134,#9135)),.UNSPECIFIED.,
 .F.,.F.,.F.,(4,1,4),(4,1,4),(0.,0.571428571428571,1.),(0.944095170984932,
1.04132709606421,1.11425103987368),.UNSPECIFIED.);
#73=B_SPLINE_SURFACE_WITH_KNOTS('',3,3,((#9167,#9168,#9169,#9170,#9171),
(#9172,#9173,#9174,#9175,#9176),(#9177,#9178,#9179,#9180,#9181),(#9182,
#9183,#9184,#9185,#9186),(#9187,#9188,#9189,#9190,#9191)),.UNSPECIFIED.,
 .F.,.F.,.F.,(4,1,4),(4,1,4),(0.,0.571428571428571,1.),(0.773939297747567,
0.846863242987836,0.944095169974861),.UNSPECIFIED.);
#74=B_SPLINE_SURFACE_WITH_KNOTS('',3,3,((#9268,#9269,#9270,#9271,#9272),
(#9273,#9274,#9275,#9276,#9277),(#9278,#9279,#9280,#9281,#9282),(#9283,
#9284,#9285,#9286,#9287),(#9288,#9289,#9290,#9291,#9292)),.UNSPECIFIED.,
 .F.,.F.,.F.,(4,1,4),(4,1,4),(0.,0.571428571428571,1.),(0.944095170984932,
1.04132709606421,1.11425103987368),.UNSPECIFIED.);
#75=B_SPLINE_SURFACE_WITH_KNOTS('',3,3,((#9337,#9338,#9339,#9340,#9341),
(#9342,#9343,#9344,#9345,#9346),(#9347,#9348,#9349,#9350,#9351),(#9352,
#9353,#9354,#9355,#9356),(#9357,#9358,#9359,#9360,#9361)),.UNSPECIFIED.,
 .F.,.F.,.F.,(4,1,4),(4,1,4),(0.,0.571428571428571,1.),(0.773939297747567,
0.846863242987836,0.944095169974861),.UNSPECIFIED.);
#76=B_SPLINE_SURFACE_WITH_KNOTS('',3,3,((#9414,#9415,#9416,#9417,#9418),
(#9419,#9420,#9421,#9422,#9423),(#9424,#9425,#9426,#9427,#9428),(#9429,
#9430,#9431,#9432,#9433),(#9434,#9435,#9436,#9437,#9438)),.UNSPECIFIED.,
 .F.,.F.,.F.,(4,1,4),(4,1,4),(0.,0.571428571428571,1.),(0.944095170984932,
1.04132709606421,1.11425103987368),.UNSPECIFIED.);
#77=B_SPLINE_SURFACE_WITH_KNOTS('',3,3,((#9439,#9440,#9441,#9442,#9443),
(#9444,#9445,#9446,#9447,#9448),(#9449,#9450,#9451,#9452,#9453),(#9454,
#9455,#9456,#9457,#9458),(#9459,#9460,#9461,#9462,#9463)),.UNSPECIFIED.,
 .F.,.F.,.F.,(4,1,4),(4,1,4),(0.,0.571428571428571,1.),(0.773939297747567,
0.846863242987836,0.944095169974861),.UNSPECIFIED.);
#78=B_SPLINE_SURFACE_WITH_KNOTS('',3,3,((#9516,#9517,#9518,#9519,#9520),
(#9521,#9522,#9523,#9524,#9525),(#9526,#9527,#9528,#9529,#9530),(#9531,
#9532,#9533,#9534,#9535),(#9536,#9537,#9538,#9539,#9540)),.UNSPECIFIED.,
 .F.,.F.,.F.,(4,1,4),(4,1,4),(0.,0.571428571428571,1.),(0.944095170984932,
1.04132709606421,1.11425103987368),.UNSPECIFIED.);
#79=B_SPLINE_SURFACE_WITH_KNOTS('',3,3,((#9575,#9576,#9577,#9578,#9579),
(#9580,#9581,#9582,#9583,#9584),(#9585,#9586,#9587,#9588,#9589),(#9590,
#9591,#9592,#9593,#9594),(#9595,#9596,#9597,#9598,#9599)),.UNSPECIFIED.,
 .F.,.F.,.F.,(4,1,4),(4,1,4),(0.,0.571428571428571,1.),(0.773939297747567,
0.846863242987836,0.944095169974861),.UNSPECIFIED.);
#80=B_SPLINE_SURFACE_WITH_KNOTS('',3,3,((#9652,#9653,#9654,#9655,#9656),
(#9657,#9658,#9659,#9660,#9661),(#9662,#9663,#9664,#9665,#9666),(#9667,
#9668,#9669,#9670,#9671),(#9672,#9673,#9674,#9675,#9676)),.UNSPECIFIED.,
 .F.,.F.,.F.,(4,1,4),(4,1,4),(0.,0.571428571428571,1.),(0.944095170984932,
1.04132709606421,1.11425103987368),.UNSPECIFIED.);
#81=B_SPLINE_SURFACE_WITH_KNOTS('',3,3,((#9690,#9691,#9692,#9693,#9694),
(#9695,#9696,#9697,#9698,#9699),(#9700,#9701,#9702,#9703,#9704),(#9705,
#9706,#9707,#9708,#9709),(#9710,#9711,#9712,#9713,#9714)),.UNSPECIFIED.,
 .F.,.F.,.F.,(4,1,4),(4,1,4),(0.,0.571428571428571,1.),(0.773939297747567,
0.846863242987836,0.944095169974861),.UNSPECIFIED.);
#82=B_SPLINE_SURFACE_WITH_KNOTS('',3,3,((#9728,#9729,#9730,#9731,#9732),
(#9733,#9734,#9735,#9736,#9737),(#9738,#9739,#9740,#9741,#9742),(#9743,
#9744,#9745,#9746,#9747),(#9748,#9749,#9750,#9751,#9752)),.UNSPECIFIED.,
 .F.,.F.,.F.,(4,1,4),(4,1,4),(0.,0.571428571428571,1.),(0.944095170984932,
1.04132709606421,1.11425103987368),.UNSPECIFIED.);
#83=TOROIDAL_SURFACE('',#3783,26.0827205003722,3.31386807096925);
#84=TOROIDAL_SURFACE('',#3787,30.2581115798561,1.81305146431071);
#85=TOROIDAL_SURFACE('',#3841,30.2581115798561,1.81305146431071);
#86=TOROIDAL_SURFACE('',#3846,26.0827205003722,3.31386807096925);
#87=TOROIDAL_SURFACE('',#3873,30.2581115798561,1.81305146431071);
#88=TOROIDAL_SURFACE('',#3877,30.2581115798561,1.81305146431071);
#89=TOROIDAL_SURFACE('',#3889,30.2581115798561,1.81305146431071);
#90=TOROIDAL_SURFACE('',#3892,30.2581115798561,1.81305146431071);
#91=TOROIDAL_SURFACE('',#3895,30.2581115798561,1.81305146431071);
#92=TOROIDAL_SURFACE('',#3897,30.2581115798561,1.81305146431071);
#93=TOROIDAL_SURFACE('',#3900,30.2581115798561,1.81305146431071);
#94=TOROIDAL_SURFACE('',#3908,30.2581115798561,1.81305146431071);
#95=TOROIDAL_SURFACE('',#3911,30.2581115798561,1.81305146431071);
#96=TOROIDAL_SURFACE('',#3913,30.2581115798561,1.81305146431071);
#97=TOROIDAL_SURFACE('',#3916,30.2581115798561,1.81305146431071);
#98=TOROIDAL_SURFACE('',#3927,30.2581115798561,1.81305146431071);
#99=TOROIDAL_SURFACE('',#3929,30.2581115798561,1.81305146431071);
#100=TOROIDAL_SURFACE('',#3932,30.2581115798561,1.81305146431071);
#101=TOROIDAL_SURFACE('',#3934,30.2581115798561,1.81305146431071);
#102=TOROIDAL_SURFACE('',#3936,30.2581115798561,1.81305146431071);
#103=TOROIDAL_SURFACE('',#3939,30.2581115798561,1.81305146431071);
#104=TOROIDAL_SURFACE('',#3948,30.2581115798561,1.81305146431071);
#105=TOROIDAL_SURFACE('',#3950,30.2581115798561,1.81305146431071);
#106=TOROIDAL_SURFACE('',#3953,30.2581115798561,1.81305146431071);
#107=TOROIDAL_SURFACE('',#3955,30.2581115798561,1.81305146431071);
#108=TOROIDAL_SURFACE('',#3957,30.2581115798561,1.81305146431071);
#109=TOROIDAL_SURFACE('',#3960,30.2581115798561,1.81305146431071);
#110=TOROIDAL_SURFACE('',#3968,30.2581115798561,1.81305146431071);
#111=TOROIDAL_SURFACE('',#3970,30.2581115798561,1.81305146431071);
#112=TOROIDAL_SURFACE('',#3976,26.0827205003722,3.31386807096925);
#113=TOROIDAL_SURFACE('',#3977,30.2581115798561,1.81305146431071);
#114=TOROIDAL_SURFACE('',#3981,30.2581115798561,1.81305146431071);
#115=TOROIDAL_SURFACE('',#3984,26.0827205003722,3.31386807096925);
#116=TOROIDAL_SURFACE('',#3986,30.2581115798561,1.81305146431071);
#117=TOROIDAL_SURFACE('',#3993,26.0827205003722,3.31386807096925);
#118=TOROIDAL_SURFACE('',#3994,30.2581115798561,1.81305146431071);
#119=TOROIDAL_SURFACE('',#3997,30.2581115798561,1.81305146431071);
#120=TOROIDAL_SURFACE('',#4004,26.0827205003722,3.31386807096925);
#121=TOROIDAL_SURFACE('',#4005,30.2581115798561,1.81305146431071);
#122=TOROIDAL_SURFACE('',#4011,30.2581115798561,1.81305146431071);
#123=TOROIDAL_SURFACE('',#4018,26.0827205003722,3.31386807096925);
#124=TOROIDAL_SURFACE('',#4019,30.2581115798561,1.81305146431071);
#125=TOROIDAL_SURFACE('',#4022,30.2581115798561,1.81305146431071);
#126=TOROIDAL_SURFACE('',#4024,30.2581115798561,1.81305146431071);
#127=TOROIDAL_SURFACE('',#4027,30.2581115798561,1.81305146431071);
#128=TOROIDAL_SURFACE('',#4033,26.0827205003722,3.31386807096925);
#129=TOROIDAL_SURFACE('',#4034,30.2581115798561,1.81305146431071);
#130=TOROIDAL_SURFACE('',#4039,30.2581115798561,1.81305146431071);
#131=TOROIDAL_SURFACE('',#4046,26.0827205003722,3.31386807096925);
#132=TOROIDAL_SURFACE('',#4047,30.2581115798561,1.81305146431071);
#133=TOROIDAL_SURFACE('',#4053,30.2581115798561,1.81305146431071);
#134=TOROIDAL_SURFACE('',#4059,26.0827205003722,3.31386807096925);
#135=TOROIDAL_SURFACE('',#4060,30.2581115798561,1.81305146431071);
#136=TOROIDAL_SURFACE('',#4065,30.2581115798561,1.81305146431071);
#137=TOROIDAL_SURFACE('',#4071,26.0827205003722,3.31386807096925);
#138=TOROIDAL_SURFACE('',#4072,30.2581115798561,1.81305146431071);
#139=TOROIDAL_SURFACE('',#4076,30.2581115798561,1.81305146431071);
#140=TOROIDAL_SURFACE('',#4082,26.0827205003722,3.31386807096925);
#141=TOROIDAL_SURFACE('',#4083,30.2581115798561,1.81305146431071);
#142=TOROIDAL_SURFACE('',#4086,30.2581115798561,1.81305146431071);
#143=TOROIDAL_SURFACE('',#4092,26.0827205003722,3.31386807096925);
#144=TOROIDAL_SURFACE('',#4093,30.2581115798561,1.81305146431071);
#145=TOROIDAL_SURFACE('',#4096,30.2581115798561,1.81305146431071);
#146=TOROIDAL_SURFACE('',#4102,26.0827205003722,3.31386807096925);
#147=TOROIDAL_SURFACE('',#4103,30.2581115798561,1.81305146431071);
#148=TOROIDAL_SURFACE('',#4105,26.0827205003722,3.31386807096925);
#149=TOROIDAL_SURFACE('',#4109,30.2581115798561,1.81305146431071);
#150=TOROIDAL_SURFACE('',#4116,26.0827205003722,3.31386807096925);
#151=TOROIDAL_SURFACE('',#4117,30.2581115798561,1.81305146431071);
#152=TOROIDAL_SURFACE('',#4122,30.2581115798561,1.81305146431071);
#153=TOROIDAL_SURFACE('',#4129,26.0827205003722,3.31386807096925);
#154=TOROIDAL_SURFACE('',#4130,30.2581115798561,1.81305146431071);
#155=TOROIDAL_SURFACE('',#4133,26.0827205003722,3.31386807096925);
#156=TOROIDAL_SURFACE('',#4135,26.0827205003722,3.31386807096925);
#157=TOROIDAL_SURFACE('',#4136,30.2581115798561,1.81305146431071);
#158=TOROIDAL_SURFACE('',#4141,30.2581115798561,1.81305146431071);
#159=TOROIDAL_SURFACE('',#4148,26.0827205003722,3.31386807096925);
#160=TOROIDAL_SURFACE('',#4149,30.2581115798561,1.81305146431071);
#161=TOROIDAL_SURFACE('',#4155,30.2581115798561,1.81305146431071);
#162=TOROIDAL_SURFACE('',#4161,26.0827205003722,3.31386807096925);
#163=TOROIDAL_SURFACE('',#4162,30.2581115798561,1.81305146431071);
#164=TOROIDAL_SURFACE('',#4165,30.2581115798561,1.81305146431071);
#165=TOROIDAL_SURFACE('',#4171,26.0827205003722,3.31386807096925);
#166=TOROIDAL_SURFACE('',#4172,30.2581115798561,1.81305146431071);
#167=TOROIDAL_SURFACE('',#4174,30.2581115798561,1.81305146431071);
#168=TOROIDAL_SURFACE('',#4179,30.2581115798561,1.81305146431071);
#169=TOROIDAL_SURFACE('',#4181,30.2581115798561,1.81305146431071);
#170=TOROIDAL_SURFACE('',#4187,26.0827205003722,3.31386807096925);
#171=TOROIDAL_SURFACE('',#4188,30.2581115798561,1.81305146431071);
#172=TOROIDAL_SURFACE('',#4191,26.0827205003722,3.31386807096925);
#173=SPHERICAL_SURFACE('',#3778,32.1254329608421);
#174=SPHERICAL_SURFACE('',#3880,32.1254329608421);
#175=SPHERICAL_SURFACE('',#3883,32.1254329608421);
#176=SPHERICAL_SURFACE('',#3902,32.1254329608421);
#177=SPHERICAL_SURFACE('',#3905,32.1254329608421);
#178=SPHERICAL_SURFACE('',#3919,32.1254329608421);
#179=SPHERICAL_SURFACE('',#3922,32.1254329608421);
#180=SPHERICAL_SURFACE('',#3925,32.1254329608421);
#181=SPHERICAL_SURFACE('',#3941,32.1254329608421);
#182=SPHERICAL_SURFACE('',#3944,32.1254329608421);
#183=SPHERICAL_SURFACE('',#3962,32.1254329608421);
#184=SPHERICAL_SURFACE('',#3965,32.1254329608421);
#185=SPHERICAL_SURFACE('',#3973,32.1254329608421);
#186=SPHERICAL_SURFACE('',#3983,32.1254329608421);
#187=SPHERICAL_SURFACE('',#3989,32.1254329608421);
#188=SPHERICAL_SURFACE('',#4000,32.1254329608421);
#189=SPHERICAL_SURFACE('',#4014,32.1254329608421);
#190=SPHERICAL_SURFACE('',#4029,32.1254329608421);
#191=SPHERICAL_SURFACE('',#4042,32.1254329608421);
#192=SPHERICAL_SURFACE('',#4055,32.1254329608421);
#193=SPHERICAL_SURFACE('',#4067,32.1254329608421);
#194=SPHERICAL_SURFACE('',#4078,32.1254329608421);
#195=SPHERICAL_SURFACE('',#4088,32.1254329608421);
#196=SPHERICAL_SURFACE('',#4098,32.1254329608421);
#197=SPHERICAL_SURFACE('',#4112,32.1254329608421);
#198=SPHERICAL_SURFACE('',#4125,32.1254329608421);
#199=SPHERICAL_SURFACE('',#4144,32.1254329608421);
#200=SPHERICAL_SURFACE('',#4157,32.1254329608421);
#201=SPHERICAL_SURFACE('',#4167,32.1254329608421);
#202=SPHERICAL_SURFACE('',#4176,32.1254329608421);
#203=SPHERICAL_SURFACE('',#4183,32.1254329608421);
#204=CYLINDRICAL_SURFACE('',#3769,1.49999999999973);
#205=CYLINDRICAL_SURFACE('',#3772,1.05);
#206=CYLINDRICAL_SURFACE('',#3773,1.49999999999972);
#207=CYLINDRICAL_SURFACE('',#3785,26.0827205003722);
#208=CYLINDRICAL_SURFACE('',#3790,26.0827205003722);
#209=CYLINDRICAL_SURFACE('',#3792,26.0827205003722);
#210=CYLINDRICAL_SURFACE('',#3844,26.0827205003722);
#211=CYLINDRICAL_SURFACE('',#3848,1.05);
#212=CYLINDRICAL_SURFACE('',#3851,4.05);
#213=CYLINDRICAL_SURFACE('',#3868,25.6827205003722);
#214=CYLINDRICAL_SURFACE('',#3870,25.6827205003722);
#215=CYLINDRICAL_SURFACE('',#3979,26.0827205003722);
#216=CYLINDRICAL_SURFACE('',#3980,26.0827205003722);
#217=CYLINDRICAL_SURFACE('',#3995,26.0827205003722);
#218=CYLINDRICAL_SURFACE('',#4008,26.0827205003722);
#219=CYLINDRICAL_SURFACE('',#4009,26.0827205003722);
#220=CYLINDRICAL_SURFACE('',#4021,26.0827205003722);
#221=CYLINDRICAL_SURFACE('',#4037,26.0827205003722);
#222=CYLINDRICAL_SURFACE('',#4050,26.0827205003722);
#223=CYLINDRICAL_SURFACE('',#4051,26.0827205003722);
#224=CYLINDRICAL_SURFACE('',#4063,26.0827205003722);
#225=CYLINDRICAL_SURFACE('',#4084,26.0827205003722);
#226=CYLINDRICAL_SURFACE('',#4106,26.0827205003722);
#227=CYLINDRICAL_SURFACE('',#4107,26.0827205003722);
#228=CYLINDRICAL_SURFACE('',#4120,26.0827205003722);
#229=CYLINDRICAL_SURFACE('',#4132,26.0827205003722);
#230=CYLINDRICAL_SURFACE('',#4134,26.0827205003722);
#231=CYLINDRICAL_SURFACE('',#4139,26.0827205003722);
#232=CYLINDRICAL_SURFACE('',#4152,26.0827205003722);
#233=CYLINDRICAL_SURFACE('',#4153,26.0827205003722);
#234=CYLINDRICAL_SURFACE('',#4190,26.0827205003722);
#235=CYLINDRICAL_SURFACE('',#4213,25.6827205003722);
#236=FACE_OUTER_BOUND('',#471,.T.);
#237=FACE_OUTER_BOUND('',#472,.T.);
#238=FACE_OUTER_BOUND('',#473,.T.);
#239=FACE_OUTER_BOUND('',#474,.T.);
#240=FACE_OUTER_BOUND('',#475,.T.);
#241=FACE_OUTER_BOUND('',#476,.T.);
#242=FACE_OUTER_BOUND('',#477,.T.);
#243=FACE_OUTER_BOUND('',#478,.T.);
#244=FACE_OUTER_BOUND('',#479,.T.);
#245=FACE_OUTER_BOUND('',#480,.T.);
#246=FACE_OUTER_BOUND('',#481,.T.);
#247=FACE_OUTER_BOUND('',#482,.T.);
#248=FACE_OUTER_BOUND('',#483,.T.);
#249=FACE_OUTER_BOUND('',#484,.T.);
#250=FACE_OUTER_BOUND('',#485,.T.);
#251=FACE_OUTER_BOUND('',#486,.T.);
#252=FACE_OUTER_BOUND('',#487,.T.);
#253=FACE_OUTER_BOUND('',#488,.T.);
#254=FACE_OUTER_BOUND('',#489,.T.);
#255=FACE_OUTER_BOUND('',#490,.T.);
#256=FACE_OUTER_BOUND('',#491,.T.);
#257=FACE_OUTER_BOUND('',#492,.T.);
#258=FACE_OUTER_BOUND('',#493,.T.);
#259=FACE_OUTER_BOUND('',#494,.T.);
#260=FACE_OUTER_BOUND('',#496,.T.);
#261=FACE_OUTER_BOUND('',#498,.T.);
#262=FACE_OUTER_BOUND('',#499,.T.);
#263=FACE_OUTER_BOUND('',#500,.T.);
#264=FACE_OUTER_BOUND('',#501,.T.);
#265=FACE_OUTER_BOUND('',#502,.T.);
#266=FACE_OUTER_BOUND('',#503,.T.);
#267=FACE_OUTER_BOUND('',#504,.T.);
#268=FACE_OUTER_BOUND('',#505,.T.);
#269=FACE_OUTER_BOUND('',#506,.T.);
#270=FACE_OUTER_BOUND('',#507,.T.);
#271=FACE_OUTER_BOUND('',#508,.T.);
#272=FACE_OUTER_BOUND('',#509,.T.);
#273=FACE_OUTER_BOUND('',#510,.T.);
#274=FACE_OUTER_BOUND('',#511,.T.);
#275=FACE_OUTER_BOUND('',#512,.T.);
#276=FACE_OUTER_BOUND('',#513,.T.);
#277=FACE_OUTER_BOUND('',#514,.T.);
#278=FACE_OUTER_BOUND('',#515,.T.);
#279=FACE_OUTER_BOUND('',#516,.T.);
#280=FACE_OUTER_BOUND('',#517,.T.);
#281=FACE_OUTER_BOUND('',#518,.T.);
#282=FACE_OUTER_BOUND('',#519,.T.);
#283=FACE_OUTER_BOUND('',#520,.T.);
#284=FACE_OUTER_BOUND('',#521,.T.);
#285=FACE_OUTER_BOUND('',#522,.T.);
#286=FACE_OUTER_BOUND('',#523,.T.);
#287=FACE_OUTER_BOUND('',#524,.T.);
#288=FACE_OUTER_BOUND('',#525,.T.);
#289=FACE_OUTER_BOUND('',#526,.T.);
#290=FACE_OUTER_BOUND('',#527,.T.);
#291=FACE_OUTER_BOUND('',#528,.T.);
#292=FACE_OUTER_BOUND('',#529,.T.);
#293=FACE_OUTER_BOUND('',#530,.T.);
#294=FACE_OUTER_BOUND('',#531,.T.);
#295=FACE_OUTER_BOUND('',#532,.T.);
#296=FACE_OUTER_BOUND('',#533,.T.);
#297=FACE_OUTER_BOUND('',#534,.T.);
#298=FACE_OUTER_BOUND('',#535,.T.);
#299=FACE_OUTER_BOUND('',#536,.T.);
#300=FACE_OUTER_BOUND('',#537,.T.);
#301=FACE_OUTER_BOUND('',#538,.T.);
#302=FACE_OUTER_BOUND('',#539,.T.);
#303=FACE_OUTER_BOUND('',#540,.T.);
#304=FACE_OUTER_BOUND('',#541,.T.);
#305=FACE_OUTER_BOUND('',#542,.T.);
#306=FACE_OUTER_BOUND('',#543,.T.);
#307=FACE_OUTER_BOUND('',#544,.T.);
#308=FACE_OUTER_BOUND('',#545,.T.);
#309=FACE_OUTER_BOUND('',#546,.T.);
#310=FACE_OUTER_BOUND('',#547,.T.);
#311=FACE_OUTER_BOUND('',#548,.T.);
#312=FACE_OUTER_BOUND('',#549,.T.);
#313=FACE_OUTER_BOUND('',#550,.T.);
#314=FACE_OUTER_BOUND('',#551,.T.);
#315=FACE_OUTER_BOUND('',#552,.T.);
#316=FACE_OUTER_BOUND('',#553,.T.);
#317=FACE_OUTER_BOUND('',#554,.T.);
#318=FACE_OUTER_BOUND('',#555,.T.);
#319=FACE_OUTER_BOUND('',#556,.T.);
#320=FACE_OUTER_BOUND('',#557,.T.);
#321=FACE_OUTER_BOUND('',#558,.T.);
#322=FACE_OUTER_BOUND('',#559,.T.);
#323=FACE_OUTER_BOUND('',#560,.T.);
#324=FACE_OUTER_BOUND('',#561,.T.);
#325=FACE_OUTER_BOUND('',#562,.T.);
#326=FACE_OUTER_BOUND('',#563,.T.);
#327=FACE_OUTER_BOUND('',#564,.T.);
#328=FACE_OUTER_BOUND('',#565,.T.);
#329=FACE_OUTER_BOUND('',#566,.T.);
#330=FACE_OUTER_BOUND('',#567,.T.);
#331=FACE_OUTER_BOUND('',#568,.T.);
#332=FACE_OUTER_BOUND('',#569,.T.);
#333=FACE_OUTER_BOUND('',#570,.T.);
#334=FACE_OUTER_BOUND('',#571,.T.);
#335=FACE_OUTER_BOUND('',#572,.T.);
#336=FACE_OUTER_BOUND('',#573,.T.);
#337=FACE_OUTER_BOUND('',#574,.T.);
#338=FACE_OUTER_BOUND('',#575,.T.);
#339=FACE_OUTER_BOUND('',#576,.T.);
#340=FACE_OUTER_BOUND('',#577,.T.);
#341=FACE_OUTER_BOUND('',#578,.T.);
#342=FACE_OUTER_BOUND('',#579,.T.);
#343=FACE_OUTER_BOUND('',#580,.T.);
#344=FACE_OUTER_BOUND('',#581,.T.);
#345=FACE_OUTER_BOUND('',#582,.T.);
#346=FACE_OUTER_BOUND('',#583,.T.);
#347=FACE_OUTER_BOUND('',#584,.T.);
#348=FACE_OUTER_BOUND('',#585,.T.);
#349=FACE_OUTER_BOUND('',#586,.T.);
#350=FACE_OUTER_BOUND('',#587,.T.);
#351=FACE_OUTER_BOUND('',#588,.T.);
#352=FACE_OUTER_BOUND('',#590,.T.);
#353=FACE_OUTER_BOUND('',#591,.T.);
#354=FACE_OUTER_BOUND('',#592,.T.);
#355=FACE_OUTER_BOUND('',#593,.T.);
#356=FACE_OUTER_BOUND('',#594,.T.);
#357=FACE_OUTER_BOUND('',#595,.T.);
#358=FACE_OUTER_BOUND('',#596,.T.);
#359=FACE_OUTER_BOUND('',#597,.T.);
#360=FACE_OUTER_BOUND('',#598,.T.);
#361=FACE_OUTER_BOUND('',#599,.T.);
#362=FACE_OUTER_BOUND('',#600,.T.);
#363=FACE_OUTER_BOUND('',#601,.T.);
#364=FACE_OUTER_BOUND('',#602,.T.);
#365=FACE_OUTER_BOUND('',#603,.T.);
#366=FACE_OUTER_BOUND('',#604,.T.);
#367=FACE_OUTER_BOUND('',#605,.T.);
#368=FACE_OUTER_BOUND('',#606,.T.);
#369=FACE_OUTER_BOUND('',#607,.T.);
#370=FACE_OUTER_BOUND('',#608,.T.);
#371=FACE_OUTER_BOUND('',#609,.T.);
#372=FACE_OUTER_BOUND('',#610,.T.);
#373=FACE_OUTER_BOUND('',#611,.T.);
#374=FACE_OUTER_BOUND('',#612,.T.);
#375=FACE_OUTER_BOUND('',#613,.T.);
#376=FACE_OUTER_BOUND('',#614,.T.);
#377=FACE_OUTER_BOUND('',#615,.T.);
#378=FACE_OUTER_BOUND('',#616,.T.);
#379=FACE_OUTER_BOUND('',#617,.T.);
#380=FACE_OUTER_BOUND('',#618,.T.);
#381=FACE_OUTER_BOUND('',#619,.T.);
#382=FACE_OUTER_BOUND('',#620,.T.);
#383=FACE_OUTER_BOUND('',#621,.T.);
#384=FACE_OUTER_BOUND('',#622,.T.);
#385=FACE_OUTER_BOUND('',#623,.T.);
#386=FACE_OUTER_BOUND('',#624,.T.);
#387=FACE_OUTER_BOUND('',#625,.T.);
#388=FACE_OUTER_BOUND('',#626,.T.);
#389=FACE_OUTER_BOUND('',#627,.T.);
#390=FACE_OUTER_BOUND('',#628,.T.);
#391=FACE_OUTER_BOUND('',#629,.T.);
#392=FACE_OUTER_BOUND('',#630,.T.);
#393=FACE_OUTER_BOUND('',#631,.T.);
#394=FACE_OUTER_BOUND('',#632,.T.);
#395=FACE_OUTER_BOUND('',#633,.T.);
#396=FACE_OUTER_BOUND('',#634,.T.);
#397=FACE_OUTER_BOUND('',#635,.T.);
#398=FACE_OUTER_BOUND('',#636,.T.);
#399=FACE_OUTER_BOUND('',#637,.T.);
#400=FACE_OUTER_BOUND('',#638,.T.);
#401=FACE_OUTER_BOUND('',#639,.T.);
#402=FACE_OUTER_BOUND('',#640,.T.);
#403=FACE_OUTER_BOUND('',#641,.T.);
#404=FACE_OUTER_BOUND('',#642,.T.);
#405=FACE_OUTER_BOUND('',#643,.T.);
#406=FACE_OUTER_BOUND('',#644,.T.);
#407=FACE_OUTER_BOUND('',#645,.T.);
#408=FACE_OUTER_BOUND('',#646,.T.);
#409=FACE_OUTER_BOUND('',#647,.T.);
#410=FACE_OUTER_BOUND('',#648,.T.);
#411=FACE_OUTER_BOUND('',#649,.T.);
#412=FACE_OUTER_BOUND('',#650,.T.);
#413=FACE_OUTER_BOUND('',#651,.T.);
#414=FACE_OUTER_BOUND('',#652,.T.);
#415=FACE_OUTER_BOUND('',#653,.T.);
#416=FACE_OUTER_BOUND('',#654,.T.);
#417=FACE_OUTER_BOUND('',#655,.T.);
#418=FACE_OUTER_BOUND('',#656,.T.);
#419=FACE_OUTER_BOUND('',#657,.T.);
#420=FACE_OUTER_BOUND('',#658,.T.);
#421=FACE_OUTER_BOUND('',#659,.T.);
#422=FACE_OUTER_BOUND('',#660,.T.);
#423=FACE_OUTER_BOUND('',#661,.T.);
#424=FACE_OUTER_BOUND('',#662,.T.);
#425=FACE_OUTER_BOUND('',#663,.T.);
#426=FACE_OUTER_BOUND('',#664,.T.);
#427=FACE_OUTER_BOUND('',#665,.T.);
#428=FACE_OUTER_BOUND('',#666,.T.);
#429=FACE_OUTER_BOUND('',#667,.T.);
#430=FACE_OUTER_BOUND('',#668,.T.);
#431=FACE_OUTER_BOUND('',#669,.T.);
#432=FACE_OUTER_BOUND('',#670,.T.);
#433=FACE_OUTER_BOUND('',#671,.T.);
#434=FACE_OUTER_BOUND('',#672,.T.);
#435=FACE_OUTER_BOUND('',#673,.T.);
#436=FACE_OUTER_BOUND('',#674,.T.);
#437=FACE_OUTER_BOUND('',#675,.T.);
#438=FACE_OUTER_BOUND('',#676,.T.);
#439=FACE_OUTER_BOUND('',#677,.T.);
#440=FACE_OUTER_BOUND('',#678,.T.);
#441=FACE_OUTER_BOUND('',#679,.T.);
#442=FACE_OUTER_BOUND('',#680,.T.);
#443=FACE_OUTER_BOUND('',#681,.T.);
#444=FACE_OUTER_BOUND('',#682,.T.);
#445=FACE_OUTER_BOUND('',#683,.T.);
#446=FACE_OUTER_BOUND('',#684,.T.);
#447=FACE_OUTER_BOUND('',#685,.T.);
#448=FACE_OUTER_BOUND('',#686,.T.);
#449=FACE_OUTER_BOUND('',#687,.T.);
#450=FACE_OUTER_BOUND('',#688,.T.);
#451=FACE_OUTER_BOUND('',#689,.T.);
#452=FACE_OUTER_BOUND('',#690,.T.);
#453=FACE_OUTER_BOUND('',#691,.T.);
#454=FACE_OUTER_BOUND('',#694,.T.);
#455=FACE_OUTER_BOUND('',#695,.T.);
#456=FACE_OUTER_BOUND('',#696,.T.);
#457=FACE_OUTER_BOUND('',#697,.T.);
#458=FACE_OUTER_BOUND('',#698,.T.);
#459=FACE_OUTER_BOUND('',#699,.T.);
#460=FACE_OUTER_BOUND('',#700,.T.);
#461=FACE_OUTER_BOUND('',#701,.T.);
#462=FACE_OUTER_BOUND('',#702,.T.);
#463=FACE_OUTER_BOUND('',#703,.T.);
#464=FACE_OUTER_BOUND('',#704,.T.);
#465=FACE_OUTER_BOUND('',#707,.T.);
#466=FACE_OUTER_BOUND('',#708,.T.);
#467=FACE_OUTER_BOUND('',#709,.T.);
#468=FACE_OUTER_BOUND('',#710,.T.);
#469=FACE_OUTER_BOUND('',#711,.T.);
#470=FACE_OUTER_BOUND('',#712,.T.);
#471=EDGE_LOOP('',(#2311,#2312,#2313,#2314,#2315,#2316,#2317,#2318));
#472=EDGE_LOOP('',(#2319,#2320,#2321,#2322,#2323,#2324));
#473=EDGE_LOOP('',(#2325,#2326,#2327,#2328,#2329,#2330,#2331,#2332));
#474=EDGE_LOOP('',(#2333,#2334,#2335,#2336,#2337,#2338));
#475=EDGE_LOOP('',(#2339,#2340,#2341,#2342,#2343,#2344));
#476=EDGE_LOOP('',(#2345,#2346,#2347,#2348,#2349,#2350,#2351,#2352));
#477=EDGE_LOOP('',(#2353,#2354,#2355,#2356,#2357,#2358,#2359,#2360));
#478=EDGE_LOOP('',(#2361,#2362,#2363,#2364,#2365));
#479=EDGE_LOOP('',(#2366,#2367,#2368));
#480=EDGE_LOOP('',(#2369,#2370,#2371,#2372,#2373));
#481=EDGE_LOOP('',(#2374,#2375,#2376,#2377));
#482=EDGE_LOOP('',(#2378,#2379,#2380));
#483=EDGE_LOOP('',(#2381,#2382,#2383,#2384));
#484=EDGE_LOOP('',(#2385,#2386,#2387));
#485=EDGE_LOOP('',(#2388,#2389,#2390,#2391));
#486=EDGE_LOOP('',(#2392,#2393,#2394,#2395,#2396,#2397,#2398,#2399,#2400,
#2401,#2402,#2403,#2404,#2405,#2406,#2407,#2408,#2409));
#487=EDGE_LOOP('',(#2410,#2411,#2412,#2413,#2414,#2415,#2416,#2417,#2418,
#2419,#2420,#2421,#2422,#2423,#2424,#2425,#2426,#2427,#2428,#2429,#2430,
#2431,#2432,#2433,#2434,#2435,#2436,#2437,#2438,#2439,#2440,#2441,#2442,
#2443,#2444,#2445,#2446,#2447));
#488=EDGE_LOOP('',(#2448,#2449,#2450,#2451));
#489=EDGE_LOOP('',(#2452,#2453,#2454,#2455));
#490=EDGE_LOOP('',(#2456,#2457,#2458,#2459,#2460));
#491=EDGE_LOOP('',(#2461,#2462,#2463));
#492=EDGE_LOOP('',(#2464,#2465,#2466,#2467));
#493=EDGE_LOOP('',(#2468,#2469,#2470,#2471));
#494=EDGE_LOOP('',(#2472));
#495=EDGE_LOOP('',(#2473));
#496=EDGE_LOOP('',(#2474,#2475,#2476,#2477,#2478,#2479,#2480,#2481,#2482,
#2483,#2484));
#497=EDGE_LOOP('',(#2485));
#498=EDGE_LOOP('',(#2486,#2487,#2488,#2489,#2490,#2491,#2492,#2493,#2494,
#2495,#2496,#2497,#2498,#2499,#2500,#2501,#2502,#2503,#2504,#2505,#2506,
#2507));
#499=EDGE_LOOP('',(#2508,#2509,#2510,#2511,#2512,#2513,#2514,#2515,#2516,
#2517));
#500=EDGE_LOOP('',(#2518,#2519,#2520,#2521,#2522,#2523,#2524,#2525,#2526,
#2527));
#501=EDGE_LOOP('',(#2528,#2529,#2530,#2531,#2532,#2533,#2534,#2535,#2536,
#2537,#2538,#2539,#2540,#2541,#2542,#2543,#2544,#2545,#2546,#2547,#2548,
#2549));
#502=EDGE_LOOP('',(#2550,#2551,#2552,#2553,#2554,#2555));
#503=EDGE_LOOP('',(#2556,#2557,#2558,#2559,#2560,#2561));
#504=EDGE_LOOP('',(#2562,#2563));
#505=EDGE_LOOP('',(#2564,#2565,#2566,#2567,#2568,#2569,#2570,#2571,#2572,
#2573,#2574,#2575,#2576,#2577));
#506=EDGE_LOOP('',(#2578,#2579,#2580,#2581));
#507=EDGE_LOOP('',(#2582,#2583,#2584,#2585));
#508=EDGE_LOOP('',(#2586,#2587,#2588,#2589));
#509=EDGE_LOOP('',(#2590,#2591,#2592,#2593,#2594,#2595,#2596));
#510=EDGE_LOOP('',(#2597,#2598,#2599,#2600));
#511=EDGE_LOOP('',(#2601,#2602,#2603,#2604));
#512=EDGE_LOOP('',(#2605,#2606,#2607,#2608));
#513=EDGE_LOOP('',(#2609,#2610,#2611,#2612));
#514=EDGE_LOOP('',(#2613,#2614,#2615,#2616));
#515=EDGE_LOOP('',(#2617,#2618,#2619,#2620));
#516=EDGE_LOOP('',(#2621,#2622,#2623,#2624));
#517=EDGE_LOOP('',(#2625,#2626,#2627,#2628));
#518=EDGE_LOOP('',(#2629,#2630,#2631,#2632));
#519=EDGE_LOOP('',(#2633,#2634,#2635,#2636));
#520=EDGE_LOOP('',(#2637,#2638,#2639,#2640,#2641,#2642));
#521=EDGE_LOOP('',(#2643,#2644,#2645,#2646));
#522=EDGE_LOOP('',(#2647,#2648,#2649,#2650));
#523=EDGE_LOOP('',(#2651,#2652,#2653,#2654));
#524=EDGE_LOOP('',(#2655,#2656,#2657,#2658,#2659));
#525=EDGE_LOOP('',(#2660,#2661,#2662,#2663));
#526=EDGE_LOOP('',(#2664,#2665,#2666,#2667));
#527=EDGE_LOOP('',(#2668,#2669,#2670,#2671));
#528=EDGE_LOOP('',(#2672,#2673,#2674,#2675));
#529=EDGE_LOOP('',(#2676,#2677,#2678,#2679));
#530=EDGE_LOOP('',(#2680,#2681,#2682,#2683));
#531=EDGE_LOOP('',(#2684,#2685,#2686,#2687,#2688,#2689,#2690,#2691,#2692,
#2693));
#532=EDGE_LOOP('',(#2694,#2695,#2696,#2697));
#533=EDGE_LOOP('',(#2698,#2699,#2700,#2701));
#534=EDGE_LOOP('',(#2702,#2703,#2704,#2705));
#535=EDGE_LOOP('',(#2706,#2707,#2708,#2709,#2710));
#536=EDGE_LOOP('',(#2711,#2712,#2713,#2714));
#537=EDGE_LOOP('',(#2715,#2716,#2717,#2718));
#538=EDGE_LOOP('',(#2719,#2720,#2721,#2722));
#539=EDGE_LOOP('',(#2723,#2724,#2725,#2726));
#540=EDGE_LOOP('',(#2727,#2728,#2729,#2730));
#541=EDGE_LOOP('',(#2731,#2732,#2733,#2734));
#542=EDGE_LOOP('',(#2735,#2736,#2737,#2738));
#543=EDGE_LOOP('',(#2739,#2740,#2741,#2742));
#544=EDGE_LOOP('',(#2743,#2744,#2745,#2746));
#545=EDGE_LOOP('',(#2747,#2748,#2749,#2750));
#546=EDGE_LOOP('',(#2751,#2752,#2753,#2754));
#547=EDGE_LOOP('',(#2755,#2756,#2757));
#548=EDGE_LOOP('',(#2758,#2759,#2760));
#549=EDGE_LOOP('',(#2761,#2762,#2763,#2764));
#550=EDGE_LOOP('',(#2765,#2766,#2767,#2768,#2769,#2770));
#551=EDGE_LOOP('',(#2771,#2772,#2773,#2774));
#552=EDGE_LOOP('',(#2775,#2776,#2777,#2778));
#553=EDGE_LOOP('',(#2779,#2780,#2781,#2782));
#554=EDGE_LOOP('',(#2783,#2784,#2785,#2786));
#555=EDGE_LOOP('',(#2787,#2788,#2789,#2790));
#556=EDGE_LOOP('',(#2791,#2792,#2793,#2794,#2795,#2796,#2797));
#557=EDGE_LOOP('',(#2798,#2799,#2800,#2801));
#558=EDGE_LOOP('',(#2802,#2803,#2804,#2805));
#559=EDGE_LOOP('',(#2806,#2807,#2808,#2809));
#560=EDGE_LOOP('',(#2810,#2811,#2812));
#561=EDGE_LOOP('',(#2813,#2814,#2815,#2816));
#562=EDGE_LOOP('',(#2817,#2818,#2819,#2820));
#563=EDGE_LOOP('',(#2821,#2822,#2823,#2824));
#564=EDGE_LOOP('',(#2825,#2826,#2827,#2828));
#565=EDGE_LOOP('',(#2829,#2830,#2831,#2832));
#566=EDGE_LOOP('',(#2833,#2834,#2835,#2836));
#567=EDGE_LOOP('',(#2837,#2838,#2839));
#568=EDGE_LOOP('',(#2840,#2841,#2842));
#569=EDGE_LOOP('',(#2843,#2844,#2845,#2846));
#570=EDGE_LOOP('',(#2847,#2848,#2849,#2850));
#571=EDGE_LOOP('',(#2851,#2852,#2853,#2854));
#572=EDGE_LOOP('',(#2855,#2856,#2857,#2858));
#573=EDGE_LOOP('',(#2859,#2860,#2861,#2862));
#574=EDGE_LOOP('',(#2863,#2864,#2865,#2866));
#575=EDGE_LOOP('',(#2867,#2868,#2869));
#576=EDGE_LOOP('',(#2870,#2871,#2872));
#577=EDGE_LOOP('',(#2873,#2874,#2875,#2876,#2877));
#578=EDGE_LOOP('',(#2878,#2879,#2880,#2881));
#579=EDGE_LOOP('',(#2882,#2883,#2884,#2885,#2886));
#580=EDGE_LOOP('',(#2887,#2888,#2889));
#581=EDGE_LOOP('',(#2890,#2891,#2892,#2893,#2894,#2895,#2896));
#582=EDGE_LOOP('',(#2897,#2898,#2899,#2900));
#583=EDGE_LOOP('',(#2901,#2902,#2903,#2904));
#584=EDGE_LOOP('',(#2905,#2906,#2907,#2908));
#585=EDGE_LOOP('',(#2909,#2910,#2911));
#586=EDGE_LOOP('',(#2912,#2913,#2914,#2915));
#587=EDGE_LOOP('',(#2916,#2917,#2918,#2919));
#588=EDGE_LOOP('',(#2920,#2921,#2922,#2923));
#589=EDGE_LOOP('',(#2924,#2925));
#590=EDGE_LOOP('',(#2926,#2927,#2928,#2929));
#591=EDGE_LOOP('',(#2930,#2931,#2932,#2933));
#592=EDGE_LOOP('',(#2934,#2935,#2936,#2937));
#593=EDGE_LOOP('',(#2938,#2939,#2940));
#594=EDGE_LOOP('',(#2941,#2942,#2943));
#595=EDGE_LOOP('',(#2944,#2945,#2946,#2947));
#596=EDGE_LOOP('',(#2948,#2949,#2950,#2951));
#597=EDGE_LOOP('',(#2952,#2953,#2954,#2955));
#598=EDGE_LOOP('',(#2956,#2957,#2958,#2959));
#599=EDGE_LOOP('',(#2960,#2961,#2962,#2963));
#600=EDGE_LOOP('',(#2964,#2965,#2966,#2967));
#601=EDGE_LOOP('',(#2968,#2969,#2970));
#602=EDGE_LOOP('',(#2971,#2972,#2973,#2974));
#603=EDGE_LOOP('',(#2975,#2976,#2977,#2978));
#604=EDGE_LOOP('',(#2979,#2980,#2981,#2982));
#605=EDGE_LOOP('',(#2983,#2984,#2985,#2986));
#606=EDGE_LOOP('',(#2987,#2988,#2989,#2990));
#607=EDGE_LOOP('',(#2991,#2992,#2993,#2994));
#608=EDGE_LOOP('',(#2995,#2996,#2997,#2998));
#609=EDGE_LOOP('',(#2999,#3000,#3001,#3002));
#610=EDGE_LOOP('',(#3003,#3004,#3005,#3006,#3007,#3008,#3009));
#611=EDGE_LOOP('',(#3010,#3011,#3012,#3013));
#612=EDGE_LOOP('',(#3014,#3015,#3016,#3017));
#613=EDGE_LOOP('',(#3018,#3019,#3020,#3021,#3022));
#614=EDGE_LOOP('',(#3023,#3024,#3025));
#615=EDGE_LOOP('',(#3026,#3027,#3028,#3029));
#616=EDGE_LOOP('',(#3030,#3031,#3032,#3033));
#617=EDGE_LOOP('',(#3034,#3035,#3036,#3037));
#618=EDGE_LOOP('',(#3038,#3039,#3040,#3041));
#619=EDGE_LOOP('',(#3042,#3043,#3044,#3045));
#620=EDGE_LOOP('',(#3046,#3047,#3048,#3049));
#621=EDGE_LOOP('',(#3050,#3051,#3052,#3053));
#622=EDGE_LOOP('',(#3054,#3055,#3056,#3057));
#623=EDGE_LOOP('',(#3058,#3059,#3060,#3061));
#624=EDGE_LOOP('',(#3062,#3063,#3064,#3065));
#625=EDGE_LOOP('',(#3066,#3067,#3068,#3069));
#626=EDGE_LOOP('',(#3070,#3071,#3072,#3073));
#627=EDGE_LOOP('',(#3074,#3075,#3076,#3077));
#628=EDGE_LOOP('',(#3078,#3079,#3080,#3081));
#629=EDGE_LOOP('',(#3082,#3083,#3084,#3085));
#630=EDGE_LOOP('',(#3086,#3087,#3088));
#631=EDGE_LOOP('',(#3089,#3090,#3091));
#632=EDGE_LOOP('',(#3092,#3093,#3094,#3095));
#633=EDGE_LOOP('',(#3096,#3097,#3098,#3099));
#634=EDGE_LOOP('',(#3100,#3101,#3102,#3103));
#635=EDGE_LOOP('',(#3104,#3105,#3106,#3107));
#636=EDGE_LOOP('',(#3108,#3109,#3110,#3111));
#637=EDGE_LOOP('',(#3112,#3113,#3114,#3115));
#638=EDGE_LOOP('',(#3116,#3117,#3118));
#639=EDGE_LOOP('',(#3119,#3120,#3121,#3122));
#640=EDGE_LOOP('',(#3123,#3124,#3125,#3126));
#641=EDGE_LOOP('',(#3127,#3128,#3129,#3130));
#642=EDGE_LOOP('',(#3131,#3132,#3133,#3134));
#643=EDGE_LOOP('',(#3135,#3136,#3137,#3138));
#644=EDGE_LOOP('',(#3139,#3140,#3141,#3142));
#645=EDGE_LOOP('',(#3143,#3144,#3145));
#646=EDGE_LOOP('',(#3146,#3147,#3148,#3149));
#647=EDGE_LOOP('',(#3150,#3151,#3152,#3153));
#648=EDGE_LOOP('',(#3154,#3155,#3156,#3157));
#649=EDGE_LOOP('',(#3158,#3159,#3160));
#650=EDGE_LOOP('',(#3161,#3162,#3163,#3164));
#651=EDGE_LOOP('',(#3165,#3166,#3167,#3168));
#652=EDGE_LOOP('',(#3169,#3170,#3171,#3172));
#653=EDGE_LOOP('',(#3173,#3174,#3175,#3176));
#654=EDGE_LOOP('',(#3177,#3178,#3179));
#655=EDGE_LOOP('',(#3180,#3181,#3182,#3183));
#656=EDGE_LOOP('',(#3184,#3185,#3186,#3187));
#657=EDGE_LOOP('',(#3188,#3189,#3190,#3191));
#658=EDGE_LOOP('',(#3192,#3193,#3194,#3195));
#659=EDGE_LOOP('',(#3196,#3197,#3198,#3199));
#660=EDGE_LOOP('',(#3200,#3201,#3202,#3203));
#661=EDGE_LOOP('',(#3204,#3205,#3206));
#662=EDGE_LOOP('',(#3207,#3208,#3209));
#663=EDGE_LOOP('',(#3210,#3211,#3212,#3213));
#664=EDGE_LOOP('',(#3214,#3215,#3216,#3217));
#665=EDGE_LOOP('',(#3218,#3219,#3220,#3221));
#666=EDGE_LOOP('',(#3222,#3223,#3224,#3225));
#667=EDGE_LOOP('',(#3226,#3227,#3228,#3229));
#668=EDGE_LOOP('',(#3230,#3231,#3232,#3233));
#669=EDGE_LOOP('',(#3234,#3235,#3236,#3237));
#670=EDGE_LOOP('',(#3238,#3239,#3240,#3241));
#671=EDGE_LOOP('',(#3242,#3243,#3244,#3245));
#672=EDGE_LOOP('',(#3246,#3247,#3248,#3249));
#673=EDGE_LOOP('',(#3250,#3251,#3252,#3253));
#674=EDGE_LOOP('',(#3254,#3255,#3256,#3257));
#675=EDGE_LOOP('',(#3258,#3259,#3260,#3261));
#676=EDGE_LOOP('',(#3262,#3263,#3264,#3265,#3266));
#677=EDGE_LOOP('',(#3267,#3268,#3269,#3270,#3271));
#678=EDGE_LOOP('',(#3272,#3273,#3274,#3275));
#679=EDGE_LOOP('',(#3276,#3277,#3278,#3279));
#680=EDGE_LOOP('',(#3280,#3281,#3282,#3283));
#681=EDGE_LOOP('',(#3284,#3285,#3286,#3287));
#682=EDGE_LOOP('',(#3288,#3289,#3290,#3291));
#683=EDGE_LOOP('',(#3292,#3293,#3294,#3295));
#684=EDGE_LOOP('',(#3296,#3297,#3298));
#685=EDGE_LOOP('',(#3299,#3300,#3301,#3302));
#686=EDGE_LOOP('',(#3303,#3304,#3305,#3306));
#687=EDGE_LOOP('',(#3307,#3308,#3309,#3310));
#688=EDGE_LOOP('',(#3311,#3312,#3313,#3314));
#689=EDGE_LOOP('',(#3315,#3316,#3317,#3318));
#690=EDGE_LOOP('',(#3319,#3320,#3321,#3322));
#691=EDGE_LOOP('',(#3323,#3324,#3325,#3326,#3327,#3328,#3329,#3330,#3331,
#3332,#3333,#3334,#3335,#3336,#3337,#3338,#3339,#3340,#3341,#3342,#3343,
#3344,#3345,#3346,#3347,#3348,#3349,#3350,#3351,#3352,#3353,#3354,#3355,
#3356,#3357,#3358,#3359,#3360,#3361,#3362,#3363,#3364,#3365,#3366,#3367,
#3368,#3369,#3370,#3371,#3372,#3373,#3374,#3375,#3376,#3377,#3378,#3379,
#3380,#3381,#3382,#3383,#3384,#3385,#3386,#3387,#3388,#3389,#3390,#3391,
#3392,#3393,#3394));
#692=EDGE_LOOP('',(#3395));
#693=EDGE_LOOP('',(#3396,#3397,#3398,#3399));
#694=EDGE_LOOP('',(#3400,#3401));
#695=EDGE_LOOP('',(#3402,#3403,#3404,#3405,#3406,#3407,#3408));
#696=EDGE_LOOP('',(#3409,#3410,#3411,#3412));
#697=EDGE_LOOP('',(#3413,#3414,#3415));
#698=EDGE_LOOP('',(#3416,#3417,#3418,#3419));
#699=EDGE_LOOP('',(#3420,#3421,#3422,#3423));
#700=EDGE_LOOP('',(#3424,#3425,#3426,#3427));
#701=EDGE_LOOP('',(#3428,#3429,#3430,#3431));
#702=EDGE_LOOP('',(#3432,#3433,#3434,#3435,#3436,#3437,#3438));
#703=EDGE_LOOP('',(#3439,#3440,#3441,#3442));
#704=EDGE_LOOP('',(#3443,#3444,#3445,#3446,#3447,#3448,#3449,#3450));
#705=EDGE_LOOP('',(#3451,#3452));
#706=EDGE_LOOP('',(#3453,#3454));
#707=EDGE_LOOP('',(#3455,#3456,#3457,#3458));
#708=EDGE_LOOP('',(#3459,#3460,#3461,#3462));
#709=EDGE_LOOP('',(#3463,#3464,#3465,#3466));
#710=EDGE_LOOP('',(#3467,#3468,#3469,#3470,#3471,#3472,#3473,#3474,#3475,
#3476));
#711=EDGE_LOOP('',(#3477,#3478,#3479,#3480));
#712=EDGE_LOOP('',(#3481,#3482,#3483,#3484));
#713=EDGE_LOOP('',(#3485,#3486));
#714=CIRCLE('',#3768,25.423439138514);
#715=CIRCLE('',#3771,27.4806394105648);
#716=CIRCLE('',#3775,25.4234391385145);
#717=CIRCLE('',#3777,27.4806394105652);
#718=CIRCLE('',#3779,29.0827205003959);
#719=CIRCLE('',#3780,32.067917038837);
#720=CIRCLE('',#3781,29.082720500383);
#721=CIRCLE('',#3782,32.067917038837);
#722=CIRCLE('',#3784,1.81305146428787);
#723=CIRCLE('',#3786,26.0827205003722);
#724=CIRCLE('',#3788,32.067917038837);
#725=CIRCLE('',#3789,1.81305146428787);
#726=CIRCLE('',#3791,26.0827205003722);
#727=CIRCLE('',#3793,26.0827205003722);
#728=CIRCLE('',#3795,26.0827205003722);
#729=CIRCLE('',#3796,26.0827205003722);
#730=CIRCLE('',#3797,26.0827205003722);
#731=CIRCLE('',#3798,26.0827205003722);
#732=CIRCLE('',#3799,26.0827205003722);
#733=CIRCLE('',#3800,26.0827205003722);
#734=CIRCLE('',#3801,26.0827205003722);
#735=CIRCLE('',#3802,26.0827205003722);
#736=CIRCLE('',#3803,26.0827205003722);
#737=CIRCLE('',#3804,25.6827205003722);
#738=CIRCLE('',#3806,25.6827205003722);
#739=CIRCLE('',#3807,26.0827205003722);
#740=CIRCLE('',#3808,26.0827205003722);
#741=CIRCLE('',#3809,26.0827205003722);
#742=CIRCLE('',#3810,26.0827205003722);
#743=CIRCLE('',#3811,26.0827205003722);
#744=CIRCLE('',#3812,26.0827205003722);
#745=CIRCLE('',#3813,26.0827205003722);
#746=CIRCLE('',#3814,26.0827205003722);
#747=CIRCLE('',#3815,26.0827205003722);
#748=CIRCLE('',#3816,26.0827205003722);
#749=CIRCLE('',#3817,26.0827205003722);
#750=CIRCLE('',#3818,26.0827205003722);
#751=CIRCLE('',#3819,26.0827205003722);
#752=CIRCLE('',#3820,26.0827205003722);
#753=CIRCLE('',#3821,26.0827205003722);
#754=CIRCLE('',#3822,26.0827205003722);
#755=CIRCLE('',#3823,26.0827205003722);
#756=CIRCLE('',#3824,26.0827205003722);
#757=CIRCLE('',#3825,26.0827205003722);
#758=CIRCLE('',#3826,26.0827205003722);
#759=CIRCLE('',#3827,26.0827205003722);
#760=CIRCLE('',#3828,26.0827205003722);
#761=CIRCLE('',#3829,26.0827205003722);
#762=CIRCLE('',#3830,26.0827205003722);
#763=CIRCLE('',#3831,26.0827205003722);
#764=CIRCLE('',#3832,26.0827205003722);
#765=CIRCLE('',#3833,26.0827205003722);
#766=CIRCLE('',#3834,26.0827205003722);
#767=CIRCLE('',#3835,26.0827205003722);
#768=CIRCLE('',#3836,26.0827205003722);
#769=CIRCLE('',#3837,26.0827205003722);
#770=CIRCLE('',#3838,26.0827205003722);
#771=CIRCLE('',#3839,26.0827205003722);
#772=CIRCLE('',#3840,26.0827205003722);
#773=CIRCLE('',#3842,32.067917038837);
#774=CIRCLE('',#3843,30.2581115798561);
#775=CIRCLE('',#3845,1.81305146431125);
#776=CIRCLE('',#3847,29.0827205003959);
#777=CIRCLE('',#3849,1.05);
#778=CIRCLE('',#3850,1.05);
#779=CIRCLE('',#3852,4.05);
#780=CIRCLE('',#3853,4.05);
#781=CIRCLE('',#3856,25.6827205003722);
#782=CIRCLE('',#3857,25.6827205003722);
#783=CIRCLE('',#3860,3.);
#784=CIRCLE('',#3862,3.00000000000001);
#785=CIRCLE('',#3865,32.1112617617301);
#786=CIRCLE('',#3867,32.1112617617301);
#787=CIRCLE('',#3869,25.6827205003722);
#788=CIRCLE('',#3871,25.6827205003722);
#789=CIRCLE('',#3872,25.6827205003722);
#790=CIRCLE('',#3874,32.067917038837);
#791=CIRCLE('',#3875,1.81305146428787);
#792=CIRCLE('',#3876,30.2581115798561);
#793=CIRCLE('',#3878,1.81305146431125);
#794=CIRCLE('',#3879,32.067917038837);
#795=CIRCLE('',#3881,29.0827205003959);
#796=CIRCLE('',#3882,32.067917038837);
#797=CIRCLE('',#3884,32.067917038837);
#798=CIRCLE('',#3885,29.0827205003959);
#799=CIRCLE('',#3886,32.067917038837);
#800=CIRCLE('',#3887,29.082720500383);
#801=CIRCLE('',#3888,32.067917038837);
#802=CIRCLE('',#3890,1.81305146428787);
#803=CIRCLE('',#3891,30.2581115798561);
#804=CIRCLE('',#3893,30.2581115798561);
#805=CIRCLE('',#3894,1.81305146431125);
#806=CIRCLE('',#3896,30.2581115798561);
#807=CIRCLE('',#3898,32.067917038837);
#808=CIRCLE('',#3899,1.81305146428787);
#809=CIRCLE('',#3901,32.067917038837);
#810=CIRCLE('',#3903,32.067917038837);
#811=CIRCLE('',#3904,29.0827205003959);
#812=CIRCLE('',#3906,29.082720500383);
#813=CIRCLE('',#3907,32.067917038837);
#814=CIRCLE('',#3909,30.2581115798561);
#815=CIRCLE('',#3910,1.81305146431125);
#816=CIRCLE('',#3912,30.2581115798561);
#817=CIRCLE('',#3914,32.067917038837);
#818=CIRCLE('',#3915,1.81305146428787);
#819=CIRCLE('',#3917,32.067917038837);
#820=CIRCLE('',#3918,32.067917038837);
#821=CIRCLE('',#3920,29.082720500383);
#822=CIRCLE('',#3921,32.067917038837);
#823=CIRCLE('',#3923,32.067917038837);
#824=CIRCLE('',#3924,29.0827205003959);
#825=CIRCLE('',#3926,32.067917038837);
#826=CIRCLE('',#3928,30.2581115798561);
#827=CIRCLE('',#3930,30.2581115798561);
#828=CIRCLE('',#3931,1.81305146431125);
#829=CIRCLE('',#3933,30.2581115798561);
#830=CIRCLE('',#3935,32.067917038837);
#831=CIRCLE('',#3937,32.067917038837);
#832=CIRCLE('',#3938,1.81305146428787);
#833=CIRCLE('',#3940,32.067917038837);
#834=CIRCLE('',#3942,32.067917038837);
#835=CIRCLE('',#3943,29.0827205003959);
#836=CIRCLE('',#3945,29.082720500383);
#837=CIRCLE('',#3946,32.067917038837);
#838=CIRCLE('',#3947,32.067917038837);
#839=CIRCLE('',#3949,30.2581115798561);
#840=CIRCLE('',#3951,30.2581115798561);
#841=CIRCLE('',#3952,1.81305146431125);
#842=CIRCLE('',#3954,30.2581115798561);
#843=CIRCLE('',#3956,32.067917038837);
#844=CIRCLE('',#3958,32.067917038837);
#845=CIRCLE('',#3959,1.81305146428787);
#846=CIRCLE('',#3961,32.067917038837);
#847=CIRCLE('',#3963,29.082720500383);
#848=CIRCLE('',#3964,32.067917038837);
#849=CIRCLE('',#3966,32.067917038837);
#850=CIRCLE('',#3967,29.0827205003959);
#851=CIRCLE('',#3969,1.81305146431125);
#852=CIRCLE('',#3971,32.067917038837);
#853=CIRCLE('',#3972,30.2581115798561);
#854=CIRCLE('',#3974,32.067917038837);
#855=CIRCLE('',#3975,29.082720500383);
#856=CIRCLE('',#3978,30.2581115798561);
#857=CIRCLE('',#3982,32.067917038837);
#858=CIRCLE('',#3985,1.81305146431125);
#859=CIRCLE('',#3987,30.2581115798561);
#860=CIRCLE('',#3988,32.067917038837);
#861=CIRCLE('',#3990,32.067917038837);
#862=CIRCLE('',#3991,29.082720500383);
#863=CIRCLE('',#3992,29.0827205003959);
#864=CIRCLE('',#3996,1.81305146431125);
#865=CIRCLE('',#3998,30.2581115798561);
#866=CIRCLE('',#3999,32.067917038837);
#867=CIRCLE('',#4001,29.0827205003959);
#868=CIRCLE('',#4002,32.067917038837);
#869=CIRCLE('',#4003,29.082720500383);
#870=CIRCLE('',#4006,1.81305146428787);
#871=CIRCLE('',#4007,30.2581115798561);
#872=CIRCLE('',#4010,1.81305146431125);
#873=CIRCLE('',#4012,30.2581115798561);
#874=CIRCLE('',#4013,32.067917038837);
#875=CIRCLE('',#4015,29.0827205003959);
#876=CIRCLE('',#4016,32.067917038837);
#877=CIRCLE('',#4017,29.082720500383);
#878=CIRCLE('',#4020,1.81305146428787);
#879=CIRCLE('',#4023,30.2581115798561);
#880=CIRCLE('',#4025,30.2581115798561);
#881=CIRCLE('',#4026,1.81305146431125);
#882=CIRCLE('',#4028,32.067917038837);
#883=CIRCLE('',#4030,29.0827205003959);
#884=CIRCLE('',#4031,32.067917038837);
#885=CIRCLE('',#4032,29.082720500383);
#886=CIRCLE('',#4035,1.81305146428787);
#887=CIRCLE('',#4036,30.2581115798561);
#888=CIRCLE('',#4038,1.81305146431125);
#889=CIRCLE('',#4040,30.2581115798561);
#890=CIRCLE('',#4041,32.067917038837);
#891=CIRCLE('',#4043,29.0827205003959);
#892=CIRCLE('',#4044,32.067917038837);
#893=CIRCLE('',#4045,29.082720500383);
#894=CIRCLE('',#4048,1.81305146428787);
#895=CIRCLE('',#4049,30.2581115798561);
#896=CIRCLE('',#4052,1.81305146431125);
#897=CIRCLE('',#4054,32.067917038837);
#898=CIRCLE('',#4056,29.0827205003959);
#899=CIRCLE('',#4057,32.067917038837);
#900=CIRCLE('',#4058,29.082720500383);
#901=CIRCLE('',#4061,1.81305146428787);
#902=CIRCLE('',#4062,30.2581115798561);
#903=CIRCLE('',#4064,1.81305146431125);
#904=CIRCLE('',#4066,32.067917038837);
#905=CIRCLE('',#4068,29.0827205003959);
#906=CIRCLE('',#4069,32.067917038837);
#907=CIRCLE('',#4070,29.082720500383);
#908=CIRCLE('',#4073,1.81305146428787);
#909=CIRCLE('',#4074,30.2581115798561);
#910=CIRCLE('',#4075,1.81305146431125);
#911=CIRCLE('',#4077,32.067917038837);
#912=CIRCLE('',#4079,32.067917038837);
#913=CIRCLE('',#4080,29.082720500383);
#914=CIRCLE('',#4081,29.0827205003959);
#915=CIRCLE('',#4085,1.81305146431125);
#916=CIRCLE('',#4087,32.067917038837);
#917=CIRCLE('',#4089,29.0827205003959);
#918=CIRCLE('',#4090,32.067917038837);
#919=CIRCLE('',#4091,29.082720500383);
#920=CIRCLE('',#4094,1.81305146428787);
#921=CIRCLE('',#4095,1.81305146431125);
#922=CIRCLE('',#4097,32.067917038837);
#923=CIRCLE('',#4099,29.0827205003959);
#924=CIRCLE('',#4100,32.067917038837);
#925=CIRCLE('',#4101,29.082720500383);
#926=CIRCLE('',#4104,1.81305146428787);
#927=CIRCLE('',#4108,1.81305146431125);
#928=CIRCLE('',#4110,30.2581115798561);
#929=CIRCLE('',#4111,32.067917038837);
#930=CIRCLE('',#4113,29.0827205003959);
#931=CIRCLE('',#4114,32.067917038837);
#932=CIRCLE('',#4115,29.082720500383);
#933=CIRCLE('',#4118,1.81305146428787);
#934=CIRCLE('',#4119,30.2581115798561);
#935=CIRCLE('',#4121,1.81305146431125);
#936=CIRCLE('',#4123,30.2581115798561);
#937=CIRCLE('',#4124,32.067917038837);
#938=CIRCLE('',#4126,29.0827205003959);
#939=CIRCLE('',#4127,32.067917038837);
#940=CIRCLE('',#4128,29.082720500383);
#941=CIRCLE('',#4131,1.81305146428787);
#942=CIRCLE('',#4137,1.81305146428787);
#943=CIRCLE('',#4138,30.2581115798561);
#944=CIRCLE('',#4140,1.81305146431125);
#945=CIRCLE('',#4142,30.2581115798561);
#946=CIRCLE('',#4143,32.067917038837);
#947=CIRCLE('',#4145,29.0827205003959);
#948=CIRCLE('',#4146,32.067917038837);
#949=CIRCLE('',#4147,29.082720500383);
#950=CIRCLE('',#4150,1.81305146428787);
#951=CIRCLE('',#4151,30.2581115798561);
#952=CIRCLE('',#4154,1.81305146431125);
#953=CIRCLE('',#4156,32.067917038837);
#954=CIRCLE('',#4158,29.0827205003959);
#955=CIRCLE('',#4159,32.067917038837);
#956=CIRCLE('',#4160,29.082720500383);
#957=CIRCLE('',#4163,1.81305146428787);
#958=CIRCLE('',#4164,1.81305146431125);
#959=CIRCLE('',#4166,32.067917038837);
#960=CIRCLE('',#4168,29.0827205003959);
#961=CIRCLE('',#4169,32.067917038837);
#962=CIRCLE('',#4170,29.082720500383);
#963=CIRCLE('',#4173,1.81305146428787);
#964=CIRCLE('',#4175,32.067917038837);
#965=CIRCLE('',#4177,32.067917038837);
#966=CIRCLE('',#4178,29.082720500383);
#967=CIRCLE('',#4180,1.81305146431125);
#968=CIRCLE('',#4182,32.067917038837);
#969=CIRCLE('',#4184,29.0827205003959);
#970=CIRCLE('',#4185,32.067917038837);
#971=CIRCLE('',#4186,29.082720500383);
#972=CIRCLE('',#4189,1.81305146428787);
#973=CIRCLE('',#4199,25.6827205003722);
#974=LINE('',#5201,#1048);
#975=LINE('',#5203,#1049);
#976=LINE('',#5205,#1050);
#977=LINE('',#5207,#1051);
#978=LINE('',#5274,#1052);
#979=LINE('',#5334,#1053);
#980=LINE('',#5336,#1054);
#981=LINE('',#5337,#1055);
#982=LINE('',#5378,#1056);
#983=LINE('',#5440,#1057);
#984=LINE('',#5484,#1058);
#985=LINE('',#5487,#1059);
#986=LINE('',#5516,#1060);
#987=LINE('',#5517,#1061);
#988=LINE('',#5520,#1062);
#989=LINE('',#5522,#1063);
#990=LINE('',#5524,#1064);
#991=LINE('',#5740,#1065);
#992=LINE('',#5742,#1066);
#993=LINE('',#5746,#1067);
#994=LINE('',#5747,#1068);
#995=LINE('',#5905,#1069);
#996=LINE('',#5911,#1070);
#997=LINE('',#5917,#1071);
#998=LINE('',#5919,#1072);
#999=LINE('',#5921,#1073);
#1000=LINE('',#5923,#1074);
#1001=LINE('',#5925,#1075);
#1002=LINE('',#5927,#1076);
#1003=LINE('',#5931,#1077);
#1004=LINE('',#5935,#1078);
#1005=LINE('',#5936,#1079);
#1006=LINE('',#6621,#1080);
#1007=LINE('',#6649,#1081);
#1008=LINE('',#6653,#1082);
#1009=LINE('',#6655,#1083);
#1010=LINE('',#6659,#1084);
#1011=LINE('',#6660,#1085);
#1012=LINE('',#9756,#1086);
#1013=LINE('',#9758,#1087);
#1014=LINE('',#9760,#1088);
#1015=LINE('',#9761,#1089);
#1016=LINE('',#9764,#1090);
#1017=LINE('',#9766,#1091);
#1018=LINE('',#9767,#1092);
#1019=LINE('',#9770,#1093);
#1020=LINE('',#9772,#1094);
#1021=LINE('',#9773,#1095);
#1022=LINE('',#9775,#1096);
#1023=LINE('',#9776,#1097);
#1024=LINE('',#9778,#1098);
#1025=LINE('',#9781,#1099);
#1026=LINE('',#9783,#1100);
#1027=LINE('',#9785,#1101);
#1028=LINE('',#9787,#1102);
#1029=LINE('',#9789,#1103);
#1030=LINE('',#9790,#1104);
#1031=LINE('',#9794,#1105);
#1032=LINE('',#9796,#1106);
#1033=LINE('',#9798,#1107);
#1034=LINE('',#9802,#1108);
#1035=LINE('',#9803,#1109);
#1036=LINE('',#9805,#1110);
#1037=LINE('',#9807,#1111);
#1038=LINE('',#9809,#1112);
#1039=LINE('',#9811,#1113);
#1040=LINE('',#9813,#1114);
#1041=LINE('',#9815,#1115);
#1042=LINE('',#9817,#1116);
#1043=LINE('',#9819,#1117);
#1044=LINE('',#9822,#1118);
#1045=LINE('',#9823,#1119);
#1046=LINE('',#9825,#1120);
#1047=LINE('',#9827,#1121);
#1048=VECTOR('',#4221,10.);
#1049=VECTOR('',#4222,10.);
#1050=VECTOR('',#4223,10.);
#1051=VECTOR('',#4224,10.);
#1052=VECTOR('',#4229,10.);
#1053=VECTOR('',#4234,10.);
#1054=VECTOR('',#4235,10.);
#1055=VECTOR('',#4236,10.);
#1056=VECTOR('',#4239,1.05);
#1057=VECTOR('',#4242,10.);
#1058=VECTOR('',#4243,10.);
#1059=VECTOR('',#4246,10.);
#1060=VECTOR('',#4249,10.);
#1061=VECTOR('',#4250,10.);
#1062=VECTOR('',#4253,10.);
#1063=VECTOR('',#4254,10.);
#1064=VECTOR('',#4255,10.);
#1065=VECTOR('',#4310,10.);
#1066=VECTOR('',#4311,10.);
#1067=VECTOR('',#4314,10.);
#1068=VECTOR('',#4315,10.);
#1069=VECTOR('',#4406,1.05);
#1070=VECTOR('',#4413,4.05);
#1071=VECTOR('',#4420,10.);
#1072=VECTOR('',#4421,10.);
#1073=VECTOR('',#4422,10.);
#1074=VECTOR('',#4423,10.);
#1075=VECTOR('',#4424,10.);
#1076=VECTOR('',#4425,10.);
#1077=VECTOR('',#4428,10.);
#1078=VECTOR('',#4431,10.);
#1079=VECTOR('',#4432,10.);
#1080=VECTOR('',#4449,10.);
#1081=VECTOR('',#4454,10.);
#1082=VECTOR('',#4461,10.);
#1083=VECTOR('',#4462,10.);
#1084=VECTOR('',#4467,10.);
#1085=VECTOR('',#4468,10.);
#1086=VECTOR('',#5109,10.);
#1087=VECTOR('',#5110,10.);
#1088=VECTOR('',#5111,10.);
#1089=VECTOR('',#5112,10.);
#1090=VECTOR('',#5115,10.);
#1091=VECTOR('',#5116,10.);
#1092=VECTOR('',#5117,10.);
#1093=VECTOR('',#5120,10.);
#1094=VECTOR('',#5121,10.);
#1095=VECTOR('',#5122,10.);
#1096=VECTOR('',#5125,10.);
#1097=VECTOR('',#5126,10.);
#1098=VECTOR('',#5129,10.);
#1099=VECTOR('',#5132,10.);
#1100=VECTOR('',#5133,10.);
#1101=VECTOR('',#5134,10.);
#1102=VECTOR('',#5135,10.);
#1103=VECTOR('',#5136,10.);
#1104=VECTOR('',#5137,10.);
#1105=VECTOR('',#5140,10.);
#1106=VECTOR('',#5141,10.);
#1107=VECTOR('',#5142,10.);
#1108=VECTOR('',#5147,10.);
#1109=VECTOR('',#5148,10.);
#1110=VECTOR('',#5151,10.);
#1111=VECTOR('',#5154,10.);
#1112=VECTOR('',#5157,10.);
#1113=VECTOR('',#5160,10.);
#1114=VECTOR('',#5163,10.);
#1115=VECTOR('',#5166,10.);
#1116=VECTOR('',#5169,10.);
#1117=VECTOR('',#5172,10.);
#1118=VECTOR('',#5177,10.);
#1119=VECTOR('',#5178,10.);
#1120=VECTOR('',#5181,10.);
#1121=VECTOR('',#5184,10.);
#1122=B_SPLINE_CURVE_WITH_KNOTS('',3,(#5194,#5195,#5196,#5197,#5198,#5199),
 .UNSPECIFIED.,.F.,.F.,(4,2,4),(3.06297970753137,3.87928838434526,3.97699918198849),
 .UNSPECIFIED.);
#1123=B_SPLINE_CURVE_WITH_KNOTS('',3,(#5209,#5210,#5211,#5212),
 .UNSPECIFIED.,.F.,.F.,(4,4),(-0.0213460404591064,-0.00166133091264692),
 .UNSPECIFIED.);
#1124=B_SPLINE_CURVE_WITH_KNOTS('',3,(#5214,#5215,#5216,#5217,#5218,#5219,
#5220,#5221,#5222,#5223,#5224,#5225),.UNSPECIFIED.,.F.,.F.,(4,2,2,2,2,4),
(0.14144836479548,0.238455946947137,0.317995162143814,0.397534377340491,
0.499255828081615,0.581635443566887),.UNSPECIFIED.);
#1125=B_SPLINE_CURVE_WITH_KNOTS('',3,(#5229,#5230,#5231,#5232,#5233,#5234,
#5235,#5236,#5237,#5238,#5239,#5240,#5241,#5242),.UNSPECIFIED.,.F.,.F.,
(4,2,2,2,2,2,4),(-0.271462810342791,-0.248910796654541,-0.212241926452185,
-0.164392713080208,-0.114607483668624,-0.0574857306186418,-0.0412988807832735),
 .UNSPECIFIED.);
#1126=B_SPLINE_CURVE_WITH_KNOTS('',3,(#5244,#5245,#5246,#5247,#5248,#5249,
#5250,#5251,#5252,#5253,#5254,#5255,#5256,#5257,#5258,#5259,#5260,#5261),
 .UNSPECIFIED.,.F.,.F.,(4,2,2,2,2,2,2,2,4),(-0.625682050354131,-0.611126592422313,
-0.590115990700364,-0.520349424785987,-0.467977650194443,-0.423634691330714,
-0.376841328627554,-0.31436683932599,-0.312100086529686),.UNSPECIFIED.);
#1127=B_SPLINE_CURVE_WITH_KNOTS('',3,(#5263,#5264,#5265,#5266,#5267,#5268,
#5269,#5270,#5271,#5272),.UNSPECIFIED.,.F.,.F.,(4,2,2,2,4),(0.,0.0553436612724836,
0.110687322544967,0.178622292248897,0.228450154280923),.UNSPECIFIED.);
#1128=B_SPLINE_CURVE_WITH_KNOTS('',3,(#5275,#5276,#5277,#5278,#5279,#5280,
#5281,#5282,#5283,#5284,#5285,#5286,#5287,#5288,#5289,#5290,#5291,#5292,
#5293,#5294),.UNSPECIFIED.,.F.,.F.,(4,2,2,2,2,2,2,2,2,4),(-0.551587609515151,
-0.51968526216248,-0.487782914809808,-0.423978220104465,-0.346571626741617,
-0.26916503337877,-0.195393307954109,-0.121621582529449,-0.0608107912647244,
0.),.UNSPECIFIED.);
#1129=B_SPLINE_CURVE_WITH_KNOTS('',3,(#5299,#5300,#5301,#5302),
 .UNSPECIFIED.,.F.,.F.,(4,4),(4.45815938548892,4.66144861113319),
 .UNSPECIFIED.);
#1130=B_SPLINE_CURVE_WITH_KNOTS('',3,(#5304,#5305,#5306,#5307,#5308,#5309,
#5310,#5311,#5312,#5313,#5314,#5315,#5316,#5317,#5318,#5319,#5320,#5321),
 .UNSPECIFIED.,.F.,.F.,(4,2,2,2,2,2,2,2,4),(-0.360254888763981,-0.325009407679541,
-0.294437820143947,-0.258828780255224,-0.222744922505762,-0.180227263277504,
-0.130081656941683,-0.069537422953862,0.),.UNSPECIFIED.);
#1131=B_SPLINE_CURVE_WITH_KNOTS('',3,(#5323,#5324,#5325,#5326,#5327,#5328,
#5329,#5330,#5331,#5332),.UNSPECIFIED.,.F.,.F.,(4,2,2,2,4),(-0.222435856099545,
-0.186172892676534,-0.147272544473201,-0.0854039178898104,0.),
 .UNSPECIFIED.);
#1132=B_SPLINE_CURVE_WITH_KNOTS('',3,(#5341,#5342,#5343,#5344,#5345,#5346,
#5347,#5348,#5349,#5350,#5351,#5352,#5353,#5354,#5355,#5356,#5357,#5358),
 .UNSPECIFIED.,.F.,.F.,(4,2,2,2,2,2,2,2,4),(0.,0.0427283940972666,0.0854567881945332,
0.124861233384837,0.16426567857514,0.203670123765444,0.243074568955748,
0.285802963053014,0.328531357150281),.UNSPECIFIED.);
#1133=B_SPLINE_CURVE_WITH_KNOTS('',3,(#5359,#5360,#5361,#5362,#5363,#5364,
#5365,#5366,#5367,#5368,#5369,#5370,#5371,#5372,#5373,#5374,#5375,#5376),
 .UNSPECIFIED.,.F.,.F.,(4,2,2,2,2,2,2,2,4),(0.328531357150281,0.371324502530056,
0.414117647909831,0.453529627201273,0.492941606492714,0.532353585784156,
0.571765565075598,0.614558710455373,0.657351855835148),.UNSPECIFIED.);
#1134=B_SPLINE_CURVE_WITH_KNOTS('',3,(#5380,#5381,#5382,#5383,#5384,#5385,
#5386,#5387,#5388,#5389,#5390,#5391,#5392,#5393,#5394,#5395,#5396,#5397),
 .UNSPECIFIED.,.F.,.F.,(4,2,2,2,2,2,2,2,4),(0.,0.0395568331420858,0.0791136662841717,
0.118670495693889,0.158227325103606,0.197784154513323,0.23734098392304,
0.276897817065126,0.316454650207212),.UNSPECIFIED.);
#1135=B_SPLINE_CURVE_WITH_KNOTS('',3,(#5398,#5399,#5400,#5401,#5402,#5403,
#5404,#5405,#5406,#5407,#5408,#5409,#5410,#5411,#5412,#5413,#5414,#5415),
 .UNSPECIFIED.,.F.,.F.,(4,2,2,2,2,2,2,2,4),(0.316454650207212,0.356011483349298,
0.395568316491383,0.435125145901101,0.474681975310818,0.514238804720535,
0.553795634130252,0.593352467272338,0.632909300414424),.UNSPECIFIED.);
#1136=B_SPLINE_CURVE_WITH_KNOTS('',3,(#5419,#5420,#5421,#5422,#5423,#5424,
#5425,#5426,#5427,#5428,#5429,#5430,#5431,#5432,#5433,#5434,#5435,#5436,
#5437,#5438),.UNSPECIFIED.,.F.,.F.,(4,2,2,2,2,2,2,2,2,4),(-0.551587609515138,
-0.490776818250414,-0.42996602698569,-0.356194301561032,-0.282422576136374,
-0.205015982773529,-0.127609389410684,-0.0638046947053421,-0.0319023473526709,
0.),.UNSPECIFIED.);
#1137=B_SPLINE_CURVE_WITH_KNOTS('',3,(#5442,#5443,#5444,#5445,#5446,#5447,
#5448,#5449,#5450,#5451),.UNSPECIFIED.,.F.,.F.,(4,2,2,2,4),(0.274162430420214,
0.323990292452407,0.391925262156335,0.447268923428819,0.502612584701302),
 .UNSPECIFIED.);
#1138=B_SPLINE_CURVE_WITH_KNOTS('',3,(#5453,#5454,#5455,#5456,#5457,#5458,
#5459,#5460,#5461,#5462,#5463,#5464,#5465,#5466,#5467,#5468),
 .UNSPECIFIED.,.F.,.F.,(4,2,2,2,2,2,2,4),(-0.281117669164205,-0.233188495947746,
-0.197438563415124,-0.161963754774784,-0.0955658504379597,-0.0525016674113723,
-0.0214379133826033,-0.00253436312068751),.UNSPECIFIED.);
#1139=B_SPLINE_CURVE_WITH_KNOTS('',3,(#5470,#5471,#5472,#5473,#5474,#5475,
#5476,#5477,#5478,#5479,#5480,#5481,#5482,#5483),.UNSPECIFIED.,.F.,.F.,
(4,2,2,2,2,2,4),(-0.506889592898244,-0.473974436653395,-0.425482560606748,
-0.383528966574928,-0.34377030041458,-0.305377855578729,-0.279090144813468),
 .UNSPECIFIED.);
#1140=B_SPLINE_CURVE_WITH_KNOTS('',3,(#5489,#5490,#5491,#5492,#5493,#5494),
 .UNSPECIFIED.,.F.,.F.,(4,2,4),(1.6563601111106,1.75407090875417,2.57037958556825),
 .UNSPECIFIED.);
#1141=B_SPLINE_CURVE_WITH_KNOTS('',3,(#5498,#5499,#5500,#5501,#5502,#5503,
#5504,#5505,#5506,#5507,#5508,#5509),.UNSPECIFIED.,.F.,.F.,(4,2,2,2,2,4),
(1.95581316488183,2.03819278036732,2.13991423110844,2.21945344630511,2.29899266150179,
2.39600024365344),.UNSPECIFIED.);
#1142=B_SPLINE_CURVE_WITH_KNOTS('',3,(#5511,#5512,#5513,#5514),
 .UNSPECIFIED.,.F.,.F.,(4,4),(-0.0196847663855603,0.),.UNSPECIFIED.);
#1143=B_SPLINE_CURVE_WITH_KNOTS('',3,(#5526,#5527,#5528,#5529,#5530,#5531,
#5532,#5533,#5534,#5535),.UNSPECIFIED.,.F.,.F.,(4,2,2,2,4),(-0.321415665392067,
-0.251281453217057,-0.175530366141156,-0.0897754586262341,-0.0059437407930736),
 .UNSPECIFIED.);
#1144=B_SPLINE_CURVE_WITH_KNOTS('',3,(#5537,#5538,#5539,#5540,#5541,#5542,
#5543,#5544,#5545,#5546,#5547,#5548,#5549,#5550,#5551,#5552,#5553,#5554),
 .UNSPECIFIED.,.F.,.F.,(4,2,2,2,2,2,2,2,4),(-0.319477841355878,-0.272558676725008,
-0.228092869137718,-0.182377982882493,-0.144991508909163,-0.10926749734885,
-0.0786222781420437,-0.0470898664176257,0.),.UNSPECIFIED.);
#1145=B_SPLINE_CURVE_WITH_KNOTS('',3,(#5556,#5557,#5558,#5559),
 .UNSPECIFIED.,.F.,.F.,(4,4),(1.13670812263081,1.3399973482742),
 .UNSPECIFIED.);
#1146=B_SPLINE_CURVE_WITH_KNOTS('',3,(#5570,#5571,#5572,#5573,#5574,#5575,
#5576),.UNSPECIFIED.,.F.,.F.,(4,3,4),(0.944095170985055,1.01682239136355,
1.10835418394718),.UNSPECIFIED.);
#1147=B_SPLINE_CURVE_WITH_KNOTS('',3,(#5603,#5604,#5605,#5606,#5607,#5608,
#5609,#5610,#5611,#5612,#5613,#5614),.UNSPECIFIED.,.F.,.F.,(4,2,2,2,2,4),
(0.,0.0709946871316288,0.141855719147651,0.212658170487595,0.249233002743117,
0.270609435389292),.UNSPECIFIED.);
#1148=B_SPLINE_CURVE_WITH_KNOTS('',3,(#5616,#5617,#5618,#5619,#5620),
 .UNSPECIFIED.,.F.,.F.,(4,1,4),(-0.944095169974861,-0.846863242987836,-0.780249707852821),
 .UNSPECIFIED.);
#1149=B_SPLINE_CURVE_WITH_KNOTS('',3,(#5625,#5626,#5627,#5628,#5629,#5630,
#5631,#5632,#5633,#5634,#5635,#5636),.UNSPECIFIED.,.F.,.F.,(4,2,2,2,2,4),
(0.,0.0708651245348168,0.141645426840853,0.212480075845009,0.249128125874149,
0.285774375896102),.UNSPECIFIED.);
#1150=B_SPLINE_CURVE_WITH_KNOTS('',3,(#5643,#5644,#5645,#5646,#5647,#5648,
#5649,#5650,#5651,#5652),.UNSPECIFIED.,.F.,.F.,(4,2,2,2,4),(0.0877361623935771,
0.141645426840854,0.212480075845008,0.249128125874149,0.28577437589611),
 .UNSPECIFIED.);
#1151=B_SPLINE_CURVE_WITH_KNOTS('',3,(#5654,#5655,#5656,#5657,#5658,#5659,
#5660,#5661,#5662,#5663,#5664,#5665),.UNSPECIFIED.,.F.,.F.,(4,2,2,2,2,4),
(0.,0.0709946871316161,0.141855719147631,0.212658170487564,0.249233002743081,
0.285786136949898),.UNSPECIFIED.);
#1152=B_SPLINE_CURVE_WITH_KNOTS('',3,(#5693,#5694,#5695,#5696,#5697,#5698,
#5699,#5700),.UNSPECIFIED.,.F.,.F.,(4,2,2,4),(0.,0.0709946871316229,0.141855719147647,
0.198217851080657),.UNSPECIFIED.);
#1153=B_SPLINE_CURVE_WITH_KNOTS('',3,(#5701,#5702,#5703,#5704,#5705),
 .UNSPECIFIED.,.F.,.F.,(4,1,4),(-1.10794016060718,-1.03342041913796,-0.954765457504084),
 .UNSPECIFIED.);
#1154=B_SPLINE_CURVE_WITH_KNOTS('',3,(#5709,#5710,#5711,#5712,#5713,#5714,
#5715,#5716,#5717,#5718,#5719,#5720),.UNSPECIFIED.,.F.,.F.,(4,2,2,2,2,4),
(0.,0.0708651245348159,0.14164542684085,0.212480075845003,0.249128125874143,
0.285774375896101),.UNSPECIFIED.);
#1155=B_SPLINE_CURVE_WITH_KNOTS('',3,(#5821,#5822,#5823,#5824,#5825,#5826,
#5827,#5828,#5829,#5830,#5831,#5832,#5833),.UNSPECIFIED.,.F.,.F.,(4,3,2,
2,2,4),(-0.0105805533987109,0.,0.0649058983818653,0.133258618913951,0.206276257489862,
0.283944904865378),.UNSPECIFIED.);
#1156=B_SPLINE_CURVE_WITH_KNOTS('',3,(#5837,#5838,#5839,#5840,#5841,#5842,
#5843,#5844,#5845,#5846,#5847,#5848),.UNSPECIFIED.,.F.,.F.,(4,2,2,2,2,4),
(0.0151908317503788,0.0708651245348148,0.141645426840849,0.212480075845003,
0.249128125874144,0.285774375896106),.UNSPECIFIED.);
#1157=B_SPLINE_CURVE_WITH_KNOTS('',3,(#5849,#5850,#5851,#5852,#5853,#5854,
#5855,#5856,#5857,#5858,#5859,#5860),.UNSPECIFIED.,.F.,.F.,(4,2,2,2,2,4),
(0.,0.0709946871316256,0.141855719147649,0.212658170487592,0.249233002743115,
0.285786136949939),.UNSPECIFIED.);
#1158=B_SPLINE_CURVE_WITH_KNOTS('',3,(#5887,#5888,#5889,#5890,#5891),
 .UNSPECIFIED.,.F.,.F.,(4,1,4),(0.779836154065279,0.847125540909455,0.944095169974861),
 .UNSPECIFIED.);
#1159=B_SPLINE_CURVE_WITH_KNOTS('',3,(#5894,#5895,#5896,#5897,#5898),
 .UNSPECIFIED.,.F.,.F.,(4,1,4),(-0.944095169974861,-0.847125540909455,-0.78024975772169),
 .UNSPECIFIED.);
#1160=B_SPLINE_CURVE_WITH_KNOTS('',3,(#5940,#5941,#5942,#5943,#5944,#5945,
#5946,#5947,#5948,#5949,#5950,#5951,#5952,#5953,#5954,#5955,#5956,#5957,
#5958,#5959,#5960,#5961),.UNSPECIFIED.,.F.,.F.,(4,2,2,2,2,2,2,2,2,2,4),
(9.90003786891451,10.1844120933721,10.6888260799965,11.193240066621,11.6976540532455,
12.2020680398699,12.7064820264944,13.2108960131189,13.7153099997433,14.2197239863678,
14.5040982108254),.UNSPECIFIED.);
#1161=B_SPLINE_CURVE_WITH_KNOTS('',3,(#5963,#5964,#5965,#5966,#5967,#5968),
 .UNSPECIFIED.,.F.,.F.,(4,2,4),(2.1030747875217,2.50469016162922,2.8020806060976),
 .UNSPECIFIED.);
#1162=B_SPLINE_CURVE_WITH_KNOTS('',3,(#5970,#5971,#5972,#5973),
 .UNSPECIFIED.,.F.,.F.,(4,4),(7.61296845225024,7.71624599812608),
 .UNSPECIFIED.);
#1163=B_SPLINE_CURVE_WITH_KNOTS('',3,(#5975,#5976,#5977,#5978,#5979,#5980,
#5981,#5982,#5983,#5984),.UNSPECIFIED.,.F.,.F.,(4,2,2,2,4),(-0.883099758507792,
-0.799871952247513,-0.68157340994755,-0.525770347971229,-0.457060334961797),
 .UNSPECIFIED.);
#1164=B_SPLINE_CURVE_WITH_KNOTS('',3,(#5986,#5987,#5988,#5989,#5990,#5991,
#5992,#5993,#5994,#5995,#5996,#5997,#5998,#5999,#6000,#6001),
 .UNSPECIFIED.,.F.,.F.,(4,2,2,2,2,2,2,4),(-1.04069506365288,-1.03114828434485,
-0.916636663359506,-0.831996146331967,-0.767674817062158,-0.707018893640989,
-0.638873278079541,-0.610674150007378),.UNSPECIFIED.);
#1165=B_SPLINE_CURVE_WITH_KNOTS('',3,(#6003,#6004,#6005,#6006,#6007,#6008),
 .UNSPECIFIED.,.F.,.F.,(4,2,4),(5.84310258207904,6.02571301554462,6.39703883335762),
 .UNSPECIFIED.);
#1166=B_SPLINE_CURVE_WITH_KNOTS('',3,(#6010,#6011,#6012,#6013,#6014,#6015,
#6016,#6017,#6018,#6019),.UNSPECIFIED.,.F.,.F.,(4,2,2,2,4),(-0.548683528638552,
-0.487902271386616,-0.402060794703062,-0.302662627489593,-0.207217095559626),
 .UNSPECIFIED.);
#1167=B_SPLINE_CURVE_WITH_KNOTS('',3,(#6021,#6022,#6023,#6024,#6025,#6026,
#6027,#6028,#6029,#6030,#6031,#6032,#6033,#6034),.UNSPECIFIED.,.F.,.F.,
(4,2,2,2,2,2,4),(-0.694407085867276,-0.667178297034707,-0.593512711145974,
-0.528883360804536,-0.467935347914615,-0.404141079042166,-0.385877932320611),
 .UNSPECIFIED.);
#1168=B_SPLINE_CURVE_WITH_KNOTS('',3,(#6036,#6037,#6038,#6039,#6040,#6041),
 .UNSPECIFIED.,.F.,.F.,(4,2,4),(4.42099420674936,4.76141347535072,4.83566056341358),
 .UNSPECIFIED.);
#1169=B_SPLINE_CURVE_WITH_KNOTS('',3,(#6043,#6044,#6045,#6046,#6047,#6048,
#6049,#6050,#6051,#6052,#6053,#6054),.UNSPECIFIED.,.F.,.F.,(4,2,2,2,2,4),
(-0.372606901657024,-0.297661343468769,-0.22157361909062,-0.145644825993811,
-0.0713239373627406,-0.0659698632969027),.UNSPECIFIED.);
#1170=B_SPLINE_CURVE_WITH_KNOTS('',3,(#6056,#6057,#6058,#6059,#6060,#6061,
#6062,#6063,#6064,#6065,#6066,#6067,#6068,#6069),.UNSPECIFIED.,.F.,.F.,
(4,2,2,2,2,2,4),(-0.430296199701123,-0.408747591176516,-0.362151330052819,
-0.292878810003089,-0.223164690083779,-0.151106761211624,-0.131719495287206),
 .UNSPECIFIED.);
#1171=B_SPLINE_CURVE_WITH_KNOTS('',3,(#6071,#6072,#6073,#6074,#6075,#6076),
 .UNSPECIFIED.,.F.,.F.,(4,2,4),(3.3816456434569,3.57875809501399,3.77587054657108),
 .UNSPECIFIED.);
#1172=B_SPLINE_CURVE_WITH_KNOTS('',3,(#6078,#6079,#6080,#6081,#6082,#6083,
#6084,#6085,#6086,#6087,#6088,#6089),.UNSPECIFIED.,.F.,.F.,(4,2,2,2,2,4),
(-0.32374583986933,-0.280705402282456,-0.210883134542996,-0.141448990326101,
-0.0712664035563116,-0.0252037247866313),.UNSPECIFIED.);
#1173=B_SPLINE_CURVE_WITH_KNOTS('',3,(#6091,#6092,#6093,#6094,#6095,#6096,
#6097,#6098,#6099,#6100,#6101,#6102),.UNSPECIFIED.,.F.,.F.,(4,2,2,2,2,4),
(-0.428122480886261,-0.366145770756494,-0.290013370061869,-0.21423313724877,
-0.140030067790966,-0.121675590771259),.UNSPECIFIED.);
#1174=B_SPLINE_CURVE_WITH_KNOTS('',3,(#6104,#6105,#6106,#6107,#6108,#6109),
 .UNSPECIFIED.,.F.,.F.,(4,2,4),(2.85960333861221,2.93385042667506,3.27426969527643),
 .UNSPECIFIED.);
#1175=B_SPLINE_CURVE_WITH_KNOTS('',3,(#6111,#6112,#6113,#6114,#6115,#6116,
#6117,#6118,#6119,#6120,#6121,#6122,#6123,#6124),.UNSPECIFIED.,.F.,.F.,
(4,2,2,2,2,2,4),(-0.443230015661815,-0.442614247704309,-0.380057336299485,
-0.317939774367828,-0.251225127780137,-0.174521470845566,-0.133645722884676),
 .UNSPECIFIED.);
#1176=B_SPLINE_CURVE_WITH_KNOTS('',3,(#6126,#6127,#6128,#6129,#6130,#6131,
#6132,#6133,#6134,#6135,#6136,#6137),.UNSPECIFIED.,.F.,.F.,(4,2,2,2,2,4),
(-0.554805493987585,-0.524725677363825,-0.425256059662969,-0.335309022576903,
-0.257888772677348,-0.212426828146008),.UNSPECIFIED.);
#1177=B_SPLINE_CURVE_WITH_KNOTS('',3,(#6139,#6140,#6141,#6142,#6143,#6144),
 .UNSPECIFIED.,.F.,.F.,(4,2,4),(2.44455409935257,2.81587991716557,2.99849035063114),
 .UNSPECIFIED.);
#1178=B_SPLINE_CURVE_WITH_KNOTS('',3,(#6146,#6147,#6148,#6149,#6150,#6151,
#6152,#6153,#6154,#6155,#6156,#6157,#6158,#6159),.UNSPECIFIED.,.F.,.F.,
(4,2,2,2,2,2,4),(-0.506166711605311,-0.447596654783747,-0.389058454428639,
-0.327542918210279,-0.249157954518696,-0.13909609657355,-0.0941073377605764),
 .UNSPECIFIED.);
#1179=B_SPLINE_CURVE_WITH_KNOTS('',3,(#6161,#6162,#6163,#6164,#6165,#6166,
#6167,#6168,#6169,#6170),.UNSPECIFIED.,.F.,.F.,(4,2,2,2,4),(-0.979146695598546,
-0.822810267834336,-0.651604505553429,-0.519061826632751,-0.42636605501481),
 .UNSPECIFIED.);
#1180=B_SPLINE_CURVE_WITH_KNOTS('',3,(#6172,#6173,#6174,#6175),
 .UNSPECIFIED.,.F.,.F.,(4,4),(2.52573703818997,2.62901458406466),
 .UNSPECIFIED.);
#1181=B_SPLINE_CURVE_WITH_KNOTS('',3,(#6176,#6177,#6178,#6179),
 .UNSPECIFIED.,.F.,.F.,(4,4),(2.09010811284414,2.79183941395283),
 .UNSPECIFIED.);
#1182=B_SPLINE_CURVE_WITH_KNOTS('',3,(#6183,#6184,#6185,#6186,#6187,#6188,
#6189,#6190),.UNSPECIFIED.,.F.,.F.,(4,2,2,4),(-0.147623856364641,-0.140706400916707,
-0.0707434198820859,-0.0646357992325496),.UNSPECIFIED.);
#1183=B_SPLINE_CURVE_WITH_KNOTS('',3,(#6202,#6203,#6204,#6205,#6206,#6207,
#6208,#6209,#6210,#6211,#6212),.UNSPECIFIED.,.F.,.F.,(4,2,2,3,4),(-0.439899393449159,
-0.417083143330058,-0.208541571665029,0.,0.110329055659434),
 .UNSPECIFIED.);
#1184=B_SPLINE_CURVE_WITH_KNOTS('',3,(#6214,#6215,#6216,#6217,#6218,#6219,
#6220,#6221,#6222,#6223,#6224,#6225,#6226,#6227),.UNSPECIFIED.,.F.,.F.,
(4,2,2,2,2,2,4),(-0.491379661668285,-0.453438443159143,-0.366182038499909,
-0.284673812945899,-0.200541810378427,-0.108826511709601,-0.0634298592156653),
 .UNSPECIFIED.);
#1185=B_SPLINE_CURVE_WITH_KNOTS('',3,(#6229,#6230,#6231,#6232,#6233,#6234,
#6235,#6236,#6237,#6238,#6239,#6240),.UNSPECIFIED.,.F.,.F.,(4,2,2,2,2,4),
(-0.672859722355526,-0.636237676561534,-0.570018537093529,-0.495104923709909,
-0.416044024623382,-0.364174635533176),.UNSPECIFIED.);
#1186=B_SPLINE_CURVE_WITH_KNOTS('',3,(#6242,#6243,#6244,#6245,#6246,#6247,
#6248,#6249),.UNSPECIFIED.,.F.,.F.,(4,2,2,4),(1.85272575538005,1.97631930359203,
2.18378005374834,2.38210869746011),.UNSPECIFIED.);
#1187=B_SPLINE_CURVE_WITH_KNOTS('',3,(#6251,#6252,#6253,#6254,#6255,#6256,
#6257,#6258,#6259,#6260,#6261,#6262,#6263,#6264),.UNSPECIFIED.,.F.,.F.,
(4,2,2,2,2,2,4),(-0.608316299911267,-0.532732021272368,-0.41812006119413,
-0.339705022991904,-0.245588128986911,-0.104471231632896,-0.088651128539024),
 .UNSPECIFIED.);
#1188=B_SPLINE_CURVE_WITH_KNOTS('',3,(#6265,#6266,#6267,#6268,#6269,#6270,
#6271,#6272,#6273,#6274),.UNSPECIFIED.,.F.,.F.,(4,2,2,2,4),(0.796946765800552,
0.814320451587285,1.00473266294866,1.19514487431004,1.26237276339702),
 .UNSPECIFIED.);
#1189=B_SPLINE_CURVE_WITH_KNOTS('',3,(#6278,#6279,#6280,#6281,#6282,#6283,
#6284,#6285,#6286,#6287),.UNSPECIFIED.,.F.,.F.,(4,2,2,2,4),(1.46600873640394,
1.57633779206337,1.7848793637284,1.99342093539343,2.01623718536875),
 .UNSPECIFIED.);
#1190=B_SPLINE_CURVE_WITH_KNOTS('',3,(#6299,#6300,#6301,#6302,#6303,#6304),
 .UNSPECIFIED.,.F.,.F.,(4,2,4),(-0.448640771942237,-0.420867734244911,-0.365714759937614),
 .UNSPECIFIED.);
#1191=B_SPLINE_CURVE_WITH_KNOTS('',3,(#6306,#6307,#6308,#6309,#6310,#6311,
#6312,#6313,#6314,#6315),.UNSPECIFIED.,.F.,.F.,(4,2,2,2,4),(0.313965028666321,
0.381192917753331,0.571605129114706,0.762017340476082,0.779391026262798),
 .UNSPECIFIED.);
#1192=B_SPLINE_CURVE_WITH_KNOTS('',3,(#6317,#6318,#6319,#6320,#6321,#6322,
#6323,#6324,#6325,#6326,#6327,#6328,#6329,#6330),.UNSPECIFIED.,.F.,.F.,
(4,2,2,2,2,2,4),(-0.662893628416676,-0.636399076646812,-0.49327656461169,
-0.409007018026467,-0.331864231898544,-0.212928073667354,-0.163096854247697),
 .UNSPECIFIED.);
#1193=B_SPLINE_CURVE_WITH_KNOTS('',3,(#6332,#6333,#6334,#6335,#6336,#6337,
#6338,#6339),.UNSPECIFIED.,.F.,.F.,(4,2,2,4),(2.41949849826686,2.61782714197862,
2.82528789213493,2.94888144034693),.UNSPECIFIED.);
#1194=B_SPLINE_CURVE_WITH_KNOTS('',3,(#6341,#6342,#6343,#6344,#6345,#6346,
#6347,#6348,#6349,#6350,#6351,#6352,#6353,#6354),.UNSPECIFIED.,.F.,.F.,
(4,2,2,2,2,2,4),(-0.373748170833417,-0.34876158247325,-0.268533333848366,
-0.195356409102978,-0.130296831065375,-0.0669683478394396,-0.0654055790722692),
 .UNSPECIFIED.);
#1195=B_SPLINE_CURVE_WITH_KNOTS('',3,(#6355,#6356,#6357,#6358,#6359,#6360,
#6361,#6362,#6363,#6364,#6365,#6366,#6367,#6368),.UNSPECIFIED.,.F.,.F.,
(4,2,2,2,2,2,4),(-0.981876179841628,-0.959828038065957,-0.872067544334838,
-0.79200993750199,-0.712714047388353,-0.628444983904747,-0.565697778963547),
 .UNSPECIFIED.);
#1196=B_SPLINE_CURVE_WITH_KNOTS('',3,(#6370,#6371,#6372,#6373,#6374,#6375,
#6376,#6377,#6378,#6379,#6380,#6381,#6382,#6383,#6384,#6385,#6386,#6387,
#6388,#6389,#6390,#6391),.UNSPECIFIED.,.F.,.F.,(4,2,2,2,2,2,2,2,2,2,4),
(10.1147788570437,10.2520061737792,10.7170276103375,11.1820490468957,11.6470704834539,
12.1120919200121,12.5771133565703,13.0421347931285,13.5071562296867,13.9721776662449,
14.1094049829805),.UNSPECIFIED.);
#1197=B_SPLINE_CURVE_WITH_KNOTS('',3,(#6393,#6394,#6395,#6396),
 .UNSPECIFIED.,.F.,.F.,(4,4),(6.15871554883285,6.21879222824453),
 .UNSPECIFIED.);
#1198=B_SPLINE_CURVE_WITH_KNOTS('',3,(#6398,#6399,#6400,#6401,#6402,#6403,
#6404,#6405,#6406,#6407,#6408,#6409),.UNSPECIFIED.,.F.,.F.,(4,2,2,2,2,4),
(-0.651028323713867,-0.586888859058306,-0.506984452401137,-0.43071425626112,
-0.359523733145972,-0.338464373284144),.UNSPECIFIED.);
#1199=B_SPLINE_CURVE_WITH_KNOTS('',3,(#6411,#6412,#6413,#6414,#6415,#6416,
#6417,#6418,#6419,#6420,#6421,#6422),.UNSPECIFIED.,.F.,.F.,(4,2,2,2,2,4),
(-0.712384377153821,-0.649961909974437,-0.583001390947394,-0.512810593441844,
-0.438060245760447,-0.410500291697979),.UNSPECIFIED.);
#1200=B_SPLINE_CURVE_WITH_KNOTS('',3,(#6424,#6425,#6426,#6427,#6428,#6429),
 .UNSPECIFIED.,.F.,.F.,(4,2,4),(4.79571833032204,4.80248466217147,5.24565309112172),
 .UNSPECIFIED.);
#1201=B_SPLINE_CURVE_WITH_KNOTS('',3,(#6431,#6432,#6433,#6434,#6435,#6436,
#6437,#6438,#6439,#6440,#6441,#6442),.UNSPECIFIED.,.F.,.F.,(4,2,2,2,2,4),
(-0.497439750552119,-0.427862662981409,-0.351343406292719,-0.277016851292041,
-0.205830002519097,-0.190750595259578),.UNSPECIFIED.);
#1202=B_SPLINE_CURVE_WITH_KNOTS('',3,(#6444,#6445,#6446,#6447,#6448,#6449,
#6450,#6451,#6452,#6453,#6454,#6455),.UNSPECIFIED.,.F.,.F.,(4,2,2,2,2,4),
(-0.620931427302941,-0.565946295727724,-0.508546952075598,-0.438842107785263,
-0.365748684361047,-0.321065973885497),.UNSPECIFIED.);
#1203=B_SPLINE_CURVE_WITH_KNOTS('',3,(#6457,#6458,#6459,#6460,#6461,#6462),
 .UNSPECIFIED.,.F.,.F.,(4,2,4),(3.73737188103783,3.91472766297071,4.18352823149957),
 .UNSPECIFIED.);
#1204=B_SPLINE_CURVE_WITH_KNOTS('',3,(#6464,#6465,#6466,#6467,#6468,#6469,
#6470,#6471,#6472,#6473,#6474,#6475,#6476,#6477),.UNSPECIFIED.,.F.,.F.,
(4,2,2,2,2,2,4),(-0.366534615264844,-0.358643264725206,-0.284099200318449,
-0.210812817467947,-0.139214494879273,-0.0691688563483877,-0.0647000997073873),
 .UNSPECIFIED.);
#1205=B_SPLINE_CURVE_WITH_KNOTS('',3,(#6479,#6480,#6481,#6482,#6483,#6484,
#6485,#6486,#6487,#6488,#6489,#6490),.UNSPECIFIED.,.F.,.F.,(4,2,2,2,2,4),
(-0.599076197202047,-0.573449401165884,-0.503695932090521,-0.432719580846441,
-0.359701823875579,-0.299409434743577),.UNSPECIFIED.);
#1206=B_SPLINE_CURVE_WITH_KNOTS('',3,(#6492,#6493,#6494,#6495,#6496,#6497),
 .UNSPECIFIED.,.F.,.F.,(4,2,4),(2.71584521080431,2.94226337224883,3.16868153369334),
 .UNSPECIFIED.);
#1207=B_SPLINE_CURVE_WITH_KNOTS('',3,(#6499,#6500,#6501,#6502,#6503,#6504,
#6505,#6506,#6507,#6508,#6509,#6510),.UNSPECIFIED.,.F.,.F.,(4,2,2,2,2,4),
(-0.340379675473131,-0.281288131945353,-0.209673627990314,-0.13954299624702,
-0.0699570594079701,-0.0406680444618897),.UNSPECIFIED.);
#1208=B_SPLINE_CURVE_WITH_KNOTS('',3,(#6512,#6513,#6514,#6515,#6516,#6517,
#6518,#6519,#6520,#6521,#6522,#6523),.UNSPECIFIED.,.F.,.F.,(4,2,2,2,2,4),
(-0.667430607029767,-0.645811773619778,-0.574231556805476,-0.500927408962484,
-0.426311579779846,-0.365410342453128),.UNSPECIFIED.);
#1209=B_SPLINE_CURVE_WITH_KNOTS('',3,(#6525,#6526,#6527,#6528,#6529,#6530),
 .UNSPECIFIED.,.F.,.F.,(4,2,4),(2.08003602925357,2.34883659778243,2.52619237971531),
 .UNSPECIFIED.);
#1210=B_SPLINE_CURVE_WITH_KNOTS('',3,(#6532,#6533,#6534,#6535,#6536,#6537,
#6538,#6539,#6540,#6541,#6542,#6543),.UNSPECIFIED.,.F.,.F.,(4,2,2,2,2,4),
(-0.302600779581549,-0.278865819937303,-0.207432939187913,-0.138483393657186,
-0.069952875505611,-0.00258845875890932),.UNSPECIFIED.);
#1211=B_SPLINE_CURVE_WITH_KNOTS('',3,(#6545,#6546,#6547,#6548,#6549,#6550,
#6551,#6552,#6553,#6554,#6555,#6556),.UNSPECIFIED.,.F.,.F.,(4,2,2,2,2,4),
(-0.805446867362602,-0.735594822986104,-0.659718092202953,-0.582576668887394,
-0.506327281406275,-0.498244711981942),.UNSPECIFIED.);
#1212=B_SPLINE_CURVE_WITH_KNOTS('',3,(#6558,#6559,#6560,#6561,#6562,#6563),
 .UNSPECIFIED.,.F.,.F.,(4,2,4),(1.58738455803397,2.03055298698423,2.03731931883366),
 .UNSPECIFIED.);
#1213=B_SPLINE_CURVE_WITH_KNOTS('',3,(#6565,#6566,#6567,#6568,#6569,#6570,
#6571,#6572,#6573,#6574,#6575,#6576),.UNSPECIFIED.,.F.,.F.,(4,2,2,2,2,4),
(-0.30251354371624,-0.275642539096627,-0.204080463435856,-0.136431423233797,
-0.0694685249063206,-0.000572704154422121),.UNSPECIFIED.);
#1214=B_SPLINE_CURVE_WITH_KNOTS('',3,(#6578,#6579,#6580,#6581,#6582,#6583,
#6584,#6585,#6586,#6587,#6588,#6589),.UNSPECIFIED.,.F.,.F.,(4,2,2,2,2,4),
(-0.610160512011735,-0.586064726038511,-0.511405411768516,-0.431783969755366,
-0.351594249122549,-0.2983202377351),.UNSPECIFIED.);
#1215=B_SPLINE_CURVE_WITH_KNOTS('',3,(#6590,#6591,#6592,#6593),
 .UNSPECIFIED.,.F.,.F.,(4,4),(1.68567020594386,1.74574688535033),
 .UNSPECIFIED.);
#1216=B_SPLINE_CURVE_WITH_KNOTS('',3,(#6596,#6597,#6598,#6599,#6600,#6601,
#6602,#6603,#6604,#6605),.UNSPECIFIED.,.F.,.F.,(4,2,2,2,4),(-0.318666606311742,
-0.257119643720263,-0.184433299708011,-0.0981692771111595,-0.0896692929346798),
 .UNSPECIFIED.);
#1217=B_SPLINE_CURVE_WITH_KNOTS('',3,(#6607,#6608,#6609,#6610,#6611,#6612,
#6613,#6614,#6615,#6616,#6617,#6618,#6619),.UNSPECIFIED.,.F.,.F.,(4,3,2,
2,2,4),(-0.0142992162287346,0.,0.0981402451126515,0.182012829352835,0.252428394127708,
0.313642123210099),.UNSPECIFIED.);
#1218=B_SPLINE_CURVE_WITH_KNOTS('',3,(#6626,#6627,#6628,#6629,#6630,#6631,
#6632,#6633,#6634,#6635,#6636,#6637,#6638),.UNSPECIFIED.,.F.,.F.,(4,2,2,
2,3,4),(-0.3136421232101,-0.25242839412771,-0.182012829352836,-0.0981402451126521,
0.,0.0143230840449495),.UNSPECIFIED.);
#1219=B_SPLINE_CURVE_WITH_KNOTS('',3,(#6639,#6640,#6641,#6642,#6643,#6644,
#6645,#6646,#6647,#6648),.UNSPECIFIED.,.F.,.F.,(4,2,2,2,4),(0.0896692929346999,
0.0981692771111611,0.184433299708013,0.257119643720265,0.318666606311743),
 .UNSPECIFIED.);
#1220=B_SPLINE_CURVE_WITH_KNOTS('',3,(#6695,#6696,#6697,#6698,#6699,#6700,
#6701,#6702,#6703,#6704,#6705,#6706,#6707),.UNSPECIFIED.,.F.,.F.,(4,3,2,
2,2,4),(-0.0105805533987109,0.,0.0649058983818653,0.133258618913951,0.206276257489862,
0.283944904865378),.UNSPECIFIED.);
#1221=B_SPLINE_CURVE_WITH_KNOTS('',3,(#6715,#6716,#6717,#6718,#6719,#6720,
#6721,#6722,#6723,#6724,#6725,#6726,#6727),.UNSPECIFIED.,.F.,.F.,(4,2,2,
2,3,4),(-0.283944904865379,-0.206276257489862,-0.13325861891395,-0.0649058983818653,
0.,0.0105805533987107),.UNSPECIFIED.);
#1222=B_SPLINE_CURVE_WITH_KNOTS('',3,(#6743,#6744,#6745,#6746,#6747,#6748,
#6749,#6750,#6751,#6752,#6753,#6754,#6755),.UNSPECIFIED.,.F.,.F.,(4,3,2,
2,2,4),(-0.0105805533987109,0.,0.0649058983818653,0.133258618913951,0.206276257489862,
0.283944904865378),.UNSPECIFIED.);
#1223=B_SPLINE_CURVE_WITH_KNOTS('',3,(#6763,#6764,#6765,#6766,#6767,#6768,
#6769,#6770,#6771,#6772,#6773,#6774,#6775),.UNSPECIFIED.,.F.,.F.,(4,2,2,
2,3,4),(-0.283944904865379,-0.206276257489862,-0.13325861891395,-0.0649058983818653,
0.,0.0105805533987107),.UNSPECIFIED.);
#1224=B_SPLINE_CURVE_WITH_KNOTS('',3,(#6790,#6791,#6792,#6793,#6794,#6795,
#6796,#6797,#6798,#6799,#6800,#6801,#6802),.UNSPECIFIED.,.F.,.F.,(4,3,2,
2,2,4),(-0.0105805533987109,0.,0.0649058983818653,0.133258618913951,0.206276257489862,
0.283944904865378),.UNSPECIFIED.);
#1225=B_SPLINE_CURVE_WITH_KNOTS('',3,(#6812,#6813,#6814,#6815,#6816,#6817,
#6818,#6819,#6820,#6821,#6822,#6823,#6824),.UNSPECIFIED.,.F.,.F.,(4,2,2,
2,3,4),(-0.283944904865379,-0.206276257489862,-0.13325861891395,-0.0649058983818653,
0.,0.0105805533987107),.UNSPECIFIED.);
#1226=B_SPLINE_CURVE_WITH_KNOTS('',3,(#6843,#6844,#6845,#6846,#6847,#6848,
#6849,#6850,#6851,#6852,#6853,#6854,#6855),.UNSPECIFIED.,.F.,.F.,(4,3,2,
2,2,4),(-0.0105805533987109,0.,0.0649058983818653,0.133258618913951,0.206276257489862,
0.283944904865378),.UNSPECIFIED.);
#1227=B_SPLINE_CURVE_WITH_KNOTS('',3,(#6865,#6866,#6867,#6868,#6869,#6870,
#6871,#6872,#6873,#6874,#6875,#6876,#6877),.UNSPECIFIED.,.F.,.F.,(4,2,2,
2,3,4),(-0.283944904865379,-0.206276257489862,-0.13325861891395,-0.0649058983818653,
0.,0.0105805533987107),.UNSPECIFIED.);
#1228=B_SPLINE_CURVE_WITH_KNOTS('',3,(#6921,#6922,#6923,#6924,#6925,#6926,
#6927,#6928,#6929,#6930,#6931,#6932),.UNSPECIFIED.,.F.,.F.,(4,2,2,2,2,4),
(0.,0.0708651245348166,0.141645426840853,0.212480075845011,0.249128125874149,
0.28577437589609),.UNSPECIFIED.);
#1229=B_SPLINE_CURVE_WITH_KNOTS('',3,(#6933,#6934,#6935,#6936,#6937),
 .UNSPECIFIED.,.F.,.F.,(4,1,4),(0.773939297747567,0.846863242987836,0.944095169974861),
 .UNSPECIFIED.);
#1230=B_SPLINE_CURVE_WITH_KNOTS('',3,(#6938,#6939,#6940,#6941,#6942),
 .UNSPECIFIED.,.F.,.F.,(4,1,4),(-1.10794063000424,-1.04132709606421,-0.944095170984932),
 .UNSPECIFIED.);
#1231=B_SPLINE_CURVE_WITH_KNOTS('',3,(#6947,#6948,#6949,#6950,#6951,#6952,
#6953,#6954,#6955,#6956,#6957,#6958,#6959),.UNSPECIFIED.,.F.,.F.,(4,3,2,
2,2,4),(-0.0105805533987109,0.,0.0649058983818653,0.133258618913951,0.206276257489862,
0.283944904865378),.UNSPECIFIED.);
#1232=B_SPLINE_CURVE_WITH_KNOTS('',3,(#6966,#6967,#6968,#6969,#6970,#6971,
#6972),.UNSPECIFIED.,.F.,.F.,(4,3,4),(0.944095170985055,1.04132709606416,
1.11425103987368),.UNSPECIFIED.);
#1233=B_SPLINE_CURVE_WITH_KNOTS('',3,(#6976,#6977,#6978,#6979,#6980,#6981,
#6982,#6983,#6984,#6985,#6986,#6987,#6988),.UNSPECIFIED.,.F.,.F.,(4,2,2,
2,3,4),(-0.283944904865379,-0.206276257489862,-0.13325861891395,-0.0649058983818653,
0.,0.0105805533987107),.UNSPECIFIED.);
#1234=B_SPLINE_CURVE_WITH_KNOTS('',3,(#7015,#7016,#7017,#7018,#7019,#7020,
#7021,#7022,#7023,#7024,#7025,#7026),.UNSPECIFIED.,.F.,.F.,(4,2,2,2,2,4),
(0.,0.0709946871316233,0.141855719147649,0.212658170487596,0.24923300274312,
0.285786136949941),.UNSPECIFIED.);
#1235=B_SPLINE_CURVE_WITH_KNOTS('',3,(#7027,#7028,#7029,#7030,#7031),
 .UNSPECIFIED.,.F.,.F.,(4,1,4),(-0.944095169974861,-0.846863242987836,-0.780249707899352),
 .UNSPECIFIED.);
#1236=B_SPLINE_CURVE_WITH_KNOTS('',3,(#7033,#7034,#7035,#7036,#7037,#7038,
#7039,#7040,#7041,#7042,#7043,#7044),.UNSPECIFIED.,.F.,.F.,(4,2,2,2,2,4),
(0.,0.0708651245348149,0.141645426840849,0.212480075845004,0.24912812587415,
0.285774375896129),.UNSPECIFIED.);
#1237=B_SPLINE_CURVE_WITH_KNOTS('',3,(#7046,#7047,#7048,#7049,#7050,#7051,
#7052,#7053,#7054,#7055,#7056,#7057),.UNSPECIFIED.,.F.,.F.,(4,2,2,2,2,4),
(0.,0.0709946871316206,0.141855719147637,0.212658170487573,0.249233002743091,
0.285786136949907),.UNSPECIFIED.);
#1238=B_SPLINE_CURVE_WITH_KNOTS('',3,(#7083,#7084,#7085,#7086,#7087),
 .UNSPECIFIED.,.F.,.F.,(4,1,4),(0.773939297747567,0.846863242987836,0.944095169974861),
 .UNSPECIFIED.);
#1239=B_SPLINE_CURVE_WITH_KNOTS('',3,(#7090,#7091,#7092,#7093,#7094,#7095,
#7096,#7097,#7098,#7099,#7100,#7101,#7102),.UNSPECIFIED.,.F.,.F.,(4,3,2,
2,2,4),(-0.0105805533987109,0.,0.0649058983818653,0.133258618913951,0.206276257489862,
0.283944904865378),.UNSPECIFIED.);
#1240=B_SPLINE_CURVE_WITH_KNOTS('',3,(#7105,#7106,#7107,#7108,#7109,#7110,
#7111),.UNSPECIFIED.,.F.,.F.,(4,3,4),(0.944095170985055,1.04132709606416,
1.11425103987368),.UNSPECIFIED.);
#1241=B_SPLINE_CURVE_WITH_KNOTS('',3,(#7138,#7139,#7140,#7141,#7142,#7143,
#7144,#7145,#7146,#7147,#7148,#7149),.UNSPECIFIED.,.F.,.F.,(4,2,2,2,2,4),
(0.,0.0709946871316198,0.141855719147634,0.212658170487572,0.24923300274309,
0.285786136949902),.UNSPECIFIED.);
#1242=B_SPLINE_CURVE_WITH_KNOTS('',3,(#7150,#7151,#7152,#7153,#7154),
 .UNSPECIFIED.,.F.,.F.,(4,1,4),(-0.944095169974861,-0.846863242987836,-0.780249707917289),
 .UNSPECIFIED.);
#1243=B_SPLINE_CURVE_WITH_KNOTS('',3,(#7181,#7182,#7183,#7184,#7185,#7186,
#7187,#7188,#7189,#7190,#7191,#7192),.UNSPECIFIED.,.F.,.F.,(4,2,2,2,2,4),
(0.,0.0708651245348158,0.14164542684085,0.212480075845004,0.249128125874144,
0.285774375896101),.UNSPECIFIED.);
#1244=B_SPLINE_CURVE_WITH_KNOTS('',3,(#7194,#7195,#7196,#7197,#7198),
 .UNSPECIFIED.,.F.,.F.,(4,1,4),(0.773939297747567,0.846863242987836,0.944095169974861),
 .UNSPECIFIED.);
#1245=B_SPLINE_CURVE_WITH_KNOTS('',3,(#7201,#7202,#7203,#7204,#7205),
 .UNSPECIFIED.,.F.,.F.,(4,1,4),(-1.10794063002341,-1.04132709606421,-0.944095170984932),
 .UNSPECIFIED.);
#1246=B_SPLINE_CURVE_WITH_KNOTS('',3,(#7209,#7210,#7211,#7212,#7213,#7214,
#7215,#7216,#7217,#7218,#7219,#7220,#7221),.UNSPECIFIED.,.F.,.F.,(4,3,2,
2,2,4),(-0.0105805533987109,0.,0.0649058983818653,0.133258618913951,0.206276257489862,
0.283944904865378),.UNSPECIFIED.);
#1247=B_SPLINE_CURVE_WITH_KNOTS('',3,(#7230,#7231,#7232,#7233,#7234,#7235,
#7236),.UNSPECIFIED.,.F.,.F.,(4,3,4),(0.944095170985055,1.04132709606416,
1.11425103987368),.UNSPECIFIED.);
#1248=B_SPLINE_CURVE_WITH_KNOTS('',3,(#7238,#7239,#7240,#7241,#7242,#7243,
#7244,#7245,#7246,#7247,#7248,#7249,#7250),.UNSPECIFIED.,.F.,.F.,(4,2,2,
2,3,4),(-0.283944904865379,-0.206276257489862,-0.13325861891395,-0.0649058983818653,
0.,0.0105805533987107),.UNSPECIFIED.);
#1249=B_SPLINE_CURVE_WITH_KNOTS('',3,(#7277,#7278,#7279,#7280,#7281,#7282,
#7283,#7284,#7285,#7286,#7287,#7288),.UNSPECIFIED.,.F.,.F.,(4,2,2,2,2,4),
(0.,0.070994687131627,0.141855719147655,0.2126581704876,0.249233002743122,
0.285786136949944),.UNSPECIFIED.);
#1250=B_SPLINE_CURVE_WITH_KNOTS('',3,(#7315,#7316,#7317,#7318,#7319,#7320,
#7321,#7322,#7323,#7324,#7325,#7326),.UNSPECIFIED.,.F.,.F.,(4,2,2,2,2,4),
(0.,0.0708651245348152,0.14164542684085,0.212480075845003,0.249128125874145,
0.285774375896109),.UNSPECIFIED.);
#1251=B_SPLINE_CURVE_WITH_KNOTS('',3,(#7328,#7329,#7330,#7331,#7332),
 .UNSPECIFIED.,.F.,.F.,(4,1,4),(0.773939297747567,0.846863242987836,0.944095169974861),
 .UNSPECIFIED.);
#1252=B_SPLINE_CURVE_WITH_KNOTS('',3,(#7335,#7336,#7337,#7338,#7339),
 .UNSPECIFIED.,.F.,.F.,(4,1,4),(-1.10794063000184,-1.04132709606421,-0.944095170984932),
 .UNSPECIFIED.);
#1253=B_SPLINE_CURVE_WITH_KNOTS('',3,(#7343,#7344,#7345,#7346,#7347,#7348,
#7349,#7350,#7351,#7352,#7353,#7354,#7355),.UNSPECIFIED.,.F.,.F.,(4,3,2,
2,2,4),(-0.0105805533987109,0.,0.0649058983818653,0.133258618913951,0.206276257489862,
0.283944904865378),.UNSPECIFIED.);
#1254=B_SPLINE_CURVE_WITH_KNOTS('',3,(#7365,#7366,#7367,#7368,#7369,#7370,
#7371),.UNSPECIFIED.,.F.,.F.,(4,3,4),(0.944095170985055,1.04132709606416,
1.11425103987368),.UNSPECIFIED.);
#1255=B_SPLINE_CURVE_WITH_KNOTS('',3,(#7374,#7375,#7376,#7377,#7378,#7379,
#7380,#7381,#7382,#7383,#7384,#7385,#7386),.UNSPECIFIED.,.F.,.F.,(4,2,2,
2,3,4),(-0.283944904865379,-0.206276257489862,-0.13325861891395,-0.0649058983818653,
0.,0.0105805533987107),.UNSPECIFIED.);
#1256=B_SPLINE_CURVE_WITH_KNOTS('',3,(#7416,#7417,#7418,#7419,#7420,#7421,
#7422,#7423,#7424,#7425,#7426,#7427),.UNSPECIFIED.,.F.,.F.,(4,2,2,2,2,4),
(0.,0.0709946871316267,0.141855719147653,0.212658170487596,0.249233002743119,
0.285786136949941),.UNSPECIFIED.);
#1257=B_SPLINE_CURVE_WITH_KNOTS('',3,(#7428,#7429,#7430,#7431,#7432),
 .UNSPECIFIED.,.F.,.F.,(4,1,4),(-0.944095169974861,-0.846863242987836,-0.780249707948757),
 .UNSPECIFIED.);
#1258=B_SPLINE_CURVE_WITH_KNOTS('',3,(#7434,#7435,#7436,#7437,#7438,#7439,
#7440,#7441,#7442,#7443,#7444,#7445),.UNSPECIFIED.,.F.,.F.,(4,2,2,2,2,4),
(0.,0.0709946871316279,0.141855719147655,0.212658170487601,0.249233002743124,
0.285786136949942),.UNSPECIFIED.);
#1259=B_SPLINE_CURVE_WITH_KNOTS('',3,(#7447,#7448,#7449,#7450,#7451,#7452,
#7453,#7454,#7455,#7456,#7457,#7458),.UNSPECIFIED.,.F.,.F.,(4,2,2,2,2,4),
(0.,0.0708651245348119,0.14164542684084,0.212480075844988,0.249128125874124,
0.28577437589608),.UNSPECIFIED.);
#1260=B_SPLINE_CURVE_WITH_KNOTS('',3,(#7485,#7486,#7487,#7488,#7489,#7490,
#7491,#7492,#7493,#7494,#7495,#7496),.UNSPECIFIED.,.F.,.F.,(4,2,2,2,2,4),
(0.,0.0708651245348174,0.141645426840855,0.212480075845013,0.249128125874154,
0.285774375896112),.UNSPECIFIED.);
#1261=B_SPLINE_CURVE_WITH_KNOTS('',3,(#7498,#7499,#7500,#7501,#7502),
 .UNSPECIFIED.,.F.,.F.,(4,1,4),(0.773939297747567,0.846863242987836,0.944095169974861),
 .UNSPECIFIED.);
#1262=B_SPLINE_CURVE_WITH_KNOTS('',3,(#7505,#7506,#7507,#7508,#7509),
 .UNSPECIFIED.,.F.,.F.,(4,1,4),(-1.107940629965,-1.04132709606421,-0.944095170984932),
 .UNSPECIFIED.);
#1263=B_SPLINE_CURVE_WITH_KNOTS('',3,(#7513,#7514,#7515,#7516,#7517,#7518,
#7519,#7520,#7521,#7522,#7523,#7524,#7525),.UNSPECIFIED.,.F.,.F.,(4,3,2,
2,2,4),(-0.0105805533987109,0.,0.0649058983818653,0.133258618913951,0.206276257489862,
0.283944904865378),.UNSPECIFIED.);
#1264=B_SPLINE_CURVE_WITH_KNOTS('',3,(#7535,#7536,#7537,#7538,#7539,#7540,
#7541),.UNSPECIFIED.,.F.,.F.,(4,3,4),(0.944095170985055,1.04132709606416,
1.11425103987368),.UNSPECIFIED.);
#1265=B_SPLINE_CURVE_WITH_KNOTS('',3,(#7543,#7544,#7545,#7546,#7547,#7548,
#7549,#7550,#7551,#7552,#7553,#7554,#7555),.UNSPECIFIED.,.F.,.F.,(4,2,2,
2,3,4),(-0.283944904865379,-0.206276257489862,-0.13325861891395,-0.0649058983818653,
0.,0.0105805533987107),.UNSPECIFIED.);
#1266=B_SPLINE_CURVE_WITH_KNOTS('',3,(#7583,#7584,#7585,#7586,#7587,#7588,
#7589,#7590,#7591,#7592,#7593,#7594),.UNSPECIFIED.,.F.,.F.,(4,2,2,2,2,4),
(0.,0.0709946871316253,0.141855719147652,0.212658170487598,0.249233002743122,
0.285786136949941),.UNSPECIFIED.);
#1267=B_SPLINE_CURVE_WITH_KNOTS('',3,(#7620,#7621,#7622,#7623,#7624),
 .UNSPECIFIED.,.F.,.F.,(4,1,4),(-1.10794063006631,-1.04132709606421,-0.954767928386616),
 .UNSPECIFIED.);
#1268=B_SPLINE_CURVE_WITH_KNOTS('',3,(#7627,#7628,#7629,#7630,#7631,#7632,
#7633,#7634,#7635,#7636,#7637,#7638,#7639),.UNSPECIFIED.,.F.,.F.,(4,3,2,
2,2,4),(-0.0105805533987109,0.,0.0649058983818653,0.133258618913951,0.206276257489862,
0.283944904865378),.UNSPECIFIED.);
#1269=B_SPLINE_CURVE_WITH_KNOTS('',3,(#7643,#7644,#7645,#7646,#7647,#7648,
#7649,#7650,#7651,#7652,#7653,#7654,#7655),.UNSPECIFIED.,.F.,.F.,(4,2,2,
2,3,4),(-0.283944904865379,-0.206276257489862,-0.13325861891395,-0.0649058983818653,
0.,0.0105805533987107),.UNSPECIFIED.);
#1270=B_SPLINE_CURVE_WITH_KNOTS('',3,(#7683,#7684,#7685,#7686,#7687),
 .UNSPECIFIED.,.F.,.F.,(4,1,4),(0.773939297747567,0.846863242987836,0.944095169974861),
 .UNSPECIFIED.);
#1271=B_SPLINE_CURVE_WITH_KNOTS('',3,(#7698,#7699,#7700,#7701,#7702,#7703,
#7704),.UNSPECIFIED.,.F.,.F.,(4,3,4),(0.944095170985055,1.04132709606416,
1.11425103987368),.UNSPECIFIED.);
#1272=B_SPLINE_CURVE_WITH_KNOTS('',3,(#7707,#7708,#7709,#7710,#7711,#7712,
#7713,#7714,#7715,#7716,#7717,#7718,#7719),.UNSPECIFIED.,.F.,.F.,(4,2,2,
2,3,4),(-0.283944904865379,-0.206276257489862,-0.13325861891395,-0.0649058983818653,
0.,0.0105805533987107),.UNSPECIFIED.);
#1273=B_SPLINE_CURVE_WITH_KNOTS('',3,(#7749,#7750,#7751,#7752,#7753,#7754,
#7755,#7756,#7757,#7758,#7759,#7760),.UNSPECIFIED.,.F.,.F.,(4,2,2,2,2,4),
(0.,0.0709946871316281,0.141855719147654,0.2126581704876,0.249233002743124,
0.285786136949946),.UNSPECIFIED.);
#1274=B_SPLINE_CURVE_WITH_KNOTS('',3,(#7761,#7762,#7763,#7764,#7765),
 .UNSPECIFIED.,.F.,.F.,(4,1,4),(-0.944095169974861,-0.846863242987836,-0.780249705889833),
 .UNSPECIFIED.);
#1275=B_SPLINE_CURVE_WITH_KNOTS('',3,(#7767,#7768,#7769,#7770,#7771,#7772,
#7773,#7774,#7775,#7776,#7777,#7778),.UNSPECIFIED.,.F.,.F.,(4,2,2,2,2,4),
(0.,0.070865124534816,0.141645426840851,0.212480075845007,0.249128125874147,
0.285774375896103),.UNSPECIFIED.);
#1276=B_SPLINE_CURVE_WITH_KNOTS('',3,(#7805,#7806,#7807,#7808,#7809,#7810,
#7811,#7812,#7813,#7814,#7815,#7816),.UNSPECIFIED.,.F.,.F.,(4,2,2,2,2,4),
(0.,0.070865124534816,0.141645426840852,0.212480075845007,0.249128125874149,
0.285774375896113),.UNSPECIFIED.);
#1277=B_SPLINE_CURVE_WITH_KNOTS('',3,(#7818,#7819,#7820,#7821,#7822),
 .UNSPECIFIED.,.F.,.F.,(4,1,4),(0.773939297747567,0.846863242987836,0.944095169974861),
 .UNSPECIFIED.);
#1278=B_SPLINE_CURVE_WITH_KNOTS('',3,(#7825,#7826,#7827,#7828,#7829),
 .UNSPECIFIED.,.F.,.F.,(4,1,4),(-1.10794063093756,-1.04132709606421,-0.944095170984932),
 .UNSPECIFIED.);
#1279=B_SPLINE_CURVE_WITH_KNOTS('',3,(#7833,#7834,#7835,#7836,#7837,#7838,
#7839,#7840,#7841,#7842,#7843,#7844,#7845),.UNSPECIFIED.,.F.,.F.,(4,3,2,
2,2,4),(-0.0105805533987109,0.,0.0649058983818653,0.133258618913951,0.206276257489862,
0.283944904865378),.UNSPECIFIED.);
#1280=B_SPLINE_CURVE_WITH_KNOTS('',3,(#7855,#7856,#7857,#7858,#7859,#7860,
#7861),.UNSPECIFIED.,.F.,.F.,(4,3,4),(0.944095170985055,1.04132709606416,
1.11425103987368),.UNSPECIFIED.);
#1281=B_SPLINE_CURVE_WITH_KNOTS('',3,(#7864,#7865,#7866,#7867,#7868,#7869,
#7870,#7871,#7872,#7873,#7874,#7875,#7876),.UNSPECIFIED.,.F.,.F.,(4,2,2,
2,3,4),(-0.283944904865379,-0.206276257489862,-0.13325861891395,-0.0649058983818653,
0.,0.0105805533987107),.UNSPECIFIED.);
#1282=B_SPLINE_CURVE_WITH_KNOTS('',3,(#7906,#7907,#7908,#7909,#7910,#7911,
#7912,#7913,#7914,#7915,#7916,#7917),.UNSPECIFIED.,.F.,.F.,(4,2,2,2,2,4),
(0.,0.0709946871316262,0.14185571914765,0.212658170487593,0.249233002743113,
0.285786136949928),.UNSPECIFIED.);
#1283=B_SPLINE_CURVE_WITH_KNOTS('',3,(#7918,#7919,#7920,#7921,#7922),
 .UNSPECIFIED.,.F.,.F.,(4,1,4),(-0.944095169974861,-0.846863242987836,-0.780249707954127),
 .UNSPECIFIED.);
#1284=B_SPLINE_CURVE_WITH_KNOTS('',3,(#7924,#7925,#7926,#7927,#7928,#7929,
#7930,#7931,#7932,#7933,#7934,#7935),.UNSPECIFIED.,.F.,.F.,(4,2,2,2,2,4),
(0.,0.0708651245348171,0.141645426840857,0.212480075845018,0.249128125874159,
0.285774375896123),.UNSPECIFIED.);
#1285=B_SPLINE_CURVE_WITH_KNOTS('',3,(#7937,#7938,#7939,#7940,#7941,#7942,
#7943,#7944,#7945,#7946,#7947,#7948),.UNSPECIFIED.,.F.,.F.,(4,2,2,2,2,4),
(0.,0.0709946871316294,0.14185571914766,0.212658170487608,0.249233002743132,
0.285786136949951),.UNSPECIFIED.);
#1286=B_SPLINE_CURVE_WITH_KNOTS('',3,(#7975,#7976,#7977,#7978,#7979),
 .UNSPECIFIED.,.F.,.F.,(4,1,4),(0.773939297747567,0.846863242987836,0.944095169974861),
 .UNSPECIFIED.);
#1287=B_SPLINE_CURVE_WITH_KNOTS('',3,(#7983,#7984,#7985,#7986,#7987,#7988,
#7989,#7990,#7991,#7992,#7993,#7994,#7995),.UNSPECIFIED.,.F.,.F.,(4,3,2,
2,2,4),(-0.0105805533987109,0.,0.0649058983818653,0.133258618913951,0.206276257489862,
0.283944904865378),.UNSPECIFIED.);
#1288=B_SPLINE_CURVE_WITH_KNOTS('',3,(#8004,#8005,#8006,#8007,#8008,#8009,
#8010),.UNSPECIFIED.,.F.,.F.,(4,3,4),(0.944095170985055,1.04132709606416,
1.11425103987368),.UNSPECIFIED.);
#1289=B_SPLINE_CURVE_WITH_KNOTS('',3,(#8013,#8014,#8015,#8016,#8017,#8018,
#8019,#8020,#8021,#8022,#8023,#8024,#8025),.UNSPECIFIED.,.F.,.F.,(4,2,2,
2,3,4),(-0.283944904865379,-0.206276257489862,-0.13325861891395,-0.0649058983818653,
0.,0.0105805533987107),.UNSPECIFIED.);
#1290=B_SPLINE_CURVE_WITH_KNOTS('',3,(#8055,#8056,#8057,#8058,#8059,#8060,
#8061,#8062,#8063,#8064,#8065,#8066),.UNSPECIFIED.,.F.,.F.,(4,2,2,2,2,4),
(0.,0.0709946871316274,0.141855719147659,0.212658170487608,0.249233002743133,
0.285786136949957),.UNSPECIFIED.);
#1291=B_SPLINE_CURVE_WITH_KNOTS('',3,(#8067,#8068,#8069,#8070,#8071),
 .UNSPECIFIED.,.F.,.F.,(4,1,4),(-0.944095169974861,-0.846863242987836,-0.780249707905403),
 .UNSPECIFIED.);
#1292=B_SPLINE_CURVE_WITH_KNOTS('',3,(#8073,#8074,#8075,#8076,#8077,#8078,
#8079,#8080,#8081,#8082,#8083,#8084),.UNSPECIFIED.,.F.,.F.,(4,2,2,2,2,4),
(0.,0.0708651245348159,0.141645426840851,0.212480075845009,0.249128125874146,
0.285774375896097),.UNSPECIFIED.);
#1293=B_SPLINE_CURVE_WITH_KNOTS('',3,(#8111,#8112,#8113,#8114,#8115),
 .UNSPECIFIED.,.F.,.F.,(4,1,4),(0.773939297747567,0.846863242987836,0.944095169974861),
 .UNSPECIFIED.);
#1294=B_SPLINE_CURVE_WITH_KNOTS('',3,(#8119,#8120,#8121,#8122,#8123,#8124,
#8125,#8126,#8127,#8128,#8129,#8130,#8131),.UNSPECIFIED.,.F.,.F.,(4,3,2,
2,2,4),(-0.0105805533987109,0.,0.0649058983818653,0.133258618913951,0.206276257489862,
0.283944904865378),.UNSPECIFIED.);
#1295=B_SPLINE_CURVE_WITH_KNOTS('',3,(#8140,#8141,#8142,#8143,#8144,#8145,
#8146),.UNSPECIFIED.,.F.,.F.,(4,3,4),(0.944095170985055,1.04132709606416,
1.11425103987368),.UNSPECIFIED.);
#1296=B_SPLINE_CURVE_WITH_KNOTS('',3,(#8149,#8150,#8151,#8152,#8153,#8154,
#8155,#8156,#8157,#8158,#8159,#8160,#8161),.UNSPECIFIED.,.F.,.F.,(4,2,2,
2,3,4),(-0.283944904865379,-0.206276257489862,-0.13325861891395,-0.0649058983818653,
0.,0.0105805533987107),.UNSPECIFIED.);
#1297=B_SPLINE_CURVE_WITH_KNOTS('',3,(#8191,#8192,#8193,#8194,#8195,#8196,
#8197,#8198,#8199,#8200,#8201,#8202,#8203,#8204,#8205,#8206,#8207,#8208,
#8209,#8210,#8211,#8212,#8213,#8214,#8215,#8216,#8217,#8218,#8219,#8220,
#8221,#8222,#8223,#8224,#8225,#8226,#8227,#8228,#8229,#8230,#8231,#8232,
#8233,#8234,#8235,#8236,#8237,#8238,#8239),.UNSPECIFIED.,.F.,.F.,(4,3,3,
3,3,3,3,3,3,3,3,3,3,3,3,3,4),(0.,0.0192869989293282,0.0387027141832258,
0.0581605558617641,0.070994687131623,0.0915780155242486,0.112086385486888,
0.122656574762288,0.141855719147642,0.162510208306153,0.183486445813153,
0.204448127130424,0.212658170487584,0.233458970462332,0.249233002743104,
0.269678136061658,0.285786136949917),.UNSPECIFIED.);
#1298=B_SPLINE_CURVE_WITH_KNOTS('',3,(#8240,#8241,#8242,#8243,#8244),
 .UNSPECIFIED.,.F.,.F.,(4,1,4),(-0.944095169974861,-0.846863242987836,-0.780249707854231),
 .UNSPECIFIED.);
#1299=B_SPLINE_CURVE_WITH_KNOTS('',3,(#8271,#8272,#8273,#8274,#8275),
 .UNSPECIFIED.,.F.,.F.,(4,1,4),(0.773939297747567,0.846863242987836,0.944095169974861),
 .UNSPECIFIED.);
#1300=B_SPLINE_CURVE_WITH_KNOTS('',3,(#8279,#8280,#8281,#8282,#8283,#8284,
#8285,#8286,#8287,#8288,#8289,#8290,#8291),.UNSPECIFIED.,.F.,.F.,(4,3,2,
2,2,4),(-0.0105805533987109,0.,0.0649058983818653,0.133258618913951,0.206276257489862,
0.283944904865378),.UNSPECIFIED.);
#1301=B_SPLINE_CURVE_WITH_KNOTS('',3,(#8299,#8300,#8301,#8302,#8303,#8304,
#8305),.UNSPECIFIED.,.F.,.F.,(4,3,4),(0.944095170985055,1.04132709606416,
1.11425103987368),.UNSPECIFIED.);
#1302=B_SPLINE_CURVE_WITH_KNOTS('',3,(#8307,#8308,#8309,#8310,#8311,#8312,
#8313,#8314,#8315,#8316,#8317,#8318,#8319),.UNSPECIFIED.,.F.,.F.,(4,2,2,
2,3,4),(-0.283944904865379,-0.206276257489862,-0.13325861891395,-0.0649058983818653,
0.,0.0105805533987107),.UNSPECIFIED.);
#1303=B_SPLINE_CURVE_WITH_KNOTS('',3,(#8346,#8347,#8348,#8349,#8350,#8351,
#8352,#8353,#8354,#8355,#8356,#8357),.UNSPECIFIED.,.F.,.F.,(4,2,2,2,2,4),
(0.,0.0708651245348191,0.141645426840859,0.212480075845012,0.249128125874152,
0.285774375896119),.UNSPECIFIED.);
#1304=B_SPLINE_CURVE_WITH_KNOTS('',3,(#8384,#8385,#8386,#8387,#8388),
 .UNSPECIFIED.,.F.,.F.,(4,1,4),(0.773939297747567,0.846863242987836,0.944095169974861),
 .UNSPECIFIED.);
#1305=B_SPLINE_CURVE_WITH_KNOTS('',3,(#8392,#8393,#8394,#8395,#8396,#8397,
#8398,#8399,#8400,#8401,#8402,#8403,#8404),.UNSPECIFIED.,.F.,.F.,(4,3,2,
2,2,4),(-0.0105805533987109,0.,0.0649058983818653,0.133258618913951,0.206276257489862,
0.283944904865378),.UNSPECIFIED.);
#1306=B_SPLINE_CURVE_WITH_KNOTS('',3,(#8413,#8414,#8415,#8416,#8417,#8418,
#8419),.UNSPECIFIED.,.F.,.F.,(4,3,4),(0.944095170985055,1.04132709606416,
1.11425103987368),.UNSPECIFIED.);
#1307=B_SPLINE_CURVE_WITH_KNOTS('',3,(#8421,#8422,#8423,#8424,#8425,#8426,
#8427,#8428,#8429,#8430,#8431,#8432,#8433),.UNSPECIFIED.,.F.,.F.,(4,2,2,
2,3,4),(-0.283944904865379,-0.206276257489862,-0.13325861891395,-0.0649058983818653,
0.,0.0105805533987107),.UNSPECIFIED.);
#1308=B_SPLINE_CURVE_WITH_KNOTS('',3,(#8486,#8487,#8488,#8489,#8490),
 .UNSPECIFIED.,.F.,.F.,(4,1,4),(0.773939297747567,0.846863242987836,0.944095169974861),
 .UNSPECIFIED.);
#1309=B_SPLINE_CURVE_WITH_KNOTS('',3,(#8494,#8495,#8496,#8497,#8498,#8499,
#8500,#8501,#8502,#8503,#8504,#8505,#8506),.UNSPECIFIED.,.F.,.F.,(4,3,2,
2,2,4),(-0.0105805533987109,0.,0.0649058983818653,0.133258618913951,0.206276257489862,
0.283944904865378),.UNSPECIFIED.);
#1310=B_SPLINE_CURVE_WITH_KNOTS('',3,(#8515,#8516,#8517,#8518,#8519,#8520,
#8521),.UNSPECIFIED.,.F.,.F.,(4,3,4),(0.944095170985055,1.04132709606416,
1.11425103987368),.UNSPECIFIED.);
#1311=B_SPLINE_CURVE_WITH_KNOTS('',3,(#8523,#8524,#8525,#8526,#8527,#8528,
#8529,#8530,#8531,#8532,#8533,#8534,#8535),.UNSPECIFIED.,.F.,.F.,(4,2,2,
2,3,4),(-0.283944904865379,-0.206276257489862,-0.13325861891395,-0.0649058983818653,
0.,0.0105805533987107),.UNSPECIFIED.);
#1312=B_SPLINE_CURVE_WITH_KNOTS('',3,(#8588,#8589,#8590,#8591,#8592,#8593,
#8594,#8595,#8596,#8597,#8598,#8599),.UNSPECIFIED.,.F.,.F.,(4,2,2,2,2,4),
(0.,0.0708651245348147,0.141645426840848,0.212480075845002,0.24912812587414,
0.28577437589609),.UNSPECIFIED.);
#1313=B_SPLINE_CURVE_WITH_KNOTS('',3,(#8600,#8601,#8602,#8603,#8604),
 .UNSPECIFIED.,.F.,.F.,(4,1,4),(0.773939297747567,0.846863242987836,0.944095169974861),
 .UNSPECIFIED.);
#1314=B_SPLINE_CURVE_WITH_KNOTS('',3,(#8605,#8606,#8607,#8608,#8609),
 .UNSPECIFIED.,.F.,.F.,(4,1,4),(-1.10794063036581,-1.04132709606421,-0.944095170984932),
 .UNSPECIFIED.);
#1315=B_SPLINE_CURVE_WITH_KNOTS('',3,(#8611,#8612,#8613,#8614,#8615,#8616,
#8617),.UNSPECIFIED.,.F.,.F.,(4,3,4),(0.944095170985055,1.04132709606416,
1.11425103987368),.UNSPECIFIED.);
#1316=B_SPLINE_CURVE_WITH_KNOTS('',3,(#8644,#8645,#8646,#8647,#8648,#8649,
#8650,#8651,#8652,#8653,#8654,#8655),.UNSPECIFIED.,.F.,.F.,(4,2,2,2,2,4),
(0.,0.0709946871316237,0.141855719147644,0.212658170487586,0.249233002743107,
0.285786136949922),.UNSPECIFIED.);
#1317=B_SPLINE_CURVE_WITH_KNOTS('',3,(#8656,#8657,#8658,#8659,#8660),
 .UNSPECIFIED.,.F.,.F.,(4,1,4),(-0.944095169974861,-0.846863242987836,-0.780249705246669),
 .UNSPECIFIED.);
#1318=B_SPLINE_CURVE_WITH_KNOTS('',3,(#8662,#8663,#8664,#8665,#8666,#8667,
#8668,#8669,#8670,#8671,#8672,#8673),.UNSPECIFIED.,.F.,.F.,(4,2,2,2,2,4),
(0.,0.0708651245348185,0.141645426840857,0.212480075845013,0.249128125874154,
0.285774375896107),.UNSPECIFIED.);
#1319=B_SPLINE_CURVE_WITH_KNOTS('',3,(#8675,#8676,#8677,#8678,#8679,#8680,
#8681,#8682,#8683,#8684,#8685,#8686),.UNSPECIFIED.,.F.,.F.,(4,2,2,2,2,4),
(0.,0.0709946871316252,0.141855719147652,0.212658170487598,0.24923300274312,
0.285786136949941),.UNSPECIFIED.);
#1320=B_SPLINE_CURVE_WITH_KNOTS('',3,(#8713,#8714,#8715,#8716,#8717,#8718,
#8719,#8720,#8721,#8722,#8723,#8724),.UNSPECIFIED.,.F.,.F.,(4,2,2,2,2,4),
(0.,0.0708651245348153,0.141645426840851,0.212480075845007,0.24912812587415,
0.285774375896115),.UNSPECIFIED.);
#1321=B_SPLINE_CURVE_WITH_KNOTS('',3,(#8726,#8727,#8728,#8729,#8730),
 .UNSPECIFIED.,.F.,.F.,(4,1,4),(0.773939297747567,0.846863242987836,0.944095169974861),
 .UNSPECIFIED.);
#1322=B_SPLINE_CURVE_WITH_KNOTS('',3,(#8733,#8734,#8735,#8736,#8737),
 .UNSPECIFIED.,.F.,.F.,(4,1,4),(-1.10794063544587,-1.04132709606421,-0.944095170984932),
 .UNSPECIFIED.);
#1323=B_SPLINE_CURVE_WITH_KNOTS('',3,(#8741,#8742,#8743,#8744,#8745,#8746,
#8747,#8748,#8749,#8750,#8751,#8752,#8753),.UNSPECIFIED.,.F.,.F.,(4,3,2,
2,2,4),(-0.0105805533987109,0.,0.0649058983818653,0.133258618913951,0.206276257489862,
0.283944904865378),.UNSPECIFIED.);
#1324=B_SPLINE_CURVE_WITH_KNOTS('',3,(#8763,#8764,#8765,#8766,#8767,#8768,
#8769),.UNSPECIFIED.,.F.,.F.,(4,3,4),(0.944095170985055,1.04132709606416,
1.11425103987368),.UNSPECIFIED.);
#1325=B_SPLINE_CURVE_WITH_KNOTS('',3,(#8772,#8773,#8774,#8775,#8776,#8777,
#8778,#8779,#8780,#8781,#8782,#8783,#8784),.UNSPECIFIED.,.F.,.F.,(4,2,2,
2,3,4),(-0.283944904865379,-0.206276257489862,-0.13325861891395,-0.0649058983818653,
0.,0.0105805533987107),.UNSPECIFIED.);
#1326=B_SPLINE_CURVE_WITH_KNOTS('',3,(#8813,#8814,#8815,#8816,#8817,#8818,
#8819,#8820,#8821,#8822,#8823,#8824),.UNSPECIFIED.,.F.,.F.,(4,2,2,2,2,4),
(0.,0.0709946871316244,0.141855719147648,0.212658170487592,0.249233002743114,
0.285786136949931),.UNSPECIFIED.);
#1327=B_SPLINE_CURVE_WITH_KNOTS('',3,(#8851,#8852,#8853,#8854,#8855,#8856,
#8857,#8858,#8859,#8860,#8861,#8862),.UNSPECIFIED.,.F.,.F.,(4,2,2,2,2,4),
(0.,0.0708651245348163,0.141645426840853,0.21248007584501,0.249128125874151,
0.285774375896111),.UNSPECIFIED.);
#1328=B_SPLINE_CURVE_WITH_KNOTS('',3,(#8864,#8865,#8866,#8867,#8868),
 .UNSPECIFIED.,.F.,.F.,(4,1,4),(0.773939297747567,0.846863242987836,0.944095169974861),
 .UNSPECIFIED.);
#1329=B_SPLINE_CURVE_WITH_KNOTS('',3,(#8871,#8872,#8873,#8874,#8875),
 .UNSPECIFIED.,.F.,.F.,(4,1,4),(-1.10794063670132,-1.04132709606421,-0.944095170984932),
 .UNSPECIFIED.);
#1330=B_SPLINE_CURVE_WITH_KNOTS('',3,(#8879,#8880,#8881,#8882,#8883,#8884,
#8885,#8886,#8887,#8888,#8889,#8890,#8891),.UNSPECIFIED.,.F.,.F.,(4,3,2,
2,2,4),(-0.0105805533987109,0.,0.0649058983818653,0.133258618913951,0.206276257489862,
0.283944904865378),.UNSPECIFIED.);
#1331=B_SPLINE_CURVE_WITH_KNOTS('',3,(#8901,#8902,#8903,#8904,#8905,#8906,
#8907),.UNSPECIFIED.,.F.,.F.,(4,3,4),(0.944095170985055,1.04132709606416,
1.11425103987368),.UNSPECIFIED.);
#1332=B_SPLINE_CURVE_WITH_KNOTS('',3,(#8909,#8910,#8911,#8912,#8913,#8914,
#8915,#8916,#8917,#8918,#8919,#8920,#8921),.UNSPECIFIED.,.F.,.F.,(4,2,2,
2,3,4),(-0.283944904865379,-0.206276257489862,-0.13325861891395,-0.0649058983818653,
0.,0.0105805533987107),.UNSPECIFIED.);
#1333=B_SPLINE_CURVE_WITH_KNOTS('',3,(#8949,#8950,#8951,#8952,#8953,#8954,
#8955,#8956,#8957,#8958,#8959,#8960),.UNSPECIFIED.,.F.,.F.,(4,2,2,2,2,4),
(0.,0.0709946871316269,0.141855719147653,0.212658170487596,0.249233002743119,
0.285786136949944),.UNSPECIFIED.);
#1334=B_SPLINE_CURVE_WITH_KNOTS('',3,(#8986,#8987,#8988,#8989,#8990),
 .UNSPECIFIED.,.F.,.F.,(4,1,4),(0.773939297747567,0.846863242987836,0.944095169974861),
 .UNSPECIFIED.);
#1335=B_SPLINE_CURVE_WITH_KNOTS('',3,(#8992,#8993,#8994,#8995,#8996,#8997,
#8998),.UNSPECIFIED.,.F.,.F.,(4,3,4),(0.944095170985055,1.04132709606416,
1.11425103987368),.UNSPECIFIED.);
#1336=B_SPLINE_CURVE_WITH_KNOTS('',3,(#9025,#9026,#9027,#9028,#9029,#9030,
#9031,#9032,#9033,#9034,#9035,#9036),.UNSPECIFIED.,.F.,.F.,(4,2,2,2,2,4),
(0.,0.0709946871316218,0.141855719147639,0.212658170487577,0.249233002743096,
0.285786136949913),.UNSPECIFIED.);
#1337=B_SPLINE_CURVE_WITH_KNOTS('',3,(#9037,#9038,#9039,#9040,#9041),
 .UNSPECIFIED.,.F.,.F.,(4,1,4),(-0.944095169974861,-0.846863242987836,-0.780249703317348),
 .UNSPECIFIED.);
#1338=B_SPLINE_CURVE_WITH_KNOTS('',3,(#9043,#9044,#9045,#9046,#9047,#9048,
#9049,#9050,#9051,#9052,#9053,#9054),.UNSPECIFIED.,.F.,.F.,(4,2,2,2,2,4),
(0.,0.0708651245348176,0.141645426840854,0.212480075845007,0.24912812587415,
0.285774375896109),.UNSPECIFIED.);
#1339=B_SPLINE_CURVE_WITH_KNOTS('',3,(#9080,#9081,#9082,#9083,#9084),
 .UNSPECIFIED.,.F.,.F.,(4,1,4),(0.773939297747567,0.846863242987836,0.944095169974861),
 .UNSPECIFIED.);
#1340=B_SPLINE_CURVE_WITH_KNOTS('',3,(#9086,#9087,#9088,#9089,#9090,#9091,
#9092),.UNSPECIFIED.,.F.,.F.,(4,3,4),(0.944095170985055,1.04132709606416,
1.11425103987368),.UNSPECIFIED.);
#1341=B_SPLINE_CURVE_WITH_KNOTS('',3,(#9095,#9096,#9097,#9098,#9099,#9100,
#9101,#9102,#9103,#9104,#9105,#9106,#9107),.UNSPECIFIED.,.F.,.F.,(4,2,2,
2,3,4),(-0.283944904865379,-0.206276257489862,-0.13325861891395,-0.0649058983818653,
0.,0.0105805533987107),.UNSPECIFIED.);
#1342=B_SPLINE_CURVE_WITH_KNOTS('',3,(#9137,#9138,#9139,#9140,#9141,#9142,
#9143,#9144,#9145,#9146,#9147,#9148),.UNSPECIFIED.,.F.,.F.,(4,2,2,2,2,4),
(0.,0.0709946871316277,0.141855719147655,0.212658170487598,0.249233002743122,
0.285786136949949),.UNSPECIFIED.);
#1343=B_SPLINE_CURVE_WITH_KNOTS('',3,(#9149,#9150,#9151,#9152,#9153),
 .UNSPECIFIED.,.F.,.F.,(4,1,4),(-0.944095169974861,-0.846863242987836,-0.780249703185471),
 .UNSPECIFIED.);
#1344=B_SPLINE_CURVE_WITH_KNOTS('',3,(#9155,#9156,#9157,#9158,#9159,#9160,
#9161,#9162,#9163,#9164,#9165,#9166),.UNSPECIFIED.,.F.,.F.,(4,2,2,2,2,4),
(0.,0.0708651245348175,0.141645426840854,0.212480075845008,0.249128125874147,
0.285774375896105),.UNSPECIFIED.);
#1345=B_SPLINE_CURVE_WITH_KNOTS('',3,(#9193,#9194,#9195,#9196,#9197,#9198,
#9199,#9200,#9201,#9202,#9203,#9204),.UNSPECIFIED.,.F.,.F.,(4,2,2,2,2,4),
(0.,0.0708651245348143,0.141645426840847,0.212480075844998,0.249128125874139,
0.2857743758961),.UNSPECIFIED.);
#1346=B_SPLINE_CURVE_WITH_KNOTS('',3,(#9206,#9207,#9208,#9209,#9210),
 .UNSPECIFIED.,.F.,.F.,(4,1,4),(0.773939297747567,0.846863242987836,0.944095169974861),
 .UNSPECIFIED.);
#1347=B_SPLINE_CURVE_WITH_KNOTS('',3,(#9213,#9214,#9215,#9216,#9217),
 .UNSPECIFIED.,.F.,.F.,(4,1,4),(-1.10794063483626,-1.04132709606421,-0.944095170984932),
 .UNSPECIFIED.);
#1348=B_SPLINE_CURVE_WITH_KNOTS('',3,(#9221,#9222,#9223,#9224,#9225,#9226,
#9227,#9228,#9229,#9230,#9231,#9232,#9233),.UNSPECIFIED.,.F.,.F.,(4,3,2,
2,2,4),(-0.0105805533987109,0.,0.0649058983818653,0.133258618913951,0.206276257489862,
0.283944904865378),.UNSPECIFIED.);
#1349=B_SPLINE_CURVE_WITH_KNOTS('',3,(#9243,#9244,#9245,#9246,#9247,#9248,
#9249),.UNSPECIFIED.,.F.,.F.,(4,3,4),(0.944095170985055,1.04132709606416,
1.11425103987368),.UNSPECIFIED.);
#1350=B_SPLINE_CURVE_WITH_KNOTS('',3,(#9252,#9253,#9254,#9255,#9256,#9257,
#9258,#9259,#9260,#9261,#9262,#9263,#9264),.UNSPECIFIED.,.F.,.F.,(4,2,2,
2,3,4),(-0.283944904865379,-0.206276257489862,-0.13325861891395,-0.0649058983818653,
0.,0.0105805533987107),.UNSPECIFIED.);
#1351=B_SPLINE_CURVE_WITH_KNOTS('',3,(#9294,#9295,#9296,#9297,#9298,#9299,
#9300,#9301,#9302,#9303,#9304,#9305),.UNSPECIFIED.,.F.,.F.,(4,2,2,2,2,4),
(0.,0.070994687131624,0.141855719147648,0.212658170487592,0.249233002743114,
0.285786136949934),.UNSPECIFIED.);
#1352=B_SPLINE_CURVE_WITH_KNOTS('',3,(#9306,#9307,#9308,#9309,#9310),
 .UNSPECIFIED.,.F.,.F.,(4,1,4),(-0.944095169974861,-0.846863242987836,-0.780249701498144),
 .UNSPECIFIED.);
#1353=B_SPLINE_CURVE_WITH_KNOTS('',3,(#9312,#9313,#9314,#9315,#9316,#9317,
#9318,#9319,#9320,#9321,#9322,#9323),.UNSPECIFIED.,.F.,.F.,(4,2,2,2,2,4),
(0.,0.0709946871316259,0.14185571914765,0.212658170487593,0.249233002743113,
0.285786136949931),.UNSPECIFIED.);
#1354=B_SPLINE_CURVE_WITH_KNOTS('',3,(#9325,#9326,#9327,#9328,#9329,#9330,
#9331,#9332,#9333,#9334,#9335,#9336),.UNSPECIFIED.,.F.,.F.,(4,2,2,2,2,4),
(0.,0.0708651245348166,0.141645426840852,0.212480075845004,0.249128125874144,
0.285774375896102),.UNSPECIFIED.);
#1355=B_SPLINE_CURVE_WITH_KNOTS('',3,(#9363,#9364,#9365,#9366,#9367),
 .UNSPECIFIED.,.F.,.F.,(4,1,4),(0.773939297747567,0.846863242987836,0.944095169974861),
 .UNSPECIFIED.);
#1356=B_SPLINE_CURVE_WITH_KNOTS('',3,(#9371,#9372,#9373,#9374,#9375,#9376,
#9377,#9378,#9379,#9380,#9381,#9382,#9383),.UNSPECIFIED.,.F.,.F.,(4,3,2,
2,2,4),(-0.0105805533987109,0.,0.0649058983818653,0.133258618913951,0.206276257489862,
0.283944904865378),.UNSPECIFIED.);
#1357=B_SPLINE_CURVE_WITH_KNOTS('',3,(#9392,#9393,#9394,#9395,#9396,#9397,
#9398),.UNSPECIFIED.,.F.,.F.,(4,3,4),(0.944095170985055,1.04132709606416,
1.11425103987368),.UNSPECIFIED.);
#1358=B_SPLINE_CURVE_WITH_KNOTS('',3,(#9400,#9401,#9402,#9403,#9404,#9405,
#9406,#9407,#9408,#9409,#9410,#9411,#9412),.UNSPECIFIED.,.F.,.F.,(4,2,2,
2,3,4),(-0.283944904865379,-0.206276257489862,-0.13325861891395,-0.0649058983818653,
0.,0.0105805533987107),.UNSPECIFIED.);
#1359=B_SPLINE_CURVE_WITH_KNOTS('',3,(#9465,#9466,#9467,#9468,#9469),
 .UNSPECIFIED.,.F.,.F.,(4,1,4),(0.773939297747567,0.846863242987836,0.944095169974861),
 .UNSPECIFIED.);
#1360=B_SPLINE_CURVE_WITH_KNOTS('',3,(#9473,#9474,#9475,#9476,#9477,#9478,
#9479,#9480,#9481,#9482,#9483,#9484,#9485),.UNSPECIFIED.,.F.,.F.,(4,3,2,
2,2,4),(-0.0105805533987109,0.,0.0649058983818653,0.133258618913951,0.206276257489862,
0.283944904865378),.UNSPECIFIED.);
#1361=B_SPLINE_CURVE_WITH_KNOTS('',3,(#9494,#9495,#9496,#9497,#9498,#9499,
#9500),.UNSPECIFIED.,.F.,.F.,(4,3,4),(0.944095170985055,1.04132709606416,
1.11425103987368),.UNSPECIFIED.);
#1362=B_SPLINE_CURVE_WITH_KNOTS('',3,(#9502,#9503,#9504,#9505,#9506,#9507,
#9508,#9509,#9510,#9511,#9512,#9513,#9514),.UNSPECIFIED.,.F.,.F.,(4,2,2,
2,3,4),(-0.283944904865379,-0.206276257489862,-0.13325861891395,-0.0649058983818653,
0.,0.0105805533987107),.UNSPECIFIED.);
#1363=B_SPLINE_CURVE_WITH_KNOTS('',3,(#9543,#9544,#9545,#9546,#9547,#9548,
#9549,#9550,#9551,#9552,#9553,#9554,#9555),.UNSPECIFIED.,.F.,.F.,(4,3,2,
2,2,4),(-0.0105805533987109,0.,0.0649058983818653,0.133258618913951,0.206276257489862,
0.283944904865378),.UNSPECIFIED.);
#1364=B_SPLINE_CURVE_WITH_KNOTS('',3,(#9562,#9563,#9564,#9565,#9566,#9567,
#9568,#9569,#9570,#9571,#9572,#9573,#9574),.UNSPECIFIED.,.F.,.F.,(4,2,2,
2,3,4),(-0.283944904865379,-0.206276257489862,-0.13325861891395,-0.0649058983818653,
0.,0.0105805533987107),.UNSPECIFIED.);
#1365=B_SPLINE_CURVE_WITH_KNOTS('',3,(#9601,#9602,#9603,#9604,#9605),
 .UNSPECIFIED.,.F.,.F.,(4,1,4),(0.773939297747567,0.846863242987836,0.944095169974861),
 .UNSPECIFIED.);
#1366=B_SPLINE_CURVE_WITH_KNOTS('',3,(#9609,#9610,#9611,#9612,#9613,#9614,
#9615,#9616,#9617,#9618,#9619,#9620,#9621),.UNSPECIFIED.,.F.,.F.,(4,3,2,
2,2,4),(-0.0105805533987109,0.,0.0649058983818653,0.133258618913951,0.206276257489862,
0.283944904865378),.UNSPECIFIED.);
#1367=B_SPLINE_CURVE_WITH_KNOTS('',3,(#9630,#9631,#9632,#9633,#9634,#9635,
#9636),.UNSPECIFIED.,.F.,.F.,(4,3,4),(0.944095170985055,1.04132709606416,
1.11425103987368),.UNSPECIFIED.);
#1368=B_SPLINE_CURVE_WITH_KNOTS('',3,(#9638,#9639,#9640,#9641,#9642,#9643,
#9644,#9645,#9646,#9647,#9648,#9649,#9650),.UNSPECIFIED.,.F.,.F.,(4,2,2,
2,3,4),(-0.283944904865379,-0.206276257489862,-0.13325861891395,-0.0649058983818653,
0.,0.0105805533987107),.UNSPECIFIED.);
#1369=B_SPLINE_CURVE_WITH_KNOTS('',3,(#9678,#9679,#9680,#9681,#9682,#9683,
#9684,#9685,#9686,#9687,#9688,#9689),.UNSPECIFIED.,.F.,.F.,(4,2,2,2,2,4),
(0.,0.0708651245348175,0.141645426840855,0.212480075845009,0.249128125874148,
0.285774375896104),.UNSPECIFIED.);
#1370=B_SPLINE_CURVE_WITH_KNOTS('',3,(#9715,#9716,#9717,#9718,#9719),
 .UNSPECIFIED.,.F.,.F.,(4,1,4),(0.773939297747567,0.846863242987836,0.944095169974861),
 .UNSPECIFIED.);
#1371=B_SPLINE_CURVE_WITH_KNOTS('',3,(#9721,#9722,#9723,#9724,#9725,#9726,
#9727),.UNSPECIFIED.,.F.,.F.,(4,3,4),(0.944095170985055,1.04132709606416,
1.11425103987368),.UNSPECIFIED.);
#1372=VERTEX_POINT('',#5192);
#1373=VERTEX_POINT('',#5193);
#1374=VERTEX_POINT('',#5200);
#1375=VERTEX_POINT('',#5202);
#1376=VERTEX_POINT('',#5204);
#1377=VERTEX_POINT('',#5206);
#1378=VERTEX_POINT('',#5208);
#1379=VERTEX_POINT('',#5213);
#1380=VERTEX_POINT('',#5228);
#1381=VERTEX_POINT('',#5243);
#1382=VERTEX_POINT('',#5262);
#1383=VERTEX_POINT('',#5273);
#1384=VERTEX_POINT('',#5296);
#1385=VERTEX_POINT('',#5298);
#1386=VERTEX_POINT('',#5303);
#1387=VERTEX_POINT('',#5322);
#1388=VERTEX_POINT('',#5333);
#1389=VERTEX_POINT('',#5335);
#1390=VERTEX_POINT('',#5339);
#1391=VERTEX_POINT('',#5340);
#1392=VERTEX_POINT('',#5377);
#1393=VERTEX_POINT('',#5379);
#1394=VERTEX_POINT('',#5417);
#1395=VERTEX_POINT('',#5418);
#1396=VERTEX_POINT('',#5439);
#1397=VERTEX_POINT('',#5441);
#1398=VERTEX_POINT('',#5452);
#1399=VERTEX_POINT('',#5469);
#1400=VERTEX_POINT('',#5486);
#1401=VERTEX_POINT('',#5488);
#1402=VERTEX_POINT('',#5495);
#1403=VERTEX_POINT('',#5497);
#1404=VERTEX_POINT('',#5510);
#1405=VERTEX_POINT('',#5515);
#1406=VERTEX_POINT('',#5519);
#1407=VERTEX_POINT('',#5521);
#1408=VERTEX_POINT('',#5523);
#1409=VERTEX_POINT('',#5525);
#1410=VERTEX_POINT('',#5536);
#1411=VERTEX_POINT('',#5555);
#1412=VERTEX_POINT('',#5562);
#1413=VERTEX_POINT('',#5564);
#1414=VERTEX_POINT('',#5566);
#1415=VERTEX_POINT('',#5602);
#1416=VERTEX_POINT('',#5615);
#1417=VERTEX_POINT('',#5623);
#1418=VERTEX_POINT('',#5638);
#1419=VERTEX_POINT('',#5642);
#1420=VERTEX_POINT('',#5653);
#1421=VERTEX_POINT('',#5692);
#1422=VERTEX_POINT('',#5707);
#1423=VERTEX_POINT('',#5722);
#1424=VERTEX_POINT('',#5724);
#1425=VERTEX_POINT('',#5726);
#1426=VERTEX_POINT('',#5728);
#1427=VERTEX_POINT('',#5730);
#1428=VERTEX_POINT('',#5732);
#1429=VERTEX_POINT('',#5734);
#1430=VERTEX_POINT('',#5736);
#1431=VERTEX_POINT('',#5739);
#1432=VERTEX_POINT('',#5741);
#1433=VERTEX_POINT('',#5743);
#1434=VERTEX_POINT('',#5745);
#1435=VERTEX_POINT('',#5750);
#1436=VERTEX_POINT('',#5752);
#1437=VERTEX_POINT('',#5754);
#1438=VERTEX_POINT('',#5756);
#1439=VERTEX_POINT('',#5758);
#1440=VERTEX_POINT('',#5760);
#1441=VERTEX_POINT('',#5762);
#1442=VERTEX_POINT('',#5764);
#1443=VERTEX_POINT('',#5766);
#1444=VERTEX_POINT('',#5768);
#1445=VERTEX_POINT('',#5770);
#1446=VERTEX_POINT('',#5772);
#1447=VERTEX_POINT('',#5774);
#1448=VERTEX_POINT('',#5776);
#1449=VERTEX_POINT('',#5778);
#1450=VERTEX_POINT('',#5780);
#1451=VERTEX_POINT('',#5782);
#1452=VERTEX_POINT('',#5784);
#1453=VERTEX_POINT('',#5786);
#1454=VERTEX_POINT('',#5788);
#1455=VERTEX_POINT('',#5790);
#1456=VERTEX_POINT('',#5792);
#1457=VERTEX_POINT('',#5794);
#1458=VERTEX_POINT('',#5796);
#1459=VERTEX_POINT('',#5798);
#1460=VERTEX_POINT('',#5800);
#1461=VERTEX_POINT('',#5802);
#1462=VERTEX_POINT('',#5804);
#1463=VERTEX_POINT('',#5806);
#1464=VERTEX_POINT('',#5808);
#1465=VERTEX_POINT('',#5810);
#1466=VERTEX_POINT('',#5812);
#1467=VERTEX_POINT('',#5814);
#1468=VERTEX_POINT('',#5818);
#1469=VERTEX_POINT('',#5820);
#1470=VERTEX_POINT('',#5836);
#1471=VERTEX_POINT('',#5886);
#1472=VERTEX_POINT('',#5892);
#1473=VERTEX_POINT('',#5902);
#1474=VERTEX_POINT('',#5904);
#1475=VERTEX_POINT('',#5908);
#1476=VERTEX_POINT('',#5910);
#1477=VERTEX_POINT('',#5915);
#1478=VERTEX_POINT('',#5916);
#1479=VERTEX_POINT('',#5918);
#1480=VERTEX_POINT('',#5920);
#1481=VERTEX_POINT('',#5922);
#1482=VERTEX_POINT('',#5924);
#1483=VERTEX_POINT('',#5926);
#1484=VERTEX_POINT('',#5928);
#1485=VERTEX_POINT('',#5930);
#1486=VERTEX_POINT('',#5932);
#1487=VERTEX_POINT('',#5934);
#1488=VERTEX_POINT('',#5938);
#1489=VERTEX_POINT('',#5939);
#1490=VERTEX_POINT('',#5962);
#1491=VERTEX_POINT('',#5969);
#1492=VERTEX_POINT('',#5974);
#1493=VERTEX_POINT('',#5985);
#1494=VERTEX_POINT('',#6002);
#1495=VERTEX_POINT('',#6009);
#1496=VERTEX_POINT('',#6020);
#1497=VERTEX_POINT('',#6035);
#1498=VERTEX_POINT('',#6042);
#1499=VERTEX_POINT('',#6055);
#1500=VERTEX_POINT('',#6070);
#1501=VERTEX_POINT('',#6077);
#1502=VERTEX_POINT('',#6090);
#1503=VERTEX_POINT('',#6103);
#1504=VERTEX_POINT('',#6110);
#1505=VERTEX_POINT('',#6125);
#1506=VERTEX_POINT('',#6138);
#1507=VERTEX_POINT('',#6145);
#1508=VERTEX_POINT('',#6160);
#1509=VERTEX_POINT('',#6171);
#1510=VERTEX_POINT('',#6181);
#1511=VERTEX_POINT('',#6182);
#1512=VERTEX_POINT('',#6191);
#1513=VERTEX_POINT('',#6195);
#1514=VERTEX_POINT('',#6197);
#1515=VERTEX_POINT('',#6201);
#1516=VERTEX_POINT('',#6213);
#1517=VERTEX_POINT('',#6228);
#1518=VERTEX_POINT('',#6241);
#1519=VERTEX_POINT('',#6250);
#1520=VERTEX_POINT('',#6276);
#1521=VERTEX_POINT('',#6277);
#1522=VERTEX_POINT('',#6288);
#1523=VERTEX_POINT('',#6292);
#1524=VERTEX_POINT('',#6294);
#1525=VERTEX_POINT('',#6298);
#1526=VERTEX_POINT('',#6305);
#1527=VERTEX_POINT('',#6316);
#1528=VERTEX_POINT('',#6331);
#1529=VERTEX_POINT('',#6340);
#1530=VERTEX_POINT('',#6392);
#1531=VERTEX_POINT('',#6397);
#1532=VERTEX_POINT('',#6410);
#1533=VERTEX_POINT('',#6423);
#1534=VERTEX_POINT('',#6430);
#1535=VERTEX_POINT('',#6443);
#1536=VERTEX_POINT('',#6456);
#1537=VERTEX_POINT('',#6463);
#1538=VERTEX_POINT('',#6478);
#1539=VERTEX_POINT('',#6491);
#1540=VERTEX_POINT('',#6498);
#1541=VERTEX_POINT('',#6511);
#1542=VERTEX_POINT('',#6524);
#1543=VERTEX_POINT('',#6531);
#1544=VERTEX_POINT('',#6544);
#1545=VERTEX_POINT('',#6557);
#1546=VERTEX_POINT('',#6564);
#1547=VERTEX_POINT('',#6577);
#1548=VERTEX_POINT('',#6595);
#1549=VERTEX_POINT('',#6606);
#1550=VERTEX_POINT('',#6623);
#1551=VERTEX_POINT('',#6625);
#1552=VERTEX_POINT('',#6654);
#1553=VERTEX_POINT('',#6657);
#1554=VERTEX_POINT('',#6662);
#1555=VERTEX_POINT('',#6664);
#1556=VERTEX_POINT('',#6668);
#1557=VERTEX_POINT('',#6672);
#1558=VERTEX_POINT('',#6676);
#1559=VERTEX_POINT('',#6678);
#1560=VERTEX_POINT('',#6680);
#1561=VERTEX_POINT('',#6682);
#1562=VERTEX_POINT('',#6686);
#1563=VERTEX_POINT('',#6690);
#1564=VERTEX_POINT('',#6694);
#1565=VERTEX_POINT('',#6710);
#1566=VERTEX_POINT('',#6714);
#1567=VERTEX_POINT('',#6730);
#1568=VERTEX_POINT('',#6734);
#1569=VERTEX_POINT('',#6738);
#1570=VERTEX_POINT('',#6742);
#1571=VERTEX_POINT('',#6758);
#1572=VERTEX_POINT('',#6762);
#1573=VERTEX_POINT('',#6779);
#1574=VERTEX_POINT('',#6783);
#1575=VERTEX_POINT('',#6789);
#1576=VERTEX_POINT('',#6805);
#1577=VERTEX_POINT('',#6811);
#1578=VERTEX_POINT('',#6827);
#1579=VERTEX_POINT('',#6833);
#1580=VERTEX_POINT('',#6837);
#1581=VERTEX_POINT('',#6842);
#1582=VERTEX_POINT('',#6858);
#1583=VERTEX_POINT('',#6864);
#1584=VERTEX_POINT('',#6880);
#1585=VERTEX_POINT('',#6886);
#1586=VERTEX_POINT('',#6890);
#1587=VERTEX_POINT('',#6920);
#1588=VERTEX_POINT('',#6944);
#1589=VERTEX_POINT('',#6946);
#1590=VERTEX_POINT('',#6962);
#1591=VERTEX_POINT('',#6974);
#1592=VERTEX_POINT('',#7014);
#1593=VERTEX_POINT('',#7137);
#1594=VERTEX_POINT('',#7180);
#1595=VERTEX_POINT('',#7193);
#1596=VERTEX_POINT('',#7199);
#1597=VERTEX_POINT('',#7207);
#1598=VERTEX_POINT('',#7208);
#1599=VERTEX_POINT('',#7225);
#1600=VERTEX_POINT('',#7314);
#1601=VERTEX_POINT('',#7327);
#1602=VERTEX_POINT('',#7333);
#1603=VERTEX_POINT('',#7341);
#1604=VERTEX_POINT('',#7342);
#1605=VERTEX_POINT('',#7359);
#1606=VERTEX_POINT('',#7361);
#1607=VERTEX_POINT('',#7373);
#1608=VERTEX_POINT('',#7387);
#1609=VERTEX_POINT('',#7415);
#1610=VERTEX_POINT('',#7484);
#1611=VERTEX_POINT('',#7497);
#1612=VERTEX_POINT('',#7503);
#1613=VERTEX_POINT('',#7511);
#1614=VERTEX_POINT('',#7512);
#1615=VERTEX_POINT('',#7529);
#1616=VERTEX_POINT('',#7531);
#1617=VERTEX_POINT('',#7626);
#1618=VERTEX_POINT('',#7642);
#1619=VERTEX_POINT('',#7682);
#1620=VERTEX_POINT('',#7692);
#1621=VERTEX_POINT('',#7694);
#1622=VERTEX_POINT('',#7706);
#1623=VERTEX_POINT('',#7720);
#1624=VERTEX_POINT('',#7748);
#1625=VERTEX_POINT('',#7804);
#1626=VERTEX_POINT('',#7817);
#1627=VERTEX_POINT('',#7823);
#1628=VERTEX_POINT('',#7831);
#1629=VERTEX_POINT('',#7832);
#1630=VERTEX_POINT('',#7849);
#1631=VERTEX_POINT('',#7851);
#1632=VERTEX_POINT('',#7863);
#1633=VERTEX_POINT('',#7877);
#1634=VERTEX_POINT('',#7905);
#1635=VERTEX_POINT('',#7974);
#1636=VERTEX_POINT('',#7982);
#1637=VERTEX_POINT('',#7998);
#1638=VERTEX_POINT('',#8000);
#1639=VERTEX_POINT('',#8012);
#1640=VERTEX_POINT('',#8026);
#1641=VERTEX_POINT('',#8054);
#1642=VERTEX_POINT('',#8110);
#1643=VERTEX_POINT('',#8118);
#1644=VERTEX_POINT('',#8134);
#1645=VERTEX_POINT('',#8136);
#1646=VERTEX_POINT('',#8148);
#1647=VERTEX_POINT('',#8162);
#1648=VERTEX_POINT('',#8190);
#1649=VERTEX_POINT('',#8270);
#1650=VERTEX_POINT('',#8278);
#1651=VERTEX_POINT('',#8294);
#1652=VERTEX_POINT('',#8383);
#1653=VERTEX_POINT('',#8391);
#1654=VERTEX_POINT('',#8407);
#1655=VERTEX_POINT('',#8409);
#1656=VERTEX_POINT('',#8485);
#1657=VERTEX_POINT('',#8493);
#1658=VERTEX_POINT('',#8509);
#1659=VERTEX_POINT('',#8511);
#1660=VERTEX_POINT('',#8587);
#1661=VERTEX_POINT('',#8643);
#1662=VERTEX_POINT('',#8712);
#1663=VERTEX_POINT('',#8725);
#1664=VERTEX_POINT('',#8731);
#1665=VERTEX_POINT('',#8739);
#1666=VERTEX_POINT('',#8740);
#1667=VERTEX_POINT('',#8757);
#1668=VERTEX_POINT('',#8759);
#1669=VERTEX_POINT('',#8771);
#1670=VERTEX_POINT('',#8850);
#1671=VERTEX_POINT('',#8863);
#1672=VERTEX_POINT('',#8869);
#1673=VERTEX_POINT('',#8877);
#1674=VERTEX_POINT('',#8878);
#1675=VERTEX_POINT('',#8895);
#1676=VERTEX_POINT('',#8897);
#1677=VERTEX_POINT('',#9024);
#1678=VERTEX_POINT('',#9094);
#1679=VERTEX_POINT('',#9108);
#1680=VERTEX_POINT('',#9136);
#1681=VERTEX_POINT('',#9192);
#1682=VERTEX_POINT('',#9205);
#1683=VERTEX_POINT('',#9211);
#1684=VERTEX_POINT('',#9219);
#1685=VERTEX_POINT('',#9220);
#1686=VERTEX_POINT('',#9237);
#1687=VERTEX_POINT('',#9239);
#1688=VERTEX_POINT('',#9251);
#1689=VERTEX_POINT('',#9265);
#1690=VERTEX_POINT('',#9293);
#1691=VERTEX_POINT('',#9362);
#1692=VERTEX_POINT('',#9370);
#1693=VERTEX_POINT('',#9386);
#1694=VERTEX_POINT('',#9388);
#1695=VERTEX_POINT('',#9464);
#1696=VERTEX_POINT('',#9472);
#1697=VERTEX_POINT('',#9488);
#1698=VERTEX_POINT('',#9490);
#1699=VERTEX_POINT('',#9542);
#1700=VERTEX_POINT('',#9558);
#1701=VERTEX_POINT('',#9600);
#1702=VERTEX_POINT('',#9608);
#1703=VERTEX_POINT('',#9624);
#1704=VERTEX_POINT('',#9626);
#1705=VERTEX_POINT('',#9754);
#1706=VERTEX_POINT('',#9755);
#1707=VERTEX_POINT('',#9757);
#1708=VERTEX_POINT('',#9759);
#1709=VERTEX_POINT('',#9763);
#1710=VERTEX_POINT('',#9765);
#1711=VERTEX_POINT('',#9769);
#1712=VERTEX_POINT('',#9771);
#1713=VERTEX_POINT('',#9780);
#1714=VERTEX_POINT('',#9782);
#1715=VERTEX_POINT('',#9784);
#1716=VERTEX_POINT('',#9786);
#1717=VERTEX_POINT('',#9788);
#1718=VERTEX_POINT('',#9792);
#1719=VERTEX_POINT('',#9793);
#1720=VERTEX_POINT('',#9795);
#1721=VERTEX_POINT('',#9797);
#1722=VERTEX_POINT('',#9801);
#1723=EDGE_CURVE('',#1372,#1373,#1122,.T.);
#1724=EDGE_CURVE('',#1372,#1374,#974,.T.);
#1725=EDGE_CURVE('',#1375,#1374,#975,.T.);
#1726=EDGE_CURVE('',#1376,#1375,#976,.T.);
#1727=EDGE_CURVE('',#1377,#1376,#977,.T.);
#1728=EDGE_CURVE('',#1378,#1377,#1123,.T.);
#1729=EDGE_CURVE('',#1379,#1378,#1124,.T.);
#1730=EDGE_CURVE('',#1373,#1379,#714,.T.);
#1731=EDGE_CURVE('',#1380,#1372,#1125,.T.);
#1732=EDGE_CURVE('',#1381,#1380,#1126,.T.);
#1733=EDGE_CURVE('',#1382,#1381,#1127,.T.);
#1734=EDGE_CURVE('',#1382,#1383,#978,.T.);
#1735=EDGE_CURVE('',#1374,#1383,#1128,.T.);
#1736=EDGE_CURVE('',#1384,#1382,#715,.T.);
#1737=EDGE_CURVE('',#1385,#1384,#1129,.T.);
#1738=EDGE_CURVE('',#1386,#1385,#1130,.T.);
#1739=EDGE_CURVE('',#1387,#1386,#1131,.T.);
#1740=EDGE_CURVE('',#1388,#1387,#979,.T.);
#1741=EDGE_CURVE('',#1389,#1388,#980,.T.);
#1742=EDGE_CURVE('',#1389,#1383,#981,.T.);
#1743=EDGE_CURVE('',#1390,#1391,#1132,.T.);
#1744=EDGE_CURVE('',#1391,#1390,#1133,.T.);
#1745=EDGE_CURVE('',#1391,#1392,#982,.T.);
#1746=EDGE_CURVE('',#1393,#1392,#1134,.T.);
#1747=EDGE_CURVE('',#1392,#1393,#1135,.T.);
#1748=EDGE_CURVE('',#1394,#1395,#1136,.T.);
#1749=EDGE_CURVE('',#1396,#1394,#983,.T.);
#1750=EDGE_CURVE('',#1397,#1396,#1137,.T.);
#1751=EDGE_CURVE('',#1398,#1397,#1138,.T.);
#1752=EDGE_CURVE('',#1399,#1398,#1139,.T.);
#1753=EDGE_CURVE('',#1399,#1395,#984,.T.);
#1754=EDGE_CURVE('',#1395,#1400,#985,.T.);
#1755=EDGE_CURVE('',#1401,#1399,#1140,.T.);
#1756=EDGE_CURVE('',#1402,#1401,#716,.T.);
#1757=EDGE_CURVE('',#1403,#1402,#1141,.T.);
#1758=EDGE_CURVE('',#1404,#1403,#1142,.T.);
#1759=EDGE_CURVE('',#1405,#1404,#986,.T.);
#1760=EDGE_CURVE('',#1400,#1405,#987,.T.);
#1761=EDGE_CURVE('',#1406,#1394,#988,.T.);
#1762=EDGE_CURVE('',#1407,#1406,#989,.T.);
#1763=EDGE_CURVE('',#1408,#1407,#990,.T.);
#1764=EDGE_CURVE('',#1409,#1408,#1143,.T.);
#1765=EDGE_CURVE('',#1410,#1409,#1144,.T.);
#1766=EDGE_CURVE('',#1411,#1410,#1145,.T.);
#1767=EDGE_CURVE('',#1396,#1411,#717,.T.);
#1768=EDGE_CURVE('',#1412,#1379,#718,.T.);
#1769=EDGE_CURVE('',#1413,#1412,#719,.T.);
#1770=EDGE_CURVE('',#1413,#1414,#720,.T.);
#1771=EDGE_CURVE('',#1373,#1414,#721,.T.);
#1772=EDGE_CURVE('',#1412,#1378,#1146,.T.);
#1773=EDGE_CURVE('',#1415,#1377,#1147,.T.);
#1774=EDGE_CURVE('',#1416,#1415,#1148,.T.);
#1775=EDGE_CURVE('',#1412,#1416,#722,.T.);
#1776=EDGE_CURVE('',#1417,#1376,#723,.T.);
#1777=EDGE_CURVE('',#1417,#1415,#1149,.T.);
#1778=EDGE_CURVE('',#1384,#1418,#724,.T.);
#1779=EDGE_CURVE('',#1418,#1385,#725,.T.);
#1780=EDGE_CURVE('',#1387,#1419,#1150,.T.);
#1781=EDGE_CURVE('',#1419,#1420,#1151,.T.);
#1782=EDGE_CURVE('',#1388,#1420,#726,.T.);
#1783=EDGE_CURVE('',#1421,#1408,#1152,.T.);
#1784=EDGE_CURVE('',#1421,#1409,#1153,.T.);
#1785=EDGE_CURVE('',#1422,#1407,#727,.T.);
#1786=EDGE_CURVE('',#1422,#1421,#1154,.T.);
#1787=EDGE_CURVE('',#1420,#1423,#728,.T.);
#1788=EDGE_CURVE('',#1423,#1424,#729,.T.);
#1789=EDGE_CURVE('',#1424,#1425,#730,.T.);
#1790=EDGE_CURVE('',#1425,#1426,#731,.T.);
#1791=EDGE_CURVE('',#1426,#1427,#732,.T.);
#1792=EDGE_CURVE('',#1427,#1428,#733,.T.);
#1793=EDGE_CURVE('',#1428,#1429,#734,.T.);
#1794=EDGE_CURVE('',#1429,#1430,#735,.T.);
#1795=EDGE_CURVE('',#1430,#1422,#736,.T.);
#1796=EDGE_CURVE('',#1406,#1431,#991,.T.);
#1797=EDGE_CURVE('',#1431,#1432,#992,.T.);
#1798=EDGE_CURVE('',#1432,#1433,#737,.T.);
#1799=EDGE_CURVE('',#1433,#1434,#993,.T.);
#1800=EDGE_CURVE('',#1434,#1389,#994,.T.);
#1801=EDGE_CURVE('',#1375,#1400,#738,.T.);
#1802=EDGE_CURVE('',#1405,#1435,#739,.T.);
#1803=EDGE_CURVE('',#1435,#1436,#740,.T.);
#1804=EDGE_CURVE('',#1436,#1437,#741,.T.);
#1805=EDGE_CURVE('',#1437,#1438,#742,.T.);
#1806=EDGE_CURVE('',#1438,#1439,#743,.T.);
#1807=EDGE_CURVE('',#1439,#1440,#744,.T.);
#1808=EDGE_CURVE('',#1440,#1441,#745,.T.);
#1809=EDGE_CURVE('',#1441,#1442,#746,.T.);
#1810=EDGE_CURVE('',#1442,#1443,#747,.T.);
#1811=EDGE_CURVE('',#1443,#1444,#748,.T.);
#1812=EDGE_CURVE('',#1444,#1445,#749,.T.);
#1813=EDGE_CURVE('',#1445,#1446,#750,.T.);
#1814=EDGE_CURVE('',#1446,#1447,#751,.T.);
#1815=EDGE_CURVE('',#1447,#1448,#752,.T.);
#1816=EDGE_CURVE('',#1448,#1449,#753,.T.);
#1817=EDGE_CURVE('',#1449,#1450,#754,.T.);
#1818=EDGE_CURVE('',#1450,#1451,#755,.T.);
#1819=EDGE_CURVE('',#1451,#1452,#756,.T.);
#1820=EDGE_CURVE('',#1452,#1453,#757,.T.);
#1821=EDGE_CURVE('',#1453,#1454,#758,.T.);
#1822=EDGE_CURVE('',#1454,#1455,#759,.T.);
#1823=EDGE_CURVE('',#1455,#1456,#760,.T.);
#1824=EDGE_CURVE('',#1456,#1457,#761,.T.);
#1825=EDGE_CURVE('',#1457,#1458,#762,.T.);
#1826=EDGE_CURVE('',#1458,#1459,#763,.T.);
#1827=EDGE_CURVE('',#1459,#1460,#764,.T.);
#1828=EDGE_CURVE('',#1460,#1461,#765,.T.);
#1829=EDGE_CURVE('',#1461,#1462,#766,.T.);
#1830=EDGE_CURVE('',#1462,#1463,#767,.T.);
#1831=EDGE_CURVE('',#1463,#1464,#768,.T.);
#1832=EDGE_CURVE('',#1464,#1465,#769,.T.);
#1833=EDGE_CURVE('',#1465,#1466,#770,.T.);
#1834=EDGE_CURVE('',#1466,#1467,#771,.T.);
#1835=EDGE_CURVE('',#1467,#1417,#772,.T.);
#1836=EDGE_CURVE('',#1397,#1468,#773,.T.);
#1837=EDGE_CURVE('',#1468,#1469,#1155,.T.);
#1838=EDGE_CURVE('',#1398,#1469,#774,.T.);
#1839=EDGE_CURVE('',#1404,#1470,#1156,.T.);
#1840=EDGE_CURVE('',#1470,#1435,#1157,.T.);
#1841=EDGE_CURVE('',#1403,#1471,#1158,.T.);
#1842=EDGE_CURVE('',#1471,#1472,#775,.T.);
#1843=EDGE_CURVE('',#1472,#1470,#1159,.T.);
#1844=EDGE_CURVE('',#1402,#1471,#776,.T.);
#1845=EDGE_CURVE('',#1473,#1473,#777,.T.);
#1846=EDGE_CURVE('',#1473,#1474,#995,.T.);
#1847=EDGE_CURVE('',#1474,#1474,#778,.T.);
#1848=EDGE_CURVE('',#1475,#1475,#779,.T.);
#1849=EDGE_CURVE('',#1475,#1476,#996,.T.);
#1850=EDGE_CURVE('',#1476,#1476,#780,.T.);
#1851=EDGE_CURVE('',#1477,#1478,#997,.T.);
#1852=EDGE_CURVE('',#1478,#1479,#998,.T.);
#1853=EDGE_CURVE('',#1479,#1480,#999,.T.);
#1854=EDGE_CURVE('',#1480,#1481,#1000,.T.);
#1855=EDGE_CURVE('',#1481,#1482,#1001,.T.);
#1856=EDGE_CURVE('',#1482,#1483,#1002,.T.);
#1857=EDGE_CURVE('',#1483,#1484,#781,.T.);
#1858=EDGE_CURVE('',#1484,#1485,#1003,.T.);
#1859=EDGE_CURVE('',#1485,#1486,#782,.T.);
#1860=EDGE_CURVE('',#1486,#1487,#1004,.T.);
#1861=EDGE_CURVE('',#1487,#1477,#1005,.T.);
#1862=EDGE_CURVE('',#1488,#1489,#1160,.T.);
#1863=EDGE_CURVE('',#1488,#1490,#1161,.T.);
#1864=EDGE_CURVE('',#1491,#1490,#1162,.T.);
#1865=EDGE_CURVE('',#1492,#1491,#1163,.T.);
#1866=EDGE_CURVE('',#1493,#1492,#1164,.T.);
#1867=EDGE_CURVE('',#1494,#1493,#1165,.T.);
#1868=EDGE_CURVE('',#1495,#1494,#1166,.T.);
#1869=EDGE_CURVE('',#1496,#1495,#1167,.T.);
#1870=EDGE_CURVE('',#1497,#1496,#1168,.T.);
#1871=EDGE_CURVE('',#1498,#1497,#1169,.T.);
#1872=EDGE_CURVE('',#1499,#1498,#1170,.T.);
#1873=EDGE_CURVE('',#1500,#1499,#1171,.T.);
#1874=EDGE_CURVE('',#1501,#1500,#1172,.T.);
#1875=EDGE_CURVE('',#1502,#1501,#1173,.T.);
#1876=EDGE_CURVE('',#1503,#1502,#1174,.T.);
#1877=EDGE_CURVE('',#1504,#1503,#1175,.T.);
#1878=EDGE_CURVE('',#1505,#1504,#1176,.T.);
#1879=EDGE_CURVE('',#1506,#1505,#1177,.T.);
#1880=EDGE_CURVE('',#1507,#1506,#1178,.T.);
#1881=EDGE_CURVE('',#1508,#1507,#1179,.T.);
#1882=EDGE_CURVE('',#1509,#1508,#1180,.T.);
#1883=EDGE_CURVE('',#1489,#1509,#1181,.T.);
#1884=EDGE_CURVE('',#1510,#1511,#1182,.T.);
#1885=EDGE_CURVE('',#1512,#1510,#19,.T.);
#1886=EDGE_CURVE('',#1513,#1512,#783,.T.);
#1887=EDGE_CURVE('',#1513,#1514,#20,.T.);
#1888=EDGE_CURVE('',#1515,#1514,#1183,.T.);
#1889=EDGE_CURVE('',#1516,#1515,#1184,.T.);
#1890=EDGE_CURVE('',#1517,#1516,#1185,.T.);
#1891=EDGE_CURVE('',#1518,#1517,#1186,.T.);
#1892=EDGE_CURVE('',#1519,#1518,#1187,.T.);
#1893=EDGE_CURVE('',#1511,#1519,#1188,.T.);
#1894=EDGE_CURVE('',#1520,#1521,#1189,.T.);
#1895=EDGE_CURVE('',#1522,#1520,#21,.T.);
#1896=EDGE_CURVE('',#1523,#1522,#784,.T.);
#1897=EDGE_CURVE('',#1523,#1524,#22,.T.);
#1898=EDGE_CURVE('',#1525,#1524,#1190,.T.);
#1899=EDGE_CURVE('',#1526,#1525,#1191,.T.);
#1900=EDGE_CURVE('',#1527,#1526,#1192,.T.);
#1901=EDGE_CURVE('',#1528,#1527,#1193,.T.);
#1902=EDGE_CURVE('',#1529,#1528,#1194,.T.);
#1903=EDGE_CURVE('',#1521,#1529,#1195,.T.);
#1904=EDGE_CURVE('',#1489,#1488,#1196,.T.);
#1905=EDGE_CURVE('',#1530,#1509,#1197,.T.);
#1906=EDGE_CURVE('',#1531,#1530,#1198,.T.);
#1907=EDGE_CURVE('',#1532,#1531,#1199,.T.);
#1908=EDGE_CURVE('',#1533,#1532,#1200,.T.);
#1909=EDGE_CURVE('',#1534,#1533,#1201,.T.);
#1910=EDGE_CURVE('',#1535,#1534,#1202,.T.);
#1911=EDGE_CURVE('',#1536,#1535,#1203,.T.);
#1912=EDGE_CURVE('',#1537,#1536,#1204,.T.);
#1913=EDGE_CURVE('',#1538,#1537,#1205,.T.);
#1914=EDGE_CURVE('',#1539,#1538,#1206,.T.);
#1915=EDGE_CURVE('',#1540,#1539,#1207,.T.);
#1916=EDGE_CURVE('',#1541,#1540,#1208,.T.);
#1917=EDGE_CURVE('',#1542,#1541,#1209,.T.);
#1918=EDGE_CURVE('',#1543,#1542,#1210,.T.);
#1919=EDGE_CURVE('',#1544,#1543,#1211,.T.);
#1920=EDGE_CURVE('',#1545,#1544,#1212,.T.);
#1921=EDGE_CURVE('',#1546,#1545,#1213,.T.);
#1922=EDGE_CURVE('',#1547,#1546,#1214,.T.);
#1923=EDGE_CURVE('',#1490,#1547,#1215,.T.);
#1924=EDGE_CURVE('',#1548,#1510,#1216,.T.);
#1925=EDGE_CURVE('',#1549,#1548,#1217,.T.);
#1926=EDGE_CURVE('',#1514,#1549,#785,.T.);
#1927=EDGE_CURVE('',#1512,#1513,#1006,.T.);
#1928=EDGE_CURVE('',#1550,#1520,#786,.T.);
#1929=EDGE_CURVE('',#1551,#1550,#1218,.T.);
#1930=EDGE_CURVE('',#1524,#1551,#1219,.T.);
#1931=EDGE_CURVE('',#1522,#1523,#1007,.T.);
#1932=EDGE_CURVE('',#1488,#1489,#787,.T.);
#1933=EDGE_CURVE('',#1383,#1484,#1008,.T.);
#1934=EDGE_CURVE('',#1552,#1483,#1009,.T.);
#1935=EDGE_CURVE('',#1552,#1488,#788,.T.);
#1936=EDGE_CURVE('',#1489,#1553,#789,.T.);
#1937=EDGE_CURVE('',#1553,#1486,#1010,.T.);
#1938=EDGE_CURVE('',#1394,#1485,#1011,.T.);
#1939=EDGE_CURVE('',#1491,#1554,#790,.T.);
#1940=EDGE_CURVE('',#1554,#1555,#791,.T.);
#1941=EDGE_CURVE('',#1555,#1492,#792,.T.);
#1942=EDGE_CURVE('',#1556,#1555,#793,.T.);
#1943=EDGE_CURVE('',#1556,#1493,#794,.T.);
#1944=EDGE_CURVE('',#1557,#1556,#795,.T.);
#1945=EDGE_CURVE('',#1494,#1557,#796,.T.);
#1946=EDGE_CURVE('',#1558,#1508,#797,.T.);
#1947=EDGE_CURVE('',#1559,#1558,#798,.T.);
#1948=EDGE_CURVE('',#1560,#1559,#799,.T.);
#1949=EDGE_CURVE('',#1560,#1561,#800,.T.);
#1950=EDGE_CURVE('',#1530,#1561,#801,.T.);
#1951=EDGE_CURVE('',#1557,#1562,#802,.T.);
#1952=EDGE_CURVE('',#1495,#1562,#803,.T.);
#1953=EDGE_CURVE('',#1507,#1563,#804,.T.);
#1954=EDGE_CURVE('',#1558,#1563,#805,.T.);
#1955=EDGE_CURVE('',#1561,#1564,#1220,.T.);
#1956=EDGE_CURVE('',#1564,#1531,#806,.T.);
#1957=EDGE_CURVE('',#1506,#1565,#807,.T.);
#1958=EDGE_CURVE('',#1565,#1563,#808,.T.);
#1959=EDGE_CURVE('',#1564,#1566,#1221,.T.);
#1960=EDGE_CURVE('',#1566,#1532,#809,.T.);
#1961=EDGE_CURVE('',#1567,#1505,#810,.T.);
#1962=EDGE_CURVE('',#1565,#1567,#811,.T.);
#1963=EDGE_CURVE('',#1566,#1568,#812,.T.);
#1964=EDGE_CURVE('',#1533,#1568,#813,.T.);
#1965=EDGE_CURVE('',#1504,#1569,#814,.T.);
#1966=EDGE_CURVE('',#1567,#1569,#815,.T.);
#1967=EDGE_CURVE('',#1568,#1570,#1222,.T.);
#1968=EDGE_CURVE('',#1570,#1534,#816,.T.);
#1969=EDGE_CURVE('',#1503,#1571,#817,.T.);
#1970=EDGE_CURVE('',#1571,#1569,#818,.T.);
#1971=EDGE_CURVE('',#1570,#1572,#1223,.T.);
#1972=EDGE_CURVE('',#1572,#1519,#819,.T.);
#1973=EDGE_CURVE('',#1518,#1535,#820,.T.);
#1974=EDGE_CURVE('',#1572,#1573,#821,.T.);
#1975=EDGE_CURVE('',#1511,#1573,#822,.T.);
#1976=EDGE_CURVE('',#1574,#1502,#823,.T.);
#1977=EDGE_CURVE('',#1571,#1574,#824,.T.);
#1978=EDGE_CURVE('',#1536,#1517,#825,.T.);
#1979=EDGE_CURVE('',#1573,#1575,#1224,.T.);
#1980=EDGE_CURVE('',#1548,#1575,#826,.T.);
#1981=EDGE_CURVE('',#1576,#1501,#827,.T.);
#1982=EDGE_CURVE('',#1574,#1576,#828,.T.);
#1983=EDGE_CURVE('',#1537,#1516,#829,.T.);
#1984=EDGE_CURVE('',#1575,#1577,#1225,.T.);
#1985=EDGE_CURVE('',#1577,#1549,#830,.T.);
#1986=EDGE_CURVE('',#1500,#1578,#831,.T.);
#1987=EDGE_CURVE('',#1578,#1576,#832,.T.);
#1988=EDGE_CURVE('',#1515,#1538,#833,.T.);
#1989=EDGE_CURVE('',#1579,#1499,#834,.T.);
#1990=EDGE_CURVE('',#1578,#1579,#835,.T.);
#1991=EDGE_CURVE('',#1577,#1580,#836,.T.);
#1992=EDGE_CURVE('',#1550,#1580,#837,.T.);
#1993=EDGE_CURVE('',#1539,#1521,#838,.T.);
#1994=EDGE_CURVE('',#1580,#1581,#1226,.T.);
#1995=EDGE_CURVE('',#1581,#1551,#839,.T.);
#1996=EDGE_CURVE('',#1498,#1582,#840,.T.);
#1997=EDGE_CURVE('',#1579,#1582,#841,.T.);
#1998=EDGE_CURVE('',#1529,#1540,#842,.T.);
#1999=EDGE_CURVE('',#1581,#1583,#1227,.T.);
#2000=EDGE_CURVE('',#1583,#1525,#843,.T.);
#2001=EDGE_CURVE('',#1497,#1584,#844,.T.);
#2002=EDGE_CURVE('',#1584,#1582,#845,.T.);
#2003=EDGE_CURVE('',#1528,#1541,#846,.T.);
#2004=EDGE_CURVE('',#1583,#1585,#847,.T.);
#2005=EDGE_CURVE('',#1526,#1585,#848,.T.);
#2006=EDGE_CURVE('',#1586,#1496,#849,.T.);
#2007=EDGE_CURVE('',#1584,#1586,#850,.T.);
#2008=EDGE_CURVE('',#1586,#1562,#851,.T.);
#2009=EDGE_CURVE('',#1456,#1587,#1228,.T.);
#2010=EDGE_CURVE('',#1456,#1556,#1229,.T.);
#2011=EDGE_CURVE('',#1587,#1555,#1230,.T.);
#2012=EDGE_CURVE('',#1545,#1588,#852,.T.);
#2013=EDGE_CURVE('',#1588,#1589,#1231,.T.);
#2014=EDGE_CURVE('',#1546,#1589,#853,.T.);
#2015=EDGE_CURVE('',#1590,#1544,#854,.T.);
#2016=EDGE_CURVE('',#1590,#1588,#855,.T.);
#2017=EDGE_CURVE('',#1557,#1455,#1232,.T.);
#2018=EDGE_CURVE('',#1591,#1543,#856,.T.);
#2019=EDGE_CURVE('',#1591,#1590,#1233,.T.);
#2020=EDGE_CURVE('',#1592,#1455,#1234,.T.);
#2021=EDGE_CURVE('',#1562,#1592,#1235,.T.);
#2022=EDGE_CURVE('',#1454,#1592,#1236,.T.);
#2023=EDGE_CURVE('',#1587,#1457,#1237,.T.);
#2024=EDGE_CURVE('',#1454,#1586,#1238,.T.);
#2025=EDGE_CURVE('',#1542,#1527,#857,.T.);
#2026=EDGE_CURVE('',#1585,#1591,#1239,.T.);
#2027=EDGE_CURVE('',#1584,#1453,#1240,.T.);
#2028=EDGE_CURVE('',#1593,#1453,#1241,.T.);
#2029=EDGE_CURVE('',#1582,#1593,#1242,.T.);
#2030=EDGE_CURVE('',#1458,#1594,#1243,.T.);
#2031=EDGE_CURVE('',#1458,#1595,#1244,.T.);
#2032=EDGE_CURVE('',#1595,#1596,#858,.T.);
#2033=EDGE_CURVE('',#1594,#1596,#1245,.T.);
#2034=EDGE_CURVE('',#1597,#1598,#1246,.T.);
#2035=EDGE_CURVE('',#1596,#1598,#859,.T.);
#2036=EDGE_CURVE('',#1595,#1597,#860,.T.);
#2037=EDGE_CURVE('',#1599,#1547,#861,.T.);
#2038=EDGE_CURVE('',#1599,#1597,#862,.T.);
#2039=EDGE_CURVE('',#1554,#1595,#863,.T.);
#2040=EDGE_CURVE('',#1554,#1457,#1247,.T.);
#2041=EDGE_CURVE('',#1589,#1599,#1248,.T.);
#2042=EDGE_CURVE('',#1594,#1459,#1249,.T.);
#2043=EDGE_CURVE('',#1462,#1600,#1250,.T.);
#2044=EDGE_CURVE('',#1462,#1601,#1251,.T.);
#2045=EDGE_CURVE('',#1601,#1602,#864,.T.);
#2046=EDGE_CURVE('',#1600,#1602,#1252,.T.);
#2047=EDGE_CURVE('',#1603,#1604,#1253,.T.);
#2048=EDGE_CURVE('',#1602,#1604,#865,.T.);
#2049=EDGE_CURVE('',#1601,#1603,#866,.T.);
#2050=EDGE_CURVE('',#1605,#1601,#867,.T.);
#2051=EDGE_CURVE('',#1606,#1605,#868,.T.);
#2052=EDGE_CURVE('',#1606,#1603,#869,.T.);
#2053=EDGE_CURVE('',#1605,#1461,#1254,.T.);
#2054=EDGE_CURVE('',#1607,#1606,#1255,.T.);
#2055=EDGE_CURVE('',#1605,#1608,#870,.T.);
#2056=EDGE_CURVE('',#1607,#1608,#871,.T.);
#2057=EDGE_CURVE('',#1609,#1461,#1256,.T.);
#2058=EDGE_CURVE('',#1608,#1609,#1257,.T.);
#2059=EDGE_CURVE('',#1600,#1463,#1258,.T.);
#2060=EDGE_CURVE('',#1460,#1609,#1259,.T.);
#2061=EDGE_CURVE('',#1464,#1610,#1260,.T.);
#2062=EDGE_CURVE('',#1464,#1611,#1261,.T.);
#2063=EDGE_CURVE('',#1611,#1612,#872,.T.);
#2064=EDGE_CURVE('',#1610,#1612,#1262,.T.);
#2065=EDGE_CURVE('',#1613,#1614,#1263,.T.);
#2066=EDGE_CURVE('',#1612,#1614,#873,.T.);
#2067=EDGE_CURVE('',#1611,#1613,#874,.T.);
#2068=EDGE_CURVE('',#1615,#1611,#875,.T.);
#2069=EDGE_CURVE('',#1616,#1615,#876,.T.);
#2070=EDGE_CURVE('',#1616,#1613,#877,.T.);
#2071=EDGE_CURVE('',#1615,#1463,#1264,.T.);
#2072=EDGE_CURVE('',#1604,#1616,#1265,.T.);
#2073=EDGE_CURVE('',#1615,#1602,#878,.T.);
#2074=EDGE_CURVE('',#1610,#1465,#1266,.T.);
#2075=EDGE_CURVE('',#1419,#1386,#1267,.T.);
#2076=EDGE_CURVE('',#1414,#1617,#1268,.T.);
#2077=EDGE_CURVE('',#1380,#1617,#879,.T.);
#2078=EDGE_CURVE('',#1618,#1413,#1269,.T.);
#2079=EDGE_CURVE('',#1618,#1416,#880,.T.);
#2080=EDGE_CURVE('',#1422,#1619,#1270,.T.);
#2081=EDGE_CURVE('',#1619,#1410,#881,.T.);
#2082=EDGE_CURVE('',#1619,#1411,#882,.T.);
#2083=EDGE_CURVE('',#1620,#1619,#883,.T.);
#2084=EDGE_CURVE('',#1621,#1620,#884,.T.);
#2085=EDGE_CURVE('',#1621,#1468,#885,.T.);
#2086=EDGE_CURVE('',#1620,#1430,#1271,.T.);
#2087=EDGE_CURVE('',#1622,#1621,#1272,.T.);
#2088=EDGE_CURVE('',#1620,#1623,#886,.T.);
#2089=EDGE_CURVE('',#1622,#1623,#887,.T.);
#2090=EDGE_CURVE('',#1624,#1430,#1273,.T.);
#2091=EDGE_CURVE('',#1623,#1624,#1274,.T.);
#2092=EDGE_CURVE('',#1429,#1624,#1275,.T.);
#2093=EDGE_CURVE('',#1427,#1625,#1276,.T.);
#2094=EDGE_CURVE('',#1427,#1626,#1277,.T.);
#2095=EDGE_CURVE('',#1626,#1627,#888,.T.);
#2096=EDGE_CURVE('',#1625,#1627,#1278,.T.);
#2097=EDGE_CURVE('',#1628,#1629,#1279,.T.);
#2098=EDGE_CURVE('',#1627,#1629,#889,.T.);
#2099=EDGE_CURVE('',#1626,#1628,#890,.T.);
#2100=EDGE_CURVE('',#1630,#1626,#891,.T.);
#2101=EDGE_CURVE('',#1631,#1630,#892,.T.);
#2102=EDGE_CURVE('',#1631,#1628,#893,.T.);
#2103=EDGE_CURVE('',#1630,#1426,#1280,.T.);
#2104=EDGE_CURVE('',#1632,#1631,#1281,.T.);
#2105=EDGE_CURVE('',#1630,#1633,#894,.T.);
#2106=EDGE_CURVE('',#1632,#1633,#895,.T.);
#2107=EDGE_CURVE('',#1634,#1426,#1282,.T.);
#2108=EDGE_CURVE('',#1633,#1634,#1283,.T.);
#2109=EDGE_CURVE('',#1425,#1634,#1284,.T.);
#2110=EDGE_CURVE('',#1625,#1428,#1285,.T.);
#2111=EDGE_CURVE('',#1425,#1635,#1286,.T.);
#2112=EDGE_CURVE('',#1635,#1633,#896,.T.);
#2113=EDGE_CURVE('',#1636,#1632,#1287,.T.);
#2114=EDGE_CURVE('',#1635,#1636,#897,.T.);
#2115=EDGE_CURVE('',#1637,#1635,#898,.T.);
#2116=EDGE_CURVE('',#1638,#1637,#899,.T.);
#2117=EDGE_CURVE('',#1638,#1636,#900,.T.);
#2118=EDGE_CURVE('',#1637,#1424,#1288,.T.);
#2119=EDGE_CURVE('',#1639,#1638,#1289,.T.);
#2120=EDGE_CURVE('',#1637,#1640,#901,.T.);
#2121=EDGE_CURVE('',#1639,#1640,#902,.T.);
#2122=EDGE_CURVE('',#1641,#1424,#1290,.T.);
#2123=EDGE_CURVE('',#1640,#1641,#1291,.T.);
#2124=EDGE_CURVE('',#1423,#1641,#1292,.T.);
#2125=EDGE_CURVE('',#1417,#1642,#1293,.T.);
#2126=EDGE_CURVE('',#1642,#1416,#903,.T.);
#2127=EDGE_CURVE('',#1643,#1618,#1294,.T.);
#2128=EDGE_CURVE('',#1642,#1643,#904,.T.);
#2129=EDGE_CURVE('',#1644,#1642,#905,.T.);
#2130=EDGE_CURVE('',#1645,#1644,#906,.T.);
#2131=EDGE_CURVE('',#1645,#1643,#907,.T.);
#2132=EDGE_CURVE('',#1644,#1467,#1295,.T.);
#2133=EDGE_CURVE('',#1646,#1645,#1296,.T.);
#2134=EDGE_CURVE('',#1644,#1647,#908,.T.);
#2135=EDGE_CURVE('',#1646,#1647,#909,.T.);
#2136=EDGE_CURVE('',#1648,#1467,#1297,.T.);
#2137=EDGE_CURVE('',#1647,#1648,#1298,.T.);
#2138=EDGE_CURVE('',#1423,#1649,#1299,.T.);
#2139=EDGE_CURVE('',#1649,#1640,#910,.T.);
#2140=EDGE_CURVE('',#1650,#1639,#1300,.T.);
#2141=EDGE_CURVE('',#1649,#1650,#911,.T.);
#2142=EDGE_CURVE('',#1651,#1381,#912,.T.);
#2143=EDGE_CURVE('',#1651,#1650,#913,.T.);
#2144=EDGE_CURVE('',#1418,#1649,#914,.T.);
#2145=EDGE_CURVE('',#1418,#1420,#1301,.T.);
#2146=EDGE_CURVE('',#1617,#1651,#1302,.T.);
#2147=EDGE_CURVE('',#1466,#1648,#1303,.T.);
#2148=EDGE_CURVE('',#1466,#1652,#1304,.T.);
#2149=EDGE_CURVE('',#1652,#1647,#915,.T.);
#2150=EDGE_CURVE('',#1653,#1646,#1305,.T.);
#2151=EDGE_CURVE('',#1652,#1653,#916,.T.);
#2152=EDGE_CURVE('',#1654,#1652,#917,.T.);
#2153=EDGE_CURVE('',#1655,#1654,#918,.T.);
#2154=EDGE_CURVE('',#1655,#1653,#919,.T.);
#2155=EDGE_CURVE('',#1654,#1465,#1306,.T.);
#2156=EDGE_CURVE('',#1614,#1655,#1307,.T.);
#2157=EDGE_CURVE('',#1654,#1612,#920,.T.);
#2158=EDGE_CURVE('',#1429,#1656,#1308,.T.);
#2159=EDGE_CURVE('',#1656,#1623,#921,.T.);
#2160=EDGE_CURVE('',#1657,#1622,#1309,.T.);
#2161=EDGE_CURVE('',#1656,#1657,#922,.T.);
#2162=EDGE_CURVE('',#1658,#1656,#923,.T.);
#2163=EDGE_CURVE('',#1659,#1658,#924,.T.);
#2164=EDGE_CURVE('',#1659,#1657,#925,.T.);
#2165=EDGE_CURVE('',#1658,#1428,#1310,.T.);
#2166=EDGE_CURVE('',#1629,#1659,#1311,.T.);
#2167=EDGE_CURVE('',#1658,#1627,#926,.T.);
#2168=EDGE_CURVE('',#1450,#1660,#1312,.T.);
#2169=EDGE_CURVE('',#1450,#1574,#1313,.T.);
#2170=EDGE_CURVE('',#1660,#1576,#1314,.T.);
#2171=EDGE_CURVE('',#1571,#1449,#1315,.T.);
#2172=EDGE_CURVE('',#1661,#1449,#1316,.T.);
#2173=EDGE_CURVE('',#1569,#1661,#1317,.T.);
#2174=EDGE_CURVE('',#1448,#1661,#1318,.T.);
#2175=EDGE_CURVE('',#1660,#1451,#1319,.T.);
#2176=EDGE_CURVE('',#1436,#1662,#1320,.T.);
#2177=EDGE_CURVE('',#1436,#1663,#1321,.T.);
#2178=EDGE_CURVE('',#1663,#1664,#927,.T.);
#2179=EDGE_CURVE('',#1662,#1664,#1322,.T.);
#2180=EDGE_CURVE('',#1665,#1666,#1323,.T.);
#2181=EDGE_CURVE('',#1664,#1666,#928,.T.);
#2182=EDGE_CURVE('',#1663,#1665,#929,.T.);
#2183=EDGE_CURVE('',#1667,#1663,#930,.T.);
#2184=EDGE_CURVE('',#1668,#1667,#931,.T.);
#2185=EDGE_CURVE('',#1668,#1665,#932,.T.);
#2186=EDGE_CURVE('',#1667,#1435,#1324,.T.);
#2187=EDGE_CURVE('',#1669,#1668,#1325,.T.);
#2188=EDGE_CURVE('',#1667,#1472,#933,.T.);
#2189=EDGE_CURVE('',#1669,#1472,#934,.T.);
#2190=EDGE_CURVE('',#1662,#1437,#1326,.T.);
#2191=EDGE_CURVE('',#1438,#1670,#1327,.T.);
#2192=EDGE_CURVE('',#1438,#1671,#1328,.T.);
#2193=EDGE_CURVE('',#1671,#1672,#935,.T.);
#2194=EDGE_CURVE('',#1670,#1672,#1329,.T.);
#2195=EDGE_CURVE('',#1673,#1674,#1330,.T.);
#2196=EDGE_CURVE('',#1672,#1674,#936,.T.);
#2197=EDGE_CURVE('',#1671,#1673,#937,.T.);
#2198=EDGE_CURVE('',#1675,#1671,#938,.T.);
#2199=EDGE_CURVE('',#1676,#1675,#939,.T.);
#2200=EDGE_CURVE('',#1676,#1673,#940,.T.);
#2201=EDGE_CURVE('',#1675,#1437,#1331,.T.);
#2202=EDGE_CURVE('',#1666,#1676,#1332,.T.);
#2203=EDGE_CURVE('',#1675,#1664,#941,.T.);
#2204=EDGE_CURVE('',#1670,#1439,#1333,.T.);
#2205=EDGE_CURVE('',#1448,#1567,#1334,.T.);
#2206=EDGE_CURVE('',#1565,#1447,#1335,.T.);
#2207=EDGE_CURVE('',#1677,#1447,#1336,.T.);
#2208=EDGE_CURVE('',#1563,#1677,#1337,.T.);
#2209=EDGE_CURVE('',#1446,#1677,#1338,.T.);
#2210=EDGE_CURVE('',#1446,#1558,#1339,.T.);
#2211=EDGE_CURVE('',#1559,#1445,#1340,.T.);
#2212=EDGE_CURVE('',#1678,#1560,#1341,.T.);
#2213=EDGE_CURVE('',#1559,#1679,#942,.T.);
#2214=EDGE_CURVE('',#1678,#1679,#943,.T.);
#2215=EDGE_CURVE('',#1680,#1445,#1342,.T.);
#2216=EDGE_CURVE('',#1679,#1680,#1343,.T.);
#2217=EDGE_CURVE('',#1444,#1680,#1344,.T.);
#2218=EDGE_CURVE('',#1442,#1681,#1345,.T.);
#2219=EDGE_CURVE('',#1442,#1682,#1346,.T.);
#2220=EDGE_CURVE('',#1682,#1683,#944,.T.);
#2221=EDGE_CURVE('',#1681,#1683,#1347,.T.);
#2222=EDGE_CURVE('',#1684,#1685,#1348,.T.);
#2223=EDGE_CURVE('',#1683,#1685,#945,.T.);
#2224=EDGE_CURVE('',#1682,#1684,#946,.T.);
#2225=EDGE_CURVE('',#1686,#1682,#947,.T.);
#2226=EDGE_CURVE('',#1687,#1686,#948,.T.);
#2227=EDGE_CURVE('',#1687,#1684,#949,.T.);
#2228=EDGE_CURVE('',#1686,#1441,#1349,.T.);
#2229=EDGE_CURVE('',#1688,#1687,#1350,.T.);
#2230=EDGE_CURVE('',#1686,#1689,#950,.T.);
#2231=EDGE_CURVE('',#1688,#1689,#951,.T.);
#2232=EDGE_CURVE('',#1690,#1441,#1351,.T.);
#2233=EDGE_CURVE('',#1689,#1690,#1352,.T.);
#2234=EDGE_CURVE('',#1681,#1443,#1353,.T.);
#2235=EDGE_CURVE('',#1440,#1690,#1354,.T.);
#2236=EDGE_CURVE('',#1444,#1691,#1355,.T.);
#2237=EDGE_CURVE('',#1691,#1679,#952,.T.);
#2238=EDGE_CURVE('',#1692,#1678,#1356,.T.);
#2239=EDGE_CURVE('',#1691,#1692,#953,.T.);
#2240=EDGE_CURVE('',#1693,#1691,#954,.T.);
#2241=EDGE_CURVE('',#1694,#1693,#955,.T.);
#2242=EDGE_CURVE('',#1694,#1692,#956,.T.);
#2243=EDGE_CURVE('',#1693,#1443,#1357,.T.);
#2244=EDGE_CURVE('',#1685,#1694,#1358,.T.);
#2245=EDGE_CURVE('',#1693,#1683,#957,.T.);
#2246=EDGE_CURVE('',#1440,#1695,#1359,.T.);
#2247=EDGE_CURVE('',#1695,#1689,#958,.T.);
#2248=EDGE_CURVE('',#1696,#1688,#1360,.T.);
#2249=EDGE_CURVE('',#1695,#1696,#959,.T.);
#2250=EDGE_CURVE('',#1697,#1695,#960,.T.);
#2251=EDGE_CURVE('',#1698,#1697,#961,.T.);
#2252=EDGE_CURVE('',#1698,#1696,#962,.T.);
#2253=EDGE_CURVE('',#1697,#1439,#1361,.T.);
#2254=EDGE_CURVE('',#1674,#1698,#1362,.T.);
#2255=EDGE_CURVE('',#1697,#1672,#963,.T.);
#2256=EDGE_CURVE('',#1699,#1669,#1363,.T.);
#2257=EDGE_CURVE('',#1471,#1699,#964,.T.);
#2258=EDGE_CURVE('',#1700,#1401,#965,.T.);
#2259=EDGE_CURVE('',#1700,#1699,#966,.T.);
#2260=EDGE_CURVE('',#1469,#1700,#1364,.T.);
#2261=EDGE_CURVE('',#1460,#1701,#1365,.T.);
#2262=EDGE_CURVE('',#1701,#1608,#967,.T.);
#2263=EDGE_CURVE('',#1702,#1607,#1366,.T.);
#2264=EDGE_CURVE('',#1701,#1702,#968,.T.);
#2265=EDGE_CURVE('',#1703,#1701,#969,.T.);
#2266=EDGE_CURVE('',#1704,#1703,#970,.T.);
#2267=EDGE_CURVE('',#1704,#1702,#971,.T.);
#2268=EDGE_CURVE('',#1703,#1459,#1367,.T.);
#2269=EDGE_CURVE('',#1598,#1704,#1368,.T.);
#2270=EDGE_CURVE('',#1703,#1596,#972,.T.);
#2271=EDGE_CURVE('',#1452,#1593,#1369,.T.);
#2272=EDGE_CURVE('',#1452,#1579,#1370,.T.);
#2273=EDGE_CURVE('',#1578,#1451,#1371,.T.);
#2274=EDGE_CURVE('',#1705,#1706,#1012,.T.);
#2275=EDGE_CURVE('',#1706,#1707,#1013,.T.);
#2276=EDGE_CURVE('',#1707,#1708,#1014,.T.);
#2277=EDGE_CURVE('',#1708,#1705,#1015,.T.);
#2278=EDGE_CURVE('',#1478,#1709,#1016,.T.);
#2279=EDGE_CURVE('',#1710,#1709,#1017,.T.);
#2280=EDGE_CURVE('',#1479,#1710,#1018,.T.);
#2281=EDGE_CURVE('',#1708,#1711,#1019,.T.);
#2282=EDGE_CURVE('',#1712,#1711,#1020,.T.);
#2283=EDGE_CURVE('',#1705,#1712,#1021,.T.);
#2284=EDGE_CURVE('',#1711,#1710,#1022,.T.);
#2285=EDGE_CURVE('',#1709,#1712,#1023,.T.);
#2286=EDGE_CURVE('',#1489,#1488,#1024,.T.);
#2287=EDGE_CURVE('',#1713,#1552,#1025,.T.);
#2288=EDGE_CURVE('',#1714,#1713,#1026,.T.);
#2289=EDGE_CURVE('',#1715,#1714,#1027,.T.);
#2290=EDGE_CURVE('',#1716,#1715,#1028,.T.);
#2291=EDGE_CURVE('',#1717,#1716,#1029,.T.);
#2292=EDGE_CURVE('',#1488,#1717,#1030,.T.);
#2293=EDGE_CURVE('',#1718,#1719,#1031,.T.);
#2294=EDGE_CURVE('',#1720,#1718,#1032,.T.);
#2295=EDGE_CURVE('',#1721,#1720,#1033,.T.);
#2296=EDGE_CURVE('',#1719,#1721,#973,.T.);
#2297=EDGE_CURVE('',#1722,#1489,#1034,.T.);
#2298=EDGE_CURVE('',#1553,#1722,#1035,.T.);
#2299=EDGE_CURVE('',#1713,#1482,#1036,.T.);
#2300=EDGE_CURVE('',#1714,#1481,#1037,.T.);
#2301=EDGE_CURVE('',#1715,#1480,#1038,.T.);
#2302=EDGE_CURVE('',#1716,#1479,#1039,.T.);
#2303=EDGE_CURVE('',#1717,#1707,#1040,.T.);
#2304=EDGE_CURVE('',#1488,#1706,#1041,.T.);
#2305=EDGE_CURVE('',#1489,#1477,#1042,.T.);
#2306=EDGE_CURVE('',#1722,#1487,#1043,.T.);
#2307=EDGE_CURVE('',#1434,#1720,#1044,.T.);
#2308=EDGE_CURVE('',#1433,#1721,#1045,.T.);
#2309=EDGE_CURVE('',#1431,#1718,#1046,.T.);
#2310=EDGE_CURVE('',#1432,#1719,#1047,.T.);
#2311=ORIENTED_EDGE('',*,*,#1723,.F.);
#2312=ORIENTED_EDGE('',*,*,#1724,.T.);
#2313=ORIENTED_EDGE('',*,*,#1725,.F.);
#2314=ORIENTED_EDGE('',*,*,#1726,.F.);
#2315=ORIENTED_EDGE('',*,*,#1727,.F.);
#2316=ORIENTED_EDGE('',*,*,#1728,.F.);
#2317=ORIENTED_EDGE('',*,*,#1729,.F.);
#2318=ORIENTED_EDGE('',*,*,#1730,.F.);
#2319=ORIENTED_EDGE('',*,*,#1731,.F.);
#2320=ORIENTED_EDGE('',*,*,#1732,.F.);
#2321=ORIENTED_EDGE('',*,*,#1733,.F.);
#2322=ORIENTED_EDGE('',*,*,#1734,.T.);
#2323=ORIENTED_EDGE('',*,*,#1735,.F.);
#2324=ORIENTED_EDGE('',*,*,#1724,.F.);
#2325=ORIENTED_EDGE('',*,*,#1736,.F.);
#2326=ORIENTED_EDGE('',*,*,#1737,.F.);
#2327=ORIENTED_EDGE('',*,*,#1738,.F.);
#2328=ORIENTED_EDGE('',*,*,#1739,.F.);
#2329=ORIENTED_EDGE('',*,*,#1740,.F.);
#2330=ORIENTED_EDGE('',*,*,#1741,.F.);
#2331=ORIENTED_EDGE('',*,*,#1742,.T.);
#2332=ORIENTED_EDGE('',*,*,#1734,.F.);
#2333=ORIENTED_EDGE('',*,*,#1743,.F.);
#2334=ORIENTED_EDGE('',*,*,#1744,.F.);
#2335=ORIENTED_EDGE('',*,*,#1745,.T.);
#2336=ORIENTED_EDGE('',*,*,#1746,.F.);
#2337=ORIENTED_EDGE('',*,*,#1747,.F.);
#2338=ORIENTED_EDGE('',*,*,#1745,.F.);
#2339=ORIENTED_EDGE('',*,*,#1748,.F.);
#2340=ORIENTED_EDGE('',*,*,#1749,.F.);
#2341=ORIENTED_EDGE('',*,*,#1750,.F.);
#2342=ORIENTED_EDGE('',*,*,#1751,.F.);
#2343=ORIENTED_EDGE('',*,*,#1752,.F.);
#2344=ORIENTED_EDGE('',*,*,#1753,.T.);
#2345=ORIENTED_EDGE('',*,*,#1754,.F.);
#2346=ORIENTED_EDGE('',*,*,#1753,.F.);
#2347=ORIENTED_EDGE('',*,*,#1755,.F.);
#2348=ORIENTED_EDGE('',*,*,#1756,.F.);
#2349=ORIENTED_EDGE('',*,*,#1757,.F.);
#2350=ORIENTED_EDGE('',*,*,#1758,.F.);
#2351=ORIENTED_EDGE('',*,*,#1759,.F.);
#2352=ORIENTED_EDGE('',*,*,#1760,.F.);
#2353=ORIENTED_EDGE('',*,*,#1761,.F.);
#2354=ORIENTED_EDGE('',*,*,#1762,.F.);
#2355=ORIENTED_EDGE('',*,*,#1763,.F.);
#2356=ORIENTED_EDGE('',*,*,#1764,.F.);
#2357=ORIENTED_EDGE('',*,*,#1765,.F.);
#2358=ORIENTED_EDGE('',*,*,#1766,.F.);
#2359=ORIENTED_EDGE('',*,*,#1767,.F.);
#2360=ORIENTED_EDGE('',*,*,#1749,.T.);
#2361=ORIENTED_EDGE('',*,*,#1730,.T.);
#2362=ORIENTED_EDGE('',*,*,#1768,.F.);
#2363=ORIENTED_EDGE('',*,*,#1769,.F.);
#2364=ORIENTED_EDGE('',*,*,#1770,.T.);
#2365=ORIENTED_EDGE('',*,*,#1771,.F.);
#2366=ORIENTED_EDGE('',*,*,#1729,.T.);
#2367=ORIENTED_EDGE('',*,*,#1772,.F.);
#2368=ORIENTED_EDGE('',*,*,#1768,.T.);
#2369=ORIENTED_EDGE('',*,*,#1728,.T.);
#2370=ORIENTED_EDGE('',*,*,#1773,.F.);
#2371=ORIENTED_EDGE('',*,*,#1774,.F.);
#2372=ORIENTED_EDGE('',*,*,#1775,.F.);
#2373=ORIENTED_EDGE('',*,*,#1772,.T.);
#2374=ORIENTED_EDGE('',*,*,#1727,.T.);
#2375=ORIENTED_EDGE('',*,*,#1776,.F.);
#2376=ORIENTED_EDGE('',*,*,#1777,.T.);
#2377=ORIENTED_EDGE('',*,*,#1773,.T.);
#2378=ORIENTED_EDGE('',*,*,#1737,.T.);
#2379=ORIENTED_EDGE('',*,*,#1778,.T.);
#2380=ORIENTED_EDGE('',*,*,#1779,.T.);
#2381=ORIENTED_EDGE('',*,*,#1740,.T.);
#2382=ORIENTED_EDGE('',*,*,#1780,.T.);
#2383=ORIENTED_EDGE('',*,*,#1781,.T.);
#2384=ORIENTED_EDGE('',*,*,#1782,.F.);
#2385=ORIENTED_EDGE('',*,*,#1764,.T.);
#2386=ORIENTED_EDGE('',*,*,#1783,.F.);
#2387=ORIENTED_EDGE('',*,*,#1784,.T.);
#2388=ORIENTED_EDGE('',*,*,#1763,.T.);
#2389=ORIENTED_EDGE('',*,*,#1785,.F.);
#2390=ORIENTED_EDGE('',*,*,#1786,.T.);
#2391=ORIENTED_EDGE('',*,*,#1783,.T.);
#2392=ORIENTED_EDGE('',*,*,#1741,.T.);
#2393=ORIENTED_EDGE('',*,*,#1782,.T.);
#2394=ORIENTED_EDGE('',*,*,#1787,.T.);
#2395=ORIENTED_EDGE('',*,*,#1788,.T.);
#2396=ORIENTED_EDGE('',*,*,#1789,.T.);
#2397=ORIENTED_EDGE('',*,*,#1790,.T.);
#2398=ORIENTED_EDGE('',*,*,#1791,.T.);
#2399=ORIENTED_EDGE('',*,*,#1792,.T.);
#2400=ORIENTED_EDGE('',*,*,#1793,.T.);
#2401=ORIENTED_EDGE('',*,*,#1794,.T.);
#2402=ORIENTED_EDGE('',*,*,#1795,.T.);
#2403=ORIENTED_EDGE('',*,*,#1785,.T.);
#2404=ORIENTED_EDGE('',*,*,#1762,.T.);
#2405=ORIENTED_EDGE('',*,*,#1796,.T.);
#2406=ORIENTED_EDGE('',*,*,#1797,.T.);
#2407=ORIENTED_EDGE('',*,*,#1798,.T.);
#2408=ORIENTED_EDGE('',*,*,#1799,.T.);
#2409=ORIENTED_EDGE('',*,*,#1800,.T.);
#2410=ORIENTED_EDGE('',*,*,#1726,.T.);
#2411=ORIENTED_EDGE('',*,*,#1801,.T.);
#2412=ORIENTED_EDGE('',*,*,#1760,.T.);
#2413=ORIENTED_EDGE('',*,*,#1802,.T.);
#2414=ORIENTED_EDGE('',*,*,#1803,.T.);
#2415=ORIENTED_EDGE('',*,*,#1804,.T.);
#2416=ORIENTED_EDGE('',*,*,#1805,.T.);
#2417=ORIENTED_EDGE('',*,*,#1806,.T.);
#2418=ORIENTED_EDGE('',*,*,#1807,.T.);
#2419=ORIENTED_EDGE('',*,*,#1808,.T.);
#2420=ORIENTED_EDGE('',*,*,#1809,.T.);
#2421=ORIENTED_EDGE('',*,*,#1810,.T.);
#2422=ORIENTED_EDGE('',*,*,#1811,.T.);
#2423=ORIENTED_EDGE('',*,*,#1812,.T.);
#2424=ORIENTED_EDGE('',*,*,#1813,.T.);
#2425=ORIENTED_EDGE('',*,*,#1814,.T.);
#2426=ORIENTED_EDGE('',*,*,#1815,.T.);
#2427=ORIENTED_EDGE('',*,*,#1816,.T.);
#2428=ORIENTED_EDGE('',*,*,#1817,.T.);
#2429=ORIENTED_EDGE('',*,*,#1818,.T.);
#2430=ORIENTED_EDGE('',*,*,#1819,.T.);
#2431=ORIENTED_EDGE('',*,*,#1820,.T.);
#2432=ORIENTED_EDGE('',*,*,#1821,.T.);
#2433=ORIENTED_EDGE('',*,*,#1822,.T.);
#2434=ORIENTED_EDGE('',*,*,#1823,.T.);
#2435=ORIENTED_EDGE('',*,*,#1824,.T.);
#2436=ORIENTED_EDGE('',*,*,#1825,.T.);
#2437=ORIENTED_EDGE('',*,*,#1826,.T.);
#2438=ORIENTED_EDGE('',*,*,#1827,.T.);
#2439=ORIENTED_EDGE('',*,*,#1828,.T.);
#2440=ORIENTED_EDGE('',*,*,#1829,.T.);
#2441=ORIENTED_EDGE('',*,*,#1830,.T.);
#2442=ORIENTED_EDGE('',*,*,#1831,.T.);
#2443=ORIENTED_EDGE('',*,*,#1832,.T.);
#2444=ORIENTED_EDGE('',*,*,#1833,.T.);
#2445=ORIENTED_EDGE('',*,*,#1834,.T.);
#2446=ORIENTED_EDGE('',*,*,#1835,.T.);
#2447=ORIENTED_EDGE('',*,*,#1776,.T.);
#2448=ORIENTED_EDGE('',*,*,#1751,.T.);
#2449=ORIENTED_EDGE('',*,*,#1836,.T.);
#2450=ORIENTED_EDGE('',*,*,#1837,.T.);
#2451=ORIENTED_EDGE('',*,*,#1838,.F.);
#2452=ORIENTED_EDGE('',*,*,#1759,.T.);
#2453=ORIENTED_EDGE('',*,*,#1839,.T.);
#2454=ORIENTED_EDGE('',*,*,#1840,.T.);
#2455=ORIENTED_EDGE('',*,*,#1802,.F.);
#2456=ORIENTED_EDGE('',*,*,#1758,.T.);
#2457=ORIENTED_EDGE('',*,*,#1841,.T.);
#2458=ORIENTED_EDGE('',*,*,#1842,.T.);
#2459=ORIENTED_EDGE('',*,*,#1843,.T.);
#2460=ORIENTED_EDGE('',*,*,#1839,.F.);
#2461=ORIENTED_EDGE('',*,*,#1757,.T.);
#2462=ORIENTED_EDGE('',*,*,#1844,.T.);
#2463=ORIENTED_EDGE('',*,*,#1841,.F.);
#2464=ORIENTED_EDGE('',*,*,#1845,.F.);
#2465=ORIENTED_EDGE('',*,*,#1846,.T.);
#2466=ORIENTED_EDGE('',*,*,#1847,.F.);
#2467=ORIENTED_EDGE('',*,*,#1846,.F.);
#2468=ORIENTED_EDGE('',*,*,#1848,.F.);
#2469=ORIENTED_EDGE('',*,*,#1849,.T.);
#2470=ORIENTED_EDGE('',*,*,#1850,.F.);
#2471=ORIENTED_EDGE('',*,*,#1849,.F.);
#2472=ORIENTED_EDGE('',*,*,#1848,.T.);
#2473=ORIENTED_EDGE('',*,*,#1845,.T.);
#2474=ORIENTED_EDGE('',*,*,#1851,.T.);
#2475=ORIENTED_EDGE('',*,*,#1852,.T.);
#2476=ORIENTED_EDGE('',*,*,#1853,.T.);
#2477=ORIENTED_EDGE('',*,*,#1854,.T.);
#2478=ORIENTED_EDGE('',*,*,#1855,.T.);
#2479=ORIENTED_EDGE('',*,*,#1856,.T.);
#2480=ORIENTED_EDGE('',*,*,#1857,.T.);
#2481=ORIENTED_EDGE('',*,*,#1858,.T.);
#2482=ORIENTED_EDGE('',*,*,#1859,.T.);
#2483=ORIENTED_EDGE('',*,*,#1860,.T.);
#2484=ORIENTED_EDGE('',*,*,#1861,.T.);
#2485=ORIENTED_EDGE('',*,*,#1850,.T.);
#2486=ORIENTED_EDGE('',*,*,#1862,.F.);
#2487=ORIENTED_EDGE('',*,*,#1863,.T.);
#2488=ORIENTED_EDGE('',*,*,#1864,.F.);
#2489=ORIENTED_EDGE('',*,*,#1865,.F.);
#2490=ORIENTED_EDGE('',*,*,#1866,.F.);
#2491=ORIENTED_EDGE('',*,*,#1867,.F.);
#2492=ORIENTED_EDGE('',*,*,#1868,.F.);
#2493=ORIENTED_EDGE('',*,*,#1869,.F.);
#2494=ORIENTED_EDGE('',*,*,#1870,.F.);
#2495=ORIENTED_EDGE('',*,*,#1871,.F.);
#2496=ORIENTED_EDGE('',*,*,#1872,.F.);
#2497=ORIENTED_EDGE('',*,*,#1873,.F.);
#2498=ORIENTED_EDGE('',*,*,#1874,.F.);
#2499=ORIENTED_EDGE('',*,*,#1875,.F.);
#2500=ORIENTED_EDGE('',*,*,#1876,.F.);
#2501=ORIENTED_EDGE('',*,*,#1877,.F.);
#2502=ORIENTED_EDGE('',*,*,#1878,.F.);
#2503=ORIENTED_EDGE('',*,*,#1879,.F.);
#2504=ORIENTED_EDGE('',*,*,#1880,.F.);
#2505=ORIENTED_EDGE('',*,*,#1881,.F.);
#2506=ORIENTED_EDGE('',*,*,#1882,.F.);
#2507=ORIENTED_EDGE('',*,*,#1883,.F.);
#2508=ORIENTED_EDGE('',*,*,#1884,.F.);
#2509=ORIENTED_EDGE('',*,*,#1885,.F.);
#2510=ORIENTED_EDGE('',*,*,#1886,.F.);
#2511=ORIENTED_EDGE('',*,*,#1887,.T.);
#2512=ORIENTED_EDGE('',*,*,#1888,.F.);
#2513=ORIENTED_EDGE('',*,*,#1889,.F.);
#2514=ORIENTED_EDGE('',*,*,#1890,.F.);
#2515=ORIENTED_EDGE('',*,*,#1891,.F.);
#2516=ORIENTED_EDGE('',*,*,#1892,.F.);
#2517=ORIENTED_EDGE('',*,*,#1893,.F.);
#2518=ORIENTED_EDGE('',*,*,#1894,.F.);
#2519=ORIENTED_EDGE('',*,*,#1895,.F.);
#2520=ORIENTED_EDGE('',*,*,#1896,.F.);
#2521=ORIENTED_EDGE('',*,*,#1897,.T.);
#2522=ORIENTED_EDGE('',*,*,#1898,.F.);
#2523=ORIENTED_EDGE('',*,*,#1899,.F.);
#2524=ORIENTED_EDGE('',*,*,#1900,.F.);
#2525=ORIENTED_EDGE('',*,*,#1901,.F.);
#2526=ORIENTED_EDGE('',*,*,#1902,.F.);
#2527=ORIENTED_EDGE('',*,*,#1903,.F.);
#2528=ORIENTED_EDGE('',*,*,#1904,.F.);
#2529=ORIENTED_EDGE('',*,*,#1883,.T.);
#2530=ORIENTED_EDGE('',*,*,#1905,.F.);
#2531=ORIENTED_EDGE('',*,*,#1906,.F.);
#2532=ORIENTED_EDGE('',*,*,#1907,.F.);
#2533=ORIENTED_EDGE('',*,*,#1908,.F.);
#2534=ORIENTED_EDGE('',*,*,#1909,.F.);
#2535=ORIENTED_EDGE('',*,*,#1910,.F.);
#2536=ORIENTED_EDGE('',*,*,#1911,.F.);
#2537=ORIENTED_EDGE('',*,*,#1912,.F.);
#2538=ORIENTED_EDGE('',*,*,#1913,.F.);
#2539=ORIENTED_EDGE('',*,*,#1914,.F.);
#2540=ORIENTED_EDGE('',*,*,#1915,.F.);
#2541=ORIENTED_EDGE('',*,*,#1916,.F.);
#2542=ORIENTED_EDGE('',*,*,#1917,.F.);
#2543=ORIENTED_EDGE('',*,*,#1918,.F.);
#2544=ORIENTED_EDGE('',*,*,#1919,.F.);
#2545=ORIENTED_EDGE('',*,*,#1920,.F.);
#2546=ORIENTED_EDGE('',*,*,#1921,.F.);
#2547=ORIENTED_EDGE('',*,*,#1922,.F.);
#2548=ORIENTED_EDGE('',*,*,#1923,.F.);
#2549=ORIENTED_EDGE('',*,*,#1863,.F.);
#2550=ORIENTED_EDGE('',*,*,#1924,.F.);
#2551=ORIENTED_EDGE('',*,*,#1925,.F.);
#2552=ORIENTED_EDGE('',*,*,#1926,.F.);
#2553=ORIENTED_EDGE('',*,*,#1887,.F.);
#2554=ORIENTED_EDGE('',*,*,#1927,.F.);
#2555=ORIENTED_EDGE('',*,*,#1885,.T.);
#2556=ORIENTED_EDGE('',*,*,#1928,.F.);
#2557=ORIENTED_EDGE('',*,*,#1929,.F.);
#2558=ORIENTED_EDGE('',*,*,#1930,.F.);
#2559=ORIENTED_EDGE('',*,*,#1897,.F.);
#2560=ORIENTED_EDGE('',*,*,#1931,.F.);
#2561=ORIENTED_EDGE('',*,*,#1895,.T.);
#2562=ORIENTED_EDGE('',*,*,#1904,.T.);
#2563=ORIENTED_EDGE('',*,*,#1932,.T.);
#2564=ORIENTED_EDGE('',*,*,#1735,.T.);
#2565=ORIENTED_EDGE('',*,*,#1933,.T.);
#2566=ORIENTED_EDGE('',*,*,#1857,.F.);
#2567=ORIENTED_EDGE('',*,*,#1934,.F.);
#2568=ORIENTED_EDGE('',*,*,#1935,.T.);
#2569=ORIENTED_EDGE('',*,*,#1862,.T.);
#2570=ORIENTED_EDGE('',*,*,#1936,.T.);
#2571=ORIENTED_EDGE('',*,*,#1937,.T.);
#2572=ORIENTED_EDGE('',*,*,#1859,.F.);
#2573=ORIENTED_EDGE('',*,*,#1938,.F.);
#2574=ORIENTED_EDGE('',*,*,#1748,.T.);
#2575=ORIENTED_EDGE('',*,*,#1754,.T.);
#2576=ORIENTED_EDGE('',*,*,#1801,.F.);
#2577=ORIENTED_EDGE('',*,*,#1725,.T.);
#2578=ORIENTED_EDGE('',*,*,#1865,.T.);
#2579=ORIENTED_EDGE('',*,*,#1939,.T.);
#2580=ORIENTED_EDGE('',*,*,#1940,.T.);
#2581=ORIENTED_EDGE('',*,*,#1941,.T.);
#2582=ORIENTED_EDGE('',*,*,#1866,.T.);
#2583=ORIENTED_EDGE('',*,*,#1941,.F.);
#2584=ORIENTED_EDGE('',*,*,#1942,.F.);
#2585=ORIENTED_EDGE('',*,*,#1943,.T.);
#2586=ORIENTED_EDGE('',*,*,#1867,.T.);
#2587=ORIENTED_EDGE('',*,*,#1943,.F.);
#2588=ORIENTED_EDGE('',*,*,#1944,.F.);
#2589=ORIENTED_EDGE('',*,*,#1945,.F.);
#2590=ORIENTED_EDGE('',*,*,#1905,.T.);
#2591=ORIENTED_EDGE('',*,*,#1882,.T.);
#2592=ORIENTED_EDGE('',*,*,#1946,.F.);
#2593=ORIENTED_EDGE('',*,*,#1947,.F.);
#2594=ORIENTED_EDGE('',*,*,#1948,.F.);
#2595=ORIENTED_EDGE('',*,*,#1949,.T.);
#2596=ORIENTED_EDGE('',*,*,#1950,.F.);
#2597=ORIENTED_EDGE('',*,*,#1868,.T.);
#2598=ORIENTED_EDGE('',*,*,#1945,.T.);
#2599=ORIENTED_EDGE('',*,*,#1951,.T.);
#2600=ORIENTED_EDGE('',*,*,#1952,.F.);
#2601=ORIENTED_EDGE('',*,*,#1881,.T.);
#2602=ORIENTED_EDGE('',*,*,#1953,.T.);
#2603=ORIENTED_EDGE('',*,*,#1954,.F.);
#2604=ORIENTED_EDGE('',*,*,#1946,.T.);
#2605=ORIENTED_EDGE('',*,*,#1906,.T.);
#2606=ORIENTED_EDGE('',*,*,#1950,.T.);
#2607=ORIENTED_EDGE('',*,*,#1955,.T.);
#2608=ORIENTED_EDGE('',*,*,#1956,.T.);
#2609=ORIENTED_EDGE('',*,*,#1880,.T.);
#2610=ORIENTED_EDGE('',*,*,#1957,.T.);
#2611=ORIENTED_EDGE('',*,*,#1958,.T.);
#2612=ORIENTED_EDGE('',*,*,#1953,.F.);
#2613=ORIENTED_EDGE('',*,*,#1907,.T.);
#2614=ORIENTED_EDGE('',*,*,#1956,.F.);
#2615=ORIENTED_EDGE('',*,*,#1959,.T.);
#2616=ORIENTED_EDGE('',*,*,#1960,.T.);
#2617=ORIENTED_EDGE('',*,*,#1879,.T.);
#2618=ORIENTED_EDGE('',*,*,#1961,.F.);
#2619=ORIENTED_EDGE('',*,*,#1962,.F.);
#2620=ORIENTED_EDGE('',*,*,#1957,.F.);
#2621=ORIENTED_EDGE('',*,*,#1908,.T.);
#2622=ORIENTED_EDGE('',*,*,#1960,.F.);
#2623=ORIENTED_EDGE('',*,*,#1963,.T.);
#2624=ORIENTED_EDGE('',*,*,#1964,.F.);
#2625=ORIENTED_EDGE('',*,*,#1878,.T.);
#2626=ORIENTED_EDGE('',*,*,#1965,.T.);
#2627=ORIENTED_EDGE('',*,*,#1966,.F.);
#2628=ORIENTED_EDGE('',*,*,#1961,.T.);
#2629=ORIENTED_EDGE('',*,*,#1909,.T.);
#2630=ORIENTED_EDGE('',*,*,#1964,.T.);
#2631=ORIENTED_EDGE('',*,*,#1967,.T.);
#2632=ORIENTED_EDGE('',*,*,#1968,.T.);
#2633=ORIENTED_EDGE('',*,*,#1877,.T.);
#2634=ORIENTED_EDGE('',*,*,#1969,.T.);
#2635=ORIENTED_EDGE('',*,*,#1970,.T.);
#2636=ORIENTED_EDGE('',*,*,#1965,.F.);
#2637=ORIENTED_EDGE('',*,*,#1910,.T.);
#2638=ORIENTED_EDGE('',*,*,#1968,.F.);
#2639=ORIENTED_EDGE('',*,*,#1971,.T.);
#2640=ORIENTED_EDGE('',*,*,#1972,.T.);
#2641=ORIENTED_EDGE('',*,*,#1892,.T.);
#2642=ORIENTED_EDGE('',*,*,#1973,.T.);
#2643=ORIENTED_EDGE('',*,*,#1893,.T.);
#2644=ORIENTED_EDGE('',*,*,#1972,.F.);
#2645=ORIENTED_EDGE('',*,*,#1974,.T.);
#2646=ORIENTED_EDGE('',*,*,#1975,.F.);
#2647=ORIENTED_EDGE('',*,*,#1876,.T.);
#2648=ORIENTED_EDGE('',*,*,#1976,.F.);
#2649=ORIENTED_EDGE('',*,*,#1977,.F.);
#2650=ORIENTED_EDGE('',*,*,#1969,.F.);
#2651=ORIENTED_EDGE('',*,*,#1911,.T.);
#2652=ORIENTED_EDGE('',*,*,#1973,.F.);
#2653=ORIENTED_EDGE('',*,*,#1891,.T.);
#2654=ORIENTED_EDGE('',*,*,#1978,.F.);
#2655=ORIENTED_EDGE('',*,*,#1884,.T.);
#2656=ORIENTED_EDGE('',*,*,#1975,.T.);
#2657=ORIENTED_EDGE('',*,*,#1979,.T.);
#2658=ORIENTED_EDGE('',*,*,#1980,.F.);
#2659=ORIENTED_EDGE('',*,*,#1924,.T.);
#2660=ORIENTED_EDGE('',*,*,#1875,.T.);
#2661=ORIENTED_EDGE('',*,*,#1981,.F.);
#2662=ORIENTED_EDGE('',*,*,#1982,.F.);
#2663=ORIENTED_EDGE('',*,*,#1976,.T.);
#2664=ORIENTED_EDGE('',*,*,#1912,.T.);
#2665=ORIENTED_EDGE('',*,*,#1978,.T.);
#2666=ORIENTED_EDGE('',*,*,#1890,.T.);
#2667=ORIENTED_EDGE('',*,*,#1983,.F.);
#2668=ORIENTED_EDGE('',*,*,#1925,.T.);
#2669=ORIENTED_EDGE('',*,*,#1980,.T.);
#2670=ORIENTED_EDGE('',*,*,#1984,.T.);
#2671=ORIENTED_EDGE('',*,*,#1985,.T.);
#2672=ORIENTED_EDGE('',*,*,#1874,.T.);
#2673=ORIENTED_EDGE('',*,*,#1986,.T.);
#2674=ORIENTED_EDGE('',*,*,#1987,.T.);
#2675=ORIENTED_EDGE('',*,*,#1981,.T.);
#2676=ORIENTED_EDGE('',*,*,#1913,.T.);
#2677=ORIENTED_EDGE('',*,*,#1983,.T.);
#2678=ORIENTED_EDGE('',*,*,#1889,.T.);
#2679=ORIENTED_EDGE('',*,*,#1988,.T.);
#2680=ORIENTED_EDGE('',*,*,#1873,.T.);
#2681=ORIENTED_EDGE('',*,*,#1989,.F.);
#2682=ORIENTED_EDGE('',*,*,#1990,.F.);
#2683=ORIENTED_EDGE('',*,*,#1986,.F.);
#2684=ORIENTED_EDGE('',*,*,#1914,.T.);
#2685=ORIENTED_EDGE('',*,*,#1988,.F.);
#2686=ORIENTED_EDGE('',*,*,#1888,.T.);
#2687=ORIENTED_EDGE('',*,*,#1926,.T.);
#2688=ORIENTED_EDGE('',*,*,#1985,.F.);
#2689=ORIENTED_EDGE('',*,*,#1991,.T.);
#2690=ORIENTED_EDGE('',*,*,#1992,.F.);
#2691=ORIENTED_EDGE('',*,*,#1928,.T.);
#2692=ORIENTED_EDGE('',*,*,#1894,.T.);
#2693=ORIENTED_EDGE('',*,*,#1993,.F.);
#2694=ORIENTED_EDGE('',*,*,#1929,.T.);
#2695=ORIENTED_EDGE('',*,*,#1992,.T.);
#2696=ORIENTED_EDGE('',*,*,#1994,.T.);
#2697=ORIENTED_EDGE('',*,*,#1995,.T.);
#2698=ORIENTED_EDGE('',*,*,#1872,.T.);
#2699=ORIENTED_EDGE('',*,*,#1996,.T.);
#2700=ORIENTED_EDGE('',*,*,#1997,.F.);
#2701=ORIENTED_EDGE('',*,*,#1989,.T.);
#2702=ORIENTED_EDGE('',*,*,#1915,.T.);
#2703=ORIENTED_EDGE('',*,*,#1993,.T.);
#2704=ORIENTED_EDGE('',*,*,#1903,.T.);
#2705=ORIENTED_EDGE('',*,*,#1998,.T.);
#2706=ORIENTED_EDGE('',*,*,#1930,.T.);
#2707=ORIENTED_EDGE('',*,*,#1995,.F.);
#2708=ORIENTED_EDGE('',*,*,#1999,.T.);
#2709=ORIENTED_EDGE('',*,*,#2000,.T.);
#2710=ORIENTED_EDGE('',*,*,#1898,.T.);
#2711=ORIENTED_EDGE('',*,*,#1871,.T.);
#2712=ORIENTED_EDGE('',*,*,#2001,.T.);
#2713=ORIENTED_EDGE('',*,*,#2002,.T.);
#2714=ORIENTED_EDGE('',*,*,#1996,.F.);
#2715=ORIENTED_EDGE('',*,*,#1916,.T.);
#2716=ORIENTED_EDGE('',*,*,#1998,.F.);
#2717=ORIENTED_EDGE('',*,*,#1902,.T.);
#2718=ORIENTED_EDGE('',*,*,#2003,.T.);
#2719=ORIENTED_EDGE('',*,*,#1899,.T.);
#2720=ORIENTED_EDGE('',*,*,#2000,.F.);
#2721=ORIENTED_EDGE('',*,*,#2004,.T.);
#2722=ORIENTED_EDGE('',*,*,#2005,.F.);
#2723=ORIENTED_EDGE('',*,*,#1870,.T.);
#2724=ORIENTED_EDGE('',*,*,#2006,.F.);
#2725=ORIENTED_EDGE('',*,*,#2007,.F.);
#2726=ORIENTED_EDGE('',*,*,#2001,.F.);
#2727=ORIENTED_EDGE('',*,*,#1869,.T.);
#2728=ORIENTED_EDGE('',*,*,#1952,.T.);
#2729=ORIENTED_EDGE('',*,*,#2008,.F.);
#2730=ORIENTED_EDGE('',*,*,#2006,.T.);
#2731=ORIENTED_EDGE('',*,*,#2009,.F.);
#2732=ORIENTED_EDGE('',*,*,#2010,.T.);
#2733=ORIENTED_EDGE('',*,*,#1942,.T.);
#2734=ORIENTED_EDGE('',*,*,#2011,.F.);
#2735=ORIENTED_EDGE('',*,*,#1921,.T.);
#2736=ORIENTED_EDGE('',*,*,#2012,.T.);
#2737=ORIENTED_EDGE('',*,*,#2013,.T.);
#2738=ORIENTED_EDGE('',*,*,#2014,.F.);
#2739=ORIENTED_EDGE('',*,*,#1920,.T.);
#2740=ORIENTED_EDGE('',*,*,#2015,.F.);
#2741=ORIENTED_EDGE('',*,*,#2016,.T.);
#2742=ORIENTED_EDGE('',*,*,#2012,.F.);
#2743=ORIENTED_EDGE('',*,*,#2010,.F.);
#2744=ORIENTED_EDGE('',*,*,#1823,.F.);
#2745=ORIENTED_EDGE('',*,*,#2017,.F.);
#2746=ORIENTED_EDGE('',*,*,#1944,.T.);
#2747=ORIENTED_EDGE('',*,*,#1919,.T.);
#2748=ORIENTED_EDGE('',*,*,#2018,.F.);
#2749=ORIENTED_EDGE('',*,*,#2019,.T.);
#2750=ORIENTED_EDGE('',*,*,#2015,.T.);
#2751=ORIENTED_EDGE('',*,*,#2020,.F.);
#2752=ORIENTED_EDGE('',*,*,#2021,.F.);
#2753=ORIENTED_EDGE('',*,*,#1951,.F.);
#2754=ORIENTED_EDGE('',*,*,#2017,.T.);
#2755=ORIENTED_EDGE('',*,*,#2020,.T.);
#2756=ORIENTED_EDGE('',*,*,#1822,.F.);
#2757=ORIENTED_EDGE('',*,*,#2022,.T.);
#2758=ORIENTED_EDGE('',*,*,#2009,.T.);
#2759=ORIENTED_EDGE('',*,*,#2023,.T.);
#2760=ORIENTED_EDGE('',*,*,#1824,.F.);
#2761=ORIENTED_EDGE('',*,*,#2022,.F.);
#2762=ORIENTED_EDGE('',*,*,#2024,.T.);
#2763=ORIENTED_EDGE('',*,*,#2008,.T.);
#2764=ORIENTED_EDGE('',*,*,#2021,.T.);
#2765=ORIENTED_EDGE('',*,*,#1918,.T.);
#2766=ORIENTED_EDGE('',*,*,#2025,.T.);
#2767=ORIENTED_EDGE('',*,*,#1900,.T.);
#2768=ORIENTED_EDGE('',*,*,#2005,.T.);
#2769=ORIENTED_EDGE('',*,*,#2026,.T.);
#2770=ORIENTED_EDGE('',*,*,#2018,.T.);
#2771=ORIENTED_EDGE('',*,*,#1917,.T.);
#2772=ORIENTED_EDGE('',*,*,#2003,.F.);
#2773=ORIENTED_EDGE('',*,*,#1901,.T.);
#2774=ORIENTED_EDGE('',*,*,#2025,.F.);
#2775=ORIENTED_EDGE('',*,*,#2024,.F.);
#2776=ORIENTED_EDGE('',*,*,#1821,.F.);
#2777=ORIENTED_EDGE('',*,*,#2027,.F.);
#2778=ORIENTED_EDGE('',*,*,#2007,.T.);
#2779=ORIENTED_EDGE('',*,*,#2028,.F.);
#2780=ORIENTED_EDGE('',*,*,#2029,.F.);
#2781=ORIENTED_EDGE('',*,*,#2002,.F.);
#2782=ORIENTED_EDGE('',*,*,#2027,.T.);
#2783=ORIENTED_EDGE('',*,*,#2030,.F.);
#2784=ORIENTED_EDGE('',*,*,#2031,.T.);
#2785=ORIENTED_EDGE('',*,*,#2032,.T.);
#2786=ORIENTED_EDGE('',*,*,#2033,.F.);
#2787=ORIENTED_EDGE('',*,*,#2034,.T.);
#2788=ORIENTED_EDGE('',*,*,#2035,.F.);
#2789=ORIENTED_EDGE('',*,*,#2032,.F.);
#2790=ORIENTED_EDGE('',*,*,#2036,.T.);
#2791=ORIENTED_EDGE('',*,*,#1923,.T.);
#2792=ORIENTED_EDGE('',*,*,#2037,.F.);
#2793=ORIENTED_EDGE('',*,*,#2038,.T.);
#2794=ORIENTED_EDGE('',*,*,#2036,.F.);
#2795=ORIENTED_EDGE('',*,*,#2039,.F.);
#2796=ORIENTED_EDGE('',*,*,#1939,.F.);
#2797=ORIENTED_EDGE('',*,*,#1864,.T.);
#2798=ORIENTED_EDGE('',*,*,#2031,.F.);
#2799=ORIENTED_EDGE('',*,*,#1825,.F.);
#2800=ORIENTED_EDGE('',*,*,#2040,.F.);
#2801=ORIENTED_EDGE('',*,*,#2039,.T.);
#2802=ORIENTED_EDGE('',*,*,#1922,.T.);
#2803=ORIENTED_EDGE('',*,*,#2014,.T.);
#2804=ORIENTED_EDGE('',*,*,#2041,.T.);
#2805=ORIENTED_EDGE('',*,*,#2037,.T.);
#2806=ORIENTED_EDGE('',*,*,#2023,.F.);
#2807=ORIENTED_EDGE('',*,*,#2011,.T.);
#2808=ORIENTED_EDGE('',*,*,#1940,.F.);
#2809=ORIENTED_EDGE('',*,*,#2040,.T.);
#2810=ORIENTED_EDGE('',*,*,#2030,.T.);
#2811=ORIENTED_EDGE('',*,*,#2042,.T.);
#2812=ORIENTED_EDGE('',*,*,#1826,.F.);
#2813=ORIENTED_EDGE('',*,*,#2043,.F.);
#2814=ORIENTED_EDGE('',*,*,#2044,.T.);
#2815=ORIENTED_EDGE('',*,*,#2045,.T.);
#2816=ORIENTED_EDGE('',*,*,#2046,.F.);
#2817=ORIENTED_EDGE('',*,*,#2047,.T.);
#2818=ORIENTED_EDGE('',*,*,#2048,.F.);
#2819=ORIENTED_EDGE('',*,*,#2045,.F.);
#2820=ORIENTED_EDGE('',*,*,#2049,.T.);
#2821=ORIENTED_EDGE('',*,*,#2049,.F.);
#2822=ORIENTED_EDGE('',*,*,#2050,.F.);
#2823=ORIENTED_EDGE('',*,*,#2051,.F.);
#2824=ORIENTED_EDGE('',*,*,#2052,.T.);
#2825=ORIENTED_EDGE('',*,*,#2044,.F.);
#2826=ORIENTED_EDGE('',*,*,#1829,.F.);
#2827=ORIENTED_EDGE('',*,*,#2053,.F.);
#2828=ORIENTED_EDGE('',*,*,#2050,.T.);
#2829=ORIENTED_EDGE('',*,*,#2054,.T.);
#2830=ORIENTED_EDGE('',*,*,#2051,.T.);
#2831=ORIENTED_EDGE('',*,*,#2055,.T.);
#2832=ORIENTED_EDGE('',*,*,#2056,.F.);
#2833=ORIENTED_EDGE('',*,*,#2057,.F.);
#2834=ORIENTED_EDGE('',*,*,#2058,.F.);
#2835=ORIENTED_EDGE('',*,*,#2055,.F.);
#2836=ORIENTED_EDGE('',*,*,#2053,.T.);
#2837=ORIENTED_EDGE('',*,*,#2043,.T.);
#2838=ORIENTED_EDGE('',*,*,#2059,.T.);
#2839=ORIENTED_EDGE('',*,*,#1830,.F.);
#2840=ORIENTED_EDGE('',*,*,#2057,.T.);
#2841=ORIENTED_EDGE('',*,*,#1828,.F.);
#2842=ORIENTED_EDGE('',*,*,#2060,.T.);
#2843=ORIENTED_EDGE('',*,*,#2061,.F.);
#2844=ORIENTED_EDGE('',*,*,#2062,.T.);
#2845=ORIENTED_EDGE('',*,*,#2063,.T.);
#2846=ORIENTED_EDGE('',*,*,#2064,.F.);
#2847=ORIENTED_EDGE('',*,*,#2065,.T.);
#2848=ORIENTED_EDGE('',*,*,#2066,.F.);
#2849=ORIENTED_EDGE('',*,*,#2063,.F.);
#2850=ORIENTED_EDGE('',*,*,#2067,.T.);
#2851=ORIENTED_EDGE('',*,*,#2067,.F.);
#2852=ORIENTED_EDGE('',*,*,#2068,.F.);
#2853=ORIENTED_EDGE('',*,*,#2069,.F.);
#2854=ORIENTED_EDGE('',*,*,#2070,.T.);
#2855=ORIENTED_EDGE('',*,*,#2062,.F.);
#2856=ORIENTED_EDGE('',*,*,#1831,.F.);
#2857=ORIENTED_EDGE('',*,*,#2071,.F.);
#2858=ORIENTED_EDGE('',*,*,#2068,.T.);
#2859=ORIENTED_EDGE('',*,*,#2072,.T.);
#2860=ORIENTED_EDGE('',*,*,#2069,.T.);
#2861=ORIENTED_EDGE('',*,*,#2073,.T.);
#2862=ORIENTED_EDGE('',*,*,#2048,.T.);
#2863=ORIENTED_EDGE('',*,*,#2059,.F.);
#2864=ORIENTED_EDGE('',*,*,#2046,.T.);
#2865=ORIENTED_EDGE('',*,*,#2073,.F.);
#2866=ORIENTED_EDGE('',*,*,#2071,.T.);
#2867=ORIENTED_EDGE('',*,*,#2061,.T.);
#2868=ORIENTED_EDGE('',*,*,#2074,.T.);
#2869=ORIENTED_EDGE('',*,*,#1832,.F.);
#2870=ORIENTED_EDGE('',*,*,#1739,.T.);
#2871=ORIENTED_EDGE('',*,*,#2075,.F.);
#2872=ORIENTED_EDGE('',*,*,#1780,.F.);
#2873=ORIENTED_EDGE('',*,*,#1723,.T.);
#2874=ORIENTED_EDGE('',*,*,#1771,.T.);
#2875=ORIENTED_EDGE('',*,*,#2076,.T.);
#2876=ORIENTED_EDGE('',*,*,#2077,.F.);
#2877=ORIENTED_EDGE('',*,*,#1731,.T.);
#2878=ORIENTED_EDGE('',*,*,#2078,.T.);
#2879=ORIENTED_EDGE('',*,*,#1769,.T.);
#2880=ORIENTED_EDGE('',*,*,#1775,.T.);
#2881=ORIENTED_EDGE('',*,*,#2079,.F.);
#2882=ORIENTED_EDGE('',*,*,#1765,.T.);
#2883=ORIENTED_EDGE('',*,*,#1784,.F.);
#2884=ORIENTED_EDGE('',*,*,#1786,.F.);
#2885=ORIENTED_EDGE('',*,*,#2080,.T.);
#2886=ORIENTED_EDGE('',*,*,#2081,.T.);
#2887=ORIENTED_EDGE('',*,*,#1766,.T.);
#2888=ORIENTED_EDGE('',*,*,#2081,.F.);
#2889=ORIENTED_EDGE('',*,*,#2082,.T.);
#2890=ORIENTED_EDGE('',*,*,#1767,.T.);
#2891=ORIENTED_EDGE('',*,*,#2082,.F.);
#2892=ORIENTED_EDGE('',*,*,#2083,.F.);
#2893=ORIENTED_EDGE('',*,*,#2084,.F.);
#2894=ORIENTED_EDGE('',*,*,#2085,.T.);
#2895=ORIENTED_EDGE('',*,*,#1836,.F.);
#2896=ORIENTED_EDGE('',*,*,#1750,.T.);
#2897=ORIENTED_EDGE('',*,*,#2080,.F.);
#2898=ORIENTED_EDGE('',*,*,#1795,.F.);
#2899=ORIENTED_EDGE('',*,*,#2086,.F.);
#2900=ORIENTED_EDGE('',*,*,#2083,.T.);
#2901=ORIENTED_EDGE('',*,*,#2087,.T.);
#2902=ORIENTED_EDGE('',*,*,#2084,.T.);
#2903=ORIENTED_EDGE('',*,*,#2088,.T.);
#2904=ORIENTED_EDGE('',*,*,#2089,.F.);
#2905=ORIENTED_EDGE('',*,*,#2090,.F.);
#2906=ORIENTED_EDGE('',*,*,#2091,.F.);
#2907=ORIENTED_EDGE('',*,*,#2088,.F.);
#2908=ORIENTED_EDGE('',*,*,#2086,.T.);
#2909=ORIENTED_EDGE('',*,*,#2090,.T.);
#2910=ORIENTED_EDGE('',*,*,#1794,.F.);
#2911=ORIENTED_EDGE('',*,*,#2092,.T.);
#2912=ORIENTED_EDGE('',*,*,#2093,.F.);
#2913=ORIENTED_EDGE('',*,*,#2094,.T.);
#2914=ORIENTED_EDGE('',*,*,#2095,.T.);
#2915=ORIENTED_EDGE('',*,*,#2096,.F.);
#2916=ORIENTED_EDGE('',*,*,#2097,.T.);
#2917=ORIENTED_EDGE('',*,*,#2098,.F.);
#2918=ORIENTED_EDGE('',*,*,#2095,.F.);
#2919=ORIENTED_EDGE('',*,*,#2099,.T.);
#2920=ORIENTED_EDGE('',*,*,#2099,.F.);
#2921=ORIENTED_EDGE('',*,*,#2100,.F.);
#2922=ORIENTED_EDGE('',*,*,#2101,.F.);
#2923=ORIENTED_EDGE('',*,*,#2102,.T.);
#2924=ORIENTED_EDGE('',*,*,#1743,.T.);
#2925=ORIENTED_EDGE('',*,*,#1744,.T.);
#2926=ORIENTED_EDGE('',*,*,#2094,.F.);
#2927=ORIENTED_EDGE('',*,*,#1791,.F.);
#2928=ORIENTED_EDGE('',*,*,#2103,.F.);
#2929=ORIENTED_EDGE('',*,*,#2100,.T.);
#2930=ORIENTED_EDGE('',*,*,#2104,.T.);
#2931=ORIENTED_EDGE('',*,*,#2101,.T.);
#2932=ORIENTED_EDGE('',*,*,#2105,.T.);
#2933=ORIENTED_EDGE('',*,*,#2106,.F.);
#2934=ORIENTED_EDGE('',*,*,#2107,.F.);
#2935=ORIENTED_EDGE('',*,*,#2108,.F.);
#2936=ORIENTED_EDGE('',*,*,#2105,.F.);
#2937=ORIENTED_EDGE('',*,*,#2103,.T.);
#2938=ORIENTED_EDGE('',*,*,#2107,.T.);
#2939=ORIENTED_EDGE('',*,*,#1790,.F.);
#2940=ORIENTED_EDGE('',*,*,#2109,.T.);
#2941=ORIENTED_EDGE('',*,*,#2093,.T.);
#2942=ORIENTED_EDGE('',*,*,#2110,.T.);
#2943=ORIENTED_EDGE('',*,*,#1792,.F.);
#2944=ORIENTED_EDGE('',*,*,#2109,.F.);
#2945=ORIENTED_EDGE('',*,*,#2111,.T.);
#2946=ORIENTED_EDGE('',*,*,#2112,.T.);
#2947=ORIENTED_EDGE('',*,*,#2108,.T.);
#2948=ORIENTED_EDGE('',*,*,#2113,.T.);
#2949=ORIENTED_EDGE('',*,*,#2106,.T.);
#2950=ORIENTED_EDGE('',*,*,#2112,.F.);
#2951=ORIENTED_EDGE('',*,*,#2114,.T.);
#2952=ORIENTED_EDGE('',*,*,#2114,.F.);
#2953=ORIENTED_EDGE('',*,*,#2115,.F.);
#2954=ORIENTED_EDGE('',*,*,#2116,.F.);
#2955=ORIENTED_EDGE('',*,*,#2117,.T.);
#2956=ORIENTED_EDGE('',*,*,#2111,.F.);
#2957=ORIENTED_EDGE('',*,*,#1789,.F.);
#2958=ORIENTED_EDGE('',*,*,#2118,.F.);
#2959=ORIENTED_EDGE('',*,*,#2115,.T.);
#2960=ORIENTED_EDGE('',*,*,#2119,.T.);
#2961=ORIENTED_EDGE('',*,*,#2116,.T.);
#2962=ORIENTED_EDGE('',*,*,#2120,.T.);
#2963=ORIENTED_EDGE('',*,*,#2121,.F.);
#2964=ORIENTED_EDGE('',*,*,#2122,.F.);
#2965=ORIENTED_EDGE('',*,*,#2123,.F.);
#2966=ORIENTED_EDGE('',*,*,#2120,.F.);
#2967=ORIENTED_EDGE('',*,*,#2118,.T.);
#2968=ORIENTED_EDGE('',*,*,#2122,.T.);
#2969=ORIENTED_EDGE('',*,*,#1788,.F.);
#2970=ORIENTED_EDGE('',*,*,#2124,.T.);
#2971=ORIENTED_EDGE('',*,*,#1777,.F.);
#2972=ORIENTED_EDGE('',*,*,#2125,.T.);
#2973=ORIENTED_EDGE('',*,*,#2126,.T.);
#2974=ORIENTED_EDGE('',*,*,#1774,.T.);
#2975=ORIENTED_EDGE('',*,*,#2127,.T.);
#2976=ORIENTED_EDGE('',*,*,#2079,.T.);
#2977=ORIENTED_EDGE('',*,*,#2126,.F.);
#2978=ORIENTED_EDGE('',*,*,#2128,.T.);
#2979=ORIENTED_EDGE('',*,*,#2128,.F.);
#2980=ORIENTED_EDGE('',*,*,#2129,.F.);
#2981=ORIENTED_EDGE('',*,*,#2130,.F.);
#2982=ORIENTED_EDGE('',*,*,#2131,.T.);
#2983=ORIENTED_EDGE('',*,*,#2125,.F.);
#2984=ORIENTED_EDGE('',*,*,#1835,.F.);
#2985=ORIENTED_EDGE('',*,*,#2132,.F.);
#2986=ORIENTED_EDGE('',*,*,#2129,.T.);
#2987=ORIENTED_EDGE('',*,*,#2133,.T.);
#2988=ORIENTED_EDGE('',*,*,#2130,.T.);
#2989=ORIENTED_EDGE('',*,*,#2134,.T.);
#2990=ORIENTED_EDGE('',*,*,#2135,.F.);
#2991=ORIENTED_EDGE('',*,*,#2136,.F.);
#2992=ORIENTED_EDGE('',*,*,#2137,.F.);
#2993=ORIENTED_EDGE('',*,*,#2134,.F.);
#2994=ORIENTED_EDGE('',*,*,#2132,.T.);
#2995=ORIENTED_EDGE('',*,*,#2124,.F.);
#2996=ORIENTED_EDGE('',*,*,#2138,.T.);
#2997=ORIENTED_EDGE('',*,*,#2139,.T.);
#2998=ORIENTED_EDGE('',*,*,#2123,.T.);
#2999=ORIENTED_EDGE('',*,*,#2140,.T.);
#3000=ORIENTED_EDGE('',*,*,#2121,.T.);
#3001=ORIENTED_EDGE('',*,*,#2139,.F.);
#3002=ORIENTED_EDGE('',*,*,#2141,.T.);
#3003=ORIENTED_EDGE('',*,*,#1733,.T.);
#3004=ORIENTED_EDGE('',*,*,#2142,.F.);
#3005=ORIENTED_EDGE('',*,*,#2143,.T.);
#3006=ORIENTED_EDGE('',*,*,#2141,.F.);
#3007=ORIENTED_EDGE('',*,*,#2144,.F.);
#3008=ORIENTED_EDGE('',*,*,#1778,.F.);
#3009=ORIENTED_EDGE('',*,*,#1736,.T.);
#3010=ORIENTED_EDGE('',*,*,#2138,.F.);
#3011=ORIENTED_EDGE('',*,*,#1787,.F.);
#3012=ORIENTED_EDGE('',*,*,#2145,.F.);
#3013=ORIENTED_EDGE('',*,*,#2144,.T.);
#3014=ORIENTED_EDGE('',*,*,#1732,.T.);
#3015=ORIENTED_EDGE('',*,*,#2077,.T.);
#3016=ORIENTED_EDGE('',*,*,#2146,.T.);
#3017=ORIENTED_EDGE('',*,*,#2142,.T.);
#3018=ORIENTED_EDGE('',*,*,#1738,.T.);
#3019=ORIENTED_EDGE('',*,*,#1779,.F.);
#3020=ORIENTED_EDGE('',*,*,#2145,.T.);
#3021=ORIENTED_EDGE('',*,*,#1781,.F.);
#3022=ORIENTED_EDGE('',*,*,#2075,.T.);
#3023=ORIENTED_EDGE('',*,*,#2136,.T.);
#3024=ORIENTED_EDGE('',*,*,#1834,.F.);
#3025=ORIENTED_EDGE('',*,*,#2147,.T.);
#3026=ORIENTED_EDGE('',*,*,#2147,.F.);
#3027=ORIENTED_EDGE('',*,*,#2148,.T.);
#3028=ORIENTED_EDGE('',*,*,#2149,.T.);
#3029=ORIENTED_EDGE('',*,*,#2137,.T.);
#3030=ORIENTED_EDGE('',*,*,#2150,.T.);
#3031=ORIENTED_EDGE('',*,*,#2135,.T.);
#3032=ORIENTED_EDGE('',*,*,#2149,.F.);
#3033=ORIENTED_EDGE('',*,*,#2151,.T.);
#3034=ORIENTED_EDGE('',*,*,#2151,.F.);
#3035=ORIENTED_EDGE('',*,*,#2152,.F.);
#3036=ORIENTED_EDGE('',*,*,#2153,.F.);
#3037=ORIENTED_EDGE('',*,*,#2154,.T.);
#3038=ORIENTED_EDGE('',*,*,#2148,.F.);
#3039=ORIENTED_EDGE('',*,*,#1833,.F.);
#3040=ORIENTED_EDGE('',*,*,#2155,.F.);
#3041=ORIENTED_EDGE('',*,*,#2152,.T.);
#3042=ORIENTED_EDGE('',*,*,#2156,.T.);
#3043=ORIENTED_EDGE('',*,*,#2153,.T.);
#3044=ORIENTED_EDGE('',*,*,#2157,.T.);
#3045=ORIENTED_EDGE('',*,*,#2066,.T.);
#3046=ORIENTED_EDGE('',*,*,#2074,.F.);
#3047=ORIENTED_EDGE('',*,*,#2064,.T.);
#3048=ORIENTED_EDGE('',*,*,#2157,.F.);
#3049=ORIENTED_EDGE('',*,*,#2155,.T.);
#3050=ORIENTED_EDGE('',*,*,#2092,.F.);
#3051=ORIENTED_EDGE('',*,*,#2158,.T.);
#3052=ORIENTED_EDGE('',*,*,#2159,.T.);
#3053=ORIENTED_EDGE('',*,*,#2091,.T.);
#3054=ORIENTED_EDGE('',*,*,#2160,.T.);
#3055=ORIENTED_EDGE('',*,*,#2089,.T.);
#3056=ORIENTED_EDGE('',*,*,#2159,.F.);
#3057=ORIENTED_EDGE('',*,*,#2161,.T.);
#3058=ORIENTED_EDGE('',*,*,#2161,.F.);
#3059=ORIENTED_EDGE('',*,*,#2162,.F.);
#3060=ORIENTED_EDGE('',*,*,#2163,.F.);
#3061=ORIENTED_EDGE('',*,*,#2164,.T.);
#3062=ORIENTED_EDGE('',*,*,#2158,.F.);
#3063=ORIENTED_EDGE('',*,*,#1793,.F.);
#3064=ORIENTED_EDGE('',*,*,#2165,.F.);
#3065=ORIENTED_EDGE('',*,*,#2162,.T.);
#3066=ORIENTED_EDGE('',*,*,#2166,.T.);
#3067=ORIENTED_EDGE('',*,*,#2163,.T.);
#3068=ORIENTED_EDGE('',*,*,#2167,.T.);
#3069=ORIENTED_EDGE('',*,*,#2098,.T.);
#3070=ORIENTED_EDGE('',*,*,#2110,.F.);
#3071=ORIENTED_EDGE('',*,*,#2096,.T.);
#3072=ORIENTED_EDGE('',*,*,#2167,.F.);
#3073=ORIENTED_EDGE('',*,*,#2165,.T.);
#3074=ORIENTED_EDGE('',*,*,#2168,.F.);
#3075=ORIENTED_EDGE('',*,*,#2169,.T.);
#3076=ORIENTED_EDGE('',*,*,#1982,.T.);
#3077=ORIENTED_EDGE('',*,*,#2170,.F.);
#3078=ORIENTED_EDGE('',*,*,#2169,.F.);
#3079=ORIENTED_EDGE('',*,*,#1817,.F.);
#3080=ORIENTED_EDGE('',*,*,#2171,.F.);
#3081=ORIENTED_EDGE('',*,*,#1977,.T.);
#3082=ORIENTED_EDGE('',*,*,#2172,.F.);
#3083=ORIENTED_EDGE('',*,*,#2173,.F.);
#3084=ORIENTED_EDGE('',*,*,#1970,.F.);
#3085=ORIENTED_EDGE('',*,*,#2171,.T.);
#3086=ORIENTED_EDGE('',*,*,#2172,.T.);
#3087=ORIENTED_EDGE('',*,*,#1816,.F.);
#3088=ORIENTED_EDGE('',*,*,#2174,.T.);
#3089=ORIENTED_EDGE('',*,*,#2168,.T.);
#3090=ORIENTED_EDGE('',*,*,#2175,.T.);
#3091=ORIENTED_EDGE('',*,*,#1818,.F.);
#3092=ORIENTED_EDGE('',*,*,#2176,.F.);
#3093=ORIENTED_EDGE('',*,*,#2177,.T.);
#3094=ORIENTED_EDGE('',*,*,#2178,.T.);
#3095=ORIENTED_EDGE('',*,*,#2179,.F.);
#3096=ORIENTED_EDGE('',*,*,#2180,.T.);
#3097=ORIENTED_EDGE('',*,*,#2181,.F.);
#3098=ORIENTED_EDGE('',*,*,#2178,.F.);
#3099=ORIENTED_EDGE('',*,*,#2182,.T.);
#3100=ORIENTED_EDGE('',*,*,#2182,.F.);
#3101=ORIENTED_EDGE('',*,*,#2183,.F.);
#3102=ORIENTED_EDGE('',*,*,#2184,.F.);
#3103=ORIENTED_EDGE('',*,*,#2185,.T.);
#3104=ORIENTED_EDGE('',*,*,#2177,.F.);
#3105=ORIENTED_EDGE('',*,*,#1803,.F.);
#3106=ORIENTED_EDGE('',*,*,#2186,.F.);
#3107=ORIENTED_EDGE('',*,*,#2183,.T.);
#3108=ORIENTED_EDGE('',*,*,#2187,.T.);
#3109=ORIENTED_EDGE('',*,*,#2184,.T.);
#3110=ORIENTED_EDGE('',*,*,#2188,.T.);
#3111=ORIENTED_EDGE('',*,*,#2189,.F.);
#3112=ORIENTED_EDGE('',*,*,#1840,.F.);
#3113=ORIENTED_EDGE('',*,*,#1843,.F.);
#3114=ORIENTED_EDGE('',*,*,#2188,.F.);
#3115=ORIENTED_EDGE('',*,*,#2186,.T.);
#3116=ORIENTED_EDGE('',*,*,#2176,.T.);
#3117=ORIENTED_EDGE('',*,*,#2190,.T.);
#3118=ORIENTED_EDGE('',*,*,#1804,.F.);
#3119=ORIENTED_EDGE('',*,*,#2191,.F.);
#3120=ORIENTED_EDGE('',*,*,#2192,.T.);
#3121=ORIENTED_EDGE('',*,*,#2193,.T.);
#3122=ORIENTED_EDGE('',*,*,#2194,.F.);
#3123=ORIENTED_EDGE('',*,*,#2195,.T.);
#3124=ORIENTED_EDGE('',*,*,#2196,.F.);
#3125=ORIENTED_EDGE('',*,*,#2193,.F.);
#3126=ORIENTED_EDGE('',*,*,#2197,.T.);
#3127=ORIENTED_EDGE('',*,*,#2197,.F.);
#3128=ORIENTED_EDGE('',*,*,#2198,.F.);
#3129=ORIENTED_EDGE('',*,*,#2199,.F.);
#3130=ORIENTED_EDGE('',*,*,#2200,.T.);
#3131=ORIENTED_EDGE('',*,*,#2192,.F.);
#3132=ORIENTED_EDGE('',*,*,#1805,.F.);
#3133=ORIENTED_EDGE('',*,*,#2201,.F.);
#3134=ORIENTED_EDGE('',*,*,#2198,.T.);
#3135=ORIENTED_EDGE('',*,*,#2202,.T.);
#3136=ORIENTED_EDGE('',*,*,#2199,.T.);
#3137=ORIENTED_EDGE('',*,*,#2203,.T.);
#3138=ORIENTED_EDGE('',*,*,#2181,.T.);
#3139=ORIENTED_EDGE('',*,*,#2190,.F.);
#3140=ORIENTED_EDGE('',*,*,#2179,.T.);
#3141=ORIENTED_EDGE('',*,*,#2203,.F.);
#3142=ORIENTED_EDGE('',*,*,#2201,.T.);
#3143=ORIENTED_EDGE('',*,*,#2191,.T.);
#3144=ORIENTED_EDGE('',*,*,#2204,.T.);
#3145=ORIENTED_EDGE('',*,*,#1806,.F.);
#3146=ORIENTED_EDGE('',*,*,#2174,.F.);
#3147=ORIENTED_EDGE('',*,*,#2205,.T.);
#3148=ORIENTED_EDGE('',*,*,#1966,.T.);
#3149=ORIENTED_EDGE('',*,*,#2173,.T.);
#3150=ORIENTED_EDGE('',*,*,#2205,.F.);
#3151=ORIENTED_EDGE('',*,*,#1815,.F.);
#3152=ORIENTED_EDGE('',*,*,#2206,.F.);
#3153=ORIENTED_EDGE('',*,*,#1962,.T.);
#3154=ORIENTED_EDGE('',*,*,#2207,.F.);
#3155=ORIENTED_EDGE('',*,*,#2208,.F.);
#3156=ORIENTED_EDGE('',*,*,#1958,.F.);
#3157=ORIENTED_EDGE('',*,*,#2206,.T.);
#3158=ORIENTED_EDGE('',*,*,#2207,.T.);
#3159=ORIENTED_EDGE('',*,*,#1814,.F.);
#3160=ORIENTED_EDGE('',*,*,#2209,.T.);
#3161=ORIENTED_EDGE('',*,*,#2209,.F.);
#3162=ORIENTED_EDGE('',*,*,#2210,.T.);
#3163=ORIENTED_EDGE('',*,*,#1954,.T.);
#3164=ORIENTED_EDGE('',*,*,#2208,.T.);
#3165=ORIENTED_EDGE('',*,*,#2210,.F.);
#3166=ORIENTED_EDGE('',*,*,#1813,.F.);
#3167=ORIENTED_EDGE('',*,*,#2211,.F.);
#3168=ORIENTED_EDGE('',*,*,#1947,.T.);
#3169=ORIENTED_EDGE('',*,*,#2212,.T.);
#3170=ORIENTED_EDGE('',*,*,#1948,.T.);
#3171=ORIENTED_EDGE('',*,*,#2213,.T.);
#3172=ORIENTED_EDGE('',*,*,#2214,.F.);
#3173=ORIENTED_EDGE('',*,*,#2215,.F.);
#3174=ORIENTED_EDGE('',*,*,#2216,.F.);
#3175=ORIENTED_EDGE('',*,*,#2213,.F.);
#3176=ORIENTED_EDGE('',*,*,#2211,.T.);
#3177=ORIENTED_EDGE('',*,*,#2215,.T.);
#3178=ORIENTED_EDGE('',*,*,#1812,.F.);
#3179=ORIENTED_EDGE('',*,*,#2217,.T.);
#3180=ORIENTED_EDGE('',*,*,#2218,.F.);
#3181=ORIENTED_EDGE('',*,*,#2219,.T.);
#3182=ORIENTED_EDGE('',*,*,#2220,.T.);
#3183=ORIENTED_EDGE('',*,*,#2221,.F.);
#3184=ORIENTED_EDGE('',*,*,#2222,.T.);
#3185=ORIENTED_EDGE('',*,*,#2223,.F.);
#3186=ORIENTED_EDGE('',*,*,#2220,.F.);
#3187=ORIENTED_EDGE('',*,*,#2224,.T.);
#3188=ORIENTED_EDGE('',*,*,#2224,.F.);
#3189=ORIENTED_EDGE('',*,*,#2225,.F.);
#3190=ORIENTED_EDGE('',*,*,#2226,.F.);
#3191=ORIENTED_EDGE('',*,*,#2227,.T.);
#3192=ORIENTED_EDGE('',*,*,#2219,.F.);
#3193=ORIENTED_EDGE('',*,*,#1809,.F.);
#3194=ORIENTED_EDGE('',*,*,#2228,.F.);
#3195=ORIENTED_EDGE('',*,*,#2225,.T.);
#3196=ORIENTED_EDGE('',*,*,#2229,.T.);
#3197=ORIENTED_EDGE('',*,*,#2226,.T.);
#3198=ORIENTED_EDGE('',*,*,#2230,.T.);
#3199=ORIENTED_EDGE('',*,*,#2231,.F.);
#3200=ORIENTED_EDGE('',*,*,#2232,.F.);
#3201=ORIENTED_EDGE('',*,*,#2233,.F.);
#3202=ORIENTED_EDGE('',*,*,#2230,.F.);
#3203=ORIENTED_EDGE('',*,*,#2228,.T.);
#3204=ORIENTED_EDGE('',*,*,#2218,.T.);
#3205=ORIENTED_EDGE('',*,*,#2234,.T.);
#3206=ORIENTED_EDGE('',*,*,#1810,.F.);
#3207=ORIENTED_EDGE('',*,*,#2232,.T.);
#3208=ORIENTED_EDGE('',*,*,#1808,.F.);
#3209=ORIENTED_EDGE('',*,*,#2235,.T.);
#3210=ORIENTED_EDGE('',*,*,#2217,.F.);
#3211=ORIENTED_EDGE('',*,*,#2236,.T.);
#3212=ORIENTED_EDGE('',*,*,#2237,.T.);
#3213=ORIENTED_EDGE('',*,*,#2216,.T.);
#3214=ORIENTED_EDGE('',*,*,#2238,.T.);
#3215=ORIENTED_EDGE('',*,*,#2214,.T.);
#3216=ORIENTED_EDGE('',*,*,#2237,.F.);
#3217=ORIENTED_EDGE('',*,*,#2239,.T.);
#3218=ORIENTED_EDGE('',*,*,#2239,.F.);
#3219=ORIENTED_EDGE('',*,*,#2240,.F.);
#3220=ORIENTED_EDGE('',*,*,#2241,.F.);
#3221=ORIENTED_EDGE('',*,*,#2242,.T.);
#3222=ORIENTED_EDGE('',*,*,#2236,.F.);
#3223=ORIENTED_EDGE('',*,*,#1811,.F.);
#3224=ORIENTED_EDGE('',*,*,#2243,.F.);
#3225=ORIENTED_EDGE('',*,*,#2240,.T.);
#3226=ORIENTED_EDGE('',*,*,#2244,.T.);
#3227=ORIENTED_EDGE('',*,*,#2241,.T.);
#3228=ORIENTED_EDGE('',*,*,#2245,.T.);
#3229=ORIENTED_EDGE('',*,*,#2223,.T.);
#3230=ORIENTED_EDGE('',*,*,#2234,.F.);
#3231=ORIENTED_EDGE('',*,*,#2221,.T.);
#3232=ORIENTED_EDGE('',*,*,#2245,.F.);
#3233=ORIENTED_EDGE('',*,*,#2243,.T.);
#3234=ORIENTED_EDGE('',*,*,#2235,.F.);
#3235=ORIENTED_EDGE('',*,*,#2246,.T.);
#3236=ORIENTED_EDGE('',*,*,#2247,.T.);
#3237=ORIENTED_EDGE('',*,*,#2233,.T.);
#3238=ORIENTED_EDGE('',*,*,#2248,.T.);
#3239=ORIENTED_EDGE('',*,*,#2231,.T.);
#3240=ORIENTED_EDGE('',*,*,#2247,.F.);
#3241=ORIENTED_EDGE('',*,*,#2249,.T.);
#3242=ORIENTED_EDGE('',*,*,#2249,.F.);
#3243=ORIENTED_EDGE('',*,*,#2250,.F.);
#3244=ORIENTED_EDGE('',*,*,#2251,.F.);
#3245=ORIENTED_EDGE('',*,*,#2252,.T.);
#3246=ORIENTED_EDGE('',*,*,#2246,.F.);
#3247=ORIENTED_EDGE('',*,*,#1807,.F.);
#3248=ORIENTED_EDGE('',*,*,#2253,.F.);
#3249=ORIENTED_EDGE('',*,*,#2250,.T.);
#3250=ORIENTED_EDGE('',*,*,#2254,.T.);
#3251=ORIENTED_EDGE('',*,*,#2251,.T.);
#3252=ORIENTED_EDGE('',*,*,#2255,.T.);
#3253=ORIENTED_EDGE('',*,*,#2196,.T.);
#3254=ORIENTED_EDGE('',*,*,#2204,.F.);
#3255=ORIENTED_EDGE('',*,*,#2194,.T.);
#3256=ORIENTED_EDGE('',*,*,#2255,.F.);
#3257=ORIENTED_EDGE('',*,*,#2253,.T.);
#3258=ORIENTED_EDGE('',*,*,#2256,.T.);
#3259=ORIENTED_EDGE('',*,*,#2189,.T.);
#3260=ORIENTED_EDGE('',*,*,#1842,.F.);
#3261=ORIENTED_EDGE('',*,*,#2257,.T.);
#3262=ORIENTED_EDGE('',*,*,#1756,.T.);
#3263=ORIENTED_EDGE('',*,*,#2258,.F.);
#3264=ORIENTED_EDGE('',*,*,#2259,.T.);
#3265=ORIENTED_EDGE('',*,*,#2257,.F.);
#3266=ORIENTED_EDGE('',*,*,#1844,.F.);
#3267=ORIENTED_EDGE('',*,*,#1752,.T.);
#3268=ORIENTED_EDGE('',*,*,#1838,.T.);
#3269=ORIENTED_EDGE('',*,*,#2260,.T.);
#3270=ORIENTED_EDGE('',*,*,#2258,.T.);
#3271=ORIENTED_EDGE('',*,*,#1755,.T.);
#3272=ORIENTED_EDGE('',*,*,#2060,.F.);
#3273=ORIENTED_EDGE('',*,*,#2261,.T.);
#3274=ORIENTED_EDGE('',*,*,#2262,.T.);
#3275=ORIENTED_EDGE('',*,*,#2058,.T.);
#3276=ORIENTED_EDGE('',*,*,#2263,.T.);
#3277=ORIENTED_EDGE('',*,*,#2056,.T.);
#3278=ORIENTED_EDGE('',*,*,#2262,.F.);
#3279=ORIENTED_EDGE('',*,*,#2264,.T.);
#3280=ORIENTED_EDGE('',*,*,#2264,.F.);
#3281=ORIENTED_EDGE('',*,*,#2265,.F.);
#3282=ORIENTED_EDGE('',*,*,#2266,.F.);
#3283=ORIENTED_EDGE('',*,*,#2267,.T.);
#3284=ORIENTED_EDGE('',*,*,#2261,.F.);
#3285=ORIENTED_EDGE('',*,*,#1827,.F.);
#3286=ORIENTED_EDGE('',*,*,#2268,.F.);
#3287=ORIENTED_EDGE('',*,*,#2265,.T.);
#3288=ORIENTED_EDGE('',*,*,#2269,.T.);
#3289=ORIENTED_EDGE('',*,*,#2266,.T.);
#3290=ORIENTED_EDGE('',*,*,#2270,.T.);
#3291=ORIENTED_EDGE('',*,*,#2035,.T.);
#3292=ORIENTED_EDGE('',*,*,#2042,.F.);
#3293=ORIENTED_EDGE('',*,*,#2033,.T.);
#3294=ORIENTED_EDGE('',*,*,#2270,.F.);
#3295=ORIENTED_EDGE('',*,*,#2268,.T.);
#3296=ORIENTED_EDGE('',*,*,#2028,.T.);
#3297=ORIENTED_EDGE('',*,*,#1820,.F.);
#3298=ORIENTED_EDGE('',*,*,#2271,.T.);
#3299=ORIENTED_EDGE('',*,*,#2271,.F.);
#3300=ORIENTED_EDGE('',*,*,#2272,.T.);
#3301=ORIENTED_EDGE('',*,*,#1997,.T.);
#3302=ORIENTED_EDGE('',*,*,#2029,.T.);
#3303=ORIENTED_EDGE('',*,*,#2272,.F.);
#3304=ORIENTED_EDGE('',*,*,#1819,.F.);
#3305=ORIENTED_EDGE('',*,*,#2273,.F.);
#3306=ORIENTED_EDGE('',*,*,#1990,.T.);
#3307=ORIENTED_EDGE('',*,*,#2175,.F.);
#3308=ORIENTED_EDGE('',*,*,#2170,.T.);
#3309=ORIENTED_EDGE('',*,*,#1987,.F.);
#3310=ORIENTED_EDGE('',*,*,#2273,.T.);
#3311=ORIENTED_EDGE('',*,*,#2274,.T.);
#3312=ORIENTED_EDGE('',*,*,#2275,.T.);
#3313=ORIENTED_EDGE('',*,*,#2276,.T.);
#3314=ORIENTED_EDGE('',*,*,#2277,.T.);
#3315=ORIENTED_EDGE('',*,*,#1852,.F.);
#3316=ORIENTED_EDGE('',*,*,#2278,.T.);
#3317=ORIENTED_EDGE('',*,*,#2279,.F.);
#3318=ORIENTED_EDGE('',*,*,#2280,.F.);
#3319=ORIENTED_EDGE('',*,*,#2277,.F.);
#3320=ORIENTED_EDGE('',*,*,#2281,.T.);
#3321=ORIENTED_EDGE('',*,*,#2282,.F.);
#3322=ORIENTED_EDGE('',*,*,#2283,.F.);
#3323=ORIENTED_EDGE('',*,*,#1979,.F.);
#3324=ORIENTED_EDGE('',*,*,#1974,.F.);
#3325=ORIENTED_EDGE('',*,*,#1971,.F.);
#3326=ORIENTED_EDGE('',*,*,#1967,.F.);
#3327=ORIENTED_EDGE('',*,*,#1963,.F.);
#3328=ORIENTED_EDGE('',*,*,#1959,.F.);
#3329=ORIENTED_EDGE('',*,*,#1955,.F.);
#3330=ORIENTED_EDGE('',*,*,#1949,.F.);
#3331=ORIENTED_EDGE('',*,*,#2212,.F.);
#3332=ORIENTED_EDGE('',*,*,#2238,.F.);
#3333=ORIENTED_EDGE('',*,*,#2242,.F.);
#3334=ORIENTED_EDGE('',*,*,#2244,.F.);
#3335=ORIENTED_EDGE('',*,*,#2222,.F.);
#3336=ORIENTED_EDGE('',*,*,#2227,.F.);
#3337=ORIENTED_EDGE('',*,*,#2229,.F.);
#3338=ORIENTED_EDGE('',*,*,#2248,.F.);
#3339=ORIENTED_EDGE('',*,*,#2252,.F.);
#3340=ORIENTED_EDGE('',*,*,#2254,.F.);
#3341=ORIENTED_EDGE('',*,*,#2195,.F.);
#3342=ORIENTED_EDGE('',*,*,#2200,.F.);
#3343=ORIENTED_EDGE('',*,*,#2202,.F.);
#3344=ORIENTED_EDGE('',*,*,#2180,.F.);
#3345=ORIENTED_EDGE('',*,*,#2185,.F.);
#3346=ORIENTED_EDGE('',*,*,#2187,.F.);
#3347=ORIENTED_EDGE('',*,*,#2256,.F.);
#3348=ORIENTED_EDGE('',*,*,#2259,.F.);
#3349=ORIENTED_EDGE('',*,*,#2260,.F.);
#3350=ORIENTED_EDGE('',*,*,#1837,.F.);
#3351=ORIENTED_EDGE('',*,*,#2085,.F.);
#3352=ORIENTED_EDGE('',*,*,#2087,.F.);
#3353=ORIENTED_EDGE('',*,*,#2160,.F.);
#3354=ORIENTED_EDGE('',*,*,#2164,.F.);
#3355=ORIENTED_EDGE('',*,*,#2166,.F.);
#3356=ORIENTED_EDGE('',*,*,#2097,.F.);
#3357=ORIENTED_EDGE('',*,*,#2102,.F.);
#3358=ORIENTED_EDGE('',*,*,#2104,.F.);
#3359=ORIENTED_EDGE('',*,*,#2113,.F.);
#3360=ORIENTED_EDGE('',*,*,#2117,.F.);
#3361=ORIENTED_EDGE('',*,*,#2119,.F.);
#3362=ORIENTED_EDGE('',*,*,#2140,.F.);
#3363=ORIENTED_EDGE('',*,*,#2143,.F.);
#3364=ORIENTED_EDGE('',*,*,#2146,.F.);
#3365=ORIENTED_EDGE('',*,*,#2076,.F.);
#3366=ORIENTED_EDGE('',*,*,#1770,.F.);
#3367=ORIENTED_EDGE('',*,*,#2078,.F.);
#3368=ORIENTED_EDGE('',*,*,#2127,.F.);
#3369=ORIENTED_EDGE('',*,*,#2131,.F.);
#3370=ORIENTED_EDGE('',*,*,#2133,.F.);
#3371=ORIENTED_EDGE('',*,*,#2150,.F.);
#3372=ORIENTED_EDGE('',*,*,#2154,.F.);
#3373=ORIENTED_EDGE('',*,*,#2156,.F.);
#3374=ORIENTED_EDGE('',*,*,#2065,.F.);
#3375=ORIENTED_EDGE('',*,*,#2070,.F.);
#3376=ORIENTED_EDGE('',*,*,#2072,.F.);
#3377=ORIENTED_EDGE('',*,*,#2047,.F.);
#3378=ORIENTED_EDGE('',*,*,#2052,.F.);
#3379=ORIENTED_EDGE('',*,*,#2054,.F.);
#3380=ORIENTED_EDGE('',*,*,#2263,.F.);
#3381=ORIENTED_EDGE('',*,*,#2267,.F.);
#3382=ORIENTED_EDGE('',*,*,#2269,.F.);
#3383=ORIENTED_EDGE('',*,*,#2034,.F.);
#3384=ORIENTED_EDGE('',*,*,#2038,.F.);
#3385=ORIENTED_EDGE('',*,*,#2041,.F.);
#3386=ORIENTED_EDGE('',*,*,#2013,.F.);
#3387=ORIENTED_EDGE('',*,*,#2016,.F.);
#3388=ORIENTED_EDGE('',*,*,#2019,.F.);
#3389=ORIENTED_EDGE('',*,*,#2026,.F.);
#3390=ORIENTED_EDGE('',*,*,#2004,.F.);
#3391=ORIENTED_EDGE('',*,*,#1999,.F.);
#3392=ORIENTED_EDGE('',*,*,#1994,.F.);
#3393=ORIENTED_EDGE('',*,*,#1991,.F.);
#3394=ORIENTED_EDGE('',*,*,#1984,.F.);
#3395=ORIENTED_EDGE('',*,*,#1847,.T.);
#3396=ORIENTED_EDGE('',*,*,#2282,.T.);
#3397=ORIENTED_EDGE('',*,*,#2284,.T.);
#3398=ORIENTED_EDGE('',*,*,#2279,.T.);
#3399=ORIENTED_EDGE('',*,*,#2285,.T.);
#3400=ORIENTED_EDGE('',*,*,#1932,.F.);
#3401=ORIENTED_EDGE('',*,*,#2286,.F.);
#3402=ORIENTED_EDGE('',*,*,#1935,.F.);
#3403=ORIENTED_EDGE('',*,*,#2287,.F.);
#3404=ORIENTED_EDGE('',*,*,#2288,.F.);
#3405=ORIENTED_EDGE('',*,*,#2289,.F.);
#3406=ORIENTED_EDGE('',*,*,#2290,.F.);
#3407=ORIENTED_EDGE('',*,*,#2291,.F.);
#3408=ORIENTED_EDGE('',*,*,#2292,.F.);
#3409=ORIENTED_EDGE('',*,*,#2293,.F.);
#3410=ORIENTED_EDGE('',*,*,#2294,.F.);
#3411=ORIENTED_EDGE('',*,*,#2295,.F.);
#3412=ORIENTED_EDGE('',*,*,#2296,.F.);
#3413=ORIENTED_EDGE('',*,*,#1936,.F.);
#3414=ORIENTED_EDGE('',*,*,#2297,.F.);
#3415=ORIENTED_EDGE('',*,*,#2298,.F.);
#3416=ORIENTED_EDGE('',*,*,#2287,.T.);
#3417=ORIENTED_EDGE('',*,*,#1934,.T.);
#3418=ORIENTED_EDGE('',*,*,#1856,.F.);
#3419=ORIENTED_EDGE('',*,*,#2299,.F.);
#3420=ORIENTED_EDGE('',*,*,#2288,.T.);
#3421=ORIENTED_EDGE('',*,*,#2299,.T.);
#3422=ORIENTED_EDGE('',*,*,#1855,.F.);
#3423=ORIENTED_EDGE('',*,*,#2300,.F.);
#3424=ORIENTED_EDGE('',*,*,#2289,.T.);
#3425=ORIENTED_EDGE('',*,*,#2300,.T.);
#3426=ORIENTED_EDGE('',*,*,#1854,.F.);
#3427=ORIENTED_EDGE('',*,*,#2301,.F.);
#3428=ORIENTED_EDGE('',*,*,#2290,.T.);
#3429=ORIENTED_EDGE('',*,*,#2301,.T.);
#3430=ORIENTED_EDGE('',*,*,#1853,.F.);
#3431=ORIENTED_EDGE('',*,*,#2302,.F.);
#3432=ORIENTED_EDGE('',*,*,#2291,.T.);
#3433=ORIENTED_EDGE('',*,*,#2302,.T.);
#3434=ORIENTED_EDGE('',*,*,#2280,.T.);
#3435=ORIENTED_EDGE('',*,*,#2284,.F.);
#3436=ORIENTED_EDGE('',*,*,#2281,.F.);
#3437=ORIENTED_EDGE('',*,*,#2276,.F.);
#3438=ORIENTED_EDGE('',*,*,#2303,.F.);
#3439=ORIENTED_EDGE('',*,*,#2292,.T.);
#3440=ORIENTED_EDGE('',*,*,#2303,.T.);
#3441=ORIENTED_EDGE('',*,*,#2275,.F.);
#3442=ORIENTED_EDGE('',*,*,#2304,.F.);
#3443=ORIENTED_EDGE('',*,*,#2286,.T.);
#3444=ORIENTED_EDGE('',*,*,#2304,.T.);
#3445=ORIENTED_EDGE('',*,*,#2274,.F.);
#3446=ORIENTED_EDGE('',*,*,#2283,.T.);
#3447=ORIENTED_EDGE('',*,*,#2285,.F.);
#3448=ORIENTED_EDGE('',*,*,#2278,.F.);
#3449=ORIENTED_EDGE('',*,*,#1851,.F.);
#3450=ORIENTED_EDGE('',*,*,#2305,.F.);
#3451=ORIENTED_EDGE('',*,*,#1886,.T.);
#3452=ORIENTED_EDGE('',*,*,#1927,.T.);
#3453=ORIENTED_EDGE('',*,*,#1931,.T.);
#3454=ORIENTED_EDGE('',*,*,#1896,.T.);
#3455=ORIENTED_EDGE('',*,*,#2297,.T.);
#3456=ORIENTED_EDGE('',*,*,#2305,.T.);
#3457=ORIENTED_EDGE('',*,*,#1861,.F.);
#3458=ORIENTED_EDGE('',*,*,#2306,.F.);
#3459=ORIENTED_EDGE('',*,*,#2298,.T.);
#3460=ORIENTED_EDGE('',*,*,#2306,.T.);
#3461=ORIENTED_EDGE('',*,*,#1860,.F.);
#3462=ORIENTED_EDGE('',*,*,#1937,.F.);
#3463=ORIENTED_EDGE('',*,*,#2295,.T.);
#3464=ORIENTED_EDGE('',*,*,#2307,.F.);
#3465=ORIENTED_EDGE('',*,*,#1799,.F.);
#3466=ORIENTED_EDGE('',*,*,#2308,.T.);
#3467=ORIENTED_EDGE('',*,*,#2309,.F.);
#3468=ORIENTED_EDGE('',*,*,#1796,.F.);
#3469=ORIENTED_EDGE('',*,*,#1761,.T.);
#3470=ORIENTED_EDGE('',*,*,#1938,.T.);
#3471=ORIENTED_EDGE('',*,*,#1858,.F.);
#3472=ORIENTED_EDGE('',*,*,#1933,.F.);
#3473=ORIENTED_EDGE('',*,*,#1742,.F.);
#3474=ORIENTED_EDGE('',*,*,#1800,.F.);
#3475=ORIENTED_EDGE('',*,*,#2307,.T.);
#3476=ORIENTED_EDGE('',*,*,#2294,.T.);
#3477=ORIENTED_EDGE('',*,*,#2293,.T.);
#3478=ORIENTED_EDGE('',*,*,#2310,.F.);
#3479=ORIENTED_EDGE('',*,*,#1797,.F.);
#3480=ORIENTED_EDGE('',*,*,#2309,.T.);
#3481=ORIENTED_EDGE('',*,*,#2296,.T.);
#3482=ORIENTED_EDGE('',*,*,#2308,.F.);
#3483=ORIENTED_EDGE('',*,*,#1798,.F.);
#3484=ORIENTED_EDGE('',*,*,#2310,.T.);
#3485=ORIENTED_EDGE('',*,*,#1746,.T.);
#3486=ORIENTED_EDGE('',*,*,#1747,.T.);
#3487=PLANE('',#3767);
#3488=PLANE('',#3770);
#3489=PLANE('',#3774);
#3490=PLANE('',#3776);
#3491=PLANE('',#3794);
#3492=PLANE('',#3805);
#3493=PLANE('',#3854);
#3494=PLANE('',#3855);
#3495=PLANE('',#3864);
#3496=PLANE('',#3866);
#3497=PLANE('',#4192);
#3498=PLANE('',#4193);
#3499=PLANE('',#4194);
#3500=PLANE('',#4195);
#3501=PLANE('',#4196);
#3502=PLANE('',#4197);
#3503=PLANE('',#4198);
#3504=PLANE('',#4200);
#3505=PLANE('',#4201);
#3506=PLANE('',#4202);
#3507=PLANE('',#4203);
#3508=PLANE('',#4204);
#3509=PLANE('',#4205);
#3510=PLANE('',#4206);
#3511=PLANE('',#4207);
#3512=PLANE('',#4208);
#3513=PLANE('',#4209);
#3514=PLANE('',#4210);
#3515=PLANE('',#4211);
#3516=PLANE('',#4212);
#3517=ADVANCED_FACE('',(#236),#3487,.F.);
#3518=ADVANCED_FACE('',(#237),#204,.F.);
#3519=ADVANCED_FACE('',(#238),#3488,.F.);
#3520=ADVANCED_FACE('',(#239),#205,.F.);
#3521=ADVANCED_FACE('',(#240),#206,.F.);
#3522=ADVANCED_FACE('',(#241),#3489,.F.);
#3523=ADVANCED_FACE('',(#242),#3490,.F.);
#3524=ADVANCED_FACE('',(#243),#173,.T.);
#3525=ADVANCED_FACE('',(#244),#83,.T.);
#3526=ADVANCED_FACE('',(#245),#35,.F.);
#3527=ADVANCED_FACE('',(#246),#207,.T.);
#3528=ADVANCED_FACE('',(#247),#84,.T.);
#3529=ADVANCED_FACE('',(#248),#208,.T.);
#3530=ADVANCED_FACE('',(#249),#36,.F.);
#3531=ADVANCED_FACE('',(#250),#209,.T.);
#3532=ADVANCED_FACE('',(#251),#3491,.T.);
#3533=ADVANCED_FACE('',(#252),#3492,.T.);
#3534=ADVANCED_FACE('',(#253),#85,.T.);
#3535=ADVANCED_FACE('',(#254),#210,.T.);
#3536=ADVANCED_FACE('',(#255),#37,.F.);
#3537=ADVANCED_FACE('',(#256),#86,.T.);
#3538=ADVANCED_FACE('',(#257),#211,.F.);
#3539=ADVANCED_FACE('',(#258),#212,.T.);
#3540=ADVANCED_FACE('',(#259,#27),#3493,.F.);
#3541=ADVANCED_FACE('',(#260,#28),#3494,.F.);
#3542=ADVANCED_FACE('',(#261),#23,.F.);
#3543=ADVANCED_FACE('',(#262),#24,.F.);
#3544=ADVANCED_FACE('',(#263),#25,.F.);
#3545=ADVANCED_FACE('',(#264),#26,.T.);
#3546=ADVANCED_FACE('',(#265),#3495,.F.);
#3547=ADVANCED_FACE('',(#266),#3496,.F.);
#3548=ADVANCED_FACE('',(#267),#213,.F.);
#3549=ADVANCED_FACE('',(#268),#214,.F.);
#3550=ADVANCED_FACE('',(#269),#87,.T.);
#3551=ADVANCED_FACE('',(#270),#88,.T.);
#3552=ADVANCED_FACE('',(#271),#174,.T.);
#3553=ADVANCED_FACE('',(#272),#175,.T.);
#3554=ADVANCED_FACE('',(#273),#89,.T.);
#3555=ADVANCED_FACE('',(#274),#90,.T.);
#3556=ADVANCED_FACE('',(#275),#91,.T.);
#3557=ADVANCED_FACE('',(#276),#92,.T.);
#3558=ADVANCED_FACE('',(#277),#93,.T.);
#3559=ADVANCED_FACE('',(#278),#176,.T.);
#3560=ADVANCED_FACE('',(#279),#177,.T.);
#3561=ADVANCED_FACE('',(#280),#94,.T.);
#3562=ADVANCED_FACE('',(#281),#95,.T.);
#3563=ADVANCED_FACE('',(#282),#96,.T.);
#3564=ADVANCED_FACE('',(#283),#97,.T.);
#3565=ADVANCED_FACE('',(#284),#178,.T.);
#3566=ADVANCED_FACE('',(#285),#179,.T.);
#3567=ADVANCED_FACE('',(#286),#180,.T.);
#3568=ADVANCED_FACE('',(#287),#98,.T.);
#3569=ADVANCED_FACE('',(#288),#99,.T.);
#3570=ADVANCED_FACE('',(#289),#100,.T.);
#3571=ADVANCED_FACE('',(#290),#101,.T.);
#3572=ADVANCED_FACE('',(#291),#102,.T.);
#3573=ADVANCED_FACE('',(#292),#103,.T.);
#3574=ADVANCED_FACE('',(#293),#181,.T.);
#3575=ADVANCED_FACE('',(#294),#182,.T.);
#3576=ADVANCED_FACE('',(#295),#104,.T.);
#3577=ADVANCED_FACE('',(#296),#105,.T.);
#3578=ADVANCED_FACE('',(#297),#106,.T.);
#3579=ADVANCED_FACE('',(#298),#107,.T.);
#3580=ADVANCED_FACE('',(#299),#108,.T.);
#3581=ADVANCED_FACE('',(#300),#109,.T.);
#3582=ADVANCED_FACE('',(#301),#183,.T.);
#3583=ADVANCED_FACE('',(#302),#184,.T.);
#3584=ADVANCED_FACE('',(#303),#110,.T.);
#3585=ADVANCED_FACE('',(#304),#38,.F.);
#3586=ADVANCED_FACE('',(#305),#111,.T.);
#3587=ADVANCED_FACE('',(#306),#185,.T.);
#3588=ADVANCED_FACE('',(#307),#112,.T.);
#3589=ADVANCED_FACE('',(#308),#113,.T.);
#3590=ADVANCED_FACE('',(#309),#39,.F.);
#3591=ADVANCED_FACE('',(#310),#215,.T.);
#3592=ADVANCED_FACE('',(#311),#216,.T.);
#3593=ADVANCED_FACE('',(#312),#40,.F.);
#3594=ADVANCED_FACE('',(#313),#114,.T.);
#3595=ADVANCED_FACE('',(#314),#186,.T.);
#3596=ADVANCED_FACE('',(#315),#115,.T.);
#3597=ADVANCED_FACE('',(#316),#41,.F.);
#3598=ADVANCED_FACE('',(#317),#42,.F.);
#3599=ADVANCED_FACE('',(#318),#116,.T.);
#3600=ADVANCED_FACE('',(#319),#187,.T.);
#3601=ADVANCED_FACE('',(#320),#117,.T.);
#3602=ADVANCED_FACE('',(#321),#118,.T.);
#3603=ADVANCED_FACE('',(#322),#43,.F.);
#3604=ADVANCED_FACE('',(#323),#217,.T.);
#3605=ADVANCED_FACE('',(#324),#44,.F.);
#3606=ADVANCED_FACE('',(#325),#119,.T.);
#3607=ADVANCED_FACE('',(#326),#188,.T.);
#3608=ADVANCED_FACE('',(#327),#120,.T.);
#3609=ADVANCED_FACE('',(#328),#121,.T.);
#3610=ADVANCED_FACE('',(#329),#45,.F.);
#3611=ADVANCED_FACE('',(#330),#218,.T.);
#3612=ADVANCED_FACE('',(#331),#219,.T.);
#3613=ADVANCED_FACE('',(#332),#46,.F.);
#3614=ADVANCED_FACE('',(#333),#122,.T.);
#3615=ADVANCED_FACE('',(#334),#189,.T.);
#3616=ADVANCED_FACE('',(#335),#123,.T.);
#3617=ADVANCED_FACE('',(#336),#124,.T.);
#3618=ADVANCED_FACE('',(#337),#47,.F.);
#3619=ADVANCED_FACE('',(#338),#220,.T.);
#3620=ADVANCED_FACE('',(#339),#48,.F.);
#3621=ADVANCED_FACE('',(#340),#125,.T.);
#3622=ADVANCED_FACE('',(#341),#126,.T.);
#3623=ADVANCED_FACE('',(#342),#49,.F.);
#3624=ADVANCED_FACE('',(#343),#127,.T.);
#3625=ADVANCED_FACE('',(#344),#190,.T.);
#3626=ADVANCED_FACE('',(#345),#128,.T.);
#3627=ADVANCED_FACE('',(#346),#129,.T.);
#3628=ADVANCED_FACE('',(#347),#50,.F.);
#3629=ADVANCED_FACE('',(#348),#221,.T.);
#3630=ADVANCED_FACE('',(#349),#51,.F.);
#3631=ADVANCED_FACE('',(#350),#130,.T.);
#3632=ADVANCED_FACE('',(#351,#29),#191,.T.);
#3633=ADVANCED_FACE('',(#352),#131,.T.);
#3634=ADVANCED_FACE('',(#353),#132,.T.);
#3635=ADVANCED_FACE('',(#354),#52,.F.);
#3636=ADVANCED_FACE('',(#355),#222,.T.);
#3637=ADVANCED_FACE('',(#356),#223,.T.);
#3638=ADVANCED_FACE('',(#357),#53,.F.);
#3639=ADVANCED_FACE('',(#358),#133,.T.);
#3640=ADVANCED_FACE('',(#359),#192,.T.);
#3641=ADVANCED_FACE('',(#360),#134,.T.);
#3642=ADVANCED_FACE('',(#361),#135,.T.);
#3643=ADVANCED_FACE('',(#362),#54,.F.);
#3644=ADVANCED_FACE('',(#363),#224,.T.);
#3645=ADVANCED_FACE('',(#364),#55,.F.);
#3646=ADVANCED_FACE('',(#365),#136,.T.);
#3647=ADVANCED_FACE('',(#366),#193,.T.);
#3648=ADVANCED_FACE('',(#367),#137,.T.);
#3649=ADVANCED_FACE('',(#368),#138,.T.);
#3650=ADVANCED_FACE('',(#369),#56,.F.);
#3651=ADVANCED_FACE('',(#370),#57,.F.);
#3652=ADVANCED_FACE('',(#371),#139,.T.);
#3653=ADVANCED_FACE('',(#372),#194,.T.);
#3654=ADVANCED_FACE('',(#373),#140,.T.);
#3655=ADVANCED_FACE('',(#374),#141,.T.);
#3656=ADVANCED_FACE('',(#375),#58,.F.);
#3657=ADVANCED_FACE('',(#376),#225,.T.);
#3658=ADVANCED_FACE('',(#377),#59,.F.);
#3659=ADVANCED_FACE('',(#378),#142,.T.);
#3660=ADVANCED_FACE('',(#379),#195,.T.);
#3661=ADVANCED_FACE('',(#380),#143,.T.);
#3662=ADVANCED_FACE('',(#381),#144,.T.);
#3663=ADVANCED_FACE('',(#382),#60,.F.);
#3664=ADVANCED_FACE('',(#383),#61,.F.);
#3665=ADVANCED_FACE('',(#384),#145,.T.);
#3666=ADVANCED_FACE('',(#385),#196,.T.);
#3667=ADVANCED_FACE('',(#386),#146,.T.);
#3668=ADVANCED_FACE('',(#387),#147,.T.);
#3669=ADVANCED_FACE('',(#388),#62,.F.);
#3670=ADVANCED_FACE('',(#389),#63,.F.);
#3671=ADVANCED_FACE('',(#390),#148,.T.);
#3672=ADVANCED_FACE('',(#391),#64,.F.);
#3673=ADVANCED_FACE('',(#392),#226,.T.);
#3674=ADVANCED_FACE('',(#393),#227,.T.);
#3675=ADVANCED_FACE('',(#394),#65,.F.);
#3676=ADVANCED_FACE('',(#395),#149,.T.);
#3677=ADVANCED_FACE('',(#396),#197,.T.);
#3678=ADVANCED_FACE('',(#397),#150,.T.);
#3679=ADVANCED_FACE('',(#398),#151,.T.);
#3680=ADVANCED_FACE('',(#399),#66,.F.);
#3681=ADVANCED_FACE('',(#400),#228,.T.);
#3682=ADVANCED_FACE('',(#401),#67,.F.);
#3683=ADVANCED_FACE('',(#402),#152,.T.);
#3684=ADVANCED_FACE('',(#403),#198,.T.);
#3685=ADVANCED_FACE('',(#404),#153,.T.);
#3686=ADVANCED_FACE('',(#405),#154,.T.);
#3687=ADVANCED_FACE('',(#406),#68,.F.);
#3688=ADVANCED_FACE('',(#407),#229,.T.);
#3689=ADVANCED_FACE('',(#408),#69,.F.);
#3690=ADVANCED_FACE('',(#409),#155,.T.);
#3691=ADVANCED_FACE('',(#410),#70,.F.);
#3692=ADVANCED_FACE('',(#411),#230,.T.);
#3693=ADVANCED_FACE('',(#412),#71,.F.);
#3694=ADVANCED_FACE('',(#413),#156,.T.);
#3695=ADVANCED_FACE('',(#414),#157,.T.);
#3696=ADVANCED_FACE('',(#415),#72,.F.);
#3697=ADVANCED_FACE('',(#416),#231,.T.);
#3698=ADVANCED_FACE('',(#417),#73,.F.);
#3699=ADVANCED_FACE('',(#418),#158,.T.);
#3700=ADVANCED_FACE('',(#419),#199,.T.);
#3701=ADVANCED_FACE('',(#420),#159,.T.);
#3702=ADVANCED_FACE('',(#421),#160,.T.);
#3703=ADVANCED_FACE('',(#422),#74,.F.);
#3704=ADVANCED_FACE('',(#423),#232,.T.);
#3705=ADVANCED_FACE('',(#424),#233,.T.);
#3706=ADVANCED_FACE('',(#425),#75,.F.);
#3707=ADVANCED_FACE('',(#426),#161,.T.);
#3708=ADVANCED_FACE('',(#427),#200,.T.);
#3709=ADVANCED_FACE('',(#428),#162,.T.);
#3710=ADVANCED_FACE('',(#429),#163,.T.);
#3711=ADVANCED_FACE('',(#430),#76,.F.);
#3712=ADVANCED_FACE('',(#431),#77,.F.);
#3713=ADVANCED_FACE('',(#432),#164,.T.);
#3714=ADVANCED_FACE('',(#433),#201,.T.);
#3715=ADVANCED_FACE('',(#434),#165,.T.);
#3716=ADVANCED_FACE('',(#435),#166,.T.);
#3717=ADVANCED_FACE('',(#436),#78,.F.);
#3718=ADVANCED_FACE('',(#437),#167,.T.);
#3719=ADVANCED_FACE('',(#438),#202,.T.);
#3720=ADVANCED_FACE('',(#439),#168,.T.);
#3721=ADVANCED_FACE('',(#440),#79,.F.);
#3722=ADVANCED_FACE('',(#441),#169,.T.);
#3723=ADVANCED_FACE('',(#442),#203,.T.);
#3724=ADVANCED_FACE('',(#443),#170,.T.);
#3725=ADVANCED_FACE('',(#444),#171,.T.);
#3726=ADVANCED_FACE('',(#445),#80,.F.);
#3727=ADVANCED_FACE('',(#446),#234,.T.);
#3728=ADVANCED_FACE('',(#447),#81,.F.);
#3729=ADVANCED_FACE('',(#448),#172,.T.);
#3730=ADVANCED_FACE('',(#449),#82,.F.);
#3731=ADVANCED_FACE('',(#450),#3497,.F.);
#3732=ADVANCED_FACE('',(#451),#3498,.T.);
#3733=ADVANCED_FACE('',(#452),#3499,.T.);
#3734=ADVANCED_FACE('',(#453,#30,#31),#3500,.T.);
#3735=ADVANCED_FACE('',(#454),#3501,.F.);
#3736=ADVANCED_FACE('',(#455),#3502,.F.);
#3737=ADVANCED_FACE('',(#456),#3503,.F.);
#3738=ADVANCED_FACE('',(#457),#3504,.F.);
#3739=ADVANCED_FACE('',(#458),#3505,.T.);
#3740=ADVANCED_FACE('',(#459),#3506,.T.);
#3741=ADVANCED_FACE('',(#460),#3507,.T.);
#3742=ADVANCED_FACE('',(#461),#3508,.T.);
#3743=ADVANCED_FACE('',(#462),#3509,.T.);
#3744=ADVANCED_FACE('',(#463),#3510,.T.);
#3745=ADVANCED_FACE('',(#464,#32,#33),#3511,.T.);
#3746=ADVANCED_FACE('',(#465),#3512,.T.);
#3747=ADVANCED_FACE('',(#466),#3513,.T.);
#3748=ADVANCED_FACE('',(#467),#3514,.T.);
#3749=ADVANCED_FACE('',(#468),#3515,.T.);
#3750=ADVANCED_FACE('',(#469),#3516,.T.);
#3751=ADVANCED_FACE('',(#470,#34),#235,.F.);
#3752=CLOSED_SHELL('',(#3517,#3518,#3519,#3520,#3521,#3522,#3523,#3524,
#3525,#3526,#3527,#3528,#3529,#3530,#3531,#3532,#3533,#3534,#3535,#3536,
#3537,#3538,#3539,#3540,#3541,#3542,#3543,#3544,#3545,#3546,#3547,#3548,
#3549,#3550,#3551,#3552,#3553,#3554,#3555,#3556,#3557,#3558,#3559,#3560,
#3561,#3562,#3563,#3564,#3565,#3566,#3567,#3568,#3569,#3570,#3571,#3572,
#3573,#3574,#3575,#3576,#3577,#3578,#3579,#3580,#3581,#3582,#3583,#3584,
#3585,#3586,#3587,#3588,#3589,#3590,#3591,#3592,#3593,#3594,#3595,#3596,
#3597,#3598,#3599,#3600,#3601,#3602,#3603,#3604,#3605,#3606,#3607,#3608,
#3609,#3610,#3611,#3612,#3613,#3614,#3615,#3616,#3617,#3618,#3619,#3620,
#3621,#3622,#3623,#3624,#3625,#3626,#3627,#3628,#3629,#3630,#3631,#3632,
#3633,#3634,#3635,#3636,#3637,#3638,#3639,#3640,#3641,#3642,#3643,#3644,
#3645,#3646,#3647,#3648,#3649,#3650,#3651,#3652,#3653,#3654,#3655,#3656,
#3657,#3658,#3659,#3660,#3661,#3662,#3663,#3664,#3665,#3666,#3667,#3668,
#3669,#3670,#3671,#3672,#3673,#3674,#3675,#3676,#3677,#3678,#3679,#3680,
#3681,#3682,#3683,#3684,#3685,#3686,#3687,#3688,#3689,#3690,#3691,#3692,
#3693,#3694,#3695,#3696,#3697,#3698,#3699,#3700,#3701,#3702,#3703,#3704,
#3705,#3706,#3707,#3708,#3709,#3710,#3711,#3712,#3713,#3714,#3715,#3716,
#3717,#3718,#3719,#3720,#3721,#3722,#3723,#3724,#3725,#3726,#3727,#3728,
#3729,#3730,#3731,#3732,#3733,#3734,#3735,#3736,#3737,#3738,#3739,#3740,
#3741,#3742,#3743,#3744,#3745,#3746,#3747,#3748,#3749,#3750,#3751));
#3753=DERIVED_UNIT_ELEMENT(#3755,1.);
#3754=DERIVED_UNIT_ELEMENT(#9837,-3.);
#3755=(
MASS_UNIT()
NAMED_UNIT(*)
SI_UNIT(.KILO.,.GRAM.)
);
#3756=DERIVED_UNIT((#3753,#3754));
#3757=MEASURE_REPRESENTATION_ITEM('density measure',
POSITIVE_RATIO_MEASURE(7850.),#3756);
#3758=PROPERTY_DEFINITION_REPRESENTATION(#3763,#3760);
#3759=PROPERTY_DEFINITION_REPRESENTATION(#3764,#3761);
#3760=REPRESENTATION('material name',(#3762),#9834);
#3761=REPRESENTATION('density',(#3757),#9834);
#3762=DESCRIPTIVE_REPRESENTATION_ITEM('Steel','Steel');
#3763=PROPERTY_DEFINITION('material property','material name',#9849);
#3764=PROPERTY_DEFINITION('material property','density of part',#9849);
#3765=AXIS2_PLACEMENT_3D('',#5189,#4215,#4216);
#3766=AXIS2_PLACEMENT_3D('',#5190,#4217,#4218);
#3767=AXIS2_PLACEMENT_3D('',#5191,#4219,#4220);
#3768=AXIS2_PLACEMENT_3D('',#5226,#4225,#4226);
#3769=AXIS2_PLACEMENT_3D('',#5227,#4227,#4228);
#3770=AXIS2_PLACEMENT_3D('',#5295,#4230,#4231);
#3771=AXIS2_PLACEMENT_3D('',#5297,#4232,#4233);
#3772=AXIS2_PLACEMENT_3D('',#5338,#4237,#4238);
#3773=AXIS2_PLACEMENT_3D('',#5416,#4240,#4241);
#3774=AXIS2_PLACEMENT_3D('',#5485,#4244,#4245);
#3775=AXIS2_PLACEMENT_3D('',#5496,#4247,#4248);
#3776=AXIS2_PLACEMENT_3D('',#5518,#4251,#4252);
#3777=AXIS2_PLACEMENT_3D('',#5560,#4256,#4257);
#3778=AXIS2_PLACEMENT_3D('',#5561,#4258,#4259);
#3779=AXIS2_PLACEMENT_3D('',#5563,#4260,#4261);
#3780=AXIS2_PLACEMENT_3D('',#5565,#4262,#4263);
#3781=AXIS2_PLACEMENT_3D('',#5567,#4264,#4265);
#3782=AXIS2_PLACEMENT_3D('',#5568,#4266,#4267);
#3783=AXIS2_PLACEMENT_3D('',#5569,#4268,#4269);
#3784=AXIS2_PLACEMENT_3D('',#5621,#4270,#4271);
#3785=AXIS2_PLACEMENT_3D('',#5622,#4272,#4273);
#3786=AXIS2_PLACEMENT_3D('',#5624,#4274,#4275);
#3787=AXIS2_PLACEMENT_3D('',#5637,#4276,#4277);
#3788=AXIS2_PLACEMENT_3D('',#5639,#4278,#4279);
#3789=AXIS2_PLACEMENT_3D('',#5640,#4280,#4281);
#3790=AXIS2_PLACEMENT_3D('',#5641,#4282,#4283);
#3791=AXIS2_PLACEMENT_3D('',#5666,#4284,#4285);
#3792=AXIS2_PLACEMENT_3D('',#5706,#4286,#4287);
#3793=AXIS2_PLACEMENT_3D('',#5708,#4288,#4289);
#3794=AXIS2_PLACEMENT_3D('',#5721,#4290,#4291);
#3795=AXIS2_PLACEMENT_3D('',#5723,#4292,#4293);
#3796=AXIS2_PLACEMENT_3D('',#5725,#4294,#4295);
#3797=AXIS2_PLACEMENT_3D('',#5727,#4296,#4297);
#3798=AXIS2_PLACEMENT_3D('',#5729,#4298,#4299);
#3799=AXIS2_PLACEMENT_3D('',#5731,#4300,#4301);
#3800=AXIS2_PLACEMENT_3D('',#5733,#4302,#4303);
#3801=AXIS2_PLACEMENT_3D('',#5735,#4304,#4305);
#3802=AXIS2_PLACEMENT_3D('',#5737,#4306,#4307);
#3803=AXIS2_PLACEMENT_3D('',#5738,#4308,#4309);
#3804=AXIS2_PLACEMENT_3D('',#5744,#4312,#4313);
#3805=AXIS2_PLACEMENT_3D('',#5748,#4316,#4317);
#3806=AXIS2_PLACEMENT_3D('',#5749,#4318,#4319);
#3807=AXIS2_PLACEMENT_3D('',#5751,#4320,#4321);
#3808=AXIS2_PLACEMENT_3D('',#5753,#4322,#4323);
#3809=AXIS2_PLACEMENT_3D('',#5755,#4324,#4325);
#3810=AXIS2_PLACEMENT_3D('',#5757,#4326,#4327);
#3811=AXIS2_PLACEMENT_3D('',#5759,#4328,#4329);
#3812=AXIS2_PLACEMENT_3D('',#5761,#4330,#4331);
#3813=AXIS2_PLACEMENT_3D('',#5763,#4332,#4333);
#3814=AXIS2_PLACEMENT_3D('',#5765,#4334,#4335);
#3815=AXIS2_PLACEMENT_3D('',#5767,#4336,#4337);
#3816=AXIS2_PLACEMENT_3D('',#5769,#4338,#4339);
#3817=AXIS2_PLACEMENT_3D('',#5771,#4340,#4341);
#3818=AXIS2_PLACEMENT_3D('',#5773,#4342,#4343);
#3819=AXIS2_PLACEMENT_3D('',#5775,#4344,#4345);
#3820=AXIS2_PLACEMENT_3D('',#5777,#4346,#4347);
#3821=AXIS2_PLACEMENT_3D('',#5779,#4348,#4349);
#3822=AXIS2_PLACEMENT_3D('',#5781,#4350,#4351);
#3823=AXIS2_PLACEMENT_3D('',#5783,#4352,#4353);
#3824=AXIS2_PLACEMENT_3D('',#5785,#4354,#4355);
#3825=AXIS2_PLACEMENT_3D('',#5787,#4356,#4357);
#3826=AXIS2_PLACEMENT_3D('',#5789,#4358,#4359);
#3827=AXIS2_PLACEMENT_3D('',#5791,#4360,#4361);
#3828=AXIS2_PLACEMENT_3D('',#5793,#4362,#4363);
#3829=AXIS2_PLACEMENT_3D('',#5795,#4364,#4365);
#3830=AXIS2_PLACEMENT_3D('',#5797,#4366,#4367);
#3831=AXIS2_PLACEMENT_3D('',#5799,#4368,#4369);
#3832=AXIS2_PLACEMENT_3D('',#5801,#4370,#4371);
#3833=AXIS2_PLACEMENT_3D('',#5803,#4372,#4373);
#3834=AXIS2_PLACEMENT_3D('',#5805,#4374,#4375);
#3835=AXIS2_PLACEMENT_3D('',#5807,#4376,#4377);
#3836=AXIS2_PLACEMENT_3D('',#5809,#4378,#4379);
#3837=AXIS2_PLACEMENT_3D('',#5811,#4380,#4381);
#3838=AXIS2_PLACEMENT_3D('',#5813,#4382,#4383);
#3839=AXIS2_PLACEMENT_3D('',#5815,#4384,#4385);
#3840=AXIS2_PLACEMENT_3D('',#5816,#4386,#4387);
#3841=AXIS2_PLACEMENT_3D('',#5817,#4388,#4389);
#3842=AXIS2_PLACEMENT_3D('',#5819,#4390,#4391);
#3843=AXIS2_PLACEMENT_3D('',#5834,#4392,#4393);
#3844=AXIS2_PLACEMENT_3D('',#5835,#4394,#4395);
#3845=AXIS2_PLACEMENT_3D('',#5893,#4396,#4397);
#3846=AXIS2_PLACEMENT_3D('',#5899,#4398,#4399);
#3847=AXIS2_PLACEMENT_3D('',#5900,#4400,#4401);
#3848=AXIS2_PLACEMENT_3D('',#5901,#4402,#4403);
#3849=AXIS2_PLACEMENT_3D('',#5903,#4404,#4405);
#3850=AXIS2_PLACEMENT_3D('',#5906,#4407,#4408);
#3851=AXIS2_PLACEMENT_3D('',#5907,#4409,#4410);
#3852=AXIS2_PLACEMENT_3D('',#5909,#4411,#4412);
#3853=AXIS2_PLACEMENT_3D('',#5912,#4414,#4415);
#3854=AXIS2_PLACEMENT_3D('',#5913,#4416,#4417);
#3855=AXIS2_PLACEMENT_3D('',#5914,#4418,#4419);
#3856=AXIS2_PLACEMENT_3D('',#5929,#4426,#4427);
#3857=AXIS2_PLACEMENT_3D('',#5933,#4429,#4430);
#3858=AXIS2_PLACEMENT_3D('',#5937,#4433,#4434);
#3859=AXIS2_PLACEMENT_3D('',#6180,#4435,#4436);
#3860=AXIS2_PLACEMENT_3D('',#6196,#4437,#4438);
#3861=AXIS2_PLACEMENT_3D('',#6275,#4439,#4440);
#3862=AXIS2_PLACEMENT_3D('',#6293,#4441,#4442);
#3863=AXIS2_PLACEMENT_3D('',#6369,#4443,#4444);
#3864=AXIS2_PLACEMENT_3D('',#6594,#4445,#4446);
#3865=AXIS2_PLACEMENT_3D('',#6620,#4447,#4448);
#3866=AXIS2_PLACEMENT_3D('',#6622,#4450,#4451);
#3867=AXIS2_PLACEMENT_3D('',#6624,#4452,#4453);
#3868=AXIS2_PLACEMENT_3D('',#6650,#4455,#4456);
#3869=AXIS2_PLACEMENT_3D('',#6651,#4457,#4458);
#3870=AXIS2_PLACEMENT_3D('',#6652,#4459,#4460);
#3871=AXIS2_PLACEMENT_3D('',#6656,#4463,#4464);
#3872=AXIS2_PLACEMENT_3D('',#6658,#4465,#4466);
#3873=AXIS2_PLACEMENT_3D('',#6661,#4469,#4470);
#3874=AXIS2_PLACEMENT_3D('',#6663,#4471,#4472);
#3875=AXIS2_PLACEMENT_3D('',#6665,#4473,#4474);
#3876=AXIS2_PLACEMENT_3D('',#6666,#4475,#4476);
#3877=AXIS2_PLACEMENT_3D('',#6667,#4477,#4478);
#3878=AXIS2_PLACEMENT_3D('',#6669,#4479,#4480);
#3879=AXIS2_PLACEMENT_3D('',#6670,#4481,#4482);
#3880=AXIS2_PLACEMENT_3D('',#6671,#4483,#4484);
#3881=AXIS2_PLACEMENT_3D('',#6673,#4485,#4486);
#3882=AXIS2_PLACEMENT_3D('',#6674,#4487,#4488);
#3883=AXIS2_PLACEMENT_3D('',#6675,#4489,#4490);
#3884=AXIS2_PLACEMENT_3D('',#6677,#4491,#4492);
#3885=AXIS2_PLACEMENT_3D('',#6679,#4493,#4494);
#3886=AXIS2_PLACEMENT_3D('',#6681,#4495,#4496);
#3887=AXIS2_PLACEMENT_3D('',#6683,#4497,#4498);
#3888=AXIS2_PLACEMENT_3D('',#6684,#4499,#4500);
#3889=AXIS2_PLACEMENT_3D('',#6685,#4501,#4502);
#3890=AXIS2_PLACEMENT_3D('',#6687,#4503,#4504);
#3891=AXIS2_PLACEMENT_3D('',#6688,#4505,#4506);
#3892=AXIS2_PLACEMENT_3D('',#6689,#4507,#4508);
#3893=AXIS2_PLACEMENT_3D('',#6691,#4509,#4510);
#3894=AXIS2_PLACEMENT_3D('',#6692,#4511,#4512);
#3895=AXIS2_PLACEMENT_3D('',#6693,#4513,#4514);
#3896=AXIS2_PLACEMENT_3D('',#6708,#4515,#4516);
#3897=AXIS2_PLACEMENT_3D('',#6709,#4517,#4518);
#3898=AXIS2_PLACEMENT_3D('',#6711,#4519,#4520);
#3899=AXIS2_PLACEMENT_3D('',#6712,#4521,#4522);
#3900=AXIS2_PLACEMENT_3D('',#6713,#4523,#4524);
#3901=AXIS2_PLACEMENT_3D('',#6728,#4525,#4526);
#3902=AXIS2_PLACEMENT_3D('',#6729,#4527,#4528);
#3903=AXIS2_PLACEMENT_3D('',#6731,#4529,#4530);
#3904=AXIS2_PLACEMENT_3D('',#6732,#4531,#4532);
#3905=AXIS2_PLACEMENT_3D('',#6733,#4533,#4534);
#3906=AXIS2_PLACEMENT_3D('',#6735,#4535,#4536);
#3907=AXIS2_PLACEMENT_3D('',#6736,#4537,#4538);
#3908=AXIS2_PLACEMENT_3D('',#6737,#4539,#4540);
#3909=AXIS2_PLACEMENT_3D('',#6739,#4541,#4542);
#3910=AXIS2_PLACEMENT_3D('',#6740,#4543,#4544);
#3911=AXIS2_PLACEMENT_3D('',#6741,#4545,#4546);
#3912=AXIS2_PLACEMENT_3D('',#6756,#4547,#4548);
#3913=AXIS2_PLACEMENT_3D('',#6757,#4549,#4550);
#3914=AXIS2_PLACEMENT_3D('',#6759,#4551,#4552);
#3915=AXIS2_PLACEMENT_3D('',#6760,#4553,#4554);
#3916=AXIS2_PLACEMENT_3D('',#6761,#4555,#4556);
#3917=AXIS2_PLACEMENT_3D('',#6776,#4557,#4558);
#3918=AXIS2_PLACEMENT_3D('',#6777,#4559,#4560);
#3919=AXIS2_PLACEMENT_3D('',#6778,#4561,#4562);
#3920=AXIS2_PLACEMENT_3D('',#6780,#4563,#4564);
#3921=AXIS2_PLACEMENT_3D('',#6781,#4565,#4566);
#3922=AXIS2_PLACEMENT_3D('',#6782,#4567,#4568);
#3923=AXIS2_PLACEMENT_3D('',#6784,#4569,#4570);
#3924=AXIS2_PLACEMENT_3D('',#6785,#4571,#4572);
#3925=AXIS2_PLACEMENT_3D('',#6786,#4573,#4574);
#3926=AXIS2_PLACEMENT_3D('',#6787,#4575,#4576);
#3927=AXIS2_PLACEMENT_3D('',#6788,#4577,#4578);
#3928=AXIS2_PLACEMENT_3D('',#6803,#4579,#4580);
#3929=AXIS2_PLACEMENT_3D('',#6804,#4581,#4582);
#3930=AXIS2_PLACEMENT_3D('',#6806,#4583,#4584);
#3931=AXIS2_PLACEMENT_3D('',#6807,#4585,#4586);
#3932=AXIS2_PLACEMENT_3D('',#6808,#4587,#4588);
#3933=AXIS2_PLACEMENT_3D('',#6809,#4589,#4590);
#3934=AXIS2_PLACEMENT_3D('',#6810,#4591,#4592);
#3935=AXIS2_PLACEMENT_3D('',#6825,#4593,#4594);
#3936=AXIS2_PLACEMENT_3D('',#6826,#4595,#4596);
#3937=AXIS2_PLACEMENT_3D('',#6828,#4597,#4598);
#3938=AXIS2_PLACEMENT_3D('',#6829,#4599,#4600);
#3939=AXIS2_PLACEMENT_3D('',#6830,#4601,#4602);
#3940=AXIS2_PLACEMENT_3D('',#6831,#4603,#4604);
#3941=AXIS2_PLACEMENT_3D('',#6832,#4605,#4606);
#3942=AXIS2_PLACEMENT_3D('',#6834,#4607,#4608);
#3943=AXIS2_PLACEMENT_3D('',#6835,#4609,#4610);
#3944=AXIS2_PLACEMENT_3D('',#6836,#4611,#4612);
#3945=AXIS2_PLACEMENT_3D('',#6838,#4613,#4614);
#3946=AXIS2_PLACEMENT_3D('',#6839,#4615,#4616);
#3947=AXIS2_PLACEMENT_3D('',#6840,#4617,#4618);
#3948=AXIS2_PLACEMENT_3D('',#6841,#4619,#4620);
#3949=AXIS2_PLACEMENT_3D('',#6856,#4621,#4622);
#3950=AXIS2_PLACEMENT_3D('',#6857,#4623,#4624);
#3951=AXIS2_PLACEMENT_3D('',#6859,#4625,#4626);
#3952=AXIS2_PLACEMENT_3D('',#6860,#4627,#4628);
#3953=AXIS2_PLACEMENT_3D('',#6861,#4629,#4630);
#3954=AXIS2_PLACEMENT_3D('',#6862,#4631,#4632);
#3955=AXIS2_PLACEMENT_3D('',#6863,#4633,#4634);
#3956=AXIS2_PLACEMENT_3D('',#6878,#4635,#4636);
#3957=AXIS2_PLACEMENT_3D('',#6879,#4637,#4638);
#3958=AXIS2_PLACEMENT_3D('',#6881,#4639,#4640);
#3959=AXIS2_PLACEMENT_3D('',#6882,#4641,#4642);
#3960=AXIS2_PLACEMENT_3D('',#6883,#4643,#4644);
#3961=AXIS2_PLACEMENT_3D('',#6884,#4645,#4646);
#3962=AXIS2_PLACEMENT_3D('',#6885,#4647,#4648);
#3963=AXIS2_PLACEMENT_3D('',#6887,#4649,#4650);
#3964=AXIS2_PLACEMENT_3D('',#6888,#4651,#4652);
#3965=AXIS2_PLACEMENT_3D('',#6889,#4653,#4654);
#3966=AXIS2_PLACEMENT_3D('',#6891,#4655,#4656);
#3967=AXIS2_PLACEMENT_3D('',#6892,#4657,#4658);
#3968=AXIS2_PLACEMENT_3D('',#6893,#4659,#4660);
#3969=AXIS2_PLACEMENT_3D('',#6894,#4661,#4662);
#3970=AXIS2_PLACEMENT_3D('',#6943,#4663,#4664);
#3971=AXIS2_PLACEMENT_3D('',#6945,#4665,#4666);
#3972=AXIS2_PLACEMENT_3D('',#6960,#4667,#4668);
#3973=AXIS2_PLACEMENT_3D('',#6961,#4669,#4670);
#3974=AXIS2_PLACEMENT_3D('',#6963,#4671,#4672);
#3975=AXIS2_PLACEMENT_3D('',#6964,#4673,#4674);
#3976=AXIS2_PLACEMENT_3D('',#6965,#4675,#4676);
#3977=AXIS2_PLACEMENT_3D('',#6973,#4677,#4678);
#3978=AXIS2_PLACEMENT_3D('',#6975,#4679,#4680);
#3979=AXIS2_PLACEMENT_3D('',#7032,#4681,#4682);
#3980=AXIS2_PLACEMENT_3D('',#7045,#4683,#4684);
#3981=AXIS2_PLACEMENT_3D('',#7088,#4685,#4686);
#3982=AXIS2_PLACEMENT_3D('',#7089,#4687,#4688);
#3983=AXIS2_PLACEMENT_3D('',#7103,#4689,#4690);
#3984=AXIS2_PLACEMENT_3D('',#7104,#4691,#4692);
#3985=AXIS2_PLACEMENT_3D('',#7200,#4693,#4694);
#3986=AXIS2_PLACEMENT_3D('',#7206,#4695,#4696);
#3987=AXIS2_PLACEMENT_3D('',#7222,#4697,#4698);
#3988=AXIS2_PLACEMENT_3D('',#7223,#4699,#4700);
#3989=AXIS2_PLACEMENT_3D('',#7224,#4701,#4702);
#3990=AXIS2_PLACEMENT_3D('',#7226,#4703,#4704);
#3991=AXIS2_PLACEMENT_3D('',#7227,#4705,#4706);
#3992=AXIS2_PLACEMENT_3D('',#7228,#4707,#4708);
#3993=AXIS2_PLACEMENT_3D('',#7229,#4709,#4710);
#3994=AXIS2_PLACEMENT_3D('',#7237,#4711,#4712);
#3995=AXIS2_PLACEMENT_3D('',#7276,#4713,#4714);
#3996=AXIS2_PLACEMENT_3D('',#7334,#4715,#4716);
#3997=AXIS2_PLACEMENT_3D('',#7340,#4717,#4718);
#3998=AXIS2_PLACEMENT_3D('',#7356,#4719,#4720);
#3999=AXIS2_PLACEMENT_3D('',#7357,#4721,#4722);
#4000=AXIS2_PLACEMENT_3D('',#7358,#4723,#4724);
#4001=AXIS2_PLACEMENT_3D('',#7360,#4725,#4726);
#4002=AXIS2_PLACEMENT_3D('',#7362,#4727,#4728);
#4003=AXIS2_PLACEMENT_3D('',#7363,#4729,#4730);
#4004=AXIS2_PLACEMENT_3D('',#7364,#4731,#4732);
#4005=AXIS2_PLACEMENT_3D('',#7372,#4733,#4734);
#4006=AXIS2_PLACEMENT_3D('',#7388,#4735,#4736);
#4007=AXIS2_PLACEMENT_3D('',#7389,#4737,#4738);
#4008=AXIS2_PLACEMENT_3D('',#7433,#4739,#4740);
#4009=AXIS2_PLACEMENT_3D('',#7446,#4741,#4742);
#4010=AXIS2_PLACEMENT_3D('',#7504,#4743,#4744);
#4011=AXIS2_PLACEMENT_3D('',#7510,#4745,#4746);
#4012=AXIS2_PLACEMENT_3D('',#7526,#4747,#4748);
#4013=AXIS2_PLACEMENT_3D('',#7527,#4749,#4750);
#4014=AXIS2_PLACEMENT_3D('',#7528,#4751,#4752);
#4015=AXIS2_PLACEMENT_3D('',#7530,#4753,#4754);
#4016=AXIS2_PLACEMENT_3D('',#7532,#4755,#4756);
#4017=AXIS2_PLACEMENT_3D('',#7533,#4757,#4758);
#4018=AXIS2_PLACEMENT_3D('',#7534,#4759,#4760);
#4019=AXIS2_PLACEMENT_3D('',#7542,#4761,#4762);
#4020=AXIS2_PLACEMENT_3D('',#7556,#4763,#4764);
#4021=AXIS2_PLACEMENT_3D('',#7582,#4765,#4766);
#4022=AXIS2_PLACEMENT_3D('',#7625,#4767,#4768);
#4023=AXIS2_PLACEMENT_3D('',#7640,#4769,#4770);
#4024=AXIS2_PLACEMENT_3D('',#7641,#4771,#4772);
#4025=AXIS2_PLACEMENT_3D('',#7656,#4773,#4774);
#4026=AXIS2_PLACEMENT_3D('',#7688,#4775,#4776);
#4027=AXIS2_PLACEMENT_3D('',#7689,#4777,#4778);
#4028=AXIS2_PLACEMENT_3D('',#7690,#4779,#4780);
#4029=AXIS2_PLACEMENT_3D('',#7691,#4781,#4782);
#4030=AXIS2_PLACEMENT_3D('',#7693,#4783,#4784);
#4031=AXIS2_PLACEMENT_3D('',#7695,#4785,#4786);
#4032=AXIS2_PLACEMENT_3D('',#7696,#4787,#4788);
#4033=AXIS2_PLACEMENT_3D('',#7697,#4789,#4790);
#4034=AXIS2_PLACEMENT_3D('',#7705,#4791,#4792);
#4035=AXIS2_PLACEMENT_3D('',#7721,#4793,#4794);
#4036=AXIS2_PLACEMENT_3D('',#7722,#4795,#4796);
#4037=AXIS2_PLACEMENT_3D('',#7766,#4797,#4798);
#4038=AXIS2_PLACEMENT_3D('',#7824,#4799,#4800);
#4039=AXIS2_PLACEMENT_3D('',#7830,#4801,#4802);
#4040=AXIS2_PLACEMENT_3D('',#7846,#4803,#4804);
#4041=AXIS2_PLACEMENT_3D('',#7847,#4805,#4806);
#4042=AXIS2_PLACEMENT_3D('',#7848,#4807,#4808);
#4043=AXIS2_PLACEMENT_3D('',#7850,#4809,#4810);
#4044=AXIS2_PLACEMENT_3D('',#7852,#4811,#4812);
#4045=AXIS2_PLACEMENT_3D('',#7853,#4813,#4814);
#4046=AXIS2_PLACEMENT_3D('',#7854,#4815,#4816);
#4047=AXIS2_PLACEMENT_3D('',#7862,#4817,#4818);
#4048=AXIS2_PLACEMENT_3D('',#7878,#4819,#4820);
#4049=AXIS2_PLACEMENT_3D('',#7879,#4821,#4822);
#4050=AXIS2_PLACEMENT_3D('',#7923,#4823,#4824);
#4051=AXIS2_PLACEMENT_3D('',#7936,#4825,#4826);
#4052=AXIS2_PLACEMENT_3D('',#7980,#4827,#4828);
#4053=AXIS2_PLACEMENT_3D('',#7981,#4829,#4830);
#4054=AXIS2_PLACEMENT_3D('',#7996,#4831,#4832);
#4055=AXIS2_PLACEMENT_3D('',#7997,#4833,#4834);
#4056=AXIS2_PLACEMENT_3D('',#7999,#4835,#4836);
#4057=AXIS2_PLACEMENT_3D('',#8001,#4837,#4838);
#4058=AXIS2_PLACEMENT_3D('',#8002,#4839,#4840);
#4059=AXIS2_PLACEMENT_3D('',#8003,#4841,#4842);
#4060=AXIS2_PLACEMENT_3D('',#8011,#4843,#4844);
#4061=AXIS2_PLACEMENT_3D('',#8027,#4845,#4846);
#4062=AXIS2_PLACEMENT_3D('',#8028,#4847,#4848);
#4063=AXIS2_PLACEMENT_3D('',#8072,#4849,#4850);
#4064=AXIS2_PLACEMENT_3D('',#8116,#4851,#4852);
#4065=AXIS2_PLACEMENT_3D('',#8117,#4853,#4854);
#4066=AXIS2_PLACEMENT_3D('',#8132,#4855,#4856);
#4067=AXIS2_PLACEMENT_3D('',#8133,#4857,#4858);
#4068=AXIS2_PLACEMENT_3D('',#8135,#4859,#4860);
#4069=AXIS2_PLACEMENT_3D('',#8137,#4861,#4862);
#4070=AXIS2_PLACEMENT_3D('',#8138,#4863,#4864);
#4071=AXIS2_PLACEMENT_3D('',#8139,#4865,#4866);
#4072=AXIS2_PLACEMENT_3D('',#8147,#4867,#4868);
#4073=AXIS2_PLACEMENT_3D('',#8163,#4869,#4870);
#4074=AXIS2_PLACEMENT_3D('',#8164,#4871,#4872);
#4075=AXIS2_PLACEMENT_3D('',#8276,#4873,#4874);
#4076=AXIS2_PLACEMENT_3D('',#8277,#4875,#4876);
#4077=AXIS2_PLACEMENT_3D('',#8292,#4877,#4878);
#4078=AXIS2_PLACEMENT_3D('',#8293,#4879,#4880);
#4079=AXIS2_PLACEMENT_3D('',#8295,#4881,#4882);
#4080=AXIS2_PLACEMENT_3D('',#8296,#4883,#4884);
#4081=AXIS2_PLACEMENT_3D('',#8297,#4885,#4886);
#4082=AXIS2_PLACEMENT_3D('',#8298,#4887,#4888);
#4083=AXIS2_PLACEMENT_3D('',#8306,#4889,#4890);
#4084=AXIS2_PLACEMENT_3D('',#8345,#4891,#4892);
#4085=AXIS2_PLACEMENT_3D('',#8389,#4893,#4894);
#4086=AXIS2_PLACEMENT_3D('',#8390,#4895,#4896);
#4087=AXIS2_PLACEMENT_3D('',#8405,#4897,#4898);
#4088=AXIS2_PLACEMENT_3D('',#8406,#4899,#4900);
#4089=AXIS2_PLACEMENT_3D('',#8408,#4901,#4902);
#4090=AXIS2_PLACEMENT_3D('',#8410,#4903,#4904);
#4091=AXIS2_PLACEMENT_3D('',#8411,#4905,#4906);
#4092=AXIS2_PLACEMENT_3D('',#8412,#4907,#4908);
#4093=AXIS2_PLACEMENT_3D('',#8420,#4909,#4910);
#4094=AXIS2_PLACEMENT_3D('',#8434,#4911,#4912);
#4095=AXIS2_PLACEMENT_3D('',#8491,#4913,#4914);
#4096=AXIS2_PLACEMENT_3D('',#8492,#4915,#4916);
#4097=AXIS2_PLACEMENT_3D('',#8507,#4917,#4918);
#4098=AXIS2_PLACEMENT_3D('',#8508,#4919,#4920);
#4099=AXIS2_PLACEMENT_3D('',#8510,#4921,#4922);
#4100=AXIS2_PLACEMENT_3D('',#8512,#4923,#4924);
#4101=AXIS2_PLACEMENT_3D('',#8513,#4925,#4926);
#4102=AXIS2_PLACEMENT_3D('',#8514,#4927,#4928);
#4103=AXIS2_PLACEMENT_3D('',#8522,#4929,#4930);
#4104=AXIS2_PLACEMENT_3D('',#8536,#4931,#4932);
#4105=AXIS2_PLACEMENT_3D('',#8610,#4933,#4934);
#4106=AXIS2_PLACEMENT_3D('',#8661,#4935,#4936);
#4107=AXIS2_PLACEMENT_3D('',#8674,#4937,#4938);
#4108=AXIS2_PLACEMENT_3D('',#8732,#4939,#4940);
#4109=AXIS2_PLACEMENT_3D('',#8738,#4941,#4942);
#4110=AXIS2_PLACEMENT_3D('',#8754,#4943,#4944);
#4111=AXIS2_PLACEMENT_3D('',#8755,#4945,#4946);
#4112=AXIS2_PLACEMENT_3D('',#8756,#4947,#4948);
#4113=AXIS2_PLACEMENT_3D('',#8758,#4949,#4950);
#4114=AXIS2_PLACEMENT_3D('',#8760,#4951,#4952);
#4115=AXIS2_PLACEMENT_3D('',#8761,#4953,#4954);
#4116=AXIS2_PLACEMENT_3D('',#8762,#4955,#4956);
#4117=AXIS2_PLACEMENT_3D('',#8770,#4957,#4958);
#4118=AXIS2_PLACEMENT_3D('',#8785,#4959,#4960);
#4119=AXIS2_PLACEMENT_3D('',#8786,#4961,#4962);
#4120=AXIS2_PLACEMENT_3D('',#8812,#4963,#4964);
#4121=AXIS2_PLACEMENT_3D('',#8870,#4965,#4966);
#4122=AXIS2_PLACEMENT_3D('',#8876,#4967,#4968);
#4123=AXIS2_PLACEMENT_3D('',#8892,#4969,#4970);
#4124=AXIS2_PLACEMENT_3D('',#8893,#4971,#4972);
#4125=AXIS2_PLACEMENT_3D('',#8894,#4973,#4974);
#4126=AXIS2_PLACEMENT_3D('',#8896,#4975,#4976);
#4127=AXIS2_PLACEMENT_3D('',#8898,#4977,#4978);
#4128=AXIS2_PLACEMENT_3D('',#8899,#4979,#4980);
#4129=AXIS2_PLACEMENT_3D('',#8900,#4981,#4982);
#4130=AXIS2_PLACEMENT_3D('',#8908,#4983,#4984);
#4131=AXIS2_PLACEMENT_3D('',#8922,#4985,#4986);
#4132=AXIS2_PLACEMENT_3D('',#8948,#4987,#4988);
#4133=AXIS2_PLACEMENT_3D('',#8991,#4989,#4990);
#4134=AXIS2_PLACEMENT_3D('',#9042,#4991,#4992);
#4135=AXIS2_PLACEMENT_3D('',#9085,#4993,#4994);
#4136=AXIS2_PLACEMENT_3D('',#9093,#4995,#4996);
#4137=AXIS2_PLACEMENT_3D('',#9109,#4997,#4998);
#4138=AXIS2_PLACEMENT_3D('',#9110,#4999,#5000);
#4139=AXIS2_PLACEMENT_3D('',#9154,#5001,#5002);
#4140=AXIS2_PLACEMENT_3D('',#9212,#5003,#5004);
#4141=AXIS2_PLACEMENT_3D('',#9218,#5005,#5006);
#4142=AXIS2_PLACEMENT_3D('',#9234,#5007,#5008);
#4143=AXIS2_PLACEMENT_3D('',#9235,#5009,#5010);
#4144=AXIS2_PLACEMENT_3D('',#9236,#5011,#5012);
#4145=AXIS2_PLACEMENT_3D('',#9238,#5013,#5014);
#4146=AXIS2_PLACEMENT_3D('',#9240,#5015,#5016);
#4147=AXIS2_PLACEMENT_3D('',#9241,#5017,#5018);
#4148=AXIS2_PLACEMENT_3D('',#9242,#5019,#5020);
#4149=AXIS2_PLACEMENT_3D('',#9250,#5021,#5022);
#4150=AXIS2_PLACEMENT_3D('',#9266,#5023,#5024);
#4151=AXIS2_PLACEMENT_3D('',#9267,#5025,#5026);
#4152=AXIS2_PLACEMENT_3D('',#9311,#5027,#5028);
#4153=AXIS2_PLACEMENT_3D('',#9324,#5029,#5030);
#4154=AXIS2_PLACEMENT_3D('',#9368,#5031,#5032);
#4155=AXIS2_PLACEMENT_3D('',#9369,#5033,#5034);
#4156=AXIS2_PLACEMENT_3D('',#9384,#5035,#5036);
#4157=AXIS2_PLACEMENT_3D('',#9385,#5037,#5038);
#4158=AXIS2_PLACEMENT_3D('',#9387,#5039,#5040);
#4159=AXIS2_PLACEMENT_3D('',#9389,#5041,#5042);
#4160=AXIS2_PLACEMENT_3D('',#9390,#5043,#5044);
#4161=AXIS2_PLACEMENT_3D('',#9391,#5045,#5046);
#4162=AXIS2_PLACEMENT_3D('',#9399,#5047,#5048);
#4163=AXIS2_PLACEMENT_3D('',#9413,#5049,#5050);
#4164=AXIS2_PLACEMENT_3D('',#9470,#5051,#5052);
#4165=AXIS2_PLACEMENT_3D('',#9471,#5053,#5054);
#4166=AXIS2_PLACEMENT_3D('',#9486,#5055,#5056);
#4167=AXIS2_PLACEMENT_3D('',#9487,#5057,#5058);
#4168=AXIS2_PLACEMENT_3D('',#9489,#5059,#5060);
#4169=AXIS2_PLACEMENT_3D('',#9491,#5061,#5062);
#4170=AXIS2_PLACEMENT_3D('',#9492,#5063,#5064);
#4171=AXIS2_PLACEMENT_3D('',#9493,#5065,#5066);
#4172=AXIS2_PLACEMENT_3D('',#9501,#5067,#5068);
#4173=AXIS2_PLACEMENT_3D('',#9515,#5069,#5070);
#4174=AXIS2_PLACEMENT_3D('',#9541,#5071,#5072);
#4175=AXIS2_PLACEMENT_3D('',#9556,#5073,#5074);
#4176=AXIS2_PLACEMENT_3D('',#9557,#5075,#5076);
#4177=AXIS2_PLACEMENT_3D('',#9559,#5077,#5078);
#4178=AXIS2_PLACEMENT_3D('',#9560,#5079,#5080);
#4179=AXIS2_PLACEMENT_3D('',#9561,#5081,#5082);
#4180=AXIS2_PLACEMENT_3D('',#9606,#5083,#5084);
#4181=AXIS2_PLACEMENT_3D('',#9607,#5085,#5086);
#4182=AXIS2_PLACEMENT_3D('',#9622,#5087,#5088);
#4183=AXIS2_PLACEMENT_3D('',#9623,#5089,#5090);
#4184=AXIS2_PLACEMENT_3D('',#9625,#5091,#5092);
#4185=AXIS2_PLACEMENT_3D('',#9627,#5093,#5094);
#4186=AXIS2_PLACEMENT_3D('',#9628,#5095,#5096);
#4187=AXIS2_PLACEMENT_3D('',#9629,#5097,#5098);
#4188=AXIS2_PLACEMENT_3D('',#9637,#5099,#5100);
#4189=AXIS2_PLACEMENT_3D('',#9651,#5101,#5102);
#4190=AXIS2_PLACEMENT_3D('',#9677,#5103,#5104);
#4191=AXIS2_PLACEMENT_3D('',#9720,#5105,#5106);
#4192=AXIS2_PLACEMENT_3D('',#9753,#5107,#5108);
#4193=AXIS2_PLACEMENT_3D('',#9762,#5113,#5114);
#4194=AXIS2_PLACEMENT_3D('',#9768,#5118,#5119);
#4195=AXIS2_PLACEMENT_3D('',#9774,#5123,#5124);
#4196=AXIS2_PLACEMENT_3D('',#9777,#5127,#5128);
#4197=AXIS2_PLACEMENT_3D('',#9779,#5130,#5131);
#4198=AXIS2_PLACEMENT_3D('',#9791,#5138,#5139);
#4199=AXIS2_PLACEMENT_3D('',#9799,#5143,#5144);
#4200=AXIS2_PLACEMENT_3D('',#9800,#5145,#5146);
#4201=AXIS2_PLACEMENT_3D('',#9804,#5149,#5150);
#4202=AXIS2_PLACEMENT_3D('',#9806,#5152,#5153);
#4203=AXIS2_PLACEMENT_3D('',#9808,#5155,#5156);
#4204=AXIS2_PLACEMENT_3D('',#9810,#5158,#5159);
#4205=AXIS2_PLACEMENT_3D('',#9812,#5161,#5162);
#4206=AXIS2_PLACEMENT_3D('',#9814,#5164,#5165);
#4207=AXIS2_PLACEMENT_3D('',#9816,#5167,#5168);
#4208=AXIS2_PLACEMENT_3D('',#9818,#5170,#5171);
#4209=AXIS2_PLACEMENT_3D('',#9820,#5173,#5174);
#4210=AXIS2_PLACEMENT_3D('',#9821,#5175,#5176);
#4211=AXIS2_PLACEMENT_3D('',#9824,#5179,#5180);
#4212=AXIS2_PLACEMENT_3D('',#9826,#5182,#5183);
#4213=AXIS2_PLACEMENT_3D('',#9828,#5185,#5186);
#4214=AXIS2_PLACEMENT_3D('',#9829,#5187,#5188);
#4215=DIRECTION('axis',(0.,0.,1.));
#4216=DIRECTION('refdir',(1.,0.,0.));
#4217=DIRECTION('axis',(0.,0.,1.));
#4218=DIRECTION('refdir',(1.,0.,0.));
#4219=DIRECTION('center_axis',(1.50990331349021E-14,-1.,4.2359278478006E-14));
#4220=DIRECTION('ref_axis',(6.32651133437503E-28,-4.2359278478006E-14,-1.));
#4221=DIRECTION('',(1.,1.50990331349021E-14,0.));
#4222=DIRECTION('',(0.,0.,1.));
#4223=DIRECTION('',(1.,1.50990331349021E-14,0.));
#4224=DIRECTION('',(0.,0.,-1.));
#4225=DIRECTION('center_axis',(1.50990331349021E-14,-1.,4.2359278478006E-14));
#4226=DIRECTION('ref_axis',(0.,4.2359278478006E-14,1.));
#4227=DIRECTION('center_axis',(1.,1.50990331349021E-14,0.));
#4228=DIRECTION('ref_axis',(-1.50990331349021E-14,1.,0.));
#4229=DIRECTION('',(1.,1.50990331349021E-14,0.));
#4230=DIRECTION('center_axis',(-1.50990331349021E-14,1.,0.));
#4231=DIRECTION('ref_axis',(0.,0.,1.));
#4232=DIRECTION('center_axis',(-1.50990331349021E-14,1.,0.));
#4233=DIRECTION('ref_axis',(0.,0.,-1.));
#4234=DIRECTION('',(0.,0.,1.));
#4235=DIRECTION('',(-1.,-1.50990331349021E-14,0.));
#4236=DIRECTION('',(0.,0.,1.));
#4237=DIRECTION('center_axis',(1.,1.48769885299771E-14,0.));
#4238=DIRECTION('ref_axis',(-1.48769885299771E-14,1.,0.));
#4239=DIRECTION('',(1.,1.48769885299771E-14,0.));
#4240=DIRECTION('center_axis',(1.,1.49324996812084E-14,0.));
#4241=DIRECTION('ref_axis',(-1.49324996812084E-14,1.,3.70074341541787E-16));
#4242=DIRECTION('',(1.,1.49324996812084E-14,0.));
#4243=DIRECTION('',(1.,1.49324996812084E-14,0.));
#4244=DIRECTION('center_axis',(-1.49324996812084E-14,1.,4.2444680249131E-14));
#4245=DIRECTION('ref_axis',(6.33926639754917E-28,-4.2444680249131E-14,1.));
#4246=DIRECTION('',(0.,0.,-1.));
#4247=DIRECTION('center_axis',(-1.49324996812084E-14,1.,4.2444680249131E-14));
#4248=DIRECTION('ref_axis',(0.,4.2444680249131E-14,-1.));
#4249=DIRECTION('',(0.,0.,1.));
#4250=DIRECTION('',(-1.,-1.49324996812084E-14,0.));
#4251=DIRECTION('center_axis',(1.49324996812084E-14,-1.,0.));
#4252=DIRECTION('ref_axis',(0.,0.,-1.));
#4253=DIRECTION('',(0.,0.,1.));
#4254=DIRECTION('',(1.,1.49324996812084E-14,0.));
#4255=DIRECTION('',(0.,0.,-1.));
#4256=DIRECTION('center_axis',(1.49324996812084E-14,-1.,0.));
#4257=DIRECTION('ref_axis',(0.,0.,1.));
#4258=DIRECTION('center_axis',(1.03677017456395E-17,0.,1.));
#4259=DIRECTION('ref_axis',(-0.707132672490537,-0.707080888934492,5.52944093100772E-17));
#4260=DIRECTION('center_axis',(-6.94871713867139E-15,-5.68080902609593E-15,
-1.));
#4261=DIRECTION('ref_axis',(-0.707106781186542,-0.707106781186553,8.9484665315315E-15));
#4262=DIRECTION('center_axis',(0.793353340291235,-0.608761429008721,-4.76330994978393E-17));
#4263=DIRECTION('ref_axis',(-0.60876142900872,-0.793353340291235,1.2586904409992E-12));
#4264=DIRECTION('center_axis',(-5.37702896809512E-17,-2.22723832385801E-17,
-1.));
#4265=DIRECTION('ref_axis',(-0.707106781186548,-0.707106781186547,5.37702896809512E-17));
#4266=DIRECTION('center_axis',(-0.608761429008721,0.793353340291235,3.35962371645919E-17));
#4267=DIRECTION('ref_axis',(-0.793353340291235,-0.608761429008721,1.25862504538522E-12));
#4268=DIRECTION('center_axis',(-6.69880581722069E-17,-9.05461474732441E-18,
-1.));
#4269=DIRECTION('ref_axis',(-0.707106781186547,-0.707106781186548,6.04273123423584E-17));
#4270=DIRECTION('center_axis',(-0.259066627683147,-0.337622202453085,0.904928577751642));
#4271=DIRECTION('ref_axis',(-0.597351574566787,-0.680231378628485,-0.424801562958249));
#4272=DIRECTION('center_axis',(0.,0.,1.));
#4273=DIRECTION('ref_axis',(1.,0.,0.));
#4274=DIRECTION('center_axis',(0.,0.,-1.));
#4275=DIRECTION('ref_axis',(1.,0.,0.));
#4276=DIRECTION('center_axis',(0.608761429008721,-0.793353340291235,-3.35962371645919E-17));
#4277=DIRECTION('ref_axis',(-4.84644798298926E-17,0.,-1.));
#4278=DIRECTION('center_axis',(0.608761429008721,-0.793353340291235,-3.35962371645919E-17));
#4279=DIRECTION('ref_axis',(-0.793353340291235,-0.608761429008721,1.25867640413687E-12));
#4280=DIRECTION('center_axis',(-0.337622202453084,-0.259066627683149,0.904928577751642));
#4281=DIRECTION('ref_axis',(-0.753054149113895,-0.502447092349608,-0.424801562958249));
#4282=DIRECTION('center_axis',(0.,0.,1.));
#4283=DIRECTION('ref_axis',(1.,0.,0.));
#4284=DIRECTION('center_axis',(0.,0.,-1.));
#4285=DIRECTION('ref_axis',(1.,0.,0.));
#4286=DIRECTION('center_axis',(0.,0.,1.));
#4287=DIRECTION('ref_axis',(1.,0.,0.));
#4288=DIRECTION('center_axis',(0.,0.,-1.));
#4289=DIRECTION('ref_axis',(1.,0.,0.));
#4290=DIRECTION('center_axis',(0.,0.,-1.));
#4291=DIRECTION('ref_axis',(1.,0.,0.));
#4292=DIRECTION('center_axis',(0.,0.,-1.));
#4293=DIRECTION('ref_axis',(1.,0.,0.));
#4294=DIRECTION('center_axis',(0.,0.,-1.));
#4295=DIRECTION('ref_axis',(1.,0.,0.));
#4296=DIRECTION('center_axis',(0.,0.,-1.));
#4297=DIRECTION('ref_axis',(1.,0.,0.));
#4298=DIRECTION('center_axis',(0.,0.,-1.));
#4299=DIRECTION('ref_axis',(1.,0.,0.));
#4300=DIRECTION('center_axis',(0.,0.,-1.));
#4301=DIRECTION('ref_axis',(1.,0.,0.));
#4302=DIRECTION('center_axis',(0.,0.,-1.));
#4303=DIRECTION('ref_axis',(1.,0.,0.));
#4304=DIRECTION('center_axis',(0.,0.,-1.));
#4305=DIRECTION('ref_axis',(1.,0.,0.));
#4306=DIRECTION('center_axis',(0.,0.,-1.));
#4307=DIRECTION('ref_axis',(1.,0.,0.));
#4308=DIRECTION('center_axis',(0.,0.,-1.));
#4309=DIRECTION('ref_axis',(1.,0.,0.));
#4310=DIRECTION('',(1.22923446663046E-14,-1.,0.));
#4311=DIRECTION('',(-1.,2.61457522299224E-13,0.));
#4312=DIRECTION('center_axis',(0.,0.,1.));
#4313=DIRECTION('ref_axis',(1.,0.,0.));
#4314=DIRECTION('',(1.,0.,0.));
#4315=DIRECTION('',(1.32117923778236E-14,-1.,0.));
#4316=DIRECTION('center_axis',(0.,0.,-1.));
#4317=DIRECTION('ref_axis',(1.,0.,0.));
#4318=DIRECTION('center_axis',(0.,0.,1.));
#4319=DIRECTION('ref_axis',(1.,0.,0.));
#4320=DIRECTION('center_axis',(0.,0.,-1.));
#4321=DIRECTION('ref_axis',(1.,0.,0.));
#4322=DIRECTION('center_axis',(0.,0.,-1.));
#4323=DIRECTION('ref_axis',(1.,0.,0.));
#4324=DIRECTION('center_axis',(0.,0.,-1.));
#4325=DIRECTION('ref_axis',(1.,0.,0.));
#4326=DIRECTION('center_axis',(0.,0.,-1.));
#4327=DIRECTION('ref_axis',(1.,0.,0.));
#4328=DIRECTION('center_axis',(0.,0.,-1.));
#4329=DIRECTION('ref_axis',(1.,0.,0.));
#4330=DIRECTION('center_axis',(0.,0.,-1.));
#4331=DIRECTION('ref_axis',(1.,0.,0.));
#4332=DIRECTION('center_axis',(0.,0.,-1.));
#4333=DIRECTION('ref_axis',(1.,0.,0.));
#4334=DIRECTION('center_axis',(0.,0.,-1.));
#4335=DIRECTION('ref_axis',(1.,0.,0.));
#4336=DIRECTION('center_axis',(0.,0.,-1.));
#4337=DIRECTION('ref_axis',(1.,0.,0.));
#4338=DIRECTION('center_axis',(0.,0.,-1.));
#4339=DIRECTION('ref_axis',(1.,0.,0.));
#4340=DIRECTION('center_axis',(0.,0.,-1.));
#4341=DIRECTION('ref_axis',(1.,0.,0.));
#4342=DIRECTION('center_axis',(0.,0.,-1.));
#4343=DIRECTION('ref_axis',(1.,0.,0.));
#4344=DIRECTION('center_axis',(0.,0.,-1.));
#4345=DIRECTION('ref_axis',(1.,0.,0.));
#4346=DIRECTION('center_axis',(0.,0.,-1.));
#4347=DIRECTION('ref_axis',(1.,0.,0.));
#4348=DIRECTION('center_axis',(0.,0.,-1.));
#4349=DIRECTION('ref_axis',(1.,0.,0.));
#4350=DIRECTION('center_axis',(0.,0.,-1.));
#4351=DIRECTION('ref_axis',(1.,0.,0.));
#4352=DIRECTION('center_axis',(0.,0.,-1.));
#4353=DIRECTION('ref_axis',(1.,0.,0.));
#4354=DIRECTION('center_axis',(0.,0.,-1.));
#4355=DIRECTION('ref_axis',(1.,0.,0.));
#4356=DIRECTION('center_axis',(0.,0.,-1.));
#4357=DIRECTION('ref_axis',(1.,0.,0.));
#4358=DIRECTION('center_axis',(0.,0.,-1.));
#4359=DIRECTION('ref_axis',(1.,0.,0.));
#4360=DIRECTION('center_axis',(0.,0.,-1.));
#4361=DIRECTION('ref_axis',(1.,0.,0.));
#4362=DIRECTION('center_axis',(0.,0.,-1.));
#4363=DIRECTION('ref_axis',(1.,0.,0.));
#4364=DIRECTION('center_axis',(0.,0.,-1.));
#4365=DIRECTION('ref_axis',(1.,0.,0.));
#4366=DIRECTION('center_axis',(0.,0.,-1.));
#4367=DIRECTION('ref_axis',(1.,0.,0.));
#4368=DIRECTION('center_axis',(0.,0.,-1.));
#4369=DIRECTION('ref_axis',(1.,0.,0.));
#4370=DIRECTION('center_axis',(0.,0.,-1.));
#4371=DIRECTION('ref_axis',(1.,0.,0.));
#4372=DIRECTION('center_axis',(0.,0.,-1.));
#4373=DIRECTION('ref_axis',(1.,0.,0.));
#4374=DIRECTION('center_axis',(0.,0.,-1.));
#4375=DIRECTION('ref_axis',(1.,0.,0.));
#4376=DIRECTION('center_axis',(0.,0.,-1.));
#4377=DIRECTION('ref_axis',(1.,0.,0.));
#4378=DIRECTION('center_axis',(0.,0.,-1.));
#4379=DIRECTION('ref_axis',(1.,0.,0.));
#4380=DIRECTION('center_axis',(0.,0.,-1.));
#4381=DIRECTION('ref_axis',(1.,0.,0.));
#4382=DIRECTION('center_axis',(0.,0.,-1.));
#4383=DIRECTION('ref_axis',(1.,0.,0.));
#4384=DIRECTION('center_axis',(0.,0.,-1.));
#4385=DIRECTION('ref_axis',(1.,0.,0.));
#4386=DIRECTION('center_axis',(0.,0.,-1.));
#4387=DIRECTION('ref_axis',(1.,0.,0.));
#4388=DIRECTION('center_axis',(0.608761429008721,0.793353340291235,3.35962371645919E-17));
#4389=DIRECTION('ref_axis',(-4.84644798298926E-17,0.,1.));
#4390=DIRECTION('center_axis',(0.608761429008721,0.793353340291235,3.35962371645919E-17));
#4391=DIRECTION('ref_axis',(-0.793353340291235,0.608761429008721,1.25853246169276E-12));
#4392=DIRECTION('center_axis',(0.608761429008721,0.793353340291235,3.35962371645919E-17));
#4393=DIRECTION('ref_axis',(-0.793353340291235,0.608761429008721,1.25858382044441E-12));
#4394=DIRECTION('center_axis',(0.,0.,1.));
#4395=DIRECTION('ref_axis',(1.,0.,0.));
#4396=DIRECTION('center_axis',(0.259066627682129,-0.337622202451757,-0.904928577752429));
#4397=DIRECTION('ref_axis',(-0.597351574566761,0.680231378629541,-0.424801562956595));
#4398=DIRECTION('center_axis',(6.69880581722069E-17,-9.05461474732439E-18,
-1.));
#4399=DIRECTION('ref_axis',(-0.707106781186548,0.707106781186547,-6.04273123423583E-17));
#4400=DIRECTION('center_axis',(-5.60476635317639E-15,6.87267446575186E-15,
-1.));
#4401=DIRECTION('ref_axis',(-0.707106781186553,0.707106781186542,8.8409259521696E-15));
#4402=DIRECTION('center_axis',(0.,0.,-1.));
#4403=DIRECTION('ref_axis',(-1.,0.,0.));
#4404=DIRECTION('center_axis',(0.,0.,1.));
#4405=DIRECTION('ref_axis',(-1.,0.,0.));
#4406=DIRECTION('',(0.,0.,1.));
#4407=DIRECTION('center_axis',(0.,0.,-1.));
#4408=DIRECTION('ref_axis',(-1.,0.,0.));
#4409=DIRECTION('center_axis',(0.,0.,-1.));
#4410=DIRECTION('ref_axis',(-1.,0.,0.));
#4411=DIRECTION('center_axis',(0.,0.,-1.));
#4412=DIRECTION('ref_axis',(-1.,0.,0.));
#4413=DIRECTION('',(0.,0.,1.));
#4414=DIRECTION('center_axis',(0.,0.,1.));
#4415=DIRECTION('ref_axis',(-1.,0.,0.));
#4416=DIRECTION('center_axis',(0.,0.,1.));
#4417=DIRECTION('ref_axis',(-1.,0.,0.));
#4418=DIRECTION('center_axis',(0.,0.,1.));
#4419=DIRECTION('ref_axis',(1.,0.,0.));
#4420=DIRECTION('',(7.18203573881503E-16,-1.,0.));
#4421=DIRECTION('',(-1.,-3.77056876287792E-15,0.));
#4422=DIRECTION('',(-1.,0.,0.));
#4423=DIRECTION('',(-9.00537376510561E-15,1.,0.));
#4424=DIRECTION('',(-1.,-1.11022302462515E-14,0.));
#4425=DIRECTION('',(0.,-1.,0.));
#4426=DIRECTION('center_axis',(0.,0.,-1.));
#4427=DIRECTION('ref_axis',(-0.761751471255867,-0.647869351057388,0.));
#4428=DIRECTION('',(-1.40375294014673E-14,1.,0.));
#4429=DIRECTION('center_axis',(0.,0.,-1.));
#4430=DIRECTION('ref_axis',(-0.761751471255867,-0.647869351057388,0.));
#4431=DIRECTION('',(-3.33692834387253E-14,-1.,0.));
#4432=DIRECTION('',(1.,4.08872457993673E-15,0.));
#4433=DIRECTION('center_axis',(1.,7.16093850883226E-16,0.));
#4434=DIRECTION('ref_axis',(-5.48123862538813E-16,0.763187322469727,-0.646177306024816));
#4435=DIRECTION('center_axis',(1.,7.105427357601E-16,0.));
#4436=DIRECTION('ref_axis',(-4.92371607373056E-16,0.703733104750625,-0.710464437729325));
#4437=DIRECTION('center_axis',(1.,7.18203573881503E-16,0.));
#4438=DIRECTION('ref_axis',(7.18203573881503E-16,-1.,0.));
#4439=DIRECTION('center_axis',(1.,7.105427357601E-16,0.));
#4440=DIRECTION('ref_axis',(5.07693283615863E-16,-0.703733104750628,-0.710464437729322));
#4441=DIRECTION('center_axis',(1.,7.18203573881503E-16,0.));
#4442=DIRECTION('ref_axis',(7.18203573881503E-16,-1.,0.));
#4443=DIRECTION('center_axis',(-1.,-7.16093850883226E-16,0.));
#4444=DIRECTION('ref_axis',(-2.26382021574377E-16,0.315205924625109,-0.949023300599743));
#4445=DIRECTION('center_axis',(-0.17364817766693,-0.699247698930736,0.693468792328123));
#4446=DIRECTION('ref_axis',(5.05735016303404E-16,-0.704166666242245,-0.710034721794141));
#4447=DIRECTION('center_axis',(-0.17364817766693,-0.699247698930736,0.693468792328123));
#4448=DIRECTION('ref_axis',(0.,0.704166666242245,0.71003472179414));
#4449=DIRECTION('',(5.05735016303404E-16,-0.704166666242245,-0.71003472179414));
#4450=DIRECTION('center_axis',(-0.173648177666931,0.699247698930743,0.693468792328116));
#4451=DIRECTION('ref_axis',(5.05735016303399E-16,-0.704166666242238,0.710034721794148));
#4452=DIRECTION('center_axis',(-0.173648177666931,0.699247698930743,0.693468792328116));
#4453=DIRECTION('ref_axis',(0.,0.704166666242238,-0.710034721794148));
#4454=DIRECTION('',(5.05735016303399E-16,-0.704166666242238,0.710034721794148));
#4455=DIRECTION('center_axis',(0.,0.,1.));
#4456=DIRECTION('ref_axis',(1.,0.,0.));
#4457=DIRECTION('center_axis',(0.,0.,1.));
#4458=DIRECTION('ref_axis',(1.,0.,0.));
#4459=DIRECTION('center_axis',(0.,0.,1.));
#4460=DIRECTION('ref_axis',(1.,0.,0.));
#4461=DIRECTION('',(0.,0.,1.));
#4462=DIRECTION('',(0.,0.,1.));
#4463=DIRECTION('center_axis',(0.,0.,1.));
#4464=DIRECTION('ref_axis',(1.,0.,0.));
#4465=DIRECTION('center_axis',(0.,0.,1.));
#4466=DIRECTION('ref_axis',(1.,0.,0.));
#4467=DIRECTION('',(0.,0.,1.));
#4468=DIRECTION('',(0.,0.,1.));
#4469=DIRECTION('center_axis',(0.60876142900872,0.793353340291235,-1.5425365429536E-16));
#4470=DIRECTION('ref_axis',(-6.57732226262828E-17,-1.10775953896897E-16,
-1.));
#4471=DIRECTION('center_axis',(0.60876142900872,0.793353340291235,-1.5425365429536E-16));
#4472=DIRECTION('ref_axis',(0.793353340291235,-0.60876142900872,1.25867640413687E-12));
#4473=DIRECTION('center_axis',(0.337622202453085,-0.259066627683147,0.904928577751642));
#4474=DIRECTION('ref_axis',(0.680231378628485,-0.597351574566787,-0.424801562958249));
#4475=DIRECTION('center_axis',(-0.60876142900872,-0.793353340291235,1.5425365429536E-16));
#4476=DIRECTION('ref_axis',(0.793353340291235,-0.60876142900872,1.25867640413687E-12));
#4477=DIRECTION('center_axis',(-0.60876142900872,-0.793353340291235,1.5425365429536E-16));
#4478=DIRECTION('ref_axis',(4.15409827113365E-17,1.66163930845346E-16,1.));
#4479=DIRECTION('center_axis',(-0.337622202451756,0.259066627682129,-0.904928577752429));
#4480=DIRECTION('ref_axis',(0.753054149114143,-0.502447092350635,-0.424801562956595));
#4481=DIRECTION('center_axis',(-0.60876142900872,-0.793353340291235,1.5425365429536E-16));
#4482=DIRECTION('ref_axis',(0.793353340291235,-0.60876142900872,1.25862504538522E-12));
#4483=DIRECTION('center_axis',(9.15813654198154E-17,1.10588818620154E-16,
1.));
#4484=DIRECTION('ref_axis',(0.865713964124482,-0.500539041753863,2.76472046550386E-17));
#4485=DIRECTION('center_axis',(7.21224890536753E-15,-5.33736774118785E-15,
-1.));
#4486=DIRECTION('ref_axis',(0.866025403784443,-0.499999999999993,8.93271757831031E-15));
#4487=DIRECTION('center_axis',(0.38268343236509,0.923879532511287,-1.64179214837781E-16));
#4488=DIRECTION('ref_axis',(0.923879532511287,-0.38268343236509,1.25865921256172E-12));
#4489=DIRECTION('center_axis',(-1.03677017456395E-17,2.21177637240309E-16,
1.));
#4490=DIRECTION('ref_axis',(0.706528826394573,0.70768426397194,-5.52944093100772E-17));
#4491=DIRECTION('center_axis',(0.608761429008721,-0.793353340291235,1.5425365429536E-16));
#4492=DIRECTION('ref_axis',(0.793353340291235,0.608761429008721,1.25853246169276E-12));
#4493=DIRECTION('center_axis',(6.94871713867139E-15,5.52872368025686E-15,
-1.));
#4494=DIRECTION('ref_axis',(0.707106781186542,0.707106781186553,8.8409259521696E-15));
#4495=DIRECTION('center_axis',(-0.793353340291235,0.608761429008721,-1.40216791962113E-16));
#4496=DIRECTION('ref_axis',(0.608761429008721,0.793353340291235,1.25856978358207E-12));
#4497=DIRECTION('center_axis',(5.37702896809512E-17,-1.29812962600482E-16,
-1.));
#4498=DIRECTION('ref_axis',(0.707106781186548,0.707106781186547,-5.37702896809512E-17));
#4499=DIRECTION('center_axis',(0.608761429008721,-0.793353340291235,1.5425365429536E-16));
#4500=DIRECTION('ref_axis',(0.793353340291235,0.608761429008721,1.25853246169276E-12));
#4501=DIRECTION('center_axis',(0.38268343236509,0.923879532511287,-1.64179214837781E-16));
#4502=DIRECTION('ref_axis',(-4.84644798298926E-17,-1.10775953896897E-16,
-1.));
#4503=DIRECTION('center_axis',(0.393169382072914,-0.162856090364449,0.904928577751642));
#4504=DIRECTION('ref_axis',(0.811659020589334,-0.400940477383104,-0.424801562958249));
#4505=DIRECTION('center_axis',(0.382683432365089,0.923879532511287,-1.64179214837781E-16));
#4506=DIRECTION('ref_axis',(0.923879532511287,-0.382683432365089,1.25860785381007E-12));
#4507=DIRECTION('center_axis',(0.608761429008721,-0.793353340291235,1.5425365429536E-16));
#4508=DIRECTION('ref_axis',(-6.57732226262828E-17,1.10775953896897E-16,
1.));
#4509=DIRECTION('center_axis',(-0.608761429008721,0.793353340291235,-1.5425365429536E-16));
#4510=DIRECTION('ref_axis',(0.793353340291235,0.608761429008721,1.25853246169276E-12));
#4511=DIRECTION('center_axis',(-0.337622202451757,-0.259066627682129,-0.904928577752429));
#4512=DIRECTION('ref_axis',(0.680231378629541,0.597351574566761,-0.424801562956595));
#4513=DIRECTION('center_axis',(0.608761429008721,-0.793353340291235,1.5425365429536E-16));
#4514=DIRECTION('ref_axis',(-6.57732226262828E-17,1.10775953896897E-16,
1.));
#4515=DIRECTION('center_axis',(-0.608761429008721,0.793353340291235,-1.5425365429536E-16));
#4516=DIRECTION('ref_axis',(0.793353340291235,0.608761429008721,1.25853246169276E-12));
#4517=DIRECTION('center_axis',(-0.608761429008721,0.793353340291235,-1.5425365429536E-16));
#4518=DIRECTION('ref_axis',(4.15409827113365E-17,-1.10775953896897E-16,
-1.));
#4519=DIRECTION('center_axis',(-0.608761429008721,0.793353340291235,-1.5425365429536E-16));
#4520=DIRECTION('ref_axis',(0.793353340291235,0.608761429008721,1.25858382044441E-12));
#4521=DIRECTION('center_axis',(0.337622202453084,0.259066627683149,0.904928577751642));
#4522=DIRECTION('ref_axis',(0.753054149113895,0.502447092349608,-0.424801562958249));
#4523=DIRECTION('center_axis',(-0.608761429008721,0.793353340291235,-1.5425365429536E-16));
#4524=DIRECTION('ref_axis',(4.15409827113365E-17,-1.10775953896897E-16,
-1.));
#4525=DIRECTION('center_axis',(-0.608761429008721,0.793353340291235,-1.5425365429536E-16));
#4526=DIRECTION('ref_axis',(0.793353340291235,0.608761429008721,1.25858382044441E-12));
#4527=DIRECTION('center_axis',(1.55515526184592E-17,2.21177637240309E-16,
1.));
#4528=DIRECTION('ref_axis',(0.865713964124482,0.500539041753863,-2.76472046550386E-17));
#4529=DIRECTION('center_axis',(0.38268343236509,-0.923879532511287,1.64179214837781E-16));
#4530=DIRECTION('ref_axis',(0.923879532511287,0.38268343236509,1.25854965326791E-12));
#4531=DIRECTION('center_axis',(8.16256561937202E-15,3.5392855634111E-15,
-1.));
#4532=DIRECTION('ref_axis',(0.866025403784435,0.500000000000007,8.85667490539078E-15));
#4533=DIRECTION('center_axis',(1.55515526184592E-17,2.21177637240309E-16,
1.));
#4534=DIRECTION('ref_axis',(0.866042776773464,0.499969907892974,-2.76472046550386E-17));
#4535=DIRECTION('center_axis',(3.80213364597657E-17,-1.41897559439516E-16,
-1.));
#4536=DIRECTION('ref_axis',(0.866025403784439,0.5,-3.80213364597656E-17));
#4537=DIRECTION('center_axis',(0.38268343236509,-0.923879532511287,1.64179214837781E-16));
#4538=DIRECTION('ref_axis',(0.923879532511287,0.38268343236509,1.25854965326791E-12));
#4539=DIRECTION('center_axis',(0.38268343236509,-0.923879532511287,1.64179214837781E-16));
#4540=DIRECTION('ref_axis',(-4.84644798298926E-17,1.66163930845346E-16,
1.));
#4541=DIRECTION('center_axis',(-0.38268343236509,0.923879532511287,-1.64179214837781E-16));
#4542=DIRECTION('ref_axis',(0.923879532511287,0.38268343236509,1.25854965326791E-12));
#4543=DIRECTION('center_axis',(-0.393169382071367,-0.162856090363809,-0.904928577752429));
#4544=DIRECTION('ref_axis',(0.811659020590347,0.400940477382806,-0.424801562956595));
#4545=DIRECTION('center_axis',(0.38268343236509,-0.923879532511287,1.64179214837781E-16));
#4546=DIRECTION('ref_axis',(-4.84644798298926E-17,1.66163930845346E-16,
1.));
#4547=DIRECTION('center_axis',(-0.38268343236509,0.923879532511287,-1.64179214837781E-16));
#4548=DIRECTION('ref_axis',(0.923879532511287,0.38268343236509,1.25854965326791E-12));
#4549=DIRECTION('center_axis',(-0.38268343236509,0.923879532511287,-1.64179214837781E-16));
#4550=DIRECTION('ref_axis',(2.42322399149463E-17,-1.10775953896897E-16,
-1.));
#4551=DIRECTION('center_axis',(-0.38268343236509,0.923879532511287,-1.64179214837781E-16));
#4552=DIRECTION('ref_axis',(0.923879532511287,0.38268343236509,1.25860101201956E-12));
#4553=DIRECTION('center_axis',(0.393169382072913,0.162856090364451,0.904928577751642));
#4554=DIRECTION('ref_axis',(0.857437327879714,0.290421867060185,-0.424801562958249));
#4555=DIRECTION('center_axis',(-0.38268343236509,0.923879532511287,-1.64179214837781E-16));
#4556=DIRECTION('ref_axis',(2.42322399149463E-17,-1.10775953896897E-16,
-1.));
#4557=DIRECTION('center_axis',(-0.38268343236509,0.923879532511287,-1.64179214837781E-16));
#4558=DIRECTION('ref_axis',(0.923879532511287,0.38268343236509,1.25860101201956E-12));
#4559=DIRECTION('center_axis',(-0.38268343236509,0.923879532511287,-1.64179214837781E-16));
#4560=DIRECTION('ref_axis',(0.923879532511287,0.38268343236509,1.25860101201956E-12));
#4561=DIRECTION('center_axis',(3.9742856691618E-17,1.10588818620154E-16,
1.));
#4562=DIRECTION('ref_axis',(0.965742004882871,0.259504104023063,-2.76472046550386E-17));
#4563=DIRECTION('center_axis',(1.96812919920764E-17,-1.49494254592559E-16,
-1.));
#4564=DIRECTION('ref_axis',(0.965925826289068,0.258819045102521,-1.96812919920764E-17));
#4565=DIRECTION('center_axis',(0.130526192220052,-0.99144486137381,1.69317063041175E-16));
#4566=DIRECTION('ref_axis',(0.99144486137381,0.130526192220052,1.25856882797845E-12));
#4567=DIRECTION('center_axis',(3.9742856691618E-17,1.10588818620154E-16,
1.));
#4568=DIRECTION('ref_axis',(0.965797925642888,0.259295905914256,-2.76472046550386E-17));
#4569=DIRECTION('center_axis',(0.130526192220052,-0.99144486137381,1.69317063041175E-16));
#4570=DIRECTION('ref_axis',(0.99144486137381,0.130526192220052,1.25856882797845E-12));
#4571=DIRECTION('center_axis',(8.82014874238993E-15,1.3034688018718E-15,
-1.));
#4572=DIRECTION('ref_axis',(0.965925826289066,0.258819045102529,8.87501494985847E-15));
#4573=DIRECTION('center_axis',(3.9742856691618E-17,1.10588818620154E-16,
1.));
#4574=DIRECTION('ref_axis',(0.965921590469828,0.258834852877733,-2.76472046550386E-17));
#4575=DIRECTION('center_axis',(0.130526192220052,-0.99144486137381,1.69317063041175E-16));
#4576=DIRECTION('ref_axis',(0.99144486137381,0.130526192220052,1.25856882797845E-12));
#4577=DIRECTION('center_axis',(0.130526192220052,-0.99144486137381,1.69317063041175E-16));
#4578=DIRECTION('ref_axis',(-2.42322399149463E-17,1.66163930845346E-16,
1.));
#4579=DIRECTION('center_axis',(0.130526192220052,-0.99144486137381,1.69317063041175E-16));
#4580=DIRECTION('ref_axis',(0.99144486137381,0.130526192220052,1.2586201867301E-12));
#4581=DIRECTION('center_axis',(0.130526192220052,-0.99144486137381,1.69317063041175E-16));
#4582=DIRECTION('ref_axis',(-2.42322399149463E-17,1.66163930845346E-16,
1.));
#4583=DIRECTION('center_axis',(0.130526192220052,-0.99144486137381,1.69317063041175E-16));
#4584=DIRECTION('ref_axis',(0.99144486137381,0.130526192220052,1.2586201867301E-12));
#4585=DIRECTION('center_axis',(-0.421922718045938,-0.0555471796196102,-0.904928577752429));
#4586=DIRECTION('ref_axis',(0.887773441627874,0.177205949250679,-0.424801562956595));
#4587=DIRECTION('center_axis',(0.130526192220052,-0.99144486137381,1.69317063041175E-16));
#4588=DIRECTION('ref_axis',(-2.42322399149463E-17,1.66163930845346E-16,
1.));
#4589=DIRECTION('center_axis',(0.130526192220052,-0.99144486137381,1.69317063041175E-16));
#4590=DIRECTION('ref_axis',(0.99144486137381,0.130526192220052,1.2586201867301E-12));
#4591=DIRECTION('center_axis',(-0.130526192220052,0.99144486137381,-1.69317063041175E-16));
#4592=DIRECTION('ref_axis',(0.,-1.10775953896897E-16,-1.));
#4593=DIRECTION('center_axis',(-0.130526192220052,0.99144486137381,-1.69317063041175E-16));
#4594=DIRECTION('ref_axis',(0.99144486137381,0.130526192220052,1.2586201867301E-12));
#4595=DIRECTION('center_axis',(-0.130526192220052,0.99144486137381,-1.69317063041175E-16));
#4596=DIRECTION('ref_axis',(0.,-1.10775953896897E-16,-1.));
#4597=DIRECTION('center_axis',(-0.130526192220052,0.99144486137381,-1.69317063041175E-16));
#4598=DIRECTION('ref_axis',(0.99144486137381,0.130526192220052,1.2586201867301E-12));
#4599=DIRECTION('center_axis',(0.421922718047598,0.0555471796198296,0.904928577751642));
#4600=DIRECTION('ref_axis',(0.903387569732712,0.0586048714754386,-0.424801562958249));
#4601=DIRECTION('center_axis',(-0.130526192220052,0.99144486137381,-1.69317063041175E-16));
#4602=DIRECTION('ref_axis',(0.,-1.10775953896897E-16,-1.));
#4603=DIRECTION('center_axis',(-0.130526192220052,0.99144486137381,-1.69317063041175E-16));
#4604=DIRECTION('ref_axis',(0.99144486137381,0.130526192220052,1.2586201867301E-12));
#4605=DIRECTION('center_axis',(6.04782601828969E-17,1.10588818620154E-16,
1.));
#4606=DIRECTION('ref_axis',(1.,2.21177637240309E-16,0.));
#4607=DIRECTION('center_axis',(-0.130526192220052,-0.99144486137381,1.69317063041175E-16));
#4608=DIRECTION('ref_axis',(0.99144486137381,-0.130526192220051,1.25858867909953E-12));
#4609=DIRECTION('center_axis',(8.87665330459895E-15,-1.02635938692403E-15,
-1.));
#4610=DIRECTION('ref_axis',(1.,7.91009572428174E-15,8.89469624185055E-15));
#4611=DIRECTION('center_axis',(6.04782601828969E-17,1.10588818620154E-16,
1.));
#4612=DIRECTION('ref_axis',(1.,0.,0.));
#4613=DIRECTION('center_axis',(9.31254159895131E-33,-1.52085345839063E-16,
-1.));
#4614=DIRECTION('ref_axis',(1.,-2.59281939907346E-16,4.8745525099583E-32));
#4615=DIRECTION('center_axis',(-0.130526192220052,-0.99144486137381,1.69317063041175E-16));
#4616=DIRECTION('ref_axis',(0.99144486137381,-0.130526192220051,1.25858867909953E-12));
#4617=DIRECTION('center_axis',(-0.130526192220052,-0.99144486137381,1.69317063041175E-16));
#4618=DIRECTION('ref_axis',(0.99144486137381,-0.130526192220051,1.25858867909953E-12));
#4619=DIRECTION('center_axis',(-0.130526192220052,-0.99144486137381,1.69317063041175E-16));
#4620=DIRECTION('ref_axis',(0.,1.66163930845346E-16,1.));
#4621=DIRECTION('center_axis',(0.130526192220052,0.99144486137381,-1.69317063041175E-16));
#4622=DIRECTION('ref_axis',(0.99144486137381,-0.130526192220052,1.25858867909953E-12));
#4623=DIRECTION('center_axis',(-0.130526192220052,-0.99144486137381,1.69317063041175E-16));
#4624=DIRECTION('ref_axis',(0.,1.66163930845346E-16,1.));
#4625=DIRECTION('center_axis',(0.130526192220052,0.99144486137381,-1.69317063041175E-16));
#4626=DIRECTION('ref_axis',(0.99144486137381,-0.130526192220052,1.25858867909953E-12));
#4627=DIRECTION('center_axis',(-0.421922718045938,0.0555471796196107,-0.904928577752429));
#4628=DIRECTION('ref_axis',(0.90338756973344,-0.0586048714762041,-0.424801562956595));
#4629=DIRECTION('center_axis',(-0.130526192220052,-0.99144486137381,1.69317063041175E-16));
#4630=DIRECTION('ref_axis',(0.,1.66163930845346E-16,1.));
#4631=DIRECTION('center_axis',(0.130526192220052,0.99144486137381,-1.69317063041175E-16));
#4632=DIRECTION('ref_axis',(0.99144486137381,-0.130526192220052,1.25858867909953E-12));
#4633=DIRECTION('center_axis',(0.130526192220051,0.991444861373811,-1.69317063041175E-16));
#4634=DIRECTION('ref_axis',(-2.42322399149463E-17,-1.10775953896897E-16,
-1.));
#4635=DIRECTION('center_axis',(0.130526192220051,0.991444861373811,-1.69317063041175E-16));
#4636=DIRECTION('ref_axis',(0.99144486137381,-0.130526192220051,1.25864003785118E-12));
#4637=DIRECTION('center_axis',(0.130526192220051,0.991444861373811,-1.69317063041175E-16));
#4638=DIRECTION('ref_axis',(-2.42322399149463E-17,-1.10775953896897E-16,
-1.));
#4639=DIRECTION('center_axis',(0.130526192220051,0.991444861373811,-1.69317063041175E-16));
#4640=DIRECTION('ref_axis',(0.99144486137381,-0.130526192220051,1.25864003785118E-12));
#4641=DIRECTION('center_axis',(0.421922718047598,-0.0555471796198281,0.904928577751642));
#4642=DIRECTION('ref_axis',(0.887773441626972,-0.177205949251229,-0.424801562958249));
#4643=DIRECTION('center_axis',(0.130526192220051,0.991444861373811,-1.69317063041175E-16));
#4644=DIRECTION('ref_axis',(-2.42322399149463E-17,-1.10775953896897E-16,
-1.));
#4645=DIRECTION('center_axis',(0.130526192220051,0.991444861373811,-1.69317063041175E-16));
#4646=DIRECTION('ref_axis',(0.99144486137381,-0.130526192220051,1.25864003785118E-12));
#4647=DIRECTION('center_axis',(7.9485713383236E-17,1.10588818620154E-16,
1.));
#4648=DIRECTION('ref_axis',(0.965742004882871,-0.259504104023063,2.76472046550386E-17));
#4649=DIRECTION('center_axis',(-1.96812919920764E-17,-1.49494254592559E-16,
-1.));
#4650=DIRECTION('ref_axis',(0.965925826289068,-0.258819045102521,1.96812919920764E-17));
#4651=DIRECTION('center_axis',(-0.382683432365089,-0.923879532511287,1.64179214837781E-16));
#4652=DIRECTION('ref_axis',(0.923879532511287,-0.382683432365089,1.25860785381007E-12));
#4653=DIRECTION('center_axis',(7.9485713383236E-17,1.10588818620154E-16,
1.));
#4654=DIRECTION('ref_axis',(0.965797925642888,-0.259295905914255,2.76472046550386E-17));
#4655=DIRECTION('center_axis',(-0.382683432365089,-0.923879532511287,1.64179214837781E-16));
#4656=DIRECTION('ref_axis',(0.923879532511287,-0.382683432365089,1.25860785381007E-12));
#4657=DIRECTION('center_axis',(8.32822861346272E-15,-3.29142506213307E-15,
-1.));
#4658=DIRECTION('ref_axis',(0.96592582628907,-0.258819045102513,8.91437753384262E-15));
#4659=DIRECTION('center_axis',(-0.382683432365089,-0.923879532511287,1.64179214837781E-16));
#4660=DIRECTION('ref_axis',(2.42322399149463E-17,1.66163930845346E-16,1.));
#4661=DIRECTION('center_axis',(-0.393169382071367,0.162856090363809,-0.904928577752429));
#4662=DIRECTION('ref_axis',(0.85743732788022,-0.290421867061113,-0.424801562956595));
#4663=DIRECTION('center_axis',(-0.60876142900872,-0.793353340291235,1.5425365429536E-16));
#4664=DIRECTION('ref_axis',(4.15409827113365E-17,1.66163930845346E-16,1.));
#4665=DIRECTION('center_axis',(-0.60876142900872,-0.793353340291235,1.5425365429536E-16));
#4666=DIRECTION('ref_axis',(0.793353340291235,-0.60876142900872,1.25862504538522E-12));
#4667=DIRECTION('center_axis',(-0.60876142900872,-0.793353340291235,1.5425365429536E-16));
#4668=DIRECTION('ref_axis',(0.793353340291235,-0.60876142900872,1.25867640413687E-12));
#4669=DIRECTION('center_axis',(9.15813654198154E-17,1.10588818620154E-16,
1.));
#4670=DIRECTION('ref_axis',(0.866042776773464,-0.499969907892974,2.76472046550386E-17));
#4671=DIRECTION('center_axis',(0.38268343236509,0.923879532511287,-1.64179214837781E-16));
#4672=DIRECTION('ref_axis',(0.923879532511287,-0.38268343236509,1.25865921256172E-12));
#4673=DIRECTION('center_axis',(-3.80213364597656E-17,-1.41897559439516E-16,
-1.));
#4674=DIRECTION('ref_axis',(0.866025403784439,-0.5,3.80213364597657E-17));
#4675=DIRECTION('center_axis',(-4.73677101920864E-17,-1.58085953610423E-16,
-1.));
#4676=DIRECTION('ref_axis',(0.866025403784439,-0.5,3.02136561711792E-17));
#4677=DIRECTION('center_axis',(0.38268343236509,0.923879532511287,-1.64179214837781E-16));
#4678=DIRECTION('ref_axis',(-4.84644798298926E-17,-1.10775953896897E-16,
-1.));
#4679=DIRECTION('center_axis',(0.382683432365089,0.923879532511287,-1.64179214837781E-16));
#4680=DIRECTION('ref_axis',(0.923879532511287,-0.382683432365089,1.25860785381007E-12));
#4681=DIRECTION('center_axis',(0.,0.,1.));
#4682=DIRECTION('ref_axis',(1.,0.,0.));
#4683=DIRECTION('center_axis',(0.,0.,1.));
#4684=DIRECTION('ref_axis',(1.,0.,0.));
#4685=DIRECTION('center_axis',(-0.382683432365089,-0.923879532511287,1.64179214837781E-16));
#4686=DIRECTION('ref_axis',(2.42322399149463E-17,1.66163930845346E-16,1.));
#4687=DIRECTION('center_axis',(-0.382683432365089,-0.923879532511287,1.64179214837781E-16));
#4688=DIRECTION('ref_axis',(0.923879532511287,-0.382683432365089,1.25860785381007E-12));
#4689=DIRECTION('center_axis',(7.9485713383236E-17,1.10588818620154E-16,
1.));
#4690=DIRECTION('ref_axis',(0.965921590469828,-0.258834852877733,2.76472046550386E-17));
#4691=DIRECTION('center_axis',(-2.45193310412174E-17,-1.67550062132956E-16,
-1.));
#4692=DIRECTION('ref_axis',(0.965925826289068,-0.25881904510252,3.02136561711792E-17));
#4693=DIRECTION('center_axis',(-0.259066627682129,0.337622202451756,-0.904928577752429));
#4694=DIRECTION('ref_axis',(0.597351574566761,-0.680231378629541,-0.424801562956595));
#4695=DIRECTION('center_axis',(-0.793353340291235,-0.608761429008721,1.40216791962113E-16));
#4696=DIRECTION('ref_axis',(6.92349711855608E-17,1.10775953896897E-16,1.));
#4697=DIRECTION('center_axis',(-0.793353340291235,-0.608761429008721,1.40216791962113E-16));
#4698=DIRECTION('ref_axis',(0.608761429008721,-0.793353340291235,1.2586904409992E-12));
#4699=DIRECTION('center_axis',(-0.793353340291235,-0.608761429008721,1.40216791962113E-16));
#4700=DIRECTION('ref_axis',(0.608761429008721,-0.793353340291235,1.25863908224755E-12));
#4701=DIRECTION('center_axis',(9.67652162926351E-17,1.10588818620154E-16,
1.));
#4702=DIRECTION('ref_axis',(0.706528826394575,-0.707684263971939,5.52944093100772E-17));
#4703=DIRECTION('center_axis',(0.60876142900872,0.793353340291235,-1.5425365429536E-16));
#4704=DIRECTION('ref_axis',(0.793353340291235,-0.60876142900872,1.25867640413687E-12));
#4705=DIRECTION('center_axis',(-5.37702896809512E-17,-1.29812962600483E-16,
-1.));
#4706=DIRECTION('ref_axis',(0.707106781186548,-0.707106781186547,5.37702896809512E-17));
#4707=DIRECTION('center_axis',(5.6047663531764E-15,-7.02475981159092E-15,
-1.));
#4708=DIRECTION('ref_axis',(0.707106781186553,-0.707106781186542,8.9484665315315E-15));
#4709=DIRECTION('center_axis',(-6.69880581722068E-17,-1.43030731091738E-16,
-1.));
#4710=DIRECTION('ref_axis',(0.707106781186548,-0.707106781186547,6.04273123423583E-17));
#4711=DIRECTION('center_axis',(0.60876142900872,0.793353340291235,-1.5425365429536E-16));
#4712=DIRECTION('ref_axis',(-6.57732226262828E-17,-1.10775953896897E-16,
-1.));
#4713=DIRECTION('center_axis',(0.,0.,1.));
#4714=DIRECTION('ref_axis',(1.,0.,0.));
#4715=DIRECTION('center_axis',(-0.0555471796196103,0.421922718045938,-0.904928577752429));
#4716=DIRECTION('ref_axis',(0.177205949250679,-0.887773441627874,-0.424801562956595));
#4717=DIRECTION('center_axis',(-0.99144486137381,-0.130526192220052,1.03850506272397E-16));
#4718=DIRECTION('ref_axis',(8.3081965422673E-17,1.10775953896897E-16,1.));
#4719=DIRECTION('center_axis',(-0.99144486137381,-0.130526192220052,1.03850506272397E-16));
#4720=DIRECTION('ref_axis',(0.130526192220052,-0.99144486137381,1.25870550440795E-12));
#4721=DIRECTION('center_axis',(-0.99144486137381,-0.130526192220052,1.03850506272397E-16));
#4722=DIRECTION('ref_axis',(0.130526192220052,-0.99144486137381,1.2586541456563E-12));
#4723=DIRECTION('center_axis',(8.98534151288754E-17,0.,1.));
#4724=DIRECTION('ref_axis',(0.258819045102521,-0.965925826289068,8.29416139651158E-17));
#4725=DIRECTION('center_axis',(1.37951147479133E-15,-8.89619141530947E-15,
-1.));
#4726=DIRECTION('ref_axis',(0.258819045102529,-0.965925826289066,8.96814782352357E-15));
#4727=DIRECTION('center_axis',(0.923879532511287,0.38268343236509,-1.23025216809038E-16));
#4728=DIRECTION('ref_axis',(0.38268343236509,-0.923879532511287,1.25870036655975E-12));
#4729=DIRECTION('center_axis',(-7.34515816730276E-17,-9.57239649116077E-17,
-1.));
#4730=DIRECTION('ref_axis',(0.258819045102521,-0.965925826289068,7.34515816730276E-17));
#4731=DIRECTION('center_axis',(-9.15073892134244E-17,-1.00562003960749E-16,
-1.));
#4732=DIRECTION('ref_axis',(0.258819045102521,-0.965925826289068,6.04273123423583E-17));
#4733=DIRECTION('center_axis',(0.923879532511287,0.38268343236509,-1.23025216809038E-16));
#4734=DIRECTION('ref_axis',(-9.00054625412291E-17,-1.10775953896897E-16,
-1.));
#4735=DIRECTION('center_axis',(0.162856090364451,-0.393169382072913,0.904928577751642));
#4736=DIRECTION('ref_axis',(0.290421867060186,-0.857437327879714,-0.424801562958249));
#4737=DIRECTION('center_axis',(0.923879532511287,0.38268343236509,-1.23025216809038E-16));
#4738=DIRECTION('ref_axis',(0.38268343236509,-0.923879532511287,1.2586490078081E-12));
#4739=DIRECTION('center_axis',(0.,0.,1.));
#4740=DIRECTION('ref_axis',(1.,0.,0.));
#4741=DIRECTION('center_axis',(0.,0.,1.));
#4742=DIRECTION('ref_axis',(1.,0.,0.));
#4743=DIRECTION('center_axis',(0.0555471796196107,0.421922718045938,-0.904928577752429));
#4744=DIRECTION('ref_axis',(-0.058604871476204,-0.90338756973344,-0.424801562956595));
#4745=DIRECTION('center_axis',(-0.99144486137381,0.130526192220051,8.39993851875546E-17));
#4746=DIRECTION('ref_axis',(8.3081965422673E-17,1.10775953896897E-16,1.));
#4747=DIRECTION('center_axis',(-0.991444861373811,0.130526192220051,8.39993851875546E-17));
#4748=DIRECTION('ref_axis',(-0.130526192220051,-0.99144486137381,1.25870550440795E-12));
#4749=DIRECTION('center_axis',(-0.99144486137381,0.130526192220051,8.39993851875546E-17));
#4750=DIRECTION('ref_axis',(-0.130526192220051,-0.99144486137381,1.2586541456563E-12));
#4751=DIRECTION('center_axis',(7.60298128013561E-17,0.,1.));
#4752=DIRECTION('ref_axis',(-3.49218753798956E-15,-1.,8.29416139651158E-17));
#4753=DIRECTION('center_axis',(-9.50316714004498E-16,-8.95269597751848E-15,
-1.));
#4754=DIRECTION('ref_axis',(7.97132806423911E-15,-1.,8.97073891477008E-15));
#4755=DIRECTION('center_axis',(0.99144486137381,0.130526192220052,-1.03850506272397E-16));
#4756=DIRECTION('ref_axis',(0.130526192220052,-0.99144486137381,1.25870550440795E-12));
#4757=DIRECTION('center_axis',(-7.60426729195313E-17,-7.60426729195313E-17,
-1.));
#4758=DIRECTION('ref_axis',(-1.98049599949978E-16,-1.,7.60426729195313E-17));
#4759=DIRECTION('center_axis',(-9.47354203841728E-17,-7.60426729195313E-17,
-1.));
#4760=DIRECTION('ref_axis',(1.83170290537774E-16,-1.,6.04273123423583E-17));
#4761=DIRECTION('center_axis',(0.99144486137381,0.130526192220052,-1.03850506272397E-16));
#4762=DIRECTION('ref_axis',(-9.69289596597852E-17,-1.10775953896897E-16,
-1.));
#4763=DIRECTION('center_axis',(0.0555471796198296,-0.421922718047598,0.904928577751642));
#4764=DIRECTION('ref_axis',(0.0586048714754387,-0.903387569732712,-0.424801562958249));
#4765=DIRECTION('center_axis',(0.,0.,1.));
#4766=DIRECTION('ref_axis',(1.,0.,0.));
#4767=DIRECTION('center_axis',(-0.608761429008721,0.793353340291235,3.35962371645919E-17));
#4768=DIRECTION('ref_axis',(6.92349711855608E-17,0.,1.));
#4769=DIRECTION('center_axis',(-0.608761429008721,0.793353340291235,3.35962371645919E-17));
#4770=DIRECTION('ref_axis',(-0.793353340291235,-0.608761429008721,1.25867640413687E-12));
#4771=DIRECTION('center_axis',(0.793353340291235,-0.608761429008721,-4.76330994978393E-17));
#4772=DIRECTION('ref_axis',(-6.92349711855608E-17,0.,-1.));
#4773=DIRECTION('center_axis',(0.793353340291236,-0.60876142900872,-4.76330994978393E-17));
#4774=DIRECTION('ref_axis',(-0.60876142900872,-0.793353340291236,1.25863908224755E-12));
#4775=DIRECTION('center_axis',(0.337622202451756,-0.259066627682129,-0.904928577752429));
#4776=DIRECTION('ref_axis',(-0.753054149114143,0.502447092350635,-0.424801562956595));
#4777=DIRECTION('center_axis',(0.608761429008721,0.793353340291235,3.35962371645919E-17));
#4778=DIRECTION('ref_axis',(-4.84644798298926E-17,0.,1.));
#4779=DIRECTION('center_axis',(0.608761429008721,0.793353340291235,3.35962371645919E-17));
#4780=DIRECTION('ref_axis',(-0.793353340291235,0.608761429008721,1.25853246169276E-12));
#4781=DIRECTION('center_axis',(-9.15813654198154E-17,0.,1.));
#4782=DIRECTION('ref_axis',(-0.86639317752727,0.499362455471175,-2.76472046550386E-17));
#4783=DIRECTION('center_axis',(-7.21224890536752E-15,5.18528239534879E-15,
-1.));
#4784=DIRECTION('ref_axis',(-0.866025403784442,0.499999999999993,8.85667490539078E-15));
#4785=DIRECTION('center_axis',(-0.38268343236509,-0.923879532511287,-2.36706766221706E-17));
#4786=DIRECTION('ref_axis',(-0.923879532511287,0.38268343236509,1.25860101201956E-12));
#4787=DIRECTION('center_axis',(3.80213364597656E-17,-1.01877863995462E-17,
-1.));
#4788=DIRECTION('ref_axis',(-0.866025403784438,0.5,-3.80213364597656E-17));
#4789=DIRECTION('center_axis',(4.73677101920864E-17,6.00060777136053E-18,
-1.));
#4790=DIRECTION('ref_axis',(-0.866025403784439,0.5,-3.02136561711792E-17));
#4791=DIRECTION('center_axis',(-0.38268343236509,-0.923879532511287,-2.36706766221706E-17));
#4792=DIRECTION('ref_axis',(4.84644798298926E-17,0.,-1.));
#4793=DIRECTION('center_axis',(-0.393169382072914,0.162856090364449,0.904928577751642));
#4794=DIRECTION('ref_axis',(-0.811659020589334,0.400940477383104,-0.424801562958249));
#4795=DIRECTION('center_axis',(-0.38268343236509,-0.923879532511287,-2.36706766221706E-17));
#4796=DIRECTION('ref_axis',(-0.923879532511287,0.38268343236509,1.25854965326791E-12));
#4797=DIRECTION('center_axis',(0.,0.,1.));
#4798=DIRECTION('ref_axis',(1.,0.,0.));
#4799=DIRECTION('center_axis',(0.421922718045938,-0.0555471796196109,-0.904928577752429));
#4800=DIRECTION('ref_axis',(-0.90338756973344,0.0586048714762042,-0.424801562956595));
#4801=DIRECTION('center_axis',(0.130526192220052,0.99144486137381,1.85328284187772E-17));
#4802=DIRECTION('ref_axis',(0.,0.,1.));
#4803=DIRECTION('center_axis',(0.130526192220052,0.99144486137381,1.85328284187772E-17));
#4804=DIRECTION('ref_axis',(-0.99144486137381,0.130526192220052,1.2586201867301E-12));
#4805=DIRECTION('center_axis',(0.130526192220052,0.99144486137381,1.85328284187772E-17));
#4806=DIRECTION('ref_axis',(-0.99144486137381,0.130526192220052,1.25856882797845E-12));
#4807=DIRECTION('center_axis',(-6.04782601828969E-17,0.,1.));
#4808=DIRECTION('ref_axis',(-1.,-3.31766455860463E-16,0.));
#4809=DIRECTION('center_axis',(-8.87665330459895E-15,8.74274041084968E-16,
-1.));
#4810=DIRECTION('ref_axis',(-1.,-7.787631044367E-15,8.89469624185055E-15));
#4811=DIRECTION('center_axis',(0.130526192220051,-0.99144486137381,-1.85328284187772E-17));
#4812=DIRECTION('ref_axis',(-0.99144486137381,-0.130526192220051,1.25864003785118E-12));
#4813=DIRECTION('center_axis',(0.,0.,-1.));
#4814=DIRECTION('ref_axis',(-1.,3.81746619822081E-16,0.));
#4815=DIRECTION('center_axis',(-6.05493967999355E-33,1.86927474646415E-17,
-1.));
#4816=DIRECTION('ref_axis',(-1.,0.,0.));
#4817=DIRECTION('center_axis',(0.130526192220051,-0.99144486137381,-1.85328284187772E-17));
#4818=DIRECTION('ref_axis',(0.,0.,-1.));
#4819=DIRECTION('center_axis',(-0.421922718047598,-0.0555471796198294,0.904928577751642));
#4820=DIRECTION('ref_axis',(-0.903387569732712,-0.0586048714754386,-0.424801562958249));
#4821=DIRECTION('center_axis',(0.130526192220052,-0.99144486137381,-1.85328284187772E-17));
#4822=DIRECTION('ref_axis',(-0.99144486137381,-0.130526192220052,1.25858867909953E-12));
#4823=DIRECTION('center_axis',(0.,0.,1.));
#4824=DIRECTION('ref_axis',(1.,0.,0.));
#4825=DIRECTION('center_axis',(0.,0.,1.));
#4826=DIRECTION('ref_axis',(1.,0.,0.));
#4827=DIRECTION('center_axis',(0.421922718045938,0.0555471796196103,-0.904928577752429));
#4828=DIRECTION('ref_axis',(-0.887773441627874,-0.17720594925068,-0.424801562956595));
#4829=DIRECTION('center_axis',(-0.130526192220052,0.99144486137381,1.85328284187772E-17));
#4830=DIRECTION('ref_axis',(2.42322399149463E-17,0.,1.));
#4831=DIRECTION('center_axis',(-0.130526192220052,0.99144486137381,1.85328284187772E-17));
#4832=DIRECTION('ref_axis',(-0.99144486137381,-0.130526192220052,1.25858867909953E-12));
#4833=DIRECTION('center_axis',(-3.9742856691618E-17,0.,1.));
#4834=DIRECTION('ref_axis',(-0.965925826289068,-0.258819045102521,2.76472046550386E-17));
#4835=DIRECTION('center_axis',(-8.82014874238994E-15,-1.45555414771086E-15,
-1.));
#4836=DIRECTION('ref_axis',(-0.965925826289066,-0.258819045102529,8.91437753384262E-15));
#4837=DIRECTION('center_axis',(0.38268343236509,-0.923879532511287,-2.36706766221707E-17));
#4838=DIRECTION('ref_axis',(-0.923879532511287,-0.38268343236509,1.25865921256172E-12));
#4839=DIRECTION('center_axis',(-1.96812919920765E-17,-2.59109124650368E-18,
-1.));
#4840=DIRECTION('ref_axis',(-0.965925826289068,-0.258819045102521,1.96812919920765E-17));
#4841=DIRECTION('center_axis',(-2.45193310412176E-17,1.54647162938931E-17,
-1.));
#4842=DIRECTION('ref_axis',(-0.965925826289068,-0.258819045102522,3.02136561711792E-17));
#4843=DIRECTION('center_axis',(0.38268343236509,-0.923879532511287,-2.36706766221707E-17));
#4844=DIRECTION('ref_axis',(-2.42322399149463E-17,0.,-1.));
#4845=DIRECTION('center_axis',(-0.393169382072913,-0.162856090364451,0.904928577751642));
#4846=DIRECTION('ref_axis',(-0.857437327879714,-0.290421867060186,-0.424801562958249));
#4847=DIRECTION('center_axis',(0.38268343236509,-0.923879532511287,-2.36706766221706E-17));
#4848=DIRECTION('ref_axis',(-0.923879532511287,-0.38268343236509,1.25860785381007E-12));
#4849=DIRECTION('center_axis',(0.,0.,1.));
#4850=DIRECTION('ref_axis',(1.,0.,0.));
#4851=DIRECTION('center_axis',(0.259066627682129,0.337622202451756,-0.904928577752429));
#4852=DIRECTION('ref_axis',(-0.502447092350634,-0.753054149114144,-0.424801562956595));
#4853=DIRECTION('center_axis',(-0.793353340291236,0.60876142900872,4.76330994978393E-17));
#4854=DIRECTION('ref_axis',(8.3081965422673E-17,0.,1.));
#4855=DIRECTION('center_axis',(-0.793353340291236,0.60876142900872,4.76330994978393E-17));
#4856=DIRECTION('ref_axis',(-0.60876142900872,-0.793353340291235,1.25863908224755E-12));
#4857=DIRECTION('center_axis',(3.45590058187982E-17,0.,1.));
#4858=DIRECTION('ref_axis',(-0.499999999999998,-0.86602540378444,5.52944093100772E-17));
#4859=DIRECTION('center_axis',(-5.26132506826832E-15,-7.28829157828706E-15,
-1.));
#4860=DIRECTION('ref_axis',(-0.499999999999993,-0.866025403784443,8.96055112837053E-15));
#4861=DIRECTION('center_axis',(0.923879532511287,-0.382683432365089,-6.48246746509138E-17));
#4862=DIRECTION('ref_axis',(-0.382683432365089,-0.923879532511287,1.25870036655975E-12));
#4863=DIRECTION('center_axis',(-6.58548865199851E-17,-3.80213364597657E-17,
-1.));
#4864=DIRECTION('ref_axis',(-0.5,-0.866025403784439,6.58548865199851E-17));
#4865=DIRECTION('center_axis',(-8.20432806908918E-17,-2.86749627274449E-17,
-1.));
#4866=DIRECTION('ref_axis',(-0.499999999999999,-0.866025403784439,6.04273123423583E-17));
#4867=DIRECTION('center_axis',(0.923879532511287,-0.382683432365089,-6.48246746509138E-17));
#4868=DIRECTION('ref_axis',(-8.3081965422673E-17,0.,-1.));
#4869=DIRECTION('center_axis',(-0.162856090364449,-0.393169382072914,0.904928577751642));
#4870=DIRECTION('ref_axis',(-0.400940477383104,-0.811659020589334,-0.424801562958249));
#4871=DIRECTION('center_axis',(0.923879532511287,-0.382683432365089,-6.48246746509138E-17));
#4872=DIRECTION('ref_axis',(-0.382683432365089,-0.923879532511287,1.2586490078081E-12));
#4873=DIRECTION('center_axis',(0.393169382071367,0.162856090363809,-0.904928577752429));
#4874=DIRECTION('ref_axis',(-0.811659020590347,-0.400940477382806,-0.424801562956595));
#4875=DIRECTION('center_axis',(-0.38268343236509,0.923879532511287,2.36706766221706E-17));
#4876=DIRECTION('ref_axis',(4.84644798298926E-17,0.,1.));
#4877=DIRECTION('center_axis',(-0.38268343236509,0.923879532511287,2.36706766221706E-17));
#4878=DIRECTION('ref_axis',(-0.923879532511287,-0.38268343236509,1.25860785381007E-12));
#4879=DIRECTION('center_axis',(-1.55515526184592E-17,0.,1.));
#4880=DIRECTION('ref_axis',(-0.86639317752727,-0.499362455471175,2.76472046550386E-17));
#4881=DIRECTION('center_axis',(0.608761429008721,-0.793353340291235,-3.35962371645919E-17));
#4882=DIRECTION('ref_axis',(-0.793353340291235,-0.608761429008721,1.25867640413687E-12));
#4883=DIRECTION('center_axis',(-3.80213364597657E-17,-1.01877863995462E-17,
-1.));
#4884=DIRECTION('ref_axis',(-0.866025403784438,-0.5,3.80213364597657E-17));
#4885=DIRECTION('center_axis',(-8.16256561937202E-15,-3.69137090925016E-15,
-1.));
#4886=DIRECTION('ref_axis',(-0.866025403784434,-0.500000000000007,8.93271757831031E-15));
#4887=DIRECTION('center_axis',(-4.73677101920864E-17,6.0006077713605E-18,
-1.));
#4888=DIRECTION('ref_axis',(-0.866025403784438,-0.5,3.02136561711792E-17));
#4889=DIRECTION('center_axis',(0.608761429008721,-0.793353340291235,-3.35962371645919E-17));
#4890=DIRECTION('ref_axis',(-4.84644798298926E-17,0.,-1.));
#4891=DIRECTION('center_axis',(0.,0.,1.));
#4892=DIRECTION('ref_axis',(1.,0.,0.));
#4893=DIRECTION('center_axis',(0.162856090363809,0.393169382071367,-0.904928577752429));
#4894=DIRECTION('ref_axis',(-0.290421867061113,-0.85743732788022,-0.424801562956595));
#4895=DIRECTION('center_axis',(-0.923879532511287,0.382683432365089,6.48246746509138E-17));
#4896=DIRECTION('ref_axis',(9.00054625412291E-17,0.,1.));
#4897=DIRECTION('center_axis',(-0.923879532511287,0.382683432365089,6.48246746509138E-17));
#4898=DIRECTION('ref_axis',(-0.382683432365089,-0.923879532511287,1.2586490078081E-12));
#4899=DIRECTION('center_axis',(5.70223596010171E-17,0.,1.));
#4900=DIRECTION('ref_axis',(-0.25881904510252,-0.965925826289069,8.29416139651158E-17));
#4901=DIRECTION('center_axis',(-3.21538238921354E-15,-8.40427128638225E-15,
-1.));
#4902=DIRECTION('ref_axis',(-0.258819045102513,-0.96592582628907,8.96814782352358E-15));
#4903=DIRECTION('center_axis',(0.991444861373811,-0.130526192220051,-8.39993851875546E-17));
#4904=DIRECTION('ref_axis',(-0.130526192220051,-0.99144486137381,1.25870550440795E-12));
#4905=DIRECTION('center_axis',(-7.34515816730276E-17,-5.63613809274549E-17,
-1.));
#4906=DIRECTION('ref_axis',(-0.258819045102521,-0.965925826289068,7.34515816730276E-17));
#4907=DIRECTION('center_axis',(-9.15073892134244E-17,-5.15233418783138E-17,
-1.));
#4908=DIRECTION('ref_axis',(-0.25881904510252,-0.965925826289068,6.04273123423584E-17));
#4909=DIRECTION('center_axis',(0.991444861373811,-0.130526192220051,-8.39993851875546E-17));
#4910=DIRECTION('ref_axis',(-9.00054625412291E-17,0.,-1.));
#4911=DIRECTION('center_axis',(-0.0555471796198281,-0.421922718047598,0.904928577751642));
#4912=DIRECTION('ref_axis',(-0.177205949251229,-0.887773441626972,-0.424801562958249));
#4913=DIRECTION('center_axis',(0.393169382071367,-0.16285609036381,-0.904928577752429));
#4914=DIRECTION('ref_axis',(-0.85743732788022,0.290421867061113,-0.424801562956595));
#4915=DIRECTION('center_axis',(0.38268343236509,0.923879532511287,2.36706766221706E-17));
#4916=DIRECTION('ref_axis',(-2.42322399149463E-17,0.,1.));
#4917=DIRECTION('center_axis',(0.38268343236509,0.923879532511287,2.36706766221706E-17));
#4918=DIRECTION('ref_axis',(-0.923879532511287,0.38268343236509,1.25854965326791E-12));
#4919=DIRECTION('center_axis',(-7.9485713383236E-17,0.,1.));
#4920=DIRECTION('ref_axis',(-0.965925826289069,0.258819045102519,-2.76472046550386E-17));
#4921=DIRECTION('center_axis',(-8.32822861346272E-15,3.13933971629401E-15,
-1.));
#4922=DIRECTION('ref_axis',(-0.96592582628907,0.258819045102513,8.87501494985847E-15));
#4923=DIRECTION('center_axis',(-0.130526192220052,-0.99144486137381,-1.85328284187772E-17));
#4924=DIRECTION('ref_axis',(-0.99144486137381,0.130526192220052,1.2586201867301E-12));
#4925=DIRECTION('center_axis',(1.96812919920764E-17,-2.59109124650367E-18,
-1.));
#4926=DIRECTION('ref_axis',(-0.965925826289068,0.258819045102521,-1.96812919920764E-17));
#4927=DIRECTION('center_axis',(2.45193310412175E-17,1.54647162938931E-17,
-1.));
#4928=DIRECTION('ref_axis',(-0.965925826289068,0.258819045102521,-3.02136561711792E-17));
#4929=DIRECTION('center_axis',(-0.130526192220052,-0.99144486137381,-1.85328284187772E-17));
#4930=DIRECTION('ref_axis',(2.42322399149463E-17,0.,-1.));
#4931=DIRECTION('center_axis',(-0.421922718047598,0.0555471796198284,0.904928577751642));
#4932=DIRECTION('ref_axis',(-0.887773441626972,0.17720594925123,-0.424801562958249));
#4933=DIRECTION('center_axis',(2.45193310412175E-17,-1.67550062132956E-16,
-1.));
#4934=DIRECTION('ref_axis',(0.965925826289068,0.258819045102521,-3.02136561711792E-17));
#4935=DIRECTION('center_axis',(0.,0.,1.));
#4936=DIRECTION('ref_axis',(1.,0.,0.));
#4937=DIRECTION('center_axis',(0.,0.,1.));
#4938=DIRECTION('ref_axis',(1.,0.,0.));
#4939=DIRECTION('center_axis',(0.162856090363809,-0.393169382071367,-0.904928577752429));
#4940=DIRECTION('ref_axis',(-0.400940477382805,0.811659020590347,-0.424801562956595));
#4941=DIRECTION('center_axis',(0.923879532511287,0.38268343236509,6.48246746509138E-17));
#4942=DIRECTION('ref_axis',(-8.3081965422673E-17,0.,1.));
#4943=DIRECTION('center_axis',(0.923879532511287,0.38268343236509,6.48246746509138E-17));
#4944=DIRECTION('ref_axis',(-0.38268343236509,0.923879532511287,1.25855985802153E-12));
#4945=DIRECTION('center_axis',(0.923879532511287,0.38268343236509,6.48246746509138E-17));
#4946=DIRECTION('ref_axis',(-0.38268343236509,0.923879532511287,1.25850849926988E-12));
#4947=DIRECTION('center_axis',(-9.67652162926351E-17,1.10588818620154E-16,
1.));
#4948=DIRECTION('ref_axis',(-0.499999999999999,0.866025403784439,-5.52944093100772E-17));
#4949=DIRECTION('center_axis',(-3.61532823633063E-15,8.08652294645249E-15,
-1.));
#4950=DIRECTION('ref_axis',(-0.500000000000007,0.866025403784435,8.82884135533056E-15));
#4951=DIRECTION('center_axis',(-0.793353340291235,-0.608761429008721,-4.76330994978393E-17));
#4952=DIRECTION('ref_axis',(-0.608761429008721,0.793353340291235,1.25856978358207E-12));
#4953=DIRECTION('center_axis',(6.58548865199851E-17,-3.80213364597656E-17,
-1.));
#4954=DIRECTION('ref_axis',(-0.5,0.866025403784439,-6.58548865199851E-17));
#4955=DIRECTION('center_axis',(8.20432806908918E-17,-2.86749627274449E-17,
-1.));
#4956=DIRECTION('ref_axis',(-0.5,0.866025403784439,-6.04273123423583E-17));
#4957=DIRECTION('center_axis',(-0.793353340291235,-0.608761429008721,-4.76330994978393E-17));
#4958=DIRECTION('ref_axis',(8.3081965422673E-17,0.,-1.));
#4959=DIRECTION('center_axis',(-0.259066627683149,0.337622202453084,0.904928577751642));
#4960=DIRECTION('ref_axis',(-0.502447092349608,0.753054149113895,-0.424801562958249));
#4961=DIRECTION('center_axis',(-0.793353340291235,-0.608761429008721,-4.76330994978393E-17));
#4962=DIRECTION('ref_axis',(-0.608761429008721,0.793353340291235,1.25851842483042E-12));
#4963=DIRECTION('center_axis',(0.,0.,1.));
#4964=DIRECTION('ref_axis',(1.,0.,0.));
#4965=DIRECTION('center_axis',(0.0555471796196101,-0.421922718045938,-0.904928577752429));
#4966=DIRECTION('ref_axis',(-0.177205949250679,0.887773441627874,-0.424801562956595));
#4967=DIRECTION('center_axis',(0.99144486137381,0.130526192220052,8.39993851875546E-17));
#4968=DIRECTION('ref_axis',(-9.00054625412291E-17,0.,1.));
#4969=DIRECTION('center_axis',(0.99144486137381,0.130526192220052,8.39993851875546E-17));
#4970=DIRECTION('ref_axis',(-0.130526192220052,0.99144486137381,1.25855472017333E-12));
#4971=DIRECTION('center_axis',(0.99144486137381,0.130526192220052,8.39993851875546E-17));
#4972=DIRECTION('ref_axis',(-0.130526192220052,0.99144486137381,1.25850336142168E-12));
#4973=DIRECTION('center_axis',(-8.98534151288754E-17,1.10588818620154E-16,
1.));
#4974=DIRECTION('ref_axis',(-0.258819045102519,0.965925826289069,-8.29416139651158E-17));
#4975=DIRECTION('center_axis',(-1.37951147479133E-15,8.7441060694704E-15,
-1.));
#4976=DIRECTION('ref_axis',(-0.258819045102529,0.965925826289066,8.82124466017752E-15));
#4977=DIRECTION('center_axis',(-0.923879532511287,-0.38268343236509,-6.48246746509138E-17));
#4978=DIRECTION('ref_axis',(-0.38268343236509,0.923879532511287,1.25855985802153E-12));
#4979=DIRECTION('center_axis',(7.34515816730276E-17,-5.63613809274549E-17,
-1.));
#4980=DIRECTION('ref_axis',(-0.258819045102521,0.965925826289068,-7.34515816730276E-17));
#4981=DIRECTION('center_axis',(9.15073892134244E-17,-5.15233418783138E-17,
-1.));
#4982=DIRECTION('ref_axis',(-0.258819045102521,0.965925826289068,-6.04273123423583E-17));
#4983=DIRECTION('center_axis',(-0.923879532511287,-0.38268343236509,-6.48246746509138E-17));
#4984=DIRECTION('ref_axis',(9.00054625412291E-17,-5.53879769484487E-17,
-1.));
#4985=DIRECTION('center_axis',(-0.162856090364451,0.393169382072913,0.904928577751642));
#4986=DIRECTION('ref_axis',(-0.290421867060185,0.857437327879714,-0.424801562958249));
#4987=DIRECTION('center_axis',(0.,0.,1.));
#4988=DIRECTION('ref_axis',(1.,0.,0.));
#4989=DIRECTION('center_axis',(4.73677101920864E-17,-1.58085953610423E-16,
-1.));
#4990=DIRECTION('ref_axis',(0.866025403784438,0.5,-3.02136561711792E-17));
#4991=DIRECTION('center_axis',(0.,0.,1.));
#4992=DIRECTION('ref_axis',(1.,0.,0.));
#4993=DIRECTION('center_axis',(6.69880581722069E-17,-1.43030731091738E-16,
-1.));
#4994=DIRECTION('ref_axis',(0.707106781186547,0.707106781186548,-6.04273123423584E-17));
#4995=DIRECTION('center_axis',(-0.793353340291235,0.608761429008721,-1.40216791962113E-16));
#4996=DIRECTION('ref_axis',(6.92349711855608E-17,-1.10775953896897E-16,
-1.));
#4997=DIRECTION('center_axis',(0.259066627683148,0.337622202453085,0.904928577751642));
#4998=DIRECTION('ref_axis',(0.597351574566787,0.680231378628485,-0.424801562958249));
#4999=DIRECTION('center_axis',(-0.793353340291235,0.608761429008721,-1.40216791962112E-16));
#5000=DIRECTION('ref_axis',(0.608761429008721,0.793353340291235,1.25851842483042E-12));
#5001=DIRECTION('center_axis',(0.,0.,1.));
#5002=DIRECTION('ref_axis',(1.,0.,0.));
#5003=DIRECTION('center_axis',(-0.16285609036381,-0.393169382071367,-0.904928577752429));
#5004=DIRECTION('ref_axis',(0.290421867061113,0.85743732788022,-0.424801562956595));
#5005=DIRECTION('center_axis',(0.923879532511287,-0.38268343236509,1.23025216809038E-16));
#5006=DIRECTION('ref_axis',(-9.00054625412291E-17,1.10775953896897E-16,
1.));
#5007=DIRECTION('center_axis',(0.923879532511287,-0.38268343236509,1.23025216809038E-16));
#5008=DIRECTION('ref_axis',(0.38268343236509,0.923879532511287,1.25855985802153E-12));
#5009=DIRECTION('center_axis',(0.923879532511287,-0.38268343236509,1.23025216809038E-16));
#5010=DIRECTION('ref_axis',(0.38268343236509,0.923879532511287,1.25850849926988E-12));
#5011=DIRECTION('center_axis',(-5.70223596010171E-17,1.10588818620154E-16,
1.));
#5012=DIRECTION('ref_axis',(0.258819045102518,0.965925826289069,-8.29416139651158E-17));
#5013=DIRECTION('center_axis',(3.21538238921354E-15,8.25218594054318E-15,
-1.));
#5014=DIRECTION('ref_axis',(0.258819045102513,0.96592582628907,8.82124466017752E-15));
#5015=DIRECTION('center_axis',(-0.99144486137381,0.130526192220052,-1.03850506272397E-16));
#5016=DIRECTION('ref_axis',(0.130526192220052,0.99144486137381,1.25855472017333E-12));
#5017=DIRECTION('center_axis',(7.34515816730276E-17,-9.57239649116077E-17,
-1.));
#5018=DIRECTION('ref_axis',(0.258819045102521,0.965925826289068,-7.34515816730276E-17));
#5019=DIRECTION('center_axis',(9.15073892134244E-17,-1.00562003960749E-16,
-1.));
#5020=DIRECTION('ref_axis',(0.258819045102521,0.965925826289068,-6.04273123423583E-17));
#5021=DIRECTION('center_axis',(-0.99144486137381,0.130526192220052,-1.03850506272397E-16));
#5022=DIRECTION('ref_axis',(8.3081965422673E-17,-1.10775953896897E-16,-1.));
#5023=DIRECTION('center_axis',(0.0555471796198282,0.421922718047598,0.904928577751642));
#5024=DIRECTION('ref_axis',(0.17720594925123,0.887773441626972,-0.424801562958249));
#5025=DIRECTION('center_axis',(-0.99144486137381,0.130526192220052,-1.03850506272397E-16));
#5026=DIRECTION('ref_axis',(0.130526192220052,0.99144486137381,1.25850336142168E-12));
#5027=DIRECTION('center_axis',(0.,0.,1.));
#5028=DIRECTION('ref_axis',(1.,0.,0.));
#5029=DIRECTION('center_axis',(0.,0.,1.));
#5030=DIRECTION('ref_axis',(1.,0.,0.));
#5031=DIRECTION('center_axis',(-0.259066627682129,-0.337622202451756,-0.904928577752429));
#5032=DIRECTION('ref_axis',(0.502447092350635,0.753054149114143,-0.424801562956595));
#5033=DIRECTION('center_axis',(0.793353340291235,-0.608761429008721,1.40216791962112E-16));
#5034=DIRECTION('ref_axis',(-8.3081965422673E-17,1.10775953896897E-16,1.));
#5035=DIRECTION('center_axis',(0.793353340291235,-0.608761429008721,1.40216791962112E-16));
#5036=DIRECTION('ref_axis',(0.608761429008721,0.793353340291235,1.25851842483042E-12));
#5037=DIRECTION('center_axis',(-3.45590058187982E-17,2.21177637240309E-16,
1.));
#5038=DIRECTION('ref_axis',(0.500000000000001,0.866025403784438,-5.52944093100772E-17));
#5039=DIRECTION('center_axis',(5.26132506826832E-15,7.13620623244799E-15,
-1.));
#5040=DIRECTION('ref_axis',(0.499999999999993,0.866025403784442,8.82884135533056E-15));
#5041=DIRECTION('center_axis',(-0.923879532511287,0.38268343236509,-1.23025216809038E-16));
#5042=DIRECTION('ref_axis',(0.38268343236509,0.923879532511287,1.25855985802153E-12));
#5043=DIRECTION('center_axis',(6.58548865199851E-17,-1.14064009379297E-16,
-1.));
#5044=DIRECTION('ref_axis',(0.5,0.866025403784438,-6.5854886519985E-17));
#5045=DIRECTION('center_axis',(8.20432806908918E-17,-1.23410383111618E-16,
-1.));
#5046=DIRECTION('ref_axis',(0.5,0.866025403784439,-6.04273123423583E-17));
#5047=DIRECTION('center_axis',(-0.923879532511287,0.38268343236509,-1.23025216809038E-16));
#5048=DIRECTION('ref_axis',(8.3081965422673E-17,-1.10775953896897E-16,-1.));
#5049=DIRECTION('center_axis',(0.162856090364449,0.393169382072914,0.904928577751642));
#5050=DIRECTION('ref_axis',(0.400940477383104,0.811659020589334,-0.424801562958249));
#5051=DIRECTION('center_axis',(-0.0555471796196107,-0.421922718045938,-0.904928577752429));
#5052=DIRECTION('ref_axis',(0.0586048714762041,0.90338756973344,-0.424801562956595));
#5053=DIRECTION('center_axis',(0.99144486137381,-0.130526192220052,1.03850506272397E-16));
#5054=DIRECTION('ref_axis',(-9.69289596597852E-17,1.10775953896897E-16,
1.));
#5055=DIRECTION('center_axis',(0.99144486137381,-0.130526192220052,1.03850506272397E-16));
#5056=DIRECTION('ref_axis',(0.130526192220052,0.99144486137381,1.25850336142168E-12));
#5057=DIRECTION('center_axis',(-7.60298128013561E-17,1.10588818620154E-16,
1.));
#5058=DIRECTION('ref_axis',(-1.71585463890333E-15,1.,-8.29416139651158E-17));
#5059=DIRECTION('center_axis',(9.50316714004499E-16,8.80061063167942E-15,
-1.));
#5060=DIRECTION('ref_axis',(-7.84886338432437E-15,1.,8.81865356893101E-15));
#5061=DIRECTION('center_axis',(-0.99144486137381,-0.130526192220052,-8.39993851875546E-17));
#5062=DIRECTION('ref_axis',(-0.130526192220052,0.99144486137381,1.25855472017333E-12));
#5063=DIRECTION('center_axis',(7.60426729195313E-17,-7.60426729195313E-17,
-1.));
#5064=DIRECTION('ref_axis',(3.20514279864713E-16,1.,-7.60426729195313E-17));
#5065=DIRECTION('center_axis',(9.47354203841728E-17,-7.60426729195313E-17,
-1.));
#5066=DIRECTION('ref_axis',(-6.2315665853057E-17,1.,-6.04273123423583E-17));
#5067=DIRECTION('center_axis',(-0.99144486137381,-0.130526192220052,-8.39993851875546E-17));
#5068=DIRECTION('ref_axis',(8.3081965422673E-17,-1.10775953896897E-16,-1.));
#5069=DIRECTION('center_axis',(-0.0555471796198295,0.421922718047598,0.904928577751642));
#5070=DIRECTION('ref_axis',(-0.0586048714754386,0.903387569732712,-0.424801562958249));
#5071=DIRECTION('center_axis',(0.793353340291235,0.608761429008721,4.76330994978393E-17));
#5072=DIRECTION('ref_axis',(-6.92349711855608E-17,0.,1.));
#5073=DIRECTION('center_axis',(0.793353340291235,0.608761429008721,4.76330994978393E-17));
#5074=DIRECTION('ref_axis',(-0.608761429008721,0.793353340291235,1.25851842483042E-12));
#5075=DIRECTION('center_axis',(-9.67652162926351E-17,1.10588818620154E-16,
1.));
#5076=DIRECTION('ref_axis',(-0.70710370666769,0.707109855692037,-5.52944093100772E-17));
#5077=DIRECTION('center_axis',(-0.608761429008721,-0.793353340291235,-3.35962371645919E-17));
#5078=DIRECTION('ref_axis',(-0.793353340291235,0.608761429008721,1.25858382044441E-12));
#5079=DIRECTION('center_axis',(5.37702896809512E-17,-2.22723832385801E-17,
-1.));
#5080=DIRECTION('ref_axis',(-0.707106781186547,0.707106781186548,-5.37702896809512E-17));
#5081=DIRECTION('center_axis',(-0.608761429008721,-0.793353340291235,-3.35962371645919E-17));
#5082=DIRECTION('ref_axis',(6.92349711855608E-17,0.,-1.));
#5083=DIRECTION('center_axis',(-0.162856090363809,0.393169382071367,-0.904928577752429));
#5084=DIRECTION('ref_axis',(0.400940477382806,-0.811659020590347,-0.424801562956595));
#5085=DIRECTION('center_axis',(-0.923879532511287,-0.38268343236509,1.23025216809038E-16));
#5086=DIRECTION('ref_axis',(8.3081965422673E-17,1.10775953896897E-16,1.));
#5087=DIRECTION('center_axis',(-0.923879532511287,-0.38268343236509,1.23025216809038E-16));
#5088=DIRECTION('ref_axis',(0.38268343236509,-0.923879532511287,1.2586490078081E-12));
#5089=DIRECTION('center_axis',(9.67652162926351E-17,1.10588818620154E-16,
1.));
#5090=DIRECTION('ref_axis',(0.5,-0.866025403784439,5.52944093100772E-17));
#5091=DIRECTION('center_axis',(3.61532823633063E-15,-8.23860829229155E-15,
-1.));
#5092=DIRECTION('ref_axis',(0.500000000000007,-0.866025403784434,8.96055112837053E-15));
#5093=DIRECTION('center_axis',(0.793353340291235,0.608761429008721,-1.40216791962113E-16));
#5094=DIRECTION('ref_axis',(0.608761429008721,-0.793353340291235,1.2586904409992E-12));
#5095=DIRECTION('center_axis',(-6.5854886519985E-17,-1.14064009379297E-16,
-1.));
#5096=DIRECTION('ref_axis',(0.5,-0.866025403784438,6.58548865199851E-17));
#5097=DIRECTION('center_axis',(-8.20432806908918E-17,-1.23410383111618E-16,
-1.));
#5098=DIRECTION('ref_axis',(0.500000000000001,-0.866025403784438,6.04273123423583E-17));
#5099=DIRECTION('center_axis',(0.793353340291235,0.608761429008721,-1.40216791962113E-16));
#5100=DIRECTION('ref_axis',(-8.3081965422673E-17,-1.10775953896897E-16,
-1.));
#5101=DIRECTION('center_axis',(0.259066627683149,-0.337622202453084,0.904928577751642));
#5102=DIRECTION('ref_axis',(0.502447092349608,-0.753054149113895,-0.424801562958249));
#5103=DIRECTION('center_axis',(0.,0.,1.));
#5104=DIRECTION('ref_axis',(1.,0.,0.));
#5105=DIRECTION('center_axis',(1.76566826139292E-32,-1.70778093303704E-16,
-1.));
#5106=DIRECTION('ref_axis',(1.,1.20854624684717E-16,0.));
#5107=DIRECTION('center_axis',(0.,0.,1.));
#5108=DIRECTION('ref_axis',(1.,0.,0.));
#5109=DIRECTION('',(7.18203573881503E-16,-1.,0.));
#5110=DIRECTION('',(-1.,-1.0054850034341E-14,0.));
#5111=DIRECTION('',(7.79103876929934E-16,1.,0.));
#5112=DIRECTION('',(1.,1.00548500343411E-14,0.));
#5113=DIRECTION('center_axis',(3.77056876287792E-15,-1.,0.));
#5114=DIRECTION('ref_axis',(1.,3.77056876287792E-15,0.));
#5115=DIRECTION('',(0.,0.,1.));
#5116=DIRECTION('',(1.,3.77056876287792E-15,0.));
#5117=DIRECTION('',(0.,0.,1.));
#5118=DIRECTION('center_axis',(-1.00548500343411E-14,1.,0.));
#5119=DIRECTION('ref_axis',(-1.,-1.00548500343411E-14,0.));
#5120=DIRECTION('',(0.,0.,1.));
#5121=DIRECTION('',(-1.,-1.00548500343411E-14,0.));
#5122=DIRECTION('',(0.,0.,1.));
#5123=DIRECTION('center_axis',(0.,0.,1.));
#5124=DIRECTION('ref_axis',(1.,0.,0.));
#5125=DIRECTION('',(7.79103876929934E-16,1.,0.));
#5126=DIRECTION('',(7.18203573881503E-16,-1.,0.));
#5127=DIRECTION('center_axis',(0.,0.,1.));
#5128=DIRECTION('ref_axis',(-1.,0.,0.));
#5129=DIRECTION('',(7.18203573881503E-16,-1.,0.));
#5130=DIRECTION('center_axis',(0.,0.,1.));
#5131=DIRECTION('ref_axis',(-1.,0.,0.));
#5132=DIRECTION('',(0.,-1.,0.));
#5133=DIRECTION('',(-1.,-1.11022302462515E-14,0.));
#5134=DIRECTION('',(-9.00537376510561E-15,1.,0.));
#5135=DIRECTION('',(-1.,0.,0.));
#5136=DIRECTION('',(7.79103876929934E-16,1.,0.));
#5137=DIRECTION('',(-1.,-1.0054850034341E-14,0.));
#5138=DIRECTION('center_axis',(0.,0.,1.));
#5139=DIRECTION('ref_axis',(-1.,0.,0.));
#5140=DIRECTION('',(-1.,2.61457522299224E-13,0.));
#5141=DIRECTION('',(-1.40375294014673E-14,1.,0.));
#5142=DIRECTION('',(1.,0.,0.));
#5143=DIRECTION('center_axis',(0.,0.,1.));
#5144=DIRECTION('ref_axis',(1.,0.,0.));
#5145=DIRECTION('center_axis',(0.,0.,1.));
#5146=DIRECTION('ref_axis',(-1.,0.,0.));
#5147=DIRECTION('',(1.,4.08872457993673E-15,0.));
#5148=DIRECTION('',(-3.33692834387253E-14,-1.,0.));
#5149=DIRECTION('center_axis',(-1.,0.,0.));
#5150=DIRECTION('ref_axis',(0.,-1.,0.));
#5151=DIRECTION('',(0.,0.,1.));
#5152=DIRECTION('center_axis',(-1.11022302462515E-14,1.,0.));
#5153=DIRECTION('ref_axis',(-1.,-1.11022302462515E-14,0.));
#5154=DIRECTION('',(0.,0.,1.));
#5155=DIRECTION('center_axis',(1.,9.00537376510561E-15,0.));
#5156=DIRECTION('ref_axis',(-9.00537376510561E-15,1.,0.));
#5157=DIRECTION('',(0.,0.,1.));
#5158=DIRECTION('center_axis',(0.,1.,0.));
#5159=DIRECTION('ref_axis',(-1.,0.,0.));
#5160=DIRECTION('',(0.,0.,1.));
#5161=DIRECTION('center_axis',(1.,-7.79103876929934E-16,0.));
#5162=DIRECTION('ref_axis',(7.79103876929934E-16,1.,0.));
#5163=DIRECTION('',(0.,0.,1.));
#5164=DIRECTION('center_axis',(-1.0054850034341E-14,1.,0.));
#5165=DIRECTION('ref_axis',(-1.,-1.0054850034341E-14,0.));
#5166=DIRECTION('',(0.,0.,1.));
#5167=DIRECTION('center_axis',(-1.,-7.18203573881503E-16,0.));
#5168=DIRECTION('ref_axis',(7.18203573881503E-16,-1.,0.));
#5169=DIRECTION('',(0.,0.,1.));
#5170=DIRECTION('center_axis',(4.08872457993673E-15,-1.,0.));
#5171=DIRECTION('ref_axis',(1.,4.08872457993673E-15,0.));
#5172=DIRECTION('',(0.,0.,1.));
#5173=DIRECTION('center_axis',(-1.,3.33692834387253E-14,0.));
#5174=DIRECTION('ref_axis',(-3.33692834387253E-14,-1.,0.));
#5175=DIRECTION('center_axis',(0.,1.,0.));
#5176=DIRECTION('ref_axis',(-1.,0.,0.));
#5177=DIRECTION('',(0.,0.,1.));
#5178=DIRECTION('',(0.,0.,1.));
#5179=DIRECTION('center_axis',(1.,1.22923446663046E-14,0.));
#5180=DIRECTION('ref_axis',(-1.22923446663046E-14,1.,0.));
#5181=DIRECTION('',(0.,0.,1.));
#5182=DIRECTION('center_axis',(-2.61457522299224E-13,-1.,0.));
#5183=DIRECTION('ref_axis',(1.,-2.61457522299224E-13,0.));
#5184=DIRECTION('',(0.,0.,1.));
#5185=DIRECTION('center_axis',(0.,0.,1.));
#5186=DIRECTION('ref_axis',(-1.,9.07166634893275E-14,0.));
#5187=DIRECTION('',(0.,0.,-1.));
#5188=DIRECTION('',(1.,0.,0.));
#5189=CARTESIAN_POINT('',(0.,0.,0.));
#5190=CARTESIAN_POINT('',(0.,0.,0.));
#5191=CARTESIAN_POINT('Origin',(-19.2638501270116,-36.2890474639637,3.));
#5192=CARTESIAN_POINT('',(-24.3259823056227,-36.2890474639637,3.));
#5193=CARTESIAN_POINT('',(-22.1377056750448,-36.2890474639641,-6.40103893674298));
#5194=CARTESIAN_POINT('Ctrl Pts',(-24.3259823056227,-36.2890474639637,3.));
#5195=CARTESIAN_POINT('Ctrl Pts',(-24.1522632770539,-36.2890474639639,0.10281753538214));
#5196=CARTESIAN_POINT('Ctrl Pts',(-23.6566803082881,-36.289047463964,-2.97276715755553));
#5197=CARTESIAN_POINT('Ctrl Pts',(-22.4529416162552,-36.2890474639641,-5.77162165380167));
#5198=CARTESIAN_POINT('Ctrl Pts',(-22.3043397743417,-36.2890474639641,-6.08826880993794));
#5199=CARTESIAN_POINT('Ctrl Pts',(-22.1377056750448,-36.2890474639641,-6.40103893674298));
#5200=CARTESIAN_POINT('',(-16.2502249836184,-36.2890474639636,3.));
#5201=CARTESIAN_POINT('',(-19.2638501270116,-36.2890474639637,3.));
#5202=CARTESIAN_POINT('',(-16.2502249836177,-36.2890474639642,-10.));
#5203=CARTESIAN_POINT('',(-16.2502249836177,-36.2890474639642,-10.));
#5204=CARTESIAN_POINT('',(-16.8643853198611,-36.2890474639642,-10.));
#5205=CARTESIAN_POINT('',(-9.48192506350566,-36.2890474639641,-10.));
#5206=CARTESIAN_POINT('',(-16.8643853198612,-36.2890474639641,-9.99367534810698));
#5207=CARTESIAN_POINT('',(-16.8643853198611,-36.2890474639642,-10.));
#5208=CARTESIAN_POINT('',(-17.0610835383327,-36.2890474639642,-9.99745459851552));
#5209=CARTESIAN_POINT('Ctrl Pts',(-17.0610711689127,-36.2890341042248,-9.99738345393242));
#5210=CARTESIAN_POINT('Ctrl Pts',(-16.995496302422,-36.2890575508948,-9.99913607018407));
#5211=CARTESIAN_POINT('Ctrl Pts',(-16.9299050275904,-36.2890271544167,-9.99775934658315));
#5212=CARTESIAN_POINT('Ctrl Pts',(-16.8644862163234,-36.288968679489,-9.99331984788475));
#5213=CARTESIAN_POINT('',(-21.1502318498502,-36.2890474639642,-8.09386826501192));
#5214=CARTESIAN_POINT('Ctrl Pts',(-21.1502318498502,-36.2890474639642,-8.09386826501191));
#5215=CARTESIAN_POINT('Ctrl Pts',(-20.965557661187,-36.2890474639642,-8.38413889466913));
#5216=CARTESIAN_POINT('Ctrl Pts',(-20.7125810738964,-36.2890474639642,-8.65699172869288));
#5217=CARTESIAN_POINT('Ctrl Pts',(-20.2604671886682,-36.2890474639642,-9.03370477575622));
#5218=CARTESIAN_POINT('Ctrl Pts',(-20.0196422075013,-36.2890474639642,-9.19596442746367));
#5219=CARTESIAN_POINT('Ctrl Pts',(-19.5100202672499,-36.2890474639642,-9.4702885208147));
#5220=CARTESIAN_POINT('Ctrl Pts',(-19.2414406633984,-36.2890474639642,-9.58275655975333));
#5221=CARTESIAN_POINT('Ctrl Pts',(-18.6693512119315,-36.2890474639642,-9.77711185791298));
#5222=CARTESIAN_POINT('Ctrl Pts',(-18.3081209734458,-36.2890474639642,-9.864961268472));
#5223=CARTESIAN_POINT('Ctrl Pts',(-17.6448268963589,-36.2890474639642,-9.96561229829022));
#5224=CARTESIAN_POINT('Ctrl Pts',(-17.3446245522471,-36.2890474639642,-9.99008983569147));
#5225=CARTESIAN_POINT('Ctrl Pts',(-17.0610835383327,-36.2890474639642,-9.99745459851552));
#5226=CARTESIAN_POINT('Origin',(0.300000000000297,-36.2890474639633,5.55306586745599));
#5227=CARTESIAN_POINT('Origin',(-19.2638501270116,-34.7890474639639,3.));
#5228=CARTESIAN_POINT('',(-23.6901505959323,-35.0582899979375,4.47563832218425));
#5229=CARTESIAN_POINT('Ctrl Pts',(-23.6901505959323,-35.0582899979375,4.47563832218424));
#5230=CARTESIAN_POINT('Ctrl Pts',(-23.7491432752214,-35.1035566728492,4.46737903935419));
#5231=CARTESIAN_POINT('Ctrl Pts',(-23.8049803369048,-35.1522134492552,4.45636133833964));
#5232=CARTESIAN_POINT('Ctrl Pts',(-23.9423224445307,-35.2875945888112,4.41741286568245));
#5233=CARTESIAN_POINT('Ctrl Pts',(-24.0164159126401,-35.3775350072141,4.38367112816398));
#5234=CARTESIAN_POINT('Ctrl Pts',(-24.1612035313977,-35.5915560171162,4.27455003719221));
#5235=CARTESIAN_POINT('Ctrl Pts',(-24.2201650708685,-35.7118939912463,4.19240645340837));
#5236=CARTESIAN_POINT('Ctrl Pts',(-24.3039101594743,-35.9384226474698,3.97691040172605));
#5237=CARTESIAN_POINT('Ctrl Pts',(-24.3253882299274,-36.0380826542287,3.8468314480479));
#5238=CARTESIAN_POINT('Ctrl Pts',(-24.3467015244112,-36.2036254949143,3.53365960665772));
#5239=CARTESIAN_POINT('Ctrl Pts',(-24.3430561701134,-36.25995444564,3.35014681207803));
#5240=CARTESIAN_POINT('Ctrl Pts',(-24.3320710746795,-36.2861622072728,3.10747998949279));
#5241=CARTESIAN_POINT('Ctrl Pts',(-24.3292027595369,-36.2890474639637,3.05370881178191));
#5242=CARTESIAN_POINT('Ctrl Pts',(-24.3259823056227,-36.2890474639637,3.));
#5243=CARTESIAN_POINT('',(-26.2969961543819,-34.6366025972544,4.49223341425295));
#5244=CARTESIAN_POINT('Ctrl Pts',(-26.2969961543818,-34.6366025972544,4.49223341425297));
#5245=CARTESIAN_POINT('Ctrl Pts',(-26.2715363543482,-34.6744785075287,4.4961027741253));
#5246=CARTESIAN_POINT('Ctrl Pts',(-26.2445562011754,-34.7114322383484,4.49842163290597));
#5247=CARTESIAN_POINT('Ctrl Pts',(-26.1750701915108,-34.7992114121706,4.50086233829935));
#5248=CARTESIAN_POINT('Ctrl Pts',(-26.1311472708054,-34.8487153099977,4.49955044433201));
#5249=CARTESIAN_POINT('Ctrl Pts',(-25.9300855114902,-35.0513952424344,4.48511305648672));
#5250=CARTESIAN_POINT('Ctrl Pts',(-25.7485439622184,-35.1768467150486,4.45212827318546));
#5251=CARTESIAN_POINT('Ctrl Pts',(-25.400132518551,-35.3348354597793,4.39900805496417));
#5252=CARTESIAN_POINT('Ctrl Pts',(-25.2414285699437,-35.3825028582135,4.3779018214486));
#5253=CARTESIAN_POINT('Ctrl Pts',(-24.9389603672697,-35.4301575785772,4.35630132944303));
#5254=CARTESIAN_POINT('Ctrl Pts',(-24.7986943686686,-35.4361062626719,4.35330814539943));
#5255=CARTESIAN_POINT('Ctrl Pts',(-24.5101726282449,-35.4150510740095,4.36318085593424));
#5256=CARTESIAN_POINT('Ctrl Pts',(-24.3650373178755,-35.3863795325665,4.37681513798716));
#5257=CARTESIAN_POINT('Ctrl Pts',(-24.0385387277622,-35.2794321530187,4.41910056986566));
#5258=CARTESIAN_POINT('Ctrl Pts',(-23.8639541959966,-35.1885713478637,4.45074780123934));
#5259=CARTESIAN_POINT('Ctrl Pts',(-23.7014540383896,-35.0669103985848,4.47404579291716));
#5260=CARTESIAN_POINT('Ctrl Pts',(-23.6957896156377,-35.0626169699431,4.4748488300101));
#5261=CARTESIAN_POINT('Ctrl Pts',(-23.6901505959323,-35.0582899979375,4.47563832218424));
#5262=CARTESIAN_POINT('',(-27.0617871691509,-33.2890474639643,3.));
#5263=CARTESIAN_POINT('Ctrl Pts',(-27.0617871691509,-33.2890474639643,3.));
#5264=CARTESIAN_POINT('Ctrl Pts',(-27.0789260246755,-33.2890474639643,3.18368101002254));
#5265=CARTESIAN_POINT('Ctrl Pts',(-27.0732492191003,-33.3251704809712,3.37932996165803));
#5266=CARTESIAN_POINT('Ctrl Pts',(-27.011888808701,-33.4678155985254,3.73564479248889));
#5267=CARTESIAN_POINT('Ctrl Pts',(-26.9563242948216,-33.5741183598889,3.89641893725765));
#5268=CARTESIAN_POINT('Ctrl Pts',(-26.808352900157,-33.8354071236892,4.17694541055703));
#5269=CARTESIAN_POINT('Ctrl Pts',(-26.6997753169762,-34.0151272351695,4.30166012703914));
#5270=CARTESIAN_POINT('Ctrl Pts',(-26.488797845054,-34.3474486698069,4.44162032445688));
#5271=CARTESIAN_POINT('Ctrl Pts',(-26.392527997166,-34.4944822545635,4.47771456184602));
#5272=CARTESIAN_POINT('Ctrl Pts',(-26.2969961543818,-34.6366025972544,4.49223341425297));
#5273=CARTESIAN_POINT('',(-19.2638501270111,-33.2890474639642,3.));
#5274=CARTESIAN_POINT('',(-19.2638501270117,-33.2890474639642,3.));
#5275=CARTESIAN_POINT('Ctrl Pts',(-16.2502249836184,-36.2890474639636,3.));
#5276=CARTESIAN_POINT('Ctrl Pts',(-16.2502249836184,-36.2890474639636,3.10634115784224));
#5277=CARTESIAN_POINT('Ctrl Pts',(-16.2638345789132,-36.2776004096819,3.21227928430654));
#5278=CARTESIAN_POINT('Ctrl Pts',(-16.3154548031413,-36.233919409968,3.41622565126786));
#5279=CARTESIAN_POINT('Ctrl Pts',(-16.353470608402,-36.2016720213995,3.51422970208944));
#5280=CARTESIAN_POINT('Ctrl Pts',(-16.4945185419596,-36.0809443764071,3.7878854391155));
#5281=CARTESIAN_POINT('Ctrl Pts',(-16.6254971076413,-35.9673773469871,3.94299046053607));
#5282=CARTESIAN_POINT('Ctrl Pts',(-16.9186198188354,-35.7069530699327,4.20341473759046));
#5283=CARTESIAN_POINT('Ctrl Pts',(-17.1083920635303,-35.5344356739268,4.31669239070286));
#5284=CARTESIAN_POINT('Ctrl Pts',(-17.4988623833574,-35.1668713020722,4.46510463551317));
#5285=CARTESIAN_POINT('Ctrl Pts',(-17.6995447372666,-34.9717110798203,4.49999999999972));
#5286=CARTESIAN_POINT('Ctrl Pts',(-18.0554559811668,-34.6149613877189,4.49999999999972));
#5287=CARTESIAN_POINT('Ctrl Pts',(-18.2414319472449,-34.4230640693535,4.46818522450571));
#5288=CARTESIAN_POINT('Ctrl Pts',(-18.5889365929243,-34.0532921965808,4.32218606273642));
#5289=CARTESIAN_POINT('Ctrl Pts',(-18.7505088872258,-33.8755351321723,4.20780801176761));
#5290=CARTESIAN_POINT('Ctrl Pts',(-18.9895190510029,-33.6070918157527,3.93936469534804));
#5291=CARTESIAN_POINT('Ctrl Pts',(-19.0897500368235,-33.4919349451452,3.77957414310988));
#5292=CARTESIAN_POINT('Ctrl Pts',(-19.226944361712,-33.3326743186752,3.41135687821452));
#5293=CARTESIAN_POINT('Ctrl Pts',(-19.2638501270111,-33.2890474639642,3.20270263754908));
#5294=CARTESIAN_POINT('Ctrl Pts',(-19.2638501270111,-33.2890474639642,3.));
#5295=CARTESIAN_POINT('Origin',(-19.2638501270117,-33.2890474639642,-10.));
#5296=CARTESIAN_POINT('',(-24.5408281133758,-33.2890474639643,-6.19932967793029));
#5297=CARTESIAN_POINT('Origin',(0.300000000000253,-33.2890474639639,5.55306586745515));
#5298=CARTESIAN_POINT('',(-23.4038823400265,-33.2890474639643,-8.0541725151272));
#5299=CARTESIAN_POINT('Ctrl Pts',(-23.4038823400543,-33.2890474639643,-8.05417251515042));
#5300=CARTESIAN_POINT('Ctrl Pts',(-23.8451640190748,-33.2890474639643,-7.52437590829667));
#5301=CARTESIAN_POINT('Ctrl Pts',(-24.2330546347431,-33.2890474639643,-6.84986497101532));
#5302=CARTESIAN_POINT('Ctrl Pts',(-24.5408281133758,-33.2890474639643,-6.19932967793029));
#5303=CARTESIAN_POINT('',(-21.3844288349309,-33.2890474639575,-7.41854456199226));
#5304=CARTESIAN_POINT('Ctrl Pts',(-21.3844288349485,-33.2890474639642,-7.4185445619527));
#5305=CARTESIAN_POINT('Ctrl Pts',(-21.3844288349485,-33.2890474639642,-7.51169761118725));
#5306=CARTESIAN_POINT('Ctrl Pts',(-21.3872468053234,-33.2890474639642,-7.60702591982152));
#5307=CARTESIAN_POINT('Ctrl Pts',(-21.4046937637435,-33.2890474639642,-7.78111868127185));
#5308=CARTESIAN_POINT('Ctrl Pts',(-21.4177967033511,-33.2890474639641,-7.86165631283994));
#5309=CARTESIAN_POINT('Ctrl Pts',(-21.4628936748357,-33.2890474639641,-8.03172953818433));
#5310=CARTESIAN_POINT('Ctrl Pts',(-21.4973287800173,-33.2890474639643,-8.11937548825023));
#5311=CARTESIAN_POINT('Ctrl Pts',(-21.5939674014066,-33.2890474639643,-8.28320149743682));
#5312=CARTESIAN_POINT('Ctrl Pts',(-21.6547627325346,-33.2890474639643,-8.3561263471119));
#5313=CARTESIAN_POINT('Ctrl Pts',(-21.8141165635798,-33.2890474639643,-8.48995760080104));
#5314=CARTESIAN_POINT('Ctrl Pts',(-21.9134786578723,-33.2890474639643,-8.54296197721358));
#5315=CARTESIAN_POINT('Ctrl Pts',(-22.1476349282872,-33.2890474639643,-8.61613864058253));
#5316=CARTESIAN_POINT('Ctrl Pts',(-22.2814356297436,-33.2890474639643,-8.62753429094124));
#5317=CARTESIAN_POINT('Ctrl Pts',(-22.5741834835401,-33.2890474639643,-8.60112208018752));
#5318=CARTESIAN_POINT('Ctrl Pts',(-22.7390297435708,-33.2890474639643,-8.55214964926061));
#5319=CARTESIAN_POINT('Ctrl Pts',(-23.0830441653084,-33.2890474639643,-8.37194785475161));
#5320=CARTESIAN_POINT('Ctrl Pts',(-23.2555358528799,-33.2890474639643,-8.23227523107178));
#5321=CARTESIAN_POINT('Ctrl Pts',(-23.403882340032,-33.2890474639643,-8.05417251512355));
#5322=CARTESIAN_POINT('',(-19.7860749822455,-33.2890474639652,-9.79332795728722));
#5323=CARTESIAN_POINT('Ctrl Pts',(-19.7860749822452,-33.2890474639642,-9.79332795728652));
#5324=CARTESIAN_POINT('Ctrl Pts',(-19.9546851285202,-33.2890474639642,-9.73772722682165));
#5325=CARTESIAN_POINT('Ctrl Pts',(-20.1164175452699,-33.2890474639642,-9.66314951233496));
#5326=CARTESIAN_POINT('Ctrl Pts',(-20.4307645200997,-33.2890474639642,-9.47134973007886));
#5327=CARTESIAN_POINT('Ctrl Pts',(-20.5803689700368,-33.2890474639642,-9.35232510683947));
#5328=CARTESIAN_POINT('Ctrl Pts',(-20.925201828944,-33.2890474639642,-8.99901739771361));
#5329=CARTESIAN_POINT('Ctrl Pts',(-21.0902385332317,-33.2890474639642,-8.74358802800048));
#5330=CARTESIAN_POINT('Ctrl Pts',(-21.3581269121332,-33.2890474639643,-8.07146177509568));
#5331=CARTESIAN_POINT('Ctrl Pts',(-21.3844288349485,-33.2890474639642,-7.70322428825206));
#5332=CARTESIAN_POINT('Ctrl Pts',(-21.3844288349485,-33.2890474639642,-7.41854456195269));
#5333=CARTESIAN_POINT('',(-19.786074982247,-33.2890474639642,-10.));
#5334=CARTESIAN_POINT('',(-19.786074982247,-33.2890474639642,-10.));
#5335=CARTESIAN_POINT('',(-19.2638501270117,-33.2890474639635,-10.));
#5336=CARTESIAN_POINT('',(-9.4819250635057,-33.2890474639641,-10.));
#5337=CARTESIAN_POINT('',(-19.2638501270117,-33.2890474639635,-10.));
#5338=CARTESIAN_POINT('Origin',(-19.2638501270119,-16.6499999999997,-6.35000000000001));
#5339=CARTESIAN_POINT('',(-29.5204286668818,-15.5999999999998,-6.35000000000001));
#5340=CARTESIAN_POINT('',(-29.5204286668818,-17.6999999999998,-6.35000000000001));
#5341=CARTESIAN_POINT('Ctrl Pts',(-29.5204286668818,-15.5999999999998,-6.35000000000001));
#5342=CARTESIAN_POINT('Ctrl Pts',(-29.5732290725115,-15.5999999999998,-6.21772057323764));
#5343=CARTESIAN_POINT('Ctrl Pts',(-29.6296719157768,-15.6264606175527,-6.07592862531198));
#5344=CARTESIAN_POINT('Ctrl Pts',(-29.7338992093524,-15.7363226846514,-5.81339791034962));
#5345=CARTESIAN_POINT('Ctrl Pts',(-29.7816836414068,-15.819769161243,-5.69267798094546));
#5346=CARTESIAN_POINT('Ctrl Pts',(-29.8543788559004,-16.0090624649374,-5.50873010558718));
#5347=CARTESIAN_POINT('Ctrl Pts',(-29.885190055756,-16.124490502175,-5.43060200894037));
#5348=CARTESIAN_POINT('Ctrl Pts',(-29.9263297822744,-16.3792702108178,-5.32620397145509));
#5349=CARTESIAN_POINT('Ctrl Pts',(-29.9366400943994,-16.5186518493655,-5.30000000000001));
#5350=CARTESIAN_POINT('Ctrl Pts',(-29.9366400943994,-16.7813481506342,-5.30000000000001));
#5351=CARTESIAN_POINT('Ctrl Pts',(-29.9263297822744,-16.9207297891818,-5.3262039714551));
#5352=CARTESIAN_POINT('Ctrl Pts',(-29.885190055756,-17.1755094978246,-5.43060200894037));
#5353=CARTESIAN_POINT('Ctrl Pts',(-29.8543788559003,-17.2909375350622,-5.50873010558719));
#5354=CARTESIAN_POINT('Ctrl Pts',(-29.7816836414067,-17.4802308387567,-5.69267798094547));
#5355=CARTESIAN_POINT('Ctrl Pts',(-29.7338992093523,-17.5636773153482,-5.81339791034963));
#5356=CARTESIAN_POINT('Ctrl Pts',(-29.6296719157768,-17.6735393824469,-6.07592862531198));
#5357=CARTESIAN_POINT('Ctrl Pts',(-29.5732290725114,-17.6999999999998,-6.21772057323764));
#5358=CARTESIAN_POINT('Ctrl Pts',(-29.5204286668818,-17.6999999999998,-6.35000000000001));
#5359=CARTESIAN_POINT('Ctrl Pts',(-29.5204286668818,-17.6999999999998,-6.35000000000001));
#5360=CARTESIAN_POINT('Ctrl Pts',(-29.4675482466844,-17.6999999999998,-6.48247988509256));
#5361=CARTESIAN_POINT('Ctrl Pts',(-29.4107575975283,-17.6734665443224,-6.6243673513421));
#5362=CARTESIAN_POINT('Ctrl Pts',(-29.3053729955864,-17.5634818144226,-6.88694704859999));
#5363=CARTESIAN_POINT('Ctrl Pts',(-29.256790887387,-17.4799910368901,-7.00762748515545));
#5364=CARTESIAN_POINT('Ctrl Pts',(-29.1826838495184,-17.2907303802372,-7.1914042849413));
#5365=CARTESIAN_POINT('Ctrl Pts',(-29.1511423784446,-17.175395348373,-7.26945318420232));
#5366=CARTESIAN_POINT('Ctrl Pts',(-29.1089447337891,-16.920734085267,-7.37378584507115));
#5367=CARTESIAN_POINT('Ctrl Pts',(-29.0983252508528,-16.7813732643046,-7.40000000000001));
#5368=CARTESIAN_POINT('Ctrl Pts',(-29.0983252508528,-16.518626735695,-7.40000000000001));
#5369=CARTESIAN_POINT('Ctrl Pts',(-29.1089447337891,-16.3792659147327,-7.37378584507115));
#5370=CARTESIAN_POINT('Ctrl Pts',(-29.1511423784447,-16.1246046516267,-7.26945318420232));
#5371=CARTESIAN_POINT('Ctrl Pts',(-29.1826838495184,-16.0092696197625,-7.1914042849413));
#5372=CARTESIAN_POINT('Ctrl Pts',(-29.256790887387,-15.8200089631095,-7.00762748515545));
#5373=CARTESIAN_POINT('Ctrl Pts',(-29.3053729955865,-15.736518185577,-6.88694704859999));
#5374=CARTESIAN_POINT('Ctrl Pts',(-29.4107575975283,-15.6265334556772,-6.6243673513421));
#5375=CARTESIAN_POINT('Ctrl Pts',(-29.4675482466845,-15.5999999999998,-6.48247988509256));
#5376=CARTESIAN_POINT('Ctrl Pts',(-29.5204286668818,-15.5999999999998,-6.35000000000001));
#5377=CARTESIAN_POINT('',(-25.3612476762186,-17.6999999999998,-6.35000000000001));
#5378=CARTESIAN_POINT('',(-19.2638501270119,-17.6999999999997,-6.35000000000001));
#5379=CARTESIAN_POINT('',(-25.3612476762187,-15.5999999999998,-6.35000000000001));
#5380=CARTESIAN_POINT('Ctrl Pts',(-25.3612476762187,-15.5999999999998,-6.35000000000001));
#5381=CARTESIAN_POINT('Ctrl Pts',(-25.3612476762187,-15.5999999999998,-6.48185611047363));
#5382=CARTESIAN_POINT('Ctrl Pts',(-25.3623685017911,-15.6263544819701,-6.6224910236604));
#5383=CARTESIAN_POINT('Ctrl Pts',(-25.3664189796469,-15.7335153970492,-6.88118497676843));
#5384=CARTESIAN_POINT('Ctrl Pts',(-25.3692903991119,-15.8143210202065,-6.99924526069848));
#5385=CARTESIAN_POINT('Ctrl Pts',(-25.3746822673544,-16.0007547305058,-7.18567897099784));
#5386=CARTESIAN_POINT('Ctrl Pts',(-25.3775526395031,-16.1188150185462,-7.26648460051916));
#5387=CARTESIAN_POINT('Ctrl Pts',(-25.3816007227974,-16.3775089841394,-7.37364552175142));
#5388=CARTESIAN_POINT('Ctrl Pts',(-25.3827205003722,-16.5181439019674,-7.40000000000001));
#5389=CARTESIAN_POINT('Ctrl Pts',(-25.3827205003722,-16.7818560980322,-7.40000000000001));
#5390=CARTESIAN_POINT('Ctrl Pts',(-25.3816007227974,-16.9224910158601,-7.37364552175142));
#5391=CARTESIAN_POINT('Ctrl Pts',(-25.377552639503,-17.1811849814533,-7.26648460051916));
#5392=CARTESIAN_POINT('Ctrl Pts',(-25.3746822673544,-17.2992452694937,-7.18567897099784));
#5393=CARTESIAN_POINT('Ctrl Pts',(-25.3692903991118,-17.485678979793,-6.99924526069848));
#5394=CARTESIAN_POINT('Ctrl Pts',(-25.3664189796469,-17.5664846029504,-6.88118497676843));
#5395=CARTESIAN_POINT('Ctrl Pts',(-25.362368501791,-17.6736455180294,-6.6224910236604));
#5396=CARTESIAN_POINT('Ctrl Pts',(-25.3612476762186,-17.6999999999998,-6.48185611047363));
#5397=CARTESIAN_POINT('Ctrl Pts',(-25.3612476762186,-17.6999999999998,-6.35000000000001));
#5398=CARTESIAN_POINT('Ctrl Pts',(-25.3612476762186,-17.6999999999998,-6.35000000000001));
#5399=CARTESIAN_POINT('Ctrl Pts',(-25.3612476762186,-17.6999999999998,-6.21814388952639));
#5400=CARTESIAN_POINT('Ctrl Pts',(-25.362368501791,-17.6736455180294,-6.07750897633961));
#5401=CARTESIAN_POINT('Ctrl Pts',(-25.3664189796469,-17.5664846029504,-5.81881502323159));
#5402=CARTESIAN_POINT('Ctrl Pts',(-25.3692903991118,-17.485678979793,-5.70075473930153));
#5403=CARTESIAN_POINT('Ctrl Pts',(-25.3746822673544,-17.2992452694937,-5.51432102900217));
#5404=CARTESIAN_POINT('Ctrl Pts',(-25.377552639503,-17.1811849814533,-5.43351539948086));
#5405=CARTESIAN_POINT('Ctrl Pts',(-25.3816007227974,-16.9224910158601,-5.3263544782486));
#5406=CARTESIAN_POINT('Ctrl Pts',(-25.3827205003722,-16.7818560980322,-5.30000000000001));
#5407=CARTESIAN_POINT('Ctrl Pts',(-25.3827205003722,-16.5181439019674,-5.30000000000001));
#5408=CARTESIAN_POINT('Ctrl Pts',(-25.3816007227974,-16.3775089841394,-5.3263544782486));
#5409=CARTESIAN_POINT('Ctrl Pts',(-25.3775526395031,-16.1188150185462,-5.43351539948086));
#5410=CARTESIAN_POINT('Ctrl Pts',(-25.3746822673544,-16.0007547305058,-5.51432102900217));
#5411=CARTESIAN_POINT('Ctrl Pts',(-25.3692903991119,-15.8143210202065,-5.70075473930153));
#5412=CARTESIAN_POINT('Ctrl Pts',(-25.3664189796469,-15.7335153970492,-5.81881502323159));
#5413=CARTESIAN_POINT('Ctrl Pts',(-25.3623685017911,-15.6263544819701,-6.07750897633961));
#5414=CARTESIAN_POINT('Ctrl Pts',(-25.3612476762187,-15.5999999999998,-6.21814388952639));
#5415=CARTESIAN_POINT('Ctrl Pts',(-25.3612476762187,-15.5999999999998,-6.35000000000001));
#5416=CARTESIAN_POINT('Origin',(-19.2638501270122,1.48904746396459,3.));
#5417=CARTESIAN_POINT('',(-19.2638501270122,-0.0109525360351305,3.));
#5418=CARTESIAN_POINT('',(-16.2502249836197,2.98904746396436,3.));
#5419=CARTESIAN_POINT('Ctrl Pts',(-19.2638501270122,-0.0109525360351308,
3.));
#5420=CARTESIAN_POINT('Ctrl Pts',(-19.2638501270122,-0.0109525360351311,
3.20270263754908));
#5421=CARTESIAN_POINT('Ctrl Pts',(-19.2269443617131,0.0326743186758635,
3.41135687821452));
#5422=CARTESIAN_POINT('Ctrl Pts',(-19.0897500368246,0.191934945145849,3.77957414310988));
#5423=CARTESIAN_POINT('Ctrl Pts',(-18.989519051004,0.307091815753385,3.93936469534804));
#5424=CARTESIAN_POINT('Ctrl Pts',(-18.7505088872269,0.575535132172956,4.20780801176761));
#5425=CARTESIAN_POINT('Ctrl Pts',(-18.5889365929254,0.753292196581436,4.32218606273641));
#5426=CARTESIAN_POINT('Ctrl Pts',(-18.2414319472461,1.12306406935414,4.4681852245057));
#5427=CARTESIAN_POINT('Ctrl Pts',(-18.055455981168,1.31496138771958,4.49999999999972));
#5428=CARTESIAN_POINT('Ctrl Pts',(-17.6995447372678,1.671711079821,4.49999999999972));
#5429=CARTESIAN_POINT('Ctrl Pts',(-17.4988623833586,1.86687130207295,4.46510463551317));
#5430=CARTESIAN_POINT('Ctrl Pts',(-17.1083920635316,2.23443567392754,4.31669239070285));
#5431=CARTESIAN_POINT('Ctrl Pts',(-16.9186198188367,2.40695306993342,4.20341473759045));
#5432=CARTESIAN_POINT('Ctrl Pts',(-16.6254971076426,2.66737734698782,3.94299046053607));
#5433=CARTESIAN_POINT('Ctrl Pts',(-16.4945185419609,2.78094437640779,3.78788543911549));
#5434=CARTESIAN_POINT('Ctrl Pts',(-16.3534706084034,2.90167202140027,3.51422970208943));
#5435=CARTESIAN_POINT('Ctrl Pts',(-16.3154548031426,2.93391940996869,3.41622565126785));
#5436=CARTESIAN_POINT('Ctrl Pts',(-16.2638345789146,2.97760040968263,3.21227928430654));
#5437=CARTESIAN_POINT('Ctrl Pts',(-16.2502249836197,2.98904746396436,3.10634115784223));
#5438=CARTESIAN_POINT('Ctrl Pts',(-16.2502249836197,2.98904746396436,3.));
#5439=CARTESIAN_POINT('',(-27.0617871691517,-0.0109525360352469,3.));
#5440=CARTESIAN_POINT('',(-19.2638501270122,-0.0109525360351313,3.));
#5441=CARTESIAN_POINT('',(-26.2969961543818,1.33660259725628,4.4922334142531));
#5442=CARTESIAN_POINT('Ctrl Pts',(-26.2969961543818,1.33660259725628,4.49223341425311));
#5443=CARTESIAN_POINT('Ctrl Pts',(-26.3925279971663,1.19448225456489,4.47771456184626));
#5444=CARTESIAN_POINT('Ctrl Pts',(-26.4887978450546,1.04744866980784,4.44162032445708));
#5445=CARTESIAN_POINT('Ctrl Pts',(-26.6997753169772,0.715127235169892,4.30166012703914));
#5446=CARTESIAN_POINT('Ctrl Pts',(-26.8083529001579,0.535407123689662,4.17694541055703));
#5447=CARTESIAN_POINT('Ctrl Pts',(-26.9563242948225,0.274118359889286,3.89641893725765));
#5448=CARTESIAN_POINT('Ctrl Pts',(-27.0118888087019,0.167815598525783,3.73564479248889));
#5449=CARTESIAN_POINT('Ctrl Pts',(-27.0732492191012,0.0251704809715988,
3.37932996165803));
#5450=CARTESIAN_POINT('Ctrl Pts',(-27.0789260246764,-0.010952536035248,
3.18368101002253));
#5451=CARTESIAN_POINT('Ctrl Pts',(-27.0617871691517,-0.0109525360352476,
3.));
#5452=CARTESIAN_POINT('',(-23.6901505959323,1.75828999793936,4.47563832218399));
#5453=CARTESIAN_POINT('Ctrl Pts',(-23.6901505959323,1.75828999793936,4.47563832218399));
#5454=CARTESIAN_POINT('Ctrl Pts',(-23.8308108879576,1.86622243614732,4.45594514755961));
#5455=CARTESIAN_POINT('Ctrl Pts',(-23.9865846471918,1.95278367135198,4.428076380943));
#5456=CARTESIAN_POINT('Ctrl Pts',(-24.2774098243833,2.06188884971198,4.38720237207464));
#5457=CARTESIAN_POINT('Ctrl Pts',(-24.4067391599474,2.0947745532674,4.37240931998042));
#5458=CARTESIAN_POINT('Ctrl Pts',(-24.6708686374209,2.13157514597179,4.35556796187825));
#5459=CARTESIAN_POINT('Ctrl Pts',(-24.8035275271639,2.13548712638776,4.35360609567774));
#5460=CARTESIAN_POINT('Ctrl Pts',(-25.1843912500029,2.10541434096367,4.36768426644893));
#5461=CARTESIAN_POINT('Ctrl Pts',(-25.4107771575432,2.03726472445853,4.39998140520298));
#5462=CARTESIAN_POINT('Ctrl Pts',(-25.7350558364776,1.87621139253263,4.45069527508035));
#5463=CARTESIAN_POINT('Ctrl Pts',(-25.8550180622298,1.79794499552084,4.47078633261256));
#5464=CARTESIAN_POINT('Ctrl Pts',(-26.0436317914033,1.63971734213907,4.49391735496827));
#5465=CARTESIAN_POINT('Ctrl Pts',(-26.1169830740458,1.56653251447111,4.50009481597395));
#5466=CARTESIAN_POINT('Ctrl Pts',(-26.224135117599,1.43897636617609,4.49994053578577));
#5467=CARTESIAN_POINT('Ctrl Pts',(-26.2619924002559,1.38867681028162,4.49755325656984));
#5468=CARTESIAN_POINT('Ctrl Pts',(-26.2969961543818,1.33660259725628,4.49223341425311));
#5469=CARTESIAN_POINT('',(-24.3259823056225,2.98904746396424,3.));
#5470=CARTESIAN_POINT('Ctrl Pts',(-24.3259823056225,2.98904746396424,3.));
#5471=CARTESIAN_POINT('Ctrl Pts',(-24.3325990588265,2.98904746396424,3.11035026797657));
#5472=CARTESIAN_POINT('Ctrl Pts',(-24.3377843748279,2.97685743629875,3.22052767534411));
#5473=CARTESIAN_POINT('Ctrl Pts',(-24.3444150899497,2.91703170148359,3.48720025947057));
#5474=CARTESIAN_POINT('Ctrl Pts',(-24.3430547821245,2.85571003313797,3.63907218032965));
#5475=CARTESIAN_POINT('Ctrl Pts',(-24.3165335783724,2.69929453387574,3.89716108851396));
#5476=CARTESIAN_POINT('Ctrl Pts',(-24.2946655175409,2.61131922282119,4.00440438443061));
#5477=CARTESIAN_POINT('Ctrl Pts',(-24.2218088710585,2.41855772195253,4.18425746839411));
#5478=CARTESIAN_POINT('Ctrl Pts',(-24.1735088618045,2.3181507888262,4.25545984877648));
#5479=CARTESIAN_POINT('Ctrl Pts',(-24.0470244775514,2.11771501409991,4.36654704008392));
#5480=CARTESIAN_POINT('Ctrl Pts',(-23.9721475237754,2.02142699171847,4.40551624263377));
#5481=CARTESIAN_POINT('Ctrl Pts',(-23.8246080621669,1.86952237331092,4.45238191645674));
#5482=CARTESIAN_POINT('Ctrl Pts',(-23.7596049413524,1.81158419161257,4.46591435152329));
#5483=CARTESIAN_POINT('Ctrl Pts',(-23.6901505959323,1.75828999793936,4.47563832218399));
#5484=CARTESIAN_POINT('',(-19.2638501270122,2.98904746396432,3.));
#5485=CARTESIAN_POINT('Origin',(-19.2638501270122,2.98904746396487,-10.));
#5486=CARTESIAN_POINT('',(-16.2502249836191,2.98904746396492,-10.));
#5487=CARTESIAN_POINT('',(-16.2502249836191,2.98904746396492,-10.));
#5488=CARTESIAN_POINT('',(-22.1377056750431,2.98904746396467,-6.40103893674833));
#5489=CARTESIAN_POINT('Ctrl Pts',(-22.1377056750431,2.98904746396467,-6.40103893674832));
#5490=CARTESIAN_POINT('Ctrl Pts',(-22.3043397743406,2.98904746396466,-6.08826880994224));
#5491=CARTESIAN_POINT('Ctrl Pts',(-22.4529416162547,2.98904746396464,-5.77162165380484));
#5492=CARTESIAN_POINT('Ctrl Pts',(-23.656680308288,2.9890474639645,-2.97276715755701));
#5493=CARTESIAN_POINT('Ctrl Pts',(-24.1522632770538,2.98904746396437,0.102817535381456));
#5494=CARTESIAN_POINT('Ctrl Pts',(-24.3259823056225,2.98904746396424,3.));
#5495=CARTESIAN_POINT('',(-21.1502318498513,2.98904746396476,-8.09386826501192));
#5496=CARTESIAN_POINT('Origin',(0.299999999999714,2.9890474639645,5.55306586745599));
#5497=CARTESIAN_POINT('',(-17.0610835383317,2.9890474639649,-9.99745459851558));
#5498=CARTESIAN_POINT('Ctrl Pts',(-17.0610835383317,2.9890474639649,-9.99745459851558));
#5499=CARTESIAN_POINT('Ctrl Pts',(-17.3446245522468,2.9890474639649,-9.9900898356916));
#5500=CARTESIAN_POINT('Ctrl Pts',(-17.6448268963594,2.98904746396489,-9.96561229829035));
#5501=CARTESIAN_POINT('Ctrl Pts',(-18.308120973447,2.98904746396488,-9.86496126847201));
#5502=CARTESIAN_POINT('Ctrl Pts',(-18.6693512119327,2.98904746396487,-9.77711185791299));
#5503=CARTESIAN_POINT('Ctrl Pts',(-19.2414406633996,2.98904746396485,-9.58275655975335));
#5504=CARTESIAN_POINT('Ctrl Pts',(-19.5100202672511,2.98904746396484,-9.47028852081472));
#5505=CARTESIAN_POINT('Ctrl Pts',(-20.0196422075025,2.98904746396482,-9.19596442746369));
#5506=CARTESIAN_POINT('Ctrl Pts',(-20.2604671886693,2.98904746396482,-9.03370477575623));
#5507=CARTESIAN_POINT('Ctrl Pts',(-20.7125810738976,2.98904746396479,-8.6569917286929));
#5508=CARTESIAN_POINT('Ctrl Pts',(-20.9655576611882,2.98904746396478,-8.38413889466915));
#5509=CARTESIAN_POINT('Ctrl Pts',(-21.1502318498513,2.98904746396476,-8.09386826501193));
#5510=CARTESIAN_POINT('',(-16.864385319867,2.98904746396286,-9.99367534810763));
#5511=CARTESIAN_POINT('Ctrl Pts',(-16.8644836576974,2.98897065769418,-9.99332373135589));
#5512=CARTESIAN_POINT('Ctrl Pts',(-16.9299041180128,2.98902785765681,-9.99776072713664));
#5513=CARTESIAN_POINT('Ctrl Pts',(-16.9955016131554,2.9890638732572,-9.99915003805843));
#5514=CARTESIAN_POINT('Ctrl Pts',(-17.061085538751,2.98905100892802,-9.99742260134777));
#5515=CARTESIAN_POINT('',(-16.8643853198624,2.98904746396491,-10.));
#5516=CARTESIAN_POINT('',(-16.8643853198624,2.98904746396491,-10.));
#5517=CARTESIAN_POINT('',(-9.48192506350625,2.98904746396502,-10.));
#5518=CARTESIAN_POINT('Origin',(-19.2638501270122,-0.0109525360351311,3.));
#5519=CARTESIAN_POINT('',(-19.2638501270122,-0.010952536035131,-10.));
#5520=CARTESIAN_POINT('',(-19.2638501270122,-0.0109525360351309,4.6));
#5521=CARTESIAN_POINT('',(-19.7860749822481,-0.0109525360351383,-10.));
#5522=CARTESIAN_POINT('',(-9.4819250635062,-0.0109525360349849,-10.));
#5523=CARTESIAN_POINT('',(-19.7860749822471,-0.0109525360345838,-9.79332795728584));
#5524=CARTESIAN_POINT('',(-19.7860749822481,-0.0109525360351383,-10.));
#5525=CARTESIAN_POINT('',(-21.3844288349293,-0.0109525360419061,-7.41854456199598));
#5526=CARTESIAN_POINT('Ctrl Pts',(-21.3844288349469,-0.0109525360351625,
-7.41854456195645));
#5527=CARTESIAN_POINT('Ctrl Pts',(-21.3844288349469,-0.0109525360351625,
-7.60261341779028));
#5528=CARTESIAN_POINT('Ctrl Pts',(-21.3737826554722,-0.0109525360351605,
-7.81391316489927));
#5529=CARTESIAN_POINT('Ctrl Pts',(-21.2758938333998,-0.010952536035159,
-8.29336224863351));
#5530=CARTESIAN_POINT('Ctrl Pts',(-21.1894638722394,-0.0109525360351585,
-8.52916702386548));
#5531=CARTESIAN_POINT('Ctrl Pts',(-20.923405036905,-0.0109525360351545,
-8.99756503065304));
#5532=CARTESIAN_POINT('Ctrl Pts',(-20.7376145905243,-0.010952536035153,
-9.21665206882071));
#5533=CARTESIAN_POINT('Ctrl Pts',(-20.2982352697638,-0.0109525360351464,
-9.57194768386286));
#5534=CARTESIAN_POINT('Ctrl Pts',(-20.0511086804042,-0.0109525360351425,
-9.7059306829164));
#5535=CARTESIAN_POINT('Ctrl Pts',(-19.786074982247,-0.0109525360351386,
-9.79332795728544));
#5536=CARTESIAN_POINT('',(-23.4038823400321,-0.0109525360351932,-8.05417251512731));
#5537=CARTESIAN_POINT('Ctrl Pts',(-23.4038823400312,-0.0109525360351929,
-8.05417251512699));
#5538=CARTESIAN_POINT('Ctrl Pts',(-23.3098693978985,-0.0109525360351915,
-8.16704313747552));
#5539=CARTESIAN_POINT('Ctrl Pts',(-23.2025326496439,-0.0109525360102226,
-8.26876053478369));
#5540=CARTESIAN_POINT('Ctrl Pts',(-22.9704907233654,-0.0109525360102191,
-8.43546305223997));
#5541=CARTESIAN_POINT('Ctrl Pts',(-22.8471402395296,-0.010952536035187,
-8.50194123883011));
#5542=CARTESIAN_POINT('Ctrl Pts',(-22.5819427125552,-0.010952536035183,
-8.59599558996191));
#5543=CARTESIAN_POINT('Ctrl Pts',(-22.4402366063539,-0.0109525360351822,
-8.6221642222976));
#5544=CARTESIAN_POINT('Ctrl Pts',(-22.181860525017,-0.0109525360351783,
-8.61814932067334));
#5545=CARTESIAN_POINT('Ctrl Pts',(-22.0667888458078,-0.010952536033445,
-8.59730328168191));
#5546=CARTESIAN_POINT('Ctrl Pts',(-21.8557794227439,-0.0109525360334418,
-8.51384365688503));
#5547=CARTESIAN_POINT('Ctrl Pts',(-21.7623726234967,-0.0109525360351685,
-8.45432201976378));
#5548=CARTESIAN_POINT('Ctrl Pts',(-21.6148167563195,-0.0109525360351663,
-8.3103945454392));
#5549=CARTESIAN_POINT('Ctrl Pts',(-21.5597422581706,-0.0109525360351671,
-8.23351945215493));
#5550=CARTESIAN_POINT('Ctrl Pts',(-21.4724237741878,-0.0109525360351658,
-8.06077780904331));
#5551=CARTESIAN_POINT('Ctrl Pts',(-21.4423901739893,-0.0109525360351665,
-7.967484833157));
#5552=CARTESIAN_POINT('Ctrl Pts',(-21.3924073350815,-0.0109525360351657,
-7.72740857178));
#5553=CARTESIAN_POINT('Ctrl Pts',(-21.3844288349469,-0.0109525360351627,
-7.57551078334851));
#5554=CARTESIAN_POINT('Ctrl Pts',(-21.3844288349469,-0.0109525360351627,
-7.41854456195643));
#5555=CARTESIAN_POINT('',(-24.540828113374,-0.0109525360352092,-6.199329677936));
#5556=CARTESIAN_POINT('Ctrl Pts',(-24.540828113374,-0.0109525360352099,
-6.199329677936));
#5557=CARTESIAN_POINT('Ctrl Pts',(-24.2330575077583,-0.0109525360352053,
-6.84985889837614));
#5558=CARTESIAN_POINT('Ctrl Pts',(-23.8451884808646,-0.0109525360351995,
-7.52434653981541));
#5559=CARTESIAN_POINT('Ctrl Pts',(-23.4038823400578,-0.0109525360351929,
-8.05417251514877));
#5560=CARTESIAN_POINT('Origin',(0.299999999999755,-0.0109525360348384,5.55306586745515));
#5561=CARTESIAN_POINT('Origin',(0.3,-16.6499999999991,5.55306586745515));
#5562=CARTESIAN_POINT('',(-18.8901779627678,-38.502727551989,-8.09386826501192));
#5563=CARTESIAN_POINT('Origin',(0.299999999999205,-16.6499999999995,-8.09386826501218));
#5564=CARTESIAN_POINT('',(-18.8901779627595,-38.5027275519782,19.2000000000051));
#5565=CARTESIAN_POINT('Origin',(-1.22442379055649,-15.4802684843879,5.55306586745515));
#5566=CARTESIAN_POINT('',(-21.5527275519791,-35.8401779627585,19.2000000000051));
#5567=CARTESIAN_POINT('Origin',(0.29999999999994,-16.6499999999991,19.2000000000051));
#5568=CARTESIAN_POINT('Origin',(1.46973151561118,-18.1744237905556,5.55306586745515));
#5569=CARTESIAN_POINT('Origin',(0.299999999999998,-16.6499999999991,-6.68613192903075));
#5570=CARTESIAN_POINT('Ctrl Pts',(-18.8901779627679,-38.502727551989,-8.09386826501192));
#5571=CARTESIAN_POINT('Ctrl Pts',(-18.7456231388985,-38.3271685503387,-8.57826100580273));
#5572=CARTESIAN_POINT('Ctrl Pts',(-18.5250385407915,-38.0593720035474,-9.00659630710491));
#5573=CARTESIAN_POINT('Ctrl Pts',(-18.2536088736898,-37.7305285677279,-9.32852095866667));
#5574=CARTESIAN_POINT('Ctrl Pts',(-17.9119975229342,-37.316658368877,-9.73368343127261));
#5575=CARTESIAN_POINT('Ctrl Pts',(-17.4898485509443,-36.8060910600938,-9.97029346067128));
#5576=CARTESIAN_POINT('Ctrl Pts',(-17.0610711689127,-36.2890341042248,-9.99738345393242));
#5577=CARTESIAN_POINT('Ctrl Pts',(-18.8901779627694,-38.5027275519907,-8.09386826500701));
#5578=CARTESIAN_POINT('Ctrl Pts',(-18.7456231388999,-38.3271685503405,-8.57826100579983));
#5579=CARTESIAN_POINT('Ctrl Pts',(-18.2309257433156,-37.7023099411593,-9.57771004217581));
#5580=CARTESIAN_POINT('Ctrl Pts',(-17.4394051943139,-36.7450849361552,-9.9978122077389));
#5581=CARTESIAN_POINT('Ctrl Pts',(-16.9845964621141,-36.1968304159635,-9.99998457513083));
#5582=CARTESIAN_POINT('Ctrl Pts',(-18.462770347816,-38.8691081027027,-8.10820216862555));
#5583=CARTESIAN_POINT('Ctrl Pts',(-18.3161502612776,-38.6886458270554,-8.59743806891937));
#5584=CARTESIAN_POINT('Ctrl Pts',(-17.7960235193546,-38.0487992351457,-9.60102098223747));
#5585=CARTESIAN_POINT('Ctrl Pts',(-17.0056718796255,-37.079557586424,-10.0062761379632));
#5586=CARTESIAN_POINT('Ctrl Pts',(-16.5541731757665,-36.5271062612075,-10.0000996196551));
#5587=CARTESIAN_POINT('Ctrl Pts',(-17.4296949377321,-39.1673688360128,-7.92372803326248));
#5588=CARTESIAN_POINT('Ctrl Pts',(-17.3042817242955,-39.0071990950208,-8.34753650696823));
#5589=CARTESIAN_POINT('Ctrl Pts',(-16.8583484074184,-38.4376834173268,-9.2147969198512));
#5590=CARTESIAN_POINT('Ctrl Pts',(-16.1869618901936,-37.5810822931671,-9.55619297974738));
#5591=CARTESIAN_POINT('Ctrl Pts',(-15.8079427264318,-37.0979637022428,-9.54518073823335));
#5592=CARTESIAN_POINT('Ctrl Pts',(-16.601424291169,-38.6763649734052,-7.50341741641508));
#5593=CARTESIAN_POINT('Ctrl Pts',(-16.5203878670818,-38.5707180739507,-7.78394977194604));
#5594=CARTESIAN_POINT('Ctrl Pts',(-16.2318710853414,-38.1947502695884,-8.36073109183264));
#5595=CARTESIAN_POINT('Ctrl Pts',(-15.7929801521566,-37.6228927601399,-8.59641920205097));
#5596=CARTESIAN_POINT('Ctrl Pts',(-15.5432955545823,-37.297384756153,-8.59384238484606));
#5597=CARTESIAN_POINT('Ctrl Pts',(-16.3687583804614,-38.3731488551758,-7.32368116924895));
#5598=CARTESIAN_POINT('Ctrl Pts',(-16.3059543947142,-38.2913011074345,-7.543057636253));
#5599=CARTESIAN_POINT('Ctrl Pts',(-16.0823832278704,-37.9999374901679,-7.9956977773746));
#5600=CARTESIAN_POINT('Ctrl Pts',(-15.7393141740818,-37.552841194634,-8.18595770718101));
#5601=CARTESIAN_POINT('Ctrl Pts',(-15.542541602124,-37.2964021861794,-8.18694154992542));
#5602=CARTESIAN_POINT('',(-15.5781542042341,-37.3428134328422,-8.18562827140421));
#5603=CARTESIAN_POINT('Ctrl Pts',(-15.5781542042416,-37.342813432852,-8.18562827140317));
#5604=CARTESIAN_POINT('Ctrl Pts',(-15.5781542042416,-37.342813432852,-8.4222772285086));
#5605=CARTESIAN_POINT('Ctrl Pts',(-15.6149177494194,-37.3147475671708,-8.65661347215321));
#5606=CARTESIAN_POINT('Ctrl Pts',(-15.7569281043704,-37.2045962841349,-9.09394014227903));
#5607=CARTESIAN_POINT('Ctrl Pts',(-15.8606409551461,-37.1236303837616,-9.29275909984751));
#5608=CARTESIAN_POINT('Ctrl Pts',(-16.1197822605391,-36.9163899636519,-9.62866022212593));
#5609=CARTESIAN_POINT('Ctrl Pts',(-16.2726246372769,-36.7920844734006,-9.76256210954994));
#5610=CARTESIAN_POINT('Ctrl Pts',(-16.5251594218153,-36.5807526191214,-9.90274336076304));
#5611=CARTESIAN_POINT('Ctrl Pts',(-16.6141758290365,-36.5053074206612,-9.93906240268192));
#5612=CARTESIAN_POINT('Ctrl Pts',(-16.7576850519737,-36.3819173725306,-9.97764317719352));
#5613=CARTESIAN_POINT('Ctrl Pts',(-16.8109924585159,-36.3357124382782,-9.98774229367678));
#5614=CARTESIAN_POINT('Ctrl Pts',(-16.8643853198611,-36.2890474639641,-9.99367534810698));
#5615=CARTESIAN_POINT('',(-16.3687583804609,-38.3731488551753,-7.32368116925051));
#5616=CARTESIAN_POINT('Ctrl Pts',(-16.3687583804609,-38.3731488551753,-7.3236811692505));
#5617=CARTESIAN_POINT('Ctrl Pts',(-16.2847932223691,-38.2637233307153,-7.61697433391883));
#5618=CARTESIAN_POINT('Ctrl Pts',(-16.0425486206773,-37.9480240193567,-8.03144350320491));
#5619=CARTESIAN_POINT('Ctrl Pts',(-15.713223035604,-37.5188385609634,-8.17619832774368));
#5620=CARTESIAN_POINT('Ctrl Pts',(-15.5781537190189,-37.3428128004975,-8.18560920796292));
#5621=CARTESIAN_POINT('Origin',(-17.8071488158048,-37.2694330549121,-7.32368116925869));
#5622=CARTESIAN_POINT('Origin',(0.300000000000004,-16.6499999999991,-10.));
#5623=CARTESIAN_POINT('',(-14.1013567964241,-38.3964762920935,-10.));
#5624=CARTESIAN_POINT('Origin',(0.300000000000004,-16.6499999999991,-10.));
#5625=CARTESIAN_POINT('Ctrl Pts',(-14.1013567964241,-38.3964762920935,-10.));
#5626=CARTESIAN_POINT('Ctrl Pts',(-14.2983028614905,-38.2660509986079,-10.));
#5627=CARTESIAN_POINT('Ctrl Pts',(-14.4914807385624,-38.1341376382202,-9.95394508152321));
#5628=CARTESIAN_POINT('Ctrl Pts',(-14.8491991833627,-37.8834105203672,-9.77483684757986));
#5629=CARTESIAN_POINT('Ctrl Pts',(-15.0103195620347,-37.7670703732571,-9.64362517746772));
#5630=CARTESIAN_POINT('Ctrl Pts',(-15.2812386140273,-37.5679729628121,-9.31231998512974));
#5631=CARTESIAN_POINT('Ctrl Pts',(-15.3884352776414,-37.4872239437382,-9.11536428807688));
#5632=CARTESIAN_POINT('Ctrl Pts',(-15.5005130222891,-37.4022142785556,-8.7858725185524));
#5633=CARTESIAN_POINT('Ctrl Pts',(-15.5295126348036,-37.3800611985844,-8.6689718788673));
#5634=CARTESIAN_POINT('Ctrl Pts',(-15.5683826917628,-37.3503221772368,-8.42961577207107));
#5635=CARTESIAN_POINT('Ctrl Pts',(-15.5781542042416,-37.342813432852,-8.30778102361694));
#5636=CARTESIAN_POINT('Ctrl Pts',(-15.5781542042416,-37.342813432852,-8.18562827140317));
#5637=CARTESIAN_POINT('Origin',(-0.803715800280146,-15.2116095646682,5.55306586745515));
#5638=CARTESIAN_POINT('',(-23.8921905832123,-32.7913303816539,-8.09386826501192));
#5639=CARTESIAN_POINT('Origin',(-0.869731515611183,-15.1255762094426,5.55306586745515));
#5640=CARTESIAN_POINT('Origin',(-22.5268646554733,-31.8803679451422,-7.32368116925869));
#5641=CARTESIAN_POINT('Origin',(0.300000000000004,-16.6499999999991,-10.));
#5642=CARTESIAN_POINT('',(-20.3928134328524,-32.5281542042403,-8.18562827140323));
#5643=CARTESIAN_POINT('Ctrl Pts',(-19.7860749822455,-33.2890474639661,-9.79332795728722));
#5644=CARTESIAN_POINT('Ctrl Pts',(-19.8872964465842,-33.1668564595277,-9.71033356946991));
#5645=CARTESIAN_POINT('Ctrl Pts',(-19.9791697928332,-33.0536569635242,-9.60415574015884));
#5646=CARTESIAN_POINT('Ctrl Pts',(-20.1642905705771,-32.8224890187995,-9.31231998512974));
#5647=CARTESIAN_POINT('Ctrl Pts',(-20.2469352124443,-32.7167469177137,-9.1153642880769));
#5648=CARTESIAN_POINT('Ctrl Pts',(-20.3331918801847,-32.6056260317827,-8.78587251855238));
#5649=CARTESIAN_POINT('Ctrl Pts',(-20.3554697158606,-32.5767221476874,-8.66897187886727));
#5650=CARTESIAN_POINT('Ctrl Pts',(-20.3853182826393,-32.5379361478939,-8.42961577207108));
#5651=CARTESIAN_POINT('Ctrl Pts',(-20.392813432853,-32.5281542042407,-8.30778102361695));
#5652=CARTESIAN_POINT('Ctrl Pts',(-20.392813432853,-32.5281542042407,-8.18562827140317));
#5653=CARTESIAN_POINT('',(-21.4464762920944,-31.0513567964232,-10.));
#5654=CARTESIAN_POINT('Ctrl Pts',(-20.392813432853,-32.5281542042407,-8.18562827140317));
#5655=CARTESIAN_POINT('Ctrl Pts',(-20.392813432853,-32.5281542042407,-8.42227722850856));
#5656=CARTESIAN_POINT('Ctrl Pts',(-20.4210603100505,-32.4915295540846,-8.65661347215319));
#5657=CARTESIAN_POINT('Ctrl Pts',(-20.529722529606,-32.3483766005382,-9.09394014227906));
#5658=CARTESIAN_POINT('Ctrl Pts',(-20.6089459336678,-32.2433266853163,-9.29275909984753));
#5659=CARTESIAN_POINT('Ctrl Pts',(-20.8056194455657,-31.9760771060729,-9.62866022212591));
#5660=CARTESIAN_POINT('Ctrl Pts',(-20.9210812163204,-31.8164487046911,-9.76256210954994));
#5661=CARTESIAN_POINT('Ctrl Pts',(-21.110314378018,-31.5469569969359,-9.90274336076305));
#5662=CARTESIAN_POINT('Ctrl Pts',(-21.1767709704934,-31.4510433897582,-9.93906240268192));
#5663=CARTESIAN_POINT('Ctrl Pts',(-21.3113936153174,-31.2537743691253,-9.98774699290375));
#5664=CARTESIAN_POINT('Ctrl Pts',(-21.3792067226913,-31.1529358432369,-10.));
#5665=CARTESIAN_POINT('Ctrl Pts',(-21.4464762920944,-31.0513567964232,-10.));
#5666=CARTESIAN_POINT('Origin',(0.300000000000004,-16.6499999999991,-10.));
#5667=CARTESIAN_POINT('Ctrl Pts',(-21.887239563973,1.68182700320972,-8.21949044445043));
#5668=CARTESIAN_POINT('Ctrl Pts',(-21.6761886308707,1.51218448803788,-8.69669388458027));
#5669=CARTESIAN_POINT('Ctrl Pts',(-21.0535331477835,1.01148721731879,-9.5006077450482));
#5670=CARTESIAN_POINT('Ctrl Pts',(-20.2075335335293,0.329412528054427,-9.79255348512219));
#5671=CARTESIAN_POINT('Ctrl Pts',(-19.7860749822465,-0.0109525360345214,
-9.79332795728584));
#5672=CARTESIAN_POINT('Ctrl Pts',(-21.9738010831409,1.35983293929673,-8.14813531693809));
#5673=CARTESIAN_POINT('Ctrl Pts',(-21.7711658344749,1.1986229381471,-8.60287225331264));
#5674=CARTESIAN_POINT('Ctrl Pts',(-21.1739166658101,0.72327997805236,-9.36740789166682));
#5675=CARTESIAN_POINT('Ctrl Pts',(-20.3645561283361,0.0778559547789532,
-9.64177253249577));
#5676=CARTESIAN_POINT('Ctrl Pts',(-19.9618631776716,-0.24365744515433,-9.64087031190182));
#5677=CARTESIAN_POINT('Ctrl Pts',(-21.9715133450717,0.688791839190474,-7.91821927072872));
#5678=CARTESIAN_POINT('Ctrl Pts',(-21.7990482689438,0.55475496611375,-8.30115041372984));
#5679=CARTESIAN_POINT('Ctrl Pts',(-21.2904058379849,0.159446895451615,-8.94467820145392));
#5680=CARTESIAN_POINT('Ctrl Pts',(-20.6017245126715,-0.376132550969315,
-9.17463418013498));
#5681=CARTESIAN_POINT('Ctrl Pts',(-20.2593928154361,-0.64248639595539,-9.17333036537279));
#5682=CARTESIAN_POINT('Ctrl Pts',(-21.6204206055057,0.170130318455596,-7.58522243108169));
#5683=CARTESIAN_POINT('Ctrl Pts',(-21.4948225011066,0.0737723097424457,
-7.86542753115416));
#5684=CARTESIAN_POINT('Ctrl Pts',(-21.1240126306103,-0.210793265185313,
-8.33875910368258));
#5685=CARTESIAN_POINT('Ctrl Pts',(-20.6172216013327,-0.599685248444227,
-8.51377012157189));
#5686=CARTESIAN_POINT('Ctrl Pts',(-20.3637872008241,-0.794118406952529,
-8.5158415331588));
#5687=CARTESIAN_POINT('Ctrl Pts',(-21.3844288349469,-0.0109525360351592,
-7.41854456195645));
#5688=CARTESIAN_POINT('Ctrl Pts',(-21.2827474920497,-0.0889753746140604,
-7.64727653860408));
#5689=CARTESIAN_POINT('Ctrl Pts',(-20.9820801631915,-0.31968553045054,-8.03541993653957));
#5690=CARTESIAN_POINT('Ctrl Pts',(-20.5680067976955,-0.637415198798903,
-8.18300920994662));
#5691=CARTESIAN_POINT('Ctrl Pts',(-20.3600207950151,-0.797008471777406,
-8.18679159815213));
#5692=CARTESIAN_POINT('',(-20.3928134328524,-0.771845795757826,-8.18562827140324));
#5693=CARTESIAN_POINT('Ctrl Pts',(-20.392813432853,-0.771845795757426,-8.18562827140317));
#5694=CARTESIAN_POINT('Ctrl Pts',(-20.392813432853,-0.771845795757426,-8.42227722850859));
#5695=CARTESIAN_POINT('Ctrl Pts',(-20.3647475671717,-0.735082250579671,
-8.65661347215321));
#5696=CARTESIAN_POINT('Ctrl Pts',(-20.2545962841358,-0.59307189562866,-9.09394014227907));
#5697=CARTESIAN_POINT('Ctrl Pts',(-20.1736303837625,-0.48935904485297,-9.29275909984753));
#5698=CARTESIAN_POINT('Ctrl Pts',(-19.9875147997045,-0.256633038115349,
-9.5944204916044));
#5699=CARTESIAN_POINT('Ctrl Pts',(-19.8919354193474,-0.138743545817119,
-9.70652994237229));
#5700=CARTESIAN_POINT('Ctrl Pts',(-19.7860749822471,-0.0109525360340305,
-9.79332795728584));
#5701=CARTESIAN_POINT('Ctrl Pts',(-20.3928130221675,-0.771846110887453,
-8.18561591418615));
#5702=CARTESIAN_POINT('Ctrl Pts',(-20.5896980007973,-0.620770953257121,
-8.17508359924478));
#5703=CARTESIAN_POINT('Ctrl Pts',(-20.9899838324281,-0.313620831741231,
-8.02521677597236));
#5704=CARTESIAN_POINT('Ctrl Pts',(-21.2827474920497,-0.0889753746140604,
-7.64727653860408));
#5705=CARTESIAN_POINT('Ctrl Pts',(-21.3844288349469,-0.0109525360351592,
-7.41854456195645));
#5706=CARTESIAN_POINT('Origin',(0.300000000000004,-16.6499999999991,-10.));
#5707=CARTESIAN_POINT('',(-21.4464762920944,-2.24864320357495,-10.));
#5708=CARTESIAN_POINT('Origin',(0.300000000000004,-16.6499999999991,-10.));
#5709=CARTESIAN_POINT('Ctrl Pts',(-21.4464762920944,-2.24864320357495,-10.));
#5710=CARTESIAN_POINT('Ctrl Pts',(-21.3160509986089,-2.05169713850852,-10.));
#5711=CARTESIAN_POINT('Ctrl Pts',(-21.1841376382211,-1.85851926143664,-9.95394508152321));
#5712=CARTESIAN_POINT('Ctrl Pts',(-20.9334105203681,-1.50080081663634,-9.77483684757986));
#5713=CARTESIAN_POINT('Ctrl Pts',(-20.817070373258,-1.33968043796437,-9.64362517746772));
#5714=CARTESIAN_POINT('Ctrl Pts',(-20.617972962813,-1.06876138597174,-9.31231998512974));
#5715=CARTESIAN_POINT('Ctrl Pts',(-20.5372239437391,-0.961564722357612,
-9.11536428807689));
#5716=CARTESIAN_POINT('Ctrl Pts',(-20.4522142785565,-0.849486977709956,
-8.78587251855238));
#5717=CARTESIAN_POINT('Ctrl Pts',(-20.4300611985853,-0.820487365195425,
-8.66897187886728));
#5718=CARTESIAN_POINT('Ctrl Pts',(-20.4003221772377,-0.781617308236272,
-8.42961577207107));
#5719=CARTESIAN_POINT('Ctrl Pts',(-20.392813432853,-0.771845795757432,-8.30778102361695));
#5720=CARTESIAN_POINT('Ctrl Pts',(-20.392813432853,-0.771845795757432,-8.18562827140318));
#5721=CARTESIAN_POINT('Origin',(0.300000000000002,-16.6499999999991,-10.));
#5722=CARTESIAN_POINT('',(-23.0451789807142,-28.2823225135368,-10.));
#5723=CARTESIAN_POINT('Origin',(0.300000000000004,-16.6499999999991,-10.));
#5724=CARTESIAN_POINT('',(-24.4328284955481,-24.9322402350043,-10.));
#5725=CARTESIAN_POINT('Origin',(0.300000000000004,-16.6499999999991,-10.));
#5726=CARTESIAN_POINT('',(-25.2603779020909,-21.8437838040131,-10.));
#5727=CARTESIAN_POINT('Origin',(0.300000000000004,-16.6499999999991,-10.));
#5728=CARTESIAN_POINT('',(-25.7336793099619,-18.2487026886188,-10.));
#5729=CARTESIAN_POINT('Origin',(0.300000000000004,-16.6499999999991,-10.));
#5730=CARTESIAN_POINT('',(-25.7336793099619,-15.0512973113793,-10.));
#5731=CARTESIAN_POINT('Origin',(0.300000000000004,-16.6499999999991,-10.));
#5732=CARTESIAN_POINT('',(-25.2603779020909,-11.4562161959851,-10.));
#5733=CARTESIAN_POINT('Origin',(0.300000000000004,-16.6499999999991,-10.));
#5734=CARTESIAN_POINT('',(-24.4328284955481,-8.3677597649939,-10.));
#5735=CARTESIAN_POINT('Origin',(0.300000000000004,-16.6499999999991,-10.));
#5736=CARTESIAN_POINT('',(-23.0451789807142,-5.01767748646132,-10.));
#5737=CARTESIAN_POINT('Origin',(0.300000000000004,-16.6499999999991,-10.));
#5738=CARTESIAN_POINT('Origin',(0.300000000000004,-16.6499999999991,-10.));
#5739=CARTESIAN_POINT('',(-19.2638501270121,-2.6999999999934,-10.));
#5740=CARTESIAN_POINT('',(-19.2638501270122,-0.010952536035131,-10.));
#5741=CARTESIAN_POINT('',(-21.2638501270121,-2.69999999999287,-10.));
#5742=CARTESIAN_POINT('',(-19.2638501270121,-2.6999999999934,-10.));
#5743=CARTESIAN_POINT('',(-21.2638501270118,-30.5999999999995,-10.));
#5744=CARTESIAN_POINT('Origin',(0.300000000000004,-16.6499999999991,-10.));
#5745=CARTESIAN_POINT('',(-19.2638501270118,-30.5999999999995,-10.));
#5746=CARTESIAN_POINT('',(-19.2638501270118,-30.5999999999995,-10.));
#5747=CARTESIAN_POINT('',(-19.2638501270117,-33.2890474639635,-10.));
#5748=CARTESIAN_POINT('Origin',(0.300000000000002,-16.6499999999991,-10.));
#5749=CARTESIAN_POINT('Origin',(0.300000000000004,-16.6499999999991,-10.));
#5750=CARTESIAN_POINT('',(-14.1013567964241,5.09647629209537,-10.));
#5751=CARTESIAN_POINT('Origin',(0.300000000000004,-16.6499999999991,-10.));
#5752=CARTESIAN_POINT('',(-11.3323225135377,6.69517898071511,-10.));
#5753=CARTESIAN_POINT('Origin',(0.300000000000004,-16.6499999999991,-10.));
#5754=CARTESIAN_POINT('',(-7.98224023500516,8.08282849554907,-10.));
#5755=CARTESIAN_POINT('Origin',(0.300000000000004,-16.6499999999991,-10.));
#5756=CARTESIAN_POINT('',(-4.89378380401399,8.91037790209186,-10.));
#5757=CARTESIAN_POINT('Origin',(0.300000000000004,-16.6499999999991,-10.));
#5758=CARTESIAN_POINT('',(-1.29870268861974,9.3836793099628,-10.));
#5759=CARTESIAN_POINT('Origin',(0.300000000000004,-16.6499999999991,-10.));
#5760=CARTESIAN_POINT('',(1.89870268861976,9.38367930996279,-10.));
#5761=CARTESIAN_POINT('Origin',(0.300000000000004,-16.6499999999991,-10.));
#5762=CARTESIAN_POINT('',(5.493783804014,8.91037790209186,-10.));
#5763=CARTESIAN_POINT('Origin',(0.300000000000004,-16.6499999999991,-10.));
#5764=CARTESIAN_POINT('',(8.58224023500517,8.08282849554906,-10.));
#5765=CARTESIAN_POINT('Origin',(0.300000000000004,-16.6499999999991,-10.));
#5766=CARTESIAN_POINT('',(11.9323225135378,6.69517898071511,-10.));
#5767=CARTESIAN_POINT('Origin',(0.300000000000004,-16.6499999999991,-10.));
#5768=CARTESIAN_POINT('',(14.7013567964241,5.09647629209535,-10.));
#5769=CARTESIAN_POINT('Origin',(0.300000000000004,-16.6499999999991,-10.));
#5770=CARTESIAN_POINT('',(17.5781376670858,2.88904469153507,-10.));
#5771=CARTESIAN_POINT('Origin',(0.300000000000004,-16.6499999999991,-10.));
#5772=CARTESIAN_POINT('',(19.8390446915341,0.628137667086683,-10.));
#5773=CARTESIAN_POINT('Origin',(0.300000000000004,-16.6499999999991,-10.));
#5774=CARTESIAN_POINT('',(22.0464762920944,-2.24864320357494,-10.));
#5775=CARTESIAN_POINT('Origin',(0.300000000000004,-16.6499999999991,-10.));
#5776=CARTESIAN_POINT('',(23.6451789807142,-5.01767748646133,-10.));
#5777=CARTESIAN_POINT('Origin',(0.300000000000004,-16.6499999999991,-10.));
#5778=CARTESIAN_POINT('',(25.0328284955481,-8.3677597649939,-10.));
#5779=CARTESIAN_POINT('Origin',(0.300000000000004,-16.6499999999991,-10.));
#5780=CARTESIAN_POINT('',(25.8603779020909,-11.4562161959851,-10.));
#5781=CARTESIAN_POINT('Origin',(0.300000000000004,-16.6499999999991,-10.));
#5782=CARTESIAN_POINT('',(26.3336793099619,-15.0512973113793,-10.));
#5783=CARTESIAN_POINT('Origin',(0.300000000000004,-16.6499999999991,-10.));
#5784=CARTESIAN_POINT('',(26.3336793099619,-18.2487026886188,-10.));
#5785=CARTESIAN_POINT('Origin',(0.300000000000004,-16.6499999999991,-10.));
#5786=CARTESIAN_POINT('',(25.8603779020909,-21.8437838040131,-10.));
#5787=CARTESIAN_POINT('Origin',(0.300000000000004,-16.6499999999991,-10.));
#5788=CARTESIAN_POINT('',(25.0328284955481,-24.9322402350042,-10.));
#5789=CARTESIAN_POINT('Origin',(0.300000000000004,-16.6499999999991,-10.));
#5790=CARTESIAN_POINT('',(23.6451789807142,-28.2823225135368,-10.));
#5791=CARTESIAN_POINT('Origin',(0.300000000000004,-16.6499999999991,-10.));
#5792=CARTESIAN_POINT('',(22.0464762920944,-31.0513567964232,-10.));
#5793=CARTESIAN_POINT('Origin',(0.300000000000004,-16.6499999999991,-10.));
#5794=CARTESIAN_POINT('',(19.8390446915341,-33.9281376670848,-10.));
#5795=CARTESIAN_POINT('Origin',(0.300000000000004,-16.6499999999991,-10.));
#5796=CARTESIAN_POINT('',(17.5781376670858,-36.1890446915332,-10.));
#5797=CARTESIAN_POINT('Origin',(0.300000000000004,-16.6499999999991,-10.));
#5798=CARTESIAN_POINT('',(14.7013567964241,-38.3964762920935,-10.));
#5799=CARTESIAN_POINT('Origin',(0.300000000000004,-16.6499999999991,-10.));
#5800=CARTESIAN_POINT('',(11.9323225135377,-39.9951789807132,-10.));
#5801=CARTESIAN_POINT('Origin',(0.300000000000004,-16.6499999999991,-10.));
#5802=CARTESIAN_POINT('',(8.58224023500518,-41.3828284955472,-10.));
#5803=CARTESIAN_POINT('Origin',(0.300000000000004,-16.6499999999991,-10.));
#5804=CARTESIAN_POINT('',(5.49378380401401,-42.21037790209,-10.));
#5805=CARTESIAN_POINT('Origin',(0.300000000000004,-16.6499999999991,-10.));
#5806=CARTESIAN_POINT('',(1.89870268861975,-42.6836793099609,-10.));
#5807=CARTESIAN_POINT('Origin',(0.300000000000004,-16.6499999999991,-10.));
#5808=CARTESIAN_POINT('',(-1.29870268861975,-42.6836793099609,-10.));
#5809=CARTESIAN_POINT('Origin',(0.300000000000004,-16.6499999999991,-10.));
#5810=CARTESIAN_POINT('',(-4.89378380401399,-42.21037790209,-10.));
#5811=CARTESIAN_POINT('Origin',(0.300000000000004,-16.6499999999991,-10.));
#5812=CARTESIAN_POINT('',(-7.98224023500516,-41.3828284955472,-10.));
#5813=CARTESIAN_POINT('Origin',(0.300000000000004,-16.6499999999991,-10.));
#5814=CARTESIAN_POINT('',(-11.3323225135377,-39.9951789807133,-10.));
#5815=CARTESIAN_POINT('Origin',(0.300000000000004,-16.6499999999991,-10.));
#5816=CARTESIAN_POINT('Origin',(0.300000000000004,-16.6499999999991,-10.));
#5817=CARTESIAN_POINT('Origin',(-0.803715800280137,-18.0883904353299,5.55306586745515));
#5818=CARTESIAN_POINT('',(-23.8921905832015,-0.508669618352595,19.2000000000051));
#5819=CARTESIAN_POINT('Origin',(-0.869731515611173,-18.1744237905556,5.55306586745515));
#5820=CARTESIAN_POINT('',(-21.1251603140582,-0.209896269246396,19.2));
#5821=CARTESIAN_POINT('Ctrl Pts',(-23.8921905832035,-0.508669618351257,
19.2));
#5822=CARTESIAN_POINT('Ctrl Pts',(-23.8716745911619,-0.477920802873343,
19.2));
#5823=CARTESIAN_POINT('Ctrl Pts',(-23.850490727062,-0.448433033746822,19.2));
#5824=CARTESIAN_POINT('Ctrl Pts',(-23.8290206177063,-0.420452642476832,
19.2));
#5825=CARTESIAN_POINT('Ctrl Pts',(-23.6973132595395,-0.248808271523977,
19.2));
#5826=CARTESIAN_POINT('Ctrl Pts',(-23.4997049194661,-0.0804177900543787,
19.2));
#5827=CARTESIAN_POINT('Ctrl Pts',(-23.1105162092864,0.133688954429867,19.2));
#5828=CARTESIAN_POINT('Ctrl Pts',(-22.8486807298203,0.212401673598744,19.2));
#5829=CARTESIAN_POINT('Ctrl Pts',(-22.3798053281848,0.259495625915423,19.2));
#5830=CARTESIAN_POINT('Ctrl Pts',(-22.0892355017082,0.229925630437282,19.2));
#5831=CARTESIAN_POINT('Ctrl Pts',(-21.6069634174082,0.0895458250963224,
19.2));
#5832=CARTESIAN_POINT('Ctrl Pts',(-21.3305559168291,-0.0522906800280843,
19.2));
#5833=CARTESIAN_POINT('Ctrl Pts',(-21.1251603140582,-0.209896269246394,
19.2));
#5834=CARTESIAN_POINT('Origin',(0.300000000000007,-16.6499999999991,5.55306586745515));
#5835=CARTESIAN_POINT('Origin',(0.300000000000004,-16.6499999999991,-10.));
#5836=CARTESIAN_POINT('',(-15.5781542042341,4.04281343284406,-8.18562827140422));
#5837=CARTESIAN_POINT('Ctrl Pts',(-16.864385319867,2.98904746396083,-9.99367534810764));
#5838=CARTESIAN_POINT('Ctrl Pts',(-16.7255938950274,3.11035016458379,-9.97825274184101));
#5839=CARTESIAN_POINT('Ctrl Pts',(-16.5878641096205,3.22807424221857,-9.93473653305381));
#5840=CARTESIAN_POINT('Ctrl Pts',(-16.2889983351157,3.47861377395974,-9.77483684757986));
#5841=CARTESIAN_POINT('Ctrl Pts',(-16.1349213598333,3.60413306307835,-9.64362517746772));
#5842=CARTESIAN_POINT('Ctrl Pts',(-15.8724890188005,3.81429057057802,-9.31231998512974));
#5843=CARTESIAN_POINT('Ctrl Pts',(-15.7667469177147,3.89693521244525,-9.1153642880769));
#5844=CARTESIAN_POINT('Ctrl Pts',(-15.6556260317837,3.98319188018561,-8.78587251855238));
#5845=CARTESIAN_POINT('Ctrl Pts',(-15.6267221476883,4.00546971586156,-8.66897187886727));
#5846=CARTESIAN_POINT('Ctrl Pts',(-15.5879361478948,4.03531828264026,-8.42961577207108));
#5847=CARTESIAN_POINT('Ctrl Pts',(-15.5781542042416,4.04281343285389,-8.30778102361696));
#5848=CARTESIAN_POINT('Ctrl Pts',(-15.5781542042416,4.04281343285389,-8.18562827140318));
#5849=CARTESIAN_POINT('Ctrl Pts',(-15.5781542042416,4.0428134328539,-8.18562827140318));
#5850=CARTESIAN_POINT('Ctrl Pts',(-15.5781542042416,4.0428134328539,-8.4222772285086));
#5851=CARTESIAN_POINT('Ctrl Pts',(-15.5415295540855,4.07106031005145,-8.65661347215321));
#5852=CARTESIAN_POINT('Ctrl Pts',(-15.3983766005391,4.17972252960692,-9.09394014227905));
#5853=CARTESIAN_POINT('Ctrl Pts',(-15.2933266853172,4.25894593366875,-9.29275909984753));
#5854=CARTESIAN_POINT('Ctrl Pts',(-15.0260771060738,4.45561944556665,-9.62866022212592));
#5855=CARTESIAN_POINT('Ctrl Pts',(-14.8664487046921,4.5710812163213,-9.76256210954995));
#5856=CARTESIAN_POINT('Ctrl Pts',(-14.5969569969368,4.76031437801896,-9.90274336076305));
#5857=CARTESIAN_POINT('Ctrl Pts',(-14.5010433897592,4.82677097049439,-9.93906240268193));
#5858=CARTESIAN_POINT('Ctrl Pts',(-14.3037743691262,4.96139361531833,-9.98774699290375));
#5859=CARTESIAN_POINT('Ctrl Pts',(-14.2029358432378,5.02920672269224,-10.));
#5860=CARTESIAN_POINT('Ctrl Pts',(-14.1013567964241,5.09647629209537,-10.));
#5861=CARTESIAN_POINT('Ctrl Pts',(-16.9845964621138,2.89683041596503,-9.99998457513083));
#5862=CARTESIAN_POINT('Ctrl Pts',(-17.3257029992964,3.30802129168269,-9.99835529964412));
#5863=CARTESIAN_POINT('Ctrl Pts',(-18.1204626410423,4.26831964389701,-9.68815017108604));
#5864=CARTESIAN_POINT('Ctrl Pts',(-18.6974381938444,4.96864887855222,-8.73972526534747));
#5865=CARTESIAN_POINT('Ctrl Pts',(-18.8901779627683,5.20272755199135,-8.09386826501045));
#5866=CARTESIAN_POINT('Ctrl Pts',(-16.5541731757661,3.22710626120901,-10.0000996196551));
#5867=CARTESIAN_POINT('Ctrl Pts',(-16.8927971917803,3.64144474058486,-10.0047320082238));
#5868=CARTESIAN_POINT('Ctrl Pts',(-17.6855298107926,4.61305887939268,-9.70940272042901));
#5869=CARTESIAN_POINT('Ctrl Pts',(-18.2672768952786,5.32849173047373,-8.76051671509346));
#5870=CARTESIAN_POINT('Ctrl Pts',(-18.4627703478149,5.56910810270327,-8.10820216862903));
#5871=CARTESIAN_POINT('Ctrl Pts',(-15.8077586215804,3.79810604292507,-9.54546017107005));
#5872=CARTESIAN_POINT('Ctrl Pts',(-16.0920229844287,4.1604449734061,-9.55371935191588));
#5873=CARTESIAN_POINT('Ctrl Pts',(-16.7628028591828,5.01604793123528,-9.30839720190611));
#5874=CARTESIAN_POINT('Ctrl Pts',(-17.2624555899352,5.65420298393376,-8.48894671566237));
#5875=CARTESIAN_POINT('Ctrl Pts',(-17.4296732111169,5.8677626427611,-7.92386873968573));
#5876=CARTESIAN_POINT('Ctrl Pts',(-15.5432955545821,3.99738475615464,-8.59384238484606));
#5877=CARTESIAN_POINT('Ctrl Pts',(-15.7305589961929,4.24151575057983,-8.59577499768199));
#5878=CARTESIAN_POINT('Ctrl Pts',(-16.1699303027157,4.81414050226166,-8.42380039274725));
#5879=CARTESIAN_POINT('Ctrl Pts',(-16.4933757236084,5.23550243804891,-7.87746056442986));
#5880=CARTESIAN_POINT('Ctrl Pts',(-16.6014242911684,5.37636497340634,-7.50341741641708));
#5881=CARTESIAN_POINT('Ctrl Pts',(-15.5425416021238,3.99640218618107,-8.18694154992543));
#5882=CARTESIAN_POINT('Ctrl Pts',(-15.6901210259145,4.18873143577442,-8.18620366789304));
#5883=CARTESIAN_POINT('Ctrl Pts',(-16.0344242980574,4.63743619598326,-8.04571497056404));
#5884=CARTESIAN_POINT('Ctrl Pts',(-16.2850197311624,4.96401852272382,-7.6161831309683));
#5885=CARTESIAN_POINT('Ctrl Pts',(-16.3687583804609,5.07314885517713,-7.32368116925052));
#5886=CARTESIAN_POINT('',(-18.8901779627687,5.20272755199173,-8.09386826501068));
#5887=CARTESIAN_POINT('Ctrl Pts',(-17.061085538751,2.98905100892802,-9.99742260134777));
#5888=CARTESIAN_POINT('Ctrl Pts',(-17.3764145718537,3.36929872641908,-9.97781926869976));
#5889=CARTESIAN_POINT('Ctrl Pts',(-18.1389514804825,4.29076127892283,-9.65775845740231));
#5890=CARTESIAN_POINT('Ctrl Pts',(-18.6974381938444,4.96864887855222,-8.73972526534747));
#5891=CARTESIAN_POINT('Ctrl Pts',(-18.8901779627683,5.20272755199135,-8.09386826501045));
#5892=CARTESIAN_POINT('',(-16.3687583804609,5.07314885517712,-7.32368116925051));
#5893=CARTESIAN_POINT('Origin',(-17.8071488157918,3.96943305489698,-7.32368116925051));
#5894=CARTESIAN_POINT('Ctrl Pts',(-16.3687583804609,5.07314885517713,-7.32368116925052));
#5895=CARTESIAN_POINT('Ctrl Pts',(-16.2850197311624,4.96401852272382,-7.6161831309683));
#5896=CARTESIAN_POINT('Ctrl Pts',(-16.0430652586033,4.6486973150124,-8.03090397567413));
#5897=CARTESIAN_POINT('Ctrl Pts',(-15.7137539436197,4.21953045376199,-8.17617141613818));
#5898=CARTESIAN_POINT('Ctrl Pts',(-15.5781537855839,4.04281288724851,-8.1856118232298));
#5899=CARTESIAN_POINT('Origin',(0.300000000000007,-16.6499999999991,-6.68613192903075));
#5900=CARTESIAN_POINT('Origin',(0.299999999999538,-16.6499999999983,-8.09386826501218));
#5901=CARTESIAN_POINT('Origin',(0.300000000000003,-16.6499999999991,19.2));
#5902=CARTESIAN_POINT('',(1.35,-16.6499999999991,14.2));
#5903=CARTESIAN_POINT('Origin',(0.300000000000003,-16.6499999999991,14.2));
#5904=CARTESIAN_POINT('',(1.35,-16.6499999999991,19.2));
#5905=CARTESIAN_POINT('',(1.35,-16.6499999999991,19.2));
#5906=CARTESIAN_POINT('Origin',(0.300000000000003,-16.6499999999991,19.2));
#5907=CARTESIAN_POINT('Origin',(0.300000000000003,-16.6499999999991,19.2));
#5908=CARTESIAN_POINT('',(4.35,-16.6499999999991,14.2));
#5909=CARTESIAN_POINT('Origin',(0.300000000000003,-16.6499999999991,14.2));
#5910=CARTESIAN_POINT('',(4.35,-16.6499999999991,17.7));
#5911=CARTESIAN_POINT('',(4.35,-16.6499999999991,19.2));
#5912=CARTESIAN_POINT('Origin',(0.300000000000003,-16.6499999999991,17.7));
#5913=CARTESIAN_POINT('Origin',(0.300000000000003,-16.6499999999991,14.2));
#5914=CARTESIAN_POINT('Origin',(0.300000000000002,-16.6499999999991,17.7));
#5915=CARTESIAN_POINT('',(18.0623093177728,1.90000000000095,17.7));
#5916=CARTESIAN_POINT('',(18.0623093177728,-6.69999999999907,17.7));
#5917=CARTESIAN_POINT('',(18.0623093177728,1.90000000000095,17.7));
#5918=CARTESIAN_POINT('',(12.7623093177728,-6.69999999999909,17.7));
#5919=CARTESIAN_POINT('',(6.53115465888641,-6.69999999999912,17.7));
#5920=CARTESIAN_POINT('',(8.76230931777283,-6.69999999999909,17.7));
#5921=CARTESIAN_POINT('',(12.7623093177728,-6.69999999999909,17.7));
#5922=CARTESIAN_POINT('',(8.76230931777276,5.59853507555911,17.7));
#5923=CARTESIAN_POINT('',(8.7623093177728,1.90000000000091,17.7));
#5924=CARTESIAN_POINT('',(7.26230931777276,5.59853507555909,17.7));
#5925=CARTESIAN_POINT('',(8.76230931777276,5.5985350755591,17.7));
#5926=CARTESIAN_POINT('',(7.26230931777276,-41.3710109272224,17.7));
#5927=CARTESIAN_POINT('',(7.26230931777276,5.59853507555909,17.7));
#5928=CARTESIAN_POINT('',(-19.2638501270117,-33.2890474639635,17.7));
#5929=CARTESIAN_POINT('Origin',(0.300000000000004,-16.6499999999991,17.7));
#5930=CARTESIAN_POINT('',(-19.2638501270122,-0.010952536035127,17.7));
#5931=CARTESIAN_POINT('',(-19.2638501270121,-2.6999999999934,17.7));
#5932=CARTESIAN_POINT('',(15.1623093177728,4.29549818082926,17.7));
#5933=CARTESIAN_POINT('Origin',(0.300000000000004,-16.6499999999991,17.7));
#5934=CARTESIAN_POINT('',(15.1623093177727,1.90000000000094,17.7));
#5935=CARTESIAN_POINT('',(15.1623093177727,1.90000000000093,17.7));
#5936=CARTESIAN_POINT('',(8.7623093177728,1.90000000000091,17.7));
#5937=CARTESIAN_POINT('Origin',(18.0623093177728,-16.6499999999991,20.3059593023256));
#5938=CARTESIAN_POINT('',(18.0623093177728,-35.1999999999991,4.6));
#5939=CARTESIAN_POINT('',(18.0623093177728,1.90000000000095,4.6));
#5940=CARTESIAN_POINT('Ctrl Pts',(18.0623093177728,-35.1999999999991,4.59999999999999));
#5941=CARTESIAN_POINT('Ctrl Pts',(18.5584478693205,-34.7249290341197,3.90351817211181));
#5942=CARTESIAN_POINT('Ctrl Pts',(19.0472658140641,-34.2183552736112,3.23918462047078));
#5943=CARTESIAN_POINT('Ctrl Pts',(20.3547503184864,-32.743409322603,1.49901053579161));
#5944=CARTESIAN_POINT('Ctrl Pts',(21.198817045358,-31.6490093698449,0.419921530332109));
#5945=CARTESIAN_POINT('Ctrl Pts',(22.7630326100607,-29.1856691948617,-1.5359899740534));
#5946=CARTESIAN_POINT('Ctrl Pts',(23.4827564242407,-27.8165018977074,-2.41286636449545));
#5947=CARTESIAN_POINT('Ctrl Pts',(24.6832224663977,-24.8712824361615,-3.85983695255982));
#5948=CARTESIAN_POINT('Ctrl Pts',(25.165083402611,-23.2914154832026,-4.43144750031533));
#5949=CARTESIAN_POINT('Ctrl Pts',(25.8149685046594,-20.0215211001207,-5.19994698513323));
#5950=CARTESIAN_POINT('Ctrl Pts',(25.9827205003722,-18.331379955414,-5.39658218979732));
#5951=CARTESIAN_POINT('Ctrl Pts',(25.9827205003722,-14.9686200445842,-5.39658218979733));
#5952=CARTESIAN_POINT('Ctrl Pts',(25.8149685046594,-13.2784788998775,-5.19994698513323));
#5953=CARTESIAN_POINT('Ctrl Pts',(25.1650834026111,-10.0085845167955,-4.43144750031534));
#5954=CARTESIAN_POINT('Ctrl Pts',(24.6832224663977,-8.42871756383666,-3.85983695255983));
#5955=CARTESIAN_POINT('Ctrl Pts',(23.4827564242407,-5.48349810229069,-2.41286636449546));
#5956=CARTESIAN_POINT('Ctrl Pts',(22.7630326100607,-4.11433080513639,-1.53598997405341));
#5957=CARTESIAN_POINT('Ctrl Pts',(21.198817045358,-1.65099063015328,0.419921530332089));
#5958=CARTESIAN_POINT('Ctrl Pts',(20.3547503184864,-0.556590677395124,1.49901053579158));
#5959=CARTESIAN_POINT('Ctrl Pts',(19.0472658140641,0.918355273613047,3.23918462047077));
#5960=CARTESIAN_POINT('Ctrl Pts',(18.5584478693205,1.42492903412161,3.90351817211181));
#5961=CARTESIAN_POINT('Ctrl Pts',(18.0623093177728,1.90000000000094,4.6));
#5962=CARTESIAN_POINT('',(24.1391704386135,-38.1472875821132,6.8195659025272));
#5963=CARTESIAN_POINT('Ctrl Pts',(18.0623093177726,-35.1999999999993,4.60000000000035));
#5964=CARTESIAN_POINT('Ctrl Pts',(19.2339262044112,-35.8330128152384,5.02793159834824));
#5965=CARTESIAN_POINT('Ctrl Pts',(20.4050814705263,-36.4220597617616,5.45569459037892));
#5966=CARTESIAN_POINT('Ctrl Pts',(22.4032843347375,-37.3725899712698,6.18553568029226));
#5967=CARTESIAN_POINT('Ctrl Pts',(23.2656739365343,-37.7653133413736,6.50052240069905));
#5968=CARTESIAN_POINT('Ctrl Pts',(24.1391704386904,-38.1472875821825,6.81956590253128));
#5969=CARTESIAN_POINT('',(24.5691180707656,-37.6943396213198,5.98794618583131));
#5970=CARTESIAN_POINT('Ctrl Pts',(24.569118070765,-37.6943396213205,5.98794618583064));
#5971=CARTESIAN_POINT('Ctrl Pts',(24.4284099960234,-37.8509415132882,6.26222274989928));
#5972=CARTESIAN_POINT('Ctrl Pts',(24.2850800783479,-38.0019806383124,6.53953463114248));
#5973=CARTESIAN_POINT('Ctrl Pts',(24.1391704384881,-38.1472875821009,6.81956590246826));
#5974=CARTESIAN_POINT('',(24.2021798202353,-34.9907876475917,2.75045553312939));
#5975=CARTESIAN_POINT('Ctrl Pts',(24.2021798202353,-34.9907876475917,2.75045553312938));
#5976=CARTESIAN_POINT('Ctrl Pts',(24.3669337688953,-35.1172077987746,2.8405180241175));
#5977=CARTESIAN_POINT('Ctrl Pts',(24.5131116573026,-35.2704858047736,2.96528208716474));
#5978=CARTESIAN_POINT('Ctrl Pts',(24.8051813058206,-35.6898401150314,3.34762918465374));
#5979=CARTESIAN_POINT('Ctrl Pts',(24.9210036300093,-35.9702243988383,3.63388320755842));
#5980=CARTESIAN_POINT('Ctrl Pts',(25.0330413057232,-36.6436614220024,4.41143403915457));
#5981=CARTESIAN_POINT('Ctrl Pts',(24.975084513106,-37.0100490907677,4.90104528238732));
#5982=CARTESIAN_POINT('Ctrl Pts',(24.7540076986975,-37.458710322234,5.5889282254174));
#5983=CARTESIAN_POINT('Ctrl Pts',(24.6687264392989,-37.5834798927879,5.79378361823041));
#5984=CARTESIAN_POINT('Ctrl Pts',(24.569118070765,-37.6943396213205,5.98794618583064));
#5985=CARTESIAN_POINT('',(26.7201507492434,-34.5009043451916,1.63333483489682));
#5986=CARTESIAN_POINT('Ctrl Pts',(26.7201507492434,-34.5009043451916,1.63333483489682));
#5987=CARTESIAN_POINT('Ctrl Pts',(26.7109357746673,-34.5187913339059,1.6526825673));
#5988=CARTESIAN_POINT('Ctrl Pts',(26.7014092838522,-34.5365159790737,1.67200666641698));
#5989=CARTESIAN_POINT('Ctrl Pts',(26.5735569328626,-34.7646331911796,1.92269496958765));
#5990=CARTESIAN_POINT('Ctrl Pts',(26.4162526045445,-34.9410049849544,2.13877035015289));
#5991=CARTESIAN_POINT('Ctrl Pts',(26.09174687335,-35.1758528161557,2.46134726273686));
#5992=CARTESIAN_POINT('Ctrl Pts',(25.9298576661761,-35.2587121983629,2.58958519047684));
#5993=CARTESIAN_POINT('Ctrl Pts',(25.6057940381394,-35.3522620057637,2.77195872601517));
#5994=CARTESIAN_POINT('Ctrl Pts',(25.454210614276,-35.3751059885982,2.83569446012871));
#5995=CARTESIAN_POINT('Ctrl Pts',(25.1429891545896,-35.3744842081856,2.91557010820834));
#5996=CARTESIAN_POINT('Ctrl Pts',(24.9906538524981,-35.3535840802201,2.93252978296525));
#5997=CARTESIAN_POINT('Ctrl Pts',(24.671753506407,-35.2651828561597,2.92011315010982));
#5998=CARTESIAN_POINT('Ctrl Pts',(24.5150609986137,-35.194853626979,2.88519704867379));
#5999=CARTESIAN_POINT('Ctrl Pts',(24.3141237419305,-35.0721161589126,2.80709612450127));
#6000=CARTESIAN_POINT('Ctrl Pts',(24.2571449168852,-35.032963849648,2.7805021181245));
#6001=CARTESIAN_POINT('Ctrl Pts',(24.2021798202353,-34.9907876475917,2.75045553312939));
#6002=CARTESIAN_POINT('',(28.3730709712277,-30.3580569986542,-1.93260728113977));
#6003=CARTESIAN_POINT('Ctrl Pts',(28.3730709712277,-30.3580569986542,-1.93260728113977));
#6004=CARTESIAN_POINT('Ctrl Pts',(28.2166870165894,-30.8674862383258,-1.58619792751149));
#6005=CARTESIAN_POINT('Ctrl Pts',(28.051222689878,-31.3608197508752,-1.22223817853493));
#6006=CARTESIAN_POINT('Ctrl Pts',(27.5238699393503,-32.8027829944517,-0.0723579838345115));
#6007=CARTESIAN_POINT('Ctrl Pts',(27.1354131836715,-33.694847375993,0.761451099133754));
#6008=CARTESIAN_POINT('Ctrl Pts',(26.7201507492434,-34.5009043451916,1.63333483489682));
#6009=CARTESIAN_POINT('',(27.0890347101358,-27.7463814998209,-3.0939713874995));
#6010=CARTESIAN_POINT('Ctrl Pts',(27.0890347101358,-27.7463814998209,-3.09397138750166));
#6011=CARTESIAN_POINT('Ctrl Pts',(27.2757892636433,-27.8237377687187,-3.09373336626875));
#6012=CARTESIAN_POINT('Ctrl Pts',(27.4497030379079,-27.9293328872443,-3.0773095720857));
#6013=CARTESIAN_POINT('Ctrl Pts',(27.8262991792544,-28.2342273709453,-3.00229364669351));
#6014=CARTESIAN_POINT('Ctrl Pts',(28.0073214798392,-28.450614962383,-2.9299678976534));
#6015=CARTESIAN_POINT('Ctrl Pts',(28.3029464521785,-28.9572982815551,-2.72520227419099));
#6016=CARTESIAN_POINT('Ctrl Pts',(28.4011089007461,-29.2510095401985,-2.58612904313151));
#6017=CARTESIAN_POINT('Ctrl Pts',(28.4731906721216,-29.8231860376272,-2.27624811014365));
#6018=CARTESIAN_POINT('Ctrl Pts',(28.451848360851,-30.1014353663909,-2.10710871693624));
#6019=CARTESIAN_POINT('Ctrl Pts',(28.3730709712277,-30.3580569986542,-1.93260728113977));
#6020=CARTESIAN_POINT('',(29.3075172929066,-26.5854968085828,-4.03303274407136));
#6021=CARTESIAN_POINT('Ctrl Pts',(29.3075172929066,-26.5854968085828,-4.03303274407137));
#6022=CARTESIAN_POINT('Ctrl Pts',(29.291575842129,-26.6671141492499,-3.99667938148455));
#6023=CARTESIAN_POINT('Ctrl Pts',(29.2702526096419,-26.7472690015315,-3.95940439013801));
#6024=CARTESIAN_POINT('Ctrl Pts',(29.1710573650817,-27.0367102204311,-3.81886994761513));
#6025=CARTESIAN_POINT('Ctrl Pts',(29.0593079803673,-27.2314587545415,-3.71218369759749));
#6026=CARTESIAN_POINT('Ctrl Pts',(28.7778831238356,-27.5406269567715,-3.51885842057121));
#6027=CARTESIAN_POINT('Ctrl Pts',(28.6188051036588,-27.6598517865813,-3.43273262898306));
#6028=CARTESIAN_POINT('Ctrl Pts',(28.264288464044,-27.8252135470891,-3.28615880596179));
#6029=CARTESIAN_POINT('Ctrl Pts',(28.0760581188333,-27.8729288225985,-3.2265262412013));
#6030=CARTESIAN_POINT('Ctrl Pts',(27.6719424593536,-27.8974649094204,-3.13580160145443));
#6031=CARTESIAN_POINT('Ctrl Pts',(27.4628738039996,-27.8704545523801,-3.10790689701082));
#6032=CARTESIAN_POINT('Ctrl Pts',(27.2020583622349,-27.7901844403736,-3.0952283203548));
#6033=CARTESIAN_POINT('Ctrl Pts',(27.1449892866913,-27.769558644307,-3.09390007262851));
#6034=CARTESIAN_POINT('Ctrl Pts',(27.0890347101358,-27.7463814998209,-3.09397138750166));
#6035=CARTESIAN_POINT('',(29.9174135267167,-22.4872810952756,-5.43685716793279));
#6036=CARTESIAN_POINT('Ctrl Pts',(29.9174135267167,-22.4872810952756,-5.43685716793279));
#6037=CARTESIAN_POINT('Ctrl Pts',(29.7954821089655,-23.6392262503699,-5.15360364148232));
#6038=CARTESIAN_POINT('Ctrl Pts',(29.63598873495,-24.7752986213209,-4.78452548275401));
#6039=CARTESIAN_POINT('Ctrl Pts',(29.3978948624457,-26.1121939772757,-4.23935409986123));
#6040=CARTESIAN_POINT('Ctrl Pts',(29.3535485527206,-26.3498250955128,-4.13800380986044));
#6041=CARTESIAN_POINT('Ctrl Pts',(29.3075172929066,-26.5854968085829,-4.03303274407137));
#6042=CARTESIAN_POINT('',(28.2143847640587,-20.324998472803,-5.53002151142982));
#6043=CARTESIAN_POINT('Ctrl Pts',(28.2143847640587,-20.3249984728029,-5.53002151142983));
#6044=CARTESIAN_POINT('Ctrl Pts',(28.459164358023,-20.3572243177068,-5.56903330182637));
#6045=CARTESIAN_POINT('Ctrl Pts',(28.6965245125691,-20.4381424553406,-5.59986996236263));
#6046=CARTESIAN_POINT('Ctrl Pts',(29.1329686369492,-20.6870488229508,-5.64014316354459));
#6047=CARTESIAN_POINT('Ctrl Pts',(29.3275447622377,-20.8540991273088,-5.6488170783188));
#6048=CARTESIAN_POINT('Ctrl Pts',(29.6445690947339,-21.2502044105573,-5.63831614747235));
#6049=CARTESIAN_POINT('Ctrl Pts',(29.7644507536593,-21.4756977330799,-5.61920995484063));
#6050=CARTESIAN_POINT('Ctrl Pts',(29.9121852435742,-21.9503167656536,-5.55289704096527));
#6051=CARTESIAN_POINT('Ctrl Pts',(29.9407327005764,-22.1949711377207,-5.50678838901449));
#6052=CARTESIAN_POINT('Ctrl Pts',(29.9208190405319,-22.4527672485943,-5.44528069332781));
#6053=CARTESIAN_POINT('Ctrl Pts',(29.919237595391,-22.4700482351096,-5.44109458183332));
#6054=CARTESIAN_POINT('Ctrl Pts',(29.9174135267167,-22.4872810952756,-5.43685716793279));
#6055=CARTESIAN_POINT('',(30.1855122737978,-18.6464277001178,-6.06217737117052));
#6056=CARTESIAN_POINT('Ctrl Pts',(30.1855122737978,-18.6464277001178,-6.06217737117053));
#6057=CARTESIAN_POINT('Ctrl Pts',(30.1830175100233,-18.7177631787486,-6.05633514895083));
#6058=CARTESIAN_POINT('Ctrl Pts',(30.1764178462091,-18.7888805563336,-6.04949116353863));
#6059=CARTESIAN_POINT('Ctrl Pts',(30.1425227115478,-19.011904768524,-6.02479166707755));
#6060=CARTESIAN_POINT('Ctrl Pts',(30.1002839933584,-19.1603534802638,-6.00351073009182));
#6061=CARTESIAN_POINT('Ctrl Pts',(29.9497902737124,-19.5101819509704,-5.94155662325883));
#6062=CARTESIAN_POINT('Ctrl Pts',(29.8209037448006,-19.6986856002974,-5.89709730253853));
#6063=CARTESIAN_POINT('Ctrl Pts',(29.4968435990259,-20.0147370290418,-5.80078596370255));
#6064=CARTESIAN_POINT('Ctrl Pts',(29.304841314081,-20.1384038036501,-5.75003266077932));
#6065=CARTESIAN_POINT('Ctrl Pts',(28.8750089844623,-20.3066654916906,-5.65042563365781));
#6066=CARTESIAN_POINT('Ctrl Pts',(28.6410198301285,-20.3464783123797,-5.60294832320905));
#6067=CARTESIAN_POINT('Ctrl Pts',(28.3409054001423,-20.3383581702377,-5.55065268549218));
#6068=CARTESIAN_POINT('Ctrl Pts',(28.2774413523899,-20.3333000301461,-5.54007116617129));
#6069=CARTESIAN_POINT('Ctrl Pts',(28.2143847640587,-20.324998472803,-5.53002151142983));
#6070=CARTESIAN_POINT('',(30.1855122737978,-14.6535722998804,-6.06217737117054));
#6071=CARTESIAN_POINT('Ctrl Pts',(30.1855122737978,-14.6535722998804,-6.06217737117054));
#6072=CARTESIAN_POINT('Ctrl Pts',(30.2090159295061,-15.3256377461734,-6.11721808525546));
#6073=CARTESIAN_POINT('Ctrl Pts',(30.2203444886952,-15.9929584948088,-6.14378963303608));
#6074=CARTESIAN_POINT('Ctrl Pts',(30.2203444886952,-17.3070415051893,-6.14378963303608));
#6075=CARTESIAN_POINT('Ctrl Pts',(30.2090159295061,-17.9743622538248,-6.11721808525546));
#6076=CARTESIAN_POINT('Ctrl Pts',(30.1855122737978,-18.6464277001178,-6.06217737117053));
#6077=CARTESIAN_POINT('',(28.2143847640587,-12.9750015271952,-5.53002151142983));
#6078=CARTESIAN_POINT('Ctrl Pts',(28.2143847640587,-12.9750015271952,-5.53002151142984));
#6079=CARTESIAN_POINT('Ctrl Pts',(28.3543413304123,-12.956575895681,-5.55232711355451));
#6080=CARTESIAN_POINT('Ctrl Pts',(28.4957992502641,-12.9541914770563,-5.57718435505738));
#6081=CARTESIAN_POINT('Ctrl Pts',(28.8634484969302,-12.9917838966016,-5.64800330117782));
#6082=CARTESIAN_POINT('Ctrl Pts',(29.0829094081525,-13.0585761395223,-5.69662738465078));
#6083=CARTESIAN_POINT('Ctrl Pts',(29.4815670414448,-13.2741865939338,-5.79637483331067));
#6084=CARTESIAN_POINT('Ctrl Pts',(29.6564610087694,-13.4201340006671,-5.84628959650322));
#6085=CARTESIAN_POINT('Ctrl Pts',(29.9419352578804,-13.775677595631,-5.938401105949));
#6086=CARTESIAN_POINT('Ctrl Pts',(30.0486927481555,-13.9820645460421,-5.97942650502049));
#6087=CARTESIAN_POINT('Ctrl Pts',(30.1561793034592,-14.3503840477426,-6.03268711990629));
#6088=CARTESIAN_POINT('Ctrl Pts',(30.1801874767963,-14.501314620578,-6.04970779482207));
#6089=CARTESIAN_POINT('Ctrl Pts',(30.1855122737978,-14.6535722998804,-6.06217737117054));
#6090=CARTESIAN_POINT('',(29.9174135267167,-10.8127189047226,-5.4368571679328));
#6091=CARTESIAN_POINT('Ctrl Pts',(29.9174135267167,-10.8127189047226,-5.4368571679328));
#6092=CARTESIAN_POINT('Ctrl Pts',(29.9385535414501,-11.0124388620555,-5.48596660857494));
#6093=CARTESIAN_POINT('Ctrl Pts',(29.9268863846006,-11.2162890474204,-5.52755187913065));
#6094=CARTESIAN_POINT('Ctrl Pts',(29.8302940497896,-11.6612776133586,-5.6002184960397));
#6095=CARTESIAN_POINT('Ctrl Pts',(29.7301043383227,-11.896431487132,-5.62609783865322));
#6096=CARTESIAN_POINT('Ctrl Pts',(29.4482957813101,-12.3176500609635,-5.64940234513564));
#6097=CARTESIAN_POINT('Ctrl Pts',(29.2694487354829,-12.5003190840521,-5.64683519715373));
#6098=CARTESIAN_POINT('Ctrl Pts',(28.8588345814244,-12.78553102632,-5.6176194911968));
#6099=CARTESIAN_POINT('Ctrl Pts',(28.6316795346361,-12.8872430901455,-5.59178953795001));
#6100=CARTESIAN_POINT('Ctrl Pts',(28.3337212452082,-12.9563258357528,-5.54861714497759));
#6101=CARTESIAN_POINT('Ctrl Pts',(28.2741729261524,-12.9671302663294,-5.53955026017078));
#6102=CARTESIAN_POINT('Ctrl Pts',(28.2143847640587,-12.9750015271952,-5.53002151142984));
#6103=CARTESIAN_POINT('',(29.3075172929066,-6.71450319141529,-4.03303274407139));
#6104=CARTESIAN_POINT('Ctrl Pts',(29.3075172929066,-6.71450319141529,-4.03303274407138));
#6105=CARTESIAN_POINT('Ctrl Pts',(29.3535485527206,-6.95017490448534,-4.13800380986045));
#6106=CARTESIAN_POINT('Ctrl Pts',(29.3978948624457,-7.18780602272237,-4.23935409986123));
#6107=CARTESIAN_POINT('Ctrl Pts',(29.6359887349499,-8.52470137867725,-4.78452548275401));
#6108=CARTESIAN_POINT('Ctrl Pts',(29.7954821089655,-9.66077374962818,-5.15360364148233));
#6109=CARTESIAN_POINT('Ctrl Pts',(29.9174135267167,-10.8127189047226,-5.4368571679328));
#6110=CARTESIAN_POINT('',(27.0890347101352,-5.55361850017748,-3.09397138750167));
#6111=CARTESIAN_POINT('Ctrl Pts',(27.0890347101352,-5.55361850017748,-3.09397138750168));
#6112=CARTESIAN_POINT('Ctrl Pts',(27.0909227223635,-5.55283645990659,-3.09396898120427));
#6113=CARTESIAN_POINT('Ctrl Pts',(27.0928120866085,-5.55205729154785,-3.09396816852745));
#6114=CARTESIAN_POINT('Ctrl Pts',(27.2867834234251,-5.47241657576274,-3.0940486950852));
#6115=CARTESIAN_POINT('Ctrl Pts',(27.4887424139374,-5.42489807546886,-3.11068034585046));
#6116=CARTESIAN_POINT('Ctrl Pts',(27.8957043418062,-5.40383455110413,-3.18015772924939));
#6117=CARTESIAN_POINT('Ctrl Pts',(28.0936618599636,-5.43019150014599,-3.23158366154294));
#6118=CARTESIAN_POINT('Ctrl Pts',(28.4776766738546,-5.55877506806252,-3.36726578892777));
#6119=CARTESIAN_POINT('Ctrl Pts',(28.6549496258461,-5.66414841209197,-3.4511648426375));
#6120=CARTESIAN_POINT('Ctrl Pts',(28.9771005156924,-5.95532688976128,-3.64605400927157));
#6121=CARTESIAN_POINT('Ctrl Pts',(29.1094627919652,-6.14729149558255,-3.75678225645715));
#6122=CARTESIAN_POINT('Ctrl Pts',(29.2477753155785,-6.47358341902488,-3.92219643756174));
#6123=CARTESIAN_POINT('Ctrl Pts',(29.2836606392838,-6.59236144578195,-3.97862931546534));
#6124=CARTESIAN_POINT('Ctrl Pts',(29.3075172929066,-6.71450319141529,-4.03303274407138));
#6125=CARTESIAN_POINT('',(28.3730709712277,-2.94194300134391,-1.9326072811398));
#6126=CARTESIAN_POINT('Ctrl Pts',(28.3730709712277,-2.94194300134391,-1.9326072811398));
#6127=CARTESIAN_POINT('Ctrl Pts',(28.3978372158054,-3.02262039036331,-1.98746750510465));
#6128=CARTESIAN_POINT('Ctrl Pts',(28.416916724386,-3.10546022189411,-2.04183834843772));
#6129=CARTESIAN_POINT('Ctrl Pts',(28.4747292300918,-3.46841540027832,-2.2718207924004));
#6130=CARTESIAN_POINT('Ctrl Pts',(28.4575235528525,-3.76382749915642,-2.43814127613199));
#6131=CARTESIAN_POINT('Ctrl Pts',(28.3085276060166,-4.31611196957278,-2.7120973703938));
#6132=CARTESIAN_POINT('Ctrl Pts',(28.1880581241499,-4.57328190758195,-2.82356928854439));
#6133=CARTESIAN_POINT('Ctrl Pts',(27.8738692518929,-5.00767481295193,-2.98298280532753));
#6134=CARTESIAN_POINT('Ctrl Pts',(27.6939163400676,-5.18911530981784,-3.03694974159829));
#6135=CARTESIAN_POINT('Ctrl Pts',(27.3606335929391,-5.42246198176519,-3.08461353666618));
#6136=CARTESIAN_POINT('Ctrl Pts',(27.2282200643348,-5.4959660387843,-3.09379399386397));
#6137=CARTESIAN_POINT('Ctrl Pts',(27.0890347101352,-5.55361850017748,-3.09397138750168));
#6138=CARTESIAN_POINT('',(26.7201507492434,1.20090434519348,1.63333483489678));
#6139=CARTESIAN_POINT('Ctrl Pts',(26.7201507492434,1.20090434519348,1.63333483489678));
#6140=CARTESIAN_POINT('Ctrl Pts',(27.1354131836715,0.394847375994828,0.76145109913373));
#6141=CARTESIAN_POINT('Ctrl Pts',(27.5238699393503,-0.49721700554645,-0.0723579838345242));
#6142=CARTESIAN_POINT('Ctrl Pts',(28.051222689878,-1.93918024912289,-1.22223817853494));
#6143=CARTESIAN_POINT('Ctrl Pts',(28.2166870165894,-2.43251376167232,-1.58619792751151));
#6144=CARTESIAN_POINT('Ctrl Pts',(28.3730709712277,-2.94194300134391,-1.9326072811398));
#6145=CARTESIAN_POINT('',(24.2021798202353,1.69078764759359,2.75045553312936));
#6146=CARTESIAN_POINT('Ctrl Pts',(24.2021798202353,1.69078764759359,2.75045553312936));
#6147=CARTESIAN_POINT('Ctrl Pts',(24.3148279821241,1.77722562235703,2.8120344764412));
#6148=CARTESIAN_POINT('Ctrl Pts',(24.4404830984286,1.85445511410403,2.86161937297979));
#6149=CARTESIAN_POINT('Ctrl Pts',(24.716437634494,1.97926236887178,2.92356540713134));
#6150=CARTESIAN_POINT('Ctrl Pts',(24.8625969313296,2.02497834911963,2.93494898944136));
#6151=CARTESIAN_POINT('Ctrl Pts',(25.1739202946366,2.07787206276258,2.91122364935022));
#6152=CARTESIAN_POINT('Ctrl Pts',(25.331036643715,2.08150511206,2.87436454199912));
#6153=CARTESIAN_POINT('Ctrl Pts',(25.6743099638497,2.04260003125103,2.74408329207264));
#6154=CARTESIAN_POINT('Ctrl Pts',(25.8490049366639,1.98805700617767,2.64099952174199));
#6155=CARTESIAN_POINT('Ctrl Pts',(26.2176752171463,1.80702982622544,2.35805959373455));
#6156=CARTESIAN_POINT('Ctrl Pts',(26.4068749708119,1.65257294016016,2.15171881117964));
#6157=CARTESIAN_POINT('Ctrl Pts',(26.6186365282066,1.37799836719563,1.8288518055444));
#6158=CARTESIAN_POINT('Ctrl Pts',(26.6731475492104,1.29214124460962,1.73202260975898));
#6159=CARTESIAN_POINT('Ctrl Pts',(26.7201507492434,1.20090434519347,1.63333483489678));
#6160=CARTESIAN_POINT('',(24.5691180707656,4.39433962132171,5.98794618583127));
#6161=CARTESIAN_POINT('Ctrl Pts',(24.569118070765,4.39433962132238,5.9879461858306));
#6162=CARTESIAN_POINT('Ctrl Pts',(24.7458361620351,4.19766016643965,5.64347675171127));
#6163=CARTESIAN_POINT('Ctrl Pts',(24.8762106541849,3.95847401974222,5.26816775727439));
#6164=CARTESIAN_POINT('Ctrl Pts',(25.0173934358038,3.39125393249932,4.47857802633588));
#6165=CARTESIAN_POINT('Ctrl Pts',(25.0115550756953,3.07346693205072,4.08728852566434));
#6166=CARTESIAN_POINT('Ctrl Pts',(24.8587351705181,2.52128961791137,3.48152947073519));
#6167=CARTESIAN_POINT('Ctrl Pts',(24.7459716357399,2.29261448457917,3.25578530212951));
#6168=CARTESIAN_POINT('Ctrl Pts',(24.4899066496314,1.9488201720742,2.94858472314777));
#6169=CARTESIAN_POINT('Ctrl Pts',(24.3595319091003,1.81152815199456,2.836471808919));
#6170=CARTESIAN_POINT('Ctrl Pts',(24.2021798202353,1.69078764759358,2.75045553312935));
#6171=CARTESIAN_POINT('',(24.139170438496,4.84728758209824,6.81956590246035));
#6172=CARTESIAN_POINT('Ctrl Pts',(24.1391704384929,4.84728758209795,6.81956590245894));
#6173=CARTESIAN_POINT('Ctrl Pts',(24.2850805362154,4.70198018233787,6.53953375239846));
#6174=CARTESIAN_POINT('Ctrl Pts',(24.4284086618956,4.55094299811559,6.26222535046062));
#6175=CARTESIAN_POINT('Ctrl Pts',(24.569118070765,4.39433962132238,5.9879461858306));
#6176=CARTESIAN_POINT('Ctrl Pts',(18.0623093177728,1.90000000000096,4.60000000000001));
#6177=CARTESIAN_POINT('Ctrl Pts',(20.0215754230682,2.95857176288659,5.31561948755567));
#6178=CARTESIAN_POINT('Ctrl Pts',(22.0524644325194,3.93478485259568,6.05739915102141));
#6179=CARTESIAN_POINT('Ctrl Pts',(24.1391704384978,4.84728758209991,6.81956590246045));
#6180=CARTESIAN_POINT('Origin',(18.0623093177728,-10.649999999999,11.650000000001));
#6181=CARTESIAN_POINT('',(29.8461332448389,-11.6364411947626,16.6310690117869));
#6182=CARTESIAN_POINT('',(29.850701536959,-10.8215017047932,16.7257150259097));
#6183=CARTESIAN_POINT('Ctrl Pts',(29.8461332448389,-11.6364411947626,16.6310690117869));
#6184=CARTESIAN_POINT('Ctrl Pts',(29.8508122893378,-11.6144867028663,16.6362579014369));
#6185=CARTESIAN_POINT('Ctrl Pts',(29.8551215591619,-11.5923913800311,16.6412551219209));
#6186=CARTESIAN_POINT('Ctrl Pts',(29.8988641854856,-11.3453802468685,16.6945920122719));
#6187=CARTESIAN_POINT('Ctrl Pts',(29.8998881552807,-11.111769629398,16.721507478185));
#6188=CARTESIAN_POINT('Ctrl Pts',(29.858266644129,-10.8614858641326,16.7255811477008));
#6189=CARTESIAN_POINT('Ctrl Pts',(29.8546302856126,-10.8414568029446,16.7257339092271));
#6190=CARTESIAN_POINT('Ctrl Pts',(29.850701536959,-10.8215017047932,16.7257150259097));
#6191=CARTESIAN_POINT('',(18.0623093177728,-10.6748958369187,14.6498966977731));
#6192=CARTESIAN_POINT('Ctrl Pts',(18.0623093177714,-10.6748958369186,14.6498966977728));
#6193=CARTESIAN_POINT('Ctrl Pts',(23.0865823187944,-11.047041611208,15.5327536931608));
#6194=CARTESIAN_POINT('Ctrl Pts',(29.8461332448389,-11.6364411947626,16.6310690117869));
#6195=CARTESIAN_POINT('',(18.0623093177728,-13.649999999999,11.650000000001));
#6196=CARTESIAN_POINT('Origin',(18.0623093177728,-10.649999999999,11.650000000001));
#6197=CARTESIAN_POINT('',(31.6012285693102,-15.9244418412723,12.7468199869444));
#6198=CARTESIAN_POINT('Ctrl Pts',(18.0623093177714,-13.6499999999987,11.6500000000009));
#6199=CARTESIAN_POINT('Ctrl Pts',(23.7283289190908,-14.6490721289344,12.0614029273227));
#6200=CARTESIAN_POINT('Ctrl Pts',(31.6012285693102,-15.9244418412723,12.7468199869444));
#6201=CARTESIAN_POINT('',(32.2797493206884,-14.3778607621172,7.59670467878344));
#6202=CARTESIAN_POINT('Ctrl Pts',(32.2797493206884,-14.3778607621172,7.59670467878344));
#6203=CARTESIAN_POINT('Ctrl Pts',(32.2804568729021,-14.4346156428932,7.64873327040178));
#6204=CARTESIAN_POINT('Ctrl Pts',(32.2807210874887,-14.4899058207943,7.70171637861662));
#6205=CARTESIAN_POINT('Ctrl Pts',(32.2790621031631,-15.0350708090581,8.24718005702361));
#6206=CARTESIAN_POINT('Ctrl Pts',(32.2395546893089,-15.4524321143392,8.87179493727477));
#6207=CARTESIAN_POINT('Ctrl Pts',(32.0843951651227,-15.9858664794095,10.232214923121));
#6208=CARTESIAN_POINT('Ctrl Pts',(31.9686805485443,-16.102068451732,10.9679623474273));
#6209=CARTESIAN_POINT('Ctrl Pts',(31.8363996584145,-16.07874376177,11.650000000001));
#6210=CARTESIAN_POINT('Ctrl Pts',(31.7664163664824,-16.0664038192035,12.0108324687113));
#6211=CARTESIAN_POINT('Ctrl Pts',(31.687233408449,-16.0158337449993,12.3818162708116));
#6212=CARTESIAN_POINT('Ctrl Pts',(31.6012285693102,-15.9244418412723,12.7468199869444));
#6213=CARTESIAN_POINT('',(30.2683915255045,-12.7045864069895,6.92512174575767));
#6214=CARTESIAN_POINT('Ctrl Pts',(30.2683915255045,-12.7045864069895,6.92512174575767));
#6215=CARTESIAN_POINT('Ctrl Pts',(30.3559813739537,-12.6930549846778,6.9032659088218));
#6216=CARTESIAN_POINT('Ctrl Pts',(30.4450203892613,-12.6876857717443,6.88391518562541));
#6217=CARTESIAN_POINT('Ctrl Pts',(30.7414983522333,-12.6917220881701,6.82880676074453));
#6218=CARTESIAN_POINT('Ctrl Pts',(30.9484871616377,-12.7295265994867,6.80483281711453));
#6219=CARTESIAN_POINT('Ctrl Pts',(31.3287469998469,-12.8710925318158,6.79430370461108));
#6220=CARTESIAN_POINT('Ctrl Pts',(31.4992092658512,-12.9688073363128,6.8056584373297));
#6221=CARTESIAN_POINT('Ctrl Pts',(31.8036940719056,-13.2169710029752,6.87133958187798));
#6222=CARTESIAN_POINT('Ctrl Pts',(31.930787320291,-13.3642092323474,6.92597671920809));
#6223=CARTESIAN_POINT('Ctrl Pts',(32.1363335884669,-13.6967132301403,7.08899625974421));
#6224=CARTESIAN_POINT('Ctrl Pts',(32.210757131586,-13.8863628050313,7.20261262154549));
#6225=CARTESIAN_POINT('Ctrl Pts',(32.2684223260057,-14.1811729679376,7.42508406600736));
#6226=CARTESIAN_POINT('Ctrl Pts',(32.2785246247838,-14.2796242380596,7.50664884706796));
#6227=CARTESIAN_POINT('Ctrl Pts',(32.2797493206884,-14.3778607621172,7.59670467878344));
#6228=CARTESIAN_POINT('',(31.8358462159151,-10.5601524497363,6.22209739307706));
#6229=CARTESIAN_POINT('Ctrl Pts',(31.8358462159151,-10.5601524497363,6.22209739307706));
#6230=CARTESIAN_POINT('Ctrl Pts',(31.8589515560528,-10.6791378073986,6.21605318691077));
#6231=CARTESIAN_POINT('Ctrl Pts',(31.8699842064222,-10.8003242303348,6.21604633385298));
#6232=CARTESIAN_POINT('Ctrl Pts',(31.8661808070081,-11.1421755367589,6.23385307629669));
#6233=CARTESIAN_POINT('Ctrl Pts',(31.8234230277955,-11.3568391566379,6.26584873573223));
#6234=CARTESIAN_POINT('Ctrl Pts',(31.6561336416737,-11.7839636589338,6.36839031638995));
#6235=CARTESIAN_POINT('Ctrl Pts',(31.5238977703796,-11.9865672590022,6.4419223858834));
#6236=CARTESIAN_POINT('Ctrl Pts',(31.1860529003322,-12.3358721081229,6.60663189418428));
#6237=CARTESIAN_POINT('Ctrl Pts',(30.977307874389,-12.4782666478141,6.69808952263091));
#6238=CARTESIAN_POINT('Ctrl Pts',(30.5951061019408,-12.6387795935486,6.83401269812047));
#6239=CARTESIAN_POINT('Ctrl Pts',(30.4343710308469,-12.6827347905628,6.88370574758337));
#6240=CARTESIAN_POINT('Ctrl Pts',(30.2683915255045,-12.7045864069894,6.92512174575767));
#6241=CARTESIAN_POINT('',(30.4966948030054,-6.22192973866329,8.93809415690189));
#6242=CARTESIAN_POINT('Ctrl Pts',(30.4966948030054,-6.22192973866328,8.93809415690188));
#6243=CARTESIAN_POINT('Ctrl Pts',(30.6081189527634,-6.42482878086145,8.5691768335753));
#6244=CARTESIAN_POINT('Ctrl Pts',(30.7210608362326,-6.66990970806316,8.23075602207702));
#6245=CARTESIAN_POINT('Ctrl Pts',(31.0104276261841,-7.38604308609021,7.44261661967619));
#6246=CARTESIAN_POINT('Ctrl Pts',(31.2038807804896,-7.96530607713205,7.00542559717735));
#6247=CARTESIAN_POINT('Ctrl Pts',(31.5525670995802,-9.22936372023633,6.41784733874256));
#6248=CARTESIAN_POINT('Ctrl Pts',(31.7092807739385,-9.90837955691129,6.25520608657708));
#6249=CARTESIAN_POINT('Ctrl Pts',(31.8358462159151,-10.5601524497363,6.22209739307706));
#6250=CARTESIAN_POINT('',(29.4387396259244,-6.66014912139305,14.673382493393));
#6251=CARTESIAN_POINT('Ctrl Pts',(29.4387396259244,-6.66014912139304,14.673382493393));
#6252=CARTESIAN_POINT('Ctrl Pts',(29.450407985193,-6.47877698238956,14.4374387215893));
#6253=CARTESIAN_POINT('Ctrl Pts',(29.4480085476933,-6.31996636051808,14.1832136353744));
#6254=CARTESIAN_POINT('Ctrl Pts',(29.4386919704982,-5.979469303263,13.5083088567851));
#6255=CARTESIAN_POINT('Ctrl Pts',(29.4307179538521,-5.83028675662199,13.0734362368118));
#6256=CARTESIAN_POINT('Ctrl Pts',(29.488036076564,-5.67013453852253,12.3179784804638));
#6257=CARTESIAN_POINT('Ctrl Pts',(29.5304971086544,-5.63152228973456,12.0132248434611));
#6258=CARTESIAN_POINT('Ctrl Pts',(29.6745631462191,-5.59870033339532,11.3352021304376));
#6259=CARTESIAN_POINT('Ctrl Pts',(29.7838291627147,-5.61616189936584,10.9725904764193));
#6260=CARTESIAN_POINT('Ctrl Pts',(30.0840046473989,-5.74356377024917,10.0939142988483));
#6261=CARTESIAN_POINT('Ctrl Pts',(30.2915217563131,-5.89784915220564,9.57785759424378));
#6262=CARTESIAN_POINT('Ctrl Pts',(30.464510231798,-6.16572448530669,9.04265649614379));
#6263=CARTESIAN_POINT('Ctrl Pts',(30.4810710123708,-6.19347942369875,8.98982340081946));
#6264=CARTESIAN_POINT('Ctrl Pts',(30.4966948030054,-6.22192973866328,8.93809415690188));
#6265=CARTESIAN_POINT('Ctrl Pts',(29.850701536959,-10.8215017047932,16.7257150259097));
#6266=CARTESIAN_POINT('Ctrl Pts',(29.8393897351967,-10.7640462312218,16.7256606563478));
#6267=CARTESIAN_POINT('Ctrl Pts',(29.828312760019,-10.7068576872397,16.7246638619776));
#6268=CARTESIAN_POINT('Ctrl Pts',(29.698734148205,-10.0268508252478,16.7018156565921));
#6269=CARTESIAN_POINT('Ctrl Pts',(29.5944802586554,-9.35947325327635,16.5612711391867));
#6270=CARTESIAN_POINT('Ctrl Pts',(29.4566309693171,-8.12675135051374,16.0289448354516));
#6271=CARTESIAN_POINT('Ctrl Pts',(29.4231748972334,-7.56146606495189,15.6369902615228));
#6272=CARTESIAN_POINT('Ctrl Pts',(29.425014823935,-6.95390192135777,15.0300302618614));
#6273=CARTESIAN_POINT('Ctrl Pts',(29.429626944598,-6.80179598589134,14.8576483660762));
#6274=CARTESIAN_POINT('Ctrl Pts',(29.4387396259244,-6.66014912139304,14.673382493393));
#6275=CARTESIAN_POINT('Origin',(18.0623093177728,-22.649999999999,11.650000000001));
#6276=CARTESIAN_POINT('',(31.6012285693102,-17.3755581587257,12.7468199869444));
#6277=CARTESIAN_POINT('',(32.2797493206885,-18.922139237881,7.59670467878335));
#6278=CARTESIAN_POINT('Ctrl Pts',(31.6012285693102,-17.3755581587257,12.7468199869444));
#6279=CARTESIAN_POINT('Ctrl Pts',(31.687233408449,-17.2841662549987,12.3818162708117));
#6280=CARTESIAN_POINT('Ctrl Pts',(31.7664163664824,-17.2335961807944,12.0108324687114));
#6281=CARTESIAN_POINT('Ctrl Pts',(31.9686805485443,-17.197931548266,10.9679623474273));
#6282=CARTESIAN_POINT('Ctrl Pts',(32.0843951651227,-17.3141335205885,10.232214923121));
#6283=CARTESIAN_POINT('Ctrl Pts',(32.2395546893089,-17.8475678856588,8.87179493727483));
#6284=CARTESIAN_POINT('Ctrl Pts',(32.2790621031631,-18.2649291909399,8.24718005702366));
#6285=CARTESIAN_POINT('Ctrl Pts',(32.2807210874876,-18.8100941788648,7.70171637895566));
#6286=CARTESIAN_POINT('Ctrl Pts',(32.280456872906,-18.8653843567918,7.64873327068876));
#6287=CARTESIAN_POINT('Ctrl Pts',(32.2797493206885,-18.922139237881,7.59670467878334));
#6288=CARTESIAN_POINT('',(18.0623093177728,-19.649999999999,11.650000000001));
#6289=CARTESIAN_POINT('Ctrl Pts',(18.0623093177714,-19.6499999999992,11.6500000000009));
#6290=CARTESIAN_POINT('Ctrl Pts',(23.7283289190906,-18.6509278710636,12.0614029273227));
#6291=CARTESIAN_POINT('Ctrl Pts',(31.6012285693102,-17.3755581587257,12.7468199869444));
#6292=CARTESIAN_POINT('',(18.0623093177728,-22.6251041630793,14.6498966977731));
#6293=CARTESIAN_POINT('Origin',(18.0623093177728,-22.649999999999,11.650000000001));
#6294=CARTESIAN_POINT('',(29.8461332448388,-21.6635588052353,16.631069011787));
#6295=CARTESIAN_POINT('Ctrl Pts',(18.0623093177714,-22.6251041630793,14.6498966977729));
#6296=CARTESIAN_POINT('Ctrl Pts',(23.0865823187952,-22.2529583887898,15.532753693161));
#6297=CARTESIAN_POINT('Ctrl Pts',(29.8461332448388,-21.6635588052353,16.631069011787));
#6298=CARTESIAN_POINT('',(29.850701536959,-22.478498295205,16.7257150259098));
#6299=CARTESIAN_POINT('Ctrl Pts',(29.850701536959,-22.478498295205,16.7257150259098));
#6300=CARTESIAN_POINT('Ctrl Pts',(29.8685691139,-22.3877443979658,16.7258009054496));
#6301=CARTESIAN_POINT('Ctrl Pts',(29.8803198076984,-22.2958372848643,16.7223272319165));
#6302=CARTESIAN_POINT('Ctrl Pts',(29.8969001924884,-22.0203070889113,16.7009770773795));
#6303=CARTESIAN_POINT('Ctrl Pts',(29.8833830714304,-21.8383382962687,16.6723777105418));
#6304=CARTESIAN_POINT('Ctrl Pts',(29.8461332448388,-21.6635588052354,16.631069011787));
#6305=CARTESIAN_POINT('',(29.4387396259245,-26.6398508786051,14.6733824933929));
#6306=CARTESIAN_POINT('Ctrl Pts',(29.4387396259245,-26.6398508786051,14.6733824933929));
#6307=CARTESIAN_POINT('Ctrl Pts',(29.429626944598,-26.4982040141068,14.8576483660762));
#6308=CARTESIAN_POINT('Ctrl Pts',(29.425014823935,-26.3460980786403,15.0300302618614));
#6309=CARTESIAN_POINT('Ctrl Pts',(29.4231748972335,-25.7385339350461,15.6369902615229));
#6310=CARTESIAN_POINT('Ctrl Pts',(29.4566309693172,-25.1732486494842,16.0289448354517));
#6311=CARTESIAN_POINT('Ctrl Pts',(29.5944802586554,-23.9405267467216,16.5612711391868));
#6312=CARTESIAN_POINT('Ctrl Pts',(29.698734148205,-23.2731491747501,16.7018156565921));
#6313=CARTESIAN_POINT('Ctrl Pts',(29.828312760019,-22.5931423127584,16.7246638619777));
#6314=CARTESIAN_POINT('Ctrl Pts',(29.8393897351967,-22.5359537687763,16.7256606563479));
#6315=CARTESIAN_POINT('Ctrl Pts',(29.850701536959,-22.478498295205,16.7257150259098));
#6316=CARTESIAN_POINT('',(30.4966948030054,-27.0780702613348,8.93809415690217));
#6317=CARTESIAN_POINT('Ctrl Pts',(30.4966948030054,-27.0780702613348,8.93809415690217));
#6318=CARTESIAN_POINT('Ctrl Pts',(30.4698554347382,-27.1269437068709,9.02695736943188));
#6319=CARTESIAN_POINT('Ctrl Pts',(30.4402753754847,-27.173715523104,9.11898534066222));
#6320=CARTESIAN_POINT('Ctrl Pts',(30.23547316202,-27.4579380949628,9.7287778579188));
#6321=CARTESIAN_POINT('Ctrl Pts',(30.0114649407787,-27.6023952291498,10.2807727081297));
#6322=CARTESIAN_POINT('Ctrl Pts',(29.7226446826805,-27.694787816283,11.1761843207119));
#6323=CARTESIAN_POINT('Ctrl Pts',(29.6298383671499,-27.6998005472756,11.515552166656));
#6324=CARTESIAN_POINT('Ctrl Pts',(29.5048278640225,-27.6498147870884,12.1784261484808));
#6325=CARTESIAN_POINT('Ctrl Pts',(29.4699283783656,-27.6007412102652,12.4915499845516));
#6326=CARTESIAN_POINT('Ctrl Pts',(29.4274839145449,-27.4054031521464,13.2844247210425));
#6327=CARTESIAN_POINT('Ctrl Pts',(29.4445584917712,-27.2243451145803,13.7448663173692));
#6328=CARTESIAN_POINT('Ctrl Pts',(29.4481127244659,-26.8726683020851,14.3496375383052));
#6329=CARTESIAN_POINT('Ctrl Pts',(29.4464680993295,-26.7599817145208,14.5171064374804));
#6330=CARTESIAN_POINT('Ctrl Pts',(29.4387396259245,-26.6398508786051,14.6733824933929));
#6331=CARTESIAN_POINT('',(31.8358462159151,-22.7398475502619,6.22209739307713));
#6332=CARTESIAN_POINT('Ctrl Pts',(31.8358462159151,-22.7398475502619,6.22209739307712));
#6333=CARTESIAN_POINT('Ctrl Pts',(31.7092807739385,-23.3916204430868,6.25520608657716));
#6334=CARTESIAN_POINT('Ctrl Pts',(31.5525670995802,-24.0706362797617,6.41784733874263));
#6335=CARTESIAN_POINT('Ctrl Pts',(31.2038807804897,-25.3346939228659,7.0054255971774));
#6336=CARTESIAN_POINT('Ctrl Pts',(31.0104276261841,-25.9139569139078,7.44261661967625));
#6337=CARTESIAN_POINT('Ctrl Pts',(30.7210608362326,-26.6300902919349,8.23075602207713));
#6338=CARTESIAN_POINT('Ctrl Pts',(30.6081189527634,-26.8751712191366,8.5691768335755));
#6339=CARTESIAN_POINT('Ctrl Pts',(30.4966948030054,-27.0780702613348,8.93809415690217));
#6340=CARTESIAN_POINT('',(30.2683915255045,-20.5954135930087,6.92512174575765));
#6341=CARTESIAN_POINT('Ctrl Pts',(30.2683915255045,-20.5954135930087,6.92512174575766));
#6342=CARTESIAN_POINT('Ctrl Pts',(30.3482347625645,-20.6059251545831,6.90519888026));
#6343=CARTESIAN_POINT('Ctrl Pts',(30.427041398874,-20.62157852284,6.8833307652216));
#6344=CARTESIAN_POINT('Ctrl Pts',(30.7525429582009,-20.7082366594545,6.78477358770422));
#6345=CARTESIAN_POINT('Ctrl Pts',(30.9825780783427,-20.8243517415255,6.69443970496992));
#6346=CARTESIAN_POINT('Ctrl Pts',(31.3609584041741,-21.1243529196193,6.52491694629735));
#6347=CARTESIAN_POINT('Ctrl Pts',(31.5148859662025,-21.301519821877,6.44557112227957));
#6348=CARTESIAN_POINT('Ctrl Pts',(31.7352107018771,-21.6871976422371,6.32206814676727));
#6349=CARTESIAN_POINT('Ctrl Pts',(31.8080458593473,-21.8876170782535,6.27585031429881));
#6350=CARTESIAN_POINT('Ctrl Pts',(31.8785710742644,-22.306099028908,6.22071891853036));
#6351=CARTESIAN_POINT('Ctrl Pts',(31.8771400671421,-22.5172251802916,6.21173781096734));
#6352=CARTESIAN_POINT('Ctrl Pts',(31.8378060808699,-22.7296363709416,6.22158994841717));
#6353=CARTESIAN_POINT('Ctrl Pts',(31.836837005127,-22.734745292167,6.22183820908638));
#6354=CARTESIAN_POINT('Ctrl Pts',(31.8358462159151,-22.7398475502619,6.22209739307712));
#6355=CARTESIAN_POINT('Ctrl Pts',(32.2797493206885,-18.922139237881,7.59670467878334));
#6356=CARTESIAN_POINT('Ctrl Pts',(32.2792297397749,-18.9638163780761,7.55849822186924));
#6357=CARTESIAN_POINT('Ctrl Pts',(32.277104035774,-19.0062497509367,7.52116493364606));
#6358=CARTESIAN_POINT('Ctrl Pts',(32.2576178404883,-19.2210695961822,7.34000560485584));
#6359=CARTESIAN_POINT('Ctrl Pts',(32.214100643887,-19.4016497020764,7.21260468117536));
#6360=CARTESIAN_POINT('Ctrl Pts',(32.058012737135,-19.7474388894122,7.01228862689063));
#6361=CARTESIAN_POINT('Ctrl Pts',(31.9542204159059,-19.9067810507758,6.93886240640137));
#6362=CARTESIAN_POINT('Ctrl Pts',(31.6849071414845,-20.1934296996227,6.83652015308634));
#6363=CARTESIAN_POINT('Ctrl Pts',(31.5251939580273,-20.3150686616041,6.80910067839711));
#6364=CARTESIAN_POINT('Ctrl Pts',(31.1554655571775,-20.507082624744,6.79215191738136));
#6365=CARTESIAN_POINT('Ctrl Pts',(30.9487104011707,-20.5706963540435,6.80510920226369));
#6366=CARTESIAN_POINT('Ctrl Pts',(30.5797547256097,-20.6168049147544,6.85617488114741));
#6367=CARTESIAN_POINT('Ctrl Pts',(30.4221438426474,-20.6156554695704,6.88675673392714));
#6368=CARTESIAN_POINT('Ctrl Pts',(30.2683915255045,-20.5954135930087,6.92512174575765));
#6369=CARTESIAN_POINT('Origin',(18.0623093177728,-16.6499999999986,60.4504166667001));
#6370=CARTESIAN_POINT('Ctrl Pts',(18.0623093177728,1.90000000000094,4.6));
#6371=CARTESIAN_POINT('Ctrl Pts',(18.3976022204132,1.57894467661806,4.55566246386093));
#6372=CARTESIAN_POINT('Ctrl Pts',(18.7211971680082,1.25163931837149,4.50981227994828));
#6373=CARTESIAN_POINT('Ctrl Pts',(20.0873868409333,-0.204963927706788,4.30518499428108));
#6374=CARTESIAN_POINT('Ctrl Pts',(21.076066886379,-1.46523480681196,4.12636923815837));
#6375=CARTESIAN_POINT('Ctrl Pts',(22.8180990205906,-4.19378605675283,3.77515648333212));
#6376=CARTESIAN_POINT('Ctrl Pts',(23.5715792786737,-5.66206560004714,3.60338907532556));
#6377=CARTESIAN_POINT('Ctrl Pts',(24.7819187059636,-8.71673043634979,3.31265786848825));
#6378=CARTESIAN_POINT('Ctrl Pts',(25.2396503663207,-10.3055012894197,3.19386089871275));
#6379=CARTESIAN_POINT('Ctrl Pts',(25.8401241953671,-13.4970838306163,3.03576667891238));
#6380=CARTESIAN_POINT('Ctrl Pts',(25.9827205003722,-15.099928544805,2.99658218979915));
#6381=CARTESIAN_POINT('Ctrl Pts',(25.9827205003722,-18.2000714551931,2.99658218979917));
#6382=CARTESIAN_POINT('Ctrl Pts',(25.8401241953671,-19.8029161693818,3.03576667891242));
#6383=CARTESIAN_POINT('Ctrl Pts',(25.2396503663207,-22.9944987105784,3.19386089871284));
#6384=CARTESIAN_POINT('Ctrl Pts',(24.7819187059636,-24.5832695636482,3.31265786848838));
#6385=CARTESIAN_POINT('Ctrl Pts',(23.5715792786737,-27.6379343999509,3.60338907532574));
#6386=CARTESIAN_POINT('Ctrl Pts',(22.8180990205907,-29.1062139432452,3.77515648333232));
#6387=CARTESIAN_POINT('Ctrl Pts',(21.076066886379,-31.8347651931861,4.12636923815861));
#6388=CARTESIAN_POINT('Ctrl Pts',(20.0873868409333,-33.0950360722913,4.30518499428134));
#6389=CARTESIAN_POINT('Ctrl Pts',(18.7211971680082,-34.5516393183696,4.50981227994857));
#6390=CARTESIAN_POINT('Ctrl Pts',(18.3976022204132,-34.8789446766161,4.55566246386124));
#6391=CARTESIAN_POINT('Ctrl Pts',(18.0623093177728,-35.199999999999,4.60000000000031));
#6392=CARTESIAN_POINT('',(24.5547631385618,4.38332469443118,6.71459947114217));
#6393=CARTESIAN_POINT('Ctrl Pts',(24.5547631385619,4.38332469443119,6.71459947114217));
#6394=CARTESIAN_POINT('Ctrl Pts',(24.4179252072273,4.53918247332927,6.74969474780563));
#6395=CARTESIAN_POINT('Ctrl Pts',(24.2793797934377,4.69385810805931,6.78470038220657));
#6396=CARTESIAN_POINT('Ctrl Pts',(24.139170438494,4.84728758209684,6.81956590245849));
#6397=CARTESIAN_POINT('',(24.3050212096007,1.76970062113491,5.7170845658951));
#6398=CARTESIAN_POINT('Ctrl Pts',(24.3050212096007,1.7697006211349,5.71708456589509));
#6399=CARTESIAN_POINT('Ctrl Pts',(24.4644687190194,1.89204899827789,5.78792341441108));
#6400=CARTESIAN_POINT('Ctrl Pts',(24.6015921793246,2.03954343015617,5.86360375044268));
#6401=CARTESIAN_POINT('Ctrl Pts',(24.8478451085703,2.41258456327879,6.03859120728169));
#6402=CARTESIAN_POINT('Ctrl Pts',(24.93999796929,2.64563746219649,6.13788302709125));
#6403=CARTESIAN_POINT('Ctrl Pts',(25.0212515792524,3.12411764568026,6.32556382070256));
#6404=CARTESIAN_POINT('Ctrl Pts',(25.014329370874,3.36551060152857,6.41307982935666));
#6405=CARTESIAN_POINT('Ctrl Pts',(24.907202316268,3.82031083099797,6.56358838984157));
#6406=CARTESIAN_POINT('Ctrl Pts',(24.8139703524321,4.03122059726402,6.62671288745965));
#6407=CARTESIAN_POINT('Ctrl Pts',(24.6424474355554,4.27760191605689,6.68989720522254));
#6408=CARTESIAN_POINT('Ctrl Pts',(24.6001016704077,4.33168431370438,6.70297134798126));
#6409=CARTESIAN_POINT('Ctrl Pts',(24.5547631385619,4.38332469443119,6.71459947114218));
#6410=CARTESIAN_POINT('',(26.9077525241265,1.344856250054,6.05912621596123));
#6411=CARTESIAN_POINT('Ctrl Pts',(26.9077525241265,1.344856250054,6.05912621596122));
#6412=CARTESIAN_POINT('Ctrl Pts',(26.7923781172466,1.51447687519867,6.0938155556932));
#6413=CARTESIAN_POINT('Ctrl Pts',(26.6483540712591,1.66449310129185,6.11751684368852));
#6414=CARTESIAN_POINT('Ctrl Pts',(26.3015842854728,1.91971699390085,6.13957205704456));
#6415=CARTESIAN_POINT('Ctrl Pts',(26.099610289579,2.0177122794571,6.13564750177566));
#6416=CARTESIAN_POINT('Ctrl Pts',(25.6607112443632,2.13881781498709,6.09553029346419));
#6417=CARTESIAN_POINT('Ctrl Pts',(25.4287161511613,2.15644862577204,6.05835247836444));
#6418=CARTESIAN_POINT('Ctrl Pts',(24.9599299337268,2.10393678770926,5.95279796195667));
#6419=CARTESIAN_POINT('Ctrl Pts',(24.729611028988,2.02872930902604,5.88389975286254));
#6420=CARTESIAN_POINT('Ctrl Pts',(24.4463749073291,1.87032589719971,5.77734406215356));
#6421=CARTESIAN_POINT('Ctrl Pts',(24.3736852894173,1.82238842268291,5.74759043184653));
#6422=CARTESIAN_POINT('Ctrl Pts',(24.3050212096007,1.76970062113491,5.71708456589509));
#6423=CARTESIAN_POINT('',(29.190810622983,-2.60322414709662,5.3237350871116));
#6424=CARTESIAN_POINT('Ctrl Pts',(29.190810622983,-2.60322414709662,5.32373508711159));
#6425=CARTESIAN_POINT('Ctrl Pts',(29.1810620900208,-2.58311910145916,5.32708417926961));
#6426=CARTESIAN_POINT('Ctrl Pts',(29.1713008060292,-2.56304231291797,5.33043497457274));
#6427=CARTESIAN_POINT('Ctrl Pts',(28.5213801438488,-1.22990439515713,5.55335666572612));
#6428=CARTESIAN_POINT('Ctrl Pts',(27.7684037204182,0.0795479560009238,5.8003563332264));
#6429=CARTESIAN_POINT('Ctrl Pts',(26.9077525241265,1.344856250054,6.05912621596123));
#6430=CARTESIAN_POINT('',(28.2404140414102,-5.07670156572728,4.5807783971722));
#6431=CARTESIAN_POINT('Ctrl Pts',(28.2404140414102,-5.07670156572728,4.58077839717221));
#6432=CARTESIAN_POINT('Ctrl Pts',(28.4483962544493,-4.99055251235416,4.63607545904049));
#6433=CARTESIAN_POINT('Ctrl Pts',(28.6382776714956,-4.86728755021259,4.69603008099935));
#6434=CARTESIAN_POINT('Ctrl Pts',(28.9796104638068,-4.54450617424096,4.82676451384504));
#6435=CARTESIAN_POINT('Ctrl Pts',(29.1225598878889,-4.34124258342245,4.89700032366955));
#6436=CARTESIAN_POINT('Ctrl Pts',(29.3162219044386,-3.89673328954827,5.03242525972622));
#6437=CARTESIAN_POINT('Ctrl Pts',(29.3679650211935,-3.66015216088926,5.09668900803916));
#6438=CARTESIAN_POINT('Ctrl Pts',(29.3751655992323,-3.18847762420196,5.21085411845497));
#6439=CARTESIAN_POINT('Ctrl Pts',(29.3345063360771,-2.95761635383682,5.26030564566234));
#6440=CARTESIAN_POINT('Ctrl Pts',(29.232193664701,-2.69323784984384,5.30838411466554));
#6441=CARTESIAN_POINT('Ctrl Pts',(29.2124198814247,-2.64779035299088,5.31631126259687));
#6442=CARTESIAN_POINT('Ctrl Pts',(29.190810622983,-2.60322414709662,5.3237350871116));
#6443=CARTESIAN_POINT('',(30.6540659715331,-6.1567444663326,4.80092876389229));
#6444=CARTESIAN_POINT('Ctrl Pts',(30.6540659715331,-6.1567444663326,4.80092876389229));
#6445=CARTESIAN_POINT('Ctrl Pts',(30.5951238980187,-5.98467390723728,4.82279812570844));
#6446=CARTESIAN_POINT('Ctrl Pts',(30.5103023319268,-5.82198501928091,4.8390758244637));
#6447=CARTESIAN_POINT('Ctrl Pts',(30.2889742062419,-5.52041255274766,4.85882590878274));
#6448=CARTESIAN_POINT('Ctrl Pts',(30.1521130915203,-5.38528149827794,4.8615335548138));
#6449=CARTESIAN_POINT('Ctrl Pts',(29.8075189955379,-5.13909052479782,4.84988988201456));
#6450=CARTESIAN_POINT('Ctrl Pts',(29.5950791519145,-5.0423591489147,4.8318716320836));
#6451=CARTESIAN_POINT('Ctrl Pts',(29.1359260770383,-4.93103714778117,4.77248139961336));
#6452=CARTESIAN_POINT('Ctrl Pts',(28.893660661977,-4.92198127789996,4.7307360736204));
#6453=CARTESIAN_POINT('Ctrl Pts',(28.5137709076338,-4.98179885415369,4.64975591755176));
#6454=CARTESIAN_POINT('Ctrl Pts',(28.3737181492117,-5.02148519635587,4.61622049286244));
#6455=CARTESIAN_POINT('Ctrl Pts',(28.2404140414102,-5.07670156572729,4.58077839717221));
#6456=CARTESIAN_POINT('',(31.8205823716208,-10.5621619729604,4.35533550048025));
#6457=CARTESIAN_POINT('Ctrl Pts',(31.8205823716208,-10.5621619729604,4.35533550048024));
#6458=CARTESIAN_POINT('Ctrl Pts',(31.7079193775189,-9.97012476646131,4.39960542532026));
#6459=CARTESIAN_POINT('Ctrl Pts',(31.5785326048105,-9.38029909198075,4.45009692661127));
#6460=CARTESIAN_POINT('Ctrl Pts',(31.2111199611086,-7.90540488289665,4.59179025678843));
#6461=CARTESIAN_POINT('Ctrl Pts',(30.9514305980242,-7.02484588327718,4.69059714132948));
#6462=CARTESIAN_POINT('Ctrl Pts',(30.6540659715331,-6.1567444663326,4.80092876389229));
#6463=CARTESIAN_POINT('',(30.2537375758251,-12.7065156360643,3.88697682750875));
#6464=CARTESIAN_POINT('Ctrl Pts',(30.2537375758251,-12.7065156360643,3.88697682750876));
#6465=CARTESIAN_POINT('Ctrl Pts',(30.2793759659873,-12.7031402779653,3.89174386372616));
#6466=CARTESIAN_POINT('Ctrl Pts',(30.3049567751284,-12.6992274165376,3.89653855096121));
#6467=CARTESIAN_POINT('Ctrl Pts',(30.5713969888955,-12.6527437709685,3.94688514007261));
#6468=CARTESIAN_POINT('Ctrl Pts',(30.8017224662492,-12.5634798463802,3.99384731404686));
#6469=CARTESIAN_POINT('Ctrl Pts',(31.2103991388773,-12.3027794183283,4.08560261192546));
#6470=CARTESIAN_POINT('Ctrl Pts',(31.3861147415917,-12.1349531750458,4.12967992762822));
#6471=CARTESIAN_POINT('Ctrl Pts',(31.6593210297228,-11.7445089275891,4.21071571944307));
#6472=CARTESIAN_POINT('Ctrl Pts',(31.7560403438946,-11.5267507789129,4.24711743054034));
#6473=CARTESIAN_POINT('Ctrl Pts',(31.8590332704556,-11.0699070578727,4.30890532624156));
#6474=CARTESIAN_POINT('Ctrl Pts',(31.8662167403148,-10.8357309966598,4.3339373763741));
#6475=CARTESIAN_POINT('Ctrl Pts',(31.8259513621692,-10.5913574509297,4.35312496437898));
#6476=CARTESIAN_POINT('Ctrl Pts',(31.8233564125024,-10.5767393896832,4.35424546570607));
#6477=CARTESIAN_POINT('Ctrl Pts',(31.8205823716208,-10.5621619729604,4.35533550048023));
#6478=CARTESIAN_POINT('',(32.3143218201965,-14.3733092062091,4.15903561529889));
#6479=CARTESIAN_POINT('Ctrl Pts',(32.3143218201965,-14.3733092062091,4.15903561529889));
#6480=CARTESIAN_POINT('Ctrl Pts',(32.3083939330219,-14.2884926598327,4.1614198982591));
#6481=CARTESIAN_POINT('Ctrl Pts',(32.2964503861321,-14.2040071304189,4.16292197628587));
#6482=CARTESIAN_POINT('Ctrl Pts',(32.2296157547345,-13.8931652445306,4.16509443626168));
#6483=CARTESIAN_POINT('Ctrl Pts',(32.1371863732908,-13.677678204444,4.15987647512222));
#6484=CARTESIAN_POINT('Ctrl Pts',(31.8735635891459,-13.2903491494415,4.13508778617736));
#6485=CARTESIAN_POINT('Ctrl Pts',(31.7039193028645,-13.1235533518153,4.11550553724766));
#6486=CARTESIAN_POINT('Ctrl Pts',(31.3057273519639,-12.8604258356121,4.06221503941687));
#6487=CARTESIAN_POINT('Ctrl Pts',(31.0799470425843,-12.7690755509673,4.02866034691624));
#6488=CARTESIAN_POINT('Ctrl Pts',(30.648637134371,-12.686276152699,3.9581830105866));
#6489=CARTESIAN_POINT('Ctrl Pts',(30.4494157588454,-12.6807541145463,3.92335996153198));
#6490=CARTESIAN_POINT('Ctrl Pts',(30.2537375758251,-12.7065156360643,3.88697682750876));
#6491=CARTESIAN_POINT('',(32.3143218201965,-18.9266907937891,4.15903561529894));
#6492=CARTESIAN_POINT('Ctrl Pts',(32.3143218201965,-18.9266907937891,4.15903561529893));
#6493=CARTESIAN_POINT('Ctrl Pts',(32.3675789334933,-18.1646849919233,4.13761482505699));
#6494=CARTESIAN_POINT('Ctrl Pts',(32.3937664260498,-17.4047272048141,4.12702256105721));
#6495=CARTESIAN_POINT('Ctrl Pts',(32.3937664260498,-15.895272795184,4.1270225610572));
#6496=CARTESIAN_POINT('Ctrl Pts',(32.3675789334933,-15.1353150080749,4.13761482505696));
#6497=CARTESIAN_POINT('Ctrl Pts',(32.3143218201965,-14.3733092062091,4.15903561529889));
#6498=CARTESIAN_POINT('',(30.2537375758251,-20.5934843639339,3.88697682750882));
#6499=CARTESIAN_POINT('Ctrl Pts',(30.2537375758251,-20.5934843639339,3.88697682750883));
#6500=CARTESIAN_POINT('Ctrl Pts',(30.4454871235701,-20.6187286708058,3.92262949653312));
#6501=CARTESIAN_POINT('Ctrl Pts',(30.6406610247554,-20.6139358508379,3.95678920619926));
#6502=CARTESIAN_POINT('Ctrl Pts',(31.0639324848866,-20.5355110343069,4.02614724728998));
#6503=CARTESIAN_POINT('Ctrl Pts',(31.2861252917857,-20.4482564048722,4.05934742643708));
#6504=CARTESIAN_POINT('Ctrl Pts',(31.6815882739438,-20.1949478278952,4.11273113881081));
#6505=CARTESIAN_POINT('Ctrl Pts',(31.8518369198392,-20.0330545734455,4.13266794031262));
#6506=CARTESIAN_POINT('Ctrl Pts',(32.1207772705841,-19.6537147903688,4.15865585352782));
#6507=CARTESIAN_POINT('Ctrl Pts',(32.2171746133813,-19.4406706186478,4.16457215186234));
#6508=CARTESIAN_POINT('Ctrl Pts',(32.2929387106166,-19.1199577750404,4.16333053113059));
#6509=CARTESIAN_POINT('Ctrl Pts',(32.3075521804914,-19.0235511831803,4.16175846344368));
#6510=CARTESIAN_POINT('Ctrl Pts',(32.3143218201965,-18.9266907937891,4.15903561529893));
#6511=CARTESIAN_POINT('',(31.8205823716208,-22.7378380270377,4.35533550048034));
#6512=CARTESIAN_POINT('Ctrl Pts',(31.8205823716208,-22.7378380270377,4.35533550048034));
#6513=CARTESIAN_POINT('Ctrl Pts',(31.8339860983486,-22.6674022553641,4.35006862487893));
#6514=CARTESIAN_POINT('Ctrl Pts',(31.8431712060929,-22.5962136214869,4.34410555145294));
#6515=CARTESIAN_POINT('Ctrl Pts',(31.8643624613252,-22.2877068530445,4.31556395464082));
#6516=CARTESIAN_POINT('Ctrl Pts',(31.8335759620244,-22.0506512780173,4.28685692831107));
#6517=CARTESIAN_POINT('Ctrl Pts',(31.6815737219295,-21.5974033683531,4.21818968070347));
#6518=CARTESIAN_POINT('Ctrl Pts',(31.5597712318314,-21.3864500188358,4.17865149971569));
#6519=CARTESIAN_POINT('Ctrl Pts',(31.2395517489904,-21.0212521895328,4.09246162688378));
#6520=CARTESIAN_POINT('Ctrl Pts',(31.0428561847388,-20.8715454415078,4.04647330522306));
#6521=CARTESIAN_POINT('Ctrl Pts',(30.643628781641,-20.6771856594461,3.96172564811723));
#6522=CARTESIAN_POINT('Ctrl Pts',(30.4513071076032,-20.6194948862396,3.92371162667057));
#6523=CARTESIAN_POINT('Ctrl Pts',(30.2537375758251,-20.5934843639339,3.88697682750883));
#6524=CARTESIAN_POINT('',(30.6540659715331,-27.1432555336655,4.80092876389248));
#6525=CARTESIAN_POINT('Ctrl Pts',(30.6540659715331,-27.1432555336655,4.80092876389248));
#6526=CARTESIAN_POINT('Ctrl Pts',(30.9514305980242,-26.2751541167209,4.69059714132965));
#6527=CARTESIAN_POINT('Ctrl Pts',(31.2111199611086,-25.3945951171015,4.59179025678859));
#6528=CARTESIAN_POINT('Ctrl Pts',(31.5785326048105,-23.9197009080174,4.45009692661139));
#6529=CARTESIAN_POINT('Ctrl Pts',(31.7079193775189,-23.3298752335368,4.39960542532037));
#6530=CARTESIAN_POINT('Ctrl Pts',(31.8205823716208,-22.7378380270377,4.35533550048034));
#6531=CARTESIAN_POINT('',(28.2404140414103,-28.2232984342709,4.5807783971724));
#6532=CARTESIAN_POINT('Ctrl Pts',(28.2404140414103,-28.2232984342709,4.58077839717241));
#6533=CARTESIAN_POINT('Ctrl Pts',(28.3112535362007,-28.2526411137647,4.59961277665566));
#6534=CARTESIAN_POINT('Ctrl Pts',(28.3840893909994,-28.2776347733381,4.6179338099351));
#6535=CARTESIAN_POINT('Ctrl Pts',(28.6826168182745,-28.359408216662,4.6887716345268));
#6536=CARTESIAN_POINT('Ctrl Pts',(28.9177583050076,-28.3781463197268,4.73512140215974));
#6537=CARTESIAN_POINT('Ctrl Pts',(29.3772782177003,-28.3249975956913,4.80674767279952));
#6538=CARTESIAN_POINT('Ctrl Pts',(29.5970938270985,-28.2567420516238,4.8319712477137));
#6539=CARTESIAN_POINT('Ctrl Pts',(30.0002458640025,-28.0408132739889,4.85990988469241));
#6540=CARTESIAN_POINT('Ctrl Pts',(30.1790975505824,-27.8961023773808,4.86245537025534));
#6541=CARTESIAN_POINT('Ctrl Pts',(30.4709979553509,-27.5502774406546,4.84606669848605));
#6542=CARTESIAN_POINT('Ctrl Pts',(30.5818744951245,-27.3540052912987,4.82771407060955));
#6543=CARTESIAN_POINT('Ctrl Pts',(30.6540659715331,-27.1432555336655,4.80092876389247));
#6544=CARTESIAN_POINT('',(29.190810622983,-30.6967758529015,5.32373508711184));
#6545=CARTESIAN_POINT('Ctrl Pts',(29.190810622983,-30.6967758529015,5.32373508711184));
#6546=CARTESIAN_POINT('Ctrl Pts',(29.2909991277448,-30.4901504592768,5.28931549424372));
#6547=CARTESIAN_POINT('Ctrl Pts',(29.350228126975,-30.2677342758831,5.24465036608979));
#6548=CARTESIAN_POINT('Ctrl Pts',(29.3850891949096,-29.7959833676347,5.13664687525998));
#6549=CARTESIAN_POINT('Ctrl Pts',(29.3527687680792,-29.5506870803477,5.07312621650904));
#6550=CARTESIAN_POINT('Ctrl Pts',(29.1931616613055,-29.0857219213608,4.93800388906304));
#6551=CARTESIAN_POINT('Ctrl Pts',(29.0656685196446,-28.8704781886249,4.86740201627404));
#6552=CARTESIAN_POINT('Ctrl Pts',(28.7351510576055,-28.5059218774645,4.72892519368408));
#6553=CARTESIAN_POINT('Ctrl Pts',(28.5355575716996,-28.358679511901,4.6620509832196));
#6554=CARTESIAN_POINT('Ctrl Pts',(28.2884478114124,-28.243794935087,4.59367696412));
#6555=CARTESIAN_POINT('Ctrl Pts',(28.2645363108579,-28.2332902054313,4.58719188131877));
#6556=CARTESIAN_POINT('Ctrl Pts',(28.2404140414102,-28.2232984342709,4.58077839717241));
#6557=CARTESIAN_POINT('',(26.9077525241265,-34.6448562500521,6.05912621596154));
#6558=CARTESIAN_POINT('Ctrl Pts',(26.9077525241265,-34.6448562500521,6.05912621596155));
#6559=CARTESIAN_POINT('Ctrl Pts',(27.7684037204182,-33.3795479559991,5.8003563332267));
#6560=CARTESIAN_POINT('Ctrl Pts',(28.5213801438488,-32.070095604841,5.55335666572639));
#6561=CARTESIAN_POINT('Ctrl Pts',(29.1713008060293,-30.7369576870801,5.33043497457299));
#6562=CARTESIAN_POINT('Ctrl Pts',(29.1810620900208,-30.716880898539,5.32708417926986));
#6563=CARTESIAN_POINT('Ctrl Pts',(29.190810622983,-30.6967758529015,5.32373508711184));
#6564=CARTESIAN_POINT('',(24.3050212096007,-35.0697006211331,5.71708456589303));
#6565=CARTESIAN_POINT('Ctrl Pts',(24.3050212096001,-35.0697006211326,5.71708456589516));
#6566=CARTESIAN_POINT('Ctrl Pts',(24.371962431533,-35.12106642733,5.74682500585102));
#6567=CARTESIAN_POINT('Ctrl Pts',(24.4427277707821,-35.1679156329877,5.77584956799885));
#6568=CARTESIAN_POINT('Ctrl Pts',(24.7145371645571,-35.3212353846485,5.8785381556063));
#6569=CARTESIAN_POINT('Ctrl Pts',(24.9337727026094,-35.3957219946206,5.94509175458563));
#6570=CARTESIAN_POINT('Ctrl Pts',(25.3821607447425,-35.4554583786919,6.04932190046652));
#6571=CARTESIAN_POINT('Ctrl Pts',(25.6056682818813,-35.4447289651412,6.08731333372723));
#6572=CARTESIAN_POINT('Ctrl Pts',(26.0397445904043,-35.3411238944407,6.13254286754742));
#6573=CARTESIAN_POINT('Ctrl Pts',(26.2449193999696,-35.2503549025991,6.13951190479536));
#6574=CARTESIAN_POINT('Ctrl Pts',(26.6183515128808,-34.9951493429928,6.12226430416701));
#6575=CARTESIAN_POINT('Ctrl Pts',(26.7804240173677,-34.8320514998413,6.09740976556296));
#6576=CARTESIAN_POINT('Ctrl Pts',(26.9077525241265,-34.6448562500521,6.05912621596154));
#6577=CARTESIAN_POINT('',(24.5547631385618,-37.6833246944293,6.71459947114255));
#6578=CARTESIAN_POINT('Ctrl Pts',(24.5547631385618,-37.6833246944293,6.71459947114255));
#6579=CARTESIAN_POINT('Ctrl Pts',(24.6067214874284,-37.6241443723463,6.70127354162385));
#6580=CARTESIAN_POINT('Ctrl Pts',(24.6547424052637,-37.5617645631825,6.68605025832937));
#6581=CARTESIAN_POINT('Ctrl Pts',(24.8342179156518,-37.2947220292427,6.61648041671447));
#6582=CARTESIAN_POINT('Ctrl Pts',(24.9263068697173,-37.070731872829,6.54832273487082));
#6583=CARTESIAN_POINT('Ctrl Pts',(25.021537869362,-36.591182777345,6.38689850901652));
#6584=CARTESIAN_POINT('Ctrl Pts',(25.0175794506858,-36.3387559786666,6.2937212342882));
#6585=CARTESIAN_POINT('Ctrl Pts',(24.90832077686,-35.8537132642567,6.09939283031941));
#6586=CARTESIAN_POINT('Ctrl Pts',(24.8030471369461,-35.6245569060432,5.99949225528747));
#6587=CARTESIAN_POINT('Ctrl Pts',(24.5550975239059,-35.2908724404351,5.83840848192092));
#6588=CARTESIAN_POINT('Ctrl Pts',(24.4377082124639,-35.1715149393839,5.77603433895947));
#6589=CARTESIAN_POINT('Ctrl Pts',(24.3050212096001,-35.0697006211326,5.71708456589515));
#6590=CARTESIAN_POINT('Ctrl Pts',(24.1391704385305,-38.147287582055,6.81956590244978));
#6591=CARTESIAN_POINT('Ctrl Pts',(24.2793801412881,-37.9938577274082,6.78470029570772));
#6592=CARTESIAN_POINT('Ctrl Pts',(24.4179244992823,-37.8391832796735,6.74969492937499));
#6593=CARTESIAN_POINT('Ctrl Pts',(24.5547631385618,-37.6833246944293,6.71459947114254));
#6594=CARTESIAN_POINT('Origin',(18.0623093177728,-13.649999999999,11.650000000001));
#6595=CARTESIAN_POINT('',(28.7714378899667,-12.9016640918805,15.0861933069002));
#6596=CARTESIAN_POINT('Ctrl Pts',(28.7714378899667,-12.9016640918805,15.0861933069002));
#6597=CARTESIAN_POINT('Ctrl Pts',(28.9615819532918,-12.8766311510424,15.159047913954));
#6598=CARTESIAN_POINT('Ctrl Pts',(29.1632509202388,-12.8056544249212,15.2811150667324));
#6599=CARTESIAN_POINT('Ctrl Pts',(29.4707369198831,-12.6184668674609,15.5468586075488));
#6600=CARTESIAN_POINT('Ctrl Pts',(29.6168981583632,-12.460716504352,15.7425230882264));
#6601=CARTESIAN_POINT('Ctrl Pts',(29.7990552597874,-12.1339038273087,16.117672285989));
#6602=CARTESIAN_POINT('Ctrl Pts',(29.8506476665895,-11.9002028659814,16.3662397612317));
#6603=CARTESIAN_POINT('Ctrl Pts',(29.8479198979549,-11.6774377231421,16.5901782328658));
#6604=CARTESIAN_POINT('Ctrl Pts',(29.8472518377847,-11.6570912741857,16.6105269498364));
#6605=CARTESIAN_POINT('Ctrl Pts',(29.8461332448389,-11.6364411947626,16.6310690117869));
#6606=CARTESIAN_POINT('',(31.204157736427,-14.5194650805692,14.0640762939965));
#6607=CARTESIAN_POINT('Ctrl Pts',(31.204157736427,-14.5194650805692,14.0640762939965));
#6608=CARTESIAN_POINT('Ctrl Pts',(31.1925896698714,-14.4837912150437,14.0971507379482));
#6609=CARTESIAN_POINT('Ctrl Pts',(31.1801033409288,-14.4488496200494,14.1292568714562));
#6610=CARTESIAN_POINT('Ctrl Pts',(31.1669725538225,-14.4149821842528,14.1601185187774));
#6611=CARTESIAN_POINT('Ctrl Pts',(31.0768516237994,-14.1825387833527,14.3719322003272));
#6612=CARTESIAN_POINT('Ctrl Pts',(30.909669922485,-13.912363346882,14.6024959347823));
#6613=CARTESIAN_POINT('Ctrl Pts',(30.5551915775354,-13.5240681857193,14.9052636752327));
#6614=CARTESIAN_POINT('Ctrl Pts',(30.3182050961336,-13.3297899680162,15.0418182355846));
#6615=CARTESIAN_POINT('Ctrl Pts',(29.8881394400167,-13.0846629400494,15.1812973208149));
#6616=CARTESIAN_POINT('Ctrl Pts',(29.6293362223317,-12.9808931001741,15.2211262430843));
#6617=CARTESIAN_POINT('Ctrl Pts',(29.2004684556003,-12.8894886482319,15.2059016885301));
#6618=CARTESIAN_POINT('Ctrl Pts',(28.9605524569399,-12.8767666868084,15.1586534575042));
#6619=CARTESIAN_POINT('Ctrl Pts',(28.7714378899667,-12.9016640918805,15.0861933069002));
#6620=CARTESIAN_POINT('Origin',(0.465678106806292,-15.9828462382723,4.89142577318051));
#6621=CARTESIAN_POINT('',(18.0623093177728,-11.5572001652821,13.7602398333401));
#6622=CARTESIAN_POINT('Origin',(18.0623093177728,-22.6251041630793,14.6498966977731));
#6623=CARTESIAN_POINT('',(31.2041577364269,-18.780534919429,14.0640762939967));
#6624=CARTESIAN_POINT('Origin',(0.465678106806284,-17.3171537617259,4.89142577318056));
#6625=CARTESIAN_POINT('',(28.7714378899666,-20.3983359081176,15.0861933069004));
#6626=CARTESIAN_POINT('Ctrl Pts',(28.7714378899666,-20.3983359081176,15.0861933069004));
#6627=CARTESIAN_POINT('Ctrl Pts',(28.9605524569399,-20.4232333131898,15.1586534575044));
#6628=CARTESIAN_POINT('Ctrl Pts',(29.2004684556003,-20.4105113517662,15.2059016885303));
#6629=CARTESIAN_POINT('Ctrl Pts',(29.6293362223316,-20.3191068998241,15.2211262430845));
#6630=CARTESIAN_POINT('Ctrl Pts',(29.8881394400167,-20.2153370599487,15.1812973208151));
#6631=CARTESIAN_POINT('Ctrl Pts',(30.3182050961335,-19.9702100319819,15.0418182355848));
#6632=CARTESIAN_POINT('Ctrl Pts',(30.5551915775353,-19.7759318142788,14.9052636752329));
#6633=CARTESIAN_POINT('Ctrl Pts',(30.909669922485,-19.3876366531161,14.6024959347825));
#6634=CARTESIAN_POINT('Ctrl Pts',(31.0768516237993,-19.1174612166455,14.3719322003274));
#6635=CARTESIAN_POINT('Ctrl Pts',(31.1669725538225,-18.8850178157454,14.1601185187777));
#6636=CARTESIAN_POINT('Ctrl Pts',(31.1801252584387,-18.8510938494565,14.1292053581347));
#6637=CARTESIAN_POINT('Ctrl Pts',(31.1926038061112,-18.816165191298,14.0971103207992));
#6638=CARTESIAN_POINT('Ctrl Pts',(31.2041577364269,-18.780534919429,14.0640762939967));
#6639=CARTESIAN_POINT('Ctrl Pts',(29.8461332448388,-21.6635588052353,16.631069011787));
#6640=CARTESIAN_POINT('Ctrl Pts',(29.8472518377846,-21.6429087258123,16.6105269498366));
#6641=CARTESIAN_POINT('Ctrl Pts',(29.8479198979548,-21.6225622768559,16.5901782328659));
#6642=CARTESIAN_POINT('Ctrl Pts',(29.8506476665894,-21.3997971340167,16.3662397612319));
#6643=CARTESIAN_POINT('Ctrl Pts',(29.7990552597873,-21.1660961726894,16.1176722859892));
#6644=CARTESIAN_POINT('Ctrl Pts',(29.6168981583631,-20.8392834956461,15.7425230882266));
#6645=CARTESIAN_POINT('Ctrl Pts',(29.470736919883,-20.6815331325372,15.546858607549));
#6646=CARTESIAN_POINT('Ctrl Pts',(29.1632509202387,-20.4943455750769,15.2811150667326));
#6647=CARTESIAN_POINT('Ctrl Pts',(28.9615819532917,-20.4233688489557,15.1590479139542));
#6648=CARTESIAN_POINT('Ctrl Pts',(28.7714378899666,-20.3983359081176,15.0861933069004));
#6649=CARTESIAN_POINT('',(18.0623093177728,-14.0323215453995,5.98550755828072));
#6650=CARTESIAN_POINT('Origin',(0.300000000000004,-16.6499999999991,-10.));
#6651=CARTESIAN_POINT('Origin',(0.300000000000004,-16.6499999999991,4.6));
#6652=CARTESIAN_POINT('Origin',(0.300000000000004,-16.6499999999991,-10.));
#6653=CARTESIAN_POINT('',(-19.2638501270117,-33.2890474639635,-10.));
#6654=CARTESIAN_POINT('',(7.26230931777276,-41.3710109272224,4.6));
#6655=CARTESIAN_POINT('',(7.26230931777276,-41.3710109272224,4.6));
#6656=CARTESIAN_POINT('Origin',(0.300000000000004,-16.6499999999991,4.6));
#6657=CARTESIAN_POINT('',(15.1623093177728,4.29549818082926,4.6));
#6658=CARTESIAN_POINT('Origin',(0.300000000000004,-16.6499999999991,4.6));
#6659=CARTESIAN_POINT('',(15.1623093177728,4.29549818082926,4.6));
#6660=CARTESIAN_POINT('',(-19.2638501270122,-0.0109525360351309,4.6));
#6661=CARTESIAN_POINT('Origin',(-0.803715800280145,-18.0883904353299,5.55306586745515));
#6662=CARTESIAN_POINT('',(22.15272755199,-35.8401779627669,-8.09386826501192));
#6663=CARTESIAN_POINT('Origin',(-0.869731515611181,-18.1744237905556,5.55306586745515));
#6664=CARTESIAN_POINT('',(22.0231488551932,-33.318758380473,-7.32368116925869));
#6665=CARTESIAN_POINT('Origin',(20.919433054913,-34.7571488158039,-7.32368116925869));
#6666=CARTESIAN_POINT('Origin',(0.299999999999998,-16.6499999999991,5.55306586745515));
#6667=CARTESIAN_POINT('Origin',(1.40371580028014,-15.2116095646683,5.55306586745515));
#6668=CARTESIAN_POINT('',(24.4921905832134,-32.7913303816544,-8.09386826501067));
#6669=CARTESIAN_POINT('Origin',(23.1268646554563,-31.8803679451292,-7.32368116925051));
#6670=CARTESIAN_POINT('Origin',(1.46973151561118,-15.1255762094426,5.55306586745515));
#6671=CARTESIAN_POINT('Origin',(0.300000000000001,-16.6499999999991,5.55306586745515));
#6672=CARTESIAN_POINT('',(26.3748974529968,-29.5303864274282,-8.09386826501192));
#6673=CARTESIAN_POINT('Origin',(0.300000000000658,-16.6499999999997,-8.09386826501218));
#6674=CARTESIAN_POINT('Origin',(-0.435323970949698,-18.4252291034039,5.55306586745515));
#6675=CARTESIAN_POINT('Origin',(0.300000000000005,-16.6499999999991,5.55306586745515));
#6676=CARTESIAN_POINT('',(22.1527275519908,2.54017796276959,-8.09386826501068));
#6677=CARTESIAN_POINT('Origin',(-0.869731515611172,-15.1255762094426,5.55306586745515));
#6678=CARTESIAN_POINT('',(19.4901779627678,5.2027275519909,-8.09386826501193));
#6679=CARTESIAN_POINT('Origin',(0.3000000000008,-16.6499999999986,-8.09386826501218));
#6680=CARTESIAN_POINT('',(19.4901779627595,5.20272755198004,19.2000000000051));
#6681=CARTESIAN_POINT('Origin',(1.8244237905565,-17.8197315156103,5.55306586745515));
#6682=CARTESIAN_POINT('',(22.1527275519791,2.54017796276037,19.2000000000051));
#6683=CARTESIAN_POINT('Origin',(0.300000000000062,-16.649999999999,19.2000000000051));
#6684=CARTESIAN_POINT('Origin',(-0.869731515611172,-15.1255762094426,5.55306586745515));
#6685=CARTESIAN_POINT('Origin',(-0.393824757416976,-18.3250411392654,5.55306586745515));
#6686=CARTESIAN_POINT('',(25.597142634612,-27.128419568542,-7.32368116925051));
#6687=CARTESIAN_POINT('Origin',(24.9033178772149,-28.8034607078165,-7.32368116925869));
#6688=CARTESIAN_POINT('Origin',(0.300000000000001,-16.6499999999991,5.55306586745515));
#6689=CARTESIAN_POINT('Origin',(-0.803715800280136,-15.2116095646683,5.55306586745515));
#6690=CARTESIAN_POINT('',(22.0231488551762,0.0187583804618674,-7.32368116925052));
#6691=CARTESIAN_POINT('Origin',(0.300000000000005,-16.6499999999991,5.55306586745515));
#6692=CARTESIAN_POINT('Origin',(20.919433054896,1.45714881579269,-7.32368116925052));
#6693=CARTESIAN_POINT('Origin',(-0.803715800280136,-15.2116095646683,5.55306586745515));
#6694=CARTESIAN_POINT('',(21.7251603140582,-0.209896269246403,19.2));
#6695=CARTESIAN_POINT('Ctrl Pts',(22.1527275519809,2.54017796276196,19.2));
#6696=CARTESIAN_POINT('Ctrl Pts',(22.1771186975093,2.51240265713704,19.2));
#6697=CARTESIAN_POINT('Ctrl Pts',(22.2001189077903,2.4843086194548,19.2));
#6698=CARTESIAN_POINT('Ctrl Pts',(22.221589017146,2.45632822818481,19.2));
#6699=CARTESIAN_POINT('Ctrl Pts',(22.3532963753128,2.28468385723195,19.2));
#6700=CARTESIAN_POINT('Ctrl Pts',(22.4648042883835,2.05022619444667,19.2));
#6701=CARTESIAN_POINT('Ctrl Pts',(22.5708860721301,1.61888386482647,19.2));
#6702=CARTESIAN_POINT('Ctrl Pts',(22.5791487116633,1.34559786215867,19.2));
#6703=CARTESIAN_POINT('Ctrl Pts',(22.5032840927447,0.880510190638635,19.2));
#6704=CARTESIAN_POINT('Ctrl Pts',(22.3995166654048,0.607494568897859,19.2));
#6705=CARTESIAN_POINT('Ctrl Pts',(22.1390989855984,0.177988474544271,19.2));
#6706=CARTESIAN_POINT('Ctrl Pts',(21.9305559168291,-0.0522906800280887,
19.2));
#6707=CARTESIAN_POINT('Ctrl Pts',(21.7251603140583,-0.209896269246401,19.2));
#6708=CARTESIAN_POINT('Origin',(0.300000000000005,-16.6499999999991,5.55306586745515));
#6709=CARTESIAN_POINT('Origin',(1.40371580028015,-18.0883904353299,5.55306586745515));
#6710=CARTESIAN_POINT('',(24.4921905832123,-0.508669618344255,-8.09386826501193));
#6711=CARTESIAN_POINT('Origin',(1.46973151561119,-18.1744237905556,5.55306586745515));
#6712=CARTESIAN_POINT('Origin',(23.1268646554733,-1.4196320548559,-7.32368116925869));
#6713=CARTESIAN_POINT('Origin',(1.40371580028015,-18.0883904353299,5.55306586745515));
#6714=CARTESIAN_POINT('',(24.4921905832015,-0.508669618352591,19.2000000000051));
#6715=CARTESIAN_POINT('Ctrl Pts',(21.7251603140582,-0.209896269246398,19.2));
#6716=CARTESIAN_POINT('Ctrl Pts',(21.9305559168291,-0.0522906800280835,
19.2));
#6717=CARTESIAN_POINT('Ctrl Pts',(22.2069634174082,0.0895458250963221,19.2));
#6718=CARTESIAN_POINT('Ctrl Pts',(22.6892355017082,0.22992563043728,19.2));
#6719=CARTESIAN_POINT('Ctrl Pts',(22.9798053281848,0.259495625915425,19.2));
#6720=CARTESIAN_POINT('Ctrl Pts',(23.4486807298203,0.212401673598746,19.2));
#6721=CARTESIAN_POINT('Ctrl Pts',(23.7105162092864,0.133688954429867,19.2));
#6722=CARTESIAN_POINT('Ctrl Pts',(24.0997049194661,-0.080417790054379,19.2));
#6723=CARTESIAN_POINT('Ctrl Pts',(24.2973132595395,-0.248808271523973,19.2));
#6724=CARTESIAN_POINT('Ctrl Pts',(24.4290206177063,-0.420452642476827,19.2));
#6725=CARTESIAN_POINT('Ctrl Pts',(24.450490727062,-0.448433033746816,19.2));
#6726=CARTESIAN_POINT('Ctrl Pts',(24.4716745911619,-0.477920802873339,19.2));
#6727=CARTESIAN_POINT('Ctrl Pts',(24.4921905832035,-0.508669618351256,19.2));
#6728=CARTESIAN_POINT('Origin',(1.46973151561119,-18.1744237905556,5.55306586745515));
#6729=CARTESIAN_POINT('Origin',(0.300000000000004,-16.6499999999991,5.55306586745515));
#6730=CARTESIAN_POINT('',(26.3748974529978,-3.76961357256929,-8.09386826501068));
#6731=CARTESIAN_POINT('Origin',(-0.435323970949693,-14.8747708965943,5.55306586745515));
#6732=CARTESIAN_POINT('Origin',(0.300000000000894,-16.6499999999988,-8.09386826501218));
#6733=CARTESIAN_POINT('Origin',(0.300000000000004,-16.6499999999991,5.55306586745515));
#6734=CARTESIAN_POINT('',(26.3748974529841,-3.76961357257516,19.2000000000051));
#6735=CARTESIAN_POINT('Origin',(0.300000000000078,-16.649999999999,19.2000000000051));
#6736=CARTESIAN_POINT('Origin',(-0.435323970949693,-14.8747708965943,5.55306586745515));
#6737=CARTESIAN_POINT('Origin',(-0.393824757416972,-14.9749588607328,5.55306586745515));
#6738=CARTESIAN_POINT('',(25.597142634612,-6.17158043145611,-7.32368116925052));
#6739=CARTESIAN_POINT('Origin',(0.300000000000005,-16.6499999999991,5.55306586745515));
#6740=CARTESIAN_POINT('Origin',(24.9033178771951,-4.49653929218983,-7.32368116925052));
#6741=CARTESIAN_POINT('Origin',(-0.393824757416972,-14.9749588607328,5.55306586745515));
#6742=CARTESIAN_POINT('',(25.2501276287123,-6.31531875324677,19.2));
#6743=CARTESIAN_POINT('Ctrl Pts',(26.3748974529863,-3.76961357257409,19.2));
#6744=CARTESIAN_POINT('Ctrl Pts',(26.3912687123057,-3.80275535060489,19.2));
#6745=CARTESIAN_POINT('Ctrl Pts',(26.4062139374202,-3.835844999629,19.2));
#6746=CARTESIAN_POINT('Ctrl Pts',(26.41971061239,-3.86842885538804,19.2));
#6747=CARTESIAN_POINT('Ctrl Pts',(26.5025053189684,-4.06831295890225,19.2));
#6748=CARTESIAN_POINT('Ctrl Pts',(26.5495315836399,-4.32364204214025,19.2));
#6749=CARTESIAN_POINT('Ctrl Pts',(26.5403591083949,-4.76774272426416,19.2));
#6750=CARTESIAN_POINT('Ctrl Pts',(26.4776085830631,-5.03385526067831,19.2));
#6751=CARTESIAN_POINT('Ctrl Pts',(26.2839554413162,-5.46346024586258,19.2));
#6752=CARTESIAN_POINT('Ctrl Pts',(26.113062160804,-5.7003160994255,19.2));
#6753=CARTESIAN_POINT('Ctrl Pts',(25.7503536410505,-6.04778607329489,19.2));
#6754=CARTESIAN_POINT('Ctrl Pts',(25.4893158741392,-6.21624373803072,19.2));
#6755=CARTESIAN_POINT('Ctrl Pts',(25.2501276287123,-6.31531875324678,19.2));
#6756=CARTESIAN_POINT('Origin',(0.300000000000005,-16.6499999999991,5.55306586745515));
#6757=CARTESIAN_POINT('Origin',(0.993824757416982,-18.3250411392654,5.55306586745515));
#6758=CARTESIAN_POINT('',(27.8455453948962,-7.32007177937952,-8.09386826501192));
#6759=CARTESIAN_POINT('Origin',(1.0353239709497,-18.4252291034039,5.55306586745515));
#6760=CARTESIAN_POINT('Origin',(26.2909673920488,-7.84662157071421,-7.32368116925869));
#6761=CARTESIAN_POINT('Origin',(0.993824757416982,-18.3250411392654,5.55306586745515));
#6762=CARTESIAN_POINT('',(27.8455453948835,-7.32007177938475,19.2000000000051));
#6763=CARTESIAN_POINT('Ctrl Pts',(25.2501276287123,-6.31531875324678,19.2));
#6764=CARTESIAN_POINT('Ctrl Pts',(25.4893158741392,-6.21624373803073,19.2));
#6765=CARTESIAN_POINT('Ctrl Pts',(25.7930150063455,-6.15077971997953,19.2));
#6766=CARTESIAN_POINT('Ctrl Pts',(26.2951870350391,-6.14000444084939,19.2));
#6767=CARTESIAN_POINT('Ctrl Pts',(26.5835092127666,-6.18664702355809,19.2));
#6768=CARTESIAN_POINT('Ctrl Pts',(27.0242192607492,-6.35349017208614,19.2));
#6769=CARTESIAN_POINT('Ctrl Pts',(27.2567605617916,-6.49728882915817,19.2));
#6770=CARTESIAN_POINT('Ctrl Pts',(27.5772730850969,-6.80482951357159,19.2));
#6771=CARTESIAN_POINT('Ctrl Pts',(27.7245654206456,-7.01862703040641,19.2));
#6772=CARTESIAN_POINT('Ctrl Pts',(27.807360127224,-7.21851113392062,19.2));
#6773=CARTESIAN_POINT('Ctrl Pts',(27.8208568021938,-7.25109498967965,19.2));
#6774=CARTESIAN_POINT('Ctrl Pts',(27.833686847381,-7.28506077491653,19.2));
#6775=CARTESIAN_POINT('Ctrl Pts',(27.8455453948858,-7.32007177938398,19.2));
#6776=CARTESIAN_POINT('Origin',(1.0353239709497,-18.4252291034039,5.55306586745515));
#6777=CARTESIAN_POINT('Origin',(1.0353239709497,-18.4252291034039,5.55306586745515));
#6778=CARTESIAN_POINT('Origin',(0.300000000000004,-16.6499999999991,5.55306586745515));
#6779=CARTESIAN_POINT('',(28.8201061833738,-10.9571821570946,19.2000000000051));
#6780=CARTESIAN_POINT('Origin',(0.300000000000088,-16.649999999999,19.2000000000051));
#6781=CARTESIAN_POINT('Origin',(0.049194687151693,-14.7449445134382,5.55306586745515));
#6782=CARTESIAN_POINT('Origin',(0.300000000000004,-16.6499999999991,5.55306586745515));
#6783=CARTESIAN_POINT('',(28.8201061833885,-10.9571821570925,-8.09386826501067));
#6784=CARTESIAN_POINT('Origin',(0.049194687151693,-14.7449445134382,5.55306586745515));
#6785=CARTESIAN_POINT('Origin',(0.300000000000927,-16.6499999999991,-8.09386826501218));
#6786=CARTESIAN_POINT('Origin',(0.300000000000004,-16.6499999999991,5.55306586745515));
#6787=CARTESIAN_POINT('Origin',(0.049194687151693,-14.7449445134382,5.55306586745515));
#6788=CARTESIAN_POINT('Origin',(0.0633492960645377,-14.852459442302,5.55306586745515));
#6789=CARTESIAN_POINT('',(27.074784977505,-13.1250326853451,19.2));
#6790=CARTESIAN_POINT('Ctrl Pts',(28.8201061833761,-10.9571821570942,19.2));
#6791=CARTESIAN_POINT('Ctrl Pts',(28.8273418822186,-10.9934318501274,19.2));
#6792=CARTESIAN_POINT('Ctrl Pts',(28.8332136297733,-11.0292621055956,19.2));
#6793=CARTESIAN_POINT('Ctrl Pts',(28.8378170942623,-11.0642288899211,19.2));
#6794=CARTESIAN_POINT('Ctrl Pts',(28.8660568268237,-11.2787309546663,19.2));
#6795=CARTESIAN_POINT('Ctrl Pts',(28.8453966808732,-11.5375312032856,19.2));
#6796=CARTESIAN_POINT('Ctrl Pts',(28.7215950356664,-11.9641255103375,19.2));
#6797=CARTESIAN_POINT('Ctrl Pts',(28.5921076900707,-12.2049294509132,19.2));
#6798=CARTESIAN_POINT('Ctrl Pts',(28.2938631670787,-12.5697748799772,19.2));
#6799=CARTESIAN_POINT('Ctrl Pts',(28.0674901280466,-12.7543296303648,19.2));
#6800=CARTESIAN_POINT('Ctrl Pts',(27.6272087545629,-12.996083979252,19.2));
#6801=CARTESIAN_POINT('Ctrl Pts',(27.3314655819393,-13.091240042689,19.2));
#6802=CARTESIAN_POINT('Ctrl Pts',(27.074784977505,-13.1250326853451,19.2));
#6803=CARTESIAN_POINT('Origin',(0.300000000000003,-16.6499999999991,5.55306586745515));
#6804=CARTESIAN_POINT('Origin',(0.0633492960645377,-14.852459442302,5.55306586745515));
#6805=CARTESIAN_POINT('',(27.4471779490251,-13.0760062205604,-7.32368116925869));
#6806=CARTESIAN_POINT('Origin',(0.300000000000003,-16.6499999999991,5.55306586745515));
#6807=CARTESIAN_POINT('Origin',(27.2105272450684,-11.2784656628661,-7.32368116925051));
#6808=CARTESIAN_POINT('Origin',(0.0633492960645377,-14.852459442302,5.55306586745515));
#6809=CARTESIAN_POINT('Origin',(0.300000000000003,-16.6499999999991,5.55306586745515));
#6810=CARTESIAN_POINT('Origin',(0.53665070393547,-18.4475405576962,5.55306586745515));
#6811=CARTESIAN_POINT('',(29.3217168090704,-14.7672931302164,19.2000000000051));
#6812=CARTESIAN_POINT('Ctrl Pts',(27.074784977505,-13.1250326853451,19.2));
#6813=CARTESIAN_POINT('Ctrl Pts',(27.3314655819393,-13.091240042689,19.2));
#6814=CARTESIAN_POINT('Ctrl Pts',(27.6417597517996,-13.1066097763568,19.2));
#6815=CARTESIAN_POINT('Ctrl Pts',(28.1296095310099,-13.2261733409032,19.2));
#6816=CARTESIAN_POINT('Ctrl Pts',(28.396035380051,-13.3458498868677,19.2));
#6817=CARTESIAN_POINT('Ctrl Pts',(28.7785464129186,-13.6210721467563,19.2));
#6818=CARTESIAN_POINT('Ctrl Pts',(28.9659462301638,-13.8201571008905,19.2));
#6819=CARTESIAN_POINT('Ctrl Pts',(29.1959401678035,-14.2001733358253,19.2));
#6820=CARTESIAN_POINT('Ctrl Pts',(29.2828787695719,-14.4448079405702,19.2));
#6821=CARTESIAN_POINT('Ctrl Pts',(29.3111185021333,-14.6593100053154,19.2));
#6822=CARTESIAN_POINT('Ctrl Pts',(29.3157219666223,-14.6942767896408,19.2));
#6823=CARTESIAN_POINT('Ctrl Pts',(29.3193238465199,-14.7304058788553,19.2));
#6824=CARTESIAN_POINT('Ctrl Pts',(29.3217168090728,-14.7672931302162,19.2));
#6825=CARTESIAN_POINT('Origin',(0.550805312848315,-18.55505548656,5.55306586745515));
#6826=CARTESIAN_POINT('Origin',(0.53665070393547,-18.4475405576962,5.55306586745515));
#6827=CARTESIAN_POINT('',(29.321716809084,-14.7672931302146,-8.09386826501192));
#6828=CARTESIAN_POINT('Origin',(0.550805312848315,-18.55505548656,5.55306586745515));
#6829=CARTESIAN_POINT('Origin',(27.6838286529606,-14.8735467782576,-7.32368116925869));
#6830=CARTESIAN_POINT('Origin',(0.53665070393547,-18.4475405576962,5.55306586745515));
#6831=CARTESIAN_POINT('Origin',(0.550805312848315,-18.55505548656,5.55306586745515));
#6832=CARTESIAN_POINT('Origin',(0.300000000000003,-16.6499999999991,5.55306586745515));
#6833=CARTESIAN_POINT('',(29.3217168090852,-18.5327068697835,-8.09386826501067));
#6834=CARTESIAN_POINT('Origin',(0.550805312848313,-14.7449445134382,5.55306586745515));
#6835=CARTESIAN_POINT('Origin',(0.300000000000896,-16.6499999999993,-8.09386826501218));
#6836=CARTESIAN_POINT('Origin',(0.300000000000003,-16.6499999999991,5.55306586745515));
#6837=CARTESIAN_POINT('',(29.3217168090704,-18.5327068697818,19.2000000000051));
#6838=CARTESIAN_POINT('Origin',(0.300000000000092,-16.6499999999991,19.2000000000051));
#6839=CARTESIAN_POINT('Origin',(0.550805312848313,-14.7449445134382,5.55306586745515));
#6840=CARTESIAN_POINT('Origin',(0.550805312848313,-14.7449445134382,5.55306586745515));
#6841=CARTESIAN_POINT('Origin',(0.536650703935469,-14.852459442302,5.55306586745515));
#6842=CARTESIAN_POINT('',(27.074784977505,-20.1749673146531,19.2));
#6843=CARTESIAN_POINT('Ctrl Pts',(29.3217168090728,-18.5327068697819,19.2));
#6844=CARTESIAN_POINT('Ctrl Pts',(29.3193238465199,-18.5695941211428,19.2));
#6845=CARTESIAN_POINT('Ctrl Pts',(29.3157219666223,-18.6057232103573,19.2));
#6846=CARTESIAN_POINT('Ctrl Pts',(29.3111185021333,-18.6406899946828,19.2));
#6847=CARTESIAN_POINT('Ctrl Pts',(29.2828787695719,-18.855192059428,19.2));
#6848=CARTESIAN_POINT('Ctrl Pts',(29.1959401678035,-19.0998266641728,19.2));
#6849=CARTESIAN_POINT('Ctrl Pts',(28.9659462301638,-19.4798428991076,19.2));
#6850=CARTESIAN_POINT('Ctrl Pts',(28.7785464129186,-19.6789278532419,19.2));
#6851=CARTESIAN_POINT('Ctrl Pts',(28.396035380051,-19.9541501131305,19.2));
#6852=CARTESIAN_POINT('Ctrl Pts',(28.1296095310099,-20.0738266590949,19.2));
#6853=CARTESIAN_POINT('Ctrl Pts',(27.6417597517996,-20.1933902236413,19.2));
#6854=CARTESIAN_POINT('Ctrl Pts',(27.3314655819393,-20.2087599573091,19.2));
#6855=CARTESIAN_POINT('Ctrl Pts',(27.074784977505,-20.1749673146531,19.2));
#6856=CARTESIAN_POINT('Origin',(0.300000000000003,-16.6499999999991,5.55306586745515));
#6857=CARTESIAN_POINT('Origin',(0.536650703935469,-14.852459442302,5.55306586745515));
#6858=CARTESIAN_POINT('',(27.4471779490039,-20.2239937794349,-7.32368116925051));
#6859=CARTESIAN_POINT('Origin',(0.300000000000003,-16.6499999999991,5.55306586745515));
#6860=CARTESIAN_POINT('Origin',(27.6838286529394,-18.4264532217378,-7.32368116925051));
#6861=CARTESIAN_POINT('Origin',(0.536650703935469,-14.852459442302,5.55306586745515));
#6862=CARTESIAN_POINT('Origin',(0.300000000000003,-16.6499999999991,5.55306586745515));
#6863=CARTESIAN_POINT('Origin',(0.063349296064536,-18.4475405576962,5.55306586745515));
#6864=CARTESIAN_POINT('',(28.8201061833738,-22.3428178429035,19.2000000000051));
#6865=CARTESIAN_POINT('Ctrl Pts',(27.074784977505,-20.1749673146531,19.2));
#6866=CARTESIAN_POINT('Ctrl Pts',(27.3314655819393,-20.2087599573091,19.2));
#6867=CARTESIAN_POINT('Ctrl Pts',(27.6272087545629,-20.3039160207461,19.2));
#6868=CARTESIAN_POINT('Ctrl Pts',(28.0674901280466,-20.5456703696334,19.2));
#6869=CARTESIAN_POINT('Ctrl Pts',(28.2938631670787,-20.730225120021,19.2));
#6870=CARTESIAN_POINT('Ctrl Pts',(28.5921076900707,-21.0950705490849,19.2));
#6871=CARTESIAN_POINT('Ctrl Pts',(28.7215950356664,-21.3358744896606,19.2));
#6872=CARTESIAN_POINT('Ctrl Pts',(28.8453966808732,-21.7624687967125,19.2));
#6873=CARTESIAN_POINT('Ctrl Pts',(28.8660568268237,-22.0212690453318,19.2));
#6874=CARTESIAN_POINT('Ctrl Pts',(28.8378170942623,-22.235771110077,19.2));
#6875=CARTESIAN_POINT('Ctrl Pts',(28.8332136297733,-22.2707378944025,19.2));
#6876=CARTESIAN_POINT('Ctrl Pts',(28.8273418822186,-22.3065681498707,19.2));
#6877=CARTESIAN_POINT('Ctrl Pts',(28.8201061833761,-22.342817842904,19.2));
#6878=CARTESIAN_POINT('Origin',(0.0491946871516907,-18.55505548656,5.55306586745515));
#6879=CARTESIAN_POINT('Origin',(0.063349296064536,-18.4475405576962,5.55306586745515));
#6880=CARTESIAN_POINT('',(28.8201061833873,-22.3428178429053,-8.09386826501192));
#6881=CARTESIAN_POINT('Origin',(0.0491946871516907,-18.55505548656,5.55306586745515));
#6882=CARTESIAN_POINT('Origin',(27.2105272450897,-22.0215343371348,-7.32368116925869));
#6883=CARTESIAN_POINT('Origin',(0.063349296064536,-18.4475405576962,5.55306586745515));
#6884=CARTESIAN_POINT('Origin',(0.0491946871516907,-18.55505548656,5.55306586745515));
#6885=CARTESIAN_POINT('Origin',(0.300000000000002,-16.6499999999991,5.55306586745515));
#6886=CARTESIAN_POINT('',(27.8455453948835,-25.9799282206134,19.2000000000051));
#6887=CARTESIAN_POINT('Origin',(0.30000000000009,-16.6499999999991,19.2000000000051));
#6888=CARTESIAN_POINT('Origin',(1.0353239709497,-14.8747708965943,5.55306586745515));
#6889=CARTESIAN_POINT('Origin',(0.300000000000002,-16.6499999999991,5.55306586745515));
#6890=CARTESIAN_POINT('',(27.8455453948974,-25.9799282206189,-8.09386826501067));
#6891=CARTESIAN_POINT('Origin',(1.0353239709497,-14.8747708965943,5.55306586745515));
#6892=CARTESIAN_POINT('Origin',(0.300000000000804,-16.6499999999995,-8.09386826501218));
#6893=CARTESIAN_POINT('Origin',(0.993824757416976,-14.9749588607328,5.55306586745515));
#6894=CARTESIAN_POINT('Origin',(26.290967392029,-25.4533784292757,-7.32368116925051));
#6895=CARTESIAN_POINT('Ctrl Pts',(22.0464762920944,-31.0513567964232,-10.));
#6896=CARTESIAN_POINT('Ctrl Pts',(22.4835681401541,-31.3610822033193,-10.));
#6897=CARTESIAN_POINT('Ctrl Pts',(23.5033065498321,-32.0854430413321,-9.69188501935419));
#6898=CARTESIAN_POINT('Ctrl Pts',(24.2447667805527,-32.614635808037,-8.74147227573088));
#6899=CARTESIAN_POINT('Ctrl Pts',(24.492190583213,-32.7913303816542,-8.09386826501045));
#6900=CARTESIAN_POINT('Ctrl Pts',(21.7162452968743,-31.4817222082926,-10.));
#6901=CARTESIAN_POINT('Ctrl Pts',(22.1517176116425,-31.7951193138147,-10.0062820732047));
#6902=CARTESIAN_POINT('Ctrl Pts',(23.1723949578073,-32.5309541108147,-9.71316743171823));
#6903=CARTESIAN_POINT('Ctrl Pts',(23.9223852843559,-33.0735360949106,-8.76228119281118));
#6904=CARTESIAN_POINT('Ctrl Pts',(24.1741727938563,-33.2558480486086,-8.10820216862902));
#6905=CARTESIAN_POINT('Ctrl Pts',(21.1444218130788,-32.2269370811615,-9.54501034346061));
#6906=CARTESIAN_POINT('Ctrl Pts',(21.5137311813371,-32.504068136914,-9.5547007299666));
#6907=CARTESIAN_POINT('Ctrl Pts',(22.3859344153661,-33.1590175515938,-9.31134557554856));
#6908=CARTESIAN_POINT('Ctrl Pts',(23.036114693336,-33.6478812635959,-8.49033469147886));
#6909=CARTESIAN_POINT('Ctrl Pts',(23.2534942336108,-33.811325865161,-7.92372820827698));
#6910=CARTESIAN_POINT('Ctrl Pts',(20.9427604918143,-32.489747231754,-8.59379633289348));
#6911=CARTESIAN_POINT('Ctrl Pts',(21.1874757603601,-32.6775888817364,-8.59667422414642));
#6912=CARTESIAN_POINT('Ctrl Pts',(21.762029794174,-33.1184809106641,-8.42593491609723));
#6913=CARTESIAN_POINT('Ctrl Pts',(22.1851592406583,-33.4430341585101,-7.87847233214794));
#6914=CARTESIAN_POINT('Ctrl Pts',(22.3263649734054,-33.5514242911675,-7.50341741641708));
#6915=CARTESIAN_POINT('Ctrl Pts',(20.9427604918143,-32.489747231754,-8.18694853568928));
#6916=CARTESIAN_POINT('Ctrl Pts',(21.1356105771057,-32.6377263068321,-8.18694853568928));
#6917=CARTESIAN_POINT('Ctrl Pts',(21.5858650085533,-32.9832186835391,-8.04740644475195));
#6918=CARTESIAN_POINT('Ctrl Pts',(21.9137233307162,-33.2347932223681,-7.61697433391886));
#6919=CARTESIAN_POINT('Ctrl Pts',(22.0231488551762,-33.31875838046,-7.32368116925051));
#6920=CARTESIAN_POINT('',(20.9928134328524,-32.5281542042403,-8.18562827140324));
#6921=CARTESIAN_POINT('Ctrl Pts',(22.0464762920944,-31.0513567964232,-10.));
#6922=CARTESIAN_POINT('Ctrl Pts',(21.9160509986089,-31.2483028614896,-10.));
#6923=CARTESIAN_POINT('Ctrl Pts',(21.7841376382211,-31.4414807385615,-9.95394508152321));
#6924=CARTESIAN_POINT('Ctrl Pts',(21.5334105203681,-31.7991991833618,-9.77483684757986));
#6925=CARTESIAN_POINT('Ctrl Pts',(21.417070373258,-31.9603195620338,-9.64362517746772));
#6926=CARTESIAN_POINT('Ctrl Pts',(21.217972962813,-32.2312386140264,-9.31231998512973));
#6927=CARTESIAN_POINT('Ctrl Pts',(21.1372239437391,-32.3384352776405,-9.11536428807687));
#6928=CARTESIAN_POINT('Ctrl Pts',(21.0522142785565,-32.4505130222882,-8.78587251855241));
#6929=CARTESIAN_POINT('Ctrl Pts',(21.0300611985854,-32.4795126348027,-8.66897187886733));
#6930=CARTESIAN_POINT('Ctrl Pts',(21.0003221772377,-32.5183826917619,-8.42961577207107));
#6931=CARTESIAN_POINT('Ctrl Pts',(20.992813432853,-32.5281542042407,-8.30778102361695));
#6932=CARTESIAN_POINT('Ctrl Pts',(20.992813432853,-32.5281542042407,-8.18562827140317));
#6933=CARTESIAN_POINT('Ctrl Pts',(22.0464762920944,-31.0513567964232,-10.));
#6934=CARTESIAN_POINT('Ctrl Pts',(22.4835681401541,-31.3610822033193,-10.));
#6935=CARTESIAN_POINT('Ctrl Pts',(23.5033065498321,-32.0854430413321,-9.69188501935419));
#6936=CARTESIAN_POINT('Ctrl Pts',(24.2447667805527,-32.614635808037,-8.74147227573088));
#6937=CARTESIAN_POINT('Ctrl Pts',(24.492190583213,-32.7913303816542,-8.09386826501045));
#6938=CARTESIAN_POINT('Ctrl Pts',(20.9928128004697,-32.528153718996,-8.18560920681508));
#6939=CARTESIAN_POINT('Ctrl Pts',(21.1688385617822,-32.6632230362306,-8.1761983185699));
#6940=CARTESIAN_POINT('Ctrl Pts',(21.5980239610135,-32.9925485759073,-8.03144337703109));
#6941=CARTESIAN_POINT('Ctrl Pts',(21.9137233328641,-33.2347932240162,-7.61697432816289));
#6942=CARTESIAN_POINT('Ctrl Pts',(22.0231488551768,-33.3187583804605,-7.32368116924896));
#6943=CARTESIAN_POINT('Origin',(1.40371580028014,-15.2116095646683,5.55306586745515));
#6944=CARTESIAN_POINT('',(24.4921905832015,-32.7913303816455,19.2000000000051));
#6945=CARTESIAN_POINT('Origin',(1.46973151561118,-15.1255762094426,5.55306586745515));
#6946=CARTESIAN_POINT('',(21.7251603140582,-33.0901037307517,19.2));
#6947=CARTESIAN_POINT('Ctrl Pts',(24.4921905832035,-32.7913303816469,19.2));
#6948=CARTESIAN_POINT('Ctrl Pts',(24.4716745911619,-32.8220791971248,19.2));
#6949=CARTESIAN_POINT('Ctrl Pts',(24.450490727062,-32.8515669662513,19.2));
#6950=CARTESIAN_POINT('Ctrl Pts',(24.4290206177063,-32.8795473575213,19.2));
#6951=CARTESIAN_POINT('Ctrl Pts',(24.2973132595395,-33.0511917284742,19.2));
#6952=CARTESIAN_POINT('Ctrl Pts',(24.0997049194661,-33.2195822099438,19.2));
#6953=CARTESIAN_POINT('Ctrl Pts',(23.7105162092864,-33.433688954428,19.2));
#6954=CARTESIAN_POINT('Ctrl Pts',(23.4486807298203,-33.5124016735969,19.2));
#6955=CARTESIAN_POINT('Ctrl Pts',(22.9798053281848,-33.5594956259136,19.2));
#6956=CARTESIAN_POINT('Ctrl Pts',(22.6892355017082,-33.5299256304354,19.2));
#6957=CARTESIAN_POINT('Ctrl Pts',(22.2069634174082,-33.3895458250945,19.2));
#6958=CARTESIAN_POINT('Ctrl Pts',(21.9305559168291,-33.24770931997,19.2));
#6959=CARTESIAN_POINT('Ctrl Pts',(21.7251603140582,-33.0901037307517,19.2));
#6960=CARTESIAN_POINT('Origin',(0.299999999999998,-16.6499999999991,5.55306586745515));
#6961=CARTESIAN_POINT('Origin',(0.300000000000001,-16.6499999999991,5.55306586745515));
#6962=CARTESIAN_POINT('',(26.3748974529842,-29.530386427423,19.2000000000051));
#6963=CARTESIAN_POINT('Origin',(-0.435323970949698,-18.4252291034039,5.55306586745515));
#6964=CARTESIAN_POINT('Origin',(0.300000000000081,-16.6499999999991,19.2000000000051));
#6965=CARTESIAN_POINT('Origin',(0.3,-16.6499999999991,-6.68613192903075));
#6966=CARTESIAN_POINT('Ctrl Pts',(26.3748974529967,-29.5303864274284,-8.09386826501193));
#6967=CARTESIAN_POINT('Ctrl Pts',(26.0981635676333,-29.4044584181032,-8.7414722630242));
#6968=CARTESIAN_POINT('Ctrl Pts',(25.6244352073607,-29.188728659967,-9.28456512537568));
#6969=CARTESIAN_POINT('Ctrl Pts',(25.0500833970328,-28.9261705579366,-9.61792826323572));
#6970=CARTESIAN_POINT('Ctrl Pts',(24.6193195392858,-28.7292519814133,-9.86795061663137));
#6971=CARTESIAN_POINT('Ctrl Pts',(24.1319549908824,-28.5059924614493,-10.));
#6972=CARTESIAN_POINT('Ctrl Pts',(23.6451789807142,-28.2823225135368,-10.));
#6973=CARTESIAN_POINT('Origin',(-0.393824757416976,-18.3250411392654,5.55306586745515));
#6974=CARTESIAN_POINT('',(25.2501276287123,-26.9846812467513,19.2));
#6975=CARTESIAN_POINT('Origin',(0.300000000000001,-16.6499999999991,5.55306586745515));
#6976=CARTESIAN_POINT('Ctrl Pts',(25.2501276287123,-26.9846812467514,19.2));
#6977=CARTESIAN_POINT('Ctrl Pts',(25.4893158741392,-27.0837562619674,19.2));
#6978=CARTESIAN_POINT('Ctrl Pts',(25.7503536410505,-27.2522139267032,19.2));
#6979=CARTESIAN_POINT('Ctrl Pts',(26.113062160804,-27.5996839005726,19.2));
#6980=CARTESIAN_POINT('Ctrl Pts',(26.2839554413162,-27.8365397541356,19.2));
#6981=CARTESIAN_POINT('Ctrl Pts',(26.4776085830631,-28.2661447393198,19.2));
#6982=CARTESIAN_POINT('Ctrl Pts',(26.5403591083949,-28.532257275734,19.2));
#6983=CARTESIAN_POINT('Ctrl Pts',(26.5495315836399,-28.9763579578579,19.2));
#6984=CARTESIAN_POINT('Ctrl Pts',(26.5025053189684,-29.2316870410959,19.2));
#6985=CARTESIAN_POINT('Ctrl Pts',(26.41971061239,-29.4315711446101,19.2));
#6986=CARTESIAN_POINT('Ctrl Pts',(26.4062139374202,-29.4641550003691,19.2));
#6987=CARTESIAN_POINT('Ctrl Pts',(26.3912687123057,-29.4972446493932,19.2));
#6988=CARTESIAN_POINT('Ctrl Pts',(26.3748974529863,-29.530386427424,19.2));
#6989=CARTESIAN_POINT('Ctrl Pts',(26.3748974529988,-29.5303864274293,-8.09386826500701));
#6990=CARTESIAN_POINT('Ctrl Pts',(26.0981635676357,-29.4044584181043,-8.74147226302145));
#6991=CARTESIAN_POINT('Ctrl Pts',(25.2691389371569,-29.0269313413653,-9.69188477213988));
#6992=CARTESIAN_POINT('Ctrl Pts',(24.1319549908824,-28.5059924614493,-10.));
#6993=CARTESIAN_POINT('Ctrl Pts',(23.6451789807142,-28.2823225135368,-10.));
#6994=CARTESIAN_POINT('Ctrl Pts',(26.6181726584097,-29.0227161095138,-8.10820216862556));
#6995=CARTESIAN_POINT('Ctrl Pts',(26.3343921259122,-28.89581770927,-8.76228117997469));
#6996=CARTESIAN_POINT('Ctrl Pts',(25.4895073296801,-28.5175980719951,-9.71316759017361));
#6997=CARTESIAN_POINT('Ctrl Pts',(24.3419168905766,-28.0015829181477,-10.0062820734056));
#6998=CARTESIAN_POINT('Ctrl Pts',(23.8527708626932,-27.7811513766245,-10.));
#6999=CARTESIAN_POINT('Ctrl Pts',(26.6389003562438,-27.9476432021856,-7.92373161647609));
#7000=CARTESIAN_POINT('Ctrl Pts',(26.38866341395,-27.8411093009177,-8.49033808856113));
#7001=CARTESIAN_POINT('Ctrl Pts',(25.6402002271229,-27.522467007011,-9.31135084027959));
#7002=CARTESIAN_POINT('Ctrl Pts',(24.6368935204491,-27.0945908436607,-9.55470749461016));
#7003=CARTESIAN_POINT('Ctrl Pts',(24.2122362882785,-26.9133250709721,-9.54501710779424));
#7004=CARTESIAN_POINT('Ctrl Pts',(25.9502452829948,-27.274679474412,-7.50341741641509));
#7005=CARTESIAN_POINT('Ctrl Pts',(25.7857738114478,-27.2065867903579,-7.87847232478734));
#7006=CARTESIAN_POINT('Ctrl Pts',(25.2931376158601,-27.0024224973359,-8.42593469332789));
#7007=CARTESIAN_POINT('Ctrl Pts',(24.624037022294,-26.7252901923083,-8.59667422423846));
#7008=CARTESIAN_POINT('Ctrl Pts',(24.3390037381312,-26.6072813742705,-8.59379633289348));
#7009=CARTESIAN_POINT('Ctrl Pts',(25.5971426346127,-27.1284195685423,-7.32368116924896));
#7010=CARTESIAN_POINT('Ctrl Pts',(25.4697139149429,-27.0756368646192,-7.61697432816285));
#7011=CARTESIAN_POINT('Ctrl Pts',(25.0879147492987,-26.9174904721067,-8.04740633279116));
#7012=CARTESIAN_POINT('Ctrl Pts',(24.5635824262059,-26.700304912691,-8.18694853568928));
#7013=CARTESIAN_POINT('Ctrl Pts',(24.3390037381312,-26.6072813742705,-8.18694853568928));
#7014=CARTESIAN_POINT('',(24.397291622495,-26.631425006496,-8.18562827140421));
#7015=CARTESIAN_POINT('Ctrl Pts',(24.3972916225064,-26.6314250065008,-8.18562827140317));
#7016=CARTESIAN_POINT('Ctrl Pts',(24.3972916225064,-26.6314250065008,-8.42227722850859));
#7017=CARTESIAN_POINT('Ctrl Pts',(24.3796971836653,-26.6741998448095,-8.65661347215321));
#7018=CARTESIAN_POINT('Ctrl Pts',(24.3100541990451,-26.8398805641494,-9.09394014227907));
#7019=CARTESIAN_POINT('Ctrl Pts',(24.2586900058284,-26.9610150022521,-9.29275909984753));
#7020=CARTESIAN_POINT('Ctrl Pts',(24.1255818370019,-27.2649640494289,-9.62866022212592));
#7021=CARTESIAN_POINT('Ctrl Pts',(24.0450704716171,-27.4447710767592,-9.76256210954995));
#7022=CARTESIAN_POINT('Ctrl Pts',(23.9063003874406,-27.7433976559055,-9.90274336076305));
#7023=CARTESIAN_POINT('Ctrl Pts',(23.8564650632939,-27.848907556827,-9.93906240268192));
#7024=CARTESIAN_POINT('Ctrl Pts',(23.752936402458,-28.0641286974857,-9.98774699290375));
#7025=CARTESIAN_POINT('Ctrl Pts',(23.6995142310455,-28.1732758341252,-10.));
#7026=CARTESIAN_POINT('Ctrl Pts',(23.6451789807142,-28.2823225135368,-10.));
#7027=CARTESIAN_POINT('Ctrl Pts',(25.597142634612,-27.128419568542,-7.32368116925051));
#7028=CARTESIAN_POINT('Ctrl Pts',(25.4697139124417,-27.0756368635832,-7.61697433391883));
#7029=CARTESIAN_POINT('Ctrl Pts',(25.1020742287304,-26.9233555205234,-8.03144340810431));
#7030=CARTESIAN_POINT('Ctrl Pts',(24.6022772224203,-26.7163328220763,-8.17619832061637));
#7031=CARTESIAN_POINT('Ctrl Pts',(24.3972908860785,-26.6314247014624,-8.18560920704439));
#7032=CARTESIAN_POINT('Origin',(0.300000000000004,-16.6499999999991,-10.));
#7033=CARTESIAN_POINT('Ctrl Pts',(25.0328284955481,-24.9322402350042,-10.));
#7034=CARTESIAN_POINT('Ctrl Pts',(24.9578207286663,-25.1562320755551,-10.));
#7035=CARTESIAN_POINT('Ctrl Pts',(24.8804003207139,-25.3769692660583,-9.95394508152321));
#7036=CARTESIAN_POINT('Ctrl Pts',(24.7308008685274,-25.7873917036549,-9.77483684757986));
#7037=CARTESIAN_POINT('Ctrl Pts',(24.6601259383539,-25.9731330843378,-9.64362517746771));
#7038=CARTESIAN_POINT('Ctrl Pts',(24.5379316179946,-26.2863509951449,-9.31231998512974));
#7039=CARTESIAN_POINT('Ctrl Pts',(24.4876785931384,-26.4107944050315,-9.11536428807691));
#7040=CARTESIAN_POINT('Ctrl Pts',(24.4345734169013,-26.541055313506,-8.78587251855236));
#7041=CARTESIAN_POINT('Ctrl Pts',(24.4206808368447,-26.5748004271904,-8.66897187886722));
#7042=CARTESIAN_POINT('Ctrl Pts',(24.4020154591017,-26.620043044184,-8.42961577207109));
#7043=CARTESIAN_POINT('Ctrl Pts',(24.3972916225064,-26.6314250065008,-8.30778102361698));
#7044=CARTESIAN_POINT('Ctrl Pts',(24.3972916225064,-26.6314250065008,-8.18562827140318));
#7045=CARTESIAN_POINT('Origin',(0.300000000000004,-16.6499999999991,-10.));
#7046=CARTESIAN_POINT('Ctrl Pts',(20.992813432853,-32.5281542042407,-8.18562827140318));
#7047=CARTESIAN_POINT('Ctrl Pts',(20.992813432853,-32.5281542042407,-8.42227722850858));
#7048=CARTESIAN_POINT('Ctrl Pts',(20.9647475671717,-32.5649177494184,-8.65661347215321));
#7049=CARTESIAN_POINT('Ctrl Pts',(20.8545962841358,-32.7069281043695,-9.09394014227905));
#7050=CARTESIAN_POINT('Ctrl Pts',(20.7736303837625,-32.8106409551451,-9.29275909984753));
#7051=CARTESIAN_POINT('Ctrl Pts',(20.5663899636528,-33.0697822605381,-9.62866022212593));
#7052=CARTESIAN_POINT('Ctrl Pts',(20.4420844734015,-33.222624637276,-9.76256210954995));
#7053=CARTESIAN_POINT('Ctrl Pts',(20.2307526191223,-33.4751594218143,-9.90274336076305));
#7054=CARTESIAN_POINT('Ctrl Pts',(20.1553074206621,-33.5641758290356,-9.93906240268193));
#7055=CARTESIAN_POINT('Ctrl Pts',(19.9996030832885,-33.7452682980229,-9.98774699290375));
#7056=CARTESIAN_POINT('Ctrl Pts',(19.9197518705439,-33.8368696607763,-10.));
#7057=CARTESIAN_POINT('Ctrl Pts',(19.8390446915341,-33.9281376670848,-10.));
#7058=CARTESIAN_POINT('Ctrl Pts',(25.0328284955481,-24.9322402350042,-10.));
#7059=CARTESIAN_POINT('Ctrl Pts',(25.5351896341062,-25.1182843098462,-9.99999999999999));
#7060=CARTESIAN_POINT('Ctrl Pts',(26.7076596715231,-25.5540354262096,-9.69188500234267));
#7061=CARTESIAN_POINT('Ctrl Pts',(27.5608204330503,-25.8732923609369,-8.74147227573087));
#7062=CARTESIAN_POINT('Ctrl Pts',(27.8455453948969,-25.9799282206187,-8.09386826501045));
#7063=CARTESIAN_POINT('Ctrl Pts',(24.8252366135691,-25.4334113719166,-10.));
#7064=CARTESIAN_POINT('Ctrl Pts',(25.3269837086266,-25.6234212013477,-10.0062820732047));
#7065=CARTESIAN_POINT('Ctrl Pts',(26.5033303872971,-26.070012304825,-9.71316744250466));
#7066=CARTESIAN_POINT('Ctrl Pts',(27.368195954002,-26.399994470724,-8.76228119281117));
#7067=CARTESIAN_POINT('Ctrl Pts',(27.6585898179323,-26.5109268924645,-8.10820216862902));
#7068=CARTESIAN_POINT('Ctrl Pts',(24.465768188668,-26.3012449185577,-9.54502651667318));
#7069=CARTESIAN_POINT('Ctrl Pts',(24.8942204405774,-26.4733486645358,-9.55471690317917));
#7070=CARTESIAN_POINT('Ctrl Pts',(25.9062229167893,-26.8802412175684,-9.31135901953608));
#7071=CARTESIAN_POINT('Ctrl Pts',(26.6607860829171,-27.1841733909045,-8.49034284033434));
#7072=CARTESIAN_POINT('Ctrl Pts',(26.9130611706796,-27.2857867876849,-7.92373635713248));
#7073=CARTESIAN_POINT('Ctrl Pts',(24.3390037381312,-26.6072813742705,-8.59379633289348));
#7074=CARTESIAN_POINT('Ctrl Pts',(24.6239975325857,-26.7253855031142,-8.59667422414642));
#7075=CARTESIAN_POINT('Ctrl Pts',(25.2930853579674,-27.0025489719359,-8.42593490079228));
#7076=CARTESIAN_POINT('Ctrl Pts',(25.7857975882806,-27.2065293788756,-7.87847233214792));
#7077=CARTESIAN_POINT('Ctrl Pts',(25.950245282994,-27.2746794744117,-7.50341741641708));
#7078=CARTESIAN_POINT('Ctrl Pts',(24.3390037381312,-26.6072813742705,-8.18694853568928));
#7079=CARTESIAN_POINT('Ctrl Pts',(24.563582419023,-26.7003049097158,-8.18694853568928));
#7080=CARTESIAN_POINT('Ctrl Pts',(25.0879148058029,-26.9174904955115,-8.04740643704761));
#7081=CARTESIAN_POINT('Ctrl Pts',(25.4697139124417,-27.0756368635832,-7.61697433391883));
#7082=CARTESIAN_POINT('Ctrl Pts',(25.597142634612,-27.128419568542,-7.32368116925051));
#7083=CARTESIAN_POINT('Ctrl Pts',(25.0328284955481,-24.9322402350042,-10.));
#7084=CARTESIAN_POINT('Ctrl Pts',(25.5351896341062,-25.1182843098462,-9.99999999999999));
#7085=CARTESIAN_POINT('Ctrl Pts',(26.7076596715231,-25.5540354262096,-9.69188500234267));
#7086=CARTESIAN_POINT('Ctrl Pts',(27.5608204330503,-25.8732923609369,-8.74147227573087));
#7087=CARTESIAN_POINT('Ctrl Pts',(27.8455453948969,-25.9799282206187,-8.09386826501045));
#7088=CARTESIAN_POINT('Origin',(0.993824757416976,-14.9749588607328,5.55306586745515));
#7089=CARTESIAN_POINT('Origin',(1.0353239709497,-14.8747708965943,5.55306586745515));
#7090=CARTESIAN_POINT('Ctrl Pts',(27.8455453948858,-25.9799282206141,19.2));
#7091=CARTESIAN_POINT('Ctrl Pts',(27.8336868473809,-26.0149392250816,19.2));
#7092=CARTESIAN_POINT('Ctrl Pts',(27.8208568021938,-26.0489050103185,19.2));
#7093=CARTESIAN_POINT('Ctrl Pts',(27.807360127224,-26.0814888660775,19.2));
#7094=CARTESIAN_POINT('Ctrl Pts',(27.7245654206456,-26.2813729695917,19.2));
#7095=CARTESIAN_POINT('Ctrl Pts',(27.5772730850969,-26.4951704864265,19.2));
#7096=CARTESIAN_POINT('Ctrl Pts',(27.2567605617916,-26.80271117084,19.2));
#7097=CARTESIAN_POINT('Ctrl Pts',(27.0242192607492,-26.946509827912,19.2));
#7098=CARTESIAN_POINT('Ctrl Pts',(26.5835092127666,-27.11335297644,19.2));
#7099=CARTESIAN_POINT('Ctrl Pts',(26.2951870350391,-27.1599955591487,19.2));
#7100=CARTESIAN_POINT('Ctrl Pts',(25.7930150063455,-27.1492202800186,19.2));
#7101=CARTESIAN_POINT('Ctrl Pts',(25.4893158741392,-27.0837562619674,19.2));
#7102=CARTESIAN_POINT('Ctrl Pts',(25.2501276287123,-26.9846812467513,19.2));
#7103=CARTESIAN_POINT('Origin',(0.300000000000002,-16.6499999999991,5.55306586745515));
#7104=CARTESIAN_POINT('Origin',(0.300000000000002,-16.6499999999991,-6.68613192903075));
#7105=CARTESIAN_POINT('Ctrl Pts',(28.8201061833873,-22.3428178429054,-8.09386826501193));
#7106=CARTESIAN_POINT('Ctrl Pts',(28.5202092093803,-22.2928047264024,-8.7414722630242));
#7107=CARTESIAN_POINT('Ctrl Pts',(28.0067877056573,-22.2070356893558,-9.28456498720767));
#7108=CARTESIAN_POINT('Ctrl Pts',(27.3840514322755,-22.1020772268062,-9.61792814480599));
#7109=CARTESIAN_POINT('Ctrl Pts',(26.916999227238,-22.0233583798938,-9.86795051300536));
#7110=CARTESIAN_POINT('Ctrl Pts',(26.3884574642672,-21.9338454811359,-10.));
#7111=CARTESIAN_POINT('Ctrl Pts',(25.8603779020909,-21.8437838040131,-10.));
#7112=CARTESIAN_POINT('Ctrl Pts',(28.8201061833896,-22.3428178429058,-8.09386826500702));
#7113=CARTESIAN_POINT('Ctrl Pts',(28.5202092093829,-22.2928047264028,-8.74147226302146));
#7114=CARTESIAN_POINT('Ctrl Pts',(27.6217215778659,-22.1427089115711,-9.69188453034586));
#7115=CARTESIAN_POINT('Ctrl Pts',(26.3884574642672,-21.9338454811359,-10.));
#7116=CARTESIAN_POINT('Ctrl Pts',(25.8603779020909,-21.8437838040131,-10.));
#7117=CARTESIAN_POINT('Ctrl Pts',(28.923697240282,-21.7894817152293,-8.10820216862557));
#7118=CARTESIAN_POINT('Ctrl Pts',(28.6167425721684,-21.7403550795587,-8.76228117997471));
#7119=CARTESIAN_POINT('Ctrl Pts',(27.7027562447266,-21.5936952476898,-9.71316774348645));
#7120=CARTESIAN_POINT('Ctrl Pts',(26.4607142893805,-21.3922811378474,-10.0062820734056));
#7121=CARTESIAN_POINT('Ctrl Pts',(25.9311836271338,-21.3059609268139,-10.));
#7122=CARTESIAN_POINT('Ctrl Pts',(28.6654984232099,-20.7456572890507,-7.9237440205564));
#7123=CARTESIAN_POINT('Ctrl Pts',(28.3962150953595,-20.7075195288945,-8.49035049264148));
#7124=CARTESIAN_POINT('Ctrl Pts',(27.5907672234212,-20.593450361936,-9.311370979683));
#7125=CARTESIAN_POINT('Ctrl Pts',(26.5108956884342,-20.4398281673135,-9.55473211326094));
#7126=CARTESIAN_POINT('Ctrl Pts',(26.0537932663632,-20.3746482553776,-9.54504172644501));
#7127=CARTESIAN_POINT('Ctrl Pts',(27.826103765582,-20.2738803095878,-7.50341741641509));
#7128=CARTESIAN_POINT('Ctrl Pts',(27.6496128400616,-20.250676176691,-7.87847232478737));
#7129=CARTESIAN_POINT('Ctrl Pts',(27.1209210898817,-20.1809722095533,-8.4259344757903));
#7130=CARTESIAN_POINT('Ctrl Pts',(26.4028925461494,-20.086458968959,-8.59667422423846));
#7131=CARTESIAN_POINT('Ctrl Pts',(26.0970286060264,-20.0462432463159,-8.59379633289348));
#7132=CARTESIAN_POINT('Ctrl Pts',(27.4471779490046,-20.223993779435,-7.32368116924896));
#7133=CARTESIAN_POINT('Ctrl Pts',(27.3104300886373,-20.2059905820779,-7.61697432816288));
#7134=CARTESIAN_POINT('Ctrl Pts',(26.9007090549905,-20.1520497846842,-8.04740622328513));
#7135=CARTESIAN_POINT('Ctrl Pts',(26.3380312242579,-20.0779718429312,-8.18694853568929));
#7136=CARTESIAN_POINT('Ctrl Pts',(26.0970286060264,-20.0462432463159,-8.18694853568929));
#7137=CARTESIAN_POINT('',(26.1595792107311,-20.0544781896509,-8.18562827140421));
#7138=CARTESIAN_POINT('Ctrl Pts',(26.1595792107434,-20.0544781896525,-8.18562827140318));
#7139=CARTESIAN_POINT('Ctrl Pts',(26.1595792107434,-20.0544781896525,-8.42227722850858));
#7140=CARTESIAN_POINT('Ctrl Pts',(26.1536552306731,-20.1003492865502,-8.6566134721532));
#7141=CARTESIAN_POINT('Ctrl Pts',(26.12926659878,-20.2784095030562,-9.09394014227905));
#7142=CARTESIAN_POINT('Ctrl Pts',(26.1110044976043,-20.4087104167135,-9.29275909984752));
#7143=CARTESIAN_POINT('Ctrl Pts',(26.0610996817949,-20.7367535804086,-9.62866022212593));
#7144=CARTESIAN_POINT('Ctrl Pts',(26.0298691577763,-20.931271706564,-9.76256210954995));
#7145=CARTESIAN_POINT('Ctrl Pts',(25.9731177956108,-21.255639172453,-9.90274336076305));
#7146=CARTESIAN_POINT('Ctrl Pts',(25.9522885407613,-21.3704522416903,-9.93906240268192));
#7147=CARTESIAN_POINT('Ctrl Pts',(25.90799086361,-21.6051350889542,-9.98774699290375));
#7148=CARTESIAN_POINT('Ctrl Pts',(25.8846383662269,-21.7243898024922,-10.));
#7149=CARTESIAN_POINT('Ctrl Pts',(25.8603779020909,-21.8437838040131,-10.));
#7150=CARTESIAN_POINT('Ctrl Pts',(27.4471779490039,-20.2239937794349,-7.32368116925051));
#7151=CARTESIAN_POINT('Ctrl Pts',(27.3104300859532,-20.2059905817246,-7.61697433391883));
#7152=CARTESIAN_POINT('Ctrl Pts',(26.9159040886038,-20.1540502488104,-8.031443371443));
#7153=CARTESIAN_POINT('Ctrl Pts',(26.3795558540761,-20.0834386641582,-8.1761983178688));
#7154=CARTESIAN_POINT('Ctrl Pts',(26.1595784204442,-20.0544780856077,-8.1856092066903));
#7155=CARTESIAN_POINT('Ctrl Pts',(17.5781376670858,-36.1890446915332,-10.));
#7156=CARTESIAN_POINT('Ctrl Pts',(17.9201731375302,-36.601344155849,-10.));
#7157=CARTESIAN_POINT('Ctrl Pts',(18.7176863905644,-37.5649506801422,-9.69188492960131));
#7158=CARTESIAN_POINT('Ctrl Pts',(19.2969168425586,-38.2680157076274,-8.74147227573086));
#7159=CARTESIAN_POINT('Ctrl Pts',(19.4901779627684,-38.5027275519895,-8.09386826501044));
#7160=CARTESIAN_POINT('Ctrl Pts',(17.1477722552163,-36.5192756867533,-10.));
#7161=CARTESIAN_POINT('Ctrl Pts',(17.4872930710957,-36.9347025735382,-10.0062820732047));
#7162=CARTESIAN_POINT('Ctrl Pts',(18.2827436532176,-37.90963519487,-9.71316748862736));
#7163=CARTESIAN_POINT('Ctrl Pts',(18.8667480954185,-38.6278408754057,-8.76228119281116));
#7164=CARTESIAN_POINT('Ctrl Pts',(19.0627703478149,-38.8691081027014,-8.10820216862902));
#7165=CARTESIAN_POINT('Ctrl Pts',(16.4025594851175,-37.0910975570367,-9.54500716160496));
#7166=CARTESIAN_POINT('Ctrl Pts',(16.6875581465906,-37.4543698990949,-9.55469754811095));
#7167=CARTESIAN_POINT('Ctrl Pts',(17.3605276976731,-38.3127441894309,-9.31134279228218));
#7168=CARTESIAN_POINT('Ctrl Pts',(17.8620252219011,-38.9532275120353,-8.49033308830434));
#7169=CARTESIAN_POINT('Ctrl Pts',(18.0296951582552,-39.1673648388932,-7.92372660510248));
#7170=CARTESIAN_POINT('Ctrl Pts',(16.1397472317549,-37.2927604918134,-8.59379633289348));
#7171=CARTESIAN_POINT('Ctrl Pts',(16.3275070332517,-37.5375385649111,-8.59667422414642));
#7172=CARTESIAN_POINT('Ctrl Pts',(16.7683723264457,-38.1121130567487,-8.42593483534822));
#7173=CARTESIAN_POINT('Ctrl Pts',(17.0930834577209,-38.5351214120432,-7.87847233214792));
#7174=CARTESIAN_POINT('Ctrl Pts',(17.2014242911684,-38.6763649734045,-7.50341741641708));
#7175=CARTESIAN_POINT('Ctrl Pts',(16.1397472317549,-37.2927604918134,-8.18694853568929));
#7176=CARTESIAN_POINT('Ctrl Pts',(16.2877263068331,-37.4856105771048,-8.18694853568929));
#7177=CARTESIAN_POINT('Ctrl Pts',(16.6332186696827,-37.9358649904933,-8.0474064041038));
#7178=CARTESIAN_POINT('Ctrl Pts',(16.8847932223691,-38.2637233307153,-7.61697433391884));
#7179=CARTESIAN_POINT('Ctrl Pts',(16.9687583804609,-38.3731488551753,-7.32368116925051));
#7180=CARTESIAN_POINT('',(16.1781542042412,-37.3428134328515,-8.18562827140324));
#7181=CARTESIAN_POINT('Ctrl Pts',(17.5781376670858,-36.1890446915332,-10.));
#7182=CARTESIAN_POINT('Ctrl Pts',(17.4011831152095,-36.3455234322497,-10.));
#7183=CARTESIAN_POINT('Ctrl Pts',(17.2237664798998,-36.4979772428093,-9.95394508152321));
#7184=CARTESIAN_POINT('Ctrl Pts',(16.8889983351157,-36.7786137739579,-9.77483684757986));
#7185=CARTESIAN_POINT('Ctrl Pts',(16.7349213598334,-36.9041330630765,-9.64362517746772));
#7186=CARTESIAN_POINT('Ctrl Pts',(16.4724890188005,-37.1142905705762,-9.31231998512974));
#7187=CARTESIAN_POINT('Ctrl Pts',(16.3667469177147,-37.1969352124434,-9.11536428807689));
#7188=CARTESIAN_POINT('Ctrl Pts',(16.2556260317837,-37.2831918801837,-8.78587251855239));
#7189=CARTESIAN_POINT('Ctrl Pts',(16.2267221476883,-37.3054697158597,-8.66897187886728));
#7190=CARTESIAN_POINT('Ctrl Pts',(16.1879361478949,-37.3353182826384,-8.42961577207108));
#7191=CARTESIAN_POINT('Ctrl Pts',(16.1781542042416,-37.342813432852,-8.30778102361697));
#7192=CARTESIAN_POINT('Ctrl Pts',(16.1781542042416,-37.342813432852,-8.18562827140317));
#7193=CARTESIAN_POINT('',(19.4901779627687,-38.5027275519899,-8.09386826501067));
#7194=CARTESIAN_POINT('Ctrl Pts',(17.5781376670858,-36.1890446915332,-10.));
#7195=CARTESIAN_POINT('Ctrl Pts',(17.9201731375302,-36.601344155849,-10.));
#7196=CARTESIAN_POINT('Ctrl Pts',(18.7176863905644,-37.5649506801422,-9.69188492960131));
#7197=CARTESIAN_POINT('Ctrl Pts',(19.2969168425586,-38.2680157076274,-8.74147227573086));
#7198=CARTESIAN_POINT('Ctrl Pts',(19.4901779627684,-38.5027275519895,-8.09386826501044));
#7199=CARTESIAN_POINT('',(16.968758380474,-38.3731488551923,-7.32368116925869));
#7200=CARTESIAN_POINT('Origin',(18.4071488157918,-37.2694330548951,-7.32368116925051));
#7201=CARTESIAN_POINT('Ctrl Pts',(16.1781537190065,-37.3428128004813,-8.18560920719359));
#7202=CARTESIAN_POINT('Ctrl Pts',(16.3132230371441,-37.5188385629706,-8.17619832150693));
#7203=CARTESIAN_POINT('Ctrl Pts',(16.6425485892232,-37.948023978365,-8.03144341622028));
#7204=CARTESIAN_POINT('Ctrl Pts',(16.8847932240172,-38.2637233328631,-7.61697432816286));
#7205=CARTESIAN_POINT('Ctrl Pts',(16.9687583804614,-38.3731488551758,-7.32368116924896));
#7206=CARTESIAN_POINT('Origin',(1.73839043533082,-15.5462841997189,5.55306586745515));
#7207=CARTESIAN_POINT('',(19.4901779627595,-38.5027275519782,19.2000000000051));
#7208=CARTESIAN_POINT('',(16.7401037307527,-38.0751603140573,19.2));
#7209=CARTESIAN_POINT('Ctrl Pts',(19.490177962761,-38.50272755198,19.2));
#7210=CARTESIAN_POINT('Ctrl Pts',(19.4624026571361,-38.5271186975084,19.2));
#7211=CARTESIAN_POINT('Ctrl Pts',(19.4343086194539,-38.5501189077894,19.2));
#7212=CARTESIAN_POINT('Ctrl Pts',(19.4063282281839,-38.5715890171451,19.2));
#7213=CARTESIAN_POINT('Ctrl Pts',(19.234683857231,-38.7032963753119,19.2));
#7214=CARTESIAN_POINT('Ctrl Pts',(19.0002261944457,-38.8148042883825,19.2));
#7215=CARTESIAN_POINT('Ctrl Pts',(18.5688838648255,-38.9208860721291,19.2));
#7216=CARTESIAN_POINT('Ctrl Pts',(18.2955978621578,-38.9291487116624,19.2));
#7217=CARTESIAN_POINT('Ctrl Pts',(17.8305101906377,-38.8532840927438,19.2));
#7218=CARTESIAN_POINT('Ctrl Pts',(17.5574945688969,-38.7495166654039,19.2));
#7219=CARTESIAN_POINT('Ctrl Pts',(17.1279884745433,-38.4890989855975,19.2));
#7220=CARTESIAN_POINT('Ctrl Pts',(16.897709319971,-38.2805559168282,19.2));
#7221=CARTESIAN_POINT('Ctrl Pts',(16.7401037307527,-38.0751603140573,19.2));
#7222=CARTESIAN_POINT('Origin',(0.299999999999996,-16.6499999999991,5.55306586745515));
#7223=CARTESIAN_POINT('Origin',(1.82442379055648,-15.4802684843879,5.55306586745515));
#7224=CARTESIAN_POINT('Origin',(0.3,-16.6499999999991,5.55306586745515));
#7225=CARTESIAN_POINT('',(22.1527275519791,-35.8401779627585,19.2000000000051));
#7226=CARTESIAN_POINT('Origin',(-0.869731515611181,-18.1744237905556,5.55306586745515));
#7227=CARTESIAN_POINT('Origin',(0.300000000000067,-16.6499999999991,19.2000000000051));
#7228=CARTESIAN_POINT('Origin',(0.300000000000469,-16.6499999999999,-8.09386826501218));
#7229=CARTESIAN_POINT('Origin',(0.299999999999998,-16.6499999999991,-6.68613192903075));
#7230=CARTESIAN_POINT('Ctrl Pts',(22.1527275519899,-35.840177962767,-8.09386826501192));
#7231=CARTESIAN_POINT('Ctrl Pts',(21.9180157122332,-35.6469168463493,-8.74147226302419));
#7232=CARTESIAN_POINT('Ctrl Pts',(21.5162642628967,-35.315928012452,-9.28456521595807));
#7233=CARTESIAN_POINT('Ctrl Pts',(21.0294380476772,-34.9136631690075,-9.61792834087777));
#7234=CARTESIAN_POINT('Ctrl Pts',(20.6643183862617,-34.6119645364234,-9.86795068456817));
#7235=CARTESIAN_POINT('Ctrl Pts',(20.2513441690367,-34.2701731484687,-10.));
#7236=CARTESIAN_POINT('Ctrl Pts',(19.8390446915341,-33.9281376670848,-10.));
#7237=CARTESIAN_POINT('Origin',(-0.803715800280145,-18.0883904353299,5.55306586745515));
#7238=CARTESIAN_POINT('Ctrl Pts',(21.7251603140582,-33.0901037307517,19.2));
#7239=CARTESIAN_POINT('Ctrl Pts',(21.9305559168291,-33.24770931997,19.2));
#7240=CARTESIAN_POINT('Ctrl Pts',(22.1390989855984,-33.4779884745424,19.2));
#7241=CARTESIAN_POINT('Ctrl Pts',(22.3995166654048,-33.907494568896,19.2));
#7242=CARTESIAN_POINT('Ctrl Pts',(22.5032840927447,-34.1805101906368,19.2));
#7243=CARTESIAN_POINT('Ctrl Pts',(22.5791487116633,-34.6455978621568,19.2));
#7244=CARTESIAN_POINT('Ctrl Pts',(22.5708860721301,-34.9188838648246,19.2));
#7245=CARTESIAN_POINT('Ctrl Pts',(22.4648042883835,-35.3502261944448,19.2));
#7246=CARTESIAN_POINT('Ctrl Pts',(22.3532963753128,-35.5846838572301,19.2));
#7247=CARTESIAN_POINT('Ctrl Pts',(22.221589017146,-35.7563282281829,19.2));
#7248=CARTESIAN_POINT('Ctrl Pts',(22.2001189077903,-35.7843086194529,19.2));
#7249=CARTESIAN_POINT('Ctrl Pts',(22.1771186975093,-35.8124026571352,19.2));
#7250=CARTESIAN_POINT('Ctrl Pts',(22.1527275519809,-35.8401779627601,19.2));
#7251=CARTESIAN_POINT('Ctrl Pts',(22.1527275519917,-35.8401779627685,-8.09386826500701));
#7252=CARTESIAN_POINT('Ctrl Pts',(21.9180157122353,-35.646916846351,-8.74147226302145));
#7253=CARTESIAN_POINT('Ctrl Pts',(21.2149506758949,-35.0676863870295,-9.69188493065907));
#7254=CARTESIAN_POINT('Ctrl Pts',(20.2513441690367,-34.2701731484687,-10.));
#7255=CARTESIAN_POINT('Ctrl Pts',(19.8390446915341,-33.9281376670848,-10.));
#7256=CARTESIAN_POINT('Ctrl Pts',(22.5191081027036,-35.412770347815,-8.10820216862556));
#7257=CARTESIAN_POINT('Ctrl Pts',(22.2778408801423,-35.2167480992651,-8.7622811799747));
#7258=CARTESIAN_POINT('Ctrl Pts',(21.5596351906208,-34.6327436497355,-9.71316748966226));
#7259=CARTESIAN_POINT('Ctrl Pts',(20.584702586826,-33.8372930819538,-10.0062820734056));
#7260=CARTESIAN_POINT('Ctrl Pts',(20.1692756867542,-33.4977722552154,-10.));
#7261=CARTESIAN_POINT('Ctrl Pts',(22.8173648388953,-34.3796951582552,-7.92372660509947));
#7262=CARTESIAN_POINT('Ctrl Pts',(22.6032275162393,-34.2120252251913,-8.49033307718455));
#7263=CARTESIAN_POINT('Ctrl Pts',(21.9627441857335,-33.7105276947687,-9.31134279315378));
#7264=CARTESIAN_POINT('Ctrl Pts',(21.1043699107146,-33.037558155705,-9.55469754842088));
#7265=CARTESIAN_POINT('Ctrl Pts',(20.7410975570376,-32.7525594851165,-9.54500716160496));
#7266=CARTESIAN_POINT('Ctrl Pts',(22.3263649734062,-33.5514242911681,-7.50341741641509));
#7267=CARTESIAN_POINT('Ctrl Pts',(22.1851214148165,-33.4430834598465,-7.87847232478738));
#7268=CARTESIAN_POINT('Ctrl Pts',(21.7621130542388,-33.1183723245188,-8.42593483594466));
#7269=CARTESIAN_POINT('Ctrl Pts',(21.1875385727409,-32.6775070392559,-8.59667422423847));
#7270=CARTESIAN_POINT('Ctrl Pts',(20.9427604918143,-32.489747231754,-8.59379633289348));
#7271=CARTESIAN_POINT('Ctrl Pts',(22.0231488551768,-33.3187583804605,-7.32368116924896));
#7272=CARTESIAN_POINT('Ctrl Pts',(21.9137233328641,-33.2347932240162,-7.61697432816289));
#7273=CARTESIAN_POINT('Ctrl Pts',(21.5858649885047,-32.9832186681552,-8.04740640458285));
#7274=CARTESIAN_POINT('Ctrl Pts',(21.1356105832737,-32.637726311565,-8.18694853568929));
#7275=CARTESIAN_POINT('Ctrl Pts',(20.9427604918143,-32.489747231754,-8.18694853568929));
#7276=CARTESIAN_POINT('Origin',(0.300000000000004,-16.6499999999991,-10.));
#7277=CARTESIAN_POINT('Ctrl Pts',(16.1781542042416,-37.342813432852,-8.18562827140318));
#7278=CARTESIAN_POINT('Ctrl Pts',(16.1781542042416,-37.342813432852,-8.4222772285086));
#7279=CARTESIAN_POINT('Ctrl Pts',(16.1415295540855,-37.3710603100496,-8.65661347215321));
#7280=CARTESIAN_POINT('Ctrl Pts',(15.9983766005391,-37.4797225296051,-9.09394014227906));
#7281=CARTESIAN_POINT('Ctrl Pts',(15.8933266853172,-37.5589459336669,-9.29275909984753));
#7282=CARTESIAN_POINT('Ctrl Pts',(15.6260771060738,-37.7556194455648,-9.62866022212592));
#7283=CARTESIAN_POINT('Ctrl Pts',(15.4664487046921,-37.8710812163194,-9.76256210954995));
#7284=CARTESIAN_POINT('Ctrl Pts',(15.1969569969368,-38.0603143780171,-9.90274336076305));
#7285=CARTESIAN_POINT('Ctrl Pts',(15.1010433897592,-38.1267709704925,-9.93906240268192));
#7286=CARTESIAN_POINT('Ctrl Pts',(14.9037743691262,-38.2613936153165,-9.98774699290375));
#7287=CARTESIAN_POINT('Ctrl Pts',(14.8029358432378,-38.3292067226904,-10.));
#7288=CARTESIAN_POINT('Ctrl Pts',(14.7013567964241,-38.3964762920935,-10.));
#7289=CARTESIAN_POINT('Ctrl Pts',(5.493783804014,-42.21037790209,-10.));
#7290=CARTESIAN_POINT('Ctrl Pts',(5.58384547825633,-42.7384574473764,-10.));
#7291=CARTESIAN_POINT('Ctrl Pts',(5.79270891250835,-43.9717215833111,-9.69188452928813));
#7292=CARTESIAN_POINT('Ctrl Pts',(5.94280472542206,-44.8702092034955,-8.74147227573087));
#7293=CARTESIAN_POINT('Ctrl Pts',(5.99281784290651,-45.1701061833871,-8.09386826501044));
#7294=CARTESIAN_POINT('Ctrl Pts',(4.95596092681486,-42.2811836271329,-10.));
#7295=CARTESIAN_POINT('Ctrl Pts',(5.04228113508757,-42.8107142724433,-10.0062820732047));
#7296=CARTESIAN_POINT('Ctrl Pts',(5.24369524858051,-44.0527562501471,-9.71316774245163));
#7297=CARTESIAN_POINT('Ctrl Pts',(5.39035507859543,-44.9667425661424,-8.76228119281117));
#7298=CARTESIAN_POINT('Ctrl Pts',(5.43948171522996,-45.2736972402794,-8.10820216862902));
#7299=CARTESIAN_POINT('Ctrl Pts',(4.02464825537856,-42.4037932663623,-9.545041726445));
#7300=CARTESIAN_POINT('Ctrl Pts',(4.08982816522976,-42.8608956738135,-9.554732112951));
#7301=CARTESIAN_POINT('Ctrl Pts',(4.24345036260235,-43.940767228075,-9.31137097881141));
#7302=CARTESIAN_POINT('Ctrl Pts',(4.35751952814687,-44.746215090073,-8.49035050376128));
#7303=CARTESIAN_POINT('Ctrl Pts',(4.39565728905146,-45.0154984232075,-7.9237440205594));
#7304=CARTESIAN_POINT('Ctrl Pts',(3.69624324631689,-42.4470286060254,-8.59379633289348));
#7305=CARTESIAN_POINT('Ctrl Pts',(3.73645896767368,-42.7528925363659,-8.59667422414642));
#7306=CARTESIAN_POINT('Ctrl Pts',(3.83097220996678,-43.4709210930182,-8.42593447519387));
#7307=CARTESIAN_POINT('Ctrl Pts',(3.90067617623645,-43.9996128365965,-7.87847233214793));
#7308=CARTESIAN_POINT('Ctrl Pts',(3.92388030958858,-44.1761037655801,-7.50341741641708));
#7309=CARTESIAN_POINT('Ctrl Pts',(3.69624324631689,-42.4470286060254,-8.18694853568928));
#7310=CARTESIAN_POINT('Ctrl Pts',(3.72797184191738,-42.6880312165489,-8.18694853568928));
#7311=CARTESIAN_POINT('Ctrl Pts',(3.8020497850125,-43.2507090574759,-8.0474062228061));
#7312=CARTESIAN_POINT('Ctrl Pts',(3.85599058172549,-43.6604300859523,-7.61697433391885));
#7313=CARTESIAN_POINT('Ctrl Pts',(3.87399377943586,-43.797177949003,-7.32368116925051));
#7314=CARTESIAN_POINT('',(3.70447818965337,-42.5095792107418,-8.18562827140323));
#7315=CARTESIAN_POINT('Ctrl Pts',(5.49378380401401,-42.21037790209,-10.));
#7316=CARTESIAN_POINT('Ctrl Pts',(5.26229729641564,-42.2574151907646,-10.));
#7317=CARTESIAN_POINT('Ctrl Pts',(5.03242307790363,-42.3007357459581,-9.95394508152321));
#7318=CARTESIAN_POINT('Ctrl Pts',(4.60218709456858,-42.3763900387706,-9.77483684757986));
#7319=CARTESIAN_POINT('Ctrl Pts',(4.40599287527648,-42.4080544441711,-9.64362517746771));
#7320=CARTESIAN_POINT('Ctrl Pts',(4.07364104741754,-42.4588400139454,-9.31231998512974));
#7321=CARTESIAN_POINT('Ctrl Pts',(3.9407433806941,-42.4775413227462,-9.1153642880769));
#7322=CARTESIAN_POINT('Ctrl Pts',(3.80138153671662,-42.4966813452896,-8.78587251855237));
#7323=CARTESIAN_POINT('Ctrl Pts',(3.76521112098405,-42.5015225748787,-8.66897187886726));
#7324=CARTESIAN_POINT('Ctrl Pts',(3.71669717646238,-42.5079791920788,-8.42961577207108));
#7325=CARTESIAN_POINT('Ctrl Pts',(3.70447818965348,-42.5095792107424,-8.30778102361696));
#7326=CARTESIAN_POINT('Ctrl Pts',(3.70447818965348,-42.5095792107424,-8.18562827140318));
#7327=CARTESIAN_POINT('',(5.99281784290658,-45.1701061833876,-8.09386826501067));
#7328=CARTESIAN_POINT('Ctrl Pts',(5.493783804014,-42.21037790209,-10.));
#7329=CARTESIAN_POINT('Ctrl Pts',(5.58384547825633,-42.7384574473764,-10.));
#7330=CARTESIAN_POINT('Ctrl Pts',(5.79270891250835,-43.9717215833111,-9.69188452928813));
#7331=CARTESIAN_POINT('Ctrl Pts',(5.94280472542206,-44.8702092034955,-8.74147227573087));
#7332=CARTESIAN_POINT('Ctrl Pts',(5.99281784290651,-45.1701061833871,-8.09386826501044));
#7333=CARTESIAN_POINT('',(3.87399377943863,-43.7971779490242,-7.32368116925869));
#7334=CARTESIAN_POINT('Origin',(5.67153433713298,-43.5605272450675,-7.32368116925051));
#7335=CARTESIAN_POINT('Ctrl Pts',(3.70447808561056,-42.5095784204581,-8.18560920676776));
#7336=CARTESIAN_POINT('Ctrl Pts',(3.7334386649271,-42.7295558599087,-8.1761983182027));
#7337=CARTESIAN_POINT('Ctrl Pts',(3.80405024845402,-43.2659040858894,-8.03144337213151));
#7338=CARTESIAN_POINT('Ctrl Pts',(3.85599058207885,-43.6604300886364,-7.61697432816286));
#7339=CARTESIAN_POINT('Ctrl Pts',(3.87399377943593,-43.7971779490037,-7.32368116924895));
#7340=CARTESIAN_POINT('Origin',(2.09754055769712,-16.4133492960636,5.55306586745515));
#7341=CARTESIAN_POINT('',(5.99281784290444,-45.1701061833728,19.2000000000051));
#7342=CARTESIAN_POINT('',(3.82496731465401,-43.424784977504,19.2));
#7343=CARTESIAN_POINT('Ctrl Pts',(5.99281784290491,-45.1701061833752,19.2));
#7344=CARTESIAN_POINT('Ctrl Pts',(5.95656814987166,-45.1773418822177,19.2));
#7345=CARTESIAN_POINT('Ctrl Pts',(5.92073789440345,-45.1832136297723,19.2));
#7346=CARTESIAN_POINT('Ctrl Pts',(5.88577111007797,-45.1878170942614,19.2));
#7347=CARTESIAN_POINT('Ctrl Pts',(5.6712690453328,-45.2160568268228,19.2));
#7348=CARTESIAN_POINT('Ctrl Pts',(5.41246879671349,-45.1953966808723,19.2));
#7349=CARTESIAN_POINT('Ctrl Pts',(4.98587448966154,-45.0715950356655,19.2));
#7350=CARTESIAN_POINT('Ctrl Pts',(4.74507054908589,-44.9421076900697,19.2));
#7351=CARTESIAN_POINT('Ctrl Pts',(4.3802251200219,-44.6438631670778,19.2));
#7352=CARTESIAN_POINT('Ctrl Pts',(4.19567036963433,-44.4174901280457,19.2));
#7353=CARTESIAN_POINT('Ctrl Pts',(3.95391602074708,-43.9772087545619,19.2));
#7354=CARTESIAN_POINT('Ctrl Pts',(3.85875995731006,-43.6814655819384,19.2));
#7355=CARTESIAN_POINT('Ctrl Pts',(3.82496731465403,-43.424784977504,19.2));
#7356=CARTESIAN_POINT('Origin',(0.299999999999996,-16.6499999999991,5.55306586745515));
#7357=CARTESIAN_POINT('Origin',(2.20505548656087,-16.3991946871508,5.55306586745515));
#7358=CARTESIAN_POINT('Origin',(0.3,-16.6499999999991,5.55306586745515));
#7359=CARTESIAN_POINT('',(9.62992822061957,-44.1955453948953,-8.09386826501192));
#7360=CARTESIAN_POINT('Origin',(0.300000000000007,-16.65,-8.09386826501218));
#7361=CARTESIAN_POINT('',(9.62992822061432,-44.1955453948826,19.2000000000051));
#7362=CARTESIAN_POINT('Origin',(-1.4752291034048,-17.3853239709488,5.55306586745515));
#7363=CARTESIAN_POINT('Origin',(0.300000000000029,-16.6499999999992,19.2000000000051));
#7364=CARTESIAN_POINT('Origin',(0.299999999999998,-16.6499999999991,-6.68613192903075));
#7365=CARTESIAN_POINT('Ctrl Pts',(9.62992822061942,-44.1955453948953,-8.09386826501193));
#7366=CARTESIAN_POINT('Ctrl Pts',(9.52329236303,-43.9108204386356,-8.74147226302421));
#7367=CARTESIAN_POINT('Ctrl Pts',(9.34085982661181,-43.423299997322,-9.28456525752458));
#7368=CARTESIAN_POINT('Ctrl Pts',(9.12038837761635,-42.8315153131145,-9.6179283765062));
#7369=CARTESIAN_POINT('Ctrl Pts',(8.95503479086934,-42.3876767999576,-9.86795071574304));
#7370=CARTESIAN_POINT('Ctrl Pts',(8.76828431579751,-41.8851896501726,-9.99999999999999));
#7371=CARTESIAN_POINT('Ctrl Pts',(8.58224023500518,-41.3828284955472,-10.));
#7372=CARTESIAN_POINT('Origin',(-1.37504113926629,-17.343824757416,5.55306586745515));
#7373=CARTESIAN_POINT('',(10.6346812467523,-41.6001276287113,19.2));
#7374=CARTESIAN_POINT('Ctrl Pts',(10.6346812467523,-41.6001276287113,19.2));
#7375=CARTESIAN_POINT('Ctrl Pts',(10.7337562619684,-41.8393158741382,19.2));
#7376=CARTESIAN_POINT('Ctrl Pts',(10.7992202800196,-42.1430150063446,19.2));
#7377=CARTESIAN_POINT('Ctrl Pts',(10.8099955591497,-42.6451870350382,19.2));
#7378=CARTESIAN_POINT('Ctrl Pts',(10.763352976441,-42.9335092127657,19.2));
#7379=CARTESIAN_POINT('Ctrl Pts',(10.5965098279129,-43.3742192607483,19.2));
#7380=CARTESIAN_POINT('Ctrl Pts',(10.4527111708409,-43.6067605617907,19.2));
#7381=CARTESIAN_POINT('Ctrl Pts',(10.1451704864275,-43.927273085096,19.2));
#7382=CARTESIAN_POINT('Ctrl Pts',(9.93137296959267,-44.0745654206447,19.2));
#7383=CARTESIAN_POINT('Ctrl Pts',(9.73148886607847,-44.157360127223,19.2));
#7384=CARTESIAN_POINT('Ctrl Pts',(9.69890501031943,-44.1708568021928,19.2));
#7385=CARTESIAN_POINT('Ctrl Pts',(9.66493922508254,-44.18368684738,19.2));
#7386=CARTESIAN_POINT('Ctrl Pts',(9.62992822061509,-44.1955453948849,19.2));
#7387=CARTESIAN_POINT('',(10.778419568543,-41.9471426346111,-7.32368116925051));
#7388=CARTESIAN_POINT('Origin',(9.10337842928488,-42.6409673920479,-7.32368116925869));
#7389=CARTESIAN_POINT('Origin',(0.299999999999998,-16.6499999999991,5.55306586745515));
#7390=CARTESIAN_POINT('Ctrl Pts',(9.62992822062023,-44.1955453948975,-8.09386826500701));
#7391=CARTESIAN_POINT('Ctrl Pts',(9.52329236303092,-43.910820438638,-8.74147226302146));
#7392=CARTESIAN_POINT('Ctrl Pts',(9.20403542429845,-43.0576596663377,-9.69188500340045));
#7393=CARTESIAN_POINT('Ctrl Pts',(8.76828431579751,-41.8851896501726,-9.99999999999999));
#7394=CARTESIAN_POINT('Ctrl Pts',(8.58224023500517,-41.3828284955472,-10.));
#7395=CARTESIAN_POINT('Ctrl Pts',(10.160926892466,-44.0085898179329,-8.10820216862556));
#7396=CARTESIAN_POINT('Ctrl Pts',(10.0499944729023,-43.718195959701,-8.76228117997471));
#7397=CARTESIAN_POINT('Ctrl Pts',(9.72001230288581,-42.8533303821564,-9.71316744353958));
#7398=CARTESIAN_POINT('Ctrl Pts',(9.27342120742582,-41.6769837246734,-10.0062820734056));
#7399=CARTESIAN_POINT('Ctrl Pts',(9.08341137191752,-41.1752366135681,-10.));
#7400=CARTESIAN_POINT('Ctrl Pts',(10.9357867876864,-43.26306117068,-7.92373635712947));
#7401=CARTESIAN_POINT('Ctrl Pts',(10.8341733928999,-43.0107860878679,-8.49034282921455));
#7402=CARTESIAN_POINT('Ctrl Pts',(10.5302412158183,-42.2562229124248,-9.31135902040771));
#7403=CARTESIAN_POINT('Ctrl Pts',(10.1233486700412,-41.2442204542799,-9.55471690348911));
#7404=CARTESIAN_POINT('Ctrl Pts',(9.95124491855859,-40.8157681886671,-9.54502651667319));
#7405=CARTESIAN_POINT('Ctrl Pts',(10.924679474413,-42.3002452829939,-7.50341741641509));
#7406=CARTESIAN_POINT('Ctrl Pts',(10.8565293802142,-42.1357975915074,-7.87847232478737));
#7407=CARTESIAN_POINT('Ctrl Pts',(10.6525489707255,-41.6430853550432,-8.42593490138873));
#7408=CARTESIAN_POINT('Ctrl Pts',(10.3753855068926,-40.9739975416999,-8.59667422423846));
#7409=CARTESIAN_POINT('Ctrl Pts',(10.2572813742715,-40.6890037381302,-8.59379633289348));
#7410=CARTESIAN_POINT('Ctrl Pts',(10.7784195685433,-41.9471426346118,-7.32368116924895));
#7411=CARTESIAN_POINT('Ctrl Pts',(10.7256368646202,-41.819713914942,-7.61697432816287));
#7412=CARTESIAN_POINT('Ctrl Pts',(10.5674904945528,-41.4379148034851,-8.04740643752667));
#7413=CARTESIAN_POINT('Ctrl Pts',(10.350304912692,-40.913582426205,-8.18694853568928));
#7414=CARTESIAN_POINT('Ctrl Pts',(10.2572813742715,-40.6890037381302,-8.18694853568928));
#7415=CARTESIAN_POINT('',(10.281425006497,-40.747291622494,-8.18562827140421));
#7416=CARTESIAN_POINT('Ctrl Pts',(10.2814250065017,-40.7472916225055,-8.18562827140318));
#7417=CARTESIAN_POINT('Ctrl Pts',(10.2814250065017,-40.7472916225055,-8.4222772285086));
#7418=CARTESIAN_POINT('Ctrl Pts',(10.2387374812537,-40.765096853722,-8.65661347215321));
#7419=CARTESIAN_POINT('Ctrl Pts',(10.0723384944096,-40.833005787192,-9.09394014227905));
#7420=CARTESIAN_POINT('Ctrl Pts',(9.95036354245825,-40.8823408004761,-9.29275909984752));
#7421=CARTESIAN_POINT('Ctrl Pts',(9.64131742125583,-41.0031435440614,-9.62866022212592));
#7422=CARTESIAN_POINT('Ctrl Pts',(9.45724452049938,-41.0733561799655,-9.76256210954994));
#7423=CARTESIAN_POINT('Ctrl Pts',(9.14795837379553,-41.1863917915753,-9.90274336076305));
#7424=CARTESIAN_POINT('Ctrl Pts',(9.03811271172483,-41.2257596623525,-9.93906240268192));
#7425=CARTESIAN_POINT('Ctrl Pts',(8.81272256558617,-41.3047381722427,-9.98774699290375));
#7426=CARTESIAN_POINT('Ctrl Pts',(8.69776870544973,-41.3441416730361,-10.));
#7427=CARTESIAN_POINT('Ctrl Pts',(8.58224023500518,-41.3828284955472,-10.));
#7428=CARTESIAN_POINT('Ctrl Pts',(10.778419568543,-41.9471426346111,-7.32368116925051));
#7429=CARTESIAN_POINT('Ctrl Pts',(10.7256368635841,-41.8197139124408,-7.61697433391883));
#7430=CARTESIAN_POINT('Ctrl Pts',(10.5733554989576,-41.4520741766626,-8.03144330712802));
#7431=CARTESIAN_POINT('Ctrl Pts',(10.366332820599,-40.9522772188507,-8.17619831304873));
#7432=CARTESIAN_POINT('Ctrl Pts',(10.2814247014477,-40.7472908860399,-8.18560920606912));
#7433=CARTESIAN_POINT('Origin',(0.300000000000004,-16.6499999999991,-10.));
#7434=CARTESIAN_POINT('Ctrl Pts',(3.70447818965346,-42.5095792107424,-8.18562827140318));
#7435=CARTESIAN_POINT('Ctrl Pts',(3.70447818965346,-42.5095792107424,-8.4222772285086));
#7436=CARTESIAN_POINT('Ctrl Pts',(3.65863687361474,-42.515729398895,-8.65661347215321));
#7437=CARTESIAN_POINT('Ctrl Pts',(3.48033166943906,-42.5382571646885,-9.09394014227905));
#7438=CARTESIAN_POINT('Ctrl Pts',(3.34974407216057,-42.5543416875693,-9.29275909984752));
#7439=CARTESIAN_POINT('Ctrl Pts',(3.01996239143616,-42.5910411555027,-9.62866022212592));
#7440=CARTESIAN_POINT('Ctrl Pts',(2.82398925529673,-42.6112197814513,-9.76256210954995));
#7441=CARTESIAN_POINT('Ctrl Pts',(2.49598600942262,-42.6403546528423,-9.90274336076305));
#7442=CARTESIAN_POINT('Ctrl Pts',(2.37969409280046,-42.6499509465861,-9.93906240268192));
#7443=CARTESIAN_POINT('Ctrl Pts',(2.14154278714063,-42.6679030666118,-9.98774699290375));
#7444=CARTESIAN_POINT('Ctrl Pts',(2.02030750835418,-42.676211677363,-10.));
#7445=CARTESIAN_POINT('Ctrl Pts',(1.89870268861975,-42.6836793099609,-10.));
#7446=CARTESIAN_POINT('Origin',(0.300000000000004,-16.6499999999991,-10.));
#7447=CARTESIAN_POINT('Ctrl Pts',(11.9323225135378,-39.9951789807132,-10.));
#7448=CARTESIAN_POINT('Ctrl Pts',(11.72089786355,-40.1005266294934,-10.));
#7449=CARTESIAN_POINT('Ctrl Pts',(11.5100686038197,-40.2018668982929,-9.95394508152321));
#7450=CARTESIAN_POINT('Ctrl Pts',(11.1140733279412,-40.3862965999657,-9.77483684757986));
#7451=CARTESIAN_POINT('Ctrl Pts',(10.9327596157278,-40.4676608674079,-9.64362517746772));
#7452=CARTESIAN_POINT('Ctrl Pts',(10.6248766744584,-40.6027349435803,-9.31231998512974));
#7453=CARTESIAN_POINT('Ctrl Pts',(10.5013476408027,-40.6551954679341,-9.1153642880769));
#7454=CARTESIAN_POINT('Ctrl Pts',(10.3716882388635,-40.7097528094065,-8.78587251855239));
#7455=CARTESIAN_POINT('Ctrl Pts',(10.3380033025792,-40.7237906705584,-8.66897187886728));
#7456=CARTESIAN_POINT('Ctrl Pts',(10.2928135261289,-40.7425836166578,-8.42961577207107));
#7457=CARTESIAN_POINT('Ctrl Pts',(10.2814250065017,-40.7472916225055,-8.30778102361693));
#7458=CARTESIAN_POINT('Ctrl Pts',(10.2814250065017,-40.7472916225055,-8.18562827140317));
#7459=CARTESIAN_POINT('Ctrl Pts',(-1.29870268861975,-42.6836793099609,-10.));
#7460=CARTESIAN_POINT('Ctrl Pts',(-1.34838683515945,-43.2170746576158,-10.));
#7461=CARTESIAN_POINT('Ctrl Pts',(-1.46583252331512,-44.4623745172382,-9.69188514978414));
#7462=CARTESIAN_POINT('Ctrl Pts',(-1.55339678165116,-45.3690942236704,-8.74147227573086));
#7463=CARTESIAN_POINT('Ctrl Pts',(-1.58270686978438,-45.6717168090837,-8.09386826501044));
#7464=CARTESIAN_POINT('Ctrl Pts',(-1.83652556581889,-42.612873584918,-10.));
#7465=CARTESIAN_POINT('Ctrl Pts',(-1.89019926328942,-43.1467022249131,-10.0062820732047));
#7466=CARTESIAN_POINT('Ctrl Pts',(-2.01711219862443,-44.3985520483525,-9.71316734901733));
#7467=CARTESIAN_POINT('Ctrl Pts',(-2.1120068359861,-45.3193538016908,-8.76228119281116));
#7468=CARTESIAN_POINT('Ctrl Pts',(-2.14399986455198,-45.6285641581227,-8.10820216862902));
#7469=CARTESIAN_POINT('Ctrl Pts',(-2.76785470327887,-42.4902617778955,-9.54506166416643));
#7470=CARTESIAN_POINT('Ctrl Pts',(-2.823202553609,-42.9486586005391,-9.55475205067243));
#7471=CARTESIAN_POINT('Ctrl Pts',(-2.95430790428555,-44.0315026590734,-9.31138851227622));
#7472=CARTESIAN_POINT('Ctrl Pts',(-3.05259363515528,-44.8390418900322,-8.49036054936043));
#7473=CARTESIAN_POINT('Ctrl Pts',(-3.08545104208461,-45.1090203949557,-7.92375406615857));
#7474=CARTESIAN_POINT('Ctrl Pts',(-3.09624324631687,-42.4470286060255,-8.59379633289348));
#7475=CARTESIAN_POINT('Ctrl Pts',(-3.13656125281752,-42.7528790702712,-8.59667422414642));
#7476=CARTESIAN_POINT('Ctrl Pts',(-3.23110793242003,-43.4709035402925,-8.42593503344262));
#7477=CARTESIAN_POINT('Ctrl Pts',(-3.30061456756125,-43.9996209475324,-7.87847233214792));
#7478=CARTESIAN_POINT('Ctrl Pts',(-3.32388030958857,-44.1761037655801,-7.50341741641708));
#7479=CARTESIAN_POINT('Ctrl Pts',(-3.09624324631687,-42.4470286060255,-8.18694853568928));
#7480=CARTESIAN_POINT('Ctrl Pts',(-3.12797184191737,-42.6880312165489,-8.18694853568929));
#7481=CARTESIAN_POINT('Ctrl Pts',(-3.20204980555331,-43.2507092134989,-8.04740650382233));
#7482=CARTESIAN_POINT('Ctrl Pts',(-3.25599058172548,-43.6604300859523,-7.61697433391884));
#7483=CARTESIAN_POINT('Ctrl Pts',(-3.27399377943585,-43.797177949003,-7.32368116925051));
#7484=CARTESIAN_POINT('',(-3.10447818965337,-42.5095792107418,-8.18562827140323));
#7485=CARTESIAN_POINT('Ctrl Pts',(-1.29870268861975,-42.6836793099609,-10.));
#7486=CARTESIAN_POINT('Ctrl Pts',(-1.53447563088545,-42.6692007250396,-10.));
#7487=CARTESIAN_POINT('Ctrl Pts',(-1.7677292600727,-42.6515493423812,-9.95394508152321));
#7488=CARTESIAN_POINT('Ctrl Pts',(-2.20288607959855,-42.613272511303,-9.77483684757986));
#7489=CARTESIAN_POINT('Ctrl Pts',(-2.4005904941509,-42.5930791777616,-9.64362517746772));
#7490=CARTESIAN_POINT('Ctrl Pts',(-2.7347619807682,-42.5561152884848,-9.31231998512974));
#7491=CARTESIAN_POINT('Ctrl Pts',(-2.86797152419593,-42.5397829184432,-9.11536428807689));
#7492=CARTESIAN_POINT('Ctrl Pts',(-3.00753853085096,-42.5222012611517,-8.78587251855239));
#7493=CARTESIAN_POINT('Ctrl Pts',(-3.04372947197403,-42.5175159373819,-8.66897187886728));
#7494=CARTESIAN_POINT('Ctrl Pts',(-3.09226143942101,-42.5111962178907,-8.42961577207108));
#7495=CARTESIAN_POINT('Ctrl Pts',(-3.10447818965346,-42.5095792107424,-8.30778102361695));
#7496=CARTESIAN_POINT('Ctrl Pts',(-3.10447818965346,-42.5095792107424,-8.18562827140317));
#7497=CARTESIAN_POINT('',(-1.58270686978443,-45.6717168090842,-8.09386826501067));
#7498=CARTESIAN_POINT('Ctrl Pts',(-1.29870268861975,-42.6836793099609,-10.));
#7499=CARTESIAN_POINT('Ctrl Pts',(-1.34838683515945,-43.2170746576158,-10.));
#7500=CARTESIAN_POINT('Ctrl Pts',(-1.46583252331512,-44.4623745172382,-9.69188514978414));
#7501=CARTESIAN_POINT('Ctrl Pts',(-1.55339678165116,-45.3690942236704,-8.74147227573086));
#7502=CARTESIAN_POINT('Ctrl Pts',(-1.58270686978438,-45.6717168090837,-8.09386826501044));
#7503=CARTESIAN_POINT('',(-3.27399377943863,-43.7971779490242,-7.32368116925869));
#7504=CARTESIAN_POINT('Origin',(-1.47645322173872,-44.0338286529384,-7.32368116925051));
#7505=CARTESIAN_POINT('Ctrl Pts',(-3.10447808560659,-42.509578420428,-8.18560920604056));
#7506=CARTESIAN_POINT('Ctrl Pts',(-3.13343866455116,-42.7295558570531,-8.17619831256003));
#7507=CARTESIAN_POINT('Ctrl Pts',(-3.20405024296913,-43.2659040442274,-8.03144329684048));
#7508=CARTESIAN_POINT('Ctrl Pts',(-3.25599058207885,-43.6604300886364,-7.61697432816288));
#7509=CARTESIAN_POINT('Ctrl Pts',(-3.27399377943594,-43.7971779490037,-7.32368116924895));
#7510=CARTESIAN_POINT('Origin',(2.09754055769712,-16.8866507039345,5.55306586745515));
#7511=CARTESIAN_POINT('',(-1.58270686978268,-45.6717168090694,19.2000000000051));
#7512=CARTESIAN_POINT('',(-3.224967314654,-43.424784977504,19.2));
#7513=CARTESIAN_POINT('Ctrl Pts',(-1.58270686978284,-45.6717168090718,19.2));
#7514=CARTESIAN_POINT('Ctrl Pts',(-1.61959412114378,-45.669323846519,19.2));
#7515=CARTESIAN_POINT('Ctrl Pts',(-1.65572321035824,-45.6657219666214,19.2));
#7516=CARTESIAN_POINT('Ctrl Pts',(-1.69068999468371,-45.6611185021323,19.2));
#7517=CARTESIAN_POINT('Ctrl Pts',(-1.90519205942888,-45.632878769571,19.2));
#7518=CARTESIAN_POINT('Ctrl Pts',(-2.14982666417373,-45.5459401678026,19.2));
#7519=CARTESIAN_POINT('Ctrl Pts',(-2.52984289910856,-45.3159462301629,19.2));
#7520=CARTESIAN_POINT('Ctrl Pts',(-2.7289278532428,-45.1285464129176,19.2));
#7521=CARTESIAN_POINT('Ctrl Pts',(-3.00415011313138,-44.74603538005,19.2));
#7522=CARTESIAN_POINT('Ctrl Pts',(-3.12382665909583,-44.479609531009,19.2));
#7523=CARTESIAN_POINT('Ctrl Pts',(-3.24339022364224,-43.9917597517986,19.2));
#7524=CARTESIAN_POINT('Ctrl Pts',(-3.25875995731004,-43.6814655819384,19.2));
#7525=CARTESIAN_POINT('Ctrl Pts',(-3.22496731465402,-43.424784977504,19.2));
#7526=CARTESIAN_POINT('Origin',(0.299999999999996,-16.6499999999991,5.55306586745515));
#7527=CARTESIAN_POINT('Origin',(2.20505548656087,-16.9008053128474,5.55306586745515));
#7528=CARTESIAN_POINT('Origin',(0.3,-16.6499999999991,5.55306586745515));
#7529=CARTESIAN_POINT('',(2.18270686978446,-45.671716809083,-8.09386826501192));
#7530=CARTESIAN_POINT('Origin',(0.299999999999767,-16.65,-8.09386826501218));
#7531=CARTESIAN_POINT('',(2.18270686978268,-45.6717168090695,19.2000000000051));
#7532=CARTESIAN_POINT('Origin',(-1.60505548656088,-16.9008053128474,5.55306586745515));
#7533=CARTESIAN_POINT('Origin',(0.300000000000007,-16.6499999999992,19.2000000000051));
#7534=CARTESIAN_POINT('Origin',(0.299999999999998,-16.6499999999991,-6.68613192903075));
#7535=CARTESIAN_POINT('Ctrl Pts',(2.18270686978431,-45.6717168090831,-8.09386826501191));
#7536=CARTESIAN_POINT('Ctrl Pts',(2.15339678222621,-45.3690942296078,-8.74147226302418));
#7537=CARTESIAN_POINT('Ctrl Pts',(2.10336005671103,-44.8509686029144,-9.28456520954592));
#7538=CARTESIAN_POINT('Ctrl Pts',(2.04356613734301,-44.2222862867508,-9.61792833538164));
#7539=CARTESIAN_POINT('Ctrl Pts',(1.99872069781689,-43.7507745496269,-9.86795067975906));
#7540=CARTESIAN_POINT('Ctrl Pts',(1.94838683674851,-43.2170746746756,-9.99999999999999));
#7541=CARTESIAN_POINT('Ctrl Pts',(1.89870268861974,-42.6836793099609,-10.));
#7542=CARTESIAN_POINT('Origin',(-1.49754055769712,-16.8866507039345,5.55306586745515));
#7543=CARTESIAN_POINT('Ctrl Pts',(3.82496731465401,-43.424784977504,19.2));
#7544=CARTESIAN_POINT('Ctrl Pts',(3.85875995731004,-43.6814655819384,19.2));
#7545=CARTESIAN_POINT('Ctrl Pts',(3.84339022364224,-43.9917597517986,19.2));
#7546=CARTESIAN_POINT('Ctrl Pts',(3.72382665909583,-44.479609531009,19.2));
#7547=CARTESIAN_POINT('Ctrl Pts',(3.60415011313137,-44.74603538005,19.2));
#7548=CARTESIAN_POINT('Ctrl Pts',(3.3289278532428,-45.1285464129176,19.2));
#7549=CARTESIAN_POINT('Ctrl Pts',(3.12984289910855,-45.3159462301629,19.2));
#7550=CARTESIAN_POINT('Ctrl Pts',(2.74982666417373,-45.5459401678026,19.2));
#7551=CARTESIAN_POINT('Ctrl Pts',(2.50519205942888,-45.632878769571,19.2));
#7552=CARTESIAN_POINT('Ctrl Pts',(2.29068999468371,-45.6611185021323,19.2));
#7553=CARTESIAN_POINT('Ctrl Pts',(2.25572321035824,-45.6657219666214,19.2));
#7554=CARTESIAN_POINT('Ctrl Pts',(2.21959412114378,-45.669323846519,19.2));
#7555=CARTESIAN_POINT('Ctrl Pts',(2.18270686978283,-45.6717168090718,19.2));
#7556=CARTESIAN_POINT('Origin',(2.07645322174152,-44.0338286529597,-7.32368116925869));
#7557=CARTESIAN_POINT('Ctrl Pts',(2.18270686978453,-45.6717168090854,-8.093868265007));
#7558=CARTESIAN_POINT('Ctrl Pts',(2.15339678222646,-45.3690942296104,-8.74147226302143));
#7559=CARTESIAN_POINT('Ctrl Pts',(2.06583251257471,-44.4623743828952,-9.69188491943781));
#7560=CARTESIAN_POINT('Ctrl Pts',(1.94838683674851,-43.2170746746756,-9.99999999999999));
#7561=CARTESIAN_POINT('Ctrl Pts',(1.89870268861974,-42.6836793099609,-10.));
#7562=CARTESIAN_POINT('Ctrl Pts',(2.74399986455214,-45.6285641581243,-8.10820216862555));
#7563=CARTESIAN_POINT('Ctrl Pts',(2.71200683661406,-45.31935380776,-8.76228117997467));
#7564=CARTESIAN_POINT('Ctrl Pts',(2.61711223138728,-44.398552195298,-9.7131674967773));
#7565=CARTESIAN_POINT('Ctrl Pts',(2.49019926500608,-43.1467022419868,-10.0062820734056));
#7566=CARTESIAN_POINT('Ctrl Pts',(2.43652556581888,-42.612873584918,-10.));
#7567=CARTESIAN_POINT('Ctrl Pts',(3.68544716459505,-45.109016922945,-7.92375220931903));
#7568=CARTESIAN_POINT('Ctrl Pts',(3.65258975831048,-44.8390384233192,-8.49035868140409));
#7569=CARTESIAN_POINT('Ctrl Pts',(3.55430453676252,-44.031501509275,-9.31138509656559));
#7570=CARTESIAN_POINT('Ctrl Pts',(3.42319951178632,-42.9486590158969,-9.5547483656781));
#7571=CARTESIAN_POINT('Ctrl Pts',(3.36785165968597,-42.4902621785921,-9.54505797886217));
#7572=CARTESIAN_POINT('Ctrl Pts',(3.92388030958869,-44.1761037655811,-7.50341741641508));
#7573=CARTESIAN_POINT('Ctrl Pts',(3.9006145680179,-43.9996209509965,-7.87847232478734));
#7574=CARTESIAN_POINT('Ctrl Pts',(3.83110793354651,-43.4709034193015,-8.42593482584909));
#7575=CARTESIAN_POINT('Ctrl Pts',(3.73656125410702,-42.7528790800534,-8.59667422423846));
#7576=CARTESIAN_POINT('Ctrl Pts',(3.69624324631687,-42.4470286060254,-8.59379633289348));
#7577=CARTESIAN_POINT('Ctrl Pts',(3.87399377943593,-43.7971779490037,-7.32368116924895));
#7578=CARTESIAN_POINT('Ctrl Pts',(3.85599058207885,-43.6604300886364,-7.61697432816286));
#7579=CARTESIAN_POINT('Ctrl Pts',(3.80204979756561,-43.2507091528264,-8.04740639950086));
#7580=CARTESIAN_POINT('Ctrl Pts',(3.72797184293215,-42.688031224257,-8.18694853568928));
#7581=CARTESIAN_POINT('Ctrl Pts',(3.69624324631687,-42.4470286060254,-8.18694853568929));
#7582=CARTESIAN_POINT('Origin',(0.300000000000004,-16.6499999999991,-10.));
#7583=CARTESIAN_POINT('Ctrl Pts',(-3.10447818965346,-42.5095792107424,-8.18562827140318));
#7584=CARTESIAN_POINT('Ctrl Pts',(-3.10447818965346,-42.5095792107424,-8.42227722850859));
#7585=CARTESIAN_POINT('Ctrl Pts',(-3.15034928655119,-42.5036552306722,-8.65661347215321));
#7586=CARTESIAN_POINT('Ctrl Pts',(-3.32840950305718,-42.4792665987791,-9.09394014227906));
#7587=CARTESIAN_POINT('Ctrl Pts',(-3.45871041671447,-42.4610044976034,-9.29275909984753));
#7588=CARTESIAN_POINT('Ctrl Pts',(-3.78675358040948,-42.4110996817939,-9.62866022212592));
#7589=CARTESIAN_POINT('Ctrl Pts',(-3.98127170656491,-42.3798691577753,-9.76256210954994));
#7590=CARTESIAN_POINT('Ctrl Pts',(-4.30563917245396,-42.3231177956099,-9.90274336076305));
#7591=CARTESIAN_POINT('Ctrl Pts',(-4.42045224169126,-42.3022885407604,-9.93906240268192));
#7592=CARTESIAN_POINT('Ctrl Pts',(-4.65513508895515,-42.2579908636091,-9.98774699290374));
#7593=CARTESIAN_POINT('Ctrl Pts',(-4.77438980249309,-42.234638366226,-10.));
#7594=CARTESIAN_POINT('Ctrl Pts',(-4.89378380401399,-42.21037790209,-10.));
#7595=CARTESIAN_POINT('Ctrl Pts',(-19.7860749822444,-33.2890474639653,-9.79332795728722));
#7596=CARTESIAN_POINT('Ctrl Pts',(-20.2075335150051,-33.629412513096,-9.79255348515771));
#7597=CARTESIAN_POINT('Ctrl Pts',(-21.0535249806519,-34.3114805015889,-9.50058592610738));
#7598=CARTESIAN_POINT('Ctrl Pts',(-21.6761886282711,-34.8121844859499,-8.69669389046041));
#7599=CARTESIAN_POINT('Ctrl Pts',(-21.8872395639757,-34.9818270032136,-8.21949044444325));
#7600=CARTESIAN_POINT('Ctrl Pts',(-19.96186317767,-33.056342554845,-9.64087031190345));
#7601=CARTESIAN_POINT('Ctrl Pts',(-20.364556110637,-33.3778559406485,-9.64177253245786));
#7602=CARTESIAN_POINT('Ctrl Pts',(-21.1739103451554,-34.0232745080918,-9.36739238338258));
#7603=CARTESIAN_POINT('Ctrl Pts',(-21.7711658319795,-34.4986229361626,-8.60287225891619));
#7604=CARTESIAN_POINT('Ctrl Pts',(-21.9738010831441,-34.6598329393,-8.14813531693143));
#7605=CARTESIAN_POINT('Ctrl Pts',(-20.2593590383586,-32.6575568358708,-9.17329714555547));
#7606=CARTESIAN_POINT('Ctrl Pts',(-20.6016907205494,-32.9239106691513,-9.17460096026046));
#7607=CARTESIAN_POINT('Ctrl Pts',(-21.2903492455195,-33.4594775313164,-8.94463149107609));
#7608=CARTESIAN_POINT('Ctrl Pts',(-21.7989831224151,-33.8547834235647,-8.30113116661168));
#7609=CARTESIAN_POINT('Ctrl Pts',(-21.9714482006695,-33.9888202982942,-7.91820001888622));
#7610=CARTESIAN_POINT('Ctrl Pts',(-20.3637872008238,-32.5058815930454,-8.5158415331593));
#7611=CARTESIAN_POINT('Ctrl Pts',(-20.6172215901946,-32.7003147430087,-8.5137701216635));
#7612=CARTESIAN_POINT('Ctrl Pts',(-21.1240080228297,-33.0892025459467,-8.3387477217667));
#7613=CARTESIAN_POINT('Ctrl Pts',(-21.4948224995604,-33.3737723085543,-7.86542753460669));
#7614=CARTESIAN_POINT('Ctrl Pts',(-21.6204206055082,-33.4701303184556,-7.58522243107735));
#7615=CARTESIAN_POINT('Ctrl Pts',(-20.3600207950149,-32.5029915282205,-8.18679159815213));
#7616=CARTESIAN_POINT('Ctrl Pts',(-20.5680067885546,-32.6625847941852,-8.18300921011291));
#7617=CARTESIAN_POINT('Ctrl Pts',(-20.9820757287788,-32.980311066903,-8.03541027537263));
#7618=CARTESIAN_POINT('Ctrl Pts',(-21.2827474907977,-33.2110246244233,-7.6472765414221));
#7619=CARTESIAN_POINT('Ctrl Pts',(-21.3844288349485,-33.2890474639642,-7.41854456195269));
#7620=CARTESIAN_POINT('Ctrl Pts',(-20.3928128005103,-32.5281537190271,-8.18560920804037));
#7621=CARTESIAN_POINT('Ctrl Pts',(-20.5688385656323,-32.6632230391849,-8.17619832807755));
#7622=CARTESIAN_POINT('Ctrl Pts',(-20.9700672326012,-32.971096623701,-8.0408727131608));
#7623=CARTESIAN_POINT('Ctrl Pts',(-21.272113015009,-33.2028645041476,-7.66982625721492));
#7624=CARTESIAN_POINT('Ctrl Pts',(-21.3843489056804,-33.2889861320797,-7.41848813423121));
#7625=CARTESIAN_POINT('Origin',(1.40371580028014,-18.0883904353299,5.55306586745515));
#7626=CARTESIAN_POINT('',(-21.1251603140582,-33.0901037307517,19.2));
#7627=CARTESIAN_POINT('Ctrl Pts',(-21.5527275519809,-35.8401779627601,19.2));
#7628=CARTESIAN_POINT('Ctrl Pts',(-21.5771186975093,-35.8124026571352,19.2));
#7629=CARTESIAN_POINT('Ctrl Pts',(-21.6001189077903,-35.7843086194529,19.2));
#7630=CARTESIAN_POINT('Ctrl Pts',(-21.621589017146,-35.7563282281829,19.2));
#7631=CARTESIAN_POINT('Ctrl Pts',(-21.7532963753128,-35.5846838572301,19.2));
#7632=CARTESIAN_POINT('Ctrl Pts',(-21.8648042883835,-35.3502261944448,19.2));
#7633=CARTESIAN_POINT('Ctrl Pts',(-21.97088607213,-34.9188838648246,19.2));
#7634=CARTESIAN_POINT('Ctrl Pts',(-21.9791487116633,-34.6455978621568,19.2));
#7635=CARTESIAN_POINT('Ctrl Pts',(-21.9032840927447,-34.1805101906368,19.2));
#7636=CARTESIAN_POINT('Ctrl Pts',(-21.7995166654048,-33.907494568896,19.2));
#7637=CARTESIAN_POINT('Ctrl Pts',(-21.5390989855984,-33.4779884745424,19.2));
#7638=CARTESIAN_POINT('Ctrl Pts',(-21.3305559168291,-33.24770931997,19.2));
#7639=CARTESIAN_POINT('Ctrl Pts',(-21.1251603140582,-33.0901037307517,19.2));
#7640=CARTESIAN_POINT('Origin',(0.299999999999999,-16.6499999999991,5.55306586745515));
#7641=CARTESIAN_POINT('Origin',(-1.13839043533082,-15.5462841997189,5.55306586745515));
#7642=CARTESIAN_POINT('',(-16.1401037307527,-38.0751603140573,19.2));
#7643=CARTESIAN_POINT('Ctrl Pts',(-16.1401037307527,-38.0751603140573,19.2));
#7644=CARTESIAN_POINT('Ctrl Pts',(-16.297709319971,-38.2805559168282,19.2));
#7645=CARTESIAN_POINT('Ctrl Pts',(-16.5279884745433,-38.4890989855975,19.2));
#7646=CARTESIAN_POINT('Ctrl Pts',(-16.9574945688969,-38.7495166654039,19.2));
#7647=CARTESIAN_POINT('Ctrl Pts',(-17.2305101906377,-38.8532840927438,19.2));
#7648=CARTESIAN_POINT('Ctrl Pts',(-17.6955978621577,-38.9291487116624,19.2));
#7649=CARTESIAN_POINT('Ctrl Pts',(-17.9688838648255,-38.9208860721291,19.2));
#7650=CARTESIAN_POINT('Ctrl Pts',(-18.4002261944457,-38.8148042883825,19.2));
#7651=CARTESIAN_POINT('Ctrl Pts',(-18.634683857231,-38.7032963753119,19.2));
#7652=CARTESIAN_POINT('Ctrl Pts',(-18.8063282281839,-38.5715890171451,19.2));
#7653=CARTESIAN_POINT('Ctrl Pts',(-18.8343086194539,-38.5501189077894,19.2));
#7654=CARTESIAN_POINT('Ctrl Pts',(-18.8624026571361,-38.5271186975084,19.2));
#7655=CARTESIAN_POINT('Ctrl Pts',(-18.890177962761,-38.50272755198,19.2));
#7656=CARTESIAN_POINT('Origin',(0.299999999999998,-16.6499999999991,5.55306586745515));
#7657=CARTESIAN_POINT('Ctrl Pts',(-21.4464762920944,-2.24864320357496,-10.));
#7658=CARTESIAN_POINT('Ctrl Pts',(-21.8835681401541,-1.93891779667881,-10.));
#7659=CARTESIAN_POINT('Ctrl Pts',(-22.903315779104,-1.21455060556372,-9.69190508009662));
#7660=CARTESIAN_POINT('Ctrl Pts',(-23.6447667805527,-0.685364191961161,
-8.74147227573087));
#7661=CARTESIAN_POINT('Ctrl Pts',(-23.892190583213,-0.508669618343973,-8.09386826501045));
#7662=CARTESIAN_POINT('Ctrl Pts',(-21.1162452968743,-1.81827779170552,-10.));
#7663=CARTESIAN_POINT('Ctrl Pts',(-21.5517176116425,-1.50488068618346,-10.0062820732047));
#7664=CARTESIAN_POINT('Ctrl Pts',(-22.5723849588587,-0.769054996153847,
-9.71315471191945));
#7665=CARTESIAN_POINT('Ctrl Pts',(-23.3223852843559,-0.226463905087519,
-8.76228119281116));
#7666=CARTESIAN_POINT('Ctrl Pts',(-23.5741727938563,-0.0441519513895304,
-8.10820216862903));
#7667=CARTESIAN_POINT('Ctrl Pts',(-20.5442912500571,-1.07289276579412,-9.54526781451945));
#7668=CARTESIAN_POINT('Ctrl Pts',(-20.9136006183155,-0.795761710041554,
-9.55495820102545));
#7669=CARTESIAN_POINT('Ctrl Pts',(-21.7858889998473,-0.140736273466224,
-9.31159133253157));
#7670=CARTESIAN_POINT('Ctrl Pts',(-22.4361893157647,0.348237152891564,-8.49046441799071));
#7671=CARTESIAN_POINT('Ctrl Pts',(-22.6535688560395,0.511681754456607,-7.92385793478887));
#7672=CARTESIAN_POINT('Ctrl Pts',(-20.3427604918143,-0.810252768244137,
-8.59379633289348));
#7673=CARTESIAN_POINT('Ctrl Pts',(-20.5874757603601,-0.622411118261738,
-8.59667422414642));
#7674=CARTESIAN_POINT('Ctrl Pts',(-21.1620387090323,-0.181514096493806,
-8.42595296437526));
#7675=CARTESIAN_POINT('Ctrl Pts',(-21.5851592406583,0.143034158511979,-7.87847233214789));
#7676=CARTESIAN_POINT('Ctrl Pts',(-21.7263649734054,0.251424291169375,-7.50341741641708));
#7677=CARTESIAN_POINT('Ctrl Pts',(-20.3427604918143,-0.810252768244136,
-8.18694853568928));
#7678=CARTESIAN_POINT('Ctrl Pts',(-20.5356105771057,-0.662273693165988,
-8.18694853568928));
#7679=CARTESIAN_POINT('Ctrl Pts',(-20.9858690449606,-0.31677821921486,-8.04741553005492));
#7680=CARTESIAN_POINT('Ctrl Pts',(-21.3137233307162,-0.0652067776299921,
-7.61697433391881));
#7681=CARTESIAN_POINT('Ctrl Pts',(-21.4231488551762,0.0187583804618796,
-7.32368116925051));
#7682=CARTESIAN_POINT('',(-23.8921905832134,-0.508669618343696,-8.09386826501067));
#7683=CARTESIAN_POINT('Ctrl Pts',(-21.4464762920944,-2.24864320357496,-10.));
#7684=CARTESIAN_POINT('Ctrl Pts',(-21.8835681401541,-1.93891779667881,-10.));
#7685=CARTESIAN_POINT('Ctrl Pts',(-22.903315779104,-1.21455060556372,-9.69190508009662));
#7686=CARTESIAN_POINT('Ctrl Pts',(-23.6447667805527,-0.685364191961161,
-8.74147227573087));
#7687=CARTESIAN_POINT('Ctrl Pts',(-23.892190583213,-0.508669618343973,-8.09386826501045));
#7688=CARTESIAN_POINT('Origin',(-22.5268646554563,-1.41963205486894,-7.32368116925051));
#7689=CARTESIAN_POINT('Origin',(-0.803715800280137,-18.0883904353299,5.55306586745515));
#7690=CARTESIAN_POINT('Origin',(-0.869731515611173,-18.1744237905556,5.55306586745515));
#7691=CARTESIAN_POINT('Origin',(0.300000000000004,-16.6499999999991,5.55306586745515));
#7692=CARTESIAN_POINT('',(-25.7748974529968,-3.76961357256991,-8.09386826501192));
#7693=CARTESIAN_POINT('Origin',(0.299999999999347,-16.6499999999984,-8.09386826501218));
#7694=CARTESIAN_POINT('',(-25.7748974529841,-3.76961357257515,19.2000000000051));
#7695=CARTESIAN_POINT('Origin',(1.0353239709497,-14.8747708965943,5.55306586745515));
#7696=CARTESIAN_POINT('Origin',(0.299999999999924,-16.649999999999,19.2000000000051));
#7697=CARTESIAN_POINT('Origin',(0.300000000000005,-16.6499999999991,-6.68613192903075));
#7698=CARTESIAN_POINT('Ctrl Pts',(-25.7748974529967,-3.76961357256977,-8.09386826501192));
#7699=CARTESIAN_POINT('Ctrl Pts',(-25.4981635676333,-3.89554158189495,-8.7414722630242));
#7700=CARTESIAN_POINT('Ctrl Pts',(-25.0244389986117,-4.1112695351188,-9.28457264325862));
#7701=CARTESIAN_POINT('Ctrl Pts',(-24.4500866466765,-4.37382789499385,-9.61793470713538));
#7702=CARTESIAN_POINT('Ctrl Pts',(-24.019322382724,-4.57074666490064,-9.86795625504358));
#7703=CARTESIAN_POINT('Ctrl Pts',(-23.5319549908824,-4.79400753854887,-10.));
#7704=CARTESIAN_POINT('Ctrl Pts',(-23.0451789807142,-5.01767748646132,-10.));
#7705=CARTESIAN_POINT('Origin',(0.993824757416981,-14.9749588607328,5.55306586745515));
#7706=CARTESIAN_POINT('',(-24.6501276287123,-6.31531875324678,19.2));
#7707=CARTESIAN_POINT('Ctrl Pts',(-24.6501276287123,-6.31531875324678,19.2));
#7708=CARTESIAN_POINT('Ctrl Pts',(-24.8893158741392,-6.21624373803072,19.2));
#7709=CARTESIAN_POINT('Ctrl Pts',(-25.1503536410504,-6.04778607329489,19.2));
#7710=CARTESIAN_POINT('Ctrl Pts',(-25.513062160804,-5.7003160994255,19.2));
#7711=CARTESIAN_POINT('Ctrl Pts',(-25.6839554413162,-5.46346024586257,19.2));
#7712=CARTESIAN_POINT('Ctrl Pts',(-25.8776085830631,-5.03385526067831,19.2));
#7713=CARTESIAN_POINT('Ctrl Pts',(-25.9403591083949,-4.76774272426416,19.2));
#7714=CARTESIAN_POINT('Ctrl Pts',(-25.9495315836399,-4.32364204214025,19.2));
#7715=CARTESIAN_POINT('Ctrl Pts',(-25.9025053189684,-4.06831295890225,19.2));
#7716=CARTESIAN_POINT('Ctrl Pts',(-25.81971061239,-3.86842885538804,19.2));
#7717=CARTESIAN_POINT('Ctrl Pts',(-25.8062139374202,-3.835844999629,19.2));
#7718=CARTESIAN_POINT('Ctrl Pts',(-25.7912687123057,-3.80275535060489,19.2));
#7719=CARTESIAN_POINT('Ctrl Pts',(-25.7748974529863,-3.76961357257409,19.2));
#7720=CARTESIAN_POINT('',(-24.997142634612,-6.17158043145611,-7.32368116925052));
#7721=CARTESIAN_POINT('Origin',(-24.3033178772148,-4.49653929218163,-7.32368116925869));
#7722=CARTESIAN_POINT('Origin',(0.300000000000005,-16.6499999999991,5.55306586745515));
#7723=CARTESIAN_POINT('Ctrl Pts',(-25.7748974529988,-3.76961357256881,-8.09386826500701));
#7724=CARTESIAN_POINT('Ctrl Pts',(-25.4981635676357,-3.89554158189386,-8.74147226302145));
#7725=CARTESIAN_POINT('Ctrl Pts',(-24.6691455718462,-4.27306550003634,-9.69189792843502));
#7726=CARTESIAN_POINT('Ctrl Pts',(-23.5319549908824,-4.79400753854887,-10.));
#7727=CARTESIAN_POINT('Ctrl Pts',(-23.0451789807142,-5.01767748646133,-10.));
#7728=CARTESIAN_POINT('Ctrl Pts',(-26.0181726584097,-4.27728389048433,-8.10820216862556));
#7729=CARTESIAN_POINT('Ctrl Pts',(-25.7343921259122,-4.40418229072811,-8.76228117997469));
#7730=CARTESIAN_POINT('Ctrl Pts',(-24.8894988785248,-4.78240462071772,-9.71315924824109));
#7731=CARTESIAN_POINT('Ctrl Pts',(-23.7419168905765,-5.29841708185046,-10.0062820734056));
#7732=CARTESIAN_POINT('Ctrl Pts',(-23.2527708626932,-5.51884862337367,-10.));
#7733=CARTESIAN_POINT('Ctrl Pts',(-26.0391412957609,-5.3524358183329,-7.9238220778341));
#7734=CARTESIAN_POINT('Ctrl Pts',(-25.7889043534671,-5.45896971960087,-8.49042854991914));
#7735=CARTESIAN_POINT('Ctrl Pts',(-25.0403322398256,-5.77764654233319,-9.31152062639863));
#7736=CARTESIAN_POINT('Ctrl Pts',(-24.0369507535251,-6.20554732920562,-9.55488703525526));
#7737=CARTESIAN_POINT('Ctrl Pts',(-23.6122935213545,-6.3868131018942,-9.54519664843933));
#7738=CARTESIAN_POINT('Ctrl Pts',(-25.3502452829948,-6.0253205255861,-7.50341741641509));
#7739=CARTESIAN_POINT('Ctrl Pts',(-25.1857738114478,-6.09341320964019,-7.87847232478734));
#7740=CARTESIAN_POINT('Ctrl Pts',(-24.6931433748752,-6.29757407659468,-8.4259465298021));
#7741=CARTESIAN_POINT('Ctrl Pts',(-24.024037022294,-6.57470980768988,-8.59667422423846));
#7742=CARTESIAN_POINT('Ctrl Pts',(-23.7390037381311,-6.69271862572761,-8.59379633289348));
#7743=CARTESIAN_POINT('Ctrl Pts',(-24.9971426346127,-6.17158043145584,-7.32368116924895));
#7744=CARTESIAN_POINT('Ctrl Pts',(-24.8697139149429,-6.2243631353789,-7.61697432816284));
#7745=CARTESIAN_POINT('Ctrl Pts',(-24.4879178319923,-6.38250825099797,-8.04741229114128));
#7746=CARTESIAN_POINT('Ctrl Pts',(-23.9635824262059,-6.5996950873071,-8.18694853568928));
#7747=CARTESIAN_POINT('Ctrl Pts',(-23.7390037381311,-6.69271862572761,-8.18694853568928));
#7748=CARTESIAN_POINT('',(-23.797291622495,-6.66857499350208,-8.18562827140422));
#7749=CARTESIAN_POINT('Ctrl Pts',(-23.7972916225064,-6.66857499349734,-8.18562827140317));
#7750=CARTESIAN_POINT('Ctrl Pts',(-23.7972916225064,-6.66857499349734,-8.4222772285086));
#7751=CARTESIAN_POINT('Ctrl Pts',(-23.7796971836653,-6.62580015518861,-8.65661347215321));
#7752=CARTESIAN_POINT('Ctrl Pts',(-23.710054199045,-6.46011943584877,-9.09394014227905));
#7753=CARTESIAN_POINT('Ctrl Pts',(-23.6586900058284,-6.338984997746,-9.29275909984752));
#7754=CARTESIAN_POINT('Ctrl Pts',(-23.5255818370019,-6.03503595056923,-9.62866022212593));
#7755=CARTESIAN_POINT('Ctrl Pts',(-23.4450704716171,-5.85522892323888,-9.76256210954995));
#7756=CARTESIAN_POINT('Ctrl Pts',(-23.3063003874406,-5.55660234409265,-9.90274336076305));
#7757=CARTESIAN_POINT('Ctrl Pts',(-23.2564650632939,-5.45109244317115,-9.93906240268192));
#7758=CARTESIAN_POINT('Ctrl Pts',(-23.152936402458,-5.23587130251248,-9.98774699290375));
#7759=CARTESIAN_POINT('Ctrl Pts',(-23.0995142310455,-5.12672416587293,-10.));
#7760=CARTESIAN_POINT('Ctrl Pts',(-23.0451789807142,-5.01767748646132,-10.));
#7761=CARTESIAN_POINT('Ctrl Pts',(-24.997142634612,-6.17158043145611,-7.32368116925051));
#7762=CARTESIAN_POINT('Ctrl Pts',(-24.8697139124417,-6.22436313641493,-7.61697433391881));
#7763=CARTESIAN_POINT('Ctrl Pts',(-24.5020763465113,-6.37664360226114,-8.03144751523287));
#7764=CARTESIAN_POINT('Ctrl Pts',(-24.0022773675753,-6.58366711779667,-8.17619862842439));
#7765=CARTESIAN_POINT('Ctrl Pts',(-23.79729088761,-6.66857529790142,-8.185609246713));
#7766=CARTESIAN_POINT('Origin',(0.300000000000004,-16.6499999999991,-10.));
#7767=CARTESIAN_POINT('Ctrl Pts',(-24.4328284955481,-8.36775976499389,-10.));
#7768=CARTESIAN_POINT('Ctrl Pts',(-24.3578207286663,-8.14376792444308,-10.));
#7769=CARTESIAN_POINT('Ctrl Pts',(-24.2804003207139,-7.92303073393984,-9.95394508152321));
#7770=CARTESIAN_POINT('Ctrl Pts',(-24.1308008685274,-7.51260829634323,-9.77483684757986));
#7771=CARTESIAN_POINT('Ctrl Pts',(-24.0601259383539,-7.32686691566037,-9.64362517746772));
#7772=CARTESIAN_POINT('Ctrl Pts',(-23.9379316179946,-7.01364900485319,-9.31231998512974));
#7773=CARTESIAN_POINT('Ctrl Pts',(-23.8876785931384,-6.88920559496661,-9.1153642880769));
#7774=CARTESIAN_POINT('Ctrl Pts',(-23.8345734169013,-6.75894468649216,-8.78587251855239));
#7775=CARTESIAN_POINT('Ctrl Pts',(-23.8206808368447,-6.72519957280779,-8.66897187886728));
#7776=CARTESIAN_POINT('Ctrl Pts',(-23.8020154591017,-6.67995695581414,-8.42961577207108));
#7777=CARTESIAN_POINT('Ctrl Pts',(-23.7972916225064,-6.66857499349734,-8.30778102361696));
#7778=CARTESIAN_POINT('Ctrl Pts',(-23.7972916225064,-6.66857499349734,-8.18562827140318));
#7779=CARTESIAN_POINT('Ctrl Pts',(-25.7336793099619,-15.0512973113793,-10.));
#7780=CARTESIAN_POINT('Ctrl Pts',(-26.2670746576167,-15.0016131648396,-10.));
#7781=CARTESIAN_POINT('Ctrl Pts',(-27.5123754866416,-14.8841673996729,-9.6918868908844));
#7782=CARTESIAN_POINT('Ctrl Pts',(-28.4190942236714,-14.7966032183479,-8.74147227573086));
#7783=CARTESIAN_POINT('Ctrl Pts',(-28.7217168090847,-14.7672931302147,-8.09386826501044));
#7784=CARTESIAN_POINT('Ctrl Pts',(-25.6628735849189,-14.5134744341802,-10.));
#7785=CARTESIAN_POINT('Ctrl Pts',(-26.196702224914,-14.4598007367096,-10.0062820732047));
#7786=CARTESIAN_POINT('Ctrl Pts',(-27.4485509015934,-14.3328880519756,-9.71316624504794));
#7787=CARTESIAN_POINT('Ctrl Pts',(-28.3693538016917,-14.237993164013,-8.76228119281116));
#7788=CARTESIAN_POINT('Ctrl Pts',(-28.6785641581236,-14.2060001354471,-8.10820216862902));
#7789=CARTESIAN_POINT('Ctrl Pts',(-25.5402588037121,-13.5821227055472,-9.54508901846421));
#7790=CARTESIAN_POINT('Ctrl Pts',(-25.9986556263557,-13.526774855217,-9.55477940497021));
#7791=CARTESIAN_POINT('Ctrl Pts',(-27.0815111871215,-13.3956670988299,-9.31141392298028));
#7792=CARTESIAN_POINT('Ctrl Pts',(-27.8890676611631,-13.2973775840427,-8.4903743317935));
#7793=CARTESIAN_POINT('Ctrl Pts',(-28.1590461660867,-13.2645201771134,-7.92376784859164));
#7794=CARTESIAN_POINT('Ctrl Pts',(-25.4970286060264,-13.2537567536822,-8.59379633289348));
#7795=CARTESIAN_POINT('Ctrl Pts',(-25.8028790702722,-13.2134387471815,-8.59667422414642));
#7796=CARTESIAN_POINT('Ctrl Pts',(-26.5209044270339,-13.1188920791659,-8.42593659987826));
#7797=CARTESIAN_POINT('Ctrl Pts',(-27.0496209475334,-13.0493854324378,-7.87847233214791));
#7798=CARTESIAN_POINT('Ctrl Pts',(-27.2261037655811,-13.0261196904105,-7.50341741641708));
#7799=CARTESIAN_POINT('Ctrl Pts',(-25.4970286060264,-13.2537567536822,-8.18694853568928));
#7800=CARTESIAN_POINT('Ctrl Pts',(-25.7380312165498,-13.2220281580817,-8.18694853568928));
#7801=CARTESIAN_POINT('Ctrl Pts',(-26.3007096512978,-13.1479501368086,-8.04740729234865));
#7802=CARTESIAN_POINT('Ctrl Pts',(-26.7104300859532,-13.0940094182736,-7.61697433391882));
#7803=CARTESIAN_POINT('Ctrl Pts',(-26.8471779490039,-13.0760062205632,-7.32368116925051));
#7804=CARTESIAN_POINT('',(-25.5595792107427,-13.2455218103457,-8.18562827140324));
#7805=CARTESIAN_POINT('Ctrl Pts',(-25.7336793099619,-15.0512973113793,-10.));
#7806=CARTESIAN_POINT('Ctrl Pts',(-25.7192007250405,-14.8155243691136,-10.));
#7807=CARTESIAN_POINT('Ctrl Pts',(-25.7015493423821,-14.5822707399264,-9.95394508152321));
#7808=CARTESIAN_POINT('Ctrl Pts',(-25.6632725113039,-14.1471139204005,-9.77483684757986));
#7809=CARTESIAN_POINT('Ctrl Pts',(-25.6430791777625,-13.9494095058482,-9.64362517746772));
#7810=CARTESIAN_POINT('Ctrl Pts',(-25.6061152884858,-13.6152380192309,-9.31231998512974));
#7811=CARTESIAN_POINT('Ctrl Pts',(-25.5897829184441,-13.4820284758031,-9.1153642880769));
#7812=CARTESIAN_POINT('Ctrl Pts',(-25.5722012611526,-13.3424614691481,-8.78587251855238));
#7813=CARTESIAN_POINT('Ctrl Pts',(-25.5675159373828,-13.306270528025,-8.66897187886727));
#7814=CARTESIAN_POINT('Ctrl Pts',(-25.5611962178917,-13.2577385605781,-8.42961577207108));
#7815=CARTESIAN_POINT('Ctrl Pts',(-25.5595792107434,-13.2455218103456,-8.30778102361696));
#7816=CARTESIAN_POINT('Ctrl Pts',(-25.5595792107434,-13.2455218103456,-8.18562827140318));
#7817=CARTESIAN_POINT('',(-28.7217168090852,-14.7672931302146,-8.09386826501068));
#7818=CARTESIAN_POINT('Ctrl Pts',(-25.7336793099619,-15.0512973113793,-10.));
#7819=CARTESIAN_POINT('Ctrl Pts',(-26.2670746576167,-15.0016131648396,-10.));
#7820=CARTESIAN_POINT('Ctrl Pts',(-27.5123754866416,-14.8841673996729,-9.6918868908844));
#7821=CARTESIAN_POINT('Ctrl Pts',(-28.4190942236714,-14.7966032183479,-8.74147227573086));
#7822=CARTESIAN_POINT('Ctrl Pts',(-28.7217168090847,-14.7672931302147,-8.09386826501044));
#7823=CARTESIAN_POINT('',(-26.8471779490251,-13.0760062205604,-7.32368116925869));
#7824=CARTESIAN_POINT('Origin',(-27.0838286529394,-14.8735467782603,-7.32368116925051));
#7825=CARTESIAN_POINT('Ctrl Pts',(-25.5595784212243,-13.2455219142877,-8.18560922523917));
#7826=CARTESIAN_POINT('Ctrl Pts',(-25.779555932443,-13.2165613255228,-8.17619846153131));
#7827=CARTESIAN_POINT('Ctrl Pts',(-26.3159051441376,-13.1459496122241,-8.03144528458621));
#7828=CARTESIAN_POINT('Ctrl Pts',(-26.7104300886373,-13.0940094179202,-7.61697432816288));
#7829=CARTESIAN_POINT('Ctrl Pts',(-26.8471779490046,-13.0760062205631,-7.32368116924896));
#7830=CARTESIAN_POINT('Origin',(0.063349296064537,-18.4475405576962,5.55306586745515));
#7831=CARTESIAN_POINT('',(-28.7217168090704,-14.7672931302164,19.2000000000051));
#7832=CARTESIAN_POINT('',(-26.4747849775049,-13.125032685345,19.2));
#7833=CARTESIAN_POINT('Ctrl Pts',(-28.7217168090728,-14.7672931302162,19.2));
#7834=CARTESIAN_POINT('Ctrl Pts',(-28.7193238465199,-14.7304058788553,19.2));
#7835=CARTESIAN_POINT('Ctrl Pts',(-28.7157219666223,-14.6942767896408,19.2));
#7836=CARTESIAN_POINT('Ctrl Pts',(-28.7111185021333,-14.6593100053153,19.2));
#7837=CARTESIAN_POINT('Ctrl Pts',(-28.6828787695719,-14.4448079405702,19.2));
#7838=CARTESIAN_POINT('Ctrl Pts',(-28.5959401678035,-14.2001733358253,19.2));
#7839=CARTESIAN_POINT('Ctrl Pts',(-28.3659462301638,-13.8201571008905,19.2));
#7840=CARTESIAN_POINT('Ctrl Pts',(-28.1785464129186,-13.6210721467563,19.2));
#7841=CARTESIAN_POINT('Ctrl Pts',(-27.796035380051,-13.3458498868677,19.2));
#7842=CARTESIAN_POINT('Ctrl Pts',(-27.5296095310099,-13.2261733409032,19.2));
#7843=CARTESIAN_POINT('Ctrl Pts',(-27.0417597517996,-13.1066097763568,19.2));
#7844=CARTESIAN_POINT('Ctrl Pts',(-26.7314655819393,-13.091240042689,19.2));
#7845=CARTESIAN_POINT('Ctrl Pts',(-26.474784977505,-13.125032685345,19.2));
#7846=CARTESIAN_POINT('Origin',(0.300000000000005,-16.6499999999991,5.55306586745515));
#7847=CARTESIAN_POINT('Origin',(0.0491946871516921,-18.5550554865599,5.55306586745515));
#7848=CARTESIAN_POINT('Origin',(0.300000000000003,-16.6499999999991,5.55306586745515));
#7849=CARTESIAN_POINT('',(-28.721716809084,-18.5327068697835,-8.09386826501192));
#7850=CARTESIAN_POINT('Origin',(0.29999999999911,-16.6499999999988,-8.09386826501218));
#7851=CARTESIAN_POINT('',(-28.7217168090704,-18.5327068697817,19.2000000000051));
#7852=CARTESIAN_POINT('Origin',(0.0491946871516913,-14.7449445134382,5.55306586745515));
#7853=CARTESIAN_POINT('Origin',(0.299999999999914,-16.6499999999991,19.2000000000051));
#7854=CARTESIAN_POINT('Origin',(0.300000000000003,-16.6499999999991,-6.68613192903075));
#7855=CARTESIAN_POINT('Ctrl Pts',(-28.721716809084,-18.5327068697834,-8.09386826501193));
#7856=CARTESIAN_POINT('Ctrl Pts',(-28.4190942296087,-18.5033967822253,-8.7414722630242));
#7857=CARTESIAN_POINT('Ctrl Pts',(-27.9009686765386,-18.4533600625589,-9.28456534177729));
#7858=CARTESIAN_POINT('Ctrl Pts',(-27.2722863498573,-18.3935661423553,-9.61792844872281));
#7859=CARTESIAN_POINT('Ctrl Pts',(-26.8007746048452,-18.3487207022025,-9.86795077893257));
#7860=CARTESIAN_POINT('Ctrl Pts',(-26.2670746746766,-18.2983868367476,-10.));
#7861=CARTESIAN_POINT('Ctrl Pts',(-25.7336793099619,-18.2487026886188,-10.));
#7862=CARTESIAN_POINT('Origin',(0.0633492960645363,-14.8524594423019,5.55306586745515));
#7863=CARTESIAN_POINT('',(-26.4747849775049,-20.1749673146531,19.2));
#7864=CARTESIAN_POINT('Ctrl Pts',(-26.4747849775049,-20.1749673146531,19.2));
#7865=CARTESIAN_POINT('Ctrl Pts',(-26.7314655819393,-20.2087599573091,19.2));
#7866=CARTESIAN_POINT('Ctrl Pts',(-27.0417597517996,-20.1933902236413,19.2));
#7867=CARTESIAN_POINT('Ctrl Pts',(-27.5296095310099,-20.0738266590949,19.2));
#7868=CARTESIAN_POINT('Ctrl Pts',(-27.796035380051,-19.9541501131304,19.2));
#7869=CARTESIAN_POINT('Ctrl Pts',(-28.1785464129186,-19.6789278532419,19.2));
#7870=CARTESIAN_POINT('Ctrl Pts',(-28.3659462301638,-19.4798428991076,19.2));
#7871=CARTESIAN_POINT('Ctrl Pts',(-28.5959401678035,-19.0998266641728,19.2));
#7872=CARTESIAN_POINT('Ctrl Pts',(-28.6828787695719,-18.8551920594279,19.2));
#7873=CARTESIAN_POINT('Ctrl Pts',(-28.7111185021333,-18.6406899946828,19.2));
#7874=CARTESIAN_POINT('Ctrl Pts',(-28.7157219666223,-18.6057232103573,19.2));
#7875=CARTESIAN_POINT('Ctrl Pts',(-28.7193238465199,-18.5695941211428,19.2));
#7876=CARTESIAN_POINT('Ctrl Pts',(-28.7217168090728,-18.5327068697819,19.2));
#7877=CARTESIAN_POINT('',(-26.8471779490039,-20.2239937794349,-7.32368116925051));
#7878=CARTESIAN_POINT('Origin',(-27.0838286529606,-18.4264532217406,-7.32368116925869));
#7879=CARTESIAN_POINT('Origin',(0.300000000000002,-16.6499999999991,5.55306586745515));
#7880=CARTESIAN_POINT('Ctrl Pts',(-28.7217168090863,-18.5327068697836,-8.09386826500702));
#7881=CARTESIAN_POINT('Ctrl Pts',(-28.4190942296113,-18.5033967822255,-8.74147226302146));
#7882=CARTESIAN_POINT('Ctrl Pts',(-27.5123745117368,-18.4158325228091,-9.69188515084268));
#7883=CARTESIAN_POINT('Ctrl Pts',(-26.2670746746766,-18.2983868367476,-10.));
#7884=CARTESIAN_POINT('Ctrl Pts',(-25.7336793099618,-18.2487026886188,-10.));
#7885=CARTESIAN_POINT('Ctrl Pts',(-28.6785641581252,-19.0939998645512,-8.10820216862557));
#7886=CARTESIAN_POINT('Ctrl Pts',(-28.369353807761,-19.0620068366131,-8.76228117997469));
#7887=CARTESIAN_POINT('Ctrl Pts',(-27.4485520428862,-18.9671121980797,-9.71316735005179));
#7888=CARTESIAN_POINT('Ctrl Pts',(-26.1967022419878,-18.8401992650051,-10.0062820734056));
#7889=CARTESIAN_POINT('Ctrl Pts',(-25.6628735849189,-18.7865255658179,-10.));
#7890=CARTESIAN_POINT('Ctrl Pts',(-28.1590203949581,-20.0354510420838,-7.92375406615557));
#7891=CARTESIAN_POINT('Ctrl Pts',(-27.8890418953323,-20.0025936357993,-8.4903605382406));
#7892=CARTESIAN_POINT('Ctrl Pts',(-27.0815026544068,-19.9043079037227,-9.31138851314899));
#7893=CARTESIAN_POINT('Ctrl Pts',(-25.9986586152012,-19.7732025553783,-9.55475205098236));
#7894=CARTESIAN_POINT('Ctrl Pts',(-25.5402617778964,-19.7178547032779,-9.54506166416643));
#7895=CARTESIAN_POINT('Ctrl Pts',(-27.226103765582,-20.2738803095877,-7.50341741641509));
#7896=CARTESIAN_POINT('Ctrl Pts',(-27.0496209509974,-20.250614568017,-7.87847232478732));
#7897=CARTESIAN_POINT('Ctrl Pts',(-26.5209035371566,-20.1811079320056,-8.42593503403977));
#7898=CARTESIAN_POINT('Ctrl Pts',(-25.8028790800543,-20.0865612541061,-8.59667422423847));
#7899=CARTESIAN_POINT('Ctrl Pts',(-25.4970286060264,-20.0462432463159,-8.59379633289348));
#7900=CARTESIAN_POINT('Ctrl Pts',(-26.8471779490046,-20.223993779435,-7.32368116924896));
#7901=CARTESIAN_POINT('Ctrl Pts',(-26.7104300886373,-20.2059905820779,-7.61697432816282));
#7902=CARTESIAN_POINT('Ctrl Pts',(-26.3007092110139,-20.1520498052251,-8.04740650430175));
#7903=CARTESIAN_POINT('Ctrl Pts',(-25.7380312242579,-20.0779718429312,-8.18694853568929));
#7904=CARTESIAN_POINT('Ctrl Pts',(-25.4970286060264,-20.0462432463159,-8.18694853568929));
#7905=CARTESIAN_POINT('',(-25.5595792107311,-20.0544781896509,-8.18562827140422));
#7906=CARTESIAN_POINT('Ctrl Pts',(-25.5595792107434,-20.0544781896525,-8.18562827140318));
#7907=CARTESIAN_POINT('Ctrl Pts',(-25.5595792107434,-20.0544781896525,-8.4222772285086));
#7908=CARTESIAN_POINT('Ctrl Pts',(-25.5657293988959,-20.0086368736138,-8.65661347215321));
#7909=CARTESIAN_POINT('Ctrl Pts',(-25.5882571646894,-19.8303316694381,-9.09394014227905));
#7910=CARTESIAN_POINT('Ctrl Pts',(-25.6043416875703,-19.6997440721596,-9.29275909984753));
#7911=CARTESIAN_POINT('Ctrl Pts',(-25.6410411555036,-19.3699623914352,-9.62866022212593));
#7912=CARTESIAN_POINT('Ctrl Pts',(-25.6612197814522,-19.1739892552958,-9.76256210954995));
#7913=CARTESIAN_POINT('Ctrl Pts',(-25.6903546528432,-18.8459860094217,-9.90274336076305));
#7914=CARTESIAN_POINT('Ctrl Pts',(-25.6999509465871,-18.7296940927995,-9.93906240268192));
#7915=CARTESIAN_POINT('Ctrl Pts',(-25.7179030666128,-18.4915427871397,-9.98774699290375));
#7916=CARTESIAN_POINT('Ctrl Pts',(-25.726211677364,-18.3703075083532,-10.));
#7917=CARTESIAN_POINT('Ctrl Pts',(-25.7336793099619,-18.2487026886188,-10.));
#7918=CARTESIAN_POINT('Ctrl Pts',(-26.8471779490039,-20.2239937794349,-7.32368116925051));
#7919=CARTESIAN_POINT('Ctrl Pts',(-26.7104300859532,-20.2059905817246,-7.61697433391884));
#7920=CARTESIAN_POINT('Ctrl Pts',(-26.315904046942,-20.1540502433255,-8.03144329615233));
#7921=CARTESIAN_POINT('Ctrl Pts',(-25.7795558512205,-20.0834386637822,-8.17619831222616));
#7922=CARTESIAN_POINT('Ctrl Pts',(-25.559578420414,-20.0544780856037,-8.18560920596311));
#7923=CARTESIAN_POINT('Origin',(0.300000000000004,-16.6499999999991,-10.));
#7924=CARTESIAN_POINT('Ctrl Pts',(-25.2603779020909,-21.8437838040131,-10.));
#7925=CARTESIAN_POINT('Ctrl Pts',(-25.3074151907655,-21.6122972964147,-10.));
#7926=CARTESIAN_POINT('Ctrl Pts',(-25.350735745959,-21.3824230779027,-9.95394508152321));
#7927=CARTESIAN_POINT('Ctrl Pts',(-25.4263900387715,-20.9521870945676,-9.77483684757986));
#7928=CARTESIAN_POINT('Ctrl Pts',(-25.458054444172,-20.7559928752755,-9.6436251774677));
#7929=CARTESIAN_POINT('Ctrl Pts',(-25.5088400139463,-20.4236410474166,-9.31231998512975));
#7930=CARTESIAN_POINT('Ctrl Pts',(-25.5275413227471,-20.2907433806932,-9.11536428807692));
#7931=CARTESIAN_POINT('Ctrl Pts',(-25.5466813452906,-20.1513815367157,-8.78587251855239));
#7932=CARTESIAN_POINT('Ctrl Pts',(-25.5515225748796,-20.1152111209831,-8.66897187886728));
#7933=CARTESIAN_POINT('Ctrl Pts',(-25.5579791920798,-20.0666971764614,-8.42961577207107));
#7934=CARTESIAN_POINT('Ctrl Pts',(-25.5595792107434,-20.0544781896525,-8.30778102361694));
#7935=CARTESIAN_POINT('Ctrl Pts',(-25.5595792107434,-20.0544781896525,-8.18562827140318));
#7936=CARTESIAN_POINT('Origin',(0.300000000000004,-16.6499999999991,-10.));
#7937=CARTESIAN_POINT('Ctrl Pts',(-25.5595792107434,-13.2455218103456,-8.18562827140318));
#7938=CARTESIAN_POINT('Ctrl Pts',(-25.5595792107434,-13.2455218103456,-8.42227722850861));
#7939=CARTESIAN_POINT('Ctrl Pts',(-25.5536552306731,-13.1996507134479,-8.65661347215322));
#7940=CARTESIAN_POINT('Ctrl Pts',(-25.52926659878,-13.0215904969419,-9.09394014227906));
#7941=CARTESIAN_POINT('Ctrl Pts',(-25.5110044976043,-12.8912895832846,-9.29275909984753));
#7942=CARTESIAN_POINT('Ctrl Pts',(-25.4610996817949,-12.5632464195896,-9.62866022212592));
#7943=CARTESIAN_POINT('Ctrl Pts',(-25.4298691577763,-12.3687282934341,-9.76256210954995));
#7944=CARTESIAN_POINT('Ctrl Pts',(-25.3731177956108,-12.0443608275451,-9.90274336076305));
#7945=CARTESIAN_POINT('Ctrl Pts',(-25.3522885407613,-11.9295477583078,-9.93906240268193));
#7946=CARTESIAN_POINT('Ctrl Pts',(-25.30799086361,-11.6948649110439,-9.98774699290375));
#7947=CARTESIAN_POINT('Ctrl Pts',(-25.2846383662269,-11.5756101975059,-10.));
#7948=CARTESIAN_POINT('Ctrl Pts',(-25.2603779020909,-11.4562161959851,-10.));
#7949=CARTESIAN_POINT('Ctrl Pts',(-25.2603779020909,-21.8437838040131,-10.));
#7950=CARTESIAN_POINT('Ctrl Pts',(-25.7884574473773,-21.9338454782554,-10.));
#7951=CARTESIAN_POINT('Ctrl Pts',(-27.0217217023112,-22.1427089344721,-9.69188474594502));
#7952=CARTESIAN_POINT('Ctrl Pts',(-27.9202092034964,-22.2928047254211,-8.74147227573088));
#7953=CARTESIAN_POINT('Ctrl Pts',(-28.220106183388,-22.3428178429056,-8.09386826501045));
#7954=CARTESIAN_POINT('Ctrl Pts',(-25.3311836271338,-21.3059609268139,-10.));
#7955=CARTESIAN_POINT('Ctrl Pts',(-25.8607142724443,-21.3922811350866,-10.0062820732047));
#7956=CARTESIAN_POINT('Ctrl Pts',(-27.1027561042402,-21.5936952417677,-9.71316760507725));
#7957=CARTESIAN_POINT('Ctrl Pts',(-28.0167425661434,-21.7403550785945,-8.76228119281118));
#7958=CARTESIAN_POINT('Ctrl Pts',(-28.3236972402803,-21.789481715229,-8.10820216862903));
#7959=CARTESIAN_POINT('Ctrl Pts',(-25.453793636137,-20.374645446667,-9.5450451273444));
#7960=CARTESIAN_POINT('Ctrl Pts',(-25.9108960435882,-20.4398253565182,-9.5547355138504));
#7961=CARTESIAN_POINT('Ctrl Pts',(-26.9907690543829,-20.5934476351008,-9.31137413496885));
#7962=CARTESIAN_POINT('Ctrl Pts',(-27.7962191110857,-20.7075169010923,-8.49035221730072));
#7963=CARTESIAN_POINT('Ctrl Pts',(-28.0655024442203,-20.7456546619969,-7.92374573409885));
#7964=CARTESIAN_POINT('Ctrl Pts',(-25.4970286060264,-20.046243246316,-8.59379633289348));
#7965=CARTESIAN_POINT('Ctrl Pts',(-25.8028925363668,-20.0864589676727,-8.59667422414642));
#7966=CARTESIAN_POINT('Ctrl Pts',(-26.5209211992292,-20.1809722399175,-8.42593467011606));
#7967=CARTESIAN_POINT('Ctrl Pts',(-27.0496128365974,-20.2506761762355,-7.87847233214793));
#7968=CARTESIAN_POINT('Ctrl Pts',(-27.226103765581,-20.2738803095876,-7.50341741641708));
#7969=CARTESIAN_POINT('Ctrl Pts',(-25.4970286060264,-20.046243246316,-8.18694853568929));
#7970=CARTESIAN_POINT('Ctrl Pts',(-25.7380312165498,-20.0779718419164,-8.18694853568929));
#7971=CARTESIAN_POINT('Ctrl Pts',(-26.300709111955,-20.1520497921837,-8.04740632092777));
#7972=CARTESIAN_POINT('Ctrl Pts',(-26.7104300859532,-20.2059905817246,-7.61697433391884));
#7973=CARTESIAN_POINT('Ctrl Pts',(-26.8471779490039,-20.2239937794349,-7.32368116925051));
#7974=CARTESIAN_POINT('',(-28.2201061833885,-22.3428178429057,-8.09386826501068));
#7975=CARTESIAN_POINT('Ctrl Pts',(-25.2603779020909,-21.8437838040131,-10.));
#7976=CARTESIAN_POINT('Ctrl Pts',(-25.7884574473773,-21.9338454782554,-10.));
#7977=CARTESIAN_POINT('Ctrl Pts',(-27.0217217023112,-22.1427089344721,-9.69188474594502));
#7978=CARTESIAN_POINT('Ctrl Pts',(-27.9202092034964,-22.2928047254211,-8.74147227573088));
#7979=CARTESIAN_POINT('Ctrl Pts',(-28.220106183388,-22.3428178429056,-8.09386826501045));
#7980=CARTESIAN_POINT('Origin',(-26.6105272450684,-22.021534337132,-7.32368116925051));
#7981=CARTESIAN_POINT('Origin',(0.53665070393547,-18.4475405576962,5.55306586745515));
#7982=CARTESIAN_POINT('',(-28.2201061833737,-22.3428178429035,19.2000000000051));
#7983=CARTESIAN_POINT('Ctrl Pts',(-28.2201061833761,-22.342817842904,19.2));
#7984=CARTESIAN_POINT('Ctrl Pts',(-28.2273418822186,-22.3065681498707,19.2));
#7985=CARTESIAN_POINT('Ctrl Pts',(-28.2332136297733,-22.2707378944025,19.2));
#7986=CARTESIAN_POINT('Ctrl Pts',(-28.2378170942623,-22.235771110077,19.2));
#7987=CARTESIAN_POINT('Ctrl Pts',(-28.2660568268237,-22.0212690453319,19.2));
#7988=CARTESIAN_POINT('Ctrl Pts',(-28.2453966808732,-21.7624687967126,19.2));
#7989=CARTESIAN_POINT('Ctrl Pts',(-28.1215950356664,-21.3358744896606,19.2));
#7990=CARTESIAN_POINT('Ctrl Pts',(-27.9921076900707,-21.095070549085,19.2));
#7991=CARTESIAN_POINT('Ctrl Pts',(-27.6938631670787,-20.730225120021,19.2));
#7992=CARTESIAN_POINT('Ctrl Pts',(-27.4674901280466,-20.5456703696334,19.2));
#7993=CARTESIAN_POINT('Ctrl Pts',(-27.0272087545629,-20.3039160207461,19.2));
#7994=CARTESIAN_POINT('Ctrl Pts',(-26.7314655819393,-20.2087599573091,19.2));
#7995=CARTESIAN_POINT('Ctrl Pts',(-26.4747849775049,-20.1749673146531,19.2));
#7996=CARTESIAN_POINT('Origin',(0.550805312848315,-18.5550554865599,5.55306586745515));
#7997=CARTESIAN_POINT('Origin',(0.300000000000002,-16.6499999999991,5.55306586745515));
#7998=CARTESIAN_POINT('',(-27.2455453948962,-25.9799282206186,-8.09386826501192));
#7999=CARTESIAN_POINT('Origin',(0.29999999999908,-16.6499999999991,-8.09386826501218));
#8000=CARTESIAN_POINT('',(-27.2455453948835,-25.9799282206134,19.2000000000051));
#8001=CARTESIAN_POINT('Origin',(-0.435323970949698,-14.8747708965943,5.55306586745515));
#8002=CARTESIAN_POINT('Origin',(0.299999999999918,-16.6499999999991,19.2000000000051));
#8003=CARTESIAN_POINT('Origin',(0.300000000000002,-16.6499999999991,-6.68613192903075));
#8004=CARTESIAN_POINT('Ctrl Pts',(-27.2455453948963,-25.9799282206185,-8.09386826501193));
#8005=CARTESIAN_POINT('Ctrl Pts',(-26.9608204386365,-25.8732923630291,-8.7414722630242));
#8006=CARTESIAN_POINT('Ctrl Pts',(-26.4733000608489,-25.6908598491592,-9.28456537821469));
#8007=CARTESIAN_POINT('Ctrl Pts',(-25.8815153675662,-25.4703883969426,-9.61792847995486));
#8008=CARTESIAN_POINT('Ctrl Pts',(-25.437676847603,-25.3050348077796,-9.86795080626063));
#8009=CARTESIAN_POINT('Ctrl Pts',(-24.9351896501735,-25.1182843157966,-10.));
#8010=CARTESIAN_POINT('Ctrl Pts',(-24.4328284955481,-24.9322402350042,-10.));
#8011=CARTESIAN_POINT('Origin',(-0.393824757416976,-14.9749588607328,5.55306586745515));
#8012=CARTESIAN_POINT('',(-24.6501276287123,-26.9846812467514,19.2));
#8013=CARTESIAN_POINT('Ctrl Pts',(-24.6501276287122,-26.9846812467514,19.2));
#8014=CARTESIAN_POINT('Ctrl Pts',(-24.8893158741392,-27.0837562619674,19.2));
#8015=CARTESIAN_POINT('Ctrl Pts',(-25.1930150063455,-27.1492202800186,19.2));
#8016=CARTESIAN_POINT('Ctrl Pts',(-25.6951870350391,-27.1599955591488,19.2));
#8017=CARTESIAN_POINT('Ctrl Pts',(-25.9835092127666,-27.1133529764401,19.2));
#8018=CARTESIAN_POINT('Ctrl Pts',(-26.4242192607492,-26.946509827912,19.2));
#8019=CARTESIAN_POINT('Ctrl Pts',(-26.6567605617916,-26.80271117084,19.2));
#8020=CARTESIAN_POINT('Ctrl Pts',(-26.9772730850969,-26.4951704864266,19.2));
#8021=CARTESIAN_POINT('Ctrl Pts',(-27.1245654206456,-26.2813729695917,19.2));
#8022=CARTESIAN_POINT('Ctrl Pts',(-27.207360127224,-26.0814888660775,19.2));
#8023=CARTESIAN_POINT('Ctrl Pts',(-27.2208568021938,-26.0489050103185,19.2));
#8024=CARTESIAN_POINT('Ctrl Pts',(-27.2336868473809,-26.0149392250816,19.2));
#8025=CARTESIAN_POINT('Ctrl Pts',(-27.2455453948858,-25.9799282206142,19.2));
#8026=CARTESIAN_POINT('',(-24.997142634612,-27.128419568542,-7.32368116925051));
#8027=CARTESIAN_POINT('Origin',(-25.6909673920488,-25.453378429284,-7.32368116925869));
#8028=CARTESIAN_POINT('Origin',(0.3,-16.6499999999991,5.55306586745515));
#8029=CARTESIAN_POINT('Ctrl Pts',(-27.2455453948984,-25.9799282206193,-8.09386826500702));
#8030=CARTESIAN_POINT('Ctrl Pts',(-26.960820438639,-25.87329236303,-8.74147226302146));
#8031=CARTESIAN_POINT('Ctrl Pts',(-26.107659777509,-25.5540354637571,-9.69188521460813));
#8032=CARTESIAN_POINT('Ctrl Pts',(-24.9351896501735,-25.1182843157966,-10.));
#8033=CARTESIAN_POINT('Ctrl Pts',(-24.4328284955481,-24.9322402350042,-10.));
#8034=CARTESIAN_POINT('Ctrl Pts',(-27.0585898179338,-26.5109268924651,-8.10820216862556));
#8035=CARTESIAN_POINT('Ctrl Pts',(-26.7681959597019,-26.3999944729014,-8.7622811799747));
#8036=CARTESIAN_POINT('Ctrl Pts',(-25.9033302556553,-26.0700122375168,-9.71316730962044));
#8037=CARTESIAN_POINT('Ctrl Pts',(-24.7269837246743,-25.6234212074249,-10.0062820734056));
#8038=CARTESIAN_POINT('Ctrl Pts',(-24.2252366135691,-25.4334113719166,-10.));
#8039=CARTESIAN_POINT('Ctrl Pts',(-26.3130631763716,-27.2857907510306,-7.92373794181922));
#8040=CARTESIAN_POINT('Ctrl Pts',(-26.0607880935594,-27.1841773562441,-8.4903444139043));
#8041=CARTESIAN_POINT('Ctrl Pts',(-25.3062231211505,-26.8802442479418,-9.31136195494906));
#8042=CARTESIAN_POINT('Ctrl Pts',(-24.2942194516796,-26.4733510905337,-9.55472004865767));
#8043=CARTESIAN_POINT('Ctrl Pts',(-23.8657671860668,-26.3012473390511,-9.54502966184174));
#8044=CARTESIAN_POINT('Ctrl Pts',(-25.3502452829948,-27.274679474412,-7.50341741641509));
#8045=CARTESIAN_POINT('Ctrl Pts',(-25.1857975915084,-27.2065293802133,-7.87847232478738));
#8046=CARTESIAN_POINT('Ctrl Pts',(-24.6930854593105,-27.0025489972075,-8.42593509140835));
#8047=CARTESIAN_POINT('Ctrl Pts',(-24.0239975417008,-26.7253855068916,-8.59667422423847));
#8048=CARTESIAN_POINT('Ctrl Pts',(-23.7390037381311,-26.6072813742705,-8.59379633289348));
#8049=CARTESIAN_POINT('Ctrl Pts',(-24.9971426346127,-27.1284195685423,-7.32368116924896));
#8050=CARTESIAN_POINT('Ctrl Pts',(-24.8697139149429,-27.0756368646192,-7.61697432816289));
#8051=CARTESIAN_POINT('Ctrl Pts',(-24.4879148529748,-26.9174905150507,-8.04740653318045));
#8052=CARTESIAN_POINT('Ctrl Pts',(-23.9635824262059,-26.700304912691,-8.18694853568929));
#8053=CARTESIAN_POINT('Ctrl Pts',(-23.7390037381311,-26.6072813742705,-8.18694853568929));
#8054=CARTESIAN_POINT('',(-23.797291622495,-26.6314250064961,-8.18562827140421));
#8055=CARTESIAN_POINT('Ctrl Pts',(-23.7972916225064,-26.6314250065008,-8.18562827140318));
#8056=CARTESIAN_POINT('Ctrl Pts',(-23.7972916225064,-26.6314250065008,-8.42227722850861));
#8057=CARTESIAN_POINT('Ctrl Pts',(-23.8150968537229,-26.5887374812528,-8.65661347215321));
#8058=CARTESIAN_POINT('Ctrl Pts',(-23.883005787193,-26.4223384944087,-9.09394014227907));
#8059=CARTESIAN_POINT('Ctrl Pts',(-23.932340800477,-26.3003635424573,-9.29275909984753));
#8060=CARTESIAN_POINT('Ctrl Pts',(-24.0531435440623,-25.9913174212549,-9.62866022212592));
#8061=CARTESIAN_POINT('Ctrl Pts',(-24.1233561799664,-25.8072445204985,-9.76256210954995));
#8062=CARTESIAN_POINT('Ctrl Pts',(-24.2363917915763,-25.4979583737946,-9.90274336076305));
#8063=CARTESIAN_POINT('Ctrl Pts',(-24.2757596623534,-25.3881127117239,-9.93906240268193));
#8064=CARTESIAN_POINT('Ctrl Pts',(-24.3547381722436,-25.1627225655852,-9.98774699290375));
#8065=CARTESIAN_POINT('Ctrl Pts',(-24.394141673037,-25.0477687054488,-10.));
#8066=CARTESIAN_POINT('Ctrl Pts',(-24.4328284955481,-24.9322402350043,-10.));
#8067=CARTESIAN_POINT('Ctrl Pts',(-24.997142634612,-27.128419568542,-7.32368116925051));
#8068=CARTESIAN_POINT('Ctrl Pts',(-24.8697139124417,-27.0756368635832,-7.61697433391881));
#8069=CARTESIAN_POINT('Ctrl Pts',(-24.502074222353,-26.9233555178818,-8.0314433957361));
#8070=CARTESIAN_POINT('Ctrl Pts',(-24.0022772219832,-26.7163328218953,-8.17619831968944));
#8071=CARTESIAN_POINT('Ctrl Pts',(-23.7972908860739,-26.6314247014604,-8.18560920692493));
#8072=CARTESIAN_POINT('Origin',(0.300000000000004,-16.6499999999991,-10.));
#8073=CARTESIAN_POINT('Ctrl Pts',(-23.0451789807142,-28.2823225135368,-10.));
#8074=CARTESIAN_POINT('Ctrl Pts',(-23.1505266294943,-28.0708978635491,-10.));
#8075=CARTESIAN_POINT('Ctrl Pts',(-23.2518668982938,-27.8600686038188,-9.95394508152321));
#8076=CARTESIAN_POINT('Ctrl Pts',(-23.4362965999666,-27.4640733279402,-9.77483684757986));
#8077=CARTESIAN_POINT('Ctrl Pts',(-23.5176608674089,-27.2827596157269,-9.64362517746771));
#8078=CARTESIAN_POINT('Ctrl Pts',(-23.6527349435812,-26.9748766744575,-9.31231998512974));
#8079=CARTESIAN_POINT('Ctrl Pts',(-23.705195467935,-26.8513476408018,-9.1153642880769));
#8080=CARTESIAN_POINT('Ctrl Pts',(-23.7597528094074,-26.7216882388626,-8.7858725185524));
#8081=CARTESIAN_POINT('Ctrl Pts',(-23.7737906705594,-26.6880033025783,-8.6689718788673));
#8082=CARTESIAN_POINT('Ctrl Pts',(-23.7925836166587,-26.6428135261279,-8.42961577207106));
#8083=CARTESIAN_POINT('Ctrl Pts',(-23.7972916225064,-26.6314250065008,-8.30778102361693));
#8084=CARTESIAN_POINT('Ctrl Pts',(-23.7972916225064,-26.6314250065008,-8.18562827140317));
#8085=CARTESIAN_POINT('Ctrl Pts',(-14.1013567964241,-38.3964762920935,-10.));
#8086=CARTESIAN_POINT('Ctrl Pts',(-14.4110822033202,-38.8335681401532,-10.));
#8087=CARTESIAN_POINT('Ctrl Pts',(-15.1354431049225,-39.853306642209,-9.6918852201465));
#8088=CARTESIAN_POINT('Ctrl Pts',(-15.6646358080379,-40.5947667805518,-8.74147227573085));
#8089=CARTESIAN_POINT('Ctrl Pts',(-15.8413303816551,-40.8421905832121,-8.09386826501044));
#8090=CARTESIAN_POINT('Ctrl Pts',(-14.5317222082935,-38.0662452968734,-10.));
#8091=CARTESIAN_POINT('Ctrl Pts',(-14.8451193138156,-38.5017176116416,-10.0062820732047));
#8092=CARTESIAN_POINT('Ctrl Pts',(-15.5809540196619,-39.5223948577247,-9.71316730440305));
#8093=CARTESIAN_POINT('Ctrl Pts',(-16.1235360949115,-40.272385284355,-8.76228119281115));
#8094=CARTESIAN_POINT('Ctrl Pts',(-16.3058480486095,-40.5241727938554,-8.10820216862901));
#8095=CARTESIAN_POINT('Ctrl Pts',(-15.2769389872815,-37.4944203504612,-9.54501322774933));
#8096=CARTESIAN_POINT('Ctrl Pts',(-15.554070043034,-37.8637297187196,-9.55470361425533));
#8097=CARTESIAN_POINT('Ctrl Pts',(-16.2090202899305,-38.7359338842994,-9.31134827633471));
#8098=CARTESIAN_POINT('Ctrl Pts',(-16.697885250404,-39.3861155292839,-8.49033614472455));
#8099=CARTESIAN_POINT('Ctrl Pts',(-16.8613298519691,-39.6034950695587,-7.92372966152269));
#8100=CARTESIAN_POINT('Ctrl Pts',(-15.5397472317549,-37.2927604918134,-8.59379633289348));
#8101=CARTESIAN_POINT('Ctrl Pts',(-15.7275888817373,-37.5374757603591,-8.59667422414642));
#8102=CARTESIAN_POINT('Ctrl Pts',(-16.1684809606394,-38.1120298834038,-8.42593509674634));
#8103=CARTESIAN_POINT('Ctrl Pts',(-16.493034158511,-38.5351592406574,-7.87847233214791));
#8104=CARTESIAN_POINT('Ctrl Pts',(-16.6014242911684,-38.6763649734045,-7.50341741641707));
#8105=CARTESIAN_POINT('Ctrl Pts',(-15.5397472317549,-37.2927604918134,-8.18694853568928));
#8106=CARTESIAN_POINT('Ctrl Pts',(-15.6877263068331,-37.4856105771048,-8.18694853568928));
#8107=CARTESIAN_POINT('Ctrl Pts',(-16.033218714541,-37.9358650489537,-8.04740653568872));
#8108=CARTESIAN_POINT('Ctrl Pts',(-16.2847932223691,-38.2637233307153,-7.61697433391883));
#8109=CARTESIAN_POINT('Ctrl Pts',(-16.3687583804609,-38.3731488551753,-7.3236811692505));
#8110=CARTESIAN_POINT('',(-15.8413303816554,-40.8421905832125,-8.09386826501067));
#8111=CARTESIAN_POINT('Ctrl Pts',(-14.1013567964241,-38.3964762920935,-10.));
#8112=CARTESIAN_POINT('Ctrl Pts',(-14.4110822033202,-38.8335681401532,-10.));
#8113=CARTESIAN_POINT('Ctrl Pts',(-15.1354431049225,-39.853306642209,-9.6918852201465));
#8114=CARTESIAN_POINT('Ctrl Pts',(-15.6646358080379,-40.5947667805518,-8.74147227573085));
#8115=CARTESIAN_POINT('Ctrl Pts',(-15.8413303816551,-40.8421905832121,-8.09386826501044));
#8116=CARTESIAN_POINT('Origin',(-14.9303679451301,-39.4768646554554,-7.32368116925051));
#8117=CARTESIAN_POINT('Origin',(1.73839043533082,-17.7537158002792,5.55306586745515));
#8118=CARTESIAN_POINT('',(-15.8413303816465,-40.8421905832005,19.2000000000051));
#8119=CARTESIAN_POINT('Ctrl Pts',(-15.8413303816478,-40.8421905832025,19.2));
#8120=CARTESIAN_POINT('Ctrl Pts',(-15.8720791971257,-40.821674591161,19.2));
#8121=CARTESIAN_POINT('Ctrl Pts',(-15.9015669662522,-40.800490727061,19.2));
#8122=CARTESIAN_POINT('Ctrl Pts',(-15.9295473575222,-40.7790206177054,19.2));
#8123=CARTESIAN_POINT('Ctrl Pts',(-16.1011917284751,-40.6473132595386,19.2));
#8124=CARTESIAN_POINT('Ctrl Pts',(-16.2695822099447,-40.4497049194652,19.2));
#8125=CARTESIAN_POINT('Ctrl Pts',(-16.4836889544289,-40.0605162092854,19.2));
#8126=CARTESIAN_POINT('Ctrl Pts',(-16.5624016735978,-39.7986807298193,19.2));
#8127=CARTESIAN_POINT('Ctrl Pts',(-16.6094956259145,-39.3298053281839,19.2));
#8128=CARTESIAN_POINT('Ctrl Pts',(-16.5799256304363,-39.0392355017073,19.2));
#8129=CARTESIAN_POINT('Ctrl Pts',(-16.4395458250954,-38.5569634174073,19.2));
#8130=CARTESIAN_POINT('Ctrl Pts',(-16.297709319971,-38.2805559168282,19.2));
#8131=CARTESIAN_POINT('Ctrl Pts',(-16.1401037307527,-38.0751603140573,19.2));
#8132=CARTESIAN_POINT('Origin',(1.82442379055648,-17.8197315156102,5.55306586745515));
#8133=CARTESIAN_POINT('Origin',(0.3,-16.6499999999991,5.55306586745515));
#8134=CARTESIAN_POINT('',(-12.5803864274291,-42.7248974529959,-8.09386826501192));
#8135=CARTESIAN_POINT('Origin',(0.299999999999352,-16.6499999999997,-8.09386826501218));
#8136=CARTESIAN_POINT('',(-12.5803864274239,-42.7248974529832,19.2000000000051));
#8137=CARTESIAN_POINT('Origin',(-1.4752291034048,-15.9146760290494,5.55306586745515));
#8138=CARTESIAN_POINT('Origin',(0.299999999999963,-16.6499999999991,19.2000000000051));
#8139=CARTESIAN_POINT('Origin',(0.299999999999998,-16.6499999999991,-6.68613192903075));
#8140=CARTESIAN_POINT('Ctrl Pts',(-12.5803864274293,-42.7248974529958,-8.09386826501193));
#8141=CARTESIAN_POINT('Ctrl Pts',(-12.4544584181041,-42.4481635676324,-8.7414722630242));
#8142=CARTESIAN_POINT('Ctrl Pts',(-12.2387286878085,-41.9744352658394,-9.28456524133813));
#8143=CARTESIAN_POINT('Ctrl Pts',(-11.9761705818009,-41.4000834471572,-9.6179283626321));
#8144=CARTESIAN_POINT('Ctrl Pts',(-11.7792520022946,-40.9693195831446,-9.86795070360321));
#8145=CARTESIAN_POINT('Ctrl Pts',(-11.5559924614502,-40.4819549908815,-10.));
#8146=CARTESIAN_POINT('Ctrl Pts',(-11.3323225135377,-39.9951789807133,-10.));
#8147=CARTESIAN_POINT('Origin',(-1.37504113926629,-15.9561752425821,5.55306586745515));
#8148=CARTESIAN_POINT('',(-10.0346812467523,-41.6001276287113,19.2));
#8149=CARTESIAN_POINT('Ctrl Pts',(-10.0346812467523,-41.6001276287113,19.2));
#8150=CARTESIAN_POINT('Ctrl Pts',(-10.1337562619683,-41.8393158741383,19.2));
#8151=CARTESIAN_POINT('Ctrl Pts',(-10.3022139267042,-42.1003536410495,19.2));
#8152=CARTESIAN_POINT('Ctrl Pts',(-10.6496839005735,-42.4630621608031,19.2));
#8153=CARTESIAN_POINT('Ctrl Pts',(-10.8865397541365,-42.6339554413153,19.2));
#8154=CARTESIAN_POINT('Ctrl Pts',(-11.3161447393207,-42.8276085830622,19.2));
#8155=CARTESIAN_POINT('Ctrl Pts',(-11.5822572757349,-42.890359108394,19.2));
#8156=CARTESIAN_POINT('Ctrl Pts',(-12.0263579578588,-42.8995315836389,19.2));
#8157=CARTESIAN_POINT('Ctrl Pts',(-12.2816870410968,-42.8525053189675,19.2));
#8158=CARTESIAN_POINT('Ctrl Pts',(-12.481571144611,-42.7697106123891,19.2));
#8159=CARTESIAN_POINT('Ctrl Pts',(-12.51415500037,-42.7562139374193,19.2));
#8160=CARTESIAN_POINT('Ctrl Pts',(-12.5472446493942,-42.7412687123047,19.2));
#8161=CARTESIAN_POINT('Ctrl Pts',(-12.580386427425,-42.7248974529854,19.2));
#8162=CARTESIAN_POINT('',(-10.1784195685429,-41.9471426346111,-7.32368116925051));
#8163=CARTESIAN_POINT('Origin',(-11.8534607078174,-41.2533178772139,-7.32368116925869));
#8164=CARTESIAN_POINT('Origin',(0.299999999999998,-16.6499999999991,5.55306586745515));
#8165=CARTESIAN_POINT('Ctrl Pts',(-12.5803864274302,-42.7248974529979,-8.09386826500701));
#8166=CARTESIAN_POINT('Ctrl Pts',(-12.4544584181052,-42.4481635676348,-8.74147226302146));
#8167=CARTESIAN_POINT('Ctrl Pts',(-12.0769313900872,-41.6191390394953,-9.69188497507416));
#8168=CARTESIAN_POINT('Ctrl Pts',(-11.5559924614502,-40.4819549908814,-10.));
#8169=CARTESIAN_POINT('Ctrl Pts',(-11.3323225135377,-39.9951789807132,-10.));
#8170=CARTESIAN_POINT('Ctrl Pts',(-12.0727161095147,-42.9681726584088,-8.10820216862556));
#8171=CARTESIAN_POINT('Ctrl Pts',(-11.9458177092709,-42.6843921259112,-8.76228117997471));
#8172=CARTESIAN_POINT('Ctrl Pts',(-11.5675980304612,-41.8395071993211,-9.71316746150023));
#8173=CARTESIAN_POINT('Ctrl Pts',(-11.0515829181486,-40.6919168905756,-10.0062820734056));
#8174=CARTESIAN_POINT('Ctrl Pts',(-10.8311513766254,-40.2027708626923,-10.));
#8175=CARTESIAN_POINT('Ctrl Pts',(-10.9976418853227,-42.98890437146,-7.9237331239996));
#8176=CARTESIAN_POINT('Ctrl Pts',(-10.8911079840547,-42.7386674291662,-8.4903395960847));
#8177=CARTESIAN_POINT('Ctrl Pts',(-10.5724651081901,-41.9902024080689,-9.31135363415857));
#8178=CARTESIAN_POINT('Ctrl Pts',(-10.1445885410337,-40.9868944742279,-9.55471048662522));
#8179=CARTESIAN_POINT('Ctrl Pts',(-9.96332276834515,-40.5622372420573,-9.54502009980929));
#8180=CARTESIAN_POINT('Ctrl Pts',(-10.324679474413,-42.3002452829939,-7.50341741641509));
#8181=CARTESIAN_POINT('Ctrl Pts',(-10.2565867903588,-42.1357738114469,-7.87847232478739));
#8182=CARTESIAN_POINT('Ctrl Pts',(-10.0524225501836,-41.6431377046913,-8.4259348759041));
#8183=CARTESIAN_POINT('Ctrl Pts',(-9.77529019230917,-40.974037022293,-8.59667422423847));
#8184=CARTESIAN_POINT('Ctrl Pts',(-9.65728137427144,-40.6890037381302,-8.59379633289348));
#8185=CARTESIAN_POINT('Ctrl Pts',(-10.1784195685432,-41.9471426346118,-7.32368116924896));
#8186=CARTESIAN_POINT('Ctrl Pts',(-10.1256368646201,-41.819713914942,-7.6169743281629));
#8187=CARTESIAN_POINT('Ctrl Pts',(-9.96749049180351,-41.4379147968479,-8.04740642469799));
#8188=CARTESIAN_POINT('Ctrl Pts',(-9.75030491269195,-40.913582426205,-8.18694853568928));
#8189=CARTESIAN_POINT('Ctrl Pts',(-9.65728137427144,-40.6890037381302,-8.18694853568928));
#8190=CARTESIAN_POINT('',(-9.68142500649697,-40.747291622494,-8.18562827140421));
#8191=CARTESIAN_POINT('Ctrl Pts',(-9.68142594818437,-40.7472938959286,-8.18560906881752));
#8192=CARTESIAN_POINT('Ctrl Pts',(-9.6814218970347,-40.7472892260673,-8.24989834320306));
#8193=CARTESIAN_POINT('Ctrl Pts',(-9.68467583580118,-40.7459088777005,-8.31403829215483));
#8194=CARTESIAN_POINT('Ctrl Pts',(-9.69105858565484,-40.7432386743406,-8.37776327448379));
#8195=CARTESIAN_POINT('Ctrl Pts',(-9.69748393229116,-40.7405506507504,-8.44191354047345));
#8196=CARTESIAN_POINT('Ctrl Pts',(-9.70708030124002,-40.736555551731,-8.50564399688726));
#8197=CARTESIAN_POINT('Ctrl Pts',(-9.71974125506152,-40.7312941963921,-8.56868377940135));
#8198=CARTESIAN_POINT('Ctrl Pts',(-9.73242967945054,-40.7260214254505,-8.63186033980966));
#8199=CARTESIAN_POINT('Ctrl Pts',(-9.74819626704648,-40.7194768234972,-8.6943439274426));
#8200=CARTESIAN_POINT('Ctrl Pts',(-9.7669548972431,-40.7116549030856,-8.75585139448643));
#8201=CARTESIAN_POINT('Ctrl Pts',(-9.77932783800208,-40.7064956693432,-8.79642089439082));
#8202=CARTESIAN_POINT('Ctrl Pts',(-9.79300289714085,-40.7007797706475,-8.83656549364096));
#8203=CARTESIAN_POINT('Ctrl Pts',(-9.80795958099805,-40.6944949463802,-8.87619920541901));
#8204=CARTESIAN_POINT('Ctrl Pts',(-9.83194705073979,-40.6844153703604,-8.93976359382931));
#8205=CARTESIAN_POINT('Ctrl Pts',(-9.85910470850151,-40.6729493982929,-9.00166263222963));
#8206=CARTESIAN_POINT('Ctrl Pts',(-9.88929798387694,-40.6601312484307,-9.06157835699763));
#8207=CARTESIAN_POINT('Ctrl Pts',(-9.91938130422103,-40.6473597785014,-9.12127588631276));
#8208=CARTESIAN_POINT('Ctrl Pts',(-9.95247846920568,-40.6332456945821,-9.1790054133692));
#8209=CARTESIAN_POINT('Ctrl Pts',(-9.98849048059068,-40.6177897911251,-9.23443350193631));
#8210=CARTESIAN_POINT('Ctrl Pts',(-10.0070513792492,-40.6098236862977,-9.26300161282934));
#8211=CARTESIAN_POINT('Ctrl Pts',(-10.0263871223294,-40.6015006182001,-9.2909579651139));
#8212=CARTESIAN_POINT('Ctrl Pts',(-10.0464873511276,-40.5928176272201,-9.31825374973585));
#8213=CARTESIAN_POINT('Ctrl Pts',(-10.0829963657553,-40.5770462920832,-9.36783239931481));
#8214=CARTESIAN_POINT('Ctrl Pts',(-10.1220267313598,-40.5600885105049,-9.4152334920571));
#8215=CARTESIAN_POINT('Ctrl Pts',(-10.1633508503869,-40.5419902330323,-9.46033734265203));
#8216=CARTESIAN_POINT('Ctrl Pts',(-10.2078074444569,-40.5225200593443,-9.50886018171307));
#8217=CARTESIAN_POINT('Ctrl Pts',(-10.2546737850954,-40.5018435665653,-9.55445592334597));
#8218=CARTESIAN_POINT('Ctrl Pts',(-10.3036232300347,-40.4800633427463,-9.59703417949676));
#8219=CARTESIAN_POINT('Ctrl Pts',(-10.3533351921658,-40.4579438342812,-9.64027570470702));
#8220=CARTESIAN_POINT('Ctrl Pts',(-10.405196334951,-40.4346854414116,-9.68040552450372));
#8221=CARTESIAN_POINT('Ctrl Pts',(-10.458898245931,-40.4103769721256,-9.71729088726297));
#8222=CARTESIAN_POINT('Ctrl Pts',(-10.5125628911619,-40.3860853713887,-9.75415065390002));
#8223=CARTESIAN_POINT('Ctrl Pts',(-10.5680664875711,-40.3607445721459,-9.78777091429831));
#8224=CARTESIAN_POINT('Ctrl Pts',(-10.6251239399983,-40.3344329065138,-9.81797429053482));
#8225=CARTESIAN_POINT('Ctrl Pts',(-10.6474715824029,-40.3241274394872,-9.82980402044442));
#8226=CARTESIAN_POINT('Ctrl Pts',(-10.6700577797759,-40.3136729726183,-9.84110906147073));
#8227=CARTESIAN_POINT('Ctrl Pts',(-10.692865979376,-40.3030740848453,-9.85187664137374));
#8228=CARTESIAN_POINT('Ctrl Pts',(-10.7506523730679,-40.2762209569226,-9.87915716426882));
#8229=CARTESIAN_POINT('Ctrl Pts',(-10.80961646241,-40.2485590809937,-9.90287423990398));
#8230=CARTESIAN_POINT('Ctrl Pts',(-10.869475618468,-40.2201894915264,-9.92287864515677));
#8231=CARTESIAN_POINT('Ctrl Pts',(-10.9148690774265,-40.1986757602953,-9.93804874123952));
#8232=CARTESIAN_POINT('Ctrl Pts',(-10.9607778905387,-40.1767548518319,-9.95108293358433));
#8233=CARTESIAN_POINT('Ctrl Pts',(-11.0070852883016,-40.1544715407211,-9.96189720160164));
#8234=CARTESIAN_POINT('Ctrl Pts',(-11.0671055104013,-40.1255895618885,-9.97591385551872));
#8235=CARTESIAN_POINT('Ctrl Pts',(-11.1276203549934,-40.0961827506769,-9.98616193325392));
#8236=CARTESIAN_POINT('Ctrl Pts',(-11.1883785316374,-40.0663643533389,-9.99248147878428));
#8237=CARTESIAN_POINT('Ctrl Pts',(-11.2362477603728,-40.0428714876617,-9.99746042626437));
#8238=CARTESIAN_POINT('Ctrl Pts',(-11.2842685218093,-40.0191230905575,-10.));
#8239=CARTESIAN_POINT('Ctrl Pts',(-11.3323225135377,-39.9951789807132,-10.));
#8240=CARTESIAN_POINT('Ctrl Pts',(-10.178419568543,-41.9471426346111,-7.3236811692505));
#8241=CARTESIAN_POINT('Ctrl Pts',(-10.1256368635841,-41.8197139124408,-7.61697433391884));
#8242=CARTESIAN_POINT('Ctrl Pts',(-9.97335554022111,-41.4520742762817,-8.03144350032477));
#8243=CARTESIAN_POINT('Ctrl Pts',(-9.76633282342729,-40.9522772256787,-8.17619832752782));
#8244=CARTESIAN_POINT('Ctrl Pts',(-9.68142470147752,-40.7472908861119,-8.1856092079351));
#8245=CARTESIAN_POINT('Ctrl Pts',(-23.0451789807142,-28.2823225135368,-10.));
#8246=CARTESIAN_POINT('Ctrl Pts',(-23.5319549753135,-28.5059924542955,-10.));
#8247=CARTESIAN_POINT('Ctrl Pts',(-24.6691390445144,-29.0269313924002,-9.69188497401641));
#8248=CARTESIAN_POINT('Ctrl Pts',(-25.4981635622039,-29.4044584156325,-8.74147227573086));
#8249=CARTESIAN_POINT('Ctrl Pts',(-25.7748974529974,-29.5303864274287,-8.09386826501044));
#8250=CARTESIAN_POINT('Ctrl Pts',(-23.2527708626932,-27.7811513766245,-9.99999999999999));
#8251=CARTESIAN_POINT('Ctrl Pts',(-23.7419168749319,-28.0015829110975,-10.0062820732047));
#8252=CARTESIAN_POINT('Ctrl Pts',(-24.8895072043283,-28.5175980327229,-9.71316746046533));
#8253=CARTESIAN_POINT('Ctrl Pts',(-25.734392120342,-28.8958177067792,-8.76228119281115));
#8254=CARTESIAN_POINT('Ctrl Pts',(-26.0181726584082,-29.0227161095131,-8.10820216862902));
#8255=CARTESIAN_POINT('Ctrl Pts',(-23.6122372420583,-26.9133227683443,-9.54502009980928));
#8256=CARTESIAN_POINT('Ctrl Pts',(-24.0368944606468,-27.0945885352353,-9.55471048631528));
#8257=CARTESIAN_POINT('Ctrl Pts',(-25.0402024123936,-27.5224651100366,-9.31135363328697));
#8258=CARTESIAN_POINT('Ctrl Pts',(-25.7886674242554,-27.8411079819628,-8.49033960720444));
#8259=CARTESIAN_POINT('Ctrl Pts',(-26.0389043714596,-27.9476418853212,-7.9237331240026));
#8260=CARTESIAN_POINT('Ctrl Pts',(-23.7390037381311,-26.6072813742705,-8.59379633289348));
#8261=CARTESIAN_POINT('Ctrl Pts',(-24.0240370131776,-26.7252901885339,-8.59667422414642));
#8262=CARTESIAN_POINT('Ctrl Pts',(-24.6931377076159,-27.0024225513932,-8.42593487530767));
#8263=CARTESIAN_POINT('Ctrl Pts',(-25.1857738082196,-27.2065867890214,-7.87847233214789));
#8264=CARTESIAN_POINT('Ctrl Pts',(-25.350245282994,-27.2746794744117,-7.50341741641708));
#8265=CARTESIAN_POINT('Ctrl Pts',(-23.7390037381311,-26.6072813742705,-8.18694853568928));
#8266=CARTESIAN_POINT('Ctrl Pts',(-23.963582419023,-26.7003049097158,-8.18694853568928));
#8267=CARTESIAN_POINT('Ctrl Pts',(-24.4879147991657,-26.9174904927623,-8.04740642421895));
#8268=CARTESIAN_POINT('Ctrl Pts',(-24.8697139124417,-27.0756368635832,-7.61697433391881));
#8269=CARTESIAN_POINT('Ctrl Pts',(-24.997142634612,-27.128419568542,-7.32368116925051));
#8270=CARTESIAN_POINT('',(-25.7748974529978,-29.5303864274289,-8.09386826501067));
#8271=CARTESIAN_POINT('Ctrl Pts',(-23.0451789807142,-28.2823225135368,-10.));
#8272=CARTESIAN_POINT('Ctrl Pts',(-23.5319549753135,-28.5059924542955,-10.));
#8273=CARTESIAN_POINT('Ctrl Pts',(-24.6691390445144,-29.0269313924002,-9.69188497401641));
#8274=CARTESIAN_POINT('Ctrl Pts',(-25.4981635622039,-29.4044584156325,-8.74147227573086));
#8275=CARTESIAN_POINT('Ctrl Pts',(-25.7748974529974,-29.5303864274287,-8.09386826501044));
#8276=CARTESIAN_POINT('Origin',(-24.303317877195,-28.8034607078083,-7.32368116925051));
#8277=CARTESIAN_POINT('Origin',(0.993824757416976,-18.3250411392653,5.55306586745515));
#8278=CARTESIAN_POINT('',(-25.7748974529841,-29.530386427423,19.2000000000051));
#8279=CARTESIAN_POINT('Ctrl Pts',(-25.7748974529863,-29.530386427424,19.2));
#8280=CARTESIAN_POINT('Ctrl Pts',(-25.7912687123057,-29.4972446493932,19.2));
#8281=CARTESIAN_POINT('Ctrl Pts',(-25.8062139374202,-29.4641550003691,19.2));
#8282=CARTESIAN_POINT('Ctrl Pts',(-25.81971061239,-29.4315711446101,19.2));
#8283=CARTESIAN_POINT('Ctrl Pts',(-25.9025053189684,-29.2316870410959,19.2));
#8284=CARTESIAN_POINT('Ctrl Pts',(-25.9495315836399,-28.9763579578579,19.2));
#8285=CARTESIAN_POINT('Ctrl Pts',(-25.9403591083949,-28.532257275734,19.2));
#8286=CARTESIAN_POINT('Ctrl Pts',(-25.8776085830631,-28.2661447393198,19.2));
#8287=CARTESIAN_POINT('Ctrl Pts',(-25.6839554413162,-27.8365397541356,19.2));
#8288=CARTESIAN_POINT('Ctrl Pts',(-25.513062160804,-27.5996839005726,19.2));
#8289=CARTESIAN_POINT('Ctrl Pts',(-25.1503536410505,-27.2522139267032,19.2));
#8290=CARTESIAN_POINT('Ctrl Pts',(-24.8893158741392,-27.0837562619674,19.2));
#8291=CARTESIAN_POINT('Ctrl Pts',(-24.6501276287123,-26.9846812467514,19.2));
#8292=CARTESIAN_POINT('Origin',(1.0353239709497,-18.4252291034039,5.55306586745515));
#8293=CARTESIAN_POINT('Origin',(0.300000000000001,-16.6499999999991,5.55306586745515));
#8294=CARTESIAN_POINT('',(-23.8921905832015,-32.7913303816455,19.2000000000051));
#8295=CARTESIAN_POINT('Origin',(-0.869731515611183,-15.1255762094426,5.55306586745515));
#8296=CARTESIAN_POINT('Origin',(0.299999999999927,-16.6499999999991,19.2000000000051));
#8297=CARTESIAN_POINT('Origin',(0.299999999999111,-16.6499999999993,-8.09386826501218));
#8298=CARTESIAN_POINT('Origin',(0.3,-16.6499999999991,-6.68613192903075));
#8299=CARTESIAN_POINT('Ctrl Pts',(-23.8921905832124,-32.7913303816538,-8.09386826501192));
#8300=CARTESIAN_POINT('Ctrl Pts',(-23.6447667854071,-32.6146358115037,-8.74147226302419));
#8301=CARTESIAN_POINT('Ctrl Pts',(-23.2210752724294,-32.3122399773486,-9.28456538198392));
#8302=CARTESIAN_POINT('Ctrl Pts',(-22.7065173640724,-31.9461157583008,-9.61792848318564));
#8303=CARTESIAN_POINT('Ctrl Pts',(-22.3205989328037,-31.6715225940143,-9.86795080908755));
#8304=CARTESIAN_POINT('Ctrl Pts',(-21.8835681541338,-31.3610822132254,-10.));
#8305=CARTESIAN_POINT('Ctrl Pts',(-21.4464762920944,-31.0513567964232,-10.));
#8306=CARTESIAN_POINT('Origin',(-0.803715800280146,-15.2116095646682,5.55306586745515));
#8307=CARTESIAN_POINT('Ctrl Pts',(-21.1251603140582,-33.0901037307517,19.2));
#8308=CARTESIAN_POINT('Ctrl Pts',(-21.3305559168291,-33.2477093199701,19.2));
#8309=CARTESIAN_POINT('Ctrl Pts',(-21.6069634174082,-33.3895458250945,19.2));
#8310=CARTESIAN_POINT('Ctrl Pts',(-22.0892355017082,-33.5299256304354,19.2));
#8311=CARTESIAN_POINT('Ctrl Pts',(-22.3798053281848,-33.5594956259136,19.2));
#8312=CARTESIAN_POINT('Ctrl Pts',(-22.8486807298203,-33.5124016735969,19.2));
#8313=CARTESIAN_POINT('Ctrl Pts',(-23.1105162092864,-33.433688954428,19.2));
#8314=CARTESIAN_POINT('Ctrl Pts',(-23.4997049194661,-33.2195822099438,19.2));
#8315=CARTESIAN_POINT('Ctrl Pts',(-23.6973132595395,-33.0511917284742,19.2));
#8316=CARTESIAN_POINT('Ctrl Pts',(-23.8290206177063,-32.8795473575213,19.2));
#8317=CARTESIAN_POINT('Ctrl Pts',(-23.850490727062,-32.8515669662513,19.2));
#8318=CARTESIAN_POINT('Ctrl Pts',(-23.8716745911619,-32.8220791971248,19.2));
#8319=CARTESIAN_POINT('Ctrl Pts',(-23.8921905832035,-32.7913303816469,19.2));
#8320=CARTESIAN_POINT('Ctrl Pts',(-23.8921905832143,-32.7913303816551,-8.093868265007));
#8321=CARTESIAN_POINT('Ctrl Pts',(-23.6447667854092,-32.6146358115052,-8.74147226302144));
#8322=CARTESIAN_POINT('Ctrl Pts',(-22.9033066376969,-32.0854431017328,-9.6918852212043));
#8323=CARTESIAN_POINT('Ctrl Pts',(-21.8835681541338,-31.3610822132254,-10.));
#8324=CARTESIAN_POINT('Ctrl Pts',(-21.4464762920944,-31.0513567964232,-10.));
#8325=CARTESIAN_POINT('Ctrl Pts',(-23.5741727938576,-33.2558480486096,-8.10820216862555));
#8326=CARTESIAN_POINT('Ctrl Pts',(-23.3223852892981,-33.0735360984891,-8.76228117997469));
#8327=CARTESIAN_POINT('Ctrl Pts',(-22.5723948532631,-32.5309540164567,-9.71316730543802));
#8328=CARTESIAN_POINT('Ctrl Pts',(-21.5517176255704,-31.7951193238382,-10.0062820734056));
#8329=CARTESIAN_POINT('Ctrl Pts',(-21.1162452968743,-31.4817222082926,-10.));
#8330=CARTESIAN_POINT('Ctrl Pts',(-22.6534950695608,-33.811329851969,-7.92372966151969));
#8331=CARTESIAN_POINT('Ctrl Pts',(-22.4361155335516,-33.6478852536112,-8.49033613360475));
#8332=CARTESIAN_POINT('Ctrl Pts',(-21.7859338805386,-33.1590202871088,-9.31134827720635));
#8333=CARTESIAN_POINT('Ctrl Pts',(-20.9137297305323,-32.5040700518968,-9.55470361456526));
#8334=CARTESIAN_POINT('Ctrl Pts',(-20.5444203504621,-32.2269389872806,-9.54501322774933));
#8335=CARTESIAN_POINT('Ctrl Pts',(-21.7263649734062,-33.5514242911681,-7.50341741641508));
#8336=CARTESIAN_POINT('Ctrl Pts',(-21.5851592434299,-33.4430341606376,-7.87847232478735));
#8337=CARTESIAN_POINT('Ctrl Pts',(-21.1620298808945,-33.1184809587118,-8.4259350973428));
#8338=CARTESIAN_POINT('Ctrl Pts',(-20.5874757681869,-32.6775888877442,-8.59667422423846));
#8339=CARTESIAN_POINT('Ctrl Pts',(-20.3427604918143,-32.489747231754,-8.59379633289348));
#8340=CARTESIAN_POINT('Ctrl Pts',(-21.4231488551768,-33.3187583804605,-7.32368116924895));
#8341=CARTESIAN_POINT('Ctrl Pts',(-21.3137233328641,-33.2347932240162,-7.61697432816286));
#8342=CARTESIAN_POINT('Ctrl Pts',(-20.9858650469651,-32.9832187130135,-8.04740653616778));
#8343=CARTESIAN_POINT('Ctrl Pts',(-20.5356105832737,-32.637726311565,-8.18694853568928));
#8344=CARTESIAN_POINT('Ctrl Pts',(-20.3427604918143,-32.489747231754,-8.18694853568928));
#8345=CARTESIAN_POINT('Origin',(0.300000000000004,-16.6499999999991,-10.));
#8346=CARTESIAN_POINT('Ctrl Pts',(-7.98224023500516,-41.3828284955472,-9.99999999999999));
#8347=CARTESIAN_POINT('Ctrl Pts',(-8.20623207555599,-41.3078207286653,-9.99999999999999));
#8348=CARTESIAN_POINT('Ctrl Pts',(-8.42696926605922,-41.2304003207129,-9.9539450815232));
#8349=CARTESIAN_POINT('Ctrl Pts',(-8.83739170365582,-41.0808008685264,-9.77483684757986));
#8350=CARTESIAN_POINT('Ctrl Pts',(-9.02313308433868,-41.010125938353,-9.64362517746772));
#8351=CARTESIAN_POINT('Ctrl Pts',(-9.33635099514586,-40.8879316179937,-9.31231998512975));
#8352=CARTESIAN_POINT('Ctrl Pts',(-9.46079440503244,-40.8376785931375,-9.11536428807692));
#8353=CARTESIAN_POINT('Ctrl Pts',(-9.59105531350691,-40.7845734169004,-8.78587251855237));
#8354=CARTESIAN_POINT('Ctrl Pts',(-9.62480042719127,-40.7706808368437,-8.66897187886725));
#8355=CARTESIAN_POINT('Ctrl Pts',(-9.67004304418492,-40.7520154591007,-8.42961577207107));
#8356=CARTESIAN_POINT('Ctrl Pts',(-9.68142500650172,-40.7472916225055,-8.30778102361695));
#8357=CARTESIAN_POINT('Ctrl Pts',(-9.68142500650172,-40.7472916225055,-8.18562827140317));
#8358=CARTESIAN_POINT('Ctrl Pts',(-7.98224023500517,-41.3828284955472,-9.99999999999999));
#8359=CARTESIAN_POINT('Ctrl Pts',(-8.16828430984714,-41.8851896341053,-9.99999999999999));
#8360=CARTESIAN_POINT('Ctrl Pts',(-8.60403546567012,-43.0576597826927,-9.69188521355029));
#8361=CARTESIAN_POINT('Ctrl Pts',(-8.92329236093783,-43.9108204330494,-8.74147227573085));
#8362=CARTESIAN_POINT('Ctrl Pts',(-9.02992822061965,-44.195545394896,-8.09386826501042));
#8363=CARTESIAN_POINT('Ctrl Pts',(-8.48341137191751,-41.1752366135682,-10.));
#8364=CARTESIAN_POINT('Ctrl Pts',(-8.67342120134862,-41.6769837086258,-10.0062820732047));
#8365=CARTESIAN_POINT('Ctrl Pts',(-9.12001223945779,-42.8533302607943,-9.71316730858543));
#8366=CARTESIAN_POINT('Ctrl Pts',(-9.44999447072493,-43.7181959540011,-8.76228119281116));
#8367=CARTESIAN_POINT('Ctrl Pts',(-9.56092689246542,-44.0085898179314,-8.108202168629));
#8368=CARTESIAN_POINT('Ctrl Pts',(-9.35124733905205,-40.8157671860659,-9.54502966184173));
#8369=CARTESIAN_POINT('Ctrl Pts',(-9.52335108503016,-41.2442194379753,-9.55472004834773));
#8370=CARTESIAN_POINT('Ctrl Pts',(-9.9302442496938,-42.2562231255133,-9.31136195407738));
#8371=CARTESIAN_POINT('Ctrl Pts',(-10.2341773542505,-43.0107880886068,-8.49034442502408));
#8372=CARTESIAN_POINT('Ctrl Pts',(-10.3357907510309,-43.2630631763694,-7.9237379418222));
#8373=CARTESIAN_POINT('Ctrl Pts',(-9.65728137427145,-40.6890037381302,-8.59379633289348));
#8374=CARTESIAN_POINT('Ctrl Pts',(-9.77538550311517,-40.9739975325848,-8.59667422414642));
#8375=CARTESIAN_POINT('Ctrl Pts',(-10.0525489984198,-41.6430854622328,-8.42593509081186));
#8376=CARTESIAN_POINT('Ctrl Pts',(-10.2565293788765,-42.1357975882796,-7.87847233214793));
#8377=CARTESIAN_POINT('Ctrl Pts',(-10.3246794744126,-42.300245282993,-7.50341741641707));
#8378=CARTESIAN_POINT('Ctrl Pts',(-9.65728137427145,-40.6890037381302,-8.18694853568928));
#8379=CARTESIAN_POINT('Ctrl Pts',(-9.75030490971674,-40.9135824190221,-8.18694853568928));
#8380=CARTESIAN_POINT('Ctrl Pts',(-9.9674905160113,-41.4379148552907,-8.04740653270136));
#8381=CARTESIAN_POINT('Ctrl Pts',(-10.1256368635841,-41.8197139124408,-7.61697433391884));
#8382=CARTESIAN_POINT('Ctrl Pts',(-10.178419568543,-41.9471426346111,-7.3236811692505));
#8383=CARTESIAN_POINT('',(-9.02992822061982,-44.1955453948964,-8.09386826501067));
#8384=CARTESIAN_POINT('Ctrl Pts',(-7.98224023500517,-41.3828284955472,-9.99999999999999));
#8385=CARTESIAN_POINT('Ctrl Pts',(-8.16828430984714,-41.8851896341053,-9.99999999999999));
#8386=CARTESIAN_POINT('Ctrl Pts',(-8.60403546567012,-43.0576597826927,-9.69188521355029));
#8387=CARTESIAN_POINT('Ctrl Pts',(-8.92329236093783,-43.9108204330494,-8.74147227573085));
#8388=CARTESIAN_POINT('Ctrl Pts',(-9.02992822061965,-44.195545394896,-8.09386826501042));
#8389=CARTESIAN_POINT('Origin',(-8.50337842927666,-42.6409673920281,-7.32368116925051));
#8390=CARTESIAN_POINT('Origin',(1.97504113926628,-17.343824757416,5.55306586745515));
#8391=CARTESIAN_POINT('',(-9.0299282206143,-44.1955453948826,19.2000000000051));
#8392=CARTESIAN_POINT('Ctrl Pts',(-9.02992822061507,-44.1955453948849,19.2));
#8393=CARTESIAN_POINT('Ctrl Pts',(-9.06493922508252,-44.18368684738,19.2));
#8394=CARTESIAN_POINT('Ctrl Pts',(-9.0989050103194,-44.1708568021928,19.2));
#8395=CARTESIAN_POINT('Ctrl Pts',(-9.13148886607844,-44.157360127223,19.2));
#8396=CARTESIAN_POINT('Ctrl Pts',(-9.33137296959265,-44.0745654206447,19.2));
#8397=CARTESIAN_POINT('Ctrl Pts',(-9.54517048642747,-43.927273085096,19.2));
#8398=CARTESIAN_POINT('Ctrl Pts',(-9.85271117084089,-43.6067605617907,19.2));
#8399=CARTESIAN_POINT('Ctrl Pts',(-9.99650982791292,-43.3742192607483,19.2));
#8400=CARTESIAN_POINT('Ctrl Pts',(-10.163352976441,-42.9335092127657,19.2));
#8401=CARTESIAN_POINT('Ctrl Pts',(-10.2099955591497,-42.6451870350382,19.2));
#8402=CARTESIAN_POINT('Ctrl Pts',(-10.1992202800195,-42.1430150063446,19.2));
#8403=CARTESIAN_POINT('Ctrl Pts',(-10.1337562619683,-41.8393158741383,19.2));
#8404=CARTESIAN_POINT('Ctrl Pts',(-10.0346812467523,-41.6001276287113,19.2));
#8405=CARTESIAN_POINT('Origin',(2.07522910340479,-17.3853239709488,5.55306586745515));
#8406=CARTESIAN_POINT('Origin',(0.3,-16.6499999999991,5.55306586745515));
#8407=CARTESIAN_POINT('',(-5.39281784290622,-45.1701061833864,-8.09386826501192));
#8408=CARTESIAN_POINT('Origin',(0.299999999999543,-16.6499999999999,-8.09386826501218));
#8409=CARTESIAN_POINT('',(-5.39281784290442,-45.1701061833728,19.2000000000051));
#8410=CARTESIAN_POINT('Origin',(-1.60505548656088,-16.3991946871508,5.55306586745515));
#8411=CARTESIAN_POINT('Origin',(0.299999999999985,-16.6499999999992,19.2000000000051));
#8412=CARTESIAN_POINT('Origin',(0.299999999999998,-16.6499999999991,-6.68613192903075));
#8413=CARTESIAN_POINT('Ctrl Pts',(-5.39281784290637,-45.1701061833864,-8.0938682650119));
#8414=CARTESIAN_POINT('Ctrl Pts',(-5.34280472640328,-44.8702092093793,-8.74147226302419));
#8415=CARTESIAN_POINT('Ctrl Pts',(-5.25703570190799,-44.3567877736559,-9.28456511101162));
#8416=CARTESIAN_POINT('Ctrl Pts',(-5.15207723756536,-43.7340514905599,-9.61792825092367));
#8417=CARTESIAN_POINT('Ctrl Pts',(-5.07335838930818,-43.2669992782368,-9.86795060585833));
#8418=CARTESIAN_POINT('Ctrl Pts',(-4.98384548113681,-42.7384574642662,-9.99999999999999));
#8419=CARTESIAN_POINT('Ctrl Pts',(-4.89378380401399,-42.21037790209,-10.));
#8420=CARTESIAN_POINT('Origin',(-1.49754055769712,-16.4133492960636,5.55306586745515));
#8421=CARTESIAN_POINT('Ctrl Pts',(-3.22496731465401,-43.424784977504,19.2));
#8422=CARTESIAN_POINT('Ctrl Pts',(-3.25875995731003,-43.6814655819384,19.2));
#8423=CARTESIAN_POINT('Ctrl Pts',(-3.35391602074705,-43.9772087545619,19.2));
#8424=CARTESIAN_POINT('Ctrl Pts',(-3.59567036963431,-44.4174901280457,19.2));
#8425=CARTESIAN_POINT('Ctrl Pts',(-3.78022512002188,-44.6438631670778,19.2));
#8426=CARTESIAN_POINT('Ctrl Pts',(-4.14507054908587,-44.9421076900697,19.2));
#8427=CARTESIAN_POINT('Ctrl Pts',(-4.38587448966152,-45.0715950356655,19.2));
#8428=CARTESIAN_POINT('Ctrl Pts',(-4.81246879671347,-45.1953966808723,19.2));
#8429=CARTESIAN_POINT('Ctrl Pts',(-5.07126904533278,-45.2160568268228,19.2));
#8430=CARTESIAN_POINT('Ctrl Pts',(-5.28577111007795,-45.1878170942614,19.2));
#8431=CARTESIAN_POINT('Ctrl Pts',(-5.32073789440342,-45.1832136297724,19.2));
#8432=CARTESIAN_POINT('Ctrl Pts',(-5.35656814987164,-45.1773418822177,19.2));
#8433=CARTESIAN_POINT('Ctrl Pts',(-5.39281784290489,-45.1701061833752,19.2));
#8434=CARTESIAN_POINT('Origin',(-5.07153433713575,-43.5605272450887,-7.32368116925869));
#8435=CARTESIAN_POINT('Ctrl Pts',(-5.39281784290675,-45.1701061833887,-8.09386826500699));
#8436=CARTESIAN_POINT('Ctrl Pts',(-5.34280472640371,-44.8702092093819,-8.74147226302144));
#8437=CARTESIAN_POINT('Ctrl Pts',(-5.19270893353667,-43.9717216968642,-9.69188474700278));
#8438=CARTESIAN_POINT('Ctrl Pts',(-4.98384548113681,-42.7384574642662,-9.99999999999999));
#8439=CARTESIAN_POINT('Ctrl Pts',(-4.89378380401399,-42.21037790209,-10.));
#8440=CARTESIAN_POINT('Ctrl Pts',(-4.8394817152302,-45.2736972402811,-8.10820216862554));
#8441=CARTESIAN_POINT('Ctrl Pts',(-4.79035507955968,-44.9667425721674,-8.76228117997469));
#8442=CARTESIAN_POINT('Ctrl Pts',(-4.6436952408789,-44.0527560988179,-9.71316760611214));
#8443=CARTESIAN_POINT('Ctrl Pts',(-4.44228113784838,-42.8107142893796,-10.0062820734056));
#8444=CARTESIAN_POINT('Ctrl Pts',(-4.35596092681485,-42.2811836271329,-10.));
#8445=CARTESIAN_POINT('Ctrl Pts',(-3.795654661998,-45.0155024442208,-7.92374573409582));
#8446=CARTESIAN_POINT('Ctrl Pts',(-3.75751690184179,-44.7462191163704,-8.49035220618091));
#8447=CARTESIAN_POINT('Ctrl Pts',(-3.64344763443635,-43.9407690497273,-9.31137413584046));
#8448=CARTESIAN_POINT('Ctrl Pts',(-3.48982535860381,-42.860896058207,-9.55473551416032));
#8449=CARTESIAN_POINT('Ctrl Pts',(-3.42464544666793,-42.403793636136,-9.54504512734439));
#8450=CARTESIAN_POINT('Ctrl Pts',(-3.32388030958869,-44.1761037655811,-7.50341741641508));
#8451=CARTESIAN_POINT('Ctrl Pts',(-3.30067617669189,-43.9996128400607,-7.87847232478737));
#8452=CARTESIAN_POINT('Ctrl Pts',(-3.23097223950579,-43.4709211960909,-8.4259346707125));
#8453=CARTESIAN_POINT('Ctrl Pts',(-3.1364589689599,-42.7528925461485,-8.59667422423846));
#8454=CARTESIAN_POINT('Ctrl Pts',(-3.09624324631687,-42.4470286060254,-8.59379633289348));
#8455=CARTESIAN_POINT('Ctrl Pts',(-3.27399377943594,-43.7971779490037,-7.32368116924895));
#8456=CARTESIAN_POINT('Ctrl Pts',(-3.25599058207885,-43.6604300886364,-7.61697432816288));
#8457=CARTESIAN_POINT('Ctrl Pts',(-3.20204979185734,-43.2507091094678,-8.04740632140682));
#8458=CARTESIAN_POINT('Ctrl Pts',(-3.12797184293215,-42.688031224257,-8.18694853568928));
#8459=CARTESIAN_POINT('Ctrl Pts',(-3.09624324631687,-42.4470286060254,-8.18694853568928));
#8460=CARTESIAN_POINT('Ctrl Pts',(-24.4328284955481,-8.36775976499389,-10.));
#8461=CARTESIAN_POINT('Ctrl Pts',(-24.9351896341062,-8.18171569015192,-10.));
#8462=CARTESIAN_POINT('Ctrl Pts',(-26.107664622607,-7.74596281641854,-9.69189440868));
#8463=CARTESIAN_POINT('Ctrl Pts',(-26.9608204330503,-7.42670763906122,-8.74147227573086));
#8464=CARTESIAN_POINT('Ctrl Pts',(-27.2455453948969,-7.32007177937941,-8.09386826501045));
#8465=CARTESIAN_POINT('Ctrl Pts',(-24.2252366135691,-7.86658862808155,-10.));
#8466=CARTESIAN_POINT('Ctrl Pts',(-24.7269837086267,-7.67657879865044,-10.0062820732047));
#8467=CARTESIAN_POINT('Ctrl Pts',(-25.9033247534097,-7.22999060640629,-9.71316147828282));
#8468=CARTESIAN_POINT('Ctrl Pts',(-26.768195954002,-6.90000552927413,-8.76228119281115));
#8469=CARTESIAN_POINT('Ctrl Pts',(-27.0585898179323,-6.78907310753364,-8.10820216862902));
#8470=CARTESIAN_POINT('Ctrl Pts',(-23.8657259849222,-6.99865319258492,-9.54515891018208));
#8471=CARTESIAN_POINT('Ctrl Pts',(-24.2941782368316,-6.82654944660682,-9.55484929668807));
#8472=CARTESIAN_POINT('Ctrl Pts',(-25.3062322738309,-6.41963086870037,-9.31148367072638));
#8473=CARTESIAN_POINT('Ctrl Pts',(-26.0608705109591,-6.11565977505904,-8.49040954665923));
#8474=CARTESIAN_POINT('Ctrl Pts',(-26.3131455987217,-6.0140463782786,-7.92380306345739));
#8475=CARTESIAN_POINT('Ctrl Pts',(-23.7390037381311,-6.69271862572761,-8.59379633289348));
#8476=CARTESIAN_POINT('Ctrl Pts',(-24.0239975325857,-6.57461449688389,-8.59667422414642));
#8477=CARTESIAN_POINT('Ctrl Pts',(-24.6930900015693,-6.29744984861951,-8.42594336349958));
#8478=CARTESIAN_POINT('Ctrl Pts',(-25.1857975882806,-6.09347062112252,-7.8784723321479));
#8479=CARTESIAN_POINT('Ctrl Pts',(-25.350245282994,-6.02532052558645,-7.50341741641708));
#8480=CARTESIAN_POINT('Ctrl Pts',(-23.7390037381311,-6.69271862572761,-8.18694853568928));
#8481=CARTESIAN_POINT('Ctrl Pts',(-23.9635824190231,-6.59969509028232,-8.18694853568928));
#8482=CARTESIAN_POINT('Ctrl Pts',(-24.4879170098314,-6.38250859154815,-8.0474106970806));
#8483=CARTESIAN_POINT('Ctrl Pts',(-24.8697139124417,-6.22436313641493,-7.61697433391881));
#8484=CARTESIAN_POINT('Ctrl Pts',(-24.997142634612,-6.17158043145611,-7.32368116925051));
#8485=CARTESIAN_POINT('',(-27.2455453948974,-7.32007177937924,-8.09386826501068));
#8486=CARTESIAN_POINT('Ctrl Pts',(-24.4328284955481,-8.36775976499389,-10.));
#8487=CARTESIAN_POINT('Ctrl Pts',(-24.9351896341062,-8.18171569015192,-10.));
#8488=CARTESIAN_POINT('Ctrl Pts',(-26.107664622607,-7.74596281641854,-9.69189440868));
#8489=CARTESIAN_POINT('Ctrl Pts',(-26.9608204330503,-7.42670763906122,-8.74147227573086));
#8490=CARTESIAN_POINT('Ctrl Pts',(-27.2455453948969,-7.32007177937941,-8.09386826501045));
#8491=CARTESIAN_POINT('Origin',(-25.690967392029,-7.8466215707224,-7.32368116925052));
#8492=CARTESIAN_POINT('Origin',(-0.393824757416971,-18.3250411392653,5.55306586745515));
#8493=CARTESIAN_POINT('',(-27.2455453948835,-7.32007177938475,19.2000000000051));
#8494=CARTESIAN_POINT('Ctrl Pts',(-27.2455453948858,-7.32007177938398,19.2));
#8495=CARTESIAN_POINT('Ctrl Pts',(-27.2336868473809,-7.28506077491653,19.2));
#8496=CARTESIAN_POINT('Ctrl Pts',(-27.2208568021938,-7.25109498967965,19.2));
#8497=CARTESIAN_POINT('Ctrl Pts',(-27.207360127224,-7.21851113392061,19.2));
#8498=CARTESIAN_POINT('Ctrl Pts',(-27.1245654206456,-7.0186270304064,19.2));
#8499=CARTESIAN_POINT('Ctrl Pts',(-26.9772730850969,-6.80482951357158,19.2));
#8500=CARTESIAN_POINT('Ctrl Pts',(-26.6567605617916,-6.49728882915817,19.2));
#8501=CARTESIAN_POINT('Ctrl Pts',(-26.4242192607492,-6.35349017208613,19.2));
#8502=CARTESIAN_POINT('Ctrl Pts',(-25.9835092127666,-6.18664702355808,19.2));
#8503=CARTESIAN_POINT('Ctrl Pts',(-25.6951870350391,-6.14000444084938,19.2));
#8504=CARTESIAN_POINT('Ctrl Pts',(-25.1930150063455,-6.15077971997952,19.2));
#8505=CARTESIAN_POINT('Ctrl Pts',(-24.8893158741392,-6.21624373803072,19.2));
#8506=CARTESIAN_POINT('Ctrl Pts',(-24.6501276287123,-6.31531875324677,19.2));
#8507=CARTESIAN_POINT('Origin',(-0.435323970949692,-18.4252291034039,5.55306586745515));
#8508=CARTESIAN_POINT('Origin',(0.300000000000004,-16.6499999999991,5.55306586745515));
#8509=CARTESIAN_POINT('',(-28.2201061833873,-10.9571821570928,-8.09386826501193));
#8510=CARTESIAN_POINT('Origin',(0.299999999999201,-16.6499999999986,-8.09386826501218));
#8511=CARTESIAN_POINT('',(-28.2201061833738,-10.9571821570946,19.2000000000051));
#8512=CARTESIAN_POINT('Origin',(0.550805312848315,-14.7449445134382,5.55306586745515));
#8513=CARTESIAN_POINT('Origin',(0.299999999999916,-16.649999999999,19.2000000000051));
#8514=CARTESIAN_POINT('Origin',(0.300000000000004,-16.6499999999991,-6.68613192903075));
#8515=CARTESIAN_POINT('Ctrl Pts',(-28.2201061833873,-10.9571821570927,-8.09386826501193));
#8516=CARTESIAN_POINT('Ctrl Pts',(-27.9202092093803,-11.0071952735958,-8.7414722630242));
#8517=CARTESIAN_POINT('Ctrl Pts',(-27.4067892024743,-11.0929640343622,-9.28456771239905));
#8518=CARTESIAN_POINT('Ctrl Pts',(-26.7840527152616,-11.1979225363804,-9.61793048068431));
#8519=CARTESIAN_POINT('Ctrl Pts',(-26.3170003498508,-11.2766414128943,-9.8679525568989));
#8520=CARTESIAN_POINT('Ctrl Pts',(-25.7884574642672,-11.3661545188622,-10.));
#8521=CARTESIAN_POINT('Ctrl Pts',(-25.2603779020909,-11.4562161959851,-10.));
#8522=CARTESIAN_POINT('Origin',(0.53665070393547,-14.8524594423019,5.55306586745515));
#8523=CARTESIAN_POINT('Ctrl Pts',(-26.4747849775049,-13.125032685345,19.2));
#8524=CARTESIAN_POINT('Ctrl Pts',(-26.7314655819393,-13.091240042689,19.2));
#8525=CARTESIAN_POINT('Ctrl Pts',(-27.0272087545629,-12.996083979252,19.2));
#8526=CARTESIAN_POINT('Ctrl Pts',(-27.4674901280466,-12.7543296303647,19.2));
#8527=CARTESIAN_POINT('Ctrl Pts',(-27.6938631670787,-12.5697748799772,19.2));
#8528=CARTESIAN_POINT('Ctrl Pts',(-27.9921076900707,-12.2049294509132,19.2));
#8529=CARTESIAN_POINT('Ctrl Pts',(-28.1215950356664,-11.9641255103375,19.2));
#8530=CARTESIAN_POINT('Ctrl Pts',(-28.2453966808732,-11.5375312032856,19.2));
#8531=CARTESIAN_POINT('Ctrl Pts',(-28.2660568268237,-11.2787309546663,19.2));
#8532=CARTESIAN_POINT('Ctrl Pts',(-28.2378170942623,-11.0642288899211,19.2));
#8533=CARTESIAN_POINT('Ctrl Pts',(-28.2332136297733,-11.0292621055956,19.2));
#8534=CARTESIAN_POINT('Ctrl Pts',(-28.2273418822186,-10.9934318501274,19.2));
#8535=CARTESIAN_POINT('Ctrl Pts',(-28.2201061833761,-10.9571821570942,19.2));
#8536=CARTESIAN_POINT('Origin',(-26.6105272450897,-11.2784656628633,-7.32368116925869));
#8537=CARTESIAN_POINT('Ctrl Pts',(-28.2201061833896,-10.9571821570923,-8.09386826500702));
#8538=CARTESIAN_POINT('Ctrl Pts',(-27.9202092093829,-11.0071952735953,-8.74147226302146));
#8539=CARTESIAN_POINT('Ctrl Pts',(-27.0217241972957,-11.157290604937,-9.69188929943077));
#8540=CARTESIAN_POINT('Ctrl Pts',(-25.7884574642672,-11.3661545188622,-10.));
#8541=CARTESIAN_POINT('Ctrl Pts',(-25.2603779020909,-11.4562161959851,-10.));
#8542=CARTESIAN_POINT('Ctrl Pts',(-28.323697240282,-11.5105182847689,-8.10820216862557));
#8543=CARTESIAN_POINT('Ctrl Pts',(-28.0167425721684,-11.5596449204394,-8.7622811799747));
#8544=CARTESIAN_POINT('Ctrl Pts',(-27.1027530329835,-11.7063049022515,-9.71316471958165));
#8545=CARTESIAN_POINT('Ctrl Pts',(-25.8607142893805,-11.9077188621507,-10.0062820734056));
#8546=CARTESIAN_POINT('Ctrl Pts',(-25.3311836271338,-11.9940390731842,-10.));
#8547=CARTESIAN_POINT('Ctrl Pts',(-28.0655842952626,-12.5543988138636,-7.92378061461691));
#8548=CARTESIAN_POINT('Ctrl Pts',(-27.7963009674122,-12.5925365740198,-8.49038708670198));
#8549=CARTESIAN_POINT('Ctrl Pts',(-26.9908063999066,-12.7066078739591,-9.31143869110193));
#8550=CARTESIAN_POINT('Ctrl Pts',(-25.9109035852607,-12.8602318150367,-9.55480474229697));
#8551=CARTESIAN_POINT('Ctrl Pts',(-25.4538011631897,-12.9254117269726,-9.54511435548104));
#8552=CARTESIAN_POINT('Ctrl Pts',(-27.226103765582,-13.0261196904104,-7.5034174164151));
#8553=CARTESIAN_POINT('Ctrl Pts',(-27.0496128400616,-13.0493238233072,-7.87847232478737));
#8554=CARTESIAN_POINT('Ctrl Pts',(-26.5209234277948,-13.1190271311455,-8.42593876644735));
#8555=CARTESIAN_POINT('Ctrl Pts',(-25.8028925461494,-13.2135410310392,-8.59667422423847));
#8556=CARTESIAN_POINT('Ctrl Pts',(-25.4970286060264,-13.2537567536822,-8.59379633289348));
#8557=CARTESIAN_POINT('Ctrl Pts',(-26.8471779490046,-13.0760062205631,-7.32368116924896));
#8558=CARTESIAN_POINT('Ctrl Pts',(-26.7104300886373,-13.0940094179202,-7.61697432816288));
#8559=CARTESIAN_POINT('Ctrl Pts',(-26.3007102541723,-13.1479500574386,-8.04740838315441));
#8560=CARTESIAN_POINT('Ctrl Pts',(-25.7380312242579,-13.2220281570669,-8.18694853568929));
#8561=CARTESIAN_POINT('Ctrl Pts',(-25.4970286060264,-13.2537567536822,-8.18694853568929));
#8562=CARTESIAN_POINT('Ctrl Pts',(25.8603779020909,-11.4562161959851,-10.));
#8563=CARTESIAN_POINT('Ctrl Pts',(26.3884574473773,-11.3661545217428,-10.));
#8564=CARTESIAN_POINT('Ctrl Pts',(27.6217240293574,-11.1572906360036,-9.69188898269999));
#8565=CARTESIAN_POINT('Ctrl Pts',(28.5202092034964,-11.007195274577,-8.74147227573087));
#8566=CARTESIAN_POINT('Ctrl Pts',(28.820106183388,-10.9571821570926,-8.09386826501044));
#8567=CARTESIAN_POINT('Ctrl Pts',(25.9311836271338,-11.9940390731842,-10.));
#8568=CARTESIAN_POINT('Ctrl Pts',(26.4607142724443,-11.9077188649115,-10.0062820732047));
#8569=CARTESIAN_POINT('Ctrl Pts',(27.7027532509939,-11.706304891437,-9.71316491870249));
#8570=CARTESIAN_POINT('Ctrl Pts',(28.6167425661434,-11.5596449214037,-8.76228119281118));
#8571=CARTESIAN_POINT('Ctrl Pts',(28.9236972402804,-11.5105182847691,-8.10820216862902));
#8572=CARTESIAN_POINT('Ctrl Pts',(26.0538006557651,-12.9254078727003,-9.54510968857358));
#8573=CARTESIAN_POINT('Ctrl Pts',(26.5109030632163,-12.8602279628491,-9.55480007507958));
#8574=CARTESIAN_POINT('Ctrl Pts',(27.5908038759044,-12.7066041320313,-9.31143431925973));
#8575=CARTESIAN_POINT('Ctrl Pts',(28.3962954442657,-12.592532969776,-8.49038474640556));
#8576=CARTESIAN_POINT('Ctrl Pts',(28.6655787774002,-12.5543952088715,-7.92377826320369));
#8577=CARTESIAN_POINT('Ctrl Pts',(26.0970286060264,-13.2537567536822,-8.59379633289348));
#8578=CARTESIAN_POINT('Ctrl Pts',(26.4028925363668,-13.2135410323254,-8.59667422414642));
#8579=CARTESIAN_POINT('Ctrl Pts',(27.120923276182,-13.119027174373,-8.42593848184597));
#8580=CARTESIAN_POINT('Ctrl Pts',(27.6496128365974,-13.0493238237626,-7.87847233214793));
#8581=CARTESIAN_POINT('Ctrl Pts',(27.8261037655811,-13.0261196904105,-7.50341741641708));
#8582=CARTESIAN_POINT('Ctrl Pts',(26.0970286060264,-13.2537567536822,-8.18694853568928));
#8583=CARTESIAN_POINT('Ctrl Pts',(26.3380312165498,-13.2220281580817,-8.18694853568928));
#8584=CARTESIAN_POINT('Ctrl Pts',(26.9007101772828,-13.1479500675613,-8.04740823971031));
#8585=CARTESIAN_POINT('Ctrl Pts',(27.3104300859532,-13.0940094182736,-7.61697433391884));
#8586=CARTESIAN_POINT('Ctrl Pts',(27.4471779490039,-13.0760062205632,-7.32368116925051));
#8587=CARTESIAN_POINT('',(26.1595792107427,-13.2455218103457,-8.18562827140324));
#8588=CARTESIAN_POINT('Ctrl Pts',(25.8603779020909,-11.4562161959851,-10.));
#8589=CARTESIAN_POINT('Ctrl Pts',(25.9074151907655,-11.6877027035834,-10.));
#8590=CARTESIAN_POINT('Ctrl Pts',(25.950735745959,-11.9175769220955,-9.95394508152321));
#8591=CARTESIAN_POINT('Ctrl Pts',(26.0263900387715,-12.3478129054305,-9.77483684757986));
#8592=CARTESIAN_POINT('Ctrl Pts',(26.058054444172,-12.5440071247226,-9.64362517746772));
#8593=CARTESIAN_POINT('Ctrl Pts',(26.1088400139463,-12.8763589525815,-9.31231998512974));
#8594=CARTESIAN_POINT('Ctrl Pts',(26.1275413227471,-13.009256619305,-9.11536428807689));
#8595=CARTESIAN_POINT('Ctrl Pts',(26.1466813452906,-13.1486184632825,-8.78587251855239));
#8596=CARTESIAN_POINT('Ctrl Pts',(26.1515225748796,-13.184788879015,-8.6689718788673));
#8597=CARTESIAN_POINT('Ctrl Pts',(26.1579791920798,-13.2333028235367,-8.42961577207108));
#8598=CARTESIAN_POINT('Ctrl Pts',(26.1595792107434,-13.2455218103456,-8.30778102361696));
#8599=CARTESIAN_POINT('Ctrl Pts',(26.1595792107434,-13.2455218103456,-8.18562827140317));
#8600=CARTESIAN_POINT('Ctrl Pts',(25.8603779020909,-11.4562161959851,-10.));
#8601=CARTESIAN_POINT('Ctrl Pts',(26.3884574473773,-11.3661545217428,-10.));
#8602=CARTESIAN_POINT('Ctrl Pts',(27.6217240293574,-11.1572906360036,-9.69188898269999));
#8603=CARTESIAN_POINT('Ctrl Pts',(28.5202092034964,-11.007195274577,-8.74147227573087));
#8604=CARTESIAN_POINT('Ctrl Pts',(28.820106183388,-10.9571821570926,-8.09386826501044));
#8605=CARTESIAN_POINT('Ctrl Pts',(26.1595784207567,-13.2455219143493,-8.18560921395264));
#8606=CARTESIAN_POINT('Ctrl Pts',(26.3795558881231,-13.2165613313576,-8.17619837395368));
#8607=CARTESIAN_POINT('Ctrl Pts',(26.9159044975201,-13.145949697353,-8.03144411602497));
#8608=CARTESIAN_POINT('Ctrl Pts',(27.3104300886373,-13.0940094179202,-7.61697432816288));
#8609=CARTESIAN_POINT('Ctrl Pts',(27.4471779490046,-13.0760062205631,-7.32368116924896));
#8610=CARTESIAN_POINT('Origin',(0.300000000000004,-16.6499999999991,-6.68613192903075));
#8611=CARTESIAN_POINT('Ctrl Pts',(27.8455453948963,-7.32007177937966,-8.09386826501193));
#8612=CARTESIAN_POINT('Ctrl Pts',(27.5608204386365,-7.42670763696908,-8.74147226302419));
#8613=CARTESIAN_POINT('Ctrl Pts',(27.0733027003614,-7.60913921395318,-9.28457039290243));
#8614=CARTESIAN_POINT('Ctrl Pts',(26.4815176300055,-7.82961080001065,-9.61793277825865));
#8615=CARTESIAN_POINT('Ctrl Pts',(26.0376788272374,-7.99496448955417,-9.86795456727644));
#8616=CARTESIAN_POINT('Ctrl Pts',(25.5351896501736,-8.18171568420157,-10.));
#8617=CARTESIAN_POINT('Ctrl Pts',(25.0328284955481,-8.36775976499391,-10.));
#8618=CARTESIAN_POINT('Ctrl Pts',(27.8455453948984,-7.32007177937885,-8.09386826500701));
#8619=CARTESIAN_POINT('Ctrl Pts',(27.560820438639,-7.42670763696816,-8.74147226302144));
#8620=CARTESIAN_POINT('Ctrl Pts',(26.7076643966559,-7.74596289669097,-9.6918939903117));
#8621=CARTESIAN_POINT('Ctrl Pts',(25.5351896501736,-8.18171568420157,-10.));
#8622=CARTESIAN_POINT('Ctrl Pts',(25.0328284955481,-8.36775976499391,-10.));
#8623=CARTESIAN_POINT('Ctrl Pts',(27.6585898179338,-6.78907310753307,-8.10820216862556));
#8624=CARTESIAN_POINT('Ctrl Pts',(27.368195959702,-6.90000552709674,-8.76228117997469));
#8625=CARTESIAN_POINT('Ctrl Pts',(26.5033249994857,-7.22999047853432,-9.71316174526312));
#8626=CARTESIAN_POINT('Ctrl Pts',(25.3269837246744,-7.67657879257325,-10.0062820734056));
#8627=CARTESIAN_POINT('Ctrl Pts',(24.8252366135691,-7.86658862808157,-10.));
#8628=CARTESIAN_POINT('Ctrl Pts',(26.9131420363219,-6.01405341776081,-7.92380024881273));
#8629=CARTESIAN_POINT('Ctrl Pts',(26.6608669535097,-6.1156668125473,-8.49040672089779));
#8630=CARTESIAN_POINT('Ctrl Pts',(25.9062318497092,-6.4196362798873,-9.31147836289941));
#8631=CARTESIAN_POINT('Ctrl Pts',(24.894180031302,-6.82655374025412,-9.55484371071688));
#8632=CARTESIAN_POINT('Ctrl Pts',(24.4657277656892,-6.99865749173673,-9.54515332390095));
#8633=CARTESIAN_POINT('Ctrl Pts',(25.9502452829948,-6.02532052558611,-7.50341741641509));
#8634=CARTESIAN_POINT('Ctrl Pts',(25.7857975915084,-6.09347061978488,-7.87847232478735));
#8635=CARTESIAN_POINT('Ctrl Pts',(25.2930897915894,-6.2974499024217,-8.42594298674575));
#8636=CARTESIAN_POINT('Ctrl Pts',(24.6239975417009,-6.57461449310651,-8.59667422423847));
#8637=CARTESIAN_POINT('Ctrl Pts',(24.3390037381312,-6.69271862572763,-8.59379633289348));
#8638=CARTESIAN_POINT('Ctrl Pts',(25.5971426346127,-6.17158043145584,-7.32368116924896));
#8639=CARTESIAN_POINT('Ctrl Pts',(25.4697139149429,-6.22436313537891,-7.61697432816286));
#8640=CARTESIAN_POINT('Ctrl Pts',(25.087916909238,-6.38250863321532,-8.04741050760592));
#8641=CARTESIAN_POINT('Ctrl Pts',(24.5635824262059,-6.59969508730711,-8.18694853568929));
#8642=CARTESIAN_POINT('Ctrl Pts',(24.3390037381312,-6.69271862572763,-8.18694853568929));
#8643=CARTESIAN_POINT('',(24.397291622495,-6.66857499350209,-8.18562827140422));
#8644=CARTESIAN_POINT('Ctrl Pts',(24.3972916225064,-6.66857499349735,-8.18562827140318));
#8645=CARTESIAN_POINT('Ctrl Pts',(24.3972916225064,-6.66857499349735,-8.42227722850859));
#8646=CARTESIAN_POINT('Ctrl Pts',(24.4150968537229,-6.71126251874537,-8.65661347215321));
#8647=CARTESIAN_POINT('Ctrl Pts',(24.483005787193,-6.87766150558945,-9.09394014227905));
#8648=CARTESIAN_POINT('Ctrl Pts',(24.532340800477,-6.99963645754083,-9.29275909984753));
#8649=CARTESIAN_POINT('Ctrl Pts',(24.6531435440623,-7.30868257874327,-9.62866022212593));
#8650=CARTESIAN_POINT('Ctrl Pts',(24.7233561799664,-7.49275547949971,-9.76256210954995));
#8651=CARTESIAN_POINT('Ctrl Pts',(24.8363917915763,-7.80204162620354,-9.90274336076305));
#8652=CARTESIAN_POINT('Ctrl Pts',(24.8757596623534,-7.91188728827423,-9.93906240268192));
#8653=CARTESIAN_POINT('Ctrl Pts',(24.9547381722437,-8.13727743441292,-9.98774699290375));
#8654=CARTESIAN_POINT('Ctrl Pts',(24.9941416730371,-8.25223129454937,-10.));
#8655=CARTESIAN_POINT('Ctrl Pts',(25.0328284955481,-8.36775976499391,-10.));
#8656=CARTESIAN_POINT('Ctrl Pts',(25.597142634612,-6.17158043145611,-7.32368116925051));
#8657=CARTESIAN_POINT('Ctrl Pts',(25.4697139124417,-6.22436313641493,-7.61697433391882));
#8658=CARTESIAN_POINT('Ctrl Pts',(25.1020770243258,-6.3766433215012,-8.03144882975558));
#8659=CARTESIAN_POINT('Ctrl Pts',(24.6022774140333,-6.58366709855311,-8.17619872694102));
#8660=CARTESIAN_POINT('Ctrl Pts',(24.3972908881001,-6.66857529769839,-8.18560925940928));
#8661=CARTESIAN_POINT('Origin',(0.300000000000004,-16.6499999999991,-10.));
#8662=CARTESIAN_POINT('Ctrl Pts',(23.6451789807142,-5.01767748646133,-10.));
#8663=CARTESIAN_POINT('Ctrl Pts',(23.7505266294943,-5.22910213644909,-10.));
#8664=CARTESIAN_POINT('Ctrl Pts',(23.8518668982938,-5.43993139617937,-9.95394508152321));
#8665=CARTESIAN_POINT('Ctrl Pts',(24.0362965999666,-5.83592667205791,-9.77483684757986));
#8666=CARTESIAN_POINT('Ctrl Pts',(24.1176608674089,-6.01724038427126,-9.64362517746772));
#8667=CARTESIAN_POINT('Ctrl Pts',(24.2527349435812,-6.32512332554063,-9.31231998512974));
#8668=CARTESIAN_POINT('Ctrl Pts',(24.305195467935,-6.44865235919638,-9.11536428807689));
#8669=CARTESIAN_POINT('Ctrl Pts',(24.3597528094075,-6.57831176113555,-8.78587251855239));
#8670=CARTESIAN_POINT('Ctrl Pts',(24.3737906705594,-6.61199669741989,-8.66897187886729));
#8671=CARTESIAN_POINT('Ctrl Pts',(24.3925836166587,-6.6571864738702,-8.42961577207108));
#8672=CARTESIAN_POINT('Ctrl Pts',(24.3972916225064,-6.66857499349734,-8.30778102361696));
#8673=CARTESIAN_POINT('Ctrl Pts',(24.3972916225064,-6.66857499349734,-8.18562827140318));
#8674=CARTESIAN_POINT('Origin',(0.300000000000004,-16.6499999999991,-10.));
#8675=CARTESIAN_POINT('Ctrl Pts',(26.1595792107434,-13.2455218103456,-8.18562827140318));
#8676=CARTESIAN_POINT('Ctrl Pts',(26.1595792107434,-13.2455218103456,-8.4222772285086));
#8677=CARTESIAN_POINT('Ctrl Pts',(26.1657293988959,-13.2913631263843,-8.65661347215321));
#8678=CARTESIAN_POINT('Ctrl Pts',(26.1882571646894,-13.46966833056,-9.09394014227906));
#8679=CARTESIAN_POINT('Ctrl Pts',(26.2043416875703,-13.6002559278385,-9.29275909984753));
#8680=CARTESIAN_POINT('Ctrl Pts',(26.2410411555037,-13.9300376085629,-9.62866022212592));
#8681=CARTESIAN_POINT('Ctrl Pts',(26.2612197814522,-14.1260107447023,-9.76256210954995));
#8682=CARTESIAN_POINT('Ctrl Pts',(26.2903546528432,-14.4540139905765,-9.90274336076305));
#8683=CARTESIAN_POINT('Ctrl Pts',(26.2999509465871,-14.5703059071986,-9.93906240268192));
#8684=CARTESIAN_POINT('Ctrl Pts',(26.3179030666128,-14.8084572128584,-9.98774699290375));
#8685=CARTESIAN_POINT('Ctrl Pts',(26.326211677364,-14.9296924916449,-10.));
#8686=CARTESIAN_POINT('Ctrl Pts',(26.3336793099619,-15.0512973113793,-10.));
#8687=CARTESIAN_POINT('Ctrl Pts',(-11.3323225135377,6.69517898071511,-10.));
#8688=CARTESIAN_POINT('Ctrl Pts',(-11.5559924542964,7.18195497531447,-10.));
#8689=CARTESIAN_POINT('Ctrl Pts',(-12.0769370169159,8.31915085891025,-9.69190840144337));
#8690=CARTESIAN_POINT('Ctrl Pts',(-12.4544584156334,9.14816356220484,-8.74147227573086));
#8691=CARTESIAN_POINT('Ctrl Pts',(-12.5803864274296,9.42489745299831,-8.09386826501045));
#8692=CARTESIAN_POINT('Ctrl Pts',(-10.8311513766254,6.90277086269415,-10.));
#8693=CARTESIAN_POINT('Ctrl Pts',(-11.0515829110984,7.39191687493283,-10.0062820732047));
#8694=CARTESIAN_POINT('Ctrl Pts',(-11.5675932378017,8.53949215534306,-9.71315260597231));
#8695=CARTESIAN_POINT('Ctrl Pts',(-11.9458177067802,9.38439212034298,-8.76228119281117));
#8696=CARTESIAN_POINT('Ctrl Pts',(-12.0727161095141,9.66817265840917,-8.10820216862902));
#8697=CARTESIAN_POINT('Ctrl Pts',(-9.96309097898588,7.26233325235542,-9.54532128492349));
#8698=CARTESIAN_POINT('Ctrl Pts',(-10.1443567458769,7.68699047094391,-9.55501167142948));
#8699=CARTESIAN_POINT('Ctrl Pts',(-10.5722751716456,8.6904254506728,-9.31164141516371));
#8700=CARTESIAN_POINT('Ctrl Pts',(-10.8909754225399,9.43907160792144,-8.49049135899544));
#8701=CARTESIAN_POINT('Ctrl Pts',(-10.9975093258983,9.68930855512563,-7.92388487579357));
#8702=CARTESIAN_POINT('Ctrl Pts',(-9.65728137427144,7.38900373813209,-8.59379633289348));
#8703=CARTESIAN_POINT('Ctrl Pts',(-9.77529018853483,7.67403701317851,-8.59667422414642));
#8704=CARTESIAN_POINT('Ctrl Pts',(-10.0524286521955,8.34314796269934,-8.42595595252935));
#8705=CARTESIAN_POINT('Ctrl Pts',(-10.2565867890223,8.83577380822048,-7.87847233214793));
#8706=CARTESIAN_POINT('Ctrl Pts',(-10.3246794744126,9.00024528299491,-7.50341741641708));
#8707=CARTESIAN_POINT('Ctrl Pts',(-9.65728137427144,7.38900373813209,-8.18694853568929));
#8708=CARTESIAN_POINT('Ctrl Pts',(-9.75030490971673,7.61358241902399,-8.18694853568928));
#8709=CARTESIAN_POINT('Ctrl Pts',(-9.96749276652816,8.13792028852091,-8.04741703425853));
#8710=CARTESIAN_POINT('Ctrl Pts',(-10.1256368635841,8.51971391244264,-7.61697433391885));
#8711=CARTESIAN_POINT('Ctrl Pts',(-10.1784195685429,8.64714263461297,-7.32368116925051));
#8712=CARTESIAN_POINT('',(-9.68142500650147,7.44729162250675,-8.18562827140324));
#8713=CARTESIAN_POINT('Ctrl Pts',(-11.3323225135377,6.69517898071511,-10.));
#8714=CARTESIAN_POINT('Ctrl Pts',(-11.12089786355,6.80052662949524,-10.));
#8715=CARTESIAN_POINT('Ctrl Pts',(-10.9100686038197,6.90186689829476,-9.95394508152321));
#8716=CARTESIAN_POINT('Ctrl Pts',(-10.5140733279411,7.08629659996757,-9.77483684757986));
#8717=CARTESIAN_POINT('Ctrl Pts',(-10.3327596157278,7.16766086740981,-9.64362517746772));
#8718=CARTESIAN_POINT('Ctrl Pts',(-10.0248766744584,7.30273494358214,-9.31231998512974));
#8719=CARTESIAN_POINT('Ctrl Pts',(-9.90134764080268,7.35519546793595,-9.1153642880769));
#8720=CARTESIAN_POINT('Ctrl Pts',(-9.77168823886351,7.40975280940839,-8.78587251855238));
#8721=CARTESIAN_POINT('Ctrl Pts',(-9.73800330257917,7.4237906705603,-8.66897187886727));
#8722=CARTESIAN_POINT('Ctrl Pts',(-9.69281352612886,7.44258361665966,-8.42961577207108));
#8723=CARTESIAN_POINT('Ctrl Pts',(-9.68142500650172,7.44729162250736,-8.30778102361697));
#8724=CARTESIAN_POINT('Ctrl Pts',(-9.68142500650172,7.44729162250736,-8.18562827140318));
#8725=CARTESIAN_POINT('',(-12.5803864274298,9.42489745299875,-8.09386826501068));
#8726=CARTESIAN_POINT('Ctrl Pts',(-11.3323225135377,6.69517898071511,-10.));
#8727=CARTESIAN_POINT('Ctrl Pts',(-11.5559924542964,7.18195497531447,-10.));
#8728=CARTESIAN_POINT('Ctrl Pts',(-12.0769370169159,8.31915085891025,-9.69190840144337));
#8729=CARTESIAN_POINT('Ctrl Pts',(-12.4544584156334,9.14816356220484,-8.74147227573086));
#8730=CARTESIAN_POINT('Ctrl Pts',(-12.5803864274296,9.42489745299831,-8.09386826501045));
#8731=CARTESIAN_POINT('',(-10.1784195685511,8.64714263463275,-7.32368116925869));
#8732=CARTESIAN_POINT('Origin',(-11.8534607078092,7.95331787719599,-7.32368116925051));
#8733=CARTESIAN_POINT('Ctrl Pts',(-9.68142470318193,7.44729089022861,-8.18560931423487));
#8734=CARTESIAN_POINT('Ctrl Pts',(-9.76633298667867,7.65227761980426,-8.17619915209267));
#8735=CARTESIAN_POINT('Ctrl Pts',(-9.9733578881286,8.15207994463362,-8.0314544988569));
#8736=CARTESIAN_POINT('Ctrl Pts',(-10.1256368646202,8.51971391494385,-7.61697432816287));
#8737=CARTESIAN_POINT('Ctrl Pts',(-10.1784195685432,8.64714263461364,-7.32368116924896));
#8738=CARTESIAN_POINT('Origin',(-1.37504113926628,-17.343824757416,5.55306586745515));
#8739=CARTESIAN_POINT('',(-12.5803864274239,9.42489745298507,19.2000000000051));
#8740=CARTESIAN_POINT('',(-10.0346812467523,8.30012762871318,19.2));
#8741=CARTESIAN_POINT('Ctrl Pts',(-12.580386427425,9.42489745298723,19.2));
#8742=CARTESIAN_POINT('Ctrl Pts',(-12.5472446493942,9.4412687123066,19.2));
#8743=CARTESIAN_POINT('Ctrl Pts',(-12.5141550003701,9.45621393742114,19.2));
#8744=CARTESIAN_POINT('Ctrl Pts',(-12.481571144611,9.46971061239095,19.2));
#8745=CARTESIAN_POINT('Ctrl Pts',(-12.2816870410968,9.55250531896932,19.2));
#8746=CARTESIAN_POINT('Ctrl Pts',(-12.0263579578588,9.5995315836408,19.2));
#8747=CARTESIAN_POINT('Ctrl Pts',(-11.5822572757349,9.59035910839586,19.2));
#8748=CARTESIAN_POINT('Ctrl Pts',(-11.3161447393207,9.527608583064,19.2));
#8749=CARTESIAN_POINT('Ctrl Pts',(-10.8865397541365,9.33395544131714,19.2));
#8750=CARTESIAN_POINT('Ctrl Pts',(-10.6496839005735,9.16306216080497,19.2));
#8751=CARTESIAN_POINT('Ctrl Pts',(-10.3022139267042,8.80035364105139,19.2));
#8752=CARTESIAN_POINT('Ctrl Pts',(-10.1337562619683,8.53931587414012,19.2));
#8753=CARTESIAN_POINT('Ctrl Pts',(-10.0346812467523,8.30012762871319,19.2));
#8754=CARTESIAN_POINT('Origin',(0.300000000000009,-16.6499999999991,5.55306586745515));
#8755=CARTESIAN_POINT('Origin',(-1.47522910340479,-17.3853239709488,5.55306586745515));
#8756=CARTESIAN_POINT('Origin',(0.300000000000005,-16.6499999999991,5.55306586745515));
#8757=CARTESIAN_POINT('',(-15.8413303816548,7.54219058321327,-8.09386826501192));
#8758=CARTESIAN_POINT('Origin',(0.29999999999976,-16.6499999999982,-8.09386826501218));
#8759=CARTESIAN_POINT('',(-15.8413303816465,7.54219058320241,19.2000000000051));
#8760=CARTESIAN_POINT('Origin',(1.8244237905565,-15.4802684843879,5.55306586745515));
#8761=CARTESIAN_POINT('Origin',(0.299999999999954,-16.649999999999,19.2000000000051));
#8762=CARTESIAN_POINT('Origin',(0.300000000000007,-16.6499999999991,-6.68613192903075));
#8763=CARTESIAN_POINT('Ctrl Pts',(-15.8413303816547,7.54219058321337,-8.09386826501193));
#8764=CARTESIAN_POINT('Ctrl Pts',(-15.6646358115046,7.29476678540804,-8.74147226302421));
#8765=CARTESIAN_POINT('Ctrl Pts',(-15.3622440771694,6.87108122831612,-9.28457832769274));
#8766=CARTESIAN_POINT('Ctrl Pts',(-14.9961192724331,6.3565224691183,-9.61793957950748));
#8767=CARTESIAN_POINT('Ctrl Pts',(-14.7215256688801,5.97060339971897,-9.86796051836917));
#8768=CARTESIAN_POINT('Ctrl Pts',(-14.4110822132264,5.5335681541348,-10.));
#8769=CARTESIAN_POINT('Ctrl Pts',(-14.1013567964241,5.09647629209537,-10.));
#8770=CARTESIAN_POINT('Origin',(1.73839043533083,-15.5462841997189,5.55306586745515));
#8771=CARTESIAN_POINT('',(-16.1401037307527,4.77516031405918,19.2));
#8772=CARTESIAN_POINT('Ctrl Pts',(-16.1401037307527,4.77516031405918,19.2));
#8773=CARTESIAN_POINT('Ctrl Pts',(-16.297709319971,4.98055591683007,19.2));
#8774=CARTESIAN_POINT('Ctrl Pts',(-16.4395458250954,5.25696341740915,19.2));
#8775=CARTESIAN_POINT('Ctrl Pts',(-16.5799256304363,5.73923550170914,19.2));
#8776=CARTESIAN_POINT('Ctrl Pts',(-16.6094956259145,6.02980532818577,19.2));
#8777=CARTESIAN_POINT('Ctrl Pts',(-16.5624016735978,6.49868072982121,19.2));
#8778=CARTESIAN_POINT('Ctrl Pts',(-16.4836889544289,6.7605162092873,19.2));
#8779=CARTESIAN_POINT('Ctrl Pts',(-16.2695822099447,7.14970491946708,19.2));
#8780=CARTESIAN_POINT('Ctrl Pts',(-16.1011917284751,7.34731325954044,19.2));
#8781=CARTESIAN_POINT('Ctrl Pts',(-15.9295473575222,7.47902061770724,19.2));
#8782=CARTESIAN_POINT('Ctrl Pts',(-15.9015669662522,7.50049072706291,19.2));
#8783=CARTESIAN_POINT('Ctrl Pts',(-15.8720791971257,7.52167459116283,19.2));
#8784=CARTESIAN_POINT('Ctrl Pts',(-15.8413303816478,7.54219058320441,19.2));
#8785=CARTESIAN_POINT('Origin',(-14.9303679451432,6.17686465547427,-7.32368116925869));
#8786=CARTESIAN_POINT('Origin',(0.300000000000007,-16.6499999999991,5.55306586745515));
#8787=CARTESIAN_POINT('Ctrl Pts',(-15.841330381656,7.54219058321525,-8.09386826500701));
#8788=CARTESIAN_POINT('Ctrl Pts',(-15.6646358115061,7.29476678541018,-8.74147226302146));
#8789=CARTESIAN_POINT('Ctrl Pts',(-15.1354502764185,6.55331706049785,-9.69190787619473));
#8790=CARTESIAN_POINT('Ctrl Pts',(-14.4110822132264,5.53356815413479,-10.));
#8791=CARTESIAN_POINT('Ctrl Pts',(-14.1013567964241,5.09647629209536,-10.));
#8792=CARTESIAN_POINT('Ctrl Pts',(-16.3058480486105,7.22417279385853,-8.10820216862556));
#8793=CARTESIAN_POINT('Ctrl Pts',(-16.12353609849,6.97238528929902,-8.7622811799747));
#8794=CARTESIAN_POINT('Ctrl Pts',(-15.5809437317811,6.22238356126007,-9.71315294072528));
#8795=CARTESIAN_POINT('Ctrl Pts',(-14.8451193238392,5.20171762557139,-10.0062820734056));
#8796=CARTESIAN_POINT('Ctrl Pts',(-14.5317222082935,4.76624529687526,-10.));
#8797=CARTESIAN_POINT('Ctrl Pts',(-16.8617253517847,6.30357799747568,-7.92387382660789));
#8798=CARTESIAN_POINT('Ctrl Pts',(-16.698280753427,6.08619846146645,-8.49048029869295));
#8799=CARTESIAN_POINT('Ctrl Pts',(-16.2092941544754,5.43588374710767,-9.31162217647037));
#8800=CARTESIAN_POINT('Ctrl Pts',(-15.5542591429942,4.56358463583169,-9.55498974218376));
#8801=CARTESIAN_POINT('Ctrl Pts',(-15.277128078378,4.19427525576149,-9.54529935536783));
#8802=CARTESIAN_POINT('Ctrl Pts',(-16.601424291169,5.37636497340709,-7.50341741641509));
#8803=CARTESIAN_POINT('Ctrl Pts',(-16.4930341606385,5.23515924343087,-7.87847232478735));
#8804=CARTESIAN_POINT('Ctrl Pts',(-16.1684865972261,4.81203994862078,-8.42595547961661));
#8805=CARTESIAN_POINT('Ctrl Pts',(-15.7275888877452,4.23747576818787,-8.59667422423847));
#8806=CARTESIAN_POINT('Ctrl Pts',(-15.5397472317549,3.99276049181521,-8.59379633289348));
#8807=CARTESIAN_POINT('Ctrl Pts',(-16.3687583804614,5.07314885517771,-7.32368116924896));
#8808=CARTESIAN_POINT('Ctrl Pts',(-16.2847932240172,4.963723332865,-7.61697432816286));
#8809=CARTESIAN_POINT('Ctrl Pts',(-16.0332222107938,4.63586960536098,-8.04741679637885));
#8810=CARTESIAN_POINT('Ctrl Pts',(-15.687726311566,4.18561058327466,-8.18694853568929));
#8811=CARTESIAN_POINT('Ctrl Pts',(-15.5397472317549,3.99276049181521,-8.18694853568929));
#8812=CARTESIAN_POINT('Origin',(0.300000000000004,-16.6499999999991,-10.));
#8813=CARTESIAN_POINT('Ctrl Pts',(-9.68142500650172,7.44729162250736,-8.18562827140318));
#8814=CARTESIAN_POINT('Ctrl Pts',(-9.68142500650172,7.44729162250736,-8.42227722850859));
#8815=CARTESIAN_POINT('Ctrl Pts',(-9.6387374812537,7.46509685372386,-8.65661347215321));
#8816=CARTESIAN_POINT('Ctrl Pts',(-9.47233849440961,7.5330057871939,-9.09394014227906));
#8817=CARTESIAN_POINT('Ctrl Pts',(-9.35036354245824,7.58234080047792,-9.29275909984753));
#8818=CARTESIAN_POINT('Ctrl Pts',(-9.04131742125581,7.70314354406325,-9.62866022212592));
#8819=CARTESIAN_POINT('Ctrl Pts',(-8.85724452049936,7.77335617996737,-9.76256210954995));
#8820=CARTESIAN_POINT('Ctrl Pts',(-8.54795837379552,7.88639179157721,-9.90274336076305));
#8821=CARTESIAN_POINT('Ctrl Pts',(-8.43811271172483,7.92575966235433,-9.93906240268193));
#8822=CARTESIAN_POINT('Ctrl Pts',(-8.21272256558615,8.00473817224458,-9.98774699290375));
#8823=CARTESIAN_POINT('Ctrl Pts',(-8.09776870544971,8.04414167303798,-10.));
#8824=CARTESIAN_POINT('Ctrl Pts',(-7.98224023500516,8.08282849554907,-10.));
#8825=CARTESIAN_POINT('Ctrl Pts',(-4.89378380401398,8.91037790209185,-10.));
#8826=CARTESIAN_POINT('Ctrl Pts',(-4.98384547825631,9.43845744737822,-10.));
#8827=CARTESIAN_POINT('Ctrl Pts',(-5.19271170591393,10.6717367172927,-9.69191208308917));
#8828=CARTESIAN_POINT('Ctrl Pts',(-5.34280472542204,11.5702092034973,-8.74147227573087));
#8829=CARTESIAN_POINT('Ctrl Pts',(-5.39281784290648,11.8701061833889,-8.09386826501045));
#8830=CARTESIAN_POINT('Ctrl Pts',(-4.35596092681484,8.98118362713476,-10.));
#8831=CARTESIAN_POINT('Ctrl Pts',(-4.44228113508754,9.5107142724452,-10.0062820732047));
#8832=CARTESIAN_POINT('Ctrl Pts',(-4.64369438226957,10.7527376940171,-9.7131502715725));
#8833=CARTESIAN_POINT('Ctrl Pts',(-4.79035507859541,11.6667425661443,-8.76228119281117));
#8834=CARTESIAN_POINT('Ctrl Pts',(-4.83948171522994,11.9736972402813,-8.10820216862902));
#8835=CARTESIAN_POINT('Ctrl Pts',(-3.42434670261408,9.10383296653874,-9.54540685861855));
#8836=CARTESIAN_POINT('Ctrl Pts',(-3.48952661246527,9.56093537398996,-9.55509724512455));
#8837=CARTESIAN_POINT('Ctrl Pts',(-3.64315789555723,10.6409685649402,-9.31171916461118));
#8838=CARTESIAN_POINT('Ctrl Pts',(-3.75723747869617,11.4466467996358,-8.49053447520826));
#8839=CARTESIAN_POINT('Ctrl Pts',(-3.79537523960076,11.7159301327704,-7.92392799200639));
#8840=CARTESIAN_POINT('Ctrl Pts',(-3.09624324631686,9.14702860602732,-8.59379633289348));
#8841=CARTESIAN_POINT('Ctrl Pts',(-3.13645896767365,9.45289253636775,-8.59667422414642));
#8842=CARTESIAN_POINT('Ctrl Pts',(-3.2309760191259,10.1709346005143,-8.4259592648378));
#8843=CARTESIAN_POINT('Ctrl Pts',(-3.30067617623643,10.6996128365983,-7.87847233214793));
#8844=CARTESIAN_POINT('Ctrl Pts',(-3.32388030958856,10.876103765582,-7.50341741641708));
#8845=CARTESIAN_POINT('Ctrl Pts',(-3.09624324631686,9.14702860602732,-8.18694853568929));
#8846=CARTESIAN_POINT('Ctrl Pts',(-3.12797184191735,9.38803121655075,-8.18694853568929));
#8847=CARTESIAN_POINT('Ctrl Pts',(-3.2020506971504,9.95071598585311,-8.04741870163787));
#8848=CARTESIAN_POINT('Ctrl Pts',(-3.25599058172547,10.3604300859541,-7.61697433391885));
#8849=CARTESIAN_POINT('Ctrl Pts',(-3.27399377943583,10.4971779490048,-7.32368116925051));
#8850=CARTESIAN_POINT('',(-3.10447818965336,9.20957921074364,-8.18562827140324));
#8851=CARTESIAN_POINT('Ctrl Pts',(-4.89378380401399,8.91037790209186,-10.));
#8852=CARTESIAN_POINT('Ctrl Pts',(-4.66229729641562,8.95741519076645,-10.));
#8853=CARTESIAN_POINT('Ctrl Pts',(-4.4324230779036,9.00073574595992,-9.95394508152321));
#8854=CARTESIAN_POINT('Ctrl Pts',(-4.00218709456855,9.07639003877248,-9.77483684757986));
#8855=CARTESIAN_POINT('Ctrl Pts',(-3.80599287527646,9.10805444417298,-9.64362517746772));
#8856=CARTESIAN_POINT('Ctrl Pts',(-3.47364104741752,9.15884001394727,-9.31231998512974));
#8857=CARTESIAN_POINT('Ctrl Pts',(-3.34074338069407,9.17754132274807,-9.1153642880769));
#8858=CARTESIAN_POINT('Ctrl Pts',(-3.2013815367166,9.1966813452915,-8.78587251855239));
#8859=CARTESIAN_POINT('Ctrl Pts',(-3.16521112098403,9.20152257488055,-8.66897187886728));
#8860=CARTESIAN_POINT('Ctrl Pts',(-3.11669717646235,9.20797919208071,-8.42961577207108));
#8861=CARTESIAN_POINT('Ctrl Pts',(-3.10447818965345,9.20957921074429,-8.30778102361695));
#8862=CARTESIAN_POINT('Ctrl Pts',(-3.10447818965345,9.20957921074429,-8.18562827140318));
#8863=CARTESIAN_POINT('',(-5.39281784290656,11.8701061833894,-8.09386826501068));
#8864=CARTESIAN_POINT('Ctrl Pts',(-4.89378380401398,8.91037790209185,-10.));
#8865=CARTESIAN_POINT('Ctrl Pts',(-4.98384547825631,9.43845744737822,-10.));
#8866=CARTESIAN_POINT('Ctrl Pts',(-5.19271170591393,10.6717367172927,-9.69191208308917));
#8867=CARTESIAN_POINT('Ctrl Pts',(-5.34280472542204,11.5702092034973,-8.74147227573087));
#8868=CARTESIAN_POINT('Ctrl Pts',(-5.39281784290648,11.8701061833889,-8.09386826501045));
#8869=CARTESIAN_POINT('',(-3.27399377943862,10.4971779490261,-7.32368116925869));
#8870=CARTESIAN_POINT('Origin',(-5.07153433713295,10.2605272450694,-7.32368116925052));
#8871=CARTESIAN_POINT('Ctrl Pts',(-3.1044780863319,9.20957842593918,-8.18560933901782));
#8872=CARTESIAN_POINT('Ctrl Pts',(-3.13343873329675,9.42955637922968,-8.17619934439591));
#8873=CARTESIAN_POINT('Ctrl Pts',(-3.20405124595419,9.96591166265721,-8.03145706479202));
#8874=CARTESIAN_POINT('Ctrl Pts',(-3.25599058207884,10.3604300886383,-7.61697432816287));
#8875=CARTESIAN_POINT('Ctrl Pts',(-3.27399377943593,10.4971779490056,-7.32368116924896));
#8876=CARTESIAN_POINT('Origin',(-1.49754055769711,-16.8866507039345,5.55306586745515));
#8877=CARTESIAN_POINT('',(-5.39281784290442,11.8701061833747,19.2000000000051));
#8878=CARTESIAN_POINT('',(-3.224967314654,10.1247849775059,19.2));
#8879=CARTESIAN_POINT('Ctrl Pts',(-5.39281784290489,11.8701061833771,19.2));
#8880=CARTESIAN_POINT('Ctrl Pts',(-5.35656814987164,11.8773418822196,19.2));
#8881=CARTESIAN_POINT('Ctrl Pts',(-5.32073789440343,11.8832136297742,19.2));
#8882=CARTESIAN_POINT('Ctrl Pts',(-5.28577111007795,11.8878170942633,19.2));
#8883=CARTESIAN_POINT('Ctrl Pts',(-5.07126904533278,11.9160568268246,19.2));
#8884=CARTESIAN_POINT('Ctrl Pts',(-4.81246879671347,11.8953966808741,19.2));
#8885=CARTESIAN_POINT('Ctrl Pts',(-4.38587448966152,11.7715950356674,19.2));
#8886=CARTESIAN_POINT('Ctrl Pts',(-4.14507054908587,11.6421076900716,19.2));
#8887=CARTESIAN_POINT('Ctrl Pts',(-3.78022512002188,11.3438631670796,19.2));
#8888=CARTESIAN_POINT('Ctrl Pts',(-3.59567036963431,11.1174901280475,19.2));
#8889=CARTESIAN_POINT('Ctrl Pts',(-3.35391602074705,10.6772087545638,19.2));
#8890=CARTESIAN_POINT('Ctrl Pts',(-3.25875995731004,10.3814655819403,19.2));
#8891=CARTESIAN_POINT('Ctrl Pts',(-3.22496731465401,10.1247849775059,19.2));
#8892=CARTESIAN_POINT('Origin',(0.300000000000009,-16.6499999999991,5.55306586745515));
#8893=CARTESIAN_POINT('Origin',(-1.60505548656087,-16.9008053128474,5.55306586745515));
#8894=CARTESIAN_POINT('Origin',(0.300000000000005,-16.6499999999991,5.55306586745515));
#8895=CARTESIAN_POINT('',(-9.02992822061955,10.8955453948971,-8.09386826501193));
#8896=CARTESIAN_POINT('Origin',(0.299999999999998,-16.6499999999981,-8.09386826501218));
#8897=CARTESIAN_POINT('',(-9.0299282206143,10.8955453948845,19.2000000000051));
#8898=CARTESIAN_POINT('Origin',(2.07522910340481,-15.9146760290494,5.55306586745515));
#8899=CARTESIAN_POINT('Origin',(0.299999999999976,-16.649999999999,19.2000000000051));
#8900=CARTESIAN_POINT('Origin',(0.300000000000007,-16.6499999999991,-6.68613192903075));
#8901=CARTESIAN_POINT('Ctrl Pts',(-9.0299282206194,10.8955453948972,-8.09386826501193));
#8902=CARTESIAN_POINT('Ctrl Pts',(-8.92329236302998,10.6108204386374,-8.74147226302421));
#8903=CARTESIAN_POINT('Ctrl Pts',(-8.74086253818298,10.1233076367034,-9.28457977122867));
#8904=CARTESIAN_POINT('Ctrl Pts',(-8.52039070182021,9.53152186115587,-9.61794081682399));
#8905=CARTESIAN_POINT('Ctrl Pts',(-8.35503682454771,9.08768252949411,-9.86796160102111));
#8906=CARTESIAN_POINT('Ctrl Pts',(-8.16828431579748,8.58518965017447,-10.));
#8907=CARTESIAN_POINT('Ctrl Pts',(-7.98224023500516,8.08282849554906,-10.));
#8908=CARTESIAN_POINT('Origin',(1.9750411392663,-15.9561752425821,5.55306586745515));
#8909=CARTESIAN_POINT('Ctrl Pts',(-10.0346812467523,8.30012762871318,19.2));
#8910=CARTESIAN_POINT('Ctrl Pts',(-10.1337562619683,8.53931587414011,19.2));
#8911=CARTESIAN_POINT('Ctrl Pts',(-10.1992202800195,8.84301500634643,19.2));
#8912=CARTESIAN_POINT('Ctrl Pts',(-10.2099955591497,9.34518703504007,19.2));
#8913=CARTESIAN_POINT('Ctrl Pts',(-10.163352976441,9.63350921276752,19.2));
#8914=CARTESIAN_POINT('Ctrl Pts',(-9.99650982791292,10.0742192607501,19.2));
#8915=CARTESIAN_POINT('Ctrl Pts',(-9.85271117084089,10.3067605617925,19.2));
#8916=CARTESIAN_POINT('Ctrl Pts',(-9.54517048642747,10.6272730850979,19.2));
#8917=CARTESIAN_POINT('Ctrl Pts',(-9.33137296959265,10.7745654206465,19.2));
#8918=CARTESIAN_POINT('Ctrl Pts',(-9.13148886607845,10.8573601272249,19.2));
#8919=CARTESIAN_POINT('Ctrl Pts',(-9.09890501031941,10.8708568021947,19.2));
#8920=CARTESIAN_POINT('Ctrl Pts',(-9.06493922508252,10.8836868473819,19.2));
#8921=CARTESIAN_POINT('Ctrl Pts',(-9.02992822061507,10.8955453948867,19.2));
#8922=CARTESIAN_POINT('Origin',(-8.50337842928486,9.34096739204973,-7.32368116925869));
#8923=CARTESIAN_POINT('Ctrl Pts',(-9.02992822062021,10.8955453948994,-8.09386826500702));
#8924=CARTESIAN_POINT('Ctrl Pts',(-8.9232923630309,10.6108204386399,-8.74147226302146));
#8925=CARTESIAN_POINT('Ctrl Pts',(-8.60404016954801,9.75767303525363,-9.6919104023826));
#8926=CARTESIAN_POINT('Ctrl Pts',(-8.16828431579748,8.58518965017446,-10.));
#8927=CARTESIAN_POINT('Ctrl Pts',(-7.98224023500515,8.08282849554905,-10.));
#8928=CARTESIAN_POINT('Ctrl Pts',(-9.560926892466,10.7085898179348,-8.10820216862556));
#8929=CARTESIAN_POINT('Ctrl Pts',(-9.44999447290233,10.4181959597029,-8.7622811799747));
#8930=CARTESIAN_POINT('Ctrl Pts',(-9.12000444197993,9.55331516954784,-9.71315133896061));
#8931=CARTESIAN_POINT('Ctrl Pts',(-8.6734212074258,8.37698372467526,-10.0062820734056));
#8932=CARTESIAN_POINT('Ctrl Pts',(-8.4834113719175,7.87523661357001,-10.));
#8933=CARTESIAN_POINT('Ctrl Pts',(-10.3361980558694,9.96326929708445,-7.92390079713183));
#8934=CARTESIAN_POINT('Ctrl Pts',(-10.2345846610829,9.71099421427228,-8.4905072692169));
#8935=CARTESIAN_POINT('Ctrl Pts',(-9.93055773528475,8.95624842662163,-9.31167112085116));
#8936=CARTESIAN_POINT('Ctrl Pts',(-9.5235998396817,7.9441164164102,-9.5550432711753));
#8937=CARTESIAN_POINT('Ctrl Pts',(-9.3514960881991,7.51566415079737,-9.54535288435937));
#8938=CARTESIAN_POINT('Ctrl Pts',(-10.324679474413,9.00024528299578,-7.50341741641509));
#8939=CARTESIAN_POINT('Ctrl Pts',(-10.2565293802142,8.83579759150931,-7.87847232478736));
#8940=CARTESIAN_POINT('Ctrl Pts',(-10.052552155456,8.3430978936949,-8.42595775238089));
#8941=CARTESIAN_POINT('Ctrl Pts',(-9.77538550689256,7.67399754170177,-8.59667422423847));
#8942=CARTESIAN_POINT('Ctrl Pts',(-9.65728137427145,7.38900373813208,-8.59379633289348));
#8943=CARTESIAN_POINT('Ctrl Pts',(-10.1784195685432,8.64714263461364,-7.32368116924896));
#8944=CARTESIAN_POINT('Ctrl Pts',(-10.1256368646202,8.51971391494385,-7.61697432816287));
#8945=CARTESIAN_POINT('Ctrl Pts',(-9.96749295966887,8.1379207548038,-8.04741794046324));
#8946=CARTESIAN_POINT('Ctrl Pts',(-9.75030491269196,7.61358242620681,-8.18694853568929));
#8947=CARTESIAN_POINT('Ctrl Pts',(-9.65728137427145,7.38900373813208,-8.18694853568929));
#8948=CARTESIAN_POINT('Origin',(0.300000000000004,-16.6499999999991,-10.));
#8949=CARTESIAN_POINT('Ctrl Pts',(-3.10447818965345,9.20957921074429,-8.18562827140318));
#8950=CARTESIAN_POINT('Ctrl Pts',(-3.10447818965345,9.20957921074429,-8.42227722850861));
#8951=CARTESIAN_POINT('Ctrl Pts',(-3.05863687361473,9.21572939889688,-8.65661347215322));
#8952=CARTESIAN_POINT('Ctrl Pts',(-2.88033166943905,9.23825716469033,-9.09394014227906));
#8953=CARTESIAN_POINT('Ctrl Pts',(-2.74974407216056,9.25434168757119,-9.29275909984753));
#8954=CARTESIAN_POINT('Ctrl Pts',(-2.41996239143615,9.29104115550459,-9.62866022212592));
#8955=CARTESIAN_POINT('Ctrl Pts',(-2.22398925529672,9.31121978145317,-9.76256210954995));
#8956=CARTESIAN_POINT('Ctrl Pts',(-1.8959860094226,9.34035465284417,-9.90274336076306));
#8957=CARTESIAN_POINT('Ctrl Pts',(-1.77969409280044,9.34995094658801,-9.93906240268193));
#8958=CARTESIAN_POINT('Ctrl Pts',(-1.54154278714062,9.3679030666137,-9.98774699290375));
#8959=CARTESIAN_POINT('Ctrl Pts',(-1.42030750835416,9.37621167736489,-10.));
#8960=CARTESIAN_POINT('Ctrl Pts',(-1.29870268861974,9.38367930996279,-10.));
#8961=CARTESIAN_POINT('Ctrl Pts',(23.6451789807142,-5.01767748646133,-10.));
#8962=CARTESIAN_POINT('Ctrl Pts',(24.1319549753135,-4.79400754570264,-10.));
#8963=CARTESIAN_POINT('Ctrl Pts',(25.2691453206213,-4.27306561971272,-9.69189741926118));
#8964=CARTESIAN_POINT('Ctrl Pts',(26.0981635622039,-3.89554158436561,-8.74147227573086));
#8965=CARTESIAN_POINT('Ctrl Pts',(26.3748974529974,-3.76961357256948,-8.09386826501044));
#8966=CARTESIAN_POINT('Ctrl Pts',(23.8527708626932,-5.51884862337367,-10.));
#8967=CARTESIAN_POINT('Ctrl Pts',(24.3419168749319,-5.29841708890066,-10.0062820732047));
#8968=CARTESIAN_POINT('Ctrl Pts',(25.4894992099243,-4.78240451445978,-9.71315956938104));
#8969=CARTESIAN_POINT('Ctrl Pts',(26.3343921203421,-4.4041822932189,-8.76228119281115));
#8970=CARTESIAN_POINT('Ctrl Pts',(26.6181726584082,-4.277283890485,-8.10820216862902));
#8971=CARTESIAN_POINT('Ctrl Pts',(24.212291471994,-6.38680815430034,-9.54519021957812));
#8972=CARTESIAN_POINT('Ctrl Pts',(24.6369486905825,-6.2055423874093,-9.55488060608411));
#8973=CARTESIAN_POINT('Ctrl Pts',(25.6403274739588,-5.77764248943888,-9.31151446520042));
#8974=CARTESIAN_POINT('Ctrl Pts',(26.3888957211679,-5.45896689218246,-8.49042532186424));
#8975=CARTESIAN_POINT('Ctrl Pts',(26.6391326683721,-5.35243298882398,-7.9238188386624));
#8976=CARTESIAN_POINT('Ctrl Pts',(24.3390037381312,-6.69271862572761,-8.59379633289348));
#8977=CARTESIAN_POINT('Ctrl Pts',(24.6240370131776,-6.57470981146424,-8.59667422414642));
#8978=CARTESIAN_POINT('Ctrl Pts',(25.2931431553764,-6.29757420770419,-8.42594607206364));
#8979=CARTESIAN_POINT('Ctrl Pts',(25.7857738082196,-6.09341321097674,-7.8784723321479));
#8980=CARTESIAN_POINT('Ctrl Pts',(25.950245282994,-6.02532052558646,-7.50341741641708));
#8981=CARTESIAN_POINT('Ctrl Pts',(24.3390037381312,-6.69271862572761,-8.18694853568928));
#8982=CARTESIAN_POINT('Ctrl Pts',(24.563582419023,-6.59969509028233,-8.18694853568928));
#8983=CARTESIAN_POINT('Ctrl Pts',(25.0879177152502,-6.38250829935413,-8.0474120605417));
#8984=CARTESIAN_POINT('Ctrl Pts',(25.4697139124417,-6.22436313641493,-7.61697433391882));
#8985=CARTESIAN_POINT('Ctrl Pts',(25.597142634612,-6.17158043145611,-7.32368116925051));
#8986=CARTESIAN_POINT('Ctrl Pts',(23.6451789807142,-5.01767748646133,-10.));
#8987=CARTESIAN_POINT('Ctrl Pts',(24.1319549753135,-4.79400754570264,-10.));
#8988=CARTESIAN_POINT('Ctrl Pts',(25.2691453206213,-4.27306561971272,-9.69189741926118));
#8989=CARTESIAN_POINT('Ctrl Pts',(26.0981635622039,-3.89554158436561,-8.74147227573086));
#8990=CARTESIAN_POINT('Ctrl Pts',(26.3748974529974,-3.76961357256948,-8.09386826501044));
#8991=CARTESIAN_POINT('Origin',(0.300000000000005,-16.6499999999991,-6.68613192903075));
#8992=CARTESIAN_POINT('Ctrl Pts',(24.4921905832124,-0.508669618344379,-8.09386826501193));
#8993=CARTESIAN_POINT('Ctrl Pts',(24.2447667854071,-0.685364188494487,-8.7414722630242));
#8994=CARTESIAN_POINT('Ctrl Pts',(23.8210803065526,-0.987756557338263,-9.28457632415013));
#8995=CARTESIAN_POINT('Ctrl Pts',(23.3065216790351,-1.3538812714305,-9.61793786218525));
#8996=CARTESIAN_POINT('Ctrl Pts',(22.9206027083961,-1.62847480700037,-9.86795901571221));
#8997=CARTESIAN_POINT('Ctrl Pts',(22.4835681541339,-1.93891778677269,-10.));
#8998=CARTESIAN_POINT('Ctrl Pts',(22.0464762920944,-2.24864320357495,-10.));
#8999=CARTESIAN_POINT('Ctrl Pts',(24.4921905832143,-0.508669618343038,-8.09386826500702));
#9000=CARTESIAN_POINT('Ctrl Pts',(24.2447667854093,-0.685364188492957,-8.74147226302145));
#9001=CARTESIAN_POINT('Ctrl Pts',(23.5033154474123,-1.21455083397062,-9.69190436999517));
#9002=CARTESIAN_POINT('Ctrl Pts',(22.4835681541339,-1.93891778677269,-10.));
#9003=CARTESIAN_POINT('Ctrl Pts',(22.0464762920944,-2.24864320357496,-10.));
#9004=CARTESIAN_POINT('Ctrl Pts',(24.1741727938576,-0.0441519513885679,
-8.10820216862557));
#9005=CARTESIAN_POINT('Ctrl Pts',(23.9223852892981,-0.22646390150906,-8.76228117997469));
#9006=CARTESIAN_POINT('Ctrl Pts',(23.1723853088661,-0.769054676509971,-9.71315516388001));
#9007=CARTESIAN_POINT('Ctrl Pts',(22.1517176255705,-1.50488067615991,-10.0062820734056));
#9008=CARTESIAN_POINT('Ctrl Pts',(21.7162452968743,-1.81827779170552,-10.));
#9009=CARTESIAN_POINT('Ctrl Pts',(23.2535664862173,0.511670452295391,-7.92385381499331));
#9010=CARTESIAN_POINT('Ctrl Pts',(23.036186950208,0.348225853937606,-8.49046028707837));
#9011=CARTESIAN_POINT('Ctrl Pts',(22.3858903693413,-0.14074415426407,-9.31158336697296));
#9012=CARTESIAN_POINT('Ctrl Pts',(21.5136047764854,-0.795767104816917,-9.55495002469256));
#9013=CARTESIAN_POINT('Ctrl Pts',(21.1442953964152,-1.07289816943312,-9.54525963787663));
#9014=CARTESIAN_POINT('Ctrl Pts',(22.3263649734062,0.251424291169948,-7.50341741641509));
#9015=CARTESIAN_POINT('Ctrl Pts',(22.1851592434299,0.143034160639482,-7.87847232478736));
#9016=CARTESIAN_POINT('Ctrl Pts',(21.7620383904884,-0.181514275417484,-8.42595232515404));
#9017=CARTESIAN_POINT('Ctrl Pts',(21.1874757681869,-0.622411112253898,-8.59667422423847));
#9018=CARTESIAN_POINT('Ctrl Pts',(20.9427604918143,-0.810252768244139,-8.59379633289349));
#9019=CARTESIAN_POINT('Ctrl Pts',(22.0231488551768,0.0187583804623226,-7.32368116924896));
#9020=CARTESIAN_POINT('Ctrl Pts',(21.9137233328641,-0.0652067759819086,
-7.61697432816287));
#9021=CARTESIAN_POINT('Ctrl Pts',(21.5858688998801,-0.31677833053906,-8.0474152084573));
#9022=CARTESIAN_POINT('Ctrl Pts',(21.1356105832737,-0.662273688433095,-8.18694853568929));
#9023=CARTESIAN_POINT('Ctrl Pts',(20.9427604918143,-0.810252768244138,-8.18694853568929));
#9024=CARTESIAN_POINT('',(20.9928134328431,-0.771845795764987,-8.18562827140422));
#9025=CARTESIAN_POINT('Ctrl Pts',(20.992813432853,-0.771845795757437,-8.18562827140318));
#9026=CARTESIAN_POINT('Ctrl Pts',(20.992813432853,-0.771845795757437,-8.42227722850859));
#9027=CARTESIAN_POINT('Ctrl Pts',(21.0210603100505,-0.808470445913577,-8.65661347215321));
#9028=CARTESIAN_POINT('Ctrl Pts',(21.129722529606,-0.95162339945997,-9.09394014227905));
#9029=CARTESIAN_POINT('Ctrl Pts',(21.2089459336678,-1.05667331468188,-9.29275909984753));
#9030=CARTESIAN_POINT('Ctrl Pts',(21.4056194455657,-1.32392289392525,-9.62866022212593));
#9031=CARTESIAN_POINT('Ctrl Pts',(21.5210812163204,-1.48355129530701,-9.76256210954995));
#9032=CARTESIAN_POINT('Ctrl Pts',(21.710314378018,-1.75304300306224,-9.90274336076305));
#9033=CARTESIAN_POINT('Ctrl Pts',(21.7767709704934,-1.84895661023989,-9.93906240268193));
#9034=CARTESIAN_POINT('Ctrl Pts',(21.9113936153174,-2.04622563087289,-9.98774699290375));
#9035=CARTESIAN_POINT('Ctrl Pts',(21.9792067226913,-2.14706415676127,-10.));
#9036=CARTESIAN_POINT('Ctrl Pts',(22.0464762920944,-2.24864320357495,-10.));
#9037=CARTESIAN_POINT('Ctrl Pts',(22.0231488551762,0.0187583804618749,-7.32368116925051));
#9038=CARTESIAN_POINT('Ctrl Pts',(21.9137233307162,-0.0652067776300081,
-7.61697433391885));
#9039=CARTESIAN_POINT('Ctrl Pts',(21.5980281238859,-0.307448229806547,-8.03145277298024));
#9040=CARTESIAN_POINT('Ctrl Pts',(21.168838842293,-0.636776748524093,-8.17619902246504));
#9041=CARTESIAN_POINT('Ctrl Pts',(20.9928128034666,-0.771846278702565,-8.18560929749477));
#9042=CARTESIAN_POINT('Origin',(0.300000000000004,-16.6499999999991,-10.));
#9043=CARTESIAN_POINT('Ctrl Pts',(19.8390446915341,0.628137667086689,-10.));
#9044=CARTESIAN_POINT('Ctrl Pts',(19.9955234322507,0.451183115210455,-10.));
#9045=CARTESIAN_POINT('Ctrl Pts',(20.1479772428103,0.273766479900692,-9.95394508152321));
#9046=CARTESIAN_POINT('Ctrl Pts',(20.4286137739588,-0.0610016648833562,
-9.77483684757986));
#9047=CARTESIAN_POINT('Ctrl Pts',(20.5541330630774,-0.21507864016571,-9.64362517746773));
#9048=CARTESIAN_POINT('Ctrl Pts',(20.7642905705771,-0.477510981198609,-9.31231998512974));
#9049=CARTESIAN_POINT('Ctrl Pts',(20.8469352124443,-0.583253082284397,-9.11536428807689));
#9050=CARTESIAN_POINT('Ctrl Pts',(20.9331918801847,-0.694373968215408,-8.78587251855239));
#9051=CARTESIAN_POINT('Ctrl Pts',(20.9554697158606,-0.723277852310738,-8.66897187886728));
#9052=CARTESIAN_POINT('Ctrl Pts',(20.9853182826393,-0.762063852104219,-8.42961577207108));
#9053=CARTESIAN_POINT('Ctrl Pts',(20.992813432853,-0.771845795757438,-8.30778102361697));
#9054=CARTESIAN_POINT('Ctrl Pts',(20.992813432853,-0.771845795757438,-8.18562827140318));
#9055=CARTESIAN_POINT('Ctrl Pts',(19.8390446915341,0.628137667086686,-10.));
#9056=CARTESIAN_POINT('Ctrl Pts',(20.2513441558499,0.97017313753109,-10.));
#9057=CARTESIAN_POINT('Ctrl Pts',(21.2149598258919,1.76769419014651,-9.69190645021789));
#9058=CARTESIAN_POINT('Ctrl Pts',(21.9180157076283,2.34691684255949,-8.74147227573087));
#9059=CARTESIAN_POINT('Ctrl Pts',(22.1527275519904,2.54017796276928,-8.09386826501045));
#9060=CARTESIAN_POINT('Ctrl Pts',(20.1692756867542,0.197772255217245,-10.));
#9061=CARTESIAN_POINT('Ctrl Pts',(20.5847025735391,0.537293071096594,-10.0062820732047));
#9062=CARTESIAN_POINT('Ctrl Pts',(21.5596229818085,1.33273582070633,-9.71315384317455));
#9063=CARTESIAN_POINT('Ctrl Pts',(22.2778408754066,1.91674809541938,-8.76228119281117));
#9064=CARTESIAN_POINT('Ctrl Pts',(22.5191081027023,2.11277034781586,-8.10820216862903));
#9065=CARTESIAN_POINT('Ctrl Pts',(20.7412361738157,-0.547621163783855,-9.54528051471958));
#9066=CARTESIAN_POINT('Ctrl Pts',(21.1045085158739,-0.262622502310728,-9.55497090122558));
#9067=CARTESIAN_POINT('Ctrl Pts',(21.9629843531055,0.410413608973517,-9.31160412861489));
#9068=CARTESIAN_POINT('Ctrl Pts',(22.6036129847022,0.912003955085259,-8.49047081697271));
#9069=CARTESIAN_POINT('Ctrl Pts',(22.8177503115602,1.07967389143937,-7.92386433377084));
#9070=CARTESIAN_POINT('Ctrl Pts',(20.9427604918143,-0.810252768244135,-8.59379633289348));
#9071=CARTESIAN_POINT('Ctrl Pts',(21.1875385649121,-0.622492966747423,-8.59667422414642));
#9072=CARTESIAN_POINT('Ctrl Pts',(21.7621207056709,-0.181619822091171,-8.42595419704796));
#9073=CARTESIAN_POINT('Ctrl Pts',(22.1851214120441,0.143083457721795,-7.87847233214793));
#9074=CARTESIAN_POINT('Ctrl Pts',(22.3263649734054,0.25142429116937,-7.50341741641708));
#9075=CARTESIAN_POINT('Ctrl Pts',(20.9427604918143,-0.810252768244136,-8.18694853568929));
#9076=CARTESIAN_POINT('Ctrl Pts',(21.1356105771057,-0.662273693165993,-8.18694853568929));
#9077=CARTESIAN_POINT('Ctrl Pts',(21.5858693206417,-0.316778007677313,-8.04741615056867));
#9078=CARTESIAN_POINT('Ctrl Pts',(21.9137233307162,-0.0652067776300081,
-7.61697433391885));
#9079=CARTESIAN_POINT('Ctrl Pts',(22.0231488551762,0.0187583804618749,-7.32368116925051));
#9080=CARTESIAN_POINT('Ctrl Pts',(19.8390446915341,0.628137667086686,-10.));
#9081=CARTESIAN_POINT('Ctrl Pts',(20.2513441558499,0.97017313753109,-10.));
#9082=CARTESIAN_POINT('Ctrl Pts',(21.2149598258919,1.76769419014651,-9.69190645021789));
#9083=CARTESIAN_POINT('Ctrl Pts',(21.9180157076283,2.34691684255949,-8.74147227573087));
#9084=CARTESIAN_POINT('Ctrl Pts',(22.1527275519904,2.54017796276928,-8.09386826501045));
#9085=CARTESIAN_POINT('Origin',(0.300000000000007,-16.6499999999991,-6.68613192903075));
#9086=CARTESIAN_POINT('Ctrl Pts',(19.4901779627679,5.20272755199081,-8.09386826501193));
#9087=CARTESIAN_POINT('Ctrl Pts',(19.2969168463503,4.96801571223416,-8.7414722630242));
#9088=CARTESIAN_POINT('Ctrl Pts',(18.9659324693578,4.56626948904136,-9.28457751345454));
#9089=CARTESIAN_POINT('Ctrl Pts',(18.5636669892126,4.0794425272299,-9.61793888158903));
#9090=CARTESIAN_POINT('Ctrl Pts',(18.261967879103,3.71432230587039,-9.86795990769052));
#9091=CARTESIAN_POINT('Ctrl Pts',(17.9201731484697,3.30134416903764,-10.));
#9092=CARTESIAN_POINT('Ctrl Pts',(17.5781376670858,2.88904469153506,-10.));
#9093=CARTESIAN_POINT('Origin',(1.73839043533083,-17.7537158002792,5.55306586745515));
#9094=CARTESIAN_POINT('',(16.7401037307527,4.77516031405917,19.2));
#9095=CARTESIAN_POINT('Ctrl Pts',(16.7401037307527,4.77516031405917,19.2));
#9096=CARTESIAN_POINT('Ctrl Pts',(16.897709319971,4.98055591683007,19.2));
#9097=CARTESIAN_POINT('Ctrl Pts',(17.1279884745434,5.18909898559937,19.2));
#9098=CARTESIAN_POINT('Ctrl Pts',(17.5574945688969,5.44951666540575,19.2));
#9099=CARTESIAN_POINT('Ctrl Pts',(17.8305101906377,5.55328409274563,19.2));
#9100=CARTESIAN_POINT('Ctrl Pts',(18.2955978621578,5.62914871166427,19.2));
#9101=CARTESIAN_POINT('Ctrl Pts',(18.5688838648256,5.62088607213099,19.2));
#9102=CARTESIAN_POINT('Ctrl Pts',(19.0002261944457,5.51480428838439,19.2));
#9103=CARTESIAN_POINT('Ctrl Pts',(19.234683857231,5.40329637531374,19.2));
#9104=CARTESIAN_POINT('Ctrl Pts',(19.4063282281839,5.27158901714694,19.2));
#9105=CARTESIAN_POINT('Ctrl Pts',(19.4343086194539,5.25011890779127,19.2));
#9106=CARTESIAN_POINT('Ctrl Pts',(19.4624026571361,5.22711869751023,19.2));
#9107=CARTESIAN_POINT('Ctrl Pts',(19.490177962761,5.20272755198184,19.2));
#9108=CARTESIAN_POINT('',(16.9687583804609,5.07314885517711,-7.32368116925052));
#9109=CARTESIAN_POINT('Origin',(18.4071488158048,3.96943305491397,-7.32368116925869));
#9110=CARTESIAN_POINT('Origin',(0.300000000000005,-16.6499999999991,5.55306586745515));
#9111=CARTESIAN_POINT('Ctrl Pts',(19.4901779627694,5.20272755199259,-8.09386826500701));
#9112=CARTESIAN_POINT('Ctrl Pts',(19.296916846352,4.96801571223619,-8.74147226302145));
#9113=CARTESIAN_POINT('Ctrl Pts',(18.717694186614,4.26495982164738,-9.69190645127789));
#9114=CARTESIAN_POINT('Ctrl Pts',(17.9201731484697,3.30134416903764,-10.));
#9115=CARTESIAN_POINT('Ctrl Pts',(17.5781376670858,2.88904469153506,-10.));
#9116=CARTESIAN_POINT('Ctrl Pts',(19.062770347816,5.56910810270454,-8.10820216862556));
#9117=CARTESIAN_POINT('Ctrl Pts',(18.866748099266,5.32784088014319,-8.76228117997469));
#9118=CARTESIAN_POINT('Ctrl Pts',(18.2827358172271,4.60962297756296,-9.71315384421366));
#9119=CARTESIAN_POINT('Ctrl Pts',(17.4872930819548,3.63470258682686,-10.0062820734056));
#9120=CARTESIAN_POINT('Ctrl Pts',(17.1477722552163,3.21927568675516,-10.));
#9121=CARTESIAN_POINT('Ctrl Pts',(18.0296738914393,5.86775031156223,-7.92386433376783));
#9122=CARTESIAN_POINT('Ctrl Pts',(17.8620039583754,5.65361298890626,-8.4904708058529));
#9123=CARTESIAN_POINT('Ctrl Pts',(17.3604136060711,5.01298434941062,-9.31160412948785));
#9124=CARTESIAN_POINT('Ctrl Pts',(16.6873775068036,4.15450852749356,-9.55497090153551));
#9125=CARTESIAN_POINT('Ctrl Pts',(16.4023788362152,3.79123617381661,-9.54528051471958));
#9126=CARTESIAN_POINT('Ctrl Pts',(17.201424291169,5.37636497340708,-7.50341741641509));
#9127=CARTESIAN_POINT('Ctrl Pts',(17.0930834598474,5.23512141481741,-7.87847232478736));
#9128=CARTESIAN_POINT('Ctrl Pts',(16.7683801759832,4.81212070316271,-8.42595419764542));
#9129=CARTESIAN_POINT('Ctrl Pts',(16.3275070392569,4.23753857274185,-8.59667422423847));
#9130=CARTESIAN_POINT('Ctrl Pts',(16.1397472317549,3.9927604918152,-8.59379633289348));
#9131=CARTESIAN_POINT('Ctrl Pts',(16.9687583804614,5.07314885517769,-7.32368116924896));
#9132=CARTESIAN_POINT('Ctrl Pts',(16.8847932240172,4.96372333286499,-7.61697432816287));
#9133=CARTESIAN_POINT('Ctrl Pts',(16.6332219907962,4.63586931865445,-8.04741615104874));
#9134=CARTESIAN_POINT('Ctrl Pts',(16.287726311566,4.18561058327465,-8.18694853568929));
#9135=CARTESIAN_POINT('Ctrl Pts',(16.1397472317549,3.9927604918152,-8.18694853568929));
#9136=CARTESIAN_POINT('',(16.1781542042341,4.04281343284405,-8.18562827140422));
#9137=CARTESIAN_POINT('Ctrl Pts',(16.1781542042416,4.04281343285389,-8.18562827140318));
#9138=CARTESIAN_POINT('Ctrl Pts',(16.1781542042416,4.04281343285389,-8.4222772285086));
#9139=CARTESIAN_POINT('Ctrl Pts',(16.2149177494194,4.01474756717266,-8.65661347215321));
#9140=CARTESIAN_POINT('Ctrl Pts',(16.3569281043704,3.90459628413671,-9.09394014227905));
#9141=CARTESIAN_POINT('Ctrl Pts',(16.4606409551461,3.82363038376344,-9.29275909984753));
#9142=CARTESIAN_POINT('Ctrl Pts',(16.7197822605391,3.61638996365376,-9.62866022212592));
#9143=CARTESIAN_POINT('Ctrl Pts',(16.8726246372769,3.49208447340245,-9.76256210954995));
#9144=CARTESIAN_POINT('Ctrl Pts',(17.1251594218153,3.28075261912324,-9.90274336076306));
#9145=CARTESIAN_POINT('Ctrl Pts',(17.2141758290365,3.20530742066305,-9.93906240268193));
#9146=CARTESIAN_POINT('Ctrl Pts',(17.3952682980239,3.0496030832894,-9.98774699290375));
#9147=CARTESIAN_POINT('Ctrl Pts',(17.4868696607772,2.96975187054485,-10.));
#9148=CARTESIAN_POINT('Ctrl Pts',(17.5781376670858,2.88904469153507,-10.));
#9149=CARTESIAN_POINT('Ctrl Pts',(16.968758380461,5.07314885517712,-7.32368116925051));
#9150=CARTESIAN_POINT('Ctrl Pts',(16.8847932223691,4.96372333071716,-7.61697433391882));
#9151=CARTESIAN_POINT('Ctrl Pts',(16.6425518617705,4.64802824323354,-8.03145304251613));
#9152=CARTESIAN_POINT('Ctrl Pts',(16.3132232577518,4.21883885047401,-8.17619904266534));
#9153=CARTESIAN_POINT('Ctrl Pts',(16.1781537213627,4.04281280355385,-8.18560930009807));
#9154=CARTESIAN_POINT('Origin',(0.300000000000004,-16.6499999999991,-10.));
#9155=CARTESIAN_POINT('Ctrl Pts',(14.7013567964241,5.09647629209536,-10.));
#9156=CARTESIAN_POINT('Ctrl Pts',(14.8983028614906,4.96605099860979,-10.));
#9157=CARTESIAN_POINT('Ctrl Pts',(15.0914807385624,4.83413763822206,-9.95394508152321));
#9158=CARTESIAN_POINT('Ctrl Pts',(15.4491991833627,4.58341052036902,-9.77483684757986));
#9159=CARTESIAN_POINT('Ctrl Pts',(15.6103195620347,4.46707037325891,-9.64362517746773));
#9160=CARTESIAN_POINT('Ctrl Pts',(15.8812386140273,4.26797296281393,-9.31231998512974));
#9161=CARTESIAN_POINT('Ctrl Pts',(15.9884352776415,4.18722394374002,-9.1153642880769));
#9162=CARTESIAN_POINT('Ctrl Pts',(16.1005130222891,4.10221427855742,-8.78587251855239));
#9163=CARTESIAN_POINT('Ctrl Pts',(16.1295126348036,4.08006119858628,-8.66897187886728));
#9164=CARTESIAN_POINT('Ctrl Pts',(16.1683826917628,4.05032217723865,-8.42961577207108));
#9165=CARTESIAN_POINT('Ctrl Pts',(16.1781542042416,4.04281343285389,-8.30778102361696));
#9166=CARTESIAN_POINT('Ctrl Pts',(16.1781542042416,4.04281343285389,-8.18562827140318));
#9167=CARTESIAN_POINT('Ctrl Pts',(8.58224023500517,8.08282849554906,-10.));
#9168=CARTESIAN_POINT('Ctrl Pts',(8.76828430984714,8.58518963410715,-10.));
#9169=CARTESIAN_POINT('Ctrl Pts',(9.20403999458783,9.75767254213154,-9.69190945461979));
#9170=CARTESIAN_POINT('Ctrl Pts',(9.52329236093784,10.6108204330513,-8.74147227573087));
#9171=CARTESIAN_POINT('Ctrl Pts',(9.62992822061966,10.8955453948978,-8.09386826501045));
#9172=CARTESIAN_POINT('Ctrl Pts',(9.08341137191752,7.87523661357002,-10.));
#9173=CARTESIAN_POINT('Ctrl Pts',(9.27342120134862,8.37698370862758,-10.0062820732047));
#9174=CARTESIAN_POINT('Ctrl Pts',(9.7200047369196,9.55331574170618,-9.71315193819085));
#9175=CARTESIAN_POINT('Ctrl Pts',(10.0499944707249,10.418195954003,-8.76228119281116));
#9176=CARTESIAN_POINT('Ctrl Pts',(10.1609268924654,10.7085898179332,-8.10820216862903));
#9177=CARTESIAN_POINT('Ctrl Pts',(9.95148797885479,7.51566750979778,-9.5453423471466));
#9178=CARTESIAN_POINT('Ctrl Pts',(10.1235917248329,7.94411976170717,-9.55503273365259));
#9179=CARTESIAN_POINT('Ctrl Pts',(10.5305474493272,8.95624746699841,-9.31166076736876));
#9180=CARTESIAN_POINT('Ctrl Pts',(10.8345713807507,9.71098748968414,-8.49050197117353));
#9181=CARTESIAN_POINT('Ctrl Pts',(10.9361847775312,9.9632625774467,-7.92389548797169));
#9182=CARTESIAN_POINT('Ctrl Pts',(10.2572813742715,7.38900373813208,-8.59379633289348));
#9183=CARTESIAN_POINT('Ctrl Pts',(10.3753855031152,7.67399753258664,-8.59667422414642));
#9184=CARTESIAN_POINT('Ctrl Pts',(10.6525520379612,8.34309742925988,-8.42595690005265));
#9185=CARTESIAN_POINT('Ctrl Pts',(10.8565293788765,8.83579758828149,-7.8784723321479));
#9186=CARTESIAN_POINT('Ctrl Pts',(10.9246794744126,9.0002452829949,-7.50341741641708));
#9187=CARTESIAN_POINT('Ctrl Pts',(10.2572813742715,7.38900373813208,-8.18694853568929));
#9188=CARTESIAN_POINT('Ctrl Pts',(10.3503049097167,7.61358241902398,-8.18694853568929));
#9189=CARTESIAN_POINT('Ctrl Pts',(10.5674928687449,8.13792053529398,-8.04741751123125));
#9190=CARTESIAN_POINT('Ctrl Pts',(10.7256368635841,8.51971391244265,-7.61697433391882));
#9191=CARTESIAN_POINT('Ctrl Pts',(10.778419568543,8.64714263461296,-7.32368116925051));
#9192=CARTESIAN_POINT('',(10.2814250065015,7.44729162250674,-8.18562827140324));
#9193=CARTESIAN_POINT('Ctrl Pts',(8.58224023500518,8.08282849554906,-10.));
#9194=CARTESIAN_POINT('Ctrl Pts',(8.80623207555599,8.00782072866722,-10.));
#9195=CARTESIAN_POINT('Ctrl Pts',(9.02696926605923,7.93040032071481,-9.95394508152321));
#9196=CARTESIAN_POINT('Ctrl Pts',(9.43739170365584,7.7808008685283,-9.77483684757986));
#9197=CARTESIAN_POINT('Ctrl Pts',(9.6231330843387,7.71012593835481,-9.64362517746772));
#9198=CARTESIAN_POINT('Ctrl Pts',(9.93635099514588,7.58793161799555,-9.31231998512974));
#9199=CARTESIAN_POINT('Ctrl Pts',(10.0607944050325,7.53767859313933,-9.1153642880769));
#9200=CARTESIAN_POINT('Ctrl Pts',(10.1910553135069,7.48457341690222,-8.78587251855238));
#9201=CARTESIAN_POINT('Ctrl Pts',(10.2248004271913,7.4706808368456,-8.66897187886727));
#9202=CARTESIAN_POINT('Ctrl Pts',(10.2700430441849,7.45201545910262,-8.42961577207109));
#9203=CARTESIAN_POINT('Ctrl Pts',(10.2814250065017,7.44729162250735,-8.30778102361698));
#9204=CARTESIAN_POINT('Ctrl Pts',(10.2814250065017,7.44729162250735,-8.18562827140318));
#9205=CARTESIAN_POINT('',(9.62992822061983,10.8955453948983,-8.09386826501068));
#9206=CARTESIAN_POINT('Ctrl Pts',(8.58224023500517,8.08282849554906,-10.));
#9207=CARTESIAN_POINT('Ctrl Pts',(8.76828430984714,8.58518963410715,-10.));
#9208=CARTESIAN_POINT('Ctrl Pts',(9.20403999458783,9.75767254213154,-9.69190945461979));
#9209=CARTESIAN_POINT('Ctrl Pts',(9.52329236093784,10.6108204330513,-8.74147227573087));
#9210=CARTESIAN_POINT('Ctrl Pts',(9.62992822061966,10.8955453948978,-8.09386826501045));
#9211=CARTESIAN_POINT('',(10.7784195685512,8.64714263463275,-7.3236811692587));
#9212=CARTESIAN_POINT('Origin',(9.10337842927667,9.34096739202993,-7.32368116925052));
#9213=CARTESIAN_POINT('Ctrl Pts',(10.2814247029895,7.44729088976401,-8.18560930220099));
#9214=CARTESIAN_POINT('Ctrl Pts',(10.3663329684391,7.65227757576992,-8.17619905871577));
#9215=CARTESIAN_POINT('Ctrl Pts',(10.5733576220159,8.15207930218078,-8.03145325291315));
#9216=CARTESIAN_POINT('Ctrl Pts',(10.7256368646202,8.51971391494384,-7.61697432816286));
#9217=CARTESIAN_POINT('Ctrl Pts',(10.7784195685432,8.64714263461363,-7.32368116924896));
#9218=CARTESIAN_POINT('Origin',(-1.37504113926628,-15.9561752425821,5.55306586745515));
#9219=CARTESIAN_POINT('',(9.62992822061432,10.8955453948845,19.2000000000051));
#9220=CARTESIAN_POINT('',(10.6346812467523,8.30012762871318,19.2));
#9221=CARTESIAN_POINT('Ctrl Pts',(9.62992822061509,10.8955453948867,19.2));
#9222=CARTESIAN_POINT('Ctrl Pts',(9.66493922508253,10.8836868473819,19.2));
#9223=CARTESIAN_POINT('Ctrl Pts',(9.69890501031942,10.8708568021947,19.2));
#9224=CARTESIAN_POINT('Ctrl Pts',(9.73148886607845,10.8573601272249,19.2));
#9225=CARTESIAN_POINT('Ctrl Pts',(9.93137296959267,10.7745654206465,19.2));
#9226=CARTESIAN_POINT('Ctrl Pts',(10.1451704864275,10.6272730850979,19.2));
#9227=CARTESIAN_POINT('Ctrl Pts',(10.4527111708409,10.3067605617925,19.2));
#9228=CARTESIAN_POINT('Ctrl Pts',(10.5965098279129,10.0742192607501,19.2));
#9229=CARTESIAN_POINT('Ctrl Pts',(10.763352976441,9.63350921276751,19.2));
#9230=CARTESIAN_POINT('Ctrl Pts',(10.8099955591497,9.34518703504006,19.2));
#9231=CARTESIAN_POINT('Ctrl Pts',(10.7992202800195,8.84301500634642,19.2));
#9232=CARTESIAN_POINT('Ctrl Pts',(10.7337562619683,8.5393158741401,19.2));
#9233=CARTESIAN_POINT('Ctrl Pts',(10.6346812467523,8.30012762871319,19.2));
#9234=CARTESIAN_POINT('Origin',(0.300000000000007,-16.6499999999991,5.55306586745515));
#9235=CARTESIAN_POINT('Origin',(-1.47522910340479,-15.9146760290494,5.55306586745515));
#9236=CARTESIAN_POINT('Origin',(0.300000000000005,-16.6499999999991,5.55306586745515));
#9237=CARTESIAN_POINT('',(5.99281784290623,11.8701061833883,-8.09386826501193));
#9238=CARTESIAN_POINT('Origin',(0.30000000000046,-16.6499999999983,-8.09386826501218));
#9239=CARTESIAN_POINT('',(5.99281784290444,11.8701061833747,19.2000000000051));
#9240=CARTESIAN_POINT('Origin',(2.20505548656089,-16.9008053128474,5.55306586745515));
#9241=CARTESIAN_POINT('Origin',(0.30000000000002,-16.649999999999,19.2000000000051));
#9242=CARTESIAN_POINT('Origin',(0.300000000000007,-16.6499999999991,-6.68613192903075));
#9243=CARTESIAN_POINT('Ctrl Pts',(5.99281784290638,11.8701061833882,-8.09386826501194));
#9244=CARTESIAN_POINT('Ctrl Pts',(5.94280472640329,11.5702092093812,-8.74147226302421));
#9245=CARTESIAN_POINT('Ctrl Pts',(5.85703722277511,11.0567960133395,-9.28458011265077));
#9246=CARTESIAN_POINT('Ctrl Pts',(5.75207854116574,10.4340585531461,-9.61794110947151));
#9247=CARTESIAN_POINT('Ctrl Pts',(5.67335952995852,9.96700545799992,-9.86796185708769));
#9248=CARTESIAN_POINT('Ctrl Pts',(5.58384548113682,9.43845746426811,-10.));
#9249=CARTESIAN_POINT('Ctrl Pts',(5.493783804014,8.91037790209185,-10.));
#9250=CARTESIAN_POINT('Origin',(2.09754055769713,-16.8866507039345,5.55306586745515));
#9251=CARTESIAN_POINT('',(3.82496731465402,10.1247849775059,19.2));
#9252=CARTESIAN_POINT('Ctrl Pts',(3.82496731465402,10.1247849775059,19.2));
#9253=CARTESIAN_POINT('Ctrl Pts',(3.85875995731005,10.3814655819402,19.2));
#9254=CARTESIAN_POINT('Ctrl Pts',(3.95391602074707,10.6772087545638,19.2));
#9255=CARTESIAN_POINT('Ctrl Pts',(4.19567036963432,11.1174901280475,19.2));
#9256=CARTESIAN_POINT('Ctrl Pts',(4.3802251200219,11.3438631670796,19.2));
#9257=CARTESIAN_POINT('Ctrl Pts',(4.74507054908588,11.6421076900716,19.2));
#9258=CARTESIAN_POINT('Ctrl Pts',(4.98587448966153,11.7715950356674,19.2));
#9259=CARTESIAN_POINT('Ctrl Pts',(5.41246879671348,11.8953966808741,19.2));
#9260=CARTESIAN_POINT('Ctrl Pts',(5.67126904533279,11.9160568268246,19.2));
#9261=CARTESIAN_POINT('Ctrl Pts',(5.88577111007796,11.8878170942633,19.2));
#9262=CARTESIAN_POINT('Ctrl Pts',(5.92073789440344,11.8832136297742,19.2));
#9263=CARTESIAN_POINT('Ctrl Pts',(5.95656814987165,11.8773418822196,19.2));
#9264=CARTESIAN_POINT('Ctrl Pts',(5.99281784290491,11.870106183377,19.2));
#9265=CARTESIAN_POINT('',(3.87399377943585,10.4971779490048,-7.32368116925052));
#9266=CARTESIAN_POINT('Origin',(5.67153433713577,10.2605272450906,-7.32368116925869));
#9267=CARTESIAN_POINT('Origin',(0.300000000000007,-16.6499999999991,5.55306586745515));
#9268=CARTESIAN_POINT('Ctrl Pts',(5.99281784290676,11.8701061833905,-8.09386826500702));
#9269=CARTESIAN_POINT('Ctrl Pts',(5.94280472640372,11.5702092093838,-8.74147226302146));
#9270=CARTESIAN_POINT('Ctrl Pts',(5.79271159505412,10.671736116309,-9.69191099987128));
#9271=CARTESIAN_POINT('Ctrl Pts',(5.58384548113682,9.4384574642681,-10.));
#9272=CARTESIAN_POINT('Ctrl Pts',(5.493783804014,8.91037790209184,-10.));
#9273=CARTESIAN_POINT('Ctrl Pts',(5.43948171523021,11.9736972402829,-8.10820216862557));
#9274=CARTESIAN_POINT('Ctrl Pts',(5.39035507955969,11.6667425721693,-8.76228117997471));
#9275=CARTESIAN_POINT('Ctrl Pts',(5.24369441547113,10.7527384188096,-9.71315096011457));
#9276=CARTESIAN_POINT('Ctrl Pts',(5.04228113784839,9.51071428938149,-10.0062820734056));
#9277=CARTESIAN_POINT('Ctrl Pts',(4.95596092681486,8.98118362713475,-10.));
#9278=CARTESIAN_POINT('Ctrl Pts',(4.39538465390353,11.7159157230844,-7.92392185136792));
#9279=CARTESIAN_POINT('Ctrl Pts',(4.35724689374732,11.4466323952339,-8.49052832345298));
#9280=CARTESIAN_POINT('Ctrl Pts',(4.24316764285511,10.6409616384279,-9.3117071859655));
#9281=CARTESIAN_POINT('Ctrl Pts',(4.08953667983801,9.56093406348943,-9.55508505798031));
#9282=CARTESIAN_POINT('Ctrl Pts',(4.02435676790213,9.10383164141841,-9.54539467116438));
#9283=CARTESIAN_POINT('Ctrl Pts',(3.9238803095887,10.8761037655829,-7.5034174164151));
#9284=CARTESIAN_POINT('Ctrl Pts',(3.9006761766919,10.6996128400625,-7.87847232478737));
#9285=CARTESIAN_POINT('Ctrl Pts',(3.83097586881819,10.1709340658417,-8.42595828993034));
#9286=CARTESIAN_POINT('Ctrl Pts',(3.73645896895991,9.45289254615037,-8.59667422423847));
#9287=CARTESIAN_POINT('Ctrl Pts',(3.69624324631688,9.14702860602731,-8.59379633289349));
#9288=CARTESIAN_POINT('Ctrl Pts',(3.87399377943595,10.4971779490056,-7.32368116924896));
#9289=CARTESIAN_POINT('Ctrl Pts',(3.85599058207886,10.3604300886383,-7.61697432816287));
#9290=CARTESIAN_POINT('Ctrl Pts',(3.80205066092953,9.95071571072816,-8.04741821105969));
#9291=CARTESIAN_POINT('Ctrl Pts',(3.72797184293216,9.38803122425887,-8.18694853568929));
#9292=CARTESIAN_POINT('Ctrl Pts',(3.69624324631688,9.14702860602731,-8.18694853568929));
#9293=CARTESIAN_POINT('',(3.70447818965185,9.209579210732,-8.18562827140422));
#9294=CARTESIAN_POINT('Ctrl Pts',(3.70447818965347,9.20957921074429,-8.18562827140318));
#9295=CARTESIAN_POINT('Ctrl Pts',(3.70447818965347,9.20957921074429,-8.42227722850859));
#9296=CARTESIAN_POINT('Ctrl Pts',(3.7503492865512,9.20365523067403,-8.65661347215321));
#9297=CARTESIAN_POINT('Ctrl Pts',(3.92840950305719,9.17926659878095,-9.09394014227906));
#9298=CARTESIAN_POINT('Ctrl Pts',(4.05871041671448,9.16100449760526,-9.29275909984753));
#9299=CARTESIAN_POINT('Ctrl Pts',(4.38675358040949,9.1110996817958,-9.62866022212592));
#9300=CARTESIAN_POINT('Ctrl Pts',(4.58127170656492,9.07986915777721,-9.76256210954995));
#9301=CARTESIAN_POINT('Ctrl Pts',(4.90563917245398,9.02311779561173,-9.90274336076305));
#9302=CARTESIAN_POINT('Ctrl Pts',(5.02045224169128,9.00228854076227,-9.93906240268193));
#9303=CARTESIAN_POINT('Ctrl Pts',(5.25513508895517,8.95799086361093,-9.98774699290375));
#9304=CARTESIAN_POINT('Ctrl Pts',(5.37438980249311,8.93463836622783,-10.));
#9305=CARTESIAN_POINT('Ctrl Pts',(5.493783804014,8.91037790209186,-10.));
#9306=CARTESIAN_POINT('Ctrl Pts',(3.87399377943585,10.4971779490048,-7.32368116925051));
#9307=CARTESIAN_POINT('Ctrl Pts',(3.85599058172549,10.3604300859541,-7.61697433391887));
#9308=CARTESIAN_POINT('Ctrl Pts',(3.8040512045719,9.9659113483274,-8.03145649114848));
#9309=CARTESIAN_POINT('Ctrl Pts',(3.73343872966792,9.42955635166576,-8.17619930112209));
#9310=CARTESIAN_POINT('Ctrl Pts',(3.70447808629977,9.20957842569502,-8.18560933340651));
#9311=CARTESIAN_POINT('Origin',(0.300000000000004,-16.6499999999991,-10.));
#9312=CARTESIAN_POINT('Ctrl Pts',(10.2814250065017,7.44729162250735,-8.18562827140318));
#9313=CARTESIAN_POINT('Ctrl Pts',(10.2814250065017,7.44729162250735,-8.4222772285086));
#9314=CARTESIAN_POINT('Ctrl Pts',(10.3241998448105,7.42969718366619,-8.65661347215321));
#9315=CARTESIAN_POINT('Ctrl Pts',(10.4898805641503,7.36005419904598,-9.09394014227905));
#9316=CARTESIAN_POINT('Ctrl Pts',(10.6110150022531,7.30869000582932,-9.29275909984753));
#9317=CARTESIAN_POINT('Ctrl Pts',(10.9149640494298,7.17558183700281,-9.62866022212592));
#9318=CARTESIAN_POINT('Ctrl Pts',(11.0947710767602,7.09507047161803,-9.76256210954995));
#9319=CARTESIAN_POINT('Ctrl Pts',(11.3933976559064,6.95630038744158,-9.90274336076305));
#9320=CARTESIAN_POINT('Ctrl Pts',(11.4989075568279,6.90646506329484,-9.93906240268193));
#9321=CARTESIAN_POINT('Ctrl Pts',(11.7141286974866,6.80293640245895,-9.98774699290376));
#9322=CARTESIAN_POINT('Ctrl Pts',(11.8232758341262,6.7495142310464,-10.));
#9323=CARTESIAN_POINT('Ctrl Pts',(11.9323225135378,6.69517898071511,-10.));
#9324=CARTESIAN_POINT('Origin',(0.300000000000004,-16.6499999999991,-10.));
#9325=CARTESIAN_POINT('Ctrl Pts',(1.89870268861976,9.38367930996279,-10.));
#9326=CARTESIAN_POINT('Ctrl Pts',(2.13447563088545,9.36920072504146,-10.));
#9327=CARTESIAN_POINT('Ctrl Pts',(2.36772926007271,9.35154934238305,-9.95394508152321));
#9328=CARTESIAN_POINT('Ctrl Pts',(2.80288607959855,9.31327251130481,-9.77483684757986));
#9329=CARTESIAN_POINT('Ctrl Pts',(3.0005904941509,9.29307917776343,-9.64362517746773));
#9330=CARTESIAN_POINT('Ctrl Pts',(3.33476198076821,9.2561152884867,-9.31231998512974));
#9331=CARTESIAN_POINT('Ctrl Pts',(3.46797152419593,9.23978291844507,-9.1153642880769));
#9332=CARTESIAN_POINT('Ctrl Pts',(3.60753853085097,9.22220126115356,-8.78587251855239));
#9333=CARTESIAN_POINT('Ctrl Pts',(3.64372947197403,9.21751593738375,-8.66897187886728));
#9334=CARTESIAN_POINT('Ctrl Pts',(3.69226143942102,9.21119621789259,-8.42961577207108));
#9335=CARTESIAN_POINT('Ctrl Pts',(3.70447818965347,9.20957921074429,-8.30778102361696));
#9336=CARTESIAN_POINT('Ctrl Pts',(3.70447818965347,9.20957921074429,-8.18562827140318));
#9337=CARTESIAN_POINT('Ctrl Pts',(14.7013567964241,5.09647629209535,-10.));
#9338=CARTESIAN_POINT('Ctrl Pts',(15.0110822033203,5.53356814015501,-10.));
#9339=CARTESIAN_POINT('Ctrl Pts',(15.7354500238395,6.55331669345218,-9.69190706752151));
#9340=CARTESIAN_POINT('Ctrl Pts',(16.2646358080379,7.29476678055367,-8.74147227573087));
#9341=CARTESIAN_POINT('Ctrl Pts',(16.4413303816551,7.54219058321393,-8.09386826501045));
#9342=CARTESIAN_POINT('Ctrl Pts',(15.1317222082936,4.76624529687525,-10.));
#9343=CARTESIAN_POINT('Ctrl Pts',(15.4451193138156,5.20171761164341,-10.0062820732047));
#9344=CARTESIAN_POINT('Ctrl Pts',(16.1809441016144,6.22238396826022,-9.71315345176444));
#9345=CARTESIAN_POINT('Ctrl Pts',(16.7235360949115,6.97238528435687,-8.76228119281117));
#9346=CARTESIAN_POINT('Ctrl Pts',(16.9058480486095,7.22417279385719,-8.10820216862902));
#9347=CARTESIAN_POINT('Ctrl Pts',(15.8771221190706,4.19427982849892,-9.54529033790227));
#9348=CARTESIAN_POINT('Ctrl Pts',(16.1542531748231,4.56358919675729,-9.55498072440827));
#9349=CARTESIAN_POINT('Ctrl Pts',(16.8092854502937,5.43588524360344,-9.31161333902418));
#9350=CARTESIAN_POINT('Ctrl Pts',(17.2982682858298,6.08619584368192,-8.49047576637256));
#9351=CARTESIAN_POINT('Ctrl Pts',(17.4617128873948,6.30357538395677,-7.92386928317071));
#9352=CARTESIAN_POINT('Ctrl Pts',(16.1397472317549,3.99276049181521,-8.59379633289349));
#9353=CARTESIAN_POINT('Ctrl Pts',(16.3275888817373,4.23747576036099,-8.59667422414642));
#9354=CARTESIAN_POINT('Ctrl Pts',(16.7684863981477,4.81203959223144,-8.42595475242459));
#9355=CARTESIAN_POINT('Ctrl Pts',(17.093034158511,5.23515924065924,-7.87847233214791));
#9356=CARTESIAN_POINT('Ctrl Pts',(17.2014242911684,5.37636497340633,-7.50341741641708));
#9357=CARTESIAN_POINT('Ctrl Pts',(16.1397472317549,3.99276049181521,-8.18694853568929));
#9358=CARTESIAN_POINT('Ctrl Pts',(16.2877263068331,4.18561057710661,-8.18694853568929));
#9359=CARTESIAN_POINT('Ctrl Pts',(16.6332220876293,4.63586944484983,-8.04741643013911));
#9360=CARTESIAN_POINT('Ctrl Pts',(16.8847932223691,4.96372333071716,-7.61697433391882));
#9361=CARTESIAN_POINT('Ctrl Pts',(16.968758380461,5.07314885517712,-7.32368116925051));
#9362=CARTESIAN_POINT('',(16.4413303816554,7.54219058321432,-8.09386826501068));
#9363=CARTESIAN_POINT('Ctrl Pts',(14.7013567964241,5.09647629209535,-10.));
#9364=CARTESIAN_POINT('Ctrl Pts',(15.0110822033203,5.53356814015501,-10.));
#9365=CARTESIAN_POINT('Ctrl Pts',(15.7354500238395,6.55331669345218,-9.69190706752151));
#9366=CARTESIAN_POINT('Ctrl Pts',(16.2646358080379,7.29476678055367,-8.74147227573087));
#9367=CARTESIAN_POINT('Ctrl Pts',(16.4413303816551,7.54219058321393,-8.09386826501045));
#9368=CARTESIAN_POINT('Origin',(15.5303679451301,6.17686465545726,-7.32368116925052));
#9369=CARTESIAN_POINT('Origin',(-1.13839043533081,-15.5462841997189,5.55306586745515));
#9370=CARTESIAN_POINT('',(16.4413303816465,7.54219058320239,19.2000000000051));
#9371=CARTESIAN_POINT('Ctrl Pts',(16.4413303816478,7.54219058320439,19.2));
#9372=CARTESIAN_POINT('Ctrl Pts',(16.4720791971257,7.52167459116282,19.2));
#9373=CARTESIAN_POINT('Ctrl Pts',(16.5015669662522,7.5004907270629,19.2));
#9374=CARTESIAN_POINT('Ctrl Pts',(16.5295473575222,7.47902061770722,19.2));
#9375=CARTESIAN_POINT('Ctrl Pts',(16.7011917284751,7.34731325954042,19.2));
#9376=CARTESIAN_POINT('Ctrl Pts',(16.8695822099447,7.14970491946707,19.2));
#9377=CARTESIAN_POINT('Ctrl Pts',(17.0836889544289,6.76051620928729,19.2));
#9378=CARTESIAN_POINT('Ctrl Pts',(17.1624016735978,6.4986807298212,19.2));
#9379=CARTESIAN_POINT('Ctrl Pts',(17.2094956259145,6.02980532818576,19.2));
#9380=CARTESIAN_POINT('Ctrl Pts',(17.1799256304364,5.73923550170913,19.2));
#9381=CARTESIAN_POINT('Ctrl Pts',(17.0395458250954,5.25696341740914,19.2));
#9382=CARTESIAN_POINT('Ctrl Pts',(16.897709319971,4.98055591683007,19.2));
#9383=CARTESIAN_POINT('Ctrl Pts',(16.7401037307527,4.77516031405917,19.2));
#9384=CARTESIAN_POINT('Origin',(-1.22442379055648,-15.4802684843879,5.55306586745515));
#9385=CARTESIAN_POINT('Origin',(0.300000000000002,-16.6499999999991,5.55306586745515));
#9386=CARTESIAN_POINT('',(13.1803864274292,9.42489745299773,-8.09386826501193));
#9387=CARTESIAN_POINT('Origin',(0.300000000000651,-16.6499999999984,-8.09386826501218));
#9388=CARTESIAN_POINT('',(13.1803864274239,9.42489745298507,19.2000000000051));
#9389=CARTESIAN_POINT('Origin',(2.07522910340481,-17.3853239709488,5.55306586745515));
#9390=CARTESIAN_POINT('Origin',(0.300000000000042,-16.649999999999,19.2000000000051));
#9391=CARTESIAN_POINT('Origin',(0.300000000000005,-16.6499999999991,-6.68613192903075));
#9392=CARTESIAN_POINT('Ctrl Pts',(13.1803864274293,9.42489745299767,-8.09386826501193));
#9393=CARTESIAN_POINT('Ctrl Pts',(13.0544584181041,9.14816356763424,-8.74147226302421));
#9394=CARTESIAN_POINT('Ctrl Pts',(12.8387317847071,8.67444177093273,-9.28457814064675));
#9395=CARTESIAN_POINT('Ctrl Pts',(12.5761732362853,8.10008902295182,-9.61793941918235));
#9396=CARTESIAN_POINT('Ctrl Pts',(12.3792543249685,7.66932446196504,-9.86796037808467));
#9397=CARTESIAN_POINT('Ctrl Pts',(12.1559924614502,7.1819549908833,-10.));
#9398=CARTESIAN_POINT('Ctrl Pts',(11.9323225135378,6.6951789807151,-10.));
#9399=CARTESIAN_POINT('Origin',(1.97504113926629,-17.343824757416,5.55306586745515));
#9400=CARTESIAN_POINT('Ctrl Pts',(10.6346812467523,8.30012762871318,19.2));
#9401=CARTESIAN_POINT('Ctrl Pts',(10.7337562619683,8.53931587414011,19.2));
#9402=CARTESIAN_POINT('Ctrl Pts',(10.9022139267042,8.80035364105138,19.2));
#9403=CARTESIAN_POINT('Ctrl Pts',(11.2496839005736,9.16306216080496,19.2));
#9404=CARTESIAN_POINT('Ctrl Pts',(11.4865397541365,9.33395544131713,19.2));
#9405=CARTESIAN_POINT('Ctrl Pts',(11.9161447393208,9.527608583064,19.2));
#9406=CARTESIAN_POINT('Ctrl Pts',(12.1822572757349,9.59035910839585,19.2));
#9407=CARTESIAN_POINT('Ctrl Pts',(12.6263579578588,9.5995315836408,19.2));
#9408=CARTESIAN_POINT('Ctrl Pts',(12.8816870410968,9.55250531896931,19.2));
#9409=CARTESIAN_POINT('Ctrl Pts',(13.081571144611,9.46971061239094,19.2));
#9410=CARTESIAN_POINT('Ctrl Pts',(13.1141550003701,9.45621393742114,19.2));
#9411=CARTESIAN_POINT('Ctrl Pts',(13.1472446493942,9.4412687123066,19.2));
#9412=CARTESIAN_POINT('Ctrl Pts',(13.180386427425,9.42489745298723,19.2));
#9413=CARTESIAN_POINT('Origin',(12.4534607078174,7.95331787721578,-7.32368116925869));
#9414=CARTESIAN_POINT('Ctrl Pts',(13.1803864274303,9.42489745299977,-8.09386826500702));
#9415=CARTESIAN_POINT('Ctrl Pts',(13.0544584181052,9.14816356763663,-8.74147226302147));
#9416=CARTESIAN_POINT('Ctrl Pts',(12.6769368096596,8.31915042340735,-9.69190754886424));
#9417=CARTESIAN_POINT('Ctrl Pts',(12.1559924614502,7.1819549908833,-10.));
#9418=CARTESIAN_POINT('Ctrl Pts',(11.9323225135377,6.69517898071509,-10.));
#9419=CARTESIAN_POINT('Ctrl Pts',(12.6727161095147,9.66817265841066,-8.10820216862557));
#9420=CARTESIAN_POINT('Ctrl Pts',(12.545817709271,9.38439212591308,-8.76228117997471));
#9421=CARTESIAN_POINT('Ctrl Pts',(12.1675934102566,8.53949269869015,-9.71315314827374));
#9422=CARTESIAN_POINT('Ctrl Pts',(11.6515829181486,7.39191689057747,-10.0062820734056));
#9423=CARTESIAN_POINT('Ctrl Pts',(11.4311513766254,6.90277086269413,-10.));
#9424=CARTESIAN_POINT('Ctrl Pts',(11.5975135625393,9.68929563729131,-7.92388002575613));
#9425=CARTESIAN_POINT('Ctrl Pts',(11.4909796612714,9.43905869499751,-8.49048649784119));
#9426=CARTESIAN_POINT('Ctrl Pts',(11.1722811982326,8.69041819566432,-9.31163198967352));
#9427=CARTESIAN_POINT('Ctrl Pts',(10.7443641597345,7.68698741600703,-9.5550020457695));
#9428=CARTESIAN_POINT('Ctrl Pts',(10.5630983870459,7.26233018383647,-9.54531165895357));
#9429=CARTESIAN_POINT('Ctrl Pts',(10.924679474413,9.00024528299577,-7.5034174164151));
#9430=CARTESIAN_POINT('Ctrl Pts',(10.8565867903589,8.83577381144877,-7.87847232478736));
#9431=CARTESIAN_POINT('Ctrl Pts',(10.6524284286872,8.34314758610707,-8.42595518512346));
#9432=CARTESIAN_POINT('Ctrl Pts',(10.3752901923092,7.67403702229489,-8.59667422423847));
#9433=CARTESIAN_POINT('Ctrl Pts',(10.2572813742715,7.38900373813207,-8.59379633289348));
#9434=CARTESIAN_POINT('Ctrl Pts',(10.7784195685432,8.64714263461363,-7.32368116924896));
#9435=CARTESIAN_POINT('Ctrl Pts',(10.7256368646202,8.51971391494384,-7.61697432816286));
#9436=CARTESIAN_POINT('Ctrl Pts',(10.5674926827186,8.13792008618678,-8.04741664813426));
#9437=CARTESIAN_POINT('Ctrl Pts',(10.350304912692,7.61358242620681,-8.18694853568929));
#9438=CARTESIAN_POINT('Ctrl Pts',(10.2572813742715,7.38900373813207,-8.18694853568929));
#9439=CARTESIAN_POINT('Ctrl Pts',(1.89870268861976,9.38367930996279,-10.));
#9440=CARTESIAN_POINT('Ctrl Pts',(1.94838683515945,9.91707465761761,-10.));
#9441=CARTESIAN_POINT('Ctrl Pts',(2.06583384211269,11.1623911180415,-9.69191496573974));
#9442=CARTESIAN_POINT('Ctrl Pts',(2.15339678165117,12.0690942236723,-8.74147227573087));
#9443=CARTESIAN_POINT('Ctrl Pts',(2.18270686978439,12.3717168090856,-8.09386826501045));
#9444=CARTESIAN_POINT('Ctrl Pts',(2.4365255658189,9.31287358491988,-10.));
#9445=CARTESIAN_POINT('Ctrl Pts',(2.49019926328942,9.84670222491495,-10.0062820732047));
#9446=CARTESIAN_POINT('Ctrl Pts',(2.61710790713857,11.0985324103418,-9.7131484437869));
#9447=CARTESIAN_POINT('Ctrl Pts',(2.71200683598611,12.0193538016926,-8.76228119281118));
#9448=CARTESIAN_POINT('Ctrl Pts',(2.74399986455198,12.3285641581245,-8.10820216862903));
#9449=CARTESIAN_POINT('Ctrl Pts',(3.36817925132419,9.19021905033661,-9.54545463994769));
#9450=CARTESIAN_POINT('Ctrl Pts',(3.42352710165432,9.64861587298022,-9.55514502645369));
#9451=CARTESIAN_POINT('Ctrl Pts',(3.55466813749637,10.7316309555649,-9.31176399355278));
#9452=CARTESIAN_POINT('Ctrl Pts',(3.65300710428844,11.5394121217994,-8.4905585497788));
#9453=CARTESIAN_POINT('Ctrl Pts',(3.68586451121777,11.809390626723,-7.92395206657692));
#9454=CARTESIAN_POINT('Ctrl Pts',(3.69624324631688,9.14702860602732,-8.59379633289348));
#9455=CARTESIAN_POINT('Ctrl Pts',(3.73656125281752,9.4528790702731,-8.59667422414642));
#9456=CARTESIAN_POINT('Ctrl Pts',(3.83110773399713,10.1709187255277,-8.42596185830509));
#9457=CARTESIAN_POINT('Ctrl Pts',(3.90061456756125,10.6996209475343,-7.87847233214795));
#9458=CARTESIAN_POINT('Ctrl Pts',(3.92388030958858,10.876103765582,-7.50341741641708));
#9459=CARTESIAN_POINT('Ctrl Pts',(3.69624324631688,9.14702860602732,-8.18694853568929));
#9460=CARTESIAN_POINT('Ctrl Pts',(3.72797184191737,9.38803121655075,-8.18694853568929));
#9461=CARTESIAN_POINT('Ctrl Pts',(3.80205079257736,9.95071671069269,-8.04742000716053));
#9462=CARTESIAN_POINT('Ctrl Pts',(3.85599058172549,10.3604300859541,-7.61697433391887));
#9463=CARTESIAN_POINT('Ctrl Pts',(3.87399377943585,10.4971779490048,-7.32368116925051));
#9464=CARTESIAN_POINT('',(2.18270686978443,12.3717168090861,-8.09386826501068));
#9465=CARTESIAN_POINT('Ctrl Pts',(1.89870268861976,9.38367930996279,-10.));
#9466=CARTESIAN_POINT('Ctrl Pts',(1.94838683515945,9.91707465761761,-10.));
#9467=CARTESIAN_POINT('Ctrl Pts',(2.06583384211269,11.1623911180415,-9.69191496573974));
#9468=CARTESIAN_POINT('Ctrl Pts',(2.15339678165117,12.0690942236723,-8.74147227573087));
#9469=CARTESIAN_POINT('Ctrl Pts',(2.18270686978439,12.3717168090856,-8.09386826501045));
#9470=CARTESIAN_POINT('Origin',(2.07645322173873,10.7338286529403,-7.32368116925052));
#9471=CARTESIAN_POINT('Origin',(-1.49754055769711,-16.4133492960636,5.55306586745515));
#9472=CARTESIAN_POINT('',(2.18270686978269,12.3717168090713,19.2000000000051));
#9473=CARTESIAN_POINT('Ctrl Pts',(2.18270686978284,12.3717168090737,19.2));
#9474=CARTESIAN_POINT('Ctrl Pts',(2.21959412114378,12.3693238465208,19.2));
#9475=CARTESIAN_POINT('Ctrl Pts',(2.25572321035824,12.3657219666232,19.2));
#9476=CARTESIAN_POINT('Ctrl Pts',(2.29068999468372,12.3611185021342,19.2));
#9477=CARTESIAN_POINT('Ctrl Pts',(2.50519205942889,12.3328787695728,19.2));
#9478=CARTESIAN_POINT('Ctrl Pts',(2.74982666417374,12.2459401678044,19.2));
#9479=CARTESIAN_POINT('Ctrl Pts',(3.12984289910856,12.0159462301648,19.2));
#9480=CARTESIAN_POINT('Ctrl Pts',(3.32892785324281,11.8285464129195,19.2));
#9481=CARTESIAN_POINT('Ctrl Pts',(3.60415011313139,11.4460353800519,19.2));
#9482=CARTESIAN_POINT('Ctrl Pts',(3.72382665909584,11.1796095310108,19.2));
#9483=CARTESIAN_POINT('Ctrl Pts',(3.84339022364225,10.6917597518005,19.2));
#9484=CARTESIAN_POINT('Ctrl Pts',(3.85875995731005,10.3814655819403,19.2));
#9485=CARTESIAN_POINT('Ctrl Pts',(3.82496731465402,10.1247849775059,19.2));
#9486=CARTESIAN_POINT('Origin',(-1.60505548656087,-16.3991946871508,5.55306586745515));
#9487=CARTESIAN_POINT('Origin',(0.300000000000005,-16.6499999999991,5.55306586745515));
#9488=CARTESIAN_POINT('',(-1.58270686978446,12.3717168090849,-8.09386826501193));
#9489=CARTESIAN_POINT('Origin',(0.300000000000238,-16.6499999999982,-8.09386826501218));
#9490=CARTESIAN_POINT('',(-1.58270686978267,12.3717168090713,19.2000000000051));
#9491=CARTESIAN_POINT('Origin',(2.20505548656089,-16.3991946871508,5.55306586745515));
#9492=CARTESIAN_POINT('Origin',(0.299999999999998,-16.649999999999,19.2000000000051));
#9493=CARTESIAN_POINT('Origin',(0.300000000000007,-16.6499999999991,-6.68613192903075));
#9494=CARTESIAN_POINT('Ctrl Pts',(-1.5827068697843,12.3717168090849,-8.09386826501193));
#9495=CARTESIAN_POINT('Ctrl Pts',(-1.5533967822262,12.0690942296096,-8.7414722630242));
#9496=CARTESIAN_POINT('Ctrl Pts',(-1.50336084932469,11.5509785802027,-9.28458312929947));
#9497=CARTESIAN_POINT('Ctrl Pts',(-1.44356681672615,10.9222948387124,-9.61794369517039));
#9498=CARTESIAN_POINT('Ctrl Pts',(-1.39872129227713,10.4507820325935,-9.86796411957421));
#9499=CARTESIAN_POINT('Ctrl Pts',(-1.34838683674851,9.91707467467752,-10.));
#9500=CARTESIAN_POINT('Ctrl Pts',(-1.29870268861974,9.38367930996279,-10.));
#9501=CARTESIAN_POINT('Origin',(2.09754055769713,-16.4133492960636,5.55306586745515));
#9502=CARTESIAN_POINT('Ctrl Pts',(-3.224967314654,10.1247849775059,19.2));
#9503=CARTESIAN_POINT('Ctrl Pts',(-3.25875995731003,10.3814655819403,19.2));
#9504=CARTESIAN_POINT('Ctrl Pts',(-3.24339022364223,10.6917597518005,19.2));
#9505=CARTESIAN_POINT('Ctrl Pts',(-3.12382665909582,11.1796095310108,19.2));
#9506=CARTESIAN_POINT('Ctrl Pts',(-3.00415011313137,11.4460353800519,19.2));
#9507=CARTESIAN_POINT('Ctrl Pts',(-2.72892785324279,11.8285464129195,19.2));
#9508=CARTESIAN_POINT('Ctrl Pts',(-2.52984289910855,12.0159462301648,19.2));
#9509=CARTESIAN_POINT('Ctrl Pts',(-2.14982666417372,12.2459401678044,19.2));
#9510=CARTESIAN_POINT('Ctrl Pts',(-1.90519205942888,12.3328787695728,19.2));
#9511=CARTESIAN_POINT('Ctrl Pts',(-1.69068999468371,12.3611185021342,19.2));
#9512=CARTESIAN_POINT('Ctrl Pts',(-1.65572321035823,12.3657219666232,19.2));
#9513=CARTESIAN_POINT('Ctrl Pts',(-1.61959412114377,12.3693238465208,19.2));
#9514=CARTESIAN_POINT('Ctrl Pts',(-1.58270686978283,12.3717168090737,19.2));
#9515=CARTESIAN_POINT('Origin',(-1.47645322174151,10.7338286529615,-7.32368116925869));
#9516=CARTESIAN_POINT('Ctrl Pts',(-1.58270686978452,12.3717168090872,-8.09386826500702));
#9517=CARTESIAN_POINT('Ctrl Pts',(-1.55339678222645,12.0690942296122,-8.74147226302146));
#9518=CARTESIAN_POINT('Ctrl Pts',(-1.46583389964863,11.1623918431482,-9.6919162790065));
#9519=CARTESIAN_POINT('Ctrl Pts',(-1.34838683674851,9.91707467467751,-10.));
#9520=CARTESIAN_POINT('Ctrl Pts',(-1.29870268861974,9.38367930996278,-10.));
#9521=CARTESIAN_POINT('Ctrl Pts',(-2.14399986455213,12.3285641581262,-8.10820216862557));
#9522=CARTESIAN_POINT('Ctrl Pts',(-2.11200683661406,12.0193538077619,-8.7622811799747));
#9523=CARTESIAN_POINT('Ctrl Pts',(-2.01710771772653,11.098531540609,-9.71314761280524));
#9524=CARTESIAN_POINT('Ctrl Pts',(-1.89019926500607,9.8467022419887,-10.0062820734056));
#9525=CARTESIAN_POINT('Ctrl Pts',(-1.83652556581888,9.31287358491988,-10.));
#9526=CARTESIAN_POINT('Ctrl Pts',(-3.08587948220422,11.8094040321621,-7.923959235819));
#9527=CARTESIAN_POINT('Ctrl Pts',(-3.05302207591965,11.5394255325363,-8.49056570790406));
#9528=CARTESIAN_POINT('Ctrl Pts',(-2.95468123479864,10.7316358762926,-9.31177809496245));
#9529=CARTESIAN_POINT('Ctrl Pts',(-2.82353885473544,9.64861434055196,-9.55515925572188));
#9530=CARTESIAN_POINT('Ctrl Pts',(-2.76819100263509,9.19021750324717,-9.54546886890595));
#9531=CARTESIAN_POINT('Ctrl Pts',(-3.32388030958868,10.8761037655829,-7.5034174164151));
#9532=CARTESIAN_POINT('Ctrl Pts',(-3.3006145680179,10.6996209509983,-7.87847232478736));
#9533=CARTESIAN_POINT('Ctrl Pts',(-3.23110772485145,10.1709193906983,-8.42596303947019));
#9534=CARTESIAN_POINT('Ctrl Pts',(-3.13656125410702,9.45287908005529,-8.59667422423847));
#9535=CARTESIAN_POINT('Ctrl Pts',(-3.09624324631686,9.14702860602732,-8.59379633289349));
#9536=CARTESIAN_POINT('Ctrl Pts',(-3.27399377943593,10.4971779490056,-7.32368116924896));
#9537=CARTESIAN_POINT('Ctrl Pts',(-3.25599058207884,10.3604300886383,-7.61697432816287));
#9538=CARTESIAN_POINT('Ctrl Pts',(-3.20205083568944,9.95071703816162,-8.04742060192548));
#9539=CARTESIAN_POINT('Ctrl Pts',(-3.12797184293214,9.38803122425887,-8.18694853568929));
#9540=CARTESIAN_POINT('Ctrl Pts',(-3.09624324631686,9.14702860602732,-8.18694853568929));
#9541=CARTESIAN_POINT('Origin',(-1.13839043533081,-17.7537158002792,5.55306586745515));
#9542=CARTESIAN_POINT('',(-18.8901779627594,5.20272755198004,19.2000000000051));
#9543=CARTESIAN_POINT('Ctrl Pts',(-18.890177962761,5.20272755198185,19.2));
#9544=CARTESIAN_POINT('Ctrl Pts',(-18.8624026571361,5.22711869751024,19.2));
#9545=CARTESIAN_POINT('Ctrl Pts',(-18.8343086194539,5.25011890779127,19.2));
#9546=CARTESIAN_POINT('Ctrl Pts',(-18.8063282281839,5.27158901714694,19.2));
#9547=CARTESIAN_POINT('Ctrl Pts',(-18.634683857231,5.40329637531374,19.2));
#9548=CARTESIAN_POINT('Ctrl Pts',(-18.4002261944457,5.5148042883844,19.2));
#9549=CARTESIAN_POINT('Ctrl Pts',(-17.9688838648255,5.62088607213099,19.2));
#9550=CARTESIAN_POINT('Ctrl Pts',(-17.6955978621577,5.62914871166427,19.2));
#9551=CARTESIAN_POINT('Ctrl Pts',(-17.2305101906377,5.55328409274564,19.2));
#9552=CARTESIAN_POINT('Ctrl Pts',(-16.9574945688969,5.44951666540576,19.2));
#9553=CARTESIAN_POINT('Ctrl Pts',(-16.5279884745433,5.18909898559937,19.2));
#9554=CARTESIAN_POINT('Ctrl Pts',(-16.297709319971,4.98055591683007,19.2));
#9555=CARTESIAN_POINT('Ctrl Pts',(-16.1401037307527,4.77516031405918,19.2));
#9556=CARTESIAN_POINT('Origin',(-1.22442379055648,-17.8197315156102,5.55306586745515));
#9557=CARTESIAN_POINT('Origin',(0.300000000000007,-16.6499999999991,5.55306586745515));
#9558=CARTESIAN_POINT('',(-21.5527275519791,2.54017796276039,19.2000000000051));
#9559=CARTESIAN_POINT('Origin',(1.46973151561119,-15.1255762094426,5.55306586745515));
#9560=CARTESIAN_POINT('Origin',(0.299999999999938,-16.649999999999,19.2000000000051));
#9561=CARTESIAN_POINT('Origin',(1.40371580028015,-15.2116095646682,5.55306586745515));
#9562=CARTESIAN_POINT('Ctrl Pts',(-21.1251603140582,-0.209896269246396,
19.2));
#9563=CARTESIAN_POINT('Ctrl Pts',(-21.3305559168291,-0.0522906800280837,
19.2));
#9564=CARTESIAN_POINT('Ctrl Pts',(-21.5390989855984,0.17798847454428,19.2));
#9565=CARTESIAN_POINT('Ctrl Pts',(-21.7995166654048,0.607494568897873,19.2));
#9566=CARTESIAN_POINT('Ctrl Pts',(-21.9032840927447,0.880510190638648,19.2));
#9567=CARTESIAN_POINT('Ctrl Pts',(-21.9791487116633,1.34559786215868,19.2));
#9568=CARTESIAN_POINT('Ctrl Pts',(-21.97088607213,1.61888386482648,19.2));
#9569=CARTESIAN_POINT('Ctrl Pts',(-21.8648042883835,2.05022619444668,19.2));
#9570=CARTESIAN_POINT('Ctrl Pts',(-21.7532963753128,2.28468385723196,19.2));
#9571=CARTESIAN_POINT('Ctrl Pts',(-21.621589017146,2.45632822818482,19.2));
#9572=CARTESIAN_POINT('Ctrl Pts',(-21.6001189077903,2.48430861945481,19.2));
#9573=CARTESIAN_POINT('Ctrl Pts',(-21.5771186975093,2.51240265713705,19.2));
#9574=CARTESIAN_POINT('Ctrl Pts',(-21.5527275519809,2.54017796276197,19.2));
#9575=CARTESIAN_POINT('Ctrl Pts',(11.9323225135377,-39.9951789807132,-10.));
#9576=CARTESIAN_POINT('Ctrl Pts',(12.1559924542964,-40.4819549753126,-10.));
#9577=CARTESIAN_POINT('Ctrl Pts',(12.6769313436802,-41.6191389421743,-9.69188477108208));
#9578=CARTESIAN_POINT('Ctrl Pts',(13.0544584156335,-42.448163562203,-8.74147227573086));
#9579=CARTESIAN_POINT('Ctrl Pts',(13.1803864274296,-42.7248974529964,-8.09386826501045));
#9580=CARTESIAN_POINT('Ctrl Pts',(11.4311513766254,-40.2027708626923,-10.));
#9581=CARTESIAN_POINT('Ctrl Pts',(11.6515829110984,-40.691916874931,-10.0062820732047));
#9582=CARTESIAN_POINT('Ctrl Pts',(12.1675980742586,-41.8395073346856,-9.71316758913868));
#9583=CARTESIAN_POINT('Ctrl Pts',(12.5458177067802,-42.6843921203411,-8.76228119281116));
#9584=CARTESIAN_POINT('Ctrl Pts',(12.6727161095141,-42.9681726584073,-8.10820216862903));
#9585=CARTESIAN_POINT('Ctrl Pts',(10.5633250709731,-40.5622362882776,-9.54501710779424));
#9586=CARTESIAN_POINT('Ctrl Pts',(10.7445908378641,-40.9868935068661,-9.55470749430024));
#9587=CARTESIAN_POINT('Ctrl Pts',(11.1724670088594,-41.9902002314459,-9.31135083940794));
#9588=CARTESIAN_POINT('Ctrl Pts',(11.4911092988275,-42.7386634090374,-8.49033809968095));
#9589=CARTESIAN_POINT('Ctrl Pts',(11.597643202186,-42.9889003562416,-7.9237316164791));
#9590=CARTESIAN_POINT('Ctrl Pts',(10.2572813742715,-40.6890037381302,-8.59379633289348));
#9591=CARTESIAN_POINT('Ctrl Pts',(10.3752901885348,-40.9740370131767,-8.59667422414642));
#9592=CARTESIAN_POINT('Ctrl Pts',(10.6524224985474,-41.6431376187829,-8.42593469273141));
#9593=CARTESIAN_POINT('Ctrl Pts',(10.8565867890223,-42.1357738082186,-7.87847233214792));
#9594=CARTESIAN_POINT('Ctrl Pts',(10.9246794744126,-42.300245282993,-7.50341741641708));
#9595=CARTESIAN_POINT('Ctrl Pts',(10.2572813742715,-40.6890037381302,-8.18694853568929));
#9596=CARTESIAN_POINT('Ctrl Pts',(10.3503049097167,-40.9135824190221,-8.18694853568929));
#9597=CARTESIAN_POINT('Ctrl Pts',(10.5674904730673,-41.4379147516146,-8.04740633231208));
#9598=CARTESIAN_POINT('Ctrl Pts',(10.7256368635841,-41.8197139124408,-7.61697433391883));
#9599=CARTESIAN_POINT('Ctrl Pts',(10.778419568543,-41.9471426346111,-7.32368116925051));
#9600=CARTESIAN_POINT('',(13.1803864274298,-42.7248974529969,-8.09386826501067));
#9601=CARTESIAN_POINT('Ctrl Pts',(11.9323225135377,-39.9951789807132,-10.));
#9602=CARTESIAN_POINT('Ctrl Pts',(12.1559924542964,-40.4819549753126,-10.));
#9603=CARTESIAN_POINT('Ctrl Pts',(12.6769313436802,-41.6191389421743,-9.69188477108208));
#9604=CARTESIAN_POINT('Ctrl Pts',(13.0544584156335,-42.448163562203,-8.74147227573086));
#9605=CARTESIAN_POINT('Ctrl Pts',(13.1803864274296,-42.7248974529964,-8.09386826501045));
#9606=CARTESIAN_POINT('Origin',(12.4534607078092,-41.2533178771941,-7.32368116925051));
#9607=CARTESIAN_POINT('Origin',(1.97504113926628,-15.9561752425821,5.55306586745515));
#9608=CARTESIAN_POINT('',(13.1803864274239,-42.7248974529832,19.2000000000051));
#9609=CARTESIAN_POINT('Ctrl Pts',(13.180386427425,-42.7248974529854,19.2));
#9610=CARTESIAN_POINT('Ctrl Pts',(13.1472446493942,-42.7412687123047,19.2));
#9611=CARTESIAN_POINT('Ctrl Pts',(13.1141550003701,-42.7562139374193,19.2));
#9612=CARTESIAN_POINT('Ctrl Pts',(13.081571144611,-42.7697106123891,19.2));
#9613=CARTESIAN_POINT('Ctrl Pts',(12.8816870410968,-42.8525053189674,19.2));
#9614=CARTESIAN_POINT('Ctrl Pts',(12.6263579578588,-42.8995315836389,19.2));
#9615=CARTESIAN_POINT('Ctrl Pts',(12.1822572757349,-42.890359108394,19.2));
#9616=CARTESIAN_POINT('Ctrl Pts',(11.9161447393208,-42.8276085830621,19.2));
#9617=CARTESIAN_POINT('Ctrl Pts',(11.4865397541365,-42.6339554413153,19.2));
#9618=CARTESIAN_POINT('Ctrl Pts',(11.2496839005736,-42.4630621608031,19.2));
#9619=CARTESIAN_POINT('Ctrl Pts',(10.9022139267042,-42.1003536410495,19.2));
#9620=CARTESIAN_POINT('Ctrl Pts',(10.7337562619684,-41.8393158741382,19.2));
#9621=CARTESIAN_POINT('Ctrl Pts',(10.6346812467523,-41.6001276287113,19.2));
#9622=CARTESIAN_POINT('Origin',(2.07522910340479,-15.9146760290494,5.55306586745515));
#9623=CARTESIAN_POINT('Origin',(0.3,-16.6499999999991,5.55306586745515));
#9624=CARTESIAN_POINT('',(16.4413303816548,-40.8421905832114,-8.09386826501192));
#9625=CARTESIAN_POINT('Origin',(0.300000000000245,-16.65,-8.09386826501218));
#9626=CARTESIAN_POINT('',(16.4413303816465,-40.8421905832005,19.2000000000051));
#9627=CARTESIAN_POINT('Origin',(-1.22442379055649,-17.8197315156103,5.55306586745515));
#9628=CARTESIAN_POINT('Origin',(0.300000000000051,-16.6499999999991,19.2000000000051));
#9629=CARTESIAN_POINT('Origin',(0.299999999999998,-16.6499999999991,-6.68613192903075));
#9630=CARTESIAN_POINT('Ctrl Pts',(16.4413303816547,-40.8421905832115,-8.09386826501193));
#9631=CARTESIAN_POINT('Ctrl Pts',(16.2646358115046,-40.5947667854062,-8.74147226302421));
#9632=CARTESIAN_POINT('Ctrl Pts',(15.9622399410126,-40.1710752196412,-9.28456526724546));
#9633=CARTESIAN_POINT('Ctrl Pts',(15.5961157271559,-39.6565173188253,-9.61792838483838));
#9634=CARTESIAN_POINT('Ctrl Pts',(15.3215225667626,-39.2705988932123,-9.8679507230337));
#9635=CARTESIAN_POINT('Ctrl Pts',(15.0110822132264,-38.8335681541329,-10.));
#9636=CARTESIAN_POINT('Ctrl Pts',(14.7013567964241,-38.3964762920935,-10.));
#9637=CARTESIAN_POINT('Origin',(-1.13839043533082,-17.7537158002792,5.55306586745515));
#9638=CARTESIAN_POINT('Ctrl Pts',(16.7401037307527,-38.0751603140573,19.2));
#9639=CARTESIAN_POINT('Ctrl Pts',(16.897709319971,-38.2805559168282,19.2));
#9640=CARTESIAN_POINT('Ctrl Pts',(17.0395458250954,-38.5569634174073,19.2));
#9641=CARTESIAN_POINT('Ctrl Pts',(17.1799256304364,-39.0392355017073,19.2));
#9642=CARTESIAN_POINT('Ctrl Pts',(17.2094956259145,-39.3298053281839,19.2));
#9643=CARTESIAN_POINT('Ctrl Pts',(17.1624016735978,-39.7986807298193,19.2));
#9644=CARTESIAN_POINT('Ctrl Pts',(17.0836889544289,-40.0605162092854,19.2));
#9645=CARTESIAN_POINT('Ctrl Pts',(16.8695822099447,-40.4497049194652,19.2));
#9646=CARTESIAN_POINT('Ctrl Pts',(16.7011917284751,-40.6473132595386,19.2));
#9647=CARTESIAN_POINT('Ctrl Pts',(16.5295473575222,-40.7790206177054,19.2));
#9648=CARTESIAN_POINT('Ctrl Pts',(16.5015669662523,-40.800490727061,19.2));
#9649=CARTESIAN_POINT('Ctrl Pts',(16.4720791971257,-40.821674591161,19.2));
#9650=CARTESIAN_POINT('Ctrl Pts',(16.4413303816478,-40.8421905832025,19.2));
#9651=CARTESIAN_POINT('Origin',(15.5303679451432,-39.4768646554724,-7.32368116925869));
#9652=CARTESIAN_POINT('Ctrl Pts',(16.441330381656,-40.8421905832134,-8.09386826500701));
#9653=CARTESIAN_POINT('Ctrl Pts',(16.2646358115061,-40.5947667854083,-8.74147226302146));
#9654=CARTESIAN_POINT('Ctrl Pts',(15.7354430381442,-39.8533065453182,-9.69188502041199));
#9655=CARTESIAN_POINT('Ctrl Pts',(15.0110822132264,-38.8335681541329,-10.));
#9656=CARTESIAN_POINT('Ctrl Pts',(14.7013567964241,-38.3964762920935,-10.));
#9657=CARTESIAN_POINT('Ctrl Pts',(16.9058480486105,-40.5241727938567,-8.10820216862556));
#9658=CARTESIAN_POINT('Ctrl Pts',(16.72353609849,-40.2723852892972,-8.7622811799747));
#9659=CARTESIAN_POINT('Ctrl Pts',(16.1809541076113,-39.5223949533438,-9.71316743275318));
#9660=CARTESIAN_POINT('Ctrl Pts',(15.4451193238392,-38.5017176255695,-10.0062820734056));
#9661=CARTESIAN_POINT('Ctrl Pts',(15.1317222082936,-38.0662452968734,-10.));
#9662=CARTESIAN_POINT('Ctrl Pts',(17.4613258651628,-39.603494233611,-7.92372820827398));
#9663=CARTESIAN_POINT('Ctrl Pts',(17.297881266805,-39.3861146976018,-8.49033468035904));
#9664=CARTESIAN_POINT('Ctrl Pts',(16.8090175487739,-38.7359344116034,-9.31134557642021));
#9665=CARTESIAN_POINT('Ctrl Pts',(16.1540681457786,-37.863731193148,-9.55470073027654));
#9666=CARTESIAN_POINT('Ctrl Pts',(15.8769370811624,-37.4944218130778,-9.54501034346061));
#9667=CARTESIAN_POINT('Ctrl Pts',(17.201424291169,-38.6763649734052,-7.50341741641509));
#9668=CARTESIAN_POINT('Ctrl Pts',(17.0930341606386,-38.535159243429,-7.87847232478735));
#9669=CARTESIAN_POINT('Ctrl Pts',(16.7684809087383,-38.1120297916629,-8.42593491669369));
#9670=CARTESIAN_POINT('Ctrl Pts',(16.3275888877452,-37.537475768186,-8.59667422423846));
#9671=CARTESIAN_POINT('Ctrl Pts',(16.1397472317549,-37.2927604918133,-8.59379633289348));
#9672=CARTESIAN_POINT('Ctrl Pts',(16.9687583804614,-38.3731488551758,-7.32368116924896));
#9673=CARTESIAN_POINT('Ctrl Pts',(16.8847932240172,-38.2637233328631,-7.61697432816286));
#9674=CARTESIAN_POINT('Ctrl Pts',(16.6332186820134,-37.9358650065629,-8.04740644523102));
#9675=CARTESIAN_POINT('Ctrl Pts',(16.287726311566,-37.4856105832728,-8.18694853568928));
#9676=CARTESIAN_POINT('Ctrl Pts',(16.1397472317549,-37.2927604918133,-8.18694853568928));
#9677=CARTESIAN_POINT('Origin',(0.300000000000004,-16.6499999999991,-10.));
#9678=CARTESIAN_POINT('Ctrl Pts',(26.3336793099619,-18.2487026886188,-10.));
#9679=CARTESIAN_POINT('Ctrl Pts',(26.3192007250405,-18.4844756308845,-10.));
#9680=CARTESIAN_POINT('Ctrl Pts',(26.3015493423821,-18.7177292600718,-9.95394508152321));
#9681=CARTESIAN_POINT('Ctrl Pts',(26.2632725113039,-19.1528860795976,-9.77483684757986));
#9682=CARTESIAN_POINT('Ctrl Pts',(26.2430791777625,-19.35059049415,-9.64362517746772));
#9683=CARTESIAN_POINT('Ctrl Pts',(26.2061152884858,-19.6847619807673,-9.31231998512974));
#9684=CARTESIAN_POINT('Ctrl Pts',(26.1897829184441,-19.817971524195,-9.1153642880769));
#9685=CARTESIAN_POINT('Ctrl Pts',(26.1722012611526,-19.95753853085,-8.78587251855239));
#9686=CARTESIAN_POINT('Ctrl Pts',(26.1675159373828,-19.9937294719731,-8.66897187886728));
#9687=CARTESIAN_POINT('Ctrl Pts',(26.1611962178917,-20.0422614394201,-8.42961577207107));
#9688=CARTESIAN_POINT('Ctrl Pts',(26.1595792107434,-20.0544781896525,-8.30778102361695));
#9689=CARTESIAN_POINT('Ctrl Pts',(26.1595792107434,-20.0544781896525,-8.18562827140317));
#9690=CARTESIAN_POINT('Ctrl Pts',(26.3336793099619,-18.2487026886188,-10.));
#9691=CARTESIAN_POINT('Ctrl Pts',(26.8670746576167,-18.2983868351585,-10.));
#9692=CARTESIAN_POINT('Ctrl Pts',(28.1123743883986,-18.4158325130789,-9.69188491837924));
#9693=CARTESIAN_POINT('Ctrl Pts',(29.0190942236714,-18.5033967816502,-8.74147227573086));
#9694=CARTESIAN_POINT('Ctrl Pts',(29.3217168090847,-18.5327068697835,-8.09386826501044));
#9695=CARTESIAN_POINT('Ctrl Pts',(26.262873584919,-18.786525565818,-10.));
#9696=CARTESIAN_POINT('Ctrl Pts',(26.796702224914,-18.8401992632885,-10.0062820732047));
#9697=CARTESIAN_POINT('Ctrl Pts',(28.0485522007663,-18.9671122319302,-9.71316749574284));
#9698=CARTESIAN_POINT('Ctrl Pts',(28.9693538016917,-19.0620068359852,-8.76228119281117));
#9699=CARTESIAN_POINT('Ctrl Pts',(29.2785641581236,-19.0939998645511,-8.10820216862902));
#9700=CARTESIAN_POINT('Ctrl Pts',(26.140262178593,-19.717851659685,-9.54505797886217));
#9701=CARTESIAN_POINT('Ctrl Pts',(26.5986590012367,-19.7731995100152,-9.55474836536817));
#9702=CARTESIAN_POINT('Ctrl Pts',(27.6815015139436,-19.9043045373236,-9.31138509569281));
#9703=CARTESIAN_POINT('Ctrl Pts',(28.4890384180209,-20.0025897576646,-8.4903586925239));
#9704=CARTESIAN_POINT('Ctrl Pts',(28.7590169229445,-20.035447164594,-7.92375220932204));
#9705=CARTESIAN_POINT('Ctrl Pts',(26.0970286060264,-20.0462432463159,-8.59379633289348));
#9706=CARTESIAN_POINT('Ctrl Pts',(26.4028790702722,-20.0865612528166,-8.59667422414642));
#9707=CARTESIAN_POINT('Ctrl Pts',(27.1209034224393,-20.1811079339591,-8.42593482525194));
#9708=CARTESIAN_POINT('Ctrl Pts',(27.6496209475334,-20.2506145675603,-7.87847233214792));
#9709=CARTESIAN_POINT('Ctrl Pts',(27.8261037655811,-20.2738803095876,-7.50341741641708));
#9710=CARTESIAN_POINT('Ctrl Pts',(26.0970286060264,-20.0462432463159,-8.18694853568928));
#9711=CARTESIAN_POINT('Ctrl Pts',(26.3380312165498,-20.0779718419164,-8.18694853568928));
#9712=CARTESIAN_POINT('Ctrl Pts',(26.9007091553134,-20.152049797892,-8.04740639902145));
#9713=CARTESIAN_POINT('Ctrl Pts',(27.3104300859532,-20.2059905817246,-7.61697433391883));
#9714=CARTESIAN_POINT('Ctrl Pts',(27.4471779490039,-20.2239937794349,-7.32368116925051));
#9715=CARTESIAN_POINT('Ctrl Pts',(26.3336793099619,-18.2487026886188,-10.));
#9716=CARTESIAN_POINT('Ctrl Pts',(26.8670746576167,-18.2983868351585,-10.));
#9717=CARTESIAN_POINT('Ctrl Pts',(28.1123743883986,-18.4158325130789,-9.69188491837924));
#9718=CARTESIAN_POINT('Ctrl Pts',(29.0190942236714,-18.5033967816502,-8.74147227573086));
#9719=CARTESIAN_POINT('Ctrl Pts',(29.3217168090847,-18.5327068697835,-8.09386826501044));
#9720=CARTESIAN_POINT('Origin',(0.300000000000003,-16.6499999999991,-6.68613192903075));
#9721=CARTESIAN_POINT('Ctrl Pts',(29.321716809084,-14.7672931302148,-8.09386826501193));
#9722=CARTESIAN_POINT('Ctrl Pts',(29.0190942296087,-14.7966032177729,-8.7414722630242));
#9723=CARTESIAN_POINT('Ctrl Pts',(28.5009691449604,-14.846639900227,-9.28456618308851));
#9724=CARTESIAN_POINT('Ctrl Pts',(27.8722867513617,-14.9064338257466,-9.61792916984671));
#9725=CARTESIAN_POINT('Ctrl Pts',(27.4007749561616,-14.9512792698864,-9.867951409916));
#9726=CARTESIAN_POINT('Ctrl Pts',(26.8670746746766,-15.0016131632506,-10.));
#9727=CARTESIAN_POINT('Ctrl Pts',(26.3336793099619,-15.0512973113793,-10.));
#9728=CARTESIAN_POINT('Ctrl Pts',(29.3217168090863,-14.7672931302145,-8.09386826500701));
#9729=CARTESIAN_POINT('Ctrl Pts',(29.0190942296113,-14.7966032177726,-8.74147226302146));
#9730=CARTESIAN_POINT('Ctrl Pts',(28.1123753314749,-14.8841674120676,-9.69188662313733));
#9731=CARTESIAN_POINT('Ctrl Pts',(26.8670746746766,-15.0016131632506,-10.));
#9732=CARTESIAN_POINT('Ctrl Pts',(26.3336793099618,-15.0512973113793,-10.));
#9733=CARTESIAN_POINT('Ctrl Pts',(29.2785641581252,-14.2060001354469,-8.10820216862556));
#9734=CARTESIAN_POINT('Ctrl Pts',(28.969353807761,-14.237993163385,-8.76228117997471));
#9735=CARTESIAN_POINT('Ctrl Pts',(28.0485510731729,-14.3328880138295,-9.71316641652282));
#9736=CARTESIAN_POINT('Ctrl Pts',(26.7967022419878,-14.459800734993,-10.0062820734056));
#9737=CARTESIAN_POINT('Ctrl Pts',(26.2628735849189,-14.5134744341802,-10.));
#9738=CARTESIAN_POINT('Ctrl Pts',(28.7590422274625,-13.2645245757096,-7.92376574220668));
#9739=CARTESIAN_POINT('Ctrl Pts',(28.4890637278368,-13.2973819819941,-8.49037221429175));
#9740=CARTESIAN_POINT('Ctrl Pts',(27.6815098758406,-13.3956709203235,-9.31141003442441));
#9741=CARTESIAN_POINT('Ctrl Pts',(26.5986560955642,-13.5267783060766,-9.55477522469758));
#9742=CARTESIAN_POINT('Ctrl Pts',(26.1402592582594,-13.582126158177,-9.54508483788165));
#9743=CARTESIAN_POINT('Ctrl Pts',(27.826103765582,-13.0261196904104,-7.50341741641509));
#9744=CARTESIAN_POINT('Ctrl Pts',(27.6496209509974,-13.0493854319812,-7.87847232478737));
#9745=CARTESIAN_POINT('Ctrl Pts',(27.1209042869947,-13.1188920777905,-8.42593635863589));
#9746=CARTESIAN_POINT('Ctrl Pts',(26.4028790800544,-13.213438745892,-8.59667422423847));
#9747=CARTESIAN_POINT('Ctrl Pts',(26.0970286060264,-13.2537567536822,-8.59379633289348));
#9748=CARTESIAN_POINT('Ctrl Pts',(27.4471779490046,-13.0760062205631,-7.32368116924896));
#9749=CARTESIAN_POINT('Ctrl Pts',(27.3104300886373,-13.0940094179202,-7.61697432816288));
#9750=CARTESIAN_POINT('Ctrl Pts',(26.9007095812209,-13.1479501460344,-8.04740717108877));
#9751=CARTESIAN_POINT('Ctrl Pts',(26.3380312242579,-13.2220281570669,-8.18694853568929));
#9752=CARTESIAN_POINT('Ctrl Pts',(26.0970286060264,-13.2537567536822,-8.18694853568929));
#9753=CARTESIAN_POINT('Origin',(0.300000000000002,-16.6499999999991,17.7));
#9754=CARTESIAN_POINT('',(18.0623093177728,-30.1999999999991,17.7));
#9755=CARTESIAN_POINT('',(18.0623093177728,-35.1999999999991,17.7));
#9756=CARTESIAN_POINT('',(18.0623093177728,1.90000000000095,17.7));
#9757=CARTESIAN_POINT('',(12.7623093177728,-35.1999999999991,17.7));
#9758=CARTESIAN_POINT('',(18.0623093177728,-35.1999999999991,17.7));
#9759=CARTESIAN_POINT('',(12.7623093177728,-30.1999999999991,17.7));
#9760=CARTESIAN_POINT('',(12.7623093177728,-6.69999999999909,17.7));
#9761=CARTESIAN_POINT('',(9.18115465888648,-30.1999999999991,17.7));
#9762=CARTESIAN_POINT('Origin',(12.7623093177728,-6.69999999999909,17.7));
#9763=CARTESIAN_POINT('',(18.0623093177728,-6.69999999999908,19.2));
#9764=CARTESIAN_POINT('',(18.0623093177728,-6.69999999999907,17.7));
#9765=CARTESIAN_POINT('',(12.7623093177728,-6.69999999999909,19.2));
#9766=CARTESIAN_POINT('',(6.53115465888641,-6.69999999999912,19.2));
#9767=CARTESIAN_POINT('',(12.7623093177728,-6.69999999999909,17.7));
#9768=CARTESIAN_POINT('Origin',(18.0623093177728,-30.1999999999991,17.7));
#9769=CARTESIAN_POINT('',(12.7623093177728,-30.1999999999991,19.2));
#9770=CARTESIAN_POINT('',(12.7623093177728,-30.1999999999991,17.7));
#9771=CARTESIAN_POINT('',(18.0623093177728,-30.1999999999991,19.2));
#9772=CARTESIAN_POINT('',(9.18115465888648,-30.1999999999991,19.2));
#9773=CARTESIAN_POINT('',(18.0623093177728,-30.1999999999991,17.7));
#9774=CARTESIAN_POINT('Origin',(0.300000000000002,-16.6499999999991,19.2));
#9775=CARTESIAN_POINT('',(12.7623093177728,-23.4249999999991,19.2));
#9776=CARTESIAN_POINT('',(18.0623093177728,-11.6749999999991,19.2));
#9777=CARTESIAN_POINT('Origin',(0.300000000000002,-16.6499999999991,4.6));
#9778=CARTESIAN_POINT('',(18.0623093177728,1.90000000000095,4.6));
#9779=CARTESIAN_POINT('Origin',(0.300000000000002,-16.6499999999991,4.6));
#9780=CARTESIAN_POINT('',(7.26230931777276,5.59853507555909,4.6));
#9781=CARTESIAN_POINT('',(7.26230931777276,5.59853507555909,4.6));
#9782=CARTESIAN_POINT('',(8.76230931777276,5.5985350755591,4.6));
#9783=CARTESIAN_POINT('',(8.76230931777276,5.5985350755591,4.6));
#9784=CARTESIAN_POINT('',(8.76230931777283,-6.69999999999909,4.6));
#9785=CARTESIAN_POINT('',(8.7623093177728,1.90000000000091,4.6));
#9786=CARTESIAN_POINT('',(12.7623093177728,-6.69999999999909,4.6));
#9787=CARTESIAN_POINT('',(12.7623093177728,-6.69999999999909,4.6));
#9788=CARTESIAN_POINT('',(12.7623093177728,-35.1999999999991,4.6));
#9789=CARTESIAN_POINT('',(12.7623093177728,-6.69999999999909,4.6));
#9790=CARTESIAN_POINT('',(18.0623093177728,-35.1999999999991,4.6));
#9791=CARTESIAN_POINT('Origin',(0.300000000000002,-16.6499999999991,4.6));
#9792=CARTESIAN_POINT('',(-19.2638501270121,-2.6999999999934,4.6));
#9793=CARTESIAN_POINT('',(-21.2638501270121,-2.69999999999287,4.6));
#9794=CARTESIAN_POINT('',(-10.4819250635042,-2.69999999999569,4.6));
#9795=CARTESIAN_POINT('',(-19.2638501270118,-30.5999999999995,4.6));
#9796=CARTESIAN_POINT('',(-19.2638501270121,-2.6999999999934,4.6));
#9797=CARTESIAN_POINT('',(-21.2638501270118,-30.5999999999995,4.6));
#9798=CARTESIAN_POINT('',(-9.48192506350589,-30.5999999999995,4.6));
#9799=CARTESIAN_POINT('Origin',(0.300000000000004,-16.6499999999991,4.6));
#9800=CARTESIAN_POINT('Origin',(0.300000000000002,-16.6499999999991,4.6));
#9801=CARTESIAN_POINT('',(15.1623093177727,1.90000000000093,4.6));
#9802=CARTESIAN_POINT('',(8.7623093177728,1.90000000000091,4.6));
#9803=CARTESIAN_POINT('',(15.1623093177727,1.90000000000093,4.6));
#9804=CARTESIAN_POINT('Origin',(7.26230931777276,5.59853507555909,4.6));
#9805=CARTESIAN_POINT('',(7.26230931777276,5.59853507555909,4.6));
#9806=CARTESIAN_POINT('Origin',(8.76230931777276,5.5985350755591,4.6));
#9807=CARTESIAN_POINT('',(8.76230931777276,5.5985350755591,4.6));
#9808=CARTESIAN_POINT('Origin',(8.76230931777288,-6.69999999999909,4.6));
#9809=CARTESIAN_POINT('',(8.76230931777283,-6.69999999999909,4.6));
#9810=CARTESIAN_POINT('Origin',(12.7623093177728,-6.69999999999909,4.6));
#9811=CARTESIAN_POINT('',(12.7623093177728,-6.69999999999909,4.6));
#9812=CARTESIAN_POINT('Origin',(12.7623093177728,-35.1999999999991,4.6));
#9813=CARTESIAN_POINT('',(12.7623093177728,-35.1999999999991,4.6));
#9814=CARTESIAN_POINT('Origin',(18.0623093177728,-35.1999999999991,4.6));
#9815=CARTESIAN_POINT('',(18.0623093177728,-35.1999999999991,4.6));
#9816=CARTESIAN_POINT('Origin',(18.0623093177728,1.90000000000095,4.6));
#9817=CARTESIAN_POINT('',(18.0623093177728,1.90000000000095,4.6));
#9818=CARTESIAN_POINT('Origin',(15.1623093177727,1.90000000000093,4.6));
#9819=CARTESIAN_POINT('',(15.1623093177727,1.90000000000093,4.6));
#9820=CARTESIAN_POINT('Origin',(15.1623093177728,4.29549818082926,4.6));
#9821=CARTESIAN_POINT('Origin',(-19.2638501270118,-30.5999999999995,-10.));
#9822=CARTESIAN_POINT('',(-19.2638501270118,-30.5999999999995,-10.));
#9823=CARTESIAN_POINT('',(-21.2638501270118,-30.5999999999995,-10.));
#9824=CARTESIAN_POINT('Origin',(-19.2638501270121,-2.6999999999934,-10.));
#9825=CARTESIAN_POINT('',(-19.2638501270121,-2.6999999999934,-10.));
#9826=CARTESIAN_POINT('Origin',(-21.2638501270121,-2.69999999999287,-10.));
#9827=CARTESIAN_POINT('',(-21.2638501270121,-2.69999999999287,-10.));
#9828=CARTESIAN_POINT('Origin',(0.300000000000004,-16.6499999999991,-10.));
#9829=CARTESIAN_POINT('',(-0.300000000000003,-16.6499999999991,19.2));
#9830=UNCERTAINTY_MEASURE_WITH_UNIT(LENGTH_MEASURE(0.01),#9836,
'DISTANCE_ACCURACY_VALUE',
'Maximum model space distance between geometric entities at asserted c
onnectivities');
#9831=UNCERTAINTY_MEASURE_WITH_UNIT(LENGTH_MEASURE(0.01),#9836,
'DISTANCE_ACCURACY_VALUE',
'Maximum model space distance between geometric entities at asserted c
onnectivities');
#9832=UNCERTAINTY_MEASURE_WITH_UNIT(LENGTH_MEASURE(0.01),#9836,
'DISTANCE_ACCURACY_VALUE',
'Maximum model space distance between geometric entities at asserted c
onnectivities');
#9833=(
GEOMETRIC_REPRESENTATION_CONTEXT(3)
GLOBAL_UNCERTAINTY_ASSIGNED_CONTEXT((#9830))
GLOBAL_UNIT_ASSIGNED_CONTEXT((#9836,#9838,#9839))
REPRESENTATION_CONTEXT('','3D')
);
#9834=(
GEOMETRIC_REPRESENTATION_CONTEXT(3)
GLOBAL_UNCERTAINTY_ASSIGNED_CONTEXT((#9831))
GLOBAL_UNIT_ASSIGNED_CONTEXT((#9836,#9838,#9839))
REPRESENTATION_CONTEXT('','3D')
);
#9835=(
GEOMETRIC_REPRESENTATION_CONTEXT(3)
GLOBAL_UNCERTAINTY_ASSIGNED_CONTEXT((#9832))
GLOBAL_UNIT_ASSIGNED_CONTEXT((#9836,#9838,#9839))
REPRESENTATION_CONTEXT('','3D')
);
#9836=(
LENGTH_UNIT()
NAMED_UNIT(*)
SI_UNIT(.MILLI.,.METRE.)
);
#9837=(
LENGTH_UNIT()
NAMED_UNIT(*)
SI_UNIT($,.METRE.)
);
#9838=(
NAMED_UNIT(*)
PLANE_ANGLE_UNIT()
SI_UNIT($,.RADIAN.)
);
#9839=(
NAMED_UNIT(*)
SI_UNIT($,.STERADIAN.)
SOLID_ANGLE_UNIT()
);
#9840=SHAPE_DEFINITION_REPRESENTATION(#9842,#9845);
#9841=SHAPE_DEFINITION_REPRESENTATION(#9843,#9846);
#9842=PRODUCT_DEFINITION_SHAPE('',$,#9848);
#9843=PRODUCT_DEFINITION_SHAPE('',$,#9849);
#9844=PRODUCT_DEFINITION_SHAPE($,$,#14);
#9845=SHAPE_REPRESENTATION('',(#3765,#4214),#9833);
#9846=SHAPE_REPRESENTATION('',(#3766),#9834);
#9847=PRODUCT_DEFINITION_CONTEXT('part definition',#9855,'design');
#9848=PRODUCT_DEFINITION('2026-09-28-16-38-20-874','PRINT_LAYOUT',#9850,
#9847);
#9849=PRODUCT_DEFINITION('2026-09-28-16-38-20-859','PumpkinCover',#9851,
#9847);
#9850=PRODUCT_DEFINITION_FORMATION('',$,#9857);
#9851=PRODUCT_DEFINITION_FORMATION('',$,#9858);
#9852=PRODUCT_RELATED_PRODUCT_CATEGORY('PRINT_LAYOUT','PRINT_LAYOUT',(#9857));
#9853=PRODUCT_RELATED_PRODUCT_CATEGORY('PumpkinCover','PumpkinCover',(#9858));
#9854=APPLICATION_PROTOCOL_DEFINITION('international standard',
'automotive_design',2009,#9855);
#9855=APPLICATION_CONTEXT(
'Core Data for Automotive Mechanical Design Process');
#9856=PRODUCT_CONTEXT('part definition',#9855,'mechanical');
#9857=PRODUCT('2026-09-28-16-38-20-874','PRINT_LAYOUT',$,(#9856));
#9858=PRODUCT('2026-09-28-16-38-20-859','PumpkinCover',$,(#9856));
#9859=PRESENTATION_STYLE_ASSIGNMENT((#9861));
#9860=PRESENTATION_STYLE_ASSIGNMENT((#9862));
#9861=SURFACE_STYLE_USAGE(.BOTH.,#9863);
#9862=SURFACE_STYLE_USAGE(.BOTH.,#9864);
#9863=SURFACE_SIDE_STYLE('',(#9865));
#9864=SURFACE_SIDE_STYLE('',(#9866));
#9865=SURFACE_STYLE_FILL_AREA(#9867);
#9866=SURFACE_STYLE_FILL_AREA(#9868);
#9867=FILL_AREA_STYLE('Steel - Satin',(#9869));
#9868=FILL_AREA_STYLE('Plastic - Matte (Red)',(#9870));
#9869=FILL_AREA_STYLE_COLOUR('Steel - Satin',#9871);
#9870=FILL_AREA_STYLE_COLOUR('Plastic - Matte (Red)',#9872);
#9871=COLOUR_RGB('Steel - Satin',0.627450980392157,0.627450980392157,0.627450980392157);
#9872=COLOUR_RGB('Plastic - Matte (Red)',0.901960784313726,0.392156862745098,
0.0784313725490196);
ENDSEC;
END-ISO-10303-21;
