ISO-10303-21;
HEADER;
/* Generated by software containing ST-Developer
 * from STEP Tools, Inc. (www.steptools.com) 
 */

FILE_DESCRIPTION(
/* description */ (''),
/* implementation_level */ '2;1');

FILE_NAME(
/* name */ 'PumpkinTop.step',
/* time_stamp */ '2026-09-28T16:38:23+02:00',
/* author */ (''),
/* organization */ (''),
/* preprocessor_version */ 'ST-DEVELOPER v20.2',
/* originating_system */ 'Autodesk Translation Framework v15.15.0.0',
/* authorisation */ '');

FILE_SCHEMA (('AUTOMOTIVE_DESIGN { 1 0 10303 214 3 1 1 }'));
ENDSEC;

DATA;
#10=MECHANICAL_DESIGN_GEOMETRIC_PRESENTATION_REPRESENTATION('',(#17),#7915);
#11=ITEM_DEFINED_TRANSFORMATION($,$,#2323,#2478);
#12=(
REPRESENTATION_RELATIONSHIP($,$,#7926,#7925)
REPRESENTATION_RELATIONSHIP_WITH_TRANSFORMATION(#11)
SHAPE_REPRESENTATION_RELATIONSHIP()
);
#13=CONTEXT_DEPENDENT_SHAPE_REPRESENTATION(#12,#7924);
#14=NEXT_ASSEMBLY_USAGE_OCCURRENCE('PumpkinTop:1','PumpkinTop:1',
'PumpkinTop:1',#7928,#7929,'PumpkinTop:1');
#15=SHAPE_REPRESENTATION_RELATIONSHIP('SRR','None',#7926,#16);
#16=ADVANCED_BREP_SHAPE_REPRESENTATION('',(#18),#7914);
#17=STYLED_ITEM('',(#7940),#18);
#18=MANIFOLD_SOLID_BREP('Body51',#2309);
#19=FACE_BOUND('',#591,.T.);
#20=FACE_BOUND('',#683,.T.);
#21=PLANE('',#2336);
#22=PLANE('',#2435);
#23=CONICAL_SURFACE('',#2332,9.86260208143725,1.25357972683728);
#24=CONICAL_SURFACE('',#2364,9.86260208143725,1.25357972683728);
#25=CONICAL_SURFACE('',#2369,9.86260208143725,1.25357972683728);
#26=CONICAL_SURFACE('',#2374,9.86260208143725,1.25357972683728);
#27=CONICAL_SURFACE('',#2379,9.86260208143725,1.25357972683728);
#28=CONICAL_SURFACE('',#2384,9.86260208143725,1.25357972683728);
#29=CONICAL_SURFACE('',#2389,9.86260208143725,1.25357972683728);
#30=CONICAL_SURFACE('',#2394,9.86260208143725,1.25357972683728);
#31=CONICAL_SURFACE('',#2399,9.86260208143725,1.25357972683728);
#32=CONICAL_SURFACE('',#2404,9.86260208143725,1.25357972683728);
#33=CONICAL_SURFACE('',#2409,9.86260208143725,1.25357972683728);
#34=CONICAL_SURFACE('',#2414,9.86260208143725,1.25357972683728);
#35=CONICAL_SURFACE('',#2419,9.86260208143725,1.25357972683728);
#36=CONICAL_SURFACE('',#2424,9.86260208143725,1.25357972683728);
#37=CONICAL_SURFACE('',#2429,9.86260208143725,1.25357972683728);
#38=CONICAL_SURFACE('',#2434,9.86260208143725,1.25357972683728);
#39=CONICAL_SURFACE('',#2437,2.86875,0.148662337416507);
#40=CONICAL_SURFACE('',#2442,9.86260208143725,1.25357972683728);
#41=CONICAL_SURFACE('',#2447,9.86260208143725,1.25357972683728);
#42=CONICAL_SURFACE('',#2452,9.86260208143725,1.25357972683728);
#43=CONICAL_SURFACE('',#2457,9.86260208143725,1.25357972683728);
#44=CONICAL_SURFACE('',#2462,9.86260208143725,1.25357972683728);
#45=CONICAL_SURFACE('',#2467,9.86260208143725,1.25357972683728);
#46=CONICAL_SURFACE('',#2472,9.86260208143725,1.25357972683728);
#47=CONICAL_SURFACE('',#2477,9.86260208143725,1.25357972683728);
#48=TOROIDAL_SURFACE('',#2329,18.2485829543761,11.9339411325155);
#49=TOROIDAL_SURFACE('',#2333,9.61350227850526,6.49767036544752);
#50=TOROIDAL_SURFACE('',#2362,18.2485829543761,11.9339411325155);
#51=TOROIDAL_SURFACE('',#2367,18.2485829543761,11.9339411325155);
#52=TOROIDAL_SURFACE('',#2372,18.2485829543761,11.9339411325155);
#53=TOROIDAL_SURFACE('',#2377,18.2485829543761,11.9339411325155);
#54=TOROIDAL_SURFACE('',#2382,18.2485829543761,11.9339411325155);
#55=TOROIDAL_SURFACE('',#2387,18.2485829543761,11.9339411325155);
#56=TOROIDAL_SURFACE('',#2392,18.2485829543761,11.9339411325155);
#57=TOROIDAL_SURFACE('',#2397,18.2485829543761,11.9339411325155);
#58=TOROIDAL_SURFACE('',#2402,18.2485829543761,11.9339411325155);
#59=TOROIDAL_SURFACE('',#2407,18.2485829543761,11.9339411325155);
#60=TOROIDAL_SURFACE('',#2412,18.2485829543761,11.9339411325155);
#61=TOROIDAL_SURFACE('',#2417,18.2485829543761,11.9339411325155);
#62=TOROIDAL_SURFACE('',#2422,18.2485829543761,11.9339411325155);
#63=TOROIDAL_SURFACE('',#2427,18.2485829543761,11.9339411325155);
#64=TOROIDAL_SURFACE('',#2432,18.2485829543761,11.9339411325155);
#65=TOROIDAL_SURFACE('',#2440,18.2485829543761,11.9339411325155);
#66=TOROIDAL_SURFACE('',#2445,18.2485829543761,11.9339411325155);
#67=TOROIDAL_SURFACE('',#2450,18.2485829543761,11.9339411325155);
#68=TOROIDAL_SURFACE('',#2455,18.2485829543761,11.9339411325155);
#69=TOROIDAL_SURFACE('',#2460,18.2485829543761,11.9339411325155);
#70=TOROIDAL_SURFACE('',#2465,18.2485829543761,11.9339411325155);
#71=TOROIDAL_SURFACE('',#2470,18.2485829543761,11.9339411325155);
#72=TOROIDAL_SURFACE('',#2475,18.2485829543761,11.9339411325155);
#73=B_SPLINE_CURVE_WITH_KNOTS('',3,(#2835,#2836,#2837,#2838,#2839,#2840,
#2841,#2842,#2843,#2844,#2845,#2846),.UNSPECIFIED.,.F.,.F.,(4,2,2,2,2,4),
(0.,0.0909309817415173,0.170573155022098,0.241420167312174,0.279089992383583,
0.31652312708587),.UNSPECIFIED.);
#74=B_SPLINE_CURVE_WITH_KNOTS('',3,(#2848,#2849,#2850,#2851,#2852,#2853),
 .UNSPECIFIED.,.F.,.F.,(4,1,1,4),(0.113332669485102,0.743686855822842,1.16412043229448,
1.58455400876612),.UNSPECIFIED.);
#75=B_SPLINE_CURVE_WITH_KNOTS('',3,(#2856,#2857,#2858,#2859,#2860,#2861),
 .UNSPECIFIED.,.F.,.F.,(4,1,1,4),(-1.38423271474828,-0.840990798071542,
-0.420495399035771,-4.06210810651169E-16),.UNSPECIFIED.);
#76=B_SPLINE_CURVE_WITH_KNOTS('',3,(#2884,#2885,#2886,#2887,#2888,#2889,
#2890,#2891,#2892,#2893,#2894,#2895,#2896,#2897,#2898,#2899,#2900,#2901,
#2902,#2903,#2904,#2905,#2906,#2907,#2908,#2909,#2910,#2911,#2912,#2913,
#2914,#2915,#2916,#2917,#2918,#2919,#2920),.UNSPECIFIED.,.F.,.F.,(4,3,3,
3,3,3,3,3,3,3,3,3,4),(0.,0.031467539750944,0.0617017739246209,0.0914134674136748,
0.120066748405811,0.125870159003776,0.149438323862448,0.17131425692226,
0.173006488721121,0.186190167398073,0.211330688429558,0.235510946061213,
0.243154557658599),.UNSPECIFIED.);
#77=B_SPLINE_CURVE_WITH_KNOTS('',3,(#2921,#2922,#2923,#2924),
 .UNSPECIFIED.,.F.,.F.,(4,4),(-1.79539462550278,-0.965023053595199),
 .UNSPECIFIED.);
#78=B_SPLINE_CURVE_WITH_KNOTS('',3,(#2926,#2927,#2928,#2929),
 .UNSPECIFIED.,.F.,.F.,(4,4),(1.87787244828901E-14,0.127285202885322),
 .UNSPECIFIED.);
#79=B_SPLINE_CURVE_WITH_KNOTS('',3,(#2930,#2931,#2932,#2933,#2934,#2935),
 .UNSPECIFIED.,.F.,.F.,(4,2,4),(-0.00344844591768201,0.,0.816109819149705),
 .UNSPECIFIED.);
#80=B_SPLINE_CURVE_WITH_KNOTS('',3,(#2957,#2958,#2959,#2960),
 .UNSPECIFIED.,.F.,.F.,(4,4),(1.66810780800371,1.79539462550278),
 .UNSPECIFIED.);
#81=B_SPLINE_CURVE_WITH_KNOTS('',3,(#2964,#2965,#2966,#2967),
 .UNSPECIFIED.,.F.,.F.,(4,4),(-0.830368305179839,-1.87787244828901E-14),
 .UNSPECIFIED.);
#82=B_SPLINE_CURVE_WITH_KNOTS('',3,(#2968,#2969,#2970,#2971,#2972,#2973,
#2974,#2975,#2976,#2977),.UNSPECIFIED.,.F.,.F.,(4,2,2,2,4),(0.0776370733471141,
0.0794328202184934,0.160792724826775,0.21494282166755,0.274858213802531),
 .UNSPECIFIED.);
#83=B_SPLINE_CURVE_WITH_KNOTS('',3,(#3010,#3011,#3012,#3013,#3014,#3015,
#3016,#3017,#3018,#3019,#3020,#3021),.UNSPECIFIED.,.F.,.F.,(4,2,2,2,2,4),
(0.,0.0643969299550216,0.130984853139154,0.203826588073334,0.258600991988505,
0.314804712353999),.UNSPECIFIED.);
#84=B_SPLINE_CURVE_WITH_KNOTS('',3,(#3022,#3023,#3024,#3025,#3026,#3027),
 .UNSPECIFIED.,.F.,.F.,(4,1,1,4),(-1.58455400876612,-1.16412043229448,-0.743686855822842,
-0.200321376933792),.UNSPECIFIED.);
#85=B_SPLINE_CURVE_WITH_KNOTS('',3,(#3028,#3029,#3030,#3031,#3032,#3033),
 .UNSPECIFIED.,.F.,.F.,(4,1,1,4),(4.06210810651169E-16,0.420495399035771,
0.840990798071542,1.47122145923801),.UNSPECIFIED.);
#86=B_SPLINE_CURVE_WITH_KNOTS('',3,(#3044,#3045,#3046,#3047,#3048,#3049,
#3050,#3051),.UNSPECIFIED.,.F.,.F.,(4,2,2,4),(0.,0.125550101112473,0.237437684530936,
0.2510847087862),.UNSPECIFIED.);
#87=B_SPLINE_CURVE_WITH_KNOTS('',3,(#3053,#3054,#3055,#3056,#3057,#3058,
#3059,#3060,#3061,#3062),.UNSPECIFIED.,.F.,.F.,(4,2,2,2,4),(0.0777197361969707,
0.07951626074147,0.161118988279338,0.214868948939426,0.274895388787712),
 .UNSPECIFIED.);
#88=B_SPLINE_CURVE_WITH_KNOTS('',3,(#3064,#3065,#3066,#3067,#3068,#3069,
#3070,#3071),.UNSPECIFIED.,.F.,.F.,(4,2,2,4),(0.,0.125550101112473,0.237437684530936,
0.2510847087862),.UNSPECIFIED.);
#89=B_SPLINE_CURVE_WITH_KNOTS('',3,(#3073,#3074,#3075,#3076,#3077,#3078,
#3079,#3080,#3081,#3082),.UNSPECIFIED.,.F.,.F.,(4,2,2,2,4),(0.0777197361969707,
0.07951626074147,0.161118988279338,0.214868948939426,0.274895388787712),
 .UNSPECIFIED.);
#90=B_SPLINE_CURVE_WITH_KNOTS('',3,(#3084,#3085,#3086,#3087,#3088,#3089,
#3090,#3091),.UNSPECIFIED.,.F.,.F.,(4,2,2,4),(0.,0.125550101112473,0.237437684530936,
0.2510847087862),.UNSPECIFIED.);
#91=B_SPLINE_CURVE_WITH_KNOTS('',3,(#3093,#3094,#3095,#3096,#3097,#3098,
#3099,#3100,#3101,#3102,#3103,#3104,#3105,#3106,#3107,#3108,#3109,#3110,
#3111,#3112,#3113,#3114,#3115,#3116,#3117,#3118,#3119,#3120,#3121,#3122,
#3123,#3124,#3125,#3126,#3127,#3128,#3129),.UNSPECIFIED.,.F.,.F.,(4,3,3,
3,3,3,3,3,3,3,3,3,4),(0.,0.0314675397509357,0.0617030931527565,0.0914173194159013,
0.120074209036469,0.125870159003743,0.149438323862401,0.171317651967807,
0.173006488721059,0.186190167398003,0.21132947114496,0.235508397563036,
0.243154557658499),.UNSPECIFIED.);
#92=B_SPLINE_CURVE_WITH_KNOTS('',3,(#3131,#3132,#3133,#3134,#3135,#3136,
#3137,#3138,#3139,#3140),.UNSPECIFIED.,.F.,.F.,(4,2,2,2,4),(0.0776370733471184,
0.0794328202184971,0.16079272482671,0.214942821667392,0.27485821380227),
 .UNSPECIFIED.);
#93=B_SPLINE_CURVE_WITH_KNOTS('',3,(#3142,#3143,#3144,#3145,#3146,#3147,
#3148,#3149,#3150,#3151,#3152,#3153,#3154,#3155,#3156,#3157,#3158,#3159,
#3160,#3161,#3162,#3163,#3164,#3165,#3166,#3167,#3168,#3169,#3170,#3171,
#3172,#3173,#3174,#3175,#3176,#3177,#3178),.UNSPECIFIED.,.F.,.F.,(4,3,3,
3,3,3,3,3,3,3,3,3,4),(0.,0.0314675397509175,0.0617022104113377,0.0914147418341266,
0.120069216610076,0.12587015900367,0.149438323862295,0.17131538004617,0.173006488720919,
0.186190167397845,0.211330285629317,0.23551010278456,0.243154557658273),
 .UNSPECIFIED.);
#94=B_SPLINE_CURVE_WITH_KNOTS('',3,(#3180,#3181,#3182,#3183,#3184,#3185,
#3186,#3187,#3188,#3189),.UNSPECIFIED.,.F.,.F.,(4,2,2,2,4),(0.0776370733471153,
0.0794328202184907,0.160792724826804,0.214942821667631,0.274858213802671),
 .UNSPECIFIED.);
#95=B_SPLINE_CURVE_WITH_KNOTS('',3,(#3191,#3192,#3193,#3194,#3195,#3196,
#3197,#3198,#3199,#3200,#3201,#3202,#3203,#3204,#3205,#3206,#3207,#3208,
#3209,#3210,#3211,#3212,#3213,#3214,#3215,#3216,#3217,#3218,#3219,#3220,
#3221,#3222,#3223,#3224,#3225,#3226,#3227),.UNSPECIFIED.,.F.,.F.,(4,3,3,
3,3,3,3,3,3,3,3,3,4),(0.,0.0314675397509382,0.0617015957880517,0.0914129473250481,
0.120065741169662,0.125870159003753,0.149438323862414,0.171313798609955,
0.173006488721076,0.18619016739802,0.21133085282997,0.235511290233053,0.243154557658514),
 .UNSPECIFIED.);
#96=B_SPLINE_CURVE_WITH_KNOTS('',3,(#3229,#3230,#3231,#3232,#3233,#3234,
#3235,#3236,#3237,#3238),.UNSPECIFIED.,.F.,.F.,(4,2,2,2,4),(0.0776370733471139,
0.0794328202184927,0.16079272482663,0.214942821667226,0.274858213802024),
 .UNSPECIFIED.);
#97=B_SPLINE_CURVE_WITH_KNOTS('',3,(#3240,#3241,#3242,#3243,#3244,#3245,
#3246,#3247,#3248,#3249,#3250,#3251,#3252,#3253,#3254,#3255,#3256,#3257,
#3258,#3259,#3260,#3261,#3262,#3263,#3264,#3265,#3266,#3267,#3268,#3269,
#3270,#3271,#3272,#3273,#3274,#3275,#3276),.UNSPECIFIED.,.F.,.F.,(4,3,3,
3,3,3,3,3,3,3,3,3,4),(0.,0.0314675397509305,0.0617013993538361,0.0914123738285123,
0.120064630522875,0.125870159003722,0.149438323862371,0.171313293255338,
0.17300648872102,0.186190167397958,0.211331034124981,0.235511669769345,
0.243154557658439),.UNSPECIFIED.);
#98=B_SPLINE_CURVE_WITH_KNOTS('',3,(#3277,#3278,#3279,#3280,#3281,#3282,
#3283,#3284,#3285,#3286),.UNSPECIFIED.,.F.,.F.,(4,2,2,2,4),(0.0776370733471175,
0.0794328202184963,0.160792724826812,0.214942821667629,0.274858213802657),
 .UNSPECIFIED.);
#99=B_SPLINE_CURVE_WITH_KNOTS('',3,(#3288,#3289,#3290,#3291,#3292,#3293,
#3294,#3295,#3296,#3297),.UNSPECIFIED.,.F.,.F.,(4,2,2,2,4),(0.0777197361969707,
0.07951626074147,0.161118988279338,0.214868948939426,0.274895388787712),
 .UNSPECIFIED.);
#100=B_SPLINE_CURVE_WITH_KNOTS('',3,(#3299,#3300,#3301,#3302,#3303,#3304,
#3305,#3306),.UNSPECIFIED.,.F.,.F.,(4,2,2,4),(0.,0.125550101112473,0.237437684530936,
0.2510847087862),.UNSPECIFIED.);
#101=B_SPLINE_CURVE_WITH_KNOTS('',3,(#3308,#3309,#3310,#3311,#3312,#3313,
#3314,#3315,#3316,#3317),.UNSPECIFIED.,.F.,.F.,(4,2,2,2,4),(0.0777197361969707,
0.07951626074147,0.161118988279338,0.214868948939426,0.274895388787712),
 .UNSPECIFIED.);
#102=B_SPLINE_CURVE_WITH_KNOTS('',3,(#3319,#3320,#3321,#3322,#3323,#3324,
#3325,#3326),.UNSPECIFIED.,.F.,.F.,(4,2,2,4),(0.,0.125550101112473,0.237437684530936,
0.2510847087862),.UNSPECIFIED.);
#103=B_SPLINE_CURVE_WITH_KNOTS('',3,(#3328,#3329,#3330,#3331,#3332,#3333,
#3334,#3335,#3336,#3337,#3338,#3339,#3340,#3341,#3342,#3343,#3344,#3345,
#3346,#3347,#3348,#3349,#3350,#3351,#3352,#3353,#3354,#3355,#3356,#3357,
#3358,#3359,#3360,#3361,#3362,#3363,#3364),.UNSPECIFIED.,.F.,.F.,(4,3,3,
3,3,3,3,3,3,3,3,3,4),(0.,0.0314675397509137,0.0617035189032885,0.0914185627023406,
0.120076617283801,0.125870159003655,0.149438323862272,0.171318747985693,
0.173006488720889,0.186190167397809,0.211329078376066,0.23550757522132,
0.243154557658204),.UNSPECIFIED.);
#104=B_SPLINE_CURVE_WITH_KNOTS('',3,(#3366,#3367,#3368,#3369,#3370,#3371,
#3372,#3373,#3374,#3375),.UNSPECIFIED.,.F.,.F.,(4,2,2,2,4),(0.0776370733471158,
0.0794328202184929,0.160792724826799,0.214942821667603,0.274858213802599),
 .UNSPECIFIED.);
#105=B_SPLINE_CURVE_WITH_KNOTS('',3,(#3377,#3378,#3379,#3380,#3381,#3382,
#3383,#3384,#3385,#3386),.UNSPECIFIED.,.F.,.F.,(4,2,2,2,4),(0.0777197361969707,
0.07951626074147,0.161118988279338,0.214868948939426,0.274895388787712),
 .UNSPECIFIED.);
#106=B_SPLINE_CURVE_WITH_KNOTS('',3,(#3388,#3389,#3390,#3391,#3392,#3393,
#3394,#3395),.UNSPECIFIED.,.F.,.F.,(4,2,2,4),(0.,0.125550101112473,0.237437684530936,
0.2510847087862),.UNSPECIFIED.);
#107=B_SPLINE_CURVE_WITH_KNOTS('',3,(#3397,#3398,#3399,#3400,#3401,#3402,
#3403,#3404,#3405,#3406),.UNSPECIFIED.,.F.,.F.,(4,2,2,2,4),(0.0777197361969707,
0.07951626074147,0.161118988279338,0.214868948939426,0.274895388787712),
 .UNSPECIFIED.);
#108=B_SPLINE_CURVE_WITH_KNOTS('',3,(#3408,#3409,#3410,#3411,#3412,#3413,
#3414,#3415),.UNSPECIFIED.,.F.,.F.,(4,2,2,4),(0.,0.125550101112473,0.237437684530936,
0.2510847087862),.UNSPECIFIED.);
#109=B_SPLINE_CURVE_WITH_KNOTS('',3,(#3417,#3418,#3419,#3420,#3421,#3422,
#3423,#3424,#3425,#3426,#3427,#3428,#3429,#3430,#3431,#3432,#3433,#3434,
#3435,#3436,#3437,#3438,#3439,#3440,#3441,#3442,#3443,#3444,#3445,#3446,
#3447,#3448,#3449,#3450,#3451,#3452,#3453),.UNSPECIFIED.,.F.,.F.,(4,3,3,
3,3,3,3,3,3,3,3,3,4),(0.,0.0314675397509382,0.0617048855137951,0.0914225539750655,
0.120084349131092,0.125870159003753,0.149438323862413,0.171322267214314,
0.173006488721073,0.186190167398018,0.211327817904847,0.235504936023167,
0.243154557658519),.UNSPECIFIED.);
#110=B_SPLINE_CURVE_WITH_KNOTS('',3,(#3455,#3456,#3457,#3458,#3459,#3460,
#3461,#3462,#3463,#3464),.UNSPECIFIED.,.F.,.F.,(4,2,2,2,4),(0.0776370733471195,
0.079432820218497,0.160792724826755,0.214942821667492,0.274858213802426),
 .UNSPECIFIED.);
#111=B_SPLINE_CURVE_WITH_KNOTS('',3,(#3466,#3467,#3468,#3469,#3470,#3471,
#3472,#3473,#3474,#3475,#3476,#3477,#3478,#3479,#3480,#3481,#3482,#3483,
#3484,#3485,#3486,#3487,#3488,#3489,#3490,#3491,#3492,#3493,#3494,#3495,
#3496,#3497,#3498,#3499,#3500,#3501,#3502),.UNSPECIFIED.,.F.,.F.,(4,3,3,
3,3,3,3,3,3,3,3,3,4),(0.,0.0314675397509164,0.0617050682959486,0.0914230878559666,
0.120085383445562,0.125870159003666,0.149438323862295,0.171322738037693,
0.173006488720923,0.186190167397853,0.211327649349487,0.235504583082436,
0.243154557658288),.UNSPECIFIED.);
#112=B_SPLINE_CURVE_WITH_KNOTS('',3,(#3504,#3505,#3506,#3507,#3508,#3509,
#3510,#3511,#3512,#3513),.UNSPECIFIED.,.F.,.F.,(4,2,2,2,4),(0.0776370733471187,
0.0794328202184956,0.160792724826831,0.214942821667673,0.27485821380272),
 .UNSPECIFIED.);
#113=B_SPLINE_CURVE_WITH_KNOTS('',3,(#3515,#3516,#3517,#3518,#3519,#3520,
#3521,#3522,#3523,#3524,#3525,#3526,#3527,#3528,#3529,#3530,#3531,#3532,
#3533,#3534,#3535,#3536,#3537,#3538,#3539,#3540,#3541,#3542,#3543,#3544,
#3545,#3546,#3547,#3548,#3549,#3550,#3551),.UNSPECIFIED.,.F.,.F.,(4,3,3,
3,3,3,3,3,3,3,3,3,4),(0.,0.0314675397509039,0.0617051313981832,0.0914232721716608,
0.120085740534425,0.125870159003616,0.149438323862221,0.171322900588185,
0.173006488720827,0.186190167397741,0.211327591160189,0.235504461238217,
0.243154557658128),.UNSPECIFIED.);
#114=B_SPLINE_CURVE_WITH_KNOTS('',3,(#3553,#3554,#3555,#3556,#3557,#3558,
#3559,#3560,#3561,#3562),.UNSPECIFIED.,.F.,.F.,(4,2,2,2,4),(0.0776370733471164,
0.0794328202184929,0.160792724826716,0.21494282166742,0.274858213802326),
 .UNSPECIFIED.);
#115=B_SPLINE_CURVE_WITH_KNOTS('',3,(#3564,#3565,#3566,#3567,#3568,#3569,
#3570,#3571,#3572,#3573,#3574,#3575,#3576,#3577,#3578,#3579,#3580,#3581,
#3582,#3583,#3584,#3585,#3586,#3587,#3588,#3589,#3590,#3591,#3592,#3593,
#3594,#3595,#3596,#3597,#3598,#3599,#3600),.UNSPECIFIED.,.F.,.F.,(4,3,3,
3,3,3,3,3,3,3,3,3,4),(0.,0.0314675397509102,0.0617050815353948,0.0914231265270444,
0.120085458365778,0.125870159003641,0.149438323862264,0.171322772141945,
0.173006488720887,0.186190167397814,0.211327637140714,0.235504557518211,
0.243154557658244),.UNSPECIFIED.);
#116=B_SPLINE_CURVE_WITH_KNOTS('',3,(#3602,#3603,#3604,#3605,#3606,#3607,
#3608,#3609,#3610,#3611),.UNSPECIFIED.,.F.,.F.,(4,2,2,2,4),(0.0776370733471131,
0.0794328202184939,0.160792724826884,0.2149428216678,0.274858213802933),
 .UNSPECIFIED.);
#117=B_SPLINE_CURVE_WITH_KNOTS('',3,(#3613,#3614,#3615,#3616,#3617,#3618,
#3619,#3620,#3621,#3622,#3623,#3624,#3625,#3626,#3627,#3628,#3629,#3630,
#3631,#3632,#3633,#3634,#3635,#3636,#3637,#3638,#3639,#3640,#3641,#3642,
#3643,#3644,#3645,#3646,#3647,#3648,#3649),.UNSPECIFIED.,.F.,.F.,(4,3,3,
3,3,3,3,3,3,3,3,3,4),(0.,0.0314675397509295,0.0617049372049089,0.091422704956184,
0.120084641632404,0.125870159003718,0.149438323862366,0.171322400360841,
0.173006488721013,0.186190167397952,0.21132777023634,0.235504836209733,
0.243154557658424),.UNSPECIFIED.);
#118=B_SPLINE_CURVE_WITH_KNOTS('',3,(#3651,#3652,#3653,#3654,#3655,#3656,
#3657,#3658,#3659,#3660),.UNSPECIFIED.,.F.,.F.,(4,2,2,2,4),(0.0776370733471212,
0.0794328202184975,0.160792724826725,0.214942821667424,0.274858213802325),
 .UNSPECIFIED.);
#119=B_SPLINE_CURVE_WITH_KNOTS('',3,(#3662,#3663,#3664,#3665,#3666,#3667,
#3668,#3669,#3670,#3671),.UNSPECIFIED.,.F.,.F.,(4,2,2,2,4),(0.0777197361969707,
0.07951626074147,0.161118988279338,0.214868948939426,0.274895388787712),
 .UNSPECIFIED.);
#120=B_SPLINE_CURVE_WITH_KNOTS('',3,(#3673,#3674,#3675,#3676,#3677,#3678,
#3679,#3680),.UNSPECIFIED.,.F.,.F.,(4,2,2,4),(0.,0.125550101112473,0.237437684530936,
0.2510847087862),.UNSPECIFIED.);
#121=B_SPLINE_CURVE_WITH_KNOTS('',3,(#3682,#3683,#3684,#3685,#3686,#3687,
#3688,#3689,#3690,#3691,#3692,#3693,#3694,#3695,#3696,#3697,#3698,#3699,
#3700,#3701,#3702,#3703,#3704,#3705,#3706,#3707,#3708,#3709,#3710,#3711,
#3712,#3713,#3714,#3715,#3716,#3717,#3718),.UNSPECIFIED.,.F.,.F.,(4,3,3,
3,3,3,3,3,3,3,3,3,4),(0.,0.0314675397509374,0.0617049333618623,0.0914226937312545,
0.120084619885858,0.12587015900375,0.149438323862405,0.17132239046178,0.173006488721061,
0.186190167398004,0.211327773780313,0.235504843630487,0.243154557658493),
 .UNSPECIFIED.);
#122=B_SPLINE_CURVE_WITH_KNOTS('',3,(#3720,#3721,#3722,#3723,#3724,#3725,
#3726,#3727,#3728,#3729),.UNSPECIFIED.,.F.,.F.,(4,2,2,2,4),(0.0776370733471197,
0.0794328202184955,0.160792724826647,0.214942821667252,0.27485821380205),
 .UNSPECIFIED.);
#123=B_SPLINE_CURVE_WITH_KNOTS('',3,(#3731,#3732,#3733,#3734,#3735,#3736,
#3737,#3738,#3739,#3740,#3741,#3742,#3743,#3744,#3745,#3746,#3747,#3748,
#3749,#3750,#3751,#3752,#3753,#3754,#3755,#3756,#3757,#3758,#3759,#3760,
#3761,#3762,#3763,#3764,#3765,#3766,#3767),.UNSPECIFIED.,.F.,.F.,(4,3,3,
3,3,3,3,3,3,3,3,3,4),(0.,0.0314675397509175,0.0617051134396789,0.0914232197164062,
0.120085638908534,0.12587015900367,0.149438323862297,0.171322854326874,
0.173006488720924,0.186190167397851,0.211327607720658,0.235504495914572,
0.24315455765828),.UNSPECIFIED.);
#124=B_SPLINE_CURVE_WITH_KNOTS('',3,(#3769,#3770,#3771,#3772,#3773,#3774,
#3775,#3776,#3777,#3778),.UNSPECIFIED.,.F.,.F.,(4,2,2,2,4),(0.0776370733471188,
0.0794328202184956,0.160792724826743,0.214942821667482,0.274858213802446),
 .UNSPECIFIED.);
#125=B_SPLINE_CURVE_WITH_KNOTS('',3,(#3780,#3781,#3782,#3783,#3784,#3785,
#3786,#3787,#3788,#3789,#3790,#3791,#3792,#3793,#3794,#3795,#3796,#3797,
#3798,#3799,#3800,#3801,#3802,#3803,#3804,#3805,#3806,#3807,#3808,#3809,
#3810,#3811,#3812,#3813,#3814,#3815,#3816),.UNSPECIFIED.,.F.,.F.,(4,3,3,
3,3,3,3,3,3,3,3,3,4),(0.,0.0314675397509468,0.0617051756266672,0.091423401359561,
0.120085990821272,0.125870159003787,0.149438323862464,0.171323014521987,
0.173006488721142,0.186190167398096,0.211327550376923,0.235504375840038,
0.243154557658641),.UNSPECIFIED.);
#126=B_SPLINE_CURVE_WITH_KNOTS('',3,(#3818,#3819,#3820,#3821,#3822,#3823,
#3824,#3825,#3826,#3827),.UNSPECIFIED.,.F.,.F.,(4,2,2,2,4),(0.0776370733471167,
0.079432820218493,0.160792724826823,0.214942821667667,0.274858213802731),
 .UNSPECIFIED.);
#127=B_SPLINE_CURVE_WITH_KNOTS('',3,(#3829,#3830,#3831,#3832,#3833,#3834,
#3835,#3836,#3837,#3838,#3839,#3840,#3841,#3842,#3843,#3844,#3845,#3846,
#3847,#3848,#3849,#3850,#3851,#3852,#3853,#3854,#3855,#3856,#3857,#3858,
#3859,#3860,#3861,#3862,#3863,#3864,#3865),.UNSPECIFIED.,.F.,.F.,(4,3,3,
3,3,3,3,3,3,3,3,3,4),(0.,0.0314675397509026,0.0617051264862402,0.0914232578242899,
0.120085712738099,0.12587015900361,0.149438323862218,0.171322887934911,
0.173006488720826,0.186190167397743,0.211327595689959,0.235504470723049,
0.243154557658131),.UNSPECIFIED.);
#128=B_SPLINE_CURVE_WITH_KNOTS('',3,(#3867,#3868,#3869,#3870,#3871,#3872,
#3873,#3874,#3875,#3876),.UNSPECIFIED.,.F.,.F.,(4,2,2,2,4),(0.0776370733471163,
0.0794328202184945,0.160792724826695,0.214942821667373,0.274858213802265),
 .UNSPECIFIED.);
#129=B_SPLINE_CURVE_WITH_KNOTS('',3,(#3878,#3879,#3880,#3881,#3882,#3883,
#3884,#3885,#3886,#3887,#3888,#3889,#3890,#3891,#3892,#3893,#3894,#3895,
#3896,#3897,#3898,#3899,#3900,#3901,#3902,#3903,#3904,#3905,#3906,#3907,
#3908,#3909,#3910,#3911,#3912,#3913,#3914),.UNSPECIFIED.,.F.,.F.,(4,3,3,
3,3,3,3,3,3,3,3,3,4),(0.,0.0314675397509049,0.0617049842801163,0.0914228424560946,
0.120084908017596,0.12587015900362,0.149438323862227,0.17132252161998,0.173006488720835,
0.18619016739775,0.21132772682473,0.235504745309776,0.243154557658119),
 .UNSPECIFIED.);
#130=B_SPLINE_CURVE_WITH_KNOTS('',3,(#3916,#3917,#3918,#3919,#3920,#3921,
#3922,#3923,#3924,#3925),.UNSPECIFIED.,.F.,.F.,(4,2,2,2,4),(0.0776370733471178,
0.0794328202184939,0.160792724826749,0.21494282166749,0.274858213802431),
 .UNSPECIFIED.);
#131=B_SPLINE_CURVE_WITH_KNOTS('',3,(#3926,#3927,#3928,#3929,#3930,#3931,
#3932,#3933,#3934,#3935),.UNSPECIFIED.,.F.,.F.,(4,2,2,2,4),(0.0777197361969707,
0.07951626074147,0.161118988279338,0.214868948939426,0.274895388787712),
 .UNSPECIFIED.);
#132=B_SPLINE_CURVE_WITH_KNOTS('',3,(#3938,#3939,#3940,#3941,#3942,#3943,
#3944,#3945,#3946,#3947,#3948,#3949),.UNSPECIFIED.,.F.,.F.,(4,2,2,2,2,4),
(0.,0.0643969299550216,0.130984853139154,0.203826588073334,0.258600991988505,
0.314804712353999),.UNSPECIFIED.);
#133=B_SPLINE_CURVE_WITH_KNOTS('',3,(#3953,#3954,#3955,#3956,#3957,#3958,
#3959,#3960,#3961,#3962,#3963,#3964),.UNSPECIFIED.,.F.,.F.,(4,2,2,2,2,4),
(0.,0.0909309817415173,0.170573155022098,0.241420167312174,0.279089992383583,
0.31652312708587),.UNSPECIFIED.);
#134=B_SPLINE_CURVE_WITH_KNOTS('',3,(#3966,#3967,#3968,#3969,#3970,#3971,
#3972,#3973,#3974,#3975,#3976,#3977),.UNSPECIFIED.,.F.,.F.,(4,2,2,2,2,4),
(0.,0.0643969299550216,0.130984853139154,0.203826588073334,0.258600991988505,
0.314804712353999),.UNSPECIFIED.);
#135=B_SPLINE_CURVE_WITH_KNOTS('',3,(#3981,#3982,#3983,#3984,#3985,#3986,
#3987,#3988,#3989,#3990,#3991,#3992),.UNSPECIFIED.,.F.,.F.,(4,2,2,2,2,4),
(0.,0.0909309817415173,0.170573155022098,0.241420167312174,0.279089992383583,
0.31652312708587),.UNSPECIFIED.);
#136=B_SPLINE_CURVE_WITH_KNOTS('',3,(#3994,#3995,#3996,#3997,#3998,#3999,
#4000,#4001,#4002,#4003,#4004,#4005),.UNSPECIFIED.,.F.,.F.,(4,2,2,2,2,4),
(0.,0.0643969299550216,0.130984853139154,0.203826588073334,0.258600991988505,
0.314804712353999),.UNSPECIFIED.);
#137=B_SPLINE_CURVE_WITH_KNOTS('',3,(#4009,#4010,#4011,#4012,#4013,#4014,
#4015,#4016,#4017,#4018,#4019,#4020),.UNSPECIFIED.,.F.,.F.,(4,2,2,2,2,4),
(0.,0.0909309817415173,0.170573155022098,0.241420167312174,0.279089992383583,
0.31652312708587),.UNSPECIFIED.);
#138=B_SPLINE_CURVE_WITH_KNOTS('',3,(#4022,#4023,#4024,#4025,#4026,#4027,
#4028,#4029,#4030,#4031,#4032,#4033),.UNSPECIFIED.,.F.,.F.,(4,2,2,2,2,4),
(0.,0.0643969299550216,0.130984853139154,0.203826588073334,0.258600991988505,
0.314804712353999),.UNSPECIFIED.);
#139=B_SPLINE_CURVE_WITH_KNOTS('',3,(#4037,#4038,#4039,#4040,#4041,#4042,
#4043,#4044,#4045,#4046,#4047,#4048),.UNSPECIFIED.,.F.,.F.,(4,2,2,2,2,4),
(0.,0.0909309817415173,0.170573155022098,0.241420167312174,0.279089992383583,
0.31652312708587),.UNSPECIFIED.);
#140=B_SPLINE_CURVE_WITH_KNOTS('',3,(#4050,#4051,#4052,#4053,#4054,#4055,
#4056,#4057,#4058,#4059,#4060,#4061),.UNSPECIFIED.,.F.,.F.,(4,2,2,2,2,4),
(0.,0.0643969299550216,0.130984853139154,0.203826588073334,0.258600991988505,
0.314804712353999),.UNSPECIFIED.);
#141=B_SPLINE_CURVE_WITH_KNOTS('',3,(#4065,#4066,#4067,#4068,#4069,#4070,
#4071,#4072,#4073,#4074,#4075,#4076),.UNSPECIFIED.,.F.,.F.,(4,2,2,2,2,4),
(0.,0.0909309817415173,0.170573155022098,0.241420167312174,0.279089992383583,
0.31652312708587),.UNSPECIFIED.);
#142=B_SPLINE_CURVE_WITH_KNOTS('',3,(#4078,#4079,#4080,#4081,#4082,#4083,
#4084,#4085,#4086,#4087,#4088,#4089),.UNSPECIFIED.,.F.,.F.,(4,2,2,2,2,4),
(0.,0.0643969299550216,0.130984853139154,0.203826588073334,0.258600991988505,
0.314804712353999),.UNSPECIFIED.);
#143=B_SPLINE_CURVE_WITH_KNOTS('',3,(#4093,#4094,#4095,#4096,#4097,#4098,
#4099,#4100,#4101,#4102,#4103,#4104),.UNSPECIFIED.,.F.,.F.,(4,2,2,2,2,4),
(0.,0.0909309817415173,0.170573155022098,0.241420167312174,0.279089992383583,
0.31652312708587),.UNSPECIFIED.);
#144=B_SPLINE_CURVE_WITH_KNOTS('',3,(#4106,#4107,#4108,#4109,#4110,#4111,
#4112,#4113,#4114,#4115,#4116,#4117),.UNSPECIFIED.,.F.,.F.,(4,2,2,2,2,4),
(0.,0.0643969299550216,0.130984853139154,0.203826588073334,0.258600991988505,
0.314804712353999),.UNSPECIFIED.);
#145=B_SPLINE_CURVE_WITH_KNOTS('',3,(#4121,#4122,#4123,#4124,#4125,#4126,
#4127,#4128,#4129,#4130,#4131,#4132),.UNSPECIFIED.,.F.,.F.,(4,2,2,2,2,4),
(0.,0.0909309817415173,0.170573155022098,0.241420167312174,0.279089992383583,
0.31652312708587),.UNSPECIFIED.);
#146=B_SPLINE_CURVE_WITH_KNOTS('',3,(#4134,#4135,#4136,#4137,#4138,#4139,
#4140,#4141,#4142,#4143,#4144,#4145),.UNSPECIFIED.,.F.,.F.,(4,2,2,2,2,4),
(0.,0.0643969299550216,0.130984853139154,0.203826588073334,0.258600991988505,
0.314804712353999),.UNSPECIFIED.);
#147=B_SPLINE_CURVE_WITH_KNOTS('',3,(#4149,#4150,#4151,#4152,#4153,#4154,
#4155,#4156,#4157,#4158,#4159,#4160),.UNSPECIFIED.,.F.,.F.,(4,2,2,2,2,4),
(0.,0.0909309817415173,0.170573155022098,0.241420167312174,0.279089992383583,
0.31652312708587),.UNSPECIFIED.);
#148=B_SPLINE_CURVE_WITH_KNOTS('',3,(#4162,#4163,#4164,#4165,#4166,#4167,
#4168,#4169,#4170,#4171,#4172,#4173),.UNSPECIFIED.,.F.,.F.,(4,2,2,2,2,4),
(0.,0.0643969299550216,0.130984853139154,0.203826588073334,0.258600991988505,
0.314804712353999),.UNSPECIFIED.);
#149=B_SPLINE_CURVE_WITH_KNOTS('',3,(#4177,#4178,#4179,#4180,#4181,#4182,
#4183,#4184,#4185,#4186,#4187,#4188),.UNSPECIFIED.,.F.,.F.,(4,2,2,2,2,4),
(0.,0.0909309817415173,0.170573155022098,0.241420167312174,0.279089992383583,
0.31652312708587),.UNSPECIFIED.);
#150=B_SPLINE_CURVE_WITH_KNOTS('',3,(#4190,#4191,#4192,#4193,#4194,#4195,
#4196,#4197,#4198,#4199,#4200,#4201),.UNSPECIFIED.,.F.,.F.,(4,2,2,2,2,4),
(0.,0.0643969299550216,0.130984853139154,0.203826588073334,0.258600991988505,
0.314804712353999),.UNSPECIFIED.);
#151=B_SPLINE_CURVE_WITH_KNOTS('',3,(#4205,#4206,#4207,#4208,#4209,#4210,
#4211,#4212,#4213,#4214,#4215,#4216),.UNSPECIFIED.,.F.,.F.,(4,2,2,2,2,4),
(0.,0.0909309817415173,0.170573155022098,0.241420167312174,0.279089992383583,
0.31652312708587),.UNSPECIFIED.);
#152=B_SPLINE_CURVE_WITH_KNOTS('',3,(#4218,#4219,#4220,#4221,#4222,#4223,
#4224,#4225,#4226,#4227,#4228,#4229),.UNSPECIFIED.,.F.,.F.,(4,2,2,2,2,4),
(0.,0.0643969299550216,0.130984853139154,0.203826588073334,0.258600991988505,
0.314804712353999),.UNSPECIFIED.);
#153=B_SPLINE_CURVE_WITH_KNOTS('',3,(#4233,#4234,#4235,#4236,#4237,#4238,
#4239,#4240,#4241,#4242,#4243,#4244),.UNSPECIFIED.,.F.,.F.,(4,2,2,2,2,4),
(0.,0.0909309817415173,0.170573155022098,0.241420167312174,0.279089992383583,
0.31652312708587),.UNSPECIFIED.);
#154=B_SPLINE_CURVE_WITH_KNOTS('',3,(#4246,#4247,#4248,#4249,#4250,#4251,
#4252,#4253,#4254,#4255,#4256,#4257),.UNSPECIFIED.,.F.,.F.,(4,2,2,2,2,4),
(0.,0.0643969299550216,0.130984853139154,0.203826588073334,0.258600991988505,
0.314804712353999),.UNSPECIFIED.);
#155=B_SPLINE_CURVE_WITH_KNOTS('',3,(#4261,#4262,#4263,#4264,#4265,#4266,
#4267,#4268,#4269,#4270,#4271,#4272),.UNSPECIFIED.,.F.,.F.,(4,2,2,2,2,4),
(0.,0.0909309817415173,0.170573155022098,0.241420167312174,0.279089992383583,
0.31652312708587),.UNSPECIFIED.);
#156=B_SPLINE_CURVE_WITH_KNOTS('',3,(#4274,#4275,#4276,#4277,#4278,#4279,
#4280,#4281,#4282,#4283,#4284,#4285),.UNSPECIFIED.,.F.,.F.,(4,2,2,2,2,4),
(0.,0.0643969299550216,0.130984853139154,0.203826588073334,0.258600991988505,
0.314804712353999),.UNSPECIFIED.);
#157=B_SPLINE_CURVE_WITH_KNOTS('',3,(#4289,#4290,#4291,#4292,#4293,#4294,
#4295,#4296,#4297,#4298,#4299,#4300),.UNSPECIFIED.,.F.,.F.,(4,2,2,2,2,4),
(0.,0.0909309817415173,0.170573155022098,0.241420167312174,0.279089992383583,
0.31652312708587),.UNSPECIFIED.);
#158=B_SPLINE_CURVE_WITH_KNOTS('',3,(#4302,#4303,#4304,#4305,#4306,#4307,
#4308,#4309,#4310,#4311,#4312,#4313),.UNSPECIFIED.,.F.,.F.,(4,2,2,2,2,4),
(0.,0.0643969299550216,0.130984853139154,0.203826588073334,0.258600991988505,
0.314804712353999),.UNSPECIFIED.);
#159=B_SPLINE_CURVE_WITH_KNOTS('',3,(#4317,#4318,#4319,#4320,#4321,#4322,
#4323,#4324,#4325,#4326,#4327,#4328),.UNSPECIFIED.,.F.,.F.,(4,2,2,2,2,4),
(0.,0.0909309817415173,0.170573155022098,0.241420167312174,0.279089992383583,
0.31652312708587),.UNSPECIFIED.);
#160=B_SPLINE_CURVE_WITH_KNOTS('',3,(#4330,#4331,#4332,#4333,#4334,#4335,
#4336,#4337,#4338,#4339,#4340,#4341),.UNSPECIFIED.,.F.,.F.,(4,2,2,2,2,4),
(0.,0.0643969299550216,0.130984853139154,0.203826588073334,0.258600991988505,
0.314804712353999),.UNSPECIFIED.);
#161=B_SPLINE_CURVE_WITH_KNOTS('',3,(#4345,#4346,#4347,#4348,#4349,#4350,
#4351,#4352,#4353,#4354,#4355,#4356),.UNSPECIFIED.,.F.,.F.,(4,2,2,2,2,4),
(0.,0.0909309817415173,0.170573155022098,0.241420167312174,0.279089992383583,
0.31652312708587),.UNSPECIFIED.);
#162=B_SPLINE_CURVE_WITH_KNOTS('',3,(#4358,#4359,#4360,#4361,#4362,#4363,
#4364,#4365,#4366,#4367,#4368,#4369),.UNSPECIFIED.,.F.,.F.,(4,2,2,2,2,4),
(0.,0.0643969299550216,0.130984853139154,0.203826588073334,0.258600991988505,
0.314804712353999),.UNSPECIFIED.);
#163=B_SPLINE_CURVE_WITH_KNOTS('',3,(#4373,#4374,#4375,#4376,#4377,#4378,
#4379,#4380,#4381,#4382,#4383,#4384),.UNSPECIFIED.,.F.,.F.,(4,2,2,2,2,4),
(0.,0.0909309817415173,0.170573155022098,0.241420167312174,0.279089992383583,
0.31652312708587),.UNSPECIFIED.);
#164=B_SPLINE_CURVE_WITH_KNOTS('',3,(#4386,#4387,#4388,#4389,#4390,#4391,
#4392,#4393,#4394,#4395,#4396,#4397),.UNSPECIFIED.,.F.,.F.,(4,2,2,2,2,4),
(0.,0.0643969299550216,0.130984853139154,0.203826588073334,0.258600991988505,
0.314804712353999),.UNSPECIFIED.);
#165=B_SPLINE_CURVE_WITH_KNOTS('',3,(#4401,#4402,#4403,#4404,#4405,#4406,
#4407,#4408,#4409,#4410,#4411,#4412),.UNSPECIFIED.,.F.,.F.,(4,2,2,2,2,4),
(0.,0.0909309817415173,0.170573155022098,0.241420167312174,0.279089992383583,
0.31652312708587),.UNSPECIFIED.);
#166=B_SPLINE_CURVE_WITH_KNOTS('',3,(#4414,#4415,#4416,#4417,#4418,#4419,
#4420,#4421,#4422,#4423,#4424,#4425),.UNSPECIFIED.,.F.,.F.,(4,2,2,2,2,4),
(0.,0.0643969299550216,0.130984853139154,0.203826588073334,0.258600991988505,
0.314804712353999),.UNSPECIFIED.);
#167=B_SPLINE_CURVE_WITH_KNOTS('',3,(#4429,#4430,#4431,#4432,#4433,#4434,
#4435,#4436,#4437,#4438,#4439,#4440),.UNSPECIFIED.,.F.,.F.,(4,2,2,2,2,4),
(0.,0.0909309817415173,0.170573155022098,0.241420167312174,0.279089992383583,
0.31652312708587),.UNSPECIFIED.);
#168=B_SPLINE_CURVE_WITH_KNOTS('',3,(#4442,#4443,#4444,#4445,#4446,#4447,
#4448,#4449,#4450,#4451,#4452,#4453),.UNSPECIFIED.,.F.,.F.,(4,2,2,2,2,4),
(0.,0.0643969299550216,0.130984853139154,0.203826588073334,0.258600991988505,
0.314804712353999),.UNSPECIFIED.);
#169=B_SPLINE_CURVE_WITH_KNOTS('',3,(#4457,#4458,#4459,#4460,#4461,#4462,
#4463,#4464,#4465,#4466,#4467,#4468),.UNSPECIFIED.,.F.,.F.,(4,2,2,2,2,4),
(0.,0.0909309817415173,0.170573155022098,0.241420167312174,0.279089992383583,
0.31652312708587),.UNSPECIFIED.);
#170=B_SPLINE_CURVE_WITH_KNOTS('',3,(#4470,#4471,#4472,#4473,#4474,#4475,
#4476,#4477,#4478,#4479,#4480,#4481),.UNSPECIFIED.,.F.,.F.,(4,2,2,2,2,4),
(0.,0.0643969299550216,0.130984853139154,0.203826588073334,0.258600991988505,
0.314804712353999),.UNSPECIFIED.);
#171=B_SPLINE_CURVE_WITH_KNOTS('',3,(#4485,#4486,#4487,#4488,#4489,#4490,
#4491,#4492,#4493,#4494,#4495,#4496),.UNSPECIFIED.,.F.,.F.,(4,2,2,2,2,4),
(0.,0.0909309817415173,0.170573155022098,0.241420167312174,0.279089992383583,
0.31652312708587),.UNSPECIFIED.);
#172=B_SPLINE_CURVE_WITH_KNOTS('',3,(#4498,#4499,#4500,#4501,#4502,#4503,
#4504,#4505,#4506,#4507,#4508,#4509),.UNSPECIFIED.,.F.,.F.,(4,2,2,2,2,4),
(0.,0.0643969299550216,0.130984853139154,0.203826588073334,0.258600991988505,
0.314804712353999),.UNSPECIFIED.);
#173=B_SPLINE_CURVE_WITH_KNOTS('',3,(#4513,#4514,#4515,#4516,#4517,#4518,
#4519,#4520,#4521,#4522,#4523,#4524),.UNSPECIFIED.,.F.,.F.,(4,2,2,2,2,4),
(0.,0.0909309817415173,0.170573155022098,0.241420167312174,0.279089992383583,
0.31652312708587),.UNSPECIFIED.);
#174=B_SPLINE_CURVE_WITH_KNOTS('',3,(#4526,#4527,#4528,#4529,#4530,#4531,
#4532,#4533,#4534,#4535,#4536,#4537),.UNSPECIFIED.,.F.,.F.,(4,2,2,2,2,4),
(0.,0.0643969299550216,0.130984853139154,0.203826588073334,0.258600991988505,
0.314804712353999),.UNSPECIFIED.);
#175=B_SPLINE_CURVE_WITH_KNOTS('',3,(#4541,#4542,#4543,#4544,#4545,#4546,
#4547,#4548,#4549,#4550,#4551,#4552),.UNSPECIFIED.,.F.,.F.,(4,2,2,2,2,4),
(0.,0.0909309817415173,0.170573155022098,0.241420167312174,0.279089992383583,
0.31652312708587),.UNSPECIFIED.);
#176=B_SPLINE_CURVE_WITH_KNOTS('',3,(#4554,#4555,#4556,#4557,#4558,#4559,
#4560,#4561,#4562,#4563,#4564,#4565),.UNSPECIFIED.,.F.,.F.,(4,2,2,2,2,4),
(0.,0.0643969299550216,0.130984853139154,0.203826588073334,0.258600991988505,
0.314804712353999),.UNSPECIFIED.);
#177=B_SPLINE_CURVE_WITH_KNOTS('',3,(#4568,#4569,#4570,#4571,#4572,#4573,
#4574,#4575,#4576,#4577,#4578,#4579),.UNSPECIFIED.,.F.,.F.,(4,2,2,2,2,4),
(0.,0.0909309817415173,0.170573155022098,0.241420167312174,0.279089992383583,
0.31652312708587),.UNSPECIFIED.);
#178=B_SPLINE_CURVE_WITH_KNOTS('',3,(#4611,#4612,#4613,#4614,#4615,#4616),
 .UNSPECIFIED.,.F.,.F.,(4,1,1,4),(0.113332669485102,0.743686855822842,1.16412043229448,
1.58455400876612),.UNSPECIFIED.);
#179=B_SPLINE_CURVE_WITH_KNOTS('',3,(#4619,#4620,#4621,#4622,#4623,#4624),
 .UNSPECIFIED.,.F.,.F.,(4,1,1,4),(-1.3842325051186,-0.840990798071542,-0.420495399035771,
-4.06210810651169E-16),.UNSPECIFIED.);
#180=B_SPLINE_CURVE_WITH_KNOTS('',3,(#4645,#4646,#4647,#4648),
 .UNSPECIFIED.,.F.,.F.,(4,4),(-1.79539462550278,-0.96502305359522),
 .UNSPECIFIED.);
#181=B_SPLINE_CURVE_WITH_KNOTS('',3,(#4650,#4651,#4652,#4653),
 .UNSPECIFIED.,.F.,.F.,(4,4),(1.87787244828901E-14,0.12728520288533),
 .UNSPECIFIED.);
#182=B_SPLINE_CURVE_WITH_KNOTS('',3,(#4654,#4655,#4656,#4657,#4658,#4659),
 .UNSPECIFIED.,.F.,.F.,(4,2,4),(-0.00344844591768201,0.,0.816109819149705),
 .UNSPECIFIED.);
#183=B_SPLINE_CURVE_WITH_KNOTS('',3,(#4681,#4682,#4683,#4684),
 .UNSPECIFIED.,.F.,.F.,(4,4),(1.6681078080037,1.79539462550278),
 .UNSPECIFIED.);
#184=B_SPLINE_CURVE_WITH_KNOTS('',3,(#4687,#4688,#4689,#4690),
 .UNSPECIFIED.,.F.,.F.,(4,4),(-0.830368305179839,-1.87787244828901E-14),
 .UNSPECIFIED.);
#185=B_SPLINE_CURVE_WITH_KNOTS('',3,(#4721,#4722,#4723,#4724,#4725,#4726),
 .UNSPECIFIED.,.F.,.F.,(4,1,1,4),(-1.58455400876612,-1.16412043229448,-0.743686855822842,
-0.200321376632707),.UNSPECIFIED.);
#186=B_SPLINE_CURVE_WITH_KNOTS('',3,(#4727,#4728,#4729,#4730,#4731,#4732),
 .UNSPECIFIED.,.F.,.F.,(4,1,1,4),(4.06210810651169E-16,0.420495399035771,
0.840990798071542,1.47122145923541),.UNSPECIFIED.);
#187=B_SPLINE_CURVE_WITH_KNOTS('',3,(#4767,#4768,#4769,#4770,#4771,#4772),
 .UNSPECIFIED.,.F.,.F.,(4,1,1,4),(0.113332669485102,0.743686855822842,1.16412043229448,
1.58455400876612),.UNSPECIFIED.);
#188=B_SPLINE_CURVE_WITH_KNOTS('',3,(#4795,#4796,#4797,#4798),
 .UNSPECIFIED.,.F.,.F.,(4,4),(1.87787244828901E-14,0.127285202885325),
 .UNSPECIFIED.);
#189=B_SPLINE_CURVE_WITH_KNOTS('',3,(#4799,#4800,#4801,#4802,#4803,#4804),
 .UNSPECIFIED.,.F.,.F.,(4,2,4),(-0.00344844591768201,0.,0.816109819149705),
 .UNSPECIFIED.);
#190=B_SPLINE_CURVE_WITH_KNOTS('',3,(#4826,#4827,#4828,#4829),
 .UNSPECIFIED.,.F.,.F.,(4,4),(1.66810780800371,1.79539462550278),
 .UNSPECIFIED.);
#191=B_SPLINE_CURVE_WITH_KNOTS('',3,(#4832,#4833,#4834,#4835),
 .UNSPECIFIED.,.F.,.F.,(4,4),(-0.830368305179844,-1.87787244828901E-14),
 .UNSPECIFIED.);
#192=B_SPLINE_CURVE_WITH_KNOTS('',3,(#4866,#4867,#4868,#4869,#4870,#4871),
 .UNSPECIFIED.,.F.,.F.,(4,1,1,4),(-1.58455400876612,-1.16412043229448,-0.743686855822842,
-0.200321350852461),.UNSPECIFIED.);
#193=B_SPLINE_CURVE_WITH_KNOTS('',3,(#4872,#4873,#4874,#4875,#4876,#4877),
 .UNSPECIFIED.,.F.,.F.,(4,1,1,4),(4.06210810651169E-16,0.420495399035771,
0.840990798071542,1.47122145923544),.UNSPECIFIED.);
#194=B_SPLINE_CURVE_WITH_KNOTS('',3,(#4912,#4913,#4914,#4915,#4916,#4917),
 .UNSPECIFIED.,.F.,.F.,(4,1,1,4),(0.113332669485102,0.743686855822842,1.16412043229448,
1.58455400876612),.UNSPECIFIED.);
#195=B_SPLINE_CURVE_WITH_KNOTS('',3,(#4920,#4921,#4922,#4923,#4924,#4925),
 .UNSPECIFIED.,.F.,.F.,(4,1,1,4),(-1.38423259689032,-0.840990798071542,
-0.420495399035771,-4.06210810651169E-16),.UNSPECIFIED.);
#196=B_SPLINE_CURVE_WITH_KNOTS('',3,(#4946,#4947,#4948,#4949),
 .UNSPECIFIED.,.F.,.F.,(4,4),(-1.79539462550278,-0.965023053595213),
 .UNSPECIFIED.);
#197=B_SPLINE_CURVE_WITH_KNOTS('',3,(#4951,#4952,#4953,#4954),
 .UNSPECIFIED.,.F.,.F.,(4,4),(1.87787244828901E-14,0.127285202885333),
 .UNSPECIFIED.);
#198=B_SPLINE_CURVE_WITH_KNOTS('',3,(#4955,#4956,#4957,#4958,#4959,#4960),
 .UNSPECIFIED.,.F.,.F.,(4,2,4),(-0.00344844591768201,0.,0.816109819149705),
 .UNSPECIFIED.);
#199=B_SPLINE_CURVE_WITH_KNOTS('',3,(#4982,#4983,#4984,#4985),
 .UNSPECIFIED.,.F.,.F.,(4,4),(1.6681078080037,1.79539462550278),
 .UNSPECIFIED.);
#200=B_SPLINE_CURVE_WITH_KNOTS('',3,(#4988,#4989,#4990,#4991),
 .UNSPECIFIED.,.F.,.F.,(4,4),(-0.83036830517982,-1.87787244828901E-14),
 .UNSPECIFIED.);
#201=B_SPLINE_CURVE_WITH_KNOTS('',3,(#5022,#5023,#5024,#5025,#5026,#5027),
 .UNSPECIFIED.,.F.,.F.,(4,1,1,4),(-1.58455400876612,-1.16412043229448,-0.743686855822842,
-0.200321675702995),.UNSPECIFIED.);
#202=B_SPLINE_CURVE_WITH_KNOTS('',3,(#5028,#5029,#5030,#5031,#5032,#5033),
 .UNSPECIFIED.,.F.,.F.,(4,1,1,4),(4.06210810651169E-16,0.420495399035771,
0.840990798071542,1.47122145922477),.UNSPECIFIED.);
#203=B_SPLINE_CURVE_WITH_KNOTS('',3,(#5068,#5069,#5070,#5071,#5072,#5073),
 .UNSPECIFIED.,.F.,.F.,(4,1,1,4),(0.113332669485102,0.743686855822842,1.16412043229448,
1.58455400876612),.UNSPECIFIED.);
#204=B_SPLINE_CURVE_WITH_KNOTS('',3,(#5076,#5077,#5078,#5079,#5080,#5081),
 .UNSPECIFIED.,.F.,.F.,(4,1,1,4),(-1.38423263397802,-0.840990798071542,
-0.420495399035771,-4.06210810651169E-16),.UNSPECIFIED.);
#205=B_SPLINE_CURVE_WITH_KNOTS('',3,(#5102,#5103,#5104,#5105),
 .UNSPECIFIED.,.F.,.F.,(4,4),(-1.79539462550278,-0.965023053595203),
 .UNSPECIFIED.);
#206=B_SPLINE_CURVE_WITH_KNOTS('',3,(#5107,#5108,#5109,#5110),
 .UNSPECIFIED.,.F.,.F.,(4,4),(1.87787244828901E-14,0.127285202885319),
 .UNSPECIFIED.);
#207=B_SPLINE_CURVE_WITH_KNOTS('',3,(#5111,#5112,#5113,#5114,#5115,#5116),
 .UNSPECIFIED.,.F.,.F.,(4,2,4),(-0.00344844591768201,0.,0.816109819149705),
 .UNSPECIFIED.);
#208=B_SPLINE_CURVE_WITH_KNOTS('',3,(#5138,#5139,#5140,#5141),
 .UNSPECIFIED.,.F.,.F.,(4,4),(1.66810780800371,1.79539462550278),
 .UNSPECIFIED.);
#209=B_SPLINE_CURVE_WITH_KNOTS('',3,(#5173,#5174,#5175,#5176,#5177,#5178),
 .UNSPECIFIED.,.F.,.F.,(4,1,1,4),(4.06210810651169E-16,0.420495399035771,
0.840990798071542,1.47122145924066),.UNSPECIFIED.);
#210=B_SPLINE_CURVE_WITH_KNOTS('',3,(#5213,#5214,#5215,#5216,#5217,#5218),
 .UNSPECIFIED.,.F.,.F.,(4,1,1,4),(0.113332669485102,0.743686855822842,1.16412043229448,
1.58455400876612),.UNSPECIFIED.);
#211=B_SPLINE_CURVE_WITH_KNOTS('',3,(#5241,#5242,#5243,#5244),
 .UNSPECIFIED.,.F.,.F.,(4,4),(1.87787244828901E-14,0.127285202885321),
 .UNSPECIFIED.);
#212=B_SPLINE_CURVE_WITH_KNOTS('',3,(#5245,#5246,#5247,#5248,#5249,#5250),
 .UNSPECIFIED.,.F.,.F.,(4,2,4),(-0.00344844591768201,0.,0.816109819149705),
 .UNSPECIFIED.);
#213=B_SPLINE_CURVE_WITH_KNOTS('',3,(#5272,#5273,#5274,#5275),
 .UNSPECIFIED.,.F.,.F.,(4,4),(1.66810780800371,1.79539462550278),
 .UNSPECIFIED.);
#214=B_SPLINE_CURVE_WITH_KNOTS('',3,(#5307,#5308,#5309,#5310,#5311,#5312),
 .UNSPECIFIED.,.F.,.F.,(4,1,1,4),(4.06210810651169E-16,0.420495399035771,
0.840990798071542,1.47122145923661),.UNSPECIFIED.);
#215=B_SPLINE_CURVE_WITH_KNOTS('',3,(#5347,#5348,#5349,#5350,#5351,#5352),
 .UNSPECIFIED.,.F.,.F.,(4,1,1,4),(0.113332669485102,0.743686855822842,1.16412043229448,
1.58455400876612),.UNSPECIFIED.);
#216=B_SPLINE_CURVE_WITH_KNOTS('',3,(#5355,#5356,#5357,#5358,#5359,#5360),
 .UNSPECIFIED.,.F.,.F.,(4,1,1,4),(-1.38423204163877,-0.840990798071542,
-0.420495399035771,-4.06210810651169E-16),.UNSPECIFIED.);
#217=B_SPLINE_CURVE_WITH_KNOTS('',3,(#5381,#5382,#5383,#5384),
 .UNSPECIFIED.,.F.,.F.,(4,4),(-1.79539462550278,-0.965023053595234),
 .UNSPECIFIED.);
#218=B_SPLINE_CURVE_WITH_KNOTS('',3,(#5386,#5387,#5388,#5389),
 .UNSPECIFIED.,.F.,.F.,(4,4),(1.87787244828901E-14,0.127285202885342),
 .UNSPECIFIED.);
#219=B_SPLINE_CURVE_WITH_KNOTS('',3,(#5390,#5391,#5392,#5393,#5394,#5395),
 .UNSPECIFIED.,.F.,.F.,(4,2,4),(-0.00344844591768201,0.,0.816109819149705),
 .UNSPECIFIED.);
#220=B_SPLINE_CURVE_WITH_KNOTS('',3,(#5417,#5418,#5419,#5420),
 .UNSPECIFIED.,.F.,.F.,(4,4),(1.66810780800369,1.79539462550278),
 .UNSPECIFIED.);
#221=B_SPLINE_CURVE_WITH_KNOTS('',3,(#5423,#5424,#5425,#5426),
 .UNSPECIFIED.,.F.,.F.,(4,4),(-0.830368305179814,-1.87787244828901E-14),
 .UNSPECIFIED.);
#222=B_SPLINE_CURVE_WITH_KNOTS('',3,(#5457,#5458,#5459,#5460,#5461,#5462),
 .UNSPECIFIED.,.F.,.F.,(4,1,1,4),(-1.58455400876612,-1.16412043229448,-0.743686855822842,
-0.200321949802435),.UNSPECIFIED.);
#223=B_SPLINE_CURVE_WITH_KNOTS('',3,(#5463,#5464,#5465,#5466,#5467,#5468),
 .UNSPECIFIED.,.F.,.F.,(4,1,1,4),(4.06210810651169E-16,0.420495399035771,
0.840990798071542,1.47122145920621),.UNSPECIFIED.);
#224=B_SPLINE_CURVE_WITH_KNOTS('',3,(#5503,#5504,#5505,#5506,#5507,#5508),
 .UNSPECIFIED.,.F.,.F.,(4,1,1,4),(0.113332669485102,0.743686855822842,1.16412043229448,
1.58455400876612),.UNSPECIFIED.);
#225=B_SPLINE_CURVE_WITH_KNOTS('',3,(#5511,#5512,#5513,#5514,#5515,#5516),
 .UNSPECIFIED.,.F.,.F.,(4,1,1,4),(-1.38423206716315,-0.840990798071542,
-0.420495399035771,-4.06210810651169E-16),.UNSPECIFIED.);
#226=B_SPLINE_CURVE_WITH_KNOTS('',3,(#5537,#5538,#5539,#5540),
 .UNSPECIFIED.,.F.,.F.,(4,4),(-1.79539462550278,-0.965023053595234),
 .UNSPECIFIED.);
#227=B_SPLINE_CURVE_WITH_KNOTS('',3,(#5542,#5543,#5544,#5545),
 .UNSPECIFIED.,.F.,.F.,(4,4),(1.87787244828901E-14,0.127285202885343),
 .UNSPECIFIED.);
#228=B_SPLINE_CURVE_WITH_KNOTS('',3,(#5546,#5547,#5548,#5549,#5550,#5551),
 .UNSPECIFIED.,.F.,.F.,(4,2,4),(-0.00344844591768201,0.,0.816109819149705),
 .UNSPECIFIED.);
#229=B_SPLINE_CURVE_WITH_KNOTS('',3,(#5573,#5574,#5575,#5576),
 .UNSPECIFIED.,.F.,.F.,(4,4),(1.66810780800369,1.79539462550278),
 .UNSPECIFIED.);
#230=B_SPLINE_CURVE_WITH_KNOTS('',3,(#5579,#5580,#5581,#5582),
 .UNSPECIFIED.,.F.,.F.,(4,4),(-0.830368305179811,-1.87787244828901E-14),
 .UNSPECIFIED.);
#231=B_SPLINE_CURVE_WITH_KNOTS('',3,(#5613,#5614,#5615,#5616,#5617,#5618),
 .UNSPECIFIED.,.F.,.F.,(4,1,1,4),(-1.58455400876612,-1.16412043229448,-0.743686855822842,
-0.200321930247619),.UNSPECIFIED.);
#232=B_SPLINE_CURVE_WITH_KNOTS('',3,(#5619,#5620,#5621,#5622,#5623,#5624),
 .UNSPECIFIED.,.F.,.F.,(4,1,1,4),(4.06210810651169E-16,0.420495399035771,
0.840990798071542,1.47122145920837),.UNSPECIFIED.);
#233=B_SPLINE_CURVE_WITH_KNOTS('',3,(#5659,#5660,#5661,#5662,#5663,#5664),
 .UNSPECIFIED.,.F.,.F.,(4,1,1,4),(0.113332669485102,0.743686855822842,1.16412043229448,
1.58455400876612),.UNSPECIFIED.);
#234=B_SPLINE_CURVE_WITH_KNOTS('',3,(#5667,#5668,#5669,#5670,#5671,#5672),
 .UNSPECIFIED.,.F.,.F.,(4,1,1,4),(-1.38423206120493,-0.840990798071542,
-0.420495399035771,-4.06210810651169E-16),.UNSPECIFIED.);
#235=B_SPLINE_CURVE_WITH_KNOTS('',3,(#5693,#5694,#5695,#5696),
 .UNSPECIFIED.,.F.,.F.,(4,4),(-1.79539462550278,-0.965023053595231),
 .UNSPECIFIED.);
#236=B_SPLINE_CURVE_WITH_KNOTS('',3,(#5698,#5699,#5700,#5701),
 .UNSPECIFIED.,.F.,.F.,(4,4),(1.87787244828901E-14,0.127285202885342),
 .UNSPECIFIED.);
#237=B_SPLINE_CURVE_WITH_KNOTS('',3,(#5702,#5703,#5704,#5705,#5706,#5707),
 .UNSPECIFIED.,.F.,.F.,(4,2,4),(-0.00344844591768201,0.,0.816109819149705),
 .UNSPECIFIED.);
#238=B_SPLINE_CURVE_WITH_KNOTS('',3,(#5729,#5730,#5731,#5732),
 .UNSPECIFIED.,.F.,.F.,(4,4),(1.66810780800369,1.79539462550278),
 .UNSPECIFIED.);
#239=B_SPLINE_CURVE_WITH_KNOTS('',3,(#5764,#5765,#5766,#5767,#5768,#5769),
 .UNSPECIFIED.,.F.,.F.,(4,1,1,4),(4.06210810651169E-16,0.420495399035771,
0.840990798071542,1.47122145920871),.UNSPECIFIED.);
#240=B_SPLINE_CURVE_WITH_KNOTS('',3,(#5804,#5805,#5806,#5807,#5808,#5809),
 .UNSPECIFIED.,.F.,.F.,(4,1,1,4),(0.113332669485102,0.743686855822842,1.16412043229448,
1.58455400876612),.UNSPECIFIED.);
#241=B_SPLINE_CURVE_WITH_KNOTS('',3,(#5812,#5813,#5814,#5815,#5816,#5817),
 .UNSPECIFIED.,.F.,.F.,(4,1,1,4),(-1.38423207399587,-0.840990798071542,
-0.420495399035771,-4.06210810651169E-16),.UNSPECIFIED.);
#242=B_SPLINE_CURVE_WITH_KNOTS('',3,(#5838,#5839,#5840,#5841),
 .UNSPECIFIED.,.F.,.F.,(4,4),(-1.79539462550278,-0.965023053595234),
 .UNSPECIFIED.);
#243=B_SPLINE_CURVE_WITH_KNOTS('',3,(#5843,#5844,#5845,#5846),
 .UNSPECIFIED.,.F.,.F.,(4,4),(1.87787244828901E-14,0.127285202885343),
 .UNSPECIFIED.);
#244=B_SPLINE_CURVE_WITH_KNOTS('',3,(#5847,#5848,#5849,#5850,#5851,#5852),
 .UNSPECIFIED.,.F.,.F.,(4,2,4),(-0.00344844591768201,0.,0.816109819149705),
 .UNSPECIFIED.);
#245=B_SPLINE_CURVE_WITH_KNOTS('',3,(#5874,#5875,#5876,#5877),
 .UNSPECIFIED.,.F.,.F.,(4,4),(1.66810780800369,1.79539462550278),
 .UNSPECIFIED.);
#246=B_SPLINE_CURVE_WITH_KNOTS('',3,(#5880,#5881,#5882,#5883),
 .UNSPECIFIED.,.F.,.F.,(4,4),(-0.830368305179811,-1.87787244828901E-14),
 .UNSPECIFIED.);
#247=B_SPLINE_CURVE_WITH_KNOTS('',3,(#5914,#5915,#5916,#5917,#5918,#5919),
 .UNSPECIFIED.,.F.,.F.,(4,1,1,4),(-1.58455400876612,-1.16412043229448,-0.743686855822842,
-0.200321923445538),.UNSPECIFIED.);
#248=B_SPLINE_CURVE_WITH_KNOTS('',3,(#5920,#5921,#5922,#5923,#5924,#5925),
 .UNSPECIFIED.,.F.,.F.,(4,1,1,4),(4.06210810651169E-16,0.420495399035771,
0.840990798071542,1.4712214592087),.UNSPECIFIED.);
#249=B_SPLINE_CURVE_WITH_KNOTS('',3,(#5960,#5961,#5962,#5963,#5964,#5965),
 .UNSPECIFIED.,.F.,.F.,(4,1,1,4),(0.113332669485102,0.743686855822842,1.16412043229448,
1.58455400876612),.UNSPECIFIED.);
#250=B_SPLINE_CURVE_WITH_KNOTS('',3,(#5968,#5969,#5970,#5971,#5972,#5973),
 .UNSPECIFIED.,.F.,.F.,(4,1,1,4),(-1.38423206832514,-0.840990798071542,
-0.420495399035771,-4.06210810651169E-16),.UNSPECIFIED.);
#251=B_SPLINE_CURVE_WITH_KNOTS('',3,(#5994,#5995,#5996,#5997),
 .UNSPECIFIED.,.F.,.F.,(4,4),(-1.79539462550278,-0.965023053595233),
 .UNSPECIFIED.);
#252=B_SPLINE_CURVE_WITH_KNOTS('',3,(#5999,#6000,#6001,#6002),
 .UNSPECIFIED.,.F.,.F.,(4,4),(1.87787244828901E-14,0.127285202885342),
 .UNSPECIFIED.);
#253=B_SPLINE_CURVE_WITH_KNOTS('',3,(#6003,#6004,#6005,#6006,#6007,#6008),
 .UNSPECIFIED.,.F.,.F.,(4,2,4),(-0.00344844591768201,0.,0.816109819149705),
 .UNSPECIFIED.);
#254=B_SPLINE_CURVE_WITH_KNOTS('',3,(#6030,#6031,#6032,#6033),
 .UNSPECIFIED.,.F.,.F.,(4,4),(1.66810780800369,1.79539462550278),
 .UNSPECIFIED.);
#255=B_SPLINE_CURVE_WITH_KNOTS('',3,(#6065,#6066,#6067,#6068,#6069,#6070),
 .UNSPECIFIED.,.F.,.F.,(4,1,1,4),(4.06210810651169E-16,0.420495399035771,
0.840990798071542,1.47122145920904),.UNSPECIFIED.);
#256=B_SPLINE_CURVE_WITH_KNOTS('',3,(#6105,#6106,#6107,#6108,#6109,#6110),
 .UNSPECIFIED.,.F.,.F.,(4,1,1,4),(0.113332669485102,0.743686855822842,1.16412043229448,
1.58455400876612),.UNSPECIFIED.);
#257=B_SPLINE_CURVE_WITH_KNOTS('',3,(#6113,#6114,#6115,#6116,#6117,#6118),
 .UNSPECIFIED.,.F.,.F.,(4,1,1,4),(-1.38423205520155,-0.840990798071542,
-0.420495399035771,-4.06210810651169E-16),.UNSPECIFIED.);
#258=B_SPLINE_CURVE_WITH_KNOTS('',3,(#6139,#6140,#6141,#6142),
 .UNSPECIFIED.,.F.,.F.,(4,4),(-1.79539462550278,-0.96502305359523),
 .UNSPECIFIED.);
#259=B_SPLINE_CURVE_WITH_KNOTS('',3,(#6144,#6145,#6146,#6147),
 .UNSPECIFIED.,.F.,.F.,(4,4),(1.87787244828901E-14,0.127285202885341),
 .UNSPECIFIED.);
#260=B_SPLINE_CURVE_WITH_KNOTS('',3,(#6148,#6149,#6150,#6151,#6152,#6153),
 .UNSPECIFIED.,.F.,.F.,(4,2,4),(-0.00344844591768201,0.,0.816109819149705),
 .UNSPECIFIED.);
#261=B_SPLINE_CURVE_WITH_KNOTS('',3,(#6175,#6176,#6177,#6178),
 .UNSPECIFIED.,.F.,.F.,(4,4),(1.66810780800369,1.79539462550278),
 .UNSPECIFIED.);
#262=B_SPLINE_CURVE_WITH_KNOTS('',3,(#6210,#6211,#6212,#6213,#6214,#6215),
 .UNSPECIFIED.,.F.,.F.,(4,1,1,4),(4.06210810651169E-16,0.420495399035771,
0.840990798071542,1.47122145920877),.UNSPECIFIED.);
#263=B_SPLINE_CURVE_WITH_KNOTS('',3,(#6250,#6251,#6252,#6253,#6254,#6255),
 .UNSPECIFIED.,.F.,.F.,(4,1,1,4),(0.113332669485102,0.743686855822842,1.16412043229448,
1.58455400876612),.UNSPECIFIED.);
#264=B_SPLINE_CURVE_WITH_KNOTS('',3,(#6278,#6279,#6280,#6281),
 .UNSPECIFIED.,.F.,.F.,(4,4),(1.87787244828901E-14,0.127285202885342),
 .UNSPECIFIED.);
#265=B_SPLINE_CURVE_WITH_KNOTS('',3,(#6282,#6283,#6284,#6285,#6286,#6287),
 .UNSPECIFIED.,.F.,.F.,(4,2,4),(-0.00344844591768201,0.,0.816109819149705),
 .UNSPECIFIED.);
#266=B_SPLINE_CURVE_WITH_KNOTS('',3,(#6309,#6310,#6311,#6312),
 .UNSPECIFIED.,.F.,.F.,(4,4),(1.66810780800369,1.79539462550278),
 .UNSPECIFIED.);
#267=B_SPLINE_CURVE_WITH_KNOTS('',3,(#6315,#6316,#6317,#6318),
 .UNSPECIFIED.,.F.,.F.,(4,4),(-0.830368305179813,-1.87787244828901E-14),
 .UNSPECIFIED.);
#268=B_SPLINE_CURVE_WITH_KNOTS('',3,(#6349,#6350,#6351,#6352,#6353,#6354),
 .UNSPECIFIED.,.F.,.F.,(4,1,1,4),(-1.58455400876612,-1.16412043229448,-0.743686855822842,
-0.200321929097225),.UNSPECIFIED.);
#269=B_SPLINE_CURVE_WITH_KNOTS('',3,(#6355,#6356,#6357,#6358,#6359,#6360),
 .UNSPECIFIED.,.F.,.F.,(4,1,1,4),(4.06210810651169E-16,0.420495399035771,
0.840990798071542,1.47122145920781),.UNSPECIFIED.);
#270=B_SPLINE_CURVE_WITH_KNOTS('',3,(#6395,#6396,#6397,#6398,#6399,#6400),
 .UNSPECIFIED.,.F.,.F.,(4,1,1,4),(0.113332669485102,0.743686855822842,1.16412043229448,
1.58455400876612),.UNSPECIFIED.);
#271=B_SPLINE_CURVE_WITH_KNOTS('',3,(#6403,#6404,#6405,#6406,#6407,#6408),
 .UNSPECIFIED.,.F.,.F.,(4,1,1,4),(-1.3842320475265,-0.840990798071542,-0.420495399035771,
-4.06210810651169E-16),.UNSPECIFIED.);
#272=B_SPLINE_CURVE_WITH_KNOTS('',3,(#6429,#6430,#6431,#6432),
 .UNSPECIFIED.,.F.,.F.,(4,4),(-1.79539462550278,-0.96502305359523),
 .UNSPECIFIED.);
#273=B_SPLINE_CURVE_WITH_KNOTS('',3,(#6434,#6435,#6436,#6437),
 .UNSPECIFIED.,.F.,.F.,(4,4),(1.87787244828901E-14,0.127285202885342),
 .UNSPECIFIED.);
#274=B_SPLINE_CURVE_WITH_KNOTS('',3,(#6438,#6439,#6440,#6441,#6442,#6443),
 .UNSPECIFIED.,.F.,.F.,(4,2,4),(-0.00344844591768201,0.,0.816109819149705),
 .UNSPECIFIED.);
#275=B_SPLINE_CURVE_WITH_KNOTS('',3,(#6465,#6466,#6467,#6468),
 .UNSPECIFIED.,.F.,.F.,(4,4),(1.66810780800369,1.79539462550278),
 .UNSPECIFIED.);
#276=B_SPLINE_CURVE_WITH_KNOTS('',3,(#6500,#6501,#6502,#6503,#6504,#6505),
 .UNSPECIFIED.,.F.,.F.,(4,1,1,4),(4.06210810651169E-16,0.420495399035771,
0.840990798071542,1.47122145920842),.UNSPECIFIED.);
#277=B_SPLINE_CURVE_WITH_KNOTS('',3,(#6540,#6541,#6542,#6543,#6544,#6545),
 .UNSPECIFIED.,.F.,.F.,(4,1,1,4),(0.113332669485102,0.743686855822842,1.16412043229448,
1.58455400876612),.UNSPECIFIED.);
#278=B_SPLINE_CURVE_WITH_KNOTS('',3,(#6568,#6569,#6570,#6571),
 .UNSPECIFIED.,.F.,.F.,(4,4),(1.87787244828901E-14,0.127285202885342),
 .UNSPECIFIED.);
#279=B_SPLINE_CURVE_WITH_KNOTS('',3,(#6572,#6573,#6574,#6575,#6576,#6577),
 .UNSPECIFIED.,.F.,.F.,(4,2,4),(-0.00344844591768201,0.,0.816109819149705),
 .UNSPECIFIED.);
#280=B_SPLINE_CURVE_WITH_KNOTS('',3,(#6599,#6600,#6601,#6602),
 .UNSPECIFIED.,.F.,.F.,(4,4),(1.66810780800369,1.79539462550278),
 .UNSPECIFIED.);
#281=B_SPLINE_CURVE_WITH_KNOTS('',3,(#6634,#6635,#6636,#6637,#6638,#6639),
 .UNSPECIFIED.,.F.,.F.,(4,1,1,4),(4.06210810651169E-16,0.420495399035771,
0.840990798071542,1.47122145920747),.UNSPECIFIED.);
#282=B_SPLINE_CURVE_WITH_KNOTS('',3,(#6674,#6675,#6676,#6677,#6678,#6679),
 .UNSPECIFIED.,.F.,.F.,(4,1,1,4),(0.113332669485102,0.743686855822842,1.16412043229448,
1.58455400876612),.UNSPECIFIED.);
#283=B_SPLINE_CURVE_WITH_KNOTS('',3,(#6702,#6703,#6704,#6705),
 .UNSPECIFIED.,.F.,.F.,(4,4),(1.87787244828901E-14,0.127285202885342),
 .UNSPECIFIED.);
#284=B_SPLINE_CURVE_WITH_KNOTS('',3,(#6706,#6707,#6708,#6709,#6710,#6711),
 .UNSPECIFIED.,.F.,.F.,(4,2,4),(-0.00344844591768201,0.,0.816109819149705),
 .UNSPECIFIED.);
#285=B_SPLINE_CURVE_WITH_KNOTS('',3,(#6733,#6734,#6735,#6736),
 .UNSPECIFIED.,.F.,.F.,(4,4),(1.66810780800369,1.79539462550278),
 .UNSPECIFIED.);
#286=B_SPLINE_CURVE_WITH_KNOTS('',3,(#6739,#6740,#6741,#6742),
 .UNSPECIFIED.,.F.,.F.,(4,4),(-0.830368305179815,-1.87787244828901E-14),
 .UNSPECIFIED.);
#287=B_SPLINE_CURVE_WITH_KNOTS('',3,(#6773,#6774,#6775,#6776,#6777,#6778),
 .UNSPECIFIED.,.F.,.F.,(4,1,1,4),(-1.58455400876612,-1.16412043229448,-0.743686855822842,
-0.200321942161882),.UNSPECIFIED.);
#288=B_SPLINE_CURVE_WITH_KNOTS('',3,(#6779,#6780,#6781,#6782,#6783,#6784),
 .UNSPECIFIED.,.F.,.F.,(4,1,1,4),(4.06210810651169E-16,0.420495399035771,
0.840990798071542,1.47122145920656),.UNSPECIFIED.);
#289=B_SPLINE_CURVE_WITH_KNOTS('',3,(#6824,#6825,#6826,#6827,#6828,#6829),
 .UNSPECIFIED.,.F.,.F.,(4,1,1,4),(0.113332669485102,0.743686855822842,1.16412043229448,
1.58455400876612),.UNSPECIFIED.);
#290=B_SPLINE_CURVE_WITH_KNOTS('',3,(#6852,#6853,#6854,#6855),
 .UNSPECIFIED.,.F.,.F.,(4,4),(1.87787244828901E-14,0.127285202885337),
 .UNSPECIFIED.);
#291=B_SPLINE_CURVE_WITH_KNOTS('',3,(#6856,#6857,#6858,#6859,#6860,#6861),
 .UNSPECIFIED.,.F.,.F.,(4,2,4),(-0.00344844591768201,0.,0.816109819149705),
 .UNSPECIFIED.);
#292=B_SPLINE_CURVE_WITH_KNOTS('',3,(#6883,#6884,#6885,#6886),
 .UNSPECIFIED.,.F.,.F.,(4,4),(1.66810780800369,1.79539462550278),
 .UNSPECIFIED.);
#293=B_SPLINE_CURVE_WITH_KNOTS('',3,(#6889,#6890,#6891,#6892),
 .UNSPECIFIED.,.F.,.F.,(4,4),(-0.830368305179816,-1.87787244828901E-14),
 .UNSPECIFIED.);
#294=B_SPLINE_CURVE_WITH_KNOTS('',3,(#6923,#6924,#6925,#6926,#6927,#6928),
 .UNSPECIFIED.,.F.,.F.,(4,1,1,4),(-1.58455400876612,-1.16412043229448,-0.743686855822842,
-0.200321889192169),.UNSPECIFIED.);
#295=B_SPLINE_CURVE_WITH_KNOTS('',3,(#6929,#6930,#6931,#6932,#6933,#6934),
 .UNSPECIFIED.,.F.,.F.,(4,1,1,4),(4.06210810651169E-16,0.420495399035771,
0.840990798071542,1.47122145921367),.UNSPECIFIED.);
#296=B_SPLINE_CURVE_WITH_KNOTS('',3,(#6969,#6970,#6971,#6972,#6973,#6974),
 .UNSPECIFIED.,.F.,.F.,(4,1,1,4),(0.113332669485102,0.743686855822842,1.16412043229448,
1.58455400876612),.UNSPECIFIED.);
#297=B_SPLINE_CURVE_WITH_KNOTS('',3,(#6997,#6998,#6999,#7000),
 .UNSPECIFIED.,.F.,.F.,(4,4),(1.87787244828901E-14,0.12728520288534),
 .UNSPECIFIED.);
#298=B_SPLINE_CURVE_WITH_KNOTS('',3,(#7001,#7002,#7003,#7004,#7005,#7006),
 .UNSPECIFIED.,.F.,.F.,(4,2,4),(-0.00344844591768201,0.,0.816109819149705),
 .UNSPECIFIED.);
#299=B_SPLINE_CURVE_WITH_KNOTS('',3,(#7028,#7029,#7030,#7031),
 .UNSPECIFIED.,.F.,.F.,(4,4),(1.66810780800369,1.79539462550278),
 .UNSPECIFIED.);
#300=B_SPLINE_CURVE_WITH_KNOTS('',3,(#7034,#7035,#7036,#7037),
 .UNSPECIFIED.,.F.,.F.,(4,4),(-0.830368305179818,-1.87787244828901E-14),
 .UNSPECIFIED.);
#301=B_SPLINE_CURVE_WITH_KNOTS('',3,(#7068,#7069,#7070,#7071,#7072,#7073),
 .UNSPECIFIED.,.F.,.F.,(4,1,1,4),(-1.58455400876612,-1.16412043229448,-0.743686855822842,
-0.200321837613244),.UNSPECIFIED.);
#302=B_SPLINE_CURVE_WITH_KNOTS('',3,(#7074,#7075,#7076,#7077,#7078,#7079),
 .UNSPECIFIED.,.F.,.F.,(4,1,1,4),(4.06210810651169E-16,0.420495399035771,
0.840990798071542,1.47122145921032),.UNSPECIFIED.);
#303=B_SPLINE_CURVE_WITH_KNOTS('',3,(#7114,#7115,#7116,#7117,#7118,#7119),
 .UNSPECIFIED.,.F.,.F.,(4,1,1,4),(0.113332669485102,0.743686855822842,1.16412043229448,
1.58455400876612),.UNSPECIFIED.);
#304=B_SPLINE_CURVE_WITH_KNOTS('',3,(#7122,#7123,#7124,#7125,#7126,#7127),
 .UNSPECIFIED.,.F.,.F.,(4,1,1,4),(-1.38423231347304,-0.840990798071542,
-0.420495399035771,-4.06210810651169E-16),.UNSPECIFIED.);
#305=B_SPLINE_CURVE_WITH_KNOTS('',3,(#7148,#7149,#7150,#7151),
 .UNSPECIFIED.,.F.,.F.,(4,4),(-1.79539462550278,-0.965023053595225),
 .UNSPECIFIED.);
#306=B_SPLINE_CURVE_WITH_KNOTS('',3,(#7153,#7154,#7155,#7156),
 .UNSPECIFIED.,.F.,.F.,(4,4),(1.87787244828901E-14,0.127285202885334),
 .UNSPECIFIED.);
#307=B_SPLINE_CURVE_WITH_KNOTS('',3,(#7157,#7158,#7159,#7160,#7161,#7162),
 .UNSPECIFIED.,.F.,.F.,(4,2,4),(-0.00344844591768201,0.,0.816109819149705),
 .UNSPECIFIED.);
#308=B_SPLINE_CURVE_WITH_KNOTS('',3,(#7184,#7185,#7186,#7187),
 .UNSPECIFIED.,.F.,.F.,(4,4),(1.6681078080037,1.79539462550278),
 .UNSPECIFIED.);
#309=B_SPLINE_CURVE_WITH_KNOTS('',3,(#7219,#7220,#7221,#7222,#7223,#7224),
 .UNSPECIFIED.,.F.,.F.,(4,1,1,4),(4.06210810651169E-16,0.420495399035771,
0.840990798071542,1.4712214592302),.UNSPECIFIED.);
#310=B_SPLINE_CURVE_WITH_KNOTS('',3,(#7259,#7260,#7261,#7262,#7263,#7264),
 .UNSPECIFIED.,.F.,.F.,(4,1,1,4),(0.113332669485102,0.743686855822842,1.16412043229448,
1.58455400876612),.UNSPECIFIED.);
#311=B_SPLINE_CURVE_WITH_KNOTS('',3,(#7287,#7288,#7289,#7290),
 .UNSPECIFIED.,.F.,.F.,(4,4),(1.87787244828901E-14,0.12728520288534),
 .UNSPECIFIED.);
#312=B_SPLINE_CURVE_WITH_KNOTS('',3,(#7291,#7292,#7293,#7294,#7295,#7296),
 .UNSPECIFIED.,.F.,.F.,(4,2,4),(-0.00344844591768201,0.,0.816109819149705),
 .UNSPECIFIED.);
#313=B_SPLINE_CURVE_WITH_KNOTS('',3,(#7318,#7319,#7320,#7321),
 .UNSPECIFIED.,.F.,.F.,(4,4),(1.66810780800369,1.79539462550278),
 .UNSPECIFIED.);
#314=B_SPLINE_CURVE_WITH_KNOTS('',3,(#7353,#7354,#7355,#7356,#7357,#7358),
 .UNSPECIFIED.,.F.,.F.,(4,1,1,4),(4.06210810651169E-16,0.420495399035771,
0.840990798071542,1.47122145920776),.UNSPECIFIED.);
#315=B_SPLINE_CURVE_WITH_KNOTS('',3,(#7393,#7394,#7395,#7396,#7397,#7398),
 .UNSPECIFIED.,.F.,.F.,(4,1,1,4),(0.113332669485102,0.743686855822842,1.16412043229448,
1.58455400876612),.UNSPECIFIED.);
#316=B_SPLINE_CURVE_WITH_KNOTS('',3,(#7421,#7422,#7423,#7424),
 .UNSPECIFIED.,.F.,.F.,(4,4),(1.87787244828901E-14,0.127285202885324),
 .UNSPECIFIED.);
#317=B_SPLINE_CURVE_WITH_KNOTS('',3,(#7425,#7426,#7427,#7428,#7429,#7430),
 .UNSPECIFIED.,.F.,.F.,(4,2,4),(-0.00344844591768201,0.,0.816109819149705),
 .UNSPECIFIED.);
#318=B_SPLINE_CURVE_WITH_KNOTS('',3,(#7452,#7453,#7454,#7455),
 .UNSPECIFIED.,.F.,.F.,(4,4),(1.66810780800371,1.79539462550278),
 .UNSPECIFIED.);
#319=B_SPLINE_CURVE_WITH_KNOTS('',3,(#7458,#7459,#7460,#7461),
 .UNSPECIFIED.,.F.,.F.,(4,4),(-0.830368305179833,-1.87787244828901E-14),
 .UNSPECIFIED.);
#320=B_SPLINE_CURVE_WITH_KNOTS('',3,(#7492,#7493,#7494,#7495,#7496,#7497),
 .UNSPECIFIED.,.F.,.F.,(4,1,1,4),(-1.58455400876612,-1.16412043229448,-0.743686855822842,
-0.200321378116574),.UNSPECIFIED.);
#321=B_SPLINE_CURVE_WITH_KNOTS('',3,(#7498,#7499,#7500,#7501,#7502,#7503),
 .UNSPECIFIED.,.F.,.F.,(4,1,1,4),(4.06210810651169E-16,0.420495399035771,
0.840990798071542,1.47122145923667),.UNSPECIFIED.);
#322=B_SPLINE_CURVE_WITH_KNOTS('',3,(#7538,#7539,#7540,#7541,#7542,#7543),
 .UNSPECIFIED.,.F.,.F.,(4,1,1,4),(0.113332669485102,0.743686855822842,1.16412043229448,
1.58455400876612),.UNSPECIFIED.);
#323=B_SPLINE_CURVE_WITH_KNOTS('',3,(#7566,#7567,#7568,#7569),
 .UNSPECIFIED.,.F.,.F.,(4,4),(1.87787244828901E-14,0.127285202885328),
 .UNSPECIFIED.);
#324=B_SPLINE_CURVE_WITH_KNOTS('',3,(#7570,#7571,#7572,#7573,#7574,#7575),
 .UNSPECIFIED.,.F.,.F.,(4,2,4),(-0.00344844591768201,0.,0.816109819149705),
 .UNSPECIFIED.);
#325=B_SPLINE_CURVE_WITH_KNOTS('',3,(#7597,#7598,#7599,#7600),
 .UNSPECIFIED.,.F.,.F.,(4,4),(1.6681078080037,1.79539462550278),
 .UNSPECIFIED.);
#326=B_SPLINE_CURVE_WITH_KNOTS('',3,(#7632,#7633,#7634,#7635,#7636,#7637),
 .UNSPECIFIED.,.F.,.F.,(4,1,1,4),(4.06210810651169E-16,0.420495399035771,
0.840990798071542,1.47122145923476),.UNSPECIFIED.);
#327=B_SPLINE_CURVE_WITH_KNOTS('',3,(#7672,#7673,#7674,#7675,#7676,#7677),
 .UNSPECIFIED.,.F.,.F.,(4,1,1,4),(0.113332669485102,0.743686855822842,1.16412043229448,
1.58455400876612),.UNSPECIFIED.);
#328=B_SPLINE_CURVE_WITH_KNOTS('',3,(#7700,#7701,#7702,#7703),
 .UNSPECIFIED.,.F.,.F.,(4,4),(1.87787244828901E-14,0.127285202885338),
 .UNSPECIFIED.);
#329=B_SPLINE_CURVE_WITH_KNOTS('',3,(#7704,#7705,#7706,#7707,#7708,#7709),
 .UNSPECIFIED.,.F.,.F.,(4,2,4),(-0.00344844591768201,0.,0.816109819149705),
 .UNSPECIFIED.);
#330=B_SPLINE_CURVE_WITH_KNOTS('',3,(#7731,#7732,#7733,#7734),
 .UNSPECIFIED.,.F.,.F.,(4,4),(1.66810780800369,1.79539462550278),
 .UNSPECIFIED.);
#331=B_SPLINE_CURVE_WITH_KNOTS('',3,(#7766,#7767,#7768,#7769,#7770,#7771),
 .UNSPECIFIED.,.F.,.F.,(4,1,1,4),(4.06210810651169E-16,0.420495399035771,
0.840990798071542,1.47122145922075),.UNSPECIFIED.);
#332=B_SPLINE_CURVE_WITH_KNOTS('',3,(#7806,#7807,#7808,#7809,#7810,#7811),
 .UNSPECIFIED.,.F.,.F.,(4,1,1,4),(0.113332669485102,0.743686855822842,1.16412043229448,
1.58455400876612),.UNSPECIFIED.);
#333=B_SPLINE_CURVE_WITH_KNOTS('',3,(#7834,#7835,#7836,#7837),
 .UNSPECIFIED.,.F.,.F.,(4,4),(1.87787244828901E-14,0.12728520288534),
 .UNSPECIFIED.);
#334=B_SPLINE_CURVE_WITH_KNOTS('',3,(#7838,#7839,#7840,#7841,#7842,#7843),
 .UNSPECIFIED.,.F.,.F.,(4,2,4),(-0.00344844591768201,0.,0.816109819149705),
 .UNSPECIFIED.);
#335=B_SPLINE_CURVE_WITH_KNOTS('',3,(#7865,#7866,#7867,#7868),
 .UNSPECIFIED.,.F.,.F.,(4,4),(1.66810780800369,1.79539462550278),
 .UNSPECIFIED.);
#336=B_SPLINE_CURVE_WITH_KNOTS('',3,(#7900,#7901,#7902,#7903,#7904,#7905),
 .UNSPECIFIED.,.F.,.F.,(4,1,1,4),(4.06210810651169E-16,0.420495399035771,
0.840990798071542,1.47122145920813),.UNSPECIFIED.);
#337=B_SPLINE_SURFACE_WITH_KNOTS('',3,3,((#2803,#2804,#2805,#2806,#2807,
#2808),(#2809,#2810,#2811,#2812,#2813,#2814),(#2815,#2816,#2817,#2818,#2819,
#2820),(#2821,#2822,#2823,#2824,#2825,#2826),(#2827,#2828,#2829,#2830,#2831,
#2832)),.UNSPECIFIED.,.F.,.F.,.F.,(4,1,4),(4,1,1,4),(0.,0.571428571428571,
1.),(0.113036491115385,0.743686855822842,1.16412043229448,1.58455400876612),
 .UNSPECIFIED.);
#338=B_SPLINE_SURFACE_WITH_KNOTS('',3,3,((#2862,#2863,#2864,#2865),(#2866,
#2867,#2868,#2869),(#2870,#2871,#2872,#2873),(#2874,#2875,#2876,#2877),
(#2878,#2879,#2880,#2881)),.UNSPECIFIED.,.F.,.F.,.F.,(4,1,4),(4,4),(0.,
0.571428571428571,1.),(1.87787244828901E-14,0.959988232327915),
 .UNSPECIFIED.);
#339=B_SPLINE_SURFACE_WITH_KNOTS('',3,3,((#2936,#2937,#2938,#2939),(#2940,
#2941,#2942,#2943),(#2944,#2945,#2946,#2947),(#2948,#2949,#2950,#2951),
(#2952,#2953,#2954,#2955)),.UNSPECIFIED.,.F.,.F.,.F.,(4,1,4),(4,4),(0.,
0.571428571428571,1.),(0.835418347646142,1.79539462550278),
 .UNSPECIFIED.);
#340=B_SPLINE_SURFACE_WITH_KNOTS('',3,3,((#2978,#2979,#2980,#2981,#2982,
#2983),(#2984,#2985,#2986,#2987,#2988,#2989),(#2990,#2991,#2992,#2993,#2994,
#2995),(#2996,#2997,#2998,#2999,#3000,#3001),(#3002,#3003,#3004,#3005,#3006,
#3007)),.UNSPECIFIED.,.F.,.F.,.F.,(4,1,4),(4,1,1,4),(0.,0.571428571428571,
1.),(4.06210810651169E-16,0.420495399035771,0.840990798071542,1.4717338966252),
 .UNSPECIFIED.);
#341=B_SPLINE_SURFACE_WITH_KNOTS('',3,3,((#4580,#4581,#4582,#4583,#4584,
#4585),(#4586,#4587,#4588,#4589,#4590,#4591),(#4592,#4593,#4594,#4595,#4596,
#4597),(#4598,#4599,#4600,#4601,#4602,#4603),(#4604,#4605,#4606,#4607,#4608,
#4609)),.UNSPECIFIED.,.F.,.F.,.F.,(4,1,4),(4,1,1,4),(0.,0.571428571428571,
1.),(0.113036491115385,0.743686855822842,1.16412043229448,1.58455400876612),
 .UNSPECIFIED.);
#342=B_SPLINE_SURFACE_WITH_KNOTS('',3,3,((#4625,#4626,#4627,#4628),(#4629,
#4630,#4631,#4632),(#4633,#4634,#4635,#4636),(#4637,#4638,#4639,#4640),
(#4641,#4642,#4643,#4644)),.UNSPECIFIED.,.F.,.F.,.F.,(4,1,4),(4,4),(0.,
0.571428571428571,1.),(1.87787244828901E-14,0.959988232327915),
 .UNSPECIFIED.);
#343=B_SPLINE_SURFACE_WITH_KNOTS('',3,3,((#4660,#4661,#4662,#4663),(#4664,
#4665,#4666,#4667),(#4668,#4669,#4670,#4671),(#4672,#4673,#4674,#4675),
(#4676,#4677,#4678,#4679)),.UNSPECIFIED.,.F.,.F.,.F.,(4,1,4),(4,4),(0.,
0.571428571428571,1.),(0.835418347646142,1.79539462550278),
 .UNSPECIFIED.);
#344=B_SPLINE_SURFACE_WITH_KNOTS('',3,3,((#4691,#4692,#4693,#4694,#4695,
#4696),(#4697,#4698,#4699,#4700,#4701,#4702),(#4703,#4704,#4705,#4706,#4707,
#4708),(#4709,#4710,#4711,#4712,#4713,#4714),(#4715,#4716,#4717,#4718,#4719,
#4720)),.UNSPECIFIED.,.F.,.F.,.F.,(4,1,4),(4,1,1,4),(0.,0.571428571428571,
1.),(4.06210810651169E-16,0.420495399035771,0.840990798071542,1.4717338966252),
 .UNSPECIFIED.);
#345=B_SPLINE_SURFACE_WITH_KNOTS('',3,3,((#4736,#4737,#4738,#4739,#4740,
#4741),(#4742,#4743,#4744,#4745,#4746,#4747),(#4748,#4749,#4750,#4751,#4752,
#4753),(#4754,#4755,#4756,#4757,#4758,#4759),(#4760,#4761,#4762,#4763,#4764,
#4765)),.UNSPECIFIED.,.F.,.F.,.F.,(4,1,4),(4,1,1,4),(0.,0.571428571428571,
1.),(0.113036491115385,0.743686855822842,1.16412043229448,1.58455400876612),
 .UNSPECIFIED.);
#346=B_SPLINE_SURFACE_WITH_KNOTS('',3,3,((#4774,#4775,#4776,#4777),(#4778,
#4779,#4780,#4781),(#4782,#4783,#4784,#4785),(#4786,#4787,#4788,#4789),
(#4790,#4791,#4792,#4793)),.UNSPECIFIED.,.F.,.F.,.F.,(4,1,4),(4,4),(0.,
0.571428571428571,1.),(1.87787244828901E-14,0.959988232327915),
 .UNSPECIFIED.);
#347=B_SPLINE_SURFACE_WITH_KNOTS('',3,3,((#4805,#4806,#4807,#4808),(#4809,
#4810,#4811,#4812),(#4813,#4814,#4815,#4816),(#4817,#4818,#4819,#4820),
(#4821,#4822,#4823,#4824)),.UNSPECIFIED.,.F.,.F.,.F.,(4,1,4),(4,4),(0.,
0.571428571428571,1.),(0.835418347646142,1.79539462550278),
 .UNSPECIFIED.);
#348=B_SPLINE_SURFACE_WITH_KNOTS('',3,3,((#4836,#4837,#4838,#4839,#4840,
#4841),(#4842,#4843,#4844,#4845,#4846,#4847),(#4848,#4849,#4850,#4851,#4852,
#4853),(#4854,#4855,#4856,#4857,#4858,#4859),(#4860,#4861,#4862,#4863,#4864,
#4865)),.UNSPECIFIED.,.F.,.F.,.F.,(4,1,4),(4,1,1,4),(0.,0.571428571428571,
1.),(4.06210810651169E-16,0.420495399035771,0.840990798071542,1.4717338966252),
 .UNSPECIFIED.);
#349=B_SPLINE_SURFACE_WITH_KNOTS('',3,3,((#4881,#4882,#4883,#4884,#4885,
#4886),(#4887,#4888,#4889,#4890,#4891,#4892),(#4893,#4894,#4895,#4896,#4897,
#4898),(#4899,#4900,#4901,#4902,#4903,#4904),(#4905,#4906,#4907,#4908,#4909,
#4910)),.UNSPECIFIED.,.F.,.F.,.F.,(4,1,4),(4,1,1,4),(0.,0.571428571428571,
1.),(0.113036491115385,0.743686855822842,1.16412043229448,1.58455400876612),
 .UNSPECIFIED.);
#350=B_SPLINE_SURFACE_WITH_KNOTS('',3,3,((#4926,#4927,#4928,#4929),(#4930,
#4931,#4932,#4933),(#4934,#4935,#4936,#4937),(#4938,#4939,#4940,#4941),
(#4942,#4943,#4944,#4945)),.UNSPECIFIED.,.F.,.F.,.F.,(4,1,4),(4,4),(0.,
0.571428571428571,1.),(1.87787244828901E-14,0.959988232327915),
 .UNSPECIFIED.);
#351=B_SPLINE_SURFACE_WITH_KNOTS('',3,3,((#4961,#4962,#4963,#4964),(#4965,
#4966,#4967,#4968),(#4969,#4970,#4971,#4972),(#4973,#4974,#4975,#4976),
(#4977,#4978,#4979,#4980)),.UNSPECIFIED.,.F.,.F.,.F.,(4,1,4),(4,4),(0.,
0.571428571428571,1.),(0.835418347646142,1.79539462550278),
 .UNSPECIFIED.);
#352=B_SPLINE_SURFACE_WITH_KNOTS('',3,3,((#4992,#4993,#4994,#4995,#4996,
#4997),(#4998,#4999,#5000,#5001,#5002,#5003),(#5004,#5005,#5006,#5007,#5008,
#5009),(#5010,#5011,#5012,#5013,#5014,#5015),(#5016,#5017,#5018,#5019,#5020,
#5021)),.UNSPECIFIED.,.F.,.F.,.F.,(4,1,4),(4,1,1,4),(0.,0.571428571428571,
1.),(4.06210810651169E-16,0.420495399035771,0.840990798071542,1.4717338966252),
 .UNSPECIFIED.);
#353=B_SPLINE_SURFACE_WITH_KNOTS('',3,3,((#5037,#5038,#5039,#5040,#5041,
#5042),(#5043,#5044,#5045,#5046,#5047,#5048),(#5049,#5050,#5051,#5052,#5053,
#5054),(#5055,#5056,#5057,#5058,#5059,#5060),(#5061,#5062,#5063,#5064,#5065,
#5066)),.UNSPECIFIED.,.F.,.F.,.F.,(4,1,4),(4,1,1,4),(0.,0.571428571428571,
1.),(0.113036491115385,0.743686855822842,1.16412043229448,1.58455400876612),
 .UNSPECIFIED.);
#354=B_SPLINE_SURFACE_WITH_KNOTS('',3,3,((#5082,#5083,#5084,#5085),(#5086,
#5087,#5088,#5089),(#5090,#5091,#5092,#5093),(#5094,#5095,#5096,#5097),
(#5098,#5099,#5100,#5101)),.UNSPECIFIED.,.F.,.F.,.F.,(4,1,4),(4,4),(0.,
0.571428571428571,1.),(1.87787244828901E-14,0.959988232327915),
 .UNSPECIFIED.);
#355=B_SPLINE_SURFACE_WITH_KNOTS('',3,3,((#5117,#5118,#5119,#5120),(#5121,
#5122,#5123,#5124),(#5125,#5126,#5127,#5128),(#5129,#5130,#5131,#5132),
(#5133,#5134,#5135,#5136)),.UNSPECIFIED.,.F.,.F.,.F.,(4,1,4),(4,4),(0.,
0.571428571428571,1.),(0.835418347646142,1.79539462550278),
 .UNSPECIFIED.);
#356=B_SPLINE_SURFACE_WITH_KNOTS('',3,3,((#5143,#5144,#5145,#5146,#5147,
#5148),(#5149,#5150,#5151,#5152,#5153,#5154),(#5155,#5156,#5157,#5158,#5159,
#5160),(#5161,#5162,#5163,#5164,#5165,#5166),(#5167,#5168,#5169,#5170,#5171,
#5172)),.UNSPECIFIED.,.F.,.F.,.F.,(4,1,4),(4,1,1,4),(0.,0.571428571428571,
1.),(4.06210810651169E-16,0.420495399035771,0.840990798071542,1.4717338966252),
 .UNSPECIFIED.);
#357=B_SPLINE_SURFACE_WITH_KNOTS('',3,3,((#5182,#5183,#5184,#5185,#5186,
#5187),(#5188,#5189,#5190,#5191,#5192,#5193),(#5194,#5195,#5196,#5197,#5198,
#5199),(#5200,#5201,#5202,#5203,#5204,#5205),(#5206,#5207,#5208,#5209,#5210,
#5211)),.UNSPECIFIED.,.F.,.F.,.F.,(4,1,4),(4,1,1,4),(0.,0.571428571428571,
1.),(0.113036491115385,0.743686855822842,1.16412043229448,1.58455400876612),
 .UNSPECIFIED.);
#358=B_SPLINE_SURFACE_WITH_KNOTS('',3,3,((#5220,#5221,#5222,#5223),(#5224,
#5225,#5226,#5227),(#5228,#5229,#5230,#5231),(#5232,#5233,#5234,#5235),
(#5236,#5237,#5238,#5239)),.UNSPECIFIED.,.F.,.F.,.F.,(4,1,4),(4,4),(0.,
0.571428571428571,1.),(1.87787244828901E-14,0.959988232327915),
 .UNSPECIFIED.);
#359=B_SPLINE_SURFACE_WITH_KNOTS('',3,3,((#5251,#5252,#5253,#5254),(#5255,
#5256,#5257,#5258),(#5259,#5260,#5261,#5262),(#5263,#5264,#5265,#5266),
(#5267,#5268,#5269,#5270)),.UNSPECIFIED.,.F.,.F.,.F.,(4,1,4),(4,4),(0.,
0.571428571428571,1.),(0.835418347646142,1.79539462550278),
 .UNSPECIFIED.);
#360=B_SPLINE_SURFACE_WITH_KNOTS('',3,3,((#5277,#5278,#5279,#5280,#5281,
#5282),(#5283,#5284,#5285,#5286,#5287,#5288),(#5289,#5290,#5291,#5292,#5293,
#5294),(#5295,#5296,#5297,#5298,#5299,#5300),(#5301,#5302,#5303,#5304,#5305,
#5306)),.UNSPECIFIED.,.F.,.F.,.F.,(4,1,4),(4,1,1,4),(0.,0.571428571428571,
1.),(4.06210810651169E-16,0.420495399035771,0.840990798071542,1.4717338966252),
 .UNSPECIFIED.);
#361=B_SPLINE_SURFACE_WITH_KNOTS('',3,3,((#5316,#5317,#5318,#5319,#5320,
#5321),(#5322,#5323,#5324,#5325,#5326,#5327),(#5328,#5329,#5330,#5331,#5332,
#5333),(#5334,#5335,#5336,#5337,#5338,#5339),(#5340,#5341,#5342,#5343,#5344,
#5345)),.UNSPECIFIED.,.F.,.F.,.F.,(4,1,4),(4,1,1,4),(0.,0.571428571428571,
1.),(0.113036491115385,0.743686855822842,1.16412043229448,1.58455400876612),
 .UNSPECIFIED.);
#362=B_SPLINE_SURFACE_WITH_KNOTS('',3,3,((#5361,#5362,#5363,#5364),(#5365,
#5366,#5367,#5368),(#5369,#5370,#5371,#5372),(#5373,#5374,#5375,#5376),
(#5377,#5378,#5379,#5380)),.UNSPECIFIED.,.F.,.F.,.F.,(4,1,4),(4,4),(0.,
0.571428571428571,1.),(1.87787244828901E-14,0.959988232327915),
 .UNSPECIFIED.);
#363=B_SPLINE_SURFACE_WITH_KNOTS('',3,3,((#5396,#5397,#5398,#5399),(#5400,
#5401,#5402,#5403),(#5404,#5405,#5406,#5407),(#5408,#5409,#5410,#5411),
(#5412,#5413,#5414,#5415)),.UNSPECIFIED.,.F.,.F.,.F.,(4,1,4),(4,4),(0.,
0.571428571428571,1.),(0.835418347646142,1.79539462550278),
 .UNSPECIFIED.);
#364=B_SPLINE_SURFACE_WITH_KNOTS('',3,3,((#5427,#5428,#5429,#5430,#5431,
#5432),(#5433,#5434,#5435,#5436,#5437,#5438),(#5439,#5440,#5441,#5442,#5443,
#5444),(#5445,#5446,#5447,#5448,#5449,#5450),(#5451,#5452,#5453,#5454,#5455,
#5456)),.UNSPECIFIED.,.F.,.F.,.F.,(4,1,4),(4,1,1,4),(0.,0.571428571428571,
1.),(4.06210810651169E-16,0.420495399035771,0.840990798071542,1.4717338966252),
 .UNSPECIFIED.);
#365=B_SPLINE_SURFACE_WITH_KNOTS('',3,3,((#5472,#5473,#5474,#5475,#5476,
#5477),(#5478,#5479,#5480,#5481,#5482,#5483),(#5484,#5485,#5486,#5487,#5488,
#5489),(#5490,#5491,#5492,#5493,#5494,#5495),(#5496,#5497,#5498,#5499,#5500,
#5501)),.UNSPECIFIED.,.F.,.F.,.F.,(4,1,4),(4,1,1,4),(0.,0.571428571428571,
1.),(0.113036491115385,0.743686855822842,1.16412043229448,1.58455400876612),
 .UNSPECIFIED.);
#366=B_SPLINE_SURFACE_WITH_KNOTS('',3,3,((#5517,#5518,#5519,#5520),(#5521,
#5522,#5523,#5524),(#5525,#5526,#5527,#5528),(#5529,#5530,#5531,#5532),
(#5533,#5534,#5535,#5536)),.UNSPECIFIED.,.F.,.F.,.F.,(4,1,4),(4,4),(0.,
0.571428571428571,1.),(1.87787244828901E-14,0.959988232327915),
 .UNSPECIFIED.);
#367=B_SPLINE_SURFACE_WITH_KNOTS('',3,3,((#5552,#5553,#5554,#5555),(#5556,
#5557,#5558,#5559),(#5560,#5561,#5562,#5563),(#5564,#5565,#5566,#5567),
(#5568,#5569,#5570,#5571)),.UNSPECIFIED.,.F.,.F.,.F.,(4,1,4),(4,4),(0.,
0.571428571428571,1.),(0.835418347646142,1.79539462550278),
 .UNSPECIFIED.);
#368=B_SPLINE_SURFACE_WITH_KNOTS('',3,3,((#5583,#5584,#5585,#5586,#5587,
#5588),(#5589,#5590,#5591,#5592,#5593,#5594),(#5595,#5596,#5597,#5598,#5599,
#5600),(#5601,#5602,#5603,#5604,#5605,#5606),(#5607,#5608,#5609,#5610,#5611,
#5612)),.UNSPECIFIED.,.F.,.F.,.F.,(4,1,4),(4,1,1,4),(0.,0.571428571428571,
1.),(4.06210810651169E-16,0.420495399035771,0.840990798071542,1.4717338966252),
 .UNSPECIFIED.);
#369=B_SPLINE_SURFACE_WITH_KNOTS('',3,3,((#5628,#5629,#5630,#5631,#5632,
#5633),(#5634,#5635,#5636,#5637,#5638,#5639),(#5640,#5641,#5642,#5643,#5644,
#5645),(#5646,#5647,#5648,#5649,#5650,#5651),(#5652,#5653,#5654,#5655,#5656,
#5657)),.UNSPECIFIED.,.F.,.F.,.F.,(4,1,4),(4,1,1,4),(0.,0.571428571428571,
1.),(0.113036491115385,0.743686855822842,1.16412043229448,1.58455400876612),
 .UNSPECIFIED.);
#370=B_SPLINE_SURFACE_WITH_KNOTS('',3,3,((#5673,#5674,#5675,#5676),(#5677,
#5678,#5679,#5680),(#5681,#5682,#5683,#5684),(#5685,#5686,#5687,#5688),
(#5689,#5690,#5691,#5692)),.UNSPECIFIED.,.F.,.F.,.F.,(4,1,4),(4,4),(0.,
0.571428571428571,1.),(1.87787244828901E-14,0.959988232327915),
 .UNSPECIFIED.);
#371=B_SPLINE_SURFACE_WITH_KNOTS('',3,3,((#5708,#5709,#5710,#5711),(#5712,
#5713,#5714,#5715),(#5716,#5717,#5718,#5719),(#5720,#5721,#5722,#5723),
(#5724,#5725,#5726,#5727)),.UNSPECIFIED.,.F.,.F.,.F.,(4,1,4),(4,4),(0.,
0.571428571428571,1.),(0.835418347646142,1.79539462550278),
 .UNSPECIFIED.);
#372=B_SPLINE_SURFACE_WITH_KNOTS('',3,3,((#5734,#5735,#5736,#5737,#5738,
#5739),(#5740,#5741,#5742,#5743,#5744,#5745),(#5746,#5747,#5748,#5749,#5750,
#5751),(#5752,#5753,#5754,#5755,#5756,#5757),(#5758,#5759,#5760,#5761,#5762,
#5763)),.UNSPECIFIED.,.F.,.F.,.F.,(4,1,4),(4,1,1,4),(0.,0.571428571428571,
1.),(4.06210810651169E-16,0.420495399035771,0.840990798071542,1.4717338966252),
 .UNSPECIFIED.);
#373=B_SPLINE_SURFACE_WITH_KNOTS('',3,3,((#5773,#5774,#5775,#5776,#5777,
#5778),(#5779,#5780,#5781,#5782,#5783,#5784),(#5785,#5786,#5787,#5788,#5789,
#5790),(#5791,#5792,#5793,#5794,#5795,#5796),(#5797,#5798,#5799,#5800,#5801,
#5802)),.UNSPECIFIED.,.F.,.F.,.F.,(4,1,4),(4,1,1,4),(0.,0.571428571428571,
1.),(0.113036491115385,0.743686855822842,1.16412043229448,1.58455400876612),
 .UNSPECIFIED.);
#374=B_SPLINE_SURFACE_WITH_KNOTS('',3,3,((#5818,#5819,#5820,#5821),(#5822,
#5823,#5824,#5825),(#5826,#5827,#5828,#5829),(#5830,#5831,#5832,#5833),
(#5834,#5835,#5836,#5837)),.UNSPECIFIED.,.F.,.F.,.F.,(4,1,4),(4,4),(0.,
0.571428571428571,1.),(1.87787244828901E-14,0.959988232327915),
 .UNSPECIFIED.);
#375=B_SPLINE_SURFACE_WITH_KNOTS('',3,3,((#5853,#5854,#5855,#5856),(#5857,
#5858,#5859,#5860),(#5861,#5862,#5863,#5864),(#5865,#5866,#5867,#5868),
(#5869,#5870,#5871,#5872)),.UNSPECIFIED.,.F.,.F.,.F.,(4,1,4),(4,4),(0.,
0.571428571428571,1.),(0.835418347646142,1.79539462550278),
 .UNSPECIFIED.);
#376=B_SPLINE_SURFACE_WITH_KNOTS('',3,3,((#5884,#5885,#5886,#5887,#5888,
#5889),(#5890,#5891,#5892,#5893,#5894,#5895),(#5896,#5897,#5898,#5899,#5900,
#5901),(#5902,#5903,#5904,#5905,#5906,#5907),(#5908,#5909,#5910,#5911,#5912,
#5913)),.UNSPECIFIED.,.F.,.F.,.F.,(4,1,4),(4,1,1,4),(0.,0.571428571428571,
1.),(4.06210810651169E-16,0.420495399035771,0.840990798071542,1.4717338966252),
 .UNSPECIFIED.);
#377=B_SPLINE_SURFACE_WITH_KNOTS('',3,3,((#5929,#5930,#5931,#5932,#5933,
#5934),(#5935,#5936,#5937,#5938,#5939,#5940),(#5941,#5942,#5943,#5944,#5945,
#5946),(#5947,#5948,#5949,#5950,#5951,#5952),(#5953,#5954,#5955,#5956,#5957,
#5958)),.UNSPECIFIED.,.F.,.F.,.F.,(4,1,4),(4,1,1,4),(0.,0.571428571428571,
1.),(0.113036491115385,0.743686855822842,1.16412043229448,1.58455400876612),
 .UNSPECIFIED.);
#378=B_SPLINE_SURFACE_WITH_KNOTS('',3,3,((#5974,#5975,#5976,#5977),(#5978,
#5979,#5980,#5981),(#5982,#5983,#5984,#5985),(#5986,#5987,#5988,#5989),
(#5990,#5991,#5992,#5993)),.UNSPECIFIED.,.F.,.F.,.F.,(4,1,4),(4,4),(0.,
0.571428571428571,1.),(1.87787244828901E-14,0.959988232327915),
 .UNSPECIFIED.);
#379=B_SPLINE_SURFACE_WITH_KNOTS('',3,3,((#6009,#6010,#6011,#6012),(#6013,
#6014,#6015,#6016),(#6017,#6018,#6019,#6020),(#6021,#6022,#6023,#6024),
(#6025,#6026,#6027,#6028)),.UNSPECIFIED.,.F.,.F.,.F.,(4,1,4),(4,4),(0.,
0.571428571428571,1.),(0.835418347646142,1.79539462550278),
 .UNSPECIFIED.);
#380=B_SPLINE_SURFACE_WITH_KNOTS('',3,3,((#6035,#6036,#6037,#6038,#6039,
#6040),(#6041,#6042,#6043,#6044,#6045,#6046),(#6047,#6048,#6049,#6050,#6051,
#6052),(#6053,#6054,#6055,#6056,#6057,#6058),(#6059,#6060,#6061,#6062,#6063,
#6064)),.UNSPECIFIED.,.F.,.F.,.F.,(4,1,4),(4,1,1,4),(0.,0.571428571428571,
1.),(4.06210810651169E-16,0.420495399035771,0.840990798071542,1.4717338966252),
 .UNSPECIFIED.);
#381=B_SPLINE_SURFACE_WITH_KNOTS('',3,3,((#6074,#6075,#6076,#6077,#6078,
#6079),(#6080,#6081,#6082,#6083,#6084,#6085),(#6086,#6087,#6088,#6089,#6090,
#6091),(#6092,#6093,#6094,#6095,#6096,#6097),(#6098,#6099,#6100,#6101,#6102,
#6103)),.UNSPECIFIED.,.F.,.F.,.F.,(4,1,4),(4,1,1,4),(0.,0.571428571428571,
1.),(0.113036491115385,0.743686855822842,1.16412043229448,1.58455400876612),
 .UNSPECIFIED.);
#382=B_SPLINE_SURFACE_WITH_KNOTS('',3,3,((#6119,#6120,#6121,#6122),(#6123,
#6124,#6125,#6126),(#6127,#6128,#6129,#6130),(#6131,#6132,#6133,#6134),
(#6135,#6136,#6137,#6138)),.UNSPECIFIED.,.F.,.F.,.F.,(4,1,4),(4,4),(0.,
0.571428571428571,1.),(1.87787244828901E-14,0.959988232327915),
 .UNSPECIFIED.);
#383=B_SPLINE_SURFACE_WITH_KNOTS('',3,3,((#6154,#6155,#6156,#6157),(#6158,
#6159,#6160,#6161),(#6162,#6163,#6164,#6165),(#6166,#6167,#6168,#6169),
(#6170,#6171,#6172,#6173)),.UNSPECIFIED.,.F.,.F.,.F.,(4,1,4),(4,4),(0.,
0.571428571428571,1.),(0.835418347646142,1.79539462550278),
 .UNSPECIFIED.);
#384=B_SPLINE_SURFACE_WITH_KNOTS('',3,3,((#6180,#6181,#6182,#6183,#6184,
#6185),(#6186,#6187,#6188,#6189,#6190,#6191),(#6192,#6193,#6194,#6195,#6196,
#6197),(#6198,#6199,#6200,#6201,#6202,#6203),(#6204,#6205,#6206,#6207,#6208,
#6209)),.UNSPECIFIED.,.F.,.F.,.F.,(4,1,4),(4,1,1,4),(0.,0.571428571428571,
1.),(4.06210810651169E-16,0.420495399035771,0.840990798071542,1.4717338966252),
 .UNSPECIFIED.);
#385=B_SPLINE_SURFACE_WITH_KNOTS('',3,3,((#6219,#6220,#6221,#6222,#6223,
#6224),(#6225,#6226,#6227,#6228,#6229,#6230),(#6231,#6232,#6233,#6234,#6235,
#6236),(#6237,#6238,#6239,#6240,#6241,#6242),(#6243,#6244,#6245,#6246,#6247,
#6248)),.UNSPECIFIED.,.F.,.F.,.F.,(4,1,4),(4,1,1,4),(0.,0.571428571428571,
1.),(0.113036491115385,0.743686855822842,1.16412043229448,1.58455400876612),
 .UNSPECIFIED.);
#386=B_SPLINE_SURFACE_WITH_KNOTS('',3,3,((#6257,#6258,#6259,#6260),(#6261,
#6262,#6263,#6264),(#6265,#6266,#6267,#6268),(#6269,#6270,#6271,#6272),
(#6273,#6274,#6275,#6276)),.UNSPECIFIED.,.F.,.F.,.F.,(4,1,4),(4,4),(0.,
0.571428571428571,1.),(1.87787244828901E-14,0.959988232327915),
 .UNSPECIFIED.);
#387=B_SPLINE_SURFACE_WITH_KNOTS('',3,3,((#6288,#6289,#6290,#6291),(#6292,
#6293,#6294,#6295),(#6296,#6297,#6298,#6299),(#6300,#6301,#6302,#6303),
(#6304,#6305,#6306,#6307)),.UNSPECIFIED.,.F.,.F.,.F.,(4,1,4),(4,4),(0.,
0.571428571428571,1.),(0.835418347646142,1.79539462550278),
 .UNSPECIFIED.);
#388=B_SPLINE_SURFACE_WITH_KNOTS('',3,3,((#6319,#6320,#6321,#6322,#6323,
#6324),(#6325,#6326,#6327,#6328,#6329,#6330),(#6331,#6332,#6333,#6334,#6335,
#6336),(#6337,#6338,#6339,#6340,#6341,#6342),(#6343,#6344,#6345,#6346,#6347,
#6348)),.UNSPECIFIED.,.F.,.F.,.F.,(4,1,4),(4,1,1,4),(0.,0.571428571428571,
1.),(4.06210810651169E-16,0.420495399035771,0.840990798071542,1.4717338966252),
 .UNSPECIFIED.);
#389=B_SPLINE_SURFACE_WITH_KNOTS('',3,3,((#6364,#6365,#6366,#6367,#6368,
#6369),(#6370,#6371,#6372,#6373,#6374,#6375),(#6376,#6377,#6378,#6379,#6380,
#6381),(#6382,#6383,#6384,#6385,#6386,#6387),(#6388,#6389,#6390,#6391,#6392,
#6393)),.UNSPECIFIED.,.F.,.F.,.F.,(4,1,4),(4,1,1,4),(0.,0.571428571428571,
1.),(0.113036491115385,0.743686855822842,1.16412043229448,1.58455400876612),
 .UNSPECIFIED.);
#390=B_SPLINE_SURFACE_WITH_KNOTS('',3,3,((#6409,#6410,#6411,#6412),(#6413,
#6414,#6415,#6416),(#6417,#6418,#6419,#6420),(#6421,#6422,#6423,#6424),
(#6425,#6426,#6427,#6428)),.UNSPECIFIED.,.F.,.F.,.F.,(4,1,4),(4,4),(0.,
0.571428571428571,1.),(1.87787244828901E-14,0.959988232327915),
 .UNSPECIFIED.);
#391=B_SPLINE_SURFACE_WITH_KNOTS('',3,3,((#6444,#6445,#6446,#6447),(#6448,
#6449,#6450,#6451),(#6452,#6453,#6454,#6455),(#6456,#6457,#6458,#6459),
(#6460,#6461,#6462,#6463)),.UNSPECIFIED.,.F.,.F.,.F.,(4,1,4),(4,4),(0.,
0.571428571428571,1.),(0.835418347646142,1.79539462550278),
 .UNSPECIFIED.);
#392=B_SPLINE_SURFACE_WITH_KNOTS('',3,3,((#6470,#6471,#6472,#6473,#6474,
#6475),(#6476,#6477,#6478,#6479,#6480,#6481),(#6482,#6483,#6484,#6485,#6486,
#6487),(#6488,#6489,#6490,#6491,#6492,#6493),(#6494,#6495,#6496,#6497,#6498,
#6499)),.UNSPECIFIED.,.F.,.F.,.F.,(4,1,4),(4,1,1,4),(0.,0.571428571428571,
1.),(4.06210810651169E-16,0.420495399035771,0.840990798071542,1.4717338966252),
 .UNSPECIFIED.);
#393=B_SPLINE_SURFACE_WITH_KNOTS('',3,3,((#6509,#6510,#6511,#6512,#6513,
#6514),(#6515,#6516,#6517,#6518,#6519,#6520),(#6521,#6522,#6523,#6524,#6525,
#6526),(#6527,#6528,#6529,#6530,#6531,#6532),(#6533,#6534,#6535,#6536,#6537,
#6538)),.UNSPECIFIED.,.F.,.F.,.F.,(4,1,4),(4,1,1,4),(0.,0.571428571428571,
1.),(0.113036491115385,0.743686855822842,1.16412043229448,1.58455400876612),
 .UNSPECIFIED.);
#394=B_SPLINE_SURFACE_WITH_KNOTS('',3,3,((#6547,#6548,#6549,#6550),(#6551,
#6552,#6553,#6554),(#6555,#6556,#6557,#6558),(#6559,#6560,#6561,#6562),
(#6563,#6564,#6565,#6566)),.UNSPECIFIED.,.F.,.F.,.F.,(4,1,4),(4,4),(0.,
0.571428571428571,1.),(1.87787244828901E-14,0.959988232327915),
 .UNSPECIFIED.);
#395=B_SPLINE_SURFACE_WITH_KNOTS('',3,3,((#6578,#6579,#6580,#6581),(#6582,
#6583,#6584,#6585),(#6586,#6587,#6588,#6589),(#6590,#6591,#6592,#6593),
(#6594,#6595,#6596,#6597)),.UNSPECIFIED.,.F.,.F.,.F.,(4,1,4),(4,4),(0.,
0.571428571428571,1.),(0.835418347646142,1.79539462550278),
 .UNSPECIFIED.);
#396=B_SPLINE_SURFACE_WITH_KNOTS('',3,3,((#6604,#6605,#6606,#6607,#6608,
#6609),(#6610,#6611,#6612,#6613,#6614,#6615),(#6616,#6617,#6618,#6619,#6620,
#6621),(#6622,#6623,#6624,#6625,#6626,#6627),(#6628,#6629,#6630,#6631,#6632,
#6633)),.UNSPECIFIED.,.F.,.F.,.F.,(4,1,4),(4,1,1,4),(0.,0.571428571428571,
1.),(4.06210810651169E-16,0.420495399035771,0.840990798071542,1.4717338966252),
 .UNSPECIFIED.);
#397=B_SPLINE_SURFACE_WITH_KNOTS('',3,3,((#6643,#6644,#6645,#6646,#6647,
#6648),(#6649,#6650,#6651,#6652,#6653,#6654),(#6655,#6656,#6657,#6658,#6659,
#6660),(#6661,#6662,#6663,#6664,#6665,#6666),(#6667,#6668,#6669,#6670,#6671,
#6672)),.UNSPECIFIED.,.F.,.F.,.F.,(4,1,4),(4,1,1,4),(0.,0.571428571428571,
1.),(0.113036491115385,0.743686855822842,1.16412043229448,1.58455400876612),
 .UNSPECIFIED.);
#398=B_SPLINE_SURFACE_WITH_KNOTS('',3,3,((#6681,#6682,#6683,#6684),(#6685,
#6686,#6687,#6688),(#6689,#6690,#6691,#6692),(#6693,#6694,#6695,#6696),
(#6697,#6698,#6699,#6700)),.UNSPECIFIED.,.F.,.F.,.F.,(4,1,4),(4,4),(0.,
0.571428571428571,1.),(1.87787244828901E-14,0.959988232327915),
 .UNSPECIFIED.);
#399=B_SPLINE_SURFACE_WITH_KNOTS('',3,3,((#6712,#6713,#6714,#6715),(#6716,
#6717,#6718,#6719),(#6720,#6721,#6722,#6723),(#6724,#6725,#6726,#6727),
(#6728,#6729,#6730,#6731)),.UNSPECIFIED.,.F.,.F.,.F.,(4,1,4),(4,4),(0.,
0.571428571428571,1.),(0.835418347646142,1.79539462550278),
 .UNSPECIFIED.);
#400=B_SPLINE_SURFACE_WITH_KNOTS('',3,3,((#6743,#6744,#6745,#6746,#6747,
#6748),(#6749,#6750,#6751,#6752,#6753,#6754),(#6755,#6756,#6757,#6758,#6759,
#6760),(#6761,#6762,#6763,#6764,#6765,#6766),(#6767,#6768,#6769,#6770,#6771,
#6772)),.UNSPECIFIED.,.F.,.F.,.F.,(4,1,4),(4,1,1,4),(0.,0.571428571428571,
1.),(4.06210810651169E-16,0.420495399035771,0.840990798071542,1.4717338966252),
 .UNSPECIFIED.);
#401=B_SPLINE_SURFACE_WITH_KNOTS('',3,3,((#6793,#6794,#6795,#6796,#6797,
#6798),(#6799,#6800,#6801,#6802,#6803,#6804),(#6805,#6806,#6807,#6808,#6809,
#6810),(#6811,#6812,#6813,#6814,#6815,#6816),(#6817,#6818,#6819,#6820,#6821,
#6822)),.UNSPECIFIED.,.F.,.F.,.F.,(4,1,4),(4,1,1,4),(0.,0.571428571428571,
1.),(0.113036491115385,0.743686855822842,1.16412043229448,1.58455400876612),
 .UNSPECIFIED.);
#402=B_SPLINE_SURFACE_WITH_KNOTS('',3,3,((#6831,#6832,#6833,#6834),(#6835,
#6836,#6837,#6838),(#6839,#6840,#6841,#6842),(#6843,#6844,#6845,#6846),
(#6847,#6848,#6849,#6850)),.UNSPECIFIED.,.F.,.F.,.F.,(4,1,4),(4,4),(0.,
0.571428571428571,1.),(1.87787244828901E-14,0.959988232327915),
 .UNSPECIFIED.);
#403=B_SPLINE_SURFACE_WITH_KNOTS('',3,3,((#6862,#6863,#6864,#6865),(#6866,
#6867,#6868,#6869),(#6870,#6871,#6872,#6873),(#6874,#6875,#6876,#6877),
(#6878,#6879,#6880,#6881)),.UNSPECIFIED.,.F.,.F.,.F.,(4,1,4),(4,4),(0.,
0.571428571428571,1.),(0.835418347646142,1.79539462550278),
 .UNSPECIFIED.);
#404=B_SPLINE_SURFACE_WITH_KNOTS('',3,3,((#6893,#6894,#6895,#6896,#6897,
#6898),(#6899,#6900,#6901,#6902,#6903,#6904),(#6905,#6906,#6907,#6908,#6909,
#6910),(#6911,#6912,#6913,#6914,#6915,#6916),(#6917,#6918,#6919,#6920,#6921,
#6922)),.UNSPECIFIED.,.F.,.F.,.F.,(4,1,4),(4,1,1,4),(0.,0.571428571428571,
1.),(4.06210810651169E-16,0.420495399035771,0.840990798071542,1.4717338966252),
 .UNSPECIFIED.);
#405=B_SPLINE_SURFACE_WITH_KNOTS('',3,3,((#6938,#6939,#6940,#6941,#6942,
#6943),(#6944,#6945,#6946,#6947,#6948,#6949),(#6950,#6951,#6952,#6953,#6954,
#6955),(#6956,#6957,#6958,#6959,#6960,#6961),(#6962,#6963,#6964,#6965,#6966,
#6967)),.UNSPECIFIED.,.F.,.F.,.F.,(4,1,4),(4,1,1,4),(0.,0.571428571428571,
1.),(0.113036491115385,0.743686855822842,1.16412043229448,1.58455400876612),
 .UNSPECIFIED.);
#406=B_SPLINE_SURFACE_WITH_KNOTS('',3,3,((#6976,#6977,#6978,#6979),(#6980,
#6981,#6982,#6983),(#6984,#6985,#6986,#6987),(#6988,#6989,#6990,#6991),
(#6992,#6993,#6994,#6995)),.UNSPECIFIED.,.F.,.F.,.F.,(4,1,4),(4,4),(0.,
0.571428571428571,1.),(1.87787244828901E-14,0.959988232327915),
 .UNSPECIFIED.);
#407=B_SPLINE_SURFACE_WITH_KNOTS('',3,3,((#7007,#7008,#7009,#7010),(#7011,
#7012,#7013,#7014),(#7015,#7016,#7017,#7018),(#7019,#7020,#7021,#7022),
(#7023,#7024,#7025,#7026)),.UNSPECIFIED.,.F.,.F.,.F.,(4,1,4),(4,4),(0.,
0.571428571428571,1.),(0.835418347646142,1.79539462550278),
 .UNSPECIFIED.);
#408=B_SPLINE_SURFACE_WITH_KNOTS('',3,3,((#7038,#7039,#7040,#7041,#7042,
#7043),(#7044,#7045,#7046,#7047,#7048,#7049),(#7050,#7051,#7052,#7053,#7054,
#7055),(#7056,#7057,#7058,#7059,#7060,#7061),(#7062,#7063,#7064,#7065,#7066,
#7067)),.UNSPECIFIED.,.F.,.F.,.F.,(4,1,4),(4,1,1,4),(0.,0.571428571428571,
1.),(4.06210810651169E-16,0.420495399035771,0.840990798071542,1.4717338966252),
 .UNSPECIFIED.);
#409=B_SPLINE_SURFACE_WITH_KNOTS('',3,3,((#7083,#7084,#7085,#7086,#7087,
#7088),(#7089,#7090,#7091,#7092,#7093,#7094),(#7095,#7096,#7097,#7098,#7099,
#7100),(#7101,#7102,#7103,#7104,#7105,#7106),(#7107,#7108,#7109,#7110,#7111,
#7112)),.UNSPECIFIED.,.F.,.F.,.F.,(4,1,4),(4,1,1,4),(0.,0.571428571428571,
1.),(0.113036491115385,0.743686855822842,1.16412043229448,1.58455400876612),
 .UNSPECIFIED.);
#410=B_SPLINE_SURFACE_WITH_KNOTS('',3,3,((#7128,#7129,#7130,#7131),(#7132,
#7133,#7134,#7135),(#7136,#7137,#7138,#7139),(#7140,#7141,#7142,#7143),
(#7144,#7145,#7146,#7147)),.UNSPECIFIED.,.F.,.F.,.F.,(4,1,4),(4,4),(0.,
0.571428571428571,1.),(1.87787244828901E-14,0.959988232327915),
 .UNSPECIFIED.);
#411=B_SPLINE_SURFACE_WITH_KNOTS('',3,3,((#7163,#7164,#7165,#7166),(#7167,
#7168,#7169,#7170),(#7171,#7172,#7173,#7174),(#7175,#7176,#7177,#7178),
(#7179,#7180,#7181,#7182)),.UNSPECIFIED.,.F.,.F.,.F.,(4,1,4),(4,4),(0.,
0.571428571428571,1.),(0.835418347646142,1.79539462550278),
 .UNSPECIFIED.);
#412=B_SPLINE_SURFACE_WITH_KNOTS('',3,3,((#7189,#7190,#7191,#7192,#7193,
#7194),(#7195,#7196,#7197,#7198,#7199,#7200),(#7201,#7202,#7203,#7204,#7205,
#7206),(#7207,#7208,#7209,#7210,#7211,#7212),(#7213,#7214,#7215,#7216,#7217,
#7218)),.UNSPECIFIED.,.F.,.F.,.F.,(4,1,4),(4,1,1,4),(0.,0.571428571428571,
1.),(4.06210810651169E-16,0.420495399035771,0.840990798071542,1.4717338966252),
 .UNSPECIFIED.);
#413=B_SPLINE_SURFACE_WITH_KNOTS('',3,3,((#7228,#7229,#7230,#7231,#7232,
#7233),(#7234,#7235,#7236,#7237,#7238,#7239),(#7240,#7241,#7242,#7243,#7244,
#7245),(#7246,#7247,#7248,#7249,#7250,#7251),(#7252,#7253,#7254,#7255,#7256,
#7257)),.UNSPECIFIED.,.F.,.F.,.F.,(4,1,4),(4,1,1,4),(0.,0.571428571428571,
1.),(0.113036491115385,0.743686855822842,1.16412043229448,1.58455400876612),
 .UNSPECIFIED.);
#414=B_SPLINE_SURFACE_WITH_KNOTS('',3,3,((#7266,#7267,#7268,#7269),(#7270,
#7271,#7272,#7273),(#7274,#7275,#7276,#7277),(#7278,#7279,#7280,#7281),
(#7282,#7283,#7284,#7285)),.UNSPECIFIED.,.F.,.F.,.F.,(4,1,4),(4,4),(0.,
0.571428571428571,1.),(1.87787244828901E-14,0.959988232327915),
 .UNSPECIFIED.);
#415=B_SPLINE_SURFACE_WITH_KNOTS('',3,3,((#7297,#7298,#7299,#7300),(#7301,
#7302,#7303,#7304),(#7305,#7306,#7307,#7308),(#7309,#7310,#7311,#7312),
(#7313,#7314,#7315,#7316)),.UNSPECIFIED.,.F.,.F.,.F.,(4,1,4),(4,4),(0.,
0.571428571428571,1.),(0.835418347646142,1.79539462550278),
 .UNSPECIFIED.);
#416=B_SPLINE_SURFACE_WITH_KNOTS('',3,3,((#7323,#7324,#7325,#7326,#7327,
#7328),(#7329,#7330,#7331,#7332,#7333,#7334),(#7335,#7336,#7337,#7338,#7339,
#7340),(#7341,#7342,#7343,#7344,#7345,#7346),(#7347,#7348,#7349,#7350,#7351,
#7352)),.UNSPECIFIED.,.F.,.F.,.F.,(4,1,4),(4,1,1,4),(0.,0.571428571428571,
1.),(4.06210810651169E-16,0.420495399035771,0.840990798071542,1.4717338966252),
 .UNSPECIFIED.);
#417=B_SPLINE_SURFACE_WITH_KNOTS('',3,3,((#7362,#7363,#7364,#7365,#7366,
#7367),(#7368,#7369,#7370,#7371,#7372,#7373),(#7374,#7375,#7376,#7377,#7378,
#7379),(#7380,#7381,#7382,#7383,#7384,#7385),(#7386,#7387,#7388,#7389,#7390,
#7391)),.UNSPECIFIED.,.F.,.F.,.F.,(4,1,4),(4,1,1,4),(0.,0.571428571428571,
1.),(0.113036491115385,0.743686855822842,1.16412043229448,1.58455400876612),
 .UNSPECIFIED.);
#418=B_SPLINE_SURFACE_WITH_KNOTS('',3,3,((#7400,#7401,#7402,#7403),(#7404,
#7405,#7406,#7407),(#7408,#7409,#7410,#7411),(#7412,#7413,#7414,#7415),
(#7416,#7417,#7418,#7419)),.UNSPECIFIED.,.F.,.F.,.F.,(4,1,4),(4,4),(0.,
0.571428571428571,1.),(1.87787244828901E-14,0.959988232327915),
 .UNSPECIFIED.);
#419=B_SPLINE_SURFACE_WITH_KNOTS('',3,3,((#7431,#7432,#7433,#7434),(#7435,
#7436,#7437,#7438),(#7439,#7440,#7441,#7442),(#7443,#7444,#7445,#7446),
(#7447,#7448,#7449,#7450)),.UNSPECIFIED.,.F.,.F.,.F.,(4,1,4),(4,4),(0.,
0.571428571428571,1.),(0.835418347646142,1.79539462550278),
 .UNSPECIFIED.);
#420=B_SPLINE_SURFACE_WITH_KNOTS('',3,3,((#7462,#7463,#7464,#7465,#7466,
#7467),(#7468,#7469,#7470,#7471,#7472,#7473),(#7474,#7475,#7476,#7477,#7478,
#7479),(#7480,#7481,#7482,#7483,#7484,#7485),(#7486,#7487,#7488,#7489,#7490,
#7491)),.UNSPECIFIED.,.F.,.F.,.F.,(4,1,4),(4,1,1,4),(0.,0.571428571428571,
1.),(4.06210810651169E-16,0.420495399035771,0.840990798071542,1.4717338966252),
 .UNSPECIFIED.);
#421=B_SPLINE_SURFACE_WITH_KNOTS('',3,3,((#7507,#7508,#7509,#7510,#7511,
#7512),(#7513,#7514,#7515,#7516,#7517,#7518),(#7519,#7520,#7521,#7522,#7523,
#7524),(#7525,#7526,#7527,#7528,#7529,#7530),(#7531,#7532,#7533,#7534,#7535,
#7536)),.UNSPECIFIED.,.F.,.F.,.F.,(4,1,4),(4,1,1,4),(0.,0.571428571428571,
1.),(0.113036491115385,0.743686855822842,1.16412043229448,1.58455400876612),
 .UNSPECIFIED.);
#422=B_SPLINE_SURFACE_WITH_KNOTS('',3,3,((#7545,#7546,#7547,#7548),(#7549,
#7550,#7551,#7552),(#7553,#7554,#7555,#7556),(#7557,#7558,#7559,#7560),
(#7561,#7562,#7563,#7564)),.UNSPECIFIED.,.F.,.F.,.F.,(4,1,4),(4,4),(0.,
0.571428571428571,1.),(1.87787244828901E-14,0.959988232327915),
 .UNSPECIFIED.);
#423=B_SPLINE_SURFACE_WITH_KNOTS('',3,3,((#7576,#7577,#7578,#7579),(#7580,
#7581,#7582,#7583),(#7584,#7585,#7586,#7587),(#7588,#7589,#7590,#7591),
(#7592,#7593,#7594,#7595)),.UNSPECIFIED.,.F.,.F.,.F.,(4,1,4),(4,4),(0.,
0.571428571428571,1.),(0.835418347646142,1.79539462550278),
 .UNSPECIFIED.);
#424=B_SPLINE_SURFACE_WITH_KNOTS('',3,3,((#7602,#7603,#7604,#7605,#7606,
#7607),(#7608,#7609,#7610,#7611,#7612,#7613),(#7614,#7615,#7616,#7617,#7618,
#7619),(#7620,#7621,#7622,#7623,#7624,#7625),(#7626,#7627,#7628,#7629,#7630,
#7631)),.UNSPECIFIED.,.F.,.F.,.F.,(4,1,4),(4,1,1,4),(0.,0.571428571428571,
1.),(4.06210810651169E-16,0.420495399035771,0.840990798071542,1.4717338966252),
 .UNSPECIFIED.);
#425=B_SPLINE_SURFACE_WITH_KNOTS('',3,3,((#7641,#7642,#7643,#7644,#7645,
#7646),(#7647,#7648,#7649,#7650,#7651,#7652),(#7653,#7654,#7655,#7656,#7657,
#7658),(#7659,#7660,#7661,#7662,#7663,#7664),(#7665,#7666,#7667,#7668,#7669,
#7670)),.UNSPECIFIED.,.F.,.F.,.F.,(4,1,4),(4,1,1,4),(0.,0.571428571428571,
1.),(0.113036491115385,0.743686855822842,1.16412043229448,1.58455400876612),
 .UNSPECIFIED.);
#426=B_SPLINE_SURFACE_WITH_KNOTS('',3,3,((#7679,#7680,#7681,#7682),(#7683,
#7684,#7685,#7686),(#7687,#7688,#7689,#7690),(#7691,#7692,#7693,#7694),
(#7695,#7696,#7697,#7698)),.UNSPECIFIED.,.F.,.F.,.F.,(4,1,4),(4,4),(0.,
0.571428571428571,1.),(1.87787244828901E-14,0.959988232327915),
 .UNSPECIFIED.);
#427=B_SPLINE_SURFACE_WITH_KNOTS('',3,3,((#7710,#7711,#7712,#7713),(#7714,
#7715,#7716,#7717),(#7718,#7719,#7720,#7721),(#7722,#7723,#7724,#7725),
(#7726,#7727,#7728,#7729)),.UNSPECIFIED.,.F.,.F.,.F.,(4,1,4),(4,4),(0.,
0.571428571428571,1.),(0.835418347646142,1.79539462550278),
 .UNSPECIFIED.);
#428=B_SPLINE_SURFACE_WITH_KNOTS('',3,3,((#7736,#7737,#7738,#7739,#7740,
#7741),(#7742,#7743,#7744,#7745,#7746,#7747),(#7748,#7749,#7750,#7751,#7752,
#7753),(#7754,#7755,#7756,#7757,#7758,#7759),(#7760,#7761,#7762,#7763,#7764,
#7765)),.UNSPECIFIED.,.F.,.F.,.F.,(4,1,4),(4,1,1,4),(0.,0.571428571428571,
1.),(4.06210810651169E-16,0.420495399035771,0.840990798071542,1.4717338966252),
 .UNSPECIFIED.);
#429=B_SPLINE_SURFACE_WITH_KNOTS('',3,3,((#7775,#7776,#7777,#7778,#7779,
#7780),(#7781,#7782,#7783,#7784,#7785,#7786),(#7787,#7788,#7789,#7790,#7791,
#7792),(#7793,#7794,#7795,#7796,#7797,#7798),(#7799,#7800,#7801,#7802,#7803,
#7804)),.UNSPECIFIED.,.F.,.F.,.F.,(4,1,4),(4,1,1,4),(0.,0.571428571428571,
1.),(0.113036491115385,0.743686855822842,1.16412043229448,1.58455400876612),
 .UNSPECIFIED.);
#430=B_SPLINE_SURFACE_WITH_KNOTS('',3,3,((#7813,#7814,#7815,#7816),(#7817,
#7818,#7819,#7820),(#7821,#7822,#7823,#7824),(#7825,#7826,#7827,#7828),
(#7829,#7830,#7831,#7832)),.UNSPECIFIED.,.F.,.F.,.F.,(4,1,4),(4,4),(0.,
0.571428571428571,1.),(1.87787244828901E-14,0.959988232327915),
 .UNSPECIFIED.);
#431=B_SPLINE_SURFACE_WITH_KNOTS('',3,3,((#7844,#7845,#7846,#7847),(#7848,
#7849,#7850,#7851),(#7852,#7853,#7854,#7855),(#7856,#7857,#7858,#7859),
(#7860,#7861,#7862,#7863)),.UNSPECIFIED.,.F.,.F.,.F.,(4,1,4),(4,4),(0.,
0.571428571428571,1.),(0.835418347646142,1.79539462550278),
 .UNSPECIFIED.);
#432=B_SPLINE_SURFACE_WITH_KNOTS('',3,3,((#7870,#7871,#7872,#7873,#7874,
#7875),(#7876,#7877,#7878,#7879,#7880,#7881),(#7882,#7883,#7884,#7885,#7886,
#7887),(#7888,#7889,#7890,#7891,#7892,#7893),(#7894,#7895,#7896,#7897,#7898,
#7899)),.UNSPECIFIED.,.F.,.F.,.F.,(4,1,4),(4,1,1,4),(0.,0.571428571428571,
1.),(4.06210810651169E-16,0.420495399035771,0.840990798071542,1.4717338966252),
 .UNSPECIFIED.);
#433=FACE_OUTER_BOUND('',#582,.T.);
#434=FACE_OUTER_BOUND('',#583,.T.);
#435=FACE_OUTER_BOUND('',#584,.T.);
#436=FACE_OUTER_BOUND('',#585,.T.);
#437=FACE_OUTER_BOUND('',#586,.T.);
#438=FACE_OUTER_BOUND('',#587,.T.);
#439=FACE_OUTER_BOUND('',#588,.T.);
#440=FACE_OUTER_BOUND('',#589,.T.);
#441=FACE_OUTER_BOUND('',#590,.T.);
#442=FACE_OUTER_BOUND('',#592,.T.);
#443=FACE_OUTER_BOUND('',#593,.T.);
#444=FACE_OUTER_BOUND('',#594,.T.);
#445=FACE_OUTER_BOUND('',#595,.T.);
#446=FACE_OUTER_BOUND('',#596,.T.);
#447=FACE_OUTER_BOUND('',#597,.T.);
#448=FACE_OUTER_BOUND('',#598,.T.);
#449=FACE_OUTER_BOUND('',#599,.T.);
#450=FACE_OUTER_BOUND('',#600,.T.);
#451=FACE_OUTER_BOUND('',#601,.T.);
#452=FACE_OUTER_BOUND('',#602,.T.);
#453=FACE_OUTER_BOUND('',#603,.T.);
#454=FACE_OUTER_BOUND('',#604,.T.);
#455=FACE_OUTER_BOUND('',#605,.T.);
#456=FACE_OUTER_BOUND('',#606,.T.);
#457=FACE_OUTER_BOUND('',#607,.T.);
#458=FACE_OUTER_BOUND('',#608,.T.);
#459=FACE_OUTER_BOUND('',#609,.T.);
#460=FACE_OUTER_BOUND('',#610,.T.);
#461=FACE_OUTER_BOUND('',#611,.T.);
#462=FACE_OUTER_BOUND('',#612,.T.);
#463=FACE_OUTER_BOUND('',#613,.T.);
#464=FACE_OUTER_BOUND('',#614,.T.);
#465=FACE_OUTER_BOUND('',#615,.T.);
#466=FACE_OUTER_BOUND('',#616,.T.);
#467=FACE_OUTER_BOUND('',#617,.T.);
#468=FACE_OUTER_BOUND('',#618,.T.);
#469=FACE_OUTER_BOUND('',#619,.T.);
#470=FACE_OUTER_BOUND('',#620,.T.);
#471=FACE_OUTER_BOUND('',#621,.T.);
#472=FACE_OUTER_BOUND('',#622,.T.);
#473=FACE_OUTER_BOUND('',#623,.T.);
#474=FACE_OUTER_BOUND('',#624,.T.);
#475=FACE_OUTER_BOUND('',#625,.T.);
#476=FACE_OUTER_BOUND('',#626,.T.);
#477=FACE_OUTER_BOUND('',#627,.T.);
#478=FACE_OUTER_BOUND('',#628,.T.);
#479=FACE_OUTER_BOUND('',#629,.T.);
#480=FACE_OUTER_BOUND('',#630,.T.);
#481=FACE_OUTER_BOUND('',#631,.T.);
#482=FACE_OUTER_BOUND('',#632,.T.);
#483=FACE_OUTER_BOUND('',#633,.T.);
#484=FACE_OUTER_BOUND('',#634,.T.);
#485=FACE_OUTER_BOUND('',#635,.T.);
#486=FACE_OUTER_BOUND('',#636,.T.);
#487=FACE_OUTER_BOUND('',#637,.T.);
#488=FACE_OUTER_BOUND('',#638,.T.);
#489=FACE_OUTER_BOUND('',#639,.T.);
#490=FACE_OUTER_BOUND('',#640,.T.);
#491=FACE_OUTER_BOUND('',#641,.T.);
#492=FACE_OUTER_BOUND('',#642,.T.);
#493=FACE_OUTER_BOUND('',#643,.T.);
#494=FACE_OUTER_BOUND('',#644,.T.);
#495=FACE_OUTER_BOUND('',#645,.T.);
#496=FACE_OUTER_BOUND('',#646,.T.);
#497=FACE_OUTER_BOUND('',#647,.T.);
#498=FACE_OUTER_BOUND('',#648,.T.);
#499=FACE_OUTER_BOUND('',#649,.T.);
#500=FACE_OUTER_BOUND('',#650,.T.);
#501=FACE_OUTER_BOUND('',#651,.T.);
#502=FACE_OUTER_BOUND('',#652,.T.);
#503=FACE_OUTER_BOUND('',#653,.T.);
#504=FACE_OUTER_BOUND('',#654,.T.);
#505=FACE_OUTER_BOUND('',#655,.T.);
#506=FACE_OUTER_BOUND('',#656,.T.);
#507=FACE_OUTER_BOUND('',#657,.T.);
#508=FACE_OUTER_BOUND('',#658,.T.);
#509=FACE_OUTER_BOUND('',#659,.T.);
#510=FACE_OUTER_BOUND('',#660,.T.);
#511=FACE_OUTER_BOUND('',#661,.T.);
#512=FACE_OUTER_BOUND('',#662,.T.);
#513=FACE_OUTER_BOUND('',#663,.T.);
#514=FACE_OUTER_BOUND('',#664,.T.);
#515=FACE_OUTER_BOUND('',#665,.T.);
#516=FACE_OUTER_BOUND('',#666,.T.);
#517=FACE_OUTER_BOUND('',#667,.T.);
#518=FACE_OUTER_BOUND('',#668,.T.);
#519=FACE_OUTER_BOUND('',#669,.T.);
#520=FACE_OUTER_BOUND('',#670,.T.);
#521=FACE_OUTER_BOUND('',#671,.T.);
#522=FACE_OUTER_BOUND('',#672,.T.);
#523=FACE_OUTER_BOUND('',#673,.T.);
#524=FACE_OUTER_BOUND('',#674,.T.);
#525=FACE_OUTER_BOUND('',#675,.T.);
#526=FACE_OUTER_BOUND('',#676,.T.);
#527=FACE_OUTER_BOUND('',#677,.T.);
#528=FACE_OUTER_BOUND('',#678,.T.);
#529=FACE_OUTER_BOUND('',#679,.T.);
#530=FACE_OUTER_BOUND('',#680,.T.);
#531=FACE_OUTER_BOUND('',#681,.T.);
#532=FACE_OUTER_BOUND('',#682,.T.);
#533=FACE_OUTER_BOUND('',#684,.T.);
#534=FACE_OUTER_BOUND('',#685,.T.);
#535=FACE_OUTER_BOUND('',#686,.T.);
#536=FACE_OUTER_BOUND('',#687,.T.);
#537=FACE_OUTER_BOUND('',#688,.T.);
#538=FACE_OUTER_BOUND('',#689,.T.);
#539=FACE_OUTER_BOUND('',#690,.T.);
#540=FACE_OUTER_BOUND('',#691,.T.);
#541=FACE_OUTER_BOUND('',#692,.T.);
#542=FACE_OUTER_BOUND('',#693,.T.);
#543=FACE_OUTER_BOUND('',#694,.T.);
#544=FACE_OUTER_BOUND('',#695,.T.);
#545=FACE_OUTER_BOUND('',#696,.T.);
#546=FACE_OUTER_BOUND('',#697,.T.);
#547=FACE_OUTER_BOUND('',#698,.T.);
#548=FACE_OUTER_BOUND('',#699,.T.);
#549=FACE_OUTER_BOUND('',#700,.T.);
#550=FACE_OUTER_BOUND('',#701,.T.);
#551=FACE_OUTER_BOUND('',#702,.T.);
#552=FACE_OUTER_BOUND('',#703,.T.);
#553=FACE_OUTER_BOUND('',#704,.T.);
#554=FACE_OUTER_BOUND('',#705,.T.);
#555=FACE_OUTER_BOUND('',#706,.T.);
#556=FACE_OUTER_BOUND('',#707,.T.);
#557=FACE_OUTER_BOUND('',#708,.T.);
#558=FACE_OUTER_BOUND('',#709,.T.);
#559=FACE_OUTER_BOUND('',#710,.T.);
#560=FACE_OUTER_BOUND('',#711,.T.);
#561=FACE_OUTER_BOUND('',#712,.T.);
#562=FACE_OUTER_BOUND('',#713,.T.);
#563=FACE_OUTER_BOUND('',#714,.T.);
#564=FACE_OUTER_BOUND('',#715,.T.);
#565=FACE_OUTER_BOUND('',#716,.T.);
#566=FACE_OUTER_BOUND('',#717,.T.);
#567=FACE_OUTER_BOUND('',#718,.T.);
#568=FACE_OUTER_BOUND('',#719,.T.);
#569=FACE_OUTER_BOUND('',#720,.T.);
#570=FACE_OUTER_BOUND('',#721,.T.);
#571=FACE_OUTER_BOUND('',#722,.T.);
#572=FACE_OUTER_BOUND('',#723,.T.);
#573=FACE_OUTER_BOUND('',#724,.T.);
#574=FACE_OUTER_BOUND('',#725,.T.);
#575=FACE_OUTER_BOUND('',#726,.T.);
#576=FACE_OUTER_BOUND('',#727,.T.);
#577=FACE_OUTER_BOUND('',#728,.T.);
#578=FACE_OUTER_BOUND('',#729,.T.);
#579=FACE_OUTER_BOUND('',#730,.T.);
#580=FACE_OUTER_BOUND('',#731,.T.);
#581=FACE_OUTER_BOUND('',#732,.T.);
#582=EDGE_LOOP('',(#1425,#1426,#1427,#1428));
#583=EDGE_LOOP('',(#1429,#1430,#1431,#1432));
#584=EDGE_LOOP('',(#1433,#1434,#1435,#1436,#1437));
#585=EDGE_LOOP('',(#1438,#1439,#1440,#1441,#1442));
#586=EDGE_LOOP('',(#1443,#1444,#1445,#1446));
#587=EDGE_LOOP('',(#1447,#1448,#1449,#1450));
#588=EDGE_LOOP('',(#1451,#1452,#1453));
#589=EDGE_LOOP('',(#1454,#1455,#1456,#1457,#1458,#1459,#1460,#1461,#1462,
#1463,#1464,#1465,#1466,#1467,#1468,#1469,#1470,#1471,#1472,#1473,#1474,
#1475,#1476,#1477,#1478,#1479,#1480,#1481,#1482,#1483,#1484,#1485,#1486,
#1487,#1488,#1489,#1490,#1491,#1492,#1493,#1494,#1495,#1496,#1497,#1498,
#1499,#1500,#1501,#1502,#1503,#1504));
#590=EDGE_LOOP('',(#1505,#1506,#1507,#1508,#1509,#1510,#1511,#1512,#1513,
#1514,#1515,#1516,#1517,#1518,#1519,#1520,#1521,#1522,#1523,#1524,#1525,
#1526,#1527,#1528,#1529,#1530,#1531,#1532,#1533,#1534,#1535,#1536,#1537,
#1538,#1539,#1540,#1541,#1542,#1543,#1544,#1545,#1546,#1547,#1548,#1549,
#1550,#1551,#1552,#1553,#1554,#1555,#1556,#1557,#1558,#1559,#1560,#1561,
#1562,#1563,#1564,#1565,#1566,#1567,#1568,#1569,#1570,#1571,#1572,#1573,
#1574,#1575,#1576));
#591=EDGE_LOOP('',(#1577));
#592=EDGE_LOOP('',(#1578,#1579,#1580,#1581));
#593=EDGE_LOOP('',(#1582,#1583,#1584,#1585,#1586));
#594=EDGE_LOOP('',(#1587,#1588,#1589,#1590,#1591));
#595=EDGE_LOOP('',(#1592,#1593,#1594,#1595));
#596=EDGE_LOOP('',(#1596,#1597,#1598,#1599));
#597=EDGE_LOOP('',(#1600,#1601,#1602));
#598=EDGE_LOOP('',(#1603,#1604,#1605,#1606));
#599=EDGE_LOOP('',(#1607,#1608,#1609,#1610,#1611));
#600=EDGE_LOOP('',(#1612,#1613,#1614,#1615,#1616));
#601=EDGE_LOOP('',(#1617,#1618,#1619,#1620));
#602=EDGE_LOOP('',(#1621,#1622,#1623,#1624));
#603=EDGE_LOOP('',(#1625,#1626,#1627));
#604=EDGE_LOOP('',(#1628,#1629,#1630,#1631));
#605=EDGE_LOOP('',(#1632,#1633,#1634,#1635,#1636));
#606=EDGE_LOOP('',(#1637,#1638,#1639,#1640,#1641));
#607=EDGE_LOOP('',(#1642,#1643,#1644,#1645));
#608=EDGE_LOOP('',(#1646,#1647,#1648,#1649));
#609=EDGE_LOOP('',(#1650,#1651,#1652));
#610=EDGE_LOOP('',(#1653,#1654,#1655,#1656));
#611=EDGE_LOOP('',(#1657,#1658,#1659,#1660,#1661));
#612=EDGE_LOOP('',(#1662,#1663,#1664,#1665,#1666));
#613=EDGE_LOOP('',(#1667,#1668,#1669,#1670));
#614=EDGE_LOOP('',(#1671,#1672,#1673,#1674));
#615=EDGE_LOOP('',(#1675,#1676,#1677));
#616=EDGE_LOOP('',(#1678,#1679,#1680,#1681));
#617=EDGE_LOOP('',(#1682,#1683,#1684,#1685,#1686));
#618=EDGE_LOOP('',(#1687,#1688,#1689,#1690,#1691));
#619=EDGE_LOOP('',(#1692,#1693,#1694,#1695));
#620=EDGE_LOOP('',(#1696,#1697,#1698,#1699));
#621=EDGE_LOOP('',(#1700,#1701,#1702));
#622=EDGE_LOOP('',(#1703,#1704,#1705,#1706));
#623=EDGE_LOOP('',(#1707,#1708,#1709,#1710,#1711));
#624=EDGE_LOOP('',(#1712,#1713,#1714,#1715,#1716));
#625=EDGE_LOOP('',(#1717,#1718,#1719,#1720));
#626=EDGE_LOOP('',(#1721,#1722,#1723,#1724));
#627=EDGE_LOOP('',(#1725,#1726,#1727));
#628=EDGE_LOOP('',(#1728,#1729,#1730,#1731));
#629=EDGE_LOOP('',(#1732,#1733,#1734,#1735,#1736));
#630=EDGE_LOOP('',(#1737,#1738,#1739,#1740,#1741));
#631=EDGE_LOOP('',(#1742,#1743,#1744,#1745));
#632=EDGE_LOOP('',(#1746,#1747,#1748,#1749));
#633=EDGE_LOOP('',(#1750,#1751,#1752));
#634=EDGE_LOOP('',(#1753,#1754,#1755,#1756));
#635=EDGE_LOOP('',(#1757,#1758,#1759,#1760,#1761));
#636=EDGE_LOOP('',(#1762,#1763,#1764,#1765,#1766));
#637=EDGE_LOOP('',(#1767,#1768,#1769,#1770));
#638=EDGE_LOOP('',(#1771,#1772,#1773,#1774));
#639=EDGE_LOOP('',(#1775,#1776,#1777));
#640=EDGE_LOOP('',(#1778,#1779,#1780,#1781));
#641=EDGE_LOOP('',(#1782,#1783,#1784,#1785,#1786));
#642=EDGE_LOOP('',(#1787,#1788,#1789,#1790,#1791));
#643=EDGE_LOOP('',(#1792,#1793,#1794,#1795));
#644=EDGE_LOOP('',(#1796,#1797,#1798,#1799));
#645=EDGE_LOOP('',(#1800,#1801,#1802));
#646=EDGE_LOOP('',(#1803,#1804,#1805,#1806));
#647=EDGE_LOOP('',(#1807,#1808,#1809,#1810,#1811));
#648=EDGE_LOOP('',(#1812,#1813,#1814,#1815,#1816));
#649=EDGE_LOOP('',(#1817,#1818,#1819,#1820));
#650=EDGE_LOOP('',(#1821,#1822,#1823,#1824));
#651=EDGE_LOOP('',(#1825,#1826,#1827));
#652=EDGE_LOOP('',(#1828,#1829,#1830,#1831));
#653=EDGE_LOOP('',(#1832,#1833,#1834,#1835,#1836));
#654=EDGE_LOOP('',(#1837,#1838,#1839,#1840,#1841));
#655=EDGE_LOOP('',(#1842,#1843,#1844,#1845));
#656=EDGE_LOOP('',(#1846,#1847,#1848,#1849));
#657=EDGE_LOOP('',(#1850,#1851,#1852));
#658=EDGE_LOOP('',(#1853,#1854,#1855,#1856));
#659=EDGE_LOOP('',(#1857,#1858,#1859,#1860,#1861));
#660=EDGE_LOOP('',(#1862,#1863,#1864,#1865,#1866));
#661=EDGE_LOOP('',(#1867,#1868,#1869,#1870));
#662=EDGE_LOOP('',(#1871,#1872,#1873,#1874));
#663=EDGE_LOOP('',(#1875,#1876,#1877));
#664=EDGE_LOOP('',(#1878,#1879,#1880,#1881));
#665=EDGE_LOOP('',(#1882,#1883,#1884,#1885,#1886));
#666=EDGE_LOOP('',(#1887,#1888,#1889,#1890,#1891));
#667=EDGE_LOOP('',(#1892,#1893,#1894,#1895));
#668=EDGE_LOOP('',(#1896,#1897,#1898,#1899));
#669=EDGE_LOOP('',(#1900,#1901,#1902));
#670=EDGE_LOOP('',(#1903,#1904,#1905,#1906));
#671=EDGE_LOOP('',(#1907,#1908,#1909,#1910,#1911));
#672=EDGE_LOOP('',(#1912,#1913,#1914,#1915,#1916));
#673=EDGE_LOOP('',(#1917,#1918,#1919,#1920));
#674=EDGE_LOOP('',(#1921,#1922,#1923,#1924));
#675=EDGE_LOOP('',(#1925,#1926,#1927));
#676=EDGE_LOOP('',(#1928,#1929,#1930,#1931));
#677=EDGE_LOOP('',(#1932,#1933,#1934,#1935,#1936));
#678=EDGE_LOOP('',(#1937,#1938,#1939,#1940,#1941));
#679=EDGE_LOOP('',(#1942,#1943,#1944,#1945));
#680=EDGE_LOOP('',(#1946,#1947,#1948,#1949));
#681=EDGE_LOOP('',(#1950,#1951,#1952));
#682=EDGE_LOOP('',(#1953));
#683=EDGE_LOOP('',(#1954));
#684=EDGE_LOOP('',(#1955,#1956,#1957,#1958));
#685=EDGE_LOOP('',(#1959,#1960,#1961,#1962));
#686=EDGE_LOOP('',(#1963,#1964,#1965,#1966,#1967));
#687=EDGE_LOOP('',(#1968,#1969,#1970,#1971,#1972));
#688=EDGE_LOOP('',(#1973,#1974,#1975,#1976));
#689=EDGE_LOOP('',(#1977,#1978,#1979,#1980));
#690=EDGE_LOOP('',(#1981,#1982,#1983));
#691=EDGE_LOOP('',(#1984,#1985,#1986,#1987));
#692=EDGE_LOOP('',(#1988,#1989,#1990,#1991,#1992));
#693=EDGE_LOOP('',(#1993,#1994,#1995,#1996,#1997));
#694=EDGE_LOOP('',(#1998,#1999,#2000,#2001));
#695=EDGE_LOOP('',(#2002,#2003,#2004,#2005));
#696=EDGE_LOOP('',(#2006,#2007,#2008));
#697=EDGE_LOOP('',(#2009,#2010,#2011,#2012));
#698=EDGE_LOOP('',(#2013,#2014,#2015,#2016,#2017));
#699=EDGE_LOOP('',(#2018,#2019,#2020,#2021,#2022));
#700=EDGE_LOOP('',(#2023,#2024,#2025,#2026));
#701=EDGE_LOOP('',(#2027,#2028,#2029,#2030));
#702=EDGE_LOOP('',(#2031,#2032,#2033));
#703=EDGE_LOOP('',(#2034,#2035,#2036,#2037));
#704=EDGE_LOOP('',(#2038,#2039,#2040,#2041,#2042));
#705=EDGE_LOOP('',(#2043,#2044,#2045,#2046,#2047));
#706=EDGE_LOOP('',(#2048,#2049,#2050,#2051));
#707=EDGE_LOOP('',(#2052,#2053,#2054,#2055));
#708=EDGE_LOOP('',(#2056,#2057,#2058));
#709=EDGE_LOOP('',(#2059,#2060,#2061,#2062));
#710=EDGE_LOOP('',(#2063,#2064,#2065,#2066,#2067));
#711=EDGE_LOOP('',(#2068,#2069,#2070,#2071,#2072));
#712=EDGE_LOOP('',(#2073,#2074,#2075,#2076));
#713=EDGE_LOOP('',(#2077,#2078,#2079,#2080));
#714=EDGE_LOOP('',(#2081,#2082,#2083));
#715=EDGE_LOOP('',(#2084,#2085,#2086,#2087));
#716=EDGE_LOOP('',(#2088,#2089,#2090,#2091,#2092));
#717=EDGE_LOOP('',(#2093,#2094,#2095,#2096,#2097));
#718=EDGE_LOOP('',(#2098,#2099,#2100,#2101));
#719=EDGE_LOOP('',(#2102,#2103,#2104,#2105));
#720=EDGE_LOOP('',(#2106,#2107,#2108));
#721=EDGE_LOOP('',(#2109,#2110,#2111,#2112));
#722=EDGE_LOOP('',(#2113,#2114,#2115,#2116,#2117));
#723=EDGE_LOOP('',(#2118,#2119,#2120,#2121,#2122));
#724=EDGE_LOOP('',(#2123,#2124,#2125,#2126));
#725=EDGE_LOOP('',(#2127,#2128,#2129,#2130));
#726=EDGE_LOOP('',(#2131,#2132,#2133));
#727=EDGE_LOOP('',(#2134,#2135,#2136,#2137));
#728=EDGE_LOOP('',(#2138,#2139,#2140,#2141,#2142));
#729=EDGE_LOOP('',(#2143,#2144,#2145,#2146,#2147));
#730=EDGE_LOOP('',(#2148,#2149,#2150,#2151));
#731=EDGE_LOOP('',(#2152,#2153,#2154,#2155));
#732=EDGE_LOOP('',(#2156,#2157,#2158));
#733=LINE('',#2801,#735);
#734=LINE('',#6792,#736);
#735=VECTOR('',#2487,1.05);
#736=VECTOR('',#2712,2.86875);
#737=CIRCLE('',#2325,1.05);
#738=CIRCLE('',#2326,1.05);
#739=CIRCLE('',#2327,1.8130514643109);
#740=CIRCLE('',#2328,1.81305146431071);
#741=CIRCLE('',#2330,29.0522186547262);
#742=CIRCLE('',#2331,14.5261093273625);
#743=CIRCLE('',#2334,3.18749999999999);
#744=CIRCLE('',#2335,6.49767036544752);
#745=CIRCLE('',#2337,29.0522186547262);
#746=CIRCLE('',#2338,29.0522186547262);
#747=CIRCLE('',#2339,29.0522186547262);
#748=CIRCLE('',#2340,29.0522186547262);
#749=CIRCLE('',#2341,29.0522186547262);
#750=CIRCLE('',#2342,29.0522186547262);
#751=CIRCLE('',#2343,29.0522186547262);
#752=CIRCLE('',#2344,29.0522186547262);
#753=CIRCLE('',#2345,29.0522186547262);
#754=CIRCLE('',#2346,29.0522186547262);
#755=CIRCLE('',#2347,29.0522186547262);
#756=CIRCLE('',#2348,29.0522186547262);
#757=CIRCLE('',#2349,29.0522186547262);
#758=CIRCLE('',#2350,29.0522186547262);
#759=CIRCLE('',#2351,29.0522186547262);
#760=CIRCLE('',#2352,29.0522186547262);
#761=CIRCLE('',#2353,29.0522186547262);
#762=CIRCLE('',#2354,29.0522186547262);
#763=CIRCLE('',#2355,29.0522186547262);
#764=CIRCLE('',#2356,29.0522186547262);
#765=CIRCLE('',#2357,29.0522186547262);
#766=CIRCLE('',#2358,29.0522186547262);
#767=CIRCLE('',#2359,29.0522186547262);
#768=CIRCLE('',#2360,1.8130514643109);
#769=CIRCLE('',#2361,1.81305146431071);
#770=CIRCLE('',#2363,14.5261093273625);
#771=CIRCLE('',#2365,1.8130514643109);
#772=CIRCLE('',#2366,1.81305146431071);
#773=CIRCLE('',#2368,14.5261093273625);
#774=CIRCLE('',#2370,1.8130514643109);
#775=CIRCLE('',#2371,1.81305146431071);
#776=CIRCLE('',#2373,14.5261093273625);
#777=CIRCLE('',#2375,1.8130514643109);
#778=CIRCLE('',#2376,1.81305146431071);
#779=CIRCLE('',#2378,14.5261093273625);
#780=CIRCLE('',#2380,1.8130514643109);
#781=CIRCLE('',#2381,1.81305146431071);
#782=CIRCLE('',#2383,14.5261093273625);
#783=CIRCLE('',#2385,1.8130514643109);
#784=CIRCLE('',#2386,1.81305146431071);
#785=CIRCLE('',#2388,14.5261093273625);
#786=CIRCLE('',#2390,1.8130514643109);
#787=CIRCLE('',#2391,1.81305146431071);
#788=CIRCLE('',#2393,14.5261093273625);
#789=CIRCLE('',#2395,1.8130514643109);
#790=CIRCLE('',#2396,1.81305146431071);
#791=CIRCLE('',#2398,14.5261093273625);
#792=CIRCLE('',#2400,1.8130514643109);
#793=CIRCLE('',#2401,1.81305146431071);
#794=CIRCLE('',#2403,14.5261093273625);
#795=CIRCLE('',#2405,1.8130514643109);
#796=CIRCLE('',#2406,1.81305146431071);
#797=CIRCLE('',#2408,14.5261093273625);
#798=CIRCLE('',#2410,1.8130514643109);
#799=CIRCLE('',#2411,1.81305146431071);
#800=CIRCLE('',#2413,14.5261093273625);
#801=CIRCLE('',#2415,1.8130514643109);
#802=CIRCLE('',#2416,1.81305146431071);
#803=CIRCLE('',#2418,14.5261093273625);
#804=CIRCLE('',#2420,1.8130514643109);
#805=CIRCLE('',#2421,1.81305146431071);
#806=CIRCLE('',#2423,14.5261093273625);
#807=CIRCLE('',#2425,1.8130514643109);
#808=CIRCLE('',#2426,1.81305146431071);
#809=CIRCLE('',#2428,14.5261093273625);
#810=CIRCLE('',#2430,1.8130514643109);
#811=CIRCLE('',#2431,1.81305146431071);
#812=CIRCLE('',#2433,14.5261093273625);
#813=CIRCLE('',#2436,2.55);
#814=CIRCLE('',#2438,1.8130514643109);
#815=CIRCLE('',#2439,1.81305146431071);
#816=CIRCLE('',#2441,14.5261093273625);
#817=CIRCLE('',#2443,1.8130514643109);
#818=CIRCLE('',#2444,1.81305146431071);
#819=CIRCLE('',#2446,14.5261093273625);
#820=CIRCLE('',#2448,1.8130514643109);
#821=CIRCLE('',#2449,1.81305146431071);
#822=CIRCLE('',#2451,14.5261093273625);
#823=CIRCLE('',#2453,1.8130514643109);
#824=CIRCLE('',#2454,1.81305146431071);
#825=CIRCLE('',#2456,14.5261093273625);
#826=CIRCLE('',#2458,1.8130514643109);
#827=CIRCLE('',#2459,1.81305146431071);
#828=CIRCLE('',#2461,14.5261093273625);
#829=CIRCLE('',#2463,1.8130514643109);
#830=CIRCLE('',#2464,1.81305146431071);
#831=CIRCLE('',#2466,14.5261093273625);
#832=CIRCLE('',#2468,1.8130514643109);
#833=CIRCLE('',#2469,1.81305146431071);
#834=CIRCLE('',#2471,14.5261093273625);
#835=CIRCLE('',#2473,1.8130514643109);
#836=CIRCLE('',#2474,1.81305146431071);
#837=CIRCLE('',#2476,14.5261093273625);
#838=VERTEX_POINT('',#2798);
#839=VERTEX_POINT('',#2800);
#840=VERTEX_POINT('',#2833);
#841=VERTEX_POINT('',#2834);
#842=VERTEX_POINT('',#2847);
#843=VERTEX_POINT('',#2854);
#844=VERTEX_POINT('',#2882);
#845=VERTEX_POINT('',#2883);
#846=VERTEX_POINT('',#2925);
#847=VERTEX_POINT('',#2956);
#848=VERTEX_POINT('',#2961);
#849=VERTEX_POINT('',#2963);
#850=VERTEX_POINT('',#3008);
#851=VERTEX_POINT('',#3009);
#852=VERTEX_POINT('',#3039);
#853=VERTEX_POINT('',#3041);
#854=VERTEX_POINT('',#3043);
#855=VERTEX_POINT('',#3052);
#856=VERTEX_POINT('',#3063);
#857=VERTEX_POINT('',#3072);
#858=VERTEX_POINT('',#3083);
#859=VERTEX_POINT('',#3092);
#860=VERTEX_POINT('',#3130);
#861=VERTEX_POINT('',#3141);
#862=VERTEX_POINT('',#3179);
#863=VERTEX_POINT('',#3190);
#864=VERTEX_POINT('',#3228);
#865=VERTEX_POINT('',#3239);
#866=VERTEX_POINT('',#3287);
#867=VERTEX_POINT('',#3298);
#868=VERTEX_POINT('',#3307);
#869=VERTEX_POINT('',#3318);
#870=VERTEX_POINT('',#3327);
#871=VERTEX_POINT('',#3365);
#872=VERTEX_POINT('',#3376);
#873=VERTEX_POINT('',#3387);
#874=VERTEX_POINT('',#3396);
#875=VERTEX_POINT('',#3407);
#876=VERTEX_POINT('',#3416);
#877=VERTEX_POINT('',#3454);
#878=VERTEX_POINT('',#3465);
#879=VERTEX_POINT('',#3503);
#880=VERTEX_POINT('',#3514);
#881=VERTEX_POINT('',#3552);
#882=VERTEX_POINT('',#3563);
#883=VERTEX_POINT('',#3601);
#884=VERTEX_POINT('',#3612);
#885=VERTEX_POINT('',#3650);
#886=VERTEX_POINT('',#3661);
#887=VERTEX_POINT('',#3672);
#888=VERTEX_POINT('',#3681);
#889=VERTEX_POINT('',#3719);
#890=VERTEX_POINT('',#3730);
#891=VERTEX_POINT('',#3768);
#892=VERTEX_POINT('',#3779);
#893=VERTEX_POINT('',#3817);
#894=VERTEX_POINT('',#3828);
#895=VERTEX_POINT('',#3866);
#896=VERTEX_POINT('',#3877);
#897=VERTEX_POINT('',#3915);
#898=VERTEX_POINT('',#3937);
#899=VERTEX_POINT('',#3950);
#900=VERTEX_POINT('',#3952);
#901=VERTEX_POINT('',#3965);
#902=VERTEX_POINT('',#3978);
#903=VERTEX_POINT('',#3980);
#904=VERTEX_POINT('',#3993);
#905=VERTEX_POINT('',#4006);
#906=VERTEX_POINT('',#4008);
#907=VERTEX_POINT('',#4021);
#908=VERTEX_POINT('',#4034);
#909=VERTEX_POINT('',#4036);
#910=VERTEX_POINT('',#4049);
#911=VERTEX_POINT('',#4062);
#912=VERTEX_POINT('',#4064);
#913=VERTEX_POINT('',#4077);
#914=VERTEX_POINT('',#4090);
#915=VERTEX_POINT('',#4092);
#916=VERTEX_POINT('',#4105);
#917=VERTEX_POINT('',#4118);
#918=VERTEX_POINT('',#4120);
#919=VERTEX_POINT('',#4133);
#920=VERTEX_POINT('',#4146);
#921=VERTEX_POINT('',#4148);
#922=VERTEX_POINT('',#4161);
#923=VERTEX_POINT('',#4174);
#924=VERTEX_POINT('',#4176);
#925=VERTEX_POINT('',#4189);
#926=VERTEX_POINT('',#4202);
#927=VERTEX_POINT('',#4204);
#928=VERTEX_POINT('',#4217);
#929=VERTEX_POINT('',#4230);
#930=VERTEX_POINT('',#4232);
#931=VERTEX_POINT('',#4245);
#932=VERTEX_POINT('',#4258);
#933=VERTEX_POINT('',#4260);
#934=VERTEX_POINT('',#4273);
#935=VERTEX_POINT('',#4286);
#936=VERTEX_POINT('',#4288);
#937=VERTEX_POINT('',#4301);
#938=VERTEX_POINT('',#4314);
#939=VERTEX_POINT('',#4316);
#940=VERTEX_POINT('',#4329);
#941=VERTEX_POINT('',#4342);
#942=VERTEX_POINT('',#4344);
#943=VERTEX_POINT('',#4357);
#944=VERTEX_POINT('',#4370);
#945=VERTEX_POINT('',#4372);
#946=VERTEX_POINT('',#4385);
#947=VERTEX_POINT('',#4398);
#948=VERTEX_POINT('',#4400);
#949=VERTEX_POINT('',#4413);
#950=VERTEX_POINT('',#4426);
#951=VERTEX_POINT('',#4428);
#952=VERTEX_POINT('',#4441);
#953=VERTEX_POINT('',#4454);
#954=VERTEX_POINT('',#4456);
#955=VERTEX_POINT('',#4469);
#956=VERTEX_POINT('',#4482);
#957=VERTEX_POINT('',#4484);
#958=VERTEX_POINT('',#4497);
#959=VERTEX_POINT('',#4510);
#960=VERTEX_POINT('',#4512);
#961=VERTEX_POINT('',#4525);
#962=VERTEX_POINT('',#4538);
#963=VERTEX_POINT('',#4540);
#964=VERTEX_POINT('',#4553);
#965=VERTEX_POINT('',#4566);
#966=VERTEX_POINT('',#4610);
#967=VERTEX_POINT('',#4617);
#968=VERTEX_POINT('',#4649);
#969=VERTEX_POINT('',#4680);
#970=VERTEX_POINT('',#4685);
#971=VERTEX_POINT('',#4766);
#972=VERTEX_POINT('',#4794);
#973=VERTEX_POINT('',#4825);
#974=VERTEX_POINT('',#4830);
#975=VERTEX_POINT('',#4911);
#976=VERTEX_POINT('',#4918);
#977=VERTEX_POINT('',#4950);
#978=VERTEX_POINT('',#4981);
#979=VERTEX_POINT('',#4986);
#980=VERTEX_POINT('',#5067);
#981=VERTEX_POINT('',#5074);
#982=VERTEX_POINT('',#5106);
#983=VERTEX_POINT('',#5137);
#984=VERTEX_POINT('',#5212);
#985=VERTEX_POINT('',#5240);
#986=VERTEX_POINT('',#5271);
#987=VERTEX_POINT('',#5346);
#988=VERTEX_POINT('',#5353);
#989=VERTEX_POINT('',#5385);
#990=VERTEX_POINT('',#5416);
#991=VERTEX_POINT('',#5421);
#992=VERTEX_POINT('',#5502);
#993=VERTEX_POINT('',#5509);
#994=VERTEX_POINT('',#5541);
#995=VERTEX_POINT('',#5572);
#996=VERTEX_POINT('',#5577);
#997=VERTEX_POINT('',#5658);
#998=VERTEX_POINT('',#5665);
#999=VERTEX_POINT('',#5697);
#1000=VERTEX_POINT('',#5728);
#1001=VERTEX_POINT('',#5803);
#1002=VERTEX_POINT('',#5810);
#1003=VERTEX_POINT('',#5842);
#1004=VERTEX_POINT('',#5873);
#1005=VERTEX_POINT('',#5878);
#1006=VERTEX_POINT('',#5959);
#1007=VERTEX_POINT('',#5966);
#1008=VERTEX_POINT('',#5998);
#1009=VERTEX_POINT('',#6029);
#1010=VERTEX_POINT('',#6104);
#1011=VERTEX_POINT('',#6111);
#1012=VERTEX_POINT('',#6143);
#1013=VERTEX_POINT('',#6174);
#1014=VERTEX_POINT('',#6249);
#1015=VERTEX_POINT('',#6277);
#1016=VERTEX_POINT('',#6308);
#1017=VERTEX_POINT('',#6313);
#1018=VERTEX_POINT('',#6394);
#1019=VERTEX_POINT('',#6401);
#1020=VERTEX_POINT('',#6433);
#1021=VERTEX_POINT('',#6464);
#1022=VERTEX_POINT('',#6539);
#1023=VERTEX_POINT('',#6567);
#1024=VERTEX_POINT('',#6598);
#1025=VERTEX_POINT('',#6673);
#1026=VERTEX_POINT('',#6701);
#1027=VERTEX_POINT('',#6732);
#1028=VERTEX_POINT('',#6737);
#1029=VERTEX_POINT('',#6789);
#1030=VERTEX_POINT('',#6823);
#1031=VERTEX_POINT('',#6851);
#1032=VERTEX_POINT('',#6882);
#1033=VERTEX_POINT('',#6887);
#1034=VERTEX_POINT('',#6968);
#1035=VERTEX_POINT('',#6996);
#1036=VERTEX_POINT('',#7027);
#1037=VERTEX_POINT('',#7032);
#1038=VERTEX_POINT('',#7113);
#1039=VERTEX_POINT('',#7120);
#1040=VERTEX_POINT('',#7152);
#1041=VERTEX_POINT('',#7183);
#1042=VERTEX_POINT('',#7258);
#1043=VERTEX_POINT('',#7286);
#1044=VERTEX_POINT('',#7317);
#1045=VERTEX_POINT('',#7392);
#1046=VERTEX_POINT('',#7420);
#1047=VERTEX_POINT('',#7451);
#1048=VERTEX_POINT('',#7456);
#1049=VERTEX_POINT('',#7537);
#1050=VERTEX_POINT('',#7565);
#1051=VERTEX_POINT('',#7596);
#1052=VERTEX_POINT('',#7671);
#1053=VERTEX_POINT('',#7699);
#1054=VERTEX_POINT('',#7730);
#1055=VERTEX_POINT('',#7805);
#1056=VERTEX_POINT('',#7833);
#1057=VERTEX_POINT('',#7864);
#1058=EDGE_CURVE('',#838,#838,#737,.T.);
#1059=EDGE_CURVE('',#838,#839,#733,.T.);
#1060=EDGE_CURVE('',#839,#839,#738,.T.);
#1061=EDGE_CURVE('',#840,#841,#73,.T.);
#1062=EDGE_CURVE('',#841,#842,#74,.T.);
#1063=EDGE_CURVE('',#842,#843,#739,.T.);
#1064=EDGE_CURVE('',#840,#843,#75,.T.);
#1065=EDGE_CURVE('',#844,#845,#76,.T.);
#1066=EDGE_CURVE('',#843,#844,#77,.T.);
#1067=EDGE_CURVE('',#842,#846,#78,.T.);
#1068=EDGE_CURVE('',#846,#845,#79,.T.);
#1069=EDGE_CURVE('',#846,#847,#80,.T.);
#1070=EDGE_CURVE('',#847,#848,#740,.T.);
#1071=EDGE_CURVE('',#849,#848,#81,.T.);
#1072=EDGE_CURVE('',#845,#849,#82,.T.);
#1073=EDGE_CURVE('',#850,#851,#83,.T.);
#1074=EDGE_CURVE('',#848,#851,#84,.T.);
#1075=EDGE_CURVE('',#847,#850,#85,.T.);
#1076=EDGE_CURVE('',#841,#850,#741,.T.);
#1077=EDGE_CURVE('',#847,#842,#742,.T.);
#1078=EDGE_CURVE('',#852,#852,#743,.T.);
#1079=EDGE_CURVE('',#852,#853,#744,.T.);
#1080=EDGE_CURVE('',#854,#853,#86,.T.);
#1081=EDGE_CURVE('',#855,#854,#87,.T.);
#1082=EDGE_CURVE('',#856,#855,#88,.T.);
#1083=EDGE_CURVE('',#857,#856,#89,.T.);
#1084=EDGE_CURVE('',#858,#857,#90,.T.);
#1085=EDGE_CURVE('',#858,#859,#91,.T.);
#1086=EDGE_CURVE('',#859,#860,#92,.T.);
#1087=EDGE_CURVE('',#860,#861,#93,.T.);
#1088=EDGE_CURVE('',#861,#862,#94,.T.);
#1089=EDGE_CURVE('',#862,#863,#95,.T.);
#1090=EDGE_CURVE('',#863,#864,#96,.T.);
#1091=EDGE_CURVE('',#864,#865,#97,.T.);
#1092=EDGE_CURVE('',#865,#844,#98,.T.);
#1093=EDGE_CURVE('',#866,#849,#99,.T.);
#1094=EDGE_CURVE('',#867,#866,#100,.T.);
#1095=EDGE_CURVE('',#868,#867,#101,.T.);
#1096=EDGE_CURVE('',#869,#868,#102,.T.);
#1097=EDGE_CURVE('',#869,#870,#103,.T.);
#1098=EDGE_CURVE('',#870,#871,#104,.T.);
#1099=EDGE_CURVE('',#872,#871,#105,.T.);
#1100=EDGE_CURVE('',#873,#872,#106,.T.);
#1101=EDGE_CURVE('',#874,#873,#107,.T.);
#1102=EDGE_CURVE('',#875,#874,#108,.T.);
#1103=EDGE_CURVE('',#875,#876,#109,.T.);
#1104=EDGE_CURVE('',#876,#877,#110,.T.);
#1105=EDGE_CURVE('',#877,#878,#111,.T.);
#1106=EDGE_CURVE('',#878,#879,#112,.T.);
#1107=EDGE_CURVE('',#879,#880,#113,.T.);
#1108=EDGE_CURVE('',#880,#881,#114,.T.);
#1109=EDGE_CURVE('',#881,#882,#115,.T.);
#1110=EDGE_CURVE('',#882,#883,#116,.T.);
#1111=EDGE_CURVE('',#883,#884,#117,.T.);
#1112=EDGE_CURVE('',#884,#885,#118,.T.);
#1113=EDGE_CURVE('',#886,#885,#119,.T.);
#1114=EDGE_CURVE('',#887,#886,#120,.T.);
#1115=EDGE_CURVE('',#887,#888,#121,.T.);
#1116=EDGE_CURVE('',#888,#889,#122,.T.);
#1117=EDGE_CURVE('',#889,#890,#123,.T.);
#1118=EDGE_CURVE('',#890,#891,#124,.T.);
#1119=EDGE_CURVE('',#891,#892,#125,.T.);
#1120=EDGE_CURVE('',#892,#893,#126,.T.);
#1121=EDGE_CURVE('',#893,#894,#127,.T.);
#1122=EDGE_CURVE('',#894,#895,#128,.T.);
#1123=EDGE_CURVE('',#895,#896,#129,.T.);
#1124=EDGE_CURVE('',#896,#897,#130,.T.);
#1125=EDGE_CURVE('',#853,#897,#131,.T.);
#1126=EDGE_CURVE('',#898,#840,#132,.T.);
#1127=EDGE_CURVE('',#899,#898,#745,.T.);
#1128=EDGE_CURVE('',#900,#899,#133,.T.);
#1129=EDGE_CURVE('',#901,#900,#134,.T.);
#1130=EDGE_CURVE('',#902,#901,#746,.T.);
#1131=EDGE_CURVE('',#903,#902,#135,.T.);
#1132=EDGE_CURVE('',#904,#903,#136,.T.);
#1133=EDGE_CURVE('',#905,#904,#747,.T.);
#1134=EDGE_CURVE('',#906,#905,#137,.T.);
#1135=EDGE_CURVE('',#907,#906,#138,.T.);
#1136=EDGE_CURVE('',#908,#907,#748,.T.);
#1137=EDGE_CURVE('',#909,#908,#139,.T.);
#1138=EDGE_CURVE('',#910,#909,#140,.T.);
#1139=EDGE_CURVE('',#911,#910,#749,.T.);
#1140=EDGE_CURVE('',#912,#911,#141,.T.);
#1141=EDGE_CURVE('',#913,#912,#142,.T.);
#1142=EDGE_CURVE('',#914,#913,#750,.T.);
#1143=EDGE_CURVE('',#915,#914,#143,.T.);
#1144=EDGE_CURVE('',#916,#915,#144,.T.);
#1145=EDGE_CURVE('',#917,#916,#751,.T.);
#1146=EDGE_CURVE('',#918,#917,#145,.T.);
#1147=EDGE_CURVE('',#919,#918,#146,.T.);
#1148=EDGE_CURVE('',#920,#919,#752,.T.);
#1149=EDGE_CURVE('',#921,#920,#147,.T.);
#1150=EDGE_CURVE('',#922,#921,#148,.T.);
#1151=EDGE_CURVE('',#923,#922,#753,.T.);
#1152=EDGE_CURVE('',#924,#923,#149,.T.);
#1153=EDGE_CURVE('',#925,#924,#150,.T.);
#1154=EDGE_CURVE('',#926,#925,#754,.T.);
#1155=EDGE_CURVE('',#927,#926,#151,.T.);
#1156=EDGE_CURVE('',#928,#927,#152,.T.);
#1157=EDGE_CURVE('',#929,#928,#755,.T.);
#1158=EDGE_CURVE('',#930,#929,#153,.T.);
#1159=EDGE_CURVE('',#931,#930,#154,.T.);
#1160=EDGE_CURVE('',#932,#931,#756,.T.);
#1161=EDGE_CURVE('',#933,#932,#155,.T.);
#1162=EDGE_CURVE('',#934,#933,#156,.T.);
#1163=EDGE_CURVE('',#935,#934,#757,.T.);
#1164=EDGE_CURVE('',#936,#935,#157,.T.);
#1165=EDGE_CURVE('',#937,#936,#158,.T.);
#1166=EDGE_CURVE('',#938,#937,#758,.T.);
#1167=EDGE_CURVE('',#939,#938,#159,.T.);
#1168=EDGE_CURVE('',#940,#939,#160,.T.);
#1169=EDGE_CURVE('',#941,#940,#759,.T.);
#1170=EDGE_CURVE('',#942,#941,#161,.T.);
#1171=EDGE_CURVE('',#943,#942,#162,.T.);
#1172=EDGE_CURVE('',#944,#943,#760,.T.);
#1173=EDGE_CURVE('',#945,#944,#163,.T.);
#1174=EDGE_CURVE('',#946,#945,#164,.T.);
#1175=EDGE_CURVE('',#947,#946,#761,.T.);
#1176=EDGE_CURVE('',#948,#947,#165,.T.);
#1177=EDGE_CURVE('',#949,#948,#166,.T.);
#1178=EDGE_CURVE('',#950,#949,#762,.T.);
#1179=EDGE_CURVE('',#951,#950,#167,.T.);
#1180=EDGE_CURVE('',#952,#951,#168,.T.);
#1181=EDGE_CURVE('',#953,#952,#763,.T.);
#1182=EDGE_CURVE('',#954,#953,#169,.T.);
#1183=EDGE_CURVE('',#955,#954,#170,.T.);
#1184=EDGE_CURVE('',#956,#955,#764,.T.);
#1185=EDGE_CURVE('',#957,#956,#171,.T.);
#1186=EDGE_CURVE('',#958,#957,#172,.T.);
#1187=EDGE_CURVE('',#959,#958,#765,.T.);
#1188=EDGE_CURVE('',#960,#959,#173,.T.);
#1189=EDGE_CURVE('',#961,#960,#174,.T.);
#1190=EDGE_CURVE('',#962,#961,#766,.T.);
#1191=EDGE_CURVE('',#963,#962,#175,.T.);
#1192=EDGE_CURVE('',#964,#963,#176,.T.);
#1193=EDGE_CURVE('',#965,#964,#767,.T.);
#1194=EDGE_CURVE('',#851,#965,#177,.T.);
#1195=EDGE_CURVE('',#908,#966,#178,.T.);
#1196=EDGE_CURVE('',#966,#967,#768,.T.);
#1197=EDGE_CURVE('',#909,#967,#179,.T.);
#1198=EDGE_CURVE('',#967,#858,#180,.T.);
#1199=EDGE_CURVE('',#966,#968,#181,.T.);
#1200=EDGE_CURVE('',#968,#859,#182,.T.);
#1201=EDGE_CURVE('',#968,#969,#183,.T.);
#1202=EDGE_CURVE('',#969,#970,#769,.T.);
#1203=EDGE_CURVE('',#860,#970,#184,.T.);
#1204=EDGE_CURVE('',#970,#906,#185,.T.);
#1205=EDGE_CURVE('',#969,#907,#186,.T.);
#1206=EDGE_CURVE('',#969,#966,#770,.T.);
#1207=EDGE_CURVE('',#905,#971,#187,.T.);
#1208=EDGE_CURVE('',#971,#970,#771,.T.);
#1209=EDGE_CURVE('',#971,#972,#188,.T.);
#1210=EDGE_CURVE('',#972,#861,#189,.T.);
#1211=EDGE_CURVE('',#972,#973,#190,.T.);
#1212=EDGE_CURVE('',#973,#974,#772,.T.);
#1213=EDGE_CURVE('',#862,#974,#191,.T.);
#1214=EDGE_CURVE('',#974,#903,#192,.T.);
#1215=EDGE_CURVE('',#973,#904,#193,.T.);
#1216=EDGE_CURVE('',#973,#971,#773,.T.);
#1217=EDGE_CURVE('',#959,#975,#194,.T.);
#1218=EDGE_CURVE('',#975,#976,#774,.T.);
#1219=EDGE_CURVE('',#960,#976,#195,.T.);
#1220=EDGE_CURVE('',#976,#869,#196,.T.);
#1221=EDGE_CURVE('',#975,#977,#197,.T.);
#1222=EDGE_CURVE('',#977,#870,#198,.T.);
#1223=EDGE_CURVE('',#977,#978,#199,.T.);
#1224=EDGE_CURVE('',#978,#979,#775,.T.);
#1225=EDGE_CURVE('',#871,#979,#200,.T.);
#1226=EDGE_CURVE('',#979,#957,#201,.T.);
#1227=EDGE_CURVE('',#978,#958,#202,.T.);
#1228=EDGE_CURVE('',#978,#975,#776,.T.);
#1229=EDGE_CURVE('',#899,#980,#203,.T.);
#1230=EDGE_CURVE('',#980,#981,#777,.T.);
#1231=EDGE_CURVE('',#900,#981,#204,.T.);
#1232=EDGE_CURVE('',#981,#864,#205,.T.);
#1233=EDGE_CURVE('',#980,#982,#206,.T.);
#1234=EDGE_CURVE('',#982,#865,#207,.T.);
#1235=EDGE_CURVE('',#982,#983,#208,.T.);
#1236=EDGE_CURVE('',#983,#843,#778,.T.);
#1237=EDGE_CURVE('',#983,#898,#209,.T.);
#1238=EDGE_CURVE('',#983,#980,#779,.T.);
#1239=EDGE_CURVE('',#902,#984,#210,.T.);
#1240=EDGE_CURVE('',#984,#974,#780,.T.);
#1241=EDGE_CURVE('',#984,#985,#211,.T.);
#1242=EDGE_CURVE('',#985,#863,#212,.T.);
#1243=EDGE_CURVE('',#985,#986,#213,.T.);
#1244=EDGE_CURVE('',#986,#981,#781,.T.);
#1245=EDGE_CURVE('',#986,#901,#214,.T.);
#1246=EDGE_CURVE('',#986,#984,#782,.T.);
#1247=EDGE_CURVE('',#920,#987,#215,.T.);
#1248=EDGE_CURVE('',#987,#988,#783,.T.);
#1249=EDGE_CURVE('',#921,#988,#216,.T.);
#1250=EDGE_CURVE('',#988,#895,#217,.T.);
#1251=EDGE_CURVE('',#987,#989,#218,.T.);
#1252=EDGE_CURVE('',#989,#896,#219,.T.);
#1253=EDGE_CURVE('',#989,#990,#220,.T.);
#1254=EDGE_CURVE('',#990,#991,#784,.T.);
#1255=EDGE_CURVE('',#897,#991,#221,.T.);
#1256=EDGE_CURVE('',#991,#918,#222,.T.);
#1257=EDGE_CURVE('',#990,#919,#223,.T.);
#1258=EDGE_CURVE('',#990,#987,#785,.T.);
#1259=EDGE_CURVE('',#926,#992,#224,.T.);
#1260=EDGE_CURVE('',#992,#993,#786,.T.);
#1261=EDGE_CURVE('',#927,#993,#225,.T.);
#1262=EDGE_CURVE('',#993,#891,#226,.T.);
#1263=EDGE_CURVE('',#992,#994,#227,.T.);
#1264=EDGE_CURVE('',#994,#892,#228,.T.);
#1265=EDGE_CURVE('',#994,#995,#229,.T.);
#1266=EDGE_CURVE('',#995,#996,#787,.T.);
#1267=EDGE_CURVE('',#893,#996,#230,.T.);
#1268=EDGE_CURVE('',#996,#924,#231,.T.);
#1269=EDGE_CURVE('',#995,#925,#232,.T.);
#1270=EDGE_CURVE('',#995,#992,#788,.T.);
#1271=EDGE_CURVE('',#929,#997,#233,.T.);
#1272=EDGE_CURVE('',#997,#998,#789,.T.);
#1273=EDGE_CURVE('',#930,#998,#234,.T.);
#1274=EDGE_CURVE('',#998,#889,#235,.T.);
#1275=EDGE_CURVE('',#997,#999,#236,.T.);
#1276=EDGE_CURVE('',#999,#890,#237,.T.);
#1277=EDGE_CURVE('',#999,#1000,#238,.T.);
#1278=EDGE_CURVE('',#1000,#993,#790,.T.);
#1279=EDGE_CURVE('',#1000,#928,#239,.T.);
#1280=EDGE_CURVE('',#1000,#997,#791,.T.);
#1281=EDGE_CURVE('',#944,#1001,#240,.T.);
#1282=EDGE_CURVE('',#1001,#1002,#792,.T.);
#1283=EDGE_CURVE('',#945,#1002,#241,.T.);
#1284=EDGE_CURVE('',#1002,#879,#242,.T.);
#1285=EDGE_CURVE('',#1001,#1003,#243,.T.);
#1286=EDGE_CURVE('',#1003,#880,#244,.T.);
#1287=EDGE_CURVE('',#1003,#1004,#245,.T.);
#1288=EDGE_CURVE('',#1004,#1005,#793,.T.);
#1289=EDGE_CURVE('',#881,#1005,#246,.T.);
#1290=EDGE_CURVE('',#1005,#942,#247,.T.);
#1291=EDGE_CURVE('',#1004,#943,#248,.T.);
#1292=EDGE_CURVE('',#1004,#1001,#794,.T.);
#1293=EDGE_CURVE('',#947,#1006,#249,.T.);
#1294=EDGE_CURVE('',#1006,#1007,#795,.T.);
#1295=EDGE_CURVE('',#948,#1007,#250,.T.);
#1296=EDGE_CURVE('',#1007,#877,#251,.T.);
#1297=EDGE_CURVE('',#1006,#1008,#252,.T.);
#1298=EDGE_CURVE('',#1008,#878,#253,.T.);
#1299=EDGE_CURVE('',#1008,#1009,#254,.T.);
#1300=EDGE_CURVE('',#1009,#1002,#796,.T.);
#1301=EDGE_CURVE('',#1009,#946,#255,.T.);
#1302=EDGE_CURVE('',#1009,#1006,#797,.T.);
#1303=EDGE_CURVE('',#950,#1010,#256,.T.);
#1304=EDGE_CURVE('',#1010,#1011,#798,.T.);
#1305=EDGE_CURVE('',#951,#1011,#257,.T.);
#1306=EDGE_CURVE('',#1011,#875,#258,.T.);
#1307=EDGE_CURVE('',#1010,#1012,#259,.T.);
#1308=EDGE_CURVE('',#1012,#876,#260,.T.);
#1309=EDGE_CURVE('',#1012,#1013,#261,.T.);
#1310=EDGE_CURVE('',#1013,#1007,#799,.T.);
#1311=EDGE_CURVE('',#1013,#949,#262,.T.);
#1312=EDGE_CURVE('',#1013,#1010,#800,.T.);
#1313=EDGE_CURVE('',#941,#1014,#263,.T.);
#1314=EDGE_CURVE('',#1014,#1005,#801,.T.);
#1315=EDGE_CURVE('',#1014,#1015,#264,.T.);
#1316=EDGE_CURVE('',#1015,#882,#265,.T.);
#1317=EDGE_CURVE('',#1015,#1016,#266,.T.);
#1318=EDGE_CURVE('',#1016,#1017,#802,.T.);
#1319=EDGE_CURVE('',#883,#1017,#267,.T.);
#1320=EDGE_CURVE('',#1017,#939,#268,.T.);
#1321=EDGE_CURVE('',#1016,#940,#269,.T.);
#1322=EDGE_CURVE('',#1016,#1014,#803,.T.);
#1323=EDGE_CURVE('',#932,#1018,#270,.T.);
#1324=EDGE_CURVE('',#1018,#1019,#804,.T.);
#1325=EDGE_CURVE('',#933,#1019,#271,.T.);
#1326=EDGE_CURVE('',#1019,#887,#272,.T.);
#1327=EDGE_CURVE('',#1018,#1020,#273,.T.);
#1328=EDGE_CURVE('',#1020,#888,#274,.T.);
#1329=EDGE_CURVE('',#1020,#1021,#275,.T.);
#1330=EDGE_CURVE('',#1021,#998,#805,.T.);
#1331=EDGE_CURVE('',#1021,#931,#276,.T.);
#1332=EDGE_CURVE('',#1021,#1018,#806,.T.);
#1333=EDGE_CURVE('',#923,#1022,#277,.T.);
#1334=EDGE_CURVE('',#1022,#996,#807,.T.);
#1335=EDGE_CURVE('',#1022,#1023,#278,.T.);
#1336=EDGE_CURVE('',#1023,#894,#279,.T.);
#1337=EDGE_CURVE('',#1023,#1024,#280,.T.);
#1338=EDGE_CURVE('',#1024,#988,#808,.T.);
#1339=EDGE_CURVE('',#1024,#922,#281,.T.);
#1340=EDGE_CURVE('',#1024,#1022,#809,.T.);
#1341=EDGE_CURVE('',#938,#1025,#282,.T.);
#1342=EDGE_CURVE('',#1025,#1017,#810,.T.);
#1343=EDGE_CURVE('',#1025,#1026,#283,.T.);
#1344=EDGE_CURVE('',#1026,#884,#284,.T.);
#1345=EDGE_CURVE('',#1026,#1027,#285,.T.);
#1346=EDGE_CURVE('',#1027,#1028,#811,.T.);
#1347=EDGE_CURVE('',#885,#1028,#286,.T.);
#1348=EDGE_CURVE('',#1028,#936,#287,.T.);
#1349=EDGE_CURVE('',#1027,#937,#288,.T.);
#1350=EDGE_CURVE('',#1027,#1025,#812,.T.);
#1351=EDGE_CURVE('',#1029,#1029,#813,.T.);
#1352=EDGE_CURVE('',#852,#1029,#734,.T.);
#1353=EDGE_CURVE('',#956,#1030,#289,.T.);
#1354=EDGE_CURVE('',#1030,#979,#814,.T.);
#1355=EDGE_CURVE('',#1030,#1031,#290,.T.);
#1356=EDGE_CURVE('',#1031,#872,#291,.T.);
#1357=EDGE_CURVE('',#1031,#1032,#292,.T.);
#1358=EDGE_CURVE('',#1032,#1033,#815,.T.);
#1359=EDGE_CURVE('',#873,#1033,#293,.T.);
#1360=EDGE_CURVE('',#1033,#954,#294,.T.);
#1361=EDGE_CURVE('',#1032,#955,#295,.T.);
#1362=EDGE_CURVE('',#1032,#1030,#816,.T.);
#1363=EDGE_CURVE('',#917,#1034,#296,.T.);
#1364=EDGE_CURVE('',#1034,#991,#817,.T.);
#1365=EDGE_CURVE('',#1034,#1035,#297,.T.);
#1366=EDGE_CURVE('',#1035,#853,#298,.T.);
#1367=EDGE_CURVE('',#1035,#1036,#299,.T.);
#1368=EDGE_CURVE('',#1036,#1037,#818,.T.);
#1369=EDGE_CURVE('',#854,#1037,#300,.T.);
#1370=EDGE_CURVE('',#1037,#915,#301,.T.);
#1371=EDGE_CURVE('',#1036,#916,#302,.T.);
#1372=EDGE_CURVE('',#1036,#1034,#819,.T.);
#1373=EDGE_CURVE('',#911,#1038,#303,.T.);
#1374=EDGE_CURVE('',#1038,#1039,#820,.T.);
#1375=EDGE_CURVE('',#912,#1039,#304,.T.);
#1376=EDGE_CURVE('',#1039,#856,#305,.T.);
#1377=EDGE_CURVE('',#1038,#1040,#306,.T.);
#1378=EDGE_CURVE('',#1040,#857,#307,.T.);
#1379=EDGE_CURVE('',#1040,#1041,#308,.T.);
#1380=EDGE_CURVE('',#1041,#967,#821,.T.);
#1381=EDGE_CURVE('',#1041,#910,#309,.T.);
#1382=EDGE_CURVE('',#1041,#1038,#822,.T.);
#1383=EDGE_CURVE('',#935,#1042,#310,.T.);
#1384=EDGE_CURVE('',#1042,#1028,#823,.T.);
#1385=EDGE_CURVE('',#1042,#1043,#311,.T.);
#1386=EDGE_CURVE('',#1043,#886,#312,.T.);
#1387=EDGE_CURVE('',#1043,#1044,#313,.T.);
#1388=EDGE_CURVE('',#1044,#1019,#824,.T.);
#1389=EDGE_CURVE('',#1044,#934,#314,.T.);
#1390=EDGE_CURVE('',#1044,#1042,#825,.T.);
#1391=EDGE_CURVE('',#965,#1045,#315,.T.);
#1392=EDGE_CURVE('',#1045,#848,#826,.T.);
#1393=EDGE_CURVE('',#1045,#1046,#316,.T.);
#1394=EDGE_CURVE('',#1046,#866,#317,.T.);
#1395=EDGE_CURVE('',#1046,#1047,#318,.T.);
#1396=EDGE_CURVE('',#1047,#1048,#827,.T.);
#1397=EDGE_CURVE('',#867,#1048,#319,.T.);
#1398=EDGE_CURVE('',#1048,#963,#320,.T.);
#1399=EDGE_CURVE('',#1047,#964,#321,.T.);
#1400=EDGE_CURVE('',#1047,#1045,#828,.T.);
#1401=EDGE_CURVE('',#962,#1049,#322,.T.);
#1402=EDGE_CURVE('',#1049,#1048,#829,.T.);
#1403=EDGE_CURVE('',#1049,#1050,#323,.T.);
#1404=EDGE_CURVE('',#1050,#868,#324,.T.);
#1405=EDGE_CURVE('',#1050,#1051,#325,.T.);
#1406=EDGE_CURVE('',#1051,#976,#830,.T.);
#1407=EDGE_CURVE('',#1051,#961,#326,.T.);
#1408=EDGE_CURVE('',#1051,#1049,#831,.T.);
#1409=EDGE_CURVE('',#914,#1052,#327,.T.);
#1410=EDGE_CURVE('',#1052,#1037,#832,.T.);
#1411=EDGE_CURVE('',#1052,#1053,#328,.T.);
#1412=EDGE_CURVE('',#1053,#855,#329,.T.);
#1413=EDGE_CURVE('',#1053,#1054,#330,.T.);
#1414=EDGE_CURVE('',#1054,#1039,#833,.T.);
#1415=EDGE_CURVE('',#1054,#913,#331,.T.);
#1416=EDGE_CURVE('',#1054,#1052,#834,.T.);
#1417=EDGE_CURVE('',#953,#1055,#332,.T.);
#1418=EDGE_CURVE('',#1055,#1033,#835,.T.);
#1419=EDGE_CURVE('',#1055,#1056,#333,.T.);
#1420=EDGE_CURVE('',#1056,#874,#334,.T.);
#1421=EDGE_CURVE('',#1056,#1057,#335,.T.);
#1422=EDGE_CURVE('',#1057,#1011,#836,.T.);
#1423=EDGE_CURVE('',#1057,#952,#336,.T.);
#1424=EDGE_CURVE('',#1057,#1055,#837,.T.);
#1425=ORIENTED_EDGE('',*,*,#1058,.F.);
#1426=ORIENTED_EDGE('',*,*,#1059,.T.);
#1427=ORIENTED_EDGE('',*,*,#1060,.F.);
#1428=ORIENTED_EDGE('',*,*,#1059,.F.);
#1429=ORIENTED_EDGE('',*,*,#1061,.T.);
#1430=ORIENTED_EDGE('',*,*,#1062,.T.);
#1431=ORIENTED_EDGE('',*,*,#1063,.T.);
#1432=ORIENTED_EDGE('',*,*,#1064,.F.);
#1433=ORIENTED_EDGE('',*,*,#1065,.F.);
#1434=ORIENTED_EDGE('',*,*,#1066,.F.);
#1435=ORIENTED_EDGE('',*,*,#1063,.F.);
#1436=ORIENTED_EDGE('',*,*,#1067,.T.);
#1437=ORIENTED_EDGE('',*,*,#1068,.T.);
#1438=ORIENTED_EDGE('',*,*,#1068,.F.);
#1439=ORIENTED_EDGE('',*,*,#1069,.T.);
#1440=ORIENTED_EDGE('',*,*,#1070,.T.);
#1441=ORIENTED_EDGE('',*,*,#1071,.F.);
#1442=ORIENTED_EDGE('',*,*,#1072,.F.);
#1443=ORIENTED_EDGE('',*,*,#1073,.T.);
#1444=ORIENTED_EDGE('',*,*,#1074,.F.);
#1445=ORIENTED_EDGE('',*,*,#1070,.F.);
#1446=ORIENTED_EDGE('',*,*,#1075,.T.);
#1447=ORIENTED_EDGE('',*,*,#1062,.F.);
#1448=ORIENTED_EDGE('',*,*,#1076,.T.);
#1449=ORIENTED_EDGE('',*,*,#1075,.F.);
#1450=ORIENTED_EDGE('',*,*,#1077,.T.);
#1451=ORIENTED_EDGE('',*,*,#1067,.F.);
#1452=ORIENTED_EDGE('',*,*,#1077,.F.);
#1453=ORIENTED_EDGE('',*,*,#1069,.F.);
#1454=ORIENTED_EDGE('',*,*,#1078,.T.);
#1455=ORIENTED_EDGE('',*,*,#1079,.T.);
#1456=ORIENTED_EDGE('',*,*,#1080,.F.);
#1457=ORIENTED_EDGE('',*,*,#1081,.F.);
#1458=ORIENTED_EDGE('',*,*,#1082,.F.);
#1459=ORIENTED_EDGE('',*,*,#1083,.F.);
#1460=ORIENTED_EDGE('',*,*,#1084,.F.);
#1461=ORIENTED_EDGE('',*,*,#1085,.T.);
#1462=ORIENTED_EDGE('',*,*,#1086,.T.);
#1463=ORIENTED_EDGE('',*,*,#1087,.T.);
#1464=ORIENTED_EDGE('',*,*,#1088,.T.);
#1465=ORIENTED_EDGE('',*,*,#1089,.T.);
#1466=ORIENTED_EDGE('',*,*,#1090,.T.);
#1467=ORIENTED_EDGE('',*,*,#1091,.T.);
#1468=ORIENTED_EDGE('',*,*,#1092,.T.);
#1469=ORIENTED_EDGE('',*,*,#1065,.T.);
#1470=ORIENTED_EDGE('',*,*,#1072,.T.);
#1471=ORIENTED_EDGE('',*,*,#1093,.F.);
#1472=ORIENTED_EDGE('',*,*,#1094,.F.);
#1473=ORIENTED_EDGE('',*,*,#1095,.F.);
#1474=ORIENTED_EDGE('',*,*,#1096,.F.);
#1475=ORIENTED_EDGE('',*,*,#1097,.T.);
#1476=ORIENTED_EDGE('',*,*,#1098,.T.);
#1477=ORIENTED_EDGE('',*,*,#1099,.F.);
#1478=ORIENTED_EDGE('',*,*,#1100,.F.);
#1479=ORIENTED_EDGE('',*,*,#1101,.F.);
#1480=ORIENTED_EDGE('',*,*,#1102,.F.);
#1481=ORIENTED_EDGE('',*,*,#1103,.T.);
#1482=ORIENTED_EDGE('',*,*,#1104,.T.);
#1483=ORIENTED_EDGE('',*,*,#1105,.T.);
#1484=ORIENTED_EDGE('',*,*,#1106,.T.);
#1485=ORIENTED_EDGE('',*,*,#1107,.T.);
#1486=ORIENTED_EDGE('',*,*,#1108,.T.);
#1487=ORIENTED_EDGE('',*,*,#1109,.T.);
#1488=ORIENTED_EDGE('',*,*,#1110,.T.);
#1489=ORIENTED_EDGE('',*,*,#1111,.T.);
#1490=ORIENTED_EDGE('',*,*,#1112,.T.);
#1491=ORIENTED_EDGE('',*,*,#1113,.F.);
#1492=ORIENTED_EDGE('',*,*,#1114,.F.);
#1493=ORIENTED_EDGE('',*,*,#1115,.T.);
#1494=ORIENTED_EDGE('',*,*,#1116,.T.);
#1495=ORIENTED_EDGE('',*,*,#1117,.T.);
#1496=ORIENTED_EDGE('',*,*,#1118,.T.);
#1497=ORIENTED_EDGE('',*,*,#1119,.T.);
#1498=ORIENTED_EDGE('',*,*,#1120,.T.);
#1499=ORIENTED_EDGE('',*,*,#1121,.T.);
#1500=ORIENTED_EDGE('',*,*,#1122,.T.);
#1501=ORIENTED_EDGE('',*,*,#1123,.T.);
#1502=ORIENTED_EDGE('',*,*,#1124,.T.);
#1503=ORIENTED_EDGE('',*,*,#1125,.F.);
#1504=ORIENTED_EDGE('',*,*,#1079,.F.);
#1505=ORIENTED_EDGE('',*,*,#1126,.F.);
#1506=ORIENTED_EDGE('',*,*,#1127,.F.);
#1507=ORIENTED_EDGE('',*,*,#1128,.F.);
#1508=ORIENTED_EDGE('',*,*,#1129,.F.);
#1509=ORIENTED_EDGE('',*,*,#1130,.F.);
#1510=ORIENTED_EDGE('',*,*,#1131,.F.);
#1511=ORIENTED_EDGE('',*,*,#1132,.F.);
#1512=ORIENTED_EDGE('',*,*,#1133,.F.);
#1513=ORIENTED_EDGE('',*,*,#1134,.F.);
#1514=ORIENTED_EDGE('',*,*,#1135,.F.);
#1515=ORIENTED_EDGE('',*,*,#1136,.F.);
#1516=ORIENTED_EDGE('',*,*,#1137,.F.);
#1517=ORIENTED_EDGE('',*,*,#1138,.F.);
#1518=ORIENTED_EDGE('',*,*,#1139,.F.);
#1519=ORIENTED_EDGE('',*,*,#1140,.F.);
#1520=ORIENTED_EDGE('',*,*,#1141,.F.);
#1521=ORIENTED_EDGE('',*,*,#1142,.F.);
#1522=ORIENTED_EDGE('',*,*,#1143,.F.);
#1523=ORIENTED_EDGE('',*,*,#1144,.F.);
#1524=ORIENTED_EDGE('',*,*,#1145,.F.);
#1525=ORIENTED_EDGE('',*,*,#1146,.F.);
#1526=ORIENTED_EDGE('',*,*,#1147,.F.);
#1527=ORIENTED_EDGE('',*,*,#1148,.F.);
#1528=ORIENTED_EDGE('',*,*,#1149,.F.);
#1529=ORIENTED_EDGE('',*,*,#1150,.F.);
#1530=ORIENTED_EDGE('',*,*,#1151,.F.);
#1531=ORIENTED_EDGE('',*,*,#1152,.F.);
#1532=ORIENTED_EDGE('',*,*,#1153,.F.);
#1533=ORIENTED_EDGE('',*,*,#1154,.F.);
#1534=ORIENTED_EDGE('',*,*,#1155,.F.);
#1535=ORIENTED_EDGE('',*,*,#1156,.F.);
#1536=ORIENTED_EDGE('',*,*,#1157,.F.);
#1537=ORIENTED_EDGE('',*,*,#1158,.F.);
#1538=ORIENTED_EDGE('',*,*,#1159,.F.);
#1539=ORIENTED_EDGE('',*,*,#1160,.F.);
#1540=ORIENTED_EDGE('',*,*,#1161,.F.);
#1541=ORIENTED_EDGE('',*,*,#1162,.F.);
#1542=ORIENTED_EDGE('',*,*,#1163,.F.);
#1543=ORIENTED_EDGE('',*,*,#1164,.F.);
#1544=ORIENTED_EDGE('',*,*,#1165,.F.);
#1545=ORIENTED_EDGE('',*,*,#1166,.F.);
#1546=ORIENTED_EDGE('',*,*,#1167,.F.);
#1547=ORIENTED_EDGE('',*,*,#1168,.F.);
#1548=ORIENTED_EDGE('',*,*,#1169,.F.);
#1549=ORIENTED_EDGE('',*,*,#1170,.F.);
#1550=ORIENTED_EDGE('',*,*,#1171,.F.);
#1551=ORIENTED_EDGE('',*,*,#1172,.F.);
#1552=ORIENTED_EDGE('',*,*,#1173,.F.);
#1553=ORIENTED_EDGE('',*,*,#1174,.F.);
#1554=ORIENTED_EDGE('',*,*,#1175,.F.);
#1555=ORIENTED_EDGE('',*,*,#1176,.F.);
#1556=ORIENTED_EDGE('',*,*,#1177,.F.);
#1557=ORIENTED_EDGE('',*,*,#1178,.F.);
#1558=ORIENTED_EDGE('',*,*,#1179,.F.);
#1559=ORIENTED_EDGE('',*,*,#1180,.F.);
#1560=ORIENTED_EDGE('',*,*,#1181,.F.);
#1561=ORIENTED_EDGE('',*,*,#1182,.F.);
#1562=ORIENTED_EDGE('',*,*,#1183,.F.);
#1563=ORIENTED_EDGE('',*,*,#1184,.F.);
#1564=ORIENTED_EDGE('',*,*,#1185,.F.);
#1565=ORIENTED_EDGE('',*,*,#1186,.F.);
#1566=ORIENTED_EDGE('',*,*,#1187,.F.);
#1567=ORIENTED_EDGE('',*,*,#1188,.F.);
#1568=ORIENTED_EDGE('',*,*,#1189,.F.);
#1569=ORIENTED_EDGE('',*,*,#1190,.F.);
#1570=ORIENTED_EDGE('',*,*,#1191,.F.);
#1571=ORIENTED_EDGE('',*,*,#1192,.F.);
#1572=ORIENTED_EDGE('',*,*,#1193,.F.);
#1573=ORIENTED_EDGE('',*,*,#1194,.F.);
#1574=ORIENTED_EDGE('',*,*,#1073,.F.);
#1575=ORIENTED_EDGE('',*,*,#1076,.F.);
#1576=ORIENTED_EDGE('',*,*,#1061,.F.);
#1577=ORIENTED_EDGE('',*,*,#1060,.T.);
#1578=ORIENTED_EDGE('',*,*,#1137,.T.);
#1579=ORIENTED_EDGE('',*,*,#1195,.T.);
#1580=ORIENTED_EDGE('',*,*,#1196,.T.);
#1581=ORIENTED_EDGE('',*,*,#1197,.F.);
#1582=ORIENTED_EDGE('',*,*,#1085,.F.);
#1583=ORIENTED_EDGE('',*,*,#1198,.F.);
#1584=ORIENTED_EDGE('',*,*,#1196,.F.);
#1585=ORIENTED_EDGE('',*,*,#1199,.T.);
#1586=ORIENTED_EDGE('',*,*,#1200,.T.);
#1587=ORIENTED_EDGE('',*,*,#1200,.F.);
#1588=ORIENTED_EDGE('',*,*,#1201,.T.);
#1589=ORIENTED_EDGE('',*,*,#1202,.T.);
#1590=ORIENTED_EDGE('',*,*,#1203,.F.);
#1591=ORIENTED_EDGE('',*,*,#1086,.F.);
#1592=ORIENTED_EDGE('',*,*,#1135,.T.);
#1593=ORIENTED_EDGE('',*,*,#1204,.F.);
#1594=ORIENTED_EDGE('',*,*,#1202,.F.);
#1595=ORIENTED_EDGE('',*,*,#1205,.T.);
#1596=ORIENTED_EDGE('',*,*,#1195,.F.);
#1597=ORIENTED_EDGE('',*,*,#1136,.T.);
#1598=ORIENTED_EDGE('',*,*,#1205,.F.);
#1599=ORIENTED_EDGE('',*,*,#1206,.T.);
#1600=ORIENTED_EDGE('',*,*,#1199,.F.);
#1601=ORIENTED_EDGE('',*,*,#1206,.F.);
#1602=ORIENTED_EDGE('',*,*,#1201,.F.);
#1603=ORIENTED_EDGE('',*,*,#1134,.T.);
#1604=ORIENTED_EDGE('',*,*,#1207,.T.);
#1605=ORIENTED_EDGE('',*,*,#1208,.T.);
#1606=ORIENTED_EDGE('',*,*,#1204,.T.);
#1607=ORIENTED_EDGE('',*,*,#1087,.F.);
#1608=ORIENTED_EDGE('',*,*,#1203,.T.);
#1609=ORIENTED_EDGE('',*,*,#1208,.F.);
#1610=ORIENTED_EDGE('',*,*,#1209,.T.);
#1611=ORIENTED_EDGE('',*,*,#1210,.T.);
#1612=ORIENTED_EDGE('',*,*,#1210,.F.);
#1613=ORIENTED_EDGE('',*,*,#1211,.T.);
#1614=ORIENTED_EDGE('',*,*,#1212,.T.);
#1615=ORIENTED_EDGE('',*,*,#1213,.F.);
#1616=ORIENTED_EDGE('',*,*,#1088,.F.);
#1617=ORIENTED_EDGE('',*,*,#1132,.T.);
#1618=ORIENTED_EDGE('',*,*,#1214,.F.);
#1619=ORIENTED_EDGE('',*,*,#1212,.F.);
#1620=ORIENTED_EDGE('',*,*,#1215,.T.);
#1621=ORIENTED_EDGE('',*,*,#1207,.F.);
#1622=ORIENTED_EDGE('',*,*,#1133,.T.);
#1623=ORIENTED_EDGE('',*,*,#1215,.F.);
#1624=ORIENTED_EDGE('',*,*,#1216,.T.);
#1625=ORIENTED_EDGE('',*,*,#1209,.F.);
#1626=ORIENTED_EDGE('',*,*,#1216,.F.);
#1627=ORIENTED_EDGE('',*,*,#1211,.F.);
#1628=ORIENTED_EDGE('',*,*,#1188,.T.);
#1629=ORIENTED_EDGE('',*,*,#1217,.T.);
#1630=ORIENTED_EDGE('',*,*,#1218,.T.);
#1631=ORIENTED_EDGE('',*,*,#1219,.F.);
#1632=ORIENTED_EDGE('',*,*,#1097,.F.);
#1633=ORIENTED_EDGE('',*,*,#1220,.F.);
#1634=ORIENTED_EDGE('',*,*,#1218,.F.);
#1635=ORIENTED_EDGE('',*,*,#1221,.T.);
#1636=ORIENTED_EDGE('',*,*,#1222,.T.);
#1637=ORIENTED_EDGE('',*,*,#1222,.F.);
#1638=ORIENTED_EDGE('',*,*,#1223,.T.);
#1639=ORIENTED_EDGE('',*,*,#1224,.T.);
#1640=ORIENTED_EDGE('',*,*,#1225,.F.);
#1641=ORIENTED_EDGE('',*,*,#1098,.F.);
#1642=ORIENTED_EDGE('',*,*,#1186,.T.);
#1643=ORIENTED_EDGE('',*,*,#1226,.F.);
#1644=ORIENTED_EDGE('',*,*,#1224,.F.);
#1645=ORIENTED_EDGE('',*,*,#1227,.T.);
#1646=ORIENTED_EDGE('',*,*,#1217,.F.);
#1647=ORIENTED_EDGE('',*,*,#1187,.T.);
#1648=ORIENTED_EDGE('',*,*,#1227,.F.);
#1649=ORIENTED_EDGE('',*,*,#1228,.T.);
#1650=ORIENTED_EDGE('',*,*,#1221,.F.);
#1651=ORIENTED_EDGE('',*,*,#1228,.F.);
#1652=ORIENTED_EDGE('',*,*,#1223,.F.);
#1653=ORIENTED_EDGE('',*,*,#1128,.T.);
#1654=ORIENTED_EDGE('',*,*,#1229,.T.);
#1655=ORIENTED_EDGE('',*,*,#1230,.T.);
#1656=ORIENTED_EDGE('',*,*,#1231,.F.);
#1657=ORIENTED_EDGE('',*,*,#1091,.F.);
#1658=ORIENTED_EDGE('',*,*,#1232,.F.);
#1659=ORIENTED_EDGE('',*,*,#1230,.F.);
#1660=ORIENTED_EDGE('',*,*,#1233,.T.);
#1661=ORIENTED_EDGE('',*,*,#1234,.T.);
#1662=ORIENTED_EDGE('',*,*,#1234,.F.);
#1663=ORIENTED_EDGE('',*,*,#1235,.T.);
#1664=ORIENTED_EDGE('',*,*,#1236,.T.);
#1665=ORIENTED_EDGE('',*,*,#1066,.T.);
#1666=ORIENTED_EDGE('',*,*,#1092,.F.);
#1667=ORIENTED_EDGE('',*,*,#1126,.T.);
#1668=ORIENTED_EDGE('',*,*,#1064,.T.);
#1669=ORIENTED_EDGE('',*,*,#1236,.F.);
#1670=ORIENTED_EDGE('',*,*,#1237,.T.);
#1671=ORIENTED_EDGE('',*,*,#1229,.F.);
#1672=ORIENTED_EDGE('',*,*,#1127,.T.);
#1673=ORIENTED_EDGE('',*,*,#1237,.F.);
#1674=ORIENTED_EDGE('',*,*,#1238,.T.);
#1675=ORIENTED_EDGE('',*,*,#1233,.F.);
#1676=ORIENTED_EDGE('',*,*,#1238,.F.);
#1677=ORIENTED_EDGE('',*,*,#1235,.F.);
#1678=ORIENTED_EDGE('',*,*,#1131,.T.);
#1679=ORIENTED_EDGE('',*,*,#1239,.T.);
#1680=ORIENTED_EDGE('',*,*,#1240,.T.);
#1681=ORIENTED_EDGE('',*,*,#1214,.T.);
#1682=ORIENTED_EDGE('',*,*,#1089,.F.);
#1683=ORIENTED_EDGE('',*,*,#1213,.T.);
#1684=ORIENTED_EDGE('',*,*,#1240,.F.);
#1685=ORIENTED_EDGE('',*,*,#1241,.T.);
#1686=ORIENTED_EDGE('',*,*,#1242,.T.);
#1687=ORIENTED_EDGE('',*,*,#1242,.F.);
#1688=ORIENTED_EDGE('',*,*,#1243,.T.);
#1689=ORIENTED_EDGE('',*,*,#1244,.T.);
#1690=ORIENTED_EDGE('',*,*,#1232,.T.);
#1691=ORIENTED_EDGE('',*,*,#1090,.F.);
#1692=ORIENTED_EDGE('',*,*,#1129,.T.);
#1693=ORIENTED_EDGE('',*,*,#1231,.T.);
#1694=ORIENTED_EDGE('',*,*,#1244,.F.);
#1695=ORIENTED_EDGE('',*,*,#1245,.T.);
#1696=ORIENTED_EDGE('',*,*,#1239,.F.);
#1697=ORIENTED_EDGE('',*,*,#1130,.T.);
#1698=ORIENTED_EDGE('',*,*,#1245,.F.);
#1699=ORIENTED_EDGE('',*,*,#1246,.T.);
#1700=ORIENTED_EDGE('',*,*,#1241,.F.);
#1701=ORIENTED_EDGE('',*,*,#1246,.F.);
#1702=ORIENTED_EDGE('',*,*,#1243,.F.);
#1703=ORIENTED_EDGE('',*,*,#1149,.T.);
#1704=ORIENTED_EDGE('',*,*,#1247,.T.);
#1705=ORIENTED_EDGE('',*,*,#1248,.T.);
#1706=ORIENTED_EDGE('',*,*,#1249,.F.);
#1707=ORIENTED_EDGE('',*,*,#1123,.F.);
#1708=ORIENTED_EDGE('',*,*,#1250,.F.);
#1709=ORIENTED_EDGE('',*,*,#1248,.F.);
#1710=ORIENTED_EDGE('',*,*,#1251,.T.);
#1711=ORIENTED_EDGE('',*,*,#1252,.T.);
#1712=ORIENTED_EDGE('',*,*,#1252,.F.);
#1713=ORIENTED_EDGE('',*,*,#1253,.T.);
#1714=ORIENTED_EDGE('',*,*,#1254,.T.);
#1715=ORIENTED_EDGE('',*,*,#1255,.F.);
#1716=ORIENTED_EDGE('',*,*,#1124,.F.);
#1717=ORIENTED_EDGE('',*,*,#1147,.T.);
#1718=ORIENTED_EDGE('',*,*,#1256,.F.);
#1719=ORIENTED_EDGE('',*,*,#1254,.F.);
#1720=ORIENTED_EDGE('',*,*,#1257,.T.);
#1721=ORIENTED_EDGE('',*,*,#1247,.F.);
#1722=ORIENTED_EDGE('',*,*,#1148,.T.);
#1723=ORIENTED_EDGE('',*,*,#1257,.F.);
#1724=ORIENTED_EDGE('',*,*,#1258,.T.);
#1725=ORIENTED_EDGE('',*,*,#1251,.F.);
#1726=ORIENTED_EDGE('',*,*,#1258,.F.);
#1727=ORIENTED_EDGE('',*,*,#1253,.F.);
#1728=ORIENTED_EDGE('',*,*,#1155,.T.);
#1729=ORIENTED_EDGE('',*,*,#1259,.T.);
#1730=ORIENTED_EDGE('',*,*,#1260,.T.);
#1731=ORIENTED_EDGE('',*,*,#1261,.F.);
#1732=ORIENTED_EDGE('',*,*,#1119,.F.);
#1733=ORIENTED_EDGE('',*,*,#1262,.F.);
#1734=ORIENTED_EDGE('',*,*,#1260,.F.);
#1735=ORIENTED_EDGE('',*,*,#1263,.T.);
#1736=ORIENTED_EDGE('',*,*,#1264,.T.);
#1737=ORIENTED_EDGE('',*,*,#1264,.F.);
#1738=ORIENTED_EDGE('',*,*,#1265,.T.);
#1739=ORIENTED_EDGE('',*,*,#1266,.T.);
#1740=ORIENTED_EDGE('',*,*,#1267,.F.);
#1741=ORIENTED_EDGE('',*,*,#1120,.F.);
#1742=ORIENTED_EDGE('',*,*,#1153,.T.);
#1743=ORIENTED_EDGE('',*,*,#1268,.F.);
#1744=ORIENTED_EDGE('',*,*,#1266,.F.);
#1745=ORIENTED_EDGE('',*,*,#1269,.T.);
#1746=ORIENTED_EDGE('',*,*,#1259,.F.);
#1747=ORIENTED_EDGE('',*,*,#1154,.T.);
#1748=ORIENTED_EDGE('',*,*,#1269,.F.);
#1749=ORIENTED_EDGE('',*,*,#1270,.T.);
#1750=ORIENTED_EDGE('',*,*,#1263,.F.);
#1751=ORIENTED_EDGE('',*,*,#1270,.F.);
#1752=ORIENTED_EDGE('',*,*,#1265,.F.);
#1753=ORIENTED_EDGE('',*,*,#1158,.T.);
#1754=ORIENTED_EDGE('',*,*,#1271,.T.);
#1755=ORIENTED_EDGE('',*,*,#1272,.T.);
#1756=ORIENTED_EDGE('',*,*,#1273,.F.);
#1757=ORIENTED_EDGE('',*,*,#1117,.F.);
#1758=ORIENTED_EDGE('',*,*,#1274,.F.);
#1759=ORIENTED_EDGE('',*,*,#1272,.F.);
#1760=ORIENTED_EDGE('',*,*,#1275,.T.);
#1761=ORIENTED_EDGE('',*,*,#1276,.T.);
#1762=ORIENTED_EDGE('',*,*,#1276,.F.);
#1763=ORIENTED_EDGE('',*,*,#1277,.T.);
#1764=ORIENTED_EDGE('',*,*,#1278,.T.);
#1765=ORIENTED_EDGE('',*,*,#1262,.T.);
#1766=ORIENTED_EDGE('',*,*,#1118,.F.);
#1767=ORIENTED_EDGE('',*,*,#1156,.T.);
#1768=ORIENTED_EDGE('',*,*,#1261,.T.);
#1769=ORIENTED_EDGE('',*,*,#1278,.F.);
#1770=ORIENTED_EDGE('',*,*,#1279,.T.);
#1771=ORIENTED_EDGE('',*,*,#1271,.F.);
#1772=ORIENTED_EDGE('',*,*,#1157,.T.);
#1773=ORIENTED_EDGE('',*,*,#1279,.F.);
#1774=ORIENTED_EDGE('',*,*,#1280,.T.);
#1775=ORIENTED_EDGE('',*,*,#1275,.F.);
#1776=ORIENTED_EDGE('',*,*,#1280,.F.);
#1777=ORIENTED_EDGE('',*,*,#1277,.F.);
#1778=ORIENTED_EDGE('',*,*,#1173,.T.);
#1779=ORIENTED_EDGE('',*,*,#1281,.T.);
#1780=ORIENTED_EDGE('',*,*,#1282,.T.);
#1781=ORIENTED_EDGE('',*,*,#1283,.F.);
#1782=ORIENTED_EDGE('',*,*,#1107,.F.);
#1783=ORIENTED_EDGE('',*,*,#1284,.F.);
#1784=ORIENTED_EDGE('',*,*,#1282,.F.);
#1785=ORIENTED_EDGE('',*,*,#1285,.T.);
#1786=ORIENTED_EDGE('',*,*,#1286,.T.);
#1787=ORIENTED_EDGE('',*,*,#1286,.F.);
#1788=ORIENTED_EDGE('',*,*,#1287,.T.);
#1789=ORIENTED_EDGE('',*,*,#1288,.T.);
#1790=ORIENTED_EDGE('',*,*,#1289,.F.);
#1791=ORIENTED_EDGE('',*,*,#1108,.F.);
#1792=ORIENTED_EDGE('',*,*,#1171,.T.);
#1793=ORIENTED_EDGE('',*,*,#1290,.F.);
#1794=ORIENTED_EDGE('',*,*,#1288,.F.);
#1795=ORIENTED_EDGE('',*,*,#1291,.T.);
#1796=ORIENTED_EDGE('',*,*,#1281,.F.);
#1797=ORIENTED_EDGE('',*,*,#1172,.T.);
#1798=ORIENTED_EDGE('',*,*,#1291,.F.);
#1799=ORIENTED_EDGE('',*,*,#1292,.T.);
#1800=ORIENTED_EDGE('',*,*,#1285,.F.);
#1801=ORIENTED_EDGE('',*,*,#1292,.F.);
#1802=ORIENTED_EDGE('',*,*,#1287,.F.);
#1803=ORIENTED_EDGE('',*,*,#1176,.T.);
#1804=ORIENTED_EDGE('',*,*,#1293,.T.);
#1805=ORIENTED_EDGE('',*,*,#1294,.T.);
#1806=ORIENTED_EDGE('',*,*,#1295,.F.);
#1807=ORIENTED_EDGE('',*,*,#1105,.F.);
#1808=ORIENTED_EDGE('',*,*,#1296,.F.);
#1809=ORIENTED_EDGE('',*,*,#1294,.F.);
#1810=ORIENTED_EDGE('',*,*,#1297,.T.);
#1811=ORIENTED_EDGE('',*,*,#1298,.T.);
#1812=ORIENTED_EDGE('',*,*,#1298,.F.);
#1813=ORIENTED_EDGE('',*,*,#1299,.T.);
#1814=ORIENTED_EDGE('',*,*,#1300,.T.);
#1815=ORIENTED_EDGE('',*,*,#1284,.T.);
#1816=ORIENTED_EDGE('',*,*,#1106,.F.);
#1817=ORIENTED_EDGE('',*,*,#1174,.T.);
#1818=ORIENTED_EDGE('',*,*,#1283,.T.);
#1819=ORIENTED_EDGE('',*,*,#1300,.F.);
#1820=ORIENTED_EDGE('',*,*,#1301,.T.);
#1821=ORIENTED_EDGE('',*,*,#1293,.F.);
#1822=ORIENTED_EDGE('',*,*,#1175,.T.);
#1823=ORIENTED_EDGE('',*,*,#1301,.F.);
#1824=ORIENTED_EDGE('',*,*,#1302,.T.);
#1825=ORIENTED_EDGE('',*,*,#1297,.F.);
#1826=ORIENTED_EDGE('',*,*,#1302,.F.);
#1827=ORIENTED_EDGE('',*,*,#1299,.F.);
#1828=ORIENTED_EDGE('',*,*,#1179,.T.);
#1829=ORIENTED_EDGE('',*,*,#1303,.T.);
#1830=ORIENTED_EDGE('',*,*,#1304,.T.);
#1831=ORIENTED_EDGE('',*,*,#1305,.F.);
#1832=ORIENTED_EDGE('',*,*,#1103,.F.);
#1833=ORIENTED_EDGE('',*,*,#1306,.F.);
#1834=ORIENTED_EDGE('',*,*,#1304,.F.);
#1835=ORIENTED_EDGE('',*,*,#1307,.T.);
#1836=ORIENTED_EDGE('',*,*,#1308,.T.);
#1837=ORIENTED_EDGE('',*,*,#1308,.F.);
#1838=ORIENTED_EDGE('',*,*,#1309,.T.);
#1839=ORIENTED_EDGE('',*,*,#1310,.T.);
#1840=ORIENTED_EDGE('',*,*,#1296,.T.);
#1841=ORIENTED_EDGE('',*,*,#1104,.F.);
#1842=ORIENTED_EDGE('',*,*,#1177,.T.);
#1843=ORIENTED_EDGE('',*,*,#1295,.T.);
#1844=ORIENTED_EDGE('',*,*,#1310,.F.);
#1845=ORIENTED_EDGE('',*,*,#1311,.T.);
#1846=ORIENTED_EDGE('',*,*,#1303,.F.);
#1847=ORIENTED_EDGE('',*,*,#1178,.T.);
#1848=ORIENTED_EDGE('',*,*,#1311,.F.);
#1849=ORIENTED_EDGE('',*,*,#1312,.T.);
#1850=ORIENTED_EDGE('',*,*,#1307,.F.);
#1851=ORIENTED_EDGE('',*,*,#1312,.F.);
#1852=ORIENTED_EDGE('',*,*,#1309,.F.);
#1853=ORIENTED_EDGE('',*,*,#1170,.T.);
#1854=ORIENTED_EDGE('',*,*,#1313,.T.);
#1855=ORIENTED_EDGE('',*,*,#1314,.T.);
#1856=ORIENTED_EDGE('',*,*,#1290,.T.);
#1857=ORIENTED_EDGE('',*,*,#1109,.F.);
#1858=ORIENTED_EDGE('',*,*,#1289,.T.);
#1859=ORIENTED_EDGE('',*,*,#1314,.F.);
#1860=ORIENTED_EDGE('',*,*,#1315,.T.);
#1861=ORIENTED_EDGE('',*,*,#1316,.T.);
#1862=ORIENTED_EDGE('',*,*,#1316,.F.);
#1863=ORIENTED_EDGE('',*,*,#1317,.T.);
#1864=ORIENTED_EDGE('',*,*,#1318,.T.);
#1865=ORIENTED_EDGE('',*,*,#1319,.F.);
#1866=ORIENTED_EDGE('',*,*,#1110,.F.);
#1867=ORIENTED_EDGE('',*,*,#1168,.T.);
#1868=ORIENTED_EDGE('',*,*,#1320,.F.);
#1869=ORIENTED_EDGE('',*,*,#1318,.F.);
#1870=ORIENTED_EDGE('',*,*,#1321,.T.);
#1871=ORIENTED_EDGE('',*,*,#1313,.F.);
#1872=ORIENTED_EDGE('',*,*,#1169,.T.);
#1873=ORIENTED_EDGE('',*,*,#1321,.F.);
#1874=ORIENTED_EDGE('',*,*,#1322,.T.);
#1875=ORIENTED_EDGE('',*,*,#1315,.F.);
#1876=ORIENTED_EDGE('',*,*,#1322,.F.);
#1877=ORIENTED_EDGE('',*,*,#1317,.F.);
#1878=ORIENTED_EDGE('',*,*,#1161,.T.);
#1879=ORIENTED_EDGE('',*,*,#1323,.T.);
#1880=ORIENTED_EDGE('',*,*,#1324,.T.);
#1881=ORIENTED_EDGE('',*,*,#1325,.F.);
#1882=ORIENTED_EDGE('',*,*,#1115,.F.);
#1883=ORIENTED_EDGE('',*,*,#1326,.F.);
#1884=ORIENTED_EDGE('',*,*,#1324,.F.);
#1885=ORIENTED_EDGE('',*,*,#1327,.T.);
#1886=ORIENTED_EDGE('',*,*,#1328,.T.);
#1887=ORIENTED_EDGE('',*,*,#1328,.F.);
#1888=ORIENTED_EDGE('',*,*,#1329,.T.);
#1889=ORIENTED_EDGE('',*,*,#1330,.T.);
#1890=ORIENTED_EDGE('',*,*,#1274,.T.);
#1891=ORIENTED_EDGE('',*,*,#1116,.F.);
#1892=ORIENTED_EDGE('',*,*,#1159,.T.);
#1893=ORIENTED_EDGE('',*,*,#1273,.T.);
#1894=ORIENTED_EDGE('',*,*,#1330,.F.);
#1895=ORIENTED_EDGE('',*,*,#1331,.T.);
#1896=ORIENTED_EDGE('',*,*,#1323,.F.);
#1897=ORIENTED_EDGE('',*,*,#1160,.T.);
#1898=ORIENTED_EDGE('',*,*,#1331,.F.);
#1899=ORIENTED_EDGE('',*,*,#1332,.T.);
#1900=ORIENTED_EDGE('',*,*,#1327,.F.);
#1901=ORIENTED_EDGE('',*,*,#1332,.F.);
#1902=ORIENTED_EDGE('',*,*,#1329,.F.);
#1903=ORIENTED_EDGE('',*,*,#1152,.T.);
#1904=ORIENTED_EDGE('',*,*,#1333,.T.);
#1905=ORIENTED_EDGE('',*,*,#1334,.T.);
#1906=ORIENTED_EDGE('',*,*,#1268,.T.);
#1907=ORIENTED_EDGE('',*,*,#1121,.F.);
#1908=ORIENTED_EDGE('',*,*,#1267,.T.);
#1909=ORIENTED_EDGE('',*,*,#1334,.F.);
#1910=ORIENTED_EDGE('',*,*,#1335,.T.);
#1911=ORIENTED_EDGE('',*,*,#1336,.T.);
#1912=ORIENTED_EDGE('',*,*,#1336,.F.);
#1913=ORIENTED_EDGE('',*,*,#1337,.T.);
#1914=ORIENTED_EDGE('',*,*,#1338,.T.);
#1915=ORIENTED_EDGE('',*,*,#1250,.T.);
#1916=ORIENTED_EDGE('',*,*,#1122,.F.);
#1917=ORIENTED_EDGE('',*,*,#1150,.T.);
#1918=ORIENTED_EDGE('',*,*,#1249,.T.);
#1919=ORIENTED_EDGE('',*,*,#1338,.F.);
#1920=ORIENTED_EDGE('',*,*,#1339,.T.);
#1921=ORIENTED_EDGE('',*,*,#1333,.F.);
#1922=ORIENTED_EDGE('',*,*,#1151,.T.);
#1923=ORIENTED_EDGE('',*,*,#1339,.F.);
#1924=ORIENTED_EDGE('',*,*,#1340,.T.);
#1925=ORIENTED_EDGE('',*,*,#1335,.F.);
#1926=ORIENTED_EDGE('',*,*,#1340,.F.);
#1927=ORIENTED_EDGE('',*,*,#1337,.F.);
#1928=ORIENTED_EDGE('',*,*,#1167,.T.);
#1929=ORIENTED_EDGE('',*,*,#1341,.T.);
#1930=ORIENTED_EDGE('',*,*,#1342,.T.);
#1931=ORIENTED_EDGE('',*,*,#1320,.T.);
#1932=ORIENTED_EDGE('',*,*,#1111,.F.);
#1933=ORIENTED_EDGE('',*,*,#1319,.T.);
#1934=ORIENTED_EDGE('',*,*,#1342,.F.);
#1935=ORIENTED_EDGE('',*,*,#1343,.T.);
#1936=ORIENTED_EDGE('',*,*,#1344,.T.);
#1937=ORIENTED_EDGE('',*,*,#1344,.F.);
#1938=ORIENTED_EDGE('',*,*,#1345,.T.);
#1939=ORIENTED_EDGE('',*,*,#1346,.T.);
#1940=ORIENTED_EDGE('',*,*,#1347,.F.);
#1941=ORIENTED_EDGE('',*,*,#1112,.F.);
#1942=ORIENTED_EDGE('',*,*,#1165,.T.);
#1943=ORIENTED_EDGE('',*,*,#1348,.F.);
#1944=ORIENTED_EDGE('',*,*,#1346,.F.);
#1945=ORIENTED_EDGE('',*,*,#1349,.T.);
#1946=ORIENTED_EDGE('',*,*,#1341,.F.);
#1947=ORIENTED_EDGE('',*,*,#1166,.T.);
#1948=ORIENTED_EDGE('',*,*,#1349,.F.);
#1949=ORIENTED_EDGE('',*,*,#1350,.T.);
#1950=ORIENTED_EDGE('',*,*,#1343,.F.);
#1951=ORIENTED_EDGE('',*,*,#1350,.F.);
#1952=ORIENTED_EDGE('',*,*,#1345,.F.);
#1953=ORIENTED_EDGE('',*,*,#1351,.F.);
#1954=ORIENTED_EDGE('',*,*,#1058,.T.);
#1955=ORIENTED_EDGE('',*,*,#1078,.F.);
#1956=ORIENTED_EDGE('',*,*,#1352,.T.);
#1957=ORIENTED_EDGE('',*,*,#1351,.T.);
#1958=ORIENTED_EDGE('',*,*,#1352,.F.);
#1959=ORIENTED_EDGE('',*,*,#1185,.T.);
#1960=ORIENTED_EDGE('',*,*,#1353,.T.);
#1961=ORIENTED_EDGE('',*,*,#1354,.T.);
#1962=ORIENTED_EDGE('',*,*,#1226,.T.);
#1963=ORIENTED_EDGE('',*,*,#1099,.T.);
#1964=ORIENTED_EDGE('',*,*,#1225,.T.);
#1965=ORIENTED_EDGE('',*,*,#1354,.F.);
#1966=ORIENTED_EDGE('',*,*,#1355,.T.);
#1967=ORIENTED_EDGE('',*,*,#1356,.T.);
#1968=ORIENTED_EDGE('',*,*,#1356,.F.);
#1969=ORIENTED_EDGE('',*,*,#1357,.T.);
#1970=ORIENTED_EDGE('',*,*,#1358,.T.);
#1971=ORIENTED_EDGE('',*,*,#1359,.F.);
#1972=ORIENTED_EDGE('',*,*,#1100,.T.);
#1973=ORIENTED_EDGE('',*,*,#1183,.T.);
#1974=ORIENTED_EDGE('',*,*,#1360,.F.);
#1975=ORIENTED_EDGE('',*,*,#1358,.F.);
#1976=ORIENTED_EDGE('',*,*,#1361,.T.);
#1977=ORIENTED_EDGE('',*,*,#1353,.F.);
#1978=ORIENTED_EDGE('',*,*,#1184,.T.);
#1979=ORIENTED_EDGE('',*,*,#1361,.F.);
#1980=ORIENTED_EDGE('',*,*,#1362,.T.);
#1981=ORIENTED_EDGE('',*,*,#1355,.F.);
#1982=ORIENTED_EDGE('',*,*,#1362,.F.);
#1983=ORIENTED_EDGE('',*,*,#1357,.F.);
#1984=ORIENTED_EDGE('',*,*,#1146,.T.);
#1985=ORIENTED_EDGE('',*,*,#1363,.T.);
#1986=ORIENTED_EDGE('',*,*,#1364,.T.);
#1987=ORIENTED_EDGE('',*,*,#1256,.T.);
#1988=ORIENTED_EDGE('',*,*,#1125,.T.);
#1989=ORIENTED_EDGE('',*,*,#1255,.T.);
#1990=ORIENTED_EDGE('',*,*,#1364,.F.);
#1991=ORIENTED_EDGE('',*,*,#1365,.T.);
#1992=ORIENTED_EDGE('',*,*,#1366,.T.);
#1993=ORIENTED_EDGE('',*,*,#1366,.F.);
#1994=ORIENTED_EDGE('',*,*,#1367,.T.);
#1995=ORIENTED_EDGE('',*,*,#1368,.T.);
#1996=ORIENTED_EDGE('',*,*,#1369,.F.);
#1997=ORIENTED_EDGE('',*,*,#1080,.T.);
#1998=ORIENTED_EDGE('',*,*,#1144,.T.);
#1999=ORIENTED_EDGE('',*,*,#1370,.F.);
#2000=ORIENTED_EDGE('',*,*,#1368,.F.);
#2001=ORIENTED_EDGE('',*,*,#1371,.T.);
#2002=ORIENTED_EDGE('',*,*,#1363,.F.);
#2003=ORIENTED_EDGE('',*,*,#1145,.T.);
#2004=ORIENTED_EDGE('',*,*,#1371,.F.);
#2005=ORIENTED_EDGE('',*,*,#1372,.T.);
#2006=ORIENTED_EDGE('',*,*,#1365,.F.);
#2007=ORIENTED_EDGE('',*,*,#1372,.F.);
#2008=ORIENTED_EDGE('',*,*,#1367,.F.);
#2009=ORIENTED_EDGE('',*,*,#1140,.T.);
#2010=ORIENTED_EDGE('',*,*,#1373,.T.);
#2011=ORIENTED_EDGE('',*,*,#1374,.T.);
#2012=ORIENTED_EDGE('',*,*,#1375,.F.);
#2013=ORIENTED_EDGE('',*,*,#1083,.T.);
#2014=ORIENTED_EDGE('',*,*,#1376,.F.);
#2015=ORIENTED_EDGE('',*,*,#1374,.F.);
#2016=ORIENTED_EDGE('',*,*,#1377,.T.);
#2017=ORIENTED_EDGE('',*,*,#1378,.T.);
#2018=ORIENTED_EDGE('',*,*,#1378,.F.);
#2019=ORIENTED_EDGE('',*,*,#1379,.T.);
#2020=ORIENTED_EDGE('',*,*,#1380,.T.);
#2021=ORIENTED_EDGE('',*,*,#1198,.T.);
#2022=ORIENTED_EDGE('',*,*,#1084,.T.);
#2023=ORIENTED_EDGE('',*,*,#1138,.T.);
#2024=ORIENTED_EDGE('',*,*,#1197,.T.);
#2025=ORIENTED_EDGE('',*,*,#1380,.F.);
#2026=ORIENTED_EDGE('',*,*,#1381,.T.);
#2027=ORIENTED_EDGE('',*,*,#1373,.F.);
#2028=ORIENTED_EDGE('',*,*,#1139,.T.);
#2029=ORIENTED_EDGE('',*,*,#1381,.F.);
#2030=ORIENTED_EDGE('',*,*,#1382,.T.);
#2031=ORIENTED_EDGE('',*,*,#1377,.F.);
#2032=ORIENTED_EDGE('',*,*,#1382,.F.);
#2033=ORIENTED_EDGE('',*,*,#1379,.F.);
#2034=ORIENTED_EDGE('',*,*,#1164,.T.);
#2035=ORIENTED_EDGE('',*,*,#1383,.T.);
#2036=ORIENTED_EDGE('',*,*,#1384,.T.);
#2037=ORIENTED_EDGE('',*,*,#1348,.T.);
#2038=ORIENTED_EDGE('',*,*,#1113,.T.);
#2039=ORIENTED_EDGE('',*,*,#1347,.T.);
#2040=ORIENTED_EDGE('',*,*,#1384,.F.);
#2041=ORIENTED_EDGE('',*,*,#1385,.T.);
#2042=ORIENTED_EDGE('',*,*,#1386,.T.);
#2043=ORIENTED_EDGE('',*,*,#1386,.F.);
#2044=ORIENTED_EDGE('',*,*,#1387,.T.);
#2045=ORIENTED_EDGE('',*,*,#1388,.T.);
#2046=ORIENTED_EDGE('',*,*,#1326,.T.);
#2047=ORIENTED_EDGE('',*,*,#1114,.T.);
#2048=ORIENTED_EDGE('',*,*,#1162,.T.);
#2049=ORIENTED_EDGE('',*,*,#1325,.T.);
#2050=ORIENTED_EDGE('',*,*,#1388,.F.);
#2051=ORIENTED_EDGE('',*,*,#1389,.T.);
#2052=ORIENTED_EDGE('',*,*,#1383,.F.);
#2053=ORIENTED_EDGE('',*,*,#1163,.T.);
#2054=ORIENTED_EDGE('',*,*,#1389,.F.);
#2055=ORIENTED_EDGE('',*,*,#1390,.T.);
#2056=ORIENTED_EDGE('',*,*,#1385,.F.);
#2057=ORIENTED_EDGE('',*,*,#1390,.F.);
#2058=ORIENTED_EDGE('',*,*,#1387,.F.);
#2059=ORIENTED_EDGE('',*,*,#1194,.T.);
#2060=ORIENTED_EDGE('',*,*,#1391,.T.);
#2061=ORIENTED_EDGE('',*,*,#1392,.T.);
#2062=ORIENTED_EDGE('',*,*,#1074,.T.);
#2063=ORIENTED_EDGE('',*,*,#1093,.T.);
#2064=ORIENTED_EDGE('',*,*,#1071,.T.);
#2065=ORIENTED_EDGE('',*,*,#1392,.F.);
#2066=ORIENTED_EDGE('',*,*,#1393,.T.);
#2067=ORIENTED_EDGE('',*,*,#1394,.T.);
#2068=ORIENTED_EDGE('',*,*,#1394,.F.);
#2069=ORIENTED_EDGE('',*,*,#1395,.T.);
#2070=ORIENTED_EDGE('',*,*,#1396,.T.);
#2071=ORIENTED_EDGE('',*,*,#1397,.F.);
#2072=ORIENTED_EDGE('',*,*,#1094,.T.);
#2073=ORIENTED_EDGE('',*,*,#1192,.T.);
#2074=ORIENTED_EDGE('',*,*,#1398,.F.);
#2075=ORIENTED_EDGE('',*,*,#1396,.F.);
#2076=ORIENTED_EDGE('',*,*,#1399,.T.);
#2077=ORIENTED_EDGE('',*,*,#1391,.F.);
#2078=ORIENTED_EDGE('',*,*,#1193,.T.);
#2079=ORIENTED_EDGE('',*,*,#1399,.F.);
#2080=ORIENTED_EDGE('',*,*,#1400,.T.);
#2081=ORIENTED_EDGE('',*,*,#1393,.F.);
#2082=ORIENTED_EDGE('',*,*,#1400,.F.);
#2083=ORIENTED_EDGE('',*,*,#1395,.F.);
#2084=ORIENTED_EDGE('',*,*,#1191,.T.);
#2085=ORIENTED_EDGE('',*,*,#1401,.T.);
#2086=ORIENTED_EDGE('',*,*,#1402,.T.);
#2087=ORIENTED_EDGE('',*,*,#1398,.T.);
#2088=ORIENTED_EDGE('',*,*,#1095,.T.);
#2089=ORIENTED_EDGE('',*,*,#1397,.T.);
#2090=ORIENTED_EDGE('',*,*,#1402,.F.);
#2091=ORIENTED_EDGE('',*,*,#1403,.T.);
#2092=ORIENTED_EDGE('',*,*,#1404,.T.);
#2093=ORIENTED_EDGE('',*,*,#1404,.F.);
#2094=ORIENTED_EDGE('',*,*,#1405,.T.);
#2095=ORIENTED_EDGE('',*,*,#1406,.T.);
#2096=ORIENTED_EDGE('',*,*,#1220,.T.);
#2097=ORIENTED_EDGE('',*,*,#1096,.T.);
#2098=ORIENTED_EDGE('',*,*,#1189,.T.);
#2099=ORIENTED_EDGE('',*,*,#1219,.T.);
#2100=ORIENTED_EDGE('',*,*,#1406,.F.);
#2101=ORIENTED_EDGE('',*,*,#1407,.T.);
#2102=ORIENTED_EDGE('',*,*,#1401,.F.);
#2103=ORIENTED_EDGE('',*,*,#1190,.T.);
#2104=ORIENTED_EDGE('',*,*,#1407,.F.);
#2105=ORIENTED_EDGE('',*,*,#1408,.T.);
#2106=ORIENTED_EDGE('',*,*,#1403,.F.);
#2107=ORIENTED_EDGE('',*,*,#1408,.F.);
#2108=ORIENTED_EDGE('',*,*,#1405,.F.);
#2109=ORIENTED_EDGE('',*,*,#1143,.T.);
#2110=ORIENTED_EDGE('',*,*,#1409,.T.);
#2111=ORIENTED_EDGE('',*,*,#1410,.T.);
#2112=ORIENTED_EDGE('',*,*,#1370,.T.);
#2113=ORIENTED_EDGE('',*,*,#1081,.T.);
#2114=ORIENTED_EDGE('',*,*,#1369,.T.);
#2115=ORIENTED_EDGE('',*,*,#1410,.F.);
#2116=ORIENTED_EDGE('',*,*,#1411,.T.);
#2117=ORIENTED_EDGE('',*,*,#1412,.T.);
#2118=ORIENTED_EDGE('',*,*,#1412,.F.);
#2119=ORIENTED_EDGE('',*,*,#1413,.T.);
#2120=ORIENTED_EDGE('',*,*,#1414,.T.);
#2121=ORIENTED_EDGE('',*,*,#1376,.T.);
#2122=ORIENTED_EDGE('',*,*,#1082,.T.);
#2123=ORIENTED_EDGE('',*,*,#1141,.T.);
#2124=ORIENTED_EDGE('',*,*,#1375,.T.);
#2125=ORIENTED_EDGE('',*,*,#1414,.F.);
#2126=ORIENTED_EDGE('',*,*,#1415,.T.);
#2127=ORIENTED_EDGE('',*,*,#1409,.F.);
#2128=ORIENTED_EDGE('',*,*,#1142,.T.);
#2129=ORIENTED_EDGE('',*,*,#1415,.F.);
#2130=ORIENTED_EDGE('',*,*,#1416,.T.);
#2131=ORIENTED_EDGE('',*,*,#1411,.F.);
#2132=ORIENTED_EDGE('',*,*,#1416,.F.);
#2133=ORIENTED_EDGE('',*,*,#1413,.F.);
#2134=ORIENTED_EDGE('',*,*,#1182,.T.);
#2135=ORIENTED_EDGE('',*,*,#1417,.T.);
#2136=ORIENTED_EDGE('',*,*,#1418,.T.);
#2137=ORIENTED_EDGE('',*,*,#1360,.T.);
#2138=ORIENTED_EDGE('',*,*,#1101,.T.);
#2139=ORIENTED_EDGE('',*,*,#1359,.T.);
#2140=ORIENTED_EDGE('',*,*,#1418,.F.);
#2141=ORIENTED_EDGE('',*,*,#1419,.T.);
#2142=ORIENTED_EDGE('',*,*,#1420,.T.);
#2143=ORIENTED_EDGE('',*,*,#1420,.F.);
#2144=ORIENTED_EDGE('',*,*,#1421,.T.);
#2145=ORIENTED_EDGE('',*,*,#1422,.T.);
#2146=ORIENTED_EDGE('',*,*,#1306,.T.);
#2147=ORIENTED_EDGE('',*,*,#1102,.T.);
#2148=ORIENTED_EDGE('',*,*,#1180,.T.);
#2149=ORIENTED_EDGE('',*,*,#1305,.T.);
#2150=ORIENTED_EDGE('',*,*,#1422,.F.);
#2151=ORIENTED_EDGE('',*,*,#1423,.T.);
#2152=ORIENTED_EDGE('',*,*,#1417,.F.);
#2153=ORIENTED_EDGE('',*,*,#1181,.T.);
#2154=ORIENTED_EDGE('',*,*,#1423,.F.);
#2155=ORIENTED_EDGE('',*,*,#1424,.T.);
#2156=ORIENTED_EDGE('',*,*,#1419,.F.);
#2157=ORIENTED_EDGE('',*,*,#1424,.F.);
#2158=ORIENTED_EDGE('',*,*,#1421,.F.);
#2159=CYLINDRICAL_SURFACE('',#2324,1.05);
#2160=ADVANCED_FACE('',(#433),#2159,.F.);
#2161=ADVANCED_FACE('',(#434),#337,.F.);
#2162=ADVANCED_FACE('',(#435),#338,.F.);
#2163=ADVANCED_FACE('',(#436),#339,.F.);
#2164=ADVANCED_FACE('',(#437),#340,.F.);
#2165=ADVANCED_FACE('',(#438),#48,.T.);
#2166=ADVANCED_FACE('',(#439),#23,.F.);
#2167=ADVANCED_FACE('',(#440),#49,.F.);
#2168=ADVANCED_FACE('',(#441,#19),#21,.T.);
#2169=ADVANCED_FACE('',(#442),#341,.F.);
#2170=ADVANCED_FACE('',(#443),#342,.F.);
#2171=ADVANCED_FACE('',(#444),#343,.F.);
#2172=ADVANCED_FACE('',(#445),#344,.F.);
#2173=ADVANCED_FACE('',(#446),#50,.T.);
#2174=ADVANCED_FACE('',(#447),#24,.F.);
#2175=ADVANCED_FACE('',(#448),#345,.F.);
#2176=ADVANCED_FACE('',(#449),#346,.F.);
#2177=ADVANCED_FACE('',(#450),#347,.F.);
#2178=ADVANCED_FACE('',(#451),#348,.F.);
#2179=ADVANCED_FACE('',(#452),#51,.T.);
#2180=ADVANCED_FACE('',(#453),#25,.F.);
#2181=ADVANCED_FACE('',(#454),#349,.F.);
#2182=ADVANCED_FACE('',(#455),#350,.F.);
#2183=ADVANCED_FACE('',(#456),#351,.F.);
#2184=ADVANCED_FACE('',(#457),#352,.F.);
#2185=ADVANCED_FACE('',(#458),#52,.T.);
#2186=ADVANCED_FACE('',(#459),#26,.F.);
#2187=ADVANCED_FACE('',(#460),#353,.F.);
#2188=ADVANCED_FACE('',(#461),#354,.F.);
#2189=ADVANCED_FACE('',(#462),#355,.F.);
#2190=ADVANCED_FACE('',(#463),#356,.F.);
#2191=ADVANCED_FACE('',(#464),#53,.T.);
#2192=ADVANCED_FACE('',(#465),#27,.F.);
#2193=ADVANCED_FACE('',(#466),#357,.F.);
#2194=ADVANCED_FACE('',(#467),#358,.F.);
#2195=ADVANCED_FACE('',(#468),#359,.F.);
#2196=ADVANCED_FACE('',(#469),#360,.F.);
#2197=ADVANCED_FACE('',(#470),#54,.T.);
#2198=ADVANCED_FACE('',(#471),#28,.F.);
#2199=ADVANCED_FACE('',(#472),#361,.F.);
#2200=ADVANCED_FACE('',(#473),#362,.F.);
#2201=ADVANCED_FACE('',(#474),#363,.F.);
#2202=ADVANCED_FACE('',(#475),#364,.F.);
#2203=ADVANCED_FACE('',(#476),#55,.T.);
#2204=ADVANCED_FACE('',(#477),#29,.F.);
#2205=ADVANCED_FACE('',(#478),#365,.F.);
#2206=ADVANCED_FACE('',(#479),#366,.F.);
#2207=ADVANCED_FACE('',(#480),#367,.F.);
#2208=ADVANCED_FACE('',(#481),#368,.F.);
#2209=ADVANCED_FACE('',(#482),#56,.T.);
#2210=ADVANCED_FACE('',(#483),#30,.F.);
#2211=ADVANCED_FACE('',(#484),#369,.F.);
#2212=ADVANCED_FACE('',(#485),#370,.F.);
#2213=ADVANCED_FACE('',(#486),#371,.F.);
#2214=ADVANCED_FACE('',(#487),#372,.F.);
#2215=ADVANCED_FACE('',(#488),#57,.T.);
#2216=ADVANCED_FACE('',(#489),#31,.F.);
#2217=ADVANCED_FACE('',(#490),#373,.F.);
#2218=ADVANCED_FACE('',(#491),#374,.F.);
#2219=ADVANCED_FACE('',(#492),#375,.F.);
#2220=ADVANCED_FACE('',(#493),#376,.F.);
#2221=ADVANCED_FACE('',(#494),#58,.T.);
#2222=ADVANCED_FACE('',(#495),#32,.F.);
#2223=ADVANCED_FACE('',(#496),#377,.F.);
#2224=ADVANCED_FACE('',(#497),#378,.F.);
#2225=ADVANCED_FACE('',(#498),#379,.F.);
#2226=ADVANCED_FACE('',(#499),#380,.F.);
#2227=ADVANCED_FACE('',(#500),#59,.T.);
#2228=ADVANCED_FACE('',(#501),#33,.F.);
#2229=ADVANCED_FACE('',(#502),#381,.F.);
#2230=ADVANCED_FACE('',(#503),#382,.F.);
#2231=ADVANCED_FACE('',(#504),#383,.F.);
#2232=ADVANCED_FACE('',(#505),#384,.F.);
#2233=ADVANCED_FACE('',(#506),#60,.T.);
#2234=ADVANCED_FACE('',(#507),#34,.F.);
#2235=ADVANCED_FACE('',(#508),#385,.F.);
#2236=ADVANCED_FACE('',(#509),#386,.F.);
#2237=ADVANCED_FACE('',(#510),#387,.F.);
#2238=ADVANCED_FACE('',(#511),#388,.F.);
#2239=ADVANCED_FACE('',(#512),#61,.T.);
#2240=ADVANCED_FACE('',(#513),#35,.F.);
#2241=ADVANCED_FACE('',(#514),#389,.F.);
#2242=ADVANCED_FACE('',(#515),#390,.F.);
#2243=ADVANCED_FACE('',(#516),#391,.F.);
#2244=ADVANCED_FACE('',(#517),#392,.F.);
#2245=ADVANCED_FACE('',(#518),#62,.T.);
#2246=ADVANCED_FACE('',(#519),#36,.F.);
#2247=ADVANCED_FACE('',(#520),#393,.F.);
#2248=ADVANCED_FACE('',(#521),#394,.F.);
#2249=ADVANCED_FACE('',(#522),#395,.F.);
#2250=ADVANCED_FACE('',(#523),#396,.F.);
#2251=ADVANCED_FACE('',(#524),#63,.T.);
#2252=ADVANCED_FACE('',(#525),#37,.F.);
#2253=ADVANCED_FACE('',(#526),#397,.F.);
#2254=ADVANCED_FACE('',(#527),#398,.F.);
#2255=ADVANCED_FACE('',(#528),#399,.F.);
#2256=ADVANCED_FACE('',(#529),#400,.F.);
#2257=ADVANCED_FACE('',(#530),#64,.T.);
#2258=ADVANCED_FACE('',(#531),#38,.F.);
#2259=ADVANCED_FACE('',(#532,#20),#22,.T.);
#2260=ADVANCED_FACE('',(#533),#39,.T.);
#2261=ADVANCED_FACE('',(#534),#401,.F.);
#2262=ADVANCED_FACE('',(#535),#402,.F.);
#2263=ADVANCED_FACE('',(#536),#403,.F.);
#2264=ADVANCED_FACE('',(#537),#404,.F.);
#2265=ADVANCED_FACE('',(#538),#65,.T.);
#2266=ADVANCED_FACE('',(#539),#40,.F.);
#2267=ADVANCED_FACE('',(#540),#405,.F.);
#2268=ADVANCED_FACE('',(#541),#406,.F.);
#2269=ADVANCED_FACE('',(#542),#407,.F.);
#2270=ADVANCED_FACE('',(#543),#408,.F.);
#2271=ADVANCED_FACE('',(#544),#66,.T.);
#2272=ADVANCED_FACE('',(#545),#41,.F.);
#2273=ADVANCED_FACE('',(#546),#409,.F.);
#2274=ADVANCED_FACE('',(#547),#410,.F.);
#2275=ADVANCED_FACE('',(#548),#411,.F.);
#2276=ADVANCED_FACE('',(#549),#412,.F.);
#2277=ADVANCED_FACE('',(#550),#67,.T.);
#2278=ADVANCED_FACE('',(#551),#42,.F.);
#2279=ADVANCED_FACE('',(#552),#413,.F.);
#2280=ADVANCED_FACE('',(#553),#414,.F.);
#2281=ADVANCED_FACE('',(#554),#415,.F.);
#2282=ADVANCED_FACE('',(#555),#416,.F.);
#2283=ADVANCED_FACE('',(#556),#68,.T.);
#2284=ADVANCED_FACE('',(#557),#43,.F.);
#2285=ADVANCED_FACE('',(#558),#417,.F.);
#2286=ADVANCED_FACE('',(#559),#418,.F.);
#2287=ADVANCED_FACE('',(#560),#419,.F.);
#2288=ADVANCED_FACE('',(#561),#420,.F.);
#2289=ADVANCED_FACE('',(#562),#69,.T.);
#2290=ADVANCED_FACE('',(#563),#44,.F.);
#2291=ADVANCED_FACE('',(#564),#421,.F.);
#2292=ADVANCED_FACE('',(#565),#422,.F.);
#2293=ADVANCED_FACE('',(#566),#423,.F.);
#2294=ADVANCED_FACE('',(#567),#424,.F.);
#2295=ADVANCED_FACE('',(#568),#70,.T.);
#2296=ADVANCED_FACE('',(#569),#45,.F.);
#2297=ADVANCED_FACE('',(#570),#425,.F.);
#2298=ADVANCED_FACE('',(#571),#426,.F.);
#2299=ADVANCED_FACE('',(#572),#427,.F.);
#2300=ADVANCED_FACE('',(#573),#428,.F.);
#2301=ADVANCED_FACE('',(#574),#71,.T.);
#2302=ADVANCED_FACE('',(#575),#46,.F.);
#2303=ADVANCED_FACE('',(#576),#429,.F.);
#2304=ADVANCED_FACE('',(#577),#430,.F.);
#2305=ADVANCED_FACE('',(#578),#431,.F.);
#2306=ADVANCED_FACE('',(#579),#432,.F.);
#2307=ADVANCED_FACE('',(#580),#72,.T.);
#2308=ADVANCED_FACE('',(#581),#47,.F.);
#2309=CLOSED_SHELL('',(#2160,#2161,#2162,#2163,#2164,#2165,#2166,#2167,
#2168,#2169,#2170,#2171,#2172,#2173,#2174,#2175,#2176,#2177,#2178,#2179,
#2180,#2181,#2182,#2183,#2184,#2185,#2186,#2187,#2188,#2189,#2190,#2191,
#2192,#2193,#2194,#2195,#2196,#2197,#2198,#2199,#2200,#2201,#2202,#2203,
#2204,#2205,#2206,#2207,#2208,#2209,#2210,#2211,#2212,#2213,#2214,#2215,
#2216,#2217,#2218,#2219,#2220,#2221,#2222,#2223,#2224,#2225,#2226,#2227,
#2228,#2229,#2230,#2231,#2232,#2233,#2234,#2235,#2236,#2237,#2238,#2239,
#2240,#2241,#2242,#2243,#2244,#2245,#2246,#2247,#2248,#2249,#2250,#2251,
#2252,#2253,#2254,#2255,#2256,#2257,#2258,#2259,#2260,#2261,#2262,#2263,
#2264,#2265,#2266,#2267,#2268,#2269,#2270,#2271,#2272,#2273,#2274,#2275,
#2276,#2277,#2278,#2279,#2280,#2281,#2282,#2283,#2284,#2285,#2286,#2287,
#2288,#2289,#2290,#2291,#2292,#2293,#2294,#2295,#2296,#2297,#2298,#2299,
#2300,#2301,#2302,#2303,#2304,#2305,#2306,#2307,#2308));
#2310=DERIVED_UNIT_ELEMENT(#2312,1.);
#2311=DERIVED_UNIT_ELEMENT(#7917,-3.);
#2312=(
MASS_UNIT()
NAMED_UNIT(*)
SI_UNIT(.KILO.,.GRAM.)
);
#2313=DERIVED_UNIT((#2310,#2311));
#2314=MEASURE_REPRESENTATION_ITEM('density measure',
POSITIVE_RATIO_MEASURE(7850.),#2313);
#2315=PROPERTY_DEFINITION_REPRESENTATION(#2320,#2317);
#2316=PROPERTY_DEFINITION_REPRESENTATION(#2321,#2318);
#2317=REPRESENTATION('material name',(#2319),#7914);
#2318=REPRESENTATION('density',(#2314),#7914);
#2319=DESCRIPTIVE_REPRESENTATION_ITEM('Steel','Steel');
#2320=PROPERTY_DEFINITION('material property','material name',#7929);
#2321=PROPERTY_DEFINITION('material property','density of part',#7929);
#2322=AXIS2_PLACEMENT_3D('',#2795,#2479,#2480);
#2323=AXIS2_PLACEMENT_3D('',#2796,#2481,#2482);
#2324=AXIS2_PLACEMENT_3D('',#2797,#2483,#2484);
#2325=AXIS2_PLACEMENT_3D('',#2799,#2485,#2486);
#2326=AXIS2_PLACEMENT_3D('',#2802,#2488,#2489);
#2327=AXIS2_PLACEMENT_3D('',#2855,#2490,#2491);
#2328=AXIS2_PLACEMENT_3D('',#2962,#2492,#2493);
#2329=AXIS2_PLACEMENT_3D('',#3034,#2494,#2495);
#2330=AXIS2_PLACEMENT_3D('',#3035,#2496,#2497);
#2331=AXIS2_PLACEMENT_3D('',#3036,#2498,#2499);
#2332=AXIS2_PLACEMENT_3D('',#3037,#2500,#2501);
#2333=AXIS2_PLACEMENT_3D('',#3038,#2502,#2503);
#2334=AXIS2_PLACEMENT_3D('',#3040,#2504,#2505);
#2335=AXIS2_PLACEMENT_3D('',#3042,#2506,#2507);
#2336=AXIS2_PLACEMENT_3D('',#3936,#2508,#2509);
#2337=AXIS2_PLACEMENT_3D('',#3951,#2510,#2511);
#2338=AXIS2_PLACEMENT_3D('',#3979,#2512,#2513);
#2339=AXIS2_PLACEMENT_3D('',#4007,#2514,#2515);
#2340=AXIS2_PLACEMENT_3D('',#4035,#2516,#2517);
#2341=AXIS2_PLACEMENT_3D('',#4063,#2518,#2519);
#2342=AXIS2_PLACEMENT_3D('',#4091,#2520,#2521);
#2343=AXIS2_PLACEMENT_3D('',#4119,#2522,#2523);
#2344=AXIS2_PLACEMENT_3D('',#4147,#2524,#2525);
#2345=AXIS2_PLACEMENT_3D('',#4175,#2526,#2527);
#2346=AXIS2_PLACEMENT_3D('',#4203,#2528,#2529);
#2347=AXIS2_PLACEMENT_3D('',#4231,#2530,#2531);
#2348=AXIS2_PLACEMENT_3D('',#4259,#2532,#2533);
#2349=AXIS2_PLACEMENT_3D('',#4287,#2534,#2535);
#2350=AXIS2_PLACEMENT_3D('',#4315,#2536,#2537);
#2351=AXIS2_PLACEMENT_3D('',#4343,#2538,#2539);
#2352=AXIS2_PLACEMENT_3D('',#4371,#2540,#2541);
#2353=AXIS2_PLACEMENT_3D('',#4399,#2542,#2543);
#2354=AXIS2_PLACEMENT_3D('',#4427,#2544,#2545);
#2355=AXIS2_PLACEMENT_3D('',#4455,#2546,#2547);
#2356=AXIS2_PLACEMENT_3D('',#4483,#2548,#2549);
#2357=AXIS2_PLACEMENT_3D('',#4511,#2550,#2551);
#2358=AXIS2_PLACEMENT_3D('',#4539,#2552,#2553);
#2359=AXIS2_PLACEMENT_3D('',#4567,#2554,#2555);
#2360=AXIS2_PLACEMENT_3D('',#4618,#2556,#2557);
#2361=AXIS2_PLACEMENT_3D('',#4686,#2558,#2559);
#2362=AXIS2_PLACEMENT_3D('',#4733,#2560,#2561);
#2363=AXIS2_PLACEMENT_3D('',#4734,#2562,#2563);
#2364=AXIS2_PLACEMENT_3D('',#4735,#2564,#2565);
#2365=AXIS2_PLACEMENT_3D('',#4773,#2566,#2567);
#2366=AXIS2_PLACEMENT_3D('',#4831,#2568,#2569);
#2367=AXIS2_PLACEMENT_3D('',#4878,#2570,#2571);
#2368=AXIS2_PLACEMENT_3D('',#4879,#2572,#2573);
#2369=AXIS2_PLACEMENT_3D('',#4880,#2574,#2575);
#2370=AXIS2_PLACEMENT_3D('',#4919,#2576,#2577);
#2371=AXIS2_PLACEMENT_3D('',#4987,#2578,#2579);
#2372=AXIS2_PLACEMENT_3D('',#5034,#2580,#2581);
#2373=AXIS2_PLACEMENT_3D('',#5035,#2582,#2583);
#2374=AXIS2_PLACEMENT_3D('',#5036,#2584,#2585);
#2375=AXIS2_PLACEMENT_3D('',#5075,#2586,#2587);
#2376=AXIS2_PLACEMENT_3D('',#5142,#2588,#2589);
#2377=AXIS2_PLACEMENT_3D('',#5179,#2590,#2591);
#2378=AXIS2_PLACEMENT_3D('',#5180,#2592,#2593);
#2379=AXIS2_PLACEMENT_3D('',#5181,#2594,#2595);
#2380=AXIS2_PLACEMENT_3D('',#5219,#2596,#2597);
#2381=AXIS2_PLACEMENT_3D('',#5276,#2598,#2599);
#2382=AXIS2_PLACEMENT_3D('',#5313,#2600,#2601);
#2383=AXIS2_PLACEMENT_3D('',#5314,#2602,#2603);
#2384=AXIS2_PLACEMENT_3D('',#5315,#2604,#2605);
#2385=AXIS2_PLACEMENT_3D('',#5354,#2606,#2607);
#2386=AXIS2_PLACEMENT_3D('',#5422,#2608,#2609);
#2387=AXIS2_PLACEMENT_3D('',#5469,#2610,#2611);
#2388=AXIS2_PLACEMENT_3D('',#5470,#2612,#2613);
#2389=AXIS2_PLACEMENT_3D('',#5471,#2614,#2615);
#2390=AXIS2_PLACEMENT_3D('',#5510,#2616,#2617);
#2391=AXIS2_PLACEMENT_3D('',#5578,#2618,#2619);
#2392=AXIS2_PLACEMENT_3D('',#5625,#2620,#2621);
#2393=AXIS2_PLACEMENT_3D('',#5626,#2622,#2623);
#2394=AXIS2_PLACEMENT_3D('',#5627,#2624,#2625);
#2395=AXIS2_PLACEMENT_3D('',#5666,#2626,#2627);
#2396=AXIS2_PLACEMENT_3D('',#5733,#2628,#2629);
#2397=AXIS2_PLACEMENT_3D('',#5770,#2630,#2631);
#2398=AXIS2_PLACEMENT_3D('',#5771,#2632,#2633);
#2399=AXIS2_PLACEMENT_3D('',#5772,#2634,#2635);
#2400=AXIS2_PLACEMENT_3D('',#5811,#2636,#2637);
#2401=AXIS2_PLACEMENT_3D('',#5879,#2638,#2639);
#2402=AXIS2_PLACEMENT_3D('',#5926,#2640,#2641);
#2403=AXIS2_PLACEMENT_3D('',#5927,#2642,#2643);
#2404=AXIS2_PLACEMENT_3D('',#5928,#2644,#2645);
#2405=AXIS2_PLACEMENT_3D('',#5967,#2646,#2647);
#2406=AXIS2_PLACEMENT_3D('',#6034,#2648,#2649);
#2407=AXIS2_PLACEMENT_3D('',#6071,#2650,#2651);
#2408=AXIS2_PLACEMENT_3D('',#6072,#2652,#2653);
#2409=AXIS2_PLACEMENT_3D('',#6073,#2654,#2655);
#2410=AXIS2_PLACEMENT_3D('',#6112,#2656,#2657);
#2411=AXIS2_PLACEMENT_3D('',#6179,#2658,#2659);
#2412=AXIS2_PLACEMENT_3D('',#6216,#2660,#2661);
#2413=AXIS2_PLACEMENT_3D('',#6217,#2662,#2663);
#2414=AXIS2_PLACEMENT_3D('',#6218,#2664,#2665);
#2415=AXIS2_PLACEMENT_3D('',#6256,#2666,#2667);
#2416=AXIS2_PLACEMENT_3D('',#6314,#2668,#2669);
#2417=AXIS2_PLACEMENT_3D('',#6361,#2670,#2671);
#2418=AXIS2_PLACEMENT_3D('',#6362,#2672,#2673);
#2419=AXIS2_PLACEMENT_3D('',#6363,#2674,#2675);
#2420=AXIS2_PLACEMENT_3D('',#6402,#2676,#2677);
#2421=AXIS2_PLACEMENT_3D('',#6469,#2678,#2679);
#2422=AXIS2_PLACEMENT_3D('',#6506,#2680,#2681);
#2423=AXIS2_PLACEMENT_3D('',#6507,#2682,#2683);
#2424=AXIS2_PLACEMENT_3D('',#6508,#2684,#2685);
#2425=AXIS2_PLACEMENT_3D('',#6546,#2686,#2687);
#2426=AXIS2_PLACEMENT_3D('',#6603,#2688,#2689);
#2427=AXIS2_PLACEMENT_3D('',#6640,#2690,#2691);
#2428=AXIS2_PLACEMENT_3D('',#6641,#2692,#2693);
#2429=AXIS2_PLACEMENT_3D('',#6642,#2694,#2695);
#2430=AXIS2_PLACEMENT_3D('',#6680,#2696,#2697);
#2431=AXIS2_PLACEMENT_3D('',#6738,#2698,#2699);
#2432=AXIS2_PLACEMENT_3D('',#6785,#2700,#2701);
#2433=AXIS2_PLACEMENT_3D('',#6786,#2702,#2703);
#2434=AXIS2_PLACEMENT_3D('',#6787,#2704,#2705);
#2435=AXIS2_PLACEMENT_3D('',#6788,#2706,#2707);
#2436=AXIS2_PLACEMENT_3D('',#6790,#2708,#2709);
#2437=AXIS2_PLACEMENT_3D('',#6791,#2710,#2711);
#2438=AXIS2_PLACEMENT_3D('',#6830,#2713,#2714);
#2439=AXIS2_PLACEMENT_3D('',#6888,#2715,#2716);
#2440=AXIS2_PLACEMENT_3D('',#6935,#2717,#2718);
#2441=AXIS2_PLACEMENT_3D('',#6936,#2719,#2720);
#2442=AXIS2_PLACEMENT_3D('',#6937,#2721,#2722);
#2443=AXIS2_PLACEMENT_3D('',#6975,#2723,#2724);
#2444=AXIS2_PLACEMENT_3D('',#7033,#2725,#2726);
#2445=AXIS2_PLACEMENT_3D('',#7080,#2727,#2728);
#2446=AXIS2_PLACEMENT_3D('',#7081,#2729,#2730);
#2447=AXIS2_PLACEMENT_3D('',#7082,#2731,#2732);
#2448=AXIS2_PLACEMENT_3D('',#7121,#2733,#2734);
#2449=AXIS2_PLACEMENT_3D('',#7188,#2735,#2736);
#2450=AXIS2_PLACEMENT_3D('',#7225,#2737,#2738);
#2451=AXIS2_PLACEMENT_3D('',#7226,#2739,#2740);
#2452=AXIS2_PLACEMENT_3D('',#7227,#2741,#2742);
#2453=AXIS2_PLACEMENT_3D('',#7265,#2743,#2744);
#2454=AXIS2_PLACEMENT_3D('',#7322,#2745,#2746);
#2455=AXIS2_PLACEMENT_3D('',#7359,#2747,#2748);
#2456=AXIS2_PLACEMENT_3D('',#7360,#2749,#2750);
#2457=AXIS2_PLACEMENT_3D('',#7361,#2751,#2752);
#2458=AXIS2_PLACEMENT_3D('',#7399,#2753,#2754);
#2459=AXIS2_PLACEMENT_3D('',#7457,#2755,#2756);
#2460=AXIS2_PLACEMENT_3D('',#7504,#2757,#2758);
#2461=AXIS2_PLACEMENT_3D('',#7505,#2759,#2760);
#2462=AXIS2_PLACEMENT_3D('',#7506,#2761,#2762);
#2463=AXIS2_PLACEMENT_3D('',#7544,#2763,#2764);
#2464=AXIS2_PLACEMENT_3D('',#7601,#2765,#2766);
#2465=AXIS2_PLACEMENT_3D('',#7638,#2767,#2768);
#2466=AXIS2_PLACEMENT_3D('',#7639,#2769,#2770);
#2467=AXIS2_PLACEMENT_3D('',#7640,#2771,#2772);
#2468=AXIS2_PLACEMENT_3D('',#7678,#2773,#2774);
#2469=AXIS2_PLACEMENT_3D('',#7735,#2775,#2776);
#2470=AXIS2_PLACEMENT_3D('',#7772,#2777,#2778);
#2471=AXIS2_PLACEMENT_3D('',#7773,#2779,#2780);
#2472=AXIS2_PLACEMENT_3D('',#7774,#2781,#2782);
#2473=AXIS2_PLACEMENT_3D('',#7812,#2783,#2784);
#2474=AXIS2_PLACEMENT_3D('',#7869,#2785,#2786);
#2475=AXIS2_PLACEMENT_3D('',#7906,#2787,#2788);
#2476=AXIS2_PLACEMENT_3D('',#7907,#2789,#2790);
#2477=AXIS2_PLACEMENT_3D('',#7908,#2791,#2792);
#2478=AXIS2_PLACEMENT_3D('',#7909,#2793,#2794);
#2479=DIRECTION('axis',(0.,0.,1.));
#2480=DIRECTION('refdir',(1.,0.,0.));
#2481=DIRECTION('axis',(0.,0.,1.));
#2482=DIRECTION('refdir',(1.,0.,0.));
#2483=DIRECTION('center_axis',(8.95639846516017E-16,0.,-1.));
#2484=DIRECTION('ref_axis',(-1.,0.,-8.95639846516017E-16));
#2485=DIRECTION('center_axis',(2.8478548244689E-15,-6.97523259044438E-31,
-1.));
#2486=DIRECTION('ref_axis',(-1.,0.,-8.95639846516017E-16));
#2487=DIRECTION('',(8.95639846516017E-16,0.,-1.));
#2488=DIRECTION('center_axis',(-2.8478548244689E-15,-6.90253292068385E-31,
1.));
#2489=DIRECTION('ref_axis',(-1.,0.,-8.95639846516017E-16));
#2490=DIRECTION('center_axis',(-0.124101053382531,0.94264108662387,0.309881768353537));
#2491=DIRECTION('ref_axis',(0.0775719399838631,-0.302123656847031,0.950107304519083));
#2492=DIRECTION('center_axis',(0.363845878446281,-0.878401654358563,-0.309881768353342));
#2493=DIRECTION('ref_axis',(0.0838825577765877,-0.300432731905526,0.950107304519147));
#2494=DIRECTION('center_axis',(2.8478548244689E-15,-3.94430452610506E-31,
-1.));
#2495=DIRECTION('ref_axis',(-0.25881904510252,0.965925826289069,-7.65099659846952E-16));
#2496=DIRECTION('center_axis',(1.04701422905293E-14,-3.6177513938285E-14,
1.));
#2497=DIRECTION('ref_axis',(-0.258819045102522,0.965925826289068,3.7650485312661E-14));
#2498=DIRECTION('center_axis',(-9.52513238932305E-15,7.32284728231598E-14,
-1.));
#2499=DIRECTION('ref_axis',(-0.258819045102523,0.965925826289068,7.33430538329412E-14));
#2500=DIRECTION('center_axis',(-2.8478548244689E-15,3.94430452610506E-31,
1.));
#2501=DIRECTION('ref_axis',(-0.25881904510252,0.965925826289069,-7.57664924630948E-16));
#2502=DIRECTION('center_axis',(2.8478548244689E-15,-6.97523259044438E-31,
-1.));
#2503=DIRECTION('ref_axis',(-1.,0.,-2.86666146810498E-15));
#2504=DIRECTION('center_axis',(2.8478548244689E-15,-6.97523259044438E-31,
-1.));
#2505=DIRECTION('ref_axis',(1.,1.98644497844898E-45,2.8478548244689E-15));
#2506=DIRECTION('center_axis',(-1.37820262889663E-16,-1.,3.0503115846454E-31));
#2507=DIRECTION('ref_axis',(1.,-1.37820262889663E-16,2.75640525779325E-15));
#2508=DIRECTION('center_axis',(2.8478548244689E-15,6.90253292068385E-31,
-1.));
#2509=DIRECTION('ref_axis',(0.965925826289068,0.25881904510252,2.75081652447644E-15));
#2510=DIRECTION('center_axis',(6.52912931661149E-16,-3.83917463399042E-14,
1.));
#2511=DIRECTION('ref_axis',(-1.87989901877359E-15,1.,3.83875643789207E-14));
#2512=DIRECTION('center_axis',(-9.40288796449508E-15,-3.79896446738195E-14,
1.));
#2513=DIRECTION('ref_axis',(0.25881904510252,0.965925826289069,3.91246434451803E-14));
#2514=DIRECTION('center_axis',(-1.90119741848629E-14,-3.49986115040703E-14,
1.));
#2515=DIRECTION('ref_axis',(0.499999999999999,0.866025403784439,3.98114917911551E-14));
#2516=DIRECTION('center_axis',(-2.75195023832902E-14,-2.96224807982588E-14,
1.));
#2517=DIRECTION('ref_axis',(0.707106781186546,0.707106781186549,4.04013018371374E-14));
#2518=DIRECTION('center_axis',(-3.43456985724092E-14,-2.22276269795102E-14,
1.));
#2519=DIRECTION('ref_axis',(0.866025403784438,0.500000000000002,4.08538790032008E-14));
#2520=DIRECTION('center_axis',(-3.90253687627539E-14,-1.33179971149982E-14,
1.));
#2521=DIRECTION('ref_axis',(0.965925826289068,0.258819045102522,4.11383809033971E-14));
#2522=DIRECTION('center_axis',(-4.12396011643731E-14,-3.50076775613005E-15,
1.));
#2523=DIRECTION('ref_axis',(1.,1.94113135873085E-15,4.12354192033896E-14));
#2524=DIRECTION('center_axis',(-4.08374994982884E-14,6.55503314002615E-15,
1.));
#2525=DIRECTION('ref_axis',(0.965925826289069,-0.258819045102519,4.11383809033971E-14));
#2526=DIRECTION('center_axis',(-3.78464663285392E-14,1.6164119360394E-14,
1.));
#2527=DIRECTION('ref_axis',(0.866025403784439,-0.499999999999999,4.08538790032008E-14));
#2528=DIRECTION('center_axis',(-3.24703356227277E-14,2.46716475588213E-14,
1.));
#2529=DIRECTION('ref_axis',(0.707106781186549,-0.707106781186546,4.04013018371375E-14));
#2530=DIRECTION('center_axis',(-2.50754818039791E-14,3.14978437479402E-14,
1.));
#2531=DIRECTION('ref_axis',(0.500000000000002,-0.866025403784438,3.98114917911551E-14));
#2532=DIRECTION('center_axis',(-1.61658519394672E-14,3.6177513938285E-14,
1.));
#2533=DIRECTION('ref_axis',(0.258819045102523,-0.965925826289068,3.91246434451803E-14));
#2534=DIRECTION('center_axis',(-6.34862258059896E-15,3.83917463399042E-14,
1.));
#2535=DIRECTION('ref_axis',(2.00236369868811E-15,-1.,3.83875643789207E-14));
#2536=DIRECTION('center_axis',(3.70717831555725E-15,3.79896446738195E-14,
1.));
#2537=DIRECTION('ref_axis',(-0.258819045102519,-0.965925826289069,3.7650485312661E-14));
#2538=DIRECTION('center_axis',(1.33162645359251E-14,3.49986115040703E-14,
1.));
#2539=DIRECTION('ref_axis',(-0.499999999999998,-0.86602540378444,3.69636369666862E-14));
#2540=DIRECTION('center_axis',(2.18237927343524E-14,2.96224807982588E-14,
1.));
#2541=DIRECTION('ref_axis',(-0.707106781186546,-0.707106781186549,3.63738269207039E-14));
#2542=DIRECTION('center_axis',(2.86499889234713E-14,2.22276269795102E-14,
1.));
#2543=DIRECTION('ref_axis',(-0.866025403784438,-0.500000000000002,3.59212497546405E-14));
#2544=DIRECTION('center_axis',(3.33296591138161E-14,1.33179971149983E-14,
1.));
#2545=DIRECTION('ref_axis',(-0.965925826289068,-0.258819045102523,3.56367478544442E-14));
#2546=DIRECTION('center_axis',(3.55438915154353E-14,3.50076775613006E-15,
1.));
#2547=DIRECTION('ref_axis',(-1.,-2.06359603864559E-15,3.55397095544518E-14));
#2548=DIRECTION('center_axis',(3.51417898493506E-14,-6.55503314002618E-15,
1.));
#2549=DIRECTION('ref_axis',(-0.965925826289069,0.25881904510252,3.56367478544442E-14));
#2550=DIRECTION('center_axis',(3.21507566796014E-14,-1.6164119360394E-14,
1.));
#2551=DIRECTION('ref_axis',(-0.866025403784439,0.499999999999999,3.59212497546405E-14));
#2552=DIRECTION('center_axis',(2.67746259737899E-14,-2.46716475588213E-14,
1.));
#2553=DIRECTION('ref_axis',(-0.707106781186549,0.707106781186546,3.63738269207039E-14));
#2554=DIRECTION('center_axis',(1.93797721550412E-14,-3.14978437479403E-14,
1.));
#2555=DIRECTION('ref_axis',(-0.500000000000001,0.866025403784438,3.69636369666862E-14));
#2556=DIRECTION('center_axis',(0.754300600975974,0.578795208177615,0.30988176835354));
#2557=DIRECTION('ref_axis',(-0.222860791921851,-0.218241099070385,0.950107304519082));
#2558=DIRECTION('center_axis',(-0.578795208177653,-0.754300600976025,-0.309881768353344));
#2559=DIRECTION('ref_axis',(-0.218241099070253,-0.222860791921706,0.950107304519146));
#2560=DIRECTION('center_axis',(2.8478548244689E-15,-3.94430452610506E-31,
-1.));
#2561=DIRECTION('ref_axis',(0.707106781186548,0.707106781186547,2.05988369958795E-15));
#2562=DIRECTION('center_axis',(6.00790789627677E-14,4.73295576594238E-14,
-1.));
#2563=DIRECTION('ref_axis',(0.707106781186546,0.707106781186549,7.60938703574177E-14));
#2564=DIRECTION('center_axis',(-2.8478548244689E-15,3.94430452610506E-31,
1.));
#2565=DIRECTION('ref_axis',(0.707106781186548,0.707106781186547,1.99315159984549E-15));
#2566=DIRECTION('center_axis',(0.578795208177613,0.754300600975975,0.309881768353539));
#2567=DIRECTION('ref_axis',(-0.158782041721028,-0.2684853313058,0.950107304519082));
#2568=DIRECTION('center_axis',(-0.36384587844628,-0.878401654358563,-0.309881768353344));
#2569=DIRECTION('ref_axis',(-0.153124096593701,-0.271751947447897,0.950107304519147));
#2570=DIRECTION('center_axis',(2.8478548244689E-15,-3.94430452610506E-31,
-1.));
#2571=DIRECTION('ref_axis',(0.5,0.866025403784438,1.47134549970568E-15));
#2572=DIRECTION('center_axis',(4.58791813712533E-14,6.05293728715978E-14,
-1.));
#2573=DIRECTION('ref_axis',(0.499999999999998,0.86602540378444,7.55040603114353E-14));
#2574=DIRECTION('center_axis',(-2.8478548244689E-15,3.94430452610506E-31,
1.));
#2575=DIRECTION('ref_axis',(0.500000000000001,0.866025403784438,1.40334155386315E-15));
#2576=DIRECTION('center_axis',(-0.754300600975976,0.578795208177614,0.309881768353535));
#2577=DIRECTION('ref_axis',(0.268485331305797,-0.158782041721025,0.950107304519084));
#2578=DIRECTION('center_axis',(0.878401654358563,-0.363845878446281,-0.30988176835334));
#2579=DIRECTION('ref_axis',(0.271751947447894,-0.153124096593698,0.950107304519148));
#2580=DIRECTION('center_axis',(2.8478548244689E-15,-7.88860905221012E-31,
-1.));
#2581=DIRECTION('ref_axis',(-0.866025403784438,0.5,-2.47186043950554E-15));
#2582=DIRECTION('center_axis',(-5.76815180471289E-14,4.30313265467844E-14,
-1.));
#2583=DIRECTION('ref_axis',(-0.86602540378444,0.499999999999998,7.16138182749207E-14));
#2584=DIRECTION('center_axis',(-2.8478548244689E-15,7.88860905221012E-31,
1.));
#2585=DIRECTION('ref_axis',(-0.866025403784438,0.500000000000001,-2.48690048265144E-15));
#2586=DIRECTION('center_axis',(0.124101053382527,0.942641086623871,0.309881768353538));
#2587=DIRECTION('ref_axis',(-0.00326661614227116,-0.311906138314817,0.950107304519083));
#2588=DIRECTION('center_axis',(0.124101053382538,-0.942641086623933,-0.309881768353342));
#2589=DIRECTION('ref_axis',(0.00326661614226107,-0.311906138314622,0.950107304519147));
#2590=DIRECTION('center_axis',(2.8478548244689E-15,-3.94430452610506E-31,
-1.));
#2591=DIRECTION('ref_axis',(1.82079005588578E-16,1.,0.));
#2592=DIRECTION('center_axis',(9.84939033672893E-15,7.39356378553366E-14,
-1.));
#2593=DIRECTION('ref_axis',(-2.87348229664021E-15,1.,7.40801328992009E-14));
#2594=DIRECTION('center_axis',(-2.8478548244689E-15,3.94430452610506E-31,
1.));
#2595=DIRECTION('ref_axis',(5.53818398303097E-16,1.,-2.05858583713E-17));
#2596=DIRECTION('center_axis',(0.363845878446255,0.878401654358504,0.309881768353539));
#2597=DIRECTION('ref_axis',(-0.0838825577766485,-0.300432731905714,0.950107304519083));
#2598=DIRECTION('center_axis',(-0.124101053382538,-0.942641086623933,-0.309881768353343));
#2599=DIRECTION('ref_axis',(-0.0775719399838227,-0.30212365684684,0.950107304519147));
#2600=DIRECTION('center_axis',(2.8478548244689E-15,0.,-1.));
#2601=DIRECTION('ref_axis',(0.258819045102522,0.965925826289068,7.65099659846952E-16));
#2602=DIRECTION('center_axis',(2.8746769988205E-14,6.96042113520908E-14,
-1.));
#2603=DIRECTION('ref_axis',(0.258819045102519,0.965925826289069,7.48172119654605E-14));
#2604=DIRECTION('center_axis',(-2.8478548244689E-15,0.,1.));
#2605=DIRECTION('ref_axis',(0.258819045102522,0.965925826289068,7.16493207888351E-16));
#2606=DIRECTION('center_axis',(0.878401654358504,-0.363845878446255,0.30988176835354));
#2607=DIRECTION('ref_axis',(-0.300432731905716,0.0838825577766456,0.950107304519082));
#2608=DIRECTION('center_axis',(-0.942641086623932,0.124101053382538,-0.309881768353345));
#2609=DIRECTION('ref_axis',(-0.302123656846843,0.0775719399838198,0.950107304519146));
#2610=DIRECTION('center_axis',(2.8478548244689E-15,9.86076131526265E-31,
-1.));
#2611=DIRECTION('ref_axis',(0.965925826289068,-0.258819045102521,2.70727571945845E-15));
#2612=DIRECTION('center_axis',(7.24520661765597E-14,-2.5898915163736E-14,
-1.));
#2613=DIRECTION('ref_axis',(0.965925826289069,-0.258819045102518,7.68309494236773E-14));
#2614=DIRECTION('center_axis',(-2.8478548244689E-15,-9.86076131526265E-31,
1.));
#2615=DIRECTION('ref_axis',(0.965925826289068,-0.258819045102521,2.73023066610513E-15));
#2616=DIRECTION('center_axis',(0.578795208177614,-0.754300600975974,0.309881768353539));
#2617=DIRECTION('ref_axis',(-0.218241099070388,0.222860791921848,0.950107304519082));
#2618=DIRECTION('center_axis',(-0.754300600976024,0.578795208177653,-0.309881768353345));
#2619=DIRECTION('ref_axis',(-0.222860791921709,0.21824109907025,0.950107304519146));
#2620=DIRECTION('center_axis',(2.8478548244689E-15,3.94430452610506E-31,
-1.));
#2621=DIRECTION('ref_axis',(0.707106781186547,-0.707106781186548,2.05988369958795E-15));
#2622=DIRECTION('center_axis',(5.01774124838927E-14,-5.72312241382988E-14,
-1.));
#2623=DIRECTION('ref_axis',(0.70710678118655,-0.707106781186545,7.60938703574177E-14));
#2624=DIRECTION('center_axis',(-2.8478548244689E-15,-3.94430452610506E-31,
1.));
#2625=DIRECTION('ref_axis',(0.707106781186547,-0.707106781186548,1.99315159984548E-15));
#2626=DIRECTION('center_axis',(0.363845878446256,-0.878401654358504,0.309881768353539));
#2627=DIRECTION('ref_axis',(-0.153124096593794,0.271751947448069,0.950107304519082));
#2628=DIRECTION('center_axis',(-0.578795208177652,0.754300600976025,-0.309881768353344));
#2629=DIRECTION('ref_axis',(-0.158782041720926,0.268485331305633,0.950107304519147));
#2630=DIRECTION('center_axis',(2.8478548244689E-15,1.18329135783152E-30,
-1.));
#2631=DIRECTION('ref_axis',(0.5,-0.866025403784439,1.47134549970568E-15));
#2632=DIRECTION('center_axis',(3.37521661330211E-14,-6.75309083838579E-14,
-1.));
#2633=DIRECTION('ref_axis',(0.500000000000002,-0.866025403784437,7.55040603114353E-14));
#2634=DIRECTION('center_axis',(-2.8478548244689E-15,-1.18329135783152E-30,
1.));
#2635=DIRECTION('ref_axis',(0.5,-0.866025403784439,1.40334155386315E-15));
#2636=DIRECTION('center_axis',(-0.754300600975975,-0.578795208177615,0.309881768353535));
#2637=DIRECTION('ref_axis',(0.222860791921845,0.218241099070385,0.950107304519083));
#2638=DIRECTION('center_axis',(0.578795208177654,0.754300600976025,-0.309881768353341));
#2639=DIRECTION('ref_axis',(0.218241099070247,0.222860791921706,0.950107304519148));
#2640=DIRECTION('center_axis',(2.8478548244689E-15,0.,-1.));
#2641=DIRECTION('ref_axis',(-0.707106781186548,-0.707106781186548,-2.05988369958795E-15));
#2642=DIRECTION('center_axis',(-5.43833693138299E-14,-4.73295576594238E-14,
-1.));
#2643=DIRECTION('ref_axis',(-0.707106781186545,-0.70710678118655,7.20663954409841E-14));
#2644=DIRECTION('center_axis',(-2.8478548244689E-15,0.,1.));
#2645=DIRECTION('ref_axis',(-0.707106781186548,-0.707106781186547,-2.03432331658809E-15));
#2646=DIRECTION('center_axis',(-0.878401654358504,-0.363845878446257,0.309881768353535));
#2647=DIRECTION('ref_axis',(0.271751947448066,0.153124096593792,0.950107304519084));
#2648=DIRECTION('center_axis',(0.754300600976026,0.578795208177653,-0.309881768353341));
#2649=DIRECTION('ref_axis',(0.268485331305631,0.158782041720924,0.950107304519148));
#2650=DIRECTION('center_axis',(2.8478548244689E-15,-3.94430452610506E-31,
-1.));
#2651=DIRECTION('ref_axis',(-0.866025403784439,-0.5,-2.47186043950554E-15));
#2652=DIRECTION('center_axis',(-6.4683053559389E-14,-3.09043113085522E-14,
-1.));
#2653=DIRECTION('ref_axis',(-0.866025403784437,-0.500000000000003,7.16138182749207E-14));
#2654=DIRECTION('center_axis',(-2.8478548244689E-15,3.94430452610506E-31,
1.));
#2655=DIRECTION('ref_axis',(-0.866025403784439,-0.5,-2.48690048265145E-15));
#2656=DIRECTION('center_axis',(-0.942641086623871,-0.12410105338253,0.309881768353535));
#2657=DIRECTION('ref_axis',(0.302123656847028,0.0775719399838659,0.950107304519084));
#2658=DIRECTION('center_axis',(0.878401654358564,0.36384587844628,-0.30988176835334));
#2659=DIRECTION('ref_axis',(0.300432731905523,0.0838825577765905,0.950107304519148));
#2660=DIRECTION('center_axis',(2.8478548244689E-15,-5.91645678915759E-31,
-1.));
#2661=DIRECTION('ref_axis',(-0.965925826289068,-0.258819045102521,-2.70727571945845E-15));
#2662=DIRECTION('center_axis',(-7.03806179986909E-14,-1.2372987213792E-14,
-1.));
#2663=DIRECTION('ref_axis',(-0.965925826289068,-0.258819045102524,7.13293163747244E-14));
#2664=DIRECTION('center_axis',(-2.8478548244689E-15,5.91645678915759E-31,
1.));
#2665=DIRECTION('ref_axis',(-0.965925826289068,-0.25881904510252,-2.77140238284774E-15));
#2666=DIRECTION('center_axis',(-0.578795208177614,-0.754300600975975,0.309881768353536));
#2667=DIRECTION('ref_axis',(0.158782041721023,0.2684853313058,0.950107304519083));
#2668=DIRECTION('center_axis',(0.363845878446282,0.878401654358563,-0.309881768353342));
#2669=DIRECTION('ref_axis',(0.153124096593695,0.271751947447897,0.950107304519147));
#2670=DIRECTION('center_axis',(2.8478548244689E-15,0.,-1.));
#2671=DIRECTION('ref_axis',(-0.5,-0.866025403784439,-1.47134549970568E-15));
#2672=DIRECTION('center_axis',(-4.01834717223155E-14,-6.05293728715979E-14,
-1.));
#2673=DIRECTION('ref_axis',(-0.499999999999997,-0.86602540378444,7.26562054869664E-14));
#2674=DIRECTION('center_axis',(-2.8478548244689E-15,0.,1.));
#2675=DIRECTION('ref_axis',(-0.5,-0.866025403784438,-1.44451327060575E-15));
#2676=DIRECTION('center_axis',(0.124101053382529,-0.94264108662387,0.309881768353538));
#2677=DIRECTION('ref_axis',(-0.0775719399838686,0.30212365684703,0.950107304519083));
#2678=DIRECTION('center_axis',(-0.363845878446279,0.878401654358563,-0.309881768353344));
#2679=DIRECTION('ref_axis',(-0.0838825577765932,0.300432731905526,0.950107304519147));
#2680=DIRECTION('center_axis',(2.8478548244689E-15,3.94430452610506E-31,
-1.));
#2681=DIRECTION('ref_axis',(0.258819045102521,-0.965925826289068,7.65099659846952E-16));
#2682=DIRECTION('center_axis',(1.52208420382609E-14,-7.32284728231598E-14,
-1.));
#2683=DIRECTION('ref_axis',(0.258819045102524,-0.965925826289068,7.48172119654605E-14));
#2684=DIRECTION('center_axis',(-2.8478548244689E-15,-3.94430452610506E-31,
1.));
#2685=DIRECTION('ref_axis',(0.25881904510252,-0.965925826289068,7.16493207888345E-16));
#2686=DIRECTION('center_axis',(0.754300600975974,-0.578795208177614,0.30988176835354));
#2687=DIRECTION('ref_axis',(-0.268485331305803,0.158782041721025,0.950107304519082));
#2688=DIRECTION('center_axis',(-0.878401654358562,0.363845878446281,-0.309881768353345));
#2689=DIRECTION('ref_axis',(-0.2717519474479,0.153124096593698,0.950107304519146));
#2690=DIRECTION('center_axis',(2.8478548244689E-15,1.18329135783152E-30,
-1.));
#2691=DIRECTION('ref_axis',(0.866025403784439,-0.5,2.47186043950554E-15));
#2692=DIRECTION('center_axis',(6.33772276960668E-14,-4.30313265467844E-14,
-1.));
#2693=DIRECTION('ref_axis',(0.86602540378444,-0.499999999999998,7.6546447523481E-14));
#2694=DIRECTION('center_axis',(-2.8478548244689E-15,-1.18329135783152E-30,
1.));
#2695=DIRECTION('ref_axis',(0.866025403784438,-0.500000000000001,2.44572876590884E-15));
#2696=DIRECTION('center_axis',(-0.363845878446256,-0.878401654358504,0.309881768353536));
#2697=DIRECTION('ref_axis',(0.0838825577766429,0.300432731905714,0.950107304519083));
#2698=DIRECTION('center_axis',(0.124101053382539,0.942641086623933,-0.309881768353342));
#2699=DIRECTION('ref_axis',(0.0775719399838171,0.30212365684684,0.950107304519147));
#2700=DIRECTION('center_axis',(2.8478548244689E-15,0.,-1.));
#2701=DIRECTION('ref_axis',(-0.258819045102521,-0.965925826289068,-7.65099659846952E-16));
#2702=DIRECTION('center_axis',(-2.30510603392671E-14,-6.96042113520908E-14,
-1.));
#2703=DIRECTION('ref_axis',(-0.258819045102518,-0.965925826289069,7.33430538329412E-14));
#2704=DIRECTION('center_axis',(-2.8478548244689E-15,0.,1.));
#2705=DIRECTION('ref_axis',(-0.258819045102521,-0.965925826289068,-7.57664924630952E-16));
#2706=DIRECTION('center_axis',(-2.8478548244689E-15,6.97523259044438E-31,
1.));
#2707=DIRECTION('ref_axis',(1.,0.,2.8478548244689E-15));
#2708=DIRECTION('center_axis',(2.8478548244689E-15,-6.97523259044438E-31,
-1.));
#2709=DIRECTION('ref_axis',(1.,1.98644497844898E-45,2.8478548244689E-15));
#2710=DIRECTION('center_axis',(2.8478548244689E-15,-6.97523259044438E-31,
-1.));
#2711=DIRECTION('ref_axis',(-1.,7.85472081495499E-16,-2.74915228523425E-15));
#2712=DIRECTION('',(-0.148115357095567,1.34479377636468E-16,0.988970091050509));
#2713=DIRECTION('center_axis',(-0.878401654358505,0.363845878446256,0.309881768353535));
#2714=DIRECTION('ref_axis',(0.300432731905711,-0.0838825577766458,0.950107304519084));
#2715=DIRECTION('center_axis',(0.942641086623934,-0.124101053382539,-0.30988176835334));
#2716=DIRECTION('ref_axis',(0.302123656846838,-0.07757193998382,0.950107304519148));
#2717=DIRECTION('center_axis',(2.8478548244689E-15,-8.87468518373638E-31,
-1.));
#2718=DIRECTION('ref_axis',(-0.965925826289068,0.258819045102522,-2.70727571945845E-15));
#2719=DIRECTION('center_axis',(-6.67563565276219E-14,2.58989151637361E-14,
-1.));
#2720=DIRECTION('ref_axis',(-0.965925826289069,0.258819045102519,7.13293163747244E-14));
#2721=DIRECTION('center_axis',(-2.8478548244689E-15,8.87468518373638E-31,
1.));
#2722=DIRECTION('ref_axis',(-0.965925826289068,0.258819045102522,-2.77140238284774E-15));
#2723=DIRECTION('center_axis',(0.94264108662387,-0.124101053382528,0.30988176835354));
#2724=DIRECTION('ref_axis',(-0.31190613831482,0.00326661614226843,0.950107304519082));
#2725=DIRECTION('center_axis',(-0.942641086623933,-0.124101053382537,-0.309881768353345));
#2726=DIRECTION('ref_axis',(-0.311906138314624,-0.0032666161422638,0.950107304519146));
#2727=DIRECTION('center_axis',(2.8478548244689E-15,7.30656260303131E-31,
-1.));
#2728=DIRECTION('ref_axis',(1.,-1.17707639976454E-16,2.8249833594349E-15));
#2729=DIRECTION('center_axis',(7.67834926798055E-14,-7.00153551226002E-15,
-1.));
#2730=DIRECTION('ref_axis',(1.,2.93471463659737E-15,7.69279877236698E-14));
#2731=DIRECTION('center_axis',(-2.8478548244689E-15,-7.30656260303131E-31,
1.));
#2732=DIRECTION('ref_axis',(1.,-4.92586058345729E-16,2.8272689660976E-15));
#2733=DIRECTION('center_axis',(0.878401654358503,0.363845878446257,0.30988176835354));
#2734=DIRECTION('ref_axis',(-0.271751947448071,-0.153124096593792,0.950107304519082));
#2735=DIRECTION('center_axis',(-0.754300600976025,-0.578795208177653,-0.309881768353345));
#2736=DIRECTION('ref_axis',(-0.268485331305636,-0.158782041720924,0.950107304519146));
#2737=DIRECTION('center_axis',(2.8478548244689E-15,3.94430452610506E-31,
-1.));
#2738=DIRECTION('ref_axis',(0.866025403784439,0.5,2.47186043950554E-15));
#2739=DIRECTION('center_axis',(7.03787632083268E-14,3.09043113085522E-14,
-1.));
#2740=DIRECTION('ref_axis',(0.866025403784437,0.500000000000002,7.6546447523481E-14));
#2741=DIRECTION('center_axis',(-2.8478548244689E-15,-3.94430452610506E-31,
1.));
#2742=DIRECTION('ref_axis',(0.866025403784439,0.499999999999999,2.44572876590884E-15));
#2743=DIRECTION('center_axis',(-0.124101053382529,-0.942641086623871,0.309881768353537));
#2744=DIRECTION('ref_axis',(0.00326661614226571,0.311906138314817,0.950107304519083));
#2745=DIRECTION('center_axis',(-0.124101053382536,0.942641086623933,-0.309881768353343));
#2746=DIRECTION('ref_axis',(-0.00326661614226652,0.311906138314622,0.950107304519147));
#2747=DIRECTION('center_axis',(2.8478548244689E-15,3.94430452610506E-31,
-1.));
#2748=DIRECTION('ref_axis',(-6.06930018628592E-17,-1.,0.));
#2749=DIRECTION('center_axis',(-4.15368068779112E-15,-7.39356378553366E-14,
-1.));
#2750=DIRECTION('ref_axis',(2.99594697655452E-15,-1.,7.40801328992009E-14));
#2751=DIRECTION('center_axis',(-2.8478548244689E-15,-3.94430452610506E-31,
1.));
#2752=DIRECTION('ref_axis',(-4.31353718388362E-16,-1.,-2.05858583713028E-17));
#2753=DIRECTION('center_axis',(-0.363845878446257,0.878401654358504,0.309881768353536));
#2754=DIRECTION('ref_axis',(0.153124096593789,-0.271751947448069,0.950107304519083));
#2755=DIRECTION('center_axis',(0.578795208177653,-0.754300600976026,-0.309881768353341));
#2756=DIRECTION('ref_axis',(0.158782041720921,-0.268485331305633,0.950107304519147));
#2757=DIRECTION('center_axis',(2.8478548244689E-15,-7.88860905221012E-31,
-1.));
#2758=DIRECTION('ref_axis',(-0.499999999999999,0.866025403784439,-1.47134549970568E-15));
#2759=DIRECTION('center_axis',(-2.80564564840833E-14,6.75309083838579E-14,
-1.));
#2760=DIRECTION('ref_axis',(-0.500000000000002,0.866025403784437,7.26562054869664E-14));
#2761=DIRECTION('center_axis',(-2.8478548244689E-15,7.88860905221012E-31,
1.));
#2762=DIRECTION('ref_axis',(-0.499999999999999,0.866025403784439,-1.44451327060575E-15));
#2763=DIRECTION('center_axis',(-0.578795208177616,0.754300600975974,0.309881768353536));
#2764=DIRECTION('ref_axis',(0.218241099070382,-0.222860791921848,0.950107304519083));
#2765=DIRECTION('center_axis',(0.754300600976026,-0.578795208177653,-0.309881768353341));
#2766=DIRECTION('ref_axis',(0.222860791921704,-0.21824109907025,0.950107304519148));
#2767=DIRECTION('center_axis',(2.8478548244689E-15,-3.94430452610506E-31,
-1.));
#2768=DIRECTION('ref_axis',(-0.707106781186547,0.707106781186548,-2.05988369958795E-15));
#2769=DIRECTION('center_axis',(-4.44817028349549E-14,5.72312241382988E-14,
-1.));
#2770=DIRECTION('ref_axis',(-0.70710678118655,0.707106781186546,7.20663954409841E-14));
#2771=DIRECTION('center_axis',(-2.8478548244689E-15,3.94430452610506E-31,
1.));
#2772=DIRECTION('ref_axis',(-0.707106781186547,0.707106781186548,-2.03432331658809E-15));
#2773=DIRECTION('center_axis',(0.942641086623869,0.12410105338253,0.30988176835354));
#2774=DIRECTION('ref_axis',(-0.302123656847033,-0.0775719399838658,0.950107304519082));
#2775=DIRECTION('center_axis',(-0.878401654358562,-0.36384587844628,-0.309881768353345));
#2776=DIRECTION('ref_axis',(-0.300432731905529,-0.0838825577765904,0.950107304519146));
#2777=DIRECTION('center_axis',(2.8478548244689E-15,6.90253292068385E-31,
-1.));
#2778=DIRECTION('ref_axis',(0.965925826289068,0.25881904510252,2.70727571945845E-15));
#2779=DIRECTION('center_axis',(7.60763276476287E-14,1.2372987213792E-14,
-1.));
#2780=DIRECTION('ref_axis',(0.965925826289068,0.258819045102523,7.68309494236773E-14));
#2781=DIRECTION('center_axis',(-2.8478548244689E-15,-6.90253292068385E-31,
1.));
#2782=DIRECTION('ref_axis',(0.965925826289069,0.25881904510252,2.73023066610513E-15));
#2783=DIRECTION('center_axis',(-0.942641086623872,0.124101053382528,0.309881768353535));
#2784=DIRECTION('ref_axis',(0.311906138314814,-0.00326661614226839,0.950107304519084));
#2785=DIRECTION('center_axis',(0.942641086623934,0.124101053382537,-0.30988176835334));
#2786=DIRECTION('ref_axis',(0.311906138314619,0.00326661614226383,0.950107304519148));
#2787=DIRECTION('center_axis',(2.8478548244689E-15,-7.30656260303131E-31,
-1.));
#2788=DIRECTION('ref_axis',(-1.,0.,-2.8249833594349E-15));
#2789=DIRECTION('center_axis',(-7.10877830308677E-14,7.00153551226002E-15,
-1.));
#2790=DIRECTION('ref_axis',(-1.,-3.0571793165121E-15,7.1232278074732E-14));
#2791=DIRECTION('center_axis',(-2.8478548244689E-15,7.30656260303131E-31,
1.));
#2792=DIRECTION('ref_axis',(-1.,3.70121378430994E-16,-2.86844068284021E-15));
#2793=DIRECTION('',(0.,0.,1.));
#2794=DIRECTION('',(1.,0.,0.));
#2795=CARTESIAN_POINT('',(0.,0.,0.));
#2796=CARTESIAN_POINT('',(0.,0.,0.));
#2797=CARTESIAN_POINT('Origin',(0.269498154343592,-16.6499999999991,30.4689677963379));
#2798=CARTESIAN_POINT('',(1.31949815434359,-16.6499999999991,30.4689677963379));
#2799=CARTESIAN_POINT('Origin',(0.269498154343592,-16.6499999999991,30.4689677963379));
#2800=CARTESIAN_POINT('',(1.3194981543436,-16.6499999999991,19.2000000000051));
#2801=CARTESIAN_POINT('',(1.31949815434359,-16.6499999999991,30.4689677963379));
#2802=CARTESIAN_POINT('Origin',(0.269498154343602,-16.6499999999991,19.2000000000051));
#2803=CARTESIAN_POINT('Ctrl Pts',(-5.41965195641653,11.8412465100524,19.1968392544151));
#2804=CARTESIAN_POINT('Ctrl Pts',(-5.27512524941601,10.797369111487,21.4403774131182));
#2805=CARTESIAN_POINT('Ctrl Pts',(-4.86894124129647,7.86730100729144,24.6020032249163));
#2806=CARTESIAN_POINT('Ctrl Pts',(-4.07317020628635,2.27964722639256,26.3511471395657));
#2807=CARTESIAN_POINT('Ctrl Pts',(-3.58165044781474,-1.03116179546253,25.9810472653226));
#2808=CARTESIAN_POINT('Ctrl Pts',(-3.34298826355697,-2.58025252283972,25.4689677963383));
#2809=CARTESIAN_POINT('Ctrl Pts',(-4.86629909095012,11.944882367203,19.2111821683354));
#2810=CARTESIAN_POINT('Ctrl Pts',(-4.72222877537549,10.8951779085319,21.4613852949823));
#2811=CARTESIAN_POINT('Ctrl Pts',(-4.31793773381418,7.95318493650017,24.6257131163158));
#2812=CARTESIAN_POINT('Ctrl Pts',(-3.53076814674307,2.3479246536541,26.3589704814854));
#2813=CARTESIAN_POINT('Ctrl Pts',(-3.05026125692996,-0.960062800878677,
25.9711727629717));
#2814=CARTESIAN_POINT('Ctrl Pts',(-2.81917014031811,-2.50508857174954,25.4501017375609));
#2815=CARTESIAN_POINT('Ctrl Pts',(-3.82225538537552,11.6868819860612,19.0269424580128));
#2816=CARTESIAN_POINT('Ctrl Pts',(-3.68711881393428,10.6741689656689,21.1932440802047));
#2817=CARTESIAN_POINT('Ctrl Pts',(-3.30762311095277,7.83074031433455,24.2404378001376));
#2818=CARTESIAN_POINT('Ctrl Pts',(-2.58136612229315,2.42804040688205,25.8960237708346));
#2819=CARTESIAN_POINT('Ctrl Pts',(-2.14835866554454,-0.759067827456687,
25.5126716864912));
#2820=CARTESIAN_POINT('Ctrl Pts',(-1.94460953484273,-2.24423531290444,25.0068452410245));
#2821=CARTESIAN_POINT('Ctrl Pts',(-3.35056565212573,10.8471145463182,18.6067652631412));
#2822=CARTESIAN_POINT('Ctrl Pts',(-3.22890155884291,9.92282354577476,20.5883139532119));
#2823=CARTESIAN_POINT('Ctrl Pts',(-2.88713768220749,7.32785168951257,23.3792708798391));
#2824=CARTESIAN_POINT('Ctrl Pts',(-2.23616130326438,2.38230860014284,24.9142377858478));
#2825=CARTESIAN_POINT('Ctrl Pts',(-1.85037815217308,-0.547337584103915,
24.5796249282634));
#2826=CARTESIAN_POINT('Ctrl Pts',(-1.67002624379263,-1.91784957612481,24.1239648722637));
#2827=CARTESIAN_POINT('Ctrl Pts',(-3.30067008581151,10.4681200932802,18.4271323516));
#2828=CARTESIAN_POINT('Ctrl Pts',(-3.18396559983566,9.58166151395559,20.3298233334395));
#2829=CARTESIAN_POINT('Ctrl Pts',(-2.85637685197544,7.09337793511382,23.0111224665627));
#2830=CARTESIAN_POINT('Ctrl Pts',(-2.23109489095127,2.34388990805159,24.4945295302815));
#2831=CARTESIAN_POINT('Ctrl Pts',(-1.86001045762861,-0.474776202527292,
24.1806566904679));
#2832=CARTESIAN_POINT('Ctrl Pts',(-1.68608962523688,-1.79583608045536,23.7463743566275));
#2833=CARTESIAN_POINT('',(-3.24783553075565,10.0668018044206,19.2000000000052));
#2834=CARTESIAN_POINT('',(-5.41944826609119,11.8397753131182,19.1999999999239));
#2835=CARTESIAN_POINT('Ctrl Pts',(-3.24783553075565,10.0668018044206,19.2000000000051));
#2836=CARTESIAN_POINT('Ctrl Pts',(-3.28739844676082,10.3673119863783,19.2000000000051));
#2837=CARTESIAN_POINT('Ctrl Pts',(-3.38319365597593,10.6592254519349,19.2000000000086));
#2838=CARTESIAN_POINT('Ctrl Pts',(-3.6684144246302,11.1499455242076,19.2000000000086));
#2839=CARTESIAN_POINT('Ctrl Pts',(-3.84290418179993,11.3524380218046,19.2000000000135));
#2840=CARTESIAN_POINT('Ctrl Pts',(-4.24102160748211,11.65434079381,19.2000000000135));
#2841=CARTESIAN_POINT('Ctrl Pts',(-4.45302277300481,11.7594187464123,19.2000000000062));
#2842=CARTESIAN_POINT('Ctrl Pts',(-4.80129721820237,11.8494597304726,19.2000000000062));
#2843=CARTESIAN_POINT('Ctrl Pts',(-4.92511513399443,11.8672308528607,19.2000000000051));
#2844=CARTESIAN_POINT('Ctrl Pts',(-5.17393567869807,11.8744653043632,19.2000000000051));
#2845=CARTESIAN_POINT('Ctrl Pts',(-5.29778273931541,11.8640699470077,19.2000000000051));
#2846=CARTESIAN_POINT('Ctrl Pts',(-5.41944826608071,11.8397753130426,19.2000000000051));
#2847=CARTESIAN_POINT('',(-3.34298826355682,-2.5802525228403,25.4689677963383));
#2848=CARTESIAN_POINT('Ctrl Pts',(-5.41944826440841,11.8397752991206,19.1999999879917));
#2849=CARTESIAN_POINT('Ctrl Pts',(-5.27489632443281,10.7957177361028,21.4421590508085));
#2850=CARTESIAN_POINT('Ctrl Pts',(-4.8687810731945,7.86617635728387,24.6023552822903));
#2851=CARTESIAN_POINT('Ctrl Pts',(-4.07317020628635,2.27964722639256,26.3511471395657));
#2852=CARTESIAN_POINT('Ctrl Pts',(-3.58165044781474,-1.03116179546253,25.9810472653226));
#2853=CARTESIAN_POINT('Ctrl Pts',(-3.34298826355697,-2.58025252283972,25.4689677963383));
#2854=CARTESIAN_POINT('',(-1.68608962523676,-1.79583608045637,23.7463743566272));
#2855=CARTESIAN_POINT('Origin',(-3.483630182934,-2.03248678439083,23.7463743566275));
#2856=CARTESIAN_POINT('Ctrl Pts',(-3.24772196934085,10.065939219837,19.1994955649248));
#2857=CARTESIAN_POINT('Ctrl Pts',(-3.1287643361551,9.16236628832629,20.7636112266268));
#2858=CARTESIAN_POINT('Ctrl Pts',(-2.81936665093288,6.81225754833189,23.0987814143743));
#2859=CARTESIAN_POINT('Ctrl Pts',(-2.23118005566059,2.34453679824256,24.4945853150475));
#2860=CARTESIAN_POINT('Ctrl Pts',(-1.86003603177959,-0.474581947564905,
24.1807205494193));
#2861=CARTESIAN_POINT('Ctrl Pts',(-1.68608962523676,-1.79583608045637,23.7463743566272));
#2862=CARTESIAN_POINT('Ctrl Pts',(-3.3429882635569,-2.58025252284007,25.4689677963382));
#2863=CARTESIAN_POINT('Ctrl Pts',(-2.93260331909185,-5.59326079126787,24.4773582928976));
#2864=CARTESIAN_POINT('Ctrl Pts',(-2.52801135057112,-8.61795435140646,23.4793307766218));
#2865=CARTESIAN_POINT('Ctrl Pts',(-2.05455950329839,-11.6040005273031,22.5238816172847));
#2866=CARTESIAN_POINT('Ctrl Pts',(-2.81917014031804,-2.50508857174988,25.4501017375608));
#2867=CARTESIAN_POINT('Ctrl Pts',(-2.4116769586764,-5.51724213354055,24.454693621519));
#2868=CARTESIAN_POINT('Ctrl Pts',(-2.00787928718654,-8.54123376357029,23.4551278148398));
#2869=CARTESIAN_POINT('Ctrl Pts',(-1.55242279742362,-11.5236585124814,22.4788752336697));
#2870=CARTESIAN_POINT('Ctrl Pts',(-1.94460014391377,-2.24423732875948,25.0068551339964));
#2871=CARTESIAN_POINT('Ctrl Pts',(-1.54469263936165,-5.25716388592155,24.0094417948253));
#2872=CARTESIAN_POINT('Ctrl Pts',(-1.1451323607393,-8.27937027761955,23.0075061890049));
#2873=CARTESIAN_POINT('Ctrl Pts',(-0.732997208470595,-11.270870208986,22.0207037949798));
#2874=CARTESIAN_POINT('Ctrl Pts',(-1.6700262437926,-1.91784957612502,24.1239648722636));
#2875=CARTESIAN_POINT('Ctrl Pts',(-1.27305887965408,-4.93335435034351,23.1306316178201));
#2876=CARTESIAN_POINT('Ctrl Pts',(-0.875142777214762,-7.95438988323698,
22.1313936929297));
#2877=CARTESIAN_POINT('Ctrl Pts',(-0.47864857023348,-10.9672614398707,21.1666311716876));
#2878=CARTESIAN_POINT('Ctrl Pts',(-1.68608962523686,-1.79583608045553,23.7463743566274));
#2879=CARTESIAN_POINT('Ctrl Pts',(-1.28897112234775,-4.81225058201473,22.7547648531869));
#2880=CARTESIAN_POINT('Ctrl Pts',(-0.891314689220914,-7.83275106938957,
21.7567373369111));
#2881=CARTESIAN_POINT('Ctrl Pts',(-0.493601765338928,-10.8536806466501,
20.801288177574));
#2882=CARTESIAN_POINT('',(-0.654630488198512,-9.63054606272253,21.1909283529889));
#2883=CARTESIAN_POINT('',(-1.14503081845815,-11.3743647128389,22.1760060884085));
#2884=CARTESIAN_POINT('Ctrl Pts',(-0.654529549534339,-9.63131276799606,
21.1901083543369));
#2885=CARTESIAN_POINT('Ctrl Pts',(-0.641924181519813,-9.72699795785891,
21.2311280773202));
#2886=CARTESIAN_POINT('Ctrl Pts',(-0.63374200345119,-9.819560282564,21.2733494446177));
#2887=CARTESIAN_POINT('Ctrl Pts',(-0.629853849480343,-9.90913753735199,
21.3163961877909));
#2888=CARTESIAN_POINT('Ctrl Pts',(-0.62611808371701,-9.9952039956557,21.3577558022956));
#2889=CARTESIAN_POINT('Ctrl Pts',(-0.626346907898193,-10.0785151645313,
21.3998782309719));
#2890=CARTESIAN_POINT('Ctrl Pts',(-0.630475953542232,-10.1591971401756,
21.4424172806184));
#2891=CARTESIAN_POINT('Ctrl Pts',(-0.634533636560538,-10.2384846827892,
21.4842211244714));
#2892=CARTESIAN_POINT('Ctrl Pts',(-0.642358204139275,-10.3152334426363,
21.5264281150327));
#2893=CARTESIAN_POINT('Ctrl Pts',(-0.653931978015537,-10.3895619115283,
21.5686852606122));
#2894=CARTESIAN_POINT('Ctrl Pts',(-0.665093462134178,-10.4612425952854,
21.6094370900784));
#2895=CARTESIAN_POINT('Ctrl Pts',(-0.679742171312542,-10.530672602559,21.6502361519873));
#2896=CARTESIAN_POINT('Ctrl Pts',(-0.697897800215852,-10.5979530385258,
21.6907330457817));
#2897=CARTESIAN_POINT('Ctrl Pts',(-0.701575025494839,-10.6115799594788,
21.6989352514102));
#2898=CARTESIAN_POINT('Ctrl Pts',(-0.7053962221242,-10.6251186760265,21.7071249339265));
#2899=CARTESIAN_POINT('Ctrl Pts',(-0.709361719581071,-10.6385699871466,
21.7152989853275));
#2900=CARTESIAN_POINT('Ctrl Pts',(-0.725465956259232,-10.6931969539432,
21.7484945326232));
#2901=CARTESIAN_POINT('Ctrl Pts',(-0.744057020953819,-10.7467518626546,
21.7816616164672));
#2902=CARTESIAN_POINT('Ctrl Pts',(-0.765278794031733,-10.7992805211419,
21.8145722688504));
#2903=CARTESIAN_POINT('Ctrl Pts',(-0.784976809980231,-10.8480375382316,
21.8451198839407));
#2904=CARTESIAN_POINT('Ctrl Pts',(-0.806941634433034,-10.8959104392021,
21.8754466040041));
#2905=CARTESIAN_POINT('Ctrl Pts',(-0.831310034935421,-10.9429251170278,
21.9053266942187));
#2906=CARTESIAN_POINT('Ctrl Pts',(-0.833195073717756,-10.9465619782584,
21.9076380945451));
#2907=CARTESIAN_POINT('Ctrl Pts',(-0.835094505540091,-10.9501936980105,
21.9099467990283));
#2908=CARTESIAN_POINT('Ctrl Pts',(-0.83700839882996,-10.9538202851991,21.9122526912138));
#2909=CARTESIAN_POINT('Ctrl Pts',(-0.851918976785416,-10.9820739560141,
21.9302172169114));
#2910=CARTESIAN_POINT('Ctrl Pts',(-0.867707289377315,-11.0100162309817,
21.9480114512634));
#2911=CARTESIAN_POINT('Ctrl Pts',(-0.88438220222511,-11.0376536829292,21.9655974740398));
#2912=CARTESIAN_POINT('Ctrl Pts',(-0.916180307095571,-11.0903567227232,
21.9991330134218));
#2913=CARTESIAN_POINT('Ctrl Pts',(-0.950937277379258,-11.1415220846638,
22.0316335946215));
#2914=CARTESIAN_POINT('Ctrl Pts',(-0.988574025789426,-11.191288289748,22.0628458666561));
#2915=CARTESIAN_POINT('Ctrl Pts',(-1.02477320685794,-11.2391536326651,22.0928659596414));
#2916=CARTESIAN_POINT('Ctrl Pts',(-1.06363696226336,-11.2857247738529,22.121694410371));
#2917=CARTESIAN_POINT('Ctrl Pts',(-1.10509616306691,-11.3311103072337,22.1490598724366));
#2918=CARTESIAN_POINT('Ctrl Pts',(-1.11820181449989,-11.345457110092,22.1577103577374));
#2919=CARTESIAN_POINT('Ctrl Pts',(-1.13156679132279,-11.3596853206188,22.1662142900197));
#2920=CARTESIAN_POINT('Ctrl Pts',(-1.14518879412021,-11.3737980191183,22.1745620550311));
#2921=CARTESIAN_POINT('Ctrl Pts',(-1.68608962523676,-1.79583608045637,23.7463743566272));
#2922=CARTESIAN_POINT('Ctrl Pts',(-1.34258966932794,-4.40497728327166,22.888650986317));
#2923=CARTESIAN_POINT('Ctrl Pts',(-0.99872104333753,-7.01691881337552,22.026206125395));
#2924=CARTESIAN_POINT('Ctrl Pts',(-0.654697982119016,-9.63003339549834,
21.1905170718944));
#2925=CARTESIAN_POINT('',(-3.17921227756388,-3.77923744752746,25.0745721268256));
#2926=CARTESIAN_POINT('Ctrl Pts',(-3.3429882635569,-2.58025252284007,25.4689677963382));
#2927=CARTESIAN_POINT('Ctrl Pts',(-3.28857516852277,-2.97974842896378,25.3374899171538));
#2928=CARTESIAN_POINT('Ctrl Pts',(-3.23426391521309,-3.37944976495118,25.2058992079662));
#2929=CARTESIAN_POINT('Ctrl Pts',(-3.1798804903256,-3.77923920702154,25.0743098776711));
#2930=CARTESIAN_POINT('Ctrl Pts',(-3.17921227756818,-3.77923744751693,25.0745721268293));
#2931=CARTESIAN_POINT('Ctrl Pts',(-3.17638563397708,-3.7897866250138,25.0709866253759));
#2932=CARTESIAN_POINT('Ctrl Pts',(-3.17355911832173,-3.80033532504631,25.067399584852));
#2933=CARTESIAN_POINT('Ctrl Pts',(-2.5018405512508,-6.30722314551599,24.2145388052713));
#2934=CARTESIAN_POINT('Ctrl Pts',(-1.7980319916649,-8.93387244891498,23.2256699632099));
#2935=CARTESIAN_POINT('Ctrl Pts',(-1.14413729930094,-11.3742406636169,22.1763992966257));
#2936=CARTESIAN_POINT('Ctrl Pts',(-0.240808610626614,-11.1180074403405,
22.5238816172847));
#2937=CARTESIAN_POINT('Ctrl Pts',(-1.32396037201666,-8.29489871230974,23.4794631106575));
#2938=CARTESIAN_POINT('Ctrl Pts',(-2.48578456286919,-5.4734971768761,24.4773706411397));
#2939=CARTESIAN_POINT('Ctrl Pts',(-3.63687057550746,-2.65899805099788,25.4689677963379));
#2940=CARTESIAN_POINT('Ctrl Pts',(-0.71584276149767,-11.299497567451,22.4788752336697));
#2941=CARTESIAN_POINT('Ctrl Pts',(-1.81277015387165,-8.4885244465464,23.4552630302436));
#2942=CARTESIAN_POINT('Ctrl Pts',(-2.97492937921774,-5.66812629555302,24.4547060170642));
#2943=CARTESIAN_POINT('Ctrl Pts',(-4.1280923527401,-2.85581322152439,25.4501017375605));
#2944=CARTESIAN_POINT('Ctrl Pts',(-1.55189051693754,-11.4902979776029,22.0207169710919));
#2945=CARTESIAN_POINT('Ctrl Pts',(-2.69087870413891,-8.69312809844178,23.0076560417176));
#2946=CARTESIAN_POINT('Ctrl Pts',(-3.85581021169128,-5.87639422914473,24.0094697345488));
#2947=CARTESIAN_POINT('Ctrl Pts',(-5.01592898534402,-3.06720452113732,25.006870653204));
#2948=CARTESIAN_POINT('Ctrl Pts',(-1.92395705647868,-11.3545306815739,21.1666311716876));
#2949=CARTESIAN_POINT('Ctrl Pts',(-3.08717986841224,-8.5466714243327,22.1315273169082));
#2950=CARTESIAN_POINT('Ctrl Pts',(-4.25294558683808,-5.73177371125298,23.1306439875275));
#2951=CARTESIAN_POINT('Ctrl Pts',(-5.41689965754738,-2.92182128148312,24.1239648722633));
#2952=CARTESIAN_POINT('Ctrl Pts',(-1.96779760625992,-11.2486902317102,20.801288177574));
#2953=CARTESIAN_POINT('Ctrl Pts',(-3.13399440056383,-8.43324211450565,21.7568696709467));
#2954=CARTESIAN_POINT('Ctrl Pts',(-4.29971706863292,-5.61893863928749,22.7547772014289));
#2955=CARTESIAN_POINT('Ctrl Pts',(-5.46399510898072,-2.80812280390667,23.7463743566272));
#2956=CARTESIAN_POINT('',(-3.63687057550746,-2.65899805099788,25.4689677963379));
#2957=CARTESIAN_POINT('Ctrl Pts',(-3.17863233811563,-3.7789046500697,25.0743097039174));
#2958=CARTESIAN_POINT('Ctrl Pts',(-3.33142825358344,-3.40548917233959,25.2058977590831));
#2959=CARTESIAN_POINT('Ctrl Pts',(-3.48424380899657,-3.03218293571902,25.3374882493556));
#2960=CARTESIAN_POINT('Ctrl Pts',(-3.63687057550746,-2.65899805099788,25.4689677963379));
#2961=CARTESIAN_POINT('',(-5.4639951089811,-2.80812280390573,23.7463743566275));
#2962=CARTESIAN_POINT('Origin',(-3.78895396971443,-2.1142980464897,23.7463743566272));
#2963=CARTESIAN_POINT('',(-2.44002090588714,-10.1086423372815,21.1912302410675));
#2964=CARTESIAN_POINT('Ctrl Pts',(-2.44010776846121,-10.1084326324772,21.190517464471));
#2965=CARTESIAN_POINT('Ctrl Pts',(-3.44864121791714,-7.67361750069372,22.0261324958628));
#2966=CARTESIAN_POINT('Ctrl Pts',(-4.4569081575407,-5.23944578056212,22.8886543606485));
#2967=CARTESIAN_POINT('Ctrl Pts',(-5.46399510898103,-2.80812280390589,23.7463743566274));
#2968=CARTESIAN_POINT('Ctrl Pts',(-1.14413729930094,-11.3742406636169,22.1763992966257));
#2969=CARTESIAN_POINT('Ctrl Pts',(-1.14942393626791,-11.3727124709297,22.1740367397649));
#2970=CARTESIAN_POINT('Ctrl Pts',(-1.15470074175915,-11.3711650110621,22.171659878881));
#2971=CARTESIAN_POINT('Ctrl Pts',(-1.3985939381317,-11.2986089055327,22.0609421618322));
#2972=CARTESIAN_POINT('Ctrl Pts',(-1.61800418155923,-11.1877266384105,21.9230368158356));
#2973=CARTESIAN_POINT('Ctrl Pts',(-1.94670235731961,-10.909022382468,21.6720954704442));
#2974=CARTESIAN_POINT('Ctrl Pts',(-2.0603238011915,-10.7793914403683,21.5726248319702));
#2975=CARTESIAN_POINT('Ctrl Pts',(-2.27028267794645,-10.4739540054368,21.3740713324774));
#2976=CARTESIAN_POINT('Ctrl Pts',(-2.36207248609185,-10.2968264695169,21.2774639904442));
#2977=CARTESIAN_POINT('Ctrl Pts',(-2.44002090601896,-10.1086423369633,21.191230241069));
#2978=CARTESIAN_POINT('Ctrl Pts',(-3.63687057550746,-2.65899805099789,25.4689677963379));
#2979=CARTESIAN_POINT('Ctrl Pts',(-4.2048119252405,-1.19790022096718,25.9811225639369));
#2980=CARTESIAN_POINT('Ctrl Pts',(-5.4347435511492,1.91559292131837,26.3511851447253));
#2981=CARTESIAN_POINT('Ctrl Pts',(-7.53968810403986,7.15319757815861,24.6012689744944));
#2982=CARTESIAN_POINT('Ctrl Pts',(-8.65293201371128,9.89373678625465,21.4386227399509));
#2983=CARTESIAN_POINT('Ctrl Pts',(-9.04958466237831,10.8697224312374,19.1945311320327));
#2984=CARTESIAN_POINT('Ctrl Pts',(-4.1280923527401,-2.8558132215244,25.4501017375605));
#2985=CARTESIAN_POINT('Ctrl Pts',(-4.70055862640373,-1.40202235520934,25.9712493837474));
#2986=CARTESIAN_POINT('Ctrl Pts',(-5.93861794345336,1.70352113526922,26.3590057810106));
#2987=CARTESIAN_POINT('Ctrl Pts',(-8.05981530280252,6.95207368420703,24.6249725166318));
#2988=CARTESIAN_POINT('Ctrl Pts',(-9.1806629277688,9.70199894066923,21.4596282529548));
#2989=CARTESIAN_POINT('Ctrl Pts',(-9.58062336011296,10.6828015911849,19.2088685059102));
#2990=CARTESIAN_POINT('Ctrl Pts',(-5.01589224537429,-3.06717130626387,25.0068196391888));
#2991=CARTESIAN_POINT('Ctrl Pts',(-5.58210731164209,-1.67889986157991,25.5127204637957));
#2992=CARTESIAN_POINT('Ctrl Pts',(-6.8008510379922,1.29817656124388,25.8960419467508));
#2993=CARTESIAN_POINT('Ctrl Pts',(-8.87351187800787,6.34082930796055,24.239710807198));
#2994=CARTESIAN_POINT('Ctrl Pts',(-9.96653825858394,8.99297720514923,21.1915366373095));
#2995=CARTESIAN_POINT('Ctrl Pts',(-10.3557429643579,9.93728899609413,19.0246982280626));
#2996=CARTESIAN_POINT('Ctrl Pts',(-5.41689965754738,-2.92182128148313,24.1239648722633));
#2997=CARTESIAN_POINT('Ctrl Pts',(-5.94604411577195,-1.64455933891922,24.5796919306974));
#2998=CARTESIAN_POINT('Ctrl Pts',(-7.07694677367333,1.08590995011213,24.9142743123065));
#2999=CARTESIAN_POINT('Ctrl Pts',(-8.98620156798086,5.69495687382196,23.3786260594619));
#3000=CARTESIAN_POINT('Ctrl Pts',(-9.98768784854323,8.11309227111042,20.5867646672322));
#3001=CARTESIAN_POINT('Ctrl Pts',(-10.3443588747047,8.97411758861844,18.6047264469785));
#3002=CARTESIAN_POINT('Ctrl Pts',(-5.46399510898072,-2.80812280390668,23.7463743566272));
#3003=CARTESIAN_POINT('Ctrl Pts',(-5.97398016846334,-1.57690995669607,24.1807205494193));
#3004=CARTESIAN_POINT('Ctrl Pts',(-7.06211560704346,1.05008137682283,24.4945617615472));
#3005=CARTESIAN_POINT('Ctrl Pts',(-8.89558434173131,5.4764664622933,23.0104997663644));
#3006=CARTESIAN_POINT('Ctrl Pts',(-9.85600298582349,7.79512217841665,20.328335237149));
#3007=CARTESIAN_POINT('Ctrl Pts',(-10.1980574126381,8.62091461470232,18.4251748882847));
#3008=CARTESIAN_POINT('',(-9.04861738132352,10.8673423794238,19.1999999999984));
#3009=CARTESIAN_POINT('',(-10.0428024230216,8.24609591314395,19.1999999999193));
#3010=CARTESIAN_POINT('Ctrl Pts',(-9.04861738132112,10.8673423794179,19.2000000000051));
#3011=CARTESIAN_POINT('Ctrl Pts',(-9.25193316370772,10.7984941627413,19.2000000000051));
#3012=CARTESIAN_POINT('Ctrl Pts',(-9.43889998079953,10.690773234805,19.2000000000051));
#3013=CARTESIAN_POINT('Ctrl Pts',(-9.7687942763978,10.4045307045274,19.2000000000051));
#3014=CARTESIAN_POINT('Ctrl Pts',(-9.90549175893143,10.2277361946784,19.2000000000051));
#3015=CARTESIAN_POINT('Ctrl Pts',(-10.1186509755038,9.81390299872394,19.2000000000051));
#3016=CARTESIAN_POINT('Ctrl Pts',(-10.1857488854755,9.57787000745466,19.2000000000056));
#3017=CARTESIAN_POINT('Ctrl Pts',(-10.2287156878571,9.15319325711002,19.2000000000056));
#3018=CARTESIAN_POINT('Ctrl Pts',(-10.2229253978894,8.96907749406632,19.200000000006));
#3019=CARTESIAN_POINT('Ctrl Pts',(-10.166489219231,8.6019749306679,19.200000000006));
#3020=CARTESIAN_POINT('Ctrl Pts',(-10.1148085721129,8.41993413485449,19.2000000000051));
#3021=CARTESIAN_POINT('Ctrl Pts',(-10.0428024229835,8.24609591305195,19.2000000000051));
#3022=CARTESIAN_POINT('Ctrl Pts',(-5.4639951089811,-2.80812280390573,23.7463743566275));
#3023=CARTESIAN_POINT('Ctrl Pts',(-5.97390518884656,-1.57709097350378,24.1806566904679));
#3024=CARTESIAN_POINT('Ctrl Pts',(-7.06186783528898,1.04948320289284,24.494518455765));
#3025=CARTESIAN_POINT('Ctrl Pts',(-8.78635442156043,5.21276210759988,23.0990905460425));
#3026=CARTESIAN_POINT('Ctrl Pts',(-9.69362163309664,7.40309891438705,20.7639610455994));
#3027=CARTESIAN_POINT('Ctrl Pts',(-10.0424697539973,8.24529277907374,19.1994959834344));
#3028=CARTESIAN_POINT('Ctrl Pts',(-3.63687057550746,-2.65899805099789,25.4689677963379));
#3029=CARTESIAN_POINT('Ctrl Pts',(-4.2048119252405,-1.19790022096718,25.9811225639369));
#3030=CARTESIAN_POINT('Ctrl Pts',(-5.4347435511492,1.91559292131837,26.3511851447253));
#3031=CARTESIAN_POINT('Ctrl Pts',(-7.53895519146012,7.15137391665862,24.6018782711017));
#3032=CARTESIAN_POINT('Ctrl Pts',(-8.65184659580223,9.89106473851887,21.441705616551));
#3033=CARTESIAN_POINT('Ctrl Pts',(-9.04861736248349,10.8673423350753,19.1999999773383));
#3034=CARTESIAN_POINT('Origin',(0.269498154343637,-16.6499999999991,14.1304431546334));
#3035=CARTESIAN_POINT('Origin',(0.269498154343555,-16.6499999999985,19.2000000000041));
#3036=CARTESIAN_POINT('Origin',(0.269498154343435,-16.6499999999982,25.4689677963369));
#3037=CARTESIAN_POINT('Origin',(0.269498154343608,-16.6499999999991,23.9379235660779));
#3038=CARTESIAN_POINT('Origin',(0.269498154343601,-16.6499999999991,27.1747643077161));
#3039=CARTESIAN_POINT('',(3.4569981543436,-16.6499999999991,26.2123637182212));
#3040=CARTESIAN_POINT('Origin',(0.269498154343604,-16.6499999999991,26.2123637182212));
#3041=CARTESIAN_POINT('',(5.73136612887619,-16.6499999999991,22.1763992966257));
#3042=CARTESIAN_POINT('Origin',(9.88300043284886,-16.6499999999991,27.1747643077161));
#3043=CARTESIAN_POINT('',(7.28923959561237,-15.7258335068383,21.1912302410676));
#3044=CARTESIAN_POINT('Ctrl Pts',(7.28923959595385,-15.7258335067933,21.191230241069));
#3045=CARTESIAN_POINT('Ctrl Pts',(6.90715065222235,-15.7761364705361,21.3543871686595));
#3046=CARTESIAN_POINT('Ctrl Pts',(6.59103906632325,-15.8795098030726,21.5368700687624));
#3047=CARTESIAN_POINT('Ctrl Pts',(6.10076826747091,-16.1791718936127,21.8707013719944));
#3048=CARTESIAN_POINT('Ctrl Pts',(5.92286556992069,-16.3591194327837,22.0172354512115));
#3049=CARTESIAN_POINT('Ctrl Pts',(5.76427462911193,-16.5968287892569,22.1490343624168));
#3050=CARTESIAN_POINT('Ctrl Pts',(5.74756419081185,-16.6231723520097,22.1629452112517));
#3051=CARTESIAN_POINT('Ctrl Pts',(5.73136612887619,-16.6499999999991,22.1763992966257));
#3052=CARTESIAN_POINT('',(5.54525749072579,-15.2363645463545,22.1763992966257));
#3053=CARTESIAN_POINT('Ctrl Pts',(5.5452574907258,-15.2363645463545,22.1763992966257));
#3054=CARTESIAN_POINT('Ctrl Pts',(5.54922599085157,-15.2401804734452,22.1740357106189));
#3055=CARTESIAN_POINT('Ctrl Pts',(5.55320627150073,-15.2439782375353,22.1716578075571));
#3056=CARTESIAN_POINT('Ctrl Pts',(5.73853060589219,-15.4194301148104,22.0606148683438));
#3057=CARTESIAN_POINT('Ctrl Pts',(5.9449446666785,-15.5542896334505,21.9222127390719));
#3058=CARTESIAN_POINT('Ctrl Pts',(6.35054286015657,-15.6989545627336,21.6714507315655));
#3059=CARTESIAN_POINT('Ctrl Pts',(6.51845865944443,-15.7322768977479,21.5726910816308));
#3060=CARTESIAN_POINT('Ctrl Pts',(6.8871095960854,-15.7615325261386,21.3745048155534));
#3061=CARTESIAN_POINT('Ctrl Pts',(7.08683970342719,-15.7524799581559,21.277657616556));
#3062=CARTESIAN_POINT('Ctrl Pts',(7.28923959595386,-15.7258335067933,21.191230241069));
#3063=CARTESIAN_POINT('',(6.81085581537899,-13.9404809404651,21.1912302410598));
#3064=CARTESIAN_POINT('Ctrl Pts',(6.81085581737935,-13.9404809396365,21.191230241069));
#3065=CARTESIAN_POINT('Ctrl Pts',(6.45480560373131,-14.0879617670154,21.3543871686595));
#3066=CARTESIAN_POINT('Ctrl Pts',(6.17622024613834,-14.2696284374702,21.5368700687624));
#3067=CARTESIAN_POINT('Ctrl Pts',(5.78021327577848,-14.6859712098832,21.8707013719944));
#3068=CARTESIAN_POINT('Ctrl Pts',(5.65494631590503,-14.9058317916468,22.0172354512115));
#3069=CARTESIAN_POINT('Ctrl Pts',(5.56328293901671,-15.1764877540769,22.1490343624168));
#3070=CARTESIAN_POINT('Ctrl Pts',(5.55396011085032,-15.2062586613803,22.1629452112517));
#3071=CARTESIAN_POINT('Ctrl Pts',(5.54525749072579,-15.2363645463545,22.1763992966257));
#3072=CARTESIAN_POINT('',(4.99961457240548,-13.9190660127328,22.1763992966257));
#3073=CARTESIAN_POINT('Ctrl Pts',(4.99961457240548,-13.9190660127328,22.1763992966257));
#3074=CARTESIAN_POINT('Ctrl Pts',(5.0044354837744,-13.9217247918479,22.1740357106189));
#3075=CARTESIAN_POINT('Ctrl Pts',(5.00926307332462,-13.9243629778278,22.1716578075571));
#3076=CARTESIAN_POINT('Ctrl Pts',(5.23368292149096,-14.0458710100973,22.0606148683438));
#3077=CARTESIAN_POINT('Ctrl Pts',(5.46796780555107,-14.1227114119642,21.9222127390719));
#3078=CARTESIAN_POINT('Ctrl Pts',(5.89718761458461,-14.1574704661858,21.6714507315655));
#3079=CARTESIAN_POINT('Ctrl Pts',(6.06800627668771,-14.146197563339,21.5726910816308));
#3080=CARTESIAN_POINT('Ctrl Pts',(6.43166765107883,-14.0790424469683,21.3745048155534));
#3081=CARTESIAN_POINT('Ctrl Pts',(6.62224914304674,-14.0186043820992,21.277657616556));
#3082=CARTESIAN_POINT('Ctrl Pts',(6.81085581737935,-13.9404809396365,21.191230241069));
#3083=CARTESIAN_POINT('',(5.88647324257879,-12.3399434239907,21.1909470020424));
#3084=CARTESIAN_POINT('Ctrl Pts',(5.88668932417361,-12.3397776187514,21.191230241069));
#3085=CARTESIAN_POINT('Ctrl Pts',(5.58094207426836,-12.5743857351041,21.3543871686595));
#3086=CARTESIAN_POINT('Ctrl Pts',(5.3588680767174,-12.8219654601041,21.5368700687624));
#3087=CARTESIAN_POINT('Ctrl Pts',(5.0841121554476,-13.3266158424891,21.8707013719944));
#3088=CARTESIAN_POINT('Ctrl Pts',(5.02001766955285,-13.5714063315348,22.0172354512115));
#3089=CARTESIAN_POINT('Ctrl Pts',(5.00152856423901,-13.8565641433622,22.1490343624168));
#3090=CARTESIAN_POINT('Ctrl Pts',(5.00022868153916,-13.8877335570824,22.1629452112517));
#3091=CARTESIAN_POINT('Ctrl Pts',(4.99961457240548,-13.9190660127328,22.1763992966257));
#3092=CARTESIAN_POINT('',(4.13105689425951,-12.7871564481843,22.1760136619756));
#3093=CARTESIAN_POINT('Ctrl Pts',(5.88584574653673,-12.3404249186387,21.1901083543369));
#3094=CARTESIAN_POINT('Ctrl Pts',(5.80928262535685,-12.3991840824947,21.2311280773202));
#3095=CARTESIAN_POINT('Ctrl Pts',(5.73321211672027,-12.452550447786,21.2733486400939));
#3096=CARTESIAN_POINT('Ctrl Pts',(5.65757955592657,-12.5007050200789,21.3163940330992));
#3097=CARTESIAN_POINT('Ctrl Pts',(5.58490808720374,-12.5469742916402,21.3577541549649));
#3098=CARTESIAN_POINT('Ctrl Pts',(5.51264033720356,-12.5884315788288,21.3998766532652));
#3099=CARTESIAN_POINT('Ctrl Pts',(5.4406993544103,-12.6251959078057,21.4424155172307));
#3100=CARTESIAN_POINT('Ctrl Pts',(5.36999879166871,-12.6613263392588,21.4842209180464));
#3101=CARTESIAN_POINT('Ctrl Pts',(5.29961339531555,-12.6929241363943,21.5264292523688));
#3102=CARTESIAN_POINT('Ctrl Pts',(5.22944943870529,-12.7200640862015,21.5686876598793));
#3103=CARTESIAN_POINT('Ctrl Pts',(5.16178216236041,-12.7462383011733,21.6094423646744));
#3104=CARTESIAN_POINT('Ctrl Pts',(5.09432044177884,-12.7682660763354,21.6502442297463));
#3105=CARTESIAN_POINT('Ctrl Pts',(5.02696690501877,-12.786181121763,21.6907439306873));
#3106=CARTESIAN_POINT('Ctrl Pts',(5.01334443117918,-12.7898044984914,21.6989351281079));
#3107=CARTESIAN_POINT('Ctrl Pts',(4.99972634897666,-12.793259530964,21.7071138378735));
#3108=CARTESIAN_POINT('Ctrl Pts',(4.98611180567494,-12.7965463346704,21.7152769657883));
#3109=CARTESIAN_POINT('Ctrl Pts',(4.93075076860216,-12.8099115176081,21.748470824525));
#3110=CARTESIAN_POINT('Ctrl Pts',(4.87507479379645,-12.820587146981,21.7816363571036));
#3111=CARTESIAN_POINT('Ctrl Pts',(4.81897231999782,-12.8284716620556,21.8145457405188));
#3112=CARTESIAN_POINT('Ctrl Pts',(4.766890011548,-12.8357911921634,21.8450969184237));
#3113=CARTESIAN_POINT('Ctrl Pts',(4.71443993479287,-12.8407050380372,21.8754273771495));
#3114=CARTESIAN_POINT('Ctrl Pts',(4.66153128708285,-12.8431077839681,21.9053114114479));
#3115=CARTESIAN_POINT('Ctrl Pts',(4.65744733768609,-12.8432932487875,21.9076181210149));
#3116=CARTESIAN_POINT('Ctrl Pts',(4.65336065611673,-12.8434637404853,21.9099221475988));
#3117=CARTESIAN_POINT('Ctrl Pts',(4.64927120071624,-12.8436192046545,21.9122233755127));
#3118=CARTESIAN_POINT('Ctrl Pts',(4.61734741302038,-12.8448328149383,21.9301876040393));
#3119=CARTESIAN_POINT('Ctrl Pts',(4.58525448383132,-12.8451307247738,21.9479816848429));
#3120=CARTESIAN_POINT('Ctrl Pts',(4.55298228480788,-12.844508533423,21.965567687995));
#3121=CARTESIAN_POINT('Ctrl Pts',(4.49144402726134,-12.8433221075598,21.9991015661917));
#3122=CARTESIAN_POINT('Ctrl Pts',(4.4297581863118,-12.838805181142,22.0316010736469));
#3123=CARTESIAN_POINT('Ctrl Pts',(4.36784432042327,-12.831095391249,22.0628127981365));
#3124=CARTESIAN_POINT('Ctrl Pts',(4.30829570194737,-12.8236801324813,22.092832165316));
#3125=CARTESIAN_POINT('Ctrl Pts',(4.24853575772586,-12.8133108486318,22.1216603929613));
#3126=CARTESIAN_POINT('Ctrl Pts',(4.18850498214278,-12.8001015912854,22.1490260850767));
#3127=CARTESIAN_POINT('Ctrl Pts',(4.16952130549699,-12.7959243960424,22.1576800037585));
#3128=CARTESIAN_POINT('Ctrl Pts',(4.15051066158921,-12.7914631567722,22.1661873008727));
#3129=CARTESIAN_POINT('Ctrl Pts',(4.13147152979539,-12.7867214052643,22.1745383492516));
#3130=CARTESIAN_POINT('',(4.57955104956883,-11.0330297086539,21.1909398036044));
#3131=CARTESIAN_POINT('Ctrl Pts',(4.13162203708123,-12.7878761172615,22.1763992966257));
#3132=CARTESIAN_POINT('Ctrl Pts',(4.13030217228676,-12.7825336590039,22.174036739765));
#3133=CARTESIAN_POINT('Ctrl Pts',(4.12900390909783,-12.7771900814638,22.1716598788811));
#3134=CARTESIAN_POINT('Ctrl Pts',(4.06989274149969,-12.5296943248306,22.0609421618323));
#3135=CARTESIAN_POINT('Ctrl Pts',(4.05621447994292,-12.2842383466107,21.9230368158358));
#3136=CARTESIAN_POINT('Ctrl Pts',(4.13323035785175,-11.8602252482531,21.6720954704442));
#3137=CARTESIAN_POINT('Ctrl Pts',(4.18868332489072,-11.6970107203955,21.5726248319702));
#3138=CARTESIAN_POINT('Ctrl Pts',(4.34822046443061,-11.36246228191,21.3740713324775));
#3139=CARTESIAN_POINT('Ctrl Pts',(4.45572250617428,-11.1944062082876,21.2774639904442));
#3140=CARTESIAN_POINT('Ctrl Pts',(4.57972053559129,-11.0328088301691,21.191230241069));
#3141=CARTESIAN_POINT('',(2.99970117885763,-11.9193367256698,22.1760150480589));
#3142=CARTESIAN_POINT('Ctrl Pts',(4.57907323570405,-11.033652407806,21.1901083543369));
#3143=CARTESIAN_POINT('Ctrl Pts',(4.52032693029538,-11.1102253956195,21.2311280773202));
#3144=CARTESIAN_POINT('Ctrl Pts',(4.46066100310376,-11.1814622936191,21.2733491784105));
#3145=CARTESIAN_POINT('Ctrl Pts',(4.40006940104769,-11.2475519433458,21.3163954748294));
#3146=CARTESIAN_POINT('Ctrl Pts',(4.34185172189471,-11.311052261749,21.3577552571854));
#3147=CARTESIAN_POINT('Ctrl Pts',(4.28277881696144,-11.36980063068,21.3998777088791));
#3148=CARTESIAN_POINT('Ctrl Pts',(4.22280707947525,-11.4239317978544,21.4424166970683));
#3149=CARTESIAN_POINT('Ctrl Pts',(4.16387102706868,-11.4771281439859,21.4842210559602));
#3150=CARTESIAN_POINT('Ctrl Pts',(4.10406647444176,-11.5258653859435,21.5264284910193));
#3151=CARTESIAN_POINT('Ctrl Pts',(4.0433221717953,-11.5702398800313,21.5686860540183));
#3152=CARTESIAN_POINT('Ctrl Pts',(3.98474096027891,-11.6130342082372,21.6094388345815));
#3153=CARTESIAN_POINT('Ctrl Pts',(3.9252852928225,-11.6517708813442,21.650238823708));
#3154=CARTESIAN_POINT('Ctrl Pts',(3.86486978052154,-11.6865075305177,21.6907366460332));
#3155=CARTESIAN_POINT('Ctrl Pts',(3.85263898902117,-11.6935397760004,21.6989352096506));
#3156=CARTESIAN_POINT('Ctrl Pts',(3.84036879891747,-11.7004079902059,21.7071212618924));
#3157=CARTESIAN_POINT('Ctrl Pts',(3.82805841364693,-11.7071125052123,21.7152916993286));
#3158=CARTESIAN_POINT('Ctrl Pts',(3.77804357642846,-11.7343517198511,21.7484866879005));
#3159=CARTESIAN_POINT('Ctrl Pts',(3.7270283720163,-11.7590744600891,21.7816532584496));
#3160=CARTESIAN_POINT('Ctrl Pts',(3.67487869839861,-11.7812114184869,21.8145634909466));
#3161=CARTESIAN_POINT('Ctrl Pts',(3.6264709693052,-11.8017599629117,21.845112284613));
#3162=CARTESIAN_POINT('Ctrl Pts',(3.57708547525326,-11.8200803061017,21.875440241428));
#3163=CARTESIAN_POINT('Ctrl Pts',(3.52660720653287,-11.8360940736508,21.9053216363527));
#3164=CARTESIAN_POINT('Ctrl Pts',(3.52270520813776,-11.8373319468358,21.9076314848874));
#3165=CARTESIAN_POINT('Ctrl Pts',(3.51879667698421,-11.8385560259682,21.9099386418377));
#3166=CARTESIAN_POINT('Ctrl Pts',(3.51488155850501,-11.8397662690691,21.9122429910032));
#3167=CARTESIAN_POINT('Ctrl Pts',(3.48435976840211,-11.8492011778963,21.9302074183706));
#3168=CARTESIAN_POINT('Ctrl Pts',(3.45343754381306,-11.8577952843852,21.9480016019152));
#3169=CARTESIAN_POINT('Ctrl Pts',(3.42210396625751,-11.865546964597,21.9655876181982));
#3170=CARTESIAN_POINT('Ctrl Pts',(3.36235358370761,-11.88032873847,21.9991226078934));
#3171=CARTESIAN_POINT('Ctrl Pts',(3.30159839546501,-11.8919312134116,22.0316228337955));
#3172=CARTESIAN_POINT('Ctrl Pts',(3.23979635851424,-11.900508226875,22.0628349246555));
#3173=CARTESIAN_POINT('Ctrl Pts',(3.18035503291934,-11.9087576159739,22.0928547775089));
#3174=CARTESIAN_POINT('Ctrl Pts',(3.11994481239654,-11.9142079273394,22.1216831544596));
#3175=CARTESIAN_POINT('Ctrl Pts',(3.05853777333944,-11.9169847960984,22.1490486926879));
#3176=CARTESIAN_POINT('Ctrl Pts',(3.03912392351641,-11.9178627038089,22.1577003140272));
#3177=CARTESIAN_POINT('Ctrl Pts',(3.01961054349188,-11.9184733311783,22.1662053596646));
#3178=CARTESIAN_POINT('Ctrl Pts',(2.99999708025283,-11.9188204825664,22.1745542110757));
#3179=CARTESIAN_POINT('',(2.97890879318409,-10.1089040896725,21.1909346123496));
#3180=CARTESIAN_POINT('Ctrl Pts',(3.00043214160991,-11.9198835819372,22.1763992966257));
#3181=CARTESIAN_POINT('Ctrl Pts',(2.997774520173,-11.9150647696761,22.174036739765));
#3182=CARTESIAN_POINT('Ctrl Pts',(2.99513747459313,-11.9102392853643,22.1716598788811));
#3183=CARTESIAN_POINT('Ctrl Pts',(2.87398385578908,-11.6864758380876,22.0609421618322));
#3184=CARTESIAN_POINT('Ctrl Pts',(2.79724298779522,-11.4529237641027,21.9230368158356));
#3185=CARTESIAN_POINT('Ctrl Pts',(2.76189194807385,-11.0234253857365,21.6720954704442));
#3186=CARTESIAN_POINT('Ctrl Pts',(2.77321237283418,-10.8514199740761,21.5726248319702));
#3187=CARTESIAN_POINT('Ctrl Pts',(2.84072590877867,-10.4869797470842,21.3740713324775));
#3188=CARTESIAN_POINT('Ctrl Pts',(2.90106879477907,-10.296826469517,21.2774639904442));
#3189=CARTESIAN_POINT('Ctrl Pts',(2.9790172147062,-10.1086423369633,21.191230241069));
#3190=CARTESIAN_POINT('',(1.68228650187004,-11.3739028381679,22.1760165869828));
#3191=CARTESIAN_POINT('Ctrl Pts',(2.9786103049862,-10.109624703928,21.1901083543369));
#3192=CARTESIAN_POINT('Ctrl Pts',(2.94168427897942,-10.1987931931224,21.2311280773202));
#3193=CARTESIAN_POINT('Ctrl Pts',(2.90248917469498,-10.2830456785341,21.2733495532659));
#3194=CARTESIAN_POINT('Ctrl Pts',(2.86106792861454,-10.3625660542182,21.3163964787745));
#3195=CARTESIAN_POINT('Ctrl Pts',(2.82127033766732,-10.4389693419729,21.3577560247813));
#3196=CARTESIAN_POINT('Ctrl Pts',(2.77941703287862,-10.5110042805894,21.3998784440693));
#3197=CARTESIAN_POINT('Ctrl Pts',(2.73550068733217,-10.5788122340411,21.4424175188034));
#3198=CARTESIAN_POINT('Ctrl Pts',(2.69234359391576,-10.6454478829112,21.4842211524916));
#3199=CARTESIAN_POINT('Ctrl Pts',(2.64719374824435,-10.7080015561842,21.526427961677));
#3200=CARTESIAN_POINT('Ctrl Pts',(2.60000719264658,-10.7665846863245,21.5686849369328));
#3201=CARTESIAN_POINT('Ctrl Pts',(2.55450180228773,-10.8230806134314,21.6094363783134));
#3202=CARTESIAN_POINT('Ctrl Pts',(2.50710179435595,-10.8758839125024,21.650235061883));
#3203=CARTESIAN_POINT('Ctrl Pts',(2.45773954167142,-10.9250722732551,21.6907315768034));
#3204=CARTESIAN_POINT('Ctrl Pts',(2.44773984874909,-10.9350367395452,21.698935268726));
#3205=CARTESIAN_POINT('Ctrl Pts',(2.43765954656785,-10.9448527806563,21.7071264327449));
#3206=CARTESIAN_POINT('Ctrl Pts',(2.42749794975137,-10.9545209238936,21.7153019589895));
#3207=CARTESIAN_POINT('Ctrl Pts',(2.38623796540093,-10.9937772972645,21.7484977343193));
#3208=CARTESIAN_POINT('Ctrl Pts',(2.34336033949584,-11.0308618148426,21.7816650276563));
#3209=CARTESIAN_POINT('Ctrl Pts',(2.29871754882886,-11.0657421942691,21.8145758514092));
#3210=CARTESIAN_POINT('Ctrl Pts',(2.25728104981624,-11.0981174285694,21.8451229855727));
#3211=CARTESIAN_POINT('Ctrl Pts',(2.21432353332627,-11.1285936494003,21.8754492009689));
#3212=CARTESIAN_POINT('Ctrl Pts',(2.1697136025752,-11.1571248877245,21.9053287587838));
#3213=CARTESIAN_POINT('Ctrl Pts',(2.16626175572335,-11.1593325904385,21.9076407923566));
#3214=CARTESIAN_POINT('Ctrl Pts',(2.16280000928905,-11.1615286374728,21.9099501283472));
#3215=CARTESIAN_POINT('Ctrl Pts',(2.1593282994957,-11.1637130023066,21.9122566501971));
#3216=CARTESIAN_POINT('Ctrl Pts',(2.13228855602796,-11.1807261365434,21.9302212160267));
#3217=CARTESIAN_POINT('Ctrl Pts',(2.1046443549313,-11.1970307139277,21.9480154711148));
#3218=CARTESIAN_POINT('Ctrl Pts',(2.07638473295377,-11.2126279947502,21.9656014965414));
#3219=CARTESIAN_POINT('Ctrl Pts',(2.02249489810781,-11.2423713114953,21.9991372602749));
#3220=CARTESIAN_POINT('Ctrl Pts',(1.96681137496228,-11.2693034471695,22.0316379864858));
#3221=CARTESIAN_POINT('Ctrl Pts',(1.90933340501502,-11.2935839200545,22.0628503324633));
#3222=CARTESIAN_POINT('Ctrl Pts',(1.85405080509832,-11.3169370007134,22.0928705234463));
#3223=CARTESIAN_POINT('Ctrl Pts',(1.79710765455784,-11.3378369149869,22.1216990042771));
#3224=CARTESIAN_POINT('Ctrl Pts',(1.73850953439052,-11.3564122839454,22.149064435246));
#3225=CARTESIAN_POINT('Ctrl Pts',(1.71998707776155,-11.3622838283725,22.1577144568987));
#3226=CARTESIAN_POINT('Ctrl Pts',(1.70129934709524,-11.3679230249086,22.1662179347912));
#3227=CARTESIAN_POINT('Ctrl Pts',(1.68244679388894,-11.3733336906667,22.1745652564141));
#3228=CARTESIAN_POINT('',(1.19362720223905,-9.63054298375859,21.1909316398348));
#3229=CARTESIAN_POINT('Ctrl Pts',(1.68313360798818,-11.3742406636169,22.1763992966257));
#3230=CARTESIAN_POINT('Ctrl Pts',(1.67931934241781,-11.3702738914444,22.174036739765));
#3231=CARTESIAN_POINT('Ctrl Pts',(1.67552322474537,-11.3662953491421,22.1716598788811));
#3232=CARTESIAN_POINT('Ctrl Pts',(1.50058357364154,-11.1815133203681,22.0609421618324));
#3233=CARTESIAN_POINT('Ctrl Pts',(1.36600986254374,-10.9757813384973,21.9230368158359));
#3234=CARTESIAN_POINT('Ctrl Pts',(1.22070102012871,-10.5700672848277,21.6720954704442));
#3235=CARTESIAN_POINT('Ctrl Pts',(1.18711743437087,-10.4009928739168,21.5726248319702));
#3236=CARTESIAN_POINT('Ctrl Pts',(1.15800643081676,-10.031496857622,21.3740713324775));
#3237=CARTESIAN_POINT('Ctrl Pts',(1.1670778931143,-9.83220500773294,21.2774639904442));
#3238=CARTESIAN_POINT('Ctrl Pts',(1.19366464754936,-9.63025855838884,21.191230241069));
#3239=CARTESIAN_POINT('',(0.268597979665804,-11.1880233028888,22.1760121607293));
#3240=CARTESIAN_POINT('Ctrl Pts',(1.19352585822159,-9.63131276799607,21.1901083543369));
#3241=CARTESIAN_POINT('Ctrl Pts',(1.18093655926594,-9.72700007339061,21.2311280773202));
#3242=CARTESIAN_POINT('Ctrl Pts',(1.16488325355056,-9.81852621689259,21.2733496730775));
#3243=CARTESIAN_POINT('Ctrl Pts',(1.14545497468686,-9.90605769684024,21.3163967996562));
#3244=CARTESIAN_POINT('Ctrl Pts',(1.12678837856462,-9.99015751832354,21.3577562701326));
#3245=CARTESIAN_POINT('Ctrl Pts',(1.10500561300415,-10.0705699772163,21.3998786790712));
#3246=CARTESIAN_POINT('Ctrl Pts',(1.08013615684319,-10.1474334994399,21.4424177814741));
#3247=CARTESIAN_POINT('Ctrl Pts',(1.05569681013383,-10.2229676911313,21.4842211834302));
#3248=CARTESIAN_POINT('Ctrl Pts',(1.02827623184359,-10.2950748629377,21.5264277926297));
#3249=CARTESIAN_POINT('Ctrl Pts',(0.997860773239351,-10.3638740084769,21.5686845800873));
#3250=CARTESIAN_POINT('Ctrl Pts',(0.968529135929772,-10.4302215724056,21.6094355935671));
#3251=CARTESIAN_POINT('Ctrl Pts',(0.936411826710287,-10.493492810574,21.6502338599836));
#3252=CARTESIAN_POINT('Ctrl Pts',(0.901463604154454,-10.5537802499003,21.6907299571623));
#3253=CARTESIAN_POINT('Ctrl Pts',(0.894382385262443,-10.5659957081722,21.6989352880039));
#3254=CARTESIAN_POINT('Ctrl Pts',(0.887184843144949,-10.5780886144499,21.7071280856572));
#3255=CARTESIAN_POINT('Ctrl Pts',(0.879870451698823,-10.5900596557335,21.7153052381916));
#3256=CARTESIAN_POINT('Ctrl Pts',(0.850176895976597,-10.6386573803734,21.7485012649856));
#3257=CARTESIAN_POINT('Ctrl Pts',(0.818358682064723,-10.6855759209063,21.7816687893407));
#3258=CARTESIAN_POINT('Ctrl Pts',(0.784264938286835,-10.7308222673385,21.8145798020713));
#3259=CARTESIAN_POINT('Ctrl Pts',(0.752620573691377,-10.77281800393,21.8451264059537));
#3260=CARTESIAN_POINT('Ctrl Pts',(0.719015575372813,-10.8133731533138,21.875452064891));
#3261=CARTESIAN_POINT('Ctrl Pts',(0.683311116959141,-10.8524773127098,21.9053310356675));
#3262=CARTESIAN_POINT('Ctrl Pts',(0.680547472996737,-10.8555041048478,21.9076437674903));
#3263=CARTESIAN_POINT('Ctrl Pts',(0.677771242253374,-10.858522195324,21.9099537998125));
#3264=CARTESIAN_POINT('Ctrl Pts',(0.67498235619056,-10.861531575015,21.9122610159609));
#3265=CARTESIAN_POINT('Ctrl Pts',(0.653267333640622,-10.8849634206981,21.9302256260459));
#3266=CARTESIAN_POINT('Ctrl Pts',(0.630785042147882,-10.9078672888072,21.9480199040008));
#3267=CARTESIAN_POINT('Ctrl Pts',(0.607525219537811,-10.9302472348203,21.9656059323499));
#3268=CARTESIAN_POINT('Ctrl Pts',(0.56316945855003,-10.9729250984017,21.9991419434904));
#3269=CARTESIAN_POINT('Ctrl Pts',(0.516353438118605,-11.0133517460582,22.0316428296135));
#3270=CARTESIAN_POINT('Ctrl Pts',(0.467117726437869,-11.0516814666798,22.0628552571309));
#3271=CARTESIAN_POINT('Ctrl Pts',(0.419762525132767,-11.0885472207034,22.092875556175));
#3272=CARTESIAN_POINT('Ctrl Pts',(0.370168343115058,-11.123473125851,22.1217040701923));
#3273=CARTESIAN_POINT('Ctrl Pts',(0.318373875309052,-11.1565819853158,22.1490694668612));
#3274=CARTESIAN_POINT('Ctrl Pts',(0.302002952867696,-11.1670468591407,22.1577189772321));
#3275=CARTESIAN_POINT('Ctrl Pts',(0.285412270230348,-11.1773300947305,22.1662219540525));
#3276=CARTESIAN_POINT('Ctrl Pts',(0.268603251706238,-11.1874352619615,22.174568786735));
#3277=CARTESIAN_POINT('Ctrl Pts',(0.269498154343618,-11.1881320254665,22.1763992966257));
#3278=CARTESIAN_POINT('Ctrl Pts',(0.26478718053505,-11.1852876223508,22.174036739765));
#3279=CARTESIAN_POINT('Ctrl Pts',(0.260090689916028,-11.1824271531411,22.1716598788811));
#3280=CARTESIAN_POINT('Ctrl Pts',(0.043286854632986,-11.0492191327631,22.0609421618321));
#3281=CARTESIAN_POINT('Ctrl Pts',(-0.139948723550623,-10.8853275375826,
21.9230368158356));
#3282=CARTESIAN_POINT('Ctrl Pts',(-0.385312811182608,-10.531046550894,21.6720954704442));
#3283=CARTESIAN_POINT('Ctrl Pts',(-0.461511741588718,-10.3764252824275,
21.5726248319702));
#3284=CARTESIAN_POINT('Ctrl Pts',(-0.585263417857452,-10.0270540197192,
21.3740713324775));
#3285=CARTESIAN_POINT('Ctrl Pts',(-0.628081584427054,-9.83220500773293,
21.2774639904442));
#3286=CARTESIAN_POINT('Ctrl Pts',(-0.654668338862111,-9.63025855838883,
21.191230241069));
#3287=CARTESIAN_POINT('',(-2.46143583292266,-11.9198835819372,22.1763992966257));
#3288=CARTESIAN_POINT('Ctrl Pts',(-2.46143583292266,-11.9198835819372,22.1763992966257));
#3289=CARTESIAN_POINT('Ctrl Pts',(-2.45877705380753,-11.9150626705683,22.1740357106189));
#3290=CARTESIAN_POINT('Ctrl Pts',(-2.45613886782765,-11.9102350810181,22.1716578075571));
#3291=CARTESIAN_POINT('Ctrl Pts',(-2.33463083555815,-11.6858152328517,22.0606148683438));
#3292=CARTESIAN_POINT('Ctrl Pts',(-2.25779043369122,-11.4515303487916,21.9222127390719));
#3293=CARTESIAN_POINT('Ctrl Pts',(-2.22303137946969,-11.0223105397581,21.6714507315655));
#3294=CARTESIAN_POINT('Ctrl Pts',(-2.23430428231642,-10.851491877655,21.5726910816308));
#3295=CARTESIAN_POINT('Ctrl Pts',(-2.30145939868712,-10.4878305032639,21.3745048155534));
#3296=CARTESIAN_POINT('Ctrl Pts',(-2.3618974635563,-10.2972490112959,21.2776576165559));
#3297=CARTESIAN_POINT('Ctrl Pts',(-2.44002090601895,-10.1086423369633,21.191230241069));
#3298=CARTESIAN_POINT('',(-4.04072422669437,-11.0328088304423,21.1912302410675));
#3299=CARTESIAN_POINT('Ctrl Pts',(-4.04072422690404,-11.0328088301691,21.191230241069));
#3300=CARTESIAN_POINT('Ctrl Pts',(-3.80611611055139,-11.3385560800743,21.3543871686594));
#3301=CARTESIAN_POINT('Ctrl Pts',(-3.55853638555137,-11.5606300776253,21.5368700687624));
#3302=CARTESIAN_POINT('Ctrl Pts',(-3.05388600316639,-11.8353859988951,21.8707013719944));
#3303=CARTESIAN_POINT('Ctrl Pts',(-2.80909551412066,-11.8994804847898,22.0172354512115));
#3304=CARTESIAN_POINT('Ctrl Pts',(-2.52393770229321,-11.9179695901037,22.1490343624168));
#3305=CARTESIAN_POINT('Ctrl Pts',(-2.49276828857308,-11.9192694728035,22.1629452112516));
#3306=CARTESIAN_POINT('Ctrl Pts',(-2.46143583292267,-11.9198835819372,22.1763992966257));
#3307=CARTESIAN_POINT('',(-3.592625728394,-12.7878761172614,22.1763992966257));
#3308=CARTESIAN_POINT('Ctrl Pts',(-3.592625728394,-12.7878761172614,22.1763992966257));
#3309=CARTESIAN_POINT('Ctrl Pts',(-3.59130528865733,-12.7825313317922,22.1740357106189));
#3310=CARTESIAN_POINT('Ctrl Pts',(-3.59000646880233,-12.7771854255908,22.1716578075571));
#3311=CARTESIAN_POINT('Ctrl Pts',(-3.53072285313612,-12.5289639054308,22.0606148683438));
#3312=CARTESIAN_POINT('Ctrl Pts',(-3.51713811444482,-12.2827743257715,21.9222127390719));
#3313=CARTESIAN_POINT('Ctrl Pts',(-3.59465370738801,-11.8591835218489,21.6714507315655));
#3314=CARTESIAN_POINT('Ctrl Pts',(-3.64975361839612,-11.6971030064617,21.5726910816308));
#3315=CARTESIAN_POINT('Ctrl Pts',(-3.80874296932661,-11.3632141160063,21.3745048155534));
#3316=CARTESIAN_POINT('Ctrl Pts',(-3.91644777684002,-11.1947690531391,21.2776576165559));
#3317=CARTESIAN_POINT('Ctrl Pts',(-4.04072422690404,-11.0328088301691,21.191230241069));
#3318=CARTESIAN_POINT('',(-5.34747305059194,-12.3399464037513,21.1909418214723));
#3319=CARTESIAN_POINT('Ctrl Pts',(-5.34769301548637,-12.3397776187514,21.191230241069));
#3320=CARTESIAN_POINT('Ctrl Pts',(-5.04194576558112,-12.5743857351041,21.3543871686594));
#3321=CARTESIAN_POINT('Ctrl Pts',(-4.74532513514981,-12.7248143966745,21.5368700687624));
#3322=CARTESIAN_POINT('Ctrl Pts',(-4.18675823237819,-12.8595951068754,21.8707013719944));
#3323=CARTESIAN_POINT('Ctrl Pts',(-3.93371990334338,-12.8581491854988,22.0172354512115));
#3324=CARTESIAN_POINT('Ctrl Pts',(-3.65349327574903,-12.8022040172658,22.1490343624168));
#3325=CARTESIAN_POINT('Ctrl Pts',(-3.62304949964736,-12.7953923696412,22.1629452112516));
#3326=CARTESIAN_POINT('Ctrl Pts',(-3.592625728394,-12.7878761172615,22.1763992966257));
#3327=CARTESIAN_POINT('',(-4.46117031056871,-13.9198125631983,22.1760253667296));
#3328=CARTESIAN_POINT('Ctrl Pts',(-5.34684943784948,-12.3404249186386,21.1901083543369));
#3329=CARTESIAN_POINT('Ctrl Pts',(-5.27027645003598,-12.3991712240473,21.2311280773201));
#3330=CARTESIAN_POINT('Ctrl Pts',(-5.19904022068781,-12.4588376107592,21.2733483804872));
#3331=CARTESIAN_POINT('Ctrl Pts',(-5.13295169381755,-12.5194299855226,21.3163933378155));
#3332=CARTESIAN_POINT('Ctrl Pts',(-5.06944970616684,-12.5776509266779,21.3577536234525));
#3333=CARTESIAN_POINT('Ctrl Pts',(-5.01070049897431,-12.6367274568949,21.3998761442584));
#3334=CARTESIAN_POINT('Ctrl Pts',(-4.95656911811886,-12.6967030590934,21.4424149483413));
#3335=CARTESIAN_POINT('Ctrl Pts',(-4.90337036623069,-12.7556453422991,21.4842208518351));
#3336=CARTESIAN_POINT('Ctrl Pts',(-4.85463169012019,-12.8154564288835,21.5264296200299));
#3337=CARTESIAN_POINT('Ctrl Pts',(-4.81025652502867,-12.8762074602709,21.5686884350108));
#3338=CARTESIAN_POINT('Ctrl Pts',(-4.76745982205713,-12.9347975261364,21.6094440682335));
#3339=CARTESIAN_POINT('Ctrl Pts',(-4.72872181180924,-12.9942622999986,21.6502468384474));
#3340=CARTESIAN_POINT('Ctrl Pts',(-4.69398466746667,-13.054687082349,21.6907474458253));
#3341=CARTESIAN_POINT('Ctrl Pts',(-4.68696217072303,-13.06690261835,21.69893509017));
#3342=CARTESIAN_POINT('Ctrl Pts',(-4.6801032805379,-13.0791574493602,21.7071102582928));
#3343=CARTESIAN_POINT('Ctrl Pts',(-4.67340766456673,-13.0914523678329,21.7152698604451));
#3344=CARTESIAN_POINT('Ctrl Pts',(-4.64616985587056,-13.1414681750025,21.7484631743115));
#3345=CARTESIAN_POINT('Ctrl Pts',(-4.62144840738995,-13.1924842707789,21.7816282063222));
#3346=CARTESIAN_POINT('Ctrl Pts',(-4.59931250578614,-13.2446346737859,21.8145371802623));
#3347=CARTESIAN_POINT('Ctrl Pts',(-4.57876177906002,-13.2930505323326,21.8450895084388));
#3348=CARTESIAN_POINT('Ctrl Pts',(-4.56043973664173,-13.3424443171961,21.8754211741995));
#3349=CARTESIAN_POINT('Ctrl Pts',(-4.5444246756922,-13.3929310121544,21.9053064818439));
#3350=CARTESIAN_POINT('Ctrl Pts',(-4.54318935819613,-13.3968252900343,21.9076116771551));
#3351=CARTESIAN_POINT('Ctrl Pts',(-4.54196777804672,-13.4007260734754,21.9099141936264));
#3352=CARTESIAN_POINT('Ctrl Pts',(-4.54075997691519,-13.4046334166798,21.9122139158179));
#3353=CARTESIAN_POINT('Ctrl Pts',(-4.53132531571887,-13.4351553779102,21.9301780484523));
#3354=CARTESIAN_POINT('Ctrl Pts',(-4.5227313372935,-13.4660776911631,21.9479720797084));
#3355=CARTESIAN_POINT('Ctrl Pts',(-4.51497967364109,-13.4974112804635,21.9655580765281));
#3356=CARTESIAN_POINT('Ctrl Pts',(-4.50019864117916,-13.5571588161365,21.9990914187271));
#3357=CARTESIAN_POINT('Ctrl Pts',(-4.48859619644306,-13.6179107808737,22.0315905797185));
#3358=CARTESIAN_POINT('Ctrl Pts',(-4.48001860638809,-13.6797092687431,22.0628021275213));
#3359=CARTESIAN_POINT('Ctrl Pts',(-4.47176871703276,-13.7391467895365,22.0928212604399));
#3360=CARTESIAN_POINT('Ctrl Pts',(-4.46631730696997,-13.7995528910535,22.1216494160281));
#3361=CARTESIAN_POINT('Ctrl Pts',(-4.4635388427043,-13.8609555497881,22.1490151822953));
#3362=CARTESIAN_POINT('Ctrl Pts',(-4.46266009215264,-13.880375493713,22.1576702089232));
#3363=CARTESIAN_POINT('Ctrl Pts',(-4.46204877829393,-13.8998950184985,22.1661785918662));
#3364=CARTESIAN_POINT('Ctrl Pts',(-4.46170109580033,-13.9195146796821,22.1745306997863));
#3365=CARTESIAN_POINT('',(-6.2718595083739,-13.9404809397683,21.1912302410675));
#3366=CARTESIAN_POINT('Ctrl Pts',(-4.46061826371825,-13.9190660127328,22.1763992966257));
#3367=CARTESIAN_POINT('Ctrl Pts',(-4.46543707597935,-13.9217236341697,22.1740367397649));
#3368=CARTESIAN_POINT('Ctrl Pts',(-4.4702625602912,-13.9243606797496,22.171659878881));
#3369=CARTESIAN_POINT('Ctrl Pts',(-4.69402600756785,-14.0455142985536,22.0609421618321));
#3370=CARTESIAN_POINT('Ctrl Pts',(-4.92757808155275,-14.1222551665475,21.9230368158356));
#3371=CARTESIAN_POINT('Ctrl Pts',(-5.3570764599189,-14.1576062062688,21.6720954704442));
#3372=CARTESIAN_POINT('Ctrl Pts',(-5.52908187157925,-14.1462857815085,21.5726248319702));
#3373=CARTESIAN_POINT('Ctrl Pts',(-5.89352209857127,-14.078772245564,21.3740713324774));
#3374=CARTESIAN_POINT('Ctrl Pts',(-6.08367537613853,-14.0184293595636,21.2774639904442));
#3375=CARTESIAN_POINT('Ctrl Pts',(-6.27185950869212,-13.9404809396365,21.191230241069));
#3376=CARTESIAN_POINT('',(-5.00626118203856,-15.2363645463545,22.1763992966257));
#3377=CARTESIAN_POINT('Ctrl Pts',(-5.00626118203856,-15.2363645463545,22.1763992966257));
#3378=CARTESIAN_POINT('Ctrl Pts',(-5.00779004041704,-15.2310756064921,22.1740357106189));
#3379=CARTESIAN_POINT('Ctrl Pts',(-5.00933818252837,-15.2257965059879,22.1716578075571));
#3380=CARTESIAN_POINT('Ctrl Pts',(-5.08210782541325,-14.9811885559302,22.0606148683438));
#3381=CARTESIAN_POINT('Ctrl Pts',(-5.19343788643245,-14.7611897564526,21.9222127390719));
#3382=CARTESIAN_POINT('Ctrl Pts',(-5.47236376107199,-14.4331071559177,21.6714507315655));
#3383=CARTESIAN_POINT('Ctrl Pts',(-5.60112194144488,-14.320291267638,21.5726910816307));
#3384=CARTESIAN_POINT('Ctrl Pts',(-5.90575520350955,-14.1106296819275,21.3745048155534));
#3385=CARTESIAN_POINT('Ctrl Pts',(-6.0832528343595,-14.0186043820991,21.2776576165559));
#3386=CARTESIAN_POINT('Ctrl Pts',(-6.27185950869211,-13.9404809396365,21.191230241069));
#3387=CARTESIAN_POINT('',(-6.75024328692513,-15.7258335068383,21.1912302410675));
#3388=CARTESIAN_POINT('Ctrl Pts',(-6.75024328726662,-15.7258335067933,21.191230241069));
#3389=CARTESIAN_POINT('Ctrl Pts',(-6.36815434353511,-15.7761364705361,21.3543871686594));
#3390=CARTESIAN_POINT('Ctrl Pts',(-6.03605901150981,-15.7581011976978,21.5368700687624));
#3391=CARTESIAN_POINT('Ctrl Pts',(-5.48493552889597,-15.595541265286,21.8707013719944));
#3392=CARTESIAN_POINT('Ctrl Pts',(-5.26652086850893,-15.4677698961246,22.0172354512115));
#3393=CARTESIAN_POINT('Ctrl Pts',(-5.05181007431192,-15.2792066454186,22.1490343624168));
#3394=CARTESIAN_POINT('Ctrl Pts',(-5.028850814633,-15.2580856974833,22.1629452112516));
#3395=CARTESIAN_POINT('Ctrl Pts',(-5.00626118203856,-15.2363645463545,22.1763992966257));
#3396=CARTESIAN_POINT('',(-5.19236982018896,-16.6499999999991,22.1763992966257));
#3397=CARTESIAN_POINT('Ctrl Pts',(-5.19236982018897,-16.6499999999991,22.1763992966257));
#3398=CARTESIAN_POINT('Ctrl Pts',(-5.19521546234628,-16.6452869740579,22.1740357106189));
#3399=CARTESIAN_POINT('Ctrl Pts',(-5.19807718454586,-16.6405884432043,22.1716578075571));
#3400=CARTESIAN_POINT('Ctrl Pts',(-5.33167645803661,-16.4231494764118,22.0606148683438));
#3401=CARTESIAN_POINT('Ctrl Pts',(-5.49615291842189,-16.239461294328,21.9222127390719));
#3402=CARTESIAN_POINT('Ctrl Pts',(-5.85048864974167,-15.9947491658439,21.6714507315655));
#3403=CARTESIAN_POINT('Ctrl Pts',(-6.00405840198679,-15.919102455032,21.5726910816307));
#3404=CARTESIAN_POINT('Ctrl Pts',(-6.35257594877001,-15.7954298046076,21.3745048155534));
#3405=CARTESIAN_POINT('Ctrl Pts',(-6.54784339473995,-15.7524799581559,21.2776576165559));
#3406=CARTESIAN_POINT('Ctrl Pts',(-6.75024328726662,-15.7258335067933,21.191230241069));
#3407=CARTESIAN_POINT('',(-6.74998241938726,-17.5741321492969,21.1909567878526));
#3408=CARTESIAN_POINT('Ctrl Pts',(-6.75024328726662,-17.5741664932048,21.191230241069));
#3409=CARTESIAN_POINT('Ctrl Pts',(-6.36815434353511,-17.523863529462,21.3543871686594));
#3410=CARTESIAN_POINT('Ctrl Pts',(-6.05204275763601,-17.4204901969255,21.5368700687624));
#3411=CARTESIAN_POINT('Ctrl Pts',(-5.56177195878367,-17.1208281063855,21.8707013719944));
#3412=CARTESIAN_POINT('Ctrl Pts',(-5.38386926123346,-16.9408805672144,22.0172354512115));
#3413=CARTESIAN_POINT('Ctrl Pts',(-5.22527832042469,-16.7031712107412,22.1490343624168));
#3414=CARTESIAN_POINT('Ctrl Pts',(-5.20856788212462,-16.6768276479884,22.1629452112516));
#3415=CARTESIAN_POINT('Ctrl Pts',(-5.19236982018896,-16.6499999999991,22.1763992966257));
#3416=CARTESIAN_POINT('',(-5.00612052987874,-18.064562686455,22.1760292665511));
#3417=CARTESIAN_POINT('Ctrl Pts',(-6.74918907765939,-17.574027703877,21.1901083543369));
#3418=CARTESIAN_POINT('Ctrl Pts',(-6.65350388779655,-17.5614223358625,21.2311280773202));
#3419=CARTESIAN_POINT('Ctrl Pts',(-6.56094191471965,-17.5532420546754,21.2733475472954));
#3420=CARTESIAN_POINT('Ctrl Pts',(-6.47136524866416,-17.5493570878609,21.3163911063447));
#3421=CARTESIAN_POINT('Ctrl Pts',(-6.38529049845357,-17.5456240001846,21.3577519177758));
#3422=CARTESIAN_POINT('Ctrl Pts',(-6.30197182412139,-17.5458575106106,21.3998745109411));
#3423=CARTESIAN_POINT('Ctrl Pts',(-6.22128299065578,-17.5499926953171,21.4424131229465));
#3424=CARTESIAN_POINT('Ctrl Pts',(-6.14198092425538,-17.5540568102398,21.484220640653));
#3425=CARTESIAN_POINT('Ctrl Pts',(-6.06521876473676,-17.5618899534309,21.5264308022033));
#3426=CARTESIAN_POINT('Ctrl Pts',(-5.99087785198302,-17.5734739138212,21.5686909258145));
#3427=CARTESIAN_POINT('Ctrl Pts',(-5.9191782832286,-17.5846462943272,21.6094495407708));
#3428=CARTESIAN_POINT('Ctrl Pts',(-5.84973071215298,-17.5993080688863,21.6502552179884));
#3429=CARTESIAN_POINT('Ctrl Pts',(-5.78243385321514,-17.6174784544118,21.690758736557));
#3430=CARTESIAN_POINT('Ctrl Pts',(-5.76884898078402,-17.6211464171263,21.6989349745189));
#3431=CARTESIAN_POINT('Ctrl Pts',(-5.75535177298108,-17.6249574631607,21.7070987729256));
#3432=CARTESIAN_POINT('Ctrl Pts',(-5.741941437288,-17.628911914647,21.7152470562738));
#3433=CARTESIAN_POINT('Ctrl Pts',(-5.68731520355745,-17.6450201460971,21.7484386214119));
#3434=CARTESIAN_POINT('Ctrl Pts',(-5.63376096805772,-17.6636148814412,21.7816020468803));
#3435=CARTESIAN_POINT('Ctrl Pts',(-5.58123286006105,-17.6848396577657,21.8145097066348));
#3436=CARTESIAN_POINT('Ctrl Pts',(-5.53245850080671,-17.7045476751497,21.8450657285495));
#3437=CARTESIAN_POINT('Ctrl Pts',(-5.48456879876238,-17.7265235849329,21.8754012702934));
#3438=CARTESIAN_POINT('Ctrl Pts',(-5.43753777464826,-17.7509039811249,21.9052906668247));
#3439=CARTESIAN_POINT('Ctrl Pts',(-5.43391819562522,-17.7527803334326,21.9075910001629));
#3440=CARTESIAN_POINT('Ctrl Pts',(-5.43030370849093,-17.7546709377855,21.9098886679368));
#3441=CARTESIAN_POINT('Ctrl Pts',(-5.42669430442741,-17.7565758614817,21.9121835554973));
#3442=CARTESIAN_POINT('Ctrl Pts',(-5.3984407622432,-17.7714871435278,21.9301473803714));
#3443=CARTESIAN_POINT('Ctrl Pts',(-5.3704985535214,-17.78727582052,21.9479412526077));
#3444=CARTESIAN_POINT('Ctrl Pts',(-5.34286110966899,-17.8039507809578,21.9655272291038));
#3445=CARTESIAN_POINT('Ctrl Pts',(-5.29016410290117,-17.8357453458871,21.9990588511808));
#3446=CARTESIAN_POINT('Ctrl Pts',(-5.23900421147088,-17.8704969472877,22.0315569002704));
#3447=CARTESIAN_POINT('Ctrl Pts',(-5.1892430040849,-17.9081267592354,22.0627678809971));
#3448=CARTESIAN_POINT('Ctrl Pts',(-5.14138321749291,-17.944318701994,22.0927862618881));
#3449=CARTESIAN_POINT('Ctrl Pts',(-5.094817154732,-17.9831736846502,22.1216141859785));
#3450=CARTESIAN_POINT('Ctrl Pts',(-5.04943630383099,-18.0246228380403,22.1489801899646));
#3451=CARTESIAN_POINT('Ctrl Pts',(-5.0350778374007,-18.0377373183927,22.1576387726436));
#3452=CARTESIAN_POINT('Ctrl Pts',(-5.02083814102644,-18.0511114722119,22.1661506406616));
#3453=CARTESIAN_POINT('Ctrl Pts',(-5.00671412853136,-18.0647430027038,22.1745061492882));
#3454=CARTESIAN_POINT('',(-6.2716184587003,-19.3594192141858,21.1909591250472));
#3455=CARTESIAN_POINT('Ctrl Pts',(-5.00626118203857,-18.0636354536436,22.1763992966257));
#3456=CARTESIAN_POINT('Ctrl Pts',(-5.00778937472579,-18.0689220906106,22.1740367397649));
#3457=CARTESIAN_POINT('Ctrl Pts',(-5.00933683459338,-18.0741988961018,22.171659878881));
#3458=CARTESIAN_POINT('Ctrl Pts',(-5.0818929401227,-18.3180920924743,22.0609421618322));
#3459=CARTESIAN_POINT('Ctrl Pts',(-5.19277520724493,-18.5375023359018,21.9230368158357));
#3460=CARTESIAN_POINT('Ctrl Pts',(-5.47147946318741,-18.8662005116623,21.6720954704442));
#3461=CARTESIAN_POINT('Ctrl Pts',(-5.60111040528718,-18.9798219555342,21.5726248319702));
#3462=CARTESIAN_POINT('Ctrl Pts',(-5.90654784021861,-19.1897808322891,21.3740713324774));
#3463=CARTESIAN_POINT('Ctrl Pts',(-6.08367537613851,-19.2815706404345,21.2774639904442));
#3464=CARTESIAN_POINT('Ctrl Pts',(-6.27185950869212,-19.3595190603616,21.191230241069));
#3465=CARTESIAN_POINT('',(-4.46024199614362,-19.3817940380614,22.1760294534516));
#3466=CARTESIAN_POINT('Ctrl Pts',(-6.27087714172745,-19.3591121506416,21.1901083543369));
#3467=CARTESIAN_POINT('Ctrl Pts',(-6.18171485495832,-19.3221711506558,21.2311280773201));
#3468=CARTESIAN_POINT('Ctrl Pts',(-6.09442405831102,-19.2903129172542,21.2733474358704));
#3469=CARTESIAN_POINT('Ctrl Pts',(-6.00890513148893,-19.2633763700463,21.3163908079243));
#3470=CARTESIAN_POINT('Ctrl Pts',(-5.92672899025284,-19.237492725454,21.3577516896918));
#3471=CARTESIAN_POINT('Ctrl Pts',(-5.84618839684755,-19.2161539712402,21.3998742925487));
#3472=CARTESIAN_POINT('Ctrl Pts',(-5.76717822170315,-19.1992646901599,21.4424128788798));
#3473=CARTESIAN_POINT('Ctrl Pts',(-5.68952551517044,-19.1826655827047,21.4842206125628));
#3474=CARTESIAN_POINT('Ctrl Pts',(-5.61335070519936,-19.1703645920411,21.5264309605504));
#3475=CARTESIAN_POINT('Ctrl Pts',(-5.53854388683971,-19.1623133833248,21.5686912592696));
#3476=CARTESIAN_POINT('Ctrl Pts',(-5.46639455886679,-19.154548191448,21.6094502732122));
#3477=CARTESIAN_POINT('Ctrl Pts',(-5.39551741399659,-19.1507364985457,21.6502563394227));
#3478=CARTESIAN_POINT('Ctrl Pts',(-5.32580964123259,-19.1508706222319,21.6907602475478));
#3479=CARTESIAN_POINT('Ctrl Pts',(-5.31174085114442,-19.1508976917811,21.698934959758));
#3480=CARTESIAN_POINT('Ctrl Pts',(-5.29771968879159,-19.1510855999613,21.7070972373133));
#3481=CARTESIAN_POINT('Ctrl Pts',(-5.28374530576288,-19.1514344524938,21.7152440066125));
#3482=CARTESIAN_POINT('Ctrl Pts',(-5.22681127959192,-19.152855737367,21.7484353378886));
#3483=CARTESIAN_POINT('Ctrl Pts',(-5.17026917116565,-19.1569562348309,21.7815985485098));
#3484=CARTESIAN_POINT('Ctrl Pts',(-5.11403752428336,-19.1638626984178,21.8145060325149));
#3485=CARTESIAN_POINT('Ctrl Pts',(-5.06182316404282,-19.1702757522356,21.8450625486355));
#3486=CARTESIAN_POINT('Ctrl Pts',(-5.0098763575369,-19.1791084578192,21.8753986089651));
#3487=CARTESIAN_POINT('Ctrl Pts',(-4.95813665531625,-19.1904860197492,21.9052885525638));
#3488=CARTESIAN_POINT('Ctrl Pts',(-4.95415588807862,-19.1913613905734,21.9075882354592));
#3489=CARTESIAN_POINT('Ctrl Pts',(-4.9501763498581,-19.1922518369591,21.9098852545634));
#3490=CARTESIAN_POINT('Ctrl Pts',(-4.94619801474172,-19.1931574215669,21.9121794953324));
#3491=CARTESIAN_POINT('Ctrl Pts',(-4.91504786147618,-19.200248101085,21.9301432790489));
#3492=CARTESIAN_POINT('Ctrl Pts',(-4.88397134834475,-19.2082668378533,21.9479371300191));
#3493=CARTESIAN_POINT('Ctrl Pts',(-4.8529598299533,-19.2172205187882,21.9655231037973));
#3494=CARTESIAN_POINT('Ctrl Pts',(-4.79382978719657,-19.2342926121257,21.9990544958528));
#3495=CARTESIAN_POINT('Ctrl Pts',(-4.73541914237717,-19.2546187058098,22.0315523962508));
#3496=CARTESIAN_POINT('Ctrl Pts',(-4.67761458389996,-19.2780868473735,22.0627633011397));
#3497=CARTESIAN_POINT('Ctrl Pts',(-4.62201884115792,-19.3006582292053,22.092781581439));
#3498=CARTESIAN_POINT('Ctrl Pts',(-4.56698349044562,-19.3261366561229,22.1216094745434));
#3499=CARTESIAN_POINT('Ctrl Pts',(-4.5124215425995,-19.3544275366332,22.1489755102893));
#3500=CARTESIAN_POINT('Ctrl Pts',(-4.49515725596819,-19.3633792307985,22.1576345685475));
#3501=CARTESIAN_POINT('Ctrl Pts',(-4.47794048875601,-19.3726125126743,22.166146902654));
#3502=CARTESIAN_POINT('Ctrl Pts',(-4.46076885402574,-19.3821243650268,22.174502866086));
#3503=CARTESIAN_POINT('',(-5.34748699479531,-20.9600642960104,21.1909604239314));
#3504=CARTESIAN_POINT('Ctrl Pts',(-4.46061826371826,-19.3809339872654,22.1763992966257));
#3505=CARTESIAN_POINT('Ctrl Pts',(-4.46072610217079,-19.386436011818,22.1740367397649));
#3506=CARTESIAN_POINT('Ctrl Pts',(-4.46085509586362,-19.3919335266075,22.171659878881));
#3507=CARTESIAN_POINT('Ctrl Pts',(-4.46781470785723,-19.6462951657896,22.0609421618321));
#3508=CARTESIAN_POINT('Ctrl Pts',(-4.51813120365855,-19.886927628964,21.9230368158356));
#3509=CARTESIAN_POINT('Ctrl Pts',(-4.7022654943927,-20.2765596553739,21.6720954704442));
#3510=CARTESIAN_POINT('Ctrl Pts',(-4.79807197564696,-20.4198604990801,21.5726248319702));
#3511=CARTESIAN_POINT('Ctrl Pts',(-5.03876052637019,-20.7017182258438,21.3740713324775));
#3512=CARTESIAN_POINT('Ctrl Pts',(-5.18609563736781,-20.8362243518297,21.2774639904442));
#3513=CARTESIAN_POINT('Ctrl Pts',(-5.34769301548637,-20.9602223812467,21.191230241069));
#3514=CARTESIAN_POINT('',(-3.59203946986503,-20.5128574774336,22.1760295184247));
#3515=CARTESIAN_POINT('Ctrl Pts',(-5.34684943784949,-20.9595750813595,21.1901083543369));
#3516=CARTESIAN_POINT('Ctrl Pts',(-5.27028631666968,-20.9008159175035,21.2311280773201));
#3517=CARTESIAN_POINT('Ctrl Pts',(-5.19421538628337,-20.8474507433164,21.2733473974037));
#3518=CARTESIAN_POINT('Ctrl Pts',(-5.11858211568453,-20.799298171647,21.3163907049019));
#3519=CARTESIAN_POINT('Ctrl Pts',(-5.04590506595585,-20.7530277033984,21.3577516109524));
#3520=CARTESIAN_POINT('Ctrl Pts',(-4.97363152337942,-20.7115706163154,21.3998742171559));
#3521=CARTESIAN_POINT('Ctrl Pts',(-4.90168463958209,-20.6748075237202,21.4424127946242));
#3522=CARTESIAN_POINT('Ctrl Pts',(-4.83097372960476,-20.6386759834256,21.4842206028734));
#3523=CARTESIAN_POINT('Ctrl Pts',(-4.76057792160752,-20.6070786619874,21.5264310152293));
#3524=CARTESIAN_POINT('Ctrl Pts',(-4.69040356798632,-20.5799404149678,21.5686913744058));
#3525=CARTESIAN_POINT('Ctrl Pts',(-4.62272200587661,-20.5537661952363,21.6094505261013));
#3526=CARTESIAN_POINT('Ctrl Pts',(-4.55524603866511,-20.5317400790112,21.6502567266147));
#3527=CARTESIAN_POINT('Ctrl Pts',(-4.48787834858045,-20.5138280260063,21.6907607692374));
#3528=CARTESIAN_POINT('Ctrl Pts',(-4.47428276756417,-20.510213166012,21.6989349547004));
#3529=CARTESIAN_POINT('Ctrl Pts',(-4.46069156283145,-20.5067659701299,21.7070967072));
#3530=CARTESIAN_POINT('Ctrl Pts',(-4.44710388770444,-20.5034863208312,21.7152429537914));
#3531=CARTESIAN_POINT('Ctrl Pts',(-4.39174195821332,-20.4901236438807,21.7484342043323));
#3532=CARTESIAN_POINT('Ctrl Pts',(-4.33606516318398,-20.4794503170443,21.7815973407829));
#3533=CARTESIAN_POINT('Ctrl Pts',(-4.27996201811625,-20.4715676857521,21.8145047641147));
#3534=CARTESIAN_POINT('Ctrl Pts',(-4.22786659235152,-20.4642481489806,21.8450614508606));
#3535=CARTESIAN_POINT('Ctrl Pts',(-4.17540335019952,-20.4593350888894,21.8753976902323));
#3536=CARTESIAN_POINT('Ctrl Pts',(-4.12248149689001,-20.4569337944208,21.9052878227063));
#3537=CARTESIAN_POINT('Ctrl Pts',(-4.1184102002273,-20.4567490619984,21.9075872810393));
#3538=CARTESIAN_POINT('Ctrl Pts',(-4.11433618941878,-20.4565792065713,21.9098840761929));
#3539=CARTESIAN_POINT('Ctrl Pts',(-4.11025942322983,-20.4564242819393,21.9121780936596));
#3540=CARTESIAN_POINT('Ctrl Pts',(-4.07833547791684,-20.4552111131552,21.9301418631675));
#3541=CARTESIAN_POINT('Ctrl Pts',(-4.04624246696806,-20.4549134317098,21.9479357067961));
#3542=CARTESIAN_POINT('Ctrl Pts',(-4.0139702569513,-20.4555356527056,21.9655216796359));
#3543=CARTESIAN_POINT('Ctrl Pts',(-3.95243658043938,-20.4567220463692,21.9990529922828));
#3544=CARTESIAN_POINT('Ctrl Pts',(-3.89075560037335,-20.4612377190879,22.0315508413487));
#3545=CARTESIAN_POINT('Ctrl Pts',(-3.82884684051372,-20.4689452113798,22.0627617200561));
#3546=CARTESIAN_POINT('Ctrl Pts',(-3.76930374421385,-20.4763581842257,22.0927799656273));
#3547=CARTESIAN_POINT('Ctrl Pts',(-3.70954955357741,-20.4867241553465,22.1216078480329));
#3548=CARTESIAN_POINT('Ctrl Pts',(-3.64952472441089,-20.4999292473134,22.1489738947413));
#3549=CARTESIAN_POINT('Ctrl Pts',(-3.63053154087512,-20.5041076304728,22.1576331171831));
#3550=CARTESIAN_POINT('Ctrl Pts',(-3.61151137690368,-20.5085703133195,22.1661456121967));
#3551=CARTESIAN_POINT('Ctrl Pts',(-3.59246270767995,-20.5133137636314,22.1745017326406));
#3552=CARTESIAN_POINT('',(-4.04056664613052,-22.2669858065667,21.1909604893928));
#3553=CARTESIAN_POINT('Ctrl Pts',(-3.59262572839401,-20.5121238827367,22.1763992966257));
#3554=CARTESIAN_POINT('Ctrl Pts',(-3.59130586359953,-20.5174663409943,22.1740367397649));
#3555=CARTESIAN_POINT('Ctrl Pts',(-3.59000760041059,-20.5228099185343,22.171659878881));
#3556=CARTESIAN_POINT('Ctrl Pts',(-3.53089643281244,-20.7703056751676,22.0609421618323));
#3557=CARTESIAN_POINT('Ctrl Pts',(-3.51721817125569,-21.0157616533875,21.9230368158358));
#3558=CARTESIAN_POINT('Ctrl Pts',(-3.5942340491645,-21.439774751745,21.6720954704442));
#3559=CARTESIAN_POINT('Ctrl Pts',(-3.64968701620348,-21.6029892796026,21.5726248319702));
#3560=CARTESIAN_POINT('Ctrl Pts',(-3.80922415574337,-21.9375377180882,21.3740713324774));
#3561=CARTESIAN_POINT('Ctrl Pts',(-3.91672619748705,-22.1055937917105,21.2774639904442));
#3562=CARTESIAN_POINT('Ctrl Pts',(-4.04072422690404,-22.2671911698291,21.191230241069));
#3563=CARTESIAN_POINT('',(-2.4606804126017,-21.3806730654737,22.1760289992622));
#3564=CARTESIAN_POINT('Ctrl Pts',(-4.0400769270168,-22.2663475921922,21.1901083543369));
#3565=CARTESIAN_POINT('Ctrl Pts',(-3.98133062160815,-22.1897746043787,21.2311280773202));
#3566=CARTESIAN_POINT('Ctrl Pts',(-3.92166368624792,-22.1185391733728,21.2733474277997));
#3567=CARTESIAN_POINT('Ctrl Pts',(-3.86107038890391,-22.0524519871467,21.3163907863091));
#3568=CARTESIAN_POINT('Ctrl Pts',(-3.80284555230079,-21.9889480058775,21.3577516731713));
#3569=CARTESIAN_POINT('Ctrl Pts',(-3.74376469280341,-21.9301977974569,21.3998742767304));
#3570=CARTESIAN_POINT('Ctrl Pts',(-3.68378447540923,-21.8760661612534,21.4424128612019));
#3571=CARTESIAN_POINT('Ctrl Pts',(-3.62483474954084,-21.8228645348899,21.4842206105294));
#3572=CARTESIAN_POINT('Ctrl Pts',(-3.56501585817475,-21.7741241449726,21.5264309720219));
#3573=CARTESIAN_POINT('Ctrl Pts',(-3.50425678935132,-21.729748177713,21.5686912834255));
#3574=CARTESIAN_POINT('Ctrl Pts',(-3.44565614474906,-21.6869486362353,21.6094503262695));
#3575=CARTESIAN_POINT('Ctrl Pts',(-3.38618049099257,-21.6482090273628,21.6502564206576));
#3576=CARTESIAN_POINT('Ctrl Pts',(-3.32574463323541,-21.6134712904745,21.6907603570011));
#3577=CARTESIAN_POINT('Ctrl Pts',(-3.31354732329969,-21.6064604370008,21.6989349586951));
#3578=CARTESIAN_POINT('Ctrl Pts',(-3.30131084192346,-21.5996126834451,21.7070971260891));
#3579=CARTESIAN_POINT('Ctrl Pts',(-3.28903440154179,-21.5929276971567,21.7152437857195));
#3580=CARTESIAN_POINT('Ctrl Pts',(-3.23901743629066,-21.5656915670981,21.7484351000565));
#3581=CARTESIAN_POINT('Ctrl Pts',(-3.1880002762622,-21.5409716609225,21.781598295116));
#3582=CARTESIAN_POINT('Ctrl Pts',(-3.13584900239448,-21.5188370210871,21.8145057663911));
#3583=CARTESIAN_POINT('Ctrl Pts',(-3.08742343075903,-21.4982836863844,21.8450623183101));
#3584=CARTESIAN_POINT('Ctrl Pts',(-3.03801973993683,-21.4799596133403,21.8753984162039));
#3585=CARTESIAN_POINT('Ctrl Pts',(-2.98752297714153,-21.4639430067949,21.9052883994298));
#3586=CARTESIAN_POINT('Ctrl Pts',(-2.98363792435817,-21.46271074242,21.9075880352104));
#3587=CARTESIAN_POINT('Ctrl Pts',(-2.97974639842839,-21.4614921478009,21.9098850073281));
#3588=CARTESIAN_POINT('Ctrl Pts',(-2.97584834558437,-21.4602872642435,21.9121792012466));
#3589=CARTESIAN_POINT('Ctrl Pts',(-2.9453261800347,-21.4508528987082,21.930142981982));
#3590=CARTESIAN_POINT('Ctrl Pts',(-2.91440376092088,-21.4422590731854,21.9479368314119));
#3591=CARTESIAN_POINT('Ctrl Pts',(-2.88307015759769,-21.4345074293043,21.9655228049932));
#3592=CARTESIAN_POINT('Ctrl Pts',(-2.82332602056472,-21.4197272819497,21.9990541803879));
#3593=CARTESIAN_POINT('Ctrl Pts',(-2.76257790405586,-21.4081248733364,22.0315520700159));
#3594=CARTESIAN_POINT('Ctrl Pts',(-2.70078365306863,-21.399546595042,22.0627629694116));
#3595=CARTESIAN_POINT('Ctrl Pts',(-2.64135067508057,-21.3912961086795,22.0927812424247));
#3596=CARTESIAN_POINT('Ctrl Pts',(-2.5809494914608,-21.3858433871742,22.1216091332843));
#3597=CARTESIAN_POINT('Ctrl Pts',(-2.51955206259578,-21.3830630183356,22.1489751713304));
#3598=CARTESIAN_POINT('Ctrl Pts',(-2.50012484307893,-21.3821832610434,22.157634264036));
#3599=CARTESIAN_POINT('Ctrl Pts',(-2.48059798221859,-21.3815711271534,22.1661466319025));
#3600=CARTESIAN_POINT('Ctrl Pts',(-2.46097092145778,-21.381222810186,22.1745026282772));
#3601=CARTESIAN_POINT('',(-2.4399216411953,-23.1911180165513,21.1909599216404));
#3602=CARTESIAN_POINT('Ctrl Pts',(-2.46143583292267,-21.3801164180609,22.1763992966257));
#3603=CARTESIAN_POINT('Ctrl Pts',(-2.45877821148575,-21.384935230322,22.1740367397649));
#3604=CARTESIAN_POINT('Ctrl Pts',(-2.45614116590588,-21.3897607146339,22.171659878881));
#3605=CARTESIAN_POINT('Ctrl Pts',(-2.33498754710172,-21.6135241619108,22.060942161832));
#3606=CARTESIAN_POINT('Ctrl Pts',(-2.25824667910796,-21.8470762358957,21.9230368158354));
#3607=CARTESIAN_POINT('Ctrl Pts',(-2.22289563938661,-22.2765746142616,21.6720954704442));
#3608=CARTESIAN_POINT('Ctrl Pts',(-2.23421606414694,-22.448580025922,21.5726248319702));
#3609=CARTESIAN_POINT('Ctrl Pts',(-2.30172960009144,-22.813020252914,21.3740713324774));
#3610=CARTESIAN_POINT('Ctrl Pts',(-2.36207248609184,-23.0031735304812,21.2774639904442));
#3611=CARTESIAN_POINT('Ctrl Pts',(-2.44002090601896,-23.1913576630348,21.191230241069));
#3612=CARTESIAN_POINT('',(-1.14326575708389,-21.9261014430072,22.1760274926984));
#3613=CARTESIAN_POINT('Ctrl Pts',(-2.43961399629898,-23.1903752960701,21.1901083543369));
#3614=CARTESIAN_POINT('Ctrl Pts',(-2.4026879702922,-23.1012068068757,21.2311280773202));
#3615=CARTESIAN_POINT('Ctrl Pts',(-2.36349129070845,-23.0169556669829,21.2733475157839));
#3616=CARTESIAN_POINT('Ctrl Pts',(-2.3220673966821,-22.9374375501199,21.31639102195));
#3617=CARTESIAN_POINT('Ctrl Pts',(-2.28226286294096,-22.8610279889211,21.3577518532721));
#3618=CARTESIAN_POINT('Ctrl Pts',(-2.24040117005745,-22.7889885864938,21.3998744491779));
#3619=CARTESIAN_POINT('Ctrl Pts',(-2.19647543304161,-22.7211775515899,21.4424130539222));
#3620=CARTESIAN_POINT('Ctrl Pts',(-2.15330455985626,-22.6545318493824,21.4842206327053));
#3621=CARTESIAN_POINT('Ctrl Pts',(-2.10813954437353,-22.5919703191824,21.5264308469784));
#3622=CARTESIAN_POINT('Ctrl Pts',(-2.06093683405344,-22.5333810859297,21.5686910201085));
#3623=CARTESIAN_POINT('Ctrl Pts',(-2.01541117056944,-22.4768734468818,21.6094497478944));
#3624=CARTESIAN_POINT('Ctrl Pts',(-1.96798958178825,-22.4240608291078,21.6502555351155));
#3625=CARTESIAN_POINT('Ctrl Pts',(-1.91860478798311,-22.3748651186447,21.6907591638467));
#3626=CARTESIAN_POINT('Ctrl Pts',(-1.90863628565663,-22.3649347834865,21.6989349703274));
#3627=CARTESIAN_POINT('Ctrl Pts',(-1.89858771013635,-22.35515189466,21.7070983386388));
#3628=CARTESIAN_POINT('Ctrl Pts',(-1.88845838634693,-22.3455159269224,21.7152461938155));
#3629=CARTESIAN_POINT('Ctrl Pts',(-1.84719508046533,-22.3062623802411,21.7484376928163));
#3630=CARTESIAN_POINT('Ctrl Pts',(-1.80431440232534,-22.2691804596549,21.781601057525));
#3631=CARTESIAN_POINT('Ctrl Pts',(-1.7596691142151,-22.2343022047367,21.8145086675767));
#3632=CARTESIAN_POINT('Ctrl Pts',(-1.71821400278997,-22.2019162127284,21.8450648292496));
#3633=CARTESIAN_POINT('Ctrl Pts',(-1.67523715642941,-22.1714303193392,21.8754005176462));
#3634=CARTESIAN_POINT('Ctrl Pts',(-1.6306072933924,-22.1428903201722,21.9052900688848));
#3635=CARTESIAN_POINT('Ctrl Pts',(-1.62717280380533,-22.1406940255102,21.9075902182804));
#3636=CARTESIAN_POINT('Ctrl Pts',(-1.62372851914247,-22.1385092646952,21.9098877026133));
#3637=CARTESIAN_POINT('Ctrl Pts',(-1.62027437672996,-22.1363360637317,21.9121824072639));
#3638=CARTESIAN_POINT('Ctrl Pts',(-1.59323404752406,-22.1193234271733,21.9301462204984));
#3639=CARTESIAN_POINT('Ctrl Pts',(-1.56558954310461,-22.1030191070574,21.9479400867206));
#3640=CARTESIAN_POINT('Ctrl Pts',(-1.53732988121486,-22.0874218593161,21.9655260624481));
#3641=CARTESIAN_POINT('Ctrl Pts',(-1.48344657790177,-22.0576822525871,21.9990576194736));
#3642=CARTESIAN_POINT('Ctrl Pts',(-1.42777098518367,-22.0307523217509,22.0315556265124));
#3643=CARTESIAN_POINT('Ctrl Pts',(-1.37030214965344,-22.0064727722883,22.0627665857919));
#3644=CARTESIAN_POINT('Ctrl Pts',(-1.31502926476617,-21.9831209724792,22.0927849382356));
#3645=CARTESIAN_POINT('Ctrl Pts',(-1.25809699969085,-21.9622210707083,22.1216128535636));
#3646=CARTESIAN_POINT('Ctrl Pts',(-1.19951073783262,-21.9436446616049,22.1489788665323));
#3647=CARTESIAN_POINT('Ctrl Pts',(-1.1809738076514,-21.9377670106396,22.1576375837068));
#3648=CARTESIAN_POINT('Ctrl Pts',(-1.1622713751484,-21.9321220597413,22.1661495835363));
#3649=CARTESIAN_POINT('Ctrl Pts',(-1.14340388623051,-21.9267059877428,22.1745052207834));
#3650=CARTESIAN_POINT('',(-0.654668338817161,-23.6697414412678,21.1912302410675));
#3651=CARTESIAN_POINT('Ctrl Pts',(-1.14413729930095,-21.9257593363812,22.1763992966257));
#3652=CARTESIAN_POINT('Ctrl Pts',(-1.14032303373059,-21.9297261085537,22.174036739765));
#3653=CARTESIAN_POINT('Ctrl Pts',(-1.13652691605815,-21.933704650856,22.1716598788811));
#3654=CARTESIAN_POINT('Ctrl Pts',(-0.961587264954154,-22.1184866796302,
22.0609421618323));
#3655=CARTESIAN_POINT('Ctrl Pts',(-0.827013553856444,-22.324218661501,21.9230368158358));
#3656=CARTESIAN_POINT('Ctrl Pts',(-0.681704711441486,-22.7299327151704,
21.6720954704442));
#3657=CARTESIAN_POINT('Ctrl Pts',(-0.648121125683643,-22.8990071260813,
21.5726248319702));
#3658=CARTESIAN_POINT('Ctrl Pts',(-0.61901012212952,-23.2685031423761,21.3740713324775));
#3659=CARTESIAN_POINT('Ctrl Pts',(-0.62808158442706,-23.4677949922652,21.2774639904442));
#3660=CARTESIAN_POINT('Ctrl Pts',(-0.654668338862118,-23.6697414416093,
21.191230241069));
#3661=CARTESIAN_POINT('',(0.269498154343613,-22.1118679745316,22.1763992966257));
#3662=CARTESIAN_POINT('Ctrl Pts',(0.269498154343612,-22.1118679745316,22.1763992966257));
#3663=CARTESIAN_POINT('Ctrl Pts',(0.264785128402401,-22.114713616689,22.1740357106189));
#3664=CARTESIAN_POINT('Ctrl Pts',(0.260086597548803,-22.1175753388885,22.1716578075571));
#3665=CARTESIAN_POINT('Ctrl Pts',(0.0426476307563894,-22.2511746123793,
22.0606148683438));
#3666=CARTESIAN_POINT('Ctrl Pts',(-0.141040551327436,-22.4156510727646,
21.9222127390719));
#3667=CARTESIAN_POINT('Ctrl Pts',(-0.385752679811564,-22.7699868040844,
21.6714507315655));
#3668=CARTESIAN_POINT('Ctrl Pts',(-0.461399390623458,-22.9235565563295,
21.5726910816308));
#3669=CARTESIAN_POINT('Ctrl Pts',(-0.585072041047887,-23.2720741031127,
21.3745048155534));
#3670=CARTESIAN_POINT('Ctrl Pts',(-0.628021887499565,-23.4673415490826,
21.2776576165559));
#3671=CARTESIAN_POINT('Ctrl Pts',(-0.654668338862122,-23.6697414416093,
21.191230241069));
#3672=CARTESIAN_POINT('',(1.19363036025627,-23.6694810037619,21.190957246919));
#3673=CARTESIAN_POINT('Ctrl Pts',(1.19366464754935,-23.6697414416093,21.191230241069));
#3674=CARTESIAN_POINT('Ctrl Pts',(1.14336168380656,-23.2876524978778,21.3543871686594));
#3675=CARTESIAN_POINT('Ctrl Pts',(1.03998835127006,-22.9715409119787,21.5368700687624));
#3676=CARTESIAN_POINT('Ctrl Pts',(0.740326260730035,-22.4812701131264,21.8707013719944));
#3677=CARTESIAN_POINT('Ctrl Pts',(0.560378721558996,-22.3033674155761,22.0172354512115));
#3678=CARTESIAN_POINT('Ctrl Pts',(0.322669365085757,-22.1447764747674,22.1490343624168));
#3679=CARTESIAN_POINT('Ctrl Pts',(0.296325802332989,-22.1280660364673,22.1629452112516));
#3680=CARTESIAN_POINT('Ctrl Pts',(0.269498154343616,-22.1118679745316,22.1763992966257));
#3681=CARTESIAN_POINT('',(1.68406124210259,-21.925618511186,22.1760294990157));
#3682=CARTESIAN_POINT('Ctrl Pts',(1.19352585822157,-23.6686872320021,21.1901083543369));
#3683=CARTESIAN_POINT('Ctrl Pts',(1.18092049020705,-23.5730020421392,21.2311280773202));
#3684=CARTESIAN_POINT('Ctrl Pts',(1.1727402381819,-23.4804400744681,21.2733475181267));
#3685=CARTESIAN_POINT('Ctrl Pts',(1.1688553203655,-23.3908634174636,21.3163910282245));
#3686=CARTESIAN_POINT('Ctrl Pts',(1.16512227386456,-23.304788539744,21.3577518580678));
#3687=CARTESIAN_POINT('Ctrl Pts',(1.16535585634612,-23.2214697499968,21.3998744537699));
#3688=CARTESIAN_POINT('Ctrl Pts',(1.16949113544817,-23.1407808110752,21.442413059054));
#3689=CARTESIAN_POINT('Ctrl Pts',(1.1735553492821,-23.0614785212619,21.4842206332962));
#3690=CARTESIAN_POINT('Ctrl Pts',(1.18138862435956,-22.9847161556228,21.5264308436496));
#3691=CARTESIAN_POINT('Ctrl Pts',(1.19297274141482,-22.910375051452,21.5686910130981));
#3692=CARTESIAN_POINT('Ctrl Pts',(1.20414528953006,-22.838675192125,21.6094497324955));
#3693=CARTESIAN_POINT('Ctrl Pts',(1.21880726507266,-22.7692273508073,21.6502555115381));
#3694=CARTESIAN_POINT('Ctrl Pts',(1.23697787760422,-22.7019302391819,21.690759132079));
#3695=CARTESIAN_POINT('Ctrl Pts',(1.24064569773013,-22.6883460135535,21.6989349706389));
#3696=CARTESIAN_POINT('Ctrl Pts',(1.24445658753729,-22.674849444263,21.7070983709265));
#3697=CARTESIAN_POINT('Ctrl Pts',(1.24841086904573,-22.6614397388912,21.7152462579364));
#3698=CARTESIAN_POINT('Ctrl Pts',(1.26451916190998,-22.6068135164305,21.7484377618543));
#3699=CARTESIAN_POINT('Ctrl Pts',(1.28311395368518,-22.5532592912805,21.7816011310802));
#3700=CARTESIAN_POINT('Ctrl Pts',(1.3043387761805,-22.5007311917468,21.8145087448272));
#3701=CARTESIAN_POINT('Ctrl Pts',(1.32404694742901,-22.45195656566,21.8450648961094));
#3702=CARTESIAN_POINT('Ctrl Pts',(1.34602302775906,-22.4040666051105,21.8754005736028));
#3703=CARTESIAN_POINT('Ctrl Pts',(1.37040360850951,-22.3570353294901,21.9052901133392));
#3704=CARTESIAN_POINT('Ctrl Pts',(1.37227982714628,-22.3534160163682,21.9075902764104));
#3705=CARTESIAN_POINT('Ctrl Pts',(1.37417029566477,-22.349801794374,21.9098877743817));
#3706=CARTESIAN_POINT('Ctrl Pts',(1.37607508134576,-22.346192654691,21.9121824926312));
#3707=CARTESIAN_POINT('Ctrl Pts',(1.39098637421619,-22.3179391144843,21.9301463067311));
#3708=CARTESIAN_POINT('Ctrl Pts',(1.40677505681054,-22.289996906781,21.9479401734004));
#3709=CARTESIAN_POINT('Ctrl Pts',(1.42345001798001,-22.262359463053,21.965526149185));
#3710=CARTESIAN_POINT('Ctrl Pts',(1.45524452849487,-22.2096625490224,21.9990577110468));
#3711=CARTESIAN_POINT('Ctrl Pts',(1.48999604736959,-22.1585027416831,22.0315557212119));
#3712=CARTESIAN_POINT('Ctrl Pts',(1.52762575269675,-22.1087416111208,22.0627666820858));
#3713=CARTESIAN_POINT('Ctrl Pts',(1.5638175841822,-22.060881909957,22.0927850366445));
#3714=CARTESIAN_POINT('Ctrl Pts',(1.60267243197856,-22.0143159252778,22.1216129526239));
#3715=CARTESIAN_POINT('Ctrl Pts',(1.64412143091426,-21.9689351463716,22.1489789649248));
#3716=CARTESIAN_POINT('Ctrl Pts',(1.65723604697693,-21.954576500632,22.1576376721001));
#3717=CARTESIAN_POINT('Ctrl Pts',(1.6706103418583,-21.9403366276815,22.16614966213));
#3718=CARTESIAN_POINT('Ctrl Pts',(1.68424201880484,-21.926212441253,22.1745052898147));
#3719=CARTESIAN_POINT('',(2.97891752170549,-23.1911169828405,21.1909595486823));
#3720=CARTESIAN_POINT('Ctrl Pts',(1.68313360798817,-21.9257593363812,22.1763992966257));
#3721=CARTESIAN_POINT('Ctrl Pts',(1.68842024495513,-21.9272875290685,22.174036739765));
#3722=CARTESIAN_POINT('Ctrl Pts',(1.69369705044636,-21.9288349889361,22.1716598788811));
#3723=CARTESIAN_POINT('Ctrl Pts',(1.93759024681849,-22.0013910944653,22.0609421618324));
#3724=CARTESIAN_POINT('Ctrl Pts',(2.1570004902461,-22.1122733615874,21.9230368158359));
#3725=CARTESIAN_POINT('Ctrl Pts',(2.48569866600683,-22.3909776175301,21.6720954704442));
#3726=CARTESIAN_POINT('Ctrl Pts',(2.59932010987873,-22.5206085596299,21.5726248319702));
#3727=CARTESIAN_POINT('Ctrl Pts',(2.80927898663367,-22.8260459945613,21.3740713324775));
#3728=CARTESIAN_POINT('Ctrl Pts',(2.90106879477906,-23.0031735304812,21.2774639904442));
#3729=CARTESIAN_POINT('Ctrl Pts',(2.97901721470619,-23.1913576630348,21.191230241069));
#3730=CARTESIAN_POINT('',(3.00129252301796,-21.3797398857458,22.1760296830652));
#3731=CARTESIAN_POINT('Ctrl Pts',(2.97861030498619,-23.1903752960701,21.1901083543369));
#3732=CARTESIAN_POINT('Ctrl Pts',(2.94166930500036,-23.101213009301,21.2311280773202));
#3733=CARTESIAN_POINT('Ctrl Pts',(2.90981109949425,-23.0139222104592,21.2733474083511));
#3734=CARTESIAN_POINT('Ctrl Pts',(2.88287459914873,-22.9284032799207,21.3163907342214));
#3735=CARTESIAN_POINT('Ctrl Pts',(2.85699096094371,-22.846227012427,21.3577516333611));
#3736=CARTESIAN_POINT('Ctrl Pts',(2.83565224421242,-22.765686296245,21.3998742386122));
#3737=CARTESIAN_POINT('Ctrl Pts',(2.81876302340568,-22.6866760019447,21.4424128186028));
#3738=CARTESIAN_POINT('Ctrl Pts',(2.80216395153463,-22.6090230676472,21.4842206056308));
#3739=CARTESIAN_POINT('Ctrl Pts',(2.78986303073032,-22.5328480376187,21.5264309996677));
#3740=CARTESIAN_POINT('Ctrl Pts',(2.78181191804633,-22.4580410065509,21.5686913416382));
#3741=CARTESIAN_POINT('Ctrl Pts',(2.77404680796284,-22.385891372822,21.6094504541296));
#3742=CARTESIAN_POINT('Ctrl Pts',(2.77023523223578,-22.3150139325746,21.6502566164206));
#3743=CARTESIAN_POINT('Ctrl Pts',(2.77036950110113,-22.2453058740779,21.6907606207655));
#3744=CARTESIAN_POINT('Ctrl Pts',(2.77039659863761,-22.2312377082869,21.6989349561381));
#3745=CARTESIAN_POINT('Ctrl Pts',(2.7705845203535,-22.217217166007,21.707096858066));
#3746=CARTESIAN_POINT('Ctrl Pts',(2.77093337189203,-22.2032433989447,21.7152432534174));
#3747=CARTESIAN_POINT('Ctrl Pts',(2.77235471548427,-22.1463093680477,21.7484345269351));
#3748=CARTESIAN_POINT('Ctrl Pts',(2.77645526690148,-22.0897672552736,21.7815976844942));
#3749=CARTESIAN_POINT('Ctrl Pts',(2.78336177463073,-22.0335356048296,21.8145051250932));
#3750=CARTESIAN_POINT('Ctrl Pts',(2.78977490351502,-21.9813209638256,21.8450617632795));
#3751=CARTESIAN_POINT('Ctrl Pts',(2.79860770140353,-21.9293738800717,21.8753979516963));
#3752=CARTESIAN_POINT('Ctrl Pts',(2.80998537011814,-21.8776339035602,21.9052880304168));
#3753=CARTESIAN_POINT('Ctrl Pts',(2.81086068404837,-21.8736534113059,21.9075875526595));
#3754=CARTESIAN_POINT('Ctrl Pts',(2.81175107138316,-21.8696741479036,21.9098844115487));
#3755=CARTESIAN_POINT('Ctrl Pts',(2.8126565947676,-21.8656960874457,21.9121784925666));
#3756=CARTESIAN_POINT('Ctrl Pts',(2.81974728463294,-21.8345459333392,21.9301422661181));
#3757=CARTESIAN_POINT('Ctrl Pts',(2.82776602675521,-21.8034694197679,21.9479361118361));
#3758=CARTESIAN_POINT('Ctrl Pts',(2.8367197083873,-21.7724579013112,21.965522084943));
#3759=CARTESIAN_POINT('Ctrl Pts',(2.85379177478178,-21.7133279563522,21.9990534201892));
#3760=CARTESIAN_POINT('Ctrl Pts',(2.87411781379432,-21.6549174083155,22.031551283864));
#3761=CARTESIAN_POINT('Ctrl Pts',(2.89758587695473,-21.5971129458817,22.0627621700226));
#3762=CARTESIAN_POINT('Ctrl Pts',(2.9201571782436,-21.5415173081627,22.0927804254774));
#3763=CARTESIAN_POINT('Ctrl Pts',(2.94563550132998,-21.4864820615379,22.1216083109279));
#3764=CARTESIAN_POINT('Ctrl Pts',(2.97392625866623,-21.431920217017,22.1489743545166));
#3765=CARTESIAN_POINT('Ctrl Pts',(2.98287803271849,-21.4146557338425,22.1576335302326));
#3766=CARTESIAN_POINT('Ctrl Pts',(2.99211140002596,-21.397438771271,22.1661459794528));
#3767=CARTESIAN_POINT('Ctrl Pts',(3.00162334336976,-21.3802669422731,22.1745020552118));
#3768=CARTESIAN_POINT('',(4.57956268304664,-22.2669854523877,21.1909608284859));
#3769=CARTESIAN_POINT('Ctrl Pts',(3.0004321416099,-21.3801164180609,22.1763992966257));
#3770=CARTESIAN_POINT('Ctrl Pts',(3.00593416616254,-21.3802242565135,22.174036739765));
#3771=CARTESIAN_POINT('Ctrl Pts',(3.01143168095209,-21.3803532502063,22.1716598788811));
#3772=CARTESIAN_POINT('Ctrl Pts',(3.26579332013386,-21.3873128621999,22.0609421618323));
#3773=CARTESIAN_POINT('Ctrl Pts',(3.50642578330829,-21.4376293580011,21.9230368158357));
#3774=CARTESIAN_POINT('Ctrl Pts',(3.89605780971852,-21.6217636487354,21.6720954704442));
#3775=CARTESIAN_POINT('Ctrl Pts',(4.03935865342467,-21.7175701299897,21.5726248319702));
#3776=CARTESIAN_POINT('Ctrl Pts',(4.32121638018836,-21.9582586807129,21.3740713324775));
#3777=CARTESIAN_POINT('Ctrl Pts',(4.45572250617425,-22.1055937917105,21.2774639904443));
#3778=CARTESIAN_POINT('Ctrl Pts',(4.57972053559128,-22.2671911698291,21.191230241069));
#3779=CARTESIAN_POINT('',(4.13235587912398,-20.5115372861081,22.1760297470105));
#3780=CARTESIAN_POINT('Ctrl Pts',(4.57907323570404,-22.2663475921922,21.1901083543369));
#3781=CARTESIAN_POINT('Ctrl Pts',(4.52031407184798,-22.1897844710123,21.2311280773202));
#3782=CARTESIAN_POINT('Ctrl Pts',(4.46694892350265,-22.1137135314757,21.2733473704428));
#3783=CARTESIAN_POINT('Ctrl Pts',(4.41879639523813,-22.0380802454771,21.3163906326945));
#3784=CARTESIAN_POINT('Ctrl Pts',(4.37252590101832,-21.9654030746462,21.3577515557654));
#3785=CARTESIAN_POINT('Ctrl Pts',(4.33106881827349,-21.8931294063767,21.3998741643151));
#3786=CARTESIAN_POINT('Ctrl Pts',(4.29430575250262,-21.8211823945339,21.442412735572));
#3787=CARTESIAN_POINT('Ctrl Pts',(4.25817418812693,-21.7504712599882,21.4842205960862));
#3788=CARTESIAN_POINT('Ctrl Pts',(4.22657687699829,-21.6800752260254,21.5264310535594));
#3789=CARTESIAN_POINT('Ctrl Pts',(4.19943866692077,-21.6099006467567,21.5686914551118));
#3790=CARTESIAN_POINT('Ctrl Pts',(4.17326444706092,-21.5422187745513,21.6094507033614));
#3791=CARTESIAN_POINT('Ctrl Pts',(4.1512383668237,-21.4747424980943,21.6502569980109));
#3792=CARTESIAN_POINT('Ctrl Pts',(4.1333263787541,-21.4073745007901,21.6907611349062));
#3793=CARTESIAN_POINT('Ctrl Pts',(4.12971170354772,-21.3937795034837,21.6989349511695));
#3794=CARTESIAN_POINT('Ctrl Pts',(4.12626467770702,-21.3801888821279,21.707096335655));
#3795=CARTESIAN_POINT('Ctrl Pts',(4.12298518365927,-21.3666017901758,21.7152422158778));
#3796=CARTESIAN_POINT('Ctrl Pts',(4.10962256107785,-21.311239841323,21.7484334098322));
#3797=CARTESIAN_POINT('Ctrl Pts',(4.09894928419662,-21.2555630284984,21.7815964942971));
#3798=CARTESIAN_POINT('Ctrl Pts',(4.09106669377428,-21.199459868867,21.8145038751036));
#3799=CARTESIAN_POINT('Ctrl Pts',(4.08374715684712,-21.1473641583644,21.8450606814431));
#3800=CARTESIAN_POINT('Ctrl Pts',(4.07883411380552,-21.0949006304303,21.875397046308));
#3801=CARTESIAN_POINT('Ctrl Pts',(4.07643285083962,-21.0419784904653,21.9052873111673));
#3802=CARTESIAN_POINT('Ctrl Pts',(4.07624813430369,-21.0379074684627,21.9075866121023));
#3803=CARTESIAN_POINT('Ctrl Pts',(4.07607829268002,-21.0338337327049,21.9098832502868));
#3804=CARTESIAN_POINT('Ctrl Pts',(4.07592337975534,-21.0297572419663,21.9121771112388));
#3805=CARTESIAN_POINT('Ctrl Pts',(4.07471022054982,-20.9978332932337,21.9301408707879));
#3806=CARTESIAN_POINT('Ctrl Pts',(4.0744125440595,-20.9657402805111,21.9479347092709));
#3807=CARTESIAN_POINT('Ctrl Pts',(4.07503476569849,-20.9334680702559,21.9655206814531));
#3808=CARTESIAN_POINT('Ctrl Pts',(4.07622115866364,-20.8719344931232,21.9990519384438));
#3809=CARTESIAN_POINT('Ctrl Pts',(4.0807368041864,-20.8102536185071,22.0315497515321));
#3810=CARTESIAN_POINT('Ctrl Pts',(4.08844424663715,-20.7483449694152,22.0627606118896));
#3811=CARTESIAN_POINT('Ctrl Pts',(4.09585716989394,-20.6888019929242,22.0927788331202));
#3812=CARTESIAN_POINT('Ctrl Pts',(4.10622306915019,-20.6290479271166,22.1216067080269));
#3813=CARTESIAN_POINT('Ctrl Pts',(4.11942807075471,-20.5690232269622,22.1489727624186));
#3814=CARTESIAN_POINT('Ctrl Pts',(4.12360647967542,-20.550029837177,22.1576320999347));
#3815=CARTESIAN_POINT('Ctrl Pts',(4.12806919383071,-20.5310094666706,22.1661447077263));
#3816=CARTESIAN_POINT('Ctrl Pts',(4.13281268098925,-20.5119605905352,22.1745009382182));
#3817=CARTESIAN_POINT('',(5.88648425939084,-20.9600650295046,21.1909608873429));
#3818=CARTESIAN_POINT('Ctrl Pts',(4.13162203708123,-20.5121238827367,22.1763992966257));
#3819=CARTESIAN_POINT('Ctrl Pts',(4.13696449533881,-20.5108040179422,22.174036739765));
#3820=CARTESIAN_POINT('Ctrl Pts',(4.14230807287884,-20.5095057547533,22.1716598788811));
#3821=CARTESIAN_POINT('Ctrl Pts',(4.38980382951247,-20.450394587155,22.0609421618321));
#3822=CARTESIAN_POINT('Ctrl Pts',(4.63525980773239,-20.4367163255984,21.9230368158356));
#3823=CARTESIAN_POINT('Ctrl Pts',(5.05927290608955,-20.5137322035072,21.6720954704442));
#3824=CARTESIAN_POINT('Ctrl Pts',(5.22248743394718,-20.5691851705462,21.5726248319702));
#3825=CARTESIAN_POINT('Ctrl Pts',(5.55703587243271,-20.7287223100861,21.3740713324775));
#3826=CARTESIAN_POINT('Ctrl Pts',(5.72509194605508,-20.8362243518297,21.2774639904442));
#3827=CARTESIAN_POINT('Ctrl Pts',(5.88668932417362,-20.9602223812467,21.191230241069));
#3828=CARTESIAN_POINT('',(5.00017137447776,-19.3801781654862,22.1760292355302));
#3829=CARTESIAN_POINT('Ctrl Pts',(5.88584574653673,-20.9595750813595,21.1901083543369));
#3830=CARTESIAN_POINT('Ctrl Pts',(5.80927275872327,-20.9008287759509,21.2311280773202));
#3831=CARTESIAN_POINT('Ctrl Pts',(5.73803735067972,-20.8411618248101,21.273347400398));
#3832=CARTESIAN_POINT('Ctrl Pts',(5.67195020301404,-20.7805685009303,21.3163907129212));
#3833=CARTESIAN_POINT('Ctrl Pts',(5.60844616439359,-20.7223435522721,21.3577516170815));
#3834=CARTESIAN_POINT('Ctrl Pts',(5.54969592716907,-20.66326256824,21.3998742230245));
#3835=CARTESIAN_POINT('Ctrl Pts',(5.49556428361752,-20.6032822180867,21.4424128011827));
#3836=CARTESIAN_POINT('Ctrl Pts',(5.44236257454298,-20.5443322780945,21.4842206036275));
#3837=CARTESIAN_POINT('Ctrl Pts',(5.39362213530831,-20.4845131621865,21.5264310109728));
#3838=CARTESIAN_POINT('Ctrl Pts',(5.34924614496003,-20.423753862128,21.5686913654431));
#3839=CARTESIAN_POINT('Ctrl Pts',(5.30644652178907,-20.3651529131413,21.6094505064156));
#3840=CARTESIAN_POINT('Ctrl Pts',(5.26770686690172,-20.3056769463348,21.6502566964746));
#3841=CARTESIAN_POINT('Ctrl Pts',(5.2329691129487,-20.2452407699022,21.6907607286277));
#3842=CARTESIAN_POINT('Ctrl Pts',(5.22595859442438,-20.2330439843819,21.6989349550933));
#3843=CARTESIAN_POINT('Ctrl Pts',(5.21911116125325,-20.2208080309734,21.7070967484639));
#3844=CARTESIAN_POINT('Ctrl Pts',(5.21242648077576,-20.208532122252,21.7152430357436));
#3845=CARTESIAN_POINT('Ctrl Pts',(5.18519039899905,-20.1585151236915,21.748434292569));
#3846=CARTESIAN_POINT('Ctrl Pts',(5.16047053718412,-20.1074979330524,21.781597434793));
#3847=CARTESIAN_POINT('Ctrl Pts',(5.1383359336404,-20.0553466341365,21.8145048628477));
#3848=CARTESIAN_POINT('Ctrl Pts',(5.11778252388695,-20.0069207830172,21.8450615363117));
#3849=CARTESIAN_POINT('Ctrl Pts',(5.09945839240749,-19.9575168071602,21.8753977617464));
#3850=CARTESIAN_POINT('Ctrl Pts',(5.08344174138536,-19.907019754671,21.9052878795178));
#3851=CARTESIAN_POINT('Ctrl Pts',(5.08220956485403,-19.9031349673399,21.9075873553312));
#3852=CARTESIAN_POINT('Ctrl Pts',(5.08099105613623,-19.8992437077938,21.9098841679176));
#3853=CARTESIAN_POINT('Ctrl Pts',(5.07978625652742,-19.8953459222772,21.9121782027666));
#3854=CARTESIAN_POINT('Ctrl Pts',(5.07035189949609,-19.8648237508508,21.9301419733804));
#3855=CARTESIAN_POINT('Ctrl Pts',(5.06175807837118,-19.8339013286922,21.9479358175805));
#3856=CARTESIAN_POINT('Ctrl Pts',(5.05400643505867,-19.8025677249656,21.9655217904935));
#3857=CARTESIAN_POINT('Ctrl Pts',(5.03922631316022,-19.7428236856793,21.9990531093219));
#3858=CARTESIAN_POINT('Ctrl Pts',(5.02762390558685,-19.6820756798469,22.0315509623839));
#3859=CARTESIAN_POINT('Ctrl Pts',(5.01904560749989,-19.6202815507137,22.0627618431296));
#3860=CARTESIAN_POINT('Ctrl Pts',(5.01079510397048,-19.5608487033887,22.0927800914042));
#3861=CARTESIAN_POINT('Ctrl Pts',(5.00534234475046,-19.5004476612198,22.1216079746427));
#3862=CARTESIAN_POINT('Ctrl Pts',(5.00256192113789,-19.4390503827783,22.148974020498));
#3863=CARTESIAN_POINT('Ctrl Pts',(5.00168213488249,-19.4196229540054,22.1576332301591));
#3864=CARTESIAN_POINT('Ctrl Pts',(5.00106997739995,-19.4000958821495,22.1661457126471));
#3865=CARTESIAN_POINT('Ctrl Pts',(5.00072164217776,-19.3804686085666,22.1745018208686));
#3866=CARTESIAN_POINT('',(6.81061615184739,-19.3594197876479,21.190960711066));
#3867=CARTESIAN_POINT('Ctrl Pts',(4.99961457240547,-19.3809339872654,22.1763992966257));
#3868=CARTESIAN_POINT('Ctrl Pts',(5.00443338466658,-19.3782763658284,22.174036739765));
#3869=CARTESIAN_POINT('Ctrl Pts',(5.00925886897843,-19.3756393202486,22.1716598788811));
#3870=CARTESIAN_POINT('Ctrl Pts',(5.2330223162548,-19.2544857014447,22.0609421618323));
#3871=CARTESIAN_POINT('Ctrl Pts',(5.46657439023965,-19.1777448334507,21.9230368158358));
#3872=CARTESIAN_POINT('Ctrl Pts',(5.89607276860618,-19.1423937937293,21.6720954704442));
#3873=CARTESIAN_POINT('Ctrl Pts',(6.06807818026659,-19.1537142184896,21.5726248319702));
#3874=CARTESIAN_POINT('Ctrl Pts',(6.4325184072585,-19.2212277544341,21.3740713324775));
#3875=CARTESIAN_POINT('Ctrl Pts',(6.62267168482575,-19.2815706404345,21.2774639904442));
#3876=CARTESIAN_POINT('Ctrl Pts',(6.81085581737935,-19.3595190603616,21.191230241069));
#3877=CARTESIAN_POINT('',(5.54559964377598,-18.0627634499517,22.1760277518374));
#3878=CARTESIAN_POINT('Ctrl Pts',(6.8098734504147,-19.3591121506417,21.1901083543369));
#3879=CARTESIAN_POINT('Ctrl Pts',(6.72070496122038,-19.3221861246349,21.2311280773202));
#3880=CARTESIAN_POINT('Ctrl Pts',(6.63645384027884,-19.2829894228635,21.2733474870864));
#3881=CARTESIAN_POINT('Ctrl Pts',(6.55693575523088,-19.2415654915415,21.316390945092));
#3882=CARTESIAN_POINT('Ctrl Pts',(6.48052610564466,-19.2017608599927,21.3577517945289));
#3883=CARTESIAN_POINT('Ctrl Pts',(6.40848664032528,-19.1598990489397,21.3998743929306));
#3884=CARTESIAN_POINT('Ctrl Pts',(6.34067556200428,-19.1159731796191,21.4424129910622));
#3885=CARTESIAN_POINT('Ctrl Pts',(6.2740297180952,-19.0728021122536,21.4842206254693));
#3886=CARTESIAN_POINT('Ctrl Pts',(6.21146807714904,-19.0276368830013,21.5264308877586));
#3887=CARTESIAN_POINT('Ctrl Pts',(6.15287875786756,-18.9804339450318,21.568691105987));
#3888=CARTESIAN_POINT('Ctrl Pts',(6.09637095368781,-18.9349079957941,21.6094499365304));
#3889=CARTESIAN_POINT('Ctrl Pts',(6.04355820452242,-18.8874861028237,21.650255823935));
#3890=CARTESIAN_POINT('Ctrl Pts',(5.99436239042699,-18.8381009912923,21.6907595529951));
#3891=CARTESIAN_POINT('Ctrl Pts',(5.98443253623022,-18.8281329286428,21.6989349665213));
#3892=CARTESIAN_POINT('Ctrl Pts',(5.97465011459293,-18.8180848003416,21.7070979431404));
#3893=CARTESIAN_POINT('Ctrl Pts',(5.96501460030168,-18.8079559314576,21.7152454083768));
#3894=CARTESIAN_POINT('Ctrl Pts',(5.92576109343354,-18.766692578793,21.7484368471466));
#3895=CARTESIAN_POINT('Ctrl Pts',(5.88867920942532,-18.7238118576631,21.7816001565214));
#3896=CARTESIAN_POINT('Ctrl Pts',(5.85380098443034,-18.679166534377,21.814507721309));
#3897=CARTESIAN_POINT('Ctrl Pts',(5.82141484075694,-18.6377111605872,21.8450640102631));
#3898=CARTESIAN_POINT('Ctrl Pts',(5.79092881100467,-18.5947340417441,21.8753998322198));
#3899=CARTESIAN_POINT('Ctrl Pts',(5.76238868833096,-18.5501038977288,21.9052895243539));
#3900=CARTESIAN_POINT('Ctrl Pts',(5.76019255447361,-18.546669652843,21.9075895062296));
#3901=CARTESIAN_POINT('Ctrl Pts',(5.75800795275062,-18.5432256143504,21.9098868234993));
#3902=CARTESIAN_POINT('Ctrl Pts',(5.75583490915929,-18.5397717195926,21.9121813615705));
#3903=CARTESIAN_POINT('Ctrl Pts',(5.7388222796106,-18.5127313821367,21.9301451642049));
#3904=CARTESIAN_POINT('Ctrl Pts',(5.72251796311822,-18.485086873445,21.94793902495));
#3905=CARTESIAN_POINT('Ctrl Pts',(5.70692071584287,-18.4568272109931,21.9655249999775));
#3906=CARTESIAN_POINT('Ctrl Pts',(5.67718116136115,-18.4029439996619,21.999056497761));
#3907=CARTESIAN_POINT('Ctrl Pts',(5.65025126157695,-18.3472685186241,22.0315544665043));
#3908=CARTESIAN_POINT('Ctrl Pts',(5.62597172512163,-18.2897998117285,22.0627654062518));
#3909=CARTESIAN_POINT('Ctrl Pts',(5.60261994336279,-18.2345270636734,22.0927837327883));
#3910=CARTESIAN_POINT('Ctrl Pts',(5.58172004177999,-18.177594951913,22.1216116401361));
#3911=CARTESIAN_POINT('Ctrl Pts',(5.56314361803953,-18.1190088570705,22.1489776612847));
#3912=CARTESIAN_POINT('Ctrl Pts',(5.55726588105531,-18.1004717230544,22.1576365009442));
#3913=CARTESIAN_POINT('Ctrl Pts',(5.55162084909953,-18.081769083501,22.1661486208145));
#3914=CARTESIAN_POINT('Ctrl Pts',(5.54620470094797,-18.0629013842382,22.1745043751964));
#3915=CARTESIAN_POINT('',(7.28923959561237,-17.5741664931598,21.1912302410676));
#3916=CARTESIAN_POINT('Ctrl Pts',(5.5452574907258,-18.0636354536436,22.1763992966257));
#3917=CARTESIAN_POINT('Ctrl Pts',(5.54922426289828,-18.0598211880733,22.174036739765));
#3918=CARTESIAN_POINT('Ctrl Pts',(5.55320280520057,-18.0560250704008,22.1716598788811));
#3919=CARTESIAN_POINT('Ctrl Pts',(5.73798483397486,-17.8810854192968,22.0609421618322));
#3920=CARTESIAN_POINT('Ctrl Pts',(5.94371681584569,-17.7465117081991,21.9230368158357));
#3921=CARTESIAN_POINT('Ctrl Pts',(6.34943086951495,-17.6012028657842,21.6720954704443));
#3922=CARTESIAN_POINT('Ctrl Pts',(6.51850528042582,-17.5676192800263,21.5726248319702));
#3923=CARTESIAN_POINT('Ctrl Pts',(6.88800129672067,-17.5385082764722,21.3740713324775));
#3924=CARTESIAN_POINT('Ctrl Pts',(7.08729314660975,-17.5475797387697,21.2774639904442));
#3925=CARTESIAN_POINT('Ctrl Pts',(7.28923959595386,-17.5741664932048,21.191230241069));
#3926=CARTESIAN_POINT('Ctrl Pts',(5.73136612887619,-16.6499999999991,22.1763992966257));
#3927=CARTESIAN_POINT('Ctrl Pts',(5.7342117710335,-16.6547130259403,22.1740357106189));
#3928=CARTESIAN_POINT('Ctrl Pts',(5.73707349323309,-16.6594115567939,22.1716578075571));
#3929=CARTESIAN_POINT('Ctrl Pts',(5.87067276672384,-16.8768505235863,22.0606148683438));
#3930=CARTESIAN_POINT('Ctrl Pts',(6.03514922710912,-17.0605387056701,21.9222127390719));
#3931=CARTESIAN_POINT('Ctrl Pts',(6.38948495842891,-17.3052508341543,21.6714507315655));
#3932=CARTESIAN_POINT('Ctrl Pts',(6.54305471067403,-17.3808975449661,21.5726910816308));
#3933=CARTESIAN_POINT('Ctrl Pts',(6.89157225745725,-17.5045701953906,21.3745048155534));
#3934=CARTESIAN_POINT('Ctrl Pts',(7.08683970342719,-17.5475200418423,21.277657616556));
#3935=CARTESIAN_POINT('Ctrl Pts',(7.28923959595386,-17.5741664932048,21.191230241069));
#3936=CARTESIAN_POINT('Origin',(0.269498154343625,-16.6499999999991,19.2000000000051));
#3937=CARTESIAN_POINT('',(-1.60909801550132,12.3414174402205,19.1999999999984));
#3938=CARTESIAN_POINT('Ctrl Pts',(-1.60909801550053,12.3414174402142,19.2000000000051));
#3939=CARTESIAN_POINT('Ctrl Pts',(-1.82330521029716,12.3275371662839,19.2000000000051));
#3940=CARTESIAN_POINT('Ctrl Pts',(-2.03178151529124,12.271877313024,19.2000000000051));
#3941=CARTESIAN_POINT('Ctrl Pts',(-2.42451995370923,12.0807711870179,19.2000000000051));
#3942=CARTESIAN_POINT('Ctrl Pts',(-2.60231736869565,11.945380715906,19.2000000000051));
#3943=CARTESIAN_POINT('Ctrl Pts',(-2.91532127370306,11.6008182090459,19.2000000000051));
#3944=CARTESIAN_POINT('Ctrl Pts',(-3.04122271124778,11.3901940639099,19.2000000000056));
#3945=CARTESIAN_POINT('Ctrl Pts',(-3.19263988634271,10.991108449691,19.2000000000056));
#3946=CARTESIAN_POINT('Ctrl Pts',(-3.23469956170044,10.8117676418199,19.2000000000061));
#3947=CARTESIAN_POINT('Ctrl Pts',(-3.27519953411067,10.4425670370668,19.2000000000061));
#3948=CARTESIAN_POINT('Ctrl Pts',(-3.27239548728215,10.253353195215,19.2000000000051));
#3949=CARTESIAN_POINT('Ctrl Pts',(-3.24783553075566,10.0668018044206,19.2000000000051));
#3950=CARTESIAN_POINT('',(2.14809432419727,12.34141744029,19.1999999999239));
#3951=CARTESIAN_POINT('Origin',(0.26949815434369,-16.6499999999985,19.2000000000041));
#3952=CARTESIAN_POINT('',(3.78683183944294,10.0668018044206,19.2000000000052));
#3953=CARTESIAN_POINT('Ctrl Pts',(3.78683183944294,10.0668018044206,19.2000000000051));
#3954=CARTESIAN_POINT('Ctrl Pts',(3.82639475544811,10.3673119863783,19.2000000000051));
#3955=CARTESIAN_POINT('Ctrl Pts',(3.8094164532404,10.6740723663754,19.2000000000086));
#3956=CARTESIAN_POINT('Ctrl Pts',(3.66092204712148,11.2218921246486,19.2000000000086));
#3957=CARTESIAN_POINT('Ctrl Pts',(3.54478679911679,11.4626461300381,19.2000000000135));
#3958=CARTESIAN_POINT('Ctrl Pts',(3.2383730829189,11.8573021865001,19.2000000000135));
#3959=CARTESIAN_POINT('Ctrl Pts',(3.06079185729101,12.0136696339135,19.2000000000063));
#3960=CARTESIAN_POINT('Ctrl Pts',(2.74768889755277,12.1907826051815,19.2000000000063));
#3961=CARTESIAN_POINT('Ctrl Pts',(2.63268947985881,12.2399946259901,19.2000000000051));
#3962=CARTESIAN_POINT('Ctrl Pts',(2.39421970344796,12.3113820653175,19.2000000000051));
#3963=CARTESIAN_POINT('Ctrl Pts',(2.27190211262346,12.3333948991421,19.2000000000051));
#3964=CARTESIAN_POINT('Ctrl Pts',(2.14809432418781,12.3414174402142,19.2000000000051));
#3965=CARTESIAN_POINT('',(5.95844457476889,11.8397753130489,19.1999999999984));
#3966=CARTESIAN_POINT('Ctrl Pts',(5.95844457476801,11.8397753130426,19.2000000000051));
#3967=CARTESIAN_POINT('Ctrl Pts',(5.74794383389261,11.8818088995887,19.2000000000051));
#3968=CARTESIAN_POINT('Ctrl Pts',(5.53216535665823,11.8820032480225,19.2000000000051));
#3969=CARTESIAN_POINT('Ctrl Pts',(5.10334725096773,11.7990570929576,19.2000000000051));
#3970=CARTESIAN_POINT('Ctrl Pts',(4.89656650353574,11.7142972974456,19.2000000000051));
#3971=CARTESIAN_POINT('Ctrl Pts',(4.50504860895608,11.4624868451059,19.2000000000051));
#3972=CARTESIAN_POINT('Ctrl Pts',(4.32892361874509,11.2916252335214,19.2000000000057));
#3973=CARTESIAN_POINT('Ctrl Pts',(4.07937490119088,10.9453277805171,19.2000000000057));
#3974=CARTESIAN_POINT('Ctrl Pts',(3.99233155787639,10.7829837075002,19.2000000000061));
#3975=CARTESIAN_POINT('Ctrl Pts',(3.85765544058789,10.4368454724736,19.2000000000061));
#3976=CARTESIAN_POINT('Ctrl Pts',(3.81139179596943,10.253353195215,19.2000000000051));
#3977=CARTESIAN_POINT('Ctrl Pts',(3.78683183944294,10.0668018044206,19.2000000000051));
#3978=CARTESIAN_POINT('',(9.58761369003718,10.8673423794887,19.1999999999239));
#3979=CARTESIAN_POINT('Origin',(0.269498154343821,-16.6499999999986,19.2000000000041));
#3980=CARTESIAN_POINT('',(10.5817987317089,8.24609591314393,19.1999999999194));
#3981=CARTESIAN_POINT('Ctrl Pts',(10.5817987316708,8.24609591305193,19.2000000000052));
#3982=CARTESIAN_POINT('Ctrl Pts',(10.6977913323413,8.52612682272575,19.2000000000052));
#3983=CARTESIAN_POINT('Ctrl Pts',(10.7607869803785,8.82682890421211,19.2000000000086));
#3984=CARTESIAN_POINT('Ctrl Pts',(10.7591385851733,9.39441533727433,19.2000000000086));
#3985=CARTESIAN_POINT('Ctrl Pts',(10.7092722715627,9.65702386285393,19.2000000000135));
#3986=CARTESIAN_POINT('Ctrl Pts',(10.5154438532353,10.1175380457246,19.2000000000135));
#3987=CARTESIAN_POINT('Ctrl Pts',(10.3843844345619,10.3145388048173,19.2000000000063));
#3988=CARTESIAN_POINT('Ctrl Pts',(10.1277904095621,10.566653806994,19.2000000000063));
#3989=CARTESIAN_POINT('Ctrl Pts',(10.0294465102365,10.6439530083319,19.2000000000052));
#3990=CARTESIAN_POINT('Ctrl Pts',(9.81757882329093,10.7746284994673,19.2000000000052));
#3991=CARTESIAN_POINT('Ctrl Pts',(9.70512644393459,10.8275493862247,19.2000000000052));
#3992=CARTESIAN_POINT('Ctrl Pts',(9.58761369000843,10.8673423794179,19.2000000000052));
#3993=CARTESIAN_POINT('',(13.1382948679156,9.39660207987278,19.1999999999984));
#3994=CARTESIAN_POINT('Ctrl Pts',(13.1382948679131,9.39660207986692,19.2000000000052));
#3995=CARTESIAN_POINT('Ctrl Pts',(12.9458458585807,9.4916850074301,19.2000000000052));
#3996=CARTESIAN_POINT('Ctrl Pts',(12.7374701557387,9.54772031303312,19.2000000000052));
#3997=CARTESIAN_POINT('Ctrl Pts',(12.3017956280231,9.57858677230208,19.2000000000052));
#3998=CARTESIAN_POINT('Ctrl Pts',(12.0801233143617,9.55023389238199,19.2000000000052));
#3999=CARTESIAN_POINT('Ctrl Pts',(11.6367727277115,9.4083359607532,19.2000000000052));
#4000=CARTESIAN_POINT('Ctrl Pts',(11.4224268118567,9.2888808191874,19.2000000000057));
#4001=CARTESIAN_POINT('Ctrl Pts',(11.0917528845458,9.0189711265364,19.2000000000057));
#4002=CARTESIAN_POINT('Ctrl Pts',(10.9656577332755,8.88468726866362,19.2000000000061));
#4003=CARTESIAN_POINT('Ctrl Pts',(10.7459834259392,8.58520015206001,19.2000000000061));
#4004=CARTESIAN_POINT('Ctrl Pts',(10.6538048808002,8.41993413485448,19.2000000000052));
#4005=CARTESIAN_POINT('Ctrl Pts',(10.5817987316708,8.24609591305193,19.2000000000052));
#4006=CARTESIAN_POINT('',(16.3921188810336,7.51800591008366,19.199999999924));
#4007=CARTESIAN_POINT('Origin',(0.269498154343941,-16.6499999999986,19.2000000000041));
#4008=CARTESIAN_POINT('',(16.6739993814968,4.72876222803163,19.1999999999194));
#4009=CARTESIAN_POINT('Ctrl Pts',(16.6739993814362,4.72876222795263,19.2000000000052));
#4010=CARTESIAN_POINT('Ctrl Pts',(16.8585169627233,4.96923022162128,19.2000000000052));
#4011=CARTESIAN_POINT('Ctrl Pts',(16.9971935116969,5.24338165467724,19.2000000000086));
#4012=CARTESIAN_POINT('Ctrl Pts',(17.1425034628146,5.79205468509628,19.2000000000086));
#4013=CARTESIAN_POINT('Ctrl Pts',(17.1623043904625,6.05862139382881,19.2000000000136));
#4014=CARTESIAN_POINT('Ctrl Pts',(17.0942703563981,6.55361042258124,19.2000000000136));
#4015=CARTESIAN_POINT('Ctrl Pts',(17.0186642274759,6.7778192171801,19.2000000000063));
#4016=CARTESIAN_POINT('Ctrl Pts',(16.8360655959765,7.08775502950704,19.2000000000063));
#4017=CARTESIAN_POINT('Ctrl Pts',(16.7610791892374,7.18787359854588,19.2000000000052));
#4018=CARTESIAN_POINT('Ctrl Pts',(16.5902520244945,7.36893182271992,19.2000000000052));
#4019=CARTESIAN_POINT('Ctrl Pts',(16.4953283004231,7.44915429143359,19.2000000000052));
#4020=CARTESIAN_POINT('Ctrl Pts',(16.3921188809875,7.51800591002275,19.2000000000052));
#4021=CARTESIAN_POINT('',(19.4411579317244,5.17839595899856,19.1999999999984));
#4022=CARTESIAN_POINT('Ctrl Pts',(19.4411579317205,5.17839595899354,19.2000000000052));
#4023=CARTESIAN_POINT('Ctrl Pts',(19.27987573588,5.32004848319234,19.2000000000052));
#4024=CARTESIAN_POINT('Ctrl Pts',(19.093103267222,5.42810603249042,19.2000000000052));
#4025=CARTESIAN_POINT('Ctrl Pts',(18.6802628165589,5.57068160790325,19.2000000000052));
#4026=CARTESIAN_POINT('Ctrl Pts',(18.4588055385133,5.60066784548628,19.2000000000052));
#4027=CARTESIAN_POINT('Ctrl Pts',(17.9938358696012,5.57835254411148,19.2000000000052));
#4028=CARTESIAN_POINT('Ctrl Pts',(17.755876348045,5.5184445430532,19.2000000000057));
#4029=CARTESIAN_POINT('Ctrl Pts',(17.3666120926591,5.34331651026277,19.2000000000057));
#4030=CARTESIAN_POINT('Ctrl Pts',(17.2100583096099,5.24624409053355,19.2000000000061));
#4031=CARTESIAN_POINT('Ctrl Pts',(16.9203562532417,5.01381764442364,19.2000000000061));
#4032=CARTESIAN_POINT('Ctrl Pts',(16.7885446231012,4.87804049322868,19.2000000000052));
#4033=CARTESIAN_POINT('Ctrl Pts',(16.6739993814362,4.72876222795263,19.2000000000052));
#4034=CARTESIAN_POINT('',(22.0978941133965,2.52165977742467,19.199999999924));
#4035=CARTESIAN_POINT('Origin',(0.269498154344037,-16.6499999999988,19.2000000000041));
#4036=CARTESIAN_POINT('',(21.6482603822953,-0.245498772906543,19.2000000000052));
#4037=CARTESIAN_POINT('Ctrl Pts',(21.6482603822954,-0.24549877290653,19.2000000000052));
#4038=CARTESIAN_POINT('Ctrl Pts',(21.888728375964,-0.0609811916194223,19.2000000000052));
#4039=CARTESIAN_POINT('Ctrl Pts',(22.0936352482353,0.167936625900031,19.2000000000086));
#4040=CARTESIAN_POINT('Ctrl Pts',(22.3760009126432,0.660305093377893,19.2000000000086));
#4041=CARTESIAN_POINT('Ctrl Pts',(22.4641196810531,0.912663904585544,19.2000000000136));
#4042=CARTESIAN_POINT('Ctrl Pts',(22.5265164382416,1.40839509491827,19.2000000000136));
#4043=CARTESIAN_POINT('Ctrl Pts',(22.5115160318115,1.644532466194,19.2000000000063));
#4044=CARTESIAN_POINT('Ctrl Pts',(22.4153565887907,1.99116747525419,19.2000000000063));
#4045=CARTESIAN_POINT('Ctrl Pts',(22.3688378743365,2.10728249696778,19.2000000000052));
#4046=CARTESIAN_POINT('Ctrl Pts',(22.2506928207683,2.32638463541585,19.2000000000052));
#4047=CARTESIAN_POINT('Ctrl Pts',(22.1797666469084,2.42844165741679,19.2000000000052));
#4048=CARTESIAN_POINT('Ctrl Pts',(22.0978941133363,2.52165977737777,19.2000000000052));
#4049=CARTESIAN_POINT('',(24.4375040643705,-0.527379273351412,19.1999999999985));
#4050=CARTESIAN_POINT('Ctrl Pts',(24.4375040643655,-0.527379273355251,19.2000000000052));
#4051=CARTESIAN_POINT('Ctrl Pts',(24.318379797132,-0.348810537953121,19.2000000000052));
#4052=CARTESIAN_POINT('Ctrl Pts',(24.165938797741,-0.196094688371105,19.2000000000052));
#4053=CARTESIAN_POINT('Ctrl Pts',(23.8040668185919,0.0484737133385016,19.2000000000052));
#4054=CARTESIAN_POINT('Ctrl Pts',(23.5979165236854,0.134755555887964,19.2000000000052));
#4055=CARTESIAN_POINT('Ctrl Pts',(23.1430146870492,0.233543635678064,19.2000000000052));
#4056=CARTESIAN_POINT('Ctrl Pts',(22.8976581079387,0.237265406396774,19.2000000000057));
#4057=CARTESIAN_POINT('Ctrl Pts',(22.4763312401928,0.168853719488813,19.2000000000057));
#4058=CARTESIAN_POINT('Ctrl Pts',(22.2999877069623,0.115608062887955,19.2000000000061));
#4059=CARTESIAN_POINT('Ctrl Pts',(21.9600006179484,-0.0339182345287403,
19.2000000000061));
#4060=CARTESIAN_POINT('Ctrl Pts',(21.7975386475714,-0.130953531241522,19.2000000000052));
#4061=CARTESIAN_POINT('Ctrl Pts',(21.6482603822953,-0.245498772906525,19.2000000000052));
#4062=CARTESIAN_POINT('',(26.31610023428,-3.78120328639994,19.199999999924));
#4063=CARTESIAN_POINT('Origin',(0.269498154344107,-16.6499999999989,19.2000000000041));
#4064=CARTESIAN_POINT('',(25.1655940673946,-6.33769942267199,19.2000000000053));
#4065=CARTESIAN_POINT('Ctrl Pts',(25.1655940673946,-6.33769942267198,19.2000000000052));
#4066=CARTESIAN_POINT('Ctrl Pts',(25.4456249770685,-6.2217068220014,19.2000000000052));
#4067=CARTESIAN_POINT('Ctrl Pts',(25.7027981079167,-6.05362299097782,19.2000000000087));
#4068=CARTESIAN_POINT('Ctrl Pts',(26.1029767322168,-5.65111318382238,19.2000000000087));
#4069=CARTESIAN_POINT('Ctrl Pts',(26.2534081929447,-5.43016010608076,19.2000000000136));
#4070=CARTESIAN_POINT('Ctrl Pts',(26.4419835054992,-4.96747001555438,19.2000000000136));
#4071=CARTESIAN_POINT('Ctrl Pts',(26.4886110744702,-4.73549643921876,19.2000000000063));
#4072=CARTESIAN_POINT('Ctrl Pts',(26.4854439270589,-4.37578483645136,19.2000000000063));
#4073=CARTESIAN_POINT('Ctrl Pts',(26.4705630784038,-4.25158640890365,19.2000000000052));
#4074=CARTESIAN_POINT('Ctrl Pts',(26.413151526167,-4.00937180483338,19.2000000000052));
#4075=CARTESIAN_POINT('Ctrl Pts',(26.3710564040561,-3.89243524693733,19.2000000000052));
#4076=CARTESIAN_POINT('Ctrl Pts',(26.3161002342096,-3.78120328642964,19.2000000000052));
#4077=CARTESIAN_POINT('',(27.7868405337665,-7.33188446433192,19.1999999999985));
#4078=CARTESIAN_POINT('Ctrl Pts',(27.7868405337606,-7.33188446433432,19.2000000000052));
#4079=CARTESIAN_POINT('Ctrl Pts',(27.717992317084,-7.12856868194773,19.2000000000052));
#4080=CARTESIAN_POINT('Ctrl Pts',(27.6102713891477,-6.94160186485591,19.2000000000052));
#4081=CARTESIAN_POINT('Ctrl Pts',(27.32402885887,-6.61170756925765,19.2000000000052));
#4082=CARTESIAN_POINT('Ctrl Pts',(27.1472343490211,-6.47501008672401,19.2000000000052));
#4083=CARTESIAN_POINT('Ctrl Pts',(26.7334011530666,-6.26185087015168,19.2000000000052));
#4084=CARTESIAN_POINT('Ctrl Pts',(26.4973681617974,-6.19475296017995,19.2000000000057));
#4085=CARTESIAN_POINT('Ctrl Pts',(26.0726914114527,-6.15178615779831,19.2000000000057));
#4086=CARTESIAN_POINT('Ctrl Pts',(25.888575648409,-6.15757644776607,19.2000000000061));
#4087=CARTESIAN_POINT('Ctrl Pts',(25.5214730850106,-6.21401262642449,19.2000000000061));
#4088=CARTESIAN_POINT('Ctrl Pts',(25.3394322891972,-6.26569327354254,19.2000000000052));
#4089=CARTESIAN_POINT('Ctrl Pts',(25.1655940673946,-6.33769942267198,19.2000000000052));
#4090=CARTESIAN_POINT('',(28.7592734674609,-10.9610535795643,19.199999999924));
#4091=CARTESIAN_POINT('Origin',(0.269498154344144,-16.649999999999,19.2000000000041));
#4092=CARTESIAN_POINT('',(26.986299958862,-13.1326663148868,19.1999999999194));
#4093=CARTESIAN_POINT('Ctrl Pts',(26.9862999587633,-13.1326663148998,19.2000000000052));
#4094=CARTESIAN_POINT('Ctrl Pts',(27.286810140721,-13.0931033988946,19.2000000000052));
#4095=CARTESIAN_POINT('Ctrl Pts',(27.5787236062776,-12.9973081896795,19.2000000000087));
#4096=CARTESIAN_POINT('Ctrl Pts',(28.0694436785503,-12.7120874210252,19.2000000000087));
#4097=CARTESIAN_POINT('Ctrl Pts',(28.2719361761473,-12.5375976638555,19.2000000000136));
#4098=CARTESIAN_POINT('Ctrl Pts',(28.5738389481527,-12.1394802381733,19.2000000000136));
#4099=CARTESIAN_POINT('Ctrl Pts',(28.678916900755,-11.9274790726506,19.2000000000063));
#4100=CARTESIAN_POINT('Ctrl Pts',(28.7689578848153,-11.5792046274531,19.2000000000063));
#4101=CARTESIAN_POINT('Ctrl Pts',(28.7867290072034,-11.455386711661,19.2000000000052));
#4102=CARTESIAN_POINT('Ctrl Pts',(28.7939634587058,-11.2065661669574,19.2000000000052));
#4103=CARTESIAN_POINT('Ctrl Pts',(28.7835681013504,-11.08271910634,19.2000000000052));
#4104=CARTESIAN_POINT('Ctrl Pts',(28.7592734673853,-10.9610535795747,19.2000000000052));
#4105=CARTESIAN_POINT('',(29.2609155945632,-14.7714038301541,19.1999999999985));
#4106=CARTESIAN_POINT('Ctrl Pts',(29.2609155945569,-14.7714038301549,19.2000000000052));
#4107=CARTESIAN_POINT('Ctrl Pts',(29.2470353206266,-14.5571966353583,19.2000000000052));
#4108=CARTESIAN_POINT('Ctrl Pts',(29.1913754673667,-14.3487203303642,19.2000000000052));
#4109=CARTESIAN_POINT('Ctrl Pts',(29.0002693413606,-13.9559818919462,19.2000000000052));
#4110=CARTESIAN_POINT('Ctrl Pts',(28.8648788702487,-13.7781844769598,19.2000000000052));
#4111=CARTESIAN_POINT('Ctrl Pts',(28.5203163633886,-13.4651805719524,19.2000000000052));
#4112=CARTESIAN_POINT('Ctrl Pts',(28.3096922182526,-13.3392791344077,19.2000000000057));
#4113=CARTESIAN_POINT('Ctrl Pts',(27.9106066040337,-13.1878619593127,19.2000000000057));
#4114=CARTESIAN_POINT('Ctrl Pts',(27.7312657961625,-13.145802283955,19.2000000000061));
#4115=CARTESIAN_POINT('Ctrl Pts',(27.3620651914095,-13.1053023115448,19.2000000000061));
#4116=CARTESIAN_POINT('Ctrl Pts',(27.1728513495577,-13.1081063583733,19.2000000000052));
#4117=CARTESIAN_POINT('Ctrl Pts',(26.9862999587633,-13.1326663148998,19.2000000000052));
#4118=CARTESIAN_POINT('',(29.2609155946327,-18.5285961698527,19.199999999924));
#4119=CARTESIAN_POINT('Origin',(0.269498154344144,-16.6499999999991,19.2000000000041));
#4120=CARTESIAN_POINT('',(26.986299958862,-20.1673336851114,19.1999999999194));
#4121=CARTESIAN_POINT('Ctrl Pts',(26.9862999587633,-20.1673336850984,19.2000000000052));
#4122=CARTESIAN_POINT('Ctrl Pts',(27.286810140721,-20.2068966011035,19.2000000000052));
#4123=CARTESIAN_POINT('Ctrl Pts',(27.5935705207181,-20.1899182988958,19.2000000000087));
#4124=CARTESIAN_POINT('Ctrl Pts',(28.1413902789913,-20.0414238927769,19.2000000000087));
#4125=CARTESIAN_POINT('Ctrl Pts',(28.3821442843808,-19.9252886447722,19.2000000000136));
#4126=CARTESIAN_POINT('Ctrl Pts',(28.7768003408428,-19.6188749285743,19.2000000000136));
#4127=CARTESIAN_POINT('Ctrl Pts',(28.9331677882562,-19.4412937029465,19.2000000000063));
#4128=CARTESIAN_POINT('Ctrl Pts',(29.1102807595242,-19.1281907432082,19.2000000000063));
#4129=CARTESIAN_POINT('Ctrl Pts',(29.1594927803328,-19.0131913255143,19.2000000000052));
#4130=CARTESIAN_POINT('Ctrl Pts',(29.2308802196602,-18.7747215491034,19.2000000000052));
#4131=CARTESIAN_POINT('Ctrl Pts',(29.2528930534848,-18.6524039582789,19.2000000000052));
#4132=CARTESIAN_POINT('Ctrl Pts',(29.2609155945569,-18.5285961698433,19.2000000000052));
#4133=CARTESIAN_POINT('',(28.7592734673916,-22.3389464204243,19.1999999999985));
#4134=CARTESIAN_POINT('Ctrl Pts',(28.7592734673853,-22.3389464204234,19.2000000000052));
#4135=CARTESIAN_POINT('Ctrl Pts',(28.8013070539314,-22.128445679548,19.2000000000052));
#4136=CARTESIAN_POINT('Ctrl Pts',(28.8015014023652,-21.9126672023137,19.2000000000052));
#4137=CARTESIAN_POINT('Ctrl Pts',(28.7185552473003,-21.4838490966232,19.2000000000052));
#4138=CARTESIAN_POINT('Ctrl Pts',(28.6337954517883,-21.2770683491912,19.2000000000052));
#4139=CARTESIAN_POINT('Ctrl Pts',(28.3819849994486,-20.8855504546115,19.2000000000052));
#4140=CARTESIAN_POINT('Ctrl Pts',(28.2111233878641,-20.7094254644005,19.2000000000057));
#4141=CARTESIAN_POINT('Ctrl Pts',(27.8648259348598,-20.4598767468463,19.2000000000057));
#4142=CARTESIAN_POINT('Ctrl Pts',(27.7024818618429,-20.3728334035318,19.2000000000061));
#4143=CARTESIAN_POINT('Ctrl Pts',(27.3563436268163,-20.2381572862433,19.2000000000061));
#4144=CARTESIAN_POINT('Ctrl Pts',(27.1728513495577,-20.1918936416249,19.2000000000052));
#4145=CARTESIAN_POINT('Ctrl Pts',(26.9862999587633,-20.1673336850984,19.2000000000052));
#4146=CARTESIAN_POINT('',(27.7868405338314,-25.9681155356926,19.199999999924));
#4147=CARTESIAN_POINT('Origin',(0.269498154344109,-16.6499999999993,19.2000000000041));
#4148=CARTESIAN_POINT('',(25.1655940673946,-26.9623005773262,19.2000000000053));
#4149=CARTESIAN_POINT('Ctrl Pts',(25.1655940673946,-26.9623005773262,19.2000000000052));
#4150=CARTESIAN_POINT('Ctrl Pts',(25.4456249770684,-27.0782931779968,19.2000000000052));
#4151=CARTESIAN_POINT('Ctrl Pts',(25.7463270585548,-27.141288826034,19.2000000000087));
#4152=CARTESIAN_POINT('Ctrl Pts',(26.313913491617,-27.1396404308288,19.2000000000087));
#4153=CARTESIAN_POINT('Ctrl Pts',(26.5765220171966,-27.0897741172181,19.2000000000136));
#4154=CARTESIAN_POINT('Ctrl Pts',(27.0370362000673,-26.8959456988908,19.2000000000136));
#4155=CARTESIAN_POINT('Ctrl Pts',(27.23403695916,-26.7648862802174,19.2000000000063));
#4156=CARTESIAN_POINT('Ctrl Pts',(27.4861519613367,-26.5082922552175,19.2000000000063));
#4157=CARTESIAN_POINT('Ctrl Pts',(27.5634511626746,-26.409948355892,19.2000000000052));
#4158=CARTESIAN_POINT('Ctrl Pts',(27.69412665381,-26.1980806689464,19.2000000000052));
#4159=CARTESIAN_POINT('Ctrl Pts',(27.7470475405674,-26.08562828959,19.2000000000052));
#4160=CARTESIAN_POINT('Ctrl Pts',(27.7868405337606,-25.9681155356639,19.2000000000052));
#4161=CARTESIAN_POINT('',(26.3161002342155,-29.518796713571,19.1999999999985));
#4162=CARTESIAN_POINT('Ctrl Pts',(26.3161002342096,-29.5187967135685,19.2000000000052));
#4163=CARTESIAN_POINT('Ctrl Pts',(26.4111831617728,-29.3263477042361,19.2000000000052));
#4164=CARTESIAN_POINT('Ctrl Pts',(26.4672184673758,-29.1179720013941,19.2000000000052));
#4165=CARTESIAN_POINT('Ctrl Pts',(26.4980849266448,-28.6822974736785,19.2000000000052));
#4166=CARTESIAN_POINT('Ctrl Pts',(26.4697320467247,-28.4606251600171,19.2000000000052));
#4167=CARTESIAN_POINT('Ctrl Pts',(26.3278341150959,-28.0172745733669,19.2000000000052));
#4168=CARTESIAN_POINT('Ctrl Pts',(26.2083789735301,-27.8029286575122,19.2000000000057));
#4169=CARTESIAN_POINT('Ctrl Pts',(25.9384692808791,-27.4722547302013,19.2000000000057));
#4170=CARTESIAN_POINT('Ctrl Pts',(25.8041854230063,-27.346159578931,19.2000000000061));
#4171=CARTESIAN_POINT('Ctrl Pts',(25.5046983064027,-27.1264852715946,19.2000000000061));
#4172=CARTESIAN_POINT('Ctrl Pts',(25.3394322891972,-27.0343067264556,19.2000000000052));
#4173=CARTESIAN_POINT('Ctrl Pts',(25.1655940673946,-26.9623005773262,19.2000000000052));
#4174=CARTESIAN_POINT('',(24.4375040644263,-32.772620726689,19.199999999924));
#4175=CARTESIAN_POINT('Origin',(0.26949815434404,-16.6499999999994,19.2000000000041));
#4176=CARTESIAN_POINT('',(21.6482603823743,-33.0545012271523,19.1999999999194));
#4177=CARTESIAN_POINT('Ctrl Pts',(21.6482603822953,-33.0545012270916,19.2000000000052));
#4178=CARTESIAN_POINT('Ctrl Pts',(21.888728375964,-33.2390188083788,19.2000000000052));
#4179=CARTESIAN_POINT('Ctrl Pts',(22.1628798090199,-33.3776953573523,19.2000000000086));
#4180=CARTESIAN_POINT('Ctrl Pts',(22.711552839439,-33.52300530847,19.2000000000086));
#4181=CARTESIAN_POINT('Ctrl Pts',(22.9781195481715,-33.5428062361179,19.2000000000136));
#4182=CARTESIAN_POINT('Ctrl Pts',(23.4731085769239,-33.4747722020536,19.2000000000136));
#4183=CARTESIAN_POINT('Ctrl Pts',(23.6973173715228,-33.3991660731313,19.2000000000063));
#4184=CARTESIAN_POINT('Ctrl Pts',(24.0072531838497,-33.2165674416319,19.2000000000063));
#4185=CARTESIAN_POINT('Ctrl Pts',(24.1073717528886,-33.1415810348928,19.2000000000052));
#4186=CARTESIAN_POINT('Ctrl Pts',(24.2884299770626,-32.9707538701499,19.2000000000052));
#4187=CARTESIAN_POINT('Ctrl Pts',(24.3686524457763,-32.8758301460785,19.2000000000052));
#4188=CARTESIAN_POINT('Ctrl Pts',(24.4375040643654,-32.7726207266429,19.2000000000052));
#4189=CARTESIAN_POINT('',(22.0978941133413,-35.8216597773798,19.1999999999985));
#4190=CARTESIAN_POINT('Ctrl Pts',(22.0978941133362,-35.8216597773759,19.2000000000052));
#4191=CARTESIAN_POINT('Ctrl Pts',(22.239546637535,-35.6603775815354,19.2000000000052));
#4192=CARTESIAN_POINT('Ctrl Pts',(22.3476041868331,-35.4736051128775,19.2000000000052));
#4193=CARTESIAN_POINT('Ctrl Pts',(22.490179762246,-35.0607646622143,19.2000000000052));
#4194=CARTESIAN_POINT('Ctrl Pts',(22.520165999829,-34.8393073841687,19.2000000000052));
#4195=CARTESIAN_POINT('Ctrl Pts',(22.4978506984542,-34.3743377152567,19.2000000000052));
#4196=CARTESIAN_POINT('Ctrl Pts',(22.4379426973959,-34.1363781937004,19.2000000000057));
#4197=CARTESIAN_POINT('Ctrl Pts',(22.2628146646055,-33.7471139383145,19.2000000000057));
#4198=CARTESIAN_POINT('Ctrl Pts',(22.1657422448763,-33.5905601552654,19.2000000000061));
#4199=CARTESIAN_POINT('Ctrl Pts',(21.9333157987663,-33.3008580988972,19.2000000000061));
#4200=CARTESIAN_POINT('Ctrl Pts',(21.7975386475714,-33.1690464687566,19.2000000000052));
#4201=CARTESIAN_POINT('Ctrl Pts',(21.6482603822953,-33.0545012270916,19.2000000000052));
#4202=CARTESIAN_POINT('',(19.4411579317674,-38.478395959052,19.199999999924));
#4203=CARTESIAN_POINT('Origin',(0.269498154343943,-16.6499999999995,19.2000000000041));
#4204=CARTESIAN_POINT('',(16.6739993814362,-38.0287622279508,19.2000000000052));
#4205=CARTESIAN_POINT('Ctrl Pts',(16.6739993814362,-38.0287622279508,19.2000000000052));
#4206=CARTESIAN_POINT('Ctrl Pts',(16.8585169627233,-38.2692302216194,19.2000000000052));
#4207=CARTESIAN_POINT('Ctrl Pts',(17.0874347802427,-38.4741370938907,19.2000000000086));
#4208=CARTESIAN_POINT('Ctrl Pts',(17.5798032477206,-38.7565027582986,19.2000000000086));
#4209=CARTESIAN_POINT('Ctrl Pts',(17.8321620589282,-38.8446215267085,19.2000000000136));
#4210=CARTESIAN_POINT('Ctrl Pts',(18.327893249261,-38.907018283897,19.2000000000136));
#4211=CARTESIAN_POINT('Ctrl Pts',(18.5640306205367,-38.892017877467,19.2000000000063));
#4212=CARTESIAN_POINT('Ctrl Pts',(18.9106656295969,-38.7958584344462,19.2000000000063));
#4213=CARTESIAN_POINT('Ctrl Pts',(19.0267806513105,-38.749339719992,19.2000000000052));
#4214=CARTESIAN_POINT('Ctrl Pts',(19.2458827897585,-38.6311946664237,19.2000000000052));
#4215=CARTESIAN_POINT('Ctrl Pts',(19.3479398117595,-38.5602684925638,19.2000000000052));
#4216=CARTESIAN_POINT('Ctrl Pts',(19.4411579317205,-38.4783959589917,19.2000000000052));
#4217=CARTESIAN_POINT('',(16.3921188809913,-40.818005910026,19.1999999999984));
#4218=CARTESIAN_POINT('Ctrl Pts',(16.3921188809874,-40.8180059100209,19.2000000000052));
#4219=CARTESIAN_POINT('Ctrl Pts',(16.5706876163896,-40.6988816427875,19.2000000000052));
#4220=CARTESIAN_POINT('Ctrl Pts',(16.7234034659716,-40.5464406433964,19.2000000000052));
#4221=CARTESIAN_POINT('Ctrl Pts',(16.9679718676812,-40.1845686642474,19.2000000000052));
#4222=CARTESIAN_POINT('Ctrl Pts',(17.0542537102307,-39.9784183693409,19.2000000000052));
#4223=CARTESIAN_POINT('Ctrl Pts',(17.1530417900208,-39.5235165327047,19.2000000000052));
#4224=CARTESIAN_POINT('Ctrl Pts',(17.1567635607395,-39.2781599535941,19.2000000000057));
#4225=CARTESIAN_POINT('Ctrl Pts',(17.0883518738315,-38.8568330858482,19.2000000000057));
#4226=CARTESIAN_POINT('Ctrl Pts',(17.0351062172306,-38.6804895526177,19.2000000000061));
#4227=CARTESIAN_POINT('Ctrl Pts',(16.885579919814,-38.3405024636039,19.2000000000061));
#4228=CARTESIAN_POINT('Ctrl Pts',(16.7885446231012,-38.1780404932268,19.2000000000052));
#4229=CARTESIAN_POINT('Ctrl Pts',(16.6739993814362,-38.0287622279508,19.2000000000052));
#4230=CARTESIAN_POINT('',(13.1382948679428,-42.6966020799354,19.199999999924));
#4231=CARTESIAN_POINT('Origin',(0.269498154343826,-16.6499999999996,19.2000000000041));
#4232=CARTESIAN_POINT('',(10.5817987316707,-41.5460959130501,19.2000000000052));
#4233=CARTESIAN_POINT('Ctrl Pts',(10.5817987316707,-41.5460959130501,19.2000000000052));
#4234=CARTESIAN_POINT('Ctrl Pts',(10.6977913323413,-41.8261268227239,19.2000000000052));
#4235=CARTESIAN_POINT('Ctrl Pts',(10.8658751633649,-42.0832999535722,19.2000000000086));
#4236=CARTESIAN_POINT('Ctrl Pts',(11.2683849705203,-42.4834785778723,19.2000000000086));
#4237=CARTESIAN_POINT('Ctrl Pts',(11.4893380482619,-42.6339100386001,19.2000000000135));
#4238=CARTESIAN_POINT('Ctrl Pts',(11.9520281387883,-42.8224853511546,19.2000000000135));
#4239=CARTESIAN_POINT('Ctrl Pts',(12.1840017151239,-42.8691129201256,19.2000000000063));
#4240=CARTESIAN_POINT('Ctrl Pts',(12.5437133178913,-42.8659457727143,19.2000000000063));
#4241=CARTESIAN_POINT('Ctrl Pts',(12.667911745439,-42.8510649240592,19.2000000000052));
#4242=CARTESIAN_POINT('Ctrl Pts',(12.9101263495093,-42.7936533718224,19.2000000000052));
#4243=CARTESIAN_POINT('Ctrl Pts',(13.0270629074054,-42.7515582497116,19.2000000000052));
#4244=CARTESIAN_POINT('Ctrl Pts',(13.1382948679131,-42.6966020798651,19.2000000000052));
#4245=CARTESIAN_POINT('',(9.58761369001078,-44.167342379422,19.1999999999984));
#4246=CARTESIAN_POINT('Ctrl Pts',(9.58761369000838,-44.1673423794161,19.2000000000051));
#4247=CARTESIAN_POINT('Ctrl Pts',(9.79092947239497,-44.0984941627395,19.2000000000051));
#4248=CARTESIAN_POINT('Ctrl Pts',(9.97789628948679,-43.9907732348032,19.2000000000052));
#4249=CARTESIAN_POINT('Ctrl Pts',(10.3077905850851,-43.7045307045255,19.2000000000052));
#4250=CARTESIAN_POINT('Ctrl Pts',(10.4444880676187,-43.5277361946765,19.2000000000052));
#4251=CARTESIAN_POINT('Ctrl Pts',(10.657647284191,-43.1139029987221,19.2000000000052));
#4252=CARTESIAN_POINT('Ctrl Pts',(10.7247451941628,-42.8778700074528,19.2000000000057));
#4253=CARTESIAN_POINT('Ctrl Pts',(10.7677119965444,-42.4531932571082,19.2000000000057));
#4254=CARTESIAN_POINT('Ctrl Pts',(10.7619217065766,-42.2690774940644,19.2000000000061));
#4255=CARTESIAN_POINT('Ctrl Pts',(10.7054855279182,-41.901974930666,19.2000000000061));
#4256=CARTESIAN_POINT('Ctrl Pts',(10.6538048808002,-41.7199341348526,19.2000000000052));
#4257=CARTESIAN_POINT('Ctrl Pts',(10.5817987316707,-41.5460959130501,19.2000000000052));
#4258=CARTESIAN_POINT('',(5.95844457477845,-45.1397753131164,19.1999999999239));
#4259=CARTESIAN_POINT('Origin',(0.269498154343693,-16.6499999999996,19.2000000000041));
#4260=CARTESIAN_POINT('',(3.78683183944291,-43.3668018044187,19.2000000000052));
#4261=CARTESIAN_POINT('Ctrl Pts',(3.7868318394429,-43.3668018044187,19.2000000000051));
#4262=CARTESIAN_POINT('Ctrl Pts',(3.82639475544807,-43.6673119863764,19.2000000000051));
#4263=CARTESIAN_POINT('Ctrl Pts',(3.92218996466319,-43.9592254519331,19.2000000000086));
#4264=CARTESIAN_POINT('Ctrl Pts',(4.20741073331746,-44.4499455242057,19.2000000000086));
#4265=CARTESIAN_POINT('Ctrl Pts',(4.38190049048719,-44.6524380218027,19.2000000000135));
#4266=CARTESIAN_POINT('Ctrl Pts',(4.78001791616938,-44.9543407938081,19.2000000000135));
#4267=CARTESIAN_POINT('Ctrl Pts',(4.99201908169206,-45.0594187464104,19.2000000000063));
#4268=CARTESIAN_POINT('Ctrl Pts',(5.34029352688963,-45.1494597304708,19.2000000000063));
#4269=CARTESIAN_POINT('Ctrl Pts',(5.46411144268169,-45.1672308528588,19.2000000000051));
#4270=CARTESIAN_POINT('Ctrl Pts',(5.71293198738533,-45.1744653043613,19.2000000000051));
#4271=CARTESIAN_POINT('Ctrl Pts',(5.83677904800266,-45.1640699470059,19.2000000000051));
#4272=CARTESIAN_POINT('Ctrl Pts',(5.95844457476797,-45.1397753130407,19.2000000000051));
#4273=CARTESIAN_POINT('',(2.14809432418857,-45.6414174402187,19.1999999999984));
#4274=CARTESIAN_POINT('Ctrl Pts',(2.14809432418778,-45.6414174402123,19.2000000000051));
#4275=CARTESIAN_POINT('Ctrl Pts',(2.36230151898441,-45.627537166282,19.2000000000051));
#4276=CARTESIAN_POINT('Ctrl Pts',(2.57077782397849,-45.5718773130221,19.2000000000051));
#4277=CARTESIAN_POINT('Ctrl Pts',(2.96351626239648,-45.3807711870161,19.2000000000051));
#4278=CARTESIAN_POINT('Ctrl Pts',(3.1413136773829,-45.2453807159041,19.2000000000051));
#4279=CARTESIAN_POINT('Ctrl Pts',(3.45431758239031,-44.900818209044,19.2000000000051));
#4280=CARTESIAN_POINT('Ctrl Pts',(3.58021901993503,-44.690194063908,19.2000000000057));
#4281=CARTESIAN_POINT('Ctrl Pts',(3.73163619502996,-44.2911084496891,19.2000000000057));
#4282=CARTESIAN_POINT('Ctrl Pts',(3.77369587038769,-44.111767641818,19.2000000000061));
#4283=CARTESIAN_POINT('Ctrl Pts',(3.81419584279793,-43.7425670370649,19.2000000000061));
#4284=CARTESIAN_POINT('Ctrl Pts',(3.8113917959694,-43.5533531952132,19.2000000000051));
#4285=CARTESIAN_POINT('Ctrl Pts',(3.78683183944291,-43.3668018044187,19.2000000000051));
#4286=CARTESIAN_POINT('',(-1.60909801551002,-45.6414174402881,19.1999999999239));
#4287=CARTESIAN_POINT('Origin',(0.269498154343557,-16.6499999999996,19.2000000000041));
#4288=CARTESIAN_POINT('',(-3.24783553076868,-43.3668018045175,19.1999999999193));
#4289=CARTESIAN_POINT('Ctrl Pts',(-3.24783553075568,-43.3668018044187,19.2000000000051));
#4290=CARTESIAN_POINT('Ctrl Pts',(-3.28739844676085,-43.6673119863764,19.2000000000051));
#4291=CARTESIAN_POINT('Ctrl Pts',(-3.27042014455315,-43.9740723663736,19.2000000000086));
#4292=CARTESIAN_POINT('Ctrl Pts',(-3.12192573843423,-44.5218921246467,19.2000000000086));
#4293=CARTESIAN_POINT('Ctrl Pts',(-3.00579049042955,-44.7626461300362,19.2000000000135));
#4294=CARTESIAN_POINT('Ctrl Pts',(-2.69937677423165,-45.1573021864982,19.2000000000135));
#4295=CARTESIAN_POINT('Ctrl Pts',(-2.52179554860376,-45.3136696339116,19.2000000000062));
#4296=CARTESIAN_POINT('Ctrl Pts',(-2.20869258886552,-45.4907826051796,19.2000000000062));
#4297=CARTESIAN_POINT('Ctrl Pts',(-2.09369317117156,-45.5399946259883,19.2000000000051));
#4298=CARTESIAN_POINT('Ctrl Pts',(-1.85522339476071,-45.6113820653156,19.2000000000051));
#4299=CARTESIAN_POINT('Ctrl Pts',(-1.73290580393621,-45.6333948991403,19.2000000000051));
#4300=CARTESIAN_POINT('Ctrl Pts',(-1.60909801550056,-45.6414174402123,19.2000000000051));
#4301=CARTESIAN_POINT('',(-5.41944826608162,-45.139775313047,19.1999999999984));
#4302=CARTESIAN_POINT('Ctrl Pts',(-5.41944826608075,-45.1397753130407,19.2000000000051));
#4303=CARTESIAN_POINT('Ctrl Pts',(-5.20894752520535,-45.1818088995868,19.2000000000051));
#4304=CARTESIAN_POINT('Ctrl Pts',(-4.99316904797097,-45.1820032480206,19.2000000000051));
#4305=CARTESIAN_POINT('Ctrl Pts',(-4.56435094228047,-45.0990570929558,19.2000000000051));
#4306=CARTESIAN_POINT('Ctrl Pts',(-4.35757019484848,-45.0142972974438,19.2000000000051));
#4307=CARTESIAN_POINT('Ctrl Pts',(-3.96605230026882,-44.7624868451041,19.2000000000051));
#4308=CARTESIAN_POINT('Ctrl Pts',(-3.78992731005783,-44.5916252335195,19.2000000000056));
#4309=CARTESIAN_POINT('Ctrl Pts',(-3.54037859250362,-44.2453277805152,19.2000000000056));
#4310=CARTESIAN_POINT('Ctrl Pts',(-3.45333524918913,-44.0829837074984,19.2000000000061));
#4311=CARTESIAN_POINT('Ctrl Pts',(-3.31865913190063,-43.7368454724717,19.2000000000061));
#4312=CARTESIAN_POINT('Ctrl Pts',(-3.27239548728217,-43.5533531952132,19.2000000000051));
#4313=CARTESIAN_POINT('Ctrl Pts',(-3.24783553075568,-43.3668018044187,19.2000000000051));
#4314=CARTESIAN_POINT('',(-9.04861738134992,-44.1673423794868,19.1999999999239));
#4315=CARTESIAN_POINT('Origin',(0.269498154343426,-16.6499999999996,19.2000000000041));
#4316=CARTESIAN_POINT('',(-10.0428024230216,-41.5460959131421,19.1999999999193));
#4317=CARTESIAN_POINT('Ctrl Pts',(-10.0428024229835,-41.5460959130501,19.2000000000051));
#4318=CARTESIAN_POINT('Ctrl Pts',(-10.1587950236541,-41.8261268227239,19.2000000000051));
#4319=CARTESIAN_POINT('Ctrl Pts',(-10.2217906716913,-42.1268289042103,19.2000000000086));
#4320=CARTESIAN_POINT('Ctrl Pts',(-10.2201422764861,-42.6944153372725,19.2000000000086));
#4321=CARTESIAN_POINT('Ctrl Pts',(-10.1702759628754,-42.9570238628521,19.2000000000135));
#4322=CARTESIAN_POINT('Ctrl Pts',(-9.97644754454806,-43.4175380457228,19.2000000000135));
#4323=CARTESIAN_POINT('Ctrl Pts',(-9.84538812587467,-43.6145388048154,19.2000000000062));
#4324=CARTESIAN_POINT('Ctrl Pts',(-9.58879410087481,-43.8666538069922,19.2000000000062));
#4325=CARTESIAN_POINT('Ctrl Pts',(-9.49045020154927,-43.94395300833,19.2000000000051));
#4326=CARTESIAN_POINT('Ctrl Pts',(-9.27858251460367,-44.0746284994654,19.2000000000051));
#4327=CARTESIAN_POINT('Ctrl Pts',(-9.16613013524733,-44.1275493862229,19.2000000000051));
#4328=CARTESIAN_POINT('Ctrl Pts',(-9.04861738132116,-44.167342379416,19.2000000000051));
#4329=CARTESIAN_POINT('',(-12.5992985592283,-42.6966020798709,19.1999999999984));
#4330=CARTESIAN_POINT('Ctrl Pts',(-12.5992985592258,-42.6966020798651,19.2000000000051));
#4331=CARTESIAN_POINT('Ctrl Pts',(-12.4068495498934,-42.7916850074282,19.2000000000051));
#4332=CARTESIAN_POINT('Ctrl Pts',(-12.1984738470514,-42.8477203130313,19.2000000000051));
#4333=CARTESIAN_POINT('Ctrl Pts',(-11.7627993193358,-42.8785867723002,19.2000000000051));
#4334=CARTESIAN_POINT('Ctrl Pts',(-11.5411270056744,-42.8502338923801,19.2000000000051));
#4335=CARTESIAN_POINT('Ctrl Pts',(-11.0977764190242,-42.7083359607513,19.2000000000051));
#4336=CARTESIAN_POINT('Ctrl Pts',(-10.8834305031695,-42.5888808191855,19.2000000000056));
#4337=CARTESIAN_POINT('Ctrl Pts',(-10.5527565758586,-42.3189711265345,19.2000000000056));
#4338=CARTESIAN_POINT('Ctrl Pts',(-10.4266614245883,-42.1846872686618,19.200000000006));
#4339=CARTESIAN_POINT('Ctrl Pts',(-10.2069871172519,-41.8852001520582,19.200000000006));
#4340=CARTESIAN_POINT('Ctrl Pts',(-10.1148085721129,-41.7199341348526,19.2000000000051));
#4341=CARTESIAN_POINT('Ctrl Pts',(-10.0428024229835,-41.5460959130501,19.2000000000051));
#4342=CARTESIAN_POINT('',(-15.8531225723463,-40.8180059100818,19.1999999999239));
#4343=CARTESIAN_POINT('Origin',(0.269498154343306,-16.6499999999995,19.2000000000041));
#4344=CARTESIAN_POINT('',(-16.1350030728096,-38.0287622280298,19.1999999999193));
#4345=CARTESIAN_POINT('Ctrl Pts',(-16.135003072749,-38.0287622279508,19.2000000000051));
#4346=CARTESIAN_POINT('Ctrl Pts',(-16.3195206540361,-38.2692302216194,19.2000000000051));
#4347=CARTESIAN_POINT('Ctrl Pts',(-16.4581972030096,-38.5433816546754,19.2000000000085));
#4348=CARTESIAN_POINT('Ctrl Pts',(-16.6035071541273,-39.0920546850944,19.2000000000085));
#4349=CARTESIAN_POINT('Ctrl Pts',(-16.6233080817752,-39.358621393827,19.2000000000135));
#4350=CARTESIAN_POINT('Ctrl Pts',(-16.5552740477109,-39.8536104225794,19.2000000000135));
#4351=CARTESIAN_POINT('Ctrl Pts',(-16.4796679187886,-40.0778192171782,19.2000000000062));
#4352=CARTESIAN_POINT('Ctrl Pts',(-16.2970692872892,-40.3877550295052,19.2000000000062));
#4353=CARTESIAN_POINT('Ctrl Pts',(-16.2220828805501,-40.487873598544,19.2000000000051));
#4354=CARTESIAN_POINT('Ctrl Pts',(-16.0512557158072,-40.6689318227181,19.2000000000051));
#4355=CARTESIAN_POINT('Ctrl Pts',(-15.9563319917358,-40.7491542914317,19.2000000000051));
#4356=CARTESIAN_POINT('Ctrl Pts',(-15.8531225723002,-40.8180059100209,19.2000000000051));
#4357=CARTESIAN_POINT('',(-18.9021616230372,-38.4783959589967,19.1999999999983));
#4358=CARTESIAN_POINT('Ctrl Pts',(-18.9021616230332,-38.4783959589917,19.2000000000051));
#4359=CARTESIAN_POINT('Ctrl Pts',(-18.7408794271928,-38.6200484831905,19.2000000000051));
#4360=CARTESIAN_POINT('Ctrl Pts',(-18.5541069585348,-38.7281060324886,19.2000000000051));
#4361=CARTESIAN_POINT('Ctrl Pts',(-18.1412665078716,-38.8706816079014,19.2000000000051));
#4362=CARTESIAN_POINT('Ctrl Pts',(-17.919809229826,-38.9006678454844,19.2000000000051));
#4363=CARTESIAN_POINT('Ctrl Pts',(-17.454839560914,-38.8783525441096,19.2000000000051));
#4364=CARTESIAN_POINT('Ctrl Pts',(-17.2168800393577,-38.8184445430513,19.2000000000056));
#4365=CARTESIAN_POINT('Ctrl Pts',(-16.8276157839718,-38.6433165102609,19.2000000000056));
#4366=CARTESIAN_POINT('Ctrl Pts',(-16.6710620009227,-38.5462440905317,19.200000000006));
#4367=CARTESIAN_POINT('Ctrl Pts',(-16.3813599445545,-38.3138176444218,19.200000000006));
#4368=CARTESIAN_POINT('Ctrl Pts',(-16.2495483144139,-38.1780404932268,19.2000000000051));
#4369=CARTESIAN_POINT('Ctrl Pts',(-16.1350030727489,-38.0287622279508,19.2000000000051));
#4370=CARTESIAN_POINT('',(-21.5588978047093,-35.8216597774228,19.1999999999239));
#4371=CARTESIAN_POINT('Origin',(0.269498154343211,-16.6499999999994,19.2000000000041));
#4372=CARTESIAN_POINT('',(-21.1092640736081,-33.0545012270916,19.2000000000051));
#4373=CARTESIAN_POINT('Ctrl Pts',(-21.1092640736081,-33.0545012270916,19.2000000000051));
#4374=CARTESIAN_POINT('Ctrl Pts',(-21.3497320672768,-33.2390188083787,19.2000000000051));
#4375=CARTESIAN_POINT('Ctrl Pts',(-21.554638939548,-33.4679366258982,19.2000000000085));
#4376=CARTESIAN_POINT('Ctrl Pts',(-21.8370046039559,-33.960305093376,19.2000000000085));
#4377=CARTESIAN_POINT('Ctrl Pts',(-21.9251233723658,-34.2126639045837,19.2000000000134));
#4378=CARTESIAN_POINT('Ctrl Pts',(-21.9875201295543,-34.7083950949164,19.2000000000134));
#4379=CARTESIAN_POINT('Ctrl Pts',(-21.9725197231243,-34.9445324661922,19.2000000000062));
#4380=CARTESIAN_POINT('Ctrl Pts',(-21.8763602801035,-35.2911674752523,19.2000000000062));
#4381=CARTESIAN_POINT('Ctrl Pts',(-21.8298415656493,-35.4072824969659,19.2000000000051));
#4382=CARTESIAN_POINT('Ctrl Pts',(-21.711696512081,-35.626384635414,19.2000000000051));
#4383=CARTESIAN_POINT('Ctrl Pts',(-21.6407703382212,-35.7284416574149,19.2000000000051));
#4384=CARTESIAN_POINT('Ctrl Pts',(-21.558897804649,-35.8216597773759,19.2000000000051));
#4385=CARTESIAN_POINT('',(-23.8985077556833,-32.7726207266467,19.1999999999983));
#4386=CARTESIAN_POINT('Ctrl Pts',(-23.8985077556782,-32.7726207266429,19.2000000000051));
#4387=CARTESIAN_POINT('Ctrl Pts',(-23.7793834884448,-32.951189462045,19.2000000000051));
#4388=CARTESIAN_POINT('Ctrl Pts',(-23.6269424890537,-33.103905311627,19.2000000000051));
#4389=CARTESIAN_POINT('Ctrl Pts',(-23.2650705099047,-33.3484737133366,19.2000000000051));
#4390=CARTESIAN_POINT('Ctrl Pts',(-23.0589202149982,-33.4347555558861,19.2000000000051));
#4391=CARTESIAN_POINT('Ctrl Pts',(-22.604018378362,-33.5335436356762,19.2000000000051));
#4392=CARTESIAN_POINT('Ctrl Pts',(-22.3586617992514,-33.5372654063949,19.2000000000056));
#4393=CARTESIAN_POINT('Ctrl Pts',(-21.9373349315055,-33.468853719487,19.2000000000056));
#4394=CARTESIAN_POINT('Ctrl Pts',(-21.760991398275,-33.4156080628861,19.200000000006));
#4395=CARTESIAN_POINT('Ctrl Pts',(-21.4210043092612,-33.2660817654694,19.200000000006));
#4396=CARTESIAN_POINT('Ctrl Pts',(-21.2585423388841,-33.1690464687566,19.2000000000051));
#4397=CARTESIAN_POINT('Ctrl Pts',(-21.1092640736081,-33.0545012270916,19.2000000000051));
#4398=CARTESIAN_POINT('',(-25.7771039255928,-29.5187967135982,19.1999999999238));
#4399=CARTESIAN_POINT('Origin',(0.26949815434314,-16.6499999999993,19.2000000000041));
#4400=CARTESIAN_POINT('',(-24.6265977587074,-26.9623005773262,19.2000000000051));
#4401=CARTESIAN_POINT('Ctrl Pts',(-24.6265977587074,-26.9623005773262,19.2000000000051));
#4402=CARTESIAN_POINT('Ctrl Pts',(-24.9066286683812,-27.0782931779967,19.2000000000051));
#4403=CARTESIAN_POINT('Ctrl Pts',(-25.1638017992295,-27.2463770090203,19.2000000000085));
#4404=CARTESIAN_POINT('Ctrl Pts',(-25.5639804235296,-27.6488868161758,19.2000000000085));
#4405=CARTESIAN_POINT('Ctrl Pts',(-25.7144118842574,-27.8698398939174,19.2000000000134));
#4406=CARTESIAN_POINT('Ctrl Pts',(-25.902987196812,-28.3325299844438,19.2000000000134));
#4407=CARTESIAN_POINT('Ctrl Pts',(-25.9496147657829,-28.5645035607794,19.2000000000062));
#4408=CARTESIAN_POINT('Ctrl Pts',(-25.9464476183716,-28.9242151635468,19.2000000000062));
#4409=CARTESIAN_POINT('Ctrl Pts',(-25.9315667697165,-29.0484135910945,19.200000000005));
#4410=CARTESIAN_POINT('Ctrl Pts',(-25.8741552174797,-29.2906281951648,19.200000000005));
#4411=CARTESIAN_POINT('Ctrl Pts',(-25.8320600953689,-29.4075647530608,19.2000000000051));
#4412=CARTESIAN_POINT('Ctrl Pts',(-25.7771039255224,-29.5187967135685,19.2000000000051));
#4413=CARTESIAN_POINT('',(-27.2478442250793,-25.9681155356662,19.1999999999983));
#4414=CARTESIAN_POINT('Ctrl Pts',(-27.2478442250734,-25.9681155356638,19.200000000005));
#4415=CARTESIAN_POINT('Ctrl Pts',(-27.1789960083968,-26.1714313180504,19.200000000005));
#4416=CARTESIAN_POINT('Ctrl Pts',(-27.0712750804605,-26.3583981351422,19.200000000005));
#4417=CARTESIAN_POINT('Ctrl Pts',(-26.7850325501828,-26.6882924307405,19.200000000005));
#4418=CARTESIAN_POINT('Ctrl Pts',(-26.6082380403338,-26.8249899132741,19.200000000005));
#4419=CARTESIAN_POINT('Ctrl Pts',(-26.1944048443794,-27.0381491298465,19.200000000005));
#4420=CARTESIAN_POINT('Ctrl Pts',(-25.9583718531101,-27.1052470398182,19.2000000000056));
#4421=CARTESIAN_POINT('Ctrl Pts',(-25.5336951027655,-27.1482138421998,19.2000000000056));
#4422=CARTESIAN_POINT('Ctrl Pts',(-25.3495793397218,-27.1424235522321,19.200000000006));
#4423=CARTESIAN_POINT('Ctrl Pts',(-24.9824767763233,-27.0859873735737,19.200000000006));
#4424=CARTESIAN_POINT('Ctrl Pts',(-24.8004359805099,-27.0343067264556,19.2000000000051));
#4425=CARTESIAN_POINT('Ctrl Pts',(-24.6265977587074,-26.9623005773262,19.2000000000051));
#4426=CARTESIAN_POINT('',(-28.2202771587737,-22.3389464204339,19.1999999999238));
#4427=CARTESIAN_POINT('Origin',(0.269498154343105,-16.6499999999991,19.2000000000041));
#4428=CARTESIAN_POINT('',(-26.447303650076,-20.1673336850983,19.2000000000051));
#4429=CARTESIAN_POINT('Ctrl Pts',(-26.447303650076,-20.1673336850983,19.200000000005));
#4430=CARTESIAN_POINT('Ctrl Pts',(-26.7478138320337,-20.2068966011035,19.200000000005));
#4431=CARTESIAN_POINT('Ctrl Pts',(-27.0397272975904,-20.3026918103186,19.2000000000085));
#4432=CARTESIAN_POINT('Ctrl Pts',(-27.5304473698631,-20.5879125789729,19.2000000000085));
#4433=CARTESIAN_POINT('Ctrl Pts',(-27.73293986746,-20.7624023361426,19.2000000000134));
#4434=CARTESIAN_POINT('Ctrl Pts',(-28.0348426394654,-21.1605197618248,19.2000000000134));
#4435=CARTESIAN_POINT('Ctrl Pts',(-28.1399205920677,-21.3725209273475,19.2000000000062));
#4436=CARTESIAN_POINT('Ctrl Pts',(-28.2299615761281,-21.7207953725451,19.2000000000062));
#4437=CARTESIAN_POINT('Ctrl Pts',(-28.2477326985161,-21.8446132883371,19.200000000005));
#4438=CARTESIAN_POINT('Ctrl Pts',(-28.2549671500186,-22.0934338330408,19.200000000005));
#4439=CARTESIAN_POINT('Ctrl Pts',(-28.2445717926632,-22.2172808936581,19.200000000005));
#4440=CARTESIAN_POINT('Ctrl Pts',(-28.220277158698,-22.3389464204234,19.200000000005));
#4441=CARTESIAN_POINT('',(-28.721919285876,-18.528596169844,19.1999999999983));
#4442=CARTESIAN_POINT('Ctrl Pts',(-28.7219192858696,-18.5285961698432,19.200000000005));
#4443=CARTESIAN_POINT('Ctrl Pts',(-28.7080390119393,-18.7428033646399,19.200000000005));
#4444=CARTESIAN_POINT('Ctrl Pts',(-28.6523791586794,-18.9512796696339,19.200000000005));
#4445=CARTESIAN_POINT('Ctrl Pts',(-28.4612730326734,-19.3440181080519,19.200000000005));
#4446=CARTESIAN_POINT('Ctrl Pts',(-28.3258825615614,-19.5218155230383,19.200000000005));
#4447=CARTESIAN_POINT('Ctrl Pts',(-27.9813200547013,-19.8348194280458,19.200000000005));
#4448=CARTESIAN_POINT('Ctrl Pts',(-27.7706959095653,-19.9607208655905,19.2000000000056));
#4449=CARTESIAN_POINT('Ctrl Pts',(-27.3716102953465,-20.1121380406854,19.2000000000056));
#4450=CARTESIAN_POINT('Ctrl Pts',(-27.1922694874753,-20.1541977160431,19.200000000006));
#4451=CARTESIAN_POINT('Ctrl Pts',(-26.8230688827222,-20.1946976884534,19.200000000006));
#4452=CARTESIAN_POINT('Ctrl Pts',(-26.6338550408705,-20.1918936416248,19.200000000005));
#4453=CARTESIAN_POINT('Ctrl Pts',(-26.447303650076,-20.1673336850984,19.200000000005));
#4454=CARTESIAN_POINT('',(-28.7219192859454,-14.7714038301454,19.1999999999238));
#4455=CARTESIAN_POINT('Origin',(0.269498154343104,-16.649999999999,19.2000000000041));
#4456=CARTESIAN_POINT('',(-26.4473036501748,-13.1326663148868,19.1999999999193));
#4457=CARTESIAN_POINT('Ctrl Pts',(-26.447303650076,-13.1326663148998,19.200000000005));
#4458=CARTESIAN_POINT('Ctrl Pts',(-26.7478138320337,-13.0931033988946,19.200000000005));
#4459=CARTESIAN_POINT('Ctrl Pts',(-27.0545742120309,-13.1100817011023,19.2000000000085));
#4460=CARTESIAN_POINT('Ctrl Pts',(-27.602393970304,-13.2585761072212,19.2000000000085));
#4461=CARTESIAN_POINT('Ctrl Pts',(-27.8431479756935,-13.3747113552259,19.2000000000134));
#4462=CARTESIAN_POINT('Ctrl Pts',(-28.2378040321555,-13.6811250714238,19.2000000000134));
#4463=CARTESIAN_POINT('Ctrl Pts',(-28.3941714795689,-13.8587062970517,19.2000000000062));
#4464=CARTESIAN_POINT('Ctrl Pts',(-28.5712844508369,-14.1718092567899,19.2000000000062));
#4465=CARTESIAN_POINT('Ctrl Pts',(-28.6204964716456,-14.2868086744839,19.200000000005));
#4466=CARTESIAN_POINT('Ctrl Pts',(-28.6918839109729,-14.5252784508947,19.200000000005));
#4467=CARTESIAN_POINT('Ctrl Pts',(-28.7138967447976,-14.6475960417192,19.200000000005));
#4468=CARTESIAN_POINT('Ctrl Pts',(-28.7219192858696,-14.7714038301549,19.200000000005));
#4469=CARTESIAN_POINT('',(-28.2202771587043,-10.9610535795738,19.1999999999983));
#4470=CARTESIAN_POINT('Ctrl Pts',(-28.220277158698,-10.9610535795747,19.200000000005));
#4471=CARTESIAN_POINT('Ctrl Pts',(-28.2623107452441,-11.1715543204501,19.200000000005));
#4472=CARTESIAN_POINT('Ctrl Pts',(-28.2625050936779,-11.3873327976845,19.200000000005));
#4473=CARTESIAN_POINT('Ctrl Pts',(-28.1795589386131,-11.816150903375,19.200000000005));
#4474=CARTESIAN_POINT('Ctrl Pts',(-28.0947991431011,-12.0229316508069,19.200000000005));
#4475=CARTESIAN_POINT('Ctrl Pts',(-27.8429886907614,-12.4144495453866,19.200000000005));
#4476=CARTESIAN_POINT('Ctrl Pts',(-27.6721270791768,-12.5905745355976,19.2000000000056));
#4477=CARTESIAN_POINT('Ctrl Pts',(-27.3258296261726,-12.8401232531518,19.2000000000056));
#4478=CARTESIAN_POINT('Ctrl Pts',(-27.1634855531557,-12.9271665964663,19.200000000006));
#4479=CARTESIAN_POINT('Ctrl Pts',(-26.817347318129,-13.0618427137548,19.200000000006));
#4480=CARTESIAN_POINT('Ctrl Pts',(-26.6338550408705,-13.1081063583733,19.200000000005));
#4481=CARTESIAN_POINT('Ctrl Pts',(-26.447303650076,-13.1326663148998,19.200000000005));
#4482=CARTESIAN_POINT('',(-27.2478442251441,-7.33188446430551,19.1999999999238));
#4483=CARTESIAN_POINT('Origin',(0.269498154343139,-16.6499999999989,19.2000000000041));
#4484=CARTESIAN_POINT('',(-24.6265977587994,-6.33769942263382,19.1999999999193));
#4485=CARTESIAN_POINT('Ctrl Pts',(-24.6265977587074,-6.33769942267193,19.2000000000051));
#4486=CARTESIAN_POINT('Ctrl Pts',(-24.9066286683812,-6.22170682200136,19.2000000000051));
#4487=CARTESIAN_POINT('Ctrl Pts',(-25.2073307498676,-6.15871117396417,19.2000000000085));
#4488=CARTESIAN_POINT('Ctrl Pts',(-25.7749171829298,-6.16035956916934,19.2000000000085));
#4489=CARTESIAN_POINT('Ctrl Pts',(-26.0375257085094,-6.21022588278003,19.2000000000134));
#4490=CARTESIAN_POINT('Ctrl Pts',(-26.4980398913801,-6.40405430110737,19.2000000000134));
#4491=CARTESIAN_POINT('Ctrl Pts',(-26.6950406504727,-6.53511371978076,19.2000000000062));
#4492=CARTESIAN_POINT('Ctrl Pts',(-26.9471556526495,-6.79170774478062,19.2000000000062));
#4493=CARTESIAN_POINT('Ctrl Pts',(-27.0244548539873,-6.89005164410616,19.200000000005));
#4494=CARTESIAN_POINT('Ctrl Pts',(-27.1551303451227,-7.10191933105176,19.200000000005));
#4495=CARTESIAN_POINT('Ctrl Pts',(-27.2080512318802,-7.21437171040811,19.200000000005));
#4496=CARTESIAN_POINT('Ctrl Pts',(-27.2478442250734,-7.33188446433426,19.200000000005));
#4497=CARTESIAN_POINT('',(-25.7771039255282,-3.78120328642713,19.1999999999983));
#4498=CARTESIAN_POINT('Ctrl Pts',(-25.7771039255224,-3.7812032864296,19.200000000005));
#4499=CARTESIAN_POINT('Ctrl Pts',(-25.8721868530856,-3.97365229576204,19.200000000005));
#4500=CARTESIAN_POINT('Ctrl Pts',(-25.9282221586886,-4.18202799860399,19.2000000000051));
#4501=CARTESIAN_POINT('Ctrl Pts',(-25.9590886179575,-4.61770252631962,19.2000000000051));
#4502=CARTESIAN_POINT('Ctrl Pts',(-25.9307357380374,-4.83937483998104,19.200000000005));
#4503=CARTESIAN_POINT('Ctrl Pts',(-25.7888378064086,-5.28272542663124,19.200000000005));
#4504=CARTESIAN_POINT('Ctrl Pts',(-25.6693826648428,-5.49707134248594,19.2000000000056));
#4505=CARTESIAN_POINT('Ctrl Pts',(-25.3994729721919,-5.82774526979687,19.2000000000056));
#4506=CARTESIAN_POINT('Ctrl Pts',(-25.2651891143191,-5.95384042106716,19.200000000006));
#4507=CARTESIAN_POINT('Ctrl Pts',(-24.9657019977155,-6.17351472840352,19.200000000006));
#4508=CARTESIAN_POINT('Ctrl Pts',(-24.8004359805099,-6.2656932735425,19.2000000000051));
#4509=CARTESIAN_POINT('Ctrl Pts',(-24.6265977587074,-6.33769942267194,19.2000000000051));
#4510=CARTESIAN_POINT('',(-23.8985077557391,-0.527379273309126,19.1999999999239));
#4511=CARTESIAN_POINT('Origin',(0.269498154343206,-16.6499999999988,19.2000000000041));
#4512=CARTESIAN_POINT('',(-21.1092640736081,-0.245498772906517,19.2000000000051));
#4513=CARTESIAN_POINT('Ctrl Pts',(-21.1092640736081,-0.245498772906486,
19.2000000000051));
#4514=CARTESIAN_POINT('Ctrl Pts',(-21.3497320672767,-0.0609811916193761,
19.2000000000051));
#4515=CARTESIAN_POINT('Ctrl Pts',(-21.6238835003327,0.0776953573541919,
19.2000000000085));
#4516=CARTESIAN_POINT('Ctrl Pts',(-22.1725565307517,0.223005308471892,19.2000000000085));
#4517=CARTESIAN_POINT('Ctrl Pts',(-22.4391232394843,0.242806236119794,19.2000000000134));
#4518=CARTESIAN_POINT('Ctrl Pts',(-22.9341122682367,0.174772202055417,19.2000000000134));
#4519=CARTESIAN_POINT('Ctrl Pts',(-23.1583210628355,0.0991660731331825,
19.2000000000062));
#4520=CARTESIAN_POINT('Ctrl Pts',(-23.4682568751625,-0.0834325583662329,
19.2000000000062));
#4521=CARTESIAN_POINT('Ctrl Pts',(-23.5683754442013,-0.158418965105294,
19.2000000000051));
#4522=CARTESIAN_POINT('Ctrl Pts',(-23.7494336683754,-0.329246129848207,
19.2000000000051));
#4523=CARTESIAN_POINT('Ctrl Pts',(-23.829656137089,-0.424169853919614,19.2000000000051));
#4524=CARTESIAN_POINT('Ctrl Pts',(-23.8985077556782,-0.527379273355219,
19.2000000000051));
#4525=CARTESIAN_POINT('',(-21.558897804654,2.52165977738171,19.1999999999983));
#4526=CARTESIAN_POINT('Ctrl Pts',(-21.558897804649,2.5216597773778,19.2000000000051));
#4527=CARTESIAN_POINT('Ctrl Pts',(-21.7005503288478,2.36037758153731,19.2000000000051));
#4528=CARTESIAN_POINT('Ctrl Pts',(-21.8086078781459,2.17360511287934,19.2000000000051));
#4529=CARTESIAN_POINT('Ctrl Pts',(-21.9511834535587,1.7607646622162,19.2000000000051));
#4530=CARTESIAN_POINT('Ctrl Pts',(-21.9811696911417,1.53930738417057,19.2000000000051));
#4531=CARTESIAN_POINT('Ctrl Pts',(-21.9588543897669,1.07433771525854,19.2000000000051));
#4532=CARTESIAN_POINT('Ctrl Pts',(-21.8989463887087,0.836378193702253,19.2000000000056));
#4533=CARTESIAN_POINT('Ctrl Pts',(-21.7238183559182,0.447113938316351,19.2000000000056));
#4534=CARTESIAN_POINT('Ctrl Pts',(-21.626745936189,0.290560155267229,19.200000000006));
#4535=CARTESIAN_POINT('Ctrl Pts',(-21.3943194900791,0.000858098899024773,
19.200000000006));
#4536=CARTESIAN_POINT('Ctrl Pts',(-21.2585423388841,-0.130953531241499,
19.2000000000051));
#4537=CARTESIAN_POINT('Ctrl Pts',(-21.1092640736081,-0.245498772906499,
19.2000000000051));
#4538=CARTESIAN_POINT('',(-18.9021616230801,5.17839595905386,19.1999999999239));
#4539=CARTESIAN_POINT('Origin',(0.269498154343304,-16.6499999999987,19.2000000000041));
#4540=CARTESIAN_POINT('',(-16.1350030728095,4.72876222803166,19.1999999999193));
#4541=CARTESIAN_POINT('Ctrl Pts',(-16.1350030727489,4.72876222795266,19.2000000000051));
#4542=CARTESIAN_POINT('Ctrl Pts',(-16.319520654036,4.96923022162131,19.2000000000051));
#4543=CARTESIAN_POINT('Ctrl Pts',(-16.5484384715555,5.17413709389256,19.2000000000085));
#4544=CARTESIAN_POINT('Ctrl Pts',(-17.0408069390334,5.45650275830051,19.2000000000085));
#4545=CARTESIAN_POINT('Ctrl Pts',(-17.293165750241,5.54462152671037,19.2000000000135));
#4546=CARTESIAN_POINT('Ctrl Pts',(-17.7888969405737,5.60701828389889,19.2000000000135));
#4547=CARTESIAN_POINT('Ctrl Pts',(-18.0250343118495,5.59201787746882,19.2000000000062));
#4548=CARTESIAN_POINT('Ctrl Pts',(-18.3716693209096,5.49585843444803,19.2000000000062));
#4549=CARTESIAN_POINT('Ctrl Pts',(-18.4877843426232,5.44933971999382,19.2000000000051));
#4550=CARTESIAN_POINT('Ctrl Pts',(-18.7068864810713,5.33119466642558,19.2000000000051));
#4551=CARTESIAN_POINT('Ctrl Pts',(-18.8089435030722,5.26026849256571,19.2000000000051));
#4552=CARTESIAN_POINT('Ctrl Pts',(-18.9021616230332,5.17839595899357,19.2000000000051));
#4553=CARTESIAN_POINT('',(-15.853122572304,7.51800591002786,19.1999999999983));
#4554=CARTESIAN_POINT('Ctrl Pts',(-15.8531225723002,7.51800591002278,19.2000000000051));
#4555=CARTESIAN_POINT('Ctrl Pts',(-16.0316913077023,7.39888164278934,19.2000000000051));
#4556=CARTESIAN_POINT('Ctrl Pts',(-16.1844071572843,7.24644064339828,19.2000000000051));
#4557=CARTESIAN_POINT('Ctrl Pts',(-16.4289755589939,6.88456866424923,19.2000000000051));
#4558=CARTESIAN_POINT('Ctrl Pts',(-16.5152574015434,6.67841836934273,19.2000000000051));
#4559=CARTESIAN_POINT('Ctrl Pts',(-16.6140454813335,6.22351653270653,19.2000000000051));
#4560=CARTESIAN_POINT('Ctrl Pts',(-16.6177672520522,5.97815995359601,19.2000000000056));
#4561=CARTESIAN_POINT('Ctrl Pts',(-16.5493555651442,5.55683308585009,19.2000000000056));
#4562=CARTESIAN_POINT('Ctrl Pts',(-16.4961099085434,5.38048955261958,19.200000000006));
#4563=CARTESIAN_POINT('Ctrl Pts',(-16.3465836111267,5.04050246360573,19.200000000006));
#4564=CARTESIAN_POINT('Ctrl Pts',(-16.2495483144139,4.87804049322872,19.2000000000051));
#4565=CARTESIAN_POINT('Ctrl Pts',(-16.1350030727489,4.72876222795266,19.2000000000051));
#4566=CARTESIAN_POINT('',(-12.5992985592555,9.39660207993732,19.1999999999239));
#4567=CARTESIAN_POINT('Origin',(0.269498154343422,-16.6499999999986,19.2000000000041));
#4568=CARTESIAN_POINT('Ctrl Pts',(-10.0428024229835,8.24609591305196,19.2000000000051));
#4569=CARTESIAN_POINT('Ctrl Pts',(-10.158795023654,8.52612682272578,19.2000000000051));
#4570=CARTESIAN_POINT('Ctrl Pts',(-10.3268788546776,8.78329995357403,19.2000000000086));
#4571=CARTESIAN_POINT('Ctrl Pts',(-10.729388661833,9.18347857787415,19.2000000000086));
#4572=CARTESIAN_POINT('Ctrl Pts',(-10.9503417395747,9.33391003860199,19.2000000000135));
#4573=CARTESIAN_POINT('Ctrl Pts',(-11.4130318301011,9.52248535115653,19.2000000000135));
#4574=CARTESIAN_POINT('Ctrl Pts',(-11.6450054064367,9.5691129201275,19.2000000000062));
#4575=CARTESIAN_POINT('Ctrl Pts',(-12.0047170092041,9.5659457727162,19.2000000000062));
#4576=CARTESIAN_POINT('Ctrl Pts',(-12.1289154367518,9.55106492406108,19.2000000000051));
#4577=CARTESIAN_POINT('Ctrl Pts',(-12.3711300408221,9.49365337182427,19.2000000000051));
#4578=CARTESIAN_POINT('Ctrl Pts',(-12.4880665987181,9.45155824971344,19.2000000000051));
#4579=CARTESIAN_POINT('Ctrl Pts',(-12.5992985592258,9.39660207986695,19.2000000000051));
#4580=CARTESIAN_POINT('Ctrl Pts',(22.0990663621529,2.52257177688802,19.1968392544152));
#4581=CARTESIAN_POINT('Ctrl Pts',(21.267305370059,1.87546927781751,21.4403774131183));
#4582=CARTESIAN_POINT('Ctrl Pts',(18.9328277795082,0.0586271011317234,24.6019359855128));
#4583=CARTESIAN_POINT('Ctrl Pts',(14.4917078797512,-3.4243245853143,26.3511142486884));
#4584=CARTESIAN_POINT('Ctrl Pts',(11.870234515992,-5.50538837451275,25.9810472653226));
#4585=CARTESIAN_POINT('Ctrl Pts',(10.6480136854453,-6.48662125269125,25.4689677963384));
#4586=CARTESIAN_POINT('Ctrl Pts',(22.4654940799215,2.09517206671251,19.2111821683354));
#4587=CARTESIAN_POINT('Ctrl Pts',(21.6284585100338,1.44555128415804,21.4613852949824));
#4588=CARTESIAN_POINT('Ctrl Pts',(19.2827229292355,-0.375603474200366,24.6256837754971));
#4589=CARTESIAN_POINT('Ctrl Pts',(14.8220399149788,-3.85992026915265,26.3589665624906));
#4590=CARTESIAN_POINT('Ctrl Pts',(12.1975026469275,-5.93003541582349,25.9711727629717));
#4591=CARTESIAN_POINT('Ctrl Pts',(10.9750166381577,-6.9026790788337,25.450101737561));
#4592=CARTESIAN_POINT('Ctrl Pts',(22.7639631978333,1.06200999343719,19.0269003783383));
#4593=CARTESIAN_POINT('Ctrl Pts',(21.9544962811509,0.438621779392563,21.1932020005303));
#4594=CARTESIAN_POINT('Ctrl Pts',(19.6817515279485,-1.31175862211389,24.2402800945785));
#4595=CARTESIAN_POINT('Ctrl Pts',(15.3660633713764,-4.64202259947633,25.8959066403644));
#4596=CARTESIAN_POINT('Ctrl Pts',(12.8224994734366,-6.61054271996443,25.5126005091378));
#4597=CARTESIAN_POINT('Ctrl Pts',(11.6381812675151,-7.52957838587507,25.0067740636711));
#4598=CARTESIAN_POINT('Ctrl Pts',(22.2726659789903,0.233624492882611,18.6067652631413));
#4599=CARTESIAN_POINT('Ctrl Pts',(21.5330385386718,-0.333885202900425,20.588313953212));
#4600=CARTESIAN_POINT('Ctrl Pts',(19.4565581975327,-1.92738933347111,23.3792043923812));
#4601=CARTESIAN_POINT('Ctrl Pts',(15.4991218843695,-4.96389010537305,24.9142032794993));
#4602=CARTESIAN_POINT('Ctrl Pts',(13.1548747218154,-6.76280205772731,24.5796249282634));
#4603=CARTESIAN_POINT('Ctrl Pts',(12.0581524747243,-7.60424738801623,24.1239648722637));
#4604=CARTESIAN_POINT('Ctrl Pts',(21.9693949379231,0.000916438399300445,
18.4271323516));
#4605=CARTESIAN_POINT('Ctrl Pts',(21.2600515318133,-0.543381900853709,20.3298233334396));
#4606=CARTESIAN_POINT('Ctrl Pts',(19.2688818491108,-2.07126013603682,23.0110654424349));
#4607=CARTESIAN_POINT('Ctrl Pts',(15.4683829358962,-4.98748551993111,24.4945016363161));
#4608=CARTESIAN_POINT('Ctrl Pts',(13.2128985688667,-6.71817954571749,24.1806566904679));
#4609=CARTESIAN_POINT('Ctrl Pts',(12.1557875708564,-7.52932934378011,23.7463743566276));
#4610=CARTESIAN_POINT('',(10.6480136854449,-6.48662125269167,25.4689677963384));
#4611=CARTESIAN_POINT('Ctrl Pts',(22.0978941020933,2.52165976895166,19.1999999879651));
#4612=CARTESIAN_POINT('Ctrl Pts',(21.2659896678616,1.87444531135343,21.4421590129219));
#4613=CARTESIAN_POINT('Ctrl Pts',(18.9319338970802,0.0579260731521568,24.6022880498003));
#4614=CARTESIAN_POINT('Ctrl Pts',(14.4917078797512,-3.4243245853143,26.3511142486884));
#4615=CARTESIAN_POINT('Ctrl Pts',(11.870234515992,-5.50538837451275,25.9810472653226));
#4616=CARTESIAN_POINT('Ctrl Pts',(10.6480136854453,-6.48662125269125,25.4689677963384));
#4617=CARTESIAN_POINT('',(12.1557875708556,-7.52932934378072,23.7463743566272));
#4618=CARTESIAN_POINT('Origin',(11.0520717705763,-6.09093890844929,23.7463743566276));
#4619=CARTESIAN_POINT('Ctrl Pts',(21.6475642947819,-0.246032899641608,19.1994912923593));
#4620=CARTESIAN_POINT('Ctrl Pts',(20.9245062984092,-0.800854814132371,20.7635821370193));
#4621=CARTESIAN_POINT('Ctrl Pts',(19.0438248435656,-2.24395245022533,23.0985957118057));
#4622=CARTESIAN_POINT('Ctrl Pts',(15.4688771043052,-4.98710633117421,24.494491429158));
#4623=CARTESIAN_POINT('Ctrl Pts',(13.2130540115234,-6.71806027037187,24.1807205494194));
#4624=CARTESIAN_POINT('Ctrl Pts',(12.1557875708556,-7.52932934378072,23.7463743566272));
#4625=CARTESIAN_POINT('Ctrl Pts',(10.6480136854451,-6.48662125269148,25.4689677963382));
#4626=CARTESIAN_POINT('Ctrl Pts',(8.24386445540655,-8.34852917414278,24.4773582928977));
#4627=CARTESIAN_POINT('Ctrl Pts',(5.82669897792371,-10.2112628771182,23.4793307766219));
#4628=CARTESIAN_POINT('Ctrl Pts',(3.47743305636016,-12.1143072922734,22.5238816172847));
#4629=CARTESIAN_POINT('Ctrl Pts',(10.9750166381574,-6.90267907883393,25.4501017375608));
#4630=CARTESIAN_POINT('Ctrl Pts',(8.57016172436772,-8.76165530689987,24.4546936215191));
#4631=CARTESIAN_POINT('Ctrl Pts',(6.1532069876754,-10.6233501634139,23.4551278148399));
#4632=CARTESIAN_POINT('Ctrl Pts',(3.7980796351244,-12.5089994283227,22.4788752336697));
#4633=CARTESIAN_POINT('Ctrl Pts',(11.638184429704,-7.52958818511619,25.0067846693693));
#4634=CARTESIAN_POINT('Ctrl Pts',(9.22886724374088,-9.3823815218034,24.0093713301982));
#4635=CARTESIAN_POINT('Ctrl Pts',(6.81134043705902,-11.2395217152662,23.0074463631534));
#4636=CARTESIAN_POINT('Ctrl Pts',(4.42669307721061,-13.0921911926066,22.0206439691283));
#4637=CARTESIAN_POINT('Ctrl Pts',(12.0581524747241,-7.60424738801636,24.1239648722637));
#4638=CARTESIAN_POINT('Ctrl Pts',(9.64513241708689,-9.45578359694292,23.1306316178201));
#4639=CARTESIAN_POINT('Ctrl Pts',(7.22779695108537,-11.310906816677,22.1313936929298));
#4640=CARTESIAN_POINT('Ctrl Pts',(4.81682074819163,-13.160716650693,21.1666311716876));
#4641=CARTESIAN_POINT('Ctrl Pts',(12.1557875708563,-7.52932934378021,23.7463743566275));
#4642=CARTESIAN_POINT('Ctrl Pts',(9.74205523560681,-9.38145130637463,22.7547648531869));
#4643=CARTESIAN_POINT('Ctrl Pts',(7.32505329796036,-11.2360821231282,21.7567373369111));
#4644=CARTESIAN_POINT('Ctrl Pts',(4.90770800294994,-13.0909764072536,20.801288177574));
#4645=CARTESIAN_POINT('Ctrl Pts',(12.1557875708556,-7.52932934378071,23.7463743566272));
#4646=CARTESIAN_POINT('Ctrl Pts',(10.0679549851114,-9.13137963320419,22.888650986317));
#4647=CARTESIAN_POINT('Ctrl Pts',(7.97788157983708,-10.7351493639282,22.0262061253951));
#4648=CARTESIAN_POINT('Ctrl Pts',(5.88686949932847,-12.3396393654925,21.1905170718945));
#4649=CARTESIAN_POINT('',(9.69155027490772,-7.22794787943497,25.0745721268257));
#4650=CARTESIAN_POINT('Ctrl Pts',(10.6480136854451,-6.48662125269148,25.4689677963382));
#4651=CARTESIAN_POINT('Ctrl Pts',(10.3292466295511,-6.73349232835145,25.3374899171539));
#4652=CARTESIAN_POINT('Ctrl Pts',(10.0102507453142,-6.98037792142271,25.2058992079662));
#4653=CARTESIAN_POINT('Ctrl Pts',(9.69121464476023,-7.22737006995529,25.0743098776711));
#4654=CARTESIAN_POINT('Ctrl Pts',(9.69155027491469,-7.22794787942599,25.0745721268294));
#4655=CARTESIAN_POINT('Ctrl Pts',(9.68382774100892,-7.23567041333177,25.0709866253759));
#4656=CARTESIAN_POINT('Ctrl Pts',(9.67610555663154,-7.24339259770974,25.067399584852));
#4657=CARTESIAN_POINT('Ctrl Pts',(7.84093630320245,-9.07856185122169,24.2145388052713));
#4658=CARTESIAN_POINT('Ctrl Pts',(5.91809555941918,-11.0014025949235,23.2256699632099));
#4659=CARTESIAN_POINT('Ctrl Pts',(4.13162203708123,-12.7878761172615,22.1763992966257));
#4660=CARTESIAN_POINT('Ctrl Pts',(4.80519086206933,-13.4420650979825,22.5238816172847));
#4661=CARTESIAN_POINT('Ctrl Pts',(6.70849885749452,-11.0924737924495,23.4794631106575));
#4662=CARTESIAN_POINT('Ctrl Pts',(8.57099216603019,-8.67560376072309,24.4773706411397));
#4663=CARTESIAN_POINT('Ctrl Pts',(10.4328769016507,-6.27148446889831,25.468967796338));
#4664=CARTESIAN_POINT('Ctrl Pts',(4.41049872602001,-13.1214185192183,22.4788752336697));
#4665=CARTESIAN_POINT('Ctrl Pts',(6.29640916189165,-10.7659649708631,23.4552630302436));
#4666=CARTESIAN_POINT('Ctrl Pts',(8.15786599676553,-8.34930648297424,24.4547060170642));
#4667=CARTESIAN_POINT('Ctrl Pts',(10.0168190755082,-5.94448151618596,25.4501017375606));
#4668=CARTESIAN_POINT('Ctrl Pts',(3.82729552553491,-12.4928010080229,22.0206558760961));
#4669=CARTESIAN_POINT('Ctrl Pts',(5.68022160598838,-10.1078233637156,23.0075949467218));
#4670=CARTESIAN_POINT('Ctrl Pts',(7.5371267469088,-7.69059672653444,24.0093977750866));
#4671=CARTESIAN_POINT('Ctrl Pts',(9.38989701126665,-5.28130954314022,25.0067986937418));
#4672=CARTESIAN_POINT('Ctrl Pts',(3.7587815036497,-12.102677406151,21.1666311716876));
#4673=CARTESIAN_POINT('Ctrl Pts',(5.60884754470514,-9.69136727213438,22.1315273169082));
#4674=CARTESIAN_POINT('Ctrl Pts',(7.46373761407397,-7.27433568857676,23.1306439875275));
#4675=CARTESIAN_POINT('Ctrl Pts',(9.31525076632582,-4.86134567961925,24.1239648722634));
#4676=CARTESIAN_POINT('Ctrl Pts',(3.82852174708907,-12.0117901513927,20.801288177574));
#4677=CARTESIAN_POINT('Ctrl Pts',(5.68367294247331,-9.59411004311131,21.7568696709467));
#4678=CARTESIAN_POINT('Ctrl Pts',(7.5380699119365,-7.17741286118704,22.7547772014289));
#4679=CARTESIAN_POINT('Ctrl Pts',(9.39016881056198,-4.76371058348706,23.7463743566272));
#4680=CARTESIAN_POINT('',(10.4328769016507,-6.27148446889831,25.468967796338));
#4681=CARTESIAN_POINT('Ctrl Pts',(9.69212845568453,-7.22828372300101,25.0743097039174));
#4682=CARTESIAN_POINT('Ctrl Pts',(9.93911778783122,-6.90925083974631,25.2058977590831));
#4683=CARTESIAN_POINT('Ctrl Pts',(10.1860026944293,-6.5902555683548,25.3374882493557));
#4684=CARTESIAN_POINT('Ctrl Pts',(10.4328769016507,-6.27148446889831,25.468967796338));
#4685=CARTESIAN_POINT('',(9.3901688105626,-4.76371058348626,23.7463743566275));
#4686=CARTESIAN_POINT('Origin',(10.8285592458928,-5.86742638376721,23.7463743566272));
#4687=CARTESIAN_POINT('Ctrl Pts',(4.57985871378248,-11.0326287528443,21.190517464471));
#4688=CARTESIAN_POINT('Ctrl Pts',(6.18420374669772,-8.94180559915745,22.0261324958628));
#4689=CARTESIAN_POINT('Ctrl Pts',(7.78812482369357,-6.85153495558166,22.8886543606485));
#4690=CARTESIAN_POINT('Ctrl Pts',(9.3901688105625,-4.76371058348639,23.7463743566275));
#4691=CARTESIAN_POINT('Ctrl Pts',(10.4328769016507,-6.27148446889831,25.468967796338));
#4692=CARTESIAN_POINT('Ctrl Pts',(11.4142540650051,-5.04908391715451,25.9811225639369));
#4693=CARTESIAN_POINT('Ctrl Pts',(13.495644757723,-2.42719471624455,26.3511577584236));
#4694=CARTESIAN_POINT('Ctrl Pts',(16.9790432120656,2.01450534634351,24.6012127276221));
#4695=CARTESIAN_POINT('Ctrl Pts',(18.7958334385794,4.34891958215599,21.438622739951));
#4696=CARTESIAN_POINT('Ctrl Pts',(19.4427354765299,5.18042367487139,19.1945311320328));
#4697=CARTESIAN_POINT('Ctrl Pts',(10.0168190755083,-5.94448151618596,25.4501017375606));
#4698=CARTESIAN_POINT('Ctrl Pts',(10.9896057606951,-4.72181574722591,25.9712493837475));
#4699=CARTESIAN_POINT('Ctrl Pts',(13.0600475927638,-2.09686180014737,26.3590026133779));
#4700=CARTESIAN_POINT('Ctrl Pts',(16.5448100305937,2.36439997397744,24.6249478920831));
#4701=CARTESIAN_POINT('Ctrl Pts',(18.3659181364068,4.71007903729947,21.4596282529549));
#4702=CARTESIAN_POINT('Ctrl Pts',(19.0153379316803,5.54685625747594,19.2088685059103));
#4703=CARTESIAN_POINT('Ctrl Pts',(9.38991169799382,-5.28131428250821,25.0067827983272));
#4704=CARTESIAN_POINT('Ctrl Pts',(10.3090825033048,-4.09682192877282,25.5126836229341));
#4705=CARTESIAN_POINT('Ctrl Pts',(12.2779168419945,-1.55284946840458,25.8959677905081));
#4706=CARTESIAN_POINT('Ctrl Pts',(15.6086174240675,2.76340740252375,24.2396038826999));
#4707=CARTESIAN_POINT('Ctrl Pts',(17.3589529919062,5.03609516738421,21.1915148668644));
#4708=CARTESIAN_POINT('Ctrl Pts',(17.9821486390707,5.84531222532936,19.0246764576175));
#4709=CARTESIAN_POINT('Ctrl Pts',(9.31525076632583,-4.86134567961926,24.1239648722634));
#4710=CARTESIAN_POINT('Ctrl Pts',(10.1568198267609,-3.76446216524308,24.5796919306974));
#4711=CARTESIAN_POINT('Ctrl Pts',(11.956016757704,-1.41984466972885,24.9142455626278));
#4712=CARTESIAN_POINT('Ctrl Pts',(14.992913365217,2.53810696600253,23.3785704567964));
#4713=CARTESIAN_POINT('Ctrl Pts',(16.5863721359391,4.61452978539785,20.5867646672323));
#4714=CARTESIAN_POINT('Ctrl Pts',(17.1537064211219,5.35392861360156,18.6047264469786));
#4715=CARTESIAN_POINT('Ctrl Pts',(9.39016881056198,-4.76371058348707,23.7463743566272));
#4716=CARTESIAN_POINT('Ctrl Pts',(10.2014378839708,-3.7064441428193,24.1807205494194));
#4717=CARTESIAN_POINT('Ctrl Pts',(11.9324051843531,-1.45060363740269,24.4945385358806));
#4718=CARTESIAN_POINT('Ctrl Pts',(14.8490085378316,2.35038785536422,23.0104520647391));
#4719=CARTESIAN_POINT('Ctrl Pts',(16.3768443893825,4.3415023026418,20.3283352371491));
#4720=CARTESIAN_POINT('Ctrl Pts',(16.9209744040516,5.05062634388304,18.4251748882848));
#4721=CARTESIAN_POINT('Ctrl Pts',(9.3901688105626,-4.76371058348626,23.7463743566275));
#4722=CARTESIAN_POINT('Ctrl Pts',(10.2013186086252,-3.70659958547604,24.1806566904679));
#4723=CARTESIAN_POINT('Ctrl Pts',(11.9320172836316,-1.45110915946502,24.4945185909977));
#4724=CARTESIAN_POINT('Ctrl Pts',(14.6752794170093,2.12397965710729,23.0990908142142));
#4725=CARTESIAN_POINT('Ctrl Pts',(16.1185329884894,4.00486433090379,20.7639610875187));
#4726=CARTESIAN_POINT('Ctrl Pts',(16.6734701879567,4.72807256958305,19.1994959895794));
#4727=CARTESIAN_POINT('Ctrl Pts',(10.4328769016507,-6.27148446889831,25.468967796338));
#4728=CARTESIAN_POINT('Ctrl Pts',(11.4142540650051,-5.04908391715451,25.9811225639369));
#4729=CARTESIAN_POINT('Ctrl Pts',(13.495644757723,-2.42719471624455,26.3511577584236));
#4730=CARTESIAN_POINT('Ctrl Pts',(16.9778303408967,2.01295880780722,24.6018220342814));
#4731=CARTESIAN_POINT('Ctrl Pts',(18.7940620516048,4.34664351286767,21.4417055617487));
#4732=CARTESIAN_POINT('Ctrl Pts',(19.4411579026872,5.17839592044212,19.1999999772993));
#4733=CARTESIAN_POINT('Origin',(0.269498154343635,-16.6499999999991,14.1304431546334));
#4734=CARTESIAN_POINT('Origin',(0.269498154344234,-16.6499999999985,25.4689677963369));
#4735=CARTESIAN_POINT('Origin',(0.269498154343608,-16.6499999999991,23.9379235660779));
#4736=CARTESIAN_POINT('Ctrl Pts',(16.3930151435519,7.5191902342226,19.1968392544152));
#4737=CARTESIAN_POINT('Ctrl Pts',(15.7570781708815,6.67886163238695,21.4403774131183));
#4738=CARTESIAN_POINT('Ctrl Pts',(13.9724055223002,4.31975320833779,24.601976735935));
#4739=CARTESIAN_POINT('Ctrl Pts',(10.5840464803453,-0.193992463040245,26.3511342406236));
#4740=CARTESIAN_POINT('Ctrl Pts',(8.59051127108366,-2.8826402993725,25.9810472653226));
#4741=CARTESIAN_POINT('Ctrl Pts',(7.6638983619835,-4.14677250627558,25.4689677963384));
#4742=CARTESIAN_POINT('Ctrl Pts',(16.8575763244775,7.20119228802758,19.2111821683354));
#4743=CARTESIAN_POINT('Ctrl Pts',(16.2171962806198,6.35706604994892,21.4613852949824));
#4744=CARTESIAN_POINT('Ctrl Pts',(14.4227578796321,3.99086962063781,24.6257015245004));
#4745=CARTESIAN_POINT('Ctrl Pts',(11.0158624947959,-0.529249298066893,26.358968990238));
#4746=CARTESIAN_POINT('Ctrl Pts',(9.01653475261331,-3.20811461849057,25.9711727629717));
#4747=CARTESIAN_POINT('Ctrl Pts',(8.08744264855076,-4.46401891380954,25.450101737561));
#4748=CARTESIAN_POINT('Ctrl Pts',(17.4133001592271,6.28048863075573,19.0269086781702));
#4749=CARTESIAN_POINT('Ctrl Pts',(16.7927599011642,5.46883640058797,21.1932103003621));
#4750=CARTESIAN_POINT('Ctrl Pts',(15.0505092652969,3.18989629765329,24.2403434778232));
#4751=CARTESIAN_POINT('Ctrl Pts',(11.7437860639294,-1.14390481078997,25.8959471583923));
#4752=CARTESIAN_POINT('Ctrl Pts',(9.79637097986951,-3.70368456287928,25.5126145482214));
#4753=CARTESIAN_POINT('Ctrl Pts',(8.89027137169174,-4.89792895501728,25.0067881027547));
#4754=CARTESIAN_POINT('Ctrl Pts',(17.1531226472254,5.35316782464759,18.6067652631413));
#4755=CARTESIAN_POINT('Ctrl Pts',(16.5855797183386,4.61356588498644,20.5883139532119));
#4756=CARTESIAN_POINT('Ctrl Pts',(14.9923060170679,2.53695893033801,23.3792446933584));
#4757=CARTESIAN_POINT('Ctrl Pts',(11.9556012987809,-1.42036107540785,24.9142242446769));
#4758=CARTESIAN_POINT('Ctrl Pts',(10.1568210321662,-3.76471929894721,24.5796249282634));
#4759=CARTESIAN_POINT('Ctrl Pts',(9.31525076632648,-4.86134567961842,24.1239648722637));
#4760=CARTESIAN_POINT('Ctrl Pts',(16.920414592742,5.04989678358042,18.4271323516));
#4761=CARTESIAN_POINT('Ctrl Pts',(16.376116253489,4.34055337747057,20.3298233334396));
#4762=CARTESIAN_POINT('Ctrl Pts',(14.8482599664469,2.34941229814237,23.011100001892));
#4763=CARTESIAN_POINT('Ctrl Pts',(11.9320172836316,-1.45110915946502,24.4945185909977));
#4764=CARTESIAN_POINT('Ctrl Pts',(10.2013186086252,-3.70659958547604,24.1806566904679));
#4765=CARTESIAN_POINT('Ctrl Pts',(9.3901688105626,-4.76371058348626,23.7463743566275));
#4766=CARTESIAN_POINT('',(7.6638983619832,-4.14677250627609,25.4689677963384));
#4767=CARTESIAN_POINT('Ctrl Pts',(16.3921188723189,7.51800589898721,19.1999999879813));
#4768=CARTESIAN_POINT('Ctrl Pts',(15.7560723369282,6.67753204688924,21.4421590358831));
#4769=CARTESIAN_POINT('Ctrl Pts',(13.9717235333704,4.31884470822262,24.6023287960443));
#4770=CARTESIAN_POINT('Ctrl Pts',(10.5840464803453,-0.193992463040245,26.3511342406236));
#4771=CARTESIAN_POINT('Ctrl Pts',(8.59051127108366,-2.8826402993725,25.9810472653226));
#4772=CARTESIAN_POINT('Ctrl Pts',(7.6638983619835,-4.14677250627558,25.4689677963384));
#4773=CARTESIAN_POINT('Origin',(7.95177837523178,-3.65999478320612,23.7463743566275));
#4774=CARTESIAN_POINT('Ctrl Pts',(7.6638983619833,-4.14677250627587,25.4689677963382));
#4775=CARTESIAN_POINT('Ctrl Pts',(5.82356576073497,-6.56747706178041,24.4773582928977));
#4776=CARTESIAN_POINT('Ctrl Pts',(3.97087415790433,-8.9923481137203,23.4793307766219));
#4777=CARTESIAN_POINT('Ctrl Pts',(2.19420166976346,-11.4385826254049,22.5238816172847));
#4778=CARTESIAN_POINT('Ctrl Pts',(8.08744264855056,-4.46401891380983,25.4501017375608));
#4779=CARTESIAN_POINT('Ctrl Pts',(6.24566963105924,-6.88207431535332,24.4546936215191));
#4780=CARTESIAN_POINT('Ctrl Pts',(4.39291271495169,-9.30588737493651,23.4551278148399));
#4781=CARTESIAN_POINT('Ctrl Pts',(2.60607632306483,-11.7368365117169,22.4788752336697));
#4782=CARTESIAN_POINT('Ctrl Pts',(8.89029441572894,-4.89796459646908,25.0068318181044));
#4783=CARTESIAN_POINT('Ctrl Pts',(7.04261092425879,-7.3112027045716,24.0094184789334));
#4784=CARTESIAN_POINT('Ctrl Pts',(5.18812090833781,-9.73075951618953,23.007486393355));
#4785=CARTESIAN_POINT('Ctrl Pts',(3.36423458188406,-12.1374929645124,22.0206839993299));
#4786=CARTESIAN_POINT('Ctrl Pts',(9.31525076632635,-4.86134567961858,24.1239648722637));
#4787=CARTESIAN_POINT('Ctrl Pts',(7.46366520686814,-7.27432786926099,23.1306316178201));
#4788=CARTESIAN_POINT('Ctrl Pts',(5.60883966973183,-9.69189175515363,22.1313936929298));
#4789=CARTESIAN_POINT('Ctrl Pts',(3.75878150364969,-12.1026774061511,21.1666311716876));
#4790=CARTESIAN_POINT('Ctrl Pts',(9.3901688105625,-4.76371058348639,23.7463743566275));
#4791=CARTESIAN_POINT('Ctrl Pts',(7.53804684796809,-7.17744291873587,22.7547648531869));
#4792=CARTESIAN_POINT('Ctrl Pts',(5.68341603121451,-9.59444485638234,21.7567373369111));
#4793=CARTESIAN_POINT('Ctrl Pts',(3.82852174708906,-12.0117901513928,20.801288177574));
#4794=CARTESIAN_POINT('',(6.93189510148758,-5.11038998735394,25.0745721268256));
#4795=CARTESIAN_POINT('Ctrl Pts',(7.6638983619833,-4.14677250627587,25.4689677963382));
#4796=CARTESIAN_POINT('Ctrl Pts',(7.41988796619094,-4.4677346390362,25.3374899171538));
#4797=CARTESIAN_POINT('Ctrl Pts',(7.17566029657494,-4.78877001967223,25.2058992079662));
#4798=CARTESIAN_POINT('Ctrl Pts',(6.9314213595623,-5.10991873372908,25.0743098776711));
#4799=CARTESIAN_POINT('Ctrl Pts',(6.931895101492,-5.11038998734346,25.0745721268293));
#4800=CARTESIAN_POINT('Ctrl Pts',(6.92643444539928,-5.1198481211387,25.0709866253759));
#4801=CARTESIAN_POINT('Ctrl Pts',(6.92097403646062,-5.12930582685142,25.067399584852));
#4802=CARTESIAN_POINT('Ctrl Pts',(5.6233134127573,-7.37691995820426,24.2145388052713));
#4803=CARTESIAN_POINT('Ctrl Pts',(4.26365968366529,-9.73190929757694,23.2256699632099));
#4804=CARTESIAN_POINT('Ctrl Pts',(3.00043214160991,-11.9198835819372,22.1763992966257));
#4805=CARTESIAN_POINT('Ctrl Pts',(3.82036623275591,-12.3774491735951,22.5238816172847));
#4806=CARTESIAN_POINT('Ctrl Pts',(5.05070160284033,-9.61530589244461,23.4794631106575));
#4807=CARTESIAN_POINT('Ctrl Pts',(6.22419999709719,-6.79873997039096,24.4773706411397));
#4808=CARTESIAN_POINT('Ctrl Pts',(7.40041068938378,-3.99464782757335,25.4689677963379));
#4809=CARTESIAN_POINT('Ctrl Pts',(3.35613346378152,-12.1698822038173,22.4788752336697));
#4810=CARTESIAN_POINT('Ctrl Pts',(4.56814682168938,-9.4065792506756,23.4552630302436));
#4811=CARTESIAN_POINT('Ctrl Pts',(5.74069881084207,-6.59048592340146,24.4547060170642));
#4812=CARTESIAN_POINT('Ctrl Pts',(6.9138950979164,-3.78647091954533,25.4501017375605));
#4813=CARTESIAN_POINT('Ctrl Pts',(2.63007761128532,-11.7136262738603,22.0206820870561));
#4814=CARTESIAN_POINT('Ctrl Pts',(3.80258913010941,-8.93034221331325,23.0076211576818));
#4815=CARTESIAN_POINT('Ctrl Pts',(4.97059417290666,-6.11487878908064,24.0094286471173));
#4816=CARTESIAN_POINT('Ctrl Pts',(6.13666341324649,-3.30815384507747,25.0068295657725));
#4817=CARTESIAN_POINT('Ctrl Pts',(2.46295336516593,-11.3545306815739,21.1666311716876));
#4818=CARTESIAN_POINT('Ctrl Pts',(3.62588694822953,-8.54655162181214,22.1315273169082));
#4819=CARTESIAN_POINT('Ctrl Pts',(4.79199936472098,-5.73179751577324,23.1306439875275));
#4820=CARTESIAN_POINT('Ctrl Pts',(5.95589596623462,-2.92182128148313,24.1239648722634));
#4821=CARTESIAN_POINT('Ctrl Pts',(2.50679391494716,-11.2486902317102,20.801288177574));
#4822=CARTESIAN_POINT('Ctrl Pts',(3.67299070925108,-8.43324211450565,21.7568696709467));
#4823=CARTESIAN_POINT('Ctrl Pts',(4.83871337732016,-5.6189386392875,22.7547772014289));
#4824=CARTESIAN_POINT('Ctrl Pts',(6.00299141766796,-2.80812280390668,23.7463743566272));
#4825=CARTESIAN_POINT('',(7.40041068938378,-3.99464782757336,25.4689677963379));
#4826=CARTESIAN_POINT('Ctrl Pts',(6.93254050394325,-5.11056474313138,25.0743097039174));
#4827=CARTESIAN_POINT('Ctrl Pts',(7.08854209248134,-4.73847709866349,25.2058977590831));
#4828=CARTESIAN_POINT('Ctrl Pts',(7.24445254835157,-4.36645281178643,25.3374882493557));
#4829=CARTESIAN_POINT('Ctrl Pts',(7.40041068938378,-3.99464782757335,25.4689677963379));
#4830=CARTESIAN_POINT('',(6.00299141766836,-2.80812280390574,23.7463743566275));
#4831=CARTESIAN_POINT('Origin',(7.67803255693424,-3.50194756132366,23.7463743566272));
#4832=CARTESIAN_POINT('Ctrl Pts',(2.97910407714844,-10.1084326324772,21.1905174644709));
#4833=CARTESIAN_POINT('Ctrl Pts',(3.98763752660438,-7.67361750069376,22.0261324958628));
#4834=CARTESIAN_POINT('Ctrl Pts',(4.99590446622793,-5.23944578056215,22.8886543606485));
#4835=CARTESIAN_POINT('Ctrl Pts',(6.00299141766828,-2.8081228039059,23.7463743566275));
#4836=CARTESIAN_POINT('Ctrl Pts',(7.40041068938378,-3.99464782757336,25.4689677963379));
#4837=CARTESIAN_POINT('Ctrl Pts',(8.03196769326298,-2.55990046426921,25.9811225639369));
#4838=CARTESIAN_POINT('Ctrl Pts',(9.36384192137749,0.511353720718721,26.3511580992144));
#4839=CARTESIAN_POINT('Ctrl Pts',(11.578950093805,5.70327691968897,24.6012134232237));
#4840=CARTESIAN_POINT('Ctrl Pts',(12.7296435574394,8.4283671560868,21.4386227399509));
#4841=CARTESIAN_POINT('Ctrl Pts',(13.1392938476994,9.39896900164289,19.1945311320328));
#4842=CARTESIAN_POINT('Ctrl Pts',(6.91389509791639,-3.78647091954534,25.4501017375605));
#4843=CARTESIAN_POINT('Ctrl Pts',(7.53708569380669,-2.35369075543873,25.9712493837475));
#4844=CARTESIAN_POINT('Ctrl Pts',(8.8575909269087,0.717689964014325,26.3590026544496));
#4845=CARTESIAN_POINT('Ctrl Pts',(11.0689535931167,5.92886117452215,24.6249481954242));
#4846=CARTESIAN_POINT('Ctrl Pts',(12.220902318644,8.66595013323509,21.4596282529548));
#4847=CARTESIAN_POINT('Ctrl Pts',(12.6316197899125,9.6422970723373,19.2088685059103));
#4848=CARTESIAN_POINT('Ctrl Pts',(6.13669337482168,-3.30815535487197,25.006798666279));
#4849=CARTESIAN_POINT('Ctrl Pts',(6.71797501451741,-1.92612468924034,25.5126994908859));
#4850=CARTESIAN_POINT('Ctrl Pts',(7.96129693126827,1.04074535186442,25.8959848043876));
#4851=CARTESIAN_POINT('Ctrl Pts',(10.0613781022541,6.07198106247011,24.239622166545));
#4852=CARTESIAN_POINT('Ctrl Pts',(11.1638612993689,8.7202607814468,21.1915242437453));
#4853=CARTESIAN_POINT('Ctrl Pts',(11.556381283578,9.66319933910083,19.0246858344985));
#4854=CARTESIAN_POINT('Ctrl Pts',(5.95589596623462,-2.92182128148313,24.1239648722634));
#4855=CARTESIAN_POINT('Ctrl Pts',(6.48489491253519,-1.6444990659068,24.5796919306974));
#4856=CARTESIAN_POINT('Ctrl Pts',(7.61595410034226,1.08589407553887,24.9142459200698));
#4857=CARTESIAN_POINT('Ctrl Pts',(9.52497791922175,5.69498896069792,23.3785711446572));
#4858=CARTESIAN_POINT('Ctrl Pts',(10.5267228438603,8.11307624658367,20.5867646672323));
#4859=CARTESIAN_POINT('Ctrl Pts',(10.883355183392,8.97411758861843,18.6047264469786));
#4860=CARTESIAN_POINT('Ctrl Pts',(6.00299141766796,-2.80812280390669,23.7463743566272));
#4861=CARTESIAN_POINT('Ctrl Pts',(6.51297647715059,-1.57690995669607,24.1807205494194));
#4862=CARTESIAN_POINT('Ctrl Pts',(7.60110806113317,1.05007207100121,24.4945388248971));
#4863=CARTESIAN_POINT('Ctrl Pts',(9.43456176286964,5.47642086371651,23.0104526546621));
#4864=CARTESIAN_POINT('Ctrl Pts',(10.3949992945108,7.79512217841664,20.328335237149));
#4865=CARTESIAN_POINT('Ctrl Pts',(10.7370537213254,8.62091461470231,18.4251748882848));
#4866=CARTESIAN_POINT('Ctrl Pts',(6.00299141766835,-2.80812280390574,23.7463743566275));
#4867=CARTESIAN_POINT('Ctrl Pts',(6.51290149753382,-1.57709097350379,24.1806566904679));
#4868=CARTESIAN_POINT('Ctrl Pts',(7.60086611227872,1.04948795479538,24.4945301653975));
#4869=CARTESIAN_POINT('Ctrl Pts',(9.32535994563464,5.21278435551198,23.0991138377263));
#4870=CARTESIAN_POINT('Ctrl Pts',(10.232619487347,7.40310264570627,20.7639646869286));
#4871=CARTESIAN_POINT('Ctrl Pts',(10.5814664154759,8.24529363078736,19.1994965177819));
#4872=CARTESIAN_POINT('Ctrl Pts',(7.40041068938378,-3.99464782757336,25.4689677963379));
#4873=CARTESIAN_POINT('Ctrl Pts',(8.03196769326298,-2.55990046426921,25.9811225639369));
#4874=CARTESIAN_POINT('Ctrl Pts',(9.36384192137749,0.511353720718721,26.3511580992144));
#4875=CARTESIAN_POINT('Ctrl Pts',(11.5781788237728,5.70146916383176,24.6018227297593));
#4876=CARTESIAN_POINT('Ctrl Pts',(12.7285216193589,8.42571017395131,21.4417055624264));
#4877=CARTESIAN_POINT('Ctrl Pts',(13.1382948498473,9.39660203511569,19.1999999772997));
#4878=CARTESIAN_POINT('Origin',(0.269498154343637,-16.6499999999991,14.1304431546334));
#4879=CARTESIAN_POINT('Origin',(0.269498154344068,-16.6499999999984,25.4689677963369));
#4880=CARTESIAN_POINT('Origin',(0.269498154343608,-16.6499999999991,23.9379235660779));
#4881=CARTESIAN_POINT('Ctrl Pts',(-23.899692079878,-0.526483010790791,19.1968392544151));
#4882=CARTESIAN_POINT('Ctrl Pts',(-23.0593634780424,-1.16241998346119,21.4403774131182));
#4883=CARTESIAN_POINT('Ctrl Pts',(-20.7001606319353,-2.94716617590081,24.6018618360317));
#4884=CARTESIAN_POINT('Ctrl Pts',(-16.186488008662,-6.33546722772928,26.3510774266249));
#4885=CARTESIAN_POINT('Ctrl Pts',(-13.497861546283,-8.32898688325901,25.9810472653225));
#4886=CARTESIAN_POINT('Ctrl Pts',(-12.2337293393799,-9.25559979235917,25.4689677963383));
#4887=CARTESIAN_POINT('Ctrl Pts',(-23.581694133683,-0.0619218298652064,
19.2111821683353));
#4888=CARTESIAN_POINT('Ctrl Pts',(-22.7375678956044,-0.702301873722854,
21.4613852949823));
#4889=CARTESIAN_POINT('Ctrl Pts',(-20.3713010906166,-2.49679265916415,24.625651730527));
#4890=CARTESIAN_POINT('Ctrl Pts',(-15.8512312282206,-5.90364909008338,26.3589617442733));
#4891=CARTESIAN_POINT('Ctrl Pts',(-13.1723872271649,-7.90296340172937,25.9711727629716));
#4892=CARTESIAN_POINT('Ctrl Pts',(-11.9164829318459,-8.83205550579192,25.4501017375609));
#4893=CARTESIAN_POINT('Ctrl Pts',(-22.6609777645851,0.493741412623697,19.0268866055806));
#4894=CARTESIAN_POINT('Ctrl Pts',(-21.8493255344173,-0.126798845439254,
21.1931882277726));
#4895=CARTESIAN_POINT('Ctrl Pts',(-19.5703080166484,-1.86910787765334,24.2401674610498));
#4896=CARTESIAN_POINT('Ctrl Pts',(-15.2365922905796,-5.17576384229492,25.8958350573936));
#4897=CARTESIAN_POINT('Ctrl Pts',(-12.676847722743,-7.12314685548226,25.5125772126545));
#4898=CARTESIAN_POINT('Ctrl Pts',(-11.482603330605,-8.02924646366003,25.0067507671878));
#4899=CARTESIAN_POINT('Ctrl Pts',(-21.733669670303,0.233624492882661,18.6067652631412));
#4900=CARTESIAN_POINT('Ctrl Pts',(-20.9940677306419,-0.333918436004098,
20.5883139532118));
#4901=CARTESIAN_POINT('Ctrl Pts',(-18.917369505136,-1.9272568969409,23.3791310129743));
#4902=CARTESIAN_POINT('Ctrl Pts',(-14.9601206693799,-4.96390880204263,24.9141647307745));
#4903=CARTESIAN_POINT('Ctrl Pts',(-12.6157825467083,-6.76267712217649,24.5796249282634));
#4904=CARTESIAN_POINT('Ctrl Pts',(-11.519156166037,-7.6042473880162,24.1239648722637));
#4905=CARTESIAN_POINT('Ctrl Pts',(-21.4303986292359,0.000916438399348463,
18.4271323515999));
#4906=CARTESIAN_POINT('Ctrl Pts',(-20.721055223126,-0.543381900853664,20.3298233334395));
#4907=CARTESIAN_POINT('Ctrl Pts',(-18.729833812572,-2.07129982821329,23.0110025580358));
#4908=CARTESIAN_POINT('Ctrl Pts',(-14.9293750273074,-4.98749442084856,24.494470408406));
#4909=CARTESIAN_POINT('Ctrl Pts',(-12.6739022601794,-6.71817954571746,24.1806566904679));
#4910=CARTESIAN_POINT('Ctrl Pts',(-11.6167912621692,-7.52932934378008,23.7463743566275));
#4911=CARTESIAN_POINT('',(-12.2337293393794,-9.25559979235948,25.4689677963383));
#4912=CARTESIAN_POINT('Ctrl Pts',(-23.8985077446052,-0.527379282053029,
19.1999999879356));
#4913=CARTESIAN_POINT('Ctrl Pts',(-23.0580338393431,-1.16342585885227,21.4421589711416));
#4914=CARTESIAN_POINT('Ctrl Pts',(-20.6992521465229,-2.94784815315871,24.6022139078322));
#4915=CARTESIAN_POINT('Ctrl Pts',(-16.186488008662,-6.33546722772928,26.3510774266249));
#4916=CARTESIAN_POINT('Ctrl Pts',(-13.497861546283,-8.32898688325901,25.9810472653225));
#4917=CARTESIAN_POINT('Ctrl Pts',(-12.2337293393799,-9.25559979235917,25.4689677963383));
#4918=CARTESIAN_POINT('',(-11.6167912621684,-7.52932934378071,23.7463743566271));
#4919=CARTESIAN_POINT('Origin',(-12.7205070624493,-8.9677197791109,23.7463743566275));
#4920=CARTESIAN_POINT('Ctrl Pts',(-21.1085705088851,-0.246030963836361,
19.1994931354833));
#4921=CARTESIAN_POINT('Ctrl Pts',(-20.3855209912587,-0.800846372356248,
20.7635947375346));
#4922=CARTESIAN_POINT('Ctrl Pts',(-18.5048939745478,-2.24390223660092,23.0986761954832));
#4923=CARTESIAN_POINT('Ctrl Pts',(-14.9298961113964,-4.98709457896409,24.494532672975));
#4924=CARTESIAN_POINT('Ctrl Pts',(-12.6740577028362,-6.71806027037186,24.1807205494193));
#4925=CARTESIAN_POINT('Ctrl Pts',(-11.6167912621684,-7.52932934378071,23.7463743566272));
#4926=CARTESIAN_POINT('Ctrl Pts',(-12.2337293393796,-9.25559979235937,25.4689677963382));
#4927=CARTESIAN_POINT('Ctrl Pts',(-9.81302478387506,-11.0959323936077,24.4773582928976));
#4928=CARTESIAN_POINT('Ctrl Pts',(-7.38815373193515,-12.9486239964384,23.4793307766218));
#4929=CARTESIAN_POINT('Ctrl Pts',(-4.9419192202506,-14.7252964845792,22.5238816172847));
#4930=CARTESIAN_POINT('Ctrl Pts',(-11.9164829318456,-8.83205550579212,25.4501017375608));
#4931=CARTESIAN_POINT('Ctrl Pts',(-9.49842753030215,-10.6738285232834,24.454693621519));
#4932=CARTESIAN_POINT('Ctrl Pts',(-7.07461447071894,-12.526585439391,23.4551278148398));
#4933=CARTESIAN_POINT('Ctrl Pts',(-4.64366533393851,-14.3134218312779,22.4788752336697));
#4934=CARTESIAN_POINT('Ctrl Pts',(-11.4825942281818,-8.02924057847417,25.0067619315927));
#4935=CARTESIAN_POINT('Ctrl Pts',(-9.06935612007931,-9.87692406994432,24.0093485924216));
#4936=CARTESIAN_POINT('Ctrl Pts',(-6.64979212855635,-11.7314115821945,23.0074270583348));
#4937=CARTESIAN_POINT('Ctrl Pts',(-4.24305868023349,-13.5552979086482,22.0206246643097));
#4938=CARTESIAN_POINT('Ctrl Pts',(-11.5191561660369,-7.60424738801634,24.1239648722636));
#4939=CARTESIAN_POINT('Ctrl Pts',(-9.10617397639446,-9.45583294747456,23.1306316178201));
#4940=CARTESIAN_POINT('Ctrl Pts',(-6.68861009050181,-11.3106584846108,22.1313936929297));
#4941=CARTESIAN_POINT('Ctrl Pts',(-4.27782443950439,-13.160716650693,21.1666311716876));
#4942=CARTESIAN_POINT('Ctrl Pts',(-11.6167912621691,-7.52932934378018,23.7463743566274));
#4943=CARTESIAN_POINT('Ctrl Pts',(-9.20305892691957,-9.3814513063746,22.7547648531869));
#4944=CARTESIAN_POINT('Ctrl Pts',(-6.7860569892731,-11.2360821231282,21.7567373369111));
#4945=CARTESIAN_POINT('Ctrl Pts',(-4.36871169426269,-13.0909764072536,20.801288177574));
#4946=CARTESIAN_POINT('Ctrl Pts',(-11.6167912621684,-7.5293293437807,23.7463743566271));
#4947=CARTESIAN_POINT('Ctrl Pts',(-9.52895867642412,-9.13137963320419,22.8886509863169));
#4948=CARTESIAN_POINT('Ctrl Pts',(-7.43888527114982,-10.7351493639282,22.0262061253951));
#4949=CARTESIAN_POINT('Ctrl Pts',(-5.34787319064118,-12.3396393654926,21.1905170718944));
#4950=CARTESIAN_POINT('',(-11.2701118583015,-9.98760305285509,25.0745721268256));
#4951=CARTESIAN_POINT('Ctrl Pts',(-12.2337293393796,-9.25559979235937,25.4689677963382));
#4952=CARTESIAN_POINT('Ctrl Pts',(-11.9127672066192,-9.49961018815175,25.3374899171538));
#4953=CARTESIAN_POINT('Ctrl Pts',(-11.5917318259832,-9.74383785776777,25.2058992079661));
#4954=CARTESIAN_POINT('Ctrl Pts',(-11.2705831119263,-9.98807679478043,25.074309877671));
#4955=CARTESIAN_POINT('Ctrl Pts',(-11.270111858312,-9.98760305285068,25.0745721268293));
#4956=CARTESIAN_POINT('Ctrl Pts',(-11.2606537245168,-9.99306370894339,25.0709866253759));
#4957=CARTESIAN_POINT('Ctrl Pts',(-11.251196018804,-9.99852411788206,25.067399584852));
#4958=CARTESIAN_POINT('Ctrl Pts',(-9.0035818874512,-11.2961847415854,24.2145388052713));
#4959=CARTESIAN_POINT('Ctrl Pts',(-6.64859254807852,-12.6558384706774,23.2256699632099));
#4960=CARTESIAN_POINT('Ctrl Pts',(-4.46061826371825,-13.9190660127328,22.1763992966257));
#4961=CARTESIAN_POINT('Ctrl Pts',(-4.00305267206031,-13.0991319215868,22.5238816172847));
#4962=CARTESIAN_POINT('Ctrl Pts',(-6.76519595321084,-11.8687965515024,23.4794631106574));
#4963=CARTESIAN_POINT('Ctrl Pts',(-9.58176187526449,-10.6952981572455,24.4773706411397));
#4964=CARTESIAN_POINT('Ctrl Pts',(-12.3858540180821,-9.5190874649589,25.4689677963379));
#4965=CARTESIAN_POINT('Ctrl Pts',(-4.21061964183816,-13.5633646905612,22.4788752336697));
#4966=CARTESIAN_POINT('Ctrl Pts',(-6.97392259497985,-12.3513513326533,23.4552630302436));
#4967=CARTESIAN_POINT('Ctrl Pts',(-9.79001592225399,-11.1787993435006,24.4547060170641));
#4968=CARTESIAN_POINT('Ctrl Pts',(-12.5940309261101,-10.0056030564263,25.4501017375605));
#4969=CARTESIAN_POINT('Ctrl Pts',(-4.66687009879875,-14.2893523121898,22.0206149429328));
#4970=CARTESIAN_POINT('Ctrl Pts',(-7.45015415934577,-13.1168407933657,23.0075540135585));
#4971=CARTESIAN_POINT('Ctrl Pts',(-10.2656191924001,-11.9488272976477,24.0093495628168));
#4972=CARTESIAN_POINT('Ctrl Pts',(-13.0723441364033,-10.7827580573079,25.006750481472));
#4973=CARTESIAN_POINT('Ctrl Pts',(-5.02597116408152,-14.4565447891768,21.1666311716876));
#4974=CARTESIAN_POINT('Ctrl Pts',(-7.83395022384331,-13.2936112061132,22.1315273169081));
#4975=CARTESIAN_POINT('Ctrl Pts',(-10.6487043298822,-12.1274987896217,23.1306439875275));
#4976=CARTESIAN_POINT('Ctrl Pts',(-13.4586805641723,-10.9636021881081,24.1239648722633));
#4977=CARTESIAN_POINT('Ctrl Pts',(-5.13181161394527,-14.4127042393955,20.801288177574));
#4978=CARTESIAN_POINT('Ctrl Pts',(-7.9472597311498,-13.2465074450916,21.7568696709467));
#4979=CARTESIAN_POINT('Ctrl Pts',(-10.761563206368,-12.0807847770225,22.7547772014289));
#4980=CARTESIAN_POINT('Ctrl Pts',(-13.5723790417488,-10.9165067366747,23.7463743566271));
#4981=CARTESIAN_POINT('',(-12.3858540180821,-9.5190874649589,25.4689677963379));
#4982=CARTESIAN_POINT('Ctrl Pts',(-11.269937102524,-9.98695765039946,25.0743097039174));
#4983=CARTESIAN_POINT('Ctrl Pts',(-11.6420247469919,-9.83095606186136,25.2058977590831));
#4984=CARTESIAN_POINT('Ctrl Pts',(-12.014049033869,-9.67504560599112,25.3374882493556));
#4985=CARTESIAN_POINT('Ctrl Pts',(-12.3858540180821,-9.5190874649589,25.4689677963379));
#4986=CARTESIAN_POINT('',(-13.5723790417497,-10.9165067366743,23.7463743566275));
#4987=CARTESIAN_POINT('Origin',(-12.8785542843318,-9.24146559740844,23.7463743566271));
#4988=CARTESIAN_POINT('Ctrl Pts',(-6.27206921317846,-13.9403940771941,21.190517464471));
#4989=CARTESIAN_POINT('Ctrl Pts',(-8.70688434496183,-12.9318606277382,22.0261324958628));
#4990=CARTESIAN_POINT('Ctrl Pts',(-11.1410560650934,-11.9235936881147,22.8886543606485));
#4991=CARTESIAN_POINT('Ctrl Pts',(-13.5723790417496,-10.9165067366744,23.7463743566274));
#4992=CARTESIAN_POINT('Ctrl Pts',(-12.3858540180821,-9.5190874649589,25.4689677963379));
#4993=CARTESIAN_POINT('Ctrl Pts',(-13.8206013813863,-8.88753046107969,25.9811225639368));
#4994=CARTESIAN_POINT('Ctrl Pts',(-16.891804730095,-7.55567867092063,26.3510436707441));
#4995=CARTESIAN_POINT('Ctrl Pts',(-22.0835600225789,-5.34063686711476,24.6009852325279));
#4996=CARTESIAN_POINT('Ctrl Pts',(-24.8088690017422,-4.18985459690329,21.4386227399508));
#4997=CARTESIAN_POINT('Ctrl Pts',(-25.7794708472983,-3.78020430664332,19.1945311320327));
#4998=CARTESIAN_POINT('Ctrl Pts',(-12.5940309261101,-10.0056030564263,25.4501017375605));
#4999=CARTESIAN_POINT('Ctrl Pts',(-14.0268110902167,-9.38241246053598,25.9712493837474));
#5000=CARTESIAN_POINT('Ctrl Pts',(-17.0981456677612,-8.06193127439557,26.3589868085466));
#5001=CARTESIAN_POINT('Ctrl Pts',(-22.309203874109,-5.85061333179175,24.6248501716028));
#5002=CARTESIAN_POINT('Ctrl Pts',(-25.0464519788905,-4.69859583569869,21.4596282529548));
#5003=CARTESIAN_POINT('Ctrl Pts',(-26.0227989179927,-4.28787836443021,19.2088685059102));
#5004=CARTESIAN_POINT('Ctrl Pts',(-13.0723429154296,-10.7827338273244,25.0067254929922));
#5005=CARTESIAN_POINT('Ctrl Pts',(-14.4543735810612,-10.2014521876286,25.5126263175991));
#5006=CARTESIAN_POINT('Ctrl Pts',(-17.4211509680168,-8.95816014012127,25.8957622002902));
#5007=CARTESIAN_POINT('Ctrl Pts',(-22.4521916656542,-6.8581568729787,24.2392741490249));
#5008=CARTESIAN_POINT('Ctrl Pts',(-25.100647316908,-5.75559905748762,21.1914810033064));
#5009=CARTESIAN_POINT('Ctrl Pts',(-26.0435858745621,-5.36307907327855,19.0246425940595));
#5010=CARTESIAN_POINT('Ctrl Pts',(-13.4586805641723,-10.9636021881081,24.1239648722633));
#5011=CARTESIAN_POINT('Ctrl Pts',(-14.7360027797487,-10.4346032418075,24.5796919306974));
#5012=CARTESIAN_POINT('Ctrl Pts',(-17.4663527138214,-9.30356791113052,24.9141262912494));
#5013=CARTESIAN_POINT('Ctrl Pts',(-22.0752902674688,-7.3946123333656,23.3783452107139));
#5014=CARTESIAN_POINT('Ctrl Pts',(-24.4935780922391,-6.39277531048239,20.5867646672322));
#5015=CARTESIAN_POINT('Ctrl Pts',(-25.3546194342739,-6.03614297095071,18.6047264469785));
#5016=CARTESIAN_POINT('Ctrl Pts',(-13.5723790417488,-10.9165067366747,23.7463743566272));
#5017=CARTESIAN_POINT('Ctrl Pts',(-14.8035918889594,-10.4065216771921,24.1807205494193));
#5018=CARTESIAN_POINT('Ctrl Pts',(-17.4305306710682,-9.31840800611877,24.4944417808519));
#5019=CARTESIAN_POINT('Ctrl Pts',(-21.8567381859448,-7.48501282357917,23.010259131598));
#5020=CARTESIAN_POINT('Ctrl Pts',(-24.1756240240721,-6.52449885983193,20.328335237149));
#5021=CARTESIAN_POINT('Ctrl Pts',(-25.0014164603577,-6.18244443301728,18.4251748882847));
#5022=CARTESIAN_POINT('Ctrl Pts',(-13.5723790417497,-10.9165067366743,23.7463743566275));
#5023=CARTESIAN_POINT('Ctrl Pts',(-14.8034108721517,-10.4065966568089,24.1806566904678));
#5024=CARTESIAN_POINT('Ctrl Pts',(-17.4299237344634,-9.31865940749195,24.4943831412711));
#5025=CARTESIAN_POINT('Ctrl Pts',(-21.5930195557201,-7.59424865686865,23.0988304205344));
#5026=CARTESIAN_POINT('Ctrl Pts',(-23.7835597647265,-6.68689719337463,20.7639204353044));
#5027=CARTESIAN_POINT('Ctrl Pts',(-24.6257852243957,-6.33803598540373,19.1994900859719));
#5028=CARTESIAN_POINT('Ctrl Pts',(-12.3858540180821,-9.5190874649589,25.4689677963379));
#5029=CARTESIAN_POINT('Ctrl Pts',(-13.8206013813863,-8.88753046107969,25.9811225639368));
#5030=CARTESIAN_POINT('Ctrl Pts',(-16.891804730095,-7.55567867092063,26.3510436707441));
#5031=CARTESIAN_POINT('Ctrl Pts',(-22.0817523251467,-5.34140811405443,24.6015945786867));
#5032=CARTESIAN_POINT('Ctrl Pts',(-24.8062118063749,-4.19097662155427,21.4417053400961));
#5033=CARTESIAN_POINT('Ctrl Pts',(-25.777103880462,-3.78120330462167,19.1999999771426));
#5034=CARTESIAN_POINT('Origin',(0.269498154343637,-16.6499999999991,14.1304431546334));
#5035=CARTESIAN_POINT('Origin',(0.269498154342903,-16.6499999999986,25.4689677963369));
#5036=CARTESIAN_POINT('Origin',(0.269498154343609,-16.6499999999991,23.9379235660779));
#5037=CARTESIAN_POINT('Ctrl Pts',(2.14827834823713,12.3428912263398,19.1968392544152));
#5038=CARTESIAN_POINT('Ctrl Pts',(2.01770507561662,11.2971768232883,21.4403774131183));
#5039=CARTESIAN_POINT('Ctrl Pts',(1.65169959237159,8.36187993128393,24.6020603993942));
#5040=CARTESIAN_POINT('Ctrl Pts',(0.97415703331596,2.75861217233276,26.3511747135736));
#5041=CARTESIAN_POINT('Ctrl Pts',(0.592027048350732,-0.566610197848313,
25.9810472653226));
#5042=CARTESIAN_POINT('Ctrl Pts',(0.421622833046932,-2.12468725731854,25.4689677963383));
#5043=CARTESIAN_POINT('Ctrl Pts',(2.7095991056283,12.2997775170464,19.2111821683354));
#5044=CARTESIAN_POINT('Ctrl Pts',(2.57707683861031,11.2485527289405,21.4613852949824));
#5045=CARTESIAN_POINT('Ctrl Pts',(2.20615334204827,8.30221128145661,24.6257382873639));
#5046=CARTESIAN_POINT('Ctrl Pts',(1.51574785067752,2.68417902861721,26.3589734593221));
#5047=CARTESIAN_POINT('Ctrl Pts',(1.12371136552313,-0.635467485719184,25.9711727629717));
#5048=CARTESIAN_POINT('Ctrl Pts',(0.947046148608915,-2.18765856221868,25.4501017375609));
#5049=CARTESIAN_POINT('Ctrl Pts',(3.65132215387292,11.7803764743098,19.026956663767));
#5050=CARTESIAN_POINT('Ctrl Pts',(3.51974464140332,10.7671948949148,21.193258285959));
#5051=CARTESIAN_POINT('Ctrl Pts',(3.15038108982491,7.92247778610058,24.2405321066195));
#5052=CARTESIAN_POINT('Ctrl Pts',(2.45356150743628,2.51584414379455,25.896085210491));
#5053=CARTESIAN_POINT('Ctrl Pts',(2.04692446345376,-0.674761450387275,25.5126957153841));
#5054=CARTESIAN_POINT('Ctrl Pts',(1.85934138048169,-2.16205723639477,25.0068692699174));
#5055=CARTESIAN_POINT('Ctrl Pts',(3.88956196081303,10.8471145463182,18.6067652631412));
#5056=CARTESIAN_POINT('Ctrl Pts',(3.76785633648944,9.92282901344,20.5883139532119));
#5057=CARTESIAN_POINT('Ctrl Pts',(3.4263520628031,7.32787984111248,23.3793273726912));
#5058=CARTESIAN_POINT('Ctrl Pts',(2.77514090270099,2.38232116308408,24.9142667726638));
#5059=CARTESIAN_POINT('Ctrl Pts',(2.38953059143109,-0.547358139083509,24.5796249282634));
#5060=CARTESIAN_POINT('Ctrl Pts',(2.20902255247988,-1.91784957612482,24.1239648722637));
#5061=CARTESIAN_POINT('Ctrl Pts',(3.83966639449881,10.4681200932802,18.4271323516));
#5062=CARTESIAN_POINT('Ctrl Pts',(3.72296190852294,9.58166151395559,20.3298233334395));
#5063=CARTESIAN_POINT('Ctrl Pts',(3.39537981940115,7.09342851325371,23.0111709548681));
#5064=CARTESIAN_POINT('Ctrl Pts',(2.77009249712353,2.34389976342864,24.4945529151373));
#5065=CARTESIAN_POINT('Ctrl Pts',(2.39900676631586,-0.474776202527293,24.1806566904679));
#5066=CARTESIAN_POINT('Ctrl Pts',(2.22508593392413,-1.79583608045537,23.7463743566275));
#5067=CARTESIAN_POINT('',(0.421622833046926,-2.12468725731914,25.4689677963383));
#5068=CARTESIAN_POINT('Ctrl Pts',(2.14809432220315,12.3414174263575,19.1999999880145));
#5069=CARTESIAN_POINT('Ctrl Pts',(2.01749879745903,11.2955225006589,21.442159083024));
#5070=CARTESIAN_POINT('Ctrl Pts',(1.65156322060018,8.36075213858691,24.6024124508104));
#5071=CARTESIAN_POINT('Ctrl Pts',(0.97415703331596,2.75861217233276,26.3511747135736));
#5072=CARTESIAN_POINT('Ctrl Pts',(0.592027048350732,-0.566610197848313,
25.9810472653226));
#5073=CARTESIAN_POINT('Ctrl Pts',(0.421622833046932,-2.12468725731854,25.4689677963383));
#5074=CARTESIAN_POINT('',(2.225085933924,-1.79583608045638,23.7463743566272));
#5075=CARTESIAN_POINT('Origin',(0.427545376227014,-1.5591853765199,23.7463743566275));
#5076=CARTESIAN_POINT('Ctrl Pts',(3.78671790129521,10.0659363582663,19.1994938919762));
#5077=CARTESIAN_POINT('Ctrl Pts',(3.66775899585865,9.16235376305135,20.7635998869727));
#5078=CARTESIAN_POINT('Ctrl Pts',(3.358353149912,6.812183036201,23.098709067573));
#5079=CARTESIAN_POINT('Ctrl Pts',(2.77017436612837,2.34452162025881,24.4945492803759));
#5080=CARTESIAN_POINT('Ctrl Pts',(2.39903234046683,-0.474581947564908,24.1807205494194));
#5081=CARTESIAN_POINT('Ctrl Pts',(2.225085933924,-1.79583608045638,23.7463743566272));
#5082=CARTESIAN_POINT('Ctrl Pts',(0.421622833046909,-2.1246872573189,25.4689677963382));
#5083=CARTESIAN_POINT('Ctrl Pts',(0.0382003267054301,-5.14124519806671,
24.4773582928976));
#5084=CARTESIAN_POINT('Ctrl Pts',(-0.353842140754076,-8.16759093136348,
23.4793307766219));
#5085=CARTESIAN_POINT('Ctrl Pts',(-0.669368393846693,-11.174428406167,22.5238816172847));
#5086=CARTESIAN_POINT('Ctrl Pts',(0.947046148608887,-2.18765856221903,25.4501017375608));
#5087=CARTESIAN_POINT('Ctrl Pts',(0.56105162822843,-5.20264247645953,24.454693621519));
#5088=CARTESIAN_POINT('Ctrl Pts',(0.168423601633571,-8.22810461813684,23.4551278148398));
#5089=CARTESIAN_POINT('Ctrl Pts',(-0.163547537756759,-11.22678652184,22.4788752336697));
#5090=CARTESIAN_POINT('Ctrl Pts',(1.85934645647267,-2.16205983561563,25.0068751437584));
#5091=CARTESIAN_POINT('Ctrl Pts',(1.46582466875766,-5.17582708834819,24.0094618045873));
#5092=CARTESIAN_POINT('Ctrl Pts',(1.06956403996171,-8.19846668234281,23.0075231776856));
#5093=CARTESIAN_POINT('Ctrl Pts',(0.693398871799105,-11.194702151955,22.0207207836605));
#5094=CARTESIAN_POINT('Ctrl Pts',(2.20902255247985,-1.91784957612503,24.1239648722636));
#5095=CARTESIAN_POINT('Ctrl Pts',(1.81199351552982,-4.93334623096386,23.1306316178201));
#5096=CARTESIAN_POINT('Ctrl Pts',(1.41444942372799,-7.95443073998686,22.1313936929298));
#5097=CARTESIAN_POINT('Ctrl Pts',(1.01764487892072,-10.9672614398707,21.1666311716876));
#5098=CARTESIAN_POINT('Ctrl Pts',(2.22508593392411,-1.79583608045554,23.7463743566275));
#5099=CARTESIAN_POINT('Ctrl Pts',(1.827967431035,-4.81225058201474,22.7547648531869));
#5100=CARTESIAN_POINT('Ctrl Pts',(1.43031099790816,-7.83275106938957,21.7567373369111));
#5101=CARTESIAN_POINT('Ctrl Pts',(1.03259807402617,-10.8536806466501,20.801288177574));
#5102=CARTESIAN_POINT('Ctrl Pts',(2.225085933924,-1.79583608045638,23.7463743566272));
#5103=CARTESIAN_POINT('Ctrl Pts',(1.88158597801519,-4.40497728327166,22.888650986317));
#5104=CARTESIAN_POINT('Ctrl Pts',(1.53771735202477,-7.0169188133755,22.0262061253951));
#5105=CARTESIAN_POINT('Ctrl Pts',(1.19369429080626,-9.63003339549831,21.1905170718944));
#5106=CARTESIAN_POINT('',(0.269498154343617,-3.32520610571114,25.0745721268256));
#5107=CARTESIAN_POINT('Ctrl Pts',(0.421622833046909,-2.1246872573189,25.4689677963382));
#5108=CARTESIAN_POINT('Ctrl Pts',(0.370784697883398,-2.52465381583834,25.3374899171538));
#5109=CARTESIAN_POINT('Ctrl Pts',(0.319795022006885,-2.92479244579073,25.2058992079662));
#5110=CARTESIAN_POINT('Ctrl Pts',(0.26885225498905,-3.32503485906297,25.0743098776711));
#5111=CARTESIAN_POINT('Ctrl Pts',(0.269498154342196,-3.32520610569985,25.0745721268293));
#5112=CARTESIAN_POINT('Ctrl Pts',(0.269498154342196,-3.33612741788528,25.0709866253759));
#5113=CARTESIAN_POINT('Ctrl Pts',(0.269498154342618,-3.34704823576334,25.067399584852));
#5114=CARTESIAN_POINT('Ctrl Pts',(0.269498154401209,-5.94236948327145,24.2145388052713));
#5115=CARTESIAN_POINT('Ctrl Pts',(0.269498154343618,-8.66167694135573,23.2256699632099));
#5116=CARTESIAN_POINT('Ctrl Pts',(0.269498154343619,-11.1881320254665,22.1763992966257));
#5117=CARTESIAN_POINT('Ctrl Pts',(1.20836470253393,-11.1744284061669,22.5238816172847));
#5118=CARTESIAN_POINT('Ctrl Pts',(0.892794747626302,-8.16717447075586,23.4794631106575));
#5119=CARTESIAN_POINT('Ctrl Pts',(0.500791207326161,-5.14120763369542,24.4773706411397));
#5120=CARTESIAN_POINT('Ctrl Pts',(0.117373475640428,-2.12468725731973,25.4689677963379));
#5121=CARTESIAN_POINT('Ctrl Pts',(0.702543846443992,-11.2267865218399,22.4788752336697));
#5122=CARTESIAN_POINT('Ctrl Pts',(0.370526727547424,-8.22768928711275,23.4552630302436));
#5123=CARTESIAN_POINT('Ctrl Pts',(-0.022060126225427,-5.20260493168916,
24.4547060170642));
#5124=CARTESIAN_POINT('Ctrl Pts',(-0.408049839921551,-2.18765856221987,
25.4501017375605));
#5125=CARTESIAN_POINT('Ctrl Pts',(-0.154397789127903,-11.1946998836754,
22.0207155990436));
#5126=CARTESIAN_POINT('Ctrl Pts',(-0.530615057869873,-8.19804942188129,
23.0076546696693));
#5127=CARTESIAN_POINT('Ctrl Pts',(-0.926827983362097,-5.1757868565137,24.0094681185104));
#5128=CARTESIAN_POINT('Ctrl Pts',(-1.32034487065777,-2.16205713340159,25.0068690371656));
#5129=CARTESIAN_POINT('Ctrl Pts',(-0.478648570233489,-10.9672614398707,
21.1666311716876));
#5130=CARTESIAN_POINT('Ctrl Pts',(-0.875508074267255,-7.95401344929043,
22.1315273169082));
#5131=CARTESIAN_POINT('Ctrl Pts',(-1.27300215093663,-4.93330867980846,23.1306439875275));
#5132=CARTESIAN_POINT('Ctrl Pts',(-1.67002624379251,-1.91784957612586,24.1239648722634));
#5133=CARTESIAN_POINT('Ctrl Pts',(-0.493601765338937,-10.8536806466501,
20.801288177574));
#5134=CARTESIAN_POINT('Ctrl Pts',(-0.891369774262041,-7.83233265696194,
21.7568696709467));
#5135=CARTESIAN_POINT('Ctrl Pts',(-1.2889760675559,-4.81221301942965,22.7547772014289));
#5136=CARTESIAN_POINT('Ctrl Pts',(-1.68608962523676,-1.79583608045637,23.7463743566272));
#5137=CARTESIAN_POINT('',(0.117373475640428,-2.12468725731974,25.4689677963379));
#5138=CARTESIAN_POINT('Ctrl Pts',(0.270144467154604,-3.32503474742598,25.0743097039174));
#5139=CARTESIAN_POINT('Ctrl Pts',(0.21920198362537,-2.92479660061345,25.2058977590831));
#5140=CARTESIAN_POINT('Ctrl Pts',(0.168212255686072,-2.52465888941802,25.3374882493557));
#5141=CARTESIAN_POINT('Ctrl Pts',(0.117373475640428,-2.12468725731973,25.4689677963379));
#5142=CARTESIAN_POINT('Origin',(0.111450932460362,-1.55918537652091,23.7463743566272));
#5143=CARTESIAN_POINT('Ctrl Pts',(0.117373475640429,-2.12468725731973,25.4689677963379));
#5144=CARTESIAN_POINT('Ctrl Pts',(-0.0530557967142718,-0.566381090746015,
25.9811225639369));
#5145=CARTESIAN_POINT('Ctrl Pts',(-0.435248364075451,2.75936376188037,26.3512129175887));
#5146=CARTESIAN_POINT('Ctrl Pts',(-1.11288410160572,8.36334992525763,24.6013267752518));
#5147=CARTESIAN_POINT('Ctrl Pts',(-1.47888296977048,11.2985757441525,21.4386227399509));
#5148=CARTESIAN_POINT('Ctrl Pts',(-1.60941633451573,12.3439667444941,19.1945311320327));
#5149=CARTESIAN_POINT('Ctrl Pts',(-0.40804983992155,-2.18765856221987,25.4501017375605));
#5150=CARTESIAN_POINT('Ctrl Pts',(-0.58474103453429,-0.635239244119975,
25.9712493837474));
#5151=CARTESIAN_POINT('Ctrl Pts',(-0.976841031473431,2.68493041136283,26.3590087027257));
#5152=CARTESIAN_POINT('Ctrl Pts',(-1.66733988590731,8.3036818078377,24.6249980303949));
#5153=CARTESIAN_POINT('Ctrl Pts',(-2.03825729509421,11.2499580184719,21.4596282529548));
#5154=CARTESIAN_POINT('Ctrl Pts',(-2.1707390007487,12.3008580062759,19.2088685059102));
#5155=CARTESIAN_POINT('Ctrl Pts',(-1.32035035626217,-2.16205994236947,25.0068753850036));
#5156=CARTESIAN_POINT('Ctrl Pts',(-1.50796102234801,-0.6745454572755,25.5127762096105));
#5157=CARTESIAN_POINT('Ctrl Pts',(-1.91466394928822,2.51656708505689,25.8961370243222));
#5158=CARTESIAN_POINT('Ctrl Pts',(-2.61157568507036,7.923902784153,24.2398410276646));
#5159=CARTESIAN_POINT('Ctrl Pts',(-2.9809317629835,10.7685567955569,21.1915695792969));
#5160=CARTESIAN_POINT('Ctrl Pts',(-3.1124687639924,11.7814255327977,19.0247311700501));
#5161=CARTESIAN_POINT('Ctrl Pts',(-1.6700262437925,-1.91784957612586,24.1239648722634));
#5162=CARTESIAN_POINT('Ctrl Pts',(-1.85056082550917,-0.547156615468266,
24.5796919306974));
#5163=CARTESIAN_POINT('Ctrl Pts',(-2.23623142533565,2.38298362378672,24.9143035230396));
#5164=CARTESIAN_POINT('Ctrl Pts',(-2.88752623400649,7.32917920076095,23.3786831584976));
#5165=CARTESIAN_POINT('Ctrl Pts',(-3.22902281550136,9.92406545015093,20.5867646672323));
#5166=CARTESIAN_POINT('Ctrl Pts',(-3.35069082067323,10.8480652958275,18.6047264469785));
#5167=CARTESIAN_POINT('Ctrl Pts',(-1.68608962523676,-1.79583608045637,23.7463743566272));
#5168=CARTESIAN_POINT('Ctrl Pts',(-1.86003603177959,-0.474581947564905,
24.1807205494193));
#5169=CARTESIAN_POINT('Ctrl Pts',(-2.23118005566059,2.34453679824256,24.4945853150475));
#5170=CARTESIAN_POINT('Ctrl Pts',(-2.85654755389965,7.09467454495659,23.0105487858025));
#5171=CARTESIAN_POINT('Ctrl Pts',(-3.1841217214312,9.5828473752069,20.328335237149));
#5172=CARTESIAN_POINT('Ctrl Pts',(-3.30079011647562,10.4690318166907,18.4251748882847));
#5173=CARTESIAN_POINT('Ctrl Pts',(0.117373475640429,-2.12468725731973,25.4689677963379));
#5174=CARTESIAN_POINT('Ctrl Pts',(-0.0530557967142718,-0.566381090746015,
25.9811225639369));
#5175=CARTESIAN_POINT('Ctrl Pts',(-0.435248364075451,2.75936376188037,26.3512129175887));
#5176=CARTESIAN_POINT('Ctrl Pts',(-1.11264815821554,8.3613986947946,24.6019360614007));
#5177=CARTESIAN_POINT('Ctrl Pts',(-1.47852612164459,11.2957138763892,21.4417056728675));
#5178=CARTESIAN_POINT('Ctrl Pts',(-1.60909800879315,12.341417392592,19.1999999773787));
#5179=CARTESIAN_POINT('Origin',(0.269498154343637,-16.6499999999991,14.1304431546334));
#5180=CARTESIAN_POINT('Origin',(0.269498154343655,-16.6499999999982,25.4689677963369));
#5181=CARTESIAN_POINT('Origin',(0.269498154343608,-16.6499999999991,23.9379235660779));
#5182=CARTESIAN_POINT('Ctrl Pts',(9.58817288750804,10.8687183185703,19.1968392544152));
#5183=CARTESIAN_POINT('Ctrl Pts',(9.19139798801305,9.89243061947595,21.4403774131183));
#5184=CARTESIAN_POINT('Ctrl Pts',(8.07813023741806,7.1518266961278,24.6020047677141));
#5185=CARTESIAN_POINT('Ctrl Pts',(5.97346076371242,1.91488986969753,26.3511478884561));
#5186=CARTESIAN_POINT('Ctrl Pts',(4.74372473339382,-1.19811503619232,25.9810472653226));
#5187=CARTESIAN_POINT('Ctrl Pts',(4.17586688419513,-2.65899805099677,25.4689677963383));
#5188=CARTESIAN_POINT('Ctrl Pts',(10.1192084548342,10.6817931708725,19.2111821683354));
#5189=CARTESIAN_POINT('Ctrl Pts',(9.71912477871743,9.70068728541018,21.4613852949824));
#5190=CARTESIAN_POINT('Ctrl Pts',(8.59825504394415,6.95070221527771,24.6257137928034));
#5191=CARTESIAN_POINT('Ctrl Pts',(6.47733341622982,1.70281882695177,26.3589705661934));
#5192=CARTESIAN_POINT('Ctrl Pts',(5.23947076928842,-1.40223609614156,25.9711727629717));
#5193=CARTESIAN_POINT('Ctrl Pts',(4.66708866142777,-2.85581322152329,25.4501017375609));
#5194=CARTESIAN_POINT('Ctrl Pts',(10.894331523282,9.9363135979145,19.0269244312693));
#5195=CARTESIAN_POINT('Ctrl Pts',(10.5050067169343,8.99171010979081,21.1932260534613));
#5196=CARTESIAN_POINT('Ctrl Pts',(9.41195739709324,6.33950475141574,24.2404059152571));
#5197=CARTESIAN_POINT('Ctrl Pts',(7.33956621632465,1.2975038369083,25.8959927911123));
#5198=CARTESIAN_POINT('Ctrl Pts',(6.12101685169148,-1.67910078564897,25.5126411944329));
#5199=CARTESIAN_POINT('Ctrl Pts',(5.55488503215436,-3.06716812227229,25.0068147489662));
#5200=CARTESIAN_POINT('Ctrl Pts',(10.8829882077792,8.97323163111697,18.6067652631412));
#5201=CARTESIAN_POINT('Ctrl Pts',(10.5262069030188,8.11194009751562,20.5883139532119));
#5202=CARTESIAN_POINT('Ctrl Pts',(9.52469770274278,5.69374803172346,23.3792724047625));
#5203=CARTESIAN_POINT('Ctrl Pts',(7.61568778639377,1.08529274761559,24.9142385723806));
#5204=CARTESIAN_POINT('Ctrl Pts',(6.48496262796701,-1.64474712601061,24.5796249282634));
#5205=CARTESIAN_POINT('Ctrl Pts',(5.95589596623503,-2.92182128148215,24.1239648722637));
#5206=CARTESIAN_POINT('Ctrl Pts',(10.7367018092245,8.62006502373559,18.4271323516));
#5207=CARTESIAN_POINT('Ctrl Pts',(10.3945415691529,7.79401713164987,20.3298233334396));
#5208=CARTESIAN_POINT('Ctrl Pts',(9.43410048249554,5.4753072343813,23.0111237749725));
#5209=CARTESIAN_POINT('Ctrl Pts',(7.60086611227872,1.04948795479538,24.4945301653975));
#5210=CARTESIAN_POINT('Ctrl Pts',(6.51290149753382,-1.57709097350379,24.1806566904679));
#5211=CARTESIAN_POINT('Ctrl Pts',(6.00299141766835,-2.80812280390574,23.7463743566275));
#5212=CARTESIAN_POINT('',(4.17586688419497,-2.65899805099735,25.4689677963383));
#5213=CARTESIAN_POINT('Ctrl Pts',(9.58761368449593,10.8673423665256,19.1999999879924));
#5214=CARTESIAN_POINT('Ctrl Pts',(9.190770555528,9.89088602479211,21.4421590516778));
#5215=CARTESIAN_POINT('Ctrl Pts',(8.07770662195576,7.15077263636095,24.6023568249283));
#5216=CARTESIAN_POINT('Ctrl Pts',(5.97346076371242,1.91488986969753,26.3511478884561));
#5217=CARTESIAN_POINT('Ctrl Pts',(4.74372473339382,-1.19811503619232,25.9810472653226));
#5218=CARTESIAN_POINT('Ctrl Pts',(4.17586688419513,-2.65899805099677,25.4689677963383));
#5219=CARTESIAN_POINT('Origin',(4.32795027840207,-2.11429804648877,23.7463743566275));
#5220=CARTESIAN_POINT('Ctrl Pts',(4.17586688419502,-2.65899805099711,25.4689677963382));
#5221=CARTESIAN_POINT('Ctrl Pts',(3.02476653721852,-5.47353222550067,24.4773582928977));
#5222=CARTESIAN_POINT('Ctrl Pts',(1.86280668005533,-8.29528967150424,23.4793307766219));
#5223=CARTESIAN_POINT('Ctrl Pts',(0.77980491931384,-11.1180074403405,22.5238816172847));
#5224=CARTESIAN_POINT('Ctrl Pts',(4.66708866142765,-2.85581322152362,25.4501017375608));
#5225=CARTESIAN_POINT('Ctrl Pts',(3.51391132770292,-5.66816131695494,24.4546936215191));
#5226=CARTESIAN_POINT('Ctrl Pts',(2.35161455418728,-8.48891372513713,23.4551278148399));
#5227=CARTESIAN_POINT('Ctrl Pts',(1.2548390701849,-11.2994975674511,22.4788752336697));
#5228=CARTESIAN_POINT('Ctrl Pts',(5.55492097056114,-3.06720061249089,25.0068646499989));
#5229=CARTESIAN_POINT('Ctrl Pts',(4.39478775008628,-5.87642530300608,24.0094513108278));
#5230=CARTESIAN_POINT('Ctrl Pts',(3.22971332354228,-8.69351209691145,23.0075142682778));
#5231=CARTESIAN_POINT('Ctrl Pts',(2.09088286951632,-11.4902946090286,22.0207118742527));
#5232=CARTESIAN_POINT('Ctrl Pts',(5.95589596623494,-2.92182128148235,24.1239648722637));
#5233=CARTESIAN_POINT('Ctrl Pts',(4.791927400943,-5.73180870325809,23.1306316178201));
#5234=CARTESIAN_POINT('Ctrl Pts',(3.62601508778363,-8.54706027169893,22.1313936929298));
#5235=CARTESIAN_POINT('Ctrl Pts',(2.46295336516591,-11.354530681574,21.1666311716876));
#5236=CARTESIAN_POINT('Ctrl Pts',(6.00299141766828,-2.8081228039059,23.7463743566275));
#5237=CARTESIAN_POINT('Ctrl Pts',(4.83869887870349,-5.61897364204449,22.7547648531869));
#5238=CARTESIAN_POINT('Ctrl Pts',(3.67282920808223,-8.4336320128178,21.7567373369111));
#5239=CARTESIAN_POINT('Ctrl Pts',(2.50679391494715,-11.2486902317102,20.801288177574));
#5240=CARTESIAN_POINT('',(3.71820858625113,-3.77923744752747,25.0745721268256));
#5241=CARTESIAN_POINT('Ctrl Pts',(4.17586688419502,-2.65899805099711,25.4689677963382));
#5242=CARTESIAN_POINT('Ctrl Pts',(4.02324205373126,-3.03217820192518,25.3374899171538));
#5243=CARTESIAN_POINT('Ctrl Pts',(3.87042631081512,-3.40548533947168,25.2058992079662));
#5244=CARTESIAN_POINT('Ctrl Pts',(3.71762901727731,-3.77890486491316,25.0743098776711));
#5245=CARTESIAN_POINT('Ctrl Pts',(3.71820858625267,-3.7792374475162,25.0745721268293));
#5246=CARTESIAN_POINT('Ctrl Pts',(3.71538194266157,-3.78978662501307,25.0709866253759));
#5247=CARTESIAN_POINT('Ctrl Pts',(3.71255542700704,-3.8003353250458,25.067399584852));
#5248=CARTESIAN_POINT('Ctrl Pts',(3.0408368600493,-6.30722314554581,24.2145388052713));
#5249=CARTESIAN_POINT('Ctrl Pts',(2.33702830035213,-8.93387244891499,23.2256699632099));
#5250=CARTESIAN_POINT('Ctrl Pts',(1.68313360798818,-11.3742406636169,22.1763992966257));
#5251=CARTESIAN_POINT('Ctrl Pts',(2.59355581198563,-11.6040005273031,22.5238816172847));
#5252=CARTESIAN_POINT('Ctrl Pts',(3.06707323448337,-8.61754077048789,23.4794631106575));
#5253=CARTESIAN_POINT('Ctrl Pts',(3.47160473819059,-5.59322327109969,24.4773706411397));
#5254=CARTESIAN_POINT('Ctrl Pts',(3.88198457224403,-2.58025252284092,25.4689677963379));
#5255=CARTESIAN_POINT('Ctrl Pts',(2.09141910611086,-11.5236585124814,22.4788752336697));
#5256=CARTESIAN_POINT('Ctrl Pts',(2.54693867866028,-8.54082068423576,23.4552630302436));
#5257=CARTESIAN_POINT('Ctrl Pts',(2.95067834176482,-5.5172046240158,24.4547060170642));
#5258=CARTESIAN_POINT('Ctrl Pts',(3.35816644900517,-2.50508857175072,25.4501017375605));
#5259=CARTESIAN_POINT('Ctrl Pts',(1.27199832909372,-11.2708693246187,22.0206989957916));
#5260=CARTESIAN_POINT('Ctrl Pts',(1.68419056394749,-8.27895505696389,23.0076380664173));
#5261=CARTESIAN_POINT('Ctrl Pts',(2.08369929375484,-5.2571252149565,24.0094485627176));
#5262=CARTESIAN_POINT('Ctrl Pts',(2.48360181836803,-2.24423617694593,25.0068494813728));
#5263=CARTESIAN_POINT('Ctrl Pts',(1.01764487892073,-10.9672614398707,21.1666311716876));
#5264=CARTESIAN_POINT('Ctrl Pts',(1.41419400214532,-7.95397258688169,22.1315273169082));
#5265=CARTESIAN_POINT('Ctrl Pts',(1.81206013166739,-4.93331679908703,23.1306439875275));
#5266=CARTESIAN_POINT('Ctrl Pts',(2.20902255247975,-1.91784957612586,24.1239648722634));
#5267=CARTESIAN_POINT('Ctrl Pts',(1.03259807402618,-10.8536806466501,20.801288177574));
#5268=CARTESIAN_POINT('Ctrl Pts',(1.43036608294928,-7.83233265696193,21.7568696709467));
#5269=CARTESIAN_POINT('Ctrl Pts',(1.82797237624315,-4.81221301942965,22.7547772014289));
#5270=CARTESIAN_POINT('Ctrl Pts',(2.225085933924,-1.79583608045638,23.7463743566272));
#5271=CARTESIAN_POINT('',(3.88198457224403,-2.58025252284092,25.4689677963379));
#5272=CARTESIAN_POINT('Ctrl Pts',(3.71887722727485,-3.77923920619889,25.0743097039174));
#5273=CARTESIAN_POINT('Ctrl Pts',(3.77325982175028,-3.37945395858439,25.2058977590831));
#5274=CARTESIAN_POINT('Ctrl Pts',(3.82757078697937,-2.97975349657324,25.3374882493557));
#5275=CARTESIAN_POINT('Ctrl Pts',(3.88198457224403,-2.58025252284092,25.4689677963379));
#5276=CARTESIAN_POINT('Origin',(4.02262649162112,-2.03248678439184,23.7463743566272));
#5277=CARTESIAN_POINT('Ctrl Pts',(3.88198457224403,-2.58025252284091,25.4689677963379));
#5278=CARTESIAN_POINT('Ctrl Pts',(4.12068185053095,-1.03093400975348,25.9811225639369));
#5279=CARTESIAN_POINT('Ctrl Pts',(4.61227536124165,2.28038959087814,26.3511704276828));
#5280=CARTESIAN_POINT('Ctrl Pts',(5.40813933593768,7.86873528602746,24.6012386595839));
#5281=CARTESIAN_POINT('Ctrl Pts',(5.81431535844229,10.7987654522916,21.4386227399509));
#5282=CARTESIAN_POINT('Ctrl Pts',(5.95879691070963,11.8423201389091,19.1945311320328));
#5283=CARTESIAN_POINT('Ctrl Pts',(3.35816644900517,-2.50508857175072,25.4501017375605));
#5284=CARTESIAN_POINT('Ctrl Pts',(3.58929154636018,-0.95983561290028,25.9712493837474));
#5285=CARTESIAN_POINT('Ctrl Pts',(4.06987103542251,2.34866745902051,26.3590041126388));
#5286=CARTESIAN_POINT('Ctrl Pts',(4.85713458247458,7.95462904514562,24.6249592205918));
#5287=CARTESIAN_POINT('Ctrl Pts',(5.26141805771338,10.8965810641765,21.4596282529548));
#5288=CARTESIAN_POINT('Ctrl Pts',(5.40544348805255,11.9459612917942,19.2088685059102));
#5289=CARTESIAN_POINT('Ctrl Pts',(2.48361099987858,-2.24423420604489,25.0068398090147));
#5290=CARTESIAN_POINT('Ctrl Pts',(2.68739009082715,-0.758848334466148,25.5127406336216));
#5291=CARTESIAN_POINT('Ctrl Pts',(3.12046467280488,2.42875371608195,25.8960438700801));
#5292=CARTESIAN_POINT('Ctrl Pts',(3.84681070548281,7.83212474911865,24.2396973010975));
#5293=CARTESIAN_POINT('Ctrl Pts',(4.22630089912245,10.6755158998409,21.1915485563056));
#5294=CARTESIAN_POINT('Ctrl Pts',(4.3613956321222,11.6879162527794,19.0247101470588));
#5295=CARTESIAN_POINT('Ctrl Pts',(2.20902255247974,-1.91784957612586,24.1239648722634));
#5296=CARTESIAN_POINT('Ctrl Pts',(2.38940098066746,-0.547136057466174,24.5796919306974));
#5297=CARTESIAN_POINT('Ctrl Pts',(2.77524374329025,2.38296555708545,24.9142588561637));
#5298=CARTESIAN_POINT('Ctrl Pts',(3.4263005237404,7.3291207574025,23.3785960963834));
#5299=CARTESIAN_POINT('Ctrl Pts',(3.7680606400562,9.92405998448326,20.5867646672323));
#5300=CARTESIAN_POINT('Ctrl Pts',(3.88968712936051,10.8480652958275,18.6047264469786));
#5301=CARTESIAN_POINT('Ctrl Pts',(2.225085933924,-1.79583608045638,23.7463743566272));
#5302=CARTESIAN_POINT('Ctrl Pts',(2.39903234046683,-0.474581947564908,24.1807205494194));
#5303=CARTESIAN_POINT('Ctrl Pts',(2.77017436612837,2.34452162025881,24.4945492803759));
#5304=CARTESIAN_POINT('Ctrl Pts',(3.39553359558279,7.09459655931783,23.0104740570149));
#5305=CARTESIAN_POINT('Ctrl Pts',(3.72311803011847,9.5828473752069,20.328335237149));
#5306=CARTESIAN_POINT('Ctrl Pts',(3.83978642516291,10.4690318166906,18.4251748882847));
#5307=CARTESIAN_POINT('Ctrl Pts',(3.88198457224403,-2.58025252284091,25.4689677963379));
#5308=CARTESIAN_POINT('Ctrl Pts',(4.12068185053095,-1.03093400975348,25.9811225639369));
#5309=CARTESIAN_POINT('Ctrl Pts',(4.61227536124165,2.28038959087814,26.3511704276828));
#5310=CARTESIAN_POINT('Ctrl Pts',(5.40786222710856,7.86678950134376,24.6018479616239));
#5311=CARTESIAN_POINT('Ctrl Pts',(5.81391933023129,10.7959086512781,21.4417055870146));
#5312=CARTESIAN_POINT('Ctrl Pts',(5.95844456890495,11.8397752651774,19.1999999773172));
#5313=CARTESIAN_POINT('Origin',(0.269498154343635,-16.6499999999991,14.1304431546334));
#5314=CARTESIAN_POINT('Origin',(0.269498154343868,-16.6499999999983,25.4689677963369));
#5315=CARTESIAN_POINT('Origin',(0.269498154343606,-16.6499999999991,23.9379235660779));
#5316=CARTESIAN_POINT('Ctrl Pts',(27.788216472913,-25.9686747331635,19.1968392544152));
#5317=CARTESIAN_POINT('Ctrl Pts',(26.8119287738186,-25.5718998336685,21.4403774131183));
#5318=CARTESIAN_POINT('Ctrl Pts',(24.0707509574413,-24.4583898630353,24.6013942458075));
#5319=CARTESIAN_POINT('Ctrl Pts',(18.8342353687768,-22.3539027506745,26.3508337710718));
#5320=CARTESIAN_POINT('Ctrl Pts',(15.7213831181504,-21.1242265790493,25.9810472653226));
#5321=CARTESIAN_POINT('Ctrl Pts',(14.2605001033459,-20.5563687298506,25.4689677963384));
#5322=CARTESIAN_POINT('Ctrl Pts',(27.6012913252152,-26.4997103004896,19.2111821683355));
#5323=CARTESIAN_POINT('Ctrl Pts',(26.6201854397529,-26.0996266243729,21.4613852949824));
#5324=CARTESIAN_POINT('Ctrl Pts',(23.8697735888416,-24.9785882148698,24.6254561209087));
#5325=CARTESIAN_POINT('Ctrl Pts',(18.6221750577558,-22.8577893827876,26.3589210408619));
#5326=CARTESIAN_POINT('Ctrl Pts',(15.5172620582011,-21.6199726149439,25.9711727629717));
#5327=CARTESIAN_POINT('Ctrl Pts',(14.0636849328194,-21.0475905070832,25.450101737561));
#5328=CARTESIAN_POINT('Ctrl Pts',(26.8556754973567,-27.2745641954826,19.0268168712246));
#5329=CARTESIAN_POINT('Ctrl Pts',(25.911072009233,-26.8852393891349,21.1931184934165));
#5330=CARTESIAN_POINT('Ctrl Pts',(23.2583940854244,-25.7919987455509,24.2394942359208));
#5331=CARTESIAN_POINT('Ctrl Pts',(18.216880299979,-23.7198164852878,25.8954080531573));
#5332=CARTESIAN_POINT('Ctrl Pts',(15.2405158264584,-22.5013876676534,25.5124592576805));
#5333=CARTESIAN_POINT('Ctrl Pts',(13.8524484898351,-21.9352558481163,25.0066328122138));
#5334=CARTESIAN_POINT('Ctrl Pts',(25.8927297854597,-27.2634900534346,18.6067652631413));
#5335=CARTESIAN_POINT('Ctrl Pts',(25.0314382518583,-26.9067087486743,20.588313953212));
#5336=CARTESIAN_POINT('Ctrl Pts',(22.6127003615352,-25.9049978257735,23.3786670494577));
#5337=CARTESIAN_POINT('Ctrl Pts',(18.0046504612313,-23.9961475631843,24.913911326464));
#5338=CARTESIAN_POINT('Ctrl Pts',(15.2747510283321,-22.8654644736225,24.5796249282635));
#5339=CARTESIAN_POINT('Ctrl Pts',(13.9976768728605,-22.3363978118905,24.1239648722637));
#5340=CARTESIAN_POINT('Ctrl Pts',(25.5395631780783,-27.11720365488,18.4271323516));
#5341=CARTESIAN_POINT('Ctrl Pts',(24.7135152859926,-26.7750434148084,20.3298233334396));
#5342=CARTESIAN_POINT('Ctrl Pts',(22.3943185377947,-25.8144006678932,23.0106060059649));
#5343=CARTESIAN_POINT('Ctrl Pts',(17.9688584194931,-23.9813150671515,24.4942637699667));
#5344=CARTESIAN_POINT('Ctrl Pts',(15.3424071808389,-22.8934033431893,24.1806566904679));
#5345=CARTESIAN_POINT('Ctrl Pts',(14.1113753504369,-22.3834932633238,23.7463743566276));
#5346=CARTESIAN_POINT('',(14.2605001033453,-20.5563687298504,25.4689677963384));
#5347=CARTESIAN_POINT('Ctrl Pts',(27.7868405206405,-25.9681155300552,19.1999999877501));
#5348=CARTESIAN_POINT('Ctrl Pts',(26.8103838557768,-25.5712722647057,21.4421587076729));
#5349=CARTESIAN_POINT('Ctrl Pts',(24.0696969824587,-24.4579662842776,24.6017463626802));
#5350=CARTESIAN_POINT('Ctrl Pts',(18.8342353687768,-22.3539027506745,26.3508337710718));
#5351=CARTESIAN_POINT('Ctrl Pts',(15.7213831181504,-21.1242265790493,25.9810472653226));
#5352=CARTESIAN_POINT('Ctrl Pts',(14.2605001033459,-20.5563687298506,25.4689677963384));
#5353=CARTESIAN_POINT('',(14.111375350436,-22.3834932633234,23.7463743566272));
#5354=CARTESIAN_POINT('Origin',(14.8052001078539,-20.7084521240575,23.7463743566276));
#5355=CARTESIAN_POINT('Ctrl Pts',(25.1647694066673,-26.9619589916686,19.1994824782688));
#5356=CARTESIAN_POINT('Ctrl Pts',(24.3227037377464,-26.6131639711928,20.7635209307699));
#5357=CARTESIAN_POINT('Ctrl Pts',(22.1323027894719,-25.7058701913826,23.0982039563019));
#5358=CARTESIAN_POINT('Ctrl Pts',(17.9694446252209,-23.9815578815142,24.4942805553851));
#5359=CARTESIAN_POINT('Ctrl Pts',(15.3425881976466,-22.893478322806,24.1807205494194));
#5360=CARTESIAN_POINT('Ctrl Pts',(14.111375350436,-22.3834932633234,23.7463743566272));
#5361=CARTESIAN_POINT('Ctrl Pts',(14.2605001033456,-20.5563687298505,25.4689677963382));
#5362=CARTESIAN_POINT('Ctrl Pts',(11.445965928842,-19.405268382874,24.4773582928977));
#5363=CARTESIAN_POINT('Ctrl Pts',(8.62420848283844,-18.2433085257108,23.4793307766219));
#5364=CARTESIAN_POINT('Ctrl Pts',(5.80149071400217,-17.1603067649693,22.5238816172847));
#5365=CARTESIAN_POINT('Ctrl Pts',(14.0636849328191,-21.0475905070831,25.4501017375608));
#5366=CARTESIAN_POINT('Ctrl Pts',(11.2513368373877,-19.8944131733584,24.4546936215191));
#5367=CARTESIAN_POINT('Ctrl Pts',(8.43058442920556,-18.7321163998427,23.4551278148399));
#5368=CARTESIAN_POINT('Ctrl Pts',(5.62000058689163,-17.6353409158404,22.4788752336697));
#5369=CARTESIAN_POINT('Ctrl Pts',(13.852415368451,-21.9352924846742,25.0066836826401));
#5370=CARTESIAN_POINT('Ctrl Pts',(11.0431906779358,-20.7751592641993,24.009270343469));
#5371=CARTESIAN_POINT('Ctrl Pts',(8.22608760351443,-19.610095911827,23.0073606234382));
#5372=CARTESIAN_POINT('Ctrl Pts',(5.42930509139732,-18.4712654578011,22.020558229413));
#5373=CARTESIAN_POINT('Ctrl Pts',(13.9976768728603,-22.3363978118904,24.1239648722637));
#5374=CARTESIAN_POINT('Ctrl Pts',(11.1876894510846,-21.1724292465985,23.1306316178201));
#5375=CARTESIAN_POINT('Ctrl Pts',(8.37243788264375,-20.0065169334391,22.1313936929298));
#5376=CARTESIAN_POINT('Ctrl Pts',(5.56496747276873,-18.8434552108214,21.1666311716876));
#5377=CARTESIAN_POINT('Ctrl Pts',(14.1113753504368,-22.3834932633237,23.7463743566275));
#5378=CARTESIAN_POINT('Ctrl Pts',(11.3005245122982,-21.219200724359,22.7547648531869));
#5379=CARTESIAN_POINT('Ctrl Pts',(8.48586614152489,-20.0533310537377,21.7567373369111));
#5380=CARTESIAN_POINT('Ctrl Pts',(5.67080792263248,-18.8872957606026,20.801288177574));
#5381=CARTESIAN_POINT('Ctrl Pts',(14.111375350436,-22.3834932633234,23.7463743566272));
#5382=CARTESIAN_POINT('Ctrl Pts',(11.680042808783,-21.3764023499317,22.888650986317));
#5383=CARTESIAN_POINT('Ctrl Pts',(9.24610077751833,-20.3682305505519,22.0262061253951));
#5384=CARTESIAN_POINT('Ctrl Pts',(6.81106563579126,-19.3596059699935,21.1905170718945));
#5385=CARTESIAN_POINT('',(13.1402607068152,-20.0987104319066,25.0745721268257));
#5386=CARTESIAN_POINT('Ctrl Pts',(14.2605001033456,-20.5563687298505,25.4689677963382));
#5387=CARTESIAN_POINT('Ctrl Pts',(13.8873199524174,-20.4037438993867,25.3374899171538));
#5388=CARTESIAN_POINT('Ctrl Pts',(13.5140128148709,-20.2509281564705,25.2058992079662));
#5389=CARTESIAN_POINT('Ctrl Pts',(13.1405932894293,-20.0981308629327,25.0743098776711));
#5390=CARTESIAN_POINT('Ctrl Pts',(13.1402607068265,-20.0987104319081,25.0745721268294));
#5391=CARTESIAN_POINT('Ctrl Pts',(13.1297115293296,-20.095883788317,25.0709866253759));
#5392=CARTESIAN_POINT('Ctrl Pts',(13.1191628292969,-20.0930572726625,25.067399584852));
#5393=CARTESIAN_POINT('Ctrl Pts',(10.6122750087969,-19.4213387057048,24.2145388052713));
#5394=CARTESIAN_POINT('Ctrl Pts',(7.98562570542769,-18.7175301460076,23.2256699632099));
#5395=CARTESIAN_POINT('Ctrl Pts',(5.54525749072579,-18.0636354536436,22.1763992966257));
#5396=CARTESIAN_POINT('Ctrl Pts',(5.31549762703956,-18.9740576576411,22.5238816172847));
#5397=CARTESIAN_POINT('Ctrl Pts',(8.30195738385479,-19.4475750801388,23.4794631106575));
#5398=CARTESIAN_POINT('Ctrl Pts',(11.326274883243,-19.8521065838461,24.4773706411397));
#5399=CARTESIAN_POINT('Ctrl Pts',(14.3392456315018,-20.2624864178995,25.468967796338));
#5400=CARTESIAN_POINT('Ctrl Pts',(5.39583964186129,-18.4719209517663,22.4788752336697));
#5401=CARTESIAN_POINT('Ctrl Pts',(8.37867747010692,-18.9274405243157,23.4552630302436));
#5402=CARTESIAN_POINT('Ctrl Pts',(11.4022935303269,-19.3311801874203,24.4547060170642));
#5403=CARTESIAN_POINT('Ctrl Pts',(14.414409582592,-19.7386682946606,25.4501017375606));
#5404=CARTESIAN_POINT('Ctrl Pts',(5.64865434401321,-17.6526390006974,22.0205605376188));
#5405=CARTESIAN_POINT('Ctrl Pts',(8.64056861166804,-18.0648312355512,23.0074996082445));
#5406=CARTESIAN_POINT('Ctrl Pts',(11.6624061696139,-18.4643559435737,24.0092854826565));
#5407=CARTESIAN_POINT('Ctrl Pts',(14.6752952076245,-18.8642584681869,25.0066864013117));
#5408=CARTESIAN_POINT('Ctrl Pts',(5.952236714472,-17.3981467245762,21.1666311716876));
#5409=CARTESIAN_POINT('Ctrl Pts',(8.965525567461,-17.7946958478008,22.1315273169082));
#5410=CARTESIAN_POINT('Ctrl Pts',(11.9861813552557,-18.1925619773228,23.1306439875276));
#5411=CARTESIAN_POINT('Ctrl Pts',(15.0016485782168,-18.5895243981352,24.1239648722634));
#5412=CARTESIAN_POINT('Ctrl Pts',(6.0658175076926,-17.4130999196816,20.801288177574));
#5413=CARTESIAN_POINT('Ctrl Pts',(9.08716549738075,-17.8108679286047,21.7568696709467));
#5414=CARTESIAN_POINT('Ctrl Pts',(12.107285134913,-18.2084742218986,22.754777201429));
#5415=CARTESIAN_POINT('Ctrl Pts',(15.1236620738863,-18.6055877795795,23.7463743566272));
#5416=CARTESIAN_POINT('',(14.3392456315018,-20.2624864178995,25.468967796338));
#5417=CARTESIAN_POINT('Ctrl Pts',(13.1402589481436,-20.0993790729303,25.0743097039174));
#5418=CARTESIAN_POINT('Ctrl Pts',(13.5400441957582,-20.1537616674057,25.2058977590831));
#5419=CARTESIAN_POINT('Ctrl Pts',(13.9397446577694,-20.2080726326348,25.3374882493557));
#5420=CARTESIAN_POINT('Ctrl Pts',(14.3392456315018,-20.2624864178995,25.468967796338));
#5421=CARTESIAN_POINT('',(15.1236620738873,-18.6055877795796,23.7463743566276));
#5422=CARTESIAN_POINT('Origin',(14.8870113699508,-20.4031283372766,23.7463743566272));
#5423=CARTESIAN_POINT('Ctrl Pts',(7.28946463658754,-17.5741961203663,21.190517464471));
#5424=CARTESIAN_POINT('Ctrl Pts',(9.90234311895864,-17.9181880984628,22.0261324958629));
#5425=CARTESIAN_POINT('Ctrl Pts',(12.514531135578,-18.2620891750186,22.8886543606485));
#5426=CARTESIAN_POINT('Ctrl Pts',(15.1236620738871,-18.6055877795796,23.7463743566275));
#5427=CARTESIAN_POINT('Ctrl Pts',(14.3392456315017,-20.2624864178995,25.468967796338));
#5428=CARTESIAN_POINT('Ctrl Pts',(15.8885641445892,-20.5011836961864,25.9811225639369));
#5429=CARTESIAN_POINT('Ctrl Pts',(19.1997145668284,-20.9927511749198,26.3508394973661));
#5430=CARTESIAN_POINT('Ctrl Pts',(24.7875870964336,-21.7885604297963,24.6005987338863));
#5431=CARTESIAN_POINT('Ctrl Pts',(27.7182636066343,-22.1948172040977,21.438622739951));
#5432=CARTESIAN_POINT('Ctrl Pts',(28.7618182932518,-22.3392987563651,19.1945311320328));
#5433=CARTESIAN_POINT('Ctrl Pts',(14.4144095825919,-19.7386682946606,25.4501017375606));
#5434=CARTESIAN_POINT('Ctrl Pts',(15.9596625414424,-19.9697933920156,25.9712493837475));
#5435=CARTESIAN_POINT('Ctrl Pts',(19.2680106269549,-20.4503399292541,26.3589506341146));
#5436=CARTESIAN_POINT('Ctrl Pts',(24.8736521812862,-21.2375658872596,24.624689993233));
#5437=CARTESIAN_POINT('Ctrl Pts',(27.8160792185192,-21.6419199033688,21.4596282529549));
#5438=CARTESIAN_POINT('Ctrl Pts',(28.8654594461369,-21.785945333708,19.2088685059103));
#5439=CARTESIAN_POINT('Ctrl Pts',(14.6753042752945,-18.864300710241,25.006641900979));
#5440=CARTESIAN_POINT('Ctrl Pts',(16.1606901468733,-19.0680798011895,25.5125427255859));
#5441=CARTESIAN_POINT('Ctrl Pts',(19.3480030110422,-19.5011375501945,25.8954215161798));
#5442=CARTESIAN_POINT('Ctrl Pts',(24.7508264780556,-20.2274185919614,24.2387331320409));
#5443=CARTESIAN_POINT('Ctrl Pts',(27.5947392662418,-20.606982209153,21.1914316061085));
#5444=CARTESIAN_POINT('Ctrl Pts',(28.6071396191803,-20.7420769421527,19.0245931968616));
#5445=CARTESIAN_POINT('Ctrl Pts',(15.0016485782168,-18.5895243981352,24.1239648722634));
#5446=CARTESIAN_POINT('Ctrl Pts',(16.3723620968765,-18.7699028263229,24.5796919306974));
#5447=CARTESIAN_POINT('Ctrl Pts',(19.3023111009854,-19.1557097416791,24.9139143408751));
#5448=CARTESIAN_POINT('Ctrl Pts',(24.248019252974,-19.8066995924951,23.3779614224214));
#5449=CARTESIAN_POINT('Ctrl Pts',(26.843558138826,-20.1485624857116,20.5867646672323));
#5450=CARTESIAN_POINT('Ctrl Pts',(27.7675634501702,-20.270188975016,18.6047264469786));
#5451=CARTESIAN_POINT('Ctrl Pts',(15.1236620738863,-18.6055877795795,23.7463743566272));
#5452=CARTESIAN_POINT('Ctrl Pts',(16.4449162067778,-18.7795341861223,24.1807205494194));
#5453=CARTESIAN_POINT('Ctrl Pts',(19.2638734109007,-19.1506569426371,24.4942686262998));
#5454=CARTESIAN_POINT('Ctrl Pts',(24.013548398316,-19.7759635174587,23.0099313513563));
#5455=CARTESIAN_POINT('Ctrl Pts',(26.5023455295496,-20.1036198757739,20.3283352371491));
#5456=CARTESIAN_POINT('Ctrl Pts',(27.3885299710333,-20.2202882708183,18.4251748882848));
#5457=CARTESIAN_POINT('Ctrl Pts',(15.1236620738873,-18.6055877795796,23.7463743566276));
#5458=CARTESIAN_POINT('Ctrl Pts',(16.4447219518154,-18.7795086119713,24.1806566904679));
#5459=CARTESIAN_POINT('Ctrl Pts',(19.2632476716635,-19.1505745625036,24.4942575011847));
#5460=CARTESIAN_POINT('Ctrl Pts',(23.7306432333344,-19.7387183459085,23.0986002916944));
#5461=CARTESIAN_POINT('Ctrl Pts',(26.0815707825667,-20.0482238294119,20.7638845820497));
#5462=CARTESIAN_POINT('Ctrl Pts',(26.9854192341569,-20.1672177355043,19.1994849603034));
#5463=CARTESIAN_POINT('Ctrl Pts',(14.3392456315017,-20.2624864178995,25.468967796338));
#5464=CARTESIAN_POINT('Ctrl Pts',(15.8885641445892,-20.5011836961864,25.9811225639369));
#5465=CARTESIAN_POINT('Ctrl Pts',(19.1997145668284,-20.9927511749198,26.3508394973661));
#5466=CARTESIAN_POINT('Ctrl Pts',(24.7856414763842,-21.7882833400034,24.6012081435503));
#5467=CARTESIAN_POINT('Ctrl Pts',(27.7154061755507,-22.1944210971651,21.4417049635249));
#5468=CARTESIAN_POINT('Ctrl Pts',(28.7592734186015,-22.3389464144436,19.1999999768818));
#5469=CARTESIAN_POINT('Origin',(0.269498154343639,-16.6499999999991,14.1304431546334));
#5470=CARTESIAN_POINT('Origin',(0.269498154344404,-16.6499999999993,25.4689677963369));
#5471=CARTESIAN_POINT('Origin',(0.269498154343611,-16.6499999999991,23.9379235660779));
#5472=CARTESIAN_POINT('Ctrl Pts',(19.4420699312307,-38.4795682078083,19.1968392544152));
#5473=CARTESIAN_POINT('Ctrl Pts',(18.7949674321602,-37.6478072157145,21.4403774131183));
#5474=CARTESIAN_POINT('Ctrl Pts',(16.9777921789855,-35.3128895764897,24.6013932240412));
#5475=CARTESIAN_POINT('Ctrl Pts',(13.4950806208747,-30.8720930358376,26.3508332197377));
#5476=CARTESIAN_POINT('Ctrl Pts',(11.4141097798299,-28.2507363616475,25.9810472653226));
#5477=CARTESIAN_POINT('Ctrl Pts',(10.4328769016514,-27.0285155311008,25.4689677963384));
#5478=CARTESIAN_POINT('Ctrl Pts',(19.0146702210552,-38.8459959255769,19.2111821683354));
#5479=CARTESIAN_POINT('Ctrl Pts',(18.3650494385007,-38.0089603556892,21.4613852949824));
#5480=CARTESIAN_POINT('Ctrl Pts',(16.5436416402296,-35.6629061003229,24.6254557041419));
#5481=CARTESIAN_POINT('Ctrl Pts',(13.0594877025513,-31.202441547222,26.3589209348858));
#5482=CARTESIAN_POINT('Ctrl Pts',(10.9894627385192,-28.578004492583,25.9711727629717));
#5483=CARTESIAN_POINT('Ctrl Pts',(10.016819075509,-27.3555184838131,25.450101737561));
#5484=CARTESIAN_POINT('Ctrl Pts',(17.9815221336903,-39.1442110363722,19.026809682704));
#5485=CARTESIAN_POINT('Ctrl Pts',(17.3581339196457,-38.3347441196897,21.193111304896));
#5486=CARTESIAN_POINT('Ctrl Pts',(15.6074727403918,-36.0616389142336,24.239480486054));
#5487=CARTESIAN_POINT('Ctrl Pts',(12.2774861131796,-31.7463214775516,25.895395287392));
#5488=CARTESIAN_POINT('Ctrl Pts',(10.3090971797909,-29.2029555782226,25.5124470983691));
#5489=CARTESIAN_POINT('Ctrl Pts',(9.39006151388024,-28.0186373723011,25.0066206529024));
#5490=CARTESIAN_POINT('Ctrl Pts',(17.1531226472253,-38.6531678246457,18.6067652631413));
#5491=CARTESIAN_POINT('Ctrl Pts',(16.5856129514423,-37.9135403843272,20.5883139532119));
#5492=CARTESIAN_POINT('Ctrl Pts',(14.9917793482817,-35.8366636051146,23.3786660335874));
#5493=CARTESIAN_POINT('Ctrl Pts',(11.9555166131365,-31.8795263475527,24.9139107557081));
#5494=CARTESIAN_POINT('Ctrl Pts',(10.1566960966154,-29.5353765674708,24.5796249282634));
#5495=CARTESIAN_POINT('Ctrl Pts',(9.31525076632644,-28.4386543203797,24.1239648722637));
#5496=CARTESIAN_POINT('Ctrl Pts',(16.920414592742,-38.3498967835786,18.4271323516));
#5497=CARTESIAN_POINT('Ctrl Pts',(16.376116253489,-37.6405533774687,20.3298233334396));
#5498=CARTESIAN_POINT('Ctrl Pts',(14.8479538038515,-35.649013299278,23.0106051394295));
#5499=CARTESIAN_POINT('Ctrl Pts',(11.9319360748833,-31.8487850072319,24.4942633023935));
#5500=CARTESIAN_POINT('Ctrl Pts',(10.2013186086252,-29.5934004145221,24.1806566904679));
#5501=CARTESIAN_POINT('Ctrl Pts',(9.39016881056257,-28.5362894165119,23.7463743566276));
#5502=CARTESIAN_POINT('',(10.432876901651,-27.0285155311003,25.4689677963384));
#5503=CARTESIAN_POINT('Ctrl Pts',(19.4411579231622,-38.4783959475741,19.1999999877497));
#5504=CARTESIAN_POINT('Ctrl Pts',(18.7939432780251,-37.6464912655732,21.4421587070971));
#5505=CARTESIAN_POINT('Ctrl Pts',(16.9770911993376,-35.3119957591454,24.6017453410087));
#5506=CARTESIAN_POINT('Ctrl Pts',(13.4950806208747,-30.8720930358376,26.3508332197377));
#5507=CARTESIAN_POINT('Ctrl Pts',(11.4141097798299,-28.2507363616475,25.9810472653226));
#5508=CARTESIAN_POINT('Ctrl Pts',(10.4328769016514,-27.0285155311008,25.4689677963384));
#5509=CARTESIAN_POINT('',(9.39016881056196,-28.5362894165111,23.7463743566272));
#5510=CARTESIAN_POINT('Origin',(10.8285592458934,-27.4325736162317,23.7463743566276));
#5511=CARTESIAN_POINT('Ctrl Pts',(16.6734564886087,-38.0280547162433,19.1994829461965));
#5512=CARTESIAN_POINT('Ctrl Pts',(16.1186053646464,-37.3049586533461,20.7635242155388));
#5513=CARTESIAN_POINT('Ctrl Pts',(14.6753198654705,-35.4240323705664,23.0982250105128));
#5514=CARTESIAN_POINT('Ctrl Pts',(11.932326672786,-31.8492940443292,24.49429225949));
#5515=CARTESIAN_POINT('Ctrl Pts',(10.2014378839708,-29.5935558571789,24.1807205494194));
#5516=CARTESIAN_POINT('Ctrl Pts',(9.39016881056196,-28.5362894165111,23.7463743566272));
#5517=CARTESIAN_POINT('Ctrl Pts',(10.4328769016512,-27.0285155311005,25.4689677963382));
#5518=CARTESIAN_POINT('Ctrl Pts',(8.5709689801999,-24.624366301062,24.4773582928977));
#5519=CARTESIAN_POINT('Ctrl Pts',(6.70823527722451,-22.2072008235792,23.4793307766219));
#5520=CARTESIAN_POINT('Ctrl Pts',(4.80519086206931,-19.8579349020156,22.5238816172847));
#5521=CARTESIAN_POINT('Ctrl Pts',(10.0168190755088,-27.3555184838129,25.4501017375608));
#5522=CARTESIAN_POINT('Ctrl Pts',(8.15784284744281,-24.9506635700232,24.4546936215191));
#5523=CARTESIAN_POINT('Ctrl Pts',(6.29614799092873,-22.5337088333309,23.4551278148399));
#5524=CARTESIAN_POINT('Ctrl Pts',(4.41049872601999,-20.1785814807799,22.4788752336697));
#5525=CARTESIAN_POINT('Ctrl Pts',(9.39001271637775,-28.0186531191257,25.0066734663387));
#5526=CARTESIAN_POINT('Ctrl Pts',(7.53721937969054,-25.6093359331626,24.0092601271676));
#5527=CARTESIAN_POINT('Ctrl Pts',(5.68006711979695,-23.1918100176517,23.0073519495978));
#5528=CARTESIAN_POINT('Ctrl Pts',(3.82739764245647,-20.8071626578033,22.0205495555727));
#5529=CARTESIAN_POINT('Ctrl Pts',(9.31525076632632,-28.4386543203796,24.1239648722637));
#5530=CARTESIAN_POINT('Ctrl Pts',(7.46371455739976,-26.0256342627424,23.1306316178201));
#5531=CARTESIAN_POINT('Ctrl Pts',(5.60859133766571,-23.6082987967408,22.1313936929298));
#5532=CARTESIAN_POINT('Ctrl Pts',(3.75878150364969,-21.1973225938471,21.1666311716876));
#5533=CARTESIAN_POINT('Ctrl Pts',(9.39016881056247,-28.5362894165118,23.7463743566275));
#5534=CARTESIAN_POINT('Ctrl Pts',(7.53804684796806,-26.1225570812623,22.7547648531869));
#5535=CARTESIAN_POINT('Ctrl Pts',(5.6834160312145,-23.7055551436158,21.7567373369111));
#5536=CARTESIAN_POINT('Ctrl Pts',(3.82852174708905,-21.2882098486054,20.801288177574));
#5537=CARTESIAN_POINT('Ctrl Pts',(9.39016881056196,-28.5362894165111,23.7463743566272));
#5538=CARTESIAN_POINT('Ctrl Pts',(7.78811852113853,-26.4484568307669,22.888650986317));
#5539=CARTESIAN_POINT('Ctrl Pts',(6.18434879041451,-24.3583834254926,22.0262061253951));
#5540=CARTESIAN_POINT('Ctrl Pts',(4.57985878885025,-22.267371344984,21.1905170718945));
#5541=CARTESIAN_POINT('',(9.6915502749077,-26.0720521205632,25.0745721268257));
#5542=CARTESIAN_POINT('Ctrl Pts',(10.4328769016512,-27.0285155311005,25.4689677963382));
#5543=CARTESIAN_POINT('Ctrl Pts',(10.1860058259912,-26.7097484752065,25.3374899171538));
#5544=CARTESIAN_POINT('Ctrl Pts',(9.93912023291992,-26.3907525909696,25.2058992079662));
#5545=CARTESIAN_POINT('Ctrl Pts',(9.69212808438732,-26.0717164904156,25.0743098776711));
#5546=CARTESIAN_POINT('Ctrl Pts',(9.69155027491669,-26.0720521205701,25.0745721268294));
#5547=CARTESIAN_POINT('Ctrl Pts',(9.68382774101092,-26.0643295866644,25.0709866253759));
#5548=CARTESIAN_POINT('Ctrl Pts',(9.67610555663294,-26.056607402287,25.067399584852));
#5549=CARTESIAN_POINT('Ctrl Pts',(7.840936303121,-24.2214381488579,24.2145388052713));
#5550=CARTESIAN_POINT('Ctrl Pts',(5.91809555941917,-22.2985974050746,23.2256699632099));
#5551=CARTESIAN_POINT('Ctrl Pts',(4.13162203708123,-20.5121238827367,22.1763992966257));
#5552=CARTESIAN_POINT('Ctrl Pts',(3.47743305636017,-21.1856927077248,22.5238816172847));
#5553=CARTESIAN_POINT('Ctrl Pts',(5.82702436189319,-23.08900070315,23.4794631106575));
#5554=CARTESIAN_POINT('Ctrl Pts',(8.2438943936196,-24.9514940116857,24.4773706411397));
#5555=CARTESIAN_POINT('Ctrl Pts',(10.6480136854444,-26.8133787473061,25.468967796338));
#5556=CARTESIAN_POINT('Ctrl Pts',(3.79807963512441,-20.7910005716755,22.4788752336697));
#5557=CARTESIAN_POINT('Ctrl Pts',(6.15353318347961,-22.6769110075471,23.4552630302436));
#5558=CARTESIAN_POINT('Ctrl Pts',(8.57019167136846,-24.538367842421,24.4547060170642));
#5559=CARTESIAN_POINT('Ctrl Pts',(10.9750166381567,-26.3973209211637,25.4501017375606));
#5560=CARTESIAN_POINT('Ctrl Pts',(4.42666081214789,-20.2078994881119,22.0205495555727));
#5561=CARTESIAN_POINT('Ctrl Pts',(6.8116384564552,-22.0608255685654,23.0074886261984));
#5562=CARTESIAN_POINT('Ctrl Pts',(9.22886409007535,-23.9177442976749,24.0092725476832));
#5563=CARTESIAN_POINT('Ctrl Pts',(11.6381512734695,-25.7705145620327,25.0066734663384));
#5564=CARTESIAN_POINT('Ctrl Pts',(4.81682074819165,-20.1392833493051,21.1666311716876));
#5565=CARTESIAN_POINT('Ctrl Pts',(7.22813088220829,-21.9893493903606,22.1315273169082));
#5566=CARTESIAN_POINT('Ctrl Pts',(9.64516246576595,-23.8442394597294,23.1306439875276));
#5567=CARTESIAN_POINT('Ctrl Pts',(12.0581524747234,-25.6957526119813,24.1239648722634));
#5568=CARTESIAN_POINT('Ctrl Pts',(4.90770800294995,-20.2090235927445,20.801288177574));
#5569=CARTESIAN_POINT('Ctrl Pts',(7.32538811123138,-22.0641747881287,21.7568696709467));
#5570=CARTESIAN_POINT('Ctrl Pts',(9.74208529315568,-23.918571757592,22.754777201429));
#5571=CARTESIAN_POINT('Ctrl Pts',(12.1557875708556,-25.7706706562174,23.7463743566272));
#5572=CARTESIAN_POINT('',(10.6480136854444,-26.8133787473061,25.468967796338));
#5573=CARTESIAN_POINT('Ctrl Pts',(9.69121443134156,-26.0726303013399,25.0743097039174));
#5574=CARTESIAN_POINT('Ctrl Pts',(10.0102473145963,-26.3196196334866,25.2058977590831));
#5575=CARTESIAN_POINT('Ctrl Pts',(10.3292425859878,-26.5665045400847,25.3374882493557));
#5576=CARTESIAN_POINT('Ctrl Pts',(10.6480136854444,-26.8133787473061,25.468967796338));
#5577=CARTESIAN_POINT('',(12.1557875708564,-25.7706706562181,23.7463743566276));
#5578=CARTESIAN_POINT('Origin',(11.0520717705755,-27.2090610915482,23.7463743566272));
#5579=CARTESIAN_POINT('Ctrl Pts',(5.88686940149856,-20.9603605594381,21.1905174644711));
#5580=CARTESIAN_POINT('Ctrl Pts',(7.97769255518539,-22.5647055923533,22.0261324958629));
#5581=CARTESIAN_POINT('Ctrl Pts',(10.0679631987611,-24.1686266693491,22.8886543606485));
#5582=CARTESIAN_POINT('Ctrl Pts',(12.1557875708563,-25.770670656218,23.7463743566275));
#5583=CARTESIAN_POINT('Ctrl Pts',(10.6480136854444,-26.8133787473062,25.468967796338));
#5584=CARTESIAN_POINT('Ctrl Pts',(11.8704142371882,-27.7947559106606,25.9811225639369));
#5585=CARTESIAN_POINT('Ctrl Pts',(14.4921820646885,-29.8760498598413,26.350863588399));
#5586=CARTESIAN_POINT('Ctrl Pts',(18.9335410174097,-33.3591950243427,24.6006432494542));
#5587=CARTESIAN_POINT('Ctrl Pts',(21.2684177364987,-35.1763352842348,21.438622739951));
#5588=CARTESIAN_POINT('Ctrl Pts',(22.0999218292141,-35.8232373221853,19.1945311320328));
#5589=CARTESIAN_POINT('Ctrl Pts',(10.9750166381567,-26.3973209211637,25.4501017375606));
#5590=CARTESIAN_POINT('Ctrl Pts',(12.1976824071168,-27.3701076063505,25.9712493837475));
#5591=CARTESIAN_POINT('Ctrl Pts',(14.8225319052664,-29.4404553234766,26.358955318749));
#5592=CARTESIAN_POINT('Ctrl Pts',(19.2835632591179,-32.9250460439995,24.6247081173114));
#5593=CARTESIAN_POINT('Ctrl Pts',(21.6295771916422,-34.7464199820622,21.4596282529549));
#5594=CARTESIAN_POINT('Ctrl Pts',(22.4663544118186,-35.3958397773358,19.2088685059103));
#5595=CARTESIAN_POINT('Ctrl Pts',(11.6381355265497,-25.7705633598294,25.0066206525834));
#5596=CARTESIAN_POINT('Ctrl Pts',(12.8226278802851,-26.6897341651403,25.5125214771903));
#5597=CARTESIAN_POINT('Ctrl Pts',(15.3663930857,-28.6584314044304,25.8954303597114));
#5598=CARTESIAN_POINT('Ctrl Pts',(19.682258609595,-31.9888392128177,24.2387632772753));
#5599=CARTESIAN_POINT('Ctrl Pts',(21.9553248331028,-33.7394696068391,21.1914190497509));
#5600=CARTESIAN_POINT('Ctrl Pts',(22.7645418910479,-34.3626652540036,19.0245806405041));
#5601=CARTESIAN_POINT('Ctrl Pts',(12.0581524747234,-25.6957526119813,24.1239648722634));
#5602=CARTESIAN_POINT('Ctrl Pts',(13.1550359890996,-26.5373216724164,24.5796919306974));
#5603=CARTESIAN_POINT('Ctrl Pts',(15.4995522964159,-28.3364234441701,24.9139392704003));
#5604=CARTESIAN_POINT('Ctrl Pts',(19.4571884253585,-31.3730689768128,23.3780056875475));
#5605=CARTESIAN_POINT('Ctrl Pts',(21.5340279397405,-32.9668739815945,20.5867646672323));
#5606=CARTESIAN_POINT('Ctrl Pts',(22.2734267679443,-33.5342082667773,18.6047264469786));
#5607=CARTESIAN_POINT('Ctrl Pts',(12.1557875708556,-25.7706706562174,23.7463743566272));
#5608=CARTESIAN_POINT('Ctrl Pts',(13.2130540115234,-26.5819397296263,24.1807205494194));
#5609=CARTESIAN_POINT('Ctrl Pts',(15.4687907160054,-28.31282738075,24.4942890573278));
#5610=CARTESIAN_POINT('Ctrl Pts',(19.2694967382516,-31.2292116849937,23.0099691039434));
#5611=CARTESIAN_POINT('Ctrl Pts',(21.2610004569845,-32.7573462350379,20.3283352371491));
#5612=CARTESIAN_POINT('Ctrl Pts',(21.9701244982257,-33.301476249707,18.4251748882848));
#5613=CARTESIAN_POINT('Ctrl Pts',(12.1557875708564,-25.770670656218,23.7463743566276));
#5614=CARTESIAN_POINT('Ctrl Pts',(13.2128985688666,-26.5818204542807,24.1806566904679));
#5615=CARTESIAN_POINT('Ctrl Pts',(15.4682846430897,-28.312439057344,24.4942665027383));
#5616=CARTESIAN_POINT('Ctrl Pts',(19.0430992495424,-31.0554907818965,23.0986164918249));
#5617=CARTESIAN_POINT('Ctrl Pts',(20.9242989788862,-32.4989861040007,20.7638871040124));
#5618=CARTESIAN_POINT('Ctrl Pts',(21.6475561177939,-33.053960825933,19.1994853186989));
#5619=CARTESIAN_POINT('Ctrl Pts',(10.6480136854444,-26.8133787473062,25.468967796338));
#5620=CARTESIAN_POINT('Ctrl Pts',(11.8704142371882,-27.7947559106606,25.9811225639369));
#5621=CARTESIAN_POINT('Ctrl Pts',(14.4921820646885,-29.8760498598413,26.350863588399));
#5622=CARTESIAN_POINT('Ctrl Pts',(18.9319945975615,-33.3579822413018,24.6012526520041));
#5623=CARTESIAN_POINT('Ctrl Pts',(21.2661412163732,-35.1745635560379,21.441705006897));
#5624=CARTESIAN_POINT('Ctrl Pts',(22.0978940741286,-35.8216597478437,19.1999999769115));
#5625=CARTESIAN_POINT('Origin',(0.269498154343639,-16.6499999999991,14.1304431546334));
#5626=CARTESIAN_POINT('Origin',(0.269498154344165,-16.6499999999997,25.4689677963369));
#5627=CARTESIAN_POINT('Origin',(0.269498154343613,-16.6499999999991,23.9379235660779));
#5628=CARTESIAN_POINT('Ctrl Pts',(13.1388723914742,-42.6979704281143,19.1968392544152));
#5629=CARTESIAN_POINT('Ctrl Pts',(12.7290949610931,-41.7270685536581,21.4403774131183));
#5630=CARTESIAN_POINT('Ctrl Pts',(11.5781526594973,-39.0013746813855,24.6013746727885));
#5631=CARTESIAN_POINT('Ctrl Pts',(9.36347895838859,-33.81051416999,26.3508231969968));
#5632=CARTESIAN_POINT('Ctrl Pts',(8.03187483975431,-30.7398885946328,25.9810472653226));
#5633=CARTESIAN_POINT('Ctrl Pts',(7.40041068938424,-29.3053521724259,25.4689677963383));
#5634=CARTESIAN_POINT('Ctrl Pts',(12.6311975012553,-42.9412932393104,19.2111821683354));
#5635=CARTESIAN_POINT('Ctrl Pts',(12.220352757007,-41.9646447342137,21.4613852949824));
#5636=CARTESIAN_POINT('Ctrl Pts',(11.0682059853625,-39.2271027904615,24.6254481444611));
#5637=CARTESIAN_POINT('Ctrl Pts',(8.85722807361479,-34.0168674118678,26.3589189993497));
#5638=CARTESIAN_POINT('Ctrl Pts',(7.5369940703538,-30.9460985926871,25.9711727629717));
#5639=CARTESIAN_POINT('Ctrl Pts',(6.91389509791685,-29.5135290804539,25.4501017375609));
#5640=CARTESIAN_POINT('Ctrl Pts',(11.5560661687408,-42.9619581609588,19.0268133017028));
#5641=CARTESIAN_POINT('Ctrl Pts',(11.1634248474087,-42.0187284183215,21.1931149238948));
#5642=CARTESIAN_POINT('Ctrl Pts',(10.0607301173132,-39.3699498972062,24.2394651378063));
#5643=CARTESIAN_POINT('Ctrl Pts',(7.96110127318527,-34.3398212445072,25.8953889281199));
#5644=CARTESIAN_POINT('Ctrl Pts',(6.71805622694993,-31.3736637213486,25.5124532198697));
#5645=CARTESIAN_POINT('Ctrl Pts',(6.13686004912019,-29.9918362462385,25.006626774403));
#5646=CARTESIAN_POINT('Ctrl Pts',(10.8829882077792,-42.2732316311151,18.6067652631413));
#5647=CARTESIAN_POINT('Ctrl Pts',(10.5262456037877,-41.4119240671304,20.5883139532119));
#5648=CARTESIAN_POINT('Ctrl Pts',(9.52424861587554,-38.9932850594632,23.378647588019));
#5649=CARTESIAN_POINT('Ctrl Pts',(7.6156312660773,-34.3851522305964,24.9139003816062));
#5650=CARTESIAN_POINT('Ctrl Pts',(6.4848171374366,-31.6553131381384,24.5796249282634));
#5651=CARTESIAN_POINT('Ctrl Pts',(5.955895966235,-30.378178718516,24.1239648722637));
#5652=CARTESIAN_POINT('Ctrl Pts',(10.7367018092245,-41.9200650237337,18.4271323516));
#5653=CARTESIAN_POINT('Ctrl Pts',(10.3945415691529,-41.094017131648,20.3298233334396));
#5654=CARTESIAN_POINT('Ctrl Pts',(9.43389253128821,-38.7748051957545,23.0105894065563));
#5655=CARTESIAN_POINT('Ctrl Pts',(7.6008112117653,-34.3493554132295,24.4942548023469));
#5656=CARTESIAN_POINT('Ctrl Pts',(6.51290149753379,-31.7229090264944,24.1806566904679));
#5657=CARTESIAN_POINT('Ctrl Pts',(6.00299141766832,-30.4918771960924,23.7463743566275));
#5658=CARTESIAN_POINT('',(7.40041068938395,-29.3053521724254,25.4689677963384));
#5659=CARTESIAN_POINT('Ctrl Pts',(13.1382948625987,-42.6966020666147,19.1999999877423));
#5660=CARTESIAN_POINT('Ctrl Pts',(12.7284462932083,-41.7255323632237,21.4421586966442));
#5661=CARTESIAN_POINT('Ctrl Pts',(11.5777069030328,-39.0003298955877,24.6017267914725));
#5662=CARTESIAN_POINT('Ctrl Pts',(9.36347895838859,-33.81051416999,26.3508231969968));
#5663=CARTESIAN_POINT('Ctrl Pts',(8.03187483975431,-30.7398885946328,25.9810472653226));
#5664=CARTESIAN_POINT('Ctrl Pts',(7.40041068938424,-29.3053521724259,25.4689677963383));
#5665=CARTESIAN_POINT('',(6.00299141766794,-30.4918771960915,23.7463743566272));
#5666=CARTESIAN_POINT('Origin',(7.67803255693461,-29.7980524386754,23.7463743566275));
#5667=CARTESIAN_POINT('Ctrl Pts',(10.58145738275,-41.5452718238563,19.1994828368145));
#5668=CARTESIAN_POINT('Ctrl Pts',(10.2326631457812,-40.7032080464884,20.7635234480174));
#5669=CARTESIAN_POINT('Ctrl Pts',(9.32537441202206,-38.5128192804589,23.0982200912386));
#5670=CARTESIAN_POINT('Ctrl Pts',(7.60105804718069,-34.349951326637,24.4942895282066));
#5671=CARTESIAN_POINT('Ctrl Pts',(6.51297647715057,-31.7230900433021,24.1807205494194));
#5672=CARTESIAN_POINT('Ctrl Pts',(6.00299141766794,-30.4918771960915,23.7463743566272));
#5673=CARTESIAN_POINT('Ctrl Pts',(7.40041068938408,-29.3053521724256,25.4689677963382));
#5674=CARTESIAN_POINT('Ctrl Pts',(6.22418534988461,-26.5012251105796,24.4773582928977));
#5675=CARTESIAN_POINT('Ctrl Pts',(5.05053121941849,-23.6843115911802,23.4793307766219));
#5676=CARTESIAN_POINT('Ctrl Pts',(3.82036623275588,-20.922550826403,22.5238816172847));
#5677=CARTESIAN_POINT('Ctrl Pts',(6.9138950979167,-29.5135290804536,25.4501017375608));
#5678=CARTESIAN_POINT('Ctrl Pts',(5.74068420116752,-26.7094791585296,24.4546936215191));
#5679=CARTESIAN_POINT('Ctrl Pts',(4.56797897559777,-23.8930380723516,23.4551278148399));
#5680=CARTESIAN_POINT('Ctrl Pts',(3.3561334637815,-21.1301177961808,22.4788752336697));
#5681=CARTESIAN_POINT('Ctrl Pts',(6.13681155501955,-29.9918386899057,25.0066767865645));
#5682=CARTESIAN_POINT('Ctrl Pts',(4.97072779375714,-27.1850787940881,24.0092634473934));
#5683=CARTESIAN_POINT('Ctrl Pts',(3.80255856642007,-24.3692617696012,23.0073547685346));
#5684=CARTESIAN_POINT('Ctrl Pts',(2.63020942326164,-21.5863631531157,22.0205523745095));
#5685=CARTESIAN_POINT('Ctrl Pts',(5.95589596623492,-30.3781787185158,24.1239648722636));
#5686=CARTESIAN_POINT('Ctrl Pts',(4.7919848708543,-27.5681674919234,23.1306316178201));
#5687=CARTESIAN_POINT('Ctrl Pts',(3.62572589896762,-24.7530595142289,22.1313936929298));
#5688=CARTESIAN_POINT('Ctrl Pts',(2.4629533651659,-21.9454693184242,21.1666311716876));
#5689=CARTESIAN_POINT('Ctrl Pts',(6.00299141766825,-30.4918771960922,23.7463743566275));
#5690=CARTESIAN_POINT('Ctrl Pts',(4.83869887870347,-27.6810263579536,22.7547648531869));
#5691=CARTESIAN_POINT('Ctrl Pts',(3.67282920808222,-24.8663679871803,21.7567373369111));
#5692=CARTESIAN_POINT('Ctrl Pts',(2.50679391494714,-22.0513097682879,20.801288177574));
#5693=CARTESIAN_POINT('Ctrl Pts',(6.00299141766794,-30.4918771960915,23.7463743566272));
#5694=CARTESIAN_POINT('Ctrl Pts',(4.99590050427621,-28.0605446544384,22.888650986317));
#5695=CARTESIAN_POINT('Ctrl Pts',(3.98772870489648,-25.6266026231738,22.0262061253951));
#5696=CARTESIAN_POINT('Ctrl Pts',(2.97910412433803,-23.1915674814467,21.1905170718945));
#5697=CARTESIAN_POINT('',(6.93189510148757,-28.1896100126442,25.0745721268257));
#5698=CARTESIAN_POINT('Ctrl Pts',(7.40041068938408,-29.3053521724256,25.4689677963382));
#5699=CARTESIAN_POINT('Ctrl Pts',(7.24445452665697,-28.9335519045017,25.3374899171538));
#5700=CARTESIAN_POINT('Ctrl Pts',(7.08854356632053,-28.5615268479891,25.2058992079662));
#5701=CARTESIAN_POINT('Ctrl Pts',(6.93254009006091,-28.1894353669143,25.0743098776711));
#5702=CARTESIAN_POINT('Ctrl Pts',(6.93189510149444,-28.1896100126533,25.0745721268294));
#5703=CARTESIAN_POINT('Ctrl Pts',(6.92643444540172,-28.180151878858,25.0709866253759));
#5704=CARTESIAN_POINT('Ctrl Pts',(6.92097403646233,-28.1706941731457,25.067399584852));
#5705=CARTESIAN_POINT('Ctrl Pts',(5.62331341265753,-25.9230800418515,24.2145388052713));
#5706=CARTESIAN_POINT('Ctrl Pts',(4.26365968366528,-23.5680907024212,23.2256699632099));
#5707=CARTESIAN_POINT('Ctrl Pts',(3.0004321416099,-21.3801164180609,22.1763992966257));
#5708=CARTESIAN_POINT('Ctrl Pts',(2.19420166976346,-21.8614173745933,22.5238816172847));
#5709=CARTESIAN_POINT('Ctrl Pts',(3.97112023509012,-24.3079907008362,23.4794631106575));
#5710=CARTESIAN_POINT('Ctrl Pts',(5.82358867789368,-26.7325530825897,24.4773706411397));
#5711=CARTESIAN_POINT('Ctrl Pts',(7.66389836198277,-29.1532274937216,25.4689677963379));
#5712=CARTESIAN_POINT('Ctrl Pts',(2.60607632306483,-21.5631634882812,22.4788752336697));
#5713=CARTESIAN_POINT('Ctrl Pts',(4.39316019988418,-23.9944493225264,23.4552630302436));
#5714=CARTESIAN_POINT('Ctrl Pts',(6.24569256615507,-26.4179557960276,24.4547060170642));
#5715=CARTESIAN_POINT('Ctrl Pts',(8.08744264855002,-28.8359810861876,25.4501017375606));
#5716=CARTESIAN_POINT('Ctrl Pts',(3.36415807055123,-21.1626180028012,22.0205517831018));
#5717=CARTESIAN_POINT('Ctrl Pts',(5.18829701352121,-23.5696847946063,23.0074908537275));
#5718=CARTESIAN_POINT('Ctrl Pts',(7.04255184269346,-25.9889543131191,24.0092751713318));
#5719=CARTESIAN_POINT('Ctrl Pts',(8.89021232546574,-28.4021623698266,25.006676089987));
#5720=CARTESIAN_POINT('Ctrl Pts',(3.7587815036497,-21.1973225938471,21.1666311716876));
#5721=CARTESIAN_POINT('Ctrl Pts',(5.60909591116636,-23.6084421495752,22.1315273169082));
#5722=CARTESIAN_POINT('Ctrl Pts',(7.46368826415687,-26.0257021789447,23.1306439875275));
#5723=CARTESIAN_POINT('Ctrl Pts',(9.31525076632581,-28.4386543203789,24.1239648722634));
#5724=CARTESIAN_POINT('Ctrl Pts',(3.82852174708906,-21.2882098486054,20.801288177574));
#5725=CARTESIAN_POINT('Ctrl Pts',(5.6836729424733,-23.7058899568868,21.7568696709467));
#5726=CARTESIAN_POINT('Ctrl Pts',(7.5380699119365,-26.1225871388111,22.754777201429));
#5727=CARTESIAN_POINT('Ctrl Pts',(9.39016881056196,-28.5362894165111,23.7463743566272));
#5728=CARTESIAN_POINT('',(7.66389836198277,-29.1532274937216,25.4689677963379));
#5729=CARTESIAN_POINT('Ctrl Pts',(6.9314210573169,-28.1900815696776,25.0743097039174));
#5730=CARTESIAN_POINT('Ctrl Pts',(7.1756576155914,-28.5112267306163,25.2058977590831));
#5731=CARTESIAN_POINT('Ctrl Pts',(7.41988487091664,-28.8322612895541,25.3374882493557));
#5732=CARTESIAN_POINT('Ctrl Pts',(7.66389836198277,-29.1532274937216,25.4689677963379));
#5733=CARTESIAN_POINT('Origin',(7.95177837523114,-29.6400052167912,23.7463743566272));
#5734=CARTESIAN_POINT('Ctrl Pts',(7.66389836198276,-29.1532274937216,25.468967796338));
#5735=CARTESIAN_POINT('Ctrl Pts',(8.59064752467729,-30.417545584671,25.9811225639369));
#5736=CARTESIAN_POINT('Ctrl Pts',(10.58440359251,-33.1064863830237,26.350867364195));
#5737=CARTESIAN_POINT('Ctrl Pts',(13.9729255475377,-37.6204582579215,24.6006502495513));
#5738=CARTESIAN_POINT('Ctrl Pts',(15.7579284953994,-39.9799860319708,21.438622739951));
#5739=CARTESIAN_POINT('Ctrl Pts',(16.3936692054811,-40.8200545127817,19.1945311320328));
#5740=CARTESIAN_POINT('Ctrl Pts',(8.08744264855002,-28.8359810861876,25.4501017375606));
#5741=CARTESIAN_POINT('Ctrl Pts',(9.01667137075962,-30.0920700556815,25.9712493837475));
#5742=CARTESIAN_POINT('Ctrl Pts',(11.016236939297,-32.7712350314324,26.3589560441176));
#5743=CARTESIAN_POINT('Ctrl Pts',(14.4233858911026,-37.291693623449,24.6247109744086));
#5744=CARTESIAN_POINT('Ctrl Pts',(16.2180520085143,-39.6581946837954,21.4596282529549));
#5745=CARTESIAN_POINT('Ctrl Pts',(16.8582345250497,-40.5020599172431,19.2088685059103));
#5746=CARTESIAN_POINT('Ctrl Pts',(8.89018419069672,-28.4022058849446,25.0066227173401));
#5747=CARTESIAN_POINT('Ctrl Pts',(9.79641703609497,-29.5966258844904,25.512523541947));
#5748=CARTESIAN_POINT('Ctrl Pts',(11.7439714556847,-32.1566188628105,25.8954370967064));
#5749=CARTESIAN_POINT('Ctrl Pts',(15.0508078146313,-36.4905782313073,24.2387735809765));
#5750=CARTESIAN_POINT('Ctrl Pts',(16.7933213539364,-38.7698657073024,21.1914202698818));
#5751=CARTESIAN_POINT('Ctrl Pts',(17.4136701069681,-39.5812672639475,19.024581860635));
#5752=CARTESIAN_POINT('Ctrl Pts',(9.31525076632581,-28.4386543203789,24.1239648722634));
#5753=CARTESIAN_POINT('Ctrl Pts',(10.1569447806828,-29.5354419542385,24.5796919306974));
#5754=CARTESIAN_POINT('Ctrl Pts',(11.9559329046703,-31.8800479780798,24.913943179297));
#5755=CARTESIAN_POINT('Ctrl Pts',(14.9927768220819,-35.8375375471481,23.3780126469172));
#5756=CARTESIAN_POINT('Ctrl Pts',(16.5863389149769,-37.9145552767368,20.5867646672323));
#5757=CARTESIAN_POINT('Ctrl Pts',(17.1537064211219,-38.6539286135997,18.6047264469786));
#5758=CARTESIAN_POINT('Ctrl Pts',(9.39016881056196,-28.5362894165111,23.7463743566272));
#5759=CARTESIAN_POINT('Ctrl Pts',(10.2014378839708,-29.5935558571789,24.1807205494194));
#5760=CARTESIAN_POINT('Ctrl Pts',(11.932326672786,-31.8492940443292,24.49429225949));
#5761=CARTESIAN_POINT('Ctrl Pts',(14.8487134229928,-35.6500032542166,23.009975040558));
#5762=CARTESIAN_POINT('Ctrl Pts',(16.3768443893825,-37.64150230264,20.3283352371491));
#5763=CARTESIAN_POINT('Ctrl Pts',(16.9209744040516,-38.3506263438812,18.4251748882848));
#5764=CARTESIAN_POINT('Ctrl Pts',(7.66389836198276,-29.1532274937216,25.468967796338));
#5765=CARTESIAN_POINT('Ctrl Pts',(8.59064752467729,-30.417545584671,25.9811225639369));
#5766=CARTESIAN_POINT('Ctrl Pts',(10.58440359251,-33.1064863830237,26.350867364195));
#5767=CARTESIAN_POINT('Ctrl Pts',(13.9717457109923,-37.6188865552578,24.6012596509781));
#5768=CARTESIAN_POINT('Ctrl Pts',(15.7561881069783,-39.9776854725408,21.4417050137173));
#5769=CARTESIAN_POINT('Ctrl Pts',(16.3921188507653,-40.8180058713551,19.1999999769162));
#5770=CARTESIAN_POINT('Origin',(0.269498154343639,-16.6499999999991,14.1304431546334));
#5771=CARTESIAN_POINT('Origin',(0.269498154343983,-16.6499999999998,25.4689677963369));
#5772=CARTESIAN_POINT('Origin',(0.26949815434361,-16.6499999999991,23.9379235660779));
#5773=CARTESIAN_POINT('Ctrl Pts',(-21.5600700534656,-35.8225717768862,19.1968392544151));
#5774=CARTESIAN_POINT('Ctrl Pts',(-20.7283090613718,-35.1754692778157,21.4403774131182));
#5775=CARTESIAN_POINT('Ctrl Pts',(-18.3933967901104,-33.3582980929754,24.6014000014316));
#5776=CARTESIAN_POINT('Ctrl Pts',(-13.9525965653452,-29.8755837943061,26.3508368753737));
#5777=CARTESIAN_POINT('Ctrl Pts',(-11.3312382073048,-27.7946116254854,25.9810472653225));
#5778=CARTESIAN_POINT('Ctrl Pts',(-10.1090173767581,-26.8133787473069,25.4689677963383));
#5779=CARTESIAN_POINT('Ctrl Pts',(-21.9264977712342,-35.3951720667106,19.2111821683353));
#5780=CARTESIAN_POINT('Ctrl Pts',(-21.0894622013465,-34.7455512841562,21.4613852949823));
#5781=CARTESIAN_POINT('Ctrl Pts',(-18.7434118512826,-32.9241465989546,24.6254584693358));
#5782=CARTESIAN_POINT('Ctrl Pts',(-14.2829447931831,-29.4399907822698,26.3589216365912));
#5783=CARTESIAN_POINT('Ctrl Pts',(-11.6585063382403,-27.3699645841747,25.9711727629716));
#5784=CARTESIAN_POINT('Ctrl Pts',(-10.4360203294705,-26.3973209211644,25.4501017375609));
#5785=CARTESIAN_POINT('Ctrl Pts',(-22.2247156161864,-34.3620238288001,19.0268106589604));
#5786=CARTESIAN_POINT('Ctrl Pts',(-21.415248699504,-33.7386356147555,21.1931122811524));
#5787=CARTESIAN_POINT('Ctrl Pts',(-19.1421479888535,-31.9879779305233,24.2394901028906));
#5788=CARTESIAN_POINT('Ctrl Pts',(-14.8268263865546,-28.6579881838965,25.8954014644962));
#5789=CARTESIAN_POINT('Ctrl Pts',(-12.2834579162391,-26.6895974996852,25.5124487496972));
#5790=CARTESIAN_POINT('Ctrl Pts',(-11.0991397103175,-25.7705618337745,25.0066223042305));
#5791=CARTESIAN_POINT('Ctrl Pts',(-21.7336696703031,-33.5336244928808,18.6067652631412));
#5792=CARTESIAN_POINT('Ctrl Pts',(-20.9940422299845,-32.9661147970977,20.5883139532119));
#5793=CARTESIAN_POINT('Ctrl Pts',(-18.9171702779115,-31.3722852176739,23.3786727717231));
#5794=CARTESIAN_POINT('Ctrl Pts',(-14.9600296210258,-28.3360197663676,24.9139145403054));
#5795=CARTESIAN_POINT('Ctrl Pts',(-12.6158784131282,-26.5371979422708,24.5796249282634));
#5796=CARTESIAN_POINT('Ctrl Pts',(-11.5191561660371,-25.6957526119819,24.1239648722637));
#5797=CARTESIAN_POINT('Ctrl Pts',(-21.4303986292359,-33.3009164383975,18.4271323515999));
#5798=CARTESIAN_POINT('Ctrl Pts',(-20.721055223126,-32.7566180991444,20.3298233334395));
#5799=CARTESIAN_POINT('Ctrl Pts',(-18.7295196650044,-31.2284591178779,23.0106108871719));
#5800=CARTESIAN_POINT('Ctrl Pts',(-14.9292882881167,-28.3124390218276,24.4942664026508));
#5801=CARTESIAN_POINT('Ctrl Pts',(-12.6739022601794,-26.5818204542807,24.1806566904679));
#5802=CARTESIAN_POINT('Ctrl Pts',(-11.6167912621692,-25.770670656218,23.7463743566275));
#5803=CARTESIAN_POINT('',(-10.1090173767577,-26.8133787473065,25.4689677963383));
#5804=CARTESIAN_POINT('Ctrl Pts',(-21.5588977932335,-35.8216597688192,19.1999999877523));
#5805=CARTESIAN_POINT('Ctrl Pts',(-20.7269931142551,-35.1744451259729,21.4421587109158));
#5806=CARTESIAN_POINT('Ctrl Pts',(-18.3925029720246,-33.3575971127758,24.6017521177707));
#5807=CARTESIAN_POINT('Ctrl Pts',(-13.9525965653452,-29.8755837943061,26.3508368753737));
#5808=CARTESIAN_POINT('Ctrl Pts',(-11.3312382073048,-27.7946116254854,25.9810472653225));
#5809=CARTESIAN_POINT('Ctrl Pts',(-10.1090173767581,-26.8133787473069,25.4689677963383));
#5810=CARTESIAN_POINT('',(-11.6167912621684,-25.7706706562174,23.7463743566271));
#5811=CARTESIAN_POINT('Origin',(-10.5130754618891,-27.2090610915489,23.7463743566275));
#5812=CARTESIAN_POINT('Ctrl Pts',(-21.1085567337644,-33.0539584661399,19.1994830717521));
#5813=CARTESIAN_POINT('Ctrl Pts',(-20.3854612399481,-32.4991077788487,20.7635250962989));
#5814=CARTESIAN_POINT('Ctrl Pts',(-18.5045386218814,-31.055825091706,23.0982306553604));
#5815=CARTESIAN_POINT('Ctrl Pts',(-14.9297973369672,-28.3128296287488,24.4942953910843));
#5816=CARTESIAN_POINT('Ctrl Pts',(-12.6740577028362,-26.5819397296263,24.1807205494193));
#5817=CARTESIAN_POINT('Ctrl Pts',(-11.6167912621684,-25.7706706562174,23.7463743566272));
#5818=CARTESIAN_POINT('Ctrl Pts',(-10.1090173767578,-26.8133787473067,25.4689677963382));
#5819=CARTESIAN_POINT('Ctrl Pts',(-7.70486814671932,-24.9514708258554,24.4773582928976));
#5820=CARTESIAN_POINT('Ctrl Pts',(-5.28770266923648,-23.08873712288,23.4793307766218));
#5821=CARTESIAN_POINT('Ctrl Pts',(-2.93843674767293,-21.1856927077248,22.5238816172847));
#5822=CARTESIAN_POINT('Ctrl Pts',(-10.4360203294702,-26.3973209211642,25.4501017375608));
#5823=CARTESIAN_POINT('Ctrl Pts',(-8.03116541568049,-24.5383446930983,24.454693621519));
#5824=CARTESIAN_POINT('Ctrl Pts',(-5.61421067898816,-22.6766498365842,23.4551278148398));
#5825=CARTESIAN_POINT('Ctrl Pts',(-3.25908332643717,-20.7910005716754,22.4788752336697));
#5826=CARTESIAN_POINT('Ctrl Pts',(-11.0991556688549,-25.7705123801998,25.0066758277325));
#5827=CARTESIAN_POINT('Ctrl Pts',(-8.68983848289181,-23.9177190435125,24.0092624885615));
#5828=CARTESIAN_POINT('Ctrl Pts',(-6.27231254845695,-22.0605670398493,23.0073539544675));
#5829=CARTESIAN_POINT('Ctrl Pts',(-3.88766518860854,-20.2078975625089,22.0205515604424));
#5830=CARTESIAN_POINT('Ctrl Pts',(-11.5191561660369,-25.6957526119818,24.1239648722636));
#5831=CARTESIAN_POINT('Ctrl Pts',(-9.10613610839965,-23.8442164030552,23.1306316178201));
#5832=CARTESIAN_POINT('Ctrl Pts',(-6.68880064239813,-21.9890931833212,22.1313936929297));
#5833=CARTESIAN_POINT('Ctrl Pts',(-4.2778244395044,-20.1392833493051,21.1666311716876));
#5834=CARTESIAN_POINT('Ctrl Pts',(-11.6167912621691,-25.7706706562179,23.7463743566274));
#5835=CARTESIAN_POINT('Ctrl Pts',(-9.20305892691958,-23.9185486936235,22.7547648531869));
#5836=CARTESIAN_POINT('Ctrl Pts',(-6.78605698927312,-22.06391787687,21.7567373369111));
#5837=CARTESIAN_POINT('Ctrl Pts',(-4.3687116942627,-20.2090235927445,20.801288177574));
#5838=CARTESIAN_POINT('Ctrl Pts',(-11.6167912621684,-25.7706706562174,23.7463743566271));
#5839=CARTESIAN_POINT('Ctrl Pts',(-9.52895867642416,-24.168620366794,22.888650986317));
#5840=CARTESIAN_POINT('Ctrl Pts',(-7.43888527114992,-22.56485063607,22.0262061253951));
#5841=CARTESIAN_POINT('Ctrl Pts',(-5.34787319064134,-20.9603606345057,21.1905170718945));
#5842=CARTESIAN_POINT('',(-9.1525539662205,-26.0720521205632,25.0745721268256));
#5843=CARTESIAN_POINT('Ctrl Pts',(-10.1090173767578,-26.8133787473067,25.4689677963382));
#5844=CARTESIAN_POINT('Ctrl Pts',(-9.79025032086384,-26.5665076716467,25.3374899171538));
#5845=CARTESIAN_POINT('Ctrl Pts',(-9.47125443662697,-26.3196220785754,25.2058992079661));
#5846=CARTESIAN_POINT('Ctrl Pts',(-9.15221833607292,-26.0726299300428,25.074309877671));
#5847=CARTESIAN_POINT('Ctrl Pts',(-9.15255396622747,-26.0720521205722,25.0745721268293));
#5848=CARTESIAN_POINT('Ctrl Pts',(-9.1448314323217,-26.0643295866664,25.0709866253759));
#5849=CARTESIAN_POINT('Ctrl Pts',(-9.13710924794432,-26.0566074022884,25.067399584852));
#5850=CARTESIAN_POINT('Ctrl Pts',(-7.30193999451523,-24.2214381487765,24.2145388052713));
#5851=CARTESIAN_POINT('Ctrl Pts',(-5.37909925073196,-22.2985974050746,23.2256699632099));
#5852=CARTESIAN_POINT('Ctrl Pts',(-3.592625728394,-20.5121238827367,22.1763992966257));
#5853=CARTESIAN_POINT('Ctrl Pts',(-4.2661945533821,-19.8579349020156,22.5238816172847));
#5854=CARTESIAN_POINT('Ctrl Pts',(-6.16950254880729,-22.2075262075486,23.4794631106574));
#5855=CARTESIAN_POINT('Ctrl Pts',(-8.03199585734297,-24.6243962392751,24.4773706411397));
#5856=CARTESIAN_POINT('Ctrl Pts',(-9.89388059296347,-27.0285155310998,25.4689677963379));
#5857=CARTESIAN_POINT('Ctrl Pts',(-3.87150241733278,-20.1785814807799,22.4788752336697));
#5858=CARTESIAN_POINT('Ctrl Pts',(-5.75741285320443,-22.5340350291351,23.4552630302436));
#5859=CARTESIAN_POINT('Ctrl Pts',(-7.61886968807831,-24.9506935170239,24.4547060170641));
#5860=CARTESIAN_POINT('Ctrl Pts',(-9.47782276682103,-27.3555184838122,25.4501017375605));
#5861=CARTESIAN_POINT('Ctrl Pts',(-3.28839940816617,-20.8071633429512,22.0205515604424));
#5862=CARTESIAN_POINT('Ctrl Pts',(-5.14132548861963,-23.1921409872585,23.0074906310681));
#5863=CARTESIAN_POINT('Ctrl Pts',(-6.99824396149871,-25.6093666398027,24.0092749090771));
#5864=CARTESIAN_POINT('Ctrl Pts',(-8.85101422585656,-28.0186538231969,25.0066758277323));
#5865=CARTESIAN_POINT('Ctrl Pts',(-3.21978519496246,-21.1973225938471,21.1666311716876));
#5866=CARTESIAN_POINT('Ctrl Pts',(-5.06985123601791,-23.6086327278637,22.1315273169081));
#5867=CARTESIAN_POINT('Ctrl Pts',(-6.92474130538674,-26.0256643114214,23.1306439875275));
#5868=CARTESIAN_POINT('Ctrl Pts',(-8.77625445763859,-28.4386543203789,24.1239648722633));
#5869=CARTESIAN_POINT('Ctrl Pts',(-3.28952543840183,-21.2882098486054,20.801288177574));
#5870=CARTESIAN_POINT('Ctrl Pts',(-5.14467663378607,-23.7058899568868,21.7568696709467));
#5871=CARTESIAN_POINT('Ctrl Pts',(-6.99907360324926,-26.1225871388111,22.7547772014289));
#5872=CARTESIAN_POINT('Ctrl Pts',(-8.85117250187474,-28.5362894165111,23.7463743566272));
#5873=CARTESIAN_POINT('',(-9.89388059296348,-27.0285155310998,25.4689677963379));
#5874=CARTESIAN_POINT('Ctrl Pts',(-9.15313214699722,-26.071716276997,25.0743097039173));
#5875=CARTESIAN_POINT('Ctrl Pts',(-9.40012147914394,-26.3907491602518,25.205897759083));
#5876=CARTESIAN_POINT('Ctrl Pts',(-9.647006385742,-26.7097444316433,25.3374882493556));
#5877=CARTESIAN_POINT('Ctrl Pts',(-9.89388059296347,-27.0285155310998,25.4689677963379));
#5878=CARTESIAN_POINT('',(-8.85117250187537,-28.5362894165119,23.7463743566275));
#5879=CARTESIAN_POINT('Origin',(-10.2895629372056,-27.4325736162309,23.7463743566272));
#5880=CARTESIAN_POINT('Ctrl Pts',(-4.0408624050954,-22.267371247154,21.190517464471));
#5881=CARTESIAN_POINT('Ctrl Pts',(-5.64520743801059,-24.3581944008408,22.0261324958629));
#5882=CARTESIAN_POINT('Ctrl Pts',(-7.24912851500638,-26.4484650444165,22.8886543606485));
#5883=CARTESIAN_POINT('Ctrl Pts',(-8.85117250187526,-28.5362894165117,23.7463743566274));
#5884=CARTESIAN_POINT('Ctrl Pts',(-9.89388059296347,-27.0285155310998,25.4689677963379));
#5885=CARTESIAN_POINT('Ctrl Pts',(-10.8752577563179,-28.2509160828436,25.9811225639369));
#5886=CARTESIAN_POINT('Ctrl Pts',(-12.9565530342551,-30.8726855954386,26.3508672459639));
#5887=CARTESIAN_POINT('Ctrl Pts',(-16.439700941846,-35.3140482356449,24.600650030261));
#5888=CARTESIAN_POINT('Ctrl Pts',(-18.2568371298922,-37.6489195821541,21.4386227399509));
#5889=CARTESIAN_POINT('Ctrl Pts',(-18.9037391678426,-38.4804236748695,19.1945311320327));
#5890=CARTESIAN_POINT('Ctrl Pts',(-9.47782276682103,-27.3555184838122,25.4501017375605));
#5891=CARTESIAN_POINT('Ctrl Pts',(-10.4506094520079,-28.5781842527723,25.9712493837474));
#5892=CARTESIAN_POINT('Ctrl Pts',(-12.5209584040102,-31.2030351522142,26.3589560214412));
#5893=CARTESIAN_POINT('Ctrl Pts',(-16.0055510055909,-35.6640690138061,24.6247108848755));
#5894=CARTESIAN_POINT('Ctrl Pts',(-17.8269218277195,-38.0100790372976,21.4596282529548));
#5895=CARTESIAN_POINT('Ctrl Pts',(-18.4763416229931,-38.8468562574741,19.2088685059102));
#5896=CARTESIAN_POINT('Ctrl Pts',(-8.85106367972908,-28.0186378645631,25.0066223039077));
#5897=CARTESIAN_POINT('Ctrl Pts',(-9.77023448504004,-29.2031302182985,25.5125231285146));
#5898=CARTESIAN_POINT('Ctrl Pts',(-11.7389334761776,-31.7468979960726,25.895436538976));
#5899=CARTESIAN_POINT('Ctrl Pts',(-15.0693444066982,-36.0627676891558,24.2387728977521));
#5900=CARTESIAN_POINT('Ctrl Pts',(-16.8199713020832,-38.3358294130994,21.1914200255713));
#5901=CARTESIAN_POINT('Ctrl Pts',(-17.4431669492476,-39.1450464710446,19.0245816163244));
#5902=CARTESIAN_POINT('Ctrl Pts',(-8.77625445763859,-28.4386543203789,24.1239648722633));
#5903=CARTESIAN_POINT('Ctrl Pts',(-9.61782351807372,-29.5355378347551,24.5796919306974));
#5904=CARTESIAN_POINT('Ctrl Pts',(-11.4169265983185,-31.8800555710009,24.9139430568911));
#5905=CARTESIAN_POINT('Ctrl Pts',(-14.4535748495094,-35.8376951023502,23.3780124289085));
#5906=CARTESIAN_POINT('Ctrl Pts',(-16.0473758272519,-37.914529785396,20.5867646672322));
#5907=CARTESIAN_POINT('Ctrl Pts',(-16.6147101124346,-38.6539286135997,18.6047264469785));
#5908=CARTESIAN_POINT('Ctrl Pts',(-8.85117250187474,-28.5362894165111,23.7463743566272));
#5909=CARTESIAN_POINT('Ctrl Pts',(-9.66244157528359,-29.5935558571789,24.1807205494193));
#5910=CARTESIAN_POINT('Ctrl Pts',(-11.3933303285105,-31.8492939979497,24.494292159221));
#5911=CARTESIAN_POINT('Ctrl Pts',(-14.3097170020126,-35.6500031078736,23.0099748545832));
#5912=CARTESIAN_POINT('Ctrl Pts',(-15.8378480806952,-37.6415023026399,20.328335237149));
#5913=CARTESIAN_POINT('Ctrl Pts',(-16.3819780953643,-38.3506263438812,18.4251748882847));
#5914=CARTESIAN_POINT('Ctrl Pts',(-8.85117250187537,-28.5362894165119,23.7463743566275));
#5915=CARTESIAN_POINT('Ctrl Pts',(-9.66232229993799,-29.5934004145221,24.1806566904679));
#5916=CARTESIAN_POINT('Ctrl Pts',(-11.3929420124905,-31.8487879346597,24.4942696326843));
#5917=CARTESIAN_POINT('Ctrl Pts',(-14.1359960055149,-35.4236054974424,23.0986221342293));
#5918=CARTESIAN_POINT('Ctrl Pts',(-15.5794885164537,-37.3048015632042,20.763887982462));
#5919=CARTESIAN_POINT('Ctrl Pts',(-16.1344628027863,-38.0280581344272,19.1994854436075));
#5920=CARTESIAN_POINT('Ctrl Pts',(-9.89388059296347,-27.0285155310998,25.4689677963379));
#5921=CARTESIAN_POINT('Ctrl Pts',(-10.8752577563179,-28.2509160828436,25.9811225639369));
#5922=CARTESIAN_POINT('Ctrl Pts',(-12.9565530342551,-30.8726855954386,26.3508672459639));
#5923=CARTESIAN_POINT('Ctrl Pts',(-16.4384881578508,-35.3125018145139,24.601259431723));
#5924=CARTESIAN_POINT('Ctrl Pts',(-18.2550654056646,-37.6466430672661,21.4417050135035));
#5925=CARTESIAN_POINT('Ctrl Pts',(-18.9021615935068,-38.4783959197917,19.199999976916));
#5926=CARTESIAN_POINT('Origin',(0.269498154343641,-16.6499999999991,14.1304431546334));
#5927=CARTESIAN_POINT('Origin',(0.269498154342978,-16.6499999999996,25.4689677963369));
#5928=CARTESIAN_POINT('Origin',(0.269498154343613,-16.6499999999991,23.9379235660779));
#5929=CARTESIAN_POINT('Ctrl Pts',(-25.7784722737716,-29.5193742371297,19.1968392544151));
#5930=CARTESIAN_POINT('Ctrl Pts',(-24.8075703993154,-29.1095968067485,21.4403774131182));
#5931=CARTESIAN_POINT('Ctrl Pts',(-22.081882890008,-27.9586570966988,24.6013815956123));
#5932=CARTESIAN_POINT('Ctrl Pts',(-16.8910180440575,-25.7439816752046,26.3508269400151));
#5933=CARTESIAN_POINT('Ctrl Pts',(-13.8203904402901,-24.4123766854098,25.9810472653225));
#5934=CARTESIAN_POINT('Ctrl Pts',(-12.3858540180832,-23.7809125350397,25.4689677963383));
#5935=CARTESIAN_POINT('Ctrl Pts',(-26.0217950849677,-29.0116993469107,19.2111821683353));
#5936=CARTESIAN_POINT('Ctrl Pts',(-25.0451465798711,-28.6008546026624,21.4613852949823));
#5937=CARTESIAN_POINT('Ctrl Pts',(-22.3076093072149,-27.4487098685026,24.6254509639455));
#5938=CARTESIAN_POINT('Ctrl Pts',(-17.0973709758771,-25.2377307706713,26.3589197241651));
#5939=CARTESIAN_POINT('Ctrl Pts',(-14.0266004383444,-23.9174959160093,25.9711727629716));
#5940=CARTESIAN_POINT('Ctrl Pts',(-12.5940309261112,-23.2943969435723,25.4501017375609));
#5941=CARTESIAN_POINT('Ctrl Pts',(-26.0424627280415,-27.9365671221845,19.0268143227557));
#5942=CARTESIAN_POINT('Ctrl Pts',(-25.0992329854042,-27.5439258008524,21.1931159449477));
#5943=CARTESIAN_POINT('Ctrl Pts',(-22.4504597805611,-26.44123331624,24.2394750057082));
#5944=CARTESIAN_POINT('Ctrl Pts',(-17.420326215448,-24.3416025054344,25.8953952877618));
#5945=CARTESIAN_POINT('Ctrl Pts',(-14.4541656513946,-23.0985563979285,25.5124549469707));
#5946=CARTESIAN_POINT('Ctrl Pts',(-13.0723381762845,-22.5173602200987,25.006628501504));
#5947=CARTESIAN_POINT('Ctrl Pts',(-25.3537334767724,-27.2634900534346,18.6067652631411));
#5948=CARTESIAN_POINT('Ctrl Pts',(-24.4924259127877,-26.9067474494432,20.5883139532118));
#5949=CARTESIAN_POINT('Ctrl Pts',(-22.0737927229163,-25.9047531520184,23.3786544717052));
#5950=CARTESIAN_POINT('Ctrl Pts',(-17.4656558458043,-23.9961340308097,24.913904255464));
#5951=CARTESIAN_POINT('Ctrl Pts',(-14.7358149837957,-22.8653189830921,24.5796249282634));
#5952=CARTESIAN_POINT('Ctrl Pts',(-13.4586805641733,-22.3363978118904,24.1239648722637));
#5953=CARTESIAN_POINT('Ctrl Pts',(-25.000566869391,-27.1172036548799,18.4271323515999));
#5954=CARTESIAN_POINT('Ctrl Pts',(-24.1745189773053,-26.7750434148083,20.3298233334395));
#5955=CARTESIAN_POINT('Ctrl Pts',(-21.855312410634,-25.8143966009483,23.0105952776373));
#5956=CARTESIAN_POINT('Ctrl Pts',(-17.4298589795658,-23.9813137701493,24.4942579767111));
#5957=CARTESIAN_POINT('Ctrl Pts',(-14.8034108721517,-22.8934033431892,24.1806566904678));
#5958=CARTESIAN_POINT('Ctrl Pts',(-13.5723790417497,-22.3834932633238,23.7463743566275));
#5959=CARTESIAN_POINT('',(-12.3858540180827,-23.7809125350394,25.4689677963383));
#5960=CARTESIAN_POINT('Ctrl Pts',(-25.7771039122745,-29.5187967082552,19.199999987745));
#5961=CARTESIAN_POINT('Ctrl Pts',(-24.8060342124662,-29.108948140324,21.4421587005448));
#5962=CARTESIAN_POINT('Ctrl Pts',(-22.0808381033377,-27.9582113398879,24.6017337136563));
#5963=CARTESIAN_POINT('Ctrl Pts',(-16.8910180440575,-25.7439816752046,26.3508269400151));
#5964=CARTESIAN_POINT('Ctrl Pts',(-13.8203904402901,-24.4123766854098,25.9810472653225));
#5965=CARTESIAN_POINT('Ctrl Pts',(-12.3858540180832,-23.7809125350397,25.4689677963383));
#5966=CARTESIAN_POINT('',(-13.5723790417488,-22.3834932633234,23.7463743566271));
#5967=CARTESIAN_POINT('Origin',(-12.8785542843327,-24.0585344025901,23.7463743566275));
#5968=CARTESIAN_POINT('Ctrl Pts',(-24.6257738778978,-26.9619593147211,19.1994829675423));
#5969=CARTESIAN_POINT('Ctrl Pts',(-23.7837107904353,-26.6131653635203,20.7635243652915));
#5970=CARTESIAN_POINT('Ctrl Pts',(-21.5933264673259,-25.705878470079,23.0982259703004));
#5971=CARTESIAN_POINT('Ctrl Pts',(-17.4304549316296,-23.9815606215767,24.4942927921437));
#5972=CARTESIAN_POINT('Ctrl Pts',(-14.8035918889594,-22.893478322806,24.1807205494193));
#5973=CARTESIAN_POINT('Ctrl Pts',(-13.5723790417488,-22.3834932633234,23.7463743566271));
#5974=CARTESIAN_POINT('Ctrl Pts',(-12.3858540180829,-23.7809125350395,25.4689677963382));
#5975=CARTESIAN_POINT('Ctrl Pts',(-9.58172695623687,-22.6046871955401,24.4773582928976));
#5976=CARTESIAN_POINT('Ctrl Pts',(-6.76481343683746,-21.4310330650739,23.4793307766218));
#5977=CARTESIAN_POINT('Ctrl Pts',(-4.00305267206029,-20.2008680784113,22.5238816172847));
#5978=CARTESIAN_POINT('Ctrl Pts',(-12.5940309261109,-23.2943969435722,25.4501017375608));
#5979=CARTESIAN_POINT('Ctrl Pts',(-9.78998100418696,-22.121186046823,24.454693621519));
#5980=CARTESIAN_POINT('Ctrl Pts',(-6.9735399180089,-20.9484808212532,23.4551278148398));
#5981=CARTESIAN_POINT('Ctrl Pts',(-4.21061964183814,-19.7366353094369,22.4788752336697));
#5982=CARTESIAN_POINT('Ctrl Pts',(-13.0723406533336,-22.5173110635407,25.0066791968605));
#5983=CARTESIAN_POINT('Ctrl Pts',(-10.265580757516,-21.3512273022783,24.0092658576894));
#5984=CARTESIAN_POINT('Ctrl Pts',(-7.44976378206202,-20.1830583325656,23.0073568149233));
#5985=CARTESIAN_POINT('Ctrl Pts',(-4.66686516557655,-19.0107091894071,22.0205544208982));
#5986=CARTESIAN_POINT('Ctrl Pts',(-13.4586805641731,-22.3363978118904,24.1239648722636));
#5987=CARTESIAN_POINT('Ctrl Pts',(-10.6486693375807,-21.1724867165098,23.1306316178201));
#5988=CARTESIAN_POINT('Ctrl Pts',(-7.83356135988619,-20.0062277446231,22.1313936929297));
#5989=CARTESIAN_POINT('Ctrl Pts',(-5.0259711640815,-18.8434552108214,21.1666311716876));
#5990=CARTESIAN_POINT('Ctrl Pts',(-13.5723790417496,-22.3834932633237,23.7463743566274));
#5991=CARTESIAN_POINT('Ctrl Pts',(-10.761528203611,-21.2192007243589,22.7547648531869));
#5992=CARTESIAN_POINT('Ctrl Pts',(-7.94686983283765,-20.0533310537377,21.7567373369111));
#5993=CARTESIAN_POINT('Ctrl Pts',(-5.13181161394525,-18.8872957606026,20.801288177574));
#5994=CARTESIAN_POINT('Ctrl Pts',(-13.5723790417488,-22.3834932633234,23.7463743566271));
#5995=CARTESIAN_POINT('Ctrl Pts',(-11.1410465000957,-21.3764023499317,22.888650986317));
#5996=CARTESIAN_POINT('Ctrl Pts',(-8.70710446883109,-20.3682305505519,22.0262061253951));
#5997=CARTESIAN_POINT('Ctrl Pts',(-6.27206932710401,-19.3596059699935,21.1905170718945));
#5998=CARTESIAN_POINT('',(-11.2701118583015,-23.312396947143,25.0745721268256));
#5999=CARTESIAN_POINT('Ctrl Pts',(-12.3858540180829,-23.7809125350395,25.4689677963382));
#6000=CARTESIAN_POINT('Ctrl Pts',(-12.014053750159,-23.6249563723124,25.3374899171538));
#6001=CARTESIAN_POINT('Ctrl Pts',(-11.6420286936464,-23.469045411976,25.2058992079661));
#6002=CARTESIAN_POINT('Ctrl Pts',(-11.2699372125717,-23.3130419357164,25.074309877671));
#6003=CARTESIAN_POINT('Ctrl Pts',(-11.2701118583106,-23.3123969471499,25.0745721268293));
#6004=CARTESIAN_POINT('Ctrl Pts',(-11.2606537245153,-23.3069362910572,25.0709866253759));
#6005=CARTESIAN_POINT('Ctrl Pts',(-11.2511960188031,-23.3014758821178,25.067399584852));
#6006=CARTESIAN_POINT('Ctrl Pts',(-9.0035818875088,-22.003815258313,24.2145388052713));
#6007=CARTESIAN_POINT('Ctrl Pts',(-6.64859254807852,-20.6441615293207,23.2256699632099));
#6008=CARTESIAN_POINT('Ctrl Pts',(-4.46061826371825,-19.3809339872654,22.1763992966257));
#6009=CARTESIAN_POINT('Ctrl Pts',(-4.94191922025062,-18.5747035154189,22.5238816172847));
#6010=CARTESIAN_POINT('Ctrl Pts',(-7.38849254649353,-20.3516220807456,23.4794631106574));
#6011=CARTESIAN_POINT('Ctrl Pts',(-9.81305492824704,-22.2040905235491,24.4773706411396));
#6012=CARTESIAN_POINT('Ctrl Pts',(-12.2337293393789,-24.0444002076382,25.4689677963379));
#6013=CARTESIAN_POINT('Ctrl Pts',(-4.64366533393853,-18.9865781687203,22.4788752336697));
#6014=CARTESIAN_POINT('Ctrl Pts',(-7.07495116818367,-20.7736620455396,23.4552630302436));
#6015=CARTESIAN_POINT('Ctrl Pts',(-9.49845764168495,-22.6261944118105,24.4547060170641));
#6016=CARTESIAN_POINT('Ctrl Pts',(-11.916482931845,-24.4679444942055,25.4501017375605));
#6017=CARTESIAN_POINT('Ctrl Pts',(-4.24311813829235,-19.7446610953565,22.0205538207443));
#6018=CARTESIAN_POINT('Ctrl Pts',(-6.65018493009739,-21.5688000383265,23.00749289137));
#6019=CARTESIAN_POINT('Ctrl Pts',(-9.06945420204281,-23.4230549534781,24.0092775713264));
#6020=CARTESIAN_POINT('Ctrl Pts',(-11.4826622587503,-25.2707154362504,25.0066784899816));
#6021=CARTESIAN_POINT('Ctrl Pts',(-4.27782443950441,-20.1392833493051,21.1666311716876));
#6022=CARTESIAN_POINT('Ctrl Pts',(-6.68894399523245,-21.9895977568218,22.1315273169081));
#6023=CARTESIAN_POINT('Ctrl Pts',(-9.10620402460196,-23.8441901098123,23.1306439875275));
#6024=CARTESIAN_POINT('Ctrl Pts',(-11.5191561660362,-25.6957526119813,24.1239648722633));
#6025=CARTESIAN_POINT('Ctrl Pts',(-4.36871169426271,-20.2090235927445,20.801288177574));
#6026=CARTESIAN_POINT('Ctrl Pts',(-6.78639180254414,-22.0641747881287,21.7568696709467));
#6027=CARTESIAN_POINT('Ctrl Pts',(-9.20308898446842,-23.9185717575919,22.7547772014289));
#6028=CARTESIAN_POINT('Ctrl Pts',(-11.6167912621684,-25.7706706562174,23.7463743566271));
#6029=CARTESIAN_POINT('',(-12.2337293393789,-24.0444002076382,25.4689677963379));
#6030=CARTESIAN_POINT('Ctrl Pts',(-11.2705834153349,-23.3119229029724,25.0743097039173));
#6031=CARTESIAN_POINT('Ctrl Pts',(-11.5917285762736,-23.5561594612469,25.205897759083));
#6032=CARTESIAN_POINT('Ctrl Pts',(-11.9127631352114,-23.8003867165721,25.3374882493556));
#6033=CARTESIAN_POINT('Ctrl Pts',(-12.2337293393789,-24.0444002076382,25.4689677963379));
#6034=CARTESIAN_POINT('Origin',(-12.7205070624485,-24.3322802208866,23.7463743566271));
#6035=CARTESIAN_POINT('Ctrl Pts',(-12.2337293393789,-24.0444002076382,25.4689677963379));
#6036=CARTESIAN_POINT('Ctrl Pts',(-13.4980474303284,-24.9711493703328,25.9811225639368));
#6037=CARTESIAN_POINT('Ctrl Pts',(-16.1869899612493,-26.9649067313394,26.3508710567817));
#6038=CARTESIAN_POINT('Ctrl Pts',(-20.7009654859232,-30.3534315745762,24.6006571015845));
#6039=CARTESIAN_POINT('Ctrl Pts',(-23.0604878776281,-32.1384303410549,21.4386227399508));
#6040=CARTESIAN_POINT('Ctrl Pts',(-23.900556358439,-32.7741710511365,19.1945311320327));
#6041=CARTESIAN_POINT('Ctrl Pts',(-11.916482931845,-24.4679444942055,25.4501017375605));
#6042=CARTESIAN_POINT('Ctrl Pts',(-13.1725719013388,-25.3971732164151,25.9712493837474));
#6043=CARTESIAN_POINT('Ctrl Pts',(-15.8517384455926,-27.3967398270566,26.3589567511293));
#6044=CARTESIAN_POINT('Ctrl Pts',(-20.3721995343321,-30.8038907386999,24.6247137729622));
#6045=CARTESIAN_POINT('Ctrl Pts',(-22.7386965294527,-32.5985538541697,21.4596282529548));
#6046=CARTESIAN_POINT('Ctrl Pts',(-23.5825617629004,-33.2387363707052,19.2088685059102));
#6047=CARTESIAN_POINT('Ctrl Pts',(-11.4827063635832,-25.2706869202003,25.0066243940311));
#6048=CARTESIAN_POINT('Ctrl Pts',(-12.677126363129,-26.1769197655986,25.512525218638));
#6049=CARTESIAN_POINT('Ctrl Pts',(-15.2371217218979,-28.1244762371712,25.8954433477913));
#6050=CARTESIAN_POINT('Ctrl Pts',(-19.5710852388609,-31.4313158574802,24.2387833133176));
#6051=CARTESIAN_POINT('Ctrl Pts',(-21.8503681240107,-33.1738259208627,21.1914212606921));
#6052=CARTESIAN_POINT('Ctrl Pts',(-22.6617696806558,-33.7941746738944,19.0245828514453));
#6053=CARTESIAN_POINT('Ctrl Pts',(-11.5191561660362,-25.6957526119813,24.1239648722633));
#6054=CARTESIAN_POINT('Ctrl Pts',(-12.6159437998959,-26.5374466263383,24.5796919306974));
#6055=CARTESIAN_POINT('Ctrl Pts',(-14.9605514696476,-28.3364357990915,24.913947002502));
#6056=CARTESIAN_POINT('Ctrl Pts',(-18.918044589828,-31.3732823324649,23.3780194587256));
#6057=CARTESIAN_POINT('Ctrl Pts',(-20.9950571223941,-32.9668407606324,20.5867646672322));
#6058=CARTESIAN_POINT('Ctrl Pts',(-21.734430459257,-33.5342082667773,18.6047264469785));
#6059=CARTESIAN_POINT('Ctrl Pts',(-11.6167912621684,-25.7706706562174,23.7463743566272));
#6060=CARTESIAN_POINT('Ctrl Pts',(-12.6740577028362,-26.5819397296263,24.1807205494193));
#6061=CARTESIAN_POINT('Ctrl Pts',(-14.9297973369672,-28.3128296287488,24.4942953910843));
#6062=CARTESIAN_POINT('Ctrl Pts',(-18.7305096737985,-31.229218778344,23.0099808516033));
#6063=CARTESIAN_POINT('Ctrl Pts',(-20.7220041482973,-32.7573462350379,20.328335237149));
#6064=CARTESIAN_POINT('Ctrl Pts',(-21.4311281895385,-33.301476249707,18.4251748882847));
#6065=CARTESIAN_POINT('Ctrl Pts',(-12.2337293393789,-24.0444002076382,25.4689677963379));
#6066=CARTESIAN_POINT('Ctrl Pts',(-13.4980474303284,-24.9711493703328,25.9811225639368));
#6067=CARTESIAN_POINT('Ctrl Pts',(-16.1869899612493,-26.9649067313394,26.3508710567817));
#6068=CARTESIAN_POINT('Ctrl Pts',(-20.6993937819897,-30.352251737026,24.6012665019109));
#6069=CARTESIAN_POINT('Ctrl Pts',(-23.0581873234451,-32.1366899567099,21.4417050203932));
#6070=CARTESIAN_POINT('Ctrl Pts',(-23.8985077170202,-32.7726206964268,19.1999999769207));
#6071=CARTESIAN_POINT('Origin',(0.269498154343639,-16.6499999999991,14.1304431546334));
#6072=CARTESIAN_POINT('Origin',(0.269498154342854,-16.6499999999994,25.4689677963369));
#6073=CARTESIAN_POINT('Origin',(0.269498154343611,-16.6499999999991,23.9379235660779));
#6074=CARTESIAN_POINT('Ctrl Pts',(-28.2217483557079,-22.3391501107592,19.1968392544151));
#6075=CARTESIAN_POINT('Ctrl Pts',(-27.1778709571424,-22.1946234037587,21.4403774131182));
#6076=CARTESIAN_POINT('Ctrl Pts',(-24.247148734715,-21.7883576922189,24.6013560411001));
#6077=CARTESIAN_POINT('Ctrl Pts',(-18.6599751913649,-20.9926421761675,26.3508131068183));
#6078=CARTESIAN_POINT('Ctrl Pts',(-15.3493400501929,-20.5011486021574,25.9810472653225));
#6079=CARTESIAN_POINT('Ctrl Pts',(-13.8002493228157,-20.2624864178997,25.4689677963383));
#6080=CARTESIAN_POINT('Ctrl Pts',(-28.3253842128585,-21.7857972452928,19.2111821683353));
#6081=CARTESIAN_POINT('Ctrl Pts',(-27.2756797541873,-21.6417269297182,21.4613852949823));
#6082=CARTESIAN_POINT('Ctrl Pts',(-24.333206210307,-21.2373645565295,24.6254405655431));
#6083=CARTESIAN_POINT('Ctrl Pts',(-18.7282705771383,-20.4502330597417,26.358917033816));
#6084=CARTESIAN_POINT('Ctrl Pts',(-15.4204390447768,-19.9697594112726,25.9711727629716));
#6085=CARTESIAN_POINT('Ctrl Pts',(-13.8754132739059,-19.7386682946608,25.4501017375609));
#6086=CARTESIAN_POINT('Ctrl Pts',(-28.0671041967282,-20.7419361904457,19.0268233799924));
#6087=CARTESIAN_POINT('Ctrl Pts',(-27.0543911763359,-20.6067996190045,21.1931250021844));
#6088=CARTESIAN_POINT('Ctrl Pts',(-24.2104352165574,-20.2272296682701,24.2394608955016));
#6089=CARTESIAN_POINT('Ctrl Pts',(-18.8082914499352,-19.5010386747396,25.8953932891609));
#6090=CARTESIAN_POINT('Ctrl Pts',(-15.6214750606718,-19.0680480176651,25.512470267197));
#6091=CARTESIAN_POINT('Ctrl Pts',(-14.1363075752241,-18.8642988869633,25.0066438217304));
#6092=CARTESIAN_POINT('Ctrl Pts',(-27.2276163919736,-20.2700638064684,18.6067652631411));
#6093=CARTESIAN_POINT('Ctrl Pts',(-26.3033253914302,-20.1483997131856,20.5883139532118));
#6094=CARTESIAN_POINT('Ctrl Pts',(-23.7077466246099,-19.8065318431958,23.3786290598993));
#6095=CARTESIAN_POINT('Ctrl Pts',(-18.7626573052551,-19.1556233700286,24.9138899409294));
#6096=CARTESIAN_POINT('Ctrl Pts',(-15.8331642615516,-18.7698763065158,24.5796249282634));
#6097=CARTESIAN_POINT('Ctrl Pts',(-14.4626522695306,-18.5895243981353,24.1239648722637));
#6098=CARTESIAN_POINT('Ctrl Pts',(-26.8486219389357,-20.2201682401542,18.4271323515999));
#6099=CARTESIAN_POINT('Ctrl Pts',(-25.962163359611,-20.1034637541784,20.3298233334395));
#6100=CARTESIAN_POINT('Ctrl Pts',(-23.4733268949554,-19.7758022175199,23.0105736054675));
#6101=CARTESIAN_POINT('Ctrl Pts',(-18.7242447966746,-19.1505736980336,24.4942462451082));
#6102=CARTESIAN_POINT('Ctrl Pts',(-15.9057256431282,-18.7795086119713,24.1806566904678));
#6103=CARTESIAN_POINT('Ctrl Pts',(-14.5846657652001,-18.6055877795796,23.7463743566275));
#6104=CARTESIAN_POINT('',(-13.8002493228152,-20.2624864178995,25.4689677963383));
#6105=CARTESIAN_POINT('Ctrl Pts',(-28.2202771445164,-22.3389464187187,19.1999999877348));
#6106=CARTESIAN_POINT('Ctrl Pts',(-27.1762192131976,-22.1943944327397,21.4421586861458));
#6107=CARTESIAN_POINT('Ctrl Pts',(-24.2460241813668,-21.7881975352915,24.6017081615033));
#6108=CARTESIAN_POINT('Ctrl Pts',(-18.6599751913649,-20.9926421761675,26.3508131068183));
#6109=CARTESIAN_POINT('Ctrl Pts',(-15.3493400501929,-20.5011486021574,25.9810472653225));
#6110=CARTESIAN_POINT('Ctrl Pts',(-13.8002493228157,-20.2624864178997,25.4689677963383));
#6111=CARTESIAN_POINT('',(-14.5846657651991,-18.6055877795794,23.7463743566271));
#6112=CARTESIAN_POINT('Origin',(-14.3480150612646,-20.4031283372767,23.7463743566275));
#6113=CARTESIAN_POINT('Ctrl Pts',(-26.4464191050753,-20.1672172325398,19.1994827267015));
#6114=CARTESIAN_POINT('Ctrl Pts',(-25.5427727402694,-20.0482499316773,20.7635226751611));
#6115=CARTESIAN_POINT('Ctrl Pts',(-23.1921920423399,-19.7387901120142,23.0982151376028));
#6116=CARTESIAN_POINT('Ctrl Pts',(-18.7248876914408,-19.1506583367353,24.4942867757693));
#6117=CARTESIAN_POINT('Ctrl Pts',(-15.9059198980906,-18.7795341861223,24.1807205494193));
#6118=CARTESIAN_POINT('Ctrl Pts',(-14.5846657651991,-18.6055877795794,23.7463743566271));
#6119=CARTESIAN_POINT('Ctrl Pts',(-13.8002493228154,-20.2624864178996,25.4689677963382));
#6120=CARTESIAN_POINT('Ctrl Pts',(-10.7872410543876,-19.8521014734345,24.4773582928976));
#6121=CARTESIAN_POINT('Ctrl Pts',(-7.762547494249,-19.4475095049138,23.4793307766218));
#6122=CARTESIAN_POINT('Ctrl Pts',(-4.77650131835231,-18.9740576576411,22.5238816172847));
#6123=CARTESIAN_POINT('Ctrl Pts',(-13.8754132739056,-19.7386682946607,25.4501017375608));
#6124=CARTESIAN_POINT('Ctrl Pts',(-10.8632597121149,-19.3311751130191,24.454693621519));
#6125=CARTESIAN_POINT('Ctrl Pts',(-7.83926808208517,-18.9273774415292,23.4551278148398));
#6126=CARTESIAN_POINT('Ctrl Pts',(-4.85684333317405,-18.4719209517663,22.4788752336697));
#6127=CARTESIAN_POINT('Ctrl Pts',(-14.1362983783648,-18.8642560430783,25.0066889560679));
#6128=CARTESIAN_POINT('Ctrl Pts',(-11.1233718212027,-18.4643485385262,24.0092756168968));
#6129=CARTESIAN_POINT('Ctrl Pts',(-8.10115756699437,-18.0647719781667,23.0073651006819));
#6130=CARTESIAN_POINT('Ctrl Pts',(-5.10965763562791,-17.652636825898,22.0205627066568));
#6131=CARTESIAN_POINT('Ctrl Pts',(-14.4626522695304,-18.5895243981353,24.1239648722636));
#6132=CARTESIAN_POINT('Ctrl Pts',(-11.4471474953119,-18.1925570339968,23.1306316178201));
#6133=CARTESIAN_POINT('Ctrl Pts',(-8.42611196241847,-17.7946409315574,22.1313936929297));
#6134=CARTESIAN_POINT('Ctrl Pts',(-5.41324040578475,-17.3981467245762,21.1666311716876));
#6135=CARTESIAN_POINT('Ctrl Pts',(-14.5846657651999,-18.6055877795795,23.7463743566274));
#6136=CARTESIAN_POINT('Ctrl Pts',(-11.5682512636407,-18.2084692766904,22.7547648531869));
#6137=CARTESIAN_POINT('Ctrl Pts',(-8.54775077626588,-17.8108128435636,21.7567373369111));
#6138=CARTESIAN_POINT('Ctrl Pts',(-5.52682119900534,-17.4130999196816,20.801288177574));
#6139=CARTESIAN_POINT('Ctrl Pts',(-14.5846657651991,-18.6055877795794,23.7463743566271));
#6140=CARTESIAN_POINT('Ctrl Pts',(-11.9755245623839,-18.2620878236706,22.888650986317));
#6141=CARTESIAN_POINT('Ctrl Pts',(-9.36358303228013,-17.9182191976802,22.0262061253951));
#6142=CARTESIAN_POINT('Ctrl Pts',(-6.7504684501574,-17.5741961364617,21.1905170718945));
#6143=CARTESIAN_POINT('',(-12.601264398128,-20.0987104319066,25.0745721268256));
#6144=CARTESIAN_POINT('Ctrl Pts',(-13.8002493228154,-20.2624864178996,25.4689677963382));
#6145=CARTESIAN_POINT('Ctrl Pts',(-13.4007534166916,-20.2080733228654,25.3374899171538));
#6146=CARTESIAN_POINT('Ctrl Pts',(-13.0010520807042,-20.1537620695558,25.2058992079661));
#6147=CARTESIAN_POINT('Ctrl Pts',(-12.6012626386337,-20.0993786446682,25.074309877671));
#6148=CARTESIAN_POINT('Ctrl Pts',(-12.6012643981385,-20.0987104319109,25.0745721268293));
#6149=CARTESIAN_POINT('Ctrl Pts',(-12.5907152206417,-20.0958837883198,25.0709866253759));
#6150=CARTESIAN_POINT('Ctrl Pts',(-12.5801665206092,-20.0930572726644,25.067399584852));
#6151=CARTESIAN_POINT('Ctrl Pts',(-10.0732787001395,-19.4213387055935,24.2145388052713));
#6152=CARTESIAN_POINT('Ctrl Pts',(-7.44662939674047,-18.7175301460076,23.2256699632099));
#6153=CARTESIAN_POINT('Ctrl Pts',(-5.00626118203856,-18.0636354536436,22.1763992966257));
#6154=CARTESIAN_POINT('Ctrl Pts',(-5.26249440531496,-17.1603067649693,22.5238816172847));
#6155=CARTESIAN_POINT('Ctrl Pts',(-8.08560313334572,-18.2434585263593,23.4794631106574));
#6156=CARTESIAN_POINT('Ctrl Pts',(-10.9070046687794,-19.4052827172119,24.4773706411396));
#6157=CARTESIAN_POINT('Ctrl Pts',(-13.7215037946576,-20.5563687298501,25.4689677963379));
#6158=CARTESIAN_POINT('Ctrl Pts',(-5.08100427820442,-17.6353409158403,22.4788752336697));
#6159=CARTESIAN_POINT('Ctrl Pts',(-7.89197739910906,-18.7322683082143,23.4552630302436));
#6160=CARTESIAN_POINT('Ctrl Pts',(-10.7123755501024,-19.8944275335604,24.4547060170641));
#6161=CARTESIAN_POINT('Ctrl Pts',(-13.5246886241311,-21.0475905070828,25.4501017375605));
#6162=CARTESIAN_POINT('Ctrl Pts',(-4.89030737232352,-18.471267114182,22.0205603634059));
#6163=CARTESIAN_POINT('Ctrl Pts',(-7.68747725148459,-19.6102553013834,23.0074994340316));
#6164=CARTESIAN_POINT('Ctrl Pts',(-10.5042277152469,-20.7751755212127,24.0092852774635));
#6165=CARTESIAN_POINT('Ctrl Pts',(-13.3134174232543,-21.9352942948654,25.0066861961187));
#6166=CARTESIAN_POINT('Ctrl Pts',(-5.02597116408152,-18.8434552108214,21.1666311716876));
#6167=CARTESIAN_POINT('Ctrl Pts',(-7.83383042132275,-20.0066780227549,22.1315273169081));
#6168=CARTESIAN_POINT('Ctrl Pts',(-10.6487281344025,-21.1724437411808,23.1306439875275));
#6169=CARTESIAN_POINT('Ctrl Pts',(-13.4586805641723,-22.3363978118901,24.1239648722633));
#6170=CARTESIAN_POINT('Ctrl Pts',(-5.13181161394527,-18.8872957606026,20.801288177574));
#6171=CARTESIAN_POINT('Ctrl Pts',(-7.9472597311498,-20.0534925549065,21.7568696709467));
#6172=CARTESIAN_POINT('Ctrl Pts',(-10.761563206368,-21.2192152229756,22.7547772014289));
#6173=CARTESIAN_POINT('Ctrl Pts',(-13.5723790417488,-22.3834932633234,23.7463743566271));
#6174=CARTESIAN_POINT('',(-13.7215037946576,-20.5563687298501,25.4689677963379));
#6175=CARTESIAN_POINT('Ctrl Pts',(-12.6015971955856,-20.0981304924582,25.0743097039173));
#6176=CARTESIAN_POINT('Ctrl Pts',(-12.9750126733157,-20.2509264079261,25.205897759083));
#6177=CARTESIAN_POINT('Ctrl Pts',(-13.3483189099364,-20.4037419633392,25.3374882493556));
#6178=CARTESIAN_POINT('Ctrl Pts',(-13.7215037946576,-20.5563687298501,25.4689677963379));
#6179=CARTESIAN_POINT('Origin',(-14.2662037991658,-20.7084521240571,23.7463743566271));
#6180=CARTESIAN_POINT('Ctrl Pts',(-13.7215037946576,-20.5563687298501,25.4689677963379));
#6181=CARTESIAN_POINT('Ctrl Pts',(-15.1826016246883,-21.1243100795832,25.9811225639368));
#6182=CARTESIAN_POINT('Ctrl Pts',(-18.2959413706891,-22.3541816033754,26.3508679922681));
#6183=CARTESIAN_POINT('Ctrl Pts',(-23.5331181263794,-24.4589408958477,24.6006514145815));
#6184=CARTESIAN_POINT('Ctrl Pts',(-26.2742386319101,-25.572430168054,21.4386227399508));
#6185=CARTESIAN_POINT('Ctrl Pts',(-27.2502242768928,-25.969082816721,19.1945311320327));
#6186=CARTESIAN_POINT('Ctrl Pts',(-13.5246886241311,-21.0475905070828,25.4501017375605));
#6187=CARTESIAN_POINT('Ctrl Pts',(-14.9784794904461,-21.6200567807464,25.9712493837474));
#6188=CARTESIAN_POINT('Ctrl Pts',(-18.0838800882099,-22.8580699863034,26.3589561645394));
#6189=CARTESIAN_POINT('Ctrl Pts',(-23.3321433230357,-24.9791425884694,24.624711450106));
#6190=CARTESIAN_POINT('Ctrl Pts',(-26.0825007863247,-26.1001610821115,21.4596282529547));
#6191=CARTESIAN_POINT('Ctrl Pts',(-27.0633034368403,-26.5001215144557,19.2088685059102));
#6192=CARTESIAN_POINT('Ctrl Pts',(-13.3134510068425,-21.9352571470492,25.0066346158022));
#6193=CARTESIAN_POINT('Ctrl Pts',(-14.7017224515265,-22.501472213317,25.5125354404091));
#6194=CARTESIAN_POINT('Ctrl Pts',(-17.6785565659138,-23.7200941318317,25.8954497060367));
#6195=CARTESIAN_POINT('Ctrl Pts',(-22.720714206464,-25.7925426251214,24.2387872388452));
#6196=CARTESIAN_POINT('Ctrl Pts',(-25.3733404607791,-26.8857626617204,21.1914273010641));
#6197=CARTESIAN_POINT('Ctrl Pts',(-26.317652251724,-27.2749673674943,19.0245888918172));
#6198=CARTESIAN_POINT('Ctrl Pts',(-13.4586805641723,-22.3363978118901,24.1239648722633));
#6199=CARTESIAN_POINT('Ctrl Pts',(-14.7359425067362,-22.8655422701146,24.5796919306973));
#6200=CARTESIAN_POINT('Ctrl Pts',(-17.4662707229031,-23.9964027680019,24.9139438295554));
#6201=CARTESIAN_POINT('Ctrl Pts',(-22.0749058454733,-25.9054953400677,23.3780138051332));
#6202=CARTESIAN_POINT('Ctrl Pts',(-24.4935941167659,-26.9071860028859,20.5867646672322));
#6203=CARTESIAN_POINT('Ctrl Pts',(-25.3546194342739,-27.2638570290474,18.6047264469785));
#6204=CARTESIAN_POINT('Ctrl Pts',(-13.5723790417488,-22.3834932633234,23.7463743566271));
#6205=CARTESIAN_POINT('Ctrl Pts',(-14.8035918889594,-22.893478322806,24.1807205494193));
#6206=CARTESIAN_POINT('Ctrl Pts',(-17.4304549316296,-23.9815606215767,24.4942927921437));
#6207=CARTESIAN_POINT('Ctrl Pts',(-21.8564751681016,-25.8148782308611,23.0099760285922));
#6208=CARTESIAN_POINT('Ctrl Pts',(-24.1756240240721,-26.7755011401662,20.3283352371489));
#6209=CARTESIAN_POINT('Ctrl Pts',(-25.0014164603578,-27.1175555669808,18.4251748882847));
#6210=CARTESIAN_POINT('Ctrl Pts',(-13.7215037946576,-20.5563687298501,25.4689677963379));
#6211=CARTESIAN_POINT('Ctrl Pts',(-15.1826016246883,-21.1243100795832,25.9811225639368));
#6212=CARTESIAN_POINT('Ctrl Pts',(-18.2959413706891,-22.3541816033754,26.3508679922681));
#6213=CARTESIAN_POINT('Ctrl Pts',(-23.5312946137646,-24.4582080477313,24.6012608158213));
#6214=CARTESIAN_POINT('Ctrl Pts',(-26.2715660175133,-25.5713445109636,21.4417050148522));
#6215=CARTESIAN_POINT('Ctrl Pts',(-27.2478441799046,-25.9681155164796,19.1999999769169));
#6216=CARTESIAN_POINT('Origin',(0.269498154343639,-16.6499999999991,14.1304431546334));
#6217=CARTESIAN_POINT('Origin',(0.269498154342783,-16.6499999999992,25.4689677963369));
#6218=CARTESIAN_POINT('Origin',(0.269498154343611,-16.6499999999991,23.9379235660779));
#6219=CARTESIAN_POINT('Ctrl Pts',(-15.8540188348646,-40.8191902342207,19.1968392544151));
#6220=CARTESIAN_POINT('Ctrl Pts',(-15.2180818621943,-39.9788616323851,21.4403774131182));
#6221=CARTESIAN_POINT('Ctrl Pts',(-13.4330526194047,-37.6192948392652,24.6014070689177));
#6222=CARTESIAN_POINT('Ctrl Pts',(-10.0449588043571,-33.1058837160897,26.3508406840339));
#6223=CARTESIAN_POINT('Ctrl Pts',(-8.05151496239645,-30.4173597006256,25.9810472653225));
#6224=CARTESIAN_POINT('Ctrl Pts',(-7.12490205329628,-29.1532274937226,25.4689677963383));
#6225=CARTESIAN_POINT('Ctrl Pts',(-16.3185800157902,-40.5011922880257,19.2111821683353));
#6226=CARTESIAN_POINT('Ctrl Pts',(-15.6781999719326,-39.6570660499471,21.4613852949823));
#6227=CARTESIAN_POINT('Ctrl Pts',(-13.8835066652862,-37.2905259042669,24.6254613548375));
#6228=CARTESIAN_POINT('Ctrl Pts',(-10.4767901978175,-32.770633419791,26.358922365224));
#6229=CARTESIAN_POINT('Ctrl Pts',(-8.47753844392609,-30.0918853815076,25.9711727629716));
#6230=CARTESIAN_POINT('Ctrl Pts',(-7.54844633986354,-28.8359810861886,25.4501017375609));
#6231=CARTESIAN_POINT('Ctrl Pts',(-16.8740381665648,-39.5804328921423,19.0268118946331));
#6232=CARTESIAN_POINT('Ctrl Pts',(-16.2534979085018,-38.7687806619745,21.1931135168251));
#6233=CARTESIAN_POINT('Ctrl Pts',(-14.5109581515967,-36.4894579414305,24.2395005143498));
#6234=CARTESIAN_POINT('Ctrl Pts',(-11.2045389389248,-32.1560431170867,25.8954082708892));
#6235=CARTESIAN_POINT('Ctrl Pts',(-9.2572883742086,-29.596448909798,25.5124508398254));
#6236=CARTESIAN_POINT('Ctrl Pts',(-8.35118876603082,-28.40220451766,25.0066243943587));
#6237=CARTESIAN_POINT('Ctrl Pts',(-16.6141263385381,-38.6531678246457,18.6067652631412));
#6238=CARTESIAN_POINT('Ctrl Pts',(-16.0465834096513,-37.9135658849846,20.5883139532119));
#6239=CARTESIAN_POINT('Ctrl Pts',(-14.4529963815425,-35.8365160747107,23.3786797979042));
#6240=CARTESIAN_POINT('Ctrl Pts',(-11.4165326505697,-31.8795218324251,24.9139184837902));
#6241=CARTESIAN_POINT('Ctrl Pts',(-9.61782472347896,-29.5352807010509,24.5796249282634));
#6242=CARTESIAN_POINT('Ctrl Pts',(-8.77625445763925,-28.4386543203797,24.1239648722637));
#6243=CARTESIAN_POINT('Ctrl Pts',(-16.3814182840548,-38.3498967835786,18.4271323515999));
#6244=CARTESIAN_POINT('Ctrl Pts',(-15.8371199448018,-37.6405533774687,20.3298233334395));
#6245=CARTESIAN_POINT('Ctrl Pts',(-14.3089645822623,-35.649022535364,23.0106168809376));
#6246=CARTESIAN_POINT('Ctrl Pts',(-11.3929420124905,-31.8487879346597,24.4942696326843));
#6247=CARTESIAN_POINT('Ctrl Pts',(-9.66232229993799,-29.5934004145221,24.1806566904679));
#6248=CARTESIAN_POINT('Ctrl Pts',(-8.85117250187537,-28.5362894165119,23.7463743566275));
#6249=CARTESIAN_POINT('',(-7.12490205329598,-29.153227493722,25.4689677963383));
#6250=CARTESIAN_POINT('Ctrl Pts',(-15.8531225634901,-40.8180058988034,19.1999999877551));
#6251=CARTESIAN_POINT('Ctrl Pts',(-15.2170758273194,-39.9775317886208,21.4421587148981));
#6252=CARTESIAN_POINT('Ctrl Pts',(-13.4323706838582,-37.6183864064859,24.6017591846009));
#6253=CARTESIAN_POINT('Ctrl Pts',(-10.0449588043571,-33.1058837160897,26.3508406840339));
#6254=CARTESIAN_POINT('Ctrl Pts',(-8.05151496239645,-30.4173597006256,25.9810472653225));
#6255=CARTESIAN_POINT('Ctrl Pts',(-7.12490205329628,-29.1532274937226,25.4689677963383));
#6256=CARTESIAN_POINT('Origin',(-7.41278206654455,-29.640005216792,23.7463743566275));
#6257=CARTESIAN_POINT('Ctrl Pts',(-7.12490205329609,-29.1532274937223,25.4689677963382));
#6258=CARTESIAN_POINT('Ctrl Pts',(-5.28456945204775,-26.7325229382177,24.4773582928976));
#6259=CARTESIAN_POINT('Ctrl Pts',(-3.43187784921709,-24.3076518862778,23.4793307766218));
#6260=CARTESIAN_POINT('Ctrl Pts',(-1.65520536107623,-21.8614173745933,22.5238816172847));
#6261=CARTESIAN_POINT('Ctrl Pts',(-7.54844633986334,-28.8359810861883,25.4501017375608));
#6262=CARTESIAN_POINT('Ctrl Pts',(-5.70667332237202,-26.4179256846448,24.454693621519));
#6263=CARTESIAN_POINT('Ctrl Pts',(-3.85391640626446,-23.9941126250616,23.4551278148398));
#6264=CARTESIAN_POINT('Ctrl Pts',(-2.0670800143776,-21.5631634882812,22.4788752336697));
#6265=CARTESIAN_POINT('Ctrl Pts',(-8.35121728190825,-28.4021604130937,25.0066784899819));
#6266=CARTESIAN_POINT('Ctrl Pts',(-6.50353379043809,-25.9889223049911,24.0092651508108));
#6267=CARTESIAN_POINT('Ctrl Pts',(-4.64904926746761,-23.5693497409579,23.0073562147694));
#6268=CARTESIAN_POINT('Ctrl Pts',(-2.82516294101385,-21.162616292635,22.0205538207443));
#6269=CARTESIAN_POINT('Ctrl Pts',(-8.77625445763912,-28.4386543203796,24.1239648722636));
#6270=CARTESIAN_POINT('Ctrl Pts',(-6.92466889818089,-26.0256721307371,23.1306316178201));
#6271=CARTESIAN_POINT('Ctrl Pts',(-5.06984336104459,-23.6081082448445,22.1313936929297));
#6272=CARTESIAN_POINT('Ctrl Pts',(-3.21978519496245,-21.1973225938471,21.1666311716876));
#6273=CARTESIAN_POINT('Ctrl Pts',(-8.85117250187526,-28.5362894165117,23.7463743566274));
#6274=CARTESIAN_POINT('Ctrl Pts',(-6.99905053928084,-26.1225570812622,22.7547648531869));
#6275=CARTESIAN_POINT('Ctrl Pts',(-5.14441972252727,-23.7055551436158,21.7567373369111));
#6276=CARTESIAN_POINT('Ctrl Pts',(-3.28952543840182,-21.2882098486054,20.801288177574));
#6277=CARTESIAN_POINT('',(-6.39289879280037,-28.1896100126442,25.0745721268256));
#6278=CARTESIAN_POINT('Ctrl Pts',(-7.12490205329609,-29.1532274937223,25.4689677963382));
#6279=CARTESIAN_POINT('Ctrl Pts',(-6.88089165750369,-28.8322653609619,25.3374899171538));
#6280=CARTESIAN_POINT('Ctrl Pts',(-6.63666398788766,-28.5112299803258,25.2058992079661));
#6281=CARTESIAN_POINT('Ctrl Pts',(-6.39242505087498,-28.1900812662689,25.074309877671));
#6282=CARTESIAN_POINT('Ctrl Pts',(-6.39289879280478,-28.1896100126547,25.0745721268293));
#6283=CARTESIAN_POINT('Ctrl Pts',(-6.38743813671207,-28.1801518788594,25.0709866253759));
#6284=CARTESIAN_POINT('Ctrl Pts',(-6.3819777277734,-28.1706941731467,25.067399584852));
#6285=CARTESIAN_POINT('Ctrl Pts',(-5.08431710407008,-25.9230800417939,24.2145388052713));
#6286=CARTESIAN_POINT('Ctrl Pts',(-3.72466337497806,-23.5680907024212,23.2256699632099));
#6287=CARTESIAN_POINT('Ctrl Pts',(-2.46143583292267,-21.3801164180609,22.1763992966257));
#6288=CARTESIAN_POINT('Ctrl Pts',(-3.28136992406867,-20.922550826403,22.5238816172847));
#6289=CARTESIAN_POINT('Ctrl Pts',(-4.51170529415311,-23.6846941075535,23.4794631106575));
#6290=CARTESIAN_POINT('Ctrl Pts',(-5.68520368840996,-26.5012600296072,24.4773706411397));
#6291=CARTESIAN_POINT('Ctrl Pts',(-6.86141438069656,-29.3053521724248,25.4689677963379));
#6292=CARTESIAN_POINT('Ctrl Pts',(-2.81713715509429,-21.1301177961808,22.4788752336697));
#6293=CARTESIAN_POINT('Ctrl Pts',(-4.02915051300215,-23.8934207493226,23.4552630302436));
#6294=CARTESIAN_POINT('Ctrl Pts',(-5.20170250215485,-26.7095140765967,24.4547060170641));
#6295=CARTESIAN_POINT('Ctrl Pts',(-6.37489878922917,-29.5135290804528,25.4501017375605));
#6296=CARTESIAN_POINT('Ctrl Pts',(-2.09121103506446,-21.5863633199193,22.0205544208982));
#6297=CARTESIAN_POINT('Ctrl Pts',(-3.26372255388855,-24.3696473804663,23.0074934915239));
#6298=CARTESIAN_POINT('Ctrl Pts',(-4.43174366885789,-27.1851138636723,24.0092782782051));
#6299=CARTESIAN_POINT('Ctrl Pts',(-5.59781290919772,-29.9918388076755,25.0066791968603));
#6300=CARTESIAN_POINT('Ctrl Pts',(-1.92395705647868,-21.9454693184242,21.1666311716876));
#6301=CARTESIAN_POINT('Ctrl Pts',(-3.08689063954229,-24.753448378186,22.1315273169082));
#6302=CARTESIAN_POINT('Ctrl Pts',(-4.25300305603375,-27.5682024842249,23.1306439875275));
#6303=CARTESIAN_POINT('Ctrl Pts',(-5.41689965754739,-30.378178718515,24.1239648722633));
#6304=CARTESIAN_POINT('Ctrl Pts',(-1.96779760625992,-22.051309768288,20.801288177574));
#6305=CARTESIAN_POINT('Ctrl Pts',(-3.13399440056384,-24.8667578854925,21.7568696709467));
#6306=CARTESIAN_POINT('Ctrl Pts',(-4.29971706863294,-27.6810613607106,22.7547772014289));
#6307=CARTESIAN_POINT('Ctrl Pts',(-5.46399510898073,-30.4918771960915,23.7463743566272));
#6308=CARTESIAN_POINT('',(-6.86141438069657,-29.3053521724248,25.4689677963379));
#6309=CARTESIAN_POINT('Ctrl Pts',(-6.39354419525597,-28.1894352568666,25.0743097039174));
#6310=CARTESIAN_POINT('Ctrl Pts',(-6.54954578379407,-28.5615229013345,25.2058977590831));
#6311=CARTESIAN_POINT('Ctrl Pts',(-6.70545623966432,-28.9335471882116,25.3374882493556));
#6312=CARTESIAN_POINT('Ctrl Pts',(-6.86141438069656,-29.3053521724248,25.4689677963379));
#6313=CARTESIAN_POINT('',(-5.46399510898113,-30.4918771960924,23.7463743566275));
#6314=CARTESIAN_POINT('Origin',(-7.13903624824702,-29.7980524386745,23.7463743566272));
#6315=CARTESIAN_POINT('Ctrl Pts',(-2.44010776846133,-23.1915673675212,21.190517464471));
#6316=CARTESIAN_POINT('Ctrl Pts',(-3.44864121791723,-25.6263824993046,22.0261324958629));
#6317=CARTESIAN_POINT('Ctrl Pts',(-4.45690815754076,-28.0605542194361,22.8886543606485));
#6318=CARTESIAN_POINT('Ctrl Pts',(-5.46399510898106,-30.4918771960922,23.7463743566274));
#6319=CARTESIAN_POINT('Ctrl Pts',(-6.86141438069656,-29.3053521724248,25.4689677963379));
#6320=CARTESIAN_POINT('Ctrl Pts',(-7.49297138457576,-30.7400995357289,25.9811225639369));
#6321=CARTESIAN_POINT('Ctrl Pts',(-8.82478205819318,-33.8112079087878,26.3508573084345));
#6322=CARTESIAN_POINT('Ctrl Pts',(-11.0397307470701,-39.0027282255479,24.6006316208474));
#6323=CARTESIAN_POINT('Ctrl Pts',(-12.1906472487522,-41.7283671560849,21.4386227399509));
#6324=CARTESIAN_POINT('Ctrl Pts',(-12.6002975390121,-42.698969001641,19.1945311320327));
#6325=CARTESIAN_POINT('Ctrl Pts',(-6.37489878922917,-29.5135290804528,25.4501017375605));
#6326=CARTESIAN_POINT('Ctrl Pts',(-6.99808938511947,-30.9463092445594,25.9712493837474));
#6327=CARTESIAN_POINT('Ctrl Pts',(-8.31852924688016,-34.017561705977,26.3589541069246));
#6328=CARTESIAN_POINT('Ctrl Pts',(-10.5297835445128,-39.2284605695088,24.624703375367));
#6329=CARTESIAN_POINT('Ctrl Pts',(-11.6819060099568,-41.9659501332332,21.4596282529548));
#6330=CARTESIAN_POINT('Ctrl Pts',(-12.0926234812252,-42.9422970723354,19.2088685059102));
#6331=CARTESIAN_POINT('Ctrl Pts',(-5.59786206569967,-29.9918363306289,25.0066285015614));
#6332=CARTESIAN_POINT('Ctrl Pts',(-6.17914370539539,-31.3738669962606,25.5125293261683));
#6333=CARTESIAN_POINT('Ctrl Pts',(-7.42238426533817,-34.3404930557165,25.8954303601841));
#6334=CARTESIAN_POINT('Ctrl Pts',(-9.52228004932955,-39.3712650393722,24.2387577973995));
#6335=CARTESIAN_POINT('Ctrl Pts',(-10.6249528888593,-42.0199926272114,21.1914236879633));
#6336=CARTESIAN_POINT('Ctrl Pts',(-11.0174728730683,-42.9629311848654,19.0245852787165));
#6337=CARTESIAN_POINT('Ctrl Pts',(-5.4168996575474,-30.378178718515,24.1239648722634));
#6338=CARTESIAN_POINT('Ctrl Pts',(-5.94589860384797,-31.6555009340913,24.5796919306974));
#6339=CARTESIAN_POINT('Ctrl Pts',(-7.07689045875536,-34.385768627618,24.9139327700833));
#6340=CARTESIAN_POINT('Ctrl Pts',(-8.98575021541686,-38.9944864499443,23.3779941257827));
#6341=CARTESIAN_POINT('Ctrl Pts',(-9.98772653517305,-41.4130762465818,20.5867646672322));
#6342=CARTESIAN_POINT('Ctrl Pts',(-10.3443588747047,-42.2741175886166,18.6047264469785));
#6343=CARTESIAN_POINT('Ctrl Pts',(-5.46399510898073,-30.4918771960915,23.7463743566272));
#6344=CARTESIAN_POINT('Ctrl Pts',(-5.97398016846337,-31.7230900433021,24.1807205494193));
#6345=CARTESIAN_POINT('Ctrl Pts',(-7.06206044043142,-34.349948192838,24.4942837314403));
#6346=CARTESIAN_POINT('Ctrl Pts',(-8.89537370898575,-38.7759579498604,23.0099592420004));
#6347=CARTESIAN_POINT('Ctrl Pts',(-9.85600298582352,-41.0951221784148,20.328335237149));
#6348=CARTESIAN_POINT('Ctrl Pts',(-10.1980574126382,-41.9209146147004,18.4251748882847));
#6349=CARTESIAN_POINT('Ctrl Pts',(-5.46399510898113,-30.4918771960924,23.7463743566275));
#6350=CARTESIAN_POINT('Ctrl Pts',(-5.9739051888466,-31.7229090264943,24.1806566904679));
#6351=CARTESIAN_POINT('Ctrl Pts',(-7.06181764101079,-34.3493620231837,24.4942670321752));
#6352=CARTESIAN_POINT('Ctrl Pts',(-8.78617228265469,-38.5123223853814,23.0986174459049));
#6353=CARTESIAN_POINT('Ctrl Pts',(-9.69359107805288,-40.703025147984,20.7638872525484));
#6354=CARTESIAN_POINT('Ctrl Pts',(-10.042462726557,-41.54527581333,19.1994853398176));
#6355=CARTESIAN_POINT('Ctrl Pts',(-6.86141438069656,-29.3053521724248,25.4689677963379));
#6356=CARTESIAN_POINT('Ctrl Pts',(-7.49297138457576,-30.7400995357289,25.9811225639369));
#6357=CARTESIAN_POINT('Ctrl Pts',(-8.82478205819318,-33.8112079087878,26.3508573084345));
#6358=CARTESIAN_POINT('Ctrl Pts',(-11.0389595325263,-39.0009206098712,24.6012410252603));
#6359=CARTESIAN_POINT('Ctrl Pts',(-12.1895250932466,-41.7257096390713,21.441704995567));
#6360=CARTESIAN_POINT('Ctrl Pts',(-12.5992985408413,-42.6966020343345,19.1999999769037));
#6361=CARTESIAN_POINT('Origin',(0.269498154343639,-16.6499999999991,14.1304431546334));
#6362=CARTESIAN_POINT('Origin',(0.269498154343144,-16.6499999999998,25.4689677963369));
#6363=CARTESIAN_POINT('Origin',(0.269498154343613,-16.6499999999991,23.9379235660779));
#6364=CARTESIAN_POINT('Ctrl Pts',(5.95864826510378,-45.1412465100506,19.1968392544152));
#6365=CARTESIAN_POINT('Ctrl Pts',(5.81412155810325,-44.0973691114851,21.4403774131183));
#6366=CARTESIAN_POINT('Ctrl Pts',(5.40785494302666,-41.1666396998878,24.6013487262734));
#6367=CARTESIAN_POINT('Ctrl Pts',(4.61213999333169,-35.579471012472,26.3508091389003));
#6368=CARTESIAN_POINT('Ctrl Pts',(4.12064675650195,-32.2688382045356,25.9810472653226));
#6369=CARTESIAN_POINT('Ctrl Pts',(3.88198457224419,-30.7197474771584,25.4689677963383));
#6370=CARTESIAN_POINT('Ctrl Pts',(5.40529539963737,-45.2448823672012,19.2111821683354));
#6371=CARTESIAN_POINT('Ctrl Pts',(5.26122508406273,-44.19517790853,21.4613852949824));
#6372=CARTESIAN_POINT('Ctrl Pts',(4.85686190910014,-41.2526990477539,24.6254375937197));
#6373=CARTESIAN_POINT('Ctrl Pts',(4.06973081337169,-35.6477667286769,26.3589162562886));
#6374=CARTESIAN_POINT('Ctrl Pts',(3.58925756561718,-32.3399371991195,25.9711727629717));
#6375=CARTESIAN_POINT('Ctrl Pts',(3.35816644900533,-30.7949114282486,25.4501017375609));
#6376=CARTESIAN_POINT('Ctrl Pts',(4.36143608739168,-44.9865996831794,19.0268222439142));
#6377=CARTESIAN_POINT('Ctrl Pts',(4.22629951595043,-43.973886662787,21.1931238661062));
#6378=CARTESIAN_POINT('Ctrl Pts',(3.8467287335718,-41.1299247584262,24.239450359007));
#6379=CARTESIAN_POINT('Ctrl Pts',(3.12053839861208,-35.7277865153392,25.8953864548882));
#6380=CARTESIAN_POINT('Ctrl Pts',(2.68754799615523,-32.5409736065852,25.5124683455319));
#6381=CARTESIAN_POINT('Ctrl Pts',(2.48379886545342,-31.0558061211374,25.0066419000652));
#6382=CARTESIAN_POINT('Ctrl Pts',(3.88956196081299,-44.1471145463163,18.6067652631412));
#6383=CARTESIAN_POINT('Ctrl Pts',(3.76789786753016,-43.2228235457729,20.5883139532119));
#6384=CARTESIAN_POINT('Ctrl Pts',(3.42602884406611,-40.6272381188321,23.3786217850361));
#6385=CARTESIAN_POINT('Ctrl Pts',(2.77512106693669,-35.6821533786588,24.9138858360521));
#6386=CARTESIAN_POINT('Ctrl Pts',(2.38937446086031,-32.7526624158942,24.5796249282634));
#6387=CARTESIAN_POINT('Ctrl Pts',(2.20902255247986,-31.3821504238733,24.1239648722637));
#6388=CARTESIAN_POINT('Ctrl Pts',(3.83966639449878,-43.7681200932784,18.4271323516));
#6389=CARTESIAN_POINT('Ctrl Pts',(3.72296190852291,-42.8816615139537,20.3298233334395));
#6390=CARTESIAN_POINT('Ctrl Pts',(3.39529957187205,-40.3928189727529,23.0105674019382));
#6391=CARTESIAN_POINT('Ctrl Pts',(2.77007159275928,-35.6437409790163,24.494242880012));
#6392=CARTESIAN_POINT('Ctrl Pts',(2.39900676631585,-32.8252237974709,24.1806566904679));
#6393=CARTESIAN_POINT('Ctrl Pts',(2.22508593392411,-31.5041639195428,23.7463743566275));
#6394=CARTESIAN_POINT('',(3.88198457224404,-30.7197474771578,25.4689677963383));
#6395=CARTESIAN_POINT('Ctrl Pts',(5.95844457306288,-45.1397752988562,19.199999987732));
#6396=CARTESIAN_POINT('Ctrl Pts',(5.81389258657519,-44.0957173634896,21.4421586820243));
#6397=CARTESIAN_POINT('Ctrl Pts',(5.40769478621321,-41.1655151475169,24.6017008473503));
#6398=CARTESIAN_POINT('Ctrl Pts',(4.61213999333169,-35.579471012472,26.3508091389003));
#6399=CARTESIAN_POINT('Ctrl Pts',(4.12064675650195,-32.2688382045356,25.9810472653226));
#6400=CARTESIAN_POINT('Ctrl Pts',(3.88198457224419,-30.7197474771584,25.4689677963383));
#6401=CARTESIAN_POINT('',(2.22508593392399,-31.5041639195418,23.7463743566272));
#6402=CARTESIAN_POINT('Origin',(4.02262649162123,-31.2675132156073,23.7463743566275));
#6403=CARTESIAN_POINT('Ctrl Pts',(3.7867153552109,-43.3659170188344,19.1994825860594));
#6404=CARTESIAN_POINT('Ctrl Pts',(3.66774794952192,-42.4622698577921,20.7635216877493));
#6405=CARTESIAN_POINT('Ctrl Pts',(3.35828745474013,-40.1116840318274,23.0982088085336));
#6406=CARTESIAN_POINT('Ctrl Pts',(2.7701562219727,-35.644383801712,24.4942832560707));
#6407=CARTESIAN_POINT('Ctrl Pts',(2.39903234046682,-32.8254180524332,24.1807205494194));
#6408=CARTESIAN_POINT('Ctrl Pts',(2.22508593392399,-31.5041639195418,23.7463743566272));
#6409=CARTESIAN_POINT('Ctrl Pts',(3.88198457224412,-30.7197474771581,25.4689677963382));
#6410=CARTESIAN_POINT('Ctrl Pts',(3.47159962777907,-27.7067392087303,24.4773582928977));
#6411=CARTESIAN_POINT('Ctrl Pts',(3.06700765925834,-24.6820456485917,23.4793307766219));
#6412=CARTESIAN_POINT('Ctrl Pts',(2.59355581198562,-21.695999472695,22.5238816172847));
#6413=CARTESIAN_POINT('Ctrl Pts',(3.35816644900526,-30.7949114282483,25.4501017375608));
#6414=CARTESIAN_POINT('Ctrl Pts',(2.95067326736362,-27.7827578664576,24.454693621519));
#6415=CARTESIAN_POINT('Ctrl Pts',(2.54687559587377,-24.7587662364278,23.4551278148399));
#6416=CARTESIAN_POINT('Ctrl Pts',(2.09141910611085,-21.7763414875167,22.4788752336697));
#6417=CARTESIAN_POINT('Ctrl Pts',(2.48375662253149,-31.0557970532808,25.0066864013119));
#6418=CARTESIAN_POINT('Ctrl Pts',(2.08384911797938,-28.0428704961187,24.0092730621408));
#6419=CARTESIAN_POINT('Ctrl Pts',(1.68427230731067,-25.0206561210351,23.0073629316439));
#6420=CARTESIAN_POINT('Ctrl Pts',(1.27213715504197,-22.0291561896686,22.0205605376188));
#6421=CARTESIAN_POINT('Ctrl Pts',(2.20902255247983,-31.3821504238731,24.1239648722636));
#6422=CARTESIAN_POINT('Ctrl Pts',(1.81205518834131,-28.3666456496546,23.1306316178201));
#6423=CARTESIAN_POINT('Ctrl Pts',(1.41413908590199,-25.3456101167612,22.1313936929298));
#6424=CARTESIAN_POINT('Ctrl Pts',(1.01764487892071,-22.3327385601274,21.1666311716876));
#6425=CARTESIAN_POINT('Ctrl Pts',(2.22508593392409,-31.5041639195426,23.7463743566275));
#6426=CARTESIAN_POINT('Ctrl Pts',(1.82796743103498,-28.4877494179834,22.7547648531869));
#6427=CARTESIAN_POINT('Ctrl Pts',(1.43031099790814,-25.4672489306086,21.7567373369111));
#6428=CARTESIAN_POINT('Ctrl Pts',(1.03259807402616,-22.446319353348,20.801288177574));
#6429=CARTESIAN_POINT('Ctrl Pts',(2.22508593392399,-31.5041639195418,23.7463743566272));
#6430=CARTESIAN_POINT('Ctrl Pts',(1.88158597801519,-28.8950227167266,22.888650986317));
#6431=CARTESIAN_POINT('Ctrl Pts',(1.53771735202478,-26.2830811866228,22.0262061253951));
#6432=CARTESIAN_POINT('Ctrl Pts',(1.19369429080628,-23.6699666045001,21.1905170718945));
#6433=CARTESIAN_POINT('',(3.7182085862511,-29.5207625524707,25.0745721268256));
#6434=CARTESIAN_POINT('Ctrl Pts',(3.88198457224412,-30.7197474771581,25.4689677963382));
#6435=CARTESIAN_POINT('Ctrl Pts',(3.82757147720998,-30.3202515710343,25.3374899171538));
#6436=CARTESIAN_POINT('Ctrl Pts',(3.77326022390029,-29.9205502350468,25.2058992079662));
#6437=CARTESIAN_POINT('Ctrl Pts',(3.71887679901279,-29.5207607929764,25.074309877671));
#6438=CARTESIAN_POINT('Ctrl Pts',(3.71820858625539,-29.5207625524812,25.0745721268293));
#6439=CARTESIAN_POINT('Ctrl Pts',(3.7153819426643,-29.5102133749843,25.0709866253759));
#6440=CARTESIAN_POINT('Ctrl Pts',(3.71255542700895,-29.4996646749518,25.067399584852));
#6441=CARTESIAN_POINT('Ctrl Pts',(3.04083685993803,-26.9927768544821,24.2145388052713));
#6442=CARTESIAN_POINT('Ctrl Pts',(2.33702830035212,-24.3661275510831,23.2256699632099));
#6443=CARTESIAN_POINT('Ctrl Pts',(1.68313360798817,-21.9257593363812,22.1763992966257));
#6444=CARTESIAN_POINT('Ctrl Pts',(0.779804919313843,-22.1819925596576,22.5238816172847));
#6445=CARTESIAN_POINT('Ctrl Pts',(1.86295668070389,-25.0051012876884,23.4794631106575));
#6446=CARTESIAN_POINT('Ctrl Pts',(3.02478087155641,-27.826502823122,24.4773706411397));
#6447=CARTESIAN_POINT('Ctrl Pts',(4.17586688419467,-30.6410019490002,25.4689677963379));
#6448=CARTESIAN_POINT('Ctrl Pts',(1.2548390701849,-22.0005024325471,22.4788752336697));
#6449=CARTESIAN_POINT('Ctrl Pts',(2.35176646255889,-24.8114755534517,23.4552630302436));
#6450=CARTESIAN_POINT('Ctrl Pts',(3.51392568790495,-27.6318737044451,24.4547060170642));
#6451=CARTESIAN_POINT('Ctrl Pts',(4.66708866142731,-30.4441867784737,25.4501017375605));
#6452=CARTESIAN_POINT('Ctrl Pts',(2.09076361214562,-21.8098069370528,22.020558229413));
#6453=CARTESIAN_POINT('Ctrl Pts',(3.22975179934699,-24.6069768162139,23.0074973000388));
#6454=CARTESIAN_POINT('Ctrl Pts',(4.39467186536568,-27.4237275060983,24.0092827639846));
#6455=CARTESIAN_POINT('Ctrl Pts',(5.55479063901841,-30.2329172141057,25.0066836826398));
#6456=CARTESIAN_POINT('Ctrl Pts',(2.46295336516592,-21.9454693184242,21.1666311716876));
#6457=CARTESIAN_POINT('Ctrl Pts',(3.62617617709948,-24.7533285756654,22.1315273169082));
#6458=CARTESIAN_POINT('Ctrl Pts',(4.79194189552529,-27.5682262887452,23.1306439875275));
#6459=CARTESIAN_POINT('Ctrl Pts',(5.9558959662346,-30.378178718515,24.1239648722634));
#6460=CARTESIAN_POINT('Ctrl Pts',(2.50679391494715,-22.051309768288,20.801288177574));
#6461=CARTESIAN_POINT('Ctrl Pts',(3.67299070925107,-24.8667578854925,21.7568696709467));
#6462=CARTESIAN_POINT('Ctrl Pts',(4.83871337732015,-27.6810613607106,22.7547772014289));
#6463=CARTESIAN_POINT('Ctrl Pts',(6.00299141766794,-30.4918771960915,23.7463743566272));
#6464=CARTESIAN_POINT('',(4.17586688419467,-30.6410019490003,25.4689677963379));
#6465=CARTESIAN_POINT('Ctrl Pts',(3.71762864680276,-29.5210953499282,25.0743097039174));
#6466=CARTESIAN_POINT('Ctrl Pts',(3.8704245622706,-29.8945108276584,25.2058977590831));
#6467=CARTESIAN_POINT('Ctrl Pts',(4.02324011768376,-30.267817064279,25.3374882493556));
#6468=CARTESIAN_POINT('Ctrl Pts',(4.17586688419467,-30.6410019490002,25.4689677963379));
#6469=CARTESIAN_POINT('Origin',(4.32795027840166,-31.1857019535084,23.7463743566272));
#6470=CARTESIAN_POINT('Ctrl Pts',(4.17586688419468,-30.6410019490002,25.4689677963379));
#6471=CARTESIAN_POINT('Ctrl Pts',(4.74380823392772,-32.102099779031,25.9811225639369));
#6472=CARTESIAN_POINT('Ctrl Pts',(5.97367892156969,-35.2154374283557,26.3508641436308));
#6473=CARTESIAN_POINT('Ctrl Pts',(8.07843629591841,-40.4526097419447,24.6006442784202));
#6474=CARTESIAN_POINT('Ctrl Pts',(9.19192832239852,-43.1937367862528,21.4386227399509));
#6475=CARTESIAN_POINT('Ctrl Pts',(9.58858097106556,-44.1697224312355,19.1945311320328));
#6476=CARTESIAN_POINT('Ctrl Pts',(4.66708866142731,-30.4441867784737,25.4501017375605));
#6477=CARTESIAN_POINT('Ctrl Pts',(5.23955493509095,-31.8979776447888,25.9712493837475));
#6478=CARTESIAN_POINT('Ctrl Pts',(6.47756751360169,-35.0033763804046,26.3589554255676));
#6479=CARTESIAN_POINT('Ctrl Pts',(8.59863881952656,-40.2516365802193,24.624708537163));
#6480=CARTESIAN_POINT('Ctrl Pts',(9.71965923645604,-43.0019989406674,21.4596282529548));
#6481=CARTESIAN_POINT('Ctrl Pts',(10.1196196688002,-43.982801591183,19.2088685059103));
#6482=CARTESIAN_POINT('Ctrl Pts',(5.55475400251399,-30.2329503354411,25.0066328122878));
#6483=CARTESIAN_POINT('Ctrl Pts',(6.12096906878179,-31.621221780125,25.5125336368947));
#6484=CARTESIAN_POINT('Ctrl Pts',(7.33958954417897,-34.5980529105603,25.8954431302685));
#6485=CARTESIAN_POINT('Ctrl Pts',(9.41203587373083,-39.6402054988732,24.2387770355725));
#6486=CARTESIAN_POINT('Ctrl Pts',(10.5052581476764,-42.2928372642162,21.1914262353097));
#6487=CARTESIAN_POINT('Ctrl Pts',(10.8944628534503,-43.2371490551611,19.0245878260628));
#6488=CARTESIAN_POINT('Ctrl Pts',(5.9558959662346,-30.378178718515,24.1239648722634));
#6489=CARTESIAN_POINT('Ctrl Pts',(6.48504042445918,-31.6554406610789,24.5796919306974));
#6490=CARTESIAN_POINT('Ctrl Pts',(7.61590030895327,-34.385766933799,24.9139398451755));
#6491=CARTESIAN_POINT('Ctrl Pts',(9.52499120986849,-38.9943977866891,23.37800671055));
#6492=CARTESIAN_POINT('Ctrl Pts',(10.5266841572305,-41.4130922711086,20.5867646672323));
#6493=CARTESIAN_POINT('Ctrl Pts',(10.883355183392,-42.2741175886166,18.6047264469786));
#6494=CARTESIAN_POINT('Ctrl Pts',(6.00299141766794,-30.4918771960915,23.7463743566272));
#6495=CARTESIAN_POINT('Ctrl Pts',(6.51297647715057,-31.7230900433021,24.1807205494194));
#6496=CARTESIAN_POINT('Ctrl Pts',(7.60105804718069,-34.349951326637,24.4942895282066));
#6497=CARTESIAN_POINT('Ctrl Pts',(9.43437408844734,-38.7759677775791,23.0099699765848));
#6498=CARTESIAN_POINT('Ctrl Pts',(10.3949992945107,-41.0951221784148,20.328335237149));
#6499=CARTESIAN_POINT('Ctrl Pts',(10.7370537213254,-41.9209146147005,18.4251748882848));
#6500=CARTESIAN_POINT('Ctrl Pts',(4.17586688419468,-30.6410019490002,25.4689677963379));
#6501=CARTESIAN_POINT('Ctrl Pts',(4.74380823392772,-32.102099779031,25.9811225639369));
#6502=CARTESIAN_POINT('Ctrl Pts',(5.97367892156969,-35.2154374283557,26.3508641436308));
#6503=CARTESIAN_POINT('Ctrl Pts',(8.07770344846934,-40.4507862308754,24.6012536808051));
#6504=CARTESIAN_POINT('Ctrl Pts',(9.19084266262316,-43.1910641654817,21.4417050078995));
#6505=CARTESIAN_POINT('Ctrl Pts',(9.58761367082024,-44.1673423342379,19.1999999769122));
#6506=CARTESIAN_POINT('Origin',(0.269498154343639,-16.6499999999991,14.1304431546334));
#6507=CARTESIAN_POINT('Origin',(0.269498154343777,-16.6499999999999,25.4689677963369));
#6508=CARTESIAN_POINT('Origin',(0.26949815434361,-16.6499999999991,23.9379235660779));
#6509=CARTESIAN_POINT('Ctrl Pts',(24.4386883885653,-32.7735169892073,19.1968392544152));
#6510=CARTESIAN_POINT('Ctrl Pts',(23.5983597867296,-32.1375800165369,21.4403774131183));
#6511=CARTESIAN_POINT('Ctrl Pts',(21.2387876158987,-30.3525465959507,24.6014002203303));
#6512=CARTESIAN_POINT('Ctrl Pts',(16.7253801391411,-26.9644556664782,26.3508369933909));
#6513=CARTESIAN_POINT('Ctrl Pts',(14.0368578549702,-24.9710131167391,25.9810472653226));
#6514=CARTESIAN_POINT('Ctrl Pts',(12.7727256480671,-24.044400207639,25.4689677963384));
#6515=CARTESIAN_POINT('Ctrl Pts',(24.1206904423703,-33.2380781701329,19.2111821683354));
#6516=CARTESIAN_POINT('Ctrl Pts',(23.2765642042916,-32.5976981262753,21.4613852949824));
#6517=CARTESIAN_POINT('Ctrl Pts',(20.9100199971562,-30.8030018205784,24.6254585586776));
#6518=CARTESIAN_POINT('Ctrl Pts',(16.390130006679,-27.3962873108037,26.3589216592066));
#6519=CARTESIAN_POINT('Ctrl Pts',(13.7113835358521,-25.3970365982688,25.9711727629717));
#6520=CARTESIAN_POINT('Ctrl Pts',(12.4554792405331,-24.4679444942062,25.450101737561));
#6521=CARTESIAN_POINT('Ctrl Pts',(23.1999304756141,-33.7935335997825,19.02681090338));
#6522=CARTESIAN_POINT('Ctrl Pts',(22.3882782454464,-33.1729933417196,21.193112525572));
#6523=CARTESIAN_POINT('Ctrl Pts',(20.108950938829,-31.4304501125905,24.2394907856798));
#6524=CARTESIAN_POINT('Ctrl Pts',(15.7755402593565,-28.1240341585007,25.8954020219816));
#6525=CARTESIAN_POINT('Ctrl Pts',(13.2159484311645,-26.176785644701,25.5124491631304));
#6526=CARTESIAN_POINT('Ctrl Pts',(12.0217040390265,-25.2706860365233,25.0066227176637));
#6527=CARTESIAN_POINT('Ctrl Pts',(22.2726659789903,-33.5336244928808,18.6067652631413));
#6528=CARTESIAN_POINT('Ctrl Pts',(21.5330640393291,-32.966081563994,20.588313953212));
#6529=CARTESIAN_POINT('Ctrl Pts',(19.4560090363522,-31.3724908743892,23.3786729893481));
#6530=CARTESIAN_POINT('Ctrl Pts',(15.499018342037,-28.3360297569891,24.9139146624932));
#6531=CARTESIAN_POINT('Ctrl Pts',(13.1547788553955,-26.5373228778216,24.5796249282634));
#6532=CARTESIAN_POINT('Ctrl Pts',(12.0581524747243,-25.6957526119819,24.1239648722637));
#6533=CARTESIAN_POINT('Ctrl Pts',(21.9693949379231,-33.3009164383975,18.4271323516));
#6534=CARTESIAN_POINT('Ctrl Pts',(21.2600515318133,-32.7566180991445,20.3298233334396));
#6535=CARTESIAN_POINT('Ctrl Pts',(19.2685161197211,-31.2284592299303,23.0106110728146));
#6536=CARTESIAN_POINT('Ctrl Pts',(15.4682846430897,-28.312439057344,24.4942665027383));
#6537=CARTESIAN_POINT('Ctrl Pts',(13.2128985688666,-26.5818204542807,24.1806566904679));
#6538=CARTESIAN_POINT('Ctrl Pts',(12.1557875708564,-25.770670656218,23.7463743566276));
#6539=CARTESIAN_POINT('',(12.7727256480666,-24.0444002076387,25.4689677963384));
#6540=CARTESIAN_POINT('Ctrl Pts',(24.4375040531458,-32.7726207178311,19.1999999877525));
#6541=CARTESIAN_POINT('Ctrl Pts',(23.5970299399353,-32.1365739793081,21.4421587110393));
#6542=CARTESIAN_POINT('Ctrl Pts',(21.2378791838534,-30.351864660985,24.6017523366491));
#6543=CARTESIAN_POINT('Ctrl Pts',(16.7253801391411,-26.9644556664782,26.3508369933909));
#6544=CARTESIAN_POINT('Ctrl Pts',(14.0368578549702,-24.9710131167391,25.9810472653226));
#6545=CARTESIAN_POINT('Ctrl Pts',(12.7727256480671,-24.044400207639,25.4689677963384));
#6546=CARTESIAN_POINT('Origin',(13.2595033711366,-24.3322802208872,23.7463743566276));
#6547=CARTESIAN_POINT('Ctrl Pts',(12.7727256480668,-24.0444002076388,25.4689677963382));
#6548=CARTESIAN_POINT('Ctrl Pts',(10.3520210925623,-22.2040676063904,24.4773582928977));
#6549=CARTESIAN_POINT('Ctrl Pts',(7.92715004062239,-20.3513760035598,23.4793307766219));
#6550=CARTESIAN_POINT('Ctrl Pts',(5.48091552893784,-18.5747035154189,22.5238816172847));
#6551=CARTESIAN_POINT('Ctrl Pts',(12.4554792405328,-24.467944494206,25.4501017375608));
#6552=CARTESIAN_POINT('Ctrl Pts',(10.0374238389893,-22.6261714767147,24.4546936215191));
#6553=CARTESIAN_POINT('Ctrl Pts',(7.61361077940618,-20.7734145606071,23.4551278148399));
#6554=CARTESIAN_POINT('Ctrl Pts',(5.18266164262575,-18.9865781687203,22.4788752336697));
#6555=CARTESIAN_POINT('Ctrl Pts',(12.0216605241717,-25.2707141711217,25.0066760899873));
#6556=CARTESIAN_POINT('Ctrl Pts',(9.6084224160692,-23.4230306796516,24.0092627508162));
#6557=CARTESIAN_POINT('Ctrl Pts',(7.18884960546861,-21.5685462426605,23.0073541771269));
#6558=CARTESIAN_POINT('Ctrl Pts',(4.78211615714575,-19.7446599162067,22.0205517831018));
#6559=CARTESIAN_POINT('Ctrl Pts',(12.0581524747241,-25.6957526119818,24.1239648722637));
#6560=CARTESIAN_POINT('Ctrl Pts',(9.64517028508169,-23.8441670525236,23.1306316178201));
#6561=CARTESIAN_POINT('Ctrl Pts',(7.22760639918906,-21.9893415153873,22.1313936929298));
#6562=CARTESIAN_POINT('Ctrl Pts',(4.81682074819163,-20.1392833493051,21.1666311716876));
#6563=CARTESIAN_POINT('Ctrl Pts',(12.1557875708563,-25.770670656218,23.7463743566275));
#6564=CARTESIAN_POINT('Ctrl Pts',(9.7420552356068,-23.9185486936235,22.7547648531869));
#6565=CARTESIAN_POINT('Ctrl Pts',(7.32505329796036,-22.06391787687,21.7567373369111));
#6566=CARTESIAN_POINT('Ctrl Pts',(4.90770800294994,-20.2090235927445,20.801288177574));
#6567=CARTESIAN_POINT('',(11.8091081669887,-23.312396947143,25.0745721268257));
#6568=CARTESIAN_POINT('Ctrl Pts',(12.7727256480668,-24.0444002076388,25.4689677963382));
#6569=CARTESIAN_POINT('Ctrl Pts',(12.4517635153064,-23.8003898118464,25.3374899171538));
#6570=CARTESIAN_POINT('Ctrl Pts',(12.1307281346704,-23.5561621422303,25.2058992079662));
#6571=CARTESIAN_POINT('Ctrl Pts',(11.8095794206135,-23.3119232052176,25.0743098776711));
#6572=CARTESIAN_POINT('Ctrl Pts',(11.8091081669992,-23.3123969471475,25.0745721268294));
#6573=CARTESIAN_POINT('Ctrl Pts',(11.799650033204,-23.3069362910547,25.0709866253759));
#6574=CARTESIAN_POINT('Ctrl Pts',(11.7901923274913,-23.3014758821161,25.067399584852));
#6575=CARTESIAN_POINT('Ctrl Pts',(9.54257819613842,-22.0038152584128,24.2145388052713));
#6576=CARTESIAN_POINT('Ctrl Pts',(7.18758885676575,-20.6441615293207,23.2256699632099));
#6577=CARTESIAN_POINT('Ctrl Pts',(4.99961457240548,-19.3809339872654,22.1763992966257));
#6578=CARTESIAN_POINT('Ctrl Pts',(4.54204898074754,-20.2008680784114,22.5238816172847));
#6579=CARTESIAN_POINT('Ctrl Pts',(7.30419226189807,-21.4312034484958,23.4794631106575));
#6580=CARTESIAN_POINT('Ctrl Pts',(10.1207581839517,-22.6047018427526,24.4773706411397));
#6581=CARTESIAN_POINT('Ctrl Pts',(12.9248503267693,-23.7809125350392,25.468967796338));
#6582=CARTESIAN_POINT('Ctrl Pts',(4.74961595052539,-19.736635309437,22.4788752336697));
#6583=CARTESIAN_POINT('Ctrl Pts',(7.51291890366708,-20.9486486673448,23.4552630302436));
#6584=CARTESIAN_POINT('Ctrl Pts',(10.3290122309412,-22.1212006564975,24.4547060170642));
#6585=CARTESIAN_POINT('Ctrl Pts',(13.1330272347973,-23.2943969435719,25.4501017375606));
#6586=CARTESIAN_POINT('Ctrl Pts',(5.20586130746025,-19.0107112689171,22.0205523745095));
#6587=CARTESIAN_POINT('Ctrl Pts',(7.98914536800726,-20.1832227877412,23.0074914451353));
#6588=CARTESIAN_POINT('Ctrl Pts',(10.8046119002462,-21.3512441603349,24.0092758679091));
#6589=CARTESIAN_POINT('Ctrl Pts',(13.6113368442494,-22.5173134006747,25.0066767865643));
#6590=CARTESIAN_POINT('Ctrl Pts',(5.56496747276875,-18.8434552108214,21.1666311716876));
#6591=CARTESIAN_POINT('Ctrl Pts',(8.37294653253055,-20.006388793885,22.1315273169082));
#6592=CARTESIAN_POINT('Ctrl Pts',(11.1877006385694,-21.1725012103764,23.1306439875276));
#6593=CARTESIAN_POINT('Ctrl Pts',(13.9976768728596,-22.3363978118901,24.1239648722634));
#6594=CARTESIAN_POINT('Ctrl Pts',(5.6708079226325,-18.8872957606026,20.801288177574));
#6595=CARTESIAN_POINT('Ctrl Pts',(8.48625603983703,-20.0534925549065,21.7568696709467));
#6596=CARTESIAN_POINT('Ctrl Pts',(11.3005595150552,-21.2192152229756,22.754777201429));
#6597=CARTESIAN_POINT('Ctrl Pts',(14.111375350436,-22.3834932633234,23.7463743566272));
#6598=CARTESIAN_POINT('',(12.9248503267693,-23.7809125350392,25.468967796338));
#6599=CARTESIAN_POINT('Ctrl Pts',(11.8089334112111,-23.3130423495986,25.0743097039174));
#6600=CARTESIAN_POINT('Ctrl Pts',(12.1810210556791,-23.4690439381368,25.2058977590831));
#6601=CARTESIAN_POINT('Ctrl Pts',(12.5530453425562,-23.624954394007,25.3374882493557));
#6602=CARTESIAN_POINT('Ctrl Pts',(12.9248503267693,-23.7809125350392,25.468967796338));
#6603=CARTESIAN_POINT('Origin',(13.417550593019,-24.0585344025897,23.7463743566272));
#6604=CARTESIAN_POINT('Ctrl Pts',(12.9248503267693,-23.7809125350392,25.468967796338));
#6605=CARTESIAN_POINT('Ctrl Pts',(14.3595976900735,-24.4124695389184,25.9811225639369));
#6606=CARTESIAN_POINT('Ctrl Pts',(17.4307040332114,-25.744279340727,26.3508535634222));
#6607=CARTESIAN_POINT('Ctrl Pts',(22.6222200114161,-27.9592263076111,24.6006246944944));
#6608=CARTESIAN_POINT('Ctrl Pts',(25.3478653104295,-29.1101454030948,21.438622739951));
#6609=CARTESIAN_POINT('Ctrl Pts',(26.3184671559856,-29.5197956933548,19.1945311320328));
#6610=CARTESIAN_POINT('Ctrl Pts',(13.1330272347973,-23.2943969435719,25.4501017375606));
#6611=CARTESIAN_POINT('Ctrl Pts',(14.5658073989039,-23.9175875394622,25.9712493837475));
#6612=CARTESIAN_POINT('Ctrl Pts',(17.637058140759,-25.2380265492718,26.3589533810936));
#6613=CARTESIAN_POINT('Ctrl Pts',(22.8479540482999,-27.4492796595219,24.6247005534466));
#6614=CARTESIAN_POINT('Ctrl Pts',(25.5854482875778,-28.6014041642994,21.4596282529549));
#6615=CARTESIAN_POINT('Ctrl Pts',(26.56179522668,-29.0121216355679,19.2088685059103));
#6616=CARTESIAN_POINT('Ctrl Pts',(13.6113344005847,-22.51736189472,25.0066267744596));
#6617=CARTESIAN_POINT('Ctrl Pts',(14.9933650662164,-23.0986435344157,25.5125275990665));
#6618=CARTESIAN_POINT('Ctrl Pts',(17.9599880831222,-24.3418830324283,25.8954239983027));
#6619=CARTESIAN_POINT('Ctrl Pts',(22.9907551501128,-26.4417768480006,24.2387479257269));
#6620=CARTESIAN_POINT('Ctrl Pts',(25.6394880599009,-27.5444519353323,21.1914226673637));
#6621=CARTESIAN_POINT('Ctrl Pts',(26.582426617555,-27.9369719195413,19.0245842581168));
#6622=CARTESIAN_POINT('Ctrl Pts',(13.9976768728595,-22.3363978118901,24.1239648722634));
#6623=CARTESIAN_POINT('Ctrl Pts',(15.2749990884359,-22.8653967581906,24.5796919306974));
#6624=CARTESIAN_POINT('Ctrl Pts',(18.0052650110498,-23.9963876934024,24.9139288942676));
#6625=CARTESIAN_POINT('Ctrl Pts',(22.6139787814537,-25.9052456771109,23.3779872387626));
#6626=CARTESIAN_POINT('Ctrl Pts',(25.0325744009264,-26.9072246895157,20.5867646672323));
#6627=CARTESIAN_POINT('Ctrl Pts',(25.8936157429611,-27.2638570290474,18.6047264469786));
#6628=CARTESIAN_POINT('Ctrl Pts',(14.111375350436,-22.3834932633234,23.7463743566272));
#6629=CARTESIAN_POINT('Ctrl Pts',(15.3425881976466,-22.893478322806,24.1807205494194));
#6630=CARTESIAN_POINT('Ctrl Pts',(17.9694446252209,-23.9815578815142,24.4942805553851));
#6631=CARTESIAN_POINT('Ctrl Pts',(22.395450730323,-25.8148696373937,23.0099533679263));
#6632=CARTESIAN_POINT('Ctrl Pts',(24.7146203327593,-26.7755011401662,20.3283352371491));
#6633=CARTESIAN_POINT('Ctrl Pts',(25.540412769045,-27.1175555669809,18.4251748882848));
#6634=CARTESIAN_POINT('Ctrl Pts',(12.9248503267693,-23.7809125350392,25.468967796338));
#6635=CARTESIAN_POINT('Ctrl Pts',(14.3595976900735,-24.4124695389184,25.9811225639369));
#6636=CARTESIAN_POINT('Ctrl Pts',(17.4307040332114,-25.744279340727,26.3508535634222));
#6637=CARTESIAN_POINT('Ctrl Pts',(22.6204123972488,-27.9584550936663,24.6012341000154));
#6638=CARTESIAN_POINT('Ctrl Pts',(25.3452077872076,-29.1090232450607,21.4417049888186));
#6639=CARTESIAN_POINT('Ctrl Pts',(26.31610018867,-29.5187966951802,19.1999999768991));
#6640=CARTESIAN_POINT('Origin',(0.269498154343638,-16.6499999999991,14.1304431546334));
#6641=CARTESIAN_POINT('Origin',(0.269498154344308,-16.6499999999995,25.4689677963369));
#6642=CARTESIAN_POINT('Origin',(0.26949815434361,-16.6499999999991,23.9379235660779));
#6643=CARTESIAN_POINT('Ctrl Pts',(-9.04917657882078,-44.1687183185685,19.1968392544151));
#6644=CARTESIAN_POINT('Ctrl Pts',(-8.65240167932581,-43.1924306194741,21.4403774131182));
#6645=CARTESIAN_POINT('Ctrl Pts',(-7.53889446059649,-40.4512593362202,24.6014013783511));
#6646=CARTESIAN_POINT('Ctrl Pts',(-5.43440543186435,-35.2147393095605,26.3508376176708));
#6647=CARTESIAN_POINT('Ctrl Pts',(-4.20472842470661,-32.1018849638058,25.9810472653226));
#6648=CARTESIAN_POINT('Ctrl Pts',(-3.63687057550792,-30.6410019490014,25.4689677963383));
#6649=CARTESIAN_POINT('Ctrl Pts',(-9.58021214614691,-43.9817931708707,19.2111821683353));
#6650=CARTESIAN_POINT('Ctrl Pts',(-9.18012847003019,-43.0006872854083,21.4613852949823));
#6651=CARTESIAN_POINT('Ctrl Pts',(-8.05909198191488,-40.2502803270649,24.625459031346));
#6652=CARTESIAN_POINT('Ctrl Pts',(-5.93829185501835,-35.0026787642968,26.3589217787961));
#6653=CARTESIAN_POINT('Ctrl Pts',(-4.70047446060121,-31.8977639038566,25.9711727629717));
#6654=CARTESIAN_POINT('Ctrl Pts',(-4.12809235274055,-30.4441867784749,25.4501017375609));
#6655=CARTESIAN_POINT('Ctrl Pts',(-10.3550687094188,-43.236178693688,19.0268179374522));
#6656=CARTESIAN_POINT('Ctrl Pts',(-9.96574390307104,-42.2915752055643,21.1931195596441));
#6657=CARTESIAN_POINT('Ctrl Pts',(-8.87250549438812,-39.6389027869611,24.2395044353291));
#6658=CARTESIAN_POINT('Ctrl Pts',(-6.80032107222581,-34.5973839536688,25.8954146266342));
#6659=CARTESIAN_POINT('Ctrl Pts',(-5.5818908121898,-31.6210164978586,25.512461061194));
#6660=CARTESIAN_POINT('Ctrl Pts',(-5.01575899265269,-30.2329491612353,25.0066346157273));
#6661=CARTESIAN_POINT('Ctrl Pts',(-10.3439918990919,-42.2732316311151,18.6067652631412));
#6662=CARTESIAN_POINT('Ctrl Pts',(-9.98721059433155,-41.4119400975137,20.5883139532119));
#6663=CARTESIAN_POINT('Ctrl Pts',(-8.98550195387882,-38.9932084150761,23.378674140625));
#6664=CARTESIAN_POINT('Ctrl Pts',(-7.07665002170243,-34.385154248914,24.9139153088421));
#6665=CARTESIAN_POINT('Ctrl Pts',(-5.94596631927979,-31.6552528739875,24.5796249282634));
#6666=CARTESIAN_POINT('Ctrl Pts',(-5.41689965754781,-30.378178718516,24.1239648722637));
#6667=CARTESIAN_POINT('Ctrl Pts',(-10.1977055005373,-41.9200650237337,18.4271323515999));
#6668=CARTESIAN_POINT('Ctrl Pts',(-9.85554526046567,-41.094017131648,20.3298233334395));
#6669=CARTESIAN_POINT('Ctrl Pts',(-8.89490480832185,-38.7748259235182,23.0106120549043));
#6670=CARTESIAN_POINT('Ctrl Pts',(-7.06181764101079,-34.3493620231837,24.4942670321752));
#6671=CARTESIAN_POINT('Ctrl Pts',(-5.9739051888466,-31.7229090264943,24.1806566904679));
#6672=CARTESIAN_POINT('Ctrl Pts',(-5.46399510898113,-30.4918771960924,23.7463743566275));
#6673=CARTESIAN_POINT('',(-3.63687057550775,-30.6410019490008,25.4689677963383));
#6674=CARTESIAN_POINT('Ctrl Pts',(-9.04861737571363,-44.1673423662985,19.1999999877529));
#6675=CARTESIAN_POINT('Ctrl Pts',(-8.65177411191354,-43.1908857051134,21.4421587116917));
#6676=CARTESIAN_POINT('Ctrl Pts',(-7.5384708814531,-40.4502053603444,24.6017534945624));
#6677=CARTESIAN_POINT('Ctrl Pts',(-5.43440543186435,-35.2147393095605,26.3508376176708));
#6678=CARTESIAN_POINT('Ctrl Pts',(-4.20472842470661,-32.1018849638058,25.9810472653226));
#6679=CARTESIAN_POINT('Ctrl Pts',(-3.63687057550792,-30.6410019490014,25.4689677963383));
#6680=CARTESIAN_POINT('Origin',(-3.78895396971484,-31.1857019535094,23.7463743566275));
#6681=CARTESIAN_POINT('Ctrl Pts',(-3.6368705755078,-30.641001949001,25.4689677963382));
#6682=CARTESIAN_POINT('Ctrl Pts',(-2.4857702285313,-27.8264677744975,24.4773582928976));
#6683=CARTESIAN_POINT('Ctrl Pts',(-1.32381037136811,-25.0047103284939,23.4793307766219));
#6684=CARTESIAN_POINT('Ctrl Pts',(-0.240808610626614,-22.1819925596576,
22.5238816172847));
#6685=CARTESIAN_POINT('Ctrl Pts',(-4.12809235274044,-30.4441867784745,25.4501017375608));
#6686=CARTESIAN_POINT('Ctrl Pts',(-2.9749150190157,-27.6318386830432,24.454693621519));
#6687=CARTESIAN_POINT('Ctrl Pts',(-1.81261824550006,-24.811086274861,23.4551278148398));
#6688=CARTESIAN_POINT('Ctrl Pts',(-0.715842761497671,-22.0005024325471,
22.4788752336697));
#6689=CARTESIAN_POINT('Ctrl Pts',(-5.01579614052308,-30.2329155775977,25.0066861961189));
#6690=CARTESIAN_POINT('Ctrl Pts',(-3.85566292004821,-27.4236908870825,24.0092728569479));
#6691=CARTESIAN_POINT('Ctrl Pts',(-2.69059941386531,-24.6065880387833,23.0073627574311));
#6692=CARTESIAN_POINT('Ctrl Pts',(-1.55176895983934,-21.8098055266662,22.020560363406));
#6693=CARTESIAN_POINT('Ctrl Pts',(-5.41689965754773,-30.3781787185158,24.1239648722636));
#6694=CARTESIAN_POINT('Ctrl Pts',(-4.25293109225579,-27.5681912967401,23.1306316178201));
#6695=CARTESIAN_POINT('Ctrl Pts',(-3.0870187790964,-24.7529397282992,22.1313936929298));
#6696=CARTESIAN_POINT('Ctrl Pts',(-1.92395705647868,-21.9454693184242,21.1666311716876));
#6697=CARTESIAN_POINT('Ctrl Pts',(-5.46399510898106,-30.4918771960922,23.7463743566274));
#6698=CARTESIAN_POINT('Ctrl Pts',(-4.29970257001628,-27.6810263579536,22.7547648531869));
#6699=CARTESIAN_POINT('Ctrl Pts',(-3.13383289939501,-24.8663679871803,21.7567373369111));
#6700=CARTESIAN_POINT('Ctrl Pts',(-1.96779760625992,-22.0513097682879,20.801288177574));
#6701=CARTESIAN_POINT('',(-3.1792122775639,-29.5207625524707,25.0745721268256));
#6702=CARTESIAN_POINT('Ctrl Pts',(-3.6368705755078,-30.641001949001,25.4689677963382));
#6703=CARTESIAN_POINT('Ctrl Pts',(-3.48424574504402,-30.2678217980729,25.3374899171538));
#6704=CARTESIAN_POINT('Ctrl Pts',(-3.33143000212785,-29.8945146605263,25.2058992079661));
#6705=CARTESIAN_POINT('Ctrl Pts',(-3.17863270859002,-29.5210951350848,25.074309877671));
#6706=CARTESIAN_POINT('Ctrl Pts',(-3.17921227756545,-29.5207625524819,25.0745721268293));
#6707=CARTESIAN_POINT('Ctrl Pts',(-3.17638563397435,-29.5102133749851,25.0709866253759));
#6708=CARTESIAN_POINT('Ctrl Pts',(-3.17355911831982,-29.4996646749523,25.067399584852));
#6709=CARTESIAN_POINT('Ctrl Pts',(-2.50184055136208,-26.9927768544523,24.2145388052713));
#6710=CARTESIAN_POINT('Ctrl Pts',(-1.79803199166491,-24.3661275510831,23.2256699632099));
#6711=CARTESIAN_POINT('Ctrl Pts',(-1.14413729930095,-21.9257593363812,22.1763992966257));
#6712=CARTESIAN_POINT('Ctrl Pts',(-2.0545595032984,-21.695999472695,22.5238816172847));
#6713=CARTESIAN_POINT('Ctrl Pts',(-2.52807692579615,-24.6824592295102,23.4794631106575));
#6714=CARTESIAN_POINT('Ctrl Pts',(-2.93260842950338,-27.7067767288985,24.4773706411397));
#6715=CARTESIAN_POINT('Ctrl Pts',(-3.34298826355681,-30.7197474771572,25.4689677963379));
#6716=CARTESIAN_POINT('Ctrl Pts',(-1.55242279742363,-21.7763414875167,22.4788752336697));
#6717=CARTESIAN_POINT('Ctrl Pts',(-2.00794236997306,-24.7591793157624,23.4552630302436));
#6718=CARTESIAN_POINT('Ctrl Pts',(-2.4116820330776,-27.7827953759823,24.4547060170642));
#6719=CARTESIAN_POINT('Ctrl Pts',(-2.81917014031795,-30.7949114282474,25.4501017375605));
#6720=CARTESIAN_POINT('Ctrl Pts',(-0.733138671555324,-22.0291557899706,
22.0205627066568));
#6721=CARTESIAN_POINT('Ctrl Pts',(-1.14533090640909,-25.0210700576254,23.0075017772825));
#6722=CARTESIAN_POINT('Ctrl Pts',(-1.54485536412236,-28.0429074946961,24.0092880374124));
#6723=CARTESIAN_POINT('Ctrl Pts',(-1.94475788873555,-31.0557965327067,25.0066889560676));
#6724=CARTESIAN_POINT('Ctrl Pts',(-0.478648570233486,-22.3327385601274,
21.1666311716876));
#6725=CARTESIAN_POINT('Ctrl Pts',(-0.875197693458079,-25.3460274131164,
22.1315273169082));
#6726=CARTESIAN_POINT('Ctrl Pts',(-1.27306382298016,-28.3666832009111,23.1306439875275));
#6727=CARTESIAN_POINT('Ctrl Pts',(-1.67002624379252,-31.3821504238723,24.1239648722634));
#6728=CARTESIAN_POINT('Ctrl Pts',(-0.493601765338935,-22.446319353348,20.801288177574));
#6729=CARTESIAN_POINT('Ctrl Pts',(-0.891369774262041,-25.4676673430362,
21.7568696709467));
#6730=CARTESIAN_POINT('Ctrl Pts',(-1.28897606755591,-28.4877869805685,22.7547772014289));
#6731=CARTESIAN_POINT('Ctrl Pts',(-1.68608962523677,-31.5041639195418,23.7463743566272));
#6732=CARTESIAN_POINT('',(-3.34298826355681,-30.7197474771572,25.4689677963379));
#6733=CARTESIAN_POINT('Ctrl Pts',(-3.1798809185876,-29.5207607937991,25.0743097039174));
#6734=CARTESIAN_POINT('Ctrl Pts',(-3.23426351306304,-29.9205460414136,25.2058977590831));
#6735=CARTESIAN_POINT('Ctrl Pts',(-3.28857447829214,-30.3202465034248,25.3374882493556));
#6736=CARTESIAN_POINT('Ctrl Pts',(-3.34298826355681,-30.7197474771572,25.4689677963379));
#6737=CARTESIAN_POINT('',(-1.68608962523691,-31.5041639195428,23.7463743566275));
#6738=CARTESIAN_POINT('Origin',(-3.48363018293389,-31.2675132156063,23.7463743566272));
#6739=CARTESIAN_POINT('Ctrl Pts',(-0.654697966023606,-23.669966482243,21.190517464471));
#6740=CARTESIAN_POINT('Ctrl Pts',(-0.998689944120129,-26.2828449646141,
22.0261324958629));
#6741=CARTESIAN_POINT('Ctrl Pts',(-1.34259102067593,-28.8950329812334,22.8886543606485));
#6742=CARTESIAN_POINT('Ctrl Pts',(-1.68608962523689,-31.5041639195426,23.7463743566275));
#6743=CARTESIAN_POINT('Ctrl Pts',(-3.34298826355681,-30.7197474771572,25.4689677963379));
#6744=CARTESIAN_POINT('Ctrl Pts',(-3.58168554184374,-32.2690659902447,25.9811225639369));
#6745=CARTESIAN_POINT('Ctrl Pts',(-4.07325335801154,-35.5802187474826,26.3508434674263));
#6746=CARTESIAN_POINT('Ctrl Pts',(-4.86906317978992,-41.1680961375335,24.6006060524931));
#6747=CARTESIAN_POINT('Ctrl Pts',(-5.27531904975504,-44.0987654522898,21.4386227399509));
#6748=CARTESIAN_POINT('Ctrl Pts',(-5.41980060202237,-45.1423201389073,19.1945311320327));
#6749=CARTESIAN_POINT('Ctrl Pts',(-2.81917014031795,-30.7949114282474,25.4501017375605));
#6750=CARTESIAN_POINT('Ctrl Pts',(-3.05029523767297,-32.3401643870979,25.9712493837474));
#6751=CARTESIAN_POINT('Ctrl Pts',(-3.53084217586143,-35.6485144768361,26.3589514127293));
#6752=CARTESIAN_POINT('Ctrl Pts',(-4.31806853536328,-41.254159348916,24.6246929676467));
#6753=CARTESIAN_POINT('Ctrl Pts',(-4.72242174902613,-44.1965810641746,21.4596282529548));
#6754=CARTESIAN_POINT('Ctrl Pts',(-4.86644717936529,-45.2459612917924,19.2088685059102));
#6755=CARTESIAN_POINT('Ctrl Pts',(-1.94480073174122,-31.0558057293769,25.0066438226563));
#6756=CARTESIAN_POINT('Ctrl Pts',(-2.1485798226898,-32.5411916009556,25.5125446472632));
#6757=CARTESIAN_POINT('Ctrl Pts',(-2.58163782653821,-35.7285079475639,25.8954283528704));
#6758=CARTESIAN_POINT('Ctrl Pts',(-3.30791952748969,-41.1313369429233,24.2387436725926));
#6759=CARTESIAN_POINT('Ctrl Pts',(-3.68748231222007,-43.9752437800746,21.1914327416891));
#6760=CARTESIAN_POINT('Ctrl Pts',(-3.82257704521981,-44.9876441330131,19.0245943324422));
#6761=CARTESIAN_POINT('Ctrl Pts',(-1.67002624379251,-31.3821504238723,24.1239648722634));
#6762=CARTESIAN_POINT('Ctrl Pts',(-1.85040467198024,-32.752863942532,24.5796919306974));
#6763=CARTESIAN_POINT('Ctrl Pts',(-2.23621204503844,-35.6828150291794,24.9139184478564));
#6764=CARTESIAN_POINT('Ctrl Pts',(-2.8872025924604,-40.6285277645144,23.3779687008589));
#6765=CARTESIAN_POINT('Ctrl Pts',(-3.22906433136895,-43.2240599844814,20.5867646672323));
#6766=CARTESIAN_POINT('Ctrl Pts',(-3.35069082067325,-44.1480652958256,18.6047264469785));
#6767=CARTESIAN_POINT('Ctrl Pts',(-1.68608962523677,-31.5041639195418,23.7463743566272));
#6768=CARTESIAN_POINT('Ctrl Pts',(-1.86003603177961,-32.8254180524332,24.1807205494193));
#6769=CARTESIAN_POINT('Ctrl Pts',(-2.23115904810959,-35.6443772300487,24.4942719932127));
#6770=CARTESIAN_POINT('Ctrl Pts',(-2.85646616380757,-40.3940563258279,23.0099375580914));
#6771=CARTESIAN_POINT('Ctrl Pts',(-3.18412172143122,-42.882847375205,20.328335237149));
#6772=CARTESIAN_POINT('Ctrl Pts',(-3.30079011647564,-43.7690318166888,18.4251748882847));
#6773=CARTESIAN_POINT('Ctrl Pts',(-1.68608962523691,-31.5041639195428,23.7463743566275));
#6774=CARTESIAN_POINT('Ctrl Pts',(-1.86001045762864,-32.8252237974708,24.1806566904679));
#6775=CARTESIAN_POINT('Ctrl Pts',(-2.2310766770672,-35.6437515598646,24.4942610189997));
#6776=CARTESIAN_POINT('Ctrl Pts',(-2.81922100254751,-40.1111512390076,23.0986066179628));
#6777=CARTESIAN_POINT('Ctrl Pts',(-3.12872581114738,-42.4620736618384,20.7638855668619));
#6778=CARTESIAN_POINT('Ctrl Pts',(-3.24771961267141,-43.3659213191534,19.1994851002194));
#6779=CARTESIAN_POINT('Ctrl Pts',(-3.34298826355681,-30.7197474771572,25.4689677963379));
#6780=CARTESIAN_POINT('Ctrl Pts',(-3.58168554184374,-32.2690659902447,25.9811225639369));
#6781=CARTESIAN_POINT('Ctrl Pts',(-4.07325335801154,-35.5802187474826,26.3508434674263));
#6782=CARTESIAN_POINT('Ctrl Pts',(-4.86878608979985,-41.1661505157931,24.6012154609907));
#6783=CARTESIAN_POINT('Ctrl Pts',(-5.27492294370399,-44.0959080282205,21.4417049706554));
#6784=CARTESIAN_POINT('Ctrl Pts',(-5.4194482601022,-45.1397752642673,19.1999999768866));
#6785=CARTESIAN_POINT('Origin',(0.269498154343641,-16.6499999999991,14.1304431546334));
#6786=CARTESIAN_POINT('Origin',(0.269498154343342,-16.6499999999999,25.4689677963369));
#6787=CARTESIAN_POINT('Origin',(0.269498154343613,-16.6499999999991,23.9379235660779));
#6788=CARTESIAN_POINT('Origin',(-2.28050184565641,-16.6499999999991,30.4689677963379));
#6789=CARTESIAN_POINT('',(2.81949815434359,-16.6499999999991,30.4689677963379));
#6790=CARTESIAN_POINT('Origin',(0.269498154343592,-16.6499999999991,30.4689677963379));
#6791=CARTESIAN_POINT('Origin',(0.269498154343598,-16.6499999999991,28.3406657572795));
#6792=CARTESIAN_POINT('',(3.1382481543436,-16.6499999999991,28.3406657572795));
#6793=CARTESIAN_POINT('Ctrl Pts',(-27.2492201642258,-7.33132526683465,19.1968392544151));
#6794=CARTESIAN_POINT('Ctrl Pts',(-26.2729324651314,-7.72810016632963,21.4403774131182));
#6795=CARTESIAN_POINT('Ctrl Pts',(-23.5320005973072,-8.84150645535455,24.6016600276181));
#6796=CARTESIAN_POINT('Ctrl Pts',(-18.2953125818941,-10.946068102898,26.3509745264961));
#6797=CARTESIAN_POINT('Ctrl Pts',(-15.1823868094631,-12.1757734209488,25.9810472653225));
#6798=CARTESIAN_POINT('Ctrl Pts',(-13.7215037946587,-12.7436312701475,25.4689677963383));
#6799=CARTESIAN_POINT('Ctrl Pts',(-27.062295016528,-6.80028969950852,19.2111821683353));
#6800=CARTESIAN_POINT('Ctrl Pts',(-26.0811891310656,-7.20037337562525,21.4613852949823));
#6801=CARTESIAN_POINT('Ctrl Pts',(-23.33096095616,-8.32133947002814,24.6255660308906));
#6802=CARTESIAN_POINT('Ctrl Pts',(-18.0832451312124,-10.4421885911417,26.3589462129606));
#6803=CARTESIAN_POINT('Ctrl Pts',(-14.9782657495139,-11.6800273850543,25.9711727629716));
#6804=CARTESIAN_POINT('Ctrl Pts',(-13.5246886241322,-12.2524094929149,25.4501017375609));
#6805=CARTESIAN_POINT('Ctrl Pts',(-26.3167330530489,-6.02532939468326,19.0268593919341));
#6806=CARTESIAN_POINT('Ctrl Pts',(-25.3721295649252,-6.41465420103099,21.1931610141261));
#6807=CARTESIAN_POINT('Ctrl Pts',(-22.7196569638132,-7.5078115801151,24.2398809267139));
#6808=CARTESIAN_POINT('Ctrl Pts',(-17.6779457596461,-9.58007844418767,25.895656779859));
#6809=CARTESIAN_POINT('Ctrl Pts',(-14.7014726889675,-10.7985605335976,25.5125311810404));
#6810=CARTESIAN_POINT('Ctrl Pts',(-13.3134053523442,-11.3646923531348,25.0067047355737));
#6811=CARTESIAN_POINT('Ctrl Pts',(-25.3537334767724,-6.03650994656349,18.6067652631411));
#6812=CARTESIAN_POINT('Ctrl Pts',(-24.4924419431711,-6.39329125132388,20.5883139532118));
#6813=CARTESIAN_POINT('Ctrl Pts',(-22.0739378428896,-7.3949160395381,23.3789310123768));
#6814=CARTESIAN_POINT('Ctrl Pts',(-17.4657221211337,-9.30383137128469,24.9140573983092));
#6815=CARTESIAN_POINT('Ctrl Pts',(-14.7357547196448,-10.4345355263757,24.5796249282634));
#6816=CARTESIAN_POINT('Ctrl Pts',(-13.4586805641733,-10.9636021881077,24.1239648722637));
#6817=CARTESIAN_POINT('Ctrl Pts',(-25.000566869391,-6.18279634511815,18.4271323515999));
#6818=CARTESIAN_POINT('Ctrl Pts',(-24.1745189773053,-6.52495658518976,20.3298233334395));
#6819=CARTESIAN_POINT('Ctrl Pts',(-21.8555308253494,-7.48551292871242,23.0108314091533));
#6820=CARTESIAN_POINT('Ctrl Pts',(-17.4299237344634,-9.31865940749195,24.4943831412711));
#6821=CARTESIAN_POINT('Ctrl Pts',(-14.8034108721517,-10.4065966568089,24.1806566904678));
#6822=CARTESIAN_POINT('Ctrl Pts',(-13.5723790417497,-10.9165067366743,23.7463743566275));
#6823=CARTESIAN_POINT('',(-13.7215037946581,-12.7436312701477,25.4689677963383));
#6824=CARTESIAN_POINT('Ctrl Pts',(-27.2478442120508,-7.33188446990174,19.1999999878555));
#6825=CARTESIAN_POINT('Ctrl Pts',(-26.2713876856689,-7.72872767687333,21.4421588574305));
#6826=CARTESIAN_POINT('Ctrl Pts',(-23.5309465876196,-8.84193004911423,24.6020121193263));
#6827=CARTESIAN_POINT('Ctrl Pts',(-18.2953125818941,-10.946068102898,26.3509745264961));
#6828=CARTESIAN_POINT('Ctrl Pts',(-15.1823868094631,-12.1757734209488,25.9810472653225));
#6829=CARTESIAN_POINT('Ctrl Pts',(-13.7215037946587,-12.7436312701475,25.4689677963383));
#6830=CARTESIAN_POINT('Origin',(-14.2662037991667,-12.5915478759406,23.7463743566275));
#6831=CARTESIAN_POINT('Ctrl Pts',(-13.7215037946584,-12.7436312701477,25.4689677963382));
#6832=CARTESIAN_POINT('Ctrl Pts',(-10.9069696201548,-13.8947316171242,24.4773582928976));
#6833=CARTESIAN_POINT('Ctrl Pts',(-8.08521217415121,-15.0566914742873,23.4793307766218));
#6834=CARTESIAN_POINT('Ctrl Pts',(-5.26249440531493,-16.1396932350288,22.5238816172847));
#6835=CARTESIAN_POINT('Ctrl Pts',(-13.5246886241318,-12.252409492915,25.4501017375608));
#6836=CARTESIAN_POINT('Ctrl Pts',(-10.7123405287005,-13.4055868266398,24.454693621519));
#6837=CARTESIAN_POINT('Ctrl Pts',(-7.89158812051832,-14.5678836001554,23.4551278148398));
#6838=CARTESIAN_POINT('Ctrl Pts',(-5.0810042782044,-15.6646590841578,22.4788752336697));
#6839=CARTESIAN_POINT('Ctrl Pts',(-13.3133891695174,-11.3646744528241,25.0067295904314));
#6840=CARTESIAN_POINT('Ctrl Pts',(-10.5041644790022,-12.524807673299,24.0093162512603));
#6841=CARTESIAN_POINT('Ctrl Pts',(-7.6870655346214,-13.6898738349667,23.0073996000541));
#6842=CARTESIAN_POINT('Ctrl Pts',(-4.89028302250429,-14.8287042889926,22.020597206029));
#6843=CARTESIAN_POINT('Ctrl Pts',(-13.4586805641731,-10.9636021881077,24.1239648722636));
#6844=CARTESIAN_POINT('Ctrl Pts',(-10.6486931423974,-12.1275707533997,23.1306316178201));
#6845=CARTESIAN_POINT('Ctrl Pts',(-7.83344157395651,-13.2934830665591,22.1313936929297));
#6846=CARTESIAN_POINT('Ctrl Pts',(-5.02597116408149,-14.4565447891768,21.1666311716876));
#6847=CARTESIAN_POINT('Ctrl Pts',(-13.5723790417496,-10.9165067366744,23.7463743566274));
#6848=CARTESIAN_POINT('Ctrl Pts',(-10.761528203611,-12.0807992756392,22.7547648531869));
#6849=CARTESIAN_POINT('Ctrl Pts',(-7.94686983283764,-13.2466689462604,21.7567373369111));
#6850=CARTESIAN_POINT('Ctrl Pts',(-5.13181161394524,-14.4127042393955,20.801288177574));
#6851=CARTESIAN_POINT('',(-12.601264398128,-13.2012895680915,25.0745721268256));
#6852=CARTESIAN_POINT('Ctrl Pts',(-13.7215037946584,-12.7436312701477,25.4689677963382));
#6853=CARTESIAN_POINT('Ctrl Pts',(-13.3483236437302,-12.8962561006114,25.3374899171538));
#6854=CARTESIAN_POINT('Ctrl Pts',(-12.9750165061837,-13.0490718435276,25.2058992079661));
#6855=CARTESIAN_POINT('Ctrl Pts',(-12.6015969807422,-13.2018691370654,25.074309877671));
#6856=CARTESIAN_POINT('Ctrl Pts',(-12.6012643981393,-13.20128956809,25.0745721268293));
#6857=CARTESIAN_POINT('Ctrl Pts',(-12.5907152206424,-13.2041162116811,25.0709866253759));
#6858=CARTESIAN_POINT('Ctrl Pts',(-12.5801665206097,-13.2069427273356,25.067399584852));
#6859=CARTESIAN_POINT('Ctrl Pts',(-10.0732787001096,-13.8786612942934,24.2145388052713));
#6860=CARTESIAN_POINT('Ctrl Pts',(-7.44662939674047,-14.5824698539905,23.2256699632099));
#6861=CARTESIAN_POINT('Ctrl Pts',(-5.00626118203856,-15.2363645463545,22.1763992966257));
#6862=CARTESIAN_POINT('Ctrl Pts',(-4.77650131835233,-14.325942342357,22.5238816172847));
#6863=CARTESIAN_POINT('Ctrl Pts',(-7.76296107516757,-13.8524249198593,23.4794631106574));
#6864=CARTESIAN_POINT('Ctrl Pts',(-10.7872785745558,-13.4478934161521,24.4773706411397));
#6865=CARTESIAN_POINT('Ctrl Pts',(-13.8002493228146,-13.0375135820986,25.4689677963379));
#6866=CARTESIAN_POINT('Ctrl Pts',(-4.85684333317407,-14.8280790482318,22.4788752336697));
#6867=CARTESIAN_POINT('Ctrl Pts',(-7.8396811614197,-14.3725594756824,23.4552630302436));
#6868=CARTESIAN_POINT('Ctrl Pts',(-10.8632972216397,-13.9688198125779,24.4547060170641));
#6869=CARTESIAN_POINT('Ctrl Pts',(-13.8754132739047,-13.5613317053375,25.4501017375605));
#6870=CARTESIAN_POINT('Ctrl Pts',(-5.10965259727073,-15.6473905883349,22.0205900482662));
#6871=CARTESIAN_POINT('Ctrl Pts',(-8.10156686492556,-15.2351983534811,23.0075291188919));
#6872=CARTESIAN_POINT('Ctrl Pts',(-11.1234027783146,-14.8356770510176,24.0093202411548));
#6873=CARTESIAN_POINT('Ctrl Pts',(-14.1362918163252,-14.4357745264044,25.00672115981));
#6874=CARTESIAN_POINT('Ctrl Pts',(-5.41324040578477,-15.901853275422,21.1666311716876));
#6875=CARTESIAN_POINT('Ctrl Pts',(-8.42652925877377,-15.5053041521974,22.1315273169081));
#6876=CARTESIAN_POINT('Ctrl Pts',(-11.4471850465684,-15.1074380226753,23.1306439875275));
#6877=CARTESIAN_POINT('Ctrl Pts',(-14.4626522695296,-14.7104756018629,24.1239648722633));
#6878=CARTESIAN_POINT('Ctrl Pts',(-5.52682119900537,-15.8869000803165,20.801288177574));
#6879=CARTESIAN_POINT('Ctrl Pts',(-8.54816918869352,-15.4891320713934,21.7568696709467));
#6880=CARTESIAN_POINT('Ctrl Pts',(-11.5682888262258,-15.0915257780995,22.7547772014289));
#6881=CARTESIAN_POINT('Ctrl Pts',(-14.5846657651991,-14.6944122204187,23.7463743566271));
#6882=CARTESIAN_POINT('',(-13.8002493228145,-13.0375135820986,25.4689677963379));
#6883=CARTESIAN_POINT('Ctrl Pts',(-12.6012626394564,-13.2006209270678,25.0743097039173));
#6884=CARTESIAN_POINT('Ctrl Pts',(-13.001047887071,-13.1462383325924,25.205897759083));
#6885=CARTESIAN_POINT('Ctrl Pts',(-13.4007483490822,-13.0919273673633,25.3374882493556));
#6886=CARTESIAN_POINT('Ctrl Pts',(-13.8002493228146,-13.0375135820986,25.4689677963379));
#6887=CARTESIAN_POINT('',(-14.5846657652001,-14.6944122204185,23.7463743566275));
#6888=CARTESIAN_POINT('Origin',(-14.3480150612636,-12.8968716627216,23.7463743566271));
#6889=CARTESIAN_POINT('Ctrl Pts',(-6.75046832790029,-15.7258038796318,21.190517464471));
#6890=CARTESIAN_POINT('Ctrl Pts',(-9.36334681027139,-15.3818119015353,22.0261324958629));
#6891=CARTESIAN_POINT('Ctrl Pts',(-11.9755348268907,-15.0379108249795,22.8886543606485));
#6892=CARTESIAN_POINT('Ctrl Pts',(-14.5846657651999,-14.6944122204186,23.7463743566274));
#6893=CARTESIAN_POINT('Ctrl Pts',(-13.8002493228146,-13.0375135820986,25.4689677963379));
#6894=CARTESIAN_POINT('Ctrl Pts',(-15.349567835902,-12.7988163038117,25.9811225639368));
#6895=CARTESIAN_POINT('Ctrl Pts',(-18.6607658768242,-12.3072418940957,26.3509222575143));
#6896=CARTESIAN_POINT('Ctrl Pts',(-24.24874307742,-11.5114204538953,24.6007527692878));
#6897=CARTESIAN_POINT('Ctrl Pts',(-27.1792672979471,-11.1051827959004,21.4386227399508));
#6898=CARTESIAN_POINT('Ctrl Pts',(-28.2228219845646,-10.9607012436331,19.1945311320327));
#6899=CARTESIAN_POINT('Ctrl Pts',(-13.8754132739047,-13.5613317053375,25.4501017375605));
#6900=CARTESIAN_POINT('Ctrl Pts',(-15.4206662327552,-13.3302066079825,25.9712493837474));
#6901=CARTESIAN_POINT('Ctrl Pts',(-18.7290555036068,-12.8496517356579,26.3589663025321));
#6902=CARTESIAN_POINT('Ctrl Pts',(-24.3347683611584,-12.0624172050362,24.624753046639));
#6903=CARTESIAN_POINT('Ctrl Pts',(-27.277082909832,-11.6580800966293,21.4596282529547));
#6904=CARTESIAN_POINT('Ctrl Pts',(-28.3264631374497,-11.5140546662901,19.2088685059102));
#6905=CARTESIAN_POINT('Ctrl Pts',(-14.1362994216557,-14.4357390967096,25.0066838360284));
#6906=CARTESIAN_POINT('Ctrl Pts',(-15.6216852932344,-14.2319600057611,25.5125846606353));
#6907=CARTESIAN_POINT('Ctrl Pts',(-18.8090707267595,-13.7988971594792,25.8955666374716));
#6908=CARTESIAN_POINT('Ctrl Pts',(-24.2120136818195,-13.0726018866058,24.2389571052618));
#6909=CARTESIAN_POINT('Ctrl Pts',(-27.05580118281,-12.6930558178379,21.1914563868722));
#6910=CARTESIAN_POINT('Ctrl Pts',(-28.0682015357484,-12.5579610848381,19.0246179776254));
#6911=CARTESIAN_POINT('Ctrl Pts',(-14.4626522695296,-14.7104756018629,24.1239648722633));
#6912=CARTESIAN_POINT('Ctrl Pts',(-15.8333657881893,-14.5300971736752,24.5796919306973));
#6913=CARTESIAN_POINT('Ctrl Pts',(-18.7633571716332,-14.1442808305621,24.9140000622484));
#6914=CARTESIAN_POINT('Ctrl Pts',(-23.7091640694869,-13.4932760217437,23.37811452671));
#6915=CARTESIAN_POINT('Ctrl Pts',(-26.3045618301387,-13.1514375142865,20.5867646672322));
#6916=CARTESIAN_POINT('Ctrl Pts',(-27.228567141483,-13.0298110249822,18.6047264469785));
#6917=CARTESIAN_POINT('Ctrl Pts',(-14.5846657651991,-14.6944122204187,23.7463743566272));
#6918=CARTESIAN_POINT('Ctrl Pts',(-15.9059198980906,-14.5204658138758,24.1807205494193));
#6919=CARTESIAN_POINT('Ctrl Pts',(-18.7249173483854,-14.149337758852,24.4943388131994));
#6920=CARTESIAN_POINT('Ctrl Pts',(-23.4746808105815,-13.5240195361046,23.0100619850913));
#6921=CARTESIAN_POINT('Ctrl Pts',(-25.9633492208623,-13.1963801242242,20.3283352371489));
#6922=CARTESIAN_POINT('Ctrl Pts',(-26.8495336623461,-13.0797117291798,18.4251748882847));
#6923=CARTESIAN_POINT('Ctrl Pts',(-14.5846657652001,-14.6944122204185,23.7463743566275));
#6924=CARTESIAN_POINT('Ctrl Pts',(-15.9057256431282,-14.5204913880268,24.1806566904678));
#6925=CARTESIAN_POINT('Ctrl Pts',(-18.7242674232468,-14.1494233231198,24.4942853842577));
#6926=CARTESIAN_POINT('Ctrl Pts',(-23.1916960071872,-13.5612751922507,23.0986506054002));
#6927=CARTESIAN_POINT('Ctrl Pts',(-25.5425827095083,-13.2517750863451,20.7638924155806));
#6928=CARTESIAN_POINT('Ctrl Pts',(-26.4464248314812,-13.1327820135627,19.1994860745389));
#6929=CARTESIAN_POINT('Ctrl Pts',(-13.8002493228146,-13.0375135820986,25.4689677963379));
#6930=CARTESIAN_POINT('Ctrl Pts',(-15.349567835902,-12.7988163038117,25.9811225639368));
#6931=CARTESIAN_POINT('Ctrl Pts',(-18.6607658768242,-12.3072418940957,26.3509222575143));
#6932=CARTESIAN_POINT('Ctrl Pts',(-24.2467974209538,-11.5116975479269,24.6013621541259));
#6933=CARTESIAN_POINT('Ctrl Pts',(-27.1764100153215,-11.105578884197,21.4417051136036));
#6934=CARTESIAN_POINT('Ctrl Pts',(-28.2202771101322,-10.9610535855267,19.1999999769849));
#6935=CARTESIAN_POINT('Origin',(0.269498154343638,-16.6499999999991,14.1304431546334));
#6936=CARTESIAN_POINT('Origin',(0.269498154342808,-16.6499999999988,25.4689677963369));
#6937=CARTESIAN_POINT('Origin',(0.26949815434361,-16.6499999999991,23.9379235660779));
#6938=CARTESIAN_POINT('Ctrl Pts',(29.2623893806825,-18.5287801938926,19.1968392544152));
#6939=CARTESIAN_POINT('Ctrl Pts',(28.2166749776309,-18.3982069212721,21.4403774131184));
#6940=CARTESIAN_POINT('Ctrl Pts',(25.280689476567,-18.0321060532705,24.6013805581666));
#6941=CARTESIAN_POINT('Ctrl Pts',(19.6779316336937,-17.3546389080555,26.3508263793031));
#6942=CARTESIAN_POINT('Ctrl Pts',(16.3528879564944,-16.9725288940062,25.9810472653226));
#6943=CARTESIAN_POINT('Ctrl Pts',(14.7948108970241,-16.8021246787024,25.4689677963384));
#6944=CARTESIAN_POINT('Ctrl Pts',(29.2192756713891,-19.0901009512837,19.2111821683355));
#6945=CARTESIAN_POINT('Ctrl Pts',(28.1680508832832,-18.9575786842658,21.4613852949824));
#6946=CARTESIAN_POINT('Ctrl Pts',(25.2212009352636,-18.586596570954,24.6254505413015));
#6947=CARTESIAN_POINT('Ctrl Pts',(19.6035131041083,-17.8962415386289,26.3589196157363));
#6948=CARTESIAN_POINT('Ctrl Pts',(16.2840306686235,-17.5042132111786,25.9711727629717));
#6949=CARTESIAN_POINT('Ctrl Pts',(14.731839592124,-17.3275479942644,25.450101737561));
#6950=CARTESIAN_POINT('Ctrl Pts',(28.6996343888582,-20.0315557624392,19.0268282839615));
#6951=CARTESIAN_POINT('Ctrl Pts',(27.6864528094631,-19.8999782499696,21.1931299061535));
#6952=CARTESIAN_POINT('Ctrl Pts',(24.8411808235861,-19.5305468328074,24.2394981422539));
#6953=CARTESIAN_POINT('Ctrl Pts',(19.4351398016172,-18.8338130463042,25.8954180272937));
#6954=CARTESIAN_POINT('Ctrl Pts',(16.2448327959302,-18.4272386520827,25.5124785622122));
#6955=CARTESIAN_POINT('Ctrl Pts',(14.7575370099228,-18.2396555691107,25.0066521167455));
#6956=CARTESIAN_POINT('Ctrl Pts',(27.7666127006609,-20.2700638064685,18.6067652631413));
#6957=CARTESIAN_POINT('Ctrl Pts',(26.8423271677827,-20.1483581821449,20.588313953212));
#6958=CARTESIAN_POINT('Ctrl Pts',(24.2467312773481,-19.8067940164443,23.3786534401473));
#6959=CARTESIAN_POINT('Ctrl Pts',(19.301658775772,-19.1556382965206,24.9139036751235));
#6960=CARTESIAN_POINT('Ctrl Pts',(16.3721400152592,-18.7700324370865,24.5796249282635));
#6961=CARTESIAN_POINT('Ctrl Pts',(15.0016485782179,-18.5895243981353,24.1239648722637));
#6962=CARTESIAN_POINT('Ctrl Pts',(27.3876182476229,-20.2201682401542,18.4271323516));
#6963=CARTESIAN_POINT('Ctrl Pts',(26.5011596682983,-20.1034637541784,20.3298233334396));
#6964=CARTESIAN_POINT('Ctrl Pts',(24.0123435943482,-19.7758049020072,23.0105943978045));
#6965=CARTESIAN_POINT('Ctrl Pts',(19.2632476716635,-19.1505745625036,24.4942575011847));
#6966=CARTESIAN_POINT('Ctrl Pts',(16.4447219518154,-18.7795086119713,24.1806566904679));
#6967=CARTESIAN_POINT('Ctrl Pts',(15.1236620738873,-18.6055877795796,23.7463743566276));
#6968=CARTESIAN_POINT('',(14.7948108970235,-16.8021246787024,25.4689677963384));
#6969=CARTESIAN_POINT('Ctrl Pts',(29.2609155804269,-18.5285961678207,19.1999999877447));
#6970=CARTESIAN_POINT('Ctrl Pts',(28.2150202670075,-18.3980005893706,21.4421586999604));
#6971=CARTESIAN_POINT('Ctrl Pts',(25.2795617865029,-18.0319696966779,24.6017326763065));
#6972=CARTESIAN_POINT('Ctrl Pts',(19.6779316336937,-17.3546389080555,26.3508263793031));
#6973=CARTESIAN_POINT('Ctrl Pts',(16.3528879564944,-16.9725288940062,25.9810472653226));
#6974=CARTESIAN_POINT('Ctrl Pts',(14.7948108970241,-16.8021246787024,25.4689677963384));
#6975=CARTESIAN_POINT('Origin',(15.3603127778228,-16.8080472218825,23.7463743566276));
#6976=CARTESIAN_POINT('Ctrl Pts',(14.7948108970238,-16.8021246787024,25.4689677963382));
#6977=CARTESIAN_POINT('Ctrl Pts',(11.778252956276,-16.4187021723609,24.4773582928977));
#6978=CARTESIAN_POINT('Ctrl Pts',(8.7519072229792,-16.0266597049014,23.4793307766219));
#6979=CARTESIAN_POINT('Ctrl Pts',(5.74506974817573,-15.7111334518088,22.5238816172847));
#6980=CARTESIAN_POINT('Ctrl Pts',(14.7318395921236,-17.3275479942643,25.4501017375608));
#6981=CARTESIAN_POINT('Ctrl Pts',(11.7168556778832,-16.9415534738839,24.4546936215191));
#6982=CARTESIAN_POINT('Ctrl Pts',(8.69139353620584,-16.548925447289,23.4551278148399));
#6983=CARTESIAN_POINT('Ctrl Pts',(5.69271163250271,-16.2169543078987,22.4788752336697));
#6984=CARTESIAN_POINT('Ctrl Pts',(14.7575169980841,-18.2396946500233,25.0066973404404));
#6985=CARTESIAN_POINT('Ctrl Pts',(11.7437497453516,-17.8461728623083,24.0092840012693));
#6986=CARTESIAN_POINT('Ctrl Pts',(8.72109751662977,-17.4499268833519,23.0073722191787));
#6987=CARTESIAN_POINT('Ctrl Pts',(5.72486204701757,-17.0737617151893,22.0205698251536));
#6988=CARTESIAN_POINT('Ctrl Pts',(15.0016485782177,-18.5895243981353,24.1239648722637));
#6989=CARTESIAN_POINT('Ctrl Pts',(11.9861519233788,-18.1924953611853,23.1306316178201));
#6990=CARTESIAN_POINT('Ctrl Pts',(8.96506741435582,-17.7949512693834,22.1313936929298));
#6991=CARTESIAN_POINT('Ctrl Pts',(5.95223671447198,-17.3981467245762,21.1666311716876));
#6992=CARTESIAN_POINT('Ctrl Pts',(15.1236620738871,-18.6055877795796,23.7463743566275));
#6993=CARTESIAN_POINT('Ctrl Pts',(12.1072475723279,-18.2084692766905,22.7547648531869));
#6994=CARTESIAN_POINT('Ctrl Pts',(9.08674708495312,-17.8108128435636,21.7567373369111));
#6995=CARTESIAN_POINT('Ctrl Pts',(6.06581750769258,-17.4130999196816,20.801288177574));
#6996=CARTESIAN_POINT('',(13.5942920486315,-16.6499999999991,25.0745721268257));
#6997=CARTESIAN_POINT('Ctrl Pts',(14.7948108970238,-16.8021246787024,25.4689677963382));
#6998=CARTESIAN_POINT('Ctrl Pts',(14.3948443385043,-16.7512865435388,25.3374899171539));
#6999=CARTESIAN_POINT('Ctrl Pts',(13.9947057085518,-16.7002968676623,25.2058992079662));
#7000=CARTESIAN_POINT('Ctrl Pts',(13.5944632952795,-16.6493541006445,25.0743098776711));
#7001=CARTESIAN_POINT('Ctrl Pts',(13.5942920486428,-16.6499999999977,25.0745721268294));
#7002=CARTESIAN_POINT('Ctrl Pts',(13.5833707364574,-16.6499999999977,25.0709866253759));
#7003=CARTESIAN_POINT('Ctrl Pts',(13.5724499185793,-16.6499999999981,25.067399584852));
#7004=CARTESIAN_POINT('Ctrl Pts',(10.9771286710712,-16.6500000000567,24.2145388052713));
#7005=CARTESIAN_POINT('Ctrl Pts',(8.25782121298695,-16.6499999999991,23.2256699632099));
#7006=CARTESIAN_POINT('Ctrl Pts',(5.73136612887619,-16.6499999999991,22.1763992966257));
#7007=CARTESIAN_POINT('Ctrl Pts',(5.74506974817575,-17.5888665481894,22.5238816172847));
#7008=CARTESIAN_POINT('Ctrl Pts',(8.75232368358682,-17.2732965932818,23.4794631106575));
#7009=CARTESIAN_POINT('Ctrl Pts',(11.7782905206473,-16.8812930529816,24.4773706411397));
#7010=CARTESIAN_POINT('Ctrl Pts',(14.7948108970229,-16.4978753212959,25.468967796338));
#7011=CARTESIAN_POINT('Ctrl Pts',(5.69271163250273,-17.0830456920995,22.4788752336697));
#7012=CARTESIAN_POINT('Ctrl Pts',(8.69180886722993,-16.7510285732029,23.4552630302436));
#7013=CARTESIAN_POINT('Ctrl Pts',(11.7168932226535,-16.35844171943,24.4547060170642));
#7014=CARTESIAN_POINT('Ctrl Pts',(14.7318395921228,-15.9724520057339,25.4501017375606));
#7015=CARTESIAN_POINT('Ctrl Pts',(5.72486004782064,-16.2262340771555,22.020574394727));
#7016=CARTESIAN_POINT('Ctrl Pts',(8.7215105096147,-15.8500168084136,23.0075134653528));
#7017=CARTESIAN_POINT('Ctrl Pts',(11.7437848933161,-15.4538175861609,24.0093018039614));
#7018=CARTESIAN_POINT('Ctrl Pts',(14.7575146164282,-15.0603006988653,25.0067027226166));
#7019=CARTESIAN_POINT('Ctrl Pts',(5.952236714472,-15.901853275422,21.1666311716876));
#7020=CARTESIAN_POINT('Ctrl Pts',(8.96548470505226,-15.5049937713882,22.1315273169082));
#7021=CARTESIAN_POINT('Ctrl Pts',(11.9861894745342,-15.1074996947188,23.1306439875276));
#7022=CARTESIAN_POINT('Ctrl Pts',(15.0016485782168,-14.710475601863,24.1239648722634));
#7023=CARTESIAN_POINT('Ctrl Pts',(6.0658175076926,-15.8869000803165,20.801288177574));
#7024=CARTESIAN_POINT('Ctrl Pts',(9.08716549738075,-15.4891320713934,21.7568696709467));
#7025=CARTESIAN_POINT('Ctrl Pts',(12.107285134913,-15.0915257780995,22.754777201429));
#7026=CARTESIAN_POINT('Ctrl Pts',(15.1236620738863,-14.6944122204187,23.7463743566272));
#7027=CARTESIAN_POINT('',(14.7948108970229,-16.4978753212959,25.468967796338));
#7028=CARTESIAN_POINT('Ctrl Pts',(13.5944634069165,-16.6506463128101,25.0743097039174));
#7029=CARTESIAN_POINT('Ctrl Pts',(13.9947015537291,-16.5997038292808,25.2058977590831));
#7030=CARTESIAN_POINT('Ctrl Pts',(14.3948392649246,-16.5487141013415,25.3374882493557));
#7031=CARTESIAN_POINT('Ctrl Pts',(14.7948108970229,-16.4978753212959,25.468967796338));
#7032=CARTESIAN_POINT('',(15.1236620738873,-14.6944122204186,23.7463743566276));
#7033=CARTESIAN_POINT('Origin',(15.3603127778218,-16.4919527781158,23.7463743566272));
#7034=CARTESIAN_POINT('Ctrl Pts',(7.28946463658751,-15.7258038796319,21.190517464471));
#7035=CARTESIAN_POINT('Ctrl Pts',(9.90234311895862,-15.3818119015353,22.0261324958629));
#7036=CARTESIAN_POINT('Ctrl Pts',(12.5145311355779,-15.0379108249795,22.8886543606485));
#7037=CARTESIAN_POINT('Ctrl Pts',(15.1236620738871,-14.6944122204186,23.7463743566275));
#7038=CARTESIAN_POINT('Ctrl Pts',(14.7948108970229,-16.4978753212959,25.468967796338));
#7039=CARTESIAN_POINT('Ctrl Pts',(16.3531170635967,-16.3274460489412,25.9811225639369));
#7040=CARTESIAN_POINT('Ctrl Pts',(19.678696487467,-15.9452718237915,26.350885234314));
#7041=CARTESIAN_POINT('Ctrl Pts',(25.2821941967785,-15.2677083734985,24.6006834675117));
#7042=CARTESIAN_POINT('Ctrl Pts',(28.2180738984952,-14.901618875885,21.438622739951));
#7043=CARTESIAN_POINT('Ctrl Pts',(29.2634648988368,-14.7710855111397,19.1945311320328));
#7044=CARTESIAN_POINT('Ctrl Pts',(14.7318395921228,-15.9724520057339,25.4501017375606));
#7045=CARTESIAN_POINT('Ctrl Pts',(16.2842589102227,-15.7957608111212,25.9712493837475));
#7046=CARTESIAN_POINT('Ctrl Pts',(19.6042756969503,-15.4036681530799,26.3589594435546));
#7047=CARTESIAN_POINT('Ctrl Pts',(25.2226974399363,-14.7132177158,24.6247245591101));
#7048=CARTESIAN_POINT('Ctrl Pts',(28.1694561728146,-14.3422445505612,21.4596282529549));
#7049=CARTESIAN_POINT('Ctrl Pts',(29.2203561606186,-14.2097628449067,19.2088685059103));
#7050=CARTESIAN_POINT('Ctrl Pts',(14.7575306674426,-15.0603320447257,25.0066664497781));
#7051=CARTESIAN_POINT('Ctrl Pts',(16.2450451525366,-14.8727213786399,25.512567274385));
#7052=CARTESIAN_POINT('Ctrl Pts',(19.4358771495568,-14.4660778729883,25.8955028904754));
#7053=CARTESIAN_POINT('Ctrl Pts',(24.8426441625314,-13.7692484918753,24.2388577209432));
#7054=CARTESIAN_POINT('Ctrl Pts',(27.6878237728591,-13.3998281738433,21.1914461127801));
#7055=CARTESIAN_POINT('Ctrl Pts',(28.7006925100999,-13.2682911728344,19.0246077035333));
#7056=CARTESIAN_POINT('Ctrl Pts',(15.0016485782168,-14.710475601863,24.1239648722634));
#7057=CARTESIAN_POINT('Ctrl Pts',(16.3723415388744,-14.5299410201463,24.5796919306974));
#7058=CARTESIAN_POINT('Ctrl Pts',(19.3023333748817,-14.1442742089719,24.9139616857421));
#7059=CARTESIAN_POINT('Ctrl Pts',(24.2480631745602,-13.493032626694,23.3780456665261));
#7060=CARTESIAN_POINT('Ctrl Pts',(26.8435636044936,-13.1514790301541,20.5867646672323));
#7061=CARTESIAN_POINT('Ctrl Pts',(27.7675634501702,-13.0298110249822,18.6047264469786));
#7062=CARTESIAN_POINT('Ctrl Pts',(15.1236620738863,-14.6944122204187,23.7463743566272));
#7063=CARTESIAN_POINT('Ctrl Pts',(16.4449162067778,-14.5204658138759,24.1807205494194));
#7064=CARTESIAN_POINT('Ctrl Pts',(19.2638958915008,-14.1493400977339,24.4943074147099));
#7065=CARTESIAN_POINT('Ctrl Pts',(24.0136190172532,-13.52402718538,23.0100032119147));
#7066=CARTESIAN_POINT('Ctrl Pts',(26.5023455295496,-13.1963801242243,20.3283352371491));
#7067=CARTESIAN_POINT('Ctrl Pts',(27.3885299710333,-13.0797117291798,18.4251748882848));
#7068=CARTESIAN_POINT('Ctrl Pts',(15.1236620738873,-14.6944122204186,23.7463743566276));
#7069=CARTESIAN_POINT('Ctrl Pts',(16.4447219518154,-14.5204913880268,24.1806566904679));
#7070=CARTESIAN_POINT('Ctrl Pts',(19.2632771324432,-14.1494215589093,24.4943090700684));
#7071=CARTESIAN_POINT('Ctrl Pts',(23.7307344902706,-13.5612696398861,23.0986936636523));
#7072=CARTESIAN_POINT('Ctrl Pts',(26.0815860944284,-13.2517741547414,20.7638991216831));
#7073=CARTESIAN_POINT('Ctrl Pts',(26.9854227759838,-13.1327817982036,19.1994870308253));
#7074=CARTESIAN_POINT('Ctrl Pts',(14.7948108970229,-16.4978753212959,25.468967796338));
#7075=CARTESIAN_POINT('Ctrl Pts',(16.3531170635967,-16.3274460489412,25.9811225639369));
#7076=CARTESIAN_POINT('Ctrl Pts',(19.678696487467,-15.9452718237915,26.350885234314));
#7077=CARTESIAN_POINT('Ctrl Pts',(25.280243136273,-15.2679442917332,24.6012928635927));
#7078=CARTESIAN_POINT('Ctrl Pts',(28.2152113933164,-14.9019758123548,21.441705046082));
#7079=CARTESIAN_POINT('Ctrl Pts',(29.2609155460072,-14.7714038369888,19.1999999769385));
#7080=CARTESIAN_POINT('Origin',(0.269498154343638,-16.6499999999991,14.1304431546334));
#7081=CARTESIAN_POINT('Origin',(0.269498154344446,-16.6499999999991,25.4689677963369));
#7082=CARTESIAN_POINT('Origin',(0.269498154343611,-16.6499999999991,23.9379235660779));
#7083=CARTESIAN_POINT('Ctrl Pts',(26.3174685824588,-3.78062576286847,19.1968392544152));
#7084=CARTESIAN_POINT('Ctrl Pts',(25.3465667080026,-4.19040319324961,21.4403774131183));
#7085=CARTESIAN_POINT('Ctrl Pts',(22.6211989908217,-5.34121280077421,24.6017246014994));
#7086=CARTESIAN_POINT('Ctrl Pts',(17.4301067257737,-7.55597834590317,26.3510078566593));
#7087=CARTESIAN_POINT('Ctrl Pts',(14.3593867489773,-8.88762331458836,25.9810472653226));
#7088=CARTESIAN_POINT('Ctrl Pts',(12.9248503267704,-9.51908746495843,25.4689677963384));
#7089=CARTESIAN_POINT('Ctrl Pts',(26.560791393655,-4.28830065308743,19.2111821683355));
#7090=CARTESIAN_POINT('Ctrl Pts',(25.5841428885583,-4.69914539733572,21.4613852949824));
#7091=CARTESIAN_POINT('Ctrl Pts',(22.8468396425579,-5.85118837798341,24.6255932242842));
#7092=CARTESIAN_POINT('Ctrl Pts',(17.63644709906,-8.06222908202669,26.3589515471182));
#7093=CARTESIAN_POINT('Ctrl Pts',(14.5655967470316,-9.38250408398888,25.9711727629717));
#7094=CARTESIAN_POINT('Ctrl Pts',(13.1330272347984,-10.0056030564258,25.450101737561));
#7095=CARTESIAN_POINT('Ctrl Pts',(26.5816069317373,-5.36348136477929,19.0268698115605));
#7096=CARTESIAN_POINT('Ctrl Pts',(25.6383771891,-5.75612268611138,21.1931714337525));
#7097=CARTESIAN_POINT('Ctrl Pts',(22.9898676034954,-6.85870366579359,24.2399755591907));
#7098=CARTESIAN_POINT('Ctrl Pts',(17.9594740236698,-8.95843848062279,25.8957170122004));
#7099=CARTESIAN_POINT('Ctrl Pts',(14.9931665461584,-10.2015346118604,25.5125488057353));
#7100=CARTESIAN_POINT('Ctrl Pts',(13.6113390710484,-10.7827307896901,25.0067223602687));
#7101=CARTESIAN_POINT('Ctrl Pts',(25.8927297854597,-6.03650994656354,18.6067652631413));
#7102=CARTESIAN_POINT('Ctrl Pts',(25.0314222214749,-6.39325255055496,20.588313953212));
#7103=CARTESIAN_POINT('Ctrl Pts',(22.6130816970903,-7.39511182530889,23.3789950512258));
#7104=CARTESIAN_POINT('Ctrl Pts',(18.0047321598415,-9.30382369668981,24.9140921064593));
#7105=CARTESIAN_POINT('Ctrl Pts',(15.274811292483,-10.4346810169061,24.5796249282635));
#7106=CARTESIAN_POINT('Ctrl Pts',(13.9976768728605,-10.9636021881077,24.1239648722637));
#7107=CARTESIAN_POINT('Ctrl Pts',(25.5395631780783,-6.1827963451182,18.4271323516));
#7108=CARTESIAN_POINT('Ctrl Pts',(24.7135152859926,-6.52495658518981,20.3298233334396));
#7109=CARTESIAN_POINT('Ctrl Pts',(22.3945785385322,-7.48549163627326,23.0108861727156));
#7110=CARTESIAN_POINT('Ctrl Pts',(17.9689337090029,-9.31865374691065,24.4944114077843));
#7111=CARTESIAN_POINT('Ctrl Pts',(15.3424071808389,-10.4065966568089,24.1806566904679));
#7112=CARTESIAN_POINT('Ctrl Pts',(14.1113753504369,-10.9165067366744,23.7463743566276));
#7113=CARTESIAN_POINT('',(12.9248503267699,-9.51908746495873,25.4689677963384));
#7114=CARTESIAN_POINT('Ctrl Pts',(26.3161002210887,-3.78120329169133,19.1999999878813));
#7115=CARTESIAN_POINT('Ctrl Pts',(25.3450307013396,-4.19105178636806,21.4421588938155));
#7116=CARTESIAN_POINT('Ctrl Pts',(22.6201541583779,-5.34165857572462,24.602076686919));
#7117=CARTESIAN_POINT('Ctrl Pts',(17.4301067257737,-7.55597834590317,26.3510078566593));
#7118=CARTESIAN_POINT('Ctrl Pts',(14.3593867489773,-8.88762331458836,25.9810472653226));
#7119=CARTESIAN_POINT('Ctrl Pts',(12.9248503267704,-9.51908746495843,25.4689677963384));
#7120=CARTESIAN_POINT('',(14.111375350436,-10.9165067366747,23.7463743566272));
#7121=CARTESIAN_POINT('Origin',(13.41755059302,-9.24146559740807,23.7463743566276));
#7122=CARTESIAN_POINT('Ctrl Pts',(25.1647775049893,-6.33803765389478,19.1994875587268));
#7123=CARTESIAN_POINT('Ctrl Pts',(24.3227387308477,-6.68682153418824,20.7635563906866));
#7124=CARTESIAN_POINT('Ctrl Pts',(22.1325108740862,-7.59404361714621,23.098431072197));
#7125=CARTESIAN_POINT('Ctrl Pts',(17.9695090529801,-9.31841543163227,24.4944046987831));
#7126=CARTESIAN_POINT('Ctrl Pts',(15.3425881976466,-10.4065216771921,24.1807205494194));
#7127=CARTESIAN_POINT('Ctrl Pts',(14.111375350436,-10.9165067366747,23.7463743566272));
#7128=CARTESIAN_POINT('Ctrl Pts',(12.9248503267701,-9.51908746495859,25.4689677963382));
#7129=CARTESIAN_POINT('Ctrl Pts',(10.1207232649241,-10.6953128044581,24.4773582928977));
#7130=CARTESIAN_POINT('Ctrl Pts',(7.30380974552469,-11.8689669349242,23.4793307766219));
#7131=CARTESIAN_POINT('Ctrl Pts',(4.54204898074752,-13.0991319215868,22.5238816172847));
#7132=CARTESIAN_POINT('Ctrl Pts',(13.1330272347981,-10.005603056426,25.4501017375608));
#7133=CARTESIAN_POINT('Ctrl Pts',(10.3289773128742,-11.1788139531752,24.4546936215191));
#7134=CARTESIAN_POINT('Ctrl Pts',(7.51253622669613,-12.3515191787449,23.4551278148399));
#7135=CARTESIAN_POINT('Ctrl Pts',(4.74961595052537,-13.5633646905612,22.4788752336697));
#7136=CARTESIAN_POINT('Ctrl Pts',(13.6113402710754,-10.7827546039958,25.0067469200579));
#7137=CARTESIAN_POINT('Ctrl Pts',(10.8045803752578,-11.9488383652582,24.0093335808868));
#7138=CARTESIAN_POINT('Ctrl Pts',(7.98876477750521,-13.1170000963811,23.0074143132471));
#7139=CARTESIAN_POINT('Ctrl Pts',(5.20586616101975,-14.2893492395395,22.020611919222));
#7140=CARTESIAN_POINT('Ctrl Pts',(13.9976768728603,-10.9636021881078,24.1239648722637));
#7141=CARTESIAN_POINT('Ctrl Pts',(11.1876656462679,-12.1275132834884,23.1306316178201));
#7142=CARTESIAN_POINT('Ctrl Pts',(8.37255766857343,-13.2937722553751,22.1313936929298));
#7143=CARTESIAN_POINT('Ctrl Pts',(5.56496747276874,-14.4565447891768,21.1666311716876));
#7144=CARTESIAN_POINT('Ctrl Pts',(14.1113753504368,-10.9165067366744,23.7463743566275));
#7145=CARTESIAN_POINT('Ctrl Pts',(11.3005245122982,-12.0807992756392,22.7547648531869));
#7146=CARTESIAN_POINT('Ctrl Pts',(8.48586614152489,-13.2466689462605,21.7567373369111));
#7147=CARTESIAN_POINT('Ctrl Pts',(5.67080792263249,-14.4127042393955,20.801288177574));
#7148=CARTESIAN_POINT('Ctrl Pts',(14.111375350436,-10.9165067366747,23.7463743566272));
#7149=CARTESIAN_POINT('Ctrl Pts',(11.6800428087829,-11.9235976500665,22.888650986317));
#7150=CARTESIAN_POINT('Ctrl Pts',(9.24610077751828,-12.9317694494462,22.0262061253951));
#7151=CARTESIAN_POINT('Ctrl Pts',(6.81106563579118,-13.9403940300047,21.1905170718945));
#7152=CARTESIAN_POINT('',(11.8091081669887,-9.98760305285511,25.0745721268257));
#7153=CARTESIAN_POINT('Ctrl Pts',(12.9248503267701,-9.51908746495859,25.4689677963382));
#7154=CARTESIAN_POINT('Ctrl Pts',(12.5530500588462,-9.6750436276857,25.3374899171539));
#7155=CARTESIAN_POINT('Ctrl Pts',(12.1810250023337,-9.83095458802212,25.2058992079662));
#7156=CARTESIAN_POINT('Ctrl Pts',(11.808933521259,-9.98695806428174,25.0743098776711));
#7157=CARTESIAN_POINT('Ctrl Pts',(11.8091081669978,-9.98760305284824,25.0745721268294));
#7158=CARTESIAN_POINT('Ctrl Pts',(11.7996500332026,-9.99306370894095,25.0709866253759));
#7159=CARTESIAN_POINT('Ctrl Pts',(11.7901923274903,-9.99852411788035,25.067399584852));
#7160=CARTESIAN_POINT('Ctrl Pts',(9.54257819619602,-11.2961847416851,24.2145388052713));
#7161=CARTESIAN_POINT('Ctrl Pts',(7.18758885676576,-12.6558384706774,23.2256699632099));
#7162=CARTESIAN_POINT('Ctrl Pts',(4.99961457240548,-13.9190660127328,22.1763992966257));
#7163=CARTESIAN_POINT('Ctrl Pts',(5.48091552893785,-14.7252964845792,22.5238816172847));
#7164=CARTESIAN_POINT('Ctrl Pts',(7.92748885518075,-12.9483779192526,23.4794631106575));
#7165=CARTESIAN_POINT('Ctrl Pts',(10.3520512369343,-11.095909476449,24.4773706411397));
#7166=CARTESIAN_POINT('Ctrl Pts',(12.7727256480661,-9.2555997923599,25.468967796338));
#7167=CARTESIAN_POINT('Ctrl Pts',(5.18266164262577,-14.3134218312778,22.4788752336697));
#7168=CARTESIAN_POINT('Ctrl Pts',(7.6139474768709,-12.5263379544585,23.4552630302436));
#7169=CARTESIAN_POINT('Ctrl Pts',(10.0374539503722,-10.6738055881876,24.4547060170642));
#7170=CARTESIAN_POINT('Ctrl Pts',(12.4554792405322,-8.83205550579265,25.4501017375606));
#7171=CARTESIAN_POINT('Ctrl Pts',(4.78205767317585,-13.5552997594268,22.0206214660519));
#7172=CARTESIAN_POINT('Ctrl Pts',(7.18912446498089,-11.7311608164569,23.0075605366776));
#7173=CARTESIAN_POINT('Ctrl Pts',(9.60838555142502,-9.8769030469777,24.0093572459362));
#7174=CARTESIAN_POINT('Ctrl Pts',(12.0215936081325,-8.02924256420541,25.0067581645915));
#7175=CARTESIAN_POINT('Ctrl Pts',(4.81682074819165,-13.160716650693,21.1666311716876));
#7176=CARTESIAN_POINT('Ctrl Pts',(7.22794030391969,-11.3104022431763,22.1315273169082));
#7177=CARTESIAN_POINT('Ctrl Pts',(9.64520033328918,-9.45580989018582,23.1306439875275));
#7178=CARTESIAN_POINT('Ctrl Pts',(12.0581524747234,-7.60424738801686,24.1239648722634));
#7179=CARTESIAN_POINT('Ctrl Pts',(4.90770800294996,-13.0909764072536,20.801288177574));
#7180=CARTESIAN_POINT('Ctrl Pts',(7.32538811123138,-11.2358252118694,21.7568696709467));
#7181=CARTESIAN_POINT('Ctrl Pts',(9.74208529315566,-9.38142824240619,22.754777201429));
#7182=CARTESIAN_POINT('Ctrl Pts',(12.1557875708556,-7.52932934378071,23.7463743566272));
#7183=CARTESIAN_POINT('',(12.7727256480661,-9.2555997923599,25.468967796338));
#7184=CARTESIAN_POINT('Ctrl Pts',(11.8095797240222,-9.98807709702571,25.0743097039174));
#7185=CARTESIAN_POINT('Ctrl Pts',(12.1307248849609,-9.74384053875123,25.2058977590831));
#7186=CARTESIAN_POINT('Ctrl Pts',(12.4517594438987,-9.49961328342601,25.3374882493557));
#7187=CARTESIAN_POINT('Ctrl Pts',(12.7727256480661,-9.2555997923599,25.468967796338));
#7188=CARTESIAN_POINT('Origin',(13.2595033711358,-8.96771977911154,23.7463743566272));
#7189=CARTESIAN_POINT('Ctrl Pts',(12.7727256480661,-9.2555997923599,25.468967796338));
#7190=CARTESIAN_POINT('Ctrl Pts',(14.0370437390156,-8.32885062966536,25.9811225639369));
#7191=CARTESIAN_POINT('Ctrl Pts',(16.7260865563237,-6.33501903434514,26.3511022130246));
#7192=CARTESIAN_POINT('Ctrl Pts',(21.2403167464944,-2.94629237987278,24.6011006972795));
#7193=CARTESIAN_POINT('Ctrl Pts',(23.5994841863154,-1.16156965894328,21.438622739951));
#7194=CARTESIAN_POINT('Ctrl Pts',(24.4395526671262,-0.525828948861633,19.1945311320328));
#7195=CARTESIAN_POINT('Ctrl Pts',(12.4554792405322,-8.83205550579265,25.4501017375606));
#7196=CARTESIAN_POINT('Ctrl Pts',(13.7115682100261,-7.90282678358303,25.9712493837475));
#7197=CARTESIAN_POINT('Ctrl Pts',(16.3908285886916,-5.90319896500855,26.3589954045161));
#7198=CARTESIAN_POINT('Ctrl Pts',(20.9114624872306,-2.4959117128161,24.6248994096279));
#7199=CARTESIAN_POINT('Ctrl Pts',(23.27769283814,-0.701446145828425,21.4596282529549));
#7200=CARTESIAN_POINT('Ctrl Pts',(24.1215580715877,-0.0612636292929754,
19.2088685059103));
#7201=CARTESIAN_POINT('Ctrl Pts',(12.0216025470661,-8.0292483436872,25.0067472007111));
#7202=CARTESIAN_POINT('Ctrl Pts',(13.2160225466119,-7.12301549828894,25.512648025318));
#7203=CARTESIAN_POINT('Ctrl Pts',(15.7761647834322,-5.1753297323335,25.8958592646471));
#7204=CARTESIAN_POINT('Ctrl Pts',(20.110421223802,-1.8682596451906,24.2394332307068));
#7205=CARTESIAN_POINT('Ctrl Pts',(22.3894062584586,-0.125974763799765,21.1914938310929));
#7206=CARTESIAN_POINT('Ctrl Pts',(23.2008078151038,0.494373989231952,19.024655421846));
#7207=CARTESIAN_POINT('Ctrl Pts',(12.0581524747234,-7.60424738801687,24.1239648722634));
#7208=CARTESIAN_POINT('Ctrl Pts',(13.1549401085831,-6.76255337365982,24.5796919306974));
#7209=CARTESIAN_POINT('Ctrl Pts',(15.499642732385,-4.9635050285301,24.9141874010801));
#7210=CARTESIAN_POINT('Ctrl Pts',(19.4573837792376,-1.92647525929141,23.3784596023885));
#7211=CARTESIAN_POINT('Ctrl Pts',(21.5340534310814,-0.333159239365748,20.5867646672323));
#7212=CARTESIAN_POINT('Ctrl Pts',(22.2734267679443,0.234208266779165,18.6047264469786));
#7213=CARTESIAN_POINT('Ctrl Pts',(12.1557875708556,-7.52932934378072,23.7463743566272));
#7214=CARTESIAN_POINT('Ctrl Pts',(13.2130540115234,-6.71806027037187,24.1807205494194));
#7215=CARTESIAN_POINT('Ctrl Pts',(15.4688771043052,-4.98710633117421,24.494491429158));
#7216=CARTESIAN_POINT('Ctrl Pts',(19.2698077623253,-2.07054965783881,23.0103570544885));
#7217=CARTESIAN_POINT('Ctrl Pts',(21.2610004569845,-0.542653764960235,20.3283352371491));
#7218=CARTESIAN_POINT('Ctrl Pts',(21.9701244982258,0.00147624970887217,
18.4251748882848));
#7219=CARTESIAN_POINT('Ctrl Pts',(12.7727256480661,-9.2555997923599,25.468967796338));
#7220=CARTESIAN_POINT('Ctrl Pts',(14.0370437390156,-8.32885062966536,25.9811225639369));
#7221=CARTESIAN_POINT('Ctrl Pts',(16.7260865563237,-6.33501903434514,26.3511022130246));
#7222=CARTESIAN_POINT('Ctrl Pts',(21.2387449539547,-2.94747228764223,24.6017100236122));
#7223=CARTESIAN_POINT('Ctrl Pts',(23.5971839781499,-1.16330977419355,21.4417054525955));
#7224=CARTESIAN_POINT('Ctrl Pts',(24.4375040262135,-0.527379303179535,19.1999999772219));
#7225=CARTESIAN_POINT('Origin',(0.269498154343636,-16.6499999999991,14.1304431546334));
#7226=CARTESIAN_POINT('Origin',(0.269498154344356,-16.6499999999987,25.4689677963369));
#7227=CARTESIAN_POINT('Origin',(0.269498154343608,-16.6499999999991,23.9379235660779));
#7228=CARTESIAN_POINT('Ctrl Pts',(-1.60928203954988,-45.6428912263379,19.1968392544152));
#7229=CARTESIAN_POINT('Ctrl Pts',(-1.47870876692938,-44.5971768232864,21.4403774131183));
#7230=CARTESIAN_POINT('Ctrl Pts',(-1.11260893888028,-41.6611988744863,24.601388236193));
#7231=CARTESIAN_POINT('Ctrl Pts',(-0.435141040844572,-36.0584359043711,
26.3508305272978));
#7232=CARTESIAN_POINT('Ctrl Pts',(-0.0530307396635197,-32.7333898021498,
25.9810472653226));
#7233=CARTESIAN_POINT('Ctrl Pts',(0.117373475640284,-31.1753127426796,25.4689677963383));
#7234=CARTESIAN_POINT('Ctrl Pts',(-2.17060279694105,-45.5997775170446,19.2111821683354));
#7235=CARTESIAN_POINT('Ctrl Pts',(-2.03808052992307,-44.5485527289386,21.4613852949824));
#7236=CARTESIAN_POINT('Ctrl Pts',(-1.6670990503809,-41.6017083993251,24.625453670249));
#7237=CARTESIAN_POINT('Ctrl Pts',(-0.976743518756875,-35.9840170682298,
26.3589204166072));
#7238=CARTESIAN_POINT('Ctrl Pts',(-0.584715056835919,-32.664532514279,25.9711727629717));
#7239=CARTESIAN_POINT('Ctrl Pts',(-0.4080498399217,-31.1123414377795,25.4501017375609));
#7240=CARTESIAN_POINT('Ctrl Pts',(-3.11206015146189,-45.0801385124149,19.0268295012307));
#7241=CARTESIAN_POINT('Ctrl Pts',(-2.98048263899231,-44.0669569330198,21.1931311234227));
#7242=CARTESIAN_POINT('Ctrl Pts',(-2.6110519916215,-41.2216911930906,24.2395092594058));
#7243=CARTESIAN_POINT('Ctrl Pts',(-1.91431736192667,-35.8156443240405,25.8954252384748));
#7244=CARTESIAN_POINT('Ctrl Pts',(-1.50774227706297,-32.6253337304626,25.512480621211));
#7245=CARTESIAN_POINT('Ctrl Pts',(-1.32015919409089,-31.1380379444551,25.0066541757443));
#7246=CARTESIAN_POINT('Ctrl Pts',(-3.35056565212577,-44.1471145463163,18.6067652631412));
#7247=CARTESIAN_POINT('Ctrl Pts',(-3.22886002780219,-43.2228290134381,20.5883139532119));
#7248=CARTESIAN_POINT('Ctrl Pts',(-2.88729650464647,-40.6272402064333,23.3786610744076));
#7249=CARTESIAN_POINT('Ctrl Pts',(-2.2361402399571,-35.6821628246494,24.9139079685635));
#7250=CARTESIAN_POINT('Ctrl Pts',(-1.85053428274387,-32.7526418609146,24.5796249282634));
#7251=CARTESIAN_POINT('Ctrl Pts',(-1.67002624379266,-31.3821504238733,24.1239648722637));
#7252=CARTESIAN_POINT('Ctrl Pts',(-3.30067008581155,-43.7681200932783,18.4271323516));
#7253=CARTESIAN_POINT('Ctrl Pts',(-3.1839655998357,-42.8816615139537,20.3298233334395));
#7254=CARTESIAN_POINT('Ctrl Pts',(-2.85630758937678,-40.3928518334431,23.0106009093548));
#7255=CARTESIAN_POINT('Ctrl Pts',(-2.2310766770672,-35.6437515598646,24.4942610189997));
#7256=CARTESIAN_POINT('Ctrl Pts',(-1.86001045762864,-32.8252237974708,24.1806566904679));
#7257=CARTESIAN_POINT('Ctrl Pts',(-1.68608962523691,-31.5041639195428,23.7463743566275));
#7258=CARTESIAN_POINT('',(0.117373475640288,-31.175312742679,25.4689677963383));
#7259=CARTESIAN_POINT('Ctrl Pts',(-1.60909801347846,-45.6414174260853,19.1999999877477));
#7260=CARTESIAN_POINT('Ctrl Pts',(-1.47850243561385,-44.5955221169183,21.4421587042866));
#7261=CARTESIAN_POINT('Ctrl Pts',(-1.11247258213619,-41.6600711833902,24.6017403536224));
#7262=CARTESIAN_POINT('Ctrl Pts',(-0.435141040844572,-36.0584359043711,
26.3508305272978));
#7263=CARTESIAN_POINT('Ctrl Pts',(-0.0530307396635197,-32.7333898021498,
25.9810472653226));
#7264=CARTESIAN_POINT('Ctrl Pts',(0.117373475640284,-31.1753127426796,25.4689677963383));
#7265=CARTESIAN_POINT('Origin',(0.111450932460213,-31.7408146234782,23.7463743566275));
#7266=CARTESIAN_POINT('Ctrl Pts',(0.117373475640307,-31.1753127426792,25.4689677963382));
#7267=CARTESIAN_POINT('Ctrl Pts',(0.500795981981791,-28.1587548019314,24.4773582928976));
#7268=CARTESIAN_POINT('Ctrl Pts',(0.892838449441302,-25.1324090686347,23.4793307766219));
#7269=CARTESIAN_POINT('Ctrl Pts',(1.20836470253393,-22.1255715938312,22.5238816172847));
#7270=CARTESIAN_POINT('Ctrl Pts',(-0.408049839921673,-31.1123414377791,
25.4501017375608));
#7271=CARTESIAN_POINT('Ctrl Pts',(-0.0220553195412104,-28.0973575235386,
24.454693621519));
#7272=CARTESIAN_POINT('Ctrl Pts',(0.370572707053653,-25.0718953818613,23.4551278148398));
#7273=CARTESIAN_POINT('Ctrl Pts',(0.70254384644399,-22.0732134781582,22.4788752336697));
#7274=CARTESIAN_POINT('Ctrl Pts',(-1.32019884990756,-31.1380176382302,25.0067000647074));
#7275=CARTESIAN_POINT('Ctrl Pts',(-0.926677062192549,-28.1242503854976,
24.0092867255363));
#7276=CARTESIAN_POINT('Ctrl Pts',(-0.530430858774288,-25.1015983503625,
23.0073745321349));
#7277=CARTESIAN_POINT('Ctrl Pts',(-0.15426569061168,-22.1053628807503,22.0205721381098));
#7278=CARTESIAN_POINT('Ctrl Pts',(-1.67002624379263,-31.3821504238731,24.1239648722636));
#7279=CARTESIAN_POINT('Ctrl Pts',(-1.2729972068426,-28.3666537690343,23.1306316178201));
#7280=CARTESIAN_POINT('Ctrl Pts',(-0.875453115040757,-25.3455692600113,
22.1313936929298));
#7281=CARTESIAN_POINT('Ctrl Pts',(-0.478648570233488,-22.3327385601274,
21.1666311716876));
#7282=CARTESIAN_POINT('Ctrl Pts',(-1.68608962523689,-31.5041639195426,23.7463743566275));
#7283=CARTESIAN_POINT('Ctrl Pts',(-1.28897112234777,-28.4877494179834,22.7547648531869));
#7284=CARTESIAN_POINT('Ctrl Pts',(-0.891314689220926,-25.4672489306086,
21.7567373369111));
#7285=CARTESIAN_POINT('Ctrl Pts',(-0.493601765338937,-22.446319353348,20.801288177574));
#7286=CARTESIAN_POINT('',(0.269498154343601,-29.974793894287,25.0745721268256));
#7287=CARTESIAN_POINT('Ctrl Pts',(0.117373475640307,-31.1753127426792,25.4689677963382));
#7288=CARTESIAN_POINT('Ctrl Pts',(0.168211610803827,-30.7753461841597,25.3374899171538));
#7289=CARTESIAN_POINT('Ctrl Pts',(0.219201286680348,-30.3752075542073,25.2058992079662));
#7290=CARTESIAN_POINT('Ctrl Pts',(0.270144053698192,-29.974965140935,25.074309877671));
#7291=CARTESIAN_POINT('Ctrl Pts',(0.269498154345023,-29.9747938942983,25.0745721268293));
#7292=CARTESIAN_POINT('Ctrl Pts',(0.269498154345023,-29.9638725821129,25.0709866253759));
#7293=CARTESIAN_POINT('Ctrl Pts',(0.269498154344601,-29.9529517642348,25.067399584852));
#7294=CARTESIAN_POINT('Ctrl Pts',(0.269498154286014,-27.3576305167267,24.2145388052713));
#7295=CARTESIAN_POINT('Ctrl Pts',(0.26949815434361,-24.6383230586424,23.2256699632099));
#7296=CARTESIAN_POINT('Ctrl Pts',(0.269498154343614,-22.1118679745316,22.1763992966257));
#7297=CARTESIAN_POINT('Ctrl Pts',(-0.669368393846698,-22.1255715938312,
22.5238816172847));
#7298=CARTESIAN_POINT('Ctrl Pts',(-0.353798438939076,-25.1328255292423,
23.4794631106575));
#7299=CARTESIAN_POINT('Ctrl Pts',(0.0382051013610585,-28.1587923663027,
24.4773706411397));
#7300=CARTESIAN_POINT('Ctrl Pts',(0.421622833046787,-31.1753127426784,25.4689677963379));
#7301=CARTESIAN_POINT('Ctrl Pts',(-0.163547537756763,-22.0732134781582,
22.4788752336697));
#7302=CARTESIAN_POINT('Ctrl Pts',(0.168469581139799,-25.0723107128854,23.4552630302436));
#7303=CARTESIAN_POINT('Ctrl Pts',(0.561056434912647,-28.097395068309,24.4547060170642));
#7304=CARTESIAN_POINT('Ctrl Pts',(0.947046148608767,-31.1123414377783,25.4501017375605));
#7305=CARTESIAN_POINT('Ctrl Pts',(0.693259869533854,-22.105363892673,22.0205698251536));
#7306=CARTESIAN_POINT('Ctrl Pts',(1.06947713827582,-25.1020143544671,23.0075088957793));
#7307=CARTESIAN_POINT('Ctrl Pts',(1.46567591707201,-28.1242891206266,24.0092964217849));
#7308=CARTESIAN_POINT('Ctrl Pts',(1.85919280436768,-31.1380188437388,25.0066973404401));
#7309=CARTESIAN_POINT('Ctrl Pts',(1.01764487892072,-22.3327385601275,21.1666311716876));
#7310=CARTESIAN_POINT('Ctrl Pts',(1.41450438295448,-25.3459865507077,22.1315273169082));
#7311=CARTESIAN_POINT('Ctrl Pts',(1.81199845962386,-28.3666913201897,23.1306439875275));
#7312=CARTESIAN_POINT('Ctrl Pts',(2.20902255247973,-31.3821504238723,24.1239648722634));
#7313=CARTESIAN_POINT('Ctrl Pts',(1.03259807402617,-22.4463193533481,20.801288177574));
#7314=CARTESIAN_POINT('Ctrl Pts',(1.43036608294927,-25.4676673430362,21.7568696709467));
#7315=CARTESIAN_POINT('Ctrl Pts',(1.82797237624313,-28.4877869805685,22.7547772014289));
#7316=CARTESIAN_POINT('Ctrl Pts',(2.22508593392399,-31.5041639195418,23.7463743566272));
#7317=CARTESIAN_POINT('',(0.421622833046786,-31.1753127426784,25.4689677963379));
#7318=CARTESIAN_POINT('Ctrl Pts',(0.268851841532589,-29.974965252572,25.0743097039174));
#7319=CARTESIAN_POINT('Ctrl Pts',(0.31979432506183,-30.3752033993846,25.2058977590831));
#7320=CARTESIAN_POINT('Ctrl Pts',(0.370784053001136,-30.7753411105801,25.3374882493556));
#7321=CARTESIAN_POINT('Ctrl Pts',(0.421622833046787,-31.1753127426784,25.4689677963379));
#7322=CARTESIAN_POINT('Origin',(0.427545376226866,-31.7408146234772,23.7463743566272));
#7323=CARTESIAN_POINT('Ctrl Pts',(0.421622833046786,-31.1753127426784,25.4689677963379));
#7324=CARTESIAN_POINT('Ctrl Pts',(0.592052105401488,-32.7336189092522,25.9811225639369));
#7325=CARTESIAN_POINT('Ctrl Pts',(0.974224376685544,-36.0591817868214,26.3508567479074));
#7326=CARTESIAN_POINT('Ctrl Pts',(1.65178260080621,-41.6626439177156,24.6006305837675));
#7327=CARTESIAN_POINT('Ctrl Pts',(2.01787927845772,-44.5985757441506,21.4386227399509));
#7328=CARTESIAN_POINT('Ctrl Pts',(2.14841264320298,-45.6439667444922,19.1945311320327));
#7329=CARTESIAN_POINT('Ctrl Pts',(0.947046148608766,-31.1123414377783,25.4501017375605));
#7330=CARTESIAN_POINT('Ctrl Pts',(1.12373734322151,-32.6647607558782,25.9712493837475));
#7331=CARTESIAN_POINT('Ctrl Pts',(1.51582909125541,-35.9847630532887,26.3589539984373));
#7332=CARTESIAN_POINT('Ctrl Pts',(2.20627605964176,-41.603160521893,24.6247029527224));
#7333=CARTESIAN_POINT('Ctrl Pts',(2.57725360378145,-44.5499580184701,21.4596282529548));
#7334=CARTESIAN_POINT('Ctrl Pts',(2.70973530943595,-45.600858006274,19.2088685059102));
#7335=CARTESIAN_POINT('Ctrl Pts',(1.85915372430786,-31.1380388551404,25.0066521177319));
#7336=CARTESIAN_POINT('Ctrl Pts',(2.04676439039371,-32.6255533402344,25.5125529423388));
#7337=CARTESIAN_POINT('Ctrl Pts',(2.45340313215714,-35.8163607052707,25.895453100092));
#7338=CARTESIAN_POINT('Ctrl Pts',(3.15022665463918,-41.2230871015923,24.2387809347173));
#7339=CARTESIAN_POINT('Ctrl Pts',(3.51965227656953,-44.0683097607768,21.191437643515));
#7340=CARTESIAN_POINT('Ctrl Pts',(3.65118927757843,-45.0811784980176,19.0245992342681));
#7341=CARTESIAN_POINT('Ctrl Pts',(2.20902255247973,-31.3821504238723,24.1239648722634));
#7342=CARTESIAN_POINT('Ctrl Pts',(2.3895571341964,-32.7528433845299,24.5796919306974));
#7343=CARTESIAN_POINT('Ctrl Pts',(2.77522328986129,-35.6828201956099,24.9139321899499));
#7344=CARTESIAN_POINT('Ctrl Pts',(3.426461085965,-40.6285161282011,23.3779930946149));
#7345=CARTESIAN_POINT('Ctrl Pts',(3.7680191241886,-43.2240654501491,20.5867646672323));
#7346=CARTESIAN_POINT('Ctrl Pts',(3.88968712936048,-44.1480652958256,18.6047264469786));
#7347=CARTESIAN_POINT('Ctrl Pts',(2.22508593392399,-31.5041639195418,23.7463743566272));
#7348=CARTESIAN_POINT('Ctrl Pts',(2.39903234046682,-32.8254180524332,24.1807205494194));
#7349=CARTESIAN_POINT('Ctrl Pts',(2.7701562219727,-35.644383801712,24.4942832560707));
#7350=CARTESIAN_POINT('Ctrl Pts',(3.39546515949838,-40.3940767356465,23.0099583624778));
#7351=CARTESIAN_POINT('Ctrl Pts',(3.72311803011844,-42.882847375205,20.328335237149));
#7352=CARTESIAN_POINT('Ctrl Pts',(3.83978642516288,-43.7690318166888,18.4251748882847));
#7353=CARTESIAN_POINT('Ctrl Pts',(0.421622833046786,-31.1753127426784,25.4689677963379));
#7354=CARTESIAN_POINT('Ctrl Pts',(0.592052105401488,-32.7336189092522,25.9811225639369));
#7355=CARTESIAN_POINT('Ctrl Pts',(0.974224376685544,-36.0591817868214,26.3508567479074));
#7356=CARTESIAN_POINT('Ctrl Pts',(1.65154668438998,-41.6606928695881,24.6012399883464));
#7357=CARTESIAN_POINT('Ctrl Pts',(2.01752233498876,-44.5957131881585,21.4417049945566));
#7358=CARTESIAN_POINT('Ctrl Pts',(2.14809431734381,-45.641417391588,19.199999976903));
#7359=CARTESIAN_POINT('Origin',(0.269498154343641,-16.6499999999991,14.1304431546334));
#7360=CARTESIAN_POINT('Origin',(0.269498154343557,-16.6499999999999,25.4689677963369));
#7361=CARTESIAN_POINT('Origin',(0.269498154343613,-16.6499999999991,23.9379235660779));
#7362=CARTESIAN_POINT('Ctrl Pts',(-12.599876082787,9.39797042811613,19.1968392544151));
#7363=CARTESIAN_POINT('Ctrl Pts',(-12.1900986524058,8.42706855365996,21.4403774131182));
#7364=CARTESIAN_POINT('Ctrl Pts',(-11.0393870225866,5.70194217344104,24.6019764094584));
#7365=CARTESIAN_POINT('Ctrl Pts',(-8.82454822541616,0.510664582254125,26.3511340811654));
#7366=CARTESIAN_POINT('Ctrl Pts',(-7.4928785310671,-2.56011140536536,25.9810472653225));
#7367=CARTESIAN_POINT('Ctrl Pts',(-6.86141438069702,-3.99464782757225,25.4689677963383));
#7368=CARTESIAN_POINT('Ctrl Pts',(-12.092201192568,9.64129323931227,19.2111821683353));
#7369=CARTESIAN_POINT('Ctrl Pts',(-11.6813564483197,8.66464473421562,21.4613852949823));
#7370=CARTESIAN_POINT('Ctrl Pts',(-10.529389331585,5.92751704876735,24.6257013819016));
#7371=CARTESIAN_POINT('Ctrl Pts',(-8.31829927888454,0.716999807099275,26.3589689714269));
#7372=CARTESIAN_POINT('Ctrl Pts',(-6.99799776166658,-2.35390140731103,25.9711727629716));
#7373=CARTESIAN_POINT('Ctrl Pts',(-6.37489878922963,-3.78647091954423,25.4501017375609));
#7374=CARTESIAN_POINT('Ctrl Pts',(-11.0169787081523,9.66223619261365,19.0269176165423));
#7375=CARTESIAN_POINT('Ctrl Pts',(-10.6243373868202,8.7190064499763,21.1932192387342));
#7376=CARTESIAN_POINT('Ctrl Pts',(-9.52183870573224,6.07069089339823,24.240359758478));
#7377=CARTESIAN_POINT('Ctrl Pts',(-7.42201789167074,1.04008202999711,25.8959627605261));
#7378=CARTESIAN_POINT('Ctrl Pts',(-6.1788888266025,-1.92632765716541,25.5126296673895));
#7379=CARTESIAN_POINT('Ctrl Pts',(-5.59769264877276,-3.30815513227549,25.0068032219228));
#7380=CARTESIAN_POINT('Ctrl Pts',(-10.3439918990919,8.973231631117,18.6067652631412));
#7381=CARTESIAN_POINT('Ctrl Pts',(-9.98724929510047,8.11192406713227,20.5883139532119));
#7382=CARTESIAN_POINT('Ctrl Pts',(-8.98549163600023,5.69380479838468,23.3792443705588));
#7383=CARTESIAN_POINT('Ctrl Pts',(-7.07670444152701,1.08528160200454,24.9142240773508));
#7384=CARTESIAN_POINT('Ctrl Pts',(-5.94582082874937,-1.64468686185971,24.5796249282634));
#7385=CARTESIAN_POINT('Ctrl Pts',(-5.41689965754777,-2.92182128148214,24.1239648722637));
#7386=CARTESIAN_POINT('Ctrl Pts',(-10.1977055005372,8.62006502373562,18.4271323515999));
#7387=CARTESIAN_POINT('Ctrl Pts',(-9.85554526046562,7.7940171316499,20.3298233334395));
#7388=CARTESIAN_POINT('Ctrl Pts',(-8.89509453598674,5.47528396662188,23.011099725015));
#7389=CARTESIAN_POINT('Ctrl Pts',(-7.06186783528898,1.04948320289284,24.494518455765));
#7390=CARTESIAN_POINT('Ctrl Pts',(-5.97390518884656,-1.57709097350378,24.1806566904679));
#7391=CARTESIAN_POINT('Ctrl Pts',(-5.4639951089811,-2.80812280390573,23.7463743566275));
#7392=CARTESIAN_POINT('',(-6.86141438069673,-3.99464782757277,25.4689677963383));
#7393=CARTESIAN_POINT('Ctrl Pts',(-12.599298554003,9.3966020668418,19.1999999879811));
#7394=CARTESIAN_POINT('Ctrl Pts',(-12.1894501144925,8.42553268297692,21.4421590356991));
#7395=CARTESIAN_POINT('Ctrl Pts',(-11.0389412328925,5.70089730369585,24.6023284696013));
#7396=CARTESIAN_POINT('Ctrl Pts',(-8.82454822541616,0.510664582254125,26.3511340811654));
#7397=CARTESIAN_POINT('Ctrl Pts',(-7.4928785310671,-2.56011140536536,25.9810472653225));
#7398=CARTESIAN_POINT('Ctrl Pts',(-6.86141438069702,-3.99464782757225,25.4689677963383));
#7399=CARTESIAN_POINT('Origin',(-7.13903624824738,-3.50194756132271,23.7463743566275));
#7400=CARTESIAN_POINT('Ctrl Pts',(-6.86141438069687,-3.99464782757257,25.4689677963382));
#7401=CARTESIAN_POINT('Ctrl Pts',(-5.68518904119738,-6.79877488941859,24.4773582928976));
#7402=CARTESIAN_POINT('Ctrl Pts',(-4.51153491073126,-9.61568840881799,23.4793307766218));
#7403=CARTESIAN_POINT('Ctrl Pts',(-3.28136992406865,-12.3774491735952,22.5238816172847));
#7404=CARTESIAN_POINT('Ctrl Pts',(-6.37489878922948,-3.78647091954455,25.4501017375608));
#7405=CARTESIAN_POINT('Ctrl Pts',(-5.2016878924803,-6.59052084146848,24.454693621519));
#7406=CARTESIAN_POINT('Ctrl Pts',(-4.02898266691054,-9.40696192764655,23.4551278148398));
#7407=CARTESIAN_POINT('Ctrl Pts',(-2.81713715509427,-12.1698822038173,22.4788752336697));
#7408=CARTESIAN_POINT('Ctrl Pts',(-5.59766205414226,-3.30815359058098,25.0068347742885));
#7409=CARTESIAN_POINT('Ctrl Pts',(-4.43157829287985,-6.11491348639853,24.0094214351174));
#7410=CARTESIAN_POINT('Ctrl Pts',(-3.26342595205108,-8.93072729692166,23.0074889032133));
#7411=CARTESIAN_POINT('Ctrl Pts',(-2.09107680889265,-11.7136259134071,22.0206865091882));
#7412=CARTESIAN_POINT('Ctrl Pts',(-5.4168996575477,-2.92182128148234,24.1239648722636));
#7413=CARTESIAN_POINT('Ctrl Pts',(-4.25298856216708,-5.73183250807476,23.1306316178201));
#7414=CARTESIAN_POINT('Ctrl Pts',(-3.08672959028038,-8.54694048576926,22.1313936929297));
#7415=CARTESIAN_POINT('Ctrl Pts',(-1.92395705647866,-11.354530681574,21.1666311716876));
#7416=CARTESIAN_POINT('Ctrl Pts',(-5.46399510898103,-2.80812280390589,23.7463743566274));
#7417=CARTESIAN_POINT('Ctrl Pts',(-4.29970257001625,-5.61897364204448,22.7547648531869));
#7418=CARTESIAN_POINT('Ctrl Pts',(-3.13383289939498,-8.4336320128178,21.7567373369111));
#7419=CARTESIAN_POINT('Ctrl Pts',(-1.9677976062599,-11.2486902317102,20.801288177574));
#7420=CARTESIAN_POINT('',(-6.39289879280035,-5.11038998735393,25.0745721268256));
#7421=CARTESIAN_POINT('Ctrl Pts',(-6.86141438069687,-3.99464782757257,25.4689677963382));
#7422=CARTESIAN_POINT('Ctrl Pts',(-6.70545821796977,-4.36644809549641,25.3374899171538));
#7423=CARTESIAN_POINT('Ctrl Pts',(-6.54954725763336,-4.73847315200895,25.2058992079662));
#7424=CARTESIAN_POINT('Ctrl Pts',(-6.39354378137375,-5.11056463308363,25.0743098776711));
#7425=CARTESIAN_POINT('Ctrl Pts',(-6.39289879280722,-5.11038998734487,25.0745721268293));
#7426=CARTESIAN_POINT('Ctrl Pts',(-6.3874381367145,-5.11984812114011,25.0709866253759));
#7427=CARTESIAN_POINT('Ctrl Pts',(-6.38197772777511,-5.1293058268524,25.067399584852));
#7428=CARTESIAN_POINT('Ctrl Pts',(-5.08431710397031,-7.37691995814665,24.2145388052713));
#7429=CARTESIAN_POINT('Ctrl Pts',(-3.72466337497805,-9.73190929757692,23.2256699632099));
#7430=CARTESIAN_POINT('Ctrl Pts',(-2.46143583292266,-11.9198835819372,22.1763992966257));
#7431=CARTESIAN_POINT('Ctrl Pts',(-1.65520536107623,-11.4385826254048,22.5238816172847));
#7432=CARTESIAN_POINT('Ctrl Pts',(-3.43212392640289,-8.99200929916192,23.4794631106575));
#7433=CARTESIAN_POINT('Ctrl Pts',(-5.28459236920646,-6.56744691740841,24.4773706411397));
#7434=CARTESIAN_POINT('Ctrl Pts',(-7.12490205329555,-4.14677250627653,25.4689677963379));
#7435=CARTESIAN_POINT('Ctrl Pts',(-2.0670800143776,-11.7368365117169,22.4788752336697));
#7436=CARTESIAN_POINT('Ctrl Pts',(-3.85416389119694,-9.30555067747178,23.4552630302436));
#7437=CARTESIAN_POINT('Ctrl Pts',(-5.70669625746784,-6.8820442039705,24.4547060170641));
#7438=CARTESIAN_POINT('Ctrl Pts',(-7.54844633986281,-4.46401891381049,25.4501017375605));
#7439=CARTESIAN_POINT('Ctrl Pts',(-2.82524085643527,-12.137496711082,22.0206884633227));
#7440=CARTESIAN_POINT('Ctrl Pts',(-4.64937979940526,-9.73042991927694,23.0076275339484));
#7441=CARTESIAN_POINT('Ctrl Pts',(-6.50364039586776,-7.31117693991765,24.0094361572695));
#7442=CARTESIAN_POINT('Ctrl Pts',(-8.35130087864004,-4.89796888321015,25.0068370759247));
#7443=CARTESIAN_POINT('Ctrl Pts',(-3.21978519496246,-12.102677406151,21.1666311716876));
#7444=CARTESIAN_POINT('Ctrl Pts',(-5.07009960247912,-9.69155785042299,22.1315273169082));
#7445=CARTESIAN_POINT('Ctrl Pts',(-6.92469195546963,-7.27429782105349,23.1306439875275));
#7446=CARTESIAN_POINT('Ctrl Pts',(-8.77625445763859,-4.86134567961924,24.1239648722633));
#7447=CARTESIAN_POINT('Ctrl Pts',(-3.28952543840182,-12.0117901513927,20.801288177574));
#7448=CARTESIAN_POINT('Ctrl Pts',(-5.14467663378606,-9.5941100431113,21.7568696709467));
#7449=CARTESIAN_POINT('Ctrl Pts',(-6.99907360324926,-7.17741286118702,22.7547772014289));
#7450=CARTESIAN_POINT('Ctrl Pts',(-8.85117250187474,-4.76371058348705,23.7463743566272));
#7451=CARTESIAN_POINT('',(-7.12490205329555,-4.14677250627653,25.4689677963379));
#7452=CARTESIAN_POINT('Ctrl Pts',(-6.39242474862979,-5.10991843032037,25.0743097039174));
#7453=CARTESIAN_POINT('Ctrl Pts',(-6.63666130690425,-4.78877326938172,25.2058977590831));
#7454=CARTESIAN_POINT('Ctrl Pts',(-6.88088856222946,-4.46773871044396,25.3374882493556));
#7455=CARTESIAN_POINT('Ctrl Pts',(-7.12490205329555,-4.14677250627653,25.4689677963379));
#7456=CARTESIAN_POINT('',(-8.85117250187536,-4.76371058348624,23.7463743566275));
#7457=CARTESIAN_POINT('Origin',(-7.41278206654391,-3.6599947832069,23.7463743566272));
#7458=CARTESIAN_POINT('Ctrl Pts',(-4.04086240509526,-11.0326287528443,21.190517464471));
#7459=CARTESIAN_POINT('Ctrl Pts',(-5.64520743801049,-8.94180559915741,22.0261324958628));
#7460=CARTESIAN_POINT('Ctrl Pts',(-7.24912851500632,-6.85153495558165,22.8886543606485));
#7461=CARTESIAN_POINT('Ctrl Pts',(-8.85117250187525,-4.76371058348638,23.7463743566274));
#7462=CARTESIAN_POINT('Ctrl Pts',(-7.12490205329555,-4.14677250627653,25.4689677963379));
#7463=CARTESIAN_POINT('Ctrl Pts',(-8.05165121599009,-2.88245441532708,25.9811225639369));
#7464=CARTESIAN_POINT('Ctrl Pts',(-10.0455016430783,-0.193385717208503,
26.3511710414064));
#7465=CARTESIAN_POINT('Ctrl Pts',(-13.434298620038,4.32093305596995,24.6012399195971));
#7466=CARTESIAN_POINT('Ctrl Pts',(-15.2189321867122,6.67998603197271,21.4386227399509));
#7467=CARTESIAN_POINT('Ctrl Pts',(-15.8546728967938,7.52005451278355,19.1945311320327));
#7468=CARTESIAN_POINT('Ctrl Pts',(-7.54844633986281,-4.46401891381049,25.4501017375605));
#7469=CARTESIAN_POINT('Ctrl Pts',(-8.47767506207241,-3.20792994431663,25.9712493837474));
#7470=CARTESIAN_POINT('Ctrl Pts',(-10.4773191440928,-0.528643746272331,
26.3590041838056));
#7471=CARTESIAN_POINT('Ctrl Pts',(-13.8846536426269,3.99204965054257,24.6249597720883));
#7472=CARTESIAN_POINT('Ctrl Pts',(-15.679055699827,6.35819468379728,21.4596282529548));
#7473=CARTESIAN_POINT('Ctrl Pts',(-16.3192382163625,7.20205991724499,19.2088685059102));
#7474=CARTESIAN_POINT('Ctrl Pts',(-8.35127735179659,-4.89793249501837,25.0067924446747));
#7475=CARTESIAN_POINT('Ctrl Pts',(-9.25751019719484,-3.70351249547259,25.5126932692816));
#7476=CARTESIAN_POINT('Ctrl Pts',(-11.2052348121953,-1.14332764242095,25.8959950923742));
#7477=CARTESIAN_POINT('Ctrl Pts',(-14.5123864342635,3.19103233862835,24.2396465124127));
#7478=CARTESIAN_POINT('Ctrl Pts',(-16.2546005128434,5.46992351340146,21.1915205672));
#7479=CARTESIAN_POINT('Ctrl Pts',(-16.8749492658751,6.2813250700466,19.0246821579532));
#7480=CARTESIAN_POINT('Ctrl Pts',(-8.77625445763859,-4.86134567961924,24.1239648722633));
#7481=CARTESIAN_POINT('Ctrl Pts',(-9.61794847199562,-3.76455804575958,24.5796919306974));
#7482=CARTESIAN_POINT('Ctrl Pts',(-11.417011280024,-1.4198310838627,24.9142595004062));
#7483=CARTESIAN_POINT('Ctrl Pts',(-14.4541050943709,2.5379962655423,23.37859734199));
#7484=CARTESIAN_POINT('Ctrl Pts',(-16.0473426062897,4.6145552767387,20.5867646672322));
#7485=CARTESIAN_POINT('Ctrl Pts',(-16.6147101124346,5.35392861360159,18.6047264469785));
#7486=CARTESIAN_POINT('Ctrl Pts',(-8.85117250187474,-4.76371058348705,23.7463743566272));
#7487=CARTESIAN_POINT('Ctrl Pts',(-9.66244157528358,-3.70644414281927,24.1807205494193));
#7488=CARTESIAN_POINT('Ctrl Pts',(-11.393411921187,-1.45059966840226,24.4945498008602));
#7489=CARTESIAN_POINT('Ctrl Pts',(-14.3100269119029,2.35040699030776,23.0104751256019));
#7490=CARTESIAN_POINT('Ctrl Pts',(-15.8378480806952,4.34150230264184,20.328335237149));
#7491=CARTESIAN_POINT('Ctrl Pts',(-16.3819780953643,5.05062634388308,18.4251748882847));
#7492=CARTESIAN_POINT('Ctrl Pts',(-8.85117250187536,-4.76371058348624,23.7463743566275));
#7493=CARTESIAN_POINT('Ctrl Pts',(-9.66232229993797,-3.70659958547602,24.1806566904679));
#7494=CARTESIAN_POINT('Ctrl Pts',(-11.3930207946805,-1.4511093943895,24.4945179242391));
#7495=CARTESIAN_POINT('Ctrl Pts',(-14.1362822775079,2.12397857436915,23.0990894921889));
#7496=CARTESIAN_POINT('Ctrl Pts',(-15.5795365404599,4.00486414930945,20.7639608808649));
#7497=CARTESIAN_POINT('Ctrl Pts',(-16.1344738474499,4.72807252811505,19.1994959592828));
#7498=CARTESIAN_POINT('Ctrl Pts',(-7.12490205329555,-4.14677250627653,25.4689677963379));
#7499=CARTESIAN_POINT('Ctrl Pts',(-8.05165121599009,-2.88245441532708,25.9811225639369));
#7500=CARTESIAN_POINT('Ctrl Pts',(-10.0455016430783,-0.193385717208503,
26.3511710414064));
#7501=CARTESIAN_POINT('Ctrl Pts',(-13.4331186877982,4.31936123260676,24.601849221412));
#7502=CARTESIAN_POINT('Ctrl Pts',(-15.2171921583691,6.6776859353872,21.4417055882423));
#7503=CARTESIAN_POINT('Ctrl Pts',(-15.8531225426014,7.51800587203265,19.199999977318));
#7504=CARTESIAN_POINT('Origin',(0.269498154343635,-16.6499999999991,14.1304431546334));
#7505=CARTESIAN_POINT('Origin',(0.269498154343228,-16.6499999999983,25.4689677963369));
#7506=CARTESIAN_POINT('Origin',(0.269498154343608,-16.6499999999991,23.9379235660779));
#7507=CARTESIAN_POINT('Ctrl Pts',(-18.9030736225435,5.17956820781019,19.1968392544151));
#7508=CARTESIAN_POINT('Ctrl Pts',(-18.255971123473,4.34780721571633,21.4403774131182));
#7509=CARTESIAN_POINT('Ctrl Pts',(-16.4391536235215,2.01336227767456,24.601975126487));
#7510=CARTESIAN_POINT('Ctrl Pts',(-12.9561827529815,-2.42778350153829,26.3511334544223));
#7511=CARTESIAN_POINT('Ctrl Pts',(-10.8751134711427,-5.04926363835066,25.9810472653225));
#7512=CARTESIAN_POINT('Ctrl Pts',(-9.89388059296421,-6.27148446889735,25.4689677963383));
#7513=CARTESIAN_POINT('Ctrl Pts',(-18.475673912368,5.5459959255788,19.2111821683353));
#7514=CARTESIAN_POINT('Ctrl Pts',(-17.8260531298135,4.70896035569107,21.4613852949823));
#7515=CARTESIAN_POINT('Ctrl Pts',(-16.0049169567719,2.36324829137334,24.6257008215876));
#7516=CARTESIAN_POINT('Ctrl Pts',(-12.5205872982255,-2.09745209106386,26.3589688974033));
#7517=CARTESIAN_POINT('Ctrl Pts',(-10.450466429832,-4.72199550741513,25.9711727629716));
#7518=CARTESIAN_POINT('Ctrl Pts',(-9.47782276682176,-5.94448151618501,25.4501017375609));
#7519=CARTESIAN_POINT('Ctrl Pts',(-17.4425106563696,5.84448652368383,19.0269080480436));
#7520=CARTESIAN_POINT('Ctrl Pts',(-16.819122442325,5.0350196070014,21.1932096702355));
#7521=CARTESIAN_POINT('Ctrl Pts',(-15.0687623851547,2.76230091268678,24.2403404090951));
#7522=CARTESIAN_POINT('Ctrl Pts',(-11.7384758876311,-1.55341737128472,25.8959450249469));
#7523=CARTESIAN_POINT('Ctrl Pts',(-9.76994713894481,-4.0969948128148,25.5126134823686));
#7524=CARTESIAN_POINT('Ctrl Pts',(-8.85091147303416,-5.28131301873631,25.0067870369019));
#7525=CARTESIAN_POINT('Ctrl Pts',(-16.6141263385381,5.35316782464762,18.6067652631412));
#7526=CARTESIAN_POINT('Ctrl Pts',(-16.046616642755,4.61354038432909,20.5883139532118));
#7527=CARTESIAN_POINT('Ctrl Pts',(-14.4531369261023,2.53708952369007,23.3792431020247));
#7528=CARTESIAN_POINT('Ctrl Pts',(-11.416617133393,-1.42037078099623,24.9142234197002));
#7529=CARTESIAN_POINT('Ctrl Pts',(-9.61769978792815,-3.76462343252731,24.5796249282634));
#7530=CARTESIAN_POINT('Ctrl Pts',(-8.77625445763923,-4.8613456796184,24.1239648722637));
#7531=CARTESIAN_POINT('Ctrl Pts',(-16.3814182840547,5.04989678358045,18.4271323515999));
#7532=CARTESIAN_POINT('Ctrl Pts',(-15.8371199448017,4.3405533774706,20.3298233334395));
#7533=CARTESIAN_POINT('Ctrl Pts',(-14.3092627890502,2.34941116601813,23.0110986369577));
#7534=CARTESIAN_POINT('Ctrl Pts',(-11.3930207946805,-1.4511093943895,24.4945179242391));
#7535=CARTESIAN_POINT('Ctrl Pts',(-9.66232229993797,-3.70659958547602,24.1806566904679));
#7536=CARTESIAN_POINT('Ctrl Pts',(-8.85117250187536,-4.76371058348624,23.7463743566275));
#7537=CARTESIAN_POINT('',(-9.8938805929638,-6.27148446889778,25.4689677963383));
#7538=CARTESIAN_POINT('Ctrl Pts',(-18.9021616146169,5.17839594776359,19.1999999879806));
#7539=CARTESIAN_POINT('Ctrl Pts',(-18.2549471709128,4.34649153191677,21.4421590349761));
#7540=CARTESIAN_POINT('Ctrl Pts',(-16.4384525916807,2.01246839003762,24.602327186762));
#7541=CARTESIAN_POINT('Ctrl Pts',(-12.9561827529815,-2.42778350153829,26.3511334544223));
#7542=CARTESIAN_POINT('Ctrl Pts',(-10.8751134711427,-5.04926363835066,25.9810472653225));
#7543=CARTESIAN_POINT('Ctrl Pts',(-9.89388059296421,-6.27148446889735,25.4689677963383));
#7544=CARTESIAN_POINT('Origin',(-10.2895629372062,-5.86742638376639,23.7463743566275));
#7545=CARTESIAN_POINT('Ctrl Pts',(-9.89388059296398,-6.27148446889762,25.4689677963382));
#7546=CARTESIAN_POINT('Ctrl Pts',(-8.03197267151268,-8.67563369893613,24.4773582928976));
#7547=CARTESIAN_POINT('Ctrl Pts',(-6.16923896853728,-11.092799176419,23.4793307766218));
#7548=CARTESIAN_POINT('Ctrl Pts',(-4.26619455338208,-13.4420650979825,22.5238816172847));
#7549=CARTESIAN_POINT('Ctrl Pts',(-9.47782276682153,-5.94448151618527,25.4501017375608));
#7550=CARTESIAN_POINT('Ctrl Pts',(-7.61884653875559,-8.34933642997496,24.454693621519));
#7551=CARTESIAN_POINT('Ctrl Pts',(-5.75715168224151,-10.7662911666673,23.4551278148398));
#7552=CARTESIAN_POINT('Ctrl Pts',(-3.87150241733276,-13.1214185192183,22.4788752336697));
#7553=CARTESIAN_POINT('Ctrl Pts',(-8.85089649268859,-5.28130818461875,25.0068032500988));
#7554=CARTESIAN_POINT('Ctrl Pts',(-6.99810315600137,-7.69062537058184,24.0093899109277));
#7555=CARTESIAN_POINT('Ctrl Pts',(-5.14096497869848,-10.108152326168,23.0074621385575));
#7556=CARTESIAN_POINT('Ctrl Pts',(-3.28829550135799,-12.4927996860164,22.0206597445324));
#7557=CARTESIAN_POINT('Ctrl Pts',(-8.7762544576391,-4.86134567961857,24.1239648722636));
#7558=CARTESIAN_POINT('Ctrl Pts',(-6.92471824871253,-7.27436573725579,23.1306316178201));
#7559=CARTESIAN_POINT('Ctrl Pts',(-5.06959502897847,-9.69170120325732,22.1313936929297));
#7560=CARTESIAN_POINT('Ctrl Pts',(-3.21978519496245,-12.1026774061511,21.1666311716876));
#7561=CARTESIAN_POINT('Ctrl Pts',(-8.85117250187525,-4.76371058348638,23.7463743566274));
#7562=CARTESIAN_POINT('Ctrl Pts',(-6.99905053928083,-7.17744291873587,22.7547648531869));
#7563=CARTESIAN_POINT('Ctrl Pts',(-5.14441972252726,-9.59444485638233,21.7567373369111));
#7564=CARTESIAN_POINT('Ctrl Pts',(-3.28952543840181,-12.0117901513928,20.801288177574));
#7565=CARTESIAN_POINT('',(-9.15255396622049,-7.22794787943496,25.0745721268256));
#7566=CARTESIAN_POINT('Ctrl Pts',(-9.89388059296398,-6.27148446889762,25.4689677963382));
#7567=CARTESIAN_POINT('Ctrl Pts',(-9.64700951730402,-6.59025152479158,25.3374899171538));
#7568=CARTESIAN_POINT('Ctrl Pts',(-9.40012392423276,-6.90924740902842,25.2058992079662));
#7569=CARTESIAN_POINT('Ctrl Pts',(-9.15313177570019,-7.22828350958243,25.0743098776711));
#7570=CARTESIAN_POINT('Ctrl Pts',(-9.15255396622948,-7.22794787942798,25.0745721268293));
#7571=CARTESIAN_POINT('Ctrl Pts',(-9.1448314323237,-7.23567041333376,25.0709866253759));
#7572=CARTESIAN_POINT('Ctrl Pts',(-9.13710924794572,-7.24339259771114,25.067399584852));
#7573=CARTESIAN_POINT('Ctrl Pts',(-7.30193999443378,-9.07856185114023,24.2145388052713));
#7574=CARTESIAN_POINT('Ctrl Pts',(-5.37909925073195,-11.0014025949235,23.2256699632099));
#7575=CARTESIAN_POINT('Ctrl Pts',(-3.592625728394,-12.7878761172614,22.1763992966257));
#7576=CARTESIAN_POINT('Ctrl Pts',(-2.93843674767295,-12.1143072922733,22.5238816172847));
#7577=CARTESIAN_POINT('Ctrl Pts',(-5.28802805320597,-10.2109992968482,23.4794631106574));
#7578=CARTESIAN_POINT('Ctrl Pts',(-7.70489808493237,-8.34850598831249,24.4773706411397));
#7579=CARTESIAN_POINT('Ctrl Pts',(-10.1090173767572,-6.48662125269198,25.4689677963379));
#7580=CARTESIAN_POINT('Ctrl Pts',(-3.25908332643718,-12.5089994283227,22.4788752336697));
#7581=CARTESIAN_POINT('Ctrl Pts',(-5.6145368747924,-10.623088992451,23.4552630302436));
#7582=CARTESIAN_POINT('Ctrl Pts',(-8.03119536268123,-8.76163215757715,24.4547060170641));
#7583=CARTESIAN_POINT('Ctrl Pts',(-10.4360203294695,-6.90267907883443,25.4501017375605));
#7584=CARTESIAN_POINT('Ctrl Pts',(-3.8876980087917,-13.0921946783715,22.0206475983833));
#7585=CARTESIAN_POINT('Ctrl Pts',(-6.27267565309902,-11.2392685979181,23.007586669009));
#7586=CARTESIAN_POINT('Ctrl Pts',(-8.68990221214675,-9.38236239907277,24.0093880253559));
#7587=CARTESIAN_POINT('Ctrl Pts',(-11.099189395541,-7.52959213471494,25.006788944011));
#7588=CARTESIAN_POINT('Ctrl Pts',(-4.27782443950441,-13.160716650693,21.1666311716876));
#7589=CARTESIAN_POINT('Ctrl Pts',(-6.68913457352107,-11.3106506096375,22.1315273169082));
#7590=CARTESIAN_POINT('Ctrl Pts',(-9.10616615707871,-9.45576054026871,23.1306439875275));
#7591=CARTESIAN_POINT('Ctrl Pts',(-11.5191561660362,-7.60424738801686,24.1239648722633));
#7592=CARTESIAN_POINT('Ctrl Pts',(-4.36871169426272,-13.0909764072536,20.801288177574));
#7593=CARTESIAN_POINT('Ctrl Pts',(-6.78639180254415,-11.2358252118694,21.7568696709467));
#7594=CARTESIAN_POINT('Ctrl Pts',(-9.20308898446843,-9.38142824240618,22.7547772014289));
#7595=CARTESIAN_POINT('Ctrl Pts',(-11.6167912621684,-7.5293293437807,23.7463743566271));
#7596=CARTESIAN_POINT('',(-10.1090173767572,-6.48662125269198,25.4689677963379));
#7597=CARTESIAN_POINT('Ctrl Pts',(-9.15221812265445,-7.22736969865815,25.0743097039174));
#7598=CARTESIAN_POINT('Ctrl Pts',(-9.47125100590916,-6.98038036651146,25.2058977590831));
#7599=CARTESIAN_POINT('Ctrl Pts',(-9.79024627730066,-6.73349545991343,25.3374882493556));
#7600=CARTESIAN_POINT('Ctrl Pts',(-10.1090173767572,-6.48662125269198,25.4689677963379));
#7601=CARTESIAN_POINT('Origin',(-10.5130754618883,-6.09093890844989,23.7463743566272));
#7602=CARTESIAN_POINT('Ctrl Pts',(-10.1090173767572,-6.48662125269198,25.4689677963379));
#7603=CARTESIAN_POINT('Ctrl Pts',(-11.331417928501,-5.50524408933758,25.9811225639368));
#7604=CARTESIAN_POINT('Ctrl Pts',(-13.9533046908767,-3.42385537414082,26.3511508452399));
#7605=CARTESIAN_POINT('Ctrl Pts',(-18.3949954352483,0.0595361726608739,
24.6011986395999));
#7606=CARTESIAN_POINT('Ctrl Pts',(-20.7294214278114,1.87633528423672,21.4386227399508));
#7607=CARTESIAN_POINT('Ctrl Pts',(-21.5609255205268,2.5232373221872,19.1945311320327));
#7608=CARTESIAN_POINT('Ctrl Pts',(-10.4360203294695,-6.90267907883443,25.4501017375605));
#7609=CARTESIAN_POINT('Ctrl Pts',(-11.6586860984296,-5.92989239364761,25.9712493837474));
#7610=CARTESIAN_POINT('Ctrl Pts',(-14.2836378321933,-3.85945262121868,26.3590017715075));
#7611=CARTESIAN_POINT('Ctrl Pts',(-18.7448933514384,-0.374694816056751,
24.6249417548092));
#7612=CARTESIAN_POINT('Ctrl Pts',(-21.0905808829549,1.44641998206409,21.4596282529548));
#7613=CARTESIAN_POINT('Ctrl Pts',(-21.9273581031314,2.09583977733765,19.2088685059102));
#7614=CARTESIAN_POINT('Ctrl Pts',(-11.0991861716611,-7.5295821443018,25.0067781314075));
#7615=CARTESIAN_POINT('Ctrl Pts',(-12.2836785253965,-6.61041133899086,25.5126789560143));
#7616=CARTESIAN_POINT('Ctrl Pts',(-14.8276461112685,-4.64158010593267,25.8959539774962));
#7617=CARTESIAN_POINT('Ctrl Pts',(-19.1438921353326,-1.3108876319929,24.2395821773815));
#7618=CARTESIAN_POINT('Ctrl Pts',(-21.4165892853324,0.439455262656613,21.1915121090319));
#7619=CARTESIAN_POINT('Ctrl Pts',(-22.2258063432776,1.06265090982109,19.0246736997851));
#7620=CARTESIAN_POINT('Ctrl Pts',(-11.5191561660362,-7.60424738801686,24.1239648722633));
#7621=CARTESIAN_POINT('Ctrl Pts',(-12.6160396804124,-6.76267832758174,24.5796919306974));
#7622=CARTESIAN_POINT('Ctrl Pts',(-14.9606551995496,-4.96348333825837,24.9142383133171));
#7623=CARTESIAN_POINT('Ctrl Pts',(-18.918598196951,-1.92659357918258,23.3785565243521));
#7624=CARTESIAN_POINT('Ctrl Pts',(-20.9950316310533,-0.33312601840358,20.5867646672322));
#7625=CARTESIAN_POINT('Ctrl Pts',(-21.734430459257,0.234208266779187,18.6047264469785));
#7626=CARTESIAN_POINT('Ctrl Pts',(-11.6167912621684,-7.52932934378071,23.7463743566272));
#7627=CARTESIAN_POINT('Ctrl Pts',(-12.6740577028362,-6.71806027037186,24.1807205494193));
#7628=CARTESIAN_POINT('Ctrl Pts',(-14.9298961113964,-4.98709457896409,24.494532672975));
#7629=CARTESIAN_POINT('Ctrl Pts',(-18.7308798097881,-2.07049720632005,23.0104401170248));
#7630=CARTESIAN_POINT('Ctrl Pts',(-20.7220041482973,-0.542653764960213,
20.3283352371489));
#7631=CARTESIAN_POINT('Ctrl Pts',(-21.4311281895385,0.00147624970889437,
18.4251748882847));
#7632=CARTESIAN_POINT('Ctrl Pts',(-10.1090173767572,-6.48662125269198,25.4689677963379));
#7633=CARTESIAN_POINT('Ctrl Pts',(-11.331417928501,-5.50524408933758,25.9811225639368));
#7634=CARTESIAN_POINT('Ctrl Pts',(-13.9533046908767,-3.42385537414082,26.3511508452399));
#7635=CARTESIAN_POINT('Ctrl Pts',(-18.3934488999545,0.0583233038955274,
24.6018079487581));
#7636=CARTESIAN_POINT('Ctrl Pts',(-20.7271453470627,1.87456388860087,21.4417055480223));
#7637=CARTESIAN_POINT('Ctrl Pts',(-21.558897766081,2.52165974833194,19.1999999772894));
#7638=CARTESIAN_POINT('Origin',(0.269498154343637,-16.6499999999991,14.1304431546334));
#7639=CARTESIAN_POINT('Origin',(0.269498154343046,-16.6499999999984,25.4689677963369));
#7640=CARTESIAN_POINT('Origin',(0.269498154343608,-16.6499999999991,23.9379235660779));
#7641=CARTESIAN_POINT('Ctrl Pts',(28.7607446643951,-10.9608498892389,19.1968392544152));
#7642=CARTESIAN_POINT('Ctrl Pts',(27.7168672658296,-11.1053765962394,21.4403774131183));
#7643=CARTESIAN_POINT('Ctrl Pts',(24.7862812886006,-11.5116252054243,24.6014939067));
#7644=CARTESIAN_POINT('Ctrl Pts',(19.1990141267949,-12.3073516199817,26.3508871862126));
#7645=CARTESIAN_POINT('Ctrl Pts',(15.8883363588801,-12.7988513978407,25.9810472653226));
#7646=CARTESIAN_POINT('Ctrl Pts',(14.339245631503,-13.0375135820985,25.4689677963384));
#7647=CARTESIAN_POINT('Ctrl Pts',(28.8643805215457,-11.5142027547053,19.2111821683355));
#7648=CARTESIAN_POINT('Ctrl Pts',(27.8146760628745,-11.65827307028,21.4613852949824));
#7649=CARTESIAN_POINT('Ctrl Pts',(24.8723031495306,-12.0626203157688,24.6254969751759));
#7650=CARTESIAN_POINT('Ctrl Pts',(19.2673037519842,-12.8497594794712,26.358931052466));
#7651=CARTESIAN_POINT('Ctrl Pts',(15.959435353464,-13.3302405887255,25.9711727629717));
#7652=CARTESIAN_POINT('Ctrl Pts',(14.4144095825931,-13.5613317053374,25.450101737561));
#7653=CARTESIAN_POINT('Ctrl Pts',(28.6061526172193,-12.5580978477067,19.0268455709582));
#7654=CARTESIAN_POINT('Ctrl Pts',(27.5934395968269,-12.693234419148,21.1931471931502));
#7655=CARTESIAN_POINT('Ctrl Pts',(24.7495957070096,-13.0727886713393,24.2396613612683));
#7656=CARTESIAN_POINT('Ctrl Pts',(19.3473450681281,-13.7989923927938,25.8955231847372));
#7657=CARTESIAN_POINT('Ctrl Pts',(16.1604637208265,-14.2319876132859,25.5125078029962));
#7658=CARTESIAN_POINT('Ctrl Pts',(14.6752962353788,-14.4357367439877,25.0066813575295));
#7659=CARTESIAN_POINT('Ctrl Pts',(27.7666127006609,-13.0299361935297,18.6067652631413));
#7660=CARTESIAN_POINT('Ctrl Pts',(26.8423217001175,-13.1516002868125,20.588313953212));
#7661=CARTESIAN_POINT('Ctrl Pts',(24.2468691907203,-13.4934463364569,23.3787660965514));
#7662=CARTESIAN_POINT('Ctrl Pts',(19.3016915510852,-14.1443681901212,24.9139666718634));
#7663=CARTESIAN_POINT('Ctrl Pts',(16.3721605702388,-14.5301236934824,24.5796249282635));
#7664=CARTESIAN_POINT('Ctrl Pts',(15.0016485782179,-14.7104756018628,24.1239648722638));
#7665=CARTESIAN_POINT('Ctrl Pts',(27.3876182476229,-13.0798317598439,18.4271323516));
#7666=CARTESIAN_POINT('Ctrl Pts',(26.5011596682983,-13.1965362458198,20.3298233334396));
#7667=CARTESIAN_POINT('Ctrl Pts',(24.012438363052,-13.5241826214544,23.0106905259811));
#7668=CARTESIAN_POINT('Ctrl Pts',(19.2632771324432,-14.1494215589093,24.4943090700684));
#7669=CARTESIAN_POINT('Ctrl Pts',(16.4447219518154,-14.5204913880268,24.1806566904679));
#7670=CARTESIAN_POINT('Ctrl Pts',(15.1236620738873,-14.6944122204186,23.7463743566276));
#7671=CARTESIAN_POINT('',(14.3392456315024,-13.0375135820986,25.4689677963384));
#7672=CARTESIAN_POINT('Ctrl Pts',(28.7592734532577,-10.9610535812727,19.1999999877897));
#7673=CARTESIAN_POINT('Ctrl Pts',(27.7152155986521,-11.1056055576221,21.442158763828));
#7674=CARTESIAN_POINT('Ctrl Pts',(24.7851567164094,-11.5117853645453,24.6018460142647));
#7675=CARTESIAN_POINT('Ctrl Pts',(19.1990141267949,-12.3073516199817,26.3508871862126));
#7676=CARTESIAN_POINT('Ctrl Pts',(15.8883363588801,-12.7988513978407,25.9810472653226));
#7677=CARTESIAN_POINT('Ctrl Pts',(14.339245631503,-13.0375135820985,25.4689677963384));
#7678=CARTESIAN_POINT('Origin',(14.8870113699518,-12.8968716627215,23.7463743566276));
#7679=CARTESIAN_POINT('Ctrl Pts',(14.3392456315026,-13.0375135820986,25.4689677963382));
#7680=CARTESIAN_POINT('Ctrl Pts',(11.3262373630748,-13.4478985265636,24.4773582928977));
#7681=CARTESIAN_POINT('Ctrl Pts',(8.30154380293623,-13.8524904950843,23.4793307766219));
#7682=CARTESIAN_POINT('Ctrl Pts',(5.31549762703954,-14.3259423423571,22.5238816172847));
#7683=CARTESIAN_POINT('Ctrl Pts',(14.4144095825928,-13.5613317053374,25.4501017375608));
#7684=CARTESIAN_POINT('Ctrl Pts',(11.4022560208021,-13.9688248869791,24.4546936215191));
#7685=CARTESIAN_POINT('Ctrl Pts',(8.3782643907724,-14.3726225584689,23.4551278148399));
#7686=CARTESIAN_POINT('Ctrl Pts',(5.39583964186128,-14.8280790482318,22.4788752336697));
#7687=CARTESIAN_POINT('Ctrl Pts',(14.6752887487477,-14.4357716207159,25.0067180987825));
#7688=CARTESIAN_POINT('Ctrl Pts',(11.6623621915856,-14.835679125268,24.0093047596114));
#7689=CARTESIAN_POINT('Ctrl Pts',(8.64014931622998,-15.2352528302903,23.0073898434186));
#7690=CARTESIAN_POINT('Ctrl Pts',(5.64864938486352,-15.647387982559,22.0205874493935));
#7691=CARTESIAN_POINT('Ctrl Pts',(15.0016485782177,-14.7104756018629,24.1239648722637));
#7692=CARTESIAN_POINT('Ctrl Pts',(11.9861438039992,-15.1074429660014,23.1306316178201));
#7693=CARTESIAN_POINT('Ctrl Pts',(8.96510827110571,-15.5053590684407,22.1313936929298));
#7694=CARTESIAN_POINT('Ctrl Pts',(5.95223671447198,-15.901853275422,21.1666311716876));
#7695=CARTESIAN_POINT('Ctrl Pts',(15.1236620738871,-14.6944122204186,23.7463743566275));
#7696=CARTESIAN_POINT('Ctrl Pts',(12.1072475723279,-15.0915307233077,22.7547648531869));
#7697=CARTESIAN_POINT('Ctrl Pts',(9.08674708495312,-15.4891871564345,21.7567373369111));
#7698=CARTESIAN_POINT('Ctrl Pts',(6.06581750769258,-15.8869000803165,20.801288177574));
#7699=CARTESIAN_POINT('',(13.1402607068152,-13.2012895680916,25.0745721268257));
#7700=CARTESIAN_POINT('Ctrl Pts',(14.3392456315026,-13.0375135820986,25.4689677963382));
#7701=CARTESIAN_POINT('Ctrl Pts',(13.9397497253788,-13.0919266771327,25.3374899171539));
#7702=CARTESIAN_POINT('Ctrl Pts',(13.5400483893914,-13.1462379304424,25.2058992079662));
#7703=CARTESIAN_POINT('Ctrl Pts',(13.140258947321,-13.2006213553299,25.0743098776711));
#7704=CARTESIAN_POINT('Ctrl Pts',(13.1402607068257,-13.2012895680873,25.0745721268294));
#7705=CARTESIAN_POINT('Ctrl Pts',(13.1297115293289,-13.2041162116784,25.0709866253759));
#7706=CARTESIAN_POINT('Ctrl Pts',(13.1191628292964,-13.2069427273337,25.067399584852));
#7707=CARTESIAN_POINT('Ctrl Pts',(10.6122750088267,-13.8786612944047,24.2145388052713));
#7708=CARTESIAN_POINT('Ctrl Pts',(7.9856257054277,-14.5824698539906,23.2256699632099));
#7709=CARTESIAN_POINT('Ctrl Pts',(5.54525749072579,-15.2363645463545,22.1763992966257));
#7710=CARTESIAN_POINT('Ctrl Pts',(5.80149071400219,-16.1396932350288,22.5238816172848));
#7711=CARTESIAN_POINT('Ctrl Pts',(8.62459944203295,-15.0565414736388,23.4794631106575));
#7712=CARTESIAN_POINT('Ctrl Pts',(11.4460009774666,-13.8947172827863,24.4773706411397));
#7713=CARTESIAN_POINT('Ctrl Pts',(14.2605001033448,-12.743631270148,25.468967796338));
#7714=CARTESIAN_POINT('Ctrl Pts',(5.62000058689166,-15.6646590841578,22.4788752336697));
#7715=CARTESIAN_POINT('Ctrl Pts',(8.43097370779628,-14.5677316917838,23.4552630302436));
#7716=CARTESIAN_POINT('Ctrl Pts',(11.2513718587897,-13.4055724664377,24.4547060170642));
#7717=CARTESIAN_POINT('Ctrl Pts',(14.0636849328183,-12.2524094929154,25.4501017375606));
#7718=CARTESIAN_POINT('Ctrl Pts',(5.42928112739699,-14.8287063984855,22.0205944882709));
#7719=CARTESIAN_POINT('Ctrl Pts',(8.22645100655807,-13.6897182112842,23.0075335588966));
#7720=CARTESIAN_POINT('Ctrl Pts',(11.043197854381,-12.5247955318564,24.0093254707214));
#7721=CARTESIAN_POINT('Ctrl Pts',(13.8523875623884,-11.3646767582037,25.0067263893766));
#7722=CARTESIAN_POINT('Ctrl Pts',(5.56496747276876,-14.4565447891768,21.1666311716876));
#7723=CARTESIAN_POINT('Ctrl Pts',(8.37282673000999,-13.2933219772432,22.1315273169082));
#7724=CARTESIAN_POINT('Ctrl Pts',(11.1877244430897,-12.1275562588174,23.1306439875276));
#7725=CARTESIAN_POINT('Ctrl Pts',(13.9976768728596,-10.9636021881081,24.1239648722634));
#7726=CARTESIAN_POINT('Ctrl Pts',(5.67080792263251,-14.4127042393955,20.801288177574));
#7727=CARTESIAN_POINT('Ctrl Pts',(8.48625603983704,-13.2465074450916,21.7568696709467));
#7728=CARTESIAN_POINT('Ctrl Pts',(11.3005595150552,-12.0807847770225,22.754777201429));
#7729=CARTESIAN_POINT('Ctrl Pts',(14.111375350436,-10.9165067366747,23.7463743566272));
#7730=CARTESIAN_POINT('',(14.2605001033448,-12.743631270148,25.468967796338));
#7731=CARTESIAN_POINT('Ctrl Pts',(13.1405935042728,-13.2018695075399,25.0743097039174));
#7732=CARTESIAN_POINT('Ctrl Pts',(13.514008982003,-13.0490735920721,25.2058977590831));
#7733=CARTESIAN_POINT('Ctrl Pts',(13.8873152186236,-12.8962580366589,25.3374882493557));
#7734=CARTESIAN_POINT('Ctrl Pts',(14.2605001033448,-12.743631270148,25.468967796338));
#7735=CARTESIAN_POINT('Origin',(14.805200107853,-12.591547875941,23.7463743566272));
#7736=CARTESIAN_POINT('Ctrl Pts',(14.2605001033448,-12.743631270148,25.468967796338));
#7737=CARTESIAN_POINT('Ctrl Pts',(15.7215979333755,-12.175689920415,25.9811225639369));
#7738=CARTESIAN_POINT('Ctrl Pts',(18.8350066533334,-10.9457910510106,26.3509999458107));
#7739=CARTESIAN_POINT('Ctrl Pts',(24.0723450015386,-8.84096190833277,24.6009005147985));
#7740=CARTESIAN_POINT('Ctrl Pts',(26.8132349405973,-7.72756983194417,21.438622739951));
#7741=CARTESIAN_POINT('Ctrl Pts',(27.7892205855801,-7.33091718327714,19.1945311320328));
#7742=CARTESIAN_POINT('Ctrl Pts',(14.0636849328183,-12.2524094929154,25.4501017375606));
#7743=CARTESIAN_POINT('Ctrl Pts',(15.5174757991334,-11.6799432192517,25.9712493837475));
#7744=CARTESIAN_POINT('Ctrl Pts',(18.6229386554838,-10.4419093504509,26.3589798060821));
#7745=CARTESIAN_POINT('Ctrl Pts',(23.8713118390532,-8.32078961048261,24.6248144809559));
#7746=CARTESIAN_POINT('Ctrl Pts',(26.6214970950119,-7.19983891788665,21.4596282529549));
#7747=CARTESIAN_POINT('Ctrl Pts',(27.6022997455276,-6.79987848554249,19.2088685059103));
#7748=CARTESIAN_POINT('Ctrl Pts',(13.8524034822184,-11.3646943676061,25.0067019384495));
#7749=CARTESIAN_POINT('Ctrl Pts',(15.2406749269024,-10.7984793013382,25.5126027630564));
#7750=CARTESIAN_POINT('Ctrl Pts',(18.217610855197,-9.57980745036094,25.8956827408918));
#7751=CARTESIAN_POINT('Ctrl Pts',(23.2599534834165,-7.5072796826509,24.2391495368675));
#7752=CARTESIAN_POINT('Ctrl Pts',(25.9123871968614,-6.41413773110798,21.1914670841728));
#7753=CARTESIAN_POINT('Ctrl Pts',(26.8566989878063,-6.02493302533401,19.0246286749259));
#7754=CARTESIAN_POINT('Ctrl Pts',(13.9976768728596,-10.9636021881081,24.1239648722634));
#7755=CARTESIAN_POINT('Ctrl Pts',(15.2749388154235,-10.4344577298835,24.5796919306974));
#7756=CARTESIAN_POINT('Ctrl Pts',(18.0053307975845,-9.30357746150457,24.9140807592971));
#7757=CARTESIAN_POINT('Ctrl Pts',(22.6141213169041,-7.39442391045477,23.3782611974634));
#7758=CARTESIAN_POINT('Ctrl Pts',(25.0325904254531,-6.39281399711222,20.5867646672323));
#7759=CARTESIAN_POINT('Ctrl Pts',(25.8936157429611,-6.03614297095075,18.6047264469786));
#7760=CARTESIAN_POINT('Ctrl Pts',(14.111375350436,-10.9165067366747,23.7463743566272));
#7761=CARTESIAN_POINT('Ctrl Pts',(15.3425881976466,-10.4065216771921,24.1807205494194));
#7762=CARTESIAN_POINT('Ctrl Pts',(17.9695090529801,-9.31841543163227,24.4944046987831));
#7763=CARTESIAN_POINT('Ctrl Pts',(22.3956670267541,-7.48504076968926,23.0101872845206));
#7764=CARTESIAN_POINT('Ctrl Pts',(24.7146203327593,-6.52449885983196,20.3283352371491));
#7765=CARTESIAN_POINT('Ctrl Pts',(25.540412769045,-6.18244443301732,18.4251748882848));
#7766=CARTESIAN_POINT('Ctrl Pts',(14.2605001033448,-12.743631270148,25.468967796338));
#7767=CARTESIAN_POINT('Ctrl Pts',(15.7215979333755,-12.175689920415,25.9811225639369));
#7768=CARTESIAN_POINT('Ctrl Pts',(18.8350066533334,-10.9457910510106,26.3509999458107));
#7769=CARTESIAN_POINT('Ctrl Pts',(24.0705214327021,-8.84169478075295,24.6015098752352));
#7770=CARTESIAN_POINT('Ctrl Pts',(26.810562550965,-7.72865539428588,21.4417052575544));
#7771=CARTESIAN_POINT('Ctrl Pts',(27.7868404889213,-7.3318844833805,19.199999977085));
#7772=CARTESIAN_POINT('Origin',(0.269498154343638,-16.6499999999991,14.1304431546334));
#7773=CARTESIAN_POINT('Origin',(0.26949815434443,-16.6499999999989,25.4689677963369));
#7774=CARTESIAN_POINT('Origin',(0.269498154343611,-16.6499999999991,23.9379235660779));
#7775=CARTESIAN_POINT('Ctrl Pts',(-28.7233930719952,-14.7712198061056,19.1968392544151));
#7776=CARTESIAN_POINT('Ctrl Pts',(-27.6776786689437,-14.9017930787261,21.4403774131182));
#7777=CARTESIAN_POINT('Ctrl Pts',(-24.7417533599019,-15.2678856548167,24.6014416294302));
#7778=CARTESIAN_POINT('Ctrl Pts',(-19.1389543945399,-15.9453588412587,26.3508592573368));
#7779=CARTESIAN_POINT('Ctrl Pts',(-15.8138916478072,-16.3274711059919,25.9810472653225));
#7780=CARTESIAN_POINT('Ctrl Pts',(-14.2558145883369,-16.4978753212957,25.4689677963383));
#7781=CARTESIAN_POINT('Ctrl Pts',(-28.6802793627019,-14.2098990487144,19.2111821683353));
#7782=CARTESIAN_POINT('Ctrl Pts',(-27.6290545745959,-14.3424213157324,21.4613852949823));
#7783=CARTESIAN_POINT('Ctrl Pts',(-24.6822493826283,-14.7133983728103,24.6254754941242));
#7784=CARTESIAN_POINT('Ctrl Pts',(-19.0645335028204,-15.4037574145911,26.3589258820553));
#7785=CARTESIAN_POINT('Ctrl Pts',(-15.7450343599363,-15.7957867888195,25.9711727629716));
#7786=CARTESIAN_POINT('Ctrl Pts',(-14.1928432834368,-15.9724520057338,25.4501017375609));
#7787=CARTESIAN_POINT('Ctrl Pts',(-28.1606564369666,-13.2684237414815,19.0268380935013));
#7788=CARTESIAN_POINT('Ctrl Pts',(-27.1474748575716,-13.4000012539511,21.1931397156933));
#7789=CARTESIAN_POINT('Ctrl Pts',(-24.302252557983,-13.7694265506695,24.2395868762147));
#7790=CARTESIAN_POINT('Ctrl Pts',(-18.8961645777926,-14.4661671112297,25.8954755634381));
#7791=CARTESIAN_POINT('Ctrl Pts',(-15.705829144826,-14.872747008985,25.5124951549519));
#7792=CARTESIAN_POINT('Ctrl Pts',(-14.2185333588185,-15.0603300919571,25.0066687094852));
#7793=CARTESIAN_POINT('Ctrl Pts',(-27.2276163919736,-13.0299361935297,18.6067652631411));
#7794=CARTESIAN_POINT('Ctrl Pts',(-26.3033308590954,-13.1516418178533,20.5883139532118));
#7795=CARTESIAN_POINT('Ctrl Pts',(-23.7077914292585,-13.4932008544896,23.3787141509235));
#7796=CARTESIAN_POINT('Ctrl Pts',(-18.7626797814644,-14.1443609513246,24.913937721501));
#7797=CARTESIAN_POINT('Ctrl Pts',(-15.833143706572,-14.5299675629116,24.5796249282634));
#7798=CARTESIAN_POINT('Ctrl Pts',(-14.4626522695306,-14.7104756018628,24.1239648722637));
#7799=CARTESIAN_POINT('Ctrl Pts',(-26.8486219389357,-13.0798317598439,18.4271323515999));
#7800=CARTESIAN_POINT('Ctrl Pts',(-25.962163359611,-13.1965362458198,20.3298233334395));
#7801=CARTESIAN_POINT('Ctrl Pts',(-23.4733982425384,-13.5241883893908,23.0106461908806));
#7802=CARTESIAN_POINT('Ctrl Pts',(-18.7242674232468,-14.1494233231198,24.4942853842577));
#7803=CARTESIAN_POINT('Ctrl Pts',(-15.9057256431282,-14.5204913880268,24.1806566904678));
#7804=CARTESIAN_POINT('Ctrl Pts',(-14.5846657652001,-14.6944122204185,23.7463743566275));
#7805=CARTESIAN_POINT('',(-14.2558145883363,-16.4978753212958,25.4689677963383));
#7806=CARTESIAN_POINT('Ctrl Pts',(-28.7219192717635,-14.7714038321741,19.1999999877688));
#7807=CARTESIAN_POINT('Ctrl Pts',(-27.6760239922354,-14.9019994059555,21.4421587343716));
#7808=CARTESIAN_POINT('Ctrl Pts',(-24.7406256615609,-15.2680220126252,24.6017937418956));
#7809=CARTESIAN_POINT('Ctrl Pts',(-19.1389543945399,-15.9453588412587,26.3508592573368));
#7810=CARTESIAN_POINT('Ctrl Pts',(-15.8138916478072,-16.3274711059919,25.9810472653225));
#7811=CARTESIAN_POINT('Ctrl Pts',(-14.2558145883369,-16.4978753212957,25.4689677963383));
#7812=CARTESIAN_POINT('Origin',(-14.8213164691356,-16.4919527781157,23.7463743566275));
#7813=CARTESIAN_POINT('Ctrl Pts',(-14.2558145883366,-16.4978753212958,25.4689677963382));
#7814=CARTESIAN_POINT('Ctrl Pts',(-11.2392566475888,-16.8812978276372,24.4773582928976));
#7815=CARTESIAN_POINT('Ctrl Pts',(-8.21291091429198,-17.2733402950968,23.4793307766218));
#7816=CARTESIAN_POINT('Ctrl Pts',(-5.2060734394885,-17.5888665481894,22.5238816172847));
#7817=CARTESIAN_POINT('Ctrl Pts',(-14.1928432834364,-15.9724520057338,25.4501017375608));
#7818=CARTESIAN_POINT('Ctrl Pts',(-11.1778593691959,-16.3584465261142,24.454693621519));
#7819=CARTESIAN_POINT('Ctrl Pts',(-8.15239722751862,-16.7510745527091,23.4551278148398));
#7820=CARTESIAN_POINT('Ctrl Pts',(-5.15371532381549,-17.0830456920994,22.4788752336697));
#7821=CARTESIAN_POINT('Ctrl Pts',(-14.2185170644353,-15.0602982708246,25.0067055322995));
#7822=CARTESIAN_POINT('Ctrl Pts',(-11.2047498117027,-15.4538200585397,24.0092921931284));
#7823=CARTESIAN_POINT('Ctrl Pts',(-8.18209816509547,-15.850066712452,23.0073791742279));
#7824=CARTESIAN_POINT('Ctrl Pts',(-5.18586269548327,-16.2262318806146,22.0205767802028));
#7825=CARTESIAN_POINT('Ctrl Pts',(-14.4626522695304,-14.7104756018628,24.1239648722636));
#7826=CARTESIAN_POINT('Ctrl Pts',(-11.4471556146916,-15.1075046388129,23.1306316178201));
#7827=CARTESIAN_POINT('Ctrl Pts',(-8.42607110566859,-15.5050487306147,22.1313936929297));
#7828=CARTESIAN_POINT('Ctrl Pts',(-5.41324040578474,-15.901853275422,21.1666311716876));
#7829=CARTESIAN_POINT('Ctrl Pts',(-14.5846657651999,-14.6944122204186,23.7463743566274));
#7830=CARTESIAN_POINT('Ctrl Pts',(-11.5682512636407,-15.0915307233077,22.7547648531869));
#7831=CARTESIAN_POINT('Ctrl Pts',(-8.54775077626588,-15.4891871564345,21.7567373369111));
#7832=CARTESIAN_POINT('Ctrl Pts',(-5.52682119900534,-15.8869000803165,20.801288177574));
#7833=CARTESIAN_POINT('',(-13.0552957399443,-16.6499999999991,25.0745721268256));
#7834=CARTESIAN_POINT('Ctrl Pts',(-14.2558145883366,-16.4978753212958,25.4689677963382));
#7835=CARTESIAN_POINT('Ctrl Pts',(-13.8558480298171,-16.5487134564593,25.3374899171538));
#7836=CARTESIAN_POINT('Ctrl Pts',(-13.4557093998646,-16.5997031323358,25.2058992079661));
#7837=CARTESIAN_POINT('Ctrl Pts',(-13.0554669865923,-16.6506458993537,25.074309877671));
#7838=CARTESIAN_POINT('Ctrl Pts',(-13.0552957399556,-16.6500000000005,25.0745721268293));
#7839=CARTESIAN_POINT('Ctrl Pts',(-13.0443744277702,-16.6500000000005,25.0709866253759));
#7840=CARTESIAN_POINT('Ctrl Pts',(-13.0334536098921,-16.6500000000001,25.067399584852));
#7841=CARTESIAN_POINT('Ctrl Pts',(-10.438132362384,-16.6499999999415,24.2145388052713));
#7842=CARTESIAN_POINT('Ctrl Pts',(-7.71882490429972,-16.6499999999991,23.2256699632099));
#7843=CARTESIAN_POINT('Ctrl Pts',(-5.19236982018896,-16.6499999999991,22.1763992966257));
#7844=CARTESIAN_POINT('Ctrl Pts',(-5.20607343948853,-15.7111334518088,22.5238816172847));
#7845=CARTESIAN_POINT('Ctrl Pts',(-8.21332737489961,-16.0267034067164,23.4794631106574));
#7846=CARTESIAN_POINT('Ctrl Pts',(-11.23929421196,-16.4187069470165,24.4773706411396));
#7847=CARTESIAN_POINT('Ctrl Pts',(-14.2558145883357,-16.8021246787022,25.4689677963379));
#7848=CARTESIAN_POINT('Ctrl Pts',(-5.15371532381551,-16.2169543078987,22.4788752336697));
#7849=CARTESIAN_POINT('Ctrl Pts',(-8.15281255854271,-16.5489714267953,23.4552630302436));
#7850=CARTESIAN_POINT('Ctrl Pts',(-11.1778969139663,-16.9415582805681,24.4547060170641));
#7851=CARTESIAN_POINT('Ctrl Pts',(-14.1928432834356,-17.3275479942642,25.4501017375605));
#7852=CARTESIAN_POINT('Ctrl Pts',(-5.18586472640769,-17.0737638449544,22.0205721381098));
#7853=CARTESIAN_POINT('Ctrl Pts',(-8.18251518820176,-17.4499811136963,23.0075112087355));
#7854=CARTESIAN_POINT('Ctrl Pts',(-11.2047897607745,-17.8461801169545,24.0092991460519));
#7855=CARTESIAN_POINT('Ctrl Pts',(-14.2185194838866,-18.2396970042501,25.0067000647071));
#7856=CARTESIAN_POINT('Ctrl Pts',(-5.41324040578477,-17.3981467245762,21.1666311716876));
#7857=CARTESIAN_POINT('Ctrl Pts',(-8.42648839636503,-17.7950062286099,22.1315273169081));
#7858=CARTESIAN_POINT('Ctrl Pts',(-11.447193165847,-18.1925003052793,23.1306439875275));
#7859=CARTESIAN_POINT('Ctrl Pts',(-14.4626522695296,-18.5895243981352,24.1239648722633));
#7860=CARTESIAN_POINT('Ctrl Pts',(-5.52682119900537,-17.4130999196816,20.801288177574));
#7861=CARTESIAN_POINT('Ctrl Pts',(-8.54816918869352,-17.8108679286047,21.7568696709467));
#7862=CARTESIAN_POINT('Ctrl Pts',(-11.5682888262258,-18.2084742218986,22.7547772014289));
#7863=CARTESIAN_POINT('Ctrl Pts',(-14.5846657651991,-18.6055877795794,23.7463743566271));
#7864=CARTESIAN_POINT('',(-14.2558145883357,-16.8021246787022,25.4689677963379));
#7865=CARTESIAN_POINT('Ctrl Pts',(-13.0554670982293,-16.6493536871881,25.0743097039173));
#7866=CARTESIAN_POINT('Ctrl Pts',(-13.4557052450419,-16.7002961707173,25.205897759083));
#7867=CARTESIAN_POINT('Ctrl Pts',(-13.8558429562374,-16.7512858986566,25.3374882493556));
#7868=CARTESIAN_POINT('Ctrl Pts',(-14.2558145883357,-16.8021246787022,25.4689677963379));
#7869=CARTESIAN_POINT('Origin',(-14.8213164691345,-16.8080472218823,23.7463743566271));
#7870=CARTESIAN_POINT('Ctrl Pts',(-14.2558145883357,-16.8021246787022,25.4689677963379));
#7871=CARTESIAN_POINT('Ctrl Pts',(-15.8141207549095,-16.972553951057,25.9811225639368));
#7872=CARTESIAN_POINT('Ctrl Pts',(-19.1396860593105,-17.3547265096876,26.3508608981232));
#7873=CARTESIAN_POINT('Ctrl Pts',(-24.7431533222079,-18.0322854873075,24.6006382657304));
#7874=CARTESIAN_POINT('Ctrl Pts',(-27.6790775898079,-18.3983811241132,21.4386227399508));
#7875=CARTESIAN_POINT('Ctrl Pts',(-28.7244685901495,-18.5289144888584,19.1945311320327));
#7876=CARTESIAN_POINT('Ctrl Pts',(-14.1928432834356,-17.3275479942642,25.4501017375605));
#7877=CARTESIAN_POINT('Ctrl Pts',(-15.7452626015355,-17.504239188877,25.9712493837474));
#7878=CARTESIAN_POINT('Ctrl Pts',(-19.0652670188799,-17.896331071524,26.3589548004341));
#7879=CARTESIAN_POINT('Ctrl Pts',(-24.6836679912831,-18.5867785397651,24.624706084382));
#7880=CARTESIAN_POINT('Ctrl Pts',(-27.6304598641274,-18.9577554494369,21.4596282529547));
#7881=CARTESIAN_POINT('Ctrl Pts',(-28.6813598519313,-19.0902371550914,19.2088685059102));
#7882=CARTESIAN_POINT('Ctrl Pts',(-14.2185397896687,-18.2396573492979,25.0066541767443));
#7883=CARTESIAN_POINT('Ctrl Pts',(-15.7060542747626,-18.4272680153837,25.5125550013511));
#7884=CARTESIAN_POINT('Ctrl Pts',(-18.8968652296638,-18.8339074480794,25.8954603137844));
#7885=CARTESIAN_POINT('Ctrl Pts',(-24.3035974781586,-19.5307318144443,24.2387920560938));
#7886=CARTESIAN_POINT('Ctrl Pts',(-27.1488138846349,-19.9001566656588,21.1914388602512));
#7887=CARTESIAN_POINT('Ctrl Pts',(-28.1616826218756,-20.0316936666677,19.0246004510044));
#7888=CARTESIAN_POINT('Ctrl Pts',(-14.4626522695296,-18.5895243981352,24.1239648722633));
#7889=CARTESIAN_POINT('Ctrl Pts',(-15.8333452301872,-18.7700589798519,24.5796919306973));
#7890=CARTESIAN_POINT('Ctrl Pts',(-18.7633242461396,-19.1557252334564,24.9139364855719));
#7891=CARTESIAN_POINT('Ctrl Pts',(-23.7090250633521,-19.8069635748865,23.3780007325946));
#7892=CARTESIAN_POINT('Ctrl Pts',(-26.3045672958064,-20.148520969844,20.5867646672322));
#7893=CARTESIAN_POINT('Ctrl Pts',(-27.228567141483,-20.2701889750159,18.6047264469785));
#7894=CARTESIAN_POINT('Ctrl Pts',(-14.5846657651991,-18.6055877795794,23.7463743566271));
#7895=CARTESIAN_POINT('Ctrl Pts',(-15.9059198980906,-18.7795341861223,24.1807205494193));
#7896=CARTESIAN_POINT('Ctrl Pts',(-18.7248876914408,-19.1506583367353,24.4942867757693));
#7897=CARTESIAN_POINT('Ctrl Pts',(-23.474584980312,-19.7759678475992,23.0099648773665));
#7898=CARTESIAN_POINT('Ctrl Pts',(-25.9633492208623,-20.1036198757739,20.3283352371489));
#7899=CARTESIAN_POINT('Ctrl Pts',(-26.8495336623461,-20.2202882708183,18.4251748882846));
#7900=CARTESIAN_POINT('Ctrl Pts',(-14.2558145883357,-16.8021246787022,25.4689677963379));
#7901=CARTESIAN_POINT('Ctrl Pts',(-15.8141207549095,-16.972553951057,25.9811225639368));
#7902=CARTESIAN_POINT('Ctrl Pts',(-19.1396860593105,-17.3547265096876,26.3508608981232));
#7903=CARTESIAN_POINT('Ctrl Pts',(-24.741202272295,-18.0320495706291,24.6012476690791));
#7904=CARTESIAN_POINT('Ctrl Pts',(-27.6762150411845,-18.3980241816588,21.4417050020411));
#7905=CARTESIAN_POINT('Ctrl Pts',(-28.7219192372562,-18.5285961630007,19.1999999769081));
#7906=CARTESIAN_POINT('Origin',(0.269498154343638,-16.6499999999991,14.1304431546334));
#7907=CARTESIAN_POINT('Origin',(0.269498154342767,-16.649999999999,25.4689677963369));
#7908=CARTESIAN_POINT('Origin',(0.26949815434361,-16.6499999999991,23.9379235660779));
#7909=CARTESIAN_POINT('',(-0.26949815434369,16.6499999999985,-19.2000000000051));
#7910=UNCERTAINTY_MEASURE_WITH_UNIT(LENGTH_MEASURE(0.01),#7916,
'DISTANCE_ACCURACY_VALUE',
'Maximum model space distance between geometric entities at asserted c
onnectivities');
#7911=UNCERTAINTY_MEASURE_WITH_UNIT(LENGTH_MEASURE(0.01),#7916,
'DISTANCE_ACCURACY_VALUE',
'Maximum model space distance between geometric entities at asserted c
onnectivities');
#7912=UNCERTAINTY_MEASURE_WITH_UNIT(LENGTH_MEASURE(0.01),#7916,
'DISTANCE_ACCURACY_VALUE',
'Maximum model space distance between geometric entities at asserted c
onnectivities');
#7913=(
GEOMETRIC_REPRESENTATION_CONTEXT(3)
GLOBAL_UNCERTAINTY_ASSIGNED_CONTEXT((#7910))
GLOBAL_UNIT_ASSIGNED_CONTEXT((#7916,#7918,#7919))
REPRESENTATION_CONTEXT('','3D')
);
#7914=(
GEOMETRIC_REPRESENTATION_CONTEXT(3)
GLOBAL_UNCERTAINTY_ASSIGNED_CONTEXT((#7911))
GLOBAL_UNIT_ASSIGNED_CONTEXT((#7916,#7918,#7919))
REPRESENTATION_CONTEXT('','3D')
);
#7915=(
GEOMETRIC_REPRESENTATION_CONTEXT(3)
GLOBAL_UNCERTAINTY_ASSIGNED_CONTEXT((#7912))
GLOBAL_UNIT_ASSIGNED_CONTEXT((#7916,#7918,#7919))
REPRESENTATION_CONTEXT('','3D')
);
#7916=(
LENGTH_UNIT()
NAMED_UNIT(*)
SI_UNIT(.MILLI.,.METRE.)
);
#7917=(
LENGTH_UNIT()
NAMED_UNIT(*)
SI_UNIT($,.METRE.)
);
#7918=(
NAMED_UNIT(*)
PLANE_ANGLE_UNIT()
SI_UNIT($,.RADIAN.)
);
#7919=(
NAMED_UNIT(*)
SI_UNIT($,.STERADIAN.)
SOLID_ANGLE_UNIT()
);
#7920=SHAPE_DEFINITION_REPRESENTATION(#7922,#7925);
#7921=SHAPE_DEFINITION_REPRESENTATION(#7923,#7926);
#7922=PRODUCT_DEFINITION_SHAPE('',$,#7928);
#7923=PRODUCT_DEFINITION_SHAPE('',$,#7929);
#7924=PRODUCT_DEFINITION_SHAPE($,$,#14);
#7925=SHAPE_REPRESENTATION('',(#2322,#2478),#7913);
#7926=SHAPE_REPRESENTATION('',(#2323),#7914);
#7927=PRODUCT_DEFINITION_CONTEXT('part definition',#7935,'design');
#7928=PRODUCT_DEFINITION('2026-09-28-16-38-23-193','PRINT_LAYOUT',#7930,
#7927);
#7929=PRODUCT_DEFINITION('2026-09-28-16-38-23-184','PumpkinTop',#7931,#7927);
#7930=PRODUCT_DEFINITION_FORMATION('',$,#7937);
#7931=PRODUCT_DEFINITION_FORMATION('',$,#7938);
#7932=PRODUCT_RELATED_PRODUCT_CATEGORY('PRINT_LAYOUT','PRINT_LAYOUT',(#7937));
#7933=PRODUCT_RELATED_PRODUCT_CATEGORY('PumpkinTop','PumpkinTop',(#7938));
#7934=APPLICATION_PROTOCOL_DEFINITION('international standard',
'automotive_design',2009,#7935);
#7935=APPLICATION_CONTEXT(
'Core Data for Automotive Mechanical Design Process');
#7936=PRODUCT_CONTEXT('part definition',#7935,'mechanical');
#7937=PRODUCT('2026-09-28-16-38-23-193','PRINT_LAYOUT',$,(#7936));
#7938=PRODUCT('2026-09-28-16-38-23-184','PumpkinTop',$,(#7936));
#7939=PRESENTATION_STYLE_ASSIGNMENT((#7941));
#7940=PRESENTATION_STYLE_ASSIGNMENT((#7942));
#7941=SURFACE_STYLE_USAGE(.BOTH.,#7943);
#7942=SURFACE_STYLE_USAGE(.BOTH.,#7944);
#7943=SURFACE_SIDE_STYLE('',(#7945));
#7944=SURFACE_SIDE_STYLE('',(#7946));
#7945=SURFACE_STYLE_FILL_AREA(#7947);
#7946=SURFACE_STYLE_FILL_AREA(#7948);
#7947=FILL_AREA_STYLE('Steel - Satin',(#7949));
#7948=FILL_AREA_STYLE('Plastic - Matte (Red)',(#7950));
#7949=FILL_AREA_STYLE_COLOUR('Steel - Satin',#7951);
#7950=FILL_AREA_STYLE_COLOUR('Plastic - Matte (Red)',#7952);
#7951=COLOUR_RGB('Steel - Satin',0.627450980392157,0.627450980392157,0.627450980392157);
#7952=COLOUR_RGB('Plastic - Matte (Red)',0.901960784313726,0.392156862745098,
0.0784313725490196);
ENDSEC;
END-ISO-10303-21;
